track,time,lat,lon,g800
241512,2004100400,62.5,271.75,68.8
241551,2004100500,62.5,353.25,69.1
241551,2004100512,60.5,353.0,66.1
241551,2004100600,58.75,355.0,63.5
241595,2004100712,52.0,169.0,73.0
241595,2004100800,55.75,174.75,66.2
241595,2004100812,56.75,179.0,60.4
241609,2004100712,47.75,216.75,75.6
241609,2004100800,50.5,221.0,69.5
241629,2004100812,40.75,347.25,66.4
241629,2004100912,45.0,350.0,63.6
241653,2004101812,63.5,271.75,60.8
241662,2004101400,63.0,340.0,62.4
241781,2004101512,30.0,188.75,60.0
241826,2004101612,31.5,144.5,63.9
241826,2004101700,33.75,150.75,61.7
241847,2004101800,63.75,349.25,67.4
241847,2004101812,62.75,349.25,73.3
241847,2004101900,60.75,344.5,69.3
241852,2004102000,45.25,232.0,60.2
241855,2004102012,35.25,136.5,78.7
241855,2004102112,44.25,154.5,62.0
241855,2004102200,46.5,161.25,62.7
241855,2004102212,50.5,170.0,62.2
241856,2004101900,63.25,182.25,61.2
241863,2004102112,58.0,358.5,65.7
241894,2004102112,56.5,167.75,64.0
241909,2004102300,36.75,297.25,60.8
241909,2004102312,36.75,294.75,64.3
241909,2004102400,35.5,293.25,64.6
241909,2004102912,50.75,311.0,63.3
241909,2004103000,50.25,311.5,67.6
241909,2004103012,51.25,313.75,80.6
241960,2004102512,39.75,306.25,60.0
241992,2004102600,50.25,149.75,64.3
241995,2004102612,43.25,339.0,66.6
241995,2004102700,46.75,345.0,72.2
241995,2004102712,48.5,349.75,61.7
242060,2004103112,52.75,202.5,64.1
242060,2004110100,54.0,209.75,68.6
242060,2004110112,55.75,217.75,62.6
242113,2004110212,56.0,191.0,61.7
242113,2004110300,57.0,197.0,62.3
242113,2004110312,59.0,202.5,60.9
242133,2004110500,56.0,312.0,64.4
242139,2004110400,41.25,302.25,68.0
242139,2004110412,42.25,311.0,73.5
242139,2004110500,44.25,312.75,63.1
242139,2004110512,44.75,317.5,62.9
242148,2004110500,44.0,210.75,62.0
242148,2004110912,58.0,306.5,74.1
242209,2004110812,60.25,320.0,60.0
242222,2004110900,63.75,338.0,65.2
242236,2004111100,42.25,201.25,68.8
242236,2004111112,44.25,205.25,72.0
242236,2004111200,47.0,209.5,71.4
242236,2004111212,49.75,212.5,67.0
242246,2004111012,42.25,310.0,64.9
242253,2004111000,64.75,320.75,62.7
242253,2004111100,66.5,334.0,60.4
242274,2004111100,36.75,308.25,68.4
242274,2004111112,35.25,308.0,65.7
242278,2004111400,37.5,8.75,64.4
242279,2004111212,42.0,150.0,60.7
242279,2004111300,48.25,161.25,65.0
242279,2004111312,51.5,170.0,60.0
242279,2004111400,55.75,179.5,60.1
242279,2004111412,59.5,186.25,62.8
242296,2004111300,34.25,206.75,74.4
242296,2004111312,41.0,214.5,63.9
242296,2004111400,48.0,222.5,61.2
242296,2004111412,55.0,224.5,65.7
242320,2004111412,43.0,297.0,64.0
242321,2004111800,42.0,318.0,63.7
242321,2004111900,52.25,320.0,67.1
242321,2004111912,55.75,325.5,65.1
242325,2004111512,48.0,142.5,70.4
242325,2004111600,50.5,147.5,78.8
242325,2004111612,52.0,153.5,70.6
242329,2004111712,62.5,356.0,63.9
242352,2004111700,54.25,161.0,72.7
242359,2004111712,46.0,220.75,70.0
242359,2004111800,49.25,227.75,69.1
242377,2004111912,56.25,192.0,62.6
242383,2004112012,44.25,171.5,63.1
242383,2004112100,49.0,181.25,62.9
242383,2004112112,54.75,188.0,62.9
242383,2004112200,60.0,188.25,62.7
242423,2004112200,47.0,176.5,65.2
242423,2004112212,51.5,183.0,77.8
242434,2004112312,62.25,326.25,66.9
242434,2004112400,61.0,324.5,70.1
242434,2004112412,61.0,326.75,60.4
242438,2004112700,60.0,300.25,69.9
242438,2004112712,60.5,299.0,61.9
242438,2004112800,59.25,305.25,66.4
242447,2004112400,55.25,207.0,68.7
242452,2004112600,53.5,171.5,60.8
242490,2004112700,47.0,147.25,72.0
242490,2004112712,49.75,151.5,64.7
242490,2004112800,51.0,157.5,69.3
242490,2004112812,51.5,160.25,63.3
242492,2004112600,46.0,168.5,64.1
242492,2004112612,47.25,179.25,67.0
242492,2004112700,47.75,186.0,64.7
242527,2004112900,51.25,219.25,66.6
242527,2004112912,53.0,225.5,60.4
242541,2004113012,57.75,281.0,62.3
242550,2004120112,43.75,184.5,70.3
242550,2004120200,49.75,193.0,73.5
242550,2004120212,54.5,203.0,65.0
242554,2004120212,66.5,328.0,67.7
242556,2004120312,54.75,304.75,64.1
242556,2004120400,56.25,310.5,65.0
242567,2004120312,51.25,163.75,60.6
242567,2004120400,52.75,163.75,66.4
242567,2004120412,52.5,164.75,69.1
242567,2004120500,52.5,170.5,62.9
242588,2004120400,51.0,179.25,69.9
242592,2004120412,48.0,312.5,65.3
242592,2004120500,54.75,318.75,90.7
242592,2004120512,59.25,325.25,81.0
242592,2004120600,62.0,332.0,64.8
242592,2004120612,63.5,341.5,67.8
242592,2004120700,66.5,354.75,60.4
242594,2004120500,38.25,142.25,75.7
242594,2004120512,42.5,151.0,62.9
242594,2004120600,44.75,159.0,71.9
242594,2004120612,48.25,172.5,61.8
242594,2004120700,49.25,197.0,63.9
242594,2004120712,50.75,209.0,63.5
242594,2004120800,51.0,213.75,66.8
242594,2004120812,52.75,217.0,67.5
242614,2004120512,57.5,180.0,66.3
242627,2004120612,53.75,304.75,62.7
242639,2004120700,57.25,317.5,71.1
242639,2004120712,53.75,316.75,67.0
242639,2004120800,59.0,328.0,67.9
242639,2004120812,63.5,333.0,65.1
242661,2004120900,55.0,152.75,62.0
242661,2004121000,56.25,155.0,62.2
242673,2004121012,53.0,169.25,66.5
242677,2004121512,60.25,328.5,71.8
242677,2004121600,62.25,340.5,77.4
242686,2004121112,50.25,147.75,62.9
242686,2004121200,49.0,155.0,62.0
242697,2004121300,64.0,332.5,67.2
242697,2004121312,66.0,335.25,68.6
242702,2004121200,38.75,170.75,91.0
242702,2004121212,41.0,180.75,81.9
242702,2004121300,43.75,184.0,81.3
242702,2004121312,44.0,186.5,73.5
242702,2004121400,43.5,189.0,68.2
242702,2004121412,42.5,194.0,61.1
242709,2004121212,51.25,158.75,60.7
242711,2004121212,49.25,163.75,61.9
242711,2004121300,49.25,167.5,61.1
242716,2004121312,57.0,331.5,60.2
242716,2004121400,61.5,343.25,62.8
242716,2004121412,66.0,355.25,71.3
242734,2004121512,36.5,203.25,67.9
242734,2004121600,45.25,213.75,72.4
242734,2004121612,54.25,219.25,85.6
242734,2004121700,59.25,219.75,67.8
242740,2004121800,51.75,323.75,60.9
242745,2004121700,39.75,158.75,94.8
242745,2004121712,44.25,159.0,81.6
242745,2004121800,41.25,159.75,72.7
242746,2004121700,44.0,151.25,67.0
242746,2004121712,41.5,165.25,73.2
242746,2004121800,43.25,170.0,69.8
242749,2004121700,65.0,324.25,61.3
242749,2004121712,64.25,329.0,60.5
242759,2004121712,50.75,0.5,60.7
242762,2004121712,45.25,206.0,63.4
242770,2004121812,44.0,173.5,64.0
242770,2004121900,41.25,176.5,68.9
242770,2004121912,41.75,178.0,67.7
242770,2004122000,41.25,180.0,64.6
242792,2004122012,46.25,139.5,61.5
242792,2004122100,47.0,141.5,61.6
242797,2004122100,38.25,294.75,70.4
242797,2004122112,46.5,301.5,63.9
242797,2004122212,57.0,321.5,61.9
242797,2004122300,60.5,350.5,66.8
242799,2004122100,41.75,149.5,60.9
242799,2004122112,46.75,150.5,61.9
242818,2004122200,27.5,161.25,81.2
242850,2004122312,64.25,331.75,66.3
242850,2004122400,63.0,337.25,71.4
242857,2004122500,60.75,296.5,69.7
242857,2004122512,63.75,301.75,67.2
242858,2004122412,56.5,168.0,64.3
242864,2004122400,61.75,213.5,60.1
242864,2004122412,61.25,217.25,68.4
242882,2004122412,62.0,347.75,68.5
242883,2004122700,37.75,290.0,67.3
242883,2004122712,41.5,294.5,83.0
242883,2004122800,47.0,301.25,72.2
242883,2004122812,55.25,310.0,68.0
242883,2004122900,62.25,326.25,70.1
242883,2004122912,67.0,339.75,64.8
242907,2004122600,64.75,320.5,66.9
242907,2004122712,65.75,330.75,78.1
242908,2004122700,44.0,165.0,60.4
242914,2004122812,51.5,146.25,61.1
242918,2004122812,57.0,219.0,60.7
242918,2004122900,56.5,220.75,60.2
242921,2004122800,48.25,170.0,63.0
242954,2004122900,30.0,136.25,67.2
242954,2004122912,35.75,147.75,71.2
242954,2004123000,40.5,157.5,89.9
242954,2004123012,45.0,167.5,89.8
242954,2004123100,48.5,172.0,76.6
242954,2004123112,51.0,174.5,69.5
242954,2005010100,52.75,178.5,61.4
242958,2004122900,42.25,8.0,67.1
242958,2004122912,38.75,9.5,64.7
242986,2004123100,58.0,327.0,71.5
242986,2004123112,63.0,334.75,73.3
242986,2005010100,67.0,346.75,64.6
242986,2005010212,66.5,358.75,60.5
242986,2005010300,64.75,10.0,60.8
242992,2004123112,37.0,142.75,67.7
242992,2005010100,41.75,151.5,81.2
242992,2005010112,47.5,161.25,74.5
242992,2005010200,52.5,171.5,77.9
242992,2005010212,56.75,179.25,67.8
242992,2005010300,62.0,182.25,60.2
243015,2005010300,62.75,324.0,68.3
243015,2005010312,62.5,320.75,90.9
243015,2005010400,62.0,326.75,100.3
243040,2005010312,64.0,332.5,88.8
243040,2005010400,64.75,343.75,83.2
243040,2005010412,66.5,338.0,107.6
243040,2005010500,65.0,336.25,82.0
243040,2005010512,66.5,342.75,72.0
243048,2005010412,52.0,319.5,65.4
243050,2005010512,53.75,162.0,64.3
243058,2005010412,62.5,307.25,61.5
243059,2005010500,41.75,203.0,61.3
243059,2005010512,42.0,198.75,72.4
243077,2005010700,61.75,321.75,61.2
243077,2005010712,60.25,319.5,75.3
243081,2005010512,43.25,162.5,62.3
243081,2005010600,49.5,166.25,60.8
243096,2005010612,60.75,339.75,66.5
243096,2005010712,64.75,4.25,61.4
243101,2005010712,38.25,180.75,63.4
243104,2005010800,48.5,147.5,63.9
243110,2005010900,49.0,328.25,62.8
243110,2005010912,53.5,337.0,62.6
243110,2005011012,64.25,0.75,62.2
243110,2005011100,67.0,10.0,66.5
243119,2005010800,43.25,156.25,64.8
243122,2005010800,54.0,348.25,63.2
243122,2005010812,59.75,3.75,83.4
243134,2005011100,54.0,169.25,66.5
243134,2005011112,54.75,163.0,64.9
243146,2005010912,42.0,302.25,60.9
243146,2005011000,43.0,314.25,62.4
243146,2005011012,44.75,324.25,72.3
243146,2005011100,51.0,336.5,72.0
243146,2005011112,55.5,346.5,105.2
243146,2005011200,60.5,353.75,90.2
243146,2005011212,62.5,0.75,68.4
243147,2005011012,42.75,165.5,70.8
243147,2005011300,54.0,178.0,61.6
243147,2005011312,53.5,168.75,64.4
243152,2005011012,52.25,160.5,61.2
243152,2005011100,52.75,154.0,61.8
243162,2005011200,51.25,310.0,64.1
243162,2005011212,52.25,314.0,68.6
243162,2005011300,54.75,320.75,70.5
243162,2005011312,56.25,323.0,67.5
243162,2005011400,56.5,327.0,62.5
243176,2005011200,42.0,163.0,69.6
243176,2005011212,43.75,167.25,67.0
243203,2005011212,37.5,153.75,60.3
243203,2005011300,38.25,159.25,83.1
243215,2005011312,42.0,172.0,82.1
243215,2005011400,43.5,176.25,63.0
243215,2005011500,42.0,176.75,65.4
243215,2005011512,41.25,180.25,67.4
243217,2005011600,35.5,141.5,65.9
243217,2005011612,36.75,143.5,73.7
243217,2005011700,38.25,146.5,63.3
243217,2005011712,39.0,150.25,60.3
243224,2005011512,64.5,301.25,64.8
243235,2005011600,62.5,325.25,67.4
243235,2005011612,64.25,326.75,82.4
243235,2005011700,63.5,324.5,88.4
243235,2005011712,62.0,330.75,88.8
243252,2005011700,35.5,289.75,61.1
243252,2005011712,43.0,296.25,61.5
243252,2005011800,48.25,300.5,67.5
243252,2005011812,53.0,305.75,64.6
243253,2005011712,66.75,338.0,70.2
243253,2005011800,62.5,343.5,76.7
243265,2005011800,65.25,324.5,67.8
243265,2005011912,63.0,334.25,69.5
243284,2005011900,43.75,9.75,61.7
243306,2005012000,62.25,358.5,73.7
243324,2005012112,43.5,161.0,63.4
243324,2005012200,41.75,164.25,62.7
243337,2005012200,59.5,300.25,62.4
243337,2005012212,62.25,297.5,70.3
243338,2005012212,42.75,307.25,64.2
243338,2005012300,46.25,310.25,65.5
243344,2005012300,45.5,174.25,63.7
243344,2005012312,46.25,179.0,61.5
243349,2005012312,40.5,289.5,66.2
243349,2005012400,40.5,294.25,65.3
243386,2005012512,43.0,158.5,66.6
243386,2005012600,43.75,165.75,70.9
243386,2005012612,46.0,173.75,71.8
243408,2005012700,34.0,164.5,66.7
243408,2005012712,36.5,178.0,88.4
243408,2005012800,40.75,188.25,80.9
243408,2005012812,44.5,193.25,78.8
243408,2005012900,48.0,196.0,65.3
243415,2005012512,57.25,301.25,62.7
243415,2005012600,61.5,299.25,65.6
243415,2005012612,64.25,298.75,62.8
243423,2005012712,58.25,304.25,64.1
243423,2005012800,62.5,307.25,83.4
243459,2005013012,47.5,144.0,74.5
243459,2005013100,47.25,141.5,64.7
243489,2005020400,63.75,277.75,61.8
243489,2005020412,65.25,280.5,67.8
243496,2005013100,58.0,214.5,60.5
243507,2005013012,42.5,316.75,61.2
243509,2005020100,42.75,164.5,64.5
243520,2005020212,32.75,299.0,65.2
243523,2005013112,47.75,318.25,65.9
243536,2005020200,42.5,156.25,68.2
243536,2005020212,45.5,159.0,67.4
243536,2005020312,46.5,157.5,61.1
243536,2005020900,46.25,195.75,62.7
243536,2005020912,53.25,204.25,63.4
243536,2005021000,57.0,209.0,63.7
243536,2005021012,59.5,211.25,64.9
243536,2005021212,58.75,230.0,60.2
243539,2005020200,63.5,323.5,64.2
243539,2005020212,67.0,331.25,63.1
243594,2005020500,42.75,179.25,65.7
243594,2005020512,46.0,182.25,75.3
243594,2005020600,50.0,183.75,62.8
243594,2005020700,54.25,183.5,60.0
243619,2005020612,62.5,321.25,64.4
243619,2005020700,64.5,326.75,76.6
243619,2005020712,65.5,331.75,71.4
243619,2005020800,66.5,332.75,62.8
243619,2005020812,67.0,334.5,62.7
243619,2005020900,66.25,332.75,73.5
243619,2005020912,65.25,333.75,84.5
243641,2005020812,64.5,324.25,69.1
243665,2005020900,35.75,150.75,65.6
243682,2005021212,55.25,300.0,61.2
243682,2005021300,60.0,297.25,75.3
243682,2005021312,62.25,299.25,64.8
243687,2005021100,48.25,160.5,67.1
243687,2005021112,51.25,161.25,61.0
243687,2005021200,50.25,163.75,70.0
243687,2005021212,51.0,169.0,65.9
243691,2005021200,50.25,226.75,62.4
243726,2005021312,45.25,307.25,64.9
243726,2005021400,55.0,310.0,68.1
243726,2005021412,61.75,311.5,66.2
243745,2005021400,34.0,157.75,69.9
243745,2005021412,37.25,167.5,90.0
243745,2005021500,40.0,178.25,99.4
243745,2005021512,43.75,185.0,83.1
243745,2005021600,48.0,189.75,69.5
243745,2005021612,51.0,190.0,61.7
243761,2005021512,37.75,315.25,61.0
243784,2005021800,39.5,165.0,70.6
243784,2005021812,41.75,174.25,85.4
243784,2005021900,44.5,183.0,82.1
243784,2005021912,47.75,189.25,62.6
243797,2005021800,50.75,195.75,75.5
243890,2005022300,54.75,308.5,60.3
243915,2005022312,39.75,310.25,70.3
243915,2005022500,43.75,318.0,63.1
243915,2005022512,43.0,318.0,61.9
243917,2005022300,41.75,138.0,66.8
243917,2005022312,43.75,146.75,67.3
243917,2005022400,47.25,155.25,70.5
243917,2005022412,48.75,164.0,65.4
243932,2005022412,31.5,136.0,60.5
243932,2005022500,34.25,145.5,68.4
243932,2005022600,42.5,168.25,82.0
243932,2005022612,45.75,179.5,77.9
243932,2005022700,47.25,187.0,75.8
243932,2005022712,47.0,195.75,63.6
243938,2005022400,42.5,300.75,61.3
243964,2005022512,41.25,210.25,62.3
243967,2005022600,42.5,301.5,76.2
243972,2005022800,46.0,171.75,62.7
243972,2005030112,49.75,183.5,63.0
244015,2005030100,38.5,289.0,63.4
244015,2005030112,42.75,292.0,61.0
244035,2005022812,45.0,321.5,65.0
244064,2005030112,31.0,157.0,62.4
244090,2005030312,46.75,196.0,69.1
244090,2005030400,49.0,202.0,63.3
244136,2005030412,37.0,149.0,61.7
244136,2005030500,40.25,157.0,63.5
244136,2005030512,42.0,166.25,66.2
244136,2005030600,40.75,178.5,84.2
244136,2005030612,41.0,192.75,82.4
244136,2005030700,43.0,199.0,81.8
244136,2005030712,47.25,202.0,71.5
244136,2005030800,49.0,203.75,61.2
244149,2005030600,57.5,302.0,64.8
244158,2005030412,40.0,188.0,63.0
244158,2005030500,39.0,194.25,62.2
244158,2005030512,41.0,200.25,68.5
244158,2005030600,45.75,203.5,63.7
244176,2005030500,40.25,217.5,61.9
244195,2005030712,36.75,310.25,60.8
244195,2005030800,37.0,318.0,70.4
244195,2005030812,35.75,317.75,62.3
244202,2005030612,62.5,289.25,65.9
244205,2005030712,33.75,158.0,67.9
244205,2005030812,30.5,187.25,60.8
244205,2005030900,33.75,200.25,69.5
244205,2005030912,41.0,208.75,72.4
244205,2005031000,49.75,210.0,61.4
244205,2005031012,55.25,210.25,75.9
244205,2005031100,58.5,208.5,61.4
244243,2005030812,37.75,282.0,65.3
244243,2005030900,41.75,290.75,75.5
244243,2005030912,47.75,293.0,64.7
244248,2005030912,48.0,156.75,65.3
244248,2005031000,47.5,159.5,64.2
244262,2005030912,46.0,162.0,66.4
244262,2005031000,47.75,172.75,69.1
244262,2005031012,48.0,179.25,64.0
244262,2005031100,49.5,185.0,63.3
244265,2005031112,65.25,7.5,62.3
244270,2005031100,34.75,302.5,67.5
244270,2005031112,41.0,310.25,90.9
244270,2005031200,45.5,316.25,75.9
244270,2005031212,48.0,316.75,71.6
244270,2005031300,48.5,319.0,63.1
244281,2005031112,35.75,142.75,61.3
244281,2005031200,43.0,151.25,62.3
244281,2005031212,48.25,153.25,68.4
244281,2005031300,50.0,154.25,65.7
244325,2005031300,42.25,298.5,65.4
244325,2005031312,43.75,301.75,68.2
244337,2005031300,63.75,0.0,65.3
244337,2005031312,62.0,355.0,61.0
244366,2005031500,47.5,318.75,60.2
244401,2005031600,43.0,183.5,68.7
244401,2005031612,44.5,190.75,62.9
244416,2005031600,50.75,317.0,61.4
244421,2005031612,57.75,332.5,61.2
244421,2005031712,61.25,332.5,65.6
244421,2005031800,62.75,334.0,72.5
244421,2005031812,64.0,334.25,70.0
244443,2005031812,46.75,151.0,60.7
244443,2005031900,50.0,154.5,62.1
244447,2005031812,49.25,321.75,68.0
244447,2005031900,52.0,319.0,63.9
244447,2005031912,54.5,314.25,69.0
244447,2005032000,52.25,306.75,60.7
244502,2005032000,53.25,324.75,63.3
244502,2005032012,54.25,317.75,68.5
244527,2005032212,63.25,322.75,63.5
244537,2005032012,42.25,319.25,60.2
244537,2005032100,45.5,326.25,62.0
244537,2005032500,64.0,330.0,64.8
244538,2005032112,41.25,181.5,61.5
244545,2005032200,58.0,210.5,61.2
244549,2005032812,42.25,318.5,60.5
244561,2005032112,34.75,155.5,61.1
244570,2005032312,40.75,147.0,61.0
244570,2005032412,50.0,153.5,62.5
244577,2005032300,39.5,311.25,73.3
244577,2005032312,39.75,319.5,79.5
244577,2005032400,40.25,326.75,74.6
244577,2005032412,42.5,332.0,69.1
244577,2005032500,44.25,334.5,61.5
244619,2005032512,43.5,150.5,69.6
244619,2005032600,48.0,155.25,64.7
244628,2005032412,61.75,323.5,68.7
244701,2005033000,41.5,295.25,63.1
244784,2005033012,49.75,206.0,65.8
244784,2005033100,54.5,212.5,61.3
244784,2005033112,57.0,213.0,65.0
244811,2005033112,62.25,319.5,60.8
244811,2005040100,61.25,321.75,62.1
244811,2005040112,59.25,323.5,61.9
244814,2005040100,56.0,167.0,66.1
244841,2005040112,57.5,175.5,61.2
244855,2005040312,33.75,150.75,69.4
244855,2005040400,39.25,157.25,65.4
244855,2005040412,44.75,162.75,64.4
244887,2005040300,65.0,335.0,66.8
244906,2005040400,48.0,201.25,63.6
245014,2005041000,62.0,326.5,62.2
245037,2005041100,41.25,8.75,60.2
245066,2005041000,42.25,6.75,62.7
245117,2005041412,44.0,160.0,63.6
245117,2005041500,45.0,166.5,64.1
245146,2005041412,54.5,309.75,62.8
245146,2005041500,57.75,311.5,62.7
245159,2005041500,33.0,284.75,62.1
245228,2005041600,61.0,314.25,60.0
245263,2005041812,61.0,334.25,62.4
245295,2005042100,47.0,323.25,61.9
245339,2005042100,42.25,189.0,69.9
245339,2005042112,48.75,193.5,73.7
245339,2005042200,55.75,194.75,61.5
245392,2005042300,42.75,162.0,62.5
245392,2005042312,46.0,169.5,60.1
245504,2005043000,43.75,329.25,60.0
245527,2005042700,41.5,158.25,64.4
245527,2005042712,43.0,164.5,62.4
251029,2005100500,64.0,305.5,61.1
251094,2005100512,54.0,196.5,61.5
251106,2005100612,61.75,324.0,65.1
251126,2005100912,57.0,343.0,60.0
251126,2005101000,61.25,349.25,61.9
251168,2005100812,48.75,150.0,62.5
251168,2005100912,52.5,163.5,68.5
251168,2005101000,53.0,172.5,67.7
251168,2005101012,52.75,179.0,61.2
251177,2005100912,53.25,217.75,61.7
251270,2005101212,48.75,317.0,79.0
251270,2005101300,47.0,320.25,82.9
251270,2005101312,46.5,325.0,75.3
251270,2005101400,48.0,329.0,62.5
251270,2005101600,63.0,325.75,64.3
251286,2005101300,37.0,164.25,60.3
251286,2005101312,41.25,175.25,65.7
251286,2005101400,43.75,181.5,76.6
251286,2005101412,46.75,188.25,68.5
251286,2005101500,49.25,195.25,63.5
251287,2005101712,28.5,135.5,69.2
251287,2005101800,30.25,136.5,80.8
251287,2005101812,31.0,138.75,73.2
251290,2005101600,43.0,294.0,62.5
251309,2005101412,47.25,226.0,60.2
251309,2005101500,45.75,229.75,67.4
251337,2005101600,48.5,153.75,62.0
251337,2005101712,61.0,190.0,72.6
251337,2005101800,62.0,196.75,64.8
251420,2005102612,47.0,336.0,61.4
251420,2005102900,63.5,343.25,66.6
251444,2005102012,50.5,204.5,70.2
251444,2005102100,51.25,208.75,80.0
251444,2005102112,52.25,212.0,69.3
251467,2005102712,50.25,221.0,60.5
251467,2005102800,49.0,224.25,67.5
251487,2005102512,54.0,147.5,62.1
251487,2005102600,52.0,152.25,60.1
251496,2005102512,36.75,292.0,104.6
251496,2005102600,42.75,299.5,76.0
251532,2005102500,50.0,225.0,60.2
251542,2005102612,54.0,160.25,60.0
251542,2005103112,55.25,220.0,61.4
251587,2005103012,55.5,148.0,60.4
251587,2005103100,55.5,151.75,60.1
251590,2005102912,48.0,338.0,61.7
251601,2005103000,54.0,342.0,63.3
251626,2005110100,47.25,324.5,66.7
251626,2005110112,47.25,329.0,65.3
251626,2005110200,47.75,338.0,62.7
251626,2005110212,48.75,342.0,62.4
251652,2005110312,56.25,312.0,70.2
251652,2005110400,58.25,308.0,73.8
251652,2005110412,57.5,314.5,68.9
251652,2005110500,58.75,315.0,61.2
251669,2005110300,39.0,299.5,82.7
251690,2005110712,52.75,178.75,61.6
251717,2005110500,49.0,323.75,60.4
251717,2005110512,52.5,334.25,67.7
251717,2005110600,56.5,340.75,66.7
251717,2005110712,66.25,342.5,68.5
251717,2005110800,66.75,342.0,68.0
251744,2005110800,58.0,352.0,71.6
251746,2005110812,52.0,146.25,60.4
251760,2005111000,57.5,208.5,61.9
251760,2005111012,56.0,209.75,61.1
251768,2005110812,40.25,158.5,60.4
251770,2005110812,53.75,312.25,65.9
251770,2005110900,56.75,320.0,62.5
251770,2005110912,60.25,329.5,64.2
251790,2005111000,63.0,327.5,62.4
251790,2005111012,62.0,325.75,67.6
251790,2005111100,63.0,330.5,61.9
251790,2005111112,59.75,337.0,62.3
251791,2005111100,54.25,340.25,65.7
251791,2005111112,57.25,348.5,76.6
251791,2005111200,60.0,355.75,65.0
251814,2005111212,39.75,154.0,77.1
251814,2005111300,42.25,160.5,94.8
251814,2005111312,44.0,161.5,82.2
251814,2005111400,43.25,164.0,76.0
251814,2005111412,42.75,165.5,66.2
251814,2005111500,41.0,170.0,66.1
251814,2005111512,40.0,176.75,63.3
251820,2005111400,52.75,280.75,66.0
251830,2005111400,66.25,1.25,65.8
251855,2005111712,40.5,194.25,70.9
251855,2005111800,46.5,199.5,77.1
251855,2005111812,52.0,203.5,66.8
251855,2005111900,58.0,208.5,60.0
251856,2005111700,55.0,281.0,65.0
251859,2005111612,57.25,321.5,61.4
251878,2005112000,45.5,199.25,64.5
251909,2005112000,64.5,320.5,64.9
251932,2005112200,31.5,320.0,60.4
251932,2005112812,30.5,338.5,67.6
251932,2005112900,30.25,345.25,67.8
251955,2005112212,38.75,286.75,67.1
251955,2005112300,45.5,291.75,67.8
251955,2005112312,52.5,293.25,63.1
251956,2005112200,39.5,205.0,70.0
251956,2005112212,46.25,208.5,67.2
251956,2005112300,50.5,212.5,62.7
251956,2005112312,58.75,214.5,62.9
251973,2005112400,45.25,214.0,67.6
251975,2005112400,47.5,300.5,60.5
251998,2005112512,53.25,4.5,61.3
252000,2005112612,63.75,287.5,63.2
252001,2005112600,36.75,170.75,63.7
252001,2005112612,42.25,178.0,80.7
252001,2005112700,47.0,181.5,63.9
252020,2005112600,29.0,199.75,75.5
252020,2005112612,32.5,202.75,67.1
252020,2005112700,32.25,203.75,79.6
252020,2005112712,34.5,206.25,75.3
252020,2005112800,35.5,209.0,67.1
252020,2005112912,38.75,205.75,60.8
252044,2005112900,41.0,165.5,63.8
252044,2005112912,41.25,169.0,60.8
252063,2005112900,43.75,138.0,63.2
252070,2005112912,62.5,321.75,65.1
252070,2005113000,61.75,322.75,61.9
252070,2005120200,50.25,348.25,62.3
252070,2005120212,49.75,355.5,64.1
252083,2005113012,37.75,215.25,64.8
252092,2005120300,37.25,186.0,69.7
252092,2005120312,38.0,191.0,61.6
252098,2005113012,46.25,162.75,61.5
252120,2005120200,50.5,156.25,63.4
252128,2005120400,45.25,154.75,60.6
252130,2005120212,52.5,169.0,61.8
252130,2005120300,51.5,161.25,65.7
252135,2005120500,41.0,296.0,62.1
252135,2005120600,52.25,313.25,73.7
252135,2005120612,56.25,314.25,62.4
252146,2005120412,46.5,162.25,60.7
252156,2005120500,37.5,147.0,64.3
252156,2005120512,37.0,150.5,70.4
252156,2005120600,40.25,160.5,69.7
252186,2005120600,40.75,166.25,67.6
252186,2005120612,44.0,177.25,69.6
252194,2005120712,48.75,313.75,67.5
252194,2005120800,55.5,322.0,82.9
252194,2005120812,60.0,324.25,71.4
252194,2005120900,62.0,322.25,63.2
252195,2005120700,59.75,327.5,61.5
252203,2005120812,38.5,192.0,79.3
252203,2005120900,44.25,201.0,74.5
252203,2005120912,51.5,207.0,67.6
252203,2005121000,58.0,212.5,63.2
252221,2005121100,43.25,179.25,61.3
252226,2005121000,42.5,293.0,72.9
252226,2005121012,44.75,302.5,66.5
252226,2005121100,47.75,309.25,68.5
252226,2005121112,53.75,313.25,64.4
252231,2005121100,43.75,161.25,62.7
252231,2005121112,48.75,162.75,60.6
252255,2005121312,39.5,164.25,70.8
252255,2005121400,40.25,172.0,74.7
252266,2005121200,47.0,169.25,60.8
252266,2005121212,51.75,166.0,63.3
252272,2005121300,37.0,177.75,73.4
252272,2005121312,43.0,190.25,66.9
252272,2005121400,47.25,199.25,79.2
252272,2005121500,55.75,203.5,60.8
252277,2005121512,54.5,179.0,65.1
252277,2005121600,54.0,176.25,62.6
252288,2005121512,47.0,302.0,60.2
252293,2005121400,40.75,178.5,62.2
252293,2005121412,42.75,190.0,73.8
252293,2005121500,45.75,200.75,74.2
252304,2005121600,56.25,205.0,61.3
252304,2005121612,60.25,199.25,62.6
252304,2005121700,62.5,196.25,64.3
252326,2005121712,63.5,323.75,66.7
252326,2005121800,66.25,331.5,65.0
252326,2005121812,66.5,334.0,73.6
252341,2005121800,32.0,203.0,65.1
252341,2005121812,35.5,213.75,65.0
252341,2005121900,39.75,216.5,66.1
252350,2005121800,38.5,220.75,62.1
252357,2005121900,44.5,156.0,69.3
252357,2005121912,43.25,157.25,66.5
252357,2005122000,41.75,165.25,60.5
252357,2005122100,45.5,178.25,63.7
252357,2005122112,45.0,182.75,62.4
252365,2005121900,33.25,205.5,79.6
252365,2005121912,34.0,214.5,87.1
252365,2005122000,39.5,221.0,69.2
252365,2005122012,46.75,222.25,61.3
252365,2005122100,53.0,219.25,61.8
252369,2005121912,43.75,176.25,63.4
252369,2005122000,43.25,185.0,67.4
252378,2005122100,46.25,317.75,73.7
252381,2005122000,42.75,191.5,64.0
252381,2005122012,41.5,200.75,65.2
252381,2005122100,42.75,214.75,64.6
252390,2005122112,61.0,359.5,60.4
252397,2005122200,39.0,144.5,67.4
252408,2005122212,42.25,153.25,71.7
252408,2005122300,44.75,160.5,80.3
252414,2005122400,45.25,326.0,61.6
252423,2005122300,45.25,168.0,77.8
252423,2005122312,48.0,167.25,81.2
252423,2005122400,50.5,175.75,79.0
252423,2005122412,49.75,178.25,75.1
252423,2005122500,49.5,182.5,63.9
252451,2005122712,66.75,333.5,60.2
252453,2005122512,41.0,183.25,62.6
252453,2005122612,47.75,206.5,65.3
252453,2005122700,50.75,211.5,60.4
252455,2005122600,44.0,144.75,67.4
252455,2005122612,46.25,153.5,70.4
252455,2005122700,43.75,154.5,70.7
252478,2005122812,65.5,334.25,67.6
252496,2005122700,43.75,160.0,66.4
252496,2005122712,46.75,163.25,62.4
252496,2005122800,45.0,162.5,64.0
252497,2005122712,47.0,297.5,60.1
252502,2005122712,44.25,175.75,61.0
252533,2006010112,58.25,319.25,63.3
252533,2006010200,61.25,324.0,74.4
252533,2006010212,64.75,329.5,71.1
252533,2006010300,65.75,329.25,63.1
252537,2005122912,49.0,217.5,61.3
252537,2005123000,53.0,219.75,70.4
252537,2005123012,56.25,215.0,63.5
252551,2005123100,59.5,345.75,66.8
252551,2005123112,57.0,353.5,61.1
252560,2006010112,42.0,185.75,69.1
252560,2006010200,42.5,197.0,79.6
252560,2006010212,46.0,208.25,75.5
252560,2006010300,47.75,212.75,68.9
252560,2006010312,49.0,214.0,66.3
252561,2006010112,46.0,228.0,62.0
252561,2006010200,49.0,230.0,62.5
252589,2006010300,41.75,151.5,71.9
252589,2006010312,44.0,151.5,73.3
252589,2006010400,46.75,154.0,64.0
252589,2006010412,47.0,156.75,61.2
252606,2006010400,34.0,212.5,76.4
252606,2006010412,39.5,218.0,82.6
252606,2006010500,44.0,222.75,75.5
252618,2006010412,49.75,165.25,64.8
252618,2006010500,51.5,160.0,63.7
252628,2006010612,43.75,176.75,61.5
252628,2006010712,50.75,195.5,63.3
252628,2006010800,52.0,204.25,60.5
252631,2006010512,53.25,219.75,61.3
252650,2006010612,56.75,329.5,65.2
252650,2006010700,63.5,337.5,63.8
252651,2006010712,36.5,154.75,64.2
252651,2006010800,40.0,159.5,75.5
252651,2006010812,42.0,167.25,70.1
252651,2006010912,45.25,178.0,63.2
252681,2006010812,60.0,319.5,70.2
252681,2006010900,64.5,330.75,60.6
252698,2006011012,56.75,342.0,65.6
252698,2006011100,62.75,352.75,84.1
252698,2006011112,67.0,2.5,77.7
252711,2006011112,55.75,327.0,66.9
252711,2006011200,62.0,335.75,70.9
252716,2006011100,38.25,156.5,63.7
252716,2006011112,41.0,164.25,60.9
252716,2006011212,47.0,174.25,69.5
252732,2006011212,44.5,213.75,61.3
252744,2006011500,39.5,286.75,60.5
252744,2006011512,39.5,289.25,69.0
252756,2006011400,53.5,329.75,64.9
252756,2006011412,57.5,336.5,63.4
252756,2006011500,58.75,343.0,64.8
252756,2006011512,64.25,350.0,62.6
252765,2006011412,36.0,141.75,60.4
252765,2006011500,37.75,148.75,67.1
252765,2006011512,39.0,157.5,65.3
252765,2006011600,43.25,163.75,71.1
252765,2006011612,44.0,167.0,75.6
252765,2006011700,45.0,172.0,62.3
252770,2006011500,48.25,193.25,71.2
252770,2006011512,49.75,197.25,67.6
252806,2006011800,50.5,148.75,63.8
252806,2006011900,51.75,151.5,64.9
252806,2006011912,50.75,148.75,62.6
252810,2006011712,66.75,348.5,69.3
252817,2006011612,47.25,299.5,65.4
252817,2006011700,49.25,303.0,60.7
252817,2006011712,52.25,306.25,66.0
252817,2006011800,61.0,321.75,67.3
252817,2006011812,62.0,325.75,65.4
252817,2006011900,62.0,327.0,68.2
252817,2006011912,61.25,333.0,61.5
252823,2006011700,49.75,224.25,63.3
252828,2006011712,38.0,156.25,70.5
252828,2006011800,39.0,163.5,86.8
252828,2006011812,40.25,169.75,76.9
252828,2006011900,43.25,175.5,63.8
252861,2006011900,47.75,290.25,65.1
252861,2006012012,61.75,302.75,63.2
252866,2006011912,40.5,328.0,60.5
252872,2006012000,39.5,175.0,61.1
252872,2006012212,62.25,211.0,64.9
252876,2006012100,49.75,170.0,61.3
252889,2006012012,67.0,289.25,61.3
252893,2006012200,35.75,150.0,64.6
252893,2006012212,41.75,158.0,73.7
252893,2006012300,46.0,158.25,72.6
252893,2006012312,47.75,157.25,68.5
252893,2006012400,47.0,156.0,63.8
252895,2006012100,43.25,180.25,64.4
252901,2006012212,50.5,306.25,68.9
252901,2006012300,52.0,311.75,82.4
252901,2006012312,53.25,315.5,81.4
252901,2006012400,57.25,314.5,69.6
252932,2006012400,47.5,164.75,77.5
252932,2006012412,49.75,159.75,60.9
252933,2006012512,48.5,225.75,62.9
252943,2006012700,48.0,307.5,66.2
252943,2006012712,50.5,308.75,65.9
252984,2006012800,44.0,184.25,64.7
252984,2006012900,46.75,187.75,66.6
252984,2006012912,45.5,197.0,60.5
252986,2006012912,59.75,323.25,72.3
252989,2006012912,43.0,173.25,80.7
252989,2006013000,44.5,175.0,69.7
253036,2006020200,60.5,322.0,61.3
253053,2006020100,39.75,295.0,72.1
253053,2006020112,42.25,298.75,71.2
253053,2006020200,43.5,304.25,68.5
253053,2006020212,44.0,309.75,61.1
253061,2006020112,37.5,143.5,68.6
253061,2006020200,42.0,151.5,90.4
253061,2006020212,44.75,160.75,91.5
253061,2006020300,46.25,172.25,83.3
253061,2006020312,47.25,180.25,74.6
253061,2006020400,47.75,189.25,67.1
253089,2006020312,39.75,219.0,64.0
253089,2006020400,45.25,226.0,74.5
253089,2006020412,49.75,231.25,72.3
253096,2006020412,44.25,171.75,62.3
253096,2006020500,46.0,181.25,66.5
253096,2006020512,47.0,192.0,64.8
253111,2006020412,54.5,193.25,61.0
253116,2006020500,59.75,167.5,62.7
253129,2006020512,55.0,164.5,67.2
253133,2006020612,57.25,204.0,76.7
253155,2006020712,39.75,146.25,63.7
253155,2006020800,43.75,157.25,68.3
253155,2006020812,46.0,168.5,70.9
253155,2006020900,49.0,182.75,69.0
253155,2006020912,51.5,188.5,64.8
253155,2006021000,52.75,192.0,61.8
253173,2006020800,46.75,195.25,60.4
253177,2006020912,52.75,208.75,62.1
253183,2006020812,57.0,313.0,65.6
253194,2006021012,41.75,198.75,60.5
253195,2006021100,67.0,333.25,65.5
253196,2006021112,51.25,162.5,67.4
253196,2006021200,53.0,167.75,67.9
253196,2006021212,54.5,172.75,60.2
253239,2006021100,44.75,316.0,68.8
253239,2006021112,50.5,315.5,87.2
253239,2006021200,53.0,320.75,78.0
253239,2006021212,53.75,323.25,67.1
253239,2006021300,54.25,329.5,61.8
253242,2006021212,40.25,163.5,62.8
253242,2006021300,44.75,172.25,81.8
253242,2006021312,48.0,177.25,61.5
253242,2006021400,49.5,182.5,68.7
253250,2006021300,41.25,292.75,64.9
253250,2006021312,47.25,301.0,60.8
253250,2006021400,53.25,308.25,64.7
253250,2006021412,57.25,323.0,67.8
253250,2006021500,58.75,330.25,67.0
253250,2006021512,56.5,334.25,72.7
253269,2006021312,54.0,163.25,64.8
253290,2006021312,62.25,326.75,61.8
253290,2006021400,60.0,326.75,60.4
253311,2006021400,55.75,186.25,70.4
253327,2006021600,60.25,348.75,60.9
253327,2006021712,60.75,341.75,61.2
253366,2006021712,50.25,146.75,68.0
253374,2006021900,56.25,300.5,68.2
253374,2006021912,56.0,304.0,64.8
253449,2006022512,31.0,182.0,61.0
253476,2006022212,39.5,315.75,66.0
253478,2006022300,48.5,312.0,61.3
253478,2006022312,50.5,311.25,62.8
253478,2006022400,52.75,310.0,72.7
253478,2006022412,55.0,304.25,92.3
253478,2006022500,57.25,301.0,66.0
253483,2006022312,43.25,321.75,71.1
253507,2006022512,37.5,306.5,72.5
253507,2006022600,40.25,316.75,70.8
253507,2006022612,46.5,318.5,63.2
253507,2006022712,55.75,296.25,62.7
253515,2006022412,39.75,306.0,64.0
253515,2006022500,42.5,312.0,80.3
253515,2006022512,46.25,312.25,70.5
253515,2006022600,49.0,309.5,60.3
253515,2006022612,52.5,307.0,65.9
253558,2006022700,47.5,142.75,70.5
253558,2006022712,51.5,148.25,72.4
253558,2006022800,53.75,152.5,61.9
253562,2006022700,34.75,298.5,72.6
253562,2006022712,42.0,309.25,73.7
253562,2006022800,50.25,312.25,79.6
253562,2006022812,56.75,307.0,81.8
253562,2006030100,59.25,292.5,74.0
253562,2006030312,43.0,308.5,64.0
253562,2006030400,49.0,312.0,65.4
253562,2006030500,54.0,308.25,63.5
253599,2006022800,57.75,159.5,60.8
253608,2006030100,52.25,319.25,63.6
253608,2006030112,56.75,313.5,73.8
253615,2006030112,51.0,228.75,60.1
253629,2006030200,43.0,230.25,65.3
253630,2006030200,43.25,149.0,63.9
253630,2006030312,54.0,166.5,60.9
253630,2006030400,57.75,175.0,61.1
253689,2006030512,42.75,228.0,60.0
253689,2006030600,44.0,229.25,60.2
253706,2006030600,55.5,314.5,73.1
253706,2006030612,60.25,319.5,68.4
253706,2006030700,60.75,327.75,69.9
253706,2006030712,63.75,333.5,62.3
253706,2006030800,66.5,337.5,61.8
253708,2006030512,44.0,7.5,65.2
253709,2006030500,45.75,228.25,62.3
253734,2006030700,48.75,152.5,62.1
253735,2006030612,56.5,318.25,65.1
253735,2006030700,62.25,314.5,69.1
253737,2006030812,58.75,217.5,62.2
253737,2006030900,58.5,219.0,62.0
253737,2006030912,57.75,221.0,60.2
253767,2006030712,46.5,328.5,60.1
253768,2006030712,52.5,160.5,60.7
253771,2006030812,52.25,330.25,61.1
253771,2006030900,55.0,339.5,68.2
253785,2006030712,63.5,325.25,61.4
253785,2006030800,63.75,320.5,65.4
253785,2006030812,62.5,320.5,60.3
253785,2006031100,62.25,324.75,60.4
253787,2006031012,57.0,171.0,64.4
253804,2006031000,45.5,314.0,63.2
253804,2006031100,44.0,318.5,69.6
253821,2006031012,32.5,144.25,61.4
253821,2006031100,32.5,147.75,70.2
253821,2006031112,33.5,155.5,61.0
253821,2006031200,36.25,163.25,60.5
253864,2006031200,61.5,346.0,62.5
253864,2006031212,66.25,348.75,61.3
253916,2006031400,44.5,313.5,60.3
253916,2006031412,42.75,321.0,80.3
253916,2006031500,41.25,328.5,67.7
253927,2006031412,56.0,316.0,60.7
253960,2006031612,52.75,177.75,61.9
253982,2006031700,56.25,299.0,61.2
253993,2006031812,56.0,294.25,63.0
254005,2006031912,37.5,149.0,71.5
254005,2006032000,43.75,150.0,65.0
254005,2006032012,45.75,150.0,63.3
254009,2006031800,40.0,156.0,60.0
254012,2006031900,53.75,211.5,60.4
254120,2006032400,41.25,314.0,62.9
254120,2006032412,40.0,317.0,69.2
254120,2006032500,41.0,323.25,68.9
254134,2006032300,34.0,140.75,60.3
254134,2006032312,38.5,148.5,67.9
254134,2006032400,43.0,150.75,60.1
254203,2006032500,33.75,287.25,66.2
254203,2006032612,40.0,297.25,64.3
254203,2006032700,40.5,299.5,69.0
254203,2006032712,42.5,305.25,67.0
254238,2006032900,37.25,152.75,66.7
254251,2006032700,30.75,145.75,61.0
254283,2006033000,59.75,346.75,60.2
254326,2006033112,56.5,343.5,65.1
254350,2006040100,40.5,153.25,67.1
254350,2006040112,39.75,158.5,62.4
254439,2006040300,40.5,146.0,61.6
254439,2006040312,40.0,148.75,60.7
254439,2006040400,38.5,153.75,62.9
254489,2006040600,39.25,156.75,87.0
254489,2006040612,44.75,166.0,86.3
254489,2006040700,49.5,172.0,73.6
254489,2006040712,53.75,177.5,64.8
254495,2006040512,66.75,340.0,69.3
254515,2006040612,64.0,354.5,61.6
254525,2006040500,47.5,159.25,60.1
254525,2006040512,48.25,157.75,66.1
254571,2006040900,35.5,148.5,63.0
254571,2006041000,39.5,158.5,62.2
254622,2006041000,38.25,292.75,62.3
254622,2006041212,61.25,342.75,61.1
254659,2006041100,41.0,223.25,61.7
254743,2006041312,35.0,175.0,61.8
254756,2006041512,58.0,169.5,71.3
254756,2006041600,58.75,175.0,64.1
254824,2006041612,59.75,188.25,64.2
254824,2006041700,58.25,185.5,64.9
254824,2006041712,57.0,196.0,64.6
254955,2006042100,64.5,325.0,61.2
254955,2006042112,64.5,329.25,64.0
254955,2006042200,65.0,331.75,60.6
255037,2006042412,58.5,212.5,60.1
255112,2006042600,54.5,191.75,60.1
255245,2006050100,36.75,165.5,61.0
260568,2006100212,42.75,303.5,68.5
260580,2006100812,43.25,199.5,73.0
260580,2006100900,47.0,199.75,67.6
260651,2006100612,55.25,321.0,63.0
260651,2006100700,57.5,330.0,61.1
260651,2006100912,64.0,340.25,68.1
260651,2006101000,66.75,344.75,72.9
260652,2006100600,29.25,138.75,64.4
260652,2006100612,30.5,142.25,67.3
260652,2006100700,37.0,143.0,71.4
260652,2006100712,39.25,145.0,72.6
260652,2006100800,42.25,147.25,72.9
260652,2006100812,43.5,149.25,61.7
260731,2006101112,58.5,333.5,60.2
260731,2006101200,58.5,329.5,66.1
260808,2006101512,30.75,143.5,80.9
260808,2006101600,34.75,149.25,91.6
260808,2006101612,37.75,157.5,84.8
260808,2006101700,44.0,174.25,69.8
260808,2006101712,47.75,185.25,67.6
260808,2006101800,51.25,193.75,80.8
260808,2006101812,54.5,201.0,63.2
260835,2006101412,48.25,178.5,80.4
260835,2006101500,53.75,182.25,65.6
260835,2006101512,54.5,183.25,62.1
260921,2006102000,47.25,327.5,60.7
260999,2006102000,58.0,342.0,63.8
260999,2006102012,58.0,333.5,63.8
261030,2006102512,49.75,306.75,64.5
261030,2006102612,52.0,309.5,62.3
261038,2006102312,54.25,213.0,67.6
261038,2006102400,57.0,223.0,63.8
261039,2006102500,57.75,208.0,61.4
261043,2006102300,44.5,343.5,61.0
261043,2006102312,46.75,349.5,67.1
261043,2006102400,50.0,357.25,62.4
261079,2006102712,50.0,168.25,62.4
261079,2006102800,54.25,175.25,63.5
261087,2006102612,58.25,356.0,68.0
261087,2006102700,58.5,5.5,61.9
261089,2006102900,45.5,288.25,66.4
261089,2006102912,48.75,286.75,61.9
261101,2006102800,63.25,337.75,60.3
261101,2006102900,64.25,327.0,60.1
261121,2006103112,60.75,5.25,70.7
261128,2006102900,39.5,211.5,71.0
261128,2006102912,39.25,208.5,66.4
261129,2006102912,52.75,145.25,60.3
261165,2006103112,55.5,316.75,65.8
261181,2006110712,30.5,176.0,62.0
261220,2006110312,40.25,298.5,65.6
261229,2006110500,39.75,202.5,64.4
261229,2006110512,43.5,207.0,60.9
261229,2006110600,45.75,210.25,62.0
261229,2006110612,49.5,217.5,67.3
261232,2006110400,53.75,311.75,62.1
261232,2006110500,64.5,327.5,68.4
261268,2006110800,49.25,148.5,71.4
261287,2006111000,63.5,335.5,67.4
261287,2006111012,66.5,338.0,84.1
261289,2006110900,37.75,288.0,61.1
261289,2006110912,43.5,292.5,61.8
261315,2006111000,52.25,219.5,67.7
261315,2006111012,54.5,217.5,65.1
261315,2006111100,55.5,217.5,60.2
261329,2006111300,46.75,231.25,71.7
261333,2006111200,42.75,146.5,87.8
261333,2006111212,48.25,144.75,66.4
261349,2006111212,63.5,329.5,65.4
261349,2006111300,62.5,338.25,64.6
261365,2006111400,35.25,194.5,67.1
261368,2006111212,44.5,152.25,67.3
261368,2006111300,48.75,150.25,66.0
261376,2006111412,58.0,215.0,61.7
261378,2006111300,64.75,347.5,62.0
261378,2006111412,61.5,348.0,66.4
261378,2006111500,60.5,348.25,60.2
261378,2006111600,61.5,347.75,79.0
261378,2006111612,58.5,345.5,75.4
261378,2006111700,59.75,349.5,62.6
261389,2006111512,51.75,152.5,62.8
261390,2006111512,59.0,215.75,63.3
261390,2006111600,58.25,215.0,62.1
261392,2006111500,41.5,213.25,62.6
261392,2006111512,45.25,225.25,69.7
261399,2006111612,62.5,357.75,71.2
261399,2006111700,66.0,357.5,70.8
261402,2006111912,58.75,341.5,63.7
261402,2006112000,60.25,344.75,80.7
261402,2006112012,60.25,350.0,70.4
261404,2006111512,50.75,231.25,60.5
261404,2006111600,51.5,237.0,64.5
261451,2006111900,37.0,164.5,60.9
261451,2006111912,41.0,165.0,61.4
261451,2006112000,42.0,164.5,67.6
261451,2006112012,40.75,168.0,63.4
261462,2006111912,53.5,228.0,84.8
261465,2006112000,34.5,140.75,64.1
261465,2006112012,35.5,145.5,64.4
261465,2006112112,36.5,156.75,75.6
261478,2006112400,56.25,331.75,61.4
261497,2006112212,49.0,143.25,63.6
261497,2006112300,49.5,150.75,60.8
261507,2006112112,31.5,281.25,60.8
261523,2006112212,35.25,284.0,65.8
261546,2006112500,39.5,173.0,69.1
261546,2006112600,53.0,185.5,64.3
261546,2006112612,59.75,185.0,61.1
261550,2006112512,47.75,319.5,89.0
261550,2006112600,48.75,330.0,87.3
261550,2006112612,50.25,337.0,77.3
261550,2006112700,53.5,341.25,63.2
261550,2006112712,57.0,342.0,64.7
261550,2006112800,59.25,341.0,64.1
261550,2006112812,61.5,340.5,63.1
261550,2006112900,63.0,336.5,70.6
261550,2006112912,62.25,329.25,70.0
261550,2006113000,60.75,323.25,62.1
261550,2006113012,57.5,323.5,61.8
261591,2006112800,43.5,157.0,66.2
261591,2006112812,47.0,167.5,69.2
261591,2006112900,49.75,177.5,60.5
261609,2006112912,45.5,332.0,70.8
261609,2006113000,53.5,338.5,69.7
261609,2006113012,59.75,341.75,84.0
261609,2006120100,63.25,343.25,77.1
261609,2006120112,65.25,343.25,72.6
261609,2006120200,66.5,343.25,65.5
261609,2006120212,66.75,340.5,65.2
261640,2006120100,58.0,165.5,62.5
261649,2006120112,45.5,177.0,69.4
261649,2006120200,50.0,180.0,79.1
261649,2006120212,53.75,181.75,74.3
261654,2006120200,58.5,309.5,63.6
261659,2006120400,52.75,325.75,60.2
261659,2006120412,53.75,334.25,60.5
261661,2006120300,42.5,163.5,64.0
261661,2006120312,45.0,172.25,66.9
261661,2006120400,46.75,178.75,65.0
261661,2006120412,48.0,185.0,64.1
261664,2006120212,55.5,334.75,64.8
261664,2006120300,55.25,341.25,70.2
261668,2006120312,42.25,158.5,62.5
261678,2006120312,59.75,348.0,70.7
261678,2006120400,59.25,351.5,64.0
261689,2006120500,44.0,300.0,74.5
261689,2006120512,48.25,309.5,76.4
261689,2006120600,52.25,320.5,70.6
261689,2006120612,55.25,333.0,72.3
261689,2006120700,56.0,343.25,73.6
261689,2006120712,57.25,353.0,65.6
261695,2006120500,48.25,195.25,69.9
261695,2006120512,48.25,196.0,70.8
261695,2006120600,48.5,202.25,68.8
261695,2006120612,50.75,204.25,61.9
261702,2006120600,62.25,319.0,62.4
261702,2006120612,62.5,318.25,60.9
261720,2006120700,50.75,177.25,60.6
261731,2006120800,46.5,353.75,63.9
261732,2006120712,51.25,191.25,66.9
261732,2006120812,54.0,197.5,64.7
261737,2006120800,55.25,186.25,67.0
261738,2006120800,39.25,225.0,65.5
261741,2006120800,45.0,161.75,60.3
261741,2006120812,46.5,174.5,70.2
261741,2006120900,46.75,192.25,73.4
261741,2006120912,47.75,207.5,66.9
261741,2006121000,48.75,216.0,63.8
261751,2006120900,54.25,314.25,76.7
261751,2006120912,59.5,320.75,67.1
261751,2006121000,61.5,324.0,86.8
261751,2006121012,62.75,330.5,84.1
261751,2006121100,62.25,331.25,77.1
261751,2006121112,62.25,343.25,71.4
261756,2006120900,38.0,172.0,62.7
261756,2006121100,50.0,223.5,67.5
261765,2006121100,39.75,168.75,67.9
261765,2006121112,41.25,183.75,65.2
261765,2006121200,41.75,192.5,65.0
261781,2006121400,40.75,209.75,62.8
261781,2006121412,44.75,221.5,62.9
261781,2006121500,48.5,230.75,79.2
261788,2006121100,38.0,214.0,67.9
261788,2006121112,43.75,227.25,67.4
261788,2006121200,50.25,232.25,65.0
261804,2006121212,46.5,206.5,70.3
261804,2006121300,50.5,217.5,72.9
261804,2006121312,52.75,225.0,73.9
261815,2006121300,52.5,333.0,67.7
261815,2006121400,62.5,346.5,60.8
261815,2006121412,64.25,352.5,66.8
261815,2006121512,65.0,5.75,67.6
261822,2006121512,57.75,172.5,73.2
261846,2006121612,40.25,183.75,62.8
261846,2006121700,44.25,195.0,68.3
261846,2006121712,50.75,205.5,64.6
261846,2006121800,56.25,212.75,63.8
261874,2006121812,45.25,187.75,62.9
261874,2006121900,48.75,202.75,66.5
261874,2006121912,52.5,207.25,67.3
261874,2006122000,54.75,210.5,60.9
261885,2006121912,41.0,187.75,63.0
261885,2006122000,40.25,203.75,70.8
261885,2006122012,42.75,215.25,65.7
261885,2006122100,50.0,224.25,75.9
261885,2006122112,55.75,224.25,79.7
261892,2006122000,48.25,323.75,63.1
261892,2006122012,58.75,328.0,61.1
261892,2006122100,67.0,327.5,71.9
261892,2006122112,65.0,322.5,77.8
261892,2006122200,67.0,332.25,65.6
261903,2006122100,37.0,310.75,68.3
261903,2006122112,42.25,317.25,81.9
261903,2006122200,47.75,322.5,76.7
261903,2006122212,57.0,327.0,67.5
261903,2006122300,64.0,326.5,90.0
261903,2006122312,67.0,334.5,76.9
261908,2006122112,44.0,203.25,60.3
261908,2006122200,47.75,209.25,61.7
261908,2006122212,52.75,214.75,65.9
261908,2006122300,57.0,214.0,61.1
261916,2006122400,59.5,321.0,82.5
261930,2006122312,53.25,320.0,60.8
261942,2006122312,42.0,206.5,64.4
261942,2006122400,46.75,211.0,74.1
261942,2006122412,49.25,214.5,74.5
261942,2006122500,51.75,218.75,70.6
261942,2006122512,55.5,220.25,60.0
261942,2006122800,57.25,204.5,71.1
261965,2006122700,40.75,231.5,68.8
261966,2006122600,45.5,173.25,65.0
261969,2006123000,62.0,332.0,61.0
261969,2006123012,62.75,330.25,73.6
261969,2006123100,63.75,327.75,66.4
261969,2007010100,60.75,329.0,62.0
261969,2007010112,61.25,337.5,62.5
261974,2006122612,32.5,135.75,62.0
261974,2006122700,38.25,141.25,77.6
261974,2006122712,40.75,145.5,73.6
261974,2006122800,43.0,152.5,73.7
261974,2006122812,44.25,158.5,63.1
261981,2006122700,57.5,311.0,62.4
261981,2006122712,59.25,307.0,62.7
262023,2006122812,43.75,211.25,67.6
262023,2006122900,50.75,215.25,65.5
262023,2006122912,55.0,214.75,72.8
262023,2006123000,59.0,215.5,76.1
262032,2006122900,40.5,183.25,62.1
262043,2006123100,45.25,176.25,63.9
262043,2007010400,62.25,215.5,60.1
262057,2006123112,55.5,347.5,73.2
262057,2007010100,60.0,0.5,66.4
262061,2006123112,38.75,302.0,63.1
262061,2007010100,42.0,310.5,73.9
262061,2007010112,45.0,314.25,81.7
262061,2007010200,47.25,317.25,66.5
262062,2006123112,46.75,196.75,61.6
262062,2007010100,51.0,204.25,66.3
262062,2007010112,55.75,213.25,60.4
262075,2007010300,48.5,304.75,62.0
262075,2007010400,56.25,315.5,61.9
262075,2007010412,57.75,322.0,61.6
262075,2007010600,66.75,348.0,61.9
262080,2007010212,38.25,155.75,63.6
262080,2007010300,42.5,168.25,70.7
262080,2007010312,49.0,176.75,60.0
262080,2007010400,51.75,179.75,75.9
262080,2007010412,52.5,181.5,71.1
262080,2007010500,52.0,187.75,62.4
262087,2007010400,50.5,170.0,69.7
262107,2007010512,37.0,179.75,60.6
262107,2007010600,42.0,190.25,60.1
262107,2007010612,47.0,200.0,64.9
262126,2007010800,52.5,317.0,62.9
262129,2007010512,49.75,176.75,61.2
262146,2007010612,38.0,142.0,72.5
262146,2007010700,42.0,143.5,70.1
262146,2007010712,45.25,151.5,74.1
262146,2007010800,46.0,152.25,78.0
262146,2007010812,47.25,156.5,70.6
262146,2007010900,49.75,162.0,61.1
262148,2007010800,59.75,217.5,60.1
262157,2007010700,52.0,215.5,68.4
262177,2007011012,59.5,322.75,68.5
262187,2007011100,42.5,304.75,71.1
262187,2007011112,48.75,313.25,70.0
262187,2007011200,56.25,327.25,71.8
262187,2007011212,61.25,355.0,67.4
262192,2007011012,59.5,331.0,75.1
262192,2007011100,60.75,339.0,76.2
262192,2007011112,65.25,353.0,70.9
262201,2007011112,65.75,331.0,66.1
262201,2007011312,65.75,333.5,60.9
262204,2007011512,56.5,306.0,69.6
262204,2007011600,58.75,318.25,61.6
262204,2007011612,59.75,331.25,63.2
262204,2007011700,60.5,332.75,67.5
262218,2007011400,60.75,2.25,62.3
262224,2007011412,40.5,165.25,64.7
262224,2007011500,42.75,173.0,65.5
262224,2007011512,45.25,178.5,61.6
262235,2007011412,57.5,337.0,63.8
262235,2007011500,62.5,354.5,73.7
262235,2007011512,66.75,8.0,62.6
262245,2007011500,54.25,339.75,64.6
262245,2007011512,59.25,352.5,65.9
262263,2007011800,54.25,331.25,67.3
262272,2007011612,60.25,320.0,72.9
262272,2007011700,60.75,322.25,87.0
262272,2007011712,63.5,319.25,88.8
262275,2007011712,53.75,308.5,66.2
262284,2007011800,54.25,342.25,65.7
262284,2007011812,55.5,3.5,70.5
262289,2007011800,57.0,313.0,65.9
262289,2007011812,57.0,317.25,74.9
262289,2007011900,59.25,330.0,69.0
262289,2007011912,59.75,326.5,61.3
262302,2007012100,41.25,176.75,67.9
262302,2007012112,40.25,182.5,67.1
262302,2007012200,39.75,186.75,70.8
262302,2007012212,38.25,191.75,64.5
262314,2007012000,45.75,295.25,74.8
262320,2007012000,56.75,352.75,66.8
262320,2007012012,60.75,1.75,63.6
262321,2007012100,55.75,212.25,70.1
262343,2007012112,43.25,309.75,60.0
262343,2007012200,49.75,308.0,65.2
262343,2007012212,53.25,306.0,65.6
262343,2007012300,57.75,301.5,69.9
262343,2007012312,63.5,297.75,62.2
262352,2007012300,36.25,165.5,68.6
262352,2007012312,39.25,174.75,71.3
262352,2007012400,42.5,182.75,72.5
262352,2007012412,46.5,188.75,73.3
262352,2007012500,48.25,191.0,65.4
262352,2007012512,50.25,194.5,63.0
262369,2007012400,41.5,304.25,62.4
262369,2007012600,55.0,298.75,64.9
262369,2007012612,59.75,296.5,60.1
262378,2007012300,46.5,322.5,65.0
262385,2007012312,40.25,217.0,61.7
262409,2007012612,40.0,300.75,61.3
262409,2007012700,44.75,303.0,68.3
262409,2007012712,47.25,304.75,64.8
262412,2007012600,41.0,184.25,65.3
262412,2007012612,44.75,189.75,64.9
262427,2007012900,32.5,185.0,70.3
262427,2007012912,32.75,198.75,73.2
262427,2007013000,40.75,204.25,76.9
262427,2007013012,48.5,200.75,69.4
262427,2007013100,55.75,190.25,78.1
262446,2007012812,31.75,282.25,61.2
262446,2007012900,37.0,292.75,74.1
262446,2007012912,43.25,303.5,63.2
262454,2007012812,42.0,199.0,70.0
262454,2007012900,45.25,197.75,66.5
262465,2007012912,37.5,292.0,67.7
262465,2007013000,42.5,303.0,84.3
262465,2007013012,49.5,309.5,66.8
262465,2007013100,55.5,314.0,76.8
262465,2007013112,58.5,316.5,66.6
262483,2007013112,40.5,201.0,62.8
262483,2007020100,44.0,199.0,63.5
262491,2007020212,62.0,323.25,61.7
262491,2007020300,64.75,323.25,81.5
262491,2007020312,64.75,322.0,61.7
262522,2007020212,36.25,278.25,62.1
262529,2007020312,48.5,171.0,60.5
262529,2007020400,44.25,173.0,60.8
262531,2007020212,38.5,289.25,60.4
262531,2007020300,43.5,299.0,68.9
262531,2007020312,49.5,305.5,70.9
262531,2007020400,55.5,304.5,66.4
262531,2007020412,57.0,304.0,79.1
262531,2007020500,57.5,298.5,72.0
262531,2007020512,57.75,292.0,61.0
262551,2007020312,47.25,183.25,69.0
262551,2007020400,49.25,183.25,63.4
262573,2007020412,44.5,153.0,65.6
262573,2007020500,41.75,157.75,69.2
262607,2007020512,39.5,300.25,61.2
262607,2007020600,44.5,314.75,61.5
262607,2007020612,52.5,322.5,76.2
262607,2007020700,55.75,318.75,67.5
262607,2007020712,56.25,312.5,65.3
262607,2007020800,56.75,309.75,63.7
262607,2007020812,58.25,304.0,60.0
262644,2007020800,40.75,202.0,63.7
262644,2007020812,38.0,204.25,62.7
262654,2007020800,37.75,302.25,68.2
262654,2007020812,43.0,315.0,75.2
262654,2007020900,47.75,326.75,98.9
262654,2007020912,50.5,333.5,93.9
262654,2007021000,51.25,342.25,71.4
262659,2007020800,57.5,322.0,65.4
262668,2007020900,41.0,303.5,64.5
262668,2007020912,44.0,312.0,72.1
262668,2007021000,47.5,320.0,90.4
262668,2007021012,49.75,330.25,96.3
262668,2007021100,54.5,344.0,74.0
262668,2007021200,59.0,327.25,67.6
262668,2007021212,59.75,321.25,69.2
262668,2007021300,58.0,314.5,65.8
262672,2007021112,40.25,152.75,64.0
262672,2007021200,40.75,160.0,76.0
262672,2007021212,41.75,166.75,72.0
262672,2007021300,41.5,171.75,69.1
262672,2007021312,42.75,181.75,63.7
262687,2007021012,55.5,324.0,70.4
262687,2007021100,55.75,323.0,66.6
262687,2007021112,57.0,314.75,66.3
262700,2007021112,49.0,338.25,65.6
262700,2007021200,51.5,349.25,64.2
262713,2007021200,43.5,319.0,60.7
262713,2007021212,48.5,328.75,62.7
262713,2007021300,53.0,333.0,71.4
262713,2007021312,56.5,329.75,75.8
262713,2007021400,57.75,325.5,68.8
262713,2007021412,53.75,320.25,73.1
262729,2007021500,42.5,289.25,60.8
262729,2007021512,45.5,292.75,61.0
262757,2007021412,42.75,135.0,60.4
262774,2007021400,48.75,330.25,81.1
262774,2007021412,54.0,335.5,79.0
262795,2007021412,39.5,143.0,60.2
262795,2007021500,41.75,148.75,71.1
262795,2007021512,42.25,156.0,62.0
262795,2007021600,44.0,166.5,63.6
262803,2007021500,56.5,340.75,63.1
262803,2007021512,61.25,339.0,75.3
262803,2007021600,62.5,339.25,73.8
262805,2007021512,44.5,145.0,61.2
262808,2007021612,44.25,206.25,61.5
262830,2007021712,57.5,322.5,65.2
262830,2007021800,60.75,318.75,66.0
262831,2007021812,35.5,147.0,65.2
262831,2007021900,36.75,154.25,64.4
262831,2007021912,41.0,160.25,65.4
262831,2007022000,48.75,162.25,66.2
262831,2007022012,53.5,160.5,69.4
262831,2007022100,56.0,161.75,62.1
262840,2007021712,57.5,310.25,63.0
262841,2007021712,45.75,319.75,65.5
262841,2007021800,49.25,326.25,63.0
262841,2007021812,55.75,329.75,63.6
262841,2007021900,58.0,323.5,67.6
262857,2007021912,41.25,304.25,62.9
262857,2007022000,46.0,307.5,64.1
262857,2007022012,46.5,311.5,74.5
262857,2007022100,47.5,320.0,77.2
262857,2007022112,48.25,329.25,67.8
262863,2007021912,50.25,345.75,61.5
262864,2007021912,59.25,326.25,64.2
262864,2007022000,57.75,320.0,67.9
262864,2007022100,52.75,317.75,71.3
262864,2007022112,51.0,318.0,67.9
262866,2007022300,53.25,312.5,66.6
262866,2007022312,54.5,316.0,60.3
262899,2007022100,58.0,154.25,60.3
262906,2007022200,49.25,157.25,62.2
262906,2007022212,49.5,165.0,63.3
262907,2007022112,32.75,147.25,63.2
262907,2007022200,32.25,153.75,65.9
262907,2007022212,32.0,160.25,61.4
262907,2007022300,32.5,163.25,65.2
262907,2007022312,32.75,170.0,63.9
262907,2007022400,33.75,173.25,61.5
262907,2007022500,38.5,178.75,72.6
262907,2007022512,42.0,175.5,63.5
262908,2007022200,54.5,330.5,65.1
262917,2007022312,50.0,204.0,65.1
262917,2007022400,48.5,214.5,62.6
262922,2007022400,35.25,145.75,75.6
262922,2007022412,36.75,149.0,76.1
262922,2007022500,37.75,151.5,73.3
262922,2007022512,37.5,153.0,63.7
262924,2007022212,54.5,341.25,65.6
262924,2007022300,56.0,341.0,62.5
262927,2007022212,61.5,306.0,69.7
262937,2007022312,39.0,294.0,69.6
262937,2007022400,40.75,301.75,70.3
262937,2007022412,45.25,308.5,61.7
262937,2007022512,50.75,307.0,62.3
262962,2007022400,56.0,323.5,61.9
263000,2007022600,51.75,316.75,64.0
263000,2007022612,54.25,313.25,67.5
263034,2007022712,41.25,312.75,61.0
263048,2007022812,59.75,352.5,66.4
263077,2007030712,55.0,305.25,66.4
263079,2007030100,38.5,151.25,62.5
263079,2007030112,38.0,153.75,75.8
263079,2007030200,37.5,156.0,71.0
263079,2007030212,36.5,159.0,67.0
263113,2007030212,63.25,327.75,65.8
263113,2007030300,63.25,325.5,78.6
263113,2007030312,60.5,322.0,72.5
263125,2007030400,49.75,340.5,60.0
263125,2007030412,53.5,344.25,78.2
263125,2007030500,58.75,346.0,65.8
263125,2007030600,62.5,339.75,75.8
263141,2007030512,40.75,213.25,65.8
263141,2007030700,56.25,220.5,65.5
263141,2007030712,59.0,213.0,67.8
263141,2007030800,59.5,210.25,63.0
263147,2007030412,47.5,320.0,61.1
263147,2007030500,50.5,320.5,64.4
263150,2007030500,49.75,332.5,65.0
263150,2007030512,52.5,342.75,65.6
263150,2007030600,59.5,349.25,62.1
263150,2007030612,63.25,348.0,72.3
263150,2007030700,64.5,342.0,76.8
263150,2007030712,63.75,333.5,66.5
263180,2007030700,49.5,343.75,73.7
263180,2007030712,47.0,356.75,68.7
263190,2007030800,56.5,321.25,73.9
263190,2007030812,59.0,325.5,80.5
263190,2007030900,61.25,330.25,77.5
263200,2007030912,55.5,215.5,60.7
263207,2007031112,34.0,180.75,76.2
263207,2007031200,36.25,181.0,76.1
263207,2007031212,33.75,185.75,71.8
263218,2007030812,41.0,304.5,61.5
263218,2007030900,49.0,319.5,72.9
263227,2007031000,51.0,320.0,81.9
263227,2007031012,57.0,326.0,86.3
263227,2007031100,61.5,330.75,80.5
263227,2007031112,63.5,331.25,67.4
263232,2007030900,65.0,346.5,64.6
263232,2007030912,66.5,345.25,68.1
263234,2007030912,60.5,319.25,62.4
263257,2007031100,33.75,139.25,68.1
263257,2007031200,47.75,148.0,64.4
263257,2007031212,46.75,142.0,60.4
263285,2007031200,38.5,300.5,61.8
263285,2007031212,44.5,306.0,63.9
263285,2007031300,52.75,314.0,63.0
263285,2007031312,59.25,321.5,72.1
263285,2007031400,64.5,328.0,81.5
263285,2007031412,64.5,326.25,69.4
263285,2007031500,65.75,328.0,61.8
263336,2007031500,39.25,166.75,68.0
263336,2007031512,41.25,172.0,63.3
263336,2007031600,42.0,173.5,66.1
263336,2007031612,43.5,173.5,62.7
263353,2007031712,35.75,164.25,61.4
263353,2007031800,40.75,171.75,64.7
263362,2007031712,64.5,334.25,64.4
263362,2007031800,63.25,341.5,66.9
263402,2007031912,59.0,301.0,60.4
263402,2007032000,64.0,299.5,72.7
263421,2007031800,61.5,354.75,76.4
263421,2007031812,59.75,4.25,66.6
263429,2007031812,35.25,299.0,60.2
263447,2007032112,53.25,308.75,64.2
263447,2007032200,56.75,314.5,65.5
263448,2007031912,38.75,180.5,67.7
263448,2007032000,44.0,183.5,65.7
263448,2007032012,48.0,189.25,70.4
263448,2007032100,54.75,198.75,67.8
263490,2007032512,64.0,325.75,62.6
263616,2007032800,64.0,300.0,64.9
263647,2007032600,39.75,304.0,76.5
263647,2007032612,42.0,308.0,69.5
263647,2007032700,42.5,310.0,61.1
263670,2007032812,37.25,158.5,64.8
263670,2007032900,42.0,168.25,83.1
263670,2007032912,49.25,173.25,67.8
263670,2007033000,52.25,174.75,61.7
263671,2007032700,46.0,233.25,60.1
263687,2007032812,57.0,223.0,62.9
263724,2007033012,40.25,150.0,64.1
263724,2007033100,42.75,157.5,65.4
263724,2007033112,44.25,163.5,71.9
263724,2007040100,49.75,165.5,63.7
263724,2007040112,51.25,164.5,60.7
263747,2007040112,41.5,159.0,63.8
263810,2007040112,45.0,317.75,62.7
263810,2007040212,52.5,311.0,65.2
263845,2007040512,35.5,207.0,65.7
263845,2007040600,40.0,215.75,68.3
263927,2007040612,41.0,180.75,73.6
263984,2007040612,42.0,186.75,60.7
264020,2007040800,41.25,296.75,64.0
264020,2007040812,47.25,298.0,62.5
264020,2007040900,50.0,299.5,64.3
264085,2007041112,46.25,196.25,61.2
264085,2007041200,49.25,202.5,62.7
264126,2007041200,42.25,318.75,75.3
264126,2007041212,46.25,324.0,67.7
264176,2007041312,39.5,182.5,62.9
264176,2007041412,48.75,190.75,68.7
264234,2007041712,38.0,154.0,76.0
264234,2007041800,40.5,162.5,64.9
264234,2007041812,43.75,168.5,68.4
264234,2007041900,46.5,177.0,64.6
264234,2007041912,48.75,186.0,62.1
264242,2007041600,37.0,284.75,67.6
264242,2007041612,40.5,286.5,64.8
264255,2007041700,39.25,183.5,68.7
264307,2007041812,29.5,135.75,60.0
264307,2007041900,32.5,143.25,60.9
264307,2007041912,35.0,150.0,73.3
264307,2007042000,36.5,158.0,80.8
264307,2007042012,39.0,168.0,74.1
264307,2007042100,42.75,177.25,66.1
264307,2007042112,45.75,184.5,63.5
264313,2007042212,64.25,328.0,64.1
264313,2007042300,63.75,325.75,67.9
264411,2007042400,59.0,331.0,63.4
264411,2007042412,61.0,333.5,64.8
270264,2007100312,40.25,326.0,61.2
270267,2007100412,57.5,184.5,61.6
270269,2007100400,54.25,282.5,62.1
270271,2007100700,39.0,163.5,61.7
270390,2007100812,39.75,216.25,63.2
270390,2007100900,43.0,224.75,80.9
270390,2007100912,45.75,227.0,67.0
270390,2007101000,49.0,227.5,60.7
270390,2007101012,52.5,227.5,67.7
270396,2007100900,53.25,322.25,68.8
270396,2007100912,56.25,318.25,78.1
270396,2007101000,56.25,315.0,73.6
270396,2007101012,55.5,314.5,66.0
270412,2007101000,38.75,307.75,67.6
270412,2007101012,42.0,316.75,79.6
270412,2007101100,47.75,323.25,69.2
270412,2007101112,55.0,325.75,60.6
270412,2007101212,60.75,327.25,63.7
270412,2007101400,65.0,328.0,64.7
270447,2007101812,45.75,230.25,68.2
270524,2007101412,53.0,171.5,67.4
270534,2007101412,55.75,180.0,61.3
270534,2007101500,54.0,186.25,63.5
270534,2007101512,54.25,201.5,60.1
270556,2007101500,54.25,198.25,65.3
270556,2007101512,53.25,208.25,60.4
270558,2007101712,56.0,312.0,65.5
270590,2007101800,49.25,203.75,66.4
270590,2007101812,48.75,210.0,64.9
270590,2007101900,49.25,215.0,65.1
270629,2007101812,56.25,309.75,62.1
270654,2007102000,41.0,195.75,63.1
270654,2007102012,44.5,205.25,61.7
270656,2007102100,49.25,147.25,69.3
270658,2007102100,28.25,143.75,60.8
270658,2007102112,31.5,148.5,67.2
270658,2007102200,34.25,155.25,62.5
270688,2007102212,61.5,331.25,60.1
270688,2007102300,66.0,333.5,67.3
270699,2007102300,39.0,214.0,60.2
270699,2007102400,52.75,226.0,62.1
270724,2007102512,64.5,333.0,68.6
270724,2007102600,65.25,330.5,68.1
270726,2007102300,63.0,324.0,65.9
270726,2007102312,65.75,327.5,65.0
270726,2007102400,64.75,320.75,62.3
270771,2007102700,29.5,136.25,63.0
270771,2007102712,35.25,142.5,86.1
270771,2007102800,39.25,149.25,77.3
270771,2007102812,42.0,158.0,75.0
270771,2007102900,47.0,172.75,61.4
270771,2007102912,49.25,186.75,67.8
270771,2007103000,53.5,201.5,62.8
270771,2007103012,57.0,207.5,66.3
270822,2007103100,65.25,337.5,68.9
270847,2007103112,51.0,189.5,62.4
270847,2007110112,56.0,206.0,61.1
270855,2007110112,57.75,327.0,63.2
270855,2007110200,62.25,330.25,64.4
270859,2007110300,32.0,287.75,63.0
270859,2007110312,36.25,289.0,71.7
270859,2007110400,40.5,291.75,74.1
270859,2007110412,47.5,295.75,66.2
270859,2007110512,59.75,304.0,68.5
270894,2007110212,56.0,164.5,70.3
270894,2007110300,56.0,172.5,61.0
270973,2007110812,55.0,194.75,60.8
270982,2007110800,62.25,345.75,69.7
270982,2007110812,60.25,1.0,76.9
271003,2007111100,56.75,313.75,61.2
271003,2007111112,60.25,320.5,67.9
271003,2007111200,65.5,329.0,64.5
271003,2007111212,65.5,333.25,63.7
271029,2007111000,50.0,225.25,62.0
271029,2007111012,54.5,227.0,66.3
271042,2007111112,36.5,149.0,67.5
271043,2007111100,42.25,297.0,67.2
271060,2007111100,48.5,211.75,61.8
271060,2007111112,52.0,221.25,67.3
271063,2007111200,42.25,217.75,68.3
271063,2007111212,48.75,230.75,67.2
271097,2007111312,37.25,211.5,61.1
271097,2007111400,40.0,215.25,63.6
271097,2007111500,50.0,223.25,61.3
271123,2007111400,43.75,189.0,64.1
271123,2007111500,46.5,208.25,62.0
271123,2007111600,52.75,220.0,64.8
271123,2007111612,55.75,218.0,60.4
271123,2007111700,57.25,216.5,63.8
271123,2007111712,58.0,214.0,60.2
271144,2007111800,62.0,292.5,62.6
271164,2007111712,66.75,346.0,64.1
271164,2007111800,66.75,353.25,65.0
271168,2007111800,39.75,176.0,64.2
271168,2007111812,42.5,183.5,64.9
271168,2007111900,43.0,190.75,69.6
271219,2007111912,48.25,198.0,67.1
271219,2007112000,49.0,202.5,72.9
271219,2007112012,50.75,207.25,61.6
271219,2007112100,55.5,207.5,62.5
271226,2007112100,50.0,145.25,65.7
271226,2007112112,50.75,145.25,72.7
271229,2007112000,53.5,167.75,63.6
271229,2007112012,52.25,165.75,68.3
271232,2007112100,38.25,300.25,60.3
271237,2007112100,51.5,175.25,62.5
271248,2007112100,39.5,157.75,62.5
271265,2007112312,64.0,328.75,65.0
271265,2007112400,64.0,337.75,62.7
271272,2007112312,53.75,171.0,60.4
271285,2007112412,52.0,193.5,63.4
271302,2007112512,51.75,206.75,68.0
271302,2007112600,56.0,204.5,69.8
271306,2007112512,58.0,309.5,64.7
271310,2007112600,45.75,179.0,68.9
271310,2007112612,47.5,184.0,63.8
271321,2007112600,61.5,319.5,82.4
271321,2007112612,64.0,319.75,76.3
271322,2007112900,54.0,312.75,68.5
271322,2007112912,57.25,323.0,75.4
271322,2007113000,60.25,331.25,83.1
271322,2007113012,59.5,336.0,72.1
271322,2007120100,59.0,341.0,71.3
271322,2007120112,58.0,348.0,61.3
271330,2007112700,42.25,201.25,69.5
271330,2007112712,52.0,201.75,67.5
271347,2007112712,46.25,168.5,63.5
271347,2007112800,49.5,173.0,67.5
271347,2007112812,50.5,177.0,65.3
271357,2007112912,31.75,146.25,61.6
271357,2007120200,35.75,200.75,66.4
271357,2007120212,38.25,206.0,85.7
271357,2007120300,38.5,210.25,76.1
271357,2007120312,41.5,218.5,69.3
271379,2007120212,36.0,163.75,78.4
271379,2007120300,35.5,171.5,72.4
271379,2007120412,27.25,191.5,61.2
271379,2007120512,27.0,199.25,68.9
271379,2007121012,54.75,207.75,63.7
271379,2007121100,58.25,207.0,63.0
271380,2007113012,51.0,195.0,63.5
271388,2007120212,47.25,309.5,60.4
271409,2007120212,46.0,315.5,62.5
271409,2007120300,48.5,311.25,73.8
271411,2007120212,59.25,336.0,62.0
271416,2007120200,65.5,353.25,64.1
271416,2007120212,63.5,351.25,61.5
271435,2007120400,46.25,159.0,62.6
271435,2007120412,49.75,164.75,67.2
271435,2007120500,52.25,170.25,79.3
271435,2007120512,53.75,176.0,72.1
271436,2007120312,49.0,317.5,74.8
271436,2007120400,53.5,321.75,63.2
271436,2007120412,56.0,327.75,61.8
271436,2007120500,59.5,339.25,62.5
271437,2007120412,56.5,207.0,61.5
271437,2007120500,59.0,209.0,62.1
271448,2007120500,63.75,330.0,67.5
271448,2007120512,64.25,327.0,79.4
271448,2007120600,64.25,325.0,79.5
271448,2007120612,64.75,324.5,67.2
271466,2007120712,53.0,321.0,68.3
271466,2007120800,56.75,329.5,65.5
271466,2007120812,56.25,336.5,86.1
271466,2007120900,54.0,348.0,89.1
271466,2007120912,52.0,358.5,66.6
271470,2007120612,40.0,185.0,61.7
271470,2007120700,45.25,192.25,62.7
271496,2007120812,46.0,173.25,61.0
271497,2007120812,55.75,349.0,62.6
271508,2007120812,45.75,183.75,62.0
271508,2007120900,48.0,185.0,60.0
271515,2007120912,36.25,155.5,76.7
271515,2007121000,39.75,164.5,76.2
271515,2007121012,41.75,171.0,75.5
271515,2007121100,44.5,177.5,66.7
271515,2007121112,47.5,184.75,65.2
271524,2007121000,57.5,312.0,70.8
271524,2007121012,57.5,314.5,73.8
271541,2007121012,58.0,327.5,68.1
271541,2007121100,63.75,322.5,107.3
271541,2007121112,66.25,306.75,72.9
271564,2007121112,42.0,316.5,66.9
271564,2007121200,45.0,326.75,65.5
271568,2007121212,53.5,335.0,69.5
271568,2007121300,62.25,335.0,77.7
271571,2007121300,41.5,162.0,64.0
271571,2007121312,45.0,170.0,67.1
271586,2007121300,61.75,319.5,65.3
271593,2007121412,44.5,150.0,64.0
271593,2007121500,45.25,152.5,61.9
271597,2007121500,54.0,219.75,60.6
271598,2007121300,45.0,310.75,65.3
271598,2007121312,49.5,319.25,77.1
271598,2007121400,55.25,326.0,81.5
271598,2007121412,62.75,327.5,89.2
271598,2007121500,65.0,320.75,79.4
271598,2007121512,62.75,318.75,60.1
271623,2007121500,43.25,313.5,61.3
271623,2007121512,47.5,324.0,64.0
271623,2007121600,55.75,328.75,74.5
271623,2007121612,62.25,327.5,64.2
271623,2007121700,65.0,323.25,62.5
271634,2007121612,43.25,324.0,67.9
271634,2007121700,48.5,330.0,64.6
271634,2007121712,51.25,332.25,63.3
271639,2007121600,59.75,215.0,60.1
271642,2007121800,53.25,178.25,64.0
271642,2007121812,54.75,177.5,65.5
271642,2007121900,55.25,173.75,60.8
271645,2007121700,43.0,289.75,67.6
271645,2007121712,47.75,295.25,65.2
271652,2007121812,38.25,337.5,62.0
271663,2007121800,52.75,304.5,71.1
271664,2007121812,50.0,201.5,60.6
271664,2007121900,48.75,218.75,61.5
271668,2007121900,44.75,173.25,62.7
271668,2007121912,49.5,180.5,80.6
271668,2007122000,52.75,183.75,66.1
271698,2007122112,56.5,213.0,60.1
271712,2007122200,39.5,189.5,64.9
271712,2007122212,43.25,201.0,82.7
271712,2007122300,48.5,211.25,79.4
271712,2007122312,53.5,219.75,73.4
271712,2007122400,56.5,222.75,62.4
271719,2007122200,49.0,221.25,72.3
271719,2007122212,54.0,225.5,64.2
271741,2007122300,45.0,177.0,61.0
271741,2007122312,45.25,184.0,60.5
271746,2007122212,54.75,331.5,63.6
271746,2007122300,61.0,338.5,66.1
271746,2007122312,63.75,345.75,68.3
271748,2007122300,34.25,143.5,61.6
271748,2007122312,36.25,148.25,64.9
271748,2007122412,39.25,167.25,68.2
271748,2007122600,47.5,184.25,69.2
271748,2007122612,50.75,188.75,65.0
271748,2007122712,56.25,196.25,63.9
271756,2007122312,48.5,189.0,62.1
271763,2007122412,40.25,151.25,64.1
271763,2007122500,39.75,162.0,69.4
271764,2007122512,54.5,308.25,60.2
271764,2007122612,60.25,337.0,61.2
271764,2007122700,63.25,344.5,74.6
271764,2007122712,66.75,351.5,64.1
271765,2007122600,66.0,338.75,71.1
271765,2007122612,66.75,341.5,77.8
271765,2007122700,66.75,324.75,76.7
271771,2007122412,53.5,204.75,63.5
271771,2007122500,56.0,208.75,63.2
271771,2007122512,56.75,212.75,70.3
271771,2007122600,56.75,220.25,60.6
271784,2007122612,30.5,166.0,69.2
271789,2007122812,52.75,196.0,62.7
271789,2007122900,54.0,202.5,62.0
271789,2007122912,54.0,212.0,66.9
271798,2007122912,51.25,318.0,64.5
271798,2007123000,58.75,324.25,63.9
271798,2007123012,62.75,326.0,75.5
271798,2007123100,65.25,326.25,74.9
271798,2007123112,64.5,321.25,76.7
271798,2008010100,63.5,324.0,73.5
271801,2007122900,59.25,343.75,63.2
271808,2007122712,40.5,190.0,62.9
271841,2007122912,60.5,306.25,61.1
271849,2007123000,49.75,189.5,60.0
271852,2007123000,44.25,147.75,67.5
271852,2007123012,48.25,147.75,67.5
271852,2007123100,49.25,143.0,68.7
271860,2007123100,49.75,316.0,61.3
271860,2007123112,53.5,326.25,67.9
271860,2008010100,64.5,334.25,70.5
271874,2007123112,49.25,211.75,64.5
271874,2008010100,50.0,209.5,63.0
271874,2008010112,53.75,211.5,69.2
271875,2008010400,57.25,331.0,69.9
271875,2008010412,56.5,337.0,64.9
271875,2008010500,58.75,348.5,68.3
271875,2008010512,59.75,350.5,62.2
271875,2008010900,56.75,353.5,70.4
271875,2008010912,59.75,359.5,68.8
271882,2008010112,50.0,310.5,65.4
271882,2008010200,50.75,321.25,88.5
271882,2008010212,52.25,328.75,79.5
271882,2008010300,50.75,336.75,66.6
271887,2008010112,57.0,172.0,61.7
271903,2008010400,50.5,230.0,68.1
271908,2008010400,45.75,216.75,80.5
271908,2008010412,47.0,224.75,73.2
271908,2008010500,50.75,229.25,60.2
271910,2008010312,48.25,349.25,61.2
271931,2008010512,50.5,159.5,61.1
271932,2008010412,64.25,320.0,65.8
271932,2008010500,62.5,320.25,70.0
271932,2008010512,62.5,320.0,61.9
271944,2008010612,43.5,187.0,62.4
271944,2008010700,44.5,192.75,77.4
271944,2008010712,44.5,201.25,63.5
271952,2008010700,37.0,167.0,79.3
271952,2008010712,37.5,175.25,81.0
271952,2008010800,38.5,181.25,75.0
271952,2008010812,41.75,187.5,63.0
271952,2008010912,46.0,198.5,62.2
271967,2008010700,53.75,352.25,65.7
271987,2008010812,36.5,159.5,69.9
271987,2008011100,39.75,202.5,67.2
271987,2008011112,43.0,210.0,74.3
271987,2008011200,47.5,217.0,62.4
271994,2008010912,57.5,144.5,61.5
272012,2008011012,40.5,170.0,78.3
272012,2008011100,41.25,176.5,77.1
272012,2008011112,40.5,180.75,80.3
272012,2008011200,38.5,187.0,64.7
272013,2008011000,45.5,156.5,73.6
272013,2008011012,49.25,162.0,63.5
272013,2008011100,52.5,160.5,62.8
272013,2008011212,56.0,153.25,61.0
272039,2008011112,55.0,153.25,63.9
272047,2008011212,36.0,153.25,70.4
272047,2008011300,39.75,167.0,75.0
272059,2008011312,53.75,172.5,68.9
272059,2008011400,53.75,168.25,75.2
272059,2008011412,52.75,165.25,71.6
272059,2008011500,49.25,166.5,66.0
272061,2008011412,34.25,216.75,60.1
272061,2008011500,32.5,213.75,60.9
272079,2008011500,52.5,182.75,68.7
272083,2008011412,58.0,177.0,68.5
272083,2008011500,57.25,172.0,66.2
272089,2008011600,53.5,349.75,63.6
272095,2008011512,53.5,358.75,60.4
272104,2008011612,51.75,321.25,63.8
272104,2008011700,55.75,337.5,64.1
272104,2008011812,66.25,348.0,61.5
272106,2008011700,42.75,310.5,64.1
272106,2008011712,46.0,316.25,61.8
272106,2008011800,45.5,320.0,62.4
272111,2008011712,65.75,334.0,75.1
272111,2008011800,65.25,334.25,62.7
272114,2008011800,39.75,180.0,67.1
272114,2008011812,46.25,184.25,78.5
272114,2008011900,53.25,184.0,65.7
272114,2008011912,57.75,181.5,65.6
272119,2008011812,43.25,172.5,60.3
272131,2008011812,57.5,349.0,61.3
272141,2008011900,43.75,187.5,63.6
272142,2008012000,36.25,173.0,64.3
272142,2008012012,39.75,181.75,80.0
272142,2008012100,44.5,186.75,74.9
272142,2008012112,49.0,191.25,65.1
272160,2008012012,39.25,296.0,66.2
272160,2008012100,46.25,309.25,61.9
272160,2008012112,52.0,319.25,89.1
272160,2008012200,58.25,328.5,91.6
272160,2008012212,63.75,331.75,76.1
272160,2008012300,66.25,326.5,61.5
272169,2008012112,45.25,166.5,65.5
272169,2008012200,46.25,169.75,65.5
272179,2008012200,63.25,314.0,79.9
272179,2008012212,63.25,320.75,82.6
272179,2008012300,62.0,319.5,75.2
272179,2008012312,62.25,320.5,73.3
272179,2008012400,63.0,323.5,66.2
272179,2008012412,64.5,325.75,60.6
272179,2008012500,64.5,327.5,67.4
272179,2008012512,65.0,328.5,67.5
272179,2008012600,65.25,331.0,63.3
272183,2008012212,35.0,164.75,72.1
272183,2008012300,38.25,171.5,76.6
272183,2008012312,49.5,175.25,65.4
272183,2008012400,53.75,172.75,83.6
272183,2008012412,56.25,173.25,71.0
272183,2008012500,58.0,176.0,64.7
272198,2008012400,34.25,184.0,60.6
272206,2008012400,37.0,150.25,60.0
272206,2008012412,40.25,155.0,64.3
272206,2008012500,43.25,156.0,73.8
272206,2008012512,42.0,158.0,66.8
272206,2008012600,46.0,163.75,67.9
272207,2008012400,53.75,316.0,70.7
272207,2008012412,59.25,332.5,70.3
272207,2008012500,62.5,351.0,83.2
272209,2008012400,41.25,140.0,67.4
272221,2008012600,47.5,311.25,65.9
272221,2008012612,51.5,316.75,69.8
272221,2008012700,58.25,324.0,67.6
272221,2008012712,65.0,331.75,82.8
272233,2008012600,58.5,220.5,63.0
272233,2008012700,56.0,224.0,63.4
272260,2008012800,39.5,291.0,66.1
272260,2008012900,39.5,296.0,65.5
272273,2008013012,62.0,337.5,65.6
272275,2008012912,49.25,189.25,60.5
272275,2008013000,52.25,197.75,67.3
272275,2008013012,52.75,206.75,65.5
272275,2008013100,54.25,219.0,63.6
272278,2008012912,53.5,221.5,61.6
272281,2008013000,40.0,158.75,67.4
272281,2008013012,43.25,165.25,64.9
272281,2008013100,46.0,169.75,69.6
272281,2008013112,48.75,174.0,65.4
272281,2008020112,52.0,170.5,69.1
272283,2008013012,61.25,278.5,60.3
272295,2008013012,47.5,278.25,64.5
272315,2008013112,36.5,164.25,62.9
272315,2008020100,41.75,176.0,60.4
272315,2008020200,51.0,195.75,63.8
272323,2008013012,63.5,346.5,64.8
272323,2008013100,59.5,351.0,68.2
272323,2008013112,60.5,356.0,78.9
272323,2008020100,58.5,0.5,74.1
272350,2008020200,60.25,319.0,70.8
272350,2008020212,58.5,321.0,74.2
272353,2008020412,55.0,186.25,60.5
272361,2008020312,35.25,146.25,63.3
272361,2008020400,38.0,154.75,89.3
272361,2008020412,40.0,165.0,84.0
272361,2008020500,44.0,174.25,74.9
272361,2008020512,47.0,179.0,68.0
272361,2008020600,49.25,185.0,62.0
272361,2008020612,51.0,191.0,60.8
272395,2008020700,64.0,324.0,64.5
272395,2008020712,65.25,321.25,67.3
272396,2008020500,50.0,215.5,61.5
272396,2008020512,54.0,225.0,73.0
272411,2008020800,52.25,321.5,71.2
272411,2008020812,59.25,329.0,72.6
272411,2008020900,64.0,329.5,78.8
272411,2008020912,65.75,324.5,82.8
272411,2008021000,66.5,322.0,66.7
272411,2008021112,67.0,323.75,61.2
272418,2008020700,30.75,149.75,64.0
272418,2008020712,36.25,158.25,69.4
272419,2008020700,37.75,181.75,67.4
272419,2008020712,40.75,190.25,72.0
272419,2008020800,43.75,197.25,63.5
272419,2008020912,53.25,210.5,60.3
272422,2008020700,59.75,339.25,67.0
272422,2008020712,66.0,348.0,70.9
272431,2008020712,41.25,156.0,61.6
272431,2008020800,44.25,163.5,82.2
272431,2008020812,46.5,168.5,75.0
272431,2008020900,48.5,171.25,67.6
272435,2008020800,54.75,345.5,60.5
272435,2008020812,59.5,352.5,64.9
272469,2008021000,42.75,318.0,64.3
272469,2008021012,42.75,324.5,75.2
272476,2008021000,42.5,186.0,76.0
272476,2008021012,45.5,191.0,75.7
272476,2008021100,47.5,193.75,62.1
272478,2008021012,29.25,150.75,62.2
272478,2008021100,31.75,160.0,72.7
272478,2008021112,35.0,171.0,73.6
272478,2008021200,39.75,178.75,82.1
272478,2008021212,42.25,186.25,88.7
272478,2008021300,46.25,191.0,74.9
272478,2008021312,49.25,195.0,63.4
272482,2008021000,36.75,143.75,63.7
272482,2008021012,36.0,149.75,61.1
272494,2008021012,46.25,199.25,70.1
272494,2008021100,50.25,204.25,61.4
272497,2008021100,44.25,298.5,65.6
272497,2008021200,50.5,302.0,62.5
272497,2008021212,55.0,306.5,71.0
272497,2008021300,52.75,311.0,65.4
272500,2008021112,44.25,210.75,62.9
272500,2008021200,49.25,216.25,69.3
272500,2008021212,56.5,219.75,64.1
272504,2008021300,45.5,150.25,65.8
272504,2008021312,48.25,146.0,70.2
272504,2008021400,46.5,146.75,69.3
272520,2008021312,35.5,279.0,62.9
272520,2008021400,42.75,290.25,68.1
272520,2008021412,49.5,299.0,65.5
272522,2008021400,40.5,168.0,64.4
272522,2008021412,42.5,175.0,79.1
272522,2008021500,45.25,179.25,70.9
272529,2008021412,37.0,329.0,73.1
272529,2008021500,33.0,331.0,61.6
272545,2008021712,57.25,306.5,64.2
272559,2008021700,58.5,209.5,68.6
272594,2008021812,44.25,217.25,60.5
272594,2008022000,56.75,208.25,63.4
272597,2008021912,44.0,198.75,66.6
272597,2008022000,46.25,207.0,77.9
272597,2008022012,51.0,212.5,60.3
272619,2008022012,58.0,309.0,64.2
272619,2008022112,62.25,325.25,63.9
272637,2008022212,41.0,167.25,67.8
272637,2008022300,43.0,171.75,65.7
272661,2008022312,62.25,341.5,70.4
272661,2008022400,65.25,356.0,70.3
272661,2008022412,67.0,10.0,68.2
272678,2008022312,41.0,140.5,70.6
272679,2008022312,33.75,191.25,68.8
272679,2008022400,37.5,196.25,69.9
272679,2008022500,36.25,199.0,64.3
272681,2008022300,35.0,218.75,90.5
272681,2008022312,37.25,223.5,84.4
272681,2008022400,38.0,228.0,66.6
272692,2008022300,37.75,288.25,63.0
272692,2008022312,41.5,299.0,60.7
272692,2008022400,46.75,310.25,62.9
272692,2008022412,51.0,320.75,64.2
272692,2008022500,55.25,328.75,64.7
272692,2008022512,59.0,336.75,67.2
272692,2008022600,60.75,348.25,67.8
272692,2008022612,61.5,355.75,61.1
272709,2008022312,38.75,151.25,64.4
272709,2008022400,40.5,151.0,65.2
272709,2008022412,37.75,155.25,69.8
272709,2008022500,40.25,165.75,62.2
272720,2008022500,64.25,298.0,61.8
272729,2008022512,49.0,169.75,67.6
272730,2008022912,62.25,351.5,66.1
272730,2008030100,62.25,0.5,62.8
272731,2008022600,42.0,321.25,63.0
272732,2008022700,52.75,217.75,68.5
272760,2008022600,54.75,162.75,61.1
272763,2008022800,63.5,324.0,62.7
272769,2008022700,44.25,150.0,66.9
272769,2008022712,46.0,152.25,81.1
272769,2008022800,49.25,154.5,67.0
272769,2008022812,50.25,151.75,63.3
272783,2008022800,63.5,341.5,61.4
272798,2008030212,47.0,297.25,60.6
272798,2008030312,54.5,310.75,61.6
272798,2008030512,57.0,316.5,63.2
272798,2008030600,60.5,322.75,64.0
272798,2008030612,59.75,331.75,69.8
272820,2008030112,60.0,321.5,60.0
272820,2008030200,60.5,319.0,74.6
272820,2008030212,59.5,326.25,79.0
272820,2008030300,58.0,338.5,67.8
272832,2008030112,57.0,337.0,61.0
272832,2008030200,57.5,350.0,63.2
272839,2008030200,41.25,173.0,60.2
272839,2008030212,42.0,179.75,65.9
272839,2008030300,47.0,186.75,65.1
272896,2008030812,49.5,210.75,60.9
272914,2008030412,63.0,323.25,68.4
272914,2008030500,63.5,325.75,61.7
272934,2008030500,66.0,340.0,66.5
272935,2008030512,38.5,191.5,60.0
272935,2008030600,43.0,202.5,61.1
272935,2008030612,47.5,207.5,64.6
272935,2008030712,56.25,210.25,60.4
272980,2008030800,63.5,339.0,67.9
272980,2008030812,62.75,342.75,69.1
272991,2008030900,42.25,285.0,64.9
272991,2008031112,56.25,342.25,72.8
272991,2008031200,56.5,353.25,68.4
273003,2008030812,37.0,161.0,66.1
273003,2008030912,39.75,178.25,60.3
273003,2008031000,40.25,186.5,61.0
273003,2008031012,41.5,186.5,75.6
273003,2008031100,41.75,192.25,63.7
273015,2008031312,44.25,175.0,60.0
273029,2008031000,41.5,215.75,62.5
273029,2008031012,45.25,222.0,66.8
273029,2008031100,49.25,226.0,63.7
273044,2008030912,55.0,332.75,68.6
273044,2008031000,53.5,344.25,95.5
273044,2008031012,52.5,355.5,76.1
273045,2008031000,63.5,344.5,69.9
273049,2008031012,60.75,330.0,61.2
273049,2008031100,62.0,331.75,60.0
273076,2008031112,42.25,209.75,60.8
273081,2008031112,58.25,326.0,61.5
273128,2008031400,47.25,308.0,67.8
273128,2008031412,50.25,311.5,65.8
273128,2008031500,52.0,312.5,63.9
273155,2008031612,36.5,290.0,67.1
273155,2008031700,38.25,297.75,74.4
273155,2008031712,40.5,302.0,76.1
273155,2008031800,41.0,304.5,77.7
273155,2008031812,42.5,305.5,69.4
273155,2008031900,42.75,305.0,65.9
273155,2008031912,40.25,305.5,62.8
273271,2008032000,31.75,137.25,62.2
273271,2008032012,31.25,141.5,61.3
273271,2008032100,31.5,145.0,61.5
273302,2008031900,39.5,314.25,69.2
273323,2008032000,38.25,315.5,60.8
273375,2008032300,52.5,224.5,68.1
273417,2008032600,60.25,322.0,60.1
273417,2008032612,59.5,323.25,64.6
273468,2008032600,37.5,300.0,68.8
273468,2008032612,39.25,308.0,62.3
273468,2008032700,41.25,316.5,73.0
273474,2008032800,58.75,342.0,60.8
273474,2008032812,59.0,336.5,62.4
273493,2008033000,61.75,351.0,61.0
273502,2008032812,41.75,169.75,61.2
273545,2008032912,39.75,159.0,61.7
273587,2008040312,54.25,301.75,62.2
273587,2008040400,53.5,302.0,63.6
273621,2008033112,39.25,146.0,66.7
273621,2008040100,40.75,147.5,76.4
273621,2008040112,41.0,150.5,68.5
273621,2008040200,41.25,154.75,61.8
273624,2008040300,62.25,334.5,60.8
273641,2008040200,59.75,322.0,64.4
273641,2008040212,59.0,320.0,66.6
273831,2008040800,33.75,140.0,66.9
273831,2008040812,33.5,143.0,61.0
273897,2008041000,58.5,345.5,62.5
273941,2008041300,47.75,160.5,64.3
273964,2008041212,50.0,216.75,66.3
274031,2008041500,54.5,323.75,60.0
274031,2008041512,57.75,319.0,64.9
274054,2008041412,56.25,308.75,61.9
274054,2008041500,56.0,304.25,67.7
274163,2008041800,40.0,197.25,64.7
274183,2008042000,53.5,166.5,62.4
274221,2008042112,52.0,321.25,66.6
274342,2008042612,61.0,347.0,61.5
274383,2008042612,39.5,306.0,67.1
274383,2008042700,38.75,302.75,62.5
280146,2008100312,62.25,347.5,60.2
280164,2008100500,61.5,0.5,65.1
280168,2008100900,50.75,187.5,62.2
280168,2008101000,54.25,187.0,62.9
280194,2008100612,61.25,327.5,62.5
280194,2008100700,61.25,336.5,62.8
280194,2008100712,62.75,330.0,76.8
280194,2008100800,60.0,319.0,67.4
280206,2008100700,49.0,228.0,68.0
280217,2008100700,60.25,318.5,60.8
280244,2008100800,45.75,314.75,65.3
280244,2008100812,50.75,321.25,79.0
280244,2008100900,57.5,328.25,87.7
280244,2008100912,60.75,332.0,82.1
280244,2008101000,62.5,333.75,63.8
280284,2008101212,56.0,149.75,60.2
280284,2008101300,55.75,152.5,60.0
280310,2008101312,60.25,320.5,68.6
280311,2008101012,60.75,200.5,62.2
280341,2008101212,56.25,161.75,61.8
280362,2008101600,59.75,306.75,68.7
280412,2008101712,66.0,331.0,61.4
280434,2008102000,62.0,347.0,71.1
280434,2008102012,62.75,354.75,61.7
280434,2008102100,66.25,2.75,61.4
280449,2008102012,38.5,153.5,66.5
280449,2008102100,39.75,156.75,68.1
280449,2008102112,44.75,166.0,66.7
280449,2008102200,48.75,174.25,82.8
280449,2008102212,50.5,183.0,84.1
280449,2008102300,52.25,192.5,72.3
280449,2008102312,53.0,202.5,64.2
280469,2008102000,36.25,291.5,70.5
280469,2008102012,38.25,293.75,60.0
280469,2008102200,46.0,308.25,61.4
280469,2008102212,47.25,315.75,66.1
280483,2008102100,44.25,203.25,60.7
280483,2008102112,46.75,209.0,66.8
280483,2008102200,53.0,213.75,62.8
280527,2008102212,61.75,320.25,67.0
280542,2008102212,57.5,334.0,61.7
280542,2008102300,63.0,342.5,64.0
280542,2008102400,65.25,338.0,85.5
280560,2008102412,61.75,216.5,61.2
280564,2008102400,66.25,354.0,69.6
280577,2008102500,56.0,335.5,66.7
280577,2008102512,61.5,351.5,73.1
280577,2008102600,66.75,4.0,73.8
280591,2008102500,60.75,322.75,61.1
280594,2008102612,54.75,210.0,62.9
280654,2008102812,61.0,0.5,68.8
280700,2008110100,41.75,225.0,61.5
280701,2008110200,61.0,309.0,62.3
280752,2008110400,50.0,321.75,79.4
280752,2008110412,56.5,326.5,72.8
280752,2008110500,62.75,326.75,83.5
280752,2008110512,64.75,325.0,68.2
280784,2008110512,34.75,285.5,66.7
280791,2008110700,57.5,218.5,60.6
280804,2008110800,60.5,320.5,63.4
280804,2008110900,59.25,324.5,61.9
280810,2008110712,50.25,143.0,64.0
280810,2008110800,45.5,145.25,64.2
280810,2008110812,45.25,149.25,62.4
280822,2008110812,41.5,166.0,68.3
280822,2008110900,44.0,171.25,65.6
280822,2008110912,45.5,174.0,61.6
280822,2008111000,46.25,173.25,65.6
280822,2008111012,43.5,171.75,62.6
280837,2008110812,55.0,345.0,66.7
280837,2008110900,58.25,348.0,66.1
280837,2008110912,60.0,347.75,64.5
280837,2008111000,59.5,347.0,63.1
280837,2008111012,58.5,351.0,61.7
280882,2008111300,32.0,144.5,62.9
280919,2008111412,53.75,218.75,61.8
280919,2008111500,56.75,221.5,62.8
280964,2008111612,50.75,145.75,61.9
280964,2008111700,54.25,145.25,66.1
280989,2008112100,52.0,155.0,60.5
280993,2008111800,60.5,299.0,70.9
280993,2008111812,64.25,306.25,63.4
281007,2008111912,40.25,297.75,63.1
281007,2008112112,59.0,300.5,65.4
281037,2008112112,51.0,225.5,64.4
281045,2008112200,38.0,292.75,64.9
281045,2008112212,45.75,297.5,65.2
281046,2008112200,63.75,321.25,62.8
281049,2008112400,54.25,185.0,62.0
281049,2008112412,53.5,191.25,63.1
281065,2008112312,51.0,221.25,61.8
281078,2008112412,55.75,200.25,60.9
281090,2008112500,36.5,146.5,63.4
281090,2008112512,37.75,156.25,76.8
281090,2008112600,40.25,168.5,81.1
281090,2008112612,43.25,179.25,84.0
281090,2008112700,45.75,189.0,87.4
281090,2008112712,49.75,195.75,75.1
281090,2008112800,50.25,199.0,65.7
281090,2008112812,52.5,204.0,60.7
281093,2008112712,64.0,350.0,60.0
281095,2008112512,45.75,185.5,69.8
281095,2008112600,48.0,197.0,69.6
281095,2008112612,50.5,209.0,64.7
281095,2008112700,54.5,215.25,60.6
281098,2008112800,40.5,5.5,62.5
281112,2008112700,61.75,348.75,62.5
281132,2008120100,58.0,304.5,65.0
281132,2008120112,62.25,302.0,63.5
281133,2008112812,39.75,146.5,66.7
281150,2008113000,45.75,358.0,60.5
281153,2008120100,48.0,158.5,62.2
281165,2008112912,44.0,168.25,62.8
281165,2008113000,46.5,181.5,71.1
281165,2008113012,45.25,186.75,76.1
281165,2008120100,46.75,188.0,70.8
281165,2008120112,48.0,186.5,65.5
281165,2008120200,48.0,184.5,62.7
281165,2008120212,45.75,182.5,63.4
281190,2008120300,54.5,142.5,61.7
281201,2008120200,62.25,321.75,63.2
281204,2008120212,41.5,187.75,61.9
281227,2008120412,30.75,159.75,66.3
281227,2008120500,30.5,162.75,71.9
281227,2008120512,29.0,167.0,69.6
281227,2008120600,27.25,169.5,77.8
281244,2008120412,57.75,345.5,64.5
281245,2008120500,58.5,191.5,60.5
281252,2008120600,64.0,323.0,61.0
281274,2008120800,48.0,198.5,64.7
281274,2008120812,50.5,202.0,65.8
281276,2008120600,50.75,146.75,60.3
281299,2008120712,38.0,291.0,60.3
281299,2008120800,44.5,298.0,66.9
281299,2008120812,51.0,301.5,63.5
281299,2008120900,55.25,304.75,66.1
281303,2008121100,57.75,147.5,60.9
281306,2008120712,65.25,348.75,60.5
281331,2008120912,62.25,305.5,71.4
281331,2008121000,64.25,306.25,64.3
281341,2008121012,43.75,154.5,66.0
281341,2008121100,44.75,164.25,65.9
281351,2008121112,30.5,193.5,62.6
281351,2008121200,32.0,194.25,65.1
281362,2008121112,57.25,164.0,71.5
281362,2008121200,59.0,170.0,61.3
281365,2008121212,54.0,163.0,61.2
281367,2008121100,54.0,314.0,62.4
281367,2008121112,58.75,330.0,63.4
281367,2008121200,65.25,331.25,76.0
281367,2008121212,64.5,320.75,78.5
281380,2008121212,41.5,287.75,64.3
281380,2008121300,50.0,297.25,60.4
281381,2008121212,65.0,345.0,65.6
281381,2008121300,66.75,345.5,66.8
281386,2008121300,48.0,237.0,64.3
281388,2008121300,63.0,331.25,73.6
281388,2008121312,64.25,332.0,72.1
281389,2008121300,61.0,352.75,61.9
281389,2008121312,64.75,351.25,61.7
281406,2008121412,36.5,151.75,60.6
281406,2008121500,44.0,159.75,79.5
281406,2008121512,51.5,164.5,75.2
281406,2008121600,58.75,163.75,66.8
281423,2008121600,61.25,323.75,68.7
281423,2008121612,60.25,336.0,70.5
281435,2008121812,53.0,186.75,61.3
281441,2008121800,65.5,329.25,62.3
281441,2008121812,64.5,328.75,71.5
281441,2008121900,63.75,323.5,66.2
281441,2008121912,62.75,324.0,62.6
281454,2008122012,41.0,302.5,70.7
281454,2008122100,44.0,311.5,64.8
281454,2008122112,49.0,318.0,60.7
281454,2008122200,52.0,321.0,85.0
281454,2008122212,60.25,323.25,69.0
281454,2008122300,64.25,326.25,91.1
281457,2008121712,61.75,342.5,60.4
281459,2008121812,45.25,149.75,65.8
281459,2008121900,49.75,154.25,65.2
281460,2008122312,44.5,221.75,60.9
281460,2008122400,41.25,229.0,61.5
281462,2008121900,55.0,329.0,67.2
281462,2008121912,60.0,343.5,68.5
281462,2008122000,61.75,358.75,74.2
281476,2008122012,56.0,322.5,64.6
281476,2008122100,58.5,327.0,77.5
281488,2008122100,53.5,149.0,68.8
281488,2008122112,56.0,154.5,63.3
281492,2008122200,41.25,291.5,60.5
281492,2008122212,46.25,295.5,72.1
281492,2008122300,48.75,301.5,64.7
281492,2008122312,57.0,317.0,75.0
281492,2008122400,60.75,321.0,78.6
281492,2008122412,66.0,327.5,64.1
281495,2008122100,51.25,225.0,61.7
281514,2008122200,42.25,150.75,60.5
281527,2008122300,39.0,156.25,68.0
281527,2008122312,39.75,160.25,62.8
281532,2008122412,56.5,222.25,68.1
281532,2008122500,51.25,227.0,66.0
281548,2008122700,59.75,217.0,64.1
281548,2008122800,59.0,212.0,60.8
281561,2008122512,49.25,294.75,67.4
281561,2008122600,54.75,307.5,64.8
281561,2008122612,59.0,309.0,74.2
281567,2008122600,46.0,146.25,63.4
281568,2008122500,65.0,322.0,68.2
281587,2008122600,41.25,151.5,62.0
281587,2008122612,43.75,157.0,63.4
281596,2008122700,49.0,150.0,67.3
281596,2008122712,48.25,147.5,68.3
281596,2008122800,48.25,147.25,60.7
281599,2008122800,42.0,326.0,65.5
281599,2008122812,44.0,324.75,67.5
281599,2008122900,41.0,322.25,72.5
281599,2008122912,39.5,325.25,64.1
281615,2008123012,46.75,168.0,61.6
281631,2009010100,41.25,293.0,65.6
281631,2009010112,43.75,299.25,67.4
281631,2009010200,46.25,301.5,64.9
281635,2008123100,52.5,314.0,69.5
281635,2008123112,56.25,305.75,65.9
281635,2009010100,59.0,301.0,60.6
281641,2008123112,40.25,163.0,70.4
281641,2009010100,43.0,168.25,76.2
281641,2009010112,46.25,170.0,65.1
281641,2009010200,47.75,166.0,60.2
281644,2008123100,42.5,308.5,65.9
281644,2008123112,42.75,314.25,70.0
281644,2009010100,45.25,320.0,68.1
281644,2009010112,46.75,322.75,65.1
281671,2009010312,53.25,306.0,70.7
281685,2009010312,44.75,298.5,60.5
281685,2009010400,47.75,308.0,63.4
281686,2009010400,48.75,190.5,60.3
281714,2009010612,58.5,319.5,60.3
281722,2009010712,44.25,185.25,69.1
281743,2009010912,56.75,319.75,69.6
281743,2009011000,61.0,329.0,69.6
281743,2009011012,63.75,336.5,65.4
281768,2009011000,39.25,143.25,67.5
281768,2009011012,40.5,146.5,70.7
281768,2009011100,42.0,150.75,71.9
281768,2009011112,40.75,158.0,69.8
281770,2009011000,43.0,307.75,67.2
281770,2009011012,48.0,316.0,79.4
281770,2009011100,52.0,328.25,79.0
281770,2009011112,60.25,341.25,67.6
281770,2009011200,62.75,350.25,61.4
281773,2009011100,35.75,194.75,64.5
281773,2009011112,38.0,198.0,63.4
281782,2009011012,66.5,346.0,63.6
281783,2009011212,47.5,310.0,68.4
281783,2009011300,51.0,320.0,60.0
281794,2009011112,43.25,169.5,65.3
281794,2009011200,44.5,177.25,66.6
281794,2009011212,46.0,176.5,64.5
281794,2009011300,46.25,181.25,65.4
281794,2009011312,43.75,186.0,66.1
281800,2009011300,38.25,149.75,60.4
281802,2009011312,45.0,321.75,64.5
281802,2009011412,50.5,339.0,71.4
281802,2009011500,54.5,343.25,69.2
281802,2009011600,63.25,345.0,62.2
281820,2009011412,44.25,299.25,70.2
281820,2009011500,51.0,308.0,76.9
281820,2009011512,55.25,314.0,78.6
281820,2009011600,57.0,313.5,79.2
281820,2009011612,56.75,314.5,78.7
281820,2009011700,57.25,317.5,71.7
281823,2009011500,46.75,141.75,65.3
281823,2009011512,46.5,143.75,63.9
281840,2009011600,44.0,207.75,63.6
281840,2009011612,52.0,201.75,62.8
281840,2009011700,58.0,196.5,69.2
281840,2009011712,63.25,193.25,65.6
281849,2009011700,64.5,337.5,76.8
281851,2009011712,62.0,329.75,69.1
281851,2009011800,61.5,330.75,67.8
281851,2009011900,60.0,337.75,63.0
281851,2009011912,59.25,343.0,65.1
281851,2009012000,58.25,348.0,66.7
281861,2009011712,54.25,345.5,75.1
281861,2009011800,59.25,352.0,78.4
281861,2009011812,63.75,350.5,66.8
281861,2009011900,66.75,343.25,70.5
281861,2009011912,65.25,332.0,68.5
281861,2009012000,63.0,328.75,72.2
281861,2009012100,62.75,326.75,63.4
281861,2009012112,62.25,315.0,62.8
281861,2009012200,63.0,314.75,68.8
281869,2009011812,43.0,181.0,64.3
281877,2009012000,44.5,152.0,67.8
281877,2009012012,47.0,164.75,68.4
281888,2009012112,58.0,328.25,63.9
281888,2009012200,59.5,335.5,72.2
281904,2009012112,42.75,304.5,61.1
281923,2009012200,40.0,188.25,66.4
281923,2009012212,46.25,195.5,72.6
281924,2009012212,37.0,218.25,62.6
281928,2009012212,60.25,312.0,66.1
281931,2009012200,58.75,344.5,65.3
281931,2009012212,59.75,344.0,72.7
281931,2009012300,60.25,346.0,60.9
281931,2009012312,62.0,346.0,71.7
281931,2009012400,62.5,343.75,71.9
281931,2009012412,63.75,339.0,73.2
281931,2009012500,63.0,330.5,67.1
281942,2009012312,50.75,141.0,70.4
281942,2009012400,56.0,137.0,61.7
281942,2009012412,58.25,135.25,60.9
281949,2009012600,57.75,315.5,67.8
281949,2009012612,59.75,317.25,65.2
281949,2009012700,59.5,310.75,66.9
281951,2009012312,45.75,337.75,72.6
281951,2009012400,46.0,352.75,80.7
281959,2009012400,54.25,324.5,68.8
281959,2009012412,54.0,338.5,62.6
281959,2009012500,53.0,343.0,86.8
281959,2009012512,51.5,350.75,63.3
281965,2009012600,55.25,144.25,66.1
281987,2009012500,63.5,347.25,60.4
282000,2009013100,60.5,212.75,61.4
282036,2009012712,57.25,143.0,60.2
282038,2009012712,66.5,331.25,63.7
282062,2009012912,47.25,296.5,60.9
282062,2009013112,47.75,340.0,63.3
282064,2009013012,47.25,180.0,61.2
282064,2009013100,48.75,181.25,60.7
282066,2009013000,53.5,343.75,60.0
282074,2009020100,50.0,200.5,64.7
282086,2009013112,36.75,144.75,66.7
282116,2009013112,38.75,300.0,61.5
282116,2009020100,42.0,305.25,61.0
282116,2009020112,46.5,309.5,65.8
282116,2009020200,50.0,313.75,66.8
282116,2009020212,53.0,318.5,75.8
282116,2009020300,55.75,317.75,69.2
282129,2009020100,40.5,153.25,67.2
282129,2009020112,46.0,158.25,62.9
282129,2009020200,48.0,159.25,67.0
282129,2009020212,48.5,162.0,61.8
282129,2009020300,50.0,166.25,66.5
282129,2009020312,51.5,170.25,67.7
282129,2009020400,52.75,174.75,62.3
282138,2009020212,46.0,209.25,60.8
282157,2009020400,43.5,296.25,60.4
282157,2009020500,54.75,306.5,60.9
282157,2009020512,58.75,310.0,60.7
282161,2009020400,46.5,338.75,61.2
282180,2009020500,47.25,348.75,62.3
282192,2009020412,40.5,340.75,68.7
282194,2009020512,41.0,299.25,64.6
282194,2009020612,55.25,311.75,75.6
282211,2009020700,38.75,160.75,75.9
282211,2009020712,42.5,167.75,65.7
282211,2009020800,47.5,169.75,66.3
282211,2009020812,51.5,170.0,65.8
282211,2009020900,53.0,164.25,60.7
282214,2009021000,52.25,311.0,62.3
282214,2009021012,53.75,311.25,66.7
282214,2009021100,54.75,310.0,62.7
282245,2009020912,49.75,168.75,60.0
282245,2009021012,53.75,168.0,61.6
282248,2009020712,60.0,327.5,62.5
282248,2009020800,61.0,322.25,66.4
282248,2009020812,59.75,320.0,63.0
282293,2009020912,46.75,346.0,66.0
282293,2009021000,50.5,358.75,65.6
282301,2009021100,38.0,159.0,63.2
282301,2009021112,39.5,165.75,65.7
282303,2009021012,49.75,222.0,63.9
282303,2009021100,46.25,229.5,60.2
282318,2009021012,46.25,322.5,62.9
282331,2009021212,61.0,319.0,71.7
282332,2009021300,45.75,297.25,60.9
282342,2009021212,34.5,153.5,67.5
282342,2009021300,36.25,163.0,70.2
282342,2009021312,39.75,166.5,65.6
282342,2009021400,41.0,169.75,75.3
282342,2009021412,47.25,177.25,67.1
282348,2009021112,43.5,168.25,66.8
282348,2009021300,53.25,179.75,71.6
282348,2009021312,59.0,187.0,62.5
282355,2009021400,65.25,328.75,66.8
282360,2009021300,45.5,229.75,61.8
282367,2009021412,44.5,150.0,64.2
282367,2009021500,45.0,155.25,63.0
282408,2009021612,48.25,316.0,60.4
282419,2009021500,60.5,327.75,64.0
282419,2009021512,63.75,327.0,64.8
282419,2009021800,65.25,324.5,64.6
282419,2009021812,64.75,322.5,68.6
282449,2009021712,35.25,300.0,82.3
282449,2009021800,38.25,304.5,83.1
282449,2009021812,42.5,308.25,66.7
282454,2009021700,51.75,159.5,71.3
282454,2009021712,52.0,160.0,61.3
282462,2009021700,39.0,161.5,63.0
282462,2009021800,57.0,174.5,76.8
282462,2009021812,60.75,174.5,71.0
282503,2009022000,38.25,173.75,64.2
282503,2009022012,43.5,176.25,67.5
282503,2009022100,47.75,179.25,75.5
282520,2009022012,42.0,139.5,76.6
282534,2009022012,42.0,146.5,70.6
282534,2009022100,44.25,147.75,70.2
282534,2009022112,45.5,157.25,74.9
282534,2009022200,53.75,163.0,60.0
282554,2009022112,59.75,171.25,61.5
282564,2009022500,52.25,178.25,72.1
282564,2009022512,57.75,187.0,75.5
282564,2009022600,61.25,196.25,75.0
282589,2009022312,44.5,293.25,60.0
282609,2009022512,61.75,349.75,65.5
282626,2009022600,55.25,315.0,63.1
282626,2009022612,54.0,316.75,61.9
282638,2009030112,64.0,321.75,63.3
282638,2009030200,63.5,322.25,80.3
282638,2009030212,63.0,326.25,79.8
282638,2009030300,62.25,330.75,70.9
282642,2009022700,44.25,172.5,60.0
282684,2009030100,42.75,224.25,62.1
282684,2009030112,43.0,223.5,68.0
282684,2009030200,45.5,225.0,61.4
282687,2009030212,65.5,346.25,68.3
282687,2009030312,66.25,341.25,71.9
282697,2009030212,39.5,289.75,60.0
282713,2009030312,42.0,170.25,65.1
282713,2009030400,46.0,174.0,63.6
282781,2009030500,62.0,351.0,62.0
282792,2009030500,37.0,152.0,70.8
282792,2009030512,40.25,161.5,76.5
282792,2009030600,42.25,167.75,76.2
282792,2009030612,44.5,173.25,70.6
282792,2009030700,46.25,177.0,62.0
282792,2009030812,60.0,180.75,60.2
282798,2009030412,39.5,302.0,61.6
282800,2009030512,63.5,320.75,65.3
282800,2009030600,62.25,314.0,62.1
282815,2009030612,39.25,8.75,63.3
282821,2009031112,32.0,308.0,60.9
282822,2009030700,60.0,218.25,68.4
282824,2009030700,41.5,148.75,63.7
282824,2009030712,48.75,150.75,72.9
282835,2009030712,62.25,343.75,68.8
282835,2009030800,62.25,344.25,60.7
282865,2009031212,44.5,329.25,61.4
282865,2009031312,57.75,336.5,64.2
282865,2009031400,62.0,334.75,64.5
282865,2009031412,65.0,333.0,81.7
282865,2009031500,64.25,325.0,80.6
282865,2009031512,63.75,325.25,63.0
282869,2009030912,47.0,315.25,61.5
282869,2009031000,52.0,320.75,64.4
282869,2009031012,55.75,323.25,62.4
282869,2009031112,59.0,335.5,60.8
282872,2009031200,55.5,285.25,63.4
282873,2009030800,59.25,352.25,65.5
282885,2009030812,66.75,325.5,60.7
282899,2009031000,35.0,147.0,80.5
282899,2009031012,40.75,151.25,71.0
282899,2009031100,46.25,154.75,80.2
282899,2009031112,49.0,155.0,66.9
282899,2009031200,49.0,157.0,62.5
282922,2009031300,31.5,207.0,61.7
282948,2009031412,58.0,302.75,64.3
282954,2009031412,48.0,144.5,60.8
282954,2009031500,50.0,145.25,60.0
283064,2009031800,37.5,326.75,62.6
283078,2009031800,59.75,318.0,72.6
283088,2009031800,35.0,295.75,64.3
283088,2009031812,35.25,301.0,63.4
283088,2009031900,35.25,306.0,72.7
283088,2009031912,35.25,311.0,67.3
283098,2009032012,61.25,326.75,76.1
283098,2009032100,63.75,321.75,67.6
283117,2009031912,50.0,218.75,60.9
283144,2009032100,49.5,154.25,60.9
283165,2009032112,40.0,160.25,61.8
283165,2009032200,41.75,160.75,72.6
283165,2009032212,38.25,161.75,66.7
283218,2009032400,50.0,147.75,61.6
283230,2009032400,38.25,179.0,64.5
283230,2009032512,49.25,196.5,79.2
283230,2009032600,55.0,204.25,64.4
283245,2009032500,40.25,300.5,65.4
283245,2009032512,39.25,301.5,62.5
283336,2009032900,53.25,190.25,64.6
283341,2009032800,42.0,168.5,64.9
283341,2009032812,42.25,174.75,62.1
283364,2009032900,65.5,328.75,78.5
283364,2009032912,63.5,333.75,72.3
283382,2009033012,40.25,177.25,60.9
283392,2009033012,65.75,354.75,64.7
283446,2009040112,62.25,329.5,69.0
283446,2009040200,61.75,324.75,68.1
283446,2009040212,60.0,320.5,65.0
283446,2009040300,59.25,322.0,61.6
283446,2009040312,59.0,324.0,66.3
283463,2009040312,62.0,336.0,64.1
283463,2009040400,63.0,329.25,62.5
283463,2009040412,60.25,324.75,61.8
283491,2009040200,37.75,147.5,61.2
283491,2009040212,41.5,153.0,70.1
283491,2009040300,41.75,154.75,71.0
283491,2009040312,43.25,160.5,65.5
283491,2009040400,46.0,162.75,62.1
283540,2009040300,50.0,196.25,65.7
283540,2009040312,49.25,202.0,62.8
283615,2009040800,63.5,348.5,71.3
283615,2009040812,66.5,345.25,79.3
283615,2009040900,67.0,346.75,78.3
283621,2009040912,51.25,183.25,65.3
283678,2009040812,63.75,328.75,72.5
283951,2009041800,41.5,320.75,62.2
283951,2009041912,60.5,327.75,64.6
283951,2009042000,62.75,322.25,64.4
283992,2009041900,64.0,309.25,69.6
284040,2009042212,59.75,330.25,65.1
284040,2009042300,59.75,334.0,61.6
284040,2009042312,61.0,338.5,64.7
284040,2009042400,62.75,342.0,60.7
284127,2009042800,62.5,321.0,70.8
284139,2009042512,35.25,141.0,60.3
284139,2009042612,40.75,144.0,61.7
284211,2009043000,52.0,319.25,65.6
284211,2009043012,54.0,329.75,77.9
284211,2009050100,58.0,336.0,64.8
289658,2009100800,36.0,139.0,67.9
289658,2009100812,39.75,143.0,69.8
289658,2009100900,42.25,147.75,66.1
289658,2009100912,43.5,151.75,64.7
289722,2009101112,55.5,319.75,69.7
289722,2009101200,57.5,316.5,71.0
289729,2009100900,59.75,334.0,63.0
289729,2009100912,61.25,333.0,72.3
289729,2009101000,61.5,336.25,67.0
289730,2009100900,40.5,199.25,65.6
289730,2009100912,45.75,203.0,67.1
289730,2009101000,52.0,201.5,62.6
289818,2009101212,58.25,321.0,67.1
289851,2009101412,44.75,304.75,68.5
289851,2009101500,48.75,309.5,75.0
289851,2009101512,54.5,311.75,72.9
289851,2009101600,59.0,311.0,60.8
289880,2009101600,37.0,288.0,61.5
289880,2009101612,40.25,294.0,70.7
289880,2009101700,43.0,300.0,67.3
289880,2009101712,47.0,306.75,61.2
289880,2009101900,55.5,329.75,63.7
289880,2009101912,56.75,335.5,67.2
289880,2009102000,54.25,340.25,66.4
289944,2009101812,38.0,187.0,66.2
289944,2009101900,40.25,194.0,74.7
289944,2009101912,43.5,199.75,75.9
289944,2009102000,46.0,203.25,68.0
289944,2009102100,49.75,211.75,60.7
289965,2009101812,37.25,151.75,64.8
290012,2009102012,40.5,174.25,61.2
290055,2009102312,45.0,302.0,61.7
290055,2009102400,44.75,313.0,68.2
290055,2009102412,46.5,318.25,74.0
290055,2009102500,46.0,323.25,71.8
290097,2009102612,31.0,138.75,74.6
290137,2009102700,56.5,306.25,62.9
290149,2009102612,36.0,142.0,71.0
290149,2009102700,37.75,145.75,84.1
290149,2009102712,43.75,151.5,90.3
290149,2009102800,48.25,159.75,77.9
290149,2009102812,50.5,165.25,72.4
290149,2009102900,51.75,168.25,63.5
290164,2009102700,53.75,315.0,61.5
290164,2009102712,53.5,317.25,69.8
290164,2009102800,50.5,317.25,60.5
290182,2009102912,56.25,221.5,61.1
290190,2009110112,32.0,306.75,64.9
290198,2009103012,62.0,322.0,61.4
290198,2009110300,61.5,331.75,60.0
290201,2009103012,52.5,155.5,61.0
290201,2009103100,53.25,160.25,64.1
290207,2009103100,63.25,337.75,65.4
290222,2009110100,57.5,285.5,62.6
290222,2009110112,60.75,305.75,61.8
290226,2009110112,47.0,154.75,62.8
290226,2009110300,56.5,178.75,67.0
290244,2009110200,36.75,147.5,62.6
290244,2009110212,44.5,164.0,66.8
290254,2009110212,51.0,152.0,64.6
290258,2009110312,48.0,171.25,60.6
290258,2009110412,53.0,198.0,67.6
290258,2009110500,53.25,211.0,75.5
290258,2009110512,54.75,215.25,64.4
290258,2009110600,56.25,216.0,66.2
290258,2009110612,56.75,217.25,61.1
290283,2009110600,59.5,328.0,61.8
290283,2009110612,60.25,336.5,73.7
290283,2009110700,58.0,344.5,69.1
290283,2009110712,56.0,350.0,62.3
290359,2009110812,56.0,318.25,66.2
290359,2009110900,62.25,325.0,64.2
290393,2009111300,34.75,284.0,61.8
290412,2009111112,63.0,191.5,61.5
290412,2009111200,65.0,197.75,63.3
290489,2009111412,58.5,214.5,77.9
290490,2009111412,44.5,145.75,65.0
290493,2009111312,47.75,341.25,61.8
290493,2009111400,49.5,346.75,63.8
290512,2009111512,42.75,141.75,60.1
290554,2009111712,33.5,140.25,65.0
290554,2009111800,39.25,150.5,62.7
290554,2009111812,46.75,158.0,61.4
290554,2009111900,50.75,165.25,80.7
290554,2009111912,54.25,171.0,72.0
290554,2009112000,56.25,173.25,70.6
290554,2009112012,56.25,173.0,60.8
290555,2009111800,51.5,323.0,69.1
290555,2009111812,53.75,332.75,62.1
290555,2009112000,62.75,339.75,71.2
290555,2009112012,64.5,342.75,75.0
290555,2009112100,66.75,348.0,64.9
290558,2009111700,47.5,226.0,65.2
290558,2009111712,51.25,230.75,66.0
290564,2009112012,51.0,329.75,64.8
290564,2009112100,53.75,331.75,61.1
290564,2009112112,54.75,337.5,68.9
290564,2009112200,55.0,342.5,76.5
290564,2009112212,56.0,350.25,62.6
290569,2009111900,51.25,226.5,61.0
290605,2009112212,49.5,206.25,65.4
290606,2009112100,50.0,176.0,74.9
290606,2009112112,53.25,183.75,61.4
290611,2009112400,55.5,335.5,60.0
290611,2009112500,57.5,347.5,69.7
290611,2009112512,59.25,352.25,64.8
290611,2009112600,61.75,0.75,60.1
290617,2009112212,47.0,236.0,63.6
290626,2009112300,46.25,179.5,60.3
290626,2009112312,45.75,187.25,62.1
290633,2009112212,39.5,172.25,63.0
290633,2009112300,40.25,184.5,68.2
290633,2009112312,42.0,194.0,73.4
290633,2009112400,44.0,201.0,72.7
290633,2009112412,46.0,207.0,69.6
290633,2009112500,48.25,213.25,60.8
290636,2009112200,63.25,319.75,69.8
290636,2009112212,62.0,320.5,60.1
290662,2009112500,53.75,170.75,60.0
290662,2009112512,54.0,181.75,62.0
290662,2009112612,53.5,196.75,60.3
290678,2009112700,42.0,181.5,64.9
290678,2009112712,45.5,192.0,74.7
290678,2009112800,49.5,201.5,72.1
290678,2009112812,53.0,209.25,72.3
290678,2009112900,57.0,214.5,64.9
290716,2009112812,48.75,161.25,64.3
290716,2009112900,51.0,169.75,65.8
290716,2009112912,54.0,176.25,69.8
290716,2009113000,54.75,178.25,76.9
290716,2009113012,54.25,185.75,73.4
290721,2009120200,46.75,304.0,66.4
290721,2009120212,52.0,307.25,65.4
290721,2009120300,54.75,304.75,68.9
290738,2009113000,53.25,305.5,66.3
290738,2009113012,54.25,308.0,68.2
290738,2009120100,55.0,310.75,60.1
290760,2009120112,54.5,332.75,65.8
290764,2009120212,39.75,177.5,74.8
290764,2009120300,41.0,185.75,89.9
290764,2009120312,44.0,189.75,76.8
290764,2009120400,46.75,190.5,64.4
290764,2009120512,53.5,180.0,67.1
290764,2009120600,56.5,176.75,64.9
290771,2009120200,61.25,342.5,64.8
290773,2009120200,51.0,150.0,61.1
290775,2009120312,43.25,286.5,63.1
290775,2009120412,46.0,316.0,61.7
290775,2009120500,48.5,334.75,70.8
290775,2009120600,55.75,345.5,68.1
290775,2009120612,57.75,346.5,63.9
290775,2009120700,60.5,347.75,61.8
290776,2009120212,32.25,205.75,64.3
290776,2009120300,32.25,209.25,62.4
290788,2009120400,38.75,152.25,67.9
290788,2009120412,40.25,161.5,87.6
290788,2009120500,41.75,174.25,79.6
290788,2009120512,42.0,185.25,93.8
290788,2009120600,42.5,193.75,76.0
290788,2009120612,46.5,193.5,62.9
290796,2009120312,33.0,193.75,64.9
290796,2009120400,36.5,200.25,70.4
290796,2009120500,49.25,193.25,69.9
290804,2009120500,59.5,327.0,60.5
290804,2009120512,60.0,326.25,60.7
290804,2009120600,61.0,321.5,61.5
290815,2009120512,64.25,334.5,67.8
290832,2009120612,43.25,299.0,69.5
290832,2009120700,47.0,311.5,86.2
290832,2009120712,51.75,321.75,93.2
290832,2009120800,55.25,326.25,70.6
290832,2009120812,57.0,330.5,64.4
290832,2009120900,59.5,329.75,61.6
290832,2009120912,59.0,324.75,60.6
290872,2009120912,43.0,321.0,70.9
290872,2009121000,47.5,327.25,70.9
290872,2009121012,54.25,329.25,60.3
290872,2009121112,60.5,320.0,71.9
290897,2009121000,43.0,290.0,62.1
290897,2009121012,47.0,296.0,60.8
290914,2009121300,37.5,151.5,76.4
290914,2009121600,36.75,197.25,61.1
290914,2009121612,38.5,203.5,65.1
290914,2009121700,42.75,210.75,60.1
290914,2009121800,52.0,221.0,63.5
290914,2009121812,61.0,218.75,61.4
290956,2009121400,57.75,278.5,65.8
290956,2009121412,56.25,281.75,60.7
290977,2009121412,40.25,296.25,62.8
290983,2009121512,41.0,335.0,60.2
290994,2009121800,33.5,203.25,64.8
290994,2009121812,34.5,208.5,64.6
291009,2009121700,36.25,155.0,68.6
291009,2009121712,45.0,168.25,72.7
291009,2009121800,48.0,172.25,78.2
291009,2009121812,50.75,175.25,80.4
291009,2009121900,52.5,177.0,60.9
291009,2009121912,53.5,174.0,65.9
291019,2009121700,39.0,304.75,64.3
291023,2009121812,41.0,158.5,64.4
291023,2009121900,43.75,170.0,62.1
291023,2009121912,50.5,182.0,62.4
291035,2009122012,39.75,291.75,77.2
291035,2009122100,41.5,296.5,70.6
291035,2009122112,41.75,302.25,64.0
291036,2009121900,41.5,317.5,75.6
291045,2009122012,44.5,183.25,63.9
291045,2009122100,45.5,190.0,74.6
291049,2009121912,62.5,3.25,68.9
291049,2009122000,63.0,0.0,65.8
291049,2009122012,59.75,355.25,64.3
291069,2009122112,44.5,150.75,66.3
291069,2009122200,44.75,157.5,76.8
291069,2009122300,43.75,176.5,71.1
291074,2009122500,65.25,339.5,71.9
291077,2009122100,51.0,193.75,63.4
291077,2009122200,59.25,189.0,61.7
291090,2009122212,41.25,181.75,64.8
291090,2009122300,42.5,189.5,73.9
291090,2009122312,43.5,196.5,67.3
291120,2009122500,43.75,169.5,68.8
291120,2009122512,44.5,175.0,74.0
291120,2009122600,44.75,177.75,64.5
291124,2009122600,38.5,314.5,65.3
291124,2009122612,39.0,315.5,70.8
291124,2009122700,38.75,322.25,74.7
291124,2009122712,41.5,328.0,60.7
291124,2009123000,45.0,338.25,61.0
291129,2009122800,41.25,164.0,62.9
291142,2009122800,37.25,167.25,64.1
291142,2009122812,36.75,174.5,61.8
291179,2009122812,41.25,146.0,61.9
291179,2009122900,43.25,150.5,63.6
291184,2009123000,51.25,301.25,60.5
291184,2009123012,57.0,301.0,66.6
291190,2009123112,44.75,214.5,60.1
291190,2010010100,46.5,221.0,65.5
291203,2009123100,50.75,349.25,69.3
291203,2009123112,46.5,344.25,66.1
291204,2010010112,45.75,145.0,62.0
291210,2009123100,27.75,151.5,70.6
291213,2009123100,55.5,309.25,70.0
291224,2009123112,53.25,311.75,60.8
291224,2010010100,47.75,316.25,64.4
291224,2010010112,46.75,312.0,63.1
291246,2010010100,35.25,170.0,73.0
291246,2010010112,38.0,176.5,64.5
291246,2010010212,40.25,189.0,60.3
291255,2010010112,42.75,324.25,63.5
291263,2010010200,42.5,147.25,64.8
291263,2010010212,42.5,154.0,64.7
291263,2010010300,42.75,157.75,66.6
291264,2010010300,46.75,342.5,65.7
291265,2010010212,40.0,297.0,61.5
291265,2010010300,44.25,296.75,61.6
291277,2010010400,42.0,181.75,60.6
291285,2010010412,42.5,300.25,61.7
291293,2010010412,48.0,308.0,64.9
291296,2010010412,38.0,195.0,62.6
291307,2010010512,40.75,142.5,60.9
291309,2010010700,45.25,196.5,63.4
291318,2010010600,37.75,199.5,61.4
291321,2010010700,52.5,167.0,62.1
291323,2010010700,48.0,313.75,63.8
291323,2010010712,53.25,313.25,60.4
291325,2010010900,43.25,180.0,60.4
291335,2010010712,38.5,175.25,60.8
291340,2010010912,46.5,325.0,66.2
291353,2010010900,40.0,298.75,62.1
291353,2010010912,44.25,305.75,63.7
291353,2010011000,47.0,311.75,66.6
291353,2010011012,50.0,315.0,65.7
291353,2010011100,52.0,314.25,67.5
291358,2010011000,40.75,192.25,63.4
291396,2010011200,36.75,180.5,60.3
291396,2010011212,35.75,193.0,63.6
291397,2010011200,48.5,345.0,63.3
291397,2010011212,52.25,344.0,66.0
291397,2010011412,63.5,326.0,60.2
291399,2010011300,42.0,152.5,72.8
291399,2010011312,44.5,154.25,70.8
291399,2010011400,46.5,162.75,79.4
291399,2010011412,48.0,171.25,72.4
291399,2010011500,49.75,173.5,73.4
291399,2010011512,50.5,179.75,64.2
291399,2010011600,49.25,185.0,60.5
291421,2010011400,41.0,305.75,61.7
291421,2010011412,41.5,313.0,63.1
291421,2010011500,41.5,320.75,65.9
291439,2010011500,58.25,339.0,62.7
291445,2010011500,60.75,324.5,60.1
291446,2010011512,50.0,337.5,65.6
291450,2010011700,58.75,309.0,65.2
291461,2010011700,61.0,347.0,66.2
291469,2010011700,46.25,223.25,62.5
291469,2010011712,50.75,228.5,61.6
291479,2010011800,51.75,317.0,62.4
291479,2010011812,51.75,320.75,63.8
291479,2010011900,55.25,319.75,67.1
291479,2010011912,55.5,324.25,61.8
291479,2010012100,62.0,324.0,60.0
291480,2010011800,45.0,230.0,64.2
291483,2010011800,40.75,217.5,68.7
291483,2010011812,40.0,228.0,73.6
291483,2010011900,42.25,229.75,72.1
291485,2010012012,48.0,331.25,62.2
291485,2010012100,54.25,336.75,65.0
291485,2010012112,60.0,336.0,73.6
291485,2010012200,63.5,328.5,81.0
291495,2010012100,66.75,312.0,66.0
291497,2010011812,42.0,212.0,66.4
291497,2010011900,42.0,219.25,66.1
291513,2010012012,55.75,146.75,67.9
291513,2010012100,53.5,149.75,71.3
291517,2010012112,60.0,158.5,64.6
291525,2010012212,52.5,318.0,68.3
291525,2010012312,61.0,319.5,69.3
291528,2010012100,33.0,176.0,60.5
291528,2010012112,35.75,180.0,63.9
291543,2010012112,46.0,163.25,62.9
291543,2010012200,44.0,165.0,64.0
291552,2010012212,36.25,287.0,79.8
291552,2010012300,37.25,292.25,81.5
291552,2010012312,34.75,295.75,68.5
291557,2010012400,42.25,213.75,64.2
291557,2010012412,44.0,219.0,73.0
291557,2010012500,47.0,224.0,61.1
291571,2010012900,54.5,146.25,60.5
291579,2010012412,34.0,166.5,73.7
291579,2010012500,34.0,175.25,72.8
291579,2010012512,37.25,183.75,65.2
291579,2010012600,40.0,191.25,64.2
291599,2010012600,52.5,149.75,63.1
291599,2010012612,53.25,146.25,75.9
291599,2010012700,53.25,147.75,63.8
291604,2010012500,45.5,323.0,63.1
291608,2010012512,48.75,324.75,62.6
291642,2010013000,56.25,301.75,63.2
291671,2010012912,45.0,187.5,66.2
291679,2010013000,47.75,163.5,61.7
291694,2010013112,38.75,299.5,70.4
291694,2010020100,45.25,311.5,65.0
291694,2010020112,51.25,317.0,74.7
291694,2010020200,56.5,316.0,78.0
291694,2010020212,57.75,312.0,64.6
291694,2010020300,58.5,308.0,64.8
291694,2010020312,58.5,306.5,60.1
291705,2010020112,56.25,140.25,60.9
291721,2010020100,63.25,296.25,67.1
291726,2010020112,49.75,148.25,61.3
291726,2010020212,53.25,139.5,62.0
291744,2010020200,39.0,154.0,71.1
291744,2010020212,41.5,161.0,83.4
291744,2010020300,44.25,166.5,75.8
291744,2010020312,45.0,173.0,71.1
291757,2010020400,37.0,298.5,64.9
291757,2010020412,38.5,305.5,84.6
291757,2010020500,41.0,312.5,81.7
291757,2010020512,43.75,315.75,79.5
291757,2010020600,45.75,315.75,67.9
291757,2010020612,45.75,317.0,63.2
291757,2010020700,46.25,320.25,63.7
291757,2010020812,54.75,319.75,63.9
291758,2010020612,36.75,285.75,61.4
291758,2010020700,36.75,288.0,74.5
291758,2010020712,38.25,297.5,65.2
291762,2010020412,57.75,316.0,60.8
291762,2010020500,58.75,309.5,62.8
291767,2010020312,52.25,322.25,63.2
291768,2010020312,32.0,214.75,61.3
291768,2010020412,40.0,226.25,61.1
291788,2010020400,50.5,332.5,69.5
291788,2010020412,51.25,335.25,67.1
291788,2010020500,51.0,338.75,73.6
291821,2010020612,38.25,158.0,62.4
291821,2010020712,39.5,167.75,69.4
291846,2010020700,53.25,315.75,67.4
291860,2010020800,46.75,179.5,63.3
291860,2010020900,47.75,182.75,69.1
291887,2010020900,52.0,201.0,65.8
291887,2010020912,55.75,201.5,62.1
291888,2010021100,40.25,293.75,71.3
291909,2010021012,40.75,179.0,61.7
291909,2010021100,41.0,193.25,71.9
291909,2010021112,42.0,205.25,75.7
291909,2010021200,44.0,215.25,76.2
291910,2010021200,38.75,190.0,67.6
291910,2010021212,41.0,204.5,68.9
291910,2010021300,45.0,213.5,76.9
291910,2010021312,48.5,217.25,65.3
291920,2010021112,52.25,214.75,60.0
291925,2010021312,33.0,286.0,96.4
291925,2010021400,37.0,297.25,72.4
291925,2010021412,40.0,306.75,83.1
291925,2010021500,43.0,313.75,71.8
291925,2010021512,44.5,315.75,69.1
291941,2010021200,47.5,231.0,61.4
291959,2010021212,42.0,312.75,60.1
291990,2010021500,63.25,351.0,60.2
291993,2010021600,42.5,203.75,60.2
292010,2010021600,37.75,151.0,68.2
292010,2010021612,42.25,160.0,62.2
292010,2010021700,49.25,167.5,67.2
292010,2010021712,52.75,165.75,77.6
292010,2010021800,52.5,169.25,69.8
292010,2010021812,52.75,171.75,62.3
292043,2010021812,33.75,347.5,62.3
292056,2010021800,46.25,188.75,60.8
292057,2010021900,38.75,153.75,72.8
292057,2010022012,45.25,181.5,64.2
292057,2010022100,44.75,187.5,72.2
292057,2010022112,44.0,195.75,67.1
292089,2010022300,46.75,337.25,66.6
292089,2010022312,47.0,341.25,68.8
292089,2010022400,47.5,346.5,67.1
292098,2010022200,44.75,171.0,63.1
292098,2010022212,43.0,175.75,60.6
292098,2010022400,45.25,180.75,62.3
292110,2010022112,43.5,162.0,60.6
292124,2010022100,42.25,343.75,62.1
292207,2010022512,33.5,288.75,70.3
292207,2010022600,40.5,291.0,68.2
292222,2010022600,55.75,139.5,62.4
292222,2010022612,56.75,142.25,65.1
292230,2010022600,63.75,339.0,65.0
292235,2010022600,35.5,182.25,71.7
292235,2010022612,42.75,187.25,72.6
292235,2010022700,45.0,189.75,72.9
292235,2010022712,44.5,195.25,64.7
292235,2010022800,44.25,203.25,66.5
292236,2010022612,40.5,219.25,64.6
292265,2010022812,61.0,327.75,68.0
292265,2010030212,63.0,319.25,63.2
292267,2010022712,41.0,348.5,64.9
292267,2010022800,47.0,356.5,73.6
292274,2010022800,57.75,165.5,63.4
292274,2010022812,58.5,169.0,63.9
292283,2010030100,40.5,296.0,70.2
292283,2010030112,41.75,294.25,63.1
292283,2010030200,40.5,297.5,65.7
292283,2010030212,39.5,303.0,63.1
292283,2010030300,38.75,311.5,60.3
292292,2010022812,36.25,150.25,61.4
292292,2010030100,43.25,161.25,60.7
292292,2010030200,52.5,178.5,69.5
292292,2010030212,53.75,184.0,74.2
292292,2010030300,54.0,195.0,70.6
292313,2010030200,37.5,339.75,66.9
292313,2010030212,38.25,342.0,62.1
292339,2010030312,36.25,286.0,61.4
292370,2010030412,47.75,180.5,72.5
292370,2010030500,51.25,190.5,73.0
292370,2010030512,55.25,201.5,65.4
292392,2010030500,64.5,321.5,63.9
292452,2010030812,56.5,206.75,61.5
292452,2010030900,58.75,209.75,67.3
292469,2010030612,62.0,316.0,61.1
292469,2010030712,64.75,325.0,61.3
292483,2010030800,54.25,316.0,74.3
292483,2010030812,55.25,313.5,61.1
292483,2010031000,57.5,301.0,62.3
292499,2010030900,40.25,4.75,60.8
292526,2010031012,41.5,146.5,61.0
292526,2010031100,42.5,151.0,65.2
292526,2010031312,52.5,202.75,61.9
292527,2010031012,48.5,211.5,70.8
292527,2010031100,52.75,219.75,77.1
292527,2010031112,54.75,223.75,65.5
292617,2010031400,52.0,151.25,62.6
292644,2010031400,45.25,315.0,60.2
292644,2010031412,43.0,317.25,65.9
292644,2010031500,41.0,324.5,62.1
292645,2010031400,38.5,282.25,60.4
292665,2010031700,50.5,154.75,60.8
292665,2010031712,54.25,163.5,63.8
292665,2010031800,57.75,164.0,61.8
292690,2010031600,41.5,223.0,64.3
292690,2010031612,45.75,226.5,65.8
292695,2010031800,49.25,337.5,71.1
292711,2010031700,56.75,329.75,60.2
292711,2010031712,58.0,330.5,63.0
292711,2010031800,58.25,324.75,62.6
292711,2010031812,58.25,320.25,62.8
292711,2010031900,57.25,317.0,63.4
292746,2010032000,60.0,319.5,61.6
292766,2010032200,58.75,328.5,60.5
292766,2010032300,58.25,328.5,61.1
292766,2010032312,57.5,332.5,63.0
292783,2010032100,44.5,140.0,62.4
292783,2010032112,47.0,147.25,61.6
292783,2010032200,48.75,151.5,63.6
292783,2010032212,50.5,156.25,61.9
292816,2010032112,45.5,194.0,62.5
292846,2010032300,62.25,339.75,61.1
292871,2010032312,60.25,339.25,63.4
292871,2010032400,58.5,334.0,63.0
292887,2010032500,47.75,342.0,62.7
292890,2010032512,46.25,194.0,79.7
292890,2010032600,48.25,200.5,67.5
292890,2010032612,49.5,205.75,62.8
292906,2010032600,44.5,152.25,61.0
292906,2010032612,47.75,160.75,73.7
292906,2010032700,49.75,170.75,65.2
292906,2010032712,50.5,183.75,65.5
292906,2010032800,50.25,196.25,64.0
292936,2010032712,60.75,357.75,60.5
292949,2010032700,40.25,209.0,62.0
292952,2010032712,56.0,307.75,62.3
292964,2010032912,36.25,312.0,63.0
292967,2010032900,49.5,342.5,64.3
292967,2010032912,46.75,345.0,70.6
292971,2010032912,35.5,155.0,61.5
292971,2010033000,38.5,161.75,71.3
292971,2010033012,43.5,170.0,71.3
292971,2010033100,49.5,181.5,63.8
292971,2010033112,53.5,190.0,66.0
292972,2010032900,53.0,217.25,60.8
292986,2010033012,38.75,287.25,60.3
293028,2010040212,53.25,346.5,60.2
293091,2010040500,53.0,335.75,60.6
293091,2010040600,62.25,343.75,61.4
293091,2010040612,65.75,345.5,65.8
293173,2010040600,35.25,150.0,65.2
293173,2010040612,39.25,158.25,74.2
293173,2010040700,43.5,166.5,72.3
293173,2010040712,46.25,174.5,61.7
293248,2010040900,50.0,172.5,64.1
293248,2010040912,53.5,173.0,68.8
293248,2010041000,56.0,175.5,72.7
293384,2010041400,47.0,141.5,67.6
293384,2010041500,51.5,151.75,60.9
293488,2010041812,43.25,160.75,71.1
293488,2010041912,47.0,174.0,62.1
293599,2010042200,45.0,159.0,65.5
293630,2010042600,53.5,317.25,62.5
293634,2010042400,39.25,300.75,65.5
293634,2010042412,36.75,303.25,64.2
293736,2010042600,55.75,210.75,64.1
299328,2010100400,44.25,355.5,62.6
299352,2010100312,55.0,315.5,65.8
299352,2010100400,55.75,329.75,70.1
299352,2010100412,56.75,339.75,63.4
299395,2010100500,49.25,204.75,60.9
299395,2010100512,56.25,211.75,60.8
299416,2010100912,43.75,218.75,62.2
299416,2010101000,50.75,225.0,70.8
299454,2010100812,43.5,217.25,64.9
299454,2010100900,48.75,224.25,62.9
299455,2010100912,30.0,303.25,60.1
299455,2010101000,32.75,309.0,70.7
299455,2010101012,36.25,317.0,65.8
299468,2010100700,43.0,332.25,61.6
299468,2010100712,48.75,336.5,65.9
299468,2010100800,48.75,336.0,77.3
299468,2010100812,47.75,335.75,63.1
299473,2010100900,59.75,298.25,65.8
299551,2010100912,57.5,301.5,60.9
299593,2010101112,42.5,200.75,67.1
299593,2010101212,53.75,220.75,60.9
299593,2010101300,57.75,222.5,64.0
299604,2010101100,59.0,301.5,60.0
299628,2010101512,53.75,317.25,62.2
299652,2010101400,52.5,224.25,80.5
299708,2010101812,54.5,149.75,61.7
299708,2010101900,58.0,157.0,60.9
299830,2010102112,61.5,320.75,60.7
299842,2010102212,43.5,219.25,66.0
299858,2010102212,37.25,188.5,65.3
299858,2010102300,40.5,204.0,71.7
299858,2010102400,47.0,225.25,67.8
299858,2010102412,50.5,228.75,64.3
299858,2010102500,50.5,227.5,68.0
299867,2010102412,53.25,310.0,61.5
299880,2010102800,44.0,222.75,60.6
299895,2010102412,55.0,324.0,68.3
299895,2010102500,58.75,320.5,71.7
299895,2010102512,58.0,317.5,72.6
299895,2010102600,57.0,320.0,68.3
299903,2010102600,41.5,8.5,60.8
299908,2010102512,47.5,151.25,62.3
299908,2010102612,54.5,163.75,61.4
299908,2010102700,57.5,170.0,74.6
299908,2010102712,59.5,174.0,60.7
299973,2010103000,31.75,137.0,89.9
299973,2010103012,34.25,141.5,74.2
299977,2010102712,46.25,322.75,60.1
299977,2010102800,49.75,333.5,60.9
299977,2010102812,52.0,340.0,68.4
299977,2010102900,57.0,347.0,60.3
299977,2010103000,61.75,350.25,63.8
299977,2010103012,63.5,352.25,67.8
299977,2010103100,64.25,358.0,62.7
299997,2010103012,49.0,190.25,70.5
299997,2010103100,50.0,198.75,83.2
299997,2010103112,49.0,204.5,73.8
299997,2010110100,50.5,212.5,69.0
300026,2010103100,52.25,306.25,60.1
300026,2010103112,53.25,311.25,77.1
300026,2010110100,55.75,321.5,68.6
300026,2010110112,58.25,332.5,62.7
300026,2010110200,60.0,342.0,60.1
300028,2010103012,53.0,181.25,77.9
300040,2010103100,49.0,352.0,60.4
300056,2010110400,49.0,161.75,62.2
300087,2010110300,43.25,214.25,66.4
300087,2010110400,55.25,214.5,69.4
300142,2010110612,39.5,172.25,60.0
300142,2010110712,45.5,186.0,67.5
300142,2010110800,49.0,193.0,65.6
300142,2010110812,50.25,202.25,66.4
300150,2010111100,42.25,304.75,65.7
300161,2010110712,62.0,333.0,70.3
300161,2010110800,60.25,344.5,74.5
300161,2010110812,54.75,350.25,69.8
300161,2010110900,50.25,354.25,63.2
300181,2010111112,38.0,300.25,61.6
300181,2010111200,37.25,297.75,65.8
300196,2010110912,37.5,194.75,69.6
300196,2010111012,49.75,205.0,66.3
300196,2010111100,52.75,207.0,69.3
300203,2010111100,58.0,339.5,68.8
300203,2010111112,57.25,349.0,73.2
300203,2010111200,57.25,0.0,60.1
300209,2010111100,46.25,158.25,64.0
300209,2010111200,44.5,167.25,60.9
300244,2010111412,37.0,174.75,62.0
300244,2010111500,37.75,179.25,62.1
300244,2010111512,36.0,179.75,63.4
300292,2010111600,37.5,159.0,69.0
300292,2010111612,39.5,164.5,61.3
300293,2010111612,52.0,341.75,67.9
300293,2010111700,54.0,346.0,66.0
300293,2010111712,54.25,346.0,65.2
300320,2010112000,56.75,301.5,62.0
300320,2010112100,58.5,301.25,73.5
300333,2010111712,52.0,228.5,65.2
300333,2010111800,51.75,228.0,67.4
300344,2010111812,34.0,150.75,61.9
300344,2010111900,34.5,151.5,61.2
300344,2010111912,32.75,156.25,60.5
300358,2010112312,59.25,142.5,66.3
300366,2010112012,44.5,314.25,61.8
300366,2010112100,53.75,315.0,74.0
300366,2010112112,59.0,308.5,84.8
300366,2010112200,61.75,299.25,70.6
300376,2010112212,28.75,158.25,66.3
300379,2010112200,47.75,316.0,68.2
300379,2010112212,49.5,315.75,64.8
300379,2010112300,50.25,315.75,66.1
300427,2010112400,42.0,149.75,64.1
300427,2010112412,45.0,153.25,64.2
300461,2010112600,36.5,337.5,62.2
300470,2010112500,35.0,184.0,64.9
300470,2010112512,34.75,182.75,62.4
300477,2010112500,60.75,183.5,60.1
300484,2010112512,43.5,314.5,60.3
300484,2010112700,57.0,300.0,74.6
300522,2010112700,36.0,152.5,63.4
300522,2010112712,41.75,158.75,61.2
300543,2010112700,35.75,325.0,61.7
300543,2010112712,35.75,325.25,61.8
300570,2010113000,58.75,216.5,61.7
300589,2010120112,57.75,169.0,61.6
300599,2010120200,52.0,167.25,71.1
300599,2010120212,55.5,173.0,67.2
300622,2010120312,44.75,139.5,67.1
300622,2010120400,46.25,145.5,64.2
300633,2010120712,37.5,169.5,60.1
300644,2010120500,44.0,338.5,68.3
300660,2010120512,46.0,212.25,60.6
300660,2010120600,47.25,212.75,64.8
300660,2010120612,46.5,210.5,65.2
300666,2010120512,42.25,333.75,60.5
300667,2010120612,45.0,295.75,63.2
300674,2010120800,36.25,144.0,61.8
300674,2010120812,39.0,149.5,68.5
300674,2010121000,53.75,147.5,64.5
300719,2010121012,45.5,157.0,65.3
300719,2010121100,48.0,158.0,62.9
300724,2010121312,46.25,288.0,62.9
300746,2010121112,39.5,170.5,66.9
300746,2010121200,40.5,168.5,63.0
300761,2010121312,53.0,321.5,60.5
300761,2010121400,48.75,321.25,66.9
300817,2010121512,57.75,214.0,64.2
300826,2010121400,43.0,289.5,71.8
300827,2010121412,47.0,150.5,65.3
300827,2010121500,54.0,150.25,61.2
300827,2010121512,58.25,146.0,63.5
300837,2010121600,33.25,184.25,61.5
300847,2010121412,45.25,290.25,62.9
300861,2010121900,46.5,153.0,62.8
300861,2010121912,48.0,156.0,62.2
300866,2010121712,66.75,348.75,75.1
300866,2010121800,61.25,344.5,70.6
300950,2010122100,39.0,294.0,71.3
300950,2010122112,38.5,297.0,68.4
300996,2010122212,38.5,142.0,62.1
300996,2010122300,39.25,144.25,72.2
300998,2010122112,41.0,303.25,63.8
300998,2010122200,42.5,300.25,68.0
300998,2010122212,41.75,305.25,62.5
300998,2010122300,42.25,308.25,60.2
300998,2010122400,45.75,311.25,68.3
300998,2010122412,46.5,310.25,75.7
300998,2010122500,46.25,310.0,62.7
300998,2010122512,49.5,311.75,60.7
301005,2010122412,46.0,158.25,74.6
301005,2010122500,49.0,152.25,65.2
301056,2010122612,33.25,283.25,61.2
301056,2010122700,39.25,287.75,71.1
301056,2010122712,41.25,290.25,67.0
301056,2010122800,43.0,295.0,64.0
301059,2010122600,56.75,331.0,60.6
301059,2010122612,64.25,335.75,95.7
301059,2010122700,65.25,330.5,85.6
301070,2010122700,38.0,156.25,65.3
301070,2010122712,41.25,162.25,61.1
301070,2010122812,47.25,173.5,66.2
301070,2010122900,48.75,178.5,60.6
301075,2010122912,40.25,148.5,69.9
301075,2010123000,40.0,155.25,73.2
301075,2010123012,40.0,163.0,69.9
301124,2010123112,65.75,1.75,69.7
301143,2010123100,44.75,175.75,64.5
301143,2010123112,47.0,182.5,61.2
301143,2011010212,61.75,187.25,65.2
301147,2010123100,38.25,144.5,60.4
301147,2011010100,37.75,148.5,65.6
301147,2011010112,38.5,155.5,64.5
301151,2010123100,48.25,209.0,61.6
301151,2010123112,49.5,218.25,63.2
301159,2011010200,40.75,166.0,63.7
301173,2011010312,49.75,186.75,65.0
301173,2011010400,51.5,195.75,70.5
301180,2011010112,42.25,178.0,63.6
301180,2011010200,46.5,188.5,64.6
301182,2011010312,54.25,149.0,66.6
301205,2011010412,60.5,349.25,65.9
301207,2011010500,39.75,159.25,68.9
301207,2011010512,43.5,168.0,74.2
301207,2011010600,48.0,174.75,68.1
301207,2011010612,50.25,180.5,64.1
301216,2011010612,65.75,355.5,72.7
301216,2011010700,64.75,352.5,72.7
301216,2011010712,63.0,348.0,60.3
301219,2011010412,54.75,204.5,61.8
301221,2011010612,47.5,152.0,62.1
301226,2011010912,43.25,297.75,68.6
301226,2011011000,44.25,301.5,65.1
301226,2011011012,49.5,305.5,67.5
301226,2011011100,47.0,309.0,63.9
301226,2011011200,50.25,319.25,60.0
301237,2011010600,39.75,151.5,62.2
301237,2011010612,45.25,156.5,67.1
301237,2011010700,49.0,155.0,71.7
301237,2011010712,47.75,150.5,70.4
301237,2011010800,47.0,155.25,62.9
301237,2011010812,46.25,159.25,63.7
301261,2011010800,40.0,178.75,65.0
301261,2011010900,47.25,183.5,60.1
301272,2011010912,51.25,323.75,60.1
301279,2011011000,36.25,158.75,61.2
301279,2011011012,39.75,169.5,67.4
301279,2011011100,44.5,175.5,64.5
301287,2011010912,64.5,332.0,61.5
301287,2011011000,61.75,337.0,60.8
301287,2011011212,59.5,336.5,61.8
301287,2011011300,60.25,335.0,61.6
301287,2011011312,58.75,331.0,67.5
301287,2011011400,58.75,331.5,64.7
301291,2011011100,35.75,201.0,62.9
301296,2011011300,53.25,225.5,61.0
301301,2011011400,46.75,146.25,63.3
301310,2011011300,34.75,158.0,62.3
301310,2011011312,34.0,163.75,82.0
301310,2011011400,33.0,171.25,77.0
301310,2011011412,33.5,181.0,70.0
301310,2011011500,36.75,186.75,63.2
301316,2011011212,41.25,288.75,64.1
301316,2011011312,42.75,297.0,63.1
301317,2011011312,38.0,200.5,66.0
301317,2011011400,42.0,207.75,66.6
301335,2011011412,48.25,313.5,60.5
301340,2011011400,47.5,315.25,65.8
301340,2011011412,50.0,320.0,65.1
301340,2011011500,48.75,324.5,64.3
301346,2011011500,52.0,221.25,63.2
301348,2011011412,51.25,326.75,67.0
301348,2011011512,60.25,342.0,67.4
301354,2011011500,38.0,195.25,69.2
301354,2011011512,41.75,200.5,60.5
301362,2011011600,37.25,151.75,64.0
301362,2011011612,40.5,160.25,76.4
301362,2011011700,43.25,164.5,86.5
301362,2011011712,44.75,170.25,76.0
301362,2011011800,46.25,172.5,65.5
301362,2011011812,46.5,173.5,62.6
301368,2011011512,63.0,336.0,68.4
301368,2011011600,63.75,336.5,68.5
301368,2011011612,64.5,336.0,61.5
301374,2011011800,54.75,315.5,68.9
301374,2011011812,56.0,318.25,65.2
301409,2011012100,53.75,311.75,60.1
301423,2011011900,60.5,321.0,69.3
301446,2011012200,45.25,294.25,63.7
301446,2011012212,49.75,298.5,67.6
301461,2011012300,33.5,286.5,60.5
301461,2011012312,37.5,295.0,82.2
301461,2011012400,44.25,304.25,77.8
301461,2011012412,50.75,305.75,66.9
301461,2011012500,54.5,303.75,81.0
301461,2011012512,57.5,304.5,75.3
301461,2011012600,61.5,304.5,72.9
301463,2011012212,46.0,183.0,61.7
301463,2011012300,47.75,185.25,63.8
301463,2011012312,50.0,189.25,61.3
301485,2011012400,58.5,207.5,65.5
301501,2011012600,40.75,172.25,60.8
301501,2011012612,42.75,178.5,73.3
301501,2011012700,45.25,187.25,73.3
301501,2011012712,49.5,190.5,67.3
301501,2011012800,53.25,190.5,60.9
301505,2011012412,47.5,204.5,74.9
301505,2011012500,54.75,212.5,66.6
301529,2011012900,46.75,196.5,60.4
301540,2011012700,38.25,286.0,62.4
301560,2011012800,53.25,162.0,64.3
301561,2011012712,42.75,295.0,64.4
301561,2011012900,55.75,310.0,64.4
301561,2011012912,59.0,319.0,65.7
301571,2011012900,42.5,220.25,62.6
301581,2011013100,57.5,324.5,63.3
301581,2011013112,61.0,328.75,70.6
301581,2011020100,64.5,333.25,66.1
301599,2011013000,64.0,324.5,66.1
301604,2011013100,42.0,178.0,65.8
301604,2011013112,42.5,186.0,63.2
301604,2011020100,43.0,192.5,66.6
301604,2011020212,50.75,216.25,60.5
301609,2011013012,38.25,198.0,64.0
301634,2011020112,53.0,322.25,74.9
301634,2011020200,58.5,332.5,87.0
301634,2011020212,63.0,336.75,79.3
301634,2011020300,67.0,346.0,66.1
301636,2011020312,40.75,181.0,64.4
301674,2011020300,39.25,198.75,66.3
301686,2011020300,62.0,318.25,60.0
301687,2011020300,42.25,294.75,66.7
301687,2011020312,46.5,311.25,70.6
301687,2011020400,51.5,329.5,64.9
301694,2011020300,64.75,306.25,60.3
301694,2011020312,60.0,308.75,77.7
301694,2011020400,57.5,318.5,66.9
301694,2011020412,59.25,328.5,70.1
301694,2011020500,62.25,335.75,61.0
301700,2011020312,65.0,330.5,72.3
301700,2011020400,64.0,323.5,62.1
301700,2011020412,62.0,320.25,70.8
301700,2011020500,59.75,323.25,62.0
301701,2011020312,58.5,342.0,76.6
301701,2011020400,61.75,353.25,84.1
301701,2011020412,63.25,2.5,63.8
301717,2011020600,32.25,187.5,67.5
301717,2011020612,34.0,191.75,78.1
301717,2011020700,36.75,195.0,67.1
301743,2011020612,45.0,293.75,63.7
301743,2011020700,49.0,307.75,61.9
301743,2011020712,52.5,317.5,69.2
301743,2011020800,56.25,322.75,69.9
301743,2011020812,60.0,320.75,66.0
301743,2011020900,60.75,320.0,96.2
301743,2011020912,61.75,324.0,78.4
301771,2011020800,47.25,150.75,68.9
301771,2011020812,49.5,151.25,63.9
301772,2011020912,38.75,149.0,66.6
301772,2011021000,44.5,154.25,68.7
301772,2011021012,50.0,156.25,67.9
301772,2011021100,52.75,156.5,70.6
301778,2011020700,36.75,201.75,76.2
301778,2011020712,44.75,196.0,63.2
301778,2011020800,45.5,195.75,60.1
301799,2011020812,40.25,294.75,71.0
301799,2011020900,45.0,305.5,80.5
301799,2011020912,48.75,316.75,75.5
301799,2011021000,53.0,323.5,61.3
301799,2011021012,56.5,325.0,63.3
301799,2011021100,59.0,327.25,80.1
301799,2011021112,61.75,318.25,84.3
301818,2011020912,45.25,302.75,69.9
301848,2011021100,43.5,305.5,68.6
301848,2011021112,49.0,317.5,85.7
301848,2011021200,54.75,328.5,107.1
301848,2011021212,59.0,329.0,87.1
301848,2011021300,61.75,325.0,83.4
301848,2011021312,61.25,323.0,66.6
301863,2011021300,44.5,149.0,62.5
301863,2011021312,48.75,153.25,63.0
301863,2011021400,49.5,156.5,62.4
301863,2011021600,63.75,178.75,61.0
301865,2011021112,59.0,213.0,60.6
301865,2011021400,58.0,212.5,64.9
301865,2011021412,55.25,213.0,63.2
301885,2011021300,40.75,299.75,70.9
301885,2011021312,46.5,312.0,91.6
301885,2011021400,50.0,323.0,100.0
301885,2011021412,51.75,331.25,88.7
301885,2011021500,53.5,335.75,70.1
301885,2011021512,54.25,331.75,87.1
301900,2011021300,61.75,302.25,69.2
301905,2011021612,52.0,314.5,71.2
301905,2011021700,51.0,313.0,73.8
301905,2011021712,49.0,318.25,68.3
301905,2011021900,53.25,318.5,62.0
301913,2011021400,55.75,303.75,65.8
301913,2011021412,56.0,312.0,67.1
301960,2011021412,59.25,355.75,62.2
301962,2011021500,38.0,146.0,60.1
301962,2011021600,47.75,160.5,71.5
301962,2011021612,54.0,166.0,72.3
301962,2011021700,58.75,172.0,71.0
301962,2011021712,62.75,180.5,66.0
302008,2011021612,46.25,350.75,66.3
302022,2011021700,53.0,321.25,60.6
302022,2011021712,55.0,317.5,65.2
302022,2011021900,48.75,322.0,63.9
302026,2011021812,43.5,149.25,62.2
302026,2011021900,48.25,154.0,71.3
302026,2011021912,53.75,162.0,75.2
302026,2011022000,60.0,169.0,62.7
302026,2011022012,64.5,181.25,62.8
302037,2011021800,56.5,319.5,71.1
302037,2011021812,52.75,311.0,64.5
302054,2011021912,56.75,324.5,62.8
302054,2011022000,54.75,320.5,63.7
302109,2011022112,30.5,149.0,61.5
302109,2011022200,30.25,149.5,62.8
302109,2011022212,29.5,152.75,65.5
302109,2011022300,29.0,156.25,64.1
302109,2011022312,28.25,160.25,64.9
302109,2011022512,36.75,178.5,60.0
302119,2011022200,45.5,320.75,63.9
302119,2011022212,50.0,322.5,61.2
302119,2011022300,54.5,328.0,69.2
302119,2011022312,59.75,329.5,66.2
302119,2011022400,64.0,337.5,83.5
302125,2011022212,40.0,309.0,64.7
302125,2011022300,45.25,318.75,66.5
302131,2011022300,41.25,171.0,68.1
302131,2011022312,48.25,174.0,60.7
302131,2011022400,53.0,176.75,76.0
302131,2011022412,59.75,178.25,68.2
302144,2011022600,44.5,293.75,67.6
302144,2011022612,50.25,303.0,70.3
302144,2011022700,53.75,307.75,73.5
302144,2011022712,57.25,312.0,80.7
302144,2011022800,60.75,318.25,75.6
302144,2011022812,63.75,322.75,66.2
302152,2011022300,43.0,311.25,67.0
302152,2011022312,45.75,316.0,69.4
302152,2011022400,48.75,321.5,72.7
302152,2011022412,53.25,328.0,68.2
302163,2011022400,63.25,327.75,60.3
302163,2011022512,65.0,330.0,60.5
302163,2011022600,67.0,335.5,62.3
302202,2011022712,38.5,165.5,62.5
302217,2011022712,54.75,228.25,68.2
302217,2011022800,53.0,228.0,65.6
302217,2011022812,51.5,227.5,62.0
302251,2011030212,42.5,156.5,61.8
302256,2011030112,37.75,221.0,62.2
302256,2011030212,47.5,230.0,65.8
302256,2011030300,52.25,230.25,68.6
302262,2011030200,62.5,340.75,76.2
302325,2011030500,54.0,220.5,60.9
302353,2011030512,62.5,320.0,78.3
302353,2011030600,66.25,328.0,62.2
302353,2011030712,67.0,329.25,66.9
302353,2011030800,65.25,328.75,66.7
302353,2011030812,64.5,336.25,65.3
302390,2011031000,58.75,347.5,60.5
302392,2011030812,47.5,159.75,65.8
302392,2011030900,49.5,163.0,64.1
302431,2011030812,66.5,356.0,68.5
302448,2011031200,49.75,188.0,62.0
302448,2011031212,48.75,191.25,62.7
302453,2011030912,39.5,215.5,64.4
302480,2011031112,46.25,216.75,64.4
302503,2011031212,41.75,169.5,79.3
302503,2011031300,43.25,177.5,90.9
302503,2011031312,42.5,186.0,75.2
302526,2011031400,44.25,199.5,68.7
302526,2011031412,46.25,209.0,62.1
302532,2011031312,46.25,220.5,64.5
302532,2011031400,48.25,225.0,61.7
302544,2011031400,62.5,316.0,62.9
302551,2011031512,67.0,324.5,79.0
302555,2011031612,57.25,337.5,75.5
302555,2011031700,66.75,348.0,63.0
302573,2011031612,40.25,154.25,82.0
302573,2011031700,46.0,162.25,70.8
302573,2011031712,48.25,164.75,73.7
302573,2011031800,51.0,169.0,73.1
302655,2011031912,46.25,184.0,64.4
302655,2011032000,52.75,190.0,78.1
302682,2011032000,36.0,233.0,61.3
302704,2011032300,46.25,314.75,64.7
302704,2011032312,50.25,314.5,64.7
302704,2011032400,53.0,314.25,72.8
302704,2011032412,54.5,311.5,68.9
302704,2011032500,56.0,308.25,64.5
302753,2011032312,40.5,310.25,60.5
302767,2011032400,37.5,156.5,67.9
302770,2011032400,46.5,222.75,62.5
302770,2011032412,44.0,230.25,62.6
302777,2011032500,41.25,301.25,75.5
302777,2011032512,44.25,308.25,65.5
302797,2011032600,50.25,193.75,61.7
302797,2011032612,51.5,207.0,63.2
302819,2011032600,41.25,164.25,65.5
302819,2011032612,42.5,173.0,73.7
302820,2011032612,38.0,150.0,61.5
302820,2011032700,40.25,154.0,66.4
302820,2011032712,41.0,162.0,67.8
302820,2011032800,44.25,172.5,68.4
302820,2011032812,45.25,179.5,66.5
302820,2011032900,47.0,184.75,64.3
302860,2011040100,62.75,331.75,61.1
302930,2011033012,33.5,151.0,65.4
302930,2011033112,36.0,163.0,61.1
302930,2011040100,35.75,169.5,61.5
302933,2011040100,38.0,176.0,60.8
302933,2011040112,39.75,181.5,61.4
302933,2011040312,53.5,203.5,62.2
302933,2011040400,53.5,210.25,62.7
303069,2011040412,54.75,174.0,61.0
303083,2011040512,63.0,322.75,60.1
303083,2011040600,62.75,321.25,62.5
303088,2011040612,50.75,178.5,71.4
303088,2011040700,55.5,180.5,74.3
303088,2011040712,58.5,186.5,72.2
303088,2011040800,59.5,187.25,65.5
303195,2011041400,64.75,328.25,68.4
303195,2011041412,66.0,328.0,67.8
303211,2011040912,46.25,325.0,60.0
303211,2011041000,54.25,329.25,70.6
303211,2011041012,61.25,333.5,79.5
303233,2011041012,60.75,320.75,60.4
303285,2011041200,46.25,324.5,67.5
303472,2011041612,65.0,324.25,60.3
303545,2011041912,45.75,343.25,65.0
303580,2011042200,62.5,326.5,65.4
303580,2011042212,65.0,325.75,60.3
303629,2011042312,59.5,330.75,61.6
303629,2011042400,62.25,333.0,62.3
303785,2011042700,60.5,305.5,63.5
303862,2011042812,63.0,330.5,64.3
309427,2011100212,44.0,223.5,70.2
309427,2011100300,46.0,226.5,60.9
309462,2011100312,60.5,349.75,70.7
309511,2011100512,44.75,298.5,60.3
309511,2011100600,47.5,301.5,68.6
309511,2011100612,47.25,303.25,69.9
309511,2011100700,50.5,308.25,70.6
309548,2011100712,43.25,168.5,66.4
309548,2011100800,46.0,176.0,65.5
309548,2011100812,47.75,183.5,67.5
309548,2011100900,48.75,191.25,68.7
309559,2011100900,37.5,315.0,71.0
309559,2011100912,39.5,317.5,67.4
309559,2011101300,62.0,327.5,67.1
309559,2011101312,64.5,324.25,65.2
309559,2011101400,64.0,321.0,78.4
309559,2011101412,62.25,325.0,71.1
309559,2011101512,65.5,333.75,66.2
309559,2011101600,61.75,332.0,64.7
309559,2011101612,61.5,338.0,64.4
309559,2011101700,62.75,345.25,64.0
309559,2011101712,62.5,348.75,62.9
309612,2011100800,62.25,320.25,62.3
309616,2011100800,47.0,214.0,62.5
309616,2011100812,50.25,221.5,72.1
309750,2011101312,50.5,180.75,63.0
309861,2011101800,65.5,353.75,61.2
309883,2011101812,65.75,6.75,60.2
310008,2011102500,51.0,198.0,62.6
310008,2011102512,56.0,205.5,62.4
310008,2011102600,58.75,209.0,64.5
310032,2011102600,41.75,301.25,82.7
310032,2011102612,44.25,306.0,77.2
310032,2011102700,46.75,310.5,69.4
310032,2011102712,49.0,313.0,71.6
310032,2011102800,49.75,318.0,69.5
310032,2011102812,51.0,326.25,61.5
310048,2011103100,55.5,182.5,67.5
310048,2011103112,55.5,187.25,61.3
310052,2011102612,64.0,333.5,62.2
310071,2011102800,50.75,222.0,60.4
310071,2011102812,55.5,225.5,62.2
310075,2011102912,52.0,319.0,68.5
310075,2011103000,52.0,324.75,64.9
310096,2011103100,62.25,335.25,63.1
310110,2011103000,39.75,289.0,62.5
310110,2011103012,42.0,293.25,78.0
310110,2011103100,45.0,300.75,68.7
310110,2011103112,47.25,310.0,65.2
310110,2011110100,49.75,322.75,72.4
310110,2011110112,51.5,331.0,61.8
310110,2011110200,47.25,337.5,62.4
310134,2011110100,48.0,203.75,61.8
310135,2011110100,39.5,158.0,72.3
310138,2011103100,65.75,346.0,61.5
310138,2011110100,66.5,349.5,62.8
310155,2011110200,59.5,215.25,71.4
310155,2011110300,52.25,219.75,61.5
310158,2011110112,43.5,164.75,66.2
310158,2011110200,45.5,169.25,67.6
310158,2011110212,47.25,173.0,68.9
310158,2011110300,52.5,178.5,63.4
310170,2011110200,36.75,295.5,67.4
310170,2011110212,37.75,295.75,63.8
310180,2011110212,52.75,230.0,70.8
310215,2011110400,61.25,336.5,60.0
310216,2011110512,32.25,288.25,63.2
310239,2011110612,46.0,318.75,74.3
310258,2011110612,66.25,346.0,65.5
310266,2011110712,41.0,156.0,64.6
310266,2011110800,44.75,160.75,75.7
310266,2011110812,52.75,169.25,73.4
310266,2011110900,59.75,177.75,74.4
310266,2011110912,64.5,185.0,69.3
310274,2011110700,52.75,326.25,63.9
310274,2011110800,61.25,326.25,87.0
310274,2011110812,65.0,323.25,62.4
310291,2011110900,49.75,336.0,64.8
310303,2011110812,62.0,313.5,62.8
310303,2011111100,61.0,322.25,67.9
310326,2011111100,44.5,177.0,61.3
310343,2011111200,47.75,297.25,69.1
310343,2011111300,62.0,297.0,71.2
310343,2011111312,64.5,296.75,65.6
310347,2011111300,45.5,343.0,62.1
310351,2011111200,58.5,192.0,65.7
310351,2011111212,61.0,201.0,65.7
310372,2011111212,58.5,215.5,69.6
310383,2011111312,60.0,217.5,63.6
310383,2011111400,59.75,219.25,64.1
310405,2011111612,54.5,166.0,69.5
310405,2011111700,56.75,163.0,64.9
310414,2011111612,58.75,215.75,73.0
310414,2011111700,57.25,216.5,66.7
310414,2011111712,54.0,221.75,60.3
310437,2011111700,51.75,322.5,65.1
310437,2011111712,52.0,331.0,62.8
310445,2011111712,57.75,174.0,75.8
310447,2011111912,58.25,314.5,64.1
310447,2011112000,60.25,322.5,65.3
310453,2011111800,40.25,167.75,65.5
310453,2011111812,45.5,173.5,72.0
310453,2011111900,51.75,176.75,75.4
310453,2011111912,54.75,180.5,67.1
310459,2011111800,59.0,181.0,61.4
310463,2011111912,42.5,141.5,63.4
310463,2011112000,44.25,152.25,62.8
310463,2011112012,47.0,159.25,61.1
310467,2011112112,53.5,317.5,62.0
310467,2011112212,61.5,334.25,62.3
310490,2011112112,49.5,148.5,60.9
310491,2011112212,60.25,213.25,62.1
310491,2011112300,58.5,210.5,65.6
310504,2011112412,34.0,328.75,68.8
310514,2011112412,50.0,225.5,65.0
310514,2011112500,52.5,230.5,70.9
310515,2011112412,44.75,304.0,64.7
310515,2011112512,47.5,316.0,60.9
310515,2011112600,50.75,324.25,61.7
310515,2011112700,59.75,351.0,62.3
310515,2011112712,61.0,9.25,71.6
310517,2011112300,39.5,322.0,61.9
310517,2011112312,44.25,327.5,70.3
310517,2011112400,51.5,334.25,66.2
310517,2011112412,57.5,342.0,85.5
310517,2011112500,64.25,351.25,92.0
310532,2011112500,48.25,145.25,61.1
310537,2011120100,61.25,352.0,66.9
310537,2011120112,61.75,1.75,71.0
310571,2011112812,45.25,175.5,73.4
310571,2011112900,48.0,185.25,76.1
310571,2011112912,50.75,190.0,65.4
310578,2011112912,50.0,220.75,68.6
310584,2011112812,66.5,344.75,61.9
310586,2011112912,53.5,151.5,63.0
310586,2011113000,54.25,154.25,61.0
310607,2011120312,54.75,186.25,69.2
310607,2011120400,60.0,186.75,66.5
310607,2011120412,63.0,189.0,60.5
310621,2011120200,60.75,322.0,64.3
310621,2011120212,62.5,338.5,71.1
310621,2011120300,63.25,354.0,70.8
310621,2011120400,65.25,6.25,60.3
310626,2011120400,43.5,147.25,62.2
310626,2011120412,43.75,152.25,76.1
310640,2011120312,34.0,189.5,64.9
310655,2011120412,44.0,159.0,71.9
310655,2011120500,46.5,161.25,77.8
310655,2011120512,47.75,168.0,70.3
310663,2011120812,66.5,355.25,63.7
310678,2011120700,58.5,351.0,62.2
310690,2011120812,59.0,353.0,87.2
310690,2011120900,59.5,2.5,77.1
310694,2011120812,44.75,293.75,64.3
310694,2011120900,51.5,301.75,77.9
310694,2011120912,55.75,308.5,85.6
310694,2011121000,58.25,313.0,77.4
310694,2011121012,60.0,321.75,76.6
310694,2011121100,62.75,329.75,67.0
310695,2011120912,52.75,166.25,60.8
310695,2011121000,55.25,171.5,63.3
310695,2011121012,59.0,172.0,64.4
310728,2011121100,42.0,186.0,68.4
310728,2011121112,50.5,199.75,76.0
310728,2011121200,58.25,207.0,73.0
310728,2011121212,64.0,212.75,64.0
310739,2011121200,39.75,172.25,61.0
310739,2011121212,44.5,180.75,72.7
310739,2011121300,50.25,185.0,72.8
310739,2011121312,52.5,185.0,76.9
310739,2011121412,56.75,176.25,60.6
310740,2011121112,58.75,343.5,63.9
310745,2011121212,59.0,323.5,64.9
310745,2011121300,58.25,333.0,65.3
310745,2011121312,57.25,329.5,67.1
310745,2011121400,54.5,335.25,74.2
310745,2011121412,53.0,344.0,67.1
310755,2011121212,56.0,340.25,66.3
310755,2011121300,57.0,344.25,76.4
310755,2011121312,57.5,351.5,77.4
310755,2011121400,59.75,355.5,60.3
310765,2011121400,43.5,185.0,60.0
310765,2011121500,51.0,192.5,78.0
310765,2011121512,54.0,194.75,75.5
310765,2011121600,55.25,195.0,65.1
310771,2011121412,40.0,307.75,65.9
310771,2011121500,40.25,311.75,62.0
310791,2011121612,40.5,180.25,63.5
310791,2011121700,42.0,193.0,70.9
310793,2011121700,30.75,313.75,64.1
310800,2011121512,48.0,341.0,64.3
310800,2011121600,50.25,358.0,68.5
310804,2011121712,43.25,183.5,60.0
310804,2011121812,55.5,202.5,71.1
310804,2011121912,63.5,193.25,60.6
310809,2011122212,60.75,335.25,70.6
310809,2011122300,66.0,350.0,76.1
310817,2011121700,49.75,182.5,69.2
310828,2011121812,64.25,320.0,73.2
310828,2011121900,64.5,321.25,63.0
310835,2011121912,39.0,304.0,73.7
310835,2011122000,40.25,308.75,60.9
310842,2011121912,51.25,210.75,63.9
310842,2011122000,55.75,223.25,60.7
310852,2011122000,50.0,188.25,62.8
310858,2011122100,40.5,187.0,72.1
310858,2011122112,43.75,198.0,84.6
310858,2011122200,46.75,206.75,80.0
310858,2011122212,50.5,214.25,67.3
310884,2011122212,43.5,193.5,67.4
310884,2011122300,48.5,198.75,64.9
310884,2011122312,50.0,201.5,70.1
310894,2011122300,49.0,191.75,68.5
310897,2011122212,43.0,138.0,62.5
310907,2011122300,33.5,153.25,60.4
310907,2011122312,37.5,164.75,66.8
310907,2011122400,42.0,171.0,68.6
310907,2011122412,44.5,174.75,69.7
310907,2011122500,45.5,185.75,62.8
310907,2011122612,55.5,216.5,63.6
310907,2011122700,57.75,217.5,65.5
310916,2011122500,56.0,329.25,63.0
310916,2011122512,62.5,348.75,85.2
310923,2011122400,61.25,329.0,66.7
310923,2011122412,63.75,339.0,79.2
310926,2011122500,46.0,142.75,60.3
310940,2011122512,37.75,159.0,64.4
310940,2011122600,40.75,166.75,74.5
310944,2011122600,51.5,334.5,69.4
310956,2011122612,45.0,178.25,64.8
310956,2011122700,46.0,187.25,69.7
310956,2011122712,49.0,204.0,60.2
310959,2011122612,42.0,327.5,60.1
310959,2011122700,48.75,333.25,61.2
310959,2011122712,54.0,337.75,84.2
310959,2011122800,58.25,345.0,69.7
310959,2011122812,59.25,354.0,77.5
310959,2011122900,59.25,5.5,60.8
310960,2011122700,39.0,300.25,67.1
310960,2011122712,40.0,307.75,69.0
310960,2011122800,37.75,310.75,65.8
310970,2011123000,55.25,303.25,61.1
310980,2011123100,63.25,327.0,63.7
310980,2012010112,63.75,326.25,78.2
310980,2012010200,62.25,326.75,68.2
310980,2012010212,62.0,329.75,63.8
311003,2011123100,45.0,197.25,60.1
311003,2011123112,41.5,199.75,64.1
311007,2012010100,44.25,172.25,63.2
311007,2012010112,42.75,172.25,63.1
311017,2011123100,45.25,204.75,62.8
311017,2011123112,46.25,205.25,67.1
311017,2012010100,44.5,208.5,66.9
311031,2012010212,51.0,330.0,64.1
311031,2012010300,55.0,346.5,65.7
311031,2012010312,58.25,359.0,79.5
311031,2012010400,58.75,9.5,70.0
311033,2012010112,44.25,183.5,67.4
311036,2012010112,61.25,333.5,76.6
311036,2012010200,61.5,338.0,66.2
311039,2012010212,38.0,150.0,70.7
311039,2012010300,41.75,151.5,77.2
311039,2012010312,43.75,154.5,73.6
311039,2012010400,45.25,155.25,69.3
311039,2012010412,46.5,154.5,67.3
311039,2012010500,46.0,149.25,60.9
311043,2012010200,41.75,200.5,63.6
311043,2012010300,46.5,204.0,60.3
311054,2012010400,36.5,293.75,66.1
311054,2012010412,42.0,300.75,71.5
311054,2012010500,50.0,306.75,64.9
311054,2012010512,56.0,311.5,69.1
311068,2012010512,40.5,167.75,61.2
311068,2012010600,42.25,177.5,78.2
311068,2012010612,44.25,187.25,72.5
311075,2012010512,47.75,205.5,63.7
311087,2012010412,62.0,342.0,60.3
311087,2012010500,59.75,1.75,64.1
311091,2012010912,59.5,331.5,62.1
311091,2012011000,65.5,347.0,75.8
311109,2012010612,64.75,329.25,68.7
311112,2012010812,66.5,328.75,65.9
311112,2012010900,65.5,322.0,66.8
311112,2012011000,65.75,325.5,72.8
311123,2012010700,47.5,195.25,64.6
311123,2012010712,51.0,202.5,64.3
311123,2012010800,55.0,209.0,63.1
311123,2012010812,59.75,213.25,61.6
311129,2012010900,43.75,181.0,60.8
311129,2012010912,47.0,186.0,61.9
311129,2012011000,48.25,187.0,66.5
311129,2012011012,49.25,193.75,61.1
311129,2012011212,62.0,211.0,62.1
311129,2012011300,61.75,214.75,65.8
311129,2012011312,58.5,212.0,61.9
311142,2012010800,38.0,211.0,60.7
311148,2012010900,54.5,145.0,60.7
311148,2012010912,54.25,146.75,64.8
311148,2012011000,54.0,149.0,62.7
311176,2012011100,59.0,202.0,64.1
311178,2012011100,39.75,302.0,80.7
311178,2012011112,43.25,309.0,72.3
311178,2012011200,50.5,312.0,60.4
311178,2012011212,57.0,312.5,74.7
311178,2012011300,59.25,315.0,69.3
311178,2012011312,61.0,318.25,62.6
311182,2012011500,59.25,305.5,66.4
311182,2012011512,61.75,303.75,61.5
311182,2012011600,64.25,302.5,60.4
311184,2012011200,44.5,163.25,73.2
311184,2012011212,49.25,164.25,88.4
311184,2012011300,51.75,160.0,65.7
311184,2012011312,53.25,159.25,68.5
311184,2012011400,54.25,151.5,65.2
311184,2012011412,52.25,147.0,61.6
311208,2012011400,39.5,162.5,62.8
311208,2012011412,46.25,167.25,61.9
311208,2012011500,51.75,166.5,64.0
311227,2012011912,48.75,207.25,60.0
311227,2012012100,55.0,216.5,65.2
311227,2012012112,54.0,219.25,65.3
311247,2012011712,30.75,162.25,60.6
311247,2012011900,34.0,185.0,63.2
311247,2012011912,37.75,193.5,73.9
311247,2012012000,41.25,205.25,66.2
311258,2012011712,56.5,335.75,60.4
311258,2012011800,62.75,340.25,86.1
311258,2012011812,65.5,351.25,80.4
311258,2012012112,61.5,359.5,62.2
311260,2012011600,55.25,326.25,61.5
311260,2012011700,64.0,327.0,63.8
311260,2012011900,63.5,324.75,61.4
311306,2012012200,44.25,217.5,60.1
311306,2012012212,47.5,226.0,68.2
311306,2012012300,49.5,232.0,77.3
311317,2012012012,63.0,329.0,63.7
311317,2012012100,63.25,340.0,65.5
311340,2012012200,29.75,172.0,62.5
311340,2012012212,34.25,179.75,73.3
311340,2012012300,38.5,185.5,72.6
311340,2012012312,40.75,191.0,71.1
311340,2012012400,41.25,198.75,76.4
311340,2012012412,45.5,210.75,74.5
311340,2012012500,52.75,222.0,72.1
311342,2012012212,57.75,304.0,60.6
311342,2012012300,59.0,304.5,68.3
311342,2012012312,58.0,306.5,64.2
311363,2012012412,40.25,158.25,69.3
311363,2012012500,42.0,160.5,65.4
311363,2012012512,42.25,165.75,65.9
311367,2012012400,61.75,319.5,75.8
311367,2012012412,58.25,320.5,76.0
311367,2012012500,55.5,328.75,62.7
311370,2012012412,53.75,225.0,66.7
311370,2012012512,59.5,214.5,64.0
311370,2012012600,59.75,213.25,60.5
311380,2012012412,64.75,333.75,71.2
311380,2012012500,63.75,329.5,61.9
311385,2012012600,38.25,151.25,62.7
311387,2012012512,66.25,342.5,63.5
311387,2012012600,66.25,340.75,70.8
311387,2012012700,60.0,350.0,66.6
311388,2012012600,30.0,152.75,70.0
311393,2012012512,58.0,351.0,61.9
311393,2012012600,65.75,354.75,68.7
311398,2012012600,42.0,177.75,63.0
311406,2012012612,40.5,163.0,67.2
311406,2012012700,43.0,164.5,62.2
311406,2012012712,44.5,166.0,71.8
311406,2012012800,42.5,167.25,77.7
311406,2012012812,44.25,172.0,64.8
311406,2012012900,44.75,174.75,62.3
311412,2012013100,58.25,318.5,63.9
311412,2012013112,60.5,322.75,64.6
311412,2012020100,63.25,322.75,63.1
311415,2012012712,62.0,321.75,60.7
311466,2012020200,54.75,204.75,69.3
311466,2012020212,58.0,206.5,62.7
311475,2012020112,52.75,318.0,62.1
311484,2012020112,40.5,141.0,61.5
311493,2012020600,40.0,215.75,61.8
311493,2012020612,41.25,214.5,69.5
311493,2012020700,42.25,217.25,63.8
311493,2012020800,47.75,211.25,64.7
311500,2012020200,41.5,152.0,62.7
311500,2012020212,41.5,153.5,67.8
311509,2012020212,42.75,216.25,63.1
311509,2012020300,46.75,219.25,77.2
311509,2012020312,56.0,216.5,80.8
311515,2012020212,44.0,163.5,60.9
311515,2012020300,46.25,165.75,68.6
311515,2012020400,50.5,181.75,63.1
311519,2012020400,46.0,218.0,65.8
311524,2012020312,39.0,300.25,82.9
311524,2012020400,40.5,306.25,70.8
311524,2012020412,44.0,311.25,65.6
311524,2012020500,48.75,313.0,60.2
311524,2012020512,52.75,312.75,66.8
311524,2012020600,56.5,312.25,65.4
311546,2012020612,64.5,323.75,62.1
311558,2012020512,41.25,164.75,63.4
311572,2012020512,38.0,176.5,63.4
311572,2012020600,39.25,184.75,65.9
311572,2012020612,38.75,194.0,67.3
311572,2012020700,39.25,202.5,62.2
311586,2012020612,49.25,328.0,61.4
311586,2012020700,56.5,333.75,66.7
311586,2012020712,62.75,332.5,61.7
311586,2012020800,66.75,334.0,61.6
311588,2012020712,44.0,145.5,60.2
311594,2012020812,49.5,158.0,64.8
311594,2012020900,49.0,161.25,62.6
311594,2012021012,50.0,174.0,62.3
311622,2012020900,40.75,220.0,60.2
311622,2012021000,54.0,221.5,71.2
311622,2012021012,59.0,215.75,68.9
311636,2012020912,38.5,295.5,70.5
311636,2012021000,42.5,301.25,77.6
311636,2012021012,46.25,308.0,62.4
311646,2012021000,41.5,184.25,69.7
311646,2012021012,46.0,191.75,79.1
311646,2012021100,50.5,198.75,73.8
311646,2012021112,54.0,200.75,60.3
311673,2012021200,39.0,295.25,75.8
311673,2012021212,48.75,299.75,63.4
311677,2012021200,44.75,186.0,67.5
311677,2012021212,50.25,194.5,63.6
311698,2012021300,48.0,303.5,62.0
311698,2012021312,58.0,301.0,61.6
311698,2012021400,61.25,297.25,68.2
311706,2012021300,40.25,175.25,70.2
311706,2012021312,41.75,183.5,85.4
311706,2012021400,45.75,186.75,82.4
311706,2012021412,49.75,189.5,67.3
311706,2012021500,50.5,189.0,60.9
311732,2012021600,37.0,161.0,60.6
311734,2012021700,65.0,328.0,67.3
311744,2012021512,46.25,150.75,61.2
311744,2012021600,44.5,151.25,65.5
311753,2012021612,47.75,159.0,60.6
311753,2012021700,47.0,168.5,63.2
311792,2012021800,50.0,229.5,62.7
311797,2012021800,66.25,358.75,63.0
311802,2012022012,35.75,290.75,74.9
311802,2012022100,37.5,302.0,66.7
311802,2012022112,38.75,309.75,71.3
311802,2012022200,44.25,315.75,82.1
311802,2012022212,48.75,321.5,76.5
311802,2012022312,62.25,334.75,63.6
311802,2012022400,64.75,348.75,66.7
311802,2012022412,64.5,3.25,64.1
311805,2012021912,44.25,185.25,64.2
311805,2012022000,49.5,193.75,66.1
311805,2012022012,55.25,202.0,64.5
311805,2012022100,58.25,212.0,60.0
311844,2012022100,47.25,193.5,65.2
311845,2012022100,47.25,142.25,62.6
311845,2012022112,46.25,149.25,61.0
311845,2012022200,48.25,158.75,64.8
311845,2012022212,50.0,163.25,62.3
311872,2012022112,47.5,325.0,62.6
311880,2012022212,66.75,2.5,60.9
311884,2012022312,38.5,147.0,66.9
311884,2012022400,42.0,152.25,74.9
311884,2012022412,44.25,161.0,73.8
311884,2012022500,48.0,169.25,67.9
311884,2012022512,51.25,174.25,62.3
311884,2012022600,54.25,179.0,60.0
311902,2012022300,50.25,165.25,65.9
311902,2012022312,48.5,166.0,61.5
311917,2012022400,45.0,297.0,61.3
311921,2012022612,66.0,332.0,61.2
311941,2012022612,42.75,156.0,67.3
311941,2012022800,53.0,160.5,61.1
311941,2012022812,53.25,161.5,61.0
311941,2012022912,55.25,164.5,70.3
311941,2012030100,54.25,165.5,60.3
311944,2012022512,46.0,294.5,62.9
311953,2012022812,55.75,176.25,70.9
311953,2012022900,58.25,173.0,76.8
311985,2012022800,59.5,212.75,64.9
312022,2012022912,45.25,315.25,69.0
312022,2012030100,48.75,322.0,73.3
312022,2012030112,53.5,323.25,76.8
312022,2012030200,57.25,325.5,69.0
312022,2012030212,63.5,328.75,62.1
312022,2012030300,64.0,324.0,65.3
312022,2012030312,64.5,321.25,69.4
312023,2012030112,52.25,190.25,67.1
312028,2012022900,47.75,230.75,60.8
312059,2012030212,41.5,319.25,60.6
312094,2012030400,48.25,168.75,60.3
312094,2012030412,54.25,171.5,63.1
312094,2012030500,57.5,170.5,83.7
312094,2012030512,58.25,170.5,72.8
312112,2012030412,36.25,288.0,63.6
312112,2012030500,39.25,294.25,61.2
312112,2012030600,52.0,318.0,67.2
312112,2012030612,60.25,337.0,65.6
312123,2012030500,58.0,310.5,75.7
312123,2012030512,62.0,320.0,64.1
312123,2012030600,64.25,320.25,74.8
312123,2012030612,63.25,322.75,85.5
312123,2012030700,66.5,331.5,82.3
312149,2012030600,34.75,139.5,70.2
312154,2012030612,41.75,147.75,70.3
312154,2012030700,45.5,152.75,60.9
312154,2012030712,47.25,156.0,62.5
312172,2012030700,43.25,303.25,76.0
312172,2012030712,45.25,310.5,66.2
312185,2012030812,48.25,215.25,70.1
312185,2012030900,55.25,217.5,63.1
312186,2012030800,64.75,321.75,66.9
312186,2012030812,64.25,326.0,69.1
312186,2012030900,65.5,327.75,67.3
312194,2012030812,62.5,343.75,61.8
312194,2012030900,67.0,0.75,61.2
312196,2012031012,34.25,146.75,67.6
312196,2012031200,48.5,164.75,64.0
312196,2012031212,53.0,171.25,65.7
312196,2012031300,54.75,179.5,61.2
312198,2012031000,57.75,308.5,71.4
312198,2012031012,64.5,322.5,62.3
312236,2012031112,39.25,135.75,61.2
312237,2012031200,51.5,316.5,84.3
312237,2012031212,56.0,318.0,81.7
312237,2012031300,59.0,321.5,68.6
312237,2012031312,63.0,323.5,77.3
312237,2012031400,65.0,326.75,60.4
312254,2012031212,48.5,231.25,70.2
312277,2012031300,61.5,314.5,77.3
312292,2012031512,62.0,268.25,61.9
312332,2012032000,50.25,222.0,68.2
312332,2012032012,52.0,227.75,63.2
312352,2012031900,46.0,155.25,62.3
312352,2012031912,52.0,154.5,62.9
312352,2012032000,53.75,147.0,61.4
312355,2012031800,54.0,145.25,61.7
312355,2012031812,56.0,146.0,63.5
312384,2012031900,62.25,325.0,71.4
312384,2012031912,63.75,326.75,64.7
312452,2012032200,42.75,169.5,64.3
312452,2012032300,57.75,175.0,76.0
312452,2012032312,60.75,176.0,62.0
312460,2012032112,65.25,329.5,61.0
312476,2012032200,48.0,323.0,71.9
312476,2012032212,47.5,324.0,68.0
312504,2012032312,45.25,224.5,61.4
312504,2012032400,42.25,225.0,61.6
312511,2012032312,53.25,316.25,71.5
312511,2012032400,51.75,315.75,60.6
312511,2012032412,51.25,316.75,62.2
312522,2012032400,39.0,146.25,67.5
312522,2012032412,42.25,150.75,60.9
312522,2012032500,46.5,160.5,63.5
312527,2012032412,54.75,324.75,60.9
312535,2012032500,49.5,196.5,64.1
312535,2012032512,47.0,206.0,61.8
312555,2012032600,53.5,329.0,64.3
312608,2012032812,50.5,208.5,66.0
312608,2012032900,51.0,216.5,63.6
312664,2012033012,48.0,179.25,65.5
312692,2012033100,33.0,176.75,65.4
312692,2012033112,38.0,188.75,62.0
312692,2012040100,41.0,198.5,62.9
312692,2012040112,44.5,208.5,67.5
312692,2012040200,48.0,216.75,76.2
312692,2012040212,51.75,221.25,69.2
312694,2012033012,42.0,212.5,60.1
312694,2012033100,41.0,220.0,78.0
312700,2012033112,43.75,147.75,62.5
312700,2012040112,53.5,153.5,72.1
312700,2012040200,55.75,154.25,68.1
312723,2012033112,43.25,229.5,73.4
312723,2012040100,48.0,234.0,60.5
312766,2012040300,36.25,297.0,63.3
312766,2012040312,39.5,302.5,73.7
312766,2012040400,42.25,305.0,62.0
312777,2012040312,40.0,135.75,88.3
312794,2012040300,48.0,165.5,64.7
312794,2012040312,48.75,170.5,62.9
312825,2012040400,46.25,144.0,71.2
312825,2012040412,47.25,146.5,73.4
312885,2012040612,42.75,213.75,61.9
312948,2012040912,46.0,179.75,60.7
312948,2012041000,50.5,189.25,60.3
312948,2012041012,51.0,197.0,61.2
313047,2012041500,57.25,312.75,70.5
313063,2012041112,34.5,139.25,63.7
313064,2012041200,42.75,175.0,61.8
313064,2012041212,39.25,178.25,62.1
313181,2012041700,60.5,306.75,62.8
313248,2012041612,34.5,309.75,62.3
313250,2012041700,58.25,343.5,63.8
313250,2012041712,55.5,344.75,72.5
313265,2012042000,52.0,223.0,61.4
313418,2012042400,60.75,321.25,62.9
313423,2012042212,29.75,171.75,60.9
313423,2012042412,35.25,177.0,61.4
313487,2012042500,47.75,346.75,60.6
313587,2012042712,44.0,294.75,60.0
319247,2012100312,29.0,141.5,62.8
319247,2012100400,35.25,144.0,68.1
319247,2012100412,39.75,148.75,69.8
319247,2012100500,43.75,153.75,66.1
319247,2012100512,45.5,159.0,82.4
319247,2012100600,45.5,166.25,70.8
319247,2012100612,44.0,176.25,60.4
319277,2012100612,39.25,326.0,71.1
319330,2012100700,48.75,183.25,64.1
319330,2012100712,45.75,185.5,73.1
319330,2012100800,43.5,187.0,65.3
319384,2012101012,64.0,328.75,72.7
319384,2012101100,63.5,325.75,67.4
319384,2012101112,61.5,326.75,66.3
319396,2012101012,40.25,176.0,68.1
319396,2012101100,43.75,182.75,78.0
319396,2012101112,47.75,188.75,65.3
319396,2012101200,49.25,190.5,62.0
319411,2012101000,52.5,165.0,64.1
319444,2012101212,37.0,157.75,62.3
319444,2012101600,52.0,229.0,68.1
319464,2012101200,53.5,300.5,76.9
319464,2012101212,56.75,304.75,71.8
319464,2012101300,58.5,303.0,63.7
319483,2012101512,38.25,181.5,73.2
319504,2012101812,30.75,136.75,85.6
319504,2012101900,32.25,142.75,78.2
319504,2012101912,33.0,149.0,60.3
319504,2012102000,34.5,155.25,63.1
319530,2012101400,53.25,317.25,60.1
319530,2012101412,58.25,312.0,79.6
319530,2012101500,57.75,309.5,64.7
319530,2012101512,57.25,313.0,60.5
319532,2012101412,53.25,219.75,64.2
319565,2012101700,31.5,297.0,72.3
319565,2012101712,37.0,299.75,68.8
319565,2012101800,41.0,305.0,81.4
319565,2012101812,45.0,313.25,71.5
319565,2012101900,48.25,324.75,60.4
319565,2012101912,52.75,330.75,64.4
319565,2012102000,56.0,326.5,69.8
319565,2012102012,53.25,323.5,66.6
319588,2012101712,30.0,177.75,63.6
319588,2012101800,30.0,183.5,63.2
319588,2012101812,32.75,188.5,78.1
319588,2012101900,36.5,190.5,73.9
319588,2012101912,37.75,190.5,65.5
319593,2012101700,50.5,347.0,65.6
319597,2012101812,56.75,310.0,62.3
319645,2012101900,57.5,323.0,60.6
319645,2012101912,59.0,322.0,66.1
319737,2012102500,45.0,190.5,61.7
319739,2012103012,35.75,326.5,64.8
319765,2012102700,59.75,276.25,60.4
319765,2012102712,63.25,279.5,61.9
319775,2012102800,30.5,285.5,74.4
319775,2012102812,32.0,287.0,69.6
319775,2012102900,33.75,289.25,74.1
319775,2012102912,36.75,289.25,92.7
319775,2012103000,39.5,285.5,69.2
319788,2012102800,44.0,7.25,62.8
319788,2012102812,43.5,8.5,66.2
319817,2012110112,49.5,209.0,60.1
319817,2012110200,51.75,208.75,66.0
319817,2012110212,52.25,209.25,75.9
319817,2012110300,53.0,209.75,64.6
319845,2012110300,32.75,192.5,67.9
319845,2012110312,34.25,200.0,79.4
319845,2012110400,41.75,209.75,84.6
319845,2012110412,50.0,217.5,84.4
319845,2012110500,55.75,225.0,72.1
319869,2012103100,45.25,226.75,60.1
319881,2012110100,61.75,352.0,62.7
319881,2012110112,58.75,350.0,62.2
319892,2012110112,41.5,138.25,60.7
319899,2012110200,62.5,356.0,72.2
319899,2012110212,61.5,348.25,68.3
319922,2012110600,44.25,175.25,63.4
319927,2012110300,66.5,354.75,60.1
319990,2012110612,47.0,303.25,60.6
319990,2012110712,56.25,308.25,61.3
319990,2012110800,57.25,316.5,61.5
319990,2012110812,61.25,331.0,63.4
319990,2012110900,63.0,339.0,60.9
319990,2012110912,61.5,341.25,66.9
319990,2012111000,60.75,348.25,60.0
320009,2012110712,37.0,288.25,66.7
320009,2012110800,39.25,289.75,63.9
320033,2012110812,61.5,321.25,67.3
320063,2012111012,57.0,304.5,69.2
320063,2012111100,57.25,306.5,69.8
320063,2012111112,57.0,311.0,68.0
320063,2012111200,56.25,317.75,71.2
320074,2012111212,48.75,177.0,60.8
320074,2012111300,49.75,179.25,73.6
320074,2012111312,53.0,183.5,72.5
320074,2012111400,56.25,187.75,62.8
320107,2012111200,60.75,331.75,72.4
320107,2012111212,64.0,330.5,70.6
320107,2012111300,59.5,324.75,68.1
320135,2012111512,67.0,338.75,63.5
320135,2012111700,66.75,346.5,76.4
320135,2012111712,66.5,348.5,71.1
320135,2012111800,66.5,350.0,64.0
320155,2012111512,64.75,322.5,64.4
320155,2012111600,62.75,326.25,66.8
320172,2012111800,42.75,149.0,73.3
320172,2012111900,53.0,150.75,63.5
320177,2012111712,62.25,302.75,66.4
320207,2012111912,59.75,322.25,64.1
320207,2012112000,56.5,326.0,66.0
320207,2012112012,57.0,326.5,74.4
320212,2012112000,53.25,164.25,62.5
320220,2012112100,61.0,345.5,62.7
320220,2012112112,62.25,344.75,64.3
320223,2012112200,48.5,214.0,61.1
320223,2012112212,51.0,215.0,65.6
320223,2012112300,53.25,218.5,66.0
320223,2012112312,54.25,218.25,61.1
320225,2012112100,40.25,167.25,65.4
320244,2012112300,63.25,342.0,73.4
320244,2012112312,65.0,333.75,72.0
320246,2012112412,47.25,351.5,60.1
320246,2012112512,55.0,3.25,60.2
320267,2012112412,43.25,164.75,60.8
320281,2012112512,52.75,302.0,61.0
320281,2012112600,56.5,299.25,61.1
320324,2012112512,34.0,163.5,61.4
320327,2012112612,43.25,145.5,63.3
320327,2012112700,50.25,150.25,78.0
320327,2012112712,54.5,151.5,63.4
320327,2012112800,59.25,150.0,62.4
320328,2012112612,42.25,138.0,64.6
320335,2012112900,50.0,141.5,63.4
320335,2012112912,52.75,143.5,62.5
320335,2012113000,55.0,142.0,62.6
320357,2012112812,42.25,8.0,60.5
320357,2012112900,42.0,7.5,66.6
320363,2012112800,37.0,223.0,63.1
320367,2012112812,61.0,319.0,69.1
320367,2012112900,62.0,319.5,61.2
320381,2012113000,50.0,308.25,61.5
320381,2012113012,55.75,311.75,91.6
320381,2012120100,57.25,310.0,74.1
320381,2012120112,57.0,312.0,66.2
320381,2012120200,58.25,317.5,63.5
320402,2012120112,44.0,155.25,72.3
320402,2012120200,49.75,154.25,71.3
320402,2012120212,52.0,154.5,60.2
320430,2012120400,41.0,321.25,77.2
320430,2012120412,42.75,324.75,63.4
320443,2012120212,64.25,324.25,67.8
320448,2012120400,31.5,154.0,64.0
320448,2012120412,33.25,159.5,83.7
320466,2012120412,39.75,145.25,65.1
320466,2012120500,47.25,143.75,63.2
320477,2012120500,35.5,167.75,74.2
320477,2012120512,34.75,172.75,66.8
320477,2012120712,41.0,188.75,61.1
320477,2012120800,45.75,190.5,66.5
320477,2012120812,49.75,189.25,65.0
320477,2012120900,52.75,193.0,67.0
320484,2012120600,41.5,137.5,77.1
320484,2012120612,45.75,141.25,71.6
320484,2012120700,47.25,143.25,63.3
320515,2012120800,39.5,139.25,61.7
320524,2012121000,43.0,150.75,61.4
320524,2012121012,42.5,155.75,65.3
320524,2012121100,45.25,162.0,64.6
320531,2012121012,55.75,308.0,67.8
320531,2012121100,56.0,320.25,67.6
320548,2012121300,54.75,325.0,61.0
320548,2012121312,54.25,323.75,61.5
320548,2012121400,54.0,325.5,66.3
320548,2012121412,53.75,327.75,66.6
320548,2012121500,53.5,328.5,66.5
320548,2012121512,53.0,331.75,64.4
320560,2012121100,51.75,168.5,64.8
320560,2012121112,54.25,169.25,64.6
320560,2012121200,54.5,170.5,60.5
320560,2012121212,56.5,175.75,62.1
320640,2012121512,42.75,184.75,63.5
320640,2012121600,46.25,202.75,62.9
320640,2012121700,48.0,230.0,65.5
320646,2012121512,45.0,166.75,61.7
320648,2012121500,56.0,0.0,70.5
320650,2012121800,49.5,322.0,66.4
320682,2012121612,43.75,160.5,61.8
320682,2012121700,46.0,163.25,64.3
320682,2012121812,56.5,204.0,62.5
320682,2012121900,56.0,212.5,66.8
320682,2012121912,55.0,216.5,71.5
320682,2012122000,50.75,220.5,65.8
320682,2012122012,51.25,220.25,61.3
320686,2012121800,35.5,153.25,63.1
320686,2012121812,37.5,159.5,62.7
320686,2012121912,51.5,167.25,61.3
320701,2012121900,52.5,150.75,63.5
320701,2012122012,57.5,152.5,60.2
320711,2012121900,57.75,326.5,70.0
320711,2012121912,54.0,323.25,65.6
320723,2012122000,40.5,304.25,61.2
320723,2012122012,38.75,303.75,66.3
320726,2012121912,58.5,336.0,62.5
320726,2012122000,59.0,330.25,67.1
320726,2012122012,58.75,324.5,65.7
320726,2012122100,56.75,320.75,62.5
320733,2012122012,41.5,315.25,64.3
320733,2012122112,44.25,327.25,63.7
320747,2012122112,40.5,285.25,67.2
320751,2012122212,45.25,175.5,62.2
320751,2012122300,44.75,180.75,73.6
320751,2012122312,42.0,184.75,63.7
320752,2012122300,41.0,155.0,70.5
320752,2012122312,48.75,160.5,72.3
320752,2012122400,52.0,160.0,76.0
320752,2012122412,53.5,160.75,60.2
320767,2012122300,55.0,348.75,64.2
320784,2012122500,39.0,166.75,63.4
320784,2012122512,40.25,177.75,82.7
320784,2012122600,46.0,188.75,80.3
320784,2012122612,50.0,195.25,68.9
320784,2012122700,53.25,202.25,60.2
320785,2012122312,58.5,357.0,69.4
320785,2012122712,66.75,9.25,65.3
320798,2012122712,40.75,287.5,68.9
320807,2012122512,63.25,310.25,73.2
320809,2012122600,43.75,149.25,65.9
320814,2012122600,55.75,179.0,60.2
320822,2012122600,59.75,312.5,60.5
320822,2012122612,57.75,316.0,67.4
320827,2012122812,60.75,333.25,74.2
320832,2012122612,45.5,159.75,70.4
320832,2012122700,48.25,169.25,69.2
320832,2012122712,49.75,172.5,69.6
320861,2012122800,50.25,179.75,62.0
320861,2012122812,48.5,180.75,65.5
320868,2012122800,47.25,330.0,66.7
320868,2012122812,53.5,338.0,66.1
320868,2012122900,62.5,344.25,76.3
320868,2012122912,64.5,347.5,82.8
320868,2012123000,67.0,349.5,80.6
320868,2012123012,67.0,350.0,70.8
320868,2012123100,66.75,346.75,68.2
320870,2012123000,39.75,289.5,66.3
320870,2012123012,43.5,295.5,77.3
320870,2013010200,55.0,308.5,62.3
320871,2012123000,61.25,193.75,62.5
320877,2012122900,37.5,192.75,65.4
320877,2012122912,42.5,200.75,77.3
320877,2012123000,49.5,206.25,75.1
320877,2012123012,54.75,205.0,66.5
320877,2012123112,59.75,193.75,61.0
320882,2012122912,63.5,339.0,88.1
320882,2012123000,60.75,344.5,66.8
320884,2012123012,36.5,141.5,64.4
320884,2012123100,45.0,150.25,62.7
320884,2012123112,51.0,148.75,68.3
320884,2013010100,50.75,150.75,61.8
320884,2013010112,51.0,154.75,60.3
320889,2012123100,42.75,199.0,67.2
320889,2012123112,47.25,203.5,68.8
320889,2013010100,53.5,205.25,72.8
320922,2013010112,58.25,324.5,66.1
320922,2013010200,61.5,326.5,61.2
320934,2013010312,57.5,318.0,68.3
320934,2013010400,57.25,317.5,61.5
320947,2013010500,51.0,172.0,66.4
320950,2013010312,52.25,318.5,74.9
320950,2013010400,50.0,325.75,70.4
320950,2013010412,57.25,328.0,79.2
320950,2013010500,65.25,326.0,75.2
320951,2013010400,46.25,209.25,60.1
320951,2013010412,48.5,212.5,61.2
320968,2013010512,43.5,183.0,60.9
320968,2013010600,47.5,191.25,65.9
320968,2013010612,52.25,199.25,72.7
320974,2013010612,58.5,301.0,70.1
320974,2013010700,57.5,299.0,61.5
320989,2013010612,49.25,318.0,78.9
320989,2013010700,52.5,322.75,64.9
320994,2013010800,53.75,164.25,61.4
321004,2013010712,38.0,169.25,73.2
321004,2013010800,44.75,177.0,69.3
321004,2013010812,52.75,180.25,65.6
321004,2013010900,58.75,176.5,65.2
321010,2013010800,48.75,319.25,70.3
321010,2013010812,55.0,322.5,79.7
321010,2013010900,58.75,320.5,69.3
321010,2013010912,60.25,321.0,72.7
321011,2013010712,61.25,315.0,62.0
321011,2013010800,59.75,306.0,72.1
321011,2013010812,57.5,311.0,63.0
321027,2013010900,55.0,166.0,62.3
321039,2013011100,40.0,181.5,60.7
321039,2013011112,43.0,184.25,60.7
321054,2013011100,44.75,305.25,60.1
321054,2013011112,43.5,309.0,67.4
321054,2013011200,40.25,310.75,71.5
321069,2013011212,47.75,170.75,64.1
321073,2013011112,37.5,175.5,68.1
321073,2013011200,40.5,181.75,67.5
321073,2013011212,43.25,187.25,68.1
321102,2013011512,57.5,306.0,61.4
321102,2013011600,58.75,310.75,61.2
321109,2013011312,44.5,193.75,61.1
321112,2013011400,30.0,135.75,67.4
321112,2013011412,35.0,144.25,81.9
321112,2013011500,38.0,154.0,108.2
321112,2013011512,42.0,164.0,101.3
321112,2013011600,44.75,168.5,80.5
321112,2013011612,47.25,170.25,69.2
321112,2013011700,48.75,170.25,68.7
321112,2013011712,50.5,169.25,64.9
321112,2013011800,51.25,165.5,63.2
321121,2013011500,63.75,325.25,75.6
321121,2013011512,63.25,328.75,60.2
321155,2013011900,43.0,346.75,78.8
321155,2013011912,43.75,356.75,70.5
321159,2013011812,64.0,327.25,76.0
321161,2013011900,40.25,158.75,65.7
321161,2013011912,41.0,165.0,67.5
321167,2013011812,38.25,293.5,70.5
321167,2013011912,51.75,325.5,60.7
321167,2013012000,55.75,330.25,96.7
321167,2013012012,58.0,331.5,92.2
321168,2013012012,56.5,187.0,61.5
321168,2013012100,57.0,183.5,60.1
321180,2013011912,44.5,177.75,62.8
321180,2013012000,45.75,184.5,74.6
321180,2013012012,46.0,193.0,66.0
321203,2013012112,37.5,170.0,62.8
321203,2013012200,40.0,176.0,70.3
321203,2013012212,43.5,182.0,70.1
321203,2013012300,46.0,186.25,64.3
321203,2013012312,46.5,191.0,61.0
321210,2013012100,61.0,322.75,79.1
321214,2013012100,54.25,332.5,62.3
321214,2013012112,54.75,338.5,63.4
321214,2013012200,51.0,343.75,62.7
321223,2013012212,41.5,297.5,60.4
321223,2013012312,53.0,317.25,90.7
321223,2013012400,58.0,318.75,80.9
321223,2013012412,59.0,314.75,77.8
321228,2013012300,38.25,154.25,65.6
321228,2013012312,39.0,160.25,81.6
321228,2013012400,42.25,167.5,72.5
321228,2013012412,46.5,171.0,65.6
321228,2013012500,49.5,173.0,64.5
321244,2013012600,35.25,180.75,60.5
321244,2013012612,36.0,184.5,64.8
321244,2013012700,36.5,188.75,69.1
321244,2013012712,39.5,190.75,64.3
321257,2013012500,53.25,223.5,64.7
321262,2013012500,38.25,301.5,73.8
321262,2013012512,45.25,315.25,69.0
321262,2013012600,52.25,323.75,91.5
321262,2013012612,56.25,329.25,82.8
321262,2013012700,58.0,336.5,75.0
321262,2013012712,60.5,337.75,73.6
321262,2013012800,60.25,341.25,62.7
321264,2013012500,63.0,319.75,79.9
321264,2013012512,61.5,325.75,66.7
321271,2013012512,66.5,338.75,63.5
321293,2013012700,43.25,306.0,68.3
321293,2013012712,47.75,316.75,70.1
321293,2013012800,52.5,328.0,77.3
321293,2013012812,57.5,346.0,72.5
321305,2013012712,62.5,355.0,61.1
321305,2013012812,62.0,348.5,62.4
321311,2013012900,51.25,334.0,78.3
321311,2013012912,56.75,343.25,68.4
321311,2013013000,60.75,354.25,74.0
321311,2013013012,61.0,1.0,60.6
321313,2013012812,33.75,149.75,63.6
321313,2013012912,37.25,171.0,69.4
321313,2013013000,39.0,179.5,78.4
321313,2013013012,40.75,187.75,76.3
321313,2013013100,42.5,194.5,70.3
321313,2013013112,45.25,200.25,63.4
321322,2013012812,57.0,323.5,66.9
321322,2013012900,57.5,321.5,62.9
321342,2013013012,36.25,317.5,68.1
321342,2013013100,38.5,323.0,63.2
321357,2013013012,52.75,334.75,63.3
321362,2013013112,48.5,286.0,68.5
321362,2013020100,52.75,295.75,63.4
321362,2013020112,58.5,301.0,77.4
321362,2013020200,61.5,300.25,66.0
321362,2013020212,61.25,302.0,75.7
321362,2013020300,63.25,304.75,60.4
321376,2013020112,42.25,186.0,66.5
321379,2013020300,54.0,144.25,64.1
321389,2013020300,53.0,316.5,66.5
321389,2013020312,61.0,328.5,90.1
321389,2013020400,63.5,344.5,89.3
321389,2013020412,63.5,352.25,72.4
321389,2013020500,61.75,355.0,62.2
321397,2013020212,64.5,320.0,60.8
321414,2013020300,66.25,346.75,63.0
321417,2013020400,52.0,154.5,62.0
321417,2013020412,52.25,152.75,63.8
321422,2013020400,35.5,294.75,62.1
321422,2013020412,42.75,300.5,76.6
321422,2013020500,51.0,301.25,66.5
321422,2013020512,56.0,300.0,62.7
321422,2013020600,57.5,300.0,63.7
321423,2013020400,44.5,202.5,63.9
321423,2013020412,46.0,210.0,61.9
321434,2013020500,41.0,153.0,67.5
321447,2013020512,44.75,167.25,77.8
321447,2013020600,47.0,171.5,75.3
321447,2013020612,48.75,174.0,65.7
321447,2013020700,50.25,177.5,63.8
321448,2013020500,50.0,182.5,62.4
321462,2013020800,38.75,185.0,65.2
321462,2013020812,43.5,193.75,76.2
321462,2013020900,46.75,199.25,64.6
321474,2013020900,62.75,321.75,73.2
321483,2013020712,42.75,137.0,61.4
321483,2013020800,41.75,141.5,64.1
321496,2013020812,52.25,315.25,64.8
321498,2013020900,38.75,289.25,73.1
321498,2013020912,42.0,292.25,78.3
321498,2013021000,41.5,295.5,65.6
321498,2013021012,43.5,302.25,62.4
321503,2013020812,47.25,150.0,62.7
321503,2013020900,46.75,154.25,69.3
321503,2013020912,48.25,161.0,62.7
321503,2013021000,51.0,163.25,61.2
321529,2013021000,65.25,326.0,62.4
321533,2013021000,60.75,321.5,62.5
321533,2013021012,62.75,324.0,61.0
321574,2013021212,42.25,178.75,65.4
321574,2013021300,45.25,183.0,76.8
321574,2013021312,46.5,188.25,67.9
321583,2013021412,63.25,352.25,61.8
321604,2013021312,39.25,150.5,94.9
321604,2013021400,38.25,158.25,82.1
321604,2013021412,40.25,166.25,77.7
321604,2013021500,43.25,170.25,77.2
321604,2013021512,44.0,173.25,66.4
321604,2013021600,46.5,178.5,60.8
321608,2013021412,39.5,293.25,66.9
321608,2013021512,44.5,323.25,64.5
321608,2013021600,45.75,328.75,61.1
321608,2013021712,54.5,325.0,63.6
321620,2013021412,54.0,206.0,64.2
321635,2013021600,40.0,155.25,73.6
321635,2013021612,42.5,161.5,74.7
321635,2013021700,47.25,166.0,64.3
321635,2013021712,50.0,164.0,67.6
321668,2013021712,39.25,291.75,68.2
321668,2013021800,45.0,297.75,76.0
321668,2013021812,48.0,299.25,68.0
321675,2013021812,60.0,320.5,60.4
321681,2013021800,47.5,181.0,64.3
321681,2013021812,54.0,181.75,71.0
321681,2013021900,56.5,179.5,68.2
321681,2013021912,57.75,176.5,68.5
321681,2013022000,58.5,173.0,65.7
321691,2013021900,38.25,157.0,66.4
321691,2013021912,42.0,171.5,71.5
321691,2013022000,48.75,186.0,67.1
321691,2013022012,52.5,197.75,79.3
321700,2013021912,52.75,317.25,64.2
321706,2013021912,52.5,194.25,64.6
321706,2013022000,56.75,198.75,69.5
321707,2013022200,55.0,211.0,65.4
321707,2013022212,56.75,221.75,65.0
321756,2013022200,43.75,174.25,68.4
321756,2013022212,48.75,179.25,91.3
321756,2013022300,53.0,183.5,73.8
321756,2013022312,52.75,187.25,75.0
321760,2013022300,39.25,312.25,74.4
321760,2013022312,39.75,313.75,74.0
321760,2013022400,41.75,318.25,66.3
321760,2013022600,56.5,318.75,61.4
321774,2013022312,40.25,156.0,61.1
321793,2013022412,40.5,149.75,65.9
321793,2013022500,39.75,156.0,79.6
321793,2013022512,44.75,165.0,77.7
321793,2013022600,47.0,169.25,71.5
321793,2013022612,47.75,175.5,69.5
321793,2013022700,49.5,183.25,64.7
321799,2013022512,39.75,299.0,68.8
321799,2013022600,38.25,307.25,64.9
321814,2013022512,52.75,201.75,67.9
321814,2013022600,54.0,205.75,66.4
321823,2013022512,49.75,234.75,60.4
321847,2013022612,62.0,320.75,61.6
321854,2013022612,54.25,214.25,66.6
321866,2013030112,49.0,177.0,71.7
321866,2013030200,50.5,185.0,76.6
321866,2013030212,51.75,190.5,68.7
321866,2013030300,52.25,195.5,63.5
321897,2013030200,45.25,144.25,65.1
321897,2013030212,44.0,146.75,77.7
321897,2013030300,46.75,153.25,71.9
321897,2013030312,50.5,161.25,69.9
321897,2013030400,53.25,164.75,68.0
321941,2013030300,67.0,340.25,66.3
321948,2013030400,67.0,355.5,74.0
321948,2013030600,66.25,9.0,62.3
321976,2013030712,47.0,327.25,67.4
321976,2013030800,46.5,331.25,66.0
321976,2013030812,44.25,336.75,62.4
321976,2013030900,45.0,340.25,60.1
321980,2013030600,39.5,179.0,65.4
321980,2013030612,43.5,187.5,61.1
321980,2013030700,50.5,193.75,60.7
321980,2013030800,54.75,200.25,60.7
321981,2013030500,34.0,145.75,63.8
321987,2013030712,51.5,333.75,61.9
322001,2013030600,52.5,333.5,61.6
322011,2013030700,36.0,286.25,64.4
322011,2013030712,36.5,292.0,61.8
322011,2013030812,37.75,297.0,64.4
322011,2013030900,39.0,296.25,66.1
322011,2013030912,36.0,295.5,62.1
322032,2013030712,42.25,168.5,62.9
322032,2013030800,40.0,176.75,62.0
322065,2013030800,63.0,324.25,87.3
322065,2013030812,62.5,321.25,84.4
322065,2013030900,61.5,319.5,82.4
322065,2013030912,60.0,320.0,68.4
322068,2013030900,45.5,150.25,64.9
322068,2013030912,48.5,160.0,76.4
322087,2013031012,45.5,150.5,63.7
322188,2013031400,51.75,150.0,65.5
322188,2013031412,54.25,152.25,69.0
322237,2013031500,58.25,155.5,60.7
322243,2013031600,51.5,157.75,62.8
322243,2013031612,54.75,166.0,62.4
322267,2013031700,45.5,156.0,62.1
322267,2013031712,45.25,161.5,66.2
322282,2013031812,57.25,301.0,60.8
322295,2013031800,44.5,174.75,66.2
322295,2013031812,43.25,176.5,62.9
322320,2013031912,51.0,145.5,60.2
322320,2013032000,53.0,145.25,60.6
322336,2013031900,45.5,315.25,63.3
322336,2013031912,47.25,314.75,63.4
322336,2013032000,43.5,315.0,71.2
322336,2013032012,40.0,323.25,68.2
322336,2013032100,41.25,333.0,66.9
322336,2013032200,52.0,343.25,65.3
322336,2013032212,52.25,337.5,61.0
322372,2013032100,45.75,150.75,65.9
322372,2013032112,48.75,154.0,79.1
322372,2013032200,49.5,158.25,69.5
322385,2013032012,60.5,340.0,68.5
322385,2013032100,61.5,332.0,60.6
322416,2013032200,41.5,298.5,74.7
322416,2013032212,46.75,300.5,64.9
322448,2013032212,54.5,155.25,61.1
322448,2013032300,56.75,163.5,69.8
322462,2013032312,50.5,309.25,63.7
322495,2013032600,38.75,289.0,63.4
322495,2013032612,41.25,298.5,78.2
322495,2013032700,42.5,308.5,80.8
322495,2013032712,48.5,322.5,69.1
322495,2013032800,49.75,322.0,60.9
322495,2013032812,51.0,321.25,69.6
322495,2013032900,51.0,318.75,63.5
322495,2013033000,51.75,316.25,63.5
322510,2013032700,49.0,166.0,61.3
322510,2013032712,49.0,173.0,60.7
322534,2013032512,33.75,304.25,61.1
322534,2013032600,35.75,317.0,61.4
322708,2013040112,44.5,162.5,62.1
322708,2013040200,46.0,171.0,81.4
322708,2013040212,47.75,178.0,70.8
322708,2013040300,49.0,181.25,67.0
322708,2013040312,49.0,184.0,60.2
322753,2013040312,34.75,146.0,64.4
322753,2013040600,39.5,178.25,61.4
322799,2013040600,58.5,316.5,72.8
322827,2013040612,47.5,303.25,63.3
322827,2013040700,51.25,308.0,66.9
322827,2013040712,53.5,312.0,70.9
322827,2013040800,53.25,315.25,64.6
322831,2013040612,36.5,137.0,74.0
322831,2013040700,40.75,137.75,66.6
322831,2013040712,41.0,144.5,68.4
322831,2013040800,43.0,145.5,64.8
322908,2013040912,56.75,220.25,64.5
322960,2013041300,46.25,322.25,66.0
323032,2013041312,51.75,334.0,73.1
323032,2013041400,51.5,336.0,61.1
323032,2013041412,53.0,343.25,62.5
323044,2013041512,50.25,341.25,60.5
323044,2013041600,54.75,348.75,63.7
323057,2013041912,62.5,322.75,61.0
323057,2013042000,62.75,320.75,67.7
323057,2013042012,61.0,323.25,60.5
323066,2013041600,40.75,319.0,65.1
323066,2013041712,53.75,344.75,64.7
323207,2013042212,63.5,338.5,60.5
323267,2013042412,38.0,327.25,61.6
323267,2013042500,34.25,324.5,66.1
328870,2013100300,54.25,139.75,67.4
328870,2013100312,55.75,140.0,62.4
328937,2013100812,54.25,153.5,64.0
328937,2013100900,54.75,163.5,60.6
328996,2013100812,43.75,319.75,62.7
329101,2013101412,49.75,337.5,64.6
329135,2013101400,53.5,167.75,66.0
329147,2013101512,30.25,136.25,101.5
329147,2013101600,36.25,141.75,100.6
329147,2013101612,43.5,149.0,83.1
329147,2013101700,50.0,156.75,77.1
329147,2013101712,52.5,164.25,74.5
329147,2013101800,53.5,173.75,70.2
329147,2013101812,54.0,183.0,61.6
329296,2013102512,29.5,135.0,77.1
329312,2013102312,46.25,189.75,62.5
329312,2013102400,51.0,194.25,72.0
329312,2013102412,54.25,195.0,62.7
329312,2013102500,57.0,193.5,60.6
329313,2013102512,54.5,316.5,72.9
329313,2013102600,55.5,325.0,78.6
329313,2013102612,55.75,332.75,73.5
329313,2013102700,56.25,342.5,63.8
329334,2013102512,29.25,145.0,93.7
329334,2013102600,34.75,148.75,103.3
329334,2013102612,39.5,155.75,86.9
329334,2013102700,41.0,162.25,63.3
329384,2013102912,58.25,319.0,62.8
329384,2013103000,58.0,323.75,71.3
329384,2013103012,59.0,328.0,71.5
329384,2013103100,60.25,331.75,69.0
329384,2013103112,61.0,338.0,61.2
329393,2013102800,50.5,353.75,64.7
329393,2013102812,55.5,6.25,68.4
329434,2013103100,39.5,157.75,65.0
329434,2013103112,40.75,164.75,73.6
329434,2013110100,44.0,171.5,68.8
329434,2013110112,47.75,178.0,66.7
329442,2013103012,60.0,311.5,64.2
329449,2013110300,58.5,306.5,66.7
329449,2013110400,58.5,313.5,71.9
329449,2013110412,61.25,320.5,64.7
329449,2013110500,60.5,331.5,64.7
329449,2013110700,59.5,333.0,64.4
329476,2013110200,53.0,342.25,74.0
329476,2013110212,54.5,351.5,66.5
329493,2013110212,48.25,234.5,61.7
329518,2013110500,43.25,164.75,71.6
329518,2013110512,49.5,168.75,68.2
329518,2013110600,51.25,173.75,70.2
329518,2013110612,56.5,178.5,70.8
329518,2013110700,59.5,179.25,71.7
329518,2013110712,63.0,180.0,63.5
329561,2013110712,48.75,231.0,62.6
329562,2013110800,46.75,150.5,65.4
329562,2013110812,54.25,165.25,62.1
329567,2013110800,61.75,326.75,60.0
329567,2013111012,60.5,325.25,65.8
329567,2013111100,63.75,330.75,74.7
329567,2013111112,64.75,334.5,77.0
329567,2013111200,67.0,346.0,71.9
329590,2013111112,45.0,303.75,61.3
329590,2013111200,47.0,308.75,64.6
329590,2013111212,53.0,317.25,63.1
329605,2013111112,45.0,219.75,61.6
329607,2013111000,45.5,141.5,69.7
329607,2013111012,50.75,147.25,76.3
329607,2013111100,54.75,149.25,66.7
329612,2013111100,41.5,151.75,60.8
329612,2013111112,48.25,157.25,61.7
329616,2013111312,56.0,301.5,60.7
329616,2013111400,57.75,305.5,68.4
329632,2013111200,36.25,206.5,60.3
329632,2013111312,38.5,204.75,62.5
329673,2013111500,50.25,318.75,66.3
329673,2013111612,65.5,355.25,67.2
329675,2013111412,65.0,320.5,71.6
329696,2013111612,37.25,149.5,70.9
329696,2013111700,41.0,150.75,64.6
329706,2013112112,39.75,323.5,68.9
329709,2013111812,50.0,279.25,60.5
329709,2013111900,51.5,282.5,68.4
329734,2013112000,63.0,358.0,69.1
329761,2013112112,46.75,306.0,63.4
329761,2013112512,56.25,301.75,63.3
329775,2013112200,56.5,204.0,60.0
329835,2013112612,49.25,140.75,65.1
329840,2013112600,40.0,209.25,70.3
329840,2013112612,39.75,215.5,62.6
329848,2013112600,36.75,180.0,64.6
329848,2013112612,41.5,181.5,67.6
329848,2013112700,40.5,181.0,65.1
329848,2013112712,40.0,185.75,62.7
329852,2013112512,63.0,305.0,61.1
329858,2013112700,65.0,325.0,60.1
329864,2013112712,41.25,286.0,65.5
329864,2013112800,46.5,291.75,67.9
329864,2013112900,57.5,300.5,67.2
329864,2013112912,60.0,304.0,69.1
329885,2013112712,39.25,137.5,63.6
329885,2013112800,47.25,148.75,70.3
329885,2013112812,55.5,150.25,62.4
329903,2013112900,33.0,153.5,61.8
329935,2013120112,66.5,330.75,66.2
329958,2013120400,33.5,331.75,68.6
329969,2013120412,45.5,300.0,64.4
329969,2013120500,48.0,303.75,60.2
329969,2013120600,55.0,311.75,67.3
329969,2013120612,58.0,318.0,66.7
329969,2013120700,60.5,323.25,63.9
329991,2013120500,60.25,349.0,67.0
329991,2013120512,60.25,8.0,83.2
329994,2013120700,35.25,174.0,75.3
330016,2013120700,66.5,2.5,67.8
330025,2013120700,49.0,194.25,60.2
330025,2013120712,48.25,193.25,63.6
330029,2013120712,60.0,303.5,66.8
330030,2013120800,46.0,160.5,62.8
330030,2013120812,52.25,161.75,69.7
330032,2013120712,62.5,334.0,63.3
330043,2013120800,59.75,319.5,72.2
330043,2013120812,63.0,324.75,76.3
330043,2013120900,63.75,327.0,66.0
330043,2013121000,64.25,324.5,60.4
330043,2013121112,62.0,322.0,60.7
330067,2013121012,32.5,174.5,61.3
330083,2013121012,42.75,144.25,73.0
330083,2013121100,48.25,144.25,63.3
330083,2013121112,52.25,143.5,70.9
330087,2013121200,56.5,317.75,62.6
330092,2013121012,27.0,180.0,66.8
330092,2013121100,32.25,181.5,61.1
330093,2013121100,41.0,339.25,62.5
330101,2013121100,40.75,297.5,61.3
330101,2013121112,45.25,316.75,64.5
330109,2013121200,40.25,187.0,68.2
330109,2013121212,41.0,192.5,66.9
330120,2013121212,64.25,3.75,62.1
330123,2013121200,53.75,326.25,74.8
330123,2013121212,59.25,318.75,76.2
330123,2013121300,58.75,317.0,84.2
330123,2013121312,59.25,311.5,73.6
330129,2013121400,46.0,146.25,71.9
330129,2013121412,46.0,147.5,63.0
330139,2013121312,43.75,322.25,75.5
330139,2013121400,53.0,338.5,66.5
330139,2013121412,60.0,347.75,62.9
330139,2013121500,63.75,353.25,82.5
330140,2013121400,41.0,179.5,62.8
330140,2013121412,41.25,181.75,61.8
330144,2013121300,59.75,337.5,66.6
330145,2013121300,44.75,191.75,63.0
330145,2013121312,43.5,196.25,66.2
330155,2013121412,45.5,321.5,76.0
330155,2013121500,54.0,336.25,84.1
330155,2013121512,60.5,346.0,96.7
330155,2013121600,66.25,356.0,74.7
330157,2013121500,59.75,307.75,65.4
330172,2013121612,42.25,156.75,60.3
330172,2013121700,37.75,158.5,70.9
330173,2013121512,41.0,290.0,64.6
330173,2013121600,45.25,299.25,76.6
330173,2013121612,49.25,310.25,71.8
330173,2013121700,53.75,324.0,62.6
330173,2013121712,59.5,334.5,61.3
330173,2013121800,64.5,336.75,62.5
330173,2013121812,66.0,333.5,70.7
330188,2013121712,41.75,172.0,66.5
330188,2013121800,40.25,169.5,65.4
330188,2013121812,37.25,171.75,60.8
330189,2013122012,38.25,147.25,82.1
330189,2013122100,38.25,152.25,75.5
330189,2013122112,39.75,159.25,75.1
330189,2013122200,42.5,164.0,68.5
330189,2013122300,46.75,169.0,61.5
330189,2013122400,47.5,171.75,62.4
330202,2013121900,46.25,300.75,62.0
330202,2013121912,51.0,308.75,72.7
330204,2013121812,53.0,343.25,83.4
330204,2013121900,59.5,348.25,85.4
330204,2013121912,64.25,349.25,72.9
330204,2013122200,64.0,307.75,60.0
330209,2013121812,62.25,326.25,69.4
330209,2013121900,61.25,332.5,73.9
330221,2013122000,55.25,318.75,88.3
330221,2013122012,60.0,331.75,68.4
330221,2013122100,59.0,333.5,71.6
330234,2013122112,63.25,336.75,60.1
330234,2013122200,62.25,337.0,64.3
330234,2013122312,66.0,345.5,65.9
330263,2013122300,60.5,318.25,79.3
330263,2013122312,58.5,320.5,72.5
330263,2013122400,54.75,325.75,69.0
330264,2013122400,57.75,347.5,70.1
330264,2013122412,59.25,351.5,70.2
330264,2013122500,61.0,353.75,69.5
330264,2013122512,62.75,356.0,64.2
330264,2013122612,65.75,359.25,63.3
330270,2013122400,66.0,308.0,60.2
330272,2013122512,40.25,168.5,67.7
330272,2013122600,41.0,175.25,81.1
330272,2013122612,46.0,178.75,74.1
330272,2013122700,45.75,182.75,73.5
330272,2013122712,45.75,186.0,62.7
330275,2013122512,63.75,322.5,67.9
330279,2013122500,40.5,298.5,62.2
330279,2013122612,53.0,338.5,73.2
330279,2013122700,54.75,348.75,78.2
330279,2013122712,58.5,354.75,63.6
330281,2013122512,54.75,167.25,63.3
330292,2013122600,62.25,339.75,60.6
330298,2013122700,43.75,139.25,62.2
330301,2013122712,44.75,149.5,61.7
330301,2013122800,48.5,151.25,72.8
330301,2013122812,49.5,153.5,69.2
330301,2013122900,51.75,154.25,63.7
330301,2013122912,53.25,154.25,60.8
330314,2013122912,58.25,329.5,67.2
330314,2013123000,58.5,330.5,75.2
330314,2013123012,58.25,327.0,69.3
330330,2014010100,54.5,204.0,63.6
330340,2013123000,41.0,287.25,61.1
330340,2013123012,45.25,298.0,64.0
330362,2013123012,55.5,333.0,69.0
330362,2013123100,55.75,338.0,69.4
330362,2014010312,58.75,340.0,62.0
330374,2014010200,50.25,182.0,64.2
330379,2014010212,38.75,200.0,74.2
330379,2014010300,40.75,200.75,74.0
330379,2014010312,40.5,201.25,63.0
330381,2014010112,43.0,316.25,68.8
330381,2014010200,46.5,328.25,69.2
330381,2014010212,50.75,339.25,75.9
330381,2014010300,54.25,346.75,79.6
330381,2014010312,57.5,352.0,64.9
330381,2014010500,66.25,355.25,62.8
330383,2014010200,55.75,311.5,63.6
330383,2014010212,55.25,313.75,70.6
330394,2014010212,46.75,152.75,69.7
330394,2014010300,49.5,161.25,60.3
330404,2014010300,49.75,154.25,60.3
330418,2014010312,50.5,175.0,60.0
330418,2014010400,55.25,172.5,62.9
330421,2014010312,42.0,303.5,67.9
330421,2014010400,44.75,306.0,72.6
330421,2014010412,48.5,314.25,92.2
330421,2014010500,51.0,323.0,89.4
330421,2014010512,51.5,332.0,82.0
330421,2014010600,54.0,339.75,72.1
330424,2014010400,49.75,201.25,60.7
330438,2014010512,61.5,0.0,61.5
330444,2014010712,58.25,285.0,63.1
330462,2014010712,35.25,172.0,68.5
330462,2014010900,49.75,204.5,64.3
330462,2014010912,51.5,215.25,67.3
330476,2014010712,54.0,298.0,69.0
330476,2014010800,62.25,296.25,86.1
330476,2014010812,61.25,290.75,61.4
330481,2014010900,54.5,225.0,61.6
330486,2014010900,38.75,147.75,67.8
330486,2014010912,43.25,157.25,73.0
330486,2014011000,47.5,166.75,66.1
330494,2014010900,63.75,314.25,67.9
330503,2014011012,49.25,211.25,64.6
330503,2014011100,51.5,218.75,76.0
330504,2014011012,37.5,168.25,63.8
330508,2014011312,41.75,163.75,67.6
330508,2014011400,42.0,171.75,73.5
330508,2014011412,41.5,179.0,72.0
330508,2014011500,41.75,185.75,68.4
330514,2014011012,63.75,334.5,61.7
330515,2014011312,53.25,314.5,62.3
330515,2014011412,56.75,331.5,60.8
330515,2014011512,55.5,341.75,60.7
330518,2014011100,47.0,327.25,64.1
330518,2014011112,49.75,330.75,74.4
330518,2014011200,53.0,334.5,68.2
330518,2014011212,57.0,335.5,65.6
330518,2014011300,59.75,333.75,68.2
330518,2014011312,59.75,332.25,73.3
330526,2014011100,36.75,172.75,62.4
330526,2014011112,41.0,182.75,66.1
330532,2014011112,49.25,227.0,75.6
330546,2014011300,46.75,151.75,61.2
330568,2014011400,40.25,183.25,66.5
330568,2014011412,43.5,190.5,60.9
330568,2014011500,49.0,197.5,63.0
330574,2014011600,32.25,154.25,62.2
330574,2014011612,34.0,162.0,65.7
330574,2014011700,35.75,171.75,85.6
330574,2014011712,37.25,181.0,86.2
330574,2014011800,38.25,191.75,76.6
330574,2014011812,41.5,199.75,70.2
330574,2014011900,45.0,202.0,79.4
330574,2014011912,49.25,205.0,69.0
330575,2014011500,41.75,290.0,61.0
330575,2014011612,54.75,330.5,70.0
330592,2014011612,42.75,201.25,65.1
330592,2014011700,49.0,200.75,70.4
330614,2014011800,58.25,193.0,69.9
330614,2014011812,60.25,189.75,77.4
330614,2014011900,60.5,186.25,70.6
330619,2014012000,53.5,317.75,63.2
330619,2014012012,55.5,325.5,62.6
330619,2014012100,58.75,336.25,61.7
330620,2014012000,38.0,170.25,67.1
330620,2014012012,37.75,177.75,89.9
330620,2014012100,38.75,187.0,91.7
330621,2014012200,60.25,306.75,61.4
330654,2014012200,41.5,161.0,62.2
330654,2014012212,42.0,172.25,68.4
330654,2014012300,40.75,183.25,66.5
330654,2014012312,39.5,197.0,62.9
330654,2014012400,40.75,201.75,60.8
330654,2014012500,44.0,202.75,60.0
330658,2014012100,40.25,193.5,74.5
330658,2014012112,40.0,193.0,81.5
330658,2014012200,41.75,198.25,61.4
330659,2014012212,37.5,289.5,79.5
330659,2014012300,42.25,297.5,74.4
330659,2014012312,51.0,307.5,63.9
330659,2014012400,57.0,319.0,71.5
330659,2014012412,61.75,328.5,73.1
330659,2014012500,63.0,331.25,67.5
330659,2014012512,64.75,330.75,62.0
330659,2014012600,63.0,328.75,67.5
330659,2014012612,60.25,332.25,68.0
330672,2014012200,58.75,300.0,64.3
330672,2014012212,58.5,306.5,64.0
330685,2014012212,61.5,316.75,60.7
330685,2014012300,61.5,319.5,69.5
330695,2014012500,38.75,182.5,64.3
330721,2014012500,43.25,309.75,60.5
330721,2014012512,49.5,322.0,64.2
330721,2014012600,55.5,336.5,78.7
330721,2014012612,58.25,348.0,87.1
330721,2014012700,58.5,350.0,69.1
330721,2014012712,56.75,350.5,62.3
330726,2014012812,57.5,302.0,64.9
330726,2014012900,60.75,300.0,81.1
330726,2014012912,61.5,298.25,72.9
330734,2014012712,52.0,164.25,62.9
330734,2014012800,55.0,166.25,63.9
330737,2014012612,41.75,214.75,69.8
330737,2014012700,47.75,213.75,64.2
330745,2014012900,47.5,149.5,64.1
330752,2014012700,55.5,295.5,60.2
330752,2014012712,59.0,297.0,65.5
330787,2014012912,50.0,158.75,68.8
330795,2014013000,44.75,306.75,75.3
330795,2014013012,52.0,322.5,64.5
330795,2014013100,56.25,332.5,69.2
330795,2014013112,57.0,336.5,83.5
330795,2014020100,55.5,343.75,88.9
330795,2014020112,55.0,350.5,74.0
330797,2014012912,65.0,311.25,60.4
330803,2014012912,61.5,317.0,60.4
330803,2014013000,62.25,319.0,63.4
330815,2014020312,51.0,146.5,61.4
330819,2014013000,64.25,328.75,68.0
330821,2014013100,46.25,152.5,63.6
330821,2014013112,50.5,158.25,69.9
330821,2014020100,54.0,161.25,62.7
330836,2014020100,32.75,192.0,72.6
330836,2014020112,33.5,192.75,64.4
330866,2014020112,58.0,338.0,65.0
330887,2014020400,47.5,334.25,66.9
330887,2014020412,50.0,344.0,95.1
330887,2014020500,51.5,348.5,80.4
330887,2014020512,52.75,354.0,63.1
330891,2014020300,56.0,340.5,62.6
330891,2014020312,59.25,340.5,70.7
330891,2014020400,60.0,334.75,65.2
330891,2014020412,59.75,332.25,66.0
330891,2014020600,61.75,327.25,60.5
330894,2014020412,40.75,153.5,64.9
330894,2014020500,44.5,155.75,80.0
330894,2014020512,47.75,153.0,65.0
330894,2014020600,52.75,149.25,83.3
330922,2014020500,40.0,319.75,67.9
330922,2014020512,41.5,330.5,70.9
330922,2014020600,42.5,339.25,73.7
330922,2014020612,44.75,348.25,62.1
330951,2014020612,45.75,309.25,71.0
330951,2014020700,49.5,324.5,84.3
330951,2014020712,51.5,336.75,94.9
330951,2014020800,53.0,344.75,76.3
330951,2014020812,55.0,351.0,78.5
330951,2014020900,57.0,354.0,62.5
330955,2014020712,64.0,326.25,65.0
330964,2014020800,52.75,149.75,66.4
330970,2014020812,35.0,141.25,63.3
330970,2014020900,36.0,144.25,76.9
330970,2014020912,38.25,148.25,68.6
330973,2014020700,62.75,305.5,60.0
330973,2014020712,63.25,302.75,60.6
330980,2014020712,58.5,211.0,63.1
330980,2014020800,54.75,207.75,64.9
330992,2014020800,62.75,301.25,60.7
330998,2014020912,42.0,347.75,65.0
330998,2014021000,45.0,356.25,60.2
331010,2014021000,62.5,321.75,65.2
331010,2014021012,59.0,319.5,67.8
331013,2014021200,29.5,143.75,60.4
331022,2014021100,58.75,335.5,63.1
331022,2014021112,59.75,330.0,62.2
331028,2014021200,50.0,336.75,70.1
331028,2014021212,53.75,349.75,90.7
331028,2014021300,57.25,359.0,66.7
331047,2014021100,56.25,348.0,60.2
331047,2014021112,60.0,346.75,61.7
331047,2014021300,61.0,339.75,66.1
331047,2014021312,59.75,337.0,60.7
331047,2014021412,57.25,339.0,60.1
331057,2014021200,34.25,149.0,63.1
331057,2014021212,35.75,148.75,62.9
331057,2014021300,38.25,152.25,60.1
331057,2014021400,51.5,154.25,66.1
331057,2014021412,55.25,154.5,61.6
331072,2014021312,41.75,325.25,92.4
331072,2014021400,47.0,339.25,79.4
331072,2014021412,50.25,348.0,71.1
331072,2014021500,55.0,354.5,60.9
331077,2014021312,35.5,284.75,67.1
331077,2014021400,39.5,286.5,63.0
331077,2014021412,43.5,290.25,63.7
331077,2014021500,48.25,298.0,66.7
331097,2014021600,39.5,289.5,63.7
331097,2014021612,43.25,296.25,81.7
331097,2014021700,50.25,304.5,65.2
331097,2014021712,52.25,307.5,60.2
331102,2014021412,30.75,136.75,64.7
331102,2014021500,35.5,140.0,63.0
331102,2014021512,38.25,143.5,63.6
331102,2014021600,40.0,145.5,63.8
331102,2014021612,42.25,148.75,62.2
331102,2014021700,44.5,152.5,64.4
331102,2014021712,45.0,150.25,63.2
331114,2014021512,59.0,218.0,62.2
331126,2014021512,55.0,311.75,61.7
331126,2014021600,56.25,324.5,63.4
331144,2014021600,50.25,230.0,60.2
331167,2014021900,55.0,329.75,60.0
331167,2014021912,59.5,333.75,66.2
331167,2014022000,61.25,331.75,62.9
331170,2014021812,58.75,316.5,70.4
331198,2014022012,45.0,299.0,61.1
331198,2014022100,49.0,307.5,61.1
331198,2014022112,49.75,315.0,63.3
331207,2014022100,62.75,351.5,68.4
331210,2014022412,39.0,212.0,60.8
331218,2014022212,56.0,180.0,62.4
331218,2014022300,56.25,176.5,60.9
331264,2014022400,51.0,327.0,69.3
331264,2014022412,53.5,338.0,75.2
331264,2014022500,54.0,345.25,62.3
331270,2014022412,59.0,326.5,63.2
331277,2014022600,53.25,317.25,73.4
331277,2014022612,56.75,322.0,73.9
331277,2014022700,58.75,324.0,72.7
331277,2014022712,59.0,323.5,64.5
331292,2014022700,43.5,173.5,70.5
331292,2014022712,42.75,176.5,74.7
331292,2014022800,41.25,178.5,67.3
331292,2014022812,40.75,184.0,62.7
331292,2014030100,40.25,188.25,61.8
331312,2014030112,53.0,146.75,62.7
331334,2014022800,36.25,226.5,60.5
331334,2014022812,36.5,227.0,68.6
331339,2014022800,51.25,352.25,64.7
331351,2014022812,44.5,196.75,63.6
331363,2014030100,50.75,310.5,62.0
331363,2014030112,53.25,317.75,82.0
331363,2014030200,55.0,327.25,72.4
331363,2014030212,55.25,338.25,75.6
331363,2014030300,53.75,347.5,71.1
331363,2014030312,50.75,356.5,61.8
331378,2014030512,47.25,178.0,64.6
331378,2014030600,45.75,178.25,65.9
331385,2014030200,33.75,299.5,63.1
331395,2014030400,63.75,321.75,64.6
331401,2014030300,57.25,302.5,70.2
331407,2014030600,63.0,322.75,60.0
331458,2014030500,58.0,336.0,61.1
331458,2014030512,63.5,345.0,71.0
331478,2014030600,41.75,148.5,76.8
331478,2014030612,47.25,148.0,83.1
331478,2014030700,49.0,147.25,61.3
331500,2014030712,48.75,324.75,80.9
331500,2014030800,53.25,331.25,81.0
331500,2014030812,58.75,336.0,77.1
331500,2014030900,63.5,342.5,73.8
331504,2014030700,42.0,202.75,60.1
331504,2014030712,44.0,207.5,65.6
331509,2014030712,33.75,284.75,64.8
331509,2014030900,42.5,304.75,62.3
331509,2014030912,47.25,313.5,65.2
331509,2014031000,53.75,320.75,70.9
331509,2014031012,61.5,326.75,69.6
331509,2014031100,67.0,332.5,77.8
331514,2014030900,43.25,180.75,61.5
331514,2014030912,45.75,188.25,74.6
331514,2014031000,47.75,194.0,71.5
331514,2014031012,50.5,199.25,65.4
331551,2014031000,34.75,153.5,64.8
331551,2014031012,39.75,161.0,72.5
331551,2014031100,42.25,168.5,78.1
331551,2014031112,44.75,175.25,60.2
331551,2014031212,45.5,185.25,65.3
331583,2014031400,48.25,300.75,63.3
331589,2014031100,36.5,158.0,68.7
331589,2014031112,36.5,165.25,65.2
331606,2014031200,37.75,160.75,61.0
331606,2014031400,40.25,195.25,63.4
331606,2014031412,42.75,202.5,79.1
331606,2014031500,45.0,210.5,72.9
331624,2014031300,51.0,197.25,61.7
331627,2014031312,36.0,140.0,62.0
331627,2014031412,46.5,151.25,60.2
331627,2014031600,52.5,169.75,60.8
331652,2014031412,57.75,209.0,60.6
331682,2014031912,45.75,158.25,63.9
331717,2014031712,43.75,162.5,60.4
331717,2014031800,46.75,167.5,60.0
331729,2014031800,39.75,300.25,61.8
331730,2014031900,33.75,290.25,61.5
331757,2014031900,47.25,181.25,61.1
331760,2014031800,58.5,315.75,65.1
331761,2014031812,59.25,320.0,67.5
331776,2014031912,61.0,328.75,62.8
331776,2014032000,60.5,334.0,62.9
331793,2014032012,63.5,339.0,68.9
331802,2014032100,40.0,145.25,62.1
331802,2014032112,43.0,149.75,63.8
331802,2014032200,46.75,154.5,65.2
331820,2014032100,66.25,350.25,63.8
331820,2014032112,64.25,349.25,60.1
331875,2014032312,63.25,321.5,70.5
331875,2014032400,63.5,321.25,73.0
331875,2014032412,63.25,322.0,69.6
331881,2014032312,47.5,329.75,65.3
331881,2014032400,50.0,339.5,75.0
331890,2014032412,62.0,337.5,68.9
331890,2014032500,66.5,334.75,64.3
331893,2014032512,53.5,313.25,62.1
331893,2014032600,58.5,318.25,74.7
331893,2014032612,63.5,322.75,69.3
331893,2014032700,64.75,321.5,66.3
331944,2014032600,33.25,289.0,60.6
331944,2014032612,40.0,293.0,80.6
331944,2014032700,42.0,297.5,89.4
331944,2014032712,47.75,302.75,60.6
331944,2014032812,55.75,309.25,61.7
331974,2014033012,38.25,142.75,62.7
331974,2014033100,39.0,147.0,66.9
331974,2014033112,41.75,153.5,65.0
331974,2014040100,44.0,153.75,63.8
331974,2014040112,43.5,157.0,65.7
331974,2014040200,42.5,162.25,63.9
331998,2014032712,43.75,343.5,63.5
332084,2014033100,52.25,175.25,60.3
332160,2014040500,48.0,145.75,62.9
332160,2014040512,48.75,146.25,62.9
332257,2014040700,63.25,342.0,60.6
332257,2014040712,64.75,331.5,70.4
332292,2014040900,47.0,290.5,69.3
332292,2014041012,60.0,305.0,61.0
332402,2014041112,62.0,324.25,62.8
332402,2014041200,64.25,335.75,64.6
332463,2014041812,48.0,208.0,61.5
332463,2014041900,49.75,215.0,66.3
332463,2014041912,51.0,219.0,62.8
332624,2014041800,67.0,328.75,60.2
332659,2014041812,66.0,325.25,67.1
332671,2014042012,44.75,168.5,61.8
332696,2014042012,49.5,313.5,64.4
332696,2014042100,51.5,318.75,75.2
332696,2014042112,53.25,321.5,67.4
332880,2014042700,40.0,293.0,74.1
332897,2014042712,31.75,159.25,60.4
332897,2014042800,35.0,160.5,61.8
338607,2014100200,60.0,331.0,63.1
338607,2014100212,62.25,334.5,64.7
338607,2014100512,62.75,335.75,64.7
338607,2014100600,61.0,334.0,63.5
338624,2014100600,34.75,138.5,90.9
338624,2014100612,39.0,147.25,74.8
338624,2014100700,40.25,157.75,73.1
338624,2014100712,41.0,169.75,73.0
338624,2014100800,44.0,180.75,78.6
338624,2014100812,47.0,188.25,67.7
338624,2014100900,47.75,190.0,64.8
338624,2014100912,49.5,194.25,68.3
338624,2014101000,50.5,199.25,65.7
338634,2014100300,67.0,340.5,67.5
338634,2014100312,66.75,342.75,60.5
338681,2014100512,51.0,163.25,63.3
338681,2014100600,49.75,167.5,64.3
338703,2014100600,58.5,346.5,62.4
338703,2014100700,56.25,337.25,60.0
338732,2014100712,56.5,1.0,62.7
338782,2014101012,45.75,147.5,60.1
338785,2014101212,32.75,296.25,60.6
338785,2014101300,34.25,301.0,62.2
338785,2014101312,34.5,307.0,63.8
338785,2014101500,32.25,322.0,61.6
338795,2014101312,34.75,136.0,62.1
338795,2014101400,39.5,143.0,68.2
338795,2014101412,42.25,148.75,68.2
338795,2014101500,46.25,155.25,62.9
338795,2014101512,49.75,164.25,61.4
338795,2014101600,51.5,172.5,61.5
338795,2014101612,51.0,182.5,63.3
338817,2014101212,34.5,170.25,69.6
338817,2014101300,39.0,169.75,72.9
338817,2014101312,40.5,170.25,60.1
338817,2014101712,52.75,226.5,66.3
338827,2014101400,51.75,211.25,60.7
338849,2014101300,47.75,315.75,67.3
338849,2014101312,49.0,321.25,83.7
338849,2014101400,50.75,325.5,73.8
338849,2014101412,50.5,328.25,63.2
338873,2014101400,54.25,224.0,62.5
338904,2014101612,46.5,325.5,67.5
338904,2014102100,66.5,333.25,63.2
338909,2014101800,32.25,295.25,87.8
338909,2014101812,35.5,297.0,97.1
338909,2014101900,41.0,301.25,110.8
338909,2014101912,47.75,309.25,87.0
338909,2014102112,60.25,359.5,60.4
339009,2014101912,65.5,330.75,63.6
339009,2014102000,64.75,332.5,64.5
339015,2014102112,32.5,166.5,68.2
339015,2014102200,32.5,168.25,63.6
339026,2014102112,52.0,220.25,60.8
339033,2014102500,63.25,324.75,61.1
339059,2014102600,37.25,200.5,64.9
339059,2014102612,41.75,208.0,62.4
339102,2014102800,51.25,144.25,62.3
339102,2014102812,49.0,145.5,62.9
339125,2014102500,39.25,227.5,68.1
339125,2014102512,41.5,232.5,61.1
339129,2014102612,59.75,178.25,61.7
339129,2014102700,62.5,184.5,63.3
339162,2014102512,62.5,346.5,61.9
339162,2014102600,63.0,346.25,62.2
339227,2014103100,55.75,334.5,62.3
339227,2014110100,61.0,339.25,69.0
339227,2014110112,62.5,339.0,67.2
339227,2014110200,62.0,339.75,67.2
339227,2014110212,61.5,341.0,61.6
339249,2014103100,54.25,182.25,63.8
339284,2014110300,47.0,140.0,60.7
339294,2014110212,39.0,290.75,74.6
339294,2014110300,44.5,295.5,62.0
339324,2014110312,53.0,143.5,66.5
339324,2014110400,52.5,146.25,62.1
339337,2014110600,28.25,140.0,71.1
339337,2014110612,31.5,142.75,63.2
339337,2014110700,37.0,150.75,81.6
339350,2014110600,54.0,225.5,62.0
339383,2014110612,46.5,230.25,70.7
339384,2014110900,53.25,305.0,67.0
339384,2014110912,57.25,318.5,67.5
339384,2014111000,58.5,327.5,62.0
339384,2014111212,55.75,330.25,64.0
339400,2014110712,49.25,164.25,72.0
339400,2014110800,54.75,169.25,80.5
339400,2014110812,54.75,170.5,70.3
339400,2014110900,54.0,175.5,64.5
339412,2014111200,40.5,212.75,62.3
339454,2014111212,38.5,198.5,64.6
339513,2014111600,55.75,310.5,71.7
339560,2014111812,49.0,296.0,70.5
339560,2014111900,54.75,299.5,63.4
339560,2014111912,57.0,300.0,71.9
339568,2014111800,47.0,337.25,64.1
339568,2014111812,50.0,336.25,74.9
339568,2014111900,50.0,336.75,64.5
339572,2014111812,37.75,159.25,60.6
339572,2014111900,40.0,173.0,63.4
339572,2014111912,43.0,187.0,70.4
339572,2014112000,48.0,197.25,77.4
339572,2014112012,52.0,203.0,66.4
339611,2014112200,54.25,305.0,60.7
339611,2014112212,54.75,308.5,70.1
339611,2014112300,56.5,313.0,71.5
339611,2014112312,58.5,314.0,60.6
339640,2014112500,56.25,167.0,62.6
339640,2014112512,55.25,167.75,60.3
339646,2014112400,34.5,163.75,60.8
339646,2014112412,36.5,171.25,68.8
339646,2014112500,39.75,179.5,90.3
339646,2014112512,44.75,185.5,73.9
339646,2014112600,49.75,187.0,64.8
339669,2014112500,35.5,208.0,65.2
339669,2014112512,36.5,209.25,71.5
339669,2014112600,40.0,211.75,61.5
339688,2014112600,46.5,170.0,61.3
339688,2014112612,49.0,176.25,65.9
339715,2014112700,39.25,288.0,70.6
339716,2014112700,36.0,147.0,67.9
339716,2014112712,35.5,153.5,66.8
339716,2014112800,38.75,162.25,70.4
339716,2014112812,37.5,165.25,69.6
339716,2014112900,38.25,169.5,64.5
339716,2014112912,40.0,173.5,63.4
339756,2014113012,61.75,333.0,65.0
339781,2014120112,61.75,300.25,60.6
339781,2014120200,64.25,306.25,70.8
339790,2014120200,56.25,179.0,68.0
339794,2014120200,49.0,138.0,61.0
339794,2014120212,51.5,137.5,69.0
339811,2014120312,65.0,323.75,65.3
339811,2014120400,64.5,327.5,64.2
339855,2014120500,41.75,152.75,81.6
339855,2014120512,46.25,160.5,69.3
339855,2014120600,48.5,170.5,73.9
339855,2014120612,49.25,178.75,67.7
339855,2014120700,48.5,188.0,62.9
339860,2014120500,60.5,305.0,69.9
339860,2014120512,63.0,306.0,63.2
339865,2014120512,62.5,317.75,67.2
339865,2014120600,65.5,327.5,65.5
339865,2014120700,64.0,336.0,60.1
339870,2014120712,43.5,171.0,62.5
339891,2014120812,35.75,306.0,63.2
339893,2014120812,60.5,318.75,67.2
339893,2014120900,62.5,324.0,94.5
339893,2014120912,62.5,330.25,85.6
339893,2014121000,63.0,342.5,84.5
339893,2014121012,63.5,352.5,70.2
339893,2014121100,64.0,358.75,63.3
339904,2014120900,44.0,215.25,65.8
339904,2014120912,49.5,223.75,61.7
339910,2014120912,67.0,341.25,87.1
339910,2014121000,66.25,324.75,81.7
339910,2014121012,64.5,322.5,65.6
339910,2014121100,63.25,321.5,63.5
339917,2014121000,36.0,156.5,86.3
339917,2014121012,37.5,163.75,95.5
339917,2014121100,40.0,173.0,76.3
339917,2014121112,43.0,181.0,69.9
339917,2014121200,45.25,189.5,62.7
339917,2014121212,45.5,198.25,62.3
339926,2014121112,46.5,143.0,63.1
339926,2014121200,48.25,149.0,61.2
339933,2014121112,41.0,231.0,66.8
339944,2014121400,65.75,348.25,63.6
339944,2014121412,65.0,352.5,73.8
339944,2014121500,66.75,354.0,78.5
339944,2014121512,67.0,356.75,71.0
339944,2014121600,66.5,2.0,60.4
339948,2014121500,57.75,178.0,61.6
339951,2014121312,65.25,325.75,83.6
339956,2014121300,40.5,167.75,61.9
339956,2014121500,56.0,194.0,63.9
339991,2014121612,59.75,189.25,61.1
339991,2014121700,58.5,189.0,60.1
339992,2014121612,41.75,181.75,64.0
339992,2014121700,44.25,190.0,79.5
339992,2014121712,47.25,197.25,76.2
339992,2014121800,49.5,205.5,70.6
339992,2014121812,50.0,210.0,66.9
339993,2014121612,37.0,142.5,69.8
339993,2014121700,43.75,146.25,89.1
339993,2014121712,44.25,146.25,67.6
339993,2014121800,42.0,148.75,61.3
339994,2014121612,43.75,137.25,65.2
339994,2014121700,44.5,138.0,69.2
339995,2014121612,64.25,326.25,71.2
339995,2014121700,64.75,332.5,67.9
339995,2014121712,66.5,338.75,82.4
339995,2014121800,66.5,338.0,76.0
339995,2014121812,64.0,336.0,63.6
340013,2014121712,45.25,157.25,69.0
340013,2014121812,44.0,157.75,63.4
340017,2014121800,46.5,170.5,69.2
340022,2014121900,45.75,168.0,60.4
340025,2014121900,64.75,320.75,70.2
340025,2014122012,63.25,326.75,72.5
340025,2014122100,62.25,321.75,81.4
340025,2014122112,61.75,331.25,65.0
340043,2014122100,49.0,144.25,69.5
340043,2014122112,53.0,145.0,71.4
340043,2014122200,52.75,143.5,62.7
340044,2014122012,55.25,220.25,61.7
340051,2014122112,66.25,344.25,70.0
340051,2014122200,65.5,346.25,65.7
340051,2014122212,64.25,349.5,62.4
340073,2014122300,50.25,219.5,60.3
340073,2014122312,53.25,221.75,65.3
340082,2014122400,55.25,176.25,66.8
340082,2014122412,55.75,171.75,67.5
340082,2014122500,54.75,166.5,61.9
340084,2014122400,47.0,171.5,74.0
340084,2014122412,51.75,178.25,65.4
340084,2014122500,55.0,178.25,61.1
340087,2014122500,36.5,319.25,60.4
340096,2014122700,58.75,297.0,65.0
340098,2014122512,45.25,168.5,63.7
340098,2014122612,54.0,172.75,60.2
340098,2014122700,54.5,169.5,69.1
340129,2014122612,66.25,334.25,66.9
340148,2014122800,46.0,180.5,61.9
340151,2014123100,60.25,322.0,63.2
340151,2015010100,60.25,321.5,61.6
340151,2015010112,61.5,328.25,62.5
340151,2015010200,62.5,337.5,64.1
340151,2015010212,62.5,348.75,63.4
340171,2014123000,44.5,154.5,62.7
340171,2014123012,47.75,158.75,70.8
340171,2014123100,49.25,163.5,68.5
340187,2014123000,33.0,154.5,81.5
340187,2014123012,38.0,165.0,84.3
340187,2014123100,44.5,173.75,64.9
340205,2015010112,41.5,155.25,71.8
340205,2015010200,48.5,162.75,68.4
340205,2015010212,53.0,166.5,61.4
340217,2015010200,57.5,220.5,60.5
340227,2015010400,61.0,303.5,60.6
340228,2015010312,53.5,312.75,62.3
340228,2015010400,56.0,318.25,69.0
340228,2015010412,55.5,321.0,69.4
340236,2015010312,41.0,161.25,76.7
340236,2015010400,45.0,165.5,87.3
340236,2015010412,48.25,166.5,65.8
340259,2015010512,49.75,298.0,65.4
340259,2015010612,58.0,320.0,63.3
340259,2015010700,60.5,328.5,71.9
340259,2015010712,64.75,335.0,68.6
340262,2015010400,32.75,209.25,62.0
340274,2015010412,60.0,322.0,67.3
340274,2015010500,60.75,324.5,62.0
340284,2015010500,65.75,331.25,93.3
340284,2015010512,66.0,326.0,61.1
340299,2015010612,35.75,175.0,73.3
340299,2015010700,40.5,176.5,66.8
340299,2015010712,42.0,179.25,63.1
340304,2015010612,43.5,144.0,65.3
340304,2015010700,47.0,145.0,62.8
340311,2015010800,46.25,313.25,66.5
340311,2015010812,54.5,333.0,65.5
340311,2015010900,59.25,351.5,104.4
340311,2015010912,59.0,5.0,72.9
340322,2015010800,64.5,327.0,72.3
340322,2015010812,65.0,328.0,63.4
340322,2015010900,65.5,325.75,60.8
340322,2015010912,63.5,322.75,73.2
340322,2015011000,63.5,326.5,71.2
340322,2015011012,63.75,337.75,66.6
340327,2015010900,49.5,317.25,71.2
340333,2015011000,51.75,300.0,68.6
340333,2015011012,57.0,306.5,67.6
340333,2015011100,60.5,320.0,70.3
340333,2015011200,61.5,332.5,66.9
340333,2015011212,62.5,339.25,61.5
340333,2015011300,63.75,345.75,62.6
340333,2015011312,62.0,338.25,64.4
340333,2015011412,58.5,332.0,63.9
340351,2015011000,62.0,306.5,60.8
340353,2015011000,60.75,352.0,62.2
340353,2015011012,61.25,4.0,77.4
340360,2015011112,39.25,194.5,63.2
340360,2015011200,40.25,201.25,62.9
340371,2015011200,59.25,344.5,69.2
340371,2015011212,62.5,357.5,82.7
340371,2015011300,65.0,4.25,77.8
340378,2015011312,40.5,209.25,61.2
340379,2015011300,39.5,179.75,63.6
340379,2015011312,42.25,188.75,67.0
340383,2015011400,52.75,325.5,69.0
340383,2015011412,55.0,340.0,70.3
340383,2015011500,56.25,349.0,82.4
340383,2015011512,58.75,353.5,67.3
340383,2015011600,60.75,359.0,62.5
340387,2015011312,41.75,214.0,61.7
340389,2015011600,66.5,347.5,71.6
340395,2015011712,56.75,302.25,61.4
340395,2015011800,62.75,300.5,73.0
340400,2015011512,36.0,142.5,66.4
340400,2015011600,36.5,149.0,69.6
340400,2015011612,38.25,158.25,65.7
340405,2015011512,40.5,301.0,65.2
340419,2015011812,55.5,318.25,71.5
340419,2015011900,59.75,324.75,76.1
340419,2015011912,61.5,332.5,67.1
340419,2015012000,64.5,333.25,76.2
340419,2015012012,65.5,333.0,65.0
340431,2015011712,41.75,150.25,60.4
340431,2015011800,41.5,151.75,79.7
340440,2015011812,41.5,168.0,65.9
340440,2015011900,43.0,166.0,68.0
340453,2015011900,40.75,287.5,60.4
340453,2015012100,55.25,303.75,60.6
340454,2015012012,36.25,173.25,69.6
340456,2015011900,41.75,174.0,62.7
340456,2015012000,39.75,179.25,65.8
340456,2015012012,40.25,189.0,61.3
340483,2015012100,38.5,187.75,66.9
340485,2015012300,67.0,327.25,62.6
340485,2015012312,66.0,328.25,74.5
340495,2015012300,40.5,148.0,68.6
340495,2015012312,44.25,150.0,70.0
340495,2015012400,43.5,153.5,73.9
340495,2015012412,44.5,160.25,67.2
340495,2015012500,45.25,165.75,62.1
340501,2015012300,43.0,299.75,68.0
340501,2015012312,45.5,305.0,60.1
340501,2015012412,59.5,321.0,60.5
340501,2015012500,62.75,325.75,66.0
340501,2015012512,65.25,335.0,69.0
340517,2015012412,37.5,285.75,66.4
340517,2015012500,43.0,293.25,73.9
340517,2015012512,49.25,299.25,68.6
340517,2015012600,56.0,305.25,67.5
340517,2015012612,58.75,308.0,68.8
340517,2015012700,60.75,311.75,78.1
340518,2015012500,55.5,221.25,64.0
340553,2015012712,39.75,290.75,82.4
340553,2015012800,42.0,291.5,66.6
340557,2015012712,63.0,322.25,67.1
340561,2015012800,46.0,152.5,60.8
340563,2015012800,54.75,145.75,63.6
340570,2015012800,65.75,333.75,74.4
340570,2015012812,64.25,334.25,65.4
340579,2015012912,63.0,3.0,64.0
340579,2015013000,60.25,3.25,65.9
340579,2015013012,61.0,2.25,63.1
340599,2015013000,42.25,162.75,65.5
340599,2015013012,46.5,164.25,66.8
340603,2015012912,29.25,159.25,64.7
340603,2015013000,30.75,163.25,64.4
340624,2015013100,40.25,145.5,73.2
340624,2015013112,41.5,148.75,65.1
340627,2015013100,44.0,208.5,61.7
340627,2015013112,45.75,205.0,69.2
340634,2015020300,36.75,175.0,61.5
340634,2015020312,38.0,177.0,62.5
340635,2015020300,42.75,292.75,70.1
340635,2015020312,47.75,300.0,69.0
340635,2015020400,54.5,304.75,68.7
340635,2015020412,59.75,308.25,62.3
340651,2015020212,62.25,301.0,63.5
340651,2015020300,62.25,306.0,63.8
340675,2015020500,40.75,5.5,61.8
340675,2015020512,41.0,7.25,64.8
340683,2015020600,52.5,226.75,65.4
340683,2015020612,54.5,227.0,69.8
340703,2015020600,36.75,150.0,70.9
340703,2015020700,39.25,164.25,63.6
340703,2015020712,41.75,175.75,62.7
340713,2015020600,40.0,294.5,63.2
340713,2015020612,47.25,301.75,70.2
340735,2015020700,56.25,219.0,65.1
340754,2015021000,65.25,323.5,66.7
340761,2015021200,52.25,321.75,75.3
340761,2015021212,55.5,333.0,66.2
340761,2015021300,58.0,340.5,66.7
340790,2015021100,34.75,288.25,61.0
340790,2015021112,37.25,295.0,67.5
340790,2015021200,38.0,297.25,67.4
340790,2015021400,55.25,323.0,67.3
340790,2015021500,66.0,334.75,66.6
340790,2015021700,67.0,337.75,64.2
340808,2015021112,58.25,216.5,60.5
340814,2015021400,35.0,189.5,62.2
340814,2015021412,33.5,194.25,65.6
340814,2015021500,33.0,199.75,60.6
340818,2015021312,42.0,297.75,71.1
340818,2015021400,47.25,306.0,72.9
340818,2015021412,51.75,315.0,66.1
340866,2015021512,39.5,290.75,64.3
340868,2015021500,43.0,150.5,63.2
340868,2015021512,41.0,153.0,64.3
340886,2015021512,43.0,294.25,63.3
340886,2015021600,46.25,297.75,71.0
340886,2015021612,47.0,298.5,65.1
340886,2015021700,51.0,302.0,61.3
340893,2015021600,65.0,325.0,76.5
340893,2015021612,65.75,329.25,81.7
340912,2015021800,40.5,295.75,65.5
340913,2015021800,33.25,142.5,65.3
340913,2015021812,33.75,146.5,60.6
340913,2015021912,34.25,149.25,62.9
340933,2015021712,53.75,319.5,63.7
340933,2015021800,60.25,324.25,74.9
340933,2015021812,63.5,331.25,76.8
340933,2015021900,64.5,335.0,63.7
340941,2015021900,42.0,302.75,61.8
340977,2015021912,41.25,299.0,61.2
340992,2015022100,56.0,300.5,62.6
341034,2015022200,60.5,326.0,68.4
341034,2015022212,59.75,331.75,71.4
341034,2015022300,58.5,341.0,78.1
341034,2015022312,58.5,350.5,74.6
341072,2015022400,63.75,322.75,63.7
341072,2015022412,64.25,320.0,64.0
341073,2015022500,53.75,325.25,64.4
341096,2015022500,59.5,325.0,65.8
341096,2015022512,61.75,327.0,71.4
341105,2015022512,35.25,292.75,70.1
341113,2015022700,57.0,311.5,67.5
341113,2015022712,58.25,322.5,65.4
341116,2015022612,34.75,284.0,62.7
341116,2015022700,41.0,300.0,68.5
341120,2015022512,61.25,335.25,61.6
341120,2015022600,63.5,332.5,86.1
341120,2015022612,63.5,342.0,82.1
341120,2015022700,65.0,350.0,75.1
341128,2015022600,39.75,302.0,60.3
341131,2015022700,39.25,148.75,72.0
341131,2015022712,44.5,149.25,65.6
341131,2015022800,44.0,154.5,61.4
341131,2015022812,47.0,161.0,61.2
341147,2015022800,41.75,188.75,60.0
341163,2015022712,60.0,331.75,63.9
341163,2015022800,61.0,335.75,60.0
341192,2015030112,36.0,140.75,67.7
341192,2015030200,41.75,146.0,64.6
341192,2015030212,45.5,149.25,63.9
341203,2015030212,62.0,332.5,61.5
341220,2015030312,50.25,307.25,71.9
341220,2015030400,55.75,312.5,80.1
341220,2015030412,59.25,320.75,72.3
341220,2015030500,64.25,326.75,65.5
341232,2015030412,44.25,148.25,73.4
341232,2015030500,46.5,148.5,61.7
341260,2015030600,58.25,324.0,77.6
341260,2015030612,62.0,327.5,74.5
341260,2015030700,63.75,327.0,70.4
341260,2015030712,63.0,325.25,69.8
341260,2015030800,63.0,322.25,71.0
341260,2015030812,63.25,321.75,67.5
341260,2015030900,62.0,317.75,64.1
341260,2015030912,63.25,320.5,63.0
341298,2015030812,45.0,326.0,60.2
341298,2015030900,51.75,336.75,72.8
341298,2015030912,57.0,346.75,70.0
341298,2015031000,60.5,358.0,66.1
341310,2015031212,53.25,312.75,68.2
341310,2015031300,54.25,316.5,71.8
341310,2015031312,58.0,321.5,70.1
341318,2015030912,32.5,137.0,64.5
341318,2015031000,38.25,143.75,61.2
341318,2015031012,44.0,144.75,63.9
341318,2015031100,45.25,139.5,63.2
341318,2015031112,45.5,141.5,61.3
341334,2015031012,59.75,328.5,66.2
341334,2015031100,63.75,325.5,83.2
341334,2015031112,65.75,326.25,74.5
341334,2015031200,62.0,322.0,62.1
341352,2015031112,47.75,330.25,73.3
341352,2015031200,53.5,336.0,81.7
341352,2015031212,59.0,341.0,82.4
341352,2015031300,65.0,346.75,66.3
341388,2015031312,46.0,323.0,65.3
341388,2015031400,55.0,331.0,77.9
341388,2015031412,66.5,328.5,77.1
341408,2015031512,55.25,330.5,71.1
341408,2015031600,62.25,331.25,70.4
341408,2015031612,66.5,332.0,62.7
341429,2015031500,62.25,317.75,63.4
341436,2015031600,44.25,297.75,61.5
341482,2015031812,44.0,300.5,65.3
341482,2015031900,44.75,303.0,64.2
341508,2015031812,57.25,315.5,62.8
341566,2015032212,46.0,300.25,66.3
341566,2015032312,51.75,300.5,60.5
341566,2015032400,61.5,304.0,60.8
341645,2015032412,62.0,317.25,67.9
341645,2015032700,63.0,322.25,65.0
341675,2015040100,66.5,346.5,61.0
341688,2015032800,42.25,297.75,62.1
341709,2015032812,37.25,290.0,63.5
341709,2015032900,41.75,295.75,63.6
341833,2015040200,56.75,314.25,72.0
341845,2015040200,39.25,155.0,63.4
341845,2015040212,39.5,161.5,71.7
341860,2015040300,42.5,136.5,60.8
341872,2015040212,59.75,320.5,60.3
341894,2015040600,63.75,324.5,61.3
341899,2015040600,56.75,310.5,62.7
341899,2015040612,59.25,312.0,72.2
341899,2015040700,61.0,314.5,68.7
341978,2015040700,64.25,321.25,62.0
341987,2015041300,61.0,322.25,62.6
341987,2015041312,63.0,325.25,61.4
342057,2015041112,65.75,347.25,68.2
342105,2015041212,44.5,165.0,65.1
342105,2015041300,46.0,174.0,72.9
342105,2015041312,47.5,182.0,65.6
342105,2015041400,49.5,190.5,62.6
342130,2015041312,50.25,227.5,66.0
342202,2015041600,39.75,299.75,77.4
342202,2015041612,42.0,308.0,95.3
342202,2015041700,44.5,314.75,87.1
342202,2015041712,47.25,317.75,76.9
342202,2015041800,49.0,321.75,62.8
342301,2015042000,41.0,311.5,64.6
342301,2015042012,42.5,314.75,71.3
342301,2015042100,44.5,317.0,74.5
342301,2015042112,46.5,319.25,66.4
342566,2015042812,54.5,225.25,70.9
348146,2015100112,56.5,179.75,65.6
348173,2015100500,64.5,329.5,73.2
348179,2015100312,50.25,318.0,61.4
348190,2015100400,42.0,345.25,61.7
348213,2015100700,28.75,150.5,91.0
348213,2015100712,34.0,150.75,85.9
348213,2015100800,39.75,148.0,83.1
348213,2015100812,42.75,148.25,69.4
348283,2015101100,53.25,304.75,61.0
348283,2015101112,56.0,309.5,67.7
348283,2015101200,58.5,311.0,63.0
348289,2015100812,33.25,217.25,62.1
348347,2015100912,47.75,221.5,60.2
348356,2015101012,42.5,198.0,60.9
348356,2015101100,46.25,210.0,65.4
348356,2015101112,51.25,217.0,75.5
348356,2015101200,55.75,220.75,60.6
348357,2015100912,53.25,223.25,65.1
348357,2015101000,57.5,220.5,61.8
348374,2015101112,44.75,139.25,63.0
348534,2015102000,59.0,277.5,65.3
348534,2015102012,56.0,284.75,61.0
348578,2015102000,39.25,306.75,78.2
348578,2015102012,48.0,315.5,61.6
348578,2015102100,53.25,322.75,77.1
348578,2015102112,58.5,334.5,68.7
348588,2015102412,28.5,153.5,82.6
348588,2015102500,31.75,158.5,96.1
348588,2015102512,37.5,166.75,90.3
348588,2015102600,43.25,174.75,75.9
348604,2015102500,46.25,150.0,67.8
348604,2015102512,47.5,153.75,70.8
348604,2015102600,48.5,154.75,75.3
348604,2015102612,47.75,160.25,68.4
348604,2015102700,46.75,163.75,61.1
348604,2015102712,44.25,170.25,61.4
348651,2015102500,49.25,327.5,70.9
348651,2015102512,51.5,332.5,83.3
348651,2015102600,51.0,339.5,72.7
348651,2015102612,53.0,341.0,68.8
348704,2015102500,47.75,195.5,65.9
348704,2015102512,48.75,197.25,96.0
348704,2015102600,48.25,199.25,72.1
348704,2015102612,48.0,202.75,61.8
348756,2015102800,51.5,327.25,65.0
348756,2015102812,52.5,333.5,66.5
348756,2015102900,56.0,334.75,70.3
348756,2015102912,58.25,333.0,69.1
348769,2015102812,35.5,150.5,62.8
348781,2015102812,63.5,314.5,60.5
348870,2015110600,58.75,326.5,69.6
348870,2015110612,60.0,327.5,62.0
348880,2015110400,48.0,170.75,72.4
348880,2015110412,50.5,179.75,81.2
348880,2015110500,53.5,188.5,70.5
348880,2015110512,56.25,194.5,61.2
348925,2015110712,57.5,294.5,61.2
348925,2015110800,56.75,301.25,60.7
348925,2015110812,55.75,304.5,63.6
348930,2015110512,45.5,334.25,62.0
348930,2015110600,52.5,340.5,64.3
348930,2015110612,59.75,344.0,61.6
348952,2015110900,63.0,357.75,68.1
348952,2015110912,67.0,5.25,61.1
348967,2015110812,61.25,181.75,63.8
348967,2015110900,62.25,188.25,64.1
348967,2015110912,64.25,192.0,61.3
348972,2015110912,44.75,153.25,60.8
348972,2015111100,54.0,184.0,61.7
348972,2015111112,55.25,194.5,76.0
348972,2015111200,56.5,204.5,74.1
348972,2015111212,57.5,213.0,65.9
348972,2015111300,58.75,218.0,65.0
349011,2015111112,36.5,296.25,71.9
349011,2015111200,38.75,305.5,76.5
349011,2015111300,41.5,310.75,61.4
349012,2015111112,48.5,323.25,60.1
349012,2015111200,52.25,337.5,60.9
349012,2015111212,56.25,344.0,64.9
349012,2015111300,61.25,347.75,73.0
349012,2015111312,63.75,354.0,64.3
349016,2015111212,40.25,300.5,63.8
349044,2015111612,56.5,141.25,69.7
349061,2015111512,37.75,178.5,61.1
349061,2015111600,36.0,181.25,63.4
349061,2015111612,35.5,184.75,62.0
349081,2015111600,45.5,153.75,62.0
349089,2015111600,60.0,341.25,61.8
349100,2015111612,60.0,346.75,71.5
349100,2015111700,61.0,355.25,61.8
349117,2015111712,39.5,196.0,61.7
349126,2015111712,53.75,347.5,66.1
349145,2015111900,54.5,173.5,69.7
349145,2015111912,56.75,182.75,60.3
349154,2015111900,34.25,145.75,67.4
349154,2015111912,37.5,158.0,80.8
349162,2015112000,45.5,176.75,65.6
349168,2015112212,62.0,319.5,60.0
349168,2015112300,66.25,331.5,61.0
349168,2015112312,66.5,337.75,69.0
349179,2015112212,51.25,169.75,72.0
349179,2015112300,54.0,174.5,69.6
349179,2015112312,57.25,179.5,64.9
349212,2015112312,37.5,292.0,68.9
349228,2015112412,44.0,149.0,61.4
349228,2015112500,46.0,158.0,75.1
349228,2015112512,49.25,168.5,70.5
349228,2015112600,51.5,177.75,74.5
349228,2015112612,51.5,184.5,70.1
349228,2015112700,51.75,189.25,63.2
349239,2015112600,66.25,332.0,61.4
349243,2015112712,45.5,145.5,67.1
349247,2015112600,39.5,135.25,61.4
349257,2015112700,66.25,348.0,60.0
349273,2015112812,48.5,164.75,65.7
349273,2015112900,49.0,173.25,64.0
349273,2015112912,50.0,183.75,61.5
349278,2015112900,61.5,351.0,61.4
349301,2015120100,61.5,318.25,73.8
349304,2015113012,40.25,317.25,60.8
349304,2015120100,46.75,328.75,64.0
349312,2015120112,62.75,319.0,84.1
349312,2015120200,62.25,324.0,74.8
349312,2015120212,62.75,323.0,66.2
349312,2015120300,62.75,321.75,63.1
349312,2015120312,62.0,320.25,66.2
349312,2015120400,61.5,319.0,64.7
349312,2015120412,59.5,322.5,69.7
349314,2015120112,49.0,152.25,65.4
349324,2015120200,46.0,167.25,63.5
349324,2015120212,51.75,171.25,62.5
349324,2015120300,52.0,171.75,62.2
349324,2015120312,49.0,176.5,69.1
349324,2015120400,46.5,186.0,66.1
349326,2015120112,60.25,342.75,64.1
349326,2015120200,63.5,345.5,72.0
349326,2015120212,66.75,350.0,68.1
349334,2015120300,32.5,138.5,61.5
349334,2015120312,37.75,149.0,67.9
349334,2015120400,41.75,156.5,61.7
349334,2015120412,46.5,159.75,66.2
349334,2015120500,47.75,159.5,60.0
349334,2015120600,44.25,165.0,66.8
349348,2015120400,54.75,328.5,64.2
349348,2015120412,60.75,339.5,62.3
349348,2015120500,63.0,343.75,73.7
349348,2015120512,65.5,354.25,61.8
349352,2015120312,45.25,232.75,64.7
349365,2015120500,47.5,319.5,61.9
349372,2015120500,49.0,215.0,63.2
349372,2015120512,50.25,212.5,66.7
349372,2015120612,53.0,222.75,60.0
349387,2015120712,56.75,337.25,66.5
349387,2015120800,61.5,338.25,76.4
349387,2015120812,64.5,335.5,89.3
349387,2015120900,64.75,327.5,82.1
349392,2015120712,61.5,319.5,61.8
349402,2015120700,49.25,231.0,63.0
349421,2015120900,39.75,295.0,70.1
349421,2015120912,40.75,301.75,63.1
349432,2015120900,39.25,196.5,65.3
349432,2015120912,42.5,210.0,73.5
349432,2015121000,45.25,221.25,87.6
349432,2015121012,48.75,228.5,77.3
349432,2015121100,48.0,228.0,70.5
349434,2015120900,60.0,320.0,61.1
349434,2015120912,58.5,327.0,60.8
349435,2015121000,34.25,175.0,60.9
349435,2015121300,50.0,230.25,65.8
349442,2015120912,58.75,348.5,65.5
349442,2015121000,63.75,355.75,70.2
349442,2015121012,65.5,1.25,62.5
349447,2015121100,36.25,136.25,75.0
349447,2015121112,39.75,147.0,73.3
349447,2015121200,43.0,161.25,75.1
349447,2015121212,47.25,171.25,79.1
349447,2015121300,51.25,180.0,92.5
349447,2015121312,55.25,184.25,80.1
349447,2015121400,57.75,187.5,71.6
349447,2015121412,60.25,189.0,61.9
349469,2015121112,33.25,302.0,60.5
349469,2015121312,33.25,323.0,60.1
349469,2015121400,35.25,328.5,72.8
349469,2015121412,38.5,332.25,72.2
349469,2015121500,42.75,337.5,63.8
349554,2015121700,54.25,207.0,60.6
349554,2015121712,54.75,211.5,62.1
349554,2015121800,54.5,214.5,61.6
349561,2015121712,42.5,318.5,71.9
349561,2015121800,42.5,325.75,72.6
349561,2015121812,45.75,333.25,65.9
349575,2015121712,59.75,336.0,61.4
349584,2015122000,53.5,307.0,60.3
349584,2015122012,54.25,309.75,71.1
349584,2015122100,55.25,315.25,70.4
349584,2015122112,55.5,321.75,61.9
349585,2015121712,63.5,348.75,60.2
349585,2015121800,67.0,352.75,62.1
349590,2015121800,56.5,173.75,66.3
349590,2015121812,56.75,174.75,70.0
349590,2015121900,57.75,182.5,70.0
349590,2015121912,59.0,187.0,62.4
349614,2015122212,52.25,221.0,67.3
349614,2015122300,51.75,228.0,65.2
349627,2015122100,53.25,180.5,65.0
349627,2015122112,57.5,176.0,60.7
349635,2015122112,46.5,231.0,60.1
349639,2015122112,60.0,345.5,60.0
349645,2015122200,54.75,203.0,66.7
349645,2015122212,54.5,212.0,67.8
349646,2015122200,62.25,324.5,63.0
349647,2015122212,39.25,163.0,62.2
349647,2015122300,41.5,170.25,63.0
349647,2015122312,48.0,176.5,61.6
349647,2015122400,52.25,178.25,60.7
349647,2015122412,54.25,179.0,66.0
349647,2015122500,54.5,181.5,62.0
349649,2015122212,62.25,348.0,68.7
349649,2015122300,64.75,350.0,65.9
349649,2015122312,66.5,353.5,62.9
349661,2015122512,61.5,293.0,68.5
349661,2015122600,64.0,298.75,67.0
349661,2015122612,64.5,301.25,60.9
349661,2015122700,64.25,302.0,60.3
349668,2015122312,53.25,341.5,65.4
349668,2015122412,62.75,353.75,67.4
349676,2015122500,39.5,154.75,69.4
349680,2015122512,53.5,198.5,75.5
349707,2015122700,53.5,147.25,62.7
349707,2015122712,52.0,149.25,61.2
349707,2015122800,52.0,150.25,61.6
349711,2015122712,58.75,318.5,65.7
349711,2015122800,58.0,319.5,63.7
349711,2015123000,60.5,325.5,60.3
349713,2015122612,47.75,174.75,63.1
349714,2015122700,44.25,159.25,62.6
349714,2015122712,47.75,167.25,74.4
349714,2015122800,49.0,172.0,61.3
349721,2015122800,59.75,340.75,61.9
349721,2015122812,66.75,330.0,72.0
349723,2015122800,42.5,303.5,60.7
349723,2015122812,43.25,318.75,76.1
349723,2015122900,47.25,331.75,71.6
349723,2015122912,53.5,339.75,82.1
349723,2015123000,61.25,343.25,80.6
349728,2015122800,48.25,178.5,65.8
349728,2015122812,50.5,182.0,67.6
349734,2015122912,65.75,356.5,65.4
349741,2015122912,42.75,204.0,61.5
349741,2015123000,50.75,203.75,60.5
349741,2015123012,56.25,201.5,71.6
349741,2015123100,61.5,191.25,67.8
349741,2015123112,61.5,185.75,62.2
349742,2015122912,46.75,331.5,79.3
349742,2015123000,49.75,342.5,73.4
349751,2015123100,41.75,319.75,62.7
349751,2015123112,42.75,329.25,72.5
349751,2016010100,44.5,339.25,75.7
349751,2016010112,47.5,346.25,68.7
349751,2016010200,49.75,352.5,62.2
349751,2016010300,52.75,1.25,61.7
349763,2015123100,44.5,192.0,62.7
349763,2015123112,46.5,199.0,77.5
349763,2016010112,51.0,202.75,60.3
349764,2015123100,63.75,329.25,68.9
349768,2015123100,65.25,321.0,75.7
349768,2015123112,60.25,322.75,67.1
349768,2016010100,61.25,325.75,61.4
349769,2015123112,60.25,0.5,63.4
349774,2016010100,36.75,156.75,63.2
349774,2016010112,37.75,167.0,65.9
349774,2016010200,40.25,173.5,71.6
349774,2016010212,43.0,185.5,84.2
349774,2016010300,44.25,194.75,81.6
349774,2016010312,46.25,201.0,64.1
349775,2016010200,49.25,322.75,63.6
349775,2016010212,51.75,331.0,60.1
349775,2016010300,53.0,337.5,65.5
349775,2016010312,53.25,345.25,64.4
349788,2016010600,56.75,323.5,62.1
349790,2016010300,38.75,223.75,66.5
349809,2016010400,45.75,181.5,65.1
349809,2016010412,46.0,193.25,66.9
349809,2016010500,46.5,204.0,63.2
349817,2016010500,62.5,315.0,66.0
349824,2016010600,46.75,182.0,69.8
349824,2016010612,49.75,185.0,74.6
349824,2016010700,53.5,185.0,69.2
349825,2016010512,39.75,308.0,60.8
349843,2016010600,37.25,303.0,60.3
349849,2016010512,61.25,333.0,62.7
349849,2016010612,59.25,328.5,73.2
349849,2016010700,58.0,324.5,72.9
349849,2016010712,55.75,326.5,72.6
349849,2016010800,56.0,330.75,65.0
349864,2016010712,35.5,166.0,65.1
349864,2016010800,37.25,178.75,74.7
349864,2016010812,39.25,191.75,84.8
349864,2016010900,40.0,199.25,74.6
349864,2016010912,40.25,204.75,68.3
349868,2016011000,34.5,305.5,80.5
349868,2016011012,33.0,308.75,67.8
349868,2016011100,31.5,313.25,60.5
349868,2016011112,31.0,316.75,60.2
349868,2016011512,38.0,332.75,61.6
349868,2016011600,44.75,331.25,73.8
349868,2016011612,53.0,329.0,61.2
349868,2016011700,57.25,319.0,76.4
349869,2016010700,61.5,337.25,71.2
349874,2016010812,49.0,211.25,60.1
349874,2016011100,57.75,179.5,60.7
349878,2016010900,44.0,189.0,68.3
349878,2016010912,43.0,193.0,70.1
349909,2016011100,46.5,282.75,66.6
349919,2016011012,43.0,184.25,62.3
349925,2016011112,47.0,165.5,65.9
349925,2016011200,48.5,170.25,67.5
349925,2016011212,49.0,171.5,61.5
349935,2016011300,35.75,158.5,64.2
349935,2016011312,36.75,175.75,71.4
349935,2016011400,37.75,187.0,99.4
349935,2016011412,41.0,197.0,97.9
349935,2016011500,43.0,203.75,81.7
349935,2016011600,49.75,206.75,61.9
349941,2016011200,45.0,180.75,60.3
349959,2016011300,44.25,232.5,61.8
349960,2016011400,47.5,204.5,61.1
349968,2016011312,44.75,296.75,65.4
349968,2016011400,47.5,297.5,61.3
349983,2016011500,56.0,302.5,62.4
349992,2016011600,35.0,283.0,63.4
349992,2016011612,39.75,289.5,67.2
349992,2016011700,42.75,297.75,68.1
349992,2016011712,45.25,307.75,66.6
349992,2016011800,50.25,317.75,63.4
349992,2016011900,57.25,316.0,62.5
350002,2016011612,54.25,310.0,68.8
350002,2016011712,52.75,310.75,65.9
350011,2016011800,35.5,290.75,66.7
350011,2016011812,40.5,302.5,67.1
350013,2016011612,38.0,213.0,69.6
350013,2016011700,44.0,221.5,73.6
350013,2016011712,49.5,224.5,64.0
350014,2016011800,34.0,137.0,66.6
350014,2016011812,38.0,142.75,74.0
350014,2016011900,41.25,146.75,73.5
350014,2016011912,42.75,148.0,63.7
350019,2016011712,59.0,329.25,67.8
350034,2016011812,40.0,180.5,63.2
350034,2016011900,38.25,187.25,75.1
350048,2016011912,39.5,135.75,61.2
350062,2016011912,41.5,199.25,66.1
350062,2016012000,44.0,208.75,74.0
350062,2016012012,44.75,210.75,63.3
350062,2016012100,49.0,215.0,60.9
350082,2016012100,44.25,163.0,65.2
350082,2016012112,45.75,165.75,63.1
350082,2016012212,44.0,174.0,61.7
350089,2016012100,44.75,319.25,60.9
350089,2016012112,50.0,331.25,74.9
350089,2016012200,52.75,332.5,63.4
350090,2016012112,57.75,316.5,62.8
350097,2016012300,33.0,281.25,65.0
350097,2016012312,37.0,286.0,68.8
350101,2016012300,45.0,322.5,61.2
350101,2016012312,50.5,327.0,70.7
350101,2016012400,56.0,327.75,60.5
350101,2016012600,63.25,321.0,68.5
350101,2016012612,62.0,320.5,90.1
350101,2016012700,62.5,325.25,75.9
350101,2016012712,63.75,327.0,61.0
350101,2016012912,62.25,337.5,67.2
350109,2016012400,35.0,150.25,67.3
350111,2016012312,36.0,181.75,61.3
350111,2016012400,40.0,193.0,71.7
350111,2016012412,45.25,201.0,72.4
350111,2016012500,50.0,204.25,67.1
350121,2016012400,39.25,290.75,62.6
350121,2016012500,40.75,300.75,61.2
350121,2016012512,42.0,310.5,63.0
350129,2016012412,39.0,151.5,73.0
350129,2016012500,41.25,162.25,72.6
350129,2016012512,44.0,175.5,81.6
350129,2016012600,43.75,192.25,83.1
350129,2016012612,45.25,199.0,70.6
350146,2016012512,49.0,328.25,66.7
350146,2016012600,54.5,341.0,61.0
350158,2016012512,42.5,216.25,64.7
350158,2016012600,48.75,221.5,60.6
350158,2016012612,57.0,221.75,63.0
350175,2016012812,61.25,309.5,72.6
350178,2016012612,46.0,207.0,69.6
350178,2016012700,48.5,205.5,64.3
350198,2016012812,62.0,317.25,63.8
350206,2016012912,35.75,291.75,73.8
350206,2016013000,44.25,299.75,75.8
350206,2016013012,48.75,307.5,62.4
350206,2016013100,50.0,313.0,72.4
350215,2016012900,59.5,344.0,70.4
350215,2016012912,62.25,356.5,94.3
350215,2016013000,65.5,9.5,74.0
350215,2016020200,60.0,354.75,72.0
350232,2016013112,55.75,324.0,68.7
350232,2016020100,59.0,335.5,73.4
350232,2016020112,61.0,344.25,88.8
350252,2016020100,36.0,181.0,71.8
350252,2016020112,39.5,192.75,80.9
350252,2016020200,43.75,199.5,83.1
350252,2016020212,46.5,204.5,81.0
350252,2016020300,49.75,206.0,62.9
350304,2016020612,56.5,345.25,60.0
350304,2016020700,57.5,350.5,61.0
350310,2016020400,60.25,318.0,61.3
350310,2016020412,59.25,321.25,69.0
350313,2016020412,61.5,333.5,73.0
350313,2016020500,62.25,330.75,86.7
350313,2016020512,61.0,332.25,78.6
350313,2016020600,61.0,336.75,68.8
350313,2016020612,60.75,336.75,62.6
350319,2016020600,40.5,200.75,67.6
350319,2016020612,44.25,205.5,65.6
350319,2016020700,47.25,207.0,64.8
350334,2016020612,48.75,306.0,64.2
350334,2016020700,54.25,318.75,87.9
350334,2016020712,55.5,334.5,85.6
350334,2016020800,56.75,348.75,80.3
350344,2016020612,28.25,142.25,61.3
350344,2016020700,34.25,150.5,64.3
350344,2016020712,42.0,165.25,71.1
350344,2016020800,45.5,176.25,86.3
350344,2016020812,46.25,183.0,74.9
350344,2016020900,46.0,187.75,77.6
350344,2016020912,46.0,191.5,67.4
350344,2016021000,45.75,193.5,61.6
350386,2016020800,32.75,284.5,89.9
350386,2016020812,35.75,292.0,74.4
350386,2016020900,41.25,297.5,67.2
350386,2016020912,45.0,301.5,69.3
350403,2016020912,44.0,216.75,60.8
350412,2016021000,41.0,296.75,73.5
350412,2016021012,48.25,308.0,63.7
350412,2016021100,52.5,319.25,61.0
350412,2016021300,57.25,324.5,71.2
350412,2016021312,58.5,322.75,73.7
350412,2016021400,58.5,319.0,63.2
350413,2016021012,43.0,157.5,61.2
350413,2016021100,41.25,161.25,63.3
350413,2016021112,41.0,167.75,60.1
350423,2016020912,39.25,207.75,60.8
350473,2016021300,49.5,350.0,66.0
350477,2016021312,40.25,297.5,66.9
350481,2016021412,49.0,353.25,63.2
350491,2016021400,47.0,307.25,63.4
350491,2016021500,57.75,313.0,64.8
350491,2016021512,61.0,314.5,73.6
350491,2016021600,64.5,308.25,62.9
350502,2016021412,44.5,148.5,64.1
350507,2016021500,44.75,305.0,63.8
350507,2016021512,47.75,314.25,70.0
350507,2016021600,54.0,327.75,65.7
350507,2016021612,61.5,346.75,75.7
350518,2016021512,36.25,154.0,61.0
350520,2016021512,48.25,211.75,65.5
350524,2016021700,46.0,287.5,78.8
350524,2016021912,63.25,326.0,67.2
350524,2016022000,62.75,332.5,66.7
350529,2016021600,64.5,338.25,75.8
350529,2016021700,66.5,334.0,60.5
350563,2016021812,55.5,170.75,68.0
350563,2016021900,57.75,176.0,70.8
350587,2016021912,52.5,191.75,64.3
350587,2016022000,51.75,194.25,61.1
350598,2016022012,64.0,345.25,64.1
350600,2016022100,36.0,188.75,63.2
350600,2016022112,34.25,196.75,80.2
350600,2016022200,35.25,202.0,76.4
350600,2016022212,37.75,207.5,75.3
350600,2016022300,42.75,210.75,70.1
350601,2016022000,37.25,303.0,61.2
350605,2016022000,64.0,358.25,65.2
350605,2016022100,67.0,348.5,60.6
350615,2016022100,42.75,146.75,66.3
350615,2016022200,47.25,161.5,71.6
350615,2016022212,46.75,169.5,71.1
350616,2016022112,55.25,218.0,63.3
350639,2016022400,57.0,316.0,72.3
350639,2016022412,59.25,317.5,73.1
350639,2016022500,61.75,320.0,65.2
350639,2016022512,61.5,319.0,64.7
350645,2016022300,48.75,181.25,72.3
350645,2016022312,45.0,185.25,70.8
350660,2016022500,49.75,160.75,63.0
350660,2016022512,50.25,161.25,63.1
350665,2016022700,59.5,303.5,77.1
350665,2016022712,61.5,301.25,64.0
350665,2016022800,64.0,297.25,61.5
350711,2016022700,46.25,208.5,60.9
350711,2016022800,53.25,212.5,62.0
350714,2016030212,58.25,304.5,67.6
350724,2016022800,40.25,189.5,63.6
350724,2016022812,42.75,198.25,77.9
350724,2016022900,47.25,202.75,63.0
350726,2016022900,62.25,324.0,71.6
350726,2016022912,64.25,328.0,62.9
350726,2016030100,63.25,321.75,65.0
350732,2016022912,58.75,310.25,62.8
350736,2016030112,60.75,359.0,61.0
350741,2016022900,42.5,137.75,63.5
350741,2016022912,44.25,139.75,71.3
350745,2016022912,48.25,215.75,62.6
350745,2016030112,58.0,204.75,60.6
350746,2016022912,35.75,185.25,70.1
350746,2016030100,37.75,196.25,79.7
350746,2016030112,40.25,202.0,73.7
350746,2016030200,42.75,205.25,61.4
350757,2016030100,44.5,151.5,78.1
350757,2016030112,45.25,153.0,73.7
350757,2016030312,45.5,170.25,60.1
350781,2016030200,38.25,216.25,65.0
350789,2016030300,59.5,330.5,62.0
350789,2016030312,58.75,336.0,65.8
350789,2016030400,52.75,342.5,66.6
350817,2016030412,35.0,285.5,62.8
350817,2016030500,37.5,290.5,91.7
350817,2016030512,40.25,296.25,71.9
350817,2016030600,43.25,302.25,71.7
350817,2016030700,56.75,315.75,68.3
350817,2016030712,62.5,325.25,63.7
350817,2016030800,64.5,328.75,61.0
350817,2016030812,63.75,334.25,60.5
350846,2016030512,63.5,299.5,60.9
350880,2016030712,45.0,203.25,60.6
350880,2016030800,47.5,209.5,73.8
350880,2016030812,50.5,213.0,64.7
350901,2016030900,41.25,310.75,64.0
350905,2016031200,60.0,329.75,64.6
350905,2016031212,64.75,330.0,64.6
350932,2016030912,33.0,138.5,61.5
350949,2016030912,40.5,221.75,61.0
350949,2016031000,46.5,230.25,67.6
350958,2016030912,59.25,320.5,61.7
350958,2016031000,61.75,319.0,68.0
350958,2016031012,61.75,319.5,65.1
350961,2016031012,52.5,186.75,67.8
350961,2016031100,52.75,197.25,68.4
350961,2016031112,52.25,202.75,65.8
350962,2016030912,50.0,359.25,61.2
351003,2016031112,40.0,233.25,60.8
351013,2016031200,41.0,309.5,65.1
351013,2016031212,41.75,317.5,88.2
351013,2016031300,47.5,324.75,74.4
351013,2016031312,58.25,327.0,67.2
351013,2016031400,64.5,325.25,69.7
351022,2016031412,42.25,312.5,70.1
351022,2016031500,40.75,318.5,71.3
351022,2016031512,42.0,323.0,71.2
351088,2016031412,30.5,140.75,60.3
351088,2016031500,37.0,151.0,72.7
351100,2016031512,45.25,156.5,72.7
351100,2016031600,49.25,156.25,69.5
351100,2016031612,49.0,162.0,75.4
351128,2016031900,53.5,314.5,62.0
351142,2016031612,37.75,207.5,63.9
351142,2016031700,41.0,209.0,70.2
351142,2016031712,43.0,209.25,65.9
351142,2016031900,47.5,203.25,60.4
351169,2016031812,30.0,160.75,69.7
351169,2016031900,30.75,164.25,64.4
351225,2016031912,40.5,309.25,60.7
351225,2016032100,52.75,312.25,61.8
351243,2016032300,55.0,304.25,69.1
351243,2016032312,55.25,307.5,70.8
351243,2016032400,56.25,310.0,64.1
351243,2016032412,56.0,311.0,63.2
351243,2016032500,54.75,317.0,61.1
351264,2016032800,50.75,355.0,63.3
351264,2016032812,54.5,2.0,60.6
351272,2016032112,54.5,323.5,63.0
351272,2016032200,55.0,329.25,62.5
351274,2016032212,46.0,204.75,68.6
351274,2016032300,49.5,210.5,62.2
351274,2016032312,52.0,215.25,62.0
351328,2016032700,46.5,173.0,60.9
351328,2016032712,46.5,177.75,60.6
351333,2016032500,58.0,327.5,65.5
351390,2016032712,64.5,357.5,62.6
351475,2016032912,39.0,206.75,60.7
351480,2016033100,56.75,320.0,66.3
351480,2016033112,57.75,324.0,66.7
351480,2016040100,59.25,325.5,65.7
351480,2016040112,59.5,329.0,70.1
351480,2016040200,60.5,330.25,65.9
351559,2016040300,41.0,285.25,66.0
351559,2016040312,41.5,290.25,64.9
351559,2016040400,46.0,302.0,72.4
351577,2016040300,44.25,299.25,67.6
351577,2016040312,47.25,303.0,63.5
351577,2016040412,54.25,308.75,67.1
351577,2016040500,56.5,308.75,70.6
351577,2016040512,58.5,309.0,63.6
351577,2016040612,60.25,302.25,60.5
351577,2016040700,60.0,301.75,61.3
351589,2016040312,61.25,300.75,60.6
351625,2016040800,45.5,287.25,60.7
351625,2016041012,61.0,296.0,60.9
351676,2016040612,37.25,210.5,60.8
351683,2016040800,65.5,312.0,76.8
351697,2016040912,43.0,169.5,66.7
351697,2016041000,44.75,183.0,62.4
351738,2016040800,60.75,320.5,75.9
351738,2016040812,60.75,323.25,77.0
351738,2016040900,57.5,329.0,63.3
351738,2016040912,51.0,336.0,66.7
351778,2016041000,39.0,288.5,60.1
351854,2016041200,42.25,159.25,76.0
351854,2016041212,43.75,165.0,72.7
351854,2016041300,44.25,171.5,67.0
351948,2016041712,43.0,138.75,64.5
351976,2016041500,42.5,151.75,67.5
351976,2016041600,45.5,156.0,62.2
351997,2016041700,36.25,296.5,60.0
352017,2016041700,66.0,334.0,64.8
352050,2016041712,66.75,348.0,62.7
352133,2016042200,37.25,146.0,64.8
352142,2016042400,54.75,211.5,61.1
352242,2016042512,50.0,195.0,60.3
352327,2016043000,45.25,150.5,61.9
352327,2016043012,46.0,153.75,63.5
352330,2016042700,42.75,299.0,61.3
357710,2016100400,46.5,148.5,61.0
357710,2016100412,47.75,159.75,67.6
357710,2016100500,49.75,168.5,61.1
357710,2016100512,49.25,172.5,60.9
357722,2016100512,37.75,139.0,64.9
357722,2016100600,41.25,148.0,61.2
357722,2016100712,49.5,180.0,79.4
357722,2016100800,53.75,184.25,60.0
357738,2016100400,45.5,318.0,60.7
357738,2016100412,52.75,326.75,64.7
357738,2016100500,58.25,328.0,76.8
357738,2016100512,61.0,323.5,63.0
357795,2016100800,30.5,279.25,67.2
357795,2016100812,32.25,280.0,64.4
357795,2016100900,33.75,282.75,70.6
357795,2016100912,35.0,285.75,74.8
357795,2016101000,35.25,289.0,66.8
357827,2016101000,47.5,332.0,64.7
357833,2016101312,31.75,294.5,75.2
357833,2016101400,34.0,297.25,72.2
357833,2016101412,35.5,301.0,74.7
357833,2016101500,37.0,305.5,61.6
357833,2016101512,38.75,309.0,89.0
357833,2016101600,39.25,311.25,79.0
357833,2016101612,39.0,313.0,72.5
357833,2016101700,40.0,314.0,71.0
357833,2016101712,41.0,315.0,68.0
357833,2016101800,43.5,318.0,65.6
357833,2016101812,48.25,322.75,67.3
357833,2016101900,56.25,323.5,62.7
357833,2016101912,61.0,322.5,60.5
357833,2016102000,64.25,324.25,66.8
357833,2016102100,61.75,321.75,64.4
357833,2016102112,62.0,319.5,78.2
357833,2016102200,61.25,323.0,69.9
357842,2016101012,51.5,181.75,60.9
357842,2016101100,50.0,191.75,64.2
357842,2016101112,50.75,198.0,65.3
357864,2016101200,31.25,150.5,63.4
357864,2016101212,33.75,156.25,79.7
357864,2016101300,37.5,164.75,76.8
357864,2016101312,41.75,177.5,62.0
357864,2016101500,39.75,219.0,61.9
357864,2016101512,43.0,230.25,62.8
357864,2016101600,48.25,233.75,61.9
357888,2016101100,44.75,300.25,67.0
357989,2016101400,47.0,227.25,62.9
358032,2016101612,47.75,166.0,61.5
358119,2016102100,47.25,151.5,69.5
358122,2016102012,41.0,163.75,63.0
358163,2016102112,48.0,157.25,78.6
358163,2016102200,46.0,159.75,61.2
358183,2016102212,45.5,341.5,62.2
358183,2016102300,45.5,340.25,67.7
358183,2016102312,42.75,342.0,67.4
358197,2016102400,38.25,160.5,69.2
358226,2016102412,53.75,170.0,60.7
358229,2016102412,45.0,228.5,66.4
358229,2016102500,47.25,228.75,63.2
358256,2016102600,43.5,150.75,61.6
358256,2016102612,47.5,162.5,75.8
358268,2016102700,54.0,161.0,60.3
358276,2016102700,52.75,206.5,65.0
358276,2016102712,53.25,209.75,66.6
358276,2016102800,51.75,213.25,62.5
358289,2016102700,66.0,334.0,60.2
358304,2016102800,46.5,315.75,73.5
358304,2016102812,51.0,322.0,68.7
358312,2016102800,53.0,181.25,62.4
358316,2016102900,38.25,148.0,64.4
358316,2016102912,42.0,160.75,62.2
358316,2016103000,49.0,176.0,70.2
358316,2016103012,52.25,188.0,85.6
358316,2016103100,56.5,191.75,67.4
358339,2016103000,65.0,330.75,62.7
358366,2016103112,47.0,152.5,61.0
358366,2016110100,49.75,165.0,61.5
358366,2016110200,49.25,194.0,61.2
358387,2016110112,43.75,202.5,70.9
358387,2016110200,44.75,213.25,67.0
358387,2016110212,47.5,221.25,68.5
358387,2016110300,48.5,222.0,66.5
358387,2016110312,55.75,219.5,63.1
358390,2016110400,44.75,210.25,62.4
358390,2016110412,47.25,219.25,65.4
358393,2016110200,42.25,178.25,60.6
358393,2016110312,41.0,216.0,67.7
358393,2016110400,47.5,224.25,63.5
358393,2016110412,54.0,225.5,65.0
358408,2016110412,34.75,314.25,64.1
358408,2016110500,37.5,314.75,65.9
358415,2016110600,55.25,7.5,60.2
358416,2016110312,37.5,153.0,61.1
358416,2016110500,46.75,173.0,68.4
358416,2016110512,47.5,183.25,69.0
358420,2016110500,49.25,152.0,60.6
358427,2016110412,59.75,306.75,65.0
358431,2016110712,40.25,175.25,61.1
358449,2016110612,52.0,156.75,65.7
358449,2016110712,54.75,168.75,63.2
358461,2016110600,48.25,197.25,68.4
358461,2016110700,47.0,210.75,61.0
358469,2016110712,28.75,147.75,78.7
358489,2016110712,50.0,208.75,72.5
358491,2016110712,38.75,296.75,61.8
358498,2016110712,55.0,217.0,68.0
358503,2016110900,47.75,144.5,65.3
358503,2016110912,48.25,146.25,62.5
358503,2016111000,48.0,151.25,63.4
358503,2016111012,48.75,158.0,66.1
358503,2016111100,51.0,166.25,65.6
358511,2016110900,53.0,196.25,60.1
358511,2016110912,50.75,194.5,60.9
358519,2016110900,45.75,207.75,69.0
358519,2016110912,49.5,210.0,70.6
358519,2016111000,51.0,208.25,63.2
358542,2016111012,56.5,218.75,63.5
358544,2016111112,48.25,176.5,64.1
358561,2016111412,60.5,306.0,60.0
358574,2016111312,66.5,328.0,61.7
358579,2016111612,54.0,160.5,62.4
358579,2016111700,58.75,161.0,70.1
358581,2016111512,42.75,186.25,65.0
358581,2016111600,44.5,190.5,71.6
358587,2016111500,65.0,320.0,60.9
358587,2016111512,64.5,332.5,68.0
358587,2016111600,65.5,338.75,65.9
358619,2016111712,34.25,294.0,62.6
358619,2016111800,38.25,295.75,62.1
358665,2016112112,52.5,156.5,66.1
358665,2016112200,54.75,165.0,67.5
358665,2016112212,55.5,171.5,67.4
358668,2016112000,50.0,355.5,64.1
358718,2016112400,54.75,163.5,61.8
358718,2016112412,54.75,165.0,64.3
358752,2016112412,34.75,151.25,60.1
358752,2016112500,38.25,160.5,63.6
358752,2016112512,42.5,170.0,66.5
358752,2016112600,49.25,181.25,66.1
358752,2016112612,55.25,190.0,68.6
358752,2016112700,56.75,198.25,75.3
358752,2016112712,58.0,214.0,66.0
358757,2016112512,48.0,315.5,60.1
358757,2016112612,57.5,318.0,64.3
358757,2016112700,58.5,320.5,67.2
358757,2016112712,62.75,322.25,60.3
358792,2016112712,42.75,298.0,63.2
358792,2016112800,46.5,300.0,61.5
358810,2016112912,54.75,215.5,63.1
358815,2016112800,41.75,153.75,62.3
358815,2016112812,45.0,160.75,73.6
358815,2016112900,46.5,163.75,71.4
358815,2016112912,47.75,172.5,68.0
358815,2016113000,50.25,181.0,62.9
358815,2016113012,52.25,188.25,62.2
358834,2016120112,61.75,322.5,64.3
358834,2016120200,62.75,321.75,61.9
358852,2016120200,50.0,148.0,65.1
358852,2016120212,51.5,148.25,68.9
358852,2016120300,51.5,153.25,67.0
358863,2016120112,47.25,199.75,66.0
358863,2016120200,53.25,210.5,77.9
358863,2016120212,57.25,220.0,66.1
358865,2016120412,56.5,316.25,62.4
358902,2016120312,60.0,215.25,60.3
358902,2016120400,59.5,213.25,61.1
358910,2016120600,55.0,318.75,61.9
358910,2016120612,53.75,315.0,66.5
358924,2016120612,46.25,150.75,61.4
358924,2016120700,49.0,153.25,66.6
358924,2016120712,53.75,155.25,69.8
358924,2016120800,58.25,149.5,60.0
358932,2016120700,36.0,310.75,60.9
358932,2016120712,37.0,322.0,75.0
358932,2016120800,41.75,329.75,63.9
358932,2016120812,46.75,333.25,75.3
358932,2016120900,53.75,334.0,65.5
358932,2016120912,58.75,338.0,70.2
358936,2016121000,52.75,312.25,67.0
358936,2016121012,55.75,313.25,65.4
358950,2016120900,42.5,164.75,82.2
358950,2016120912,44.5,170.0,60.8
358961,2016121012,46.0,149.25,67.6
358961,2016121100,47.0,152.75,62.5
359010,2016121300,48.75,177.5,63.8
359010,2016121312,53.5,176.0,64.0
359017,2016121212,51.75,327.25,73.6
359017,2016121300,57.0,328.0,80.0
359017,2016121312,61.5,329.0,66.8
359027,2016121312,46.25,304.0,66.4
359027,2016121400,48.75,317.25,74.0
359027,2016121412,50.0,326.5,87.8
359027,2016121500,54.25,334.5,81.0
359027,2016121512,60.0,335.5,68.5
359036,2016121400,36.25,144.25,92.8
359036,2016121412,42.25,154.25,90.2
359036,2016121500,47.75,161.75,70.3
359036,2016121512,52.5,169.25,76.8
359036,2016121600,55.0,174.75,69.6
359036,2016121612,57.5,179.0,63.4
359048,2016121500,42.5,301.0,61.8
359048,2016121512,47.5,309.25,65.5
359048,2016121600,54.25,316.0,65.7
359048,2016121612,57.75,326.5,61.4
359062,2016121612,60.75,293.75,64.6
359064,2016121600,43.75,302.25,68.5
359064,2016121612,48.0,313.75,61.4
359064,2016121700,56.75,315.25,71.2
359064,2016121712,58.5,310.0,72.8
359064,2016121800,58.75,317.0,66.2
359064,2016121812,62.75,326.75,65.5
359079,2016121712,49.25,178.0,63.2
359079,2016121800,52.5,181.75,81.2
359079,2016121812,54.0,184.5,74.1
359079,2016121900,54.5,186.0,65.2
359079,2016121912,54.5,187.5,62.1
359083,2016121600,46.75,298.75,62.6
359083,2016121612,48.5,300.75,71.3
359093,2016121900,50.75,301.25,68.8
359093,2016121912,55.5,314.25,67.2
359093,2016122000,61.75,330.75,71.2
359093,2016122012,65.0,335.0,79.5
359113,2016121812,56.0,195.5,65.2
359113,2016121900,58.5,210.0,60.3
359121,2016122012,64.5,306.25,69.0
359136,2016122012,52.0,230.0,81.8
359140,2016122100,63.75,324.75,70.5
359140,2016122112,64.0,325.75,67.9
359140,2016122200,65.25,329.25,61.9
359140,2016122312,65.25,325.0,60.9
359140,2016122400,64.75,324.25,61.0
359153,2016122212,41.75,173.25,70.8
359153,2016122300,45.75,178.5,65.6
359153,2016122312,46.25,188.25,74.4
359153,2016122400,51.25,191.25,61.5
359154,2016122212,40.5,135.0,65.5
359154,2016122300,41.75,139.25,61.8
359162,2016122300,57.0,333.25,83.2
359162,2016122312,62.5,343.75,95.1
359162,2016122400,65.25,352.5,79.4
359162,2016122412,66.0,356.0,78.0
359177,2016122300,40.75,148.0,67.8
359177,2016122312,46.0,159.75,67.4
359177,2016122400,47.5,166.75,66.9
359177,2016122412,51.5,185.0,60.9
359182,2016122400,45.25,309.75,61.0
359182,2016122412,53.25,324.5,69.0
359182,2016122500,59.75,335.5,66.2
359182,2016122512,64.0,347.5,90.4
359182,2016122600,66.25,357.0,77.3
359182,2016122612,64.0,2.5,79.0
359201,2016122612,56.5,183.75,62.2
359206,2016122512,48.25,306.25,62.3
359206,2016122600,53.0,313.5,71.3
359206,2016122612,51.25,316.25,63.8
359206,2016122700,50.5,321.25,63.8
359210,2016122612,53.25,217.75,62.6
359212,2016122900,58.0,325.0,62.4
359212,2016123000,66.75,331.0,74.6
359212,2016123012,64.5,332.5,66.9
359216,2016122612,60.0,325.25,63.1
359216,2016122700,64.25,325.75,61.1
359216,2016122712,65.0,321.25,69.6
359222,2016122712,40.25,151.25,68.2
359222,2016122800,44.75,160.75,79.2
359222,2016122812,52.5,167.5,72.1
359222,2016122900,58.25,167.5,72.3
359222,2016122912,60.5,171.75,71.3
359222,2016123000,63.5,178.25,70.7
359223,2016122712,49.75,160.25,63.1
359231,2016122700,57.25,325.0,60.2
359231,2016122712,63.75,330.0,74.9
359231,2016122800,65.0,320.75,84.2
359234,2016122800,36.75,325.75,64.0
359234,2016122812,36.75,327.5,60.2
359249,2016122912,64.25,305.0,63.5
359254,2016123000,52.25,162.5,65.1
359254,2016123012,57.0,168.5,65.4
359261,2016123012,46.25,292.5,72.8
359261,2016123100,51.75,293.75,64.3
359261,2016123112,62.0,290.5,62.9
359264,2016123012,45.5,165.0,60.8
359264,2016123112,56.25,169.0,63.2
359264,2017010100,59.75,169.0,65.5
359264,2017010112,65.0,171.25,62.7
359280,2016123112,42.25,305.75,63.2
359291,2017010212,42.0,344.75,61.9
359293,2017010112,49.75,174.75,60.2
359314,2017010312,66.5,7.25,62.2
359318,2017010500,49.0,158.75,66.7
359340,2017010600,57.5,299.0,63.8
359340,2017010612,58.75,299.0,65.2
359340,2017010700,60.5,302.25,60.7
359345,2017010512,65.75,328.0,74.6
359355,2017010500,39.0,175.5,63.0
359379,2017010812,58.25,327.0,71.7
359379,2017010900,60.5,336.75,73.7
359379,2017010912,61.25,347.0,65.9
359382,2017010700,52.75,226.75,67.9
359382,2017010812,50.5,220.5,61.1
359408,2017010800,38.75,291.0,60.7
359408,2017010812,45.0,299.25,61.9
359408,2017011100,61.5,323.25,64.3
359411,2017010812,32.5,138.0,68.7
359411,2017010900,34.75,145.0,72.2
359411,2017010912,37.25,149.25,80.9
359411,2017011000,39.25,154.5,83.7
359411,2017011012,40.0,159.5,75.1
359411,2017011100,40.75,165.5,74.2
359427,2017010912,43.0,177.0,71.6
359427,2017011000,41.5,179.75,60.6
359427,2017011112,37.75,185.25,63.7
359427,2017011200,40.5,187.75,68.2
359432,2017011012,60.0,309.5,66.5
359452,2017011112,66.25,356.75,60.1
359452,2017011200,64.0,2.25,61.5
359452,2017011212,64.0,3.75,69.5
359452,2017011300,61.5,3.5,64.3
359452,2017011312,57.25,5.5,60.9
359466,2017011112,39.5,172.25,72.5
359469,2017011112,64.75,325.75,61.3
359470,2017011112,37.75,179.0,64.1
359471,2017011112,51.75,145.75,60.9
359489,2017011412,37.75,190.75,60.7
359489,2017011500,42.0,196.25,67.1
359489,2017011512,46.75,204.25,68.6
359489,2017011600,53.75,210.25,61.7
359499,2017011212,62.5,289.0,62.5
359515,2017011412,54.0,308.25,80.5
359531,2017011500,63.5,310.75,60.0
359549,2017011500,40.75,165.25,60.3
359549,2017011600,40.25,167.75,63.7
359549,2017011612,40.75,173.5,64.5
359561,2017011900,44.75,320.75,63.5
359561,2017012012,61.25,324.0,62.1
359561,2017012100,62.75,328.0,60.9
359561,2017012112,65.0,330.75,60.1
359563,2017011712,40.75,319.0,72.5
359563,2017011800,42.5,322.5,65.5
359563,2017011912,57.5,323.5,61.5
359563,2017012000,57.25,321.5,62.4
359564,2017011600,37.5,203.5,65.3
359564,2017011612,42.5,214.0,69.2
359567,2017011800,38.0,176.0,60.2
359567,2017011812,40.75,181.75,65.7
359567,2017011900,44.0,193.0,70.7
359567,2017011912,45.5,205.25,68.4
359567,2017012000,46.5,214.25,68.7
359567,2017012012,46.0,226.25,67.3
359570,2017011700,51.75,318.25,64.6
359598,2017011900,55.5,186.0,67.3
359604,2017012100,42.5,309.0,60.7
359604,2017012112,43.75,310.75,66.3
359604,2017012200,47.75,315.5,71.8
359604,2017012300,57.0,321.0,60.5
359604,2017012412,62.25,319.5,67.5
359604,2017012500,59.5,320.0,70.9
359604,2017012512,57.5,324.5,61.5
359629,2017012012,35.75,143.75,62.9
359629,2017012100,36.25,151.0,70.1
359629,2017012112,39.5,161.0,64.2
359629,2017012200,45.25,170.5,72.4
359629,2017012212,49.5,175.5,68.4
359629,2017012300,51.25,180.0,72.1
359629,2017012312,51.0,186.75,75.7
359629,2017012400,53.5,193.5,60.9
359636,2017012200,41.75,226.25,68.8
359636,2017012212,44.75,231.0,67.5
359637,2017012100,46.75,230.0,60.0
359658,2017012312,44.0,316.75,61.9
359659,2017012312,43.75,151.75,61.9
359659,2017012400,44.25,156.25,68.3
359659,2017012412,44.5,161.0,61.5
359668,2017012400,44.5,168.25,60.8
359686,2017012412,46.75,180.75,61.4
359707,2017012600,64.5,330.0,69.0
359708,2017012812,49.0,149.5,60.9
359713,2017012612,67.0,342.75,70.2
359714,2017012612,57.5,211.5,63.0
359718,2017012712,56.75,217.25,73.8
359736,2017012712,48.75,304.75,60.8
359736,2017012800,55.0,306.5,72.6
359736,2017012812,56.75,299.25,66.3
359742,2017012812,56.5,219.75,65.0
359746,2017012812,40.5,192.25,63.3
359746,2017012900,39.0,198.25,65.6
359752,2017012900,48.0,318.5,73.1
359752,2017012912,52.0,324.75,71.0
359758,2017013100,59.0,318.75,63.3
359763,2017013012,35.25,213.5,63.8
359763,2017013100,34.5,213.5,63.3
359766,2017013100,40.75,156.75,78.4
359766,2017013112,43.75,164.75,66.8
359766,2017020100,47.25,167.25,68.5
359775,2017013100,60.75,337.75,61.5
359775,2017013112,63.0,330.75,77.6
359775,2017020100,62.25,323.0,79.0
359777,2017013112,42.5,307.0,69.1
359777,2017020100,46.75,321.0,77.6
359777,2017020112,49.0,333.75,84.3
359777,2017020200,49.25,340.0,77.9
359777,2017020212,52.5,346.75,66.0
359777,2017020400,63.25,336.0,77.9
359779,2017020100,48.75,343.25,64.8
359786,2017020100,39.5,291.5,62.3
359786,2017020200,43.0,316.25,61.9
359786,2017020300,46.25,348.0,67.1
359786,2017020312,50.5,354.25,63.8
359801,2017020200,43.0,150.0,64.7
359809,2017020212,66.25,338.0,63.0
359809,2017020300,65.5,333.75,65.4
359813,2017020200,40.75,157.0,63.8
359813,2017020212,45.0,159.75,68.0
359813,2017020300,45.0,162.75,60.4
359835,2017020400,40.25,183.25,66.6
359839,2017020400,46.25,354.25,73.3
359847,2017020512,48.0,322.5,72.5
359847,2017020600,54.0,329.75,96.5
359847,2017020612,58.0,332.0,74.7
359847,2017020700,60.5,332.25,68.1
359847,2017020712,63.5,330.75,61.1
359859,2017020612,46.5,303.0,65.2
359859,2017020700,49.75,309.75,72.9
359859,2017020712,53.5,317.75,74.9
359859,2017020800,58.75,321.5,64.1
359864,2017020512,48.25,358.5,62.7
359867,2017020700,39.25,154.0,64.2
359867,2017020712,41.75,163.25,67.5
359867,2017020800,43.5,165.0,64.5
359909,2017021000,42.25,293.75,68.0
359909,2017021012,48.25,300.5,66.9
359909,2017021100,57.25,307.0,61.1
359910,2017020812,63.75,333.0,71.8
359921,2017021012,40.5,155.25,68.4
359921,2017021100,42.75,161.5,64.9
359921,2017021112,43.5,168.75,64.9
359921,2017021200,43.5,175.5,60.3
359940,2017021000,44.25,346.75,67.9
359941,2017021000,62.5,303.75,63.0
359990,2017021300,39.0,308.75,67.1
359997,2017021312,42.75,292.5,64.9
359997,2017021400,41.5,296.25,75.9
359997,2017021412,42.0,303.25,67.7
359997,2017021500,44.25,307.5,64.4
360010,2017021412,57.25,210.5,60.8
360015,2017021600,40.75,292.5,75.2
360015,2017021612,44.0,296.0,62.8
360023,2017021712,42.5,197.5,74.9
360023,2017021800,44.5,205.25,62.1
360043,2017021712,35.75,233.0,63.0
360043,2017021800,38.25,236.0,60.0
360053,2017021712,41.5,308.25,73.4
360053,2017021812,58.0,309.0,65.0
360053,2017022112,63.0,343.75,64.8
360053,2017022200,62.5,354.5,66.8
360053,2017022212,61.5,4.5,61.9
360060,2017021812,49.25,148.75,69.3
360060,2017021900,49.5,153.5,60.4
360062,2017022012,41.0,144.5,64.7
360075,2017021912,40.75,166.25,63.6
360075,2017022000,47.0,172.0,61.9
360075,2017022012,51.25,176.25,75.1
360075,2017022100,53.5,173.25,70.4
360075,2017022112,54.25,169.25,64.1
360075,2017022200,52.25,164.5,68.9
360079,2017021900,37.25,199.25,62.6
360148,2017022100,41.75,156.25,71.9
360148,2017022112,44.0,162.25,68.8
360148,2017022200,50.75,170.0,65.9
360148,2017022212,53.0,169.75,74.9
360148,2017022300,54.75,168.75,78.4
360148,2017022312,55.75,172.75,60.9
360154,2017022112,41.5,198.0,60.5
360156,2017022212,35.0,303.5,67.2
360162,2017022212,63.25,324.0,68.4
360162,2017022300,63.5,329.25,72.0
360162,2017022312,65.25,330.5,64.9
360175,2017022400,46.5,157.25,65.4
360175,2017022500,54.75,165.0,64.7
360175,2017022512,59.75,171.75,60.2
360196,2017022412,62.25,333.75,62.3
360196,2017022500,66.0,333.25,81.2
360196,2017022512,65.75,326.25,76.5
360196,2017022600,61.75,326.75,85.1
360196,2017022612,61.0,332.5,69.2
360236,2017030300,49.0,300.5,61.3
360236,2017030400,53.0,311.5,74.0
360236,2017030412,54.25,314.0,70.8
360236,2017030500,54.5,313.75,61.5
360236,2017031012,58.0,326.0,69.1
360236,2017031100,58.25,321.0,70.8
360243,2017022612,64.75,329.75,63.0
360248,2017022700,42.5,158.25,67.0
360248,2017022712,45.75,161.5,61.7
360257,2017022712,62.25,298.75,74.9
360290,2017030112,32.25,164.25,68.0
360290,2017030200,30.75,170.75,63.5
360290,2017030212,33.0,178.25,62.6
360290,2017030300,34.75,180.75,66.1
360306,2017030700,42.0,193.25,62.7
360323,2017030300,42.0,147.75,65.2
360323,2017030312,44.25,150.75,65.1
360347,2017030800,63.5,337.25,63.1
360347,2017030812,63.25,337.75,61.3
360400,2017030600,55.5,170.75,60.9
360462,2017030812,55.5,271.75,60.3
360462,2017030900,56.5,276.0,60.4
360476,2017030912,38.75,167.0,61.9
360525,2017031100,40.5,295.25,61.7
360525,2017031112,45.5,303.5,78.5
360525,2017031200,51.5,308.0,80.5
360525,2017031212,54.0,309.5,68.0
360525,2017031312,54.5,318.25,65.3
360527,2017031112,67.0,314.75,61.2
360569,2017031412,31.75,147.75,60.6
360569,2017031500,33.5,152.5,61.3
360569,2017031512,35.25,156.75,66.7
360569,2017031600,36.5,161.5,64.8
360570,2017031312,60.5,332.0,60.9
360570,2017031400,63.0,340.25,73.4
360595,2017031412,38.25,284.75,68.3
360595,2017031500,42.25,289.25,85.1
360597,2017031412,46.75,320.0,75.4
360597,2017031500,49.5,324.5,70.8
360604,2017031512,31.75,147.5,74.9
360626,2017031600,43.25,300.0,61.7
360687,2017032000,60.5,322.25,62.9
360687,2017032012,59.75,327.0,64.9
360731,2017032200,35.0,149.5,79.9
360731,2017032212,35.5,157.0,74.2
360731,2017032300,36.75,165.0,72.8
360731,2017032312,39.25,171.25,68.3
360731,2017032400,42.75,176.25,61.4
360731,2017032412,46.0,177.75,62.9
360731,2017032500,47.5,176.75,64.8
360781,2017032412,58.75,316.5,61.0
360781,2017032500,64.25,323.0,65.2
360810,2017032312,64.0,322.75,73.6
360810,2017032400,66.25,328.0,65.0
360830,2017032512,39.0,171.25,62.9
360830,2017032600,43.25,182.0,70.4
360830,2017032612,47.25,191.0,66.5
360874,2017032700,47.0,317.5,79.4
360874,2017032712,48.0,318.0,78.9
360874,2017032800,47.75,320.0,71.1
360874,2017032812,46.75,322.25,64.9
360893,2017032912,30.5,301.25,60.6
360893,2017033100,43.5,307.5,70.0
360893,2017033112,42.0,310.25,73.3
360893,2017040100,43.75,314.0,63.1
360895,2017032712,35.0,146.25,79.3
360895,2017032800,35.75,155.5,68.3
360895,2017032812,39.0,166.75,66.3
360895,2017032900,41.25,173.5,60.8
360895,2017032912,43.75,183.75,61.8
360895,2017033000,45.5,188.25,62.5
360950,2017040300,41.5,302.25,63.0
360950,2017040712,62.5,330.25,67.7
360950,2017040800,64.0,334.25,63.2
360971,2017040212,63.0,331.75,66.3
360971,2017040300,64.75,329.25,74.1
360971,2017040312,65.25,339.5,72.5
360971,2017040412,67.0,346.0,71.0
360987,2017040500,51.25,220.0,65.2
361010,2017040200,39.0,188.75,65.2
361010,2017040212,44.5,196.0,70.0
361010,2017040300,47.5,200.75,61.7
361046,2017040212,62.75,320.25,68.0
361046,2017040300,61.5,319.0,71.3
361046,2017040312,62.25,326.25,72.3
361046,2017040400,64.0,331.75,66.1
361105,2017040712,45.25,232.5,66.9
361199,2017041012,46.0,162.25,63.9
361199,2017041100,47.75,168.25,62.7
361223,2017040912,48.75,220.5,60.3
361233,2017041112,36.0,141.5,63.9
361233,2017041300,49.75,150.75,75.8
361233,2017041312,50.25,152.0,64.9
361395,2017041800,41.0,137.25,61.7
361398,2017041612,35.5,311.0,69.7
361398,2017041700,34.0,312.25,60.0
361419,2017041712,62.75,319.5,79.7
361615,2017042400,59.0,304.0,65.0
361615,2017042412,62.75,298.75,61.4
361656,2017042700,33.5,145.0,60.7
361656,2017042712,39.5,155.75,64.4
367251,2017100200,38.0,298.75,62.5
367251,2017100400,45.5,315.0,72.5
367277,2017100512,60.5,189.25,66.9
367408,2017100900,59.5,170.25,64.1
367411,2017100800,56.5,197.5,63.3
367465,2017101112,53.5,171.0,65.4
367465,2017101200,57.25,173.0,80.6
367465,2017101212,59.5,177.0,60.8
367482,2017101512,39.75,342.75,79.6
367482,2017101600,47.75,346.5,77.0
367482,2017101612,52.5,350.0,75.6
367487,2017101200,55.0,320.25,60.9
367487,2017101212,58.0,328.0,60.3
367518,2017101412,60.25,282.75,60.4
367543,2017101600,65.75,9.75,61.2
367586,2017101612,52.25,172.0,61.5
367586,2017101700,53.0,181.5,64.9
367586,2017101712,54.0,196.5,62.2
367586,2017101800,54.0,205.25,69.5
367631,2017101812,48.5,157.5,67.6
367631,2017101900,50.0,163.25,66.6
367631,2017101912,51.25,170.25,61.3
367632,2017101812,64.75,323.0,68.0
367641,2017101812,53.75,212.25,67.1
367659,2017101912,45.5,326.25,60.2
367659,2017102000,48.25,334.0,82.8
367659,2017102012,50.5,341.75,69.7
367659,2017102100,53.25,347.75,66.4
367686,2017102312,61.25,271.75,61.2
367691,2017102100,40.5,309.5,61.5
367691,2017102112,46.75,319.0,84.8
367691,2017102200,53.5,324.0,78.2
367691,2017102212,55.0,325.25,62.6
367691,2017102300,55.5,327.0,62.2
367691,2017102312,55.5,330.25,61.0
367697,2017102212,31.5,136.25,95.3
367697,2017102300,37.75,141.5,77.4
367697,2017102312,42.0,149.0,76.8
367702,2017102212,57.75,145.0,61.9
367722,2017102212,37.75,200.0,71.6
367722,2017102300,42.75,209.75,63.8
367750,2017102500,59.25,208.0,64.4
367759,2017102312,51.0,161.25,64.3
367759,2017102400,53.25,165.0,70.4
367759,2017102412,54.0,167.75,77.5
367759,2017102500,51.5,174.5,86.4
367759,2017102512,51.25,183.5,65.9
367760,2017102412,46.25,275.25,63.5
367830,2017102912,35.0,141.0,72.3
367853,2017102900,44.0,185.0,67.2
367853,2017102912,46.5,188.75,61.4
367868,2017103000,33.75,287.5,82.6
367878,2017102912,38.5,144.75,67.1
367878,2017103000,45.25,149.25,79.4
367878,2017103012,49.5,153.75,76.5
367878,2017103100,52.25,155.75,65.0
367895,2017103000,39.75,286.0,63.9
367895,2017103012,46.5,284.5,60.6
367895,2017103100,51.25,283.75,60.0
367895,2017103112,53.75,285.75,64.5
367948,2017110312,63.25,330.75,60.3
367974,2017110500,56.5,310.25,77.2
367974,2017110512,61.25,319.0,81.8
367974,2017110600,62.0,322.25,81.6
367974,2017110612,64.25,327.5,72.3
367974,2017110700,62.25,338.5,62.6
368000,2017110612,54.25,213.5,60.2
368000,2017110700,51.75,217.0,65.7
368000,2017110712,50.75,217.0,62.9
368040,2017111100,44.75,140.0,81.1
368040,2017111112,46.0,146.0,68.3
368040,2017111200,48.75,149.5,60.9
368050,2017111112,55.75,298.5,65.4
368050,2017111200,58.25,302.5,68.5
368050,2017111212,58.75,310.0,66.4
368055,2017111112,35.5,170.75,65.3
368087,2017111312,48.5,230.5,62.2
368088,2017111300,63.75,322.25,65.5
368117,2017111412,38.75,146.0,61.7
368117,2017111500,45.5,153.5,67.5
368120,2017111500,42.75,303.0,67.3
368134,2017111700,35.75,314.25,60.7
368138,2017111600,41.75,154.0,64.2
368153,2017111612,65.25,353.0,62.4
368153,2017111700,66.75,358.0,62.4
368179,2017111812,32.5,142.25,67.1
368190,2017111812,49.0,145.5,60.1
368190,2017111900,54.0,147.25,60.3
368202,2017112000,48.5,321.0,60.5
368224,2017112012,55.5,212.25,63.5
368242,2017112100,63.25,174.5,60.7
368242,2017112112,67.0,184.75,62.6
368250,2017112300,60.5,190.5,61.8
368250,2017112312,59.75,196.75,69.6
368256,2017112112,47.0,315.25,65.7
368272,2017112300,33.25,139.25,62.2
368272,2017112312,38.25,147.0,65.9
368272,2017112400,50.25,153.25,72.6
368272,2017112412,57.75,152.0,81.5
368279,2017112212,57.75,348.5,64.6
368285,2017112212,35.0,286.0,61.6
368285,2017112300,40.5,293.0,72.2
368285,2017112312,47.5,298.25,65.0
368285,2017112412,57.75,305.0,64.5
368302,2017112412,56.0,218.25,62.0
368314,2017112400,66.5,8.0,66.5
368314,2017112412,66.75,359.5,63.4
368314,2017112500,66.25,2.0,65.3
368319,2017112712,57.25,302.0,62.6
368319,2017112800,60.5,298.0,69.0
368320,2017112512,47.0,169.5,69.5
368320,2017112600,51.75,180.25,83.7
368320,2017112612,55.5,187.5,84.5
368320,2017112700,56.0,191.0,75.1
368320,2017112712,56.25,195.0,75.4
368341,2017112700,50.5,163.25,61.3
368341,2017112712,51.75,173.25,70.0
368341,2017112800,52.5,186.75,69.1
368341,2017112812,53.75,192.25,64.5
368351,2017113000,50.0,153.75,66.4
368366,2017113000,39.25,320.5,64.6
368372,2017112800,50.75,220.75,64.8
368372,2017112812,53.0,227.25,60.1
368375,2017112812,51.25,198.5,64.6
368375,2017112900,55.5,200.25,61.8
368375,2017112912,56.25,195.5,60.6
368375,2017113000,55.0,198.75,60.0
368399,2017113012,53.0,162.0,64.3
368406,2017120300,46.25,193.25,61.0
368406,2017120312,48.75,199.5,70.3
368406,2017120400,54.75,202.5,61.9
368406,2017120412,59.0,200.25,61.7
368442,2017120412,39.0,322.25,66.5
368451,2017120512,44.0,154.5,66.9
368451,2017120600,47.25,160.75,70.0
368455,2017120500,36.75,304.25,60.4
368488,2017120612,47.5,148.5,64.5
368499,2017120700,62.0,352.75,65.3
368499,2017120712,60.5,0.0,77.2
368499,2017120800,63.0,4.25,71.7
368499,2017120812,64.5,8.75,64.1
368514,2017121000,52.25,153.75,62.7
368525,2017120812,65.25,295.5,62.6
368531,2017120812,54.25,313.75,62.3
368531,2017120900,58.5,313.0,62.7
368537,2017121012,47.0,298.75,63.9
368537,2017121112,59.0,310.5,74.0
368537,2017121200,62.0,323.5,76.4
368537,2017121212,63.25,327.0,70.1
368537,2017121300,62.25,328.5,65.2
368537,2017121312,61.25,336.0,68.8
368542,2017120912,46.5,166.5,78.7
368542,2017121000,51.5,167.0,70.1
368542,2017121012,51.25,164.0,64.1
368542,2017121100,50.25,165.75,62.7
368546,2017121000,39.75,211.25,68.9
368546,2017121012,44.75,213.75,70.3
368546,2017121100,54.0,209.0,69.2
368554,2017121012,51.5,2.0,66.3
368563,2017121012,44.25,189.5,63.6
368563,2017121100,45.0,195.0,64.3
368563,2017121112,46.0,201.0,61.9
368575,2017121300,46.0,147.25,63.9
368579,2017121500,43.75,302.25,61.7
368579,2017121512,54.5,309.75,64.2
368579,2017121600,60.5,305.25,69.5
368592,2017121300,36.0,211.75,66.1
368596,2017121400,61.25,350.0,65.6
368611,2017121412,54.75,302.0,62.5
368611,2017121500,57.5,299.0,69.4
368631,2017121612,42.75,302.25,64.5
368631,2017121700,47.5,308.75,79.5
368631,2017121712,55.5,314.0,71.4
368631,2017121800,61.5,320.0,67.0
368641,2017121712,49.0,166.5,67.2
368641,2017121800,56.25,171.25,60.2
368641,2017121812,58.0,169.0,65.6
368641,2017121900,58.5,173.5,61.1
368679,2017122200,49.25,200.5,62.1
368679,2017122212,56.25,194.0,63.9
368683,2017122000,40.5,309.25,64.4
368683,2017122100,51.75,317.0,65.2
368683,2017122112,57.5,317.0,70.3
368697,2017122000,53.5,170.0,65.0
368697,2017122012,56.25,176.25,63.2
368712,2017122212,55.75,185.25,64.5
368728,2017122200,62.0,321.75,67.1
368728,2017122212,64.0,327.75,66.1
368729,2017122200,43.5,199.5,61.8
368729,2017122300,48.25,203.5,61.9
368733,2017122400,35.75,197.0,68.8
368749,2017122512,55.75,313.5,69.1
368749,2017122600,55.75,320.75,61.0
368759,2017122500,43.75,139.5,75.9
368759,2017122512,46.75,148.5,78.0
368759,2017122600,49.75,145.0,81.1
368759,2017122612,49.75,145.0,64.4
368776,2017122600,47.5,297.75,68.4
368776,2017122612,53.25,306.5,68.1
368776,2017122700,55.25,307.0,77.3
368776,2017122712,54.5,305.25,63.8
368776,2017122800,53.25,307.75,67.8
368776,2017122812,53.75,311.75,69.1
368788,2017122612,51.0,350.25,63.2
368788,2017122700,51.75,359.0,61.3
368806,2017122900,49.75,175.75,67.5
368806,2017122912,50.0,170.5,65.2
368807,2017122812,58.25,321.5,72.8
368807,2017122900,57.75,318.0,67.4
368817,2017122900,59.75,328.5,62.7
368817,2017122912,59.5,321.5,68.1
368833,2018010112,50.0,359.75,62.8
368847,2017123112,39.75,180.0,72.7
368847,2018010100,44.75,193.5,70.6
368847,2018010112,50.5,199.25,66.7
368847,2018010200,54.25,202.5,60.0
368848,2017123100,54.25,348.75,62.3
368851,2017123112,42.25,304.0,62.0
368851,2018010112,52.25,320.0,87.9
368851,2018010200,55.75,328.75,78.9
368851,2018010212,57.5,334.0,67.1
368851,2018010300,57.75,340.0,73.5
368865,2018010200,40.0,154.0,66.0
368865,2018010212,38.5,155.75,62.8
368899,2018010300,55.5,356.75,65.3
368910,2018010312,40.25,183.75,68.0
368910,2018010400,46.25,187.75,73.9
368913,2018010400,31.0,284.25,71.4
368913,2018010412,36.5,287.75,103.4
368913,2018010500,42.25,292.5,87.9
368918,2018010400,60.0,321.25,60.4
368918,2018010412,57.0,323.5,72.6
368918,2018010500,55.75,330.25,71.5
368929,2018010600,56.75,177.25,64.7
368942,2018010612,36.0,158.0,65.3
368942,2018010700,38.5,165.5,85.4
368942,2018010712,42.5,173.75,75.2
368942,2018010800,47.25,179.25,73.4
368942,2018010812,50.0,181.75,69.7
368942,2018010900,51.25,182.0,61.7
368942,2018010912,51.0,183.25,61.4
368943,2018010512,51.5,196.25,60.1
368955,2018010612,56.0,299.5,61.8
368955,2018010700,59.75,303.75,66.5
368959,2018010700,66.5,358.75,62.5
368973,2018010712,59.25,322.5,80.9
368973,2018010800,61.25,322.25,81.2
368973,2018010812,61.5,322.25,64.3
368973,2018010900,61.0,322.25,67.1
368984,2018010900,41.0,146.0,67.4
368984,2018010912,46.0,152.25,71.5
368984,2018011000,48.5,153.0,67.9
368984,2018011012,46.75,156.75,71.2
368997,2018010812,52.75,332.75,67.0
368997,2018010900,58.25,334.5,67.4
368997,2018010912,62.75,329.0,82.1
368997,2018011000,62.75,322.75,71.2
369017,2018011312,42.5,288.25,60.6
369027,2018011012,47.25,179.5,60.9
369028,2018011100,54.75,323.75,61.9
369041,2018011112,59.5,329.75,67.3
369041,2018011200,63.25,329.25,64.3
369041,2018011400,65.75,330.75,63.5
369041,2018011512,66.5,342.0,74.7
369041,2018011600,65.75,350.0,62.8
369041,2018011612,67.0,348.75,77.5
369041,2018011712,66.5,341.5,69.6
369041,2018011800,66.0,338.75,69.3
369041,2018011812,62.5,330.25,62.2
369070,2018011312,51.75,210.25,60.0
369089,2018011412,65.5,306.25,70.4
369089,2018011500,65.0,307.0,68.3
369089,2018011512,64.25,307.25,64.3
369092,2018011500,33.5,165.75,71.3
369092,2018011600,36.25,188.75,80.7
369092,2018011612,38.75,202.25,63.3
369092,2018011700,40.25,211.75,82.2
369092,2018011712,44.75,220.25,80.1
369092,2018011800,48.5,224.5,70.0
369092,2018011812,50.75,225.5,60.0
369095,2018011600,43.5,153.75,60.3
369095,2018011800,54.25,169.75,61.6
369098,2018011500,43.25,219.75,60.7
369102,2018011512,64.5,322.5,84.9
369102,2018011600,62.75,326.5,88.8
369125,2018011612,64.25,323.75,72.7
369125,2018011700,63.75,326.0,63.8
369128,2018011812,62.5,344.25,61.9
369130,2018011712,53.75,337.75,60.2
369135,2018011800,37.75,146.0,68.2
369135,2018011812,38.75,154.25,77.8
369135,2018011900,41.5,158.75,75.1
369135,2018011912,43.25,161.5,67.9
369135,2018012000,45.0,165.25,61.2
369146,2018011812,45.25,182.75,68.4
369146,2018011900,47.75,192.75,68.6
369146,2018011912,49.5,203.0,64.0
369154,2018011812,36.25,290.0,66.5
369154,2018011900,37.25,295.0,68.1
369154,2018011912,39.5,302.5,64.2
369154,2018012112,59.25,333.25,61.8
369154,2018012212,61.25,328.0,65.4
369167,2018012212,56.5,319.75,65.1
369204,2018012300,37.5,173.5,60.1
369206,2018012312,35.25,180.0,62.1
369206,2018012400,34.5,184.0,63.6
369219,2018012212,33.25,141.0,63.1
369219,2018012300,39.25,147.75,94.9
369219,2018012312,43.25,152.75,82.1
369219,2018012400,48.25,154.25,72.6
369219,2018012412,49.75,149.75,63.2
369219,2018012500,49.0,146.25,72.0
369219,2018012512,46.75,145.75,63.2
369228,2018012312,44.75,139.25,67.2
369238,2018012300,58.0,323.0,72.6
369238,2018012312,57.75,323.0,64.4
369251,2018012400,44.75,290.75,63.9
369251,2018012600,56.25,309.5,60.3
369253,2018012412,59.0,356.5,63.6
369258,2018012500,44.75,159.0,70.8
369258,2018012512,49.5,156.25,65.3
369258,2018012600,54.0,151.75,69.4
369276,2018012812,49.0,215.0,60.7
369276,2018012900,50.25,213.75,63.2
369279,2018012612,62.0,321.25,63.0
369279,2018012700,60.75,319.0,61.3
369290,2018012700,58.5,334.5,62.6
369290,2018012712,61.25,348.25,72.8
369290,2018012800,61.5,1.0,64.2
369293,2018012800,39.0,170.25,63.8
369293,2018012812,45.5,169.5,62.8
369313,2018012912,57.75,302.5,71.9
369317,2018012912,43.25,176.25,60.6
369317,2018013000,41.5,175.5,64.4
369317,2018013012,38.0,177.5,61.2
369328,2018013000,60.25,311.0,62.0
369330,2018020100,35.75,180.0,65.1
369330,2018020112,35.25,187.25,61.4
369338,2018013012,41.0,295.0,64.3
369338,2018013100,43.75,297.75,60.5
369338,2018013112,49.0,299.25,60.5
369338,2018020100,54.75,304.25,69.1
369338,2018020112,58.25,311.0,60.5
369366,2018020200,62.5,318.5,85.0
369366,2018020212,66.25,328.0,63.5
369379,2018020300,50.25,299.5,61.9
369413,2018020512,66.0,326.5,71.4
369413,2018020600,66.75,332.0,68.6
369420,2018020512,45.5,293.25,60.8
369420,2018020600,54.0,302.5,62.6
369420,2018020612,61.75,304.75,78.1
369420,2018020700,64.25,308.75,63.5
369449,2018020700,64.25,320.75,94.1
369449,2018020712,65.0,326.25,69.2
369449,2018020800,66.0,330.0,63.3
369449,2018020812,65.5,329.5,66.8
369469,2018021000,62.0,339.75,66.4
369469,2018021012,64.0,345.5,60.5
369469,2018021100,66.0,348.5,73.8
369469,2018021112,66.75,339.5,81.7
369469,2018021212,66.0,332.0,62.9
369471,2018020812,62.75,306.0,62.2
369487,2018021012,35.25,183.75,82.7
369487,2018021100,40.75,189.0,66.3
369487,2018021112,45.0,192.75,67.5
369495,2018021100,65.75,328.5,76.6
369505,2018021112,46.75,156.0,60.6
369505,2018021200,52.0,159.5,61.4
369525,2018021312,57.25,321.75,79.9
369525,2018021400,58.75,328.5,83.8
369525,2018021412,61.25,334.75,69.7
369550,2018021300,61.75,345.5,64.3
369578,2018021412,41.5,139.75,61.7
369578,2018021500,43.5,151.5,68.0
369578,2018021512,46.25,159.25,67.8
369578,2018021600,49.0,165.25,67.6
369583,2018021412,58.75,340.0,80.2
369583,2018021500,61.75,343.25,66.9
369603,2018021612,62.5,320.0,66.3
369604,2018021712,41.5,142.5,68.5
369616,2018021800,38.25,159.5,71.2
369619,2018021712,47.5,314.75,67.5
369619,2018021800,54.25,323.5,62.5
369619,2018021812,58.25,322.0,69.9
369619,2018021900,58.0,327.0,69.4
369619,2018021912,62.75,331.5,81.0
369619,2018022000,66.0,330.75,64.0
369619,2018022012,65.5,319.5,67.1
369639,2018021800,42.25,147.25,69.6
369639,2018021812,39.75,152.25,64.3
369640,2018021800,41.25,168.25,70.7
369640,2018021812,45.25,170.5,72.4
369640,2018022000,61.25,176.25,68.3
369640,2018022012,66.0,180.0,63.8
369641,2018021812,41.0,293.75,69.1
369641,2018021900,42.25,303.75,88.5
369641,2018021912,42.0,313.25,89.8
369641,2018022000,42.25,318.5,84.4
369641,2018022012,42.0,322.25,74.0
369641,2018022100,39.0,325.5,61.7
369678,2018022100,62.5,302.0,60.8
369688,2018022112,64.5,330.0,81.3
369688,2018022200,65.0,319.25,67.9
369689,2018022112,63.75,315.5,60.2
369712,2018022300,52.0,327.25,78.4
369712,2018022312,57.5,330.5,68.7
369712,2018022400,62.25,325.0,75.0
369712,2018022412,64.0,315.0,65.9
369715,2018022412,59.5,182.5,62.7
369773,2018022400,41.0,158.75,61.1
369773,2018022512,55.25,174.75,62.6
369773,2018022600,58.0,181.5,63.3
369773,2018022612,61.75,197.5,67.8
369773,2018022700,65.25,215.25,62.9
369816,2018022512,42.75,317.5,72.5
369816,2018022600,41.5,323.75,79.9
369816,2018022612,40.75,326.0,77.8
369816,2018022700,39.75,327.25,73.7
369816,2018022712,37.5,330.0,63.7
369816,2018022812,37.0,338.0,60.5
369846,2018022700,37.75,161.75,65.9
369846,2018022712,44.5,165.75,68.9
369846,2018022800,49.75,166.25,73.6
369846,2018022812,53.0,166.0,66.8
369846,2018030100,56.0,168.5,64.2
369872,2018030100,39.0,135.5,70.4
369872,2018030112,42.25,141.0,74.6
369872,2018030200,45.25,144.5,68.2
369872,2018030212,47.25,148.75,61.2
369887,2018030300,38.0,290.25,79.2
369887,2018030312,36.75,294.75,71.2
369887,2018030400,36.0,297.75,67.3
369887,2018030412,36.0,301.0,65.6
369887,2018030500,37.25,304.0,62.0
369887,2018030512,38.5,305.0,63.3
369887,2018030600,40.75,305.5,63.2
369887,2018030612,40.5,303.75,60.9
369895,2018030500,51.25,155.5,60.1
369895,2018030512,56.5,162.75,62.8
369895,2018030800,62.75,180.5,64.4
369895,2018030812,63.0,183.75,60.4
369895,2018030900,60.25,188.25,61.1
369941,2018030312,51.0,206.25,60.4
369973,2018030800,39.75,288.0,64.6
370030,2018030612,34.75,303.0,70.2
370032,2018030712,36.75,226.0,62.1
370050,2018030912,67.0,327.25,64.4
370050,2018031000,65.25,325.0,60.1
370050,2018031100,61.5,323.5,74.4
370071,2018030900,57.25,207.5,62.0
370073,2018031000,55.0,148.0,73.1
370077,2018031000,45.5,298.0,60.8
370084,2018031000,48.25,342.75,73.0
370084,2018031012,49.0,340.75,61.4
370084,2018031100,45.75,343.25,60.2
370127,2018031012,42.75,342.0,71.1
370137,2018031200,59.25,213.75,61.4
370145,2018031912,47.0,146.75,61.0
370168,2018031312,37.75,290.75,74.9
370168,2018031400,42.25,295.25,81.0
370168,2018031412,45.0,295.75,62.8
370191,2018031312,44.5,228.25,64.8
370205,2018031412,42.75,181.5,60.5
370252,2018031700,55.75,172.0,60.6
370252,2018031712,58.75,168.5,73.7
370303,2018031700,57.75,292.5,61.9
370322,2018031912,53.0,310.0,61.7
370337,2018031800,44.5,318.75,60.2
370337,2018031812,51.5,324.25,66.5
370358,2018031912,35.5,222.25,64.2
370358,2018032000,32.75,216.25,64.3
370420,2018032100,37.5,289.75,64.0
370420,2018032212,42.0,295.75,60.1
370420,2018032612,64.75,329.0,64.6
370420,2018032700,61.0,317.25,61.4
370456,2018032212,56.0,181.0,65.7
370456,2018032300,61.75,177.75,64.2
370471,2018032312,49.0,347.25,85.7
370471,2018032400,47.75,352.25,70.1
370477,2018032412,66.75,337.25,61.4
370528,2018032700,58.25,346.0,60.0
370528,2018032912,54.25,337.5,61.2
370605,2018032612,34.5,297.25,60.9
370605,2018032700,36.5,298.75,75.7
370605,2018032712,38.0,298.75,73.4
370793,2018040212,51.0,330.5,71.5
370793,2018040300,46.0,339.0,63.1
370820,2018040412,49.5,328.5,61.8
370834,2018040700,42.25,222.25,73.1
370834,2018040712,46.25,228.75,62.9
370842,2018040600,51.25,163.25,62.6
370842,2018040612,49.5,165.75,65.6
370842,2018040700,46.75,174.5,60.8
370888,2018040900,55.5,169.5,63.0
370888,2018040912,55.75,175.25,62.2
370914,2018040900,55.75,331.25,69.9
370914,2018040912,54.75,340.0,67.5
370951,2018040900,41.75,298.25,64.4
370951,2018040912,49.0,304.0,61.6
370951,2018041000,52.5,308.25,72.1
370951,2018041012,55.75,313.25,63.5
370998,2018041100,47.75,169.0,70.9
370998,2018041112,48.0,178.0,77.7
370998,2018041200,48.0,186.5,67.0
371006,2018041100,54.75,222.0,63.5
371044,2018041312,47.0,322.0,75.2
371044,2018041400,46.75,332.0,69.7
371122,2018041600,46.5,154.25,60.1
371122,2018041612,51.75,166.5,62.7
371139,2018041512,50.5,324.5,73.0
371139,2018041600,50.0,325.0,73.9
371139,2018041612,48.75,330.5,71.1
371139,2018041700,52.25,337.75,62.5
371298,2018042300,52.0,172.5,61.0
371465,2018042700,48.5,349.0,60.1
371526,2018042900,34.0,202.5,61.9
377007,2018100112,42.0,137.5,62.9
377052,2018100500,60.0,290.25,63.9
377052,2018100512,60.25,291.75,65.4
377072,2018100500,29.75,192.5,71.3
377116,2018100612,62.75,322.5,68.0
377116,2018100700,63.75,322.25,67.4
377169,2018101212,39.25,288.75,67.1
377169,2018101300,42.75,298.75,67.4
377169,2018101312,46.5,311.5,61.9
377169,2018101400,48.25,327.5,66.9
377169,2018101412,49.0,339.25,65.1
377185,2018101112,59.25,332.5,60.6
377185,2018101200,60.75,331.0,67.2
377185,2018101212,61.5,325.25,67.1
377209,2018101112,46.25,338.25,80.6
377209,2018101200,51.75,342.5,84.4
377209,2018101212,57.5,346.5,65.0
377209,2018101300,61.75,349.25,60.6
377252,2018101312,51.25,173.0,63.8
377252,2018101400,50.0,182.5,69.2
377269,2018101300,46.5,342.0,64.7
377284,2018101600,57.25,337.5,65.3
377350,2018101912,56.5,213.0,64.7
377351,2018101700,35.75,151.0,61.0
377351,2018101800,42.0,168.75,60.4
377351,2018102012,50.25,203.75,67.2
377351,2018102100,54.5,205.25,64.8
377353,2018101612,50.25,296.75,72.0
377353,2018101700,53.0,305.5,72.0
377466,2018102312,43.5,201.0,60.5
377466,2018102400,46.0,211.25,60.0
377466,2018102500,54.25,216.5,71.1
377466,2018102512,56.75,216.25,62.0
377499,2018102500,35.75,157.0,61.1
377499,2018102600,43.0,164.0,61.0
377499,2018102612,45.5,168.25,62.0
377499,2018102700,46.5,168.0,63.3
377528,2018102800,40.25,286.75,65.8
377532,2018103112,35.25,307.5,67.5
377532,2018110100,40.5,311.25,87.6
377532,2018110112,45.5,315.0,72.0
377532,2018110200,49.25,321.25,63.8
377532,2018110212,53.5,326.25,72.6
377532,2018110300,55.25,333.75,82.3
377532,2018110312,57.5,340.5,63.8
377548,2018102612,56.5,303.75,68.1
377548,2018102700,60.75,299.0,70.2
377553,2018102912,42.75,6.5,73.3
377573,2018102800,50.25,226.5,60.5
377574,2018102912,46.75,140.5,60.4
377583,2018103100,62.5,339.25,63.3
377583,2018110100,64.0,331.75,60.7
377634,2018110412,51.25,301.25,63.9
377634,2018110612,59.25,331.25,62.0
377634,2018110700,56.25,329.75,67.7
377634,2018110712,55.75,334.5,67.4
377636,2018110112,42.75,183.75,60.1
377636,2018110200,48.5,192.0,65.6
377678,2018110512,58.5,168.5,63.9
377713,2018110800,57.5,170.5,62.2
377713,2018110812,59.0,175.0,69.0
377713,2018110900,60.25,182.25,67.3
377742,2018111100,54.75,201.5,63.4
377743,2018111112,51.25,296.75,60.6
377744,2018111412,41.25,194.75,60.9
377744,2018111500,43.5,200.25,63.9
377748,2018111112,49.0,152.0,62.6
377758,2018111312,54.0,320.0,63.4
377758,2018111400,53.25,324.0,63.7
377797,2018111400,44.25,293.25,65.0
377797,2018111412,49.0,300.75,60.4
377797,2018111500,50.75,307.5,70.5
377797,2018111512,50.0,313.75,79.5
377797,2018111600,48.75,322.0,79.0
377802,2018111500,60.5,343.25,68.0
377802,2018111512,64.5,347.0,69.9
377827,2018111612,40.5,287.0,62.7
377827,2018111712,47.25,303.75,61.1
377827,2018111800,50.0,315.0,62.6
377827,2018111812,49.5,320.5,65.2
377827,2018111912,55.5,320.25,61.2
377832,2018111600,57.0,325.0,72.0
377832,2018111612,54.0,321.25,75.0
377832,2018111700,54.25,328.75,64.3
377838,2018111612,60.0,327.5,68.4
377838,2018111700,61.75,319.5,71.1
377876,2018112200,50.0,166.25,71.1
377876,2018112212,49.75,169.25,64.3
377887,2018112012,66.75,307.25,62.7
377906,2018112200,54.0,306.0,62.7
377906,2018112212,58.25,303.5,88.1
377906,2018112300,61.25,300.25,78.0
377906,2018112312,65.0,298.25,66.4
377913,2018112212,38.5,149.75,68.0
377913,2018112300,42.75,159.25,80.0
377913,2018112312,45.0,166.25,71.5
377913,2018112400,44.25,171.25,80.1
377921,2018112400,54.25,302.5,65.1
377938,2018112312,42.25,173.5,66.7
377938,2018112400,43.75,187.75,68.9
377938,2018112412,45.75,194.25,61.4
377943,2018112500,58.0,214.0,64.5
377953,2018112612,41.75,302.0,64.7
377958,2018112600,34.0,303.0,61.4
377958,2018112612,36.0,311.5,75.0
377958,2018112700,39.75,319.75,76.6
377958,2018112712,43.0,328.5,85.3
377958,2018112800,48.25,339.25,71.8
377958,2018112912,59.25,343.5,60.9
377958,2018113012,62.25,356.5,61.8
377970,2018112612,52.75,327.0,61.7
377973,2018112700,40.0,164.75,60.6
377983,2018112800,33.0,180.75,65.9
377983,2018112900,35.25,189.0,61.6
378004,2018112912,36.25,159.0,61.7
378006,2018112812,55.75,161.75,61.3
378006,2018112900,57.5,161.5,63.6
378007,2018112912,40.5,233.75,61.9
378010,2018112900,43.5,301.5,78.4
378010,2018112912,45.5,302.5,65.3
378015,2018112912,58.75,167.0,60.8
378024,2018113012,67.0,355.25,65.5
378024,2018120100,65.75,353.75,60.0
378029,2018113000,49.75,312.75,60.3
378037,2018120200,42.0,212.0,66.7
378037,2018120212,43.25,211.75,62.6
378051,2018120112,37.75,153.5,65.4
378051,2018120200,42.25,163.0,87.7
378051,2018120212,41.75,171.0,87.9
378051,2018120300,45.25,179.0,81.3
378051,2018120312,49.0,180.0,71.8
378051,2018120400,50.25,183.5,70.1
378054,2018120112,49.25,186.0,62.7
378082,2018120312,39.5,329.25,71.4
378091,2018120500,56.25,309.75,66.6
378091,2018120512,57.25,307.0,61.0
378091,2018120600,56.0,309.75,62.5
378092,2018120512,54.25,152.25,63.8
378092,2018120600,56.75,149.75,62.7
378106,2018120600,59.75,336.0,63.2
378106,2018120612,61.0,334.5,61.4
378111,2018120612,39.75,299.5,96.7
378111,2018120700,44.5,307.75,78.8
378111,2018120712,49.5,315.75,72.0
378111,2018120800,53.0,326.25,73.8
378111,2018120812,56.0,339.25,66.0
378114,2018120612,50.0,181.25,61.7
378114,2018120700,49.5,190.0,64.3
378114,2018120712,47.75,201.25,67.8
378114,2018120900,58.75,215.5,63.2
378121,2018120700,63.5,191.25,60.0
378131,2018120800,54.75,218.5,72.4
378135,2018120712,44.25,148.5,67.7
378135,2018120800,48.25,155.75,66.1
378135,2018120812,49.5,159.75,76.0
378137,2018120700,56.25,346.0,68.2
378137,2018120712,59.25,352.5,64.3
378157,2018121000,50.5,318.25,77.7
378157,2018121012,54.25,320.75,70.1
378157,2018121100,56.5,324.0,65.2
378159,2018120900,53.75,174.0,64.9
378170,2018121012,36.25,295.25,62.7
378170,2018121100,40.25,308.25,68.2
378170,2018121112,44.75,319.75,98.9
378170,2018121200,50.25,330.25,94.0
378170,2018121212,53.25,333.5,79.0
378170,2018121300,54.75,338.25,66.0
378182,2018121200,34.75,291.75,74.6
378182,2018121212,40.75,302.0,76.6
378182,2018121300,45.25,311.0,79.8
378182,2018121312,49.25,318.75,90.7
378182,2018121400,52.5,329.25,84.1
378182,2018121412,57.25,333.0,61.2
378183,2018121012,45.75,330.0,69.9
378183,2018121100,57.0,334.5,61.6
378183,2018121112,62.25,328.5,70.7
378183,2018121200,62.75,321.75,60.0
378186,2018121100,58.25,216.5,65.9
378190,2018121112,47.75,184.5,63.3
378190,2018121200,50.25,196.75,68.1
378190,2018121212,53.5,212.25,65.6
378190,2018121300,54.25,217.75,75.5
378190,2018121312,57.0,222.75,62.0
378197,2018121212,40.5,151.25,71.6
378197,2018121300,42.75,157.25,67.2
378197,2018121312,45.0,168.5,78.1
378197,2018121400,48.5,184.5,71.7
378197,2018121412,49.75,198.5,65.2
378197,2018121500,49.0,202.5,75.4
378197,2018121512,53.25,207.5,63.3
378197,2018121600,51.0,215.75,72.8
378198,2018121212,63.0,196.75,60.8
378216,2018121412,49.25,230.75,60.5
378230,2018121512,44.0,166.25,68.6
378230,2018121600,45.5,175.5,74.6
378230,2018121612,46.75,184.0,70.4
378230,2018121700,47.75,195.5,67.1
378235,2018121512,51.0,349.25,60.4
378253,2018121612,50.0,322.25,64.7
378253,2018121700,51.75,330.0,72.6
378253,2018121712,55.0,336.5,63.5
378258,2018121712,38.0,150.0,68.5
378258,2018121800,45.25,159.0,73.9
378258,2018121812,52.0,163.25,69.9
378258,2018121900,54.5,163.5,61.0
378258,2018121912,55.75,162.0,61.5
378264,2018121712,47.75,218.0,62.5
378264,2018121800,51.25,224.25,65.1
378280,2018121900,41.0,169.0,60.8
378282,2018121900,64.5,335.75,62.2
378294,2018122012,48.0,230.0,70.4
378296,2018122000,49.5,191.75,68.4
378296,2018122012,50.0,197.75,65.2
378296,2018122100,50.5,203.0,61.6
378324,2018122200,42.0,283.0,60.1
378324,2018122312,61.5,302.5,61.8
378330,2018122112,44.0,189.25,61.0
378330,2018122200,45.0,196.25,62.9
378351,2018122612,65.25,327.5,63.2
378355,2018122400,39.75,152.25,62.5
378355,2018122412,41.75,160.5,82.4
378355,2018122500,44.0,167.25,70.3
378355,2018122512,44.5,171.75,71.3
378355,2018122600,45.0,177.0,65.2
378360,2018122412,57.5,302.0,64.9
378360,2018122500,58.75,301.75,64.1
378360,2018122512,58.0,300.5,62.0
378377,2018122612,50.25,322.5,63.7
378377,2018122712,60.75,326.25,60.9
378377,2018122812,65.5,329.25,60.0
378384,2018122600,53.25,219.25,60.0
378400,2018122712,40.0,161.25,66.9
378400,2018122800,45.75,165.75,74.6
378400,2018122812,50.5,163.25,85.4
378400,2018122900,50.0,157.25,78.5
378400,2019010300,45.5,209.75,67.6
378400,2019010312,47.0,217.75,62.1
378407,2018122712,49.75,148.0,60.2
378407,2018122800,48.25,147.0,67.4
378407,2018122812,45.5,151.0,65.2
378427,2018122900,42.5,320.0,71.1
378428,2018122812,40.5,167.25,73.6
378428,2018122900,46.5,177.25,79.0
378428,2018122912,51.75,177.5,79.0
378428,2018123000,52.0,175.5,76.3
378435,2019010100,51.75,316.0,60.6
378435,2019010112,56.25,315.75,62.8
378450,2018123000,53.5,190.0,66.0
378450,2018123012,58.5,190.0,61.2
378451,2018123100,64.5,336.75,66.8
378458,2018123100,54.0,195.75,66.8
378458,2018123112,60.5,199.75,61.3
378466,2019010312,50.0,315.25,63.1
378470,2019010112,57.75,203.0,65.4
378497,2019010300,40.25,188.0,64.3
378497,2019010312,40.75,197.75,63.9
378517,2019010400,38.5,300.25,65.7
378517,2019010412,38.75,309.75,60.0
378523,2019010612,45.75,302.0,61.0
378523,2019010700,49.75,305.5,60.8
378523,2019010712,51.25,305.5,65.5
378523,2019010800,52.5,308.0,64.7
378527,2019010500,36.25,227.0,62.3
378527,2019010512,38.0,231.5,62.4
378530,2019010500,52.75,177.25,61.6
378530,2019010512,55.5,174.75,60.5
378530,2019010600,56.75,171.5,66.1
378534,2019010700,40.5,210.25,63.6
378534,2019010712,40.25,214.25,76.0
378534,2019010800,40.0,220.25,81.7
378534,2019010812,40.75,222.75,65.6
378541,2019010600,45.0,163.5,67.6
378541,2019010612,48.75,171.0,74.6
378541,2019010700,55.25,168.75,62.7
378541,2019010712,56.0,166.5,63.4
378562,2019010700,60.75,341.25,61.4
378562,2019010712,61.5,356.0,68.9
378604,2019010912,40.5,164.75,71.3
378604,2019011000,42.75,169.75,97.1
378604,2019011012,45.25,174.75,82.8
378604,2019011100,47.25,178.5,80.0
378604,2019011112,49.25,181.0,62.0
378604,2019011200,51.25,180.75,61.2
378635,2019011112,40.75,169.25,65.2
378635,2019011200,44.5,177.0,69.8
378635,2019011212,47.0,180.75,64.0
378640,2019011200,58.25,312.0,62.1
378650,2019011200,49.0,167.5,60.9
378650,2019011212,47.5,166.25,71.4
378653,2019011400,56.75,317.25,63.6
378653,2019011412,61.75,324.0,62.4
378653,2019011500,60.0,325.75,61.3
378666,2019011412,54.25,311.5,61.1
378682,2019011512,41.75,301.25,62.1
378682,2019011600,46.5,307.75,63.2
378682,2019011700,57.25,321.5,60.4
378697,2019011500,64.5,336.75,60.4
378699,2019011700,52.75,141.0,62.4
378702,2019011812,58.75,308.0,73.9
378702,2019011900,63.25,320.5,69.8
378703,2019011512,37.75,202.25,62.5
378703,2019011600,39.25,212.5,74.6
378703,2019011612,39.5,220.5,79.3
378703,2019011700,41.75,226.75,67.6
378711,2019011812,41.5,218.75,60.0
378711,2019011900,47.5,224.5,61.9
378711,2019011912,52.0,229.25,68.7
378725,2019011700,40.25,163.0,62.1
378725,2019011712,46.25,168.0,65.0
378726,2019011712,55.5,152.25,60.1
378735,2019011800,50.75,152.5,64.0
378735,2019011900,48.5,153.25,64.6
378735,2019011912,46.25,157.5,63.6
378742,2019011812,40.5,166.75,62.3
378742,2019011912,48.25,175.0,66.7
378742,2019012000,52.5,169.0,64.1
378746,2019012100,44.25,292.5,65.7
378746,2019012112,48.0,298.0,71.1
378757,2019012000,56.25,306.25,74.6
378757,2019012012,60.5,323.75,66.1
378757,2019012100,62.0,328.0,70.4
378757,2019012112,66.75,342.0,71.0
378759,2019011900,61.5,305.75,66.2
378764,2019012000,44.0,188.25,73.0
378764,2019012012,46.75,191.5,73.1
378764,2019012600,49.25,179.25,61.5
378769,2019012000,49.5,160.5,67.2
378776,2019012100,37.75,158.5,66.0
378776,2019012112,38.5,169.5,62.9
378776,2019012200,39.75,181.0,68.5
378776,2019012212,44.0,192.75,62.2
378777,2019012012,42.75,171.25,62.8
378784,2019012212,44.25,171.25,61.9
378789,2019012500,44.25,290.75,80.0
378789,2019012600,58.0,301.5,66.9
378789,2019012612,61.5,297.5,72.6
378789,2019012700,62.0,295.0,77.3
378789,2019012712,62.25,294.75,72.1
378799,2019012200,54.0,220.5,62.3
378807,2019012700,58.5,0.5,60.9
378807,2019012712,55.75,1.5,61.6
378852,2019012500,52.0,207.75,62.4
378852,2019012512,59.0,207.75,66.9
378853,2019012500,44.75,160.75,60.2
378853,2019012512,46.0,167.25,66.2
378863,2019012700,35.75,152.75,76.1
378863,2019012712,38.0,161.0,75.9
378863,2019012800,45.0,165.0,73.3
378863,2019012812,46.5,169.5,69.8
378863,2019012900,47.5,173.25,64.3
378884,2019012712,63.25,320.5,65.0
378884,2019012800,62.75,320.0,73.4
378884,2019012812,62.25,326.75,62.4
378887,2019012912,58.0,304.5,69.4
378887,2019013000,59.25,317.0,63.6
378908,2019012912,40.25,301.0,64.5
378922,2019012912,38.25,151.75,70.8
378925,2019012912,47.75,355.5,63.7
378925,2019020100,47.25,350.0,66.5
378936,2019013000,40.25,162.25,66.4
378936,2019013012,41.25,165.75,60.3
378947,2019020100,58.5,290.0,66.4
378949,2019013100,42.75,179.0,75.5
378954,2019013012,55.5,327.75,60.8
378954,2019013100,56.75,336.25,67.5
378954,2019013112,51.75,345.0,73.3
378963,2019013112,50.75,167.5,62.7
378963,2019020100,53.25,167.0,67.8
378963,2019020112,53.75,162.75,64.2
378963,2019020200,53.75,161.5,60.4
378978,2019020100,36.5,156.5,72.8
378978,2019020112,43.0,170.25,75.9
378978,2019020200,53.5,179.5,61.7
378978,2019020212,60.25,180.25,63.0
378983,2019020112,61.25,301.5,73.8
378985,2019020212,38.25,232.75,61.4
378995,2019020200,60.5,304.0,67.3
379003,2019020312,55.75,329.25,65.2
379012,2019020412,45.0,152.5,66.0
379012,2019020500,46.75,160.0,74.6
379012,2019020512,47.5,165.25,66.1
379012,2019020600,49.25,171.5,67.8
379012,2019020612,50.75,175.75,61.6
379020,2019020312,45.0,308.0,61.8
379020,2019020400,48.5,318.0,86.4
379020,2019020412,53.5,324.5,79.6
379020,2019020500,56.0,325.5,74.0
379020,2019020512,56.75,329.0,73.1
379020,2019020600,60.25,328.5,68.2
379020,2019020612,58.5,331.0,60.1
379041,2019020712,50.25,329.25,61.6
379041,2019020800,53.25,341.25,69.4
379059,2019021000,55.0,301.5,72.2
379059,2019021012,56.25,301.75,62.4
379059,2019021112,54.25,308.75,62.9
379067,2019020700,52.25,354.25,63.2
379074,2019020812,51.75,155.0,61.2
379078,2019020812,50.25,164.0,72.1
379078,2019020900,57.0,169.5,80.2
379078,2019020912,60.25,170.5,66.8
379094,2019021012,33.0,202.75,60.4
379104,2019020912,35.0,207.25,62.2
379104,2019021000,33.5,200.75,71.3
379107,2019021000,38.75,155.0,65.5
379107,2019021012,44.25,162.75,89.6
379107,2019021100,50.5,169.0,79.1
379107,2019021112,56.25,175.75,73.1
379107,2019021200,62.0,184.0,66.8
379123,2019021100,54.0,213.25,60.3
379125,2019021012,54.75,317.5,65.7
379125,2019021100,57.75,317.0,65.0
379137,2019021200,61.0,336.25,61.8
379137,2019021212,65.25,337.25,61.1
379140,2019021200,58.5,320.75,62.5
379144,2019021300,46.25,159.75,67.2
379144,2019021312,47.5,160.75,74.3
379144,2019021400,51.0,164.5,78.3
379144,2019021412,53.25,166.5,66.3
379153,2019021312,56.25,335.25,66.8
379160,2019021700,59.25,336.0,66.0
379160,2019021712,57.0,339.5,64.8
379166,2019021400,50.75,220.5,62.8
379166,2019021412,49.5,225.5,60.9
379182,2019021512,55.75,178.75,60.8
379182,2019021600,61.25,178.25,61.5
379195,2019021500,50.25,315.75,60.8
379195,2019021600,51.5,324.75,68.8
379211,2019021700,43.25,167.75,68.0
379211,2019021712,48.75,176.0,68.1
379211,2019021800,53.25,183.5,68.3
379251,2019021800,59.25,304.5,74.7
379251,2019021812,56.0,303.0,65.5
379265,2019021912,43.5,311.5,75.5
379265,2019022000,46.0,322.0,88.2
379265,2019022012,51.0,327.0,76.1
379265,2019022100,56.25,326.0,68.7
379265,2019022112,60.75,323.25,71.7
379272,2019021800,64.5,350.0,60.9
379272,2019021900,66.75,1.25,62.5
379286,2019022012,59.75,189.25,61.9
379290,2019021912,61.25,307.75,63.2
379291,2019022000,61.75,334.0,62.1
379291,2019022012,65.0,329.25,68.5
379316,2019022012,44.5,159.75,62.5
379316,2019022100,48.75,166.5,61.9
379346,2019022112,45.25,321.75,64.6
379347,2019022212,40.5,311.0,80.0
379347,2019022300,40.5,321.25,90.6
379347,2019022312,44.0,326.25,81.5
379347,2019022400,51.25,327.75,69.8
379347,2019022412,54.5,319.25,70.9
379347,2019022500,56.0,319.75,68.3
379350,2019022312,66.25,341.25,66.2
379352,2019022200,53.75,339.75,62.9
379352,2019022212,61.0,336.75,62.8
379356,2019022500,48.25,279.75,60.5
379356,2019022512,49.25,285.0,69.2
379370,2019022312,36.0,154.0,66.3
379370,2019022400,40.0,164.0,70.6
379370,2019022412,42.5,174.5,91.8
379370,2019022500,49.25,180.0,77.9
379370,2019022512,54.75,177.75,65.9
379370,2019022600,57.75,174.5,62.6
379370,2019022612,60.75,173.25,62.9
379399,2019022512,53.0,336.25,71.1
379399,2019022600,61.75,334.25,78.4
379407,2019022512,46.5,295.5,61.0
379407,2019022600,48.25,298.75,62.1
379415,2019022600,38.25,155.25,60.6
379415,2019022612,43.75,167.5,60.0
379426,2019022612,49.5,314.25,68.4
379438,2019022712,46.25,180.5,60.2
379438,2019022800,51.5,184.0,60.7
379438,2019022812,56.0,184.0,60.7
379460,2019030112,43.5,159.25,60.8
379460,2019030212,50.0,166.25,66.9
379460,2019030300,51.75,169.0,67.3
379462,2019022800,50.75,324.75,66.0
379462,2019022812,56.5,321.75,72.6
379479,2019030112,63.0,322.0,80.0
379505,2019030212,56.0,342.25,70.9
379505,2019030300,59.25,350.5,65.1
379528,2019030312,43.5,302.5,67.9
379528,2019030400,45.25,311.5,61.0
379528,2019030412,46.5,321.75,64.0
379530,2019030412,36.5,148.5,60.5
379530,2019030500,37.75,154.75,73.3
379530,2019030512,41.0,164.5,66.1
379530,2019030600,47.25,169.75,65.7
379530,2019030612,50.75,172.5,70.2
379530,2019030700,52.25,177.0,69.7
379530,2019030712,55.0,179.75,60.5
379561,2019030412,41.25,291.0,67.2
379561,2019030612,57.25,308.5,67.3
379561,2019030700,59.25,306.0,68.2
379561,2019030712,60.5,300.75,66.3
379561,2019030800,60.5,297.5,60.0
379600,2019030712,39.5,154.75,64.3
379600,2019030800,42.5,161.5,63.8
379600,2019030812,46.25,170.0,70.3
379600,2019030900,51.5,178.5,65.7
379600,2019030912,54.75,183.5,66.0
379601,2019030612,40.75,301.25,65.7
379601,2019030700,46.0,311.25,61.4
379601,2019030800,57.5,325.0,70.6
379601,2019030812,60.25,327.0,76.5
379601,2019030900,60.5,321.75,76.7
379601,2019030912,60.0,324.75,67.6
379601,2019031012,60.0,329.75,63.6
379674,2019031100,36.0,142.0,68.8
379674,2019031112,39.75,145.75,74.7
379674,2019031200,42.5,150.5,64.5
379709,2019031012,51.5,318.75,62.1
379709,2019031100,53.75,325.25,68.1
379709,2019031112,60.0,334.5,65.6
379709,2019031200,61.25,342.0,81.1
379709,2019031212,60.25,347.75,73.5
379709,2019031300,58.25,358.5,62.6
379720,2019031300,60.75,319.5,62.4
379720,2019031500,65.75,328.75,64.3
379776,2019031400,43.5,188.25,61.4
379776,2019031412,44.0,197.25,60.4
379804,2019031500,46.5,177.0,63.4
379804,2019031600,45.0,185.25,62.5
379805,2019031812,56.75,311.0,62.4
379826,2019031612,39.75,152.25,65.8
379826,2019031700,42.0,157.0,70.4
379826,2019031712,43.0,165.75,67.0
379826,2019031812,47.75,185.5,63.9
379826,2019031900,47.75,191.5,61.7
379870,2019031900,36.75,172.0,61.2
379870,2019032012,42.5,201.75,71.7
379883,2019031912,31.25,137.0,61.4
379937,2019032200,59.75,338.25,61.7
379937,2019032212,66.0,346.0,82.7
379975,2019032412,40.75,166.5,86.4
379975,2019032500,48.5,175.25,74.1
379975,2019032512,54.75,177.0,72.3
379975,2019032600,59.5,175.0,60.7
379998,2019032500,60.75,306.75,64.6
379998,2019032512,63.0,297.0,70.3
380032,2019032612,64.5,319.25,60.2
380042,2019032512,65.75,328.5,61.8
380046,2019032612,34.0,146.0,65.5
380046,2019032700,37.75,154.5,81.4
380046,2019032712,42.5,161.75,80.1
380046,2019032800,46.5,164.0,74.7
380046,2019032812,49.5,165.0,66.4
380046,2019032900,49.5,163.75,60.6
380054,2019032700,62.25,321.75,77.2
380054,2019032712,66.0,330.5,73.5
380071,2019032812,64.75,327.5,62.6
380151,2019040212,59.5,302.25,69.5
380151,2019040300,63.25,303.5,65.2
380156,2019040112,45.75,167.25,61.7
380176,2019033112,64.0,322.25,60.2
380211,2019040312,44.0,186.25,74.9
380211,2019040400,47.0,194.25,77.0
380211,2019040412,47.25,201.0,72.6
380211,2019040500,47.5,208.0,62.7
380239,2019040300,35.25,285.75,74.5
380239,2019040312,39.75,291.75,68.2
380239,2019040400,46.75,297.25,63.0
380239,2019040412,51.75,300.0,63.0
380239,2019040500,55.0,302.75,63.5
380239,2019040512,54.5,305.25,64.9
380301,2019040612,47.25,228.25,64.1
380358,2019040712,48.0,333.5,61.9
380364,2019041000,55.5,313.0,72.3
380399,2019041100,53.0,328.25,65.0
380425,2019040912,40.5,181.0,62.9
380425,2019041000,46.5,188.75,66.1
380430,2019041112,37.0,152.5,69.5
380430,2019041200,40.25,161.0,64.1
380430,2019041212,42.5,167.0,66.5
380430,2019041300,45.25,174.5,63.2
380448,2019041000,35.0,170.75,64.3
380448,2019041012,40.25,181.5,73.5
380448,2019041100,47.25,190.75,83.4
380448,2019041112,54.0,197.5,66.3
380457,2019041212,59.75,327.0,62.9
380457,2019041300,61.0,319.0,64.5
380548,2019041300,49.0,333.25,63.3
380548,2019041312,55.75,332.5,75.2
380548,2019041400,59.0,327.0,65.4
380554,2019041600,51.25,205.25,62.6
380673,2019041712,47.5,212.5,66.0
380673,2019041800,52.75,218.5,61.0
380826,2019042412,64.5,323.75,64.8
380856,2019042900,59.25,334.75,67.8
380882,2019042600,51.75,334.0,62.6
380882,2019042612,52.75,344.75,72.0
380903,2019042412,60.25,319.0,64.0
380903,2019042512,61.0,320.5,62.2
380927,2019042800,41.25,157.0,63.7
386502,2019100300,32.5,166.75,69.1
386502,2019100312,34.75,166.75,67.0
386592,2019100500,41.75,302.5,68.8
386592,2019100512,44.25,313.0,69.5
386592,2019100600,48.25,322.75,81.3
386592,2019100612,54.0,330.5,75.0
386592,2019100700,57.75,335.5,71.4
386592,2019100712,60.0,339.25,62.7
386676,2019101112,59.25,215.75,70.1
386693,2019101200,48.75,264.0,63.4
386705,2019101000,39.0,291.5,64.5
386705,2019101012,38.75,291.0,68.1
386705,2019101100,38.0,292.0,61.7
386716,2019101100,27.5,138.0,88.9
386716,2019101112,29.75,137.25,89.9
386716,2019101200,32.0,137.25,77.1
386716,2019101212,35.5,139.75,72.5
386716,2019101300,39.5,145.0,81.4
386716,2019101312,44.0,155.5,65.7
386716,2019101400,51.0,169.75,60.8
386716,2019101412,55.5,178.75,75.0
386716,2019101500,58.25,185.0,78.8
386716,2019101512,60.25,185.0,68.7
386771,2019101312,65.5,327.5,64.1
386794,2019101412,60.0,329.75,62.0
386794,2019101512,60.75,331.25,64.7
386794,2019101600,56.25,333.0,66.7
386800,2019101412,50.25,205.0,61.0
386832,2019101600,54.5,211.25,62.1
386832,2019101612,51.0,222.0,61.6
386838,2019101600,54.75,177.75,71.8
386838,2019101612,56.25,190.0,75.8
386850,2019101712,43.5,288.75,61.3
386891,2019102112,31.25,135.0,61.1
386921,2019102200,41.25,187.0,60.6
386921,2019102212,47.0,196.25,64.6
386921,2019102312,57.0,200.5,70.3
386921,2019102400,58.75,202.5,60.6
386952,2019102312,41.0,153.25,62.6
386952,2019102400,44.25,162.75,67.2
386952,2019102412,46.25,169.5,77.8
386952,2019102500,47.0,176.0,73.6
386952,2019102512,48.25,181.25,70.5
386952,2019102600,50.25,183.75,68.5
386952,2019102612,50.75,184.5,63.1
386952,2019102700,50.5,186.25,60.4
386971,2019102412,29.75,143.0,72.0
386971,2019102500,32.25,145.5,70.2
386971,2019102512,35.25,147.75,78.1
386972,2019102600,38.5,144.0,60.3
386972,2019102612,41.75,148.25,62.6
386976,2019102500,36.5,325.5,62.3
386998,2019102412,61.25,353.75,60.8
386998,2019102500,63.5,353.75,72.3
386998,2019102512,62.25,353.75,66.7
387048,2019102712,40.0,314.5,81.3
387048,2019102800,40.5,319.0,73.4
387048,2019102812,42.25,320.0,66.4
387048,2019102900,42.25,320.25,60.5
387091,2019110212,39.0,192.75,60.3
387117,2019110200,52.5,349.0,62.4
387186,2019110512,60.5,313.25,60.6
387186,2019110600,61.75,322.25,61.2
387191,2019110500,48.5,164.75,60.8
387191,2019110512,53.0,163.5,62.5
387241,2019110700,55.25,303.5,60.2
387241,2019110712,56.75,306.25,70.3
387241,2019110800,57.5,311.5,65.1
387270,2019110812,59.0,319.0,70.1
387270,2019110900,59.75,326.0,69.3
387273,2019111000,58.0,314.0,78.3
387273,2019111012,60.0,321.5,87.7
387273,2019111100,62.75,326.75,73.8
387273,2019111112,63.0,326.25,71.0
387301,2019111212,48.25,195.25,74.0
387301,2019111300,49.5,198.75,74.4
387304,2019111012,38.25,303.75,65.3
387321,2019111100,64.5,307.5,62.0
387322,2019111100,57.25,351.0,60.7
387346,2019111400,56.0,302.75,65.5
387346,2019111412,61.5,305.0,77.1
387360,2019111312,54.25,349.5,63.1
387360,2019111400,51.75,354.5,70.4
387361,2019111312,42.25,169.0,61.5
387361,2019111400,40.25,172.75,67.2
387361,2019111412,37.0,178.25,60.4
387362,2019111412,53.5,140.5,68.4
387367,2019111700,54.75,305.5,61.6
387367,2019111712,58.75,309.5,72.6
387367,2019111800,57.25,315.5,78.4
387373,2019111500,40.25,195.25,61.7
387373,2019111600,44.5,205.5,60.9
387398,2019111700,30.25,282.0,64.8
387402,2019111712,46.25,179.25,63.0
387402,2019111800,49.75,187.25,76.8
387427,2019111800,46.0,171.0,62.2
387428,2019111912,49.25,145.75,61.3
387428,2019112000,46.75,148.0,62.4
387436,2019111800,54.75,320.25,80.1
387436,2019111812,56.25,327.75,70.6
387438,2019111812,48.5,179.25,63.4
387459,2019112012,50.0,158.0,61.4
387469,2019112512,44.25,338.25,60.3
387469,2019112600,48.75,347.25,63.7
387482,2019112100,47.25,174.5,61.7
387482,2019112112,49.0,183.5,73.8
387484,2019112200,56.5,201.75,68.7
387510,2019112312,50.0,328.0,60.2
387522,2019112500,39.5,186.25,65.5
387528,2019112500,51.0,157.5,61.8
387528,2019112612,63.75,175.25,67.7
387551,2019112812,48.75,203.0,67.2
387551,2019112900,51.75,206.5,68.5
387551,2019112912,53.0,208.75,60.3
387559,2019112700,42.5,234.5,74.5
387564,2019112900,57.5,167.5,64.2
387564,2019112912,60.0,167.0,60.4
387572,2019112900,43.5,301.5,60.6
387572,2019112912,42.5,302.75,62.2
387572,2019113012,46.0,307.25,61.1
387572,2019120100,49.5,307.0,62.1
387572,2019120112,53.5,308.75,60.1
387586,2019113000,39.25,166.5,63.4
387586,2019113012,47.5,180.25,66.0
387606,2019113012,41.0,220.0,63.9
387631,2019120312,50.75,145.0,62.6
387631,2019120400,51.0,145.75,62.1
387638,2019120400,64.25,322.5,63.9
387638,2019120412,64.5,328.75,64.0
387639,2019120312,51.25,194.0,65.8
387652,2019120312,52.5,160.5,65.9
387652,2019120400,54.75,164.25,62.5
387652,2019120412,57.25,163.25,61.4
387661,2019120500,41.75,216.5,69.9
387661,2019120512,41.25,219.0,71.2
387661,2019120600,39.5,221.25,65.3
387671,2019120700,58.25,319.0,63.0
387671,2019120712,57.75,324.0,60.8
387682,2019120612,56.0,173.25,69.3
387682,2019120700,54.75,169.25,67.3
387705,2019120712,60.75,334.0,60.1
387705,2019120800,59.25,331.0,69.2
387707,2019120812,47.0,153.75,70.0
387707,2019120900,49.75,167.0,63.3
387707,2019120912,49.25,175.5,70.3
387707,2019121000,48.5,184.25,70.7
387708,2019121000,61.75,334.75,63.7
387713,2019120812,46.75,207.5,66.3
387713,2019120900,51.25,206.75,63.3
387713,2019120912,55.75,201.25,62.7
387714,2019120800,61.25,347.0,61.1
387714,2019120812,59.5,347.75,79.8
387717,2019120912,41.0,185.75,64.7
387717,2019121000,42.5,196.25,65.4
387717,2019121012,44.5,204.75,76.0
387717,2019121100,48.25,210.0,67.0
387717,2019121200,53.25,210.5,60.5
387717,2019121212,54.0,210.5,66.1
387744,2019121000,63.25,343.25,66.3
387744,2019121012,66.0,345.5,70.6
387744,2019121100,66.25,346.0,77.9
387744,2019121112,63.5,352.25,68.5
387744,2019121200,65.5,358.0,67.5
387751,2019121200,59.75,309.25,66.4
387751,2019121312,58.25,308.5,77.2
387757,2019121212,47.5,147.25,69.3
387757,2019121300,48.5,153.75,75.2
387769,2019121200,40.25,152.5,66.0
387769,2019121212,45.5,162.5,72.1
387769,2019121312,50.0,169.5,67.8
387769,2019121400,47.5,173.75,64.8
387770,2019121312,57.5,320.5,76.2
387770,2019121400,56.0,324.5,71.7
387770,2019121412,53.25,332.0,75.6
387770,2019121500,52.0,340.75,60.0
387801,2019121400,49.25,189.5,62.7
387801,2019121412,53.25,195.0,66.0
387809,2019121412,39.25,286.25,61.1
387809,2019121600,53.5,294.75,62.0
387809,2019121612,55.5,301.5,69.5
387809,2019121700,54.0,304.5,66.9
387811,2019121500,44.25,153.0,60.6
387811,2019121512,43.75,159.25,65.1
387842,2019121600,49.0,168.25,62.9
387842,2019121800,53.25,201.25,61.9
387849,2019121712,54.5,228.25,61.8
387869,2019122000,43.0,308.25,66.9
387869,2019122012,46.0,318.5,88.3
387869,2019122100,47.0,330.75,90.3
387869,2019122112,49.0,350.25,75.2
387869,2019122200,51.75,358.25,63.8
387874,2019121812,41.75,298.25,70.6
387878,2019121900,42.25,161.5,70.5
387879,2019121900,55.25,346.5,64.6
387879,2019121912,59.5,345.5,63.5
387879,2019122000,59.0,339.0,65.9
387890,2019121912,61.0,309.5,60.8
387890,2019122112,61.25,320.0,61.8
387899,2019122100,64.75,307.75,64.1
387906,2019122100,43.0,167.75,76.1
387906,2019122112,48.75,176.25,66.8
387906,2019122200,53.25,180.5,61.9
387906,2019122212,54.75,184.25,72.7
387906,2019122300,55.75,191.0,72.7
387906,2019122312,56.5,198.0,61.5
387907,2019122112,61.75,350.0,68.7
387907,2019122200,61.25,347.0,71.0
387932,2019122212,47.25,165.5,61.9
387932,2019122300,50.0,178.0,65.2
387933,2019122212,42.0,324.25,60.7
387933,2019122300,46.0,328.5,64.1
387933,2019122400,50.25,339.25,64.6
387937,2019122300,36.5,149.75,61.9
387937,2019122312,39.0,159.0,76.5
387937,2019122500,51.0,190.0,70.9
387937,2019122512,53.0,198.0,68.8
387937,2019122600,54.75,208.75,61.6
387937,2019122612,60.0,212.75,61.6
387948,2019122512,47.5,314.0,64.5
387948,2019122600,49.25,316.75,66.2
387948,2019122612,50.5,318.25,61.8
387977,2019122512,50.5,160.25,60.7
388002,2019122600,52.0,341.5,61.1
388007,2019122600,43.75,182.25,60.4
388007,2019122612,48.0,181.0,62.4
388007,2019122700,49.5,178.25,62.2
388020,2019122612,50.25,162.5,60.6
388028,2019122700,33.5,155.25,63.8
388031,2019122712,38.25,152.0,85.3
388031,2019122800,38.0,162.75,95.7
388031,2019122812,40.5,172.0,82.4
388031,2019122900,43.25,177.5,73.7
388031,2019122912,43.5,179.25,64.3
388045,2019122712,49.75,191.25,64.8
388045,2019122812,51.25,201.25,63.9
388050,2019122712,63.25,343.0,63.7
388075,2020010112,62.0,215.5,60.1
388092,2020010100,54.5,143.0,69.6
388102,2020010100,44.5,324.5,71.1
388102,2020010112,48.25,328.25,66.0
388102,2020010200,51.5,335.0,60.5
388111,2020010100,45.0,158.75,62.6
388116,2020010200,39.25,202.25,60.2
388120,2020010112,66.25,330.0,72.5
388120,2020010200,66.0,333.75,68.5
388137,2020010400,57.75,308.0,62.7
388155,2020010400,36.0,176.5,62.2
388157,2020010500,40.75,176.25,62.5
388158,2020010400,58.5,323.5,66.3
388158,2020010412,61.5,322.5,71.4
388158,2020010500,64.5,328.0,63.8
388162,2020010512,42.0,295.75,67.0
388162,2020010600,44.25,302.25,83.9
388178,2020010600,57.75,337.0,62.9
388178,2020010612,67.0,345.25,64.6
388184,2020010600,43.75,167.25,72.5
388184,2020010612,47.5,165.5,72.6
388184,2020010700,47.25,163.5,63.5
388184,2020010712,45.75,163.5,63.0
388184,2020010800,42.75,168.25,68.1
388209,2020010700,64.75,321.25,67.2
388209,2020010712,66.0,324.0,76.1
388212,2020010700,59.0,331.0,65.8
388212,2020010712,64.0,337.5,71.1
388214,2020010812,40.0,139.0,60.1
388227,2020010812,41.75,294.75,61.7
388227,2020010912,50.25,307.5,62.4
388227,2020011000,56.25,320.5,72.5
388227,2020011012,61.75,336.75,67.7
388227,2020011100,65.0,336.25,85.1
388227,2020011112,65.25,332.5,80.8
388227,2020011200,63.5,331.0,71.0
388227,2020011212,63.75,336.75,62.5
388227,2020011300,63.75,337.75,66.6
388233,2020010900,38.5,154.75,75.8
388233,2020010912,42.25,168.0,69.5
388233,2020011000,47.25,174.0,66.9
388236,2020010900,48.25,340.0,83.8
388236,2020010912,48.5,350.5,65.5
388240,2020010912,57.25,347.5,62.9
388250,2020011012,54.75,223.25,71.2
388264,2020011100,50.0,230.75,63.6
388269,2020011212,44.0,285.5,60.7
388276,2020011212,49.75,320.75,61.2
388276,2020011300,52.75,333.0,71.8
388276,2020011312,57.25,339.5,86.4
388296,2020011600,51.75,187.5,61.9
388314,2020011400,60.75,348.0,73.4
388314,2020011412,62.5,348.25,67.7
388314,2020011500,62.75,348.25,69.4
388326,2020011600,47.0,232.0,66.7
388330,2020011600,42.75,161.25,66.4
388330,2020011612,47.75,171.75,64.2
388330,2020011700,50.75,180.5,61.5
388330,2020011800,49.25,197.25,65.1
388333,2020011612,56.25,346.0,60.4
388333,2020011700,59.5,348.25,62.0
388341,2020011700,45.25,323.25,63.7
388341,2020011712,48.75,331.0,61.4
388348,2020011712,43.75,213.5,68.7
388348,2020011800,46.5,221.75,65.6
388348,2020011812,51.25,225.5,66.9
388351,2020011700,42.25,296.5,62.6
388351,2020011712,44.0,303.0,74.3
388351,2020011800,46.75,309.25,77.6
388351,2020011812,52.5,313.25,76.0
388351,2020011900,58.25,316.5,66.8
388351,2020011912,64.75,320.5,62.9
388351,2020012000,65.25,321.25,67.4
388355,2020011712,58.75,306.0,63.4
388362,2020011800,32.0,142.5,62.5
388362,2020011812,32.75,147.0,69.9
388362,2020011900,36.5,153.25,66.9
388362,2020011912,38.25,160.5,70.5
388362,2020012000,41.25,170.0,61.6
388362,2020012012,43.75,177.0,65.4
388362,2020012100,43.5,181.75,68.1
388362,2020012112,44.0,190.5,61.5
388367,2020012000,46.25,300.75,64.0
388367,2020012012,50.5,308.0,67.3
388400,2020011912,44.75,204.75,61.2
388400,2020012000,45.0,212.5,61.6
388418,2020012200,44.25,168.75,66.9
388418,2020012212,45.5,170.25,66.8
388418,2020012300,45.75,174.0,69.3
388418,2020012312,46.5,177.75,61.3
388418,2020012400,49.75,175.75,61.0
388421,2020012400,65.0,303.75,64.6
388421,2020012412,66.0,304.0,68.5
388452,2020012512,60.0,319.0,68.2
388453,2020012300,32.75,187.5,65.9
388453,2020012312,37.5,196.25,79.0
388453,2020012400,41.25,201.25,71.9
388453,2020012412,44.0,206.5,64.1
388459,2020012400,51.5,319.5,61.5
388459,2020012512,63.25,331.75,67.0
388459,2020012600,62.75,325.25,84.0
388459,2020012612,60.25,324.25,62.0
388485,2020012600,46.25,174.5,67.1
388494,2020012612,63.0,337.75,64.3
388494,2020012700,62.75,333.5,79.9
388494,2020012712,62.0,330.25,64.5
388514,2020012712,43.75,209.75,64.9
388528,2020013000,44.75,318.0,60.1
388528,2020013012,49.0,323.75,70.0
388528,2020013100,52.25,330.5,60.2
388530,2020012800,43.75,199.0,60.6
388530,2020012812,47.5,205.0,74.4
388530,2020012900,51.25,212.5,72.7
388590,2020013112,42.75,315.0,69.6
388590,2020020100,46.0,320.75,62.3
388590,2020020112,48.75,326.75,62.3
388590,2020020200,52.5,334.75,60.3
388590,2020020312,59.75,352.5,63.8
388590,2020020400,59.5,0.5,60.6
388610,2020020100,42.25,171.75,69.0
388610,2020020112,47.75,173.25,63.0
388610,2020020200,49.5,175.0,65.5
388610,2020020212,50.25,175.0,66.7
388625,2020020200,38.5,292.75,66.0
388625,2020020212,45.25,301.25,65.7
388625,2020020300,48.75,304.5,62.8
388625,2020020312,52.75,305.5,63.0
388625,2020020600,57.5,309.0,60.2
388625,2020020612,58.5,311.0,64.0
388641,2020020400,44.5,151.5,60.2
388641,2020020412,46.75,159.75,68.1
388641,2020020500,47.25,166.25,71.4
388641,2020020512,49.0,175.5,66.7
388641,2020020600,50.25,181.75,62.6
388654,2020020500,45.0,322.5,65.4
388668,2020020600,44.25,156.5,75.7
388668,2020020612,46.25,160.0,68.4
388668,2020020700,47.5,163.75,73.1
388668,2020020712,48.25,166.25,70.2
388668,2020020800,48.75,167.5,62.2
388679,2020020600,62.5,323.0,71.5
388688,2020020712,39.5,282.75,69.7
388688,2020020800,44.75,292.5,63.8
388688,2020020812,50.25,309.25,60.9
388697,2020020612,42.75,171.0,68.8
388697,2020020712,48.25,182.0,64.6
388697,2020020800,51.0,187.5,62.5
388697,2020020812,55.5,192.0,71.4
388706,2020020700,55.0,330.5,66.0
388706,2020020712,59.75,328.5,67.4
388706,2020020800,62.75,326.25,66.0
388706,2020020812,63.25,323.0,63.7
388706,2020020900,62.25,320.0,66.2
388706,2020020912,60.0,321.25,75.3
388716,2020020800,49.5,231.25,61.8
388728,2020020900,35.0,159.25,66.8
388729,2020020912,46.0,167.75,80.4
388729,2020021000,48.25,166.0,66.4
388729,2020021012,50.75,168.0,71.6
388729,2020021100,51.5,167.5,64.4
388745,2020020900,65.0,352.0,70.0
388745,2020021012,65.5,343.75,65.7
388746,2020020900,55.0,339.0,67.5
388746,2020020912,58.0,352.75,72.7
388769,2020021012,64.5,322.5,67.9
388777,2020021312,61.25,299.75,60.1
388777,2020021400,60.0,298.75,63.3
388778,2020021212,44.75,175.5,65.9
388778,2020021300,49.0,178.25,71.8
388778,2020021312,51.25,178.25,67.5
388786,2020021400,56.0,311.0,65.4
388789,2020021200,52.75,199.0,60.5
388789,2020021212,54.5,203.0,60.4
388791,2020021212,53.0,333.5,68.6
388791,2020021300,54.25,347.0,68.3
388795,2020021300,62.75,321.75,60.0
388807,2020021300,49.75,315.0,79.2
388807,2020021312,52.0,322.25,93.6
388807,2020021400,57.0,331.0,86.7
388807,2020021412,61.5,332.5,95.6
388807,2020021500,63.0,327.25,92.8
388820,2020021300,60.75,329.5,61.5
388820,2020021312,63.25,325.0,66.3
388835,2020021400,43.75,305.25,63.9
388835,2020021412,47.25,320.5,70.0
388835,2020021500,53.75,335.0,79.2
388835,2020021512,60.0,341.25,84.3
388835,2020021600,61.5,339.75,71.2
388835,2020021612,60.75,342.75,70.3
388835,2020021700,60.5,351.75,64.7
388856,2020021500,57.75,321.0,81.4
388856,2020021512,57.25,325.0,73.7
388871,2020021712,43.0,137.75,62.7
388877,2020021700,66.0,344.0,62.1
388889,2020021900,61.25,320.0,62.2
388889,2020021912,61.75,324.75,65.2
388893,2020021712,55.25,192.25,64.0
388908,2020021812,50.5,320.5,63.5
388908,2020021912,60.0,339.0,77.7
388908,2020022000,63.25,343.75,70.5
388908,2020022012,65.0,348.75,60.9
388908,2020022112,64.5,352.0,65.8
388909,2020021900,55.25,213.25,61.0
388928,2020022000,53.5,310.0,61.4
388928,2020022100,59.75,325.5,66.9
388928,2020022112,60.25,329.25,70.5
388939,2020022100,61.25,334.0,61.5
388939,2020022112,62.75,341.0,61.6
388939,2020022200,63.5,348.0,70.5
388941,2020022200,37.0,304.0,60.2
388941,2020022212,38.5,309.5,64.4
388941,2020022300,43.25,319.25,61.2
388949,2020022212,46.75,176.5,63.7
388949,2020022300,48.0,179.25,72.9
388949,2020022312,46.0,183.5,67.6
388958,2020022300,46.0,148.0,61.0
388958,2020022312,47.0,149.75,60.8
388958,2020022400,46.75,159.5,64.6
388964,2020022312,45.25,197.25,63.1
388964,2020022400,48.5,192.25,67.5
388969,2020022312,50.5,229.5,66.2
388982,2020022812,64.0,331.25,61.0
388982,2020022900,64.5,335.0,66.3
388982,2020022912,64.25,330.0,72.8
388982,2020030100,64.0,327.5,64.7
388992,2020022500,51.0,205.0,63.8
388992,2020022512,52.75,207.0,64.4
389027,2020022612,45.25,195.25,64.6
389030,2020022612,63.5,327.0,61.2
389030,2020022700,62.75,328.5,62.7
389030,2020022800,62.75,326.75,61.5
389050,2020022900,55.25,342.25,75.0
389050,2020022912,56.0,349.25,72.4
389050,2020030100,57.25,354.0,65.9
389050,2020030212,61.25,0.75,62.6
389050,2020030300,63.0,352.75,65.6
389052,2020022712,41.5,287.0,61.6
389063,2020022900,42.25,177.0,64.2
389063,2020022912,50.25,183.25,60.9
389063,2020030100,55.25,187.75,67.6
389063,2020030112,58.5,196.0,69.0
389101,2020030412,45.25,293.25,64.6
389102,2020030100,60.0,346.25,67.5
389102,2020030112,58.5,346.5,63.2
389122,2020030312,45.0,357.75,65.5
389124,2020030200,64.75,331.25,62.4
389124,2020030212,62.5,321.0,63.8
389124,2020030300,63.0,320.5,64.9
389124,2020030312,62.5,324.0,64.1
389124,2020030400,66.25,333.5,65.3
389129,2020030312,41.0,154.0,68.6
389129,2020030400,41.25,158.0,60.0
389177,2020030500,51.75,221.5,63.1
389177,2020030512,54.5,224.5,60.1
389197,2020030500,38.0,145.0,61.2
389197,2020030512,42.0,145.5,70.0
389197,2020030600,42.0,150.5,60.2
389224,2020030700,38.0,290.0,81.1
389224,2020030712,39.75,295.0,75.6
389224,2020030800,42.0,301.25,69.8
389240,2020030700,60.75,330.0,61.4
389242,2020030912,63.5,308.5,62.3
389267,2020030812,33.0,140.5,61.7
389278,2020030912,60.0,320.0,63.0
389278,2020031012,57.75,314.5,61.9
389284,2020031012,61.0,333.5,64.3
389284,2020031100,60.5,333.25,63.2
389284,2020031112,58.75,333.0,60.4
389284,2020031200,56.75,342.5,71.3
389289,2020031100,47.5,144.25,63.3
389289,2020031112,51.25,148.0,66.4
389289,2020031200,54.5,150.5,63.5
389319,2020031100,40.25,195.25,63.1
389319,2020031112,40.0,196.5,63.4
389319,2020031200,41.5,198.5,63.4
389384,2020031512,46.25,155.25,66.1
389387,2020031400,46.5,294.75,63.6
389387,2020031500,53.5,310.75,62.6
389387,2020031600,60.25,323.25,62.4
389424,2020031700,42.0,156.25,70.2
389424,2020031712,44.5,162.75,79.6
389424,2020031800,48.5,166.0,61.0
389424,2020031812,54.0,170.0,64.7
389428,2020031600,62.25,330.75,67.6
389428,2020031612,63.5,328.75,78.8
389428,2020031700,62.25,328.0,65.1
389428,2020031712,60.75,331.75,68.9
389477,2020032000,65.75,305.0,60.2
389500,2020032012,47.5,146.0,61.4
389523,2020032000,62.25,317.5,72.0
389539,2020032112,54.5,305.5,64.1
389539,2020032200,55.25,311.75,71.5
389539,2020032212,59.0,322.5,72.7
389539,2020032300,63.25,331.25,68.3
389659,2020032600,37.75,289.75,73.8
389659,2020032612,39.0,294.25,64.1
389659,2020032700,40.5,297.25,65.9
389663,2020032512,38.25,163.75,62.6
389670,2020032412,42.75,294.5,62.4
389670,2020032600,48.0,313.0,60.2
389833,2020040112,35.0,287.0,73.8
389833,2020040200,36.25,293.5,62.9
389848,2020040200,65.75,357.5,63.2
389862,2020040200,39.25,145.5,67.1
389862,2020040212,43.5,152.5,71.6
389862,2020040300,47.75,158.75,62.4
389862,2020040312,51.25,165.0,63.2
389862,2020040512,64.5,193.0,60.5
389936,2020040600,62.25,337.5,74.7
389936,2020040612,63.75,332.5,88.4
389936,2020040700,64.25,330.75,75.9
389944,2020040512,59.25,307.25,69.0
389963,2020041012,54.75,316.5,68.4
389963,2020041100,57.0,322.5,61.8
390035,2020040812,57.75,211.5,69.0
390096,2020041212,45.25,170.25,65.6
390134,2020041312,36.25,142.75,66.6
390135,2020041200,59.75,298.75,71.6
390180,2020041400,47.25,320.5,62.1
390268,2020041900,48.25,327.75,67.3
390268,2020041912,50.5,331.25,62.3
390271,2020041800,43.75,307.5,61.5
390292,2020041900,40.0,294.5,62.8
390292,2020041912,42.25,300.25,80.0
390292,2020042000,44.25,306.5,70.3
390298,2020041900,44.75,185.0,62.5
390299,2020041812,37.5,141.0,62.2
390371,2020042100,40.0,295.5,65.8
390371,2020042112,42.25,303.0,64.7
390371,2020042212,57.25,314.0,61.7
390430,2020042500,43.0,296.5,61.4
390549,2020042700,41.25,194.75,65.9
390549,2020042712,43.25,204.0,60.1
390549,2020042800,46.0,210.5,60.2
396270,2020101000,32.0,135.75,64.0
396270,2020101012,32.25,138.0,60.5
396370,2020100900,50.75,304.5,62.9
396370,2020100912,54.75,305.75,66.5
396466,2020101100,63.75,320.5,68.4
396509,2020101312,49.75,230.5,63.7
396531,2020101500,45.0,206.0,63.3
396540,2020101412,54.25,156.25,61.0
396606,2020101900,64.75,296.25,61.0
396609,2020102312,33.75,298.25,60.9
396609,2020102400,36.0,297.75,68.9
396609,2020102412,37.25,298.75,83.7
396609,2020102500,40.25,302.25,70.6
396609,2020102512,43.25,308.0,74.2
396609,2020102600,47.25,318.0,70.3
396609,2020102612,56.25,325.0,67.0
396609,2020102700,56.5,328.0,84.7
396609,2020102712,57.0,335.5,82.8
396609,2020102800,57.75,337.5,74.0
396609,2020102812,58.75,337.5,61.3
396609,2020102900,60.5,335.5,60.5
396609,2020102912,61.5,327.5,67.8
396609,2020103000,59.25,327.5,66.2
396618,2020102000,49.25,347.25,60.3
396669,2020102112,54.25,164.75,61.2
396670,2020102112,48.25,176.25,62.3
396670,2020102200,49.0,175.5,66.5
396670,2020102212,47.0,181.5,67.3
396687,2020102212,60.0,334.25,60.0
396687,2020102300,61.25,334.5,66.3
396687,2020102312,62.5,338.5,60.0
396703,2020102400,38.25,150.75,63.3
396712,2020102312,54.0,332.75,64.5
396712,2020102400,56.75,342.5,75.7
396712,2020102412,59.5,344.0,64.4
396726,2020102312,58.25,323.0,64.3
396726,2020102400,56.0,330.25,63.4
396790,2020102900,30.0,270.25,73.5
396790,2020103000,39.25,287.5,61.0
396790,2020103100,45.5,319.25,60.4
396790,2020103112,50.0,333.75,70.5
396790,2020110100,56.5,341.75,71.2
396790,2020110112,58.25,346.5,68.2
396798,2020102812,40.25,163.0,68.0
396798,2020102900,44.75,171.0,67.8
396798,2020102912,47.75,178.25,76.6
396798,2020103000,50.25,185.5,64.0
396810,2020102900,49.5,332.0,69.1
396821,2020103012,42.75,331.0,61.8
396822,2020103000,50.5,225.5,63.5
396838,2020103100,40.0,298.0,67.1
396838,2020103112,42.0,309.75,66.1
396838,2020110100,44.25,321.5,63.7
396839,2020103100,53.25,342.5,65.0
396839,2020103112,57.75,348.5,69.7
396839,2020110100,64.25,350.0,66.9
396846,2020103112,49.75,160.25,63.0
396846,2020110100,47.5,165.0,65.4
396846,2020110500,52.5,222.5,71.5
396848,2020103100,62.75,325.25,61.8
396862,2020110500,57.0,316.0,65.4
396862,2020110512,64.75,325.75,72.3
396867,2020110212,46.75,294.0,68.2
396867,2020110300,50.25,297.0,62.7
396877,2020110400,45.75,159.0,65.8
396882,2020110312,44.5,155.25,62.7
396882,2020110400,52.0,159.5,61.2
396882,2020110412,54.5,163.75,69.5
396882,2020110500,57.75,167.0,68.1
396882,2020110512,60.25,174.25,66.3
396882,2020110600,64.25,178.5,61.3
396889,2020110312,62.25,302.0,71.1
396889,2020110400,66.5,304.0,65.0
396920,2020110800,55.75,313.75,63.1
396920,2020110812,57.5,317.5,63.8
396920,2020110900,58.75,321.0,66.5
396920,2020110912,61.0,319.5,70.3
396920,2020111000,60.0,319.5,60.1
396922,2020110600,33.25,193.75,72.2
396931,2020110600,64.75,323.25,61.9
396953,2020111000,49.75,162.25,67.6
396953,2020111012,52.5,173.0,70.3
396976,2020110900,60.25,212.25,63.8
396982,2020111112,56.25,323.5,65.2
396982,2020111200,56.25,331.25,67.3
396982,2020111212,58.25,337.5,61.8
396991,2020111500,55.25,342.25,65.3
397004,2020111100,58.25,189.0,63.0
397004,2020111112,58.5,195.5,63.3
397040,2020111500,50.75,224.5,71.0
397040,2020111512,52.25,229.75,68.8
397042,2020111412,55.75,329.25,63.9
397055,2020111512,45.25,169.75,69.2
397055,2020111600,49.5,171.25,73.7
397058,2020111800,61.0,290.75,61.3
397058,2020111812,63.25,296.25,61.5
397077,2020111712,47.0,230.75,61.6
397085,2020111800,56.25,168.0,68.3
397085,2020111812,58.25,171.0,60.0
397101,2020111912,47.75,316.75,63.3
397101,2020112000,52.75,324.5,60.8
397101,2020112012,61.25,337.5,68.5
397101,2020112100,66.0,347.75,71.2
397101,2020112200,67.0,5.25,66.6
397150,2020112212,48.5,186.0,70.9
397150,2020112300,53.5,195.75,71.2
397150,2020112312,56.25,206.25,71.3
397150,2020112400,56.75,214.5,70.0
397160,2020112112,58.0,211.0,67.4
397179,2020112400,50.0,175.75,68.7
397179,2020112412,57.5,184.5,67.2
397181,2020112312,55.75,164.5,60.8
397194,2020112412,50.75,299.0,67.0
397194,2020112500,56.25,308.25,63.4
397194,2020112512,60.0,312.5,83.7
397194,2020112600,63.5,321.5,73.7
397194,2020112612,64.25,325.75,77.4
397227,2020112612,45.5,167.25,65.2
397227,2020112700,49.75,179.5,65.7
397227,2020112712,53.25,188.5,65.3
397227,2020112800,54.25,195.5,69.0
397227,2020112812,54.25,203.0,64.6
397241,2020112712,55.25,177.75,67.5
397251,2020112900,46.5,163.0,79.8
397251,2020112912,47.5,173.25,92.3
397251,2020113000,48.5,184.0,76.0
397251,2020113012,48.5,190.25,62.4
397255,2020112812,45.5,345.0,69.2
397255,2020112900,41.25,341.25,68.0
397262,2020113012,56.75,313.25,63.8
397262,2020120100,62.75,322.25,71.2
397262,2020120112,64.75,329.5,72.1
397286,2020120100,56.25,203.0,62.0
397288,2020120300,42.25,211.5,81.0
397288,2020120312,47.75,219.25,65.1
397309,2020120400,48.25,186.5,61.0
397311,2020120300,64.5,349.25,63.0
397311,2020120312,59.0,353.5,64.7
397318,2020120400,39.75,163.75,71.2
397318,2020120412,41.75,173.75,71.7
397318,2020120500,42.0,185.75,88.2
397318,2020120512,45.25,196.25,84.4
397318,2020120600,49.0,200.75,74.1
397318,2020120612,51.75,203.0,69.5
397318,2020120700,53.0,205.25,62.5
397323,2020120312,44.25,201.0,63.4
397324,2020120400,61.0,296.25,67.4
397324,2020120412,63.5,292.75,62.9
397356,2020120512,38.25,286.0,61.9
397356,2020120600,42.25,290.75,66.5
397357,2020120712,47.25,353.75,61.9
397357,2020120800,45.0,0.0,60.0
397403,2020120812,39.75,298.25,66.5
397403,2020120900,43.25,302.0,74.9
397403,2020120912,48.75,308.75,69.0
397403,2020121000,52.25,317.75,71.8
397412,2020121012,61.5,339.0,65.7
397412,2020121100,61.5,336.25,67.4
397418,2020120912,49.0,172.0,65.0
397418,2020121000,50.5,174.5,61.8
397418,2020121012,50.5,175.5,66.2
397418,2020121100,52.25,177.25,61.6
397418,2020121112,53.75,177.0,60.0
397418,2020121200,54.5,174.75,63.3
397436,2020121000,34.0,201.25,62.7
397436,2020121012,40.25,204.25,63.6
397436,2020121100,45.25,204.0,60.3
397452,2020121112,45.25,312.0,63.9
397452,2020121200,47.25,319.0,70.4
397452,2020121212,50.25,326.0,66.9
397452,2020121412,56.5,340.75,64.7
397460,2020121112,61.25,340.75,60.7
397463,2020121112,28.25,159.0,61.0
397463,2020121212,32.25,180.5,62.3
397463,2020121300,35.75,188.25,73.6
397463,2020121312,38.0,195.0,69.4
397463,2020121400,42.75,202.75,70.3
397463,2020121412,45.75,210.5,89.7
397463,2020121500,50.25,217.75,68.9
397463,2020121512,52.75,222.0,62.3
397468,2020121112,36.5,201.75,60.1
397468,2020121200,39.5,209.0,76.0
397468,2020121212,48.5,213.5,69.6
397468,2020121300,52.25,212.75,64.1
397476,2020121300,42.0,155.25,71.5
397476,2020121312,47.5,157.5,64.5
397476,2020121400,49.5,156.0,71.9
397476,2020121412,50.75,154.5,61.5
397476,2020121500,50.75,151.25,61.9
397495,2020121300,48.5,219.25,67.5
397502,2020121312,42.0,163.0,94.7
397502,2020121400,47.5,168.0,84.7
397502,2020121412,51.5,166.25,63.0
397502,2020121512,54.0,155.5,61.3
397509,2020121400,39.0,148.5,61.7
397509,2020121412,42.5,162.5,69.3
397509,2020121500,47.0,172.5,75.7
397514,2020121500,38.0,290.0,61.8
397514,2020121512,46.0,306.0,65.0
397514,2020121600,51.0,310.25,69.9
397514,2020121612,51.75,312.5,75.2
397514,2020121700,52.25,318.75,76.7
397514,2020121712,52.5,322.75,66.2
397514,2020121800,51.0,329.5,60.1
397515,2020121400,42.0,176.5,63.0
397515,2020121412,45.5,182.0,68.5
397517,2020121500,43.25,331.5,60.5
397517,2020121512,45.75,343.75,61.2
397521,2020121612,46.0,188.0,64.4
397552,2020121600,52.0,150.75,61.9
397568,2020122000,44.0,313.75,74.9
397568,2020122012,44.0,319.25,63.5
397568,2020122100,43.75,325.0,60.4
397586,2020121912,66.25,352.0,62.2
397586,2020122000,67.0,348.75,63.3
397586,2020122012,66.5,344.0,66.1
397589,2020121912,45.25,155.25,74.3
397589,2020122000,46.5,161.25,70.2
397589,2020122012,48.75,165.5,71.3
397589,2020122100,48.0,173.0,60.3
397608,2020122012,48.5,181.25,65.1
397608,2020122100,53.25,186.25,65.4
397608,2020122112,56.0,184.75,68.5
397622,2020122212,47.25,298.0,63.0
397622,2020122300,53.75,303.75,66.4
397622,2020122312,57.5,306.5,67.5
397633,2020122212,48.75,208.5,62.6
397633,2020122300,58.0,211.5,69.4
397633,2020122312,63.5,209.5,60.1
397646,2020122412,49.75,206.0,60.2
397649,2020122600,46.25,167.5,72.0
397649,2020122612,48.25,171.25,82.0
397649,2020122700,49.0,180.0,76.7
397649,2020122712,52.25,185.0,64.5
397656,2020122512,53.5,224.0,61.0
397656,2020122600,57.0,219.0,62.2
397656,2020122612,59.25,215.0,61.0
397657,2020122412,27.5,135.5,66.6
397657,2020122500,30.0,144.5,67.4
397667,2020122512,45.0,284.25,62.2
397667,2020122700,59.0,283.5,62.5
397670,2020122500,64.75,324.5,65.6
397670,2020122512,67.0,331.5,71.2
397670,2020122600,65.75,331.25,70.0
397670,2020122612,63.75,335.5,77.5
397670,2020122712,59.0,352.5,66.2
397670,2020122800,55.25,354.0,66.9
397670,2020122812,50.25,359.25,62.1
397716,2020122912,36.25,174.0,91.6
397716,2020123000,38.75,184.75,97.8
397716,2020123012,42.5,192.25,88.1
397716,2020123100,45.5,199.0,77.6
397733,2020123012,40.5,154.0,69.6
397733,2020123100,46.0,164.0,82.9
397733,2020123112,50.5,171.75,82.0
397733,2021010100,53.25,174.5,79.2
397733,2021010112,54.0,175.5,71.6
397733,2021010200,54.25,177.0,62.1
397748,2020123112,32.5,313.25,61.8
397778,2021010200,51.5,210.25,60.9
397778,2021010212,52.0,218.0,66.3
397778,2021010300,54.5,225.25,63.2
397786,2021010300,43.75,296.75,61.1
397786,2021010312,42.25,304.5,72.4
397786,2021010400,40.5,310.5,64.9
397797,2021010400,50.5,215.75,71.8
397797,2021010412,52.5,220.0,63.9
397806,2021010500,40.25,294.75,60.3
397814,2021010400,45.75,192.75,62.8
397814,2021010412,47.25,201.5,67.7
397814,2021010500,50.75,206.5,67.5
397828,2021010512,52.5,221.25,73.8
397828,2021010600,57.5,222.0,63.7
397829,2021010800,41.25,194.5,71.5
397829,2021010812,41.5,203.25,97.6
397829,2021010900,42.25,210.0,85.9
397829,2021010912,45.0,217.0,67.1
397832,2021010600,43.0,193.0,66.7
397832,2021010612,43.75,204.0,79.0
397832,2021010700,49.5,211.25,67.0
397832,2021010712,53.0,214.75,63.5
397832,2021010800,55.25,210.5,63.9
397850,2021010700,39.25,135.0,64.8
397850,2021010712,41.25,144.0,72.5
397850,2021010800,42.5,147.25,70.9
397851,2021010800,45.0,155.25,64.1
397851,2021010812,47.25,163.25,69.9
397851,2021010900,51.75,174.5,68.7
397851,2021010912,52.75,181.5,69.1
397851,2021011000,52.75,189.5,69.4
397862,2021010712,44.5,307.75,60.0
397868,2021010800,46.75,226.0,64.2
397868,2021010812,51.75,227.75,72.2
397888,2021010912,35.75,288.0,70.2
397899,2021011300,41.5,197.5,72.1
397899,2021011312,41.5,201.0,73.2
397899,2021011400,45.75,203.0,75.2
397899,2021011412,47.75,206.75,62.5
397899,2021011500,52.25,210.0,61.2
397907,2021011000,53.75,211.5,68.6
397954,2021011212,57.75,321.5,60.3
397954,2021011300,58.0,320.5,64.9
397954,2021011312,59.25,324.75,66.0
397955,2021011212,55.25,225.0,62.9
397957,2021011312,43.5,160.5,78.5
397957,2021011400,44.5,171.5,74.1
397957,2021011412,44.0,181.5,83.9
397957,2021011500,42.5,188.75,78.6
397957,2021011512,43.5,195.75,66.4
397957,2021011600,46.25,201.0,60.1
397960,2021011412,46.25,150.5,63.3
397960,2021011500,45.75,161.25,64.9
397960,2021011512,44.75,162.0,64.9
397960,2021011600,42.25,180.5,60.4
397960,2021011712,39.75,199.25,69.3
397960,2021011800,46.5,204.75,66.6
397960,2021011812,53.25,207.0,68.3
397960,2021011900,59.25,210.5,62.9
397988,2021011312,62.0,313.25,69.3
398010,2021011600,42.75,307.25,68.8
398010,2021011612,43.25,312.25,72.6
398010,2021012112,57.75,2.5,63.6
398020,2021011712,51.75,161.0,60.0
398020,2021011800,53.25,161.5,65.0
398020,2021011812,53.5,162.5,64.8
398020,2021011900,53.25,165.25,62.0
398056,2021011800,36.0,161.75,67.7
398056,2021011812,40.0,174.5,78.4
398056,2021011900,42.75,185.5,77.9
398056,2021011912,48.0,194.75,68.6
398064,2021011712,46.0,297.75,62.8
398074,2021011900,39.0,158.75,63.8
398074,2021011912,42.5,168.5,67.7
398074,2021012000,46.25,178.5,68.6
398074,2021012012,50.75,183.25,62.1
398074,2021012100,55.75,186.75,61.0
398076,2021011900,42.25,147.0,64.2
398076,2021011912,42.75,153.25,66.0
398076,2021012000,43.25,160.75,81.3
398076,2021012012,43.75,167.0,85.9
398076,2021012100,44.5,172.25,80.7
398076,2021012112,45.0,176.25,64.5
398085,2021011900,56.0,151.25,62.4
398114,2021012100,47.25,337.0,68.1
398119,2021012100,39.25,295.75,67.4
398119,2021012112,41.75,304.25,81.4
398119,2021012200,45.0,310.5,76.1
398146,2021012300,42.75,305.5,61.3
398146,2021012400,51.5,311.25,62.7
398146,2021012412,52.25,309.25,64.9
398155,2021012312,47.75,170.0,61.1
398155,2021012400,51.0,171.75,62.6
398163,2021012500,33.75,160.25,66.3
398163,2021012512,35.25,164.75,76.3
398163,2021012600,43.25,170.25,72.5
398163,2021012612,47.75,172.25,84.3
398163,2021012700,52.5,171.75,74.4
398163,2021012712,54.0,173.75,65.1
398173,2021012500,42.75,312.25,67.7
398173,2021012512,47.5,318.0,71.2
398173,2021012600,50.75,321.25,63.3
398173,2021012612,52.5,321.25,65.3
398173,2021012712,52.75,320.75,68.6
398173,2021012800,53.0,322.25,70.1
398173,2021012812,54.0,323.5,63.4
398214,2021012612,58.0,335.0,61.7
398214,2021012700,59.75,330.5,69.6
398219,2021012800,37.5,306.75,70.9
398219,2021012812,39.75,317.5,78.1
398219,2021012900,44.75,327.75,74.3
398219,2021012912,48.5,335.0,81.3
398219,2021013000,50.0,344.25,65.5
398225,2021012700,44.75,330.25,61.9
398225,2021012812,56.5,342.0,65.1
398225,2021013012,59.5,321.0,65.7
398225,2021013100,56.25,314.25,69.2
398225,2021013112,53.25,315.25,68.4
398232,2021012900,41.5,154.5,66.2
398232,2021012912,45.25,156.75,61.9
398237,2021012900,42.0,137.5,70.0
398237,2021012912,43.0,139.75,63.2
398238,2021012900,35.0,295.25,90.4
398238,2021012912,36.75,302.0,89.0
398238,2021013000,41.25,310.25,84.4
398238,2021013012,45.75,317.5,84.8
398238,2021013100,50.75,326.75,71.2
398238,2021013112,51.75,338.75,60.4
398278,2021013012,37.25,300.75,67.4
398278,2021013112,40.75,312.5,61.3
398278,2021020100,44.25,320.0,60.2
398295,2021013112,53.5,169.75,62.9
398295,2021020100,57.0,167.0,65.5
398295,2021020312,57.0,160.75,60.6
398303,2021020200,39.25,287.0,64.9
398303,2021020300,43.5,292.0,61.5
398307,2021020112,50.5,334.75,65.2
398311,2021020300,51.75,156.25,60.5
398352,2021020412,40.0,149.25,62.9
398352,2021020500,43.25,158.25,85.4
398352,2021020512,46.0,163.5,76.6
398352,2021020600,47.25,166.75,66.5
398358,2021020600,49.75,171.25,62.8
398358,2021020612,49.0,168.0,63.9
398358,2021020700,52.5,167.25,65.7
398358,2021020712,54.0,162.5,64.7
398358,2021020800,55.25,154.25,61.6
398368,2021020712,56.25,325.5,71.2
398368,2021020800,53.0,324.0,67.6
398408,2021020800,40.75,292.0,63.9
398408,2021020812,44.25,300.75,89.4
398408,2021020900,46.75,310.25,73.6
398408,2021020912,48.75,315.5,71.6
398408,2021021000,48.0,317.75,68.3
398408,2021021012,48.25,323.25,66.7
398412,2021020812,46.0,163.0,60.8
398412,2021021000,53.75,150.75,65.8
398426,2021020900,49.0,336.5,60.9
398434,2021020912,40.0,168.75,76.5
398434,2021021000,43.0,175.5,66.6
398434,2021021012,45.75,179.25,68.1
398434,2021021100,46.0,176.5,72.9
398434,2021021112,45.5,179.75,65.9
398434,2021021200,47.0,184.0,60.3
398460,2021021100,42.75,312.25,61.8
398460,2021021112,45.75,322.25,85.2
398460,2021021200,50.25,329.25,71.3
398460,2021021300,56.5,325.5,69.5
398460,2021021312,55.75,320.5,65.0
398468,2021021200,34.25,169.0,61.3
398468,2021021212,37.75,183.0,64.7
398468,2021021300,44.0,191.25,70.7
398468,2021021312,49.5,193.75,63.6
398510,2021021400,60.0,341.75,65.0
398513,2021021512,39.5,143.25,76.3
398513,2021021600,45.5,145.5,68.2
398513,2021021612,46.5,141.75,76.6
398513,2021021700,45.75,142.25,65.3
398513,2021021712,46.0,144.0,61.4
398522,2021021412,56.0,346.25,60.1
398532,2021021500,43.25,333.75,61.7
398532,2021021512,48.5,340.5,65.1
398532,2021021600,54.75,346.5,62.5
398553,2021021812,59.5,320.5,64.1
398556,2021021712,56.75,346.75,62.2
398567,2021021800,50.25,321.75,66.4
398567,2021021812,49.5,327.5,65.6
398567,2021022000,52.75,333.5,64.9
398571,2021021712,38.75,151.5,67.5
398571,2021021812,49.75,160.5,60.4
398576,2021021800,49.75,217.0,65.5
398576,2021021812,53.5,221.0,68.8
398608,2021022200,50.25,164.25,60.1
398613,2021022012,41.25,297.0,60.6
398613,2021022112,45.75,317.5,62.8
398613,2021022200,48.5,322.0,72.4
398613,2021022212,50.0,329.25,78.5
398613,2021022300,54.0,332.25,67.5
398613,2021022312,55.0,333.25,64.6
398632,2021022100,63.0,328.25,60.2
398639,2021022400,46.25,159.75,62.4
398639,2021022412,49.5,165.75,61.2
398676,2021022412,50.25,308.0,61.8
398676,2021022500,52.25,311.75,65.9
398676,2021022512,56.5,322.0,64.0
398676,2021022600,58.5,322.0,65.7
398676,2021022612,60.5,327.75,68.6
398684,2021022512,55.75,225.75,69.6
398686,2021022612,53.0,312.25,63.7
398686,2021022712,62.75,321.25,60.6
398686,2021022800,65.0,326.25,66.8
398732,2021022812,59.25,214.0,64.6
398732,2021030100,58.5,220.25,62.4
398738,2021022712,48.5,160.0,64.9
398738,2021022812,53.75,172.75,72.3
398738,2021030100,56.75,170.75,85.6
398738,2021030112,58.25,181.0,74.6
398738,2021030212,59.75,194.25,63.0
398742,2021022712,33.5,158.5,65.9
398742,2021022800,41.75,169.25,71.4
398762,2021022800,42.0,323.25,65.3
398762,2021022812,43.75,326.5,63.0
398796,2021030412,64.5,176.75,66.2
398801,2021030212,49.5,297.5,60.1
398801,2021030300,48.5,298.0,64.9
398830,2021030400,53.25,301.25,70.0
398833,2021030412,36.0,303.0,72.4
398833,2021030500,42.25,314.0,68.0
398847,2021030500,52.0,227.0,65.7
398867,2021030512,55.5,205.5,61.3
398867,2021030600,54.75,209.75,61.7
398867,2021030612,52.75,218.0,65.4
398867,2021030700,51.0,220.0,65.6
398918,2021030900,39.25,306.5,62.1
398918,2021030912,44.75,314.25,80.8
398918,2021031000,50.5,325.0,79.9
398918,2021031012,53.5,338.0,75.4
398946,2021031000,61.0,349.5,62.5
398946,2021031012,64.75,349.25,68.5
398946,2021031100,66.0,346.0,76.4
398946,2021031112,62.0,347.5,70.9
398987,2021031112,60.25,213.75,61.2
398987,2021031200,59.75,213.75,60.8
398998,2021031100,67.0,325.25,70.2
399001,2021031112,40.25,163.75,61.4
399001,2021031200,45.75,168.5,62.6
399001,2021031212,53.75,172.75,67.1
399044,2021031312,37.25,141.75,65.3
399076,2021031500,54.75,315.75,69.3
399076,2021031512,58.5,316.5,73.3
399076,2021031600,62.0,319.0,60.7
399104,2021031912,38.0,291.0,60.0
399118,2021031600,46.5,316.25,61.1
399119,2021031600,38.75,307.5,60.5
399119,2021031612,41.5,313.5,75.1
399119,2021031700,48.25,316.75,65.9
399119,2021031712,53.75,316.0,65.0
399119,2021031800,59.75,314.5,61.8
399144,2021031712,55.5,220.0,62.7
399166,2021031812,43.75,223.5,66.8
399166,2021031900,45.25,228.0,60.4
399237,2021032200,49.0,146.0,62.6
399237,2021032212,53.5,147.5,63.9
399237,2021032300,57.75,153.0,64.0
399256,2021032200,45.0,189.5,63.1
399304,2021032400,65.0,356.25,71.0
399310,2021032512,61.25,335.25,62.2
399395,2021032700,45.5,158.0,61.5
399395,2021032712,48.75,163.0,63.0
399395,2021032800,53.75,168.25,60.9
399395,2021032812,55.5,172.75,62.2
399405,2021032700,58.25,322.0,60.8
399405,2021032712,61.0,325.25,70.8
399422,2021032900,66.25,342.5,64.9
399444,2021032912,47.75,296.0,64.9
399444,2021033000,51.25,300.75,62.7
399444,2021033012,58.0,305.0,64.1
399446,2021032800,61.5,328.0,72.1
399446,2021032812,59.0,331.0,60.7
399446,2021032900,61.25,344.25,60.3
399599,2021040712,40.25,154.75,60.6
399599,2021040800,43.5,157.5,61.0
399599,2021040812,46.75,159.75,69.7
399599,2021040900,49.5,160.5,61.2
399599,2021041112,58.75,184.5,60.2
399599,2021041200,58.75,187.0,63.6
399700,2021040900,59.0,218.0,63.3
399702,2021040900,61.0,2.75,60.3
399864,2021041400,31.25,167.75,65.3
399888,2021041600,64.0,327.0,70.3
399888,2021041612,63.75,323.5,76.1
399888,2021041700,63.0,321.75,66.4
399953,2021041800,41.0,137.5,66.6
399971,2021041812,45.0,144.0,60.5
400006,2021042100,38.5,306.25,62.0
400006,2021042200,42.75,328.5,64.8
400006,2021042212,43.0,333.5,64.2
400121,2021042612,36.75,155.75,82.9
400121,2021042700,42.75,159.5,75.2
400121,2021042712,45.5,162.75,65.0
400190,2021050212,54.25,303.75,67.2
400197,2021042512,39.0,286.5,62.0
400197,2021042600,41.75,292.75,61.9
401432,2021060212,45.75,185.0,63.4
401828,2021061300,41.5,305.0,68.2
401828,2021061312,44.5,310.5,65.0
401828,2021061400,50.0,315.75,66.6
401828,2021061412,53.25,320.75,65.6
401828,2021061500,54.5,326.25,63.7
402685,2021070512,47.75,348.75,60.7
403668,2021073000,50.75,354.0,61.5
403816,2021081000,39.0,141.0,60.4
403816,2021081012,41.25,146.5,63.9
403816,2021081112,42.75,155.5,65.3
403816,2021081200,43.5,159.75,60.8
403859,2021080700,38.75,158.0,64.0
403893,2021080900,38.0,147.0,65.3
404495,2021082100,31.5,286.5,63.2
404495,2021082112,33.75,287.5,66.0
404569,2021082300,50.5,328.25,61.6
404793,2021090312,47.75,297.25,62.6
405126,2021090912,31.25,298.75,87.3
405126,2021091000,34.25,297.75,90.6
405126,2021091012,38.75,298.5,93.3
405126,2021091100,45.0,303.0,97.5
405126,2021091112,52.25,310.75,68.6
405126,2021091200,57.0,313.0,82.9
405126,2021091300,62.75,321.5,69.2
405126,2021091312,62.5,327.25,73.0
405126,2021091400,64.75,329.25,62.0
405396,2021091712,44.5,168.5,68.7
405396,2021091800,47.75,175.75,60.9
405506,2021092000,44.25,306.0,62.0
405506,2021092012,44.25,310.25,64.6
405506,2021092100,43.0,313.5,63.7
405551,2021092200,47.0,184.0,65.8
405576,2021092012,51.25,317.5,64.9
405576,2021092100,58.25,328.0,63.9
405576,2021092112,63.75,337.25,68.8
405622,2021092612,49.25,217.5,60.3
405757,2021092800,64.25,352.5,63.4
405757,2021092812,67.0,344.0,80.3
405757,2021092900,65.75,338.75,69.8
405760,2021092812,35.5,157.0,68.2
405776,2021093000,62.75,181.75,67.8
405776,2021093012,59.0,181.5,66.8
405782,2021093012,29.0,138.0,104.4
405782,2021100100,32.0,140.25,96.4
405782,2021100112,35.25,143.75,83.1
405782,2021100200,39.5,147.75,72.7
405782,2021100212,43.5,152.5,63.7
405782,2021100312,53.5,162.0,63.2
405806,2021100100,60.25,344.5,62.4
405841,2021100200,30.75,298.5,98.0
405841,2021100212,33.5,300.0,89.7
405841,2021100300,35.75,302.25,78.5
405841,2021100312,37.25,304.75,88.1
405841,2021100400,38.75,307.5,83.0
405841,2021100412,41.25,312.75,92.2
405841,2021100500,46.75,319.25,89.3
405841,2021100512,52.0,320.5,74.3
405841,2021100600,49.5,321.25,72.9
405841,2021100712,60.5,338.0,63.7
405841,2021100800,63.5,337.0,68.1
405861,2021100100,48.0,192.75,67.0
405861,2021100112,51.0,208.0,60.6
405861,2021100200,55.0,219.75,90.6
405861,2021100212,59.75,219.25,60.8
405912,2021100400,62.75,357.75,60.5
405986,2021100712,51.75,178.75,64.3
405986,2021100800,57.0,186.75,60.2
406018,2021100800,56.25,325.0,60.0
406018,2021100812,58.0,328.0,69.1
406041,2021100900,47.0,310.25,66.9
406041,2021100912,46.0,312.0,69.7
406041,2021101000,46.75,314.5,63.3
406104,2021101200,55.25,172.0,61.4
406111,2021101200,57.75,216.0,62.4
406111,2021101212,58.25,217.0,60.3
406176,2021101600,56.25,168.5,61.0
406176,2021101612,56.25,169.75,64.6
406204,2021101700,51.25,143.0,68.9
406204,2021101712,52.0,148.5,73.5
406204,2021101800,55.25,153.5,62.7
406241,2021101812,59.75,330.0,70.3
406241,2021101900,57.5,322.0,75.7
406265,2021101900,61.0,341.5,62.4
406265,2021101912,60.0,337.75,62.0
406266,2021101912,57.5,214.5,60.8
406284,2021102100,50.75,173.25,61.4
406284,2021102112,54.75,183.75,67.6
406284,2021102200,56.5,190.25,76.5
406284,2021102212,56.25,195.5,79.3
406284,2021102300,54.75,203.75,71.6
406287,2021102000,39.75,139.5,63.4
406287,2021102400,43.75,221.0,71.3
406287,2021102412,45.5,226.5,81.6
406287,2021102500,47.25,230.0,60.0
406291,2021101912,62.75,351.5,62.0
406291,2021102012,66.0,7.0,61.3
406297,2021102100,51.75,2.0,67.0
406316,2021102100,43.0,222.75,67.5
406316,2021102112,47.25,224.25,67.0
406316,2021102200,50.25,226.0,63.3
406316,2021102212,54.75,225.5,63.7
406330,2021102212,54.75,317.0,61.3
406331,2021102300,37.25,155.0,66.8
406331,2021102400,45.5,167.75,68.7
406331,2021102412,50.0,177.25,68.9
406331,2021102500,51.75,187.25,65.5
406350,2021102300,64.0,328.5,60.0
406350,2021102312,64.5,327.5,63.2
406350,2021102400,63.75,325.75,66.4
406350,2021102412,63.75,324.75,69.3
406350,2021102500,63.25,323.0,74.2
406350,2021102512,62.5,319.5,64.0
406383,2021102700,57.0,328.25,65.6
406383,2021102712,58.0,334.0,60.1
406390,2021102600,34.75,143.25,68.5
406390,2021102612,39.25,147.25,74.7
406390,2021102700,42.5,153.25,64.8
406390,2021102812,48.5,177.25,60.9
406390,2021102900,49.75,190.75,67.6
406390,2021102912,50.75,197.5,66.1
406390,2021103000,51.0,201.0,60.7
406390,2021103112,58.75,202.5,61.8
406411,2021102700,41.0,291.5,66.9
406411,2021102712,39.75,290.0,62.7
406436,2021102900,29.75,144.25,93.5
406436,2021102912,33.5,149.75,80.6
406436,2021103000,39.0,158.25,67.4
406436,2021103012,44.75,168.75,61.2
406436,2021103100,44.0,173.5,71.8
406436,2021103112,43.0,184.25,63.3
406524,2021110300,50.5,227.75,60.3
406536,2021110312,38.25,154.25,62.7
406536,2021110400,40.0,157.75,67.3
406536,2021110412,41.75,160.0,61.1
406586,2021110612,62.5,344.25,64.2
406586,2021110700,62.25,354.75,61.5
406588,2021110600,43.5,305.25,61.1
406588,2021110712,55.75,320.25,65.8
406588,2021110800,59.75,327.5,66.4
406588,2021110812,61.75,329.25,65.5
406588,2021110900,63.0,335.5,66.5
406588,2021110912,64.0,341.5,65.9
406595,2021110800,27.0,140.25,60.0
406603,2021111000,35.25,299.25,61.9
406603,2021111112,39.75,314.75,64.7
406603,2021111200,45.75,322.0,75.8
406639,2021110912,50.75,225.25,71.8
406662,2021111000,44.0,144.25,64.7
406667,2021110912,43.0,308.25,61.2
406667,2021111000,47.25,316.75,61.5
406667,2021111012,48.75,322.5,68.4
406667,2021111100,52.0,329.25,69.1
406667,2021111112,54.75,335.75,68.4
406693,2021111112,45.0,305.75,65.0
406693,2021111200,47.25,315.25,72.2
406693,2021111212,47.75,320.0,77.7
406693,2021111300,52.0,324.5,70.9
406693,2021111312,57.25,328.0,61.1
406693,2021111400,63.0,328.25,73.2
406693,2021111412,64.25,325.25,69.9
406693,2021111500,65.25,328.0,62.0
406693,2021111512,64.5,326.75,66.1
406693,2021111600,65.25,332.5,64.6
406728,2021111500,52.5,318.25,63.0
406728,2021111512,52.5,322.25,63.2
406796,2021111900,63.5,347.5,60.7
406803,2021112100,54.5,209.5,61.7
406839,2021112100,37.75,168.0,65.4
406839,2021112112,39.0,175.75,78.6
406839,2021112200,41.25,181.5,70.5
406839,2021112212,44.0,185.5,68.5
406839,2021112300,45.75,186.25,67.5
406839,2021112312,46.0,186.5,60.2
406859,2021112212,55.25,227.25,64.7
406865,2021112212,46.25,137.0,61.0
406871,2021112412,63.5,355.0,69.7
406883,2021112312,36.75,293.75,67.3
406883,2021112400,43.5,299.75,61.4
406895,2021112312,44.25,156.75,63.2
406906,2021112400,41.5,197.75,60.5
406907,2021112400,65.25,293.25,63.1
406928,2021112900,60.25,296.0,60.8
406930,2021112600,60.5,358.75,60.4
406930,2021112700,53.25,0.25,75.5
406960,2021112812,48.5,188.75,62.0
406960,2021112900,50.75,193.75,66.5
406960,2021112912,52.0,199.5,63.1
406976,2021113000,60.0,4.75,64.0
406982,2021113012,50.25,301.25,66.9
406982,2021120112,59.75,305.5,64.5
406998,2021120112,50.75,144.75,72.8
406998,2021120200,53.0,145.25,71.4
406998,2021120212,55.5,150.75,68.3
407020,2021120400,50.5,301.75,60.6
407021,2021120200,64.0,321.0,65.8
407057,2021120412,35.25,206.75,69.9
407057,2021120500,36.5,206.75,63.3
407058,2021120512,62.25,180.0,65.8
407065,2021120412,59.75,306.5,63.9
407065,2021120500,63.25,300.75,62.6
407079,2021120500,62.25,319.0,63.6
407079,2021120512,64.25,319.5,77.4
407079,2021120612,62.5,321.0,62.7
407079,2021120700,61.5,324.5,67.7
407079,2021120712,62.0,331.25,60.7
407102,2021120700,51.25,341.5,82.6
407102,2021120712,53.5,350.5,75.4
407102,2021120800,55.0,354.5,68.5
407102,2021120812,55.0,359.25,63.1
407111,2021120800,34.75,141.75,64.0
407111,2021120812,33.75,143.75,61.3
407111,2021120900,34.75,147.0,66.2
407111,2021121212,49.25,163.0,62.2
407111,2021121300,55.75,166.25,75.5
407111,2021121312,56.25,164.75,73.5
407117,2021120712,52.5,298.75,60.5
407117,2021120800,57.5,302.5,72.5
407117,2021120812,58.75,309.5,71.7
407117,2021120900,59.5,318.0,67.0
407117,2021120912,61.25,328.25,63.9
407122,2021120800,41.75,160.25,60.2
407122,2021120912,56.75,193.25,66.9
407122,2021121000,58.25,203.5,67.4
407122,2021121012,59.25,211.5,63.6
407122,2021121112,56.75,215.25,65.3
407135,2021121000,47.5,308.75,81.0
407135,2021121012,53.5,318.5,91.1
407135,2021121100,58.5,326.0,74.1
407135,2021121112,61.0,331.0,72.5
407135,2021121200,63.0,332.5,68.4
407140,2021121000,59.0,179.75,60.6
407173,2021121300,47.5,148.0,63.5
407173,2021121312,46.75,150.25,61.8
407174,2021121300,59.0,352.5,65.8
407174,2021121312,64.75,359.25,68.6
407180,2021121512,51.5,319.25,64.3
407180,2021121600,57.75,321.5,64.7
407180,2021121612,62.25,321.75,63.7
407183,2021121312,56.75,308.25,62.4
407183,2021121400,57.5,312.5,60.4
407191,2021121400,49.5,160.75,64.5
407191,2021121412,57.75,171.5,68.8
407191,2021121500,55.5,170.0,60.7
407222,2021121700,55.0,172.0,60.9
407222,2021121712,57.5,178.0,62.4
407226,2021121612,36.25,168.75,76.0
407226,2021121700,35.75,175.5,72.0
407226,2021121712,36.25,181.25,63.9
407233,2021121700,41.75,327.5,78.9
407233,2021121712,48.75,325.25,61.9
407233,2021121800,53.5,323.0,64.3
407233,2021121812,58.5,318.0,72.6
407236,2021121700,34.75,139.75,72.8
407236,2021121712,41.75,152.25,76.8
407236,2021121800,48.5,160.0,77.4
407236,2021121812,55.0,167.0,68.4
407257,2021121800,47.5,150.0,63.5
407257,2021121812,49.5,149.5,64.6
407257,2021121900,48.75,151.75,62.3
407263,2021121800,40.75,154.75,76.7
407263,2021121812,46.0,162.5,72.2
407264,2021122012,54.0,311.5,60.9
407264,2021122100,55.25,311.25,63.7
407276,2021122100,43.5,317.5,76.0
407276,2021122112,45.75,324.5,76.0
407276,2021122200,48.0,328.0,82.5
407276,2021122212,49.75,332.0,74.1
407276,2021122300,52.5,332.75,67.1
407292,2021122112,51.0,175.0,60.3
407292,2021122200,56.25,171.75,67.1
407292,2021122212,57.25,168.5,71.1
407292,2021122300,60.5,175.0,61.3
407304,2021122300,43.0,297.75,62.6
407304,2021122412,52.0,304.5,66.1
407304,2021122500,52.25,305.75,66.2
407304,2021122612,51.25,316.25,61.6
407342,2021122412,37.75,171.75,67.4
407350,2021122600,48.5,149.75,66.3
407366,2021122500,36.5,178.0,77.1
407366,2021122512,42.5,176.25,65.1
407371,2021122500,32.75,141.75,60.0
407371,2021122512,36.75,154.25,69.2
407371,2021122600,42.25,165.25,70.8
407372,2021122612,50.5,160.0,65.7
407373,2021122512,55.75,326.5,64.1
407373,2021122600,56.75,313.75,68.9
407389,2021122612,58.25,331.0,65.9
407394,2021122712,40.25,316.0,69.6
407394,2021122800,43.75,322.25,69.5
407394,2021122812,49.25,327.75,66.7
407395,2021122612,47.25,332.0,60.1
407395,2021122700,49.0,338.75,61.9
407441,2021122912,43.75,172.75,65.0
407441,2021123000,47.5,178.25,65.6
407448,2021122900,64.25,188.75,64.3
407465,2021123012,50.25,146.25,62.0
407468,2021123012,39.75,153.25,67.5
407468,2021123100,48.5,158.0,68.1
407486,2021123100,40.25,330.75,61.3
407486,2021123112,44.75,337.0,64.4
407486,2022010100,51.0,341.0,74.1
407486,2022010112,58.75,336.5,77.7
407486,2022010200,57.25,334.5,66.9
407497,2021123112,40.25,157.25,61.2
407497,2022010100,46.0,161.5,66.5
407497,2022010112,51.75,161.0,68.6
407501,2022010112,59.25,218.0,62.0
407501,2022010200,58.0,213.0,74.3
407501,2022010212,55.0,213.75,70.5
407501,2022010300,54.0,218.0,64.1
407504,2022010300,44.5,181.75,65.8
407510,2022010112,41.0,166.25,64.3
407517,2022010200,63.25,352.0,68.0
407517,2022010312,65.25,356.25,82.6
407517,2022010400,62.5,1.75,71.6
407517,2022010412,61.5,4.0,62.2
407518,2022010300,42.0,173.25,60.6
407520,2022010312,52.75,311.0,74.2
407520,2022010400,56.75,315.0,67.5
407520,2022010412,58.75,313.5,75.0
407520,2022010500,64.5,307.0,65.5
407520,2022010512,65.75,304.25,63.6
407524,2022010300,48.25,145.0,61.8
407524,2022010400,46.0,147.25,60.2
407524,2022010412,44.5,150.5,60.4
407537,2022010400,37.5,289.0,85.9
407537,2022010412,41.75,301.75,72.1
407537,2022010500,46.5,312.75,73.9
407537,2022010512,54.5,322.25,98.1
407537,2022010600,60.5,328.5,91.6
407537,2022010612,63.5,330.0,82.5
407537,2022010700,64.25,327.5,71.7
407537,2022010712,64.5,323.0,78.8
407541,2022010312,54.25,222.5,62.1
407554,2022010500,42.75,162.25,70.1
407554,2022010512,46.0,156.0,65.2
407554,2022010600,43.25,155.25,66.7
407590,2022010700,52.75,308.75,62.9
407590,2022010712,57.75,322.5,84.2
407590,2022010800,61.25,327.75,72.4
407597,2022010800,36.0,174.5,70.2
407597,2022010812,38.5,186.5,63.3
407597,2022010900,40.0,196.75,75.9
407597,2022010912,41.5,206.5,74.0
407597,2022011000,44.75,213.0,62.0
407600,2022010800,44.5,296.25,65.5
407600,2022010812,47.5,303.5,66.6
407600,2022010900,54.25,317.75,67.6
407600,2022010912,59.75,324.25,66.4
407600,2022011000,61.0,322.75,76.0
407600,2022011012,61.75,329.25,70.1
407620,2022010800,60.0,335.0,75.4
407620,2022010812,61.0,338.5,73.5
407623,2022010812,43.25,208.5,60.7
407630,2022011100,59.25,303.5,60.7
407630,2022011112,57.5,308.5,64.2
407644,2022011012,42.0,208.5,63.0
407651,2022011012,65.25,311.25,65.5
407651,2022011112,63.75,321.0,65.5
407651,2022011200,62.25,317.75,64.6
407651,2022011212,65.25,325.5,70.5
407669,2022011112,40.25,142.5,63.7
407669,2022011200,43.75,144.5,70.2
407669,2022011212,42.75,145.25,64.9
407669,2022011312,46.75,150.75,61.0
407670,2022011200,41.25,191.25,70.0
407670,2022011212,44.0,196.5,68.8
407670,2022011300,48.0,202.5,63.4
407683,2022011212,40.25,314.75,62.6
407696,2022011300,38.5,165.0,64.0
407696,2022011312,45.0,165.75,66.8
407696,2022011600,48.25,174.75,60.6
407696,2022011612,48.5,173.5,61.1
407702,2022011312,38.25,174.5,69.6
407702,2022011400,37.0,182.75,66.1
407716,2022011700,36.25,282.0,63.8
407716,2022011712,40.75,283.0,68.8
407716,2022011800,46.25,289.5,68.1
407716,2022011912,58.75,305.0,64.7
407717,2022011500,41.25,295.25,74.3
407717,2022011512,42.75,298.75,76.3
407717,2022011600,49.0,303.0,64.8
407717,2022011612,52.25,307.25,72.3
407717,2022011700,55.5,313.0,60.8
407743,2022011612,64.25,343.75,63.4
407743,2022011700,62.0,309.25,63.0
407774,2022011900,37.25,168.5,65.9
407774,2022011912,39.25,175.75,69.7
407774,2022012000,40.75,179.25,68.6
407774,2022012012,40.75,183.0,67.4
407774,2022012100,41.25,190.25,69.7
407794,2022011912,65.0,300.0,64.1
407805,2022012000,44.5,193.5,61.5
407806,2022012112,36.5,168.0,74.3
407806,2022012200,41.0,176.5,77.1
407806,2022012212,43.25,183.0,68.3
407849,2022012300,36.25,178.25,60.9
407858,2022012300,39.5,299.75,70.8
407858,2022012400,52.0,314.5,61.9
407858,2022012412,58.25,321.0,63.5
407858,2022012500,63.0,327.75,65.1
407858,2022012512,66.0,338.5,72.2
407889,2022012500,35.25,159.5,63.2
407889,2022012512,41.25,166.75,71.2
407889,2022012600,43.75,170.25,76.6
407889,2022012612,47.25,170.0,67.3
407889,2022012700,48.0,170.5,62.8
407927,2022012812,45.75,177.75,76.8
407927,2022012900,50.25,177.5,63.7
407927,2022012912,53.25,175.0,60.6
407927,2022013000,55.5,169.5,62.4
407928,2022012612,39.0,183.5,60.3
407928,2022012700,44.5,186.75,60.9
407934,2022012700,42.25,308.0,61.0
407934,2022012900,58.75,340.25,70.3
407944,2022012912,33.0,185.75,66.8
407944,2022013000,40.5,189.5,74.4
407944,2022013012,46.75,191.25,68.9
407944,2022013100,51.75,188.75,60.0
407944,2022020100,58.5,178.0,64.3
407957,2022013012,36.0,180.25,60.8
407959,2022012912,38.25,290.0,62.2
407959,2022013000,42.75,292.5,65.0
407959,2022013012,48.5,297.25,65.1
407962,2022020100,47.0,173.25,67.7
407962,2022020112,52.0,167.0,64.3
407982,2022013100,57.25,0.5,64.5
407985,2022013100,56.25,303.25,71.6
407985,2022013112,59.75,310.25,61.2
408009,2022020100,39.75,178.0,75.8
408009,2022020112,43.0,182.0,82.1
408009,2022020200,47.5,185.5,82.2
408009,2022020212,51.25,183.75,62.6
408009,2022020300,54.5,180.0,69.8
408009,2022020312,54.25,171.5,70.9
408009,2022020400,52.0,168.25,60.7
408032,2022020212,34.0,163.5,61.1
408032,2022020300,36.0,174.75,62.9
408032,2022020312,39.75,184.25,73.2
408032,2022020400,45.75,190.5,78.5
408032,2022020412,51.25,195.0,66.9
408037,2022020400,66.0,356.75,69.2
408037,2022020412,65.5,359.5,60.9
408062,2022020500,62.25,320.0,86.1
408062,2022020512,62.0,326.75,73.1
408074,2022020612,53.25,315.25,70.9
408074,2022020700,61.25,321.75,90.9
408074,2022020712,63.0,326.5,112.9
408074,2022020800,64.25,331.75,85.6
408074,2022020812,64.0,331.25,77.9
408074,2022020900,62.5,334.75,75.9
408074,2022020912,61.25,339.75,72.3
408074,2022021000,59.5,347.75,60.4
408077,2022020500,62.5,335.25,60.9
408077,2022020512,64.0,335.5,64.1
408077,2022020600,61.0,320.0,62.2
408078,2022020500,44.5,200.25,60.8
408079,2022020600,43.0,200.25,60.0
408081,2022020600,38.5,168.0,73.6
408081,2022020612,41.5,178.0,75.1
408081,2022020700,44.5,186.75,72.2
408081,2022020712,49.0,194.75,61.1
408112,2022020812,41.5,192.0,64.1
408112,2022020900,47.75,199.25,64.9
408117,2022020900,66.5,349.25,61.1
408122,2022021012,53.0,315.0,61.9
408149,2022021100,33.25,147.75,63.3
408149,2022021112,33.5,158.25,61.6
408149,2022021200,32.5,163.0,75.7
408149,2022021212,36.25,170.0,68.9
408149,2022021300,38.5,173.5,79.0
408149,2022021312,42.75,177.5,75.7
408149,2022021400,45.0,176.75,66.9
408149,2022021512,51.75,172.0,60.6
408149,2022021600,51.25,167.75,66.1
408191,2022021500,36.75,163.75,68.7
408191,2022021512,39.75,172.5,92.5
408191,2022021600,45.0,178.0,70.2
408191,2022021612,49.25,180.0,65.5
408194,2022021412,62.5,321.0,69.0
408194,2022021500,62.25,321.0,76.2
408194,2022021512,62.5,320.5,70.3
408194,2022021600,61.5,321.25,70.5
408194,2022021612,62.0,320.0,66.1
408194,2022021700,61.25,321.25,63.2
408194,2022021712,62.0,321.0,60.3
408194,2022021912,60.75,319.5,72.4
408197,2022021412,41.0,299.25,61.0
408217,2022021600,53.5,332.0,63.3
408251,2022022012,42.5,305.75,64.9
408251,2022022100,52.0,319.0,66.8
408251,2022022112,58.0,327.5,76.9
408251,2022022200,63.75,334.0,82.8
408251,2022022212,65.25,334.75,98.1
408251,2022022300,65.0,328.25,88.5
408251,2022022312,61.0,324.5,80.2
408253,2022021800,51.5,345.0,71.0
408253,2022021812,56.5,358.25,70.6
408263,2022021812,46.75,293.25,65.1
408263,2022021900,51.75,308.25,67.5
408263,2022021912,57.25,324.0,65.2
408263,2022022000,60.75,334.0,72.8
408263,2022022012,61.5,344.75,80.3
408263,2022022100,58.5,352.5,81.3
408283,2022022012,37.5,150.5,77.3
408288,2022022000,43.25,183.75,64.7
408288,2022022012,51.0,183.75,64.0
408288,2022022100,54.25,179.75,60.0
408293,2022022012,44.0,148.25,68.5
408293,2022022100,44.75,149.0,72.5
408293,2022022112,45.0,152.75,77.9
408293,2022022200,46.0,158.25,72.0
408293,2022022212,46.5,163.0,67.3
408339,2022022412,52.5,311.5,61.3
408339,2022022500,56.5,317.0,69.9
408339,2022022512,58.75,325.0,89.1
408339,2022022600,62.75,328.5,91.6
408339,2022022612,63.25,323.25,87.5
408339,2022022700,62.25,323.5,79.3
408339,2022022712,61.75,319.0,61.1
408339,2022022800,60.75,318.5,61.7
408342,2022022212,62.25,320.0,75.7
408342,2022022300,59.75,325.25,90.4
408342,2022022312,60.25,338.75,78.3
408353,2022022300,63.25,340.25,79.3
408353,2022022312,65.0,347.5,71.8
408354,2022022412,58.0,172.0,60.4
408386,2022022600,42.25,298.5,62.7
408386,2022022612,45.0,313.75,67.6
408386,2022022700,49.75,326.75,87.2
408386,2022022712,55.0,333.75,89.4
408386,2022022800,60.0,339.25,81.5
408386,2022022812,63.5,342.5,70.7
408403,2022022612,39.75,201.25,61.6
408410,2022022800,42.75,208.5,67.2
408438,2022030100,52.5,312.75,63.7
408438,2022030112,54.5,319.0,76.4
408438,2022030200,57.5,321.5,78.6
408438,2022030212,59.5,322.25,85.3
408438,2022030300,62.5,323.25,70.5
408438,2022030312,63.25,324.5,63.7
408458,2022030312,49.75,190.0,60.4
408462,2022030412,44.25,165.0,70.2
408462,2022030500,47.25,170.5,67.0
408462,2022030512,50.75,173.5,62.8
408462,2022030600,53.25,174.0,64.7
408466,2022030400,57.0,307.5,67.1
408467,2022030300,40.5,310.0,65.8
408467,2022030312,45.25,319.5,80.7
408467,2022030400,49.0,329.75,65.1
408467,2022030412,50.25,336.75,70.7
408480,2022030312,63.5,349.25,62.2
408494,2022030500,57.5,317.5,66.9
408494,2022030512,63.0,310.25,66.5
408494,2022030600,64.5,306.25,67.4
408548,2022030700,40.5,151.75,62.3
408576,2022030700,43.5,332.5,74.1
408576,2022030712,45.25,340.5,74.8
408576,2022030812,54.5,346.25,64.8
408577,2022030712,52.5,337.75,60.3
408577,2022030800,56.0,336.0,64.3
408577,2022030812,57.5,338.0,70.7
408577,2022030900,60.0,340.25,71.0
408577,2022030912,66.75,340.75,78.6
408578,2022030712,48.5,157.25,60.7
408596,2022030812,47.75,299.25,61.6
408596,2022030912,54.25,319.25,75.4
408596,2022031000,55.5,324.5,65.0
408596,2022031100,59.5,332.25,66.2
408596,2022031112,62.5,326.75,61.4
408596,2022031200,62.75,321.75,62.3
408596,2022031212,61.25,319.0,69.8
408596,2022031300,61.25,324.0,68.3
408597,2022030712,47.0,170.5,62.2
408600,2022030900,62.0,316.75,60.1
408607,2022030812,46.5,338.25,65.4
408607,2022030900,52.25,348.0,65.6
408638,2022031012,56.25,332.25,61.8
408668,2022031200,38.75,183.25,90.0
408668,2022031212,43.5,192.25,81.6
408668,2022031300,46.0,199.5,76.9
408668,2022031312,48.25,205.0,68.1
408668,2022031400,49.75,210.5,63.0
408685,2022031300,47.75,296.5,73.6
408685,2022031312,54.0,303.75,73.0
408685,2022031400,58.75,310.5,81.3
408685,2022031412,61.25,321.75,76.1
408685,2022031500,65.0,323.25,79.9
408685,2022031512,65.25,320.0,76.8
408685,2022031600,65.5,322.5,71.8
408685,2022031612,63.75,322.25,60.3
408685,2022031700,64.75,320.75,61.9
408732,2022031600,43.75,177.0,61.8
408732,2022031900,55.0,213.75,60.3
408802,2022031900,39.25,143.5,63.5
408813,2022031700,60.5,333.0,76.8
408813,2022031712,65.5,332.5,66.8
408815,2022031712,37.25,161.0,62.7
408817,2022031800,31.25,176.25,67.5
408817,2022031812,36.75,181.5,60.4
408817,2022031900,42.0,183.25,73.2
408817,2022031912,41.25,184.25,63.6
408820,2022031712,42.75,320.25,69.7
408820,2022031800,44.0,324.5,75.5
408820,2022031812,45.75,330.75,67.4
408832,2022031912,47.0,315.75,63.7
408832,2022032000,48.5,321.25,71.8
408832,2022032012,49.25,324.75,73.0
408933,2022032312,40.25,166.0,60.1
408952,2022032500,49.75,316.75,60.4
409000,2022032700,48.75,147.5,60.2
409000,2022032712,51.5,147.5,60.7
409000,2022032800,51.0,152.25,62.3
409004,2022032512,59.0,323.25,60.9
409013,2022032700,41.75,185.25,62.2
409022,2022032700,40.75,222.75,67.7
409022,2022032712,37.75,225.25,62.0
409034,2022032712,58.5,320.0,67.1
409034,2022032800,57.0,320.0,60.0
409142,2022033112,46.0,316.5,64.9
409170,2022040400,50.75,216.25,68.6
409170,2022040412,51.0,226.25,69.6
409224,2022040500,46.0,301.5,60.6
409276,2022040812,41.75,323.0,83.4
409276,2022040900,45.25,328.75,69.5
409276,2022040912,47.25,330.5,63.5
409276,2022041000,47.25,333.25,63.8
409297,2022040612,50.0,218.75,62.4
409297,2022040700,54.5,221.0,66.0
409497,2022041300,53.25,323.5,64.2
409504,2022041400,41.75,315.5,68.3
409504,2022041412,46.0,322.25,62.5
409531,2022041512,30.0,143.75,77.6
409531,2022041600,34.25,149.25,72.0
409531,2022041612,41.5,155.75,68.8
409531,2022041700,47.0,161.0,62.4
409531,2022041712,51.5,172.0,60.8
409634,2022041900,57.5,312.5,61.6
409634,2022041912,59.5,318.75,64.9
409634,2022042000,59.25,328.75,65.8
409642,2022042100,50.75,177.5,62.2
409642,2022042112,49.5,186.25,63.8
409649,2022041912,41.75,287.5,64.3
409859,2022042600,44.5,170.25,60.5
409892,2022042712,51.0,146.75,65.0
409892,2022042800,51.5,150.25,66.8
409967,2022042912,35.75,142.0,65.3
409967,2022043000,38.75,150.5,92.1
409967,2022043012,43.0,159.75,79.7
409967,2022050100,46.0,167.25,64.7
409967,2022050112,47.5,175.5,65.4
410352,2022051512,60.0,322.75,61.7
410387,2022051500,52.25,143.5,65.3
410409,2022051600,41.25,330.75,68.4
410409,2022051612,46.0,338.25,67.5
410409,2022051700,51.5,341.0,69.1
410409,2022051712,55.5,339.5,63.1
410457,2022051812,50.5,230.5,60.4
411077,2022060712,41.25,310.0,68.1
411077,2022060800,43.75,316.5,74.1
411077,2022060900,51.75,331.75,61.4
411077,2022060912,55.25,338.5,64.9
411348,2022061200,34.75,144.5,63.3
411348,2022061212,37.0,148.0,67.7
411348,2022061300,38.75,152.25,66.0
411554,2022061700,39.75,310.75,66.4
413844,2022081712,61.75,328.5,60.9
413885,2022081600,41.75,138.25,61.8
414041,2022082500,39.0,151.25,63.9
414371,2022090612,43.5,136.0,61.0
414549,2022090500,38.5,315.0,60.4
414549,2022090512,39.75,315.75,65.9
414549,2022090600,41.25,317.0,65.7
414549,2022090612,42.0,318.0,71.4
414549,2022090700,42.25,320.0,72.2
414549,2022090712,43.5,322.75,69.2
414549,2022090800,45.25,326.0,70.7
414549,2022090812,47.25,328.75,73.1
414549,2022090900,49.75,329.25,63.6
414549,2022090912,51.0,326.75,60.9
414616,2022090500,47.75,342.75,61.0
414640,2022090900,30.75,295.75,84.8
414640,2022090912,33.25,298.25,89.5
414640,2022091000,37.0,302.75,103.5
414640,2022091012,42.25,306.75,94.8
414640,2022091100,43.25,307.5,73.8
414640,2022091112,44.25,308.25,60.0
414765,2022091400,28.25,162.0,69.6
414765,2022091412,31.75,161.25,72.7
414765,2022091500,36.75,164.0,88.7
414765,2022091512,45.25,167.75,81.7
414765,2022091600,51.25,173.75,72.9
414765,2022091612,56.75,177.5,77.9
414765,2022091700,61.25,185.5,79.5
414765,2022091712,64.5,189.5,62.1
414953,2022092012,58.25,152.0,66.9
414953,2022092100,61.25,158.0,62.4
415097,2022092300,31.0,291.0,93.1
415097,2022092312,34.25,295.25,102.8
415097,2022092400,42.25,299.25,106.4
415097,2022092412,46.75,298.75,86.3
415097,2022092500,48.75,300.0,66.5
415116,2022092100,60.75,167.75,60.0
415238,2022092612,65.25,357.0,67.1
415252,2022092812,35.0,150.0,76.6
415252,2022092900,38.75,155.75,87.4
415252,2022092912,44.25,162.5,92.4
415252,2022093000,52.25,170.5,82.5
415252,2022093012,55.5,173.75,81.8
415252,2022100100,57.25,178.5,61.6
415252,2022100112,57.25,181.0,63.1
415305,2022093012,32.0,281.0,68.2
415342,2022100212,37.0,156.0,65.1
415416,2022093012,62.0,351.0,66.1
415496,2022100400,60.75,338.0,63.6
415496,2022100412,64.25,347.0,74.3
415559,2022101000,64.5,350.0,62.6
415562,2022100800,39.5,149.0,64.6
415562,2022100812,44.5,158.0,67.7
415600,2022101112,52.5,146.75,64.0
415710,2022101800,47.0,208.0,67.3
415710,2022101812,50.75,212.0,80.8
415710,2022101900,55.25,214.5,73.3
415716,2022101612,36.75,179.25,61.9
415724,2022101812,59.25,159.5,66.5
415754,2022101900,45.75,336.75,60.7
415829,2022102300,55.0,206.25,62.6
415829,2022102312,55.5,217.5,67.2
415842,2022102212,43.5,343.25,61.5
415873,2022102500,58.25,175.25,60.7
415883,2022102500,33.75,147.25,80.2
415907,2022102512,33.0,144.25,62.1
415907,2022102600,34.0,145.0,78.9
415907,2022102612,38.75,149.0,61.3
415907,2022102812,54.5,181.75,60.3
415907,2022102900,54.5,193.5,77.8
415907,2022102912,55.25,207.75,67.0
415907,2022103000,57.0,213.0,69.3
415907,2022103012,58.25,219.5,66.6
415927,2022102700,59.75,215.5,65.8
415939,2022102812,62.25,296.5,64.4
415939,2022102900,62.5,300.5,60.4
415981,2022103100,40.75,160.25,63.5
415981,2022103112,42.25,164.25,64.9
415981,2022110100,42.0,167.0,62.6
415982,2022103112,58.0,172.5,60.5
415982,2022110112,60.25,180.25,64.0
415987,2022110312,43.75,320.25,76.1
415987,2022110400,52.5,322.0,78.1
415987,2022110412,56.0,323.0,71.4
415987,2022110500,56.0,325.5,68.0
415987,2022110512,54.25,331.5,66.7
415987,2022110600,54.0,339.0,60.5
415987,2022110712,53.5,347.0,61.9
415988,2022110200,63.0,279.5,65.8
416010,2022110200,58.25,194.5,60.2
416019,2022110212,54.25,137.25,60.5
416066,2022110500,58.5,221.0,65.4
416073,2022110600,57.75,311.0,62.3
416107,2022111312,47.75,320.0,60.1
416107,2022111400,48.0,333.75,65.5
416107,2022111412,51.0,342.75,69.0
416107,2022111512,58.25,341.0,65.6
416111,2022110700,52.75,186.5,61.7
416111,2022110712,57.75,187.5,61.2
416123,2022111100,60.0,330.25,60.8
416128,2022111100,52.0,162.25,61.5
416139,2022110900,41.25,163.0,73.1
416139,2022110912,44.0,168.0,83.0
416139,2022111000,48.25,175.25,68.9
416139,2022111012,50.25,181.5,70.4
416139,2022111100,52.0,187.5,64.6
416146,2022111000,59.5,336.75,60.0
416146,2022111012,62.5,340.5,64.4
416146,2022111100,63.25,337.75,63.9
416180,2022111200,49.5,327.25,61.0
416180,2022111212,52.25,331.5,67.4
416180,2022111300,56.0,329.25,68.8
416180,2022111312,58.25,325.0,64.7
416180,2022111400,57.75,324.0,67.1
416194,2022111300,48.75,200.75,62.9
416196,2022111400,36.0,147.5,63.8
416196,2022111500,40.75,164.25,60.9
416196,2022111512,45.25,172.5,68.6
416211,2022111412,48.75,200.0,62.6
416220,2022111612,39.75,157.0,77.3
416220,2022111712,44.25,166.5,62.7
416220,2022111800,44.0,169.5,64.1
416238,2022112412,56.0,216.0,67.2
416252,2022111712,53.25,2.25,60.5
416276,2022111900,58.5,322.0,64.9
416276,2022112000,59.75,323.25,62.5
416301,2022112112,28.75,147.0,61.7
416301,2022112200,30.5,151.75,66.1
416301,2022112212,30.75,156.25,64.9
416301,2022112300,32.75,159.75,65.1
416301,2022112312,35.0,164.75,62.5
416301,2022112400,38.0,169.25,67.0
416301,2022112412,42.25,175.75,64.1
416306,2022112112,51.25,307.5,65.5
416306,2022112200,52.75,315.0,76.9
416306,2022112212,51.75,327.0,76.3
416306,2022112300,52.5,337.5,68.8
416306,2022112412,59.75,338.5,60.1
416306,2022112500,60.25,333.75,62.9
416327,2022112300,57.0,154.5,62.5
416328,2022112200,36.5,188.75,62.5
416328,2022112212,40.0,196.25,89.3
416328,2022112300,42.75,204.5,74.7
416338,2022112300,47.25,310.5,62.9
416348,2022112300,56.0,329.75,61.6
416348,2022112312,54.25,331.5,60.8
416348,2022112400,53.0,336.25,62.2
416348,2022112412,55.75,348.0,62.4
416352,2022112400,37.75,144.75,73.4
416352,2022112412,38.75,151.75,69.0
416352,2022112500,41.75,157.75,71.2
416352,2022112512,44.0,162.0,78.9
416352,2022112600,45.25,165.0,67.8
416359,2022112412,53.25,309.25,61.9
416359,2022112500,49.5,308.0,71.8
416378,2022112500,30.75,213.0,70.2
416378,2022112512,28.75,211.75,66.6
416385,2022112500,52.25,325.0,63.4
416385,2022112512,55.0,324.0,70.2
416385,2022112600,56.5,324.25,61.3
416385,2022112612,55.5,326.0,67.9
416385,2022112700,55.25,332.0,63.5
416385,2022112712,54.5,340.75,60.4
416397,2022112612,45.25,299.25,67.0
416397,2022112700,43.0,307.0,91.2
416397,2022112712,41.25,309.5,80.0
416397,2022112800,42.75,316.5,64.5
416397,2022112812,44.5,323.0,62.3
416403,2022112712,32.0,155.75,60.4
416403,2022112800,33.0,163.25,75.7
416403,2022112812,34.5,170.0,81.4
416403,2022112900,37.0,175.25,91.5
416403,2022112912,39.5,177.0,80.7
416403,2022113000,39.5,179.0,67.9
416414,2022113000,55.0,318.75,63.7
416414,2022113012,59.25,324.25,65.6
416414,2022120100,62.0,325.75,69.7
416414,2022120112,63.75,326.5,65.4
416427,2022112812,55.25,165.5,62.8
416451,2022113000,55.25,146.5,67.4
416451,2022113012,58.5,147.0,60.4
416497,2022120212,42.5,342.0,61.2
416497,2022120300,41.75,341.25,63.9
416513,2022120412,49.75,151.75,62.1
416515,2022120412,54.5,161.75,60.6
416516,2022120900,31.25,315.25,72.0
416516,2022120912,34.75,319.25,71.9
416516,2022121000,38.25,321.75,80.7
416516,2022121012,40.75,323.75,74.4
416516,2022121100,42.5,325.5,65.2
416516,2022121112,44.0,327.0,64.4
416516,2022121200,44.75,328.5,63.4
416516,2022121400,45.0,342.0,62.8
416538,2022120512,58.75,178.75,63.8
416538,2022120600,62.75,174.0,62.7
416542,2022120612,40.0,160.5,61.9
416550,2022121012,39.25,184.0,61.3
416550,2022121212,59.25,211.5,64.4
416554,2022120712,43.0,162.75,70.2
416554,2022121000,48.75,228.25,62.3
416581,2022120812,40.5,156.25,69.5
416581,2022120900,44.0,162.25,77.6
416595,2022120900,43.5,168.5,76.1
416595,2022120912,50.0,169.25,64.2
416623,2022121100,30.25,156.0,60.4
416623,2022121200,35.75,171.25,72.6
416623,2022121212,38.0,178.5,64.7
416623,2022121300,40.5,185.5,63.5
416643,2022121300,40.75,298.5,75.6
416643,2022121312,43.0,300.75,70.8
416645,2022121312,38.25,180.25,62.3
416645,2022121400,41.0,185.75,62.2
416645,2022121412,42.0,189.5,70.5
416645,2022121500,44.25,193.0,61.5
416648,2022121212,44.0,211.5,61.1
416648,2022121300,42.75,215.5,62.6
416651,2022121400,53.0,141.5,64.0
416657,2022121400,64.25,3.25,65.5
416667,2022121412,53.5,141.75,71.6
416667,2022121500,52.0,143.0,63.9
416672,2022121500,51.75,157.5,88.1
416672,2022121512,54.75,152.25,69.2
416672,2022121600,57.25,150.5,60.7
416677,2022121512,39.5,303.0,71.5
416677,2022121600,37.75,307.75,61.3
416703,2022121800,58.75,337.0,63.4
416703,2022121812,56.5,333.75,72.2
416715,2022121800,41.5,148.25,64.9
416715,2022121812,47.0,153.5,76.0
416715,2022121900,48.5,156.0,82.0
416715,2022121912,50.5,162.25,65.4
416726,2022121900,37.5,197.75,64.3
416727,2022121812,55.75,344.5,70.4
416727,2022121900,58.0,342.0,82.0
416727,2022121912,56.25,337.0,79.8
416727,2022122000,56.5,342.5,83.8
416727,2022122012,58.75,345.0,70.2
416727,2022122100,58.75,346.0,68.0
416727,2022122112,58.0,351.0,60.8
416736,2022121912,32.25,197.5,66.4
416741,2022122100,52.5,178.75,60.0
416741,2022122112,54.25,174.0,69.2
416741,2022122200,52.25,175.5,63.9
416741,2022122212,52.0,166.25,61.6
416749,2022122112,39.75,187.75,61.1
416755,2022122100,55.0,170.5,68.0
416755,2022122112,54.5,164.75,68.9
416755,2022122200,51.75,161.25,61.1
416756,2022122212,52.0,200.0,60.5
416759,2022122200,29.5,141.5,73.0
416759,2022122212,35.75,148.0,61.3
416764,2022122212,40.75,143.5,68.1
416764,2022122300,43.0,145.0,64.1
416778,2022122212,42.25,135.0,60.1
416779,2022122400,46.75,282.75,65.7
416779,2022122412,50.25,282.5,62.1
416784,2022122412,35.75,199.5,68.9
416784,2022122500,43.5,209.25,71.4
416784,2022122512,48.25,210.5,73.2
416784,2022122600,52.75,211.0,62.2
416789,2022122500,60.0,350.25,61.3
416789,2022122600,62.75,351.0,79.7
416789,2022122612,62.75,356.25,71.2
416789,2022122712,66.5,8.0,66.0
416792,2022122400,44.0,210.75,65.8
416792,2022122412,49.0,217.0,66.9
416802,2022122500,44.5,165.75,65.5
416820,2022122612,41.25,212.5,60.8
416820,2022122700,44.0,223.0,66.8
416820,2022122712,48.0,231.5,66.9
416822,2022122712,50.75,324.25,60.6
416866,2022123000,65.25,353.75,64.4
416866,2022123012,67.0,358.0,65.0
416868,2022123112,65.0,331.75,63.5
416871,2022123012,44.5,173.25,63.3
416871,2022123100,42.5,179.25,65.5
416877,2022123012,44.0,182.5,65.7
416877,2022123100,46.5,188.25,63.7
416877,2022123112,48.0,193.25,60.8
416882,2022123100,50.75,344.5,62.2
416883,2023010512,61.0,301.0,63.6
416912,2023010112,56.25,203.5,61.1
416920,2023010300,53.25,154.5,64.2
416920,2023010312,54.75,150.0,63.2
416927,2023010300,34.5,196.25,61.7
416927,2023010312,36.25,207.5,75.0
416927,2023010400,37.5,216.75,86.3
416927,2023010412,39.25,223.25,88.3
416927,2023010500,40.75,227.0,73.8
416927,2023010512,44.75,230.0,63.8
416958,2023010600,51.0,331.75,61.8
416958,2023010612,54.5,333.25,79.8
416958,2023010700,54.0,336.75,70.4
416958,2023010712,55.25,344.0,62.7
416958,2023010800,58.0,348.0,61.9
416958,2023010812,60.0,351.0,65.7
416964,2023010512,56.0,345.5,61.5
416964,2023010600,59.25,351.25,60.8
416974,2023010600,46.75,178.5,69.7
416974,2023010612,50.0,183.75,65.0
416974,2023010800,50.0,180.0,61.9
416978,2023010600,57.75,309.0,60.4
416984,2023010600,44.0,216.5,61.4
416984,2023010612,45.25,220.5,61.7
416984,2023010700,48.25,224.0,60.1
416995,2023010912,54.5,323.75,63.0
416995,2023011000,55.0,324.0,65.6
416995,2023011012,56.5,333.5,69.1
416995,2023011100,58.5,340.0,64.5
417007,2023010900,39.5,171.25,78.5
417007,2023010912,41.25,180.75,85.4
417007,2023011000,42.5,189.75,84.5
417007,2023011012,44.5,197.75,81.0
417007,2023011100,44.0,206.5,77.0
417007,2023011112,44.25,211.5,61.9
417026,2023010900,44.0,212.5,60.2
417031,2023011100,43.0,160.5,78.3
417031,2023011112,45.5,166.5,76.6
417031,2023011200,47.5,172.5,69.7
417031,2023011212,49.25,175.25,61.4
417035,2023011000,47.75,229.25,62.6
417041,2023011012,43.75,305.0,66.7
417041,2023011100,48.0,314.75,66.9
417041,2023011112,51.0,324.0,60.2
417059,2023011112,62.25,1.0,60.1
417078,2023011112,53.5,333.0,62.9
417078,2023011200,55.5,337.5,69.7
417078,2023011212,57.25,349.0,67.6
417091,2023011312,60.0,326.25,64.1
417091,2023011400,59.0,327.5,61.5
417117,2023011500,58.5,359.5,61.7
417121,2023011500,36.5,288.0,77.8
417121,2023011600,37.75,291.75,63.3
417138,2023011712,41.5,170.75,76.8
417138,2023011800,46.75,182.75,73.2
417138,2023011812,49.25,190.0,63.5
417141,2023011600,50.25,357.25,64.0
417144,2023011512,46.5,215.5,65.0
417165,2023011900,53.25,164.25,64.6
417185,2023011900,37.75,157.0,60.3
417185,2023011912,38.0,165.25,67.8
417185,2023012000,38.5,174.5,69.6
417185,2023012012,38.75,182.75,80.9
417185,2023012100,40.5,187.0,78.0
417185,2023012112,43.0,191.25,77.4
417185,2023012200,45.5,193.5,68.1
417185,2023012212,48.75,195.5,66.0
417207,2023012012,50.25,214.5,70.9
417207,2023012100,56.75,215.25,60.0
417208,2023012012,66.0,331.0,73.0
417208,2023012100,67.0,334.75,60.7
417214,2023012100,40.0,156.75,65.1
417214,2023012112,41.0,162.5,64.1
417214,2023012212,40.75,169.25,67.0
417214,2023012300,40.0,173.0,67.9
417214,2023012312,38.25,179.5,69.9
417221,2023012100,52.5,177.5,60.0
417221,2023012112,55.25,173.0,73.1
417221,2023012200,56.5,170.0,79.6
417221,2023012212,58.25,166.0,65.4
417231,2023012200,42.75,158.5,71.2
417243,2023012612,43.25,290.0,69.8
417243,2023012700,50.25,296.25,75.0
417243,2023012712,56.75,302.25,62.2
417243,2023012800,61.75,307.0,62.1
417244,2023012312,41.5,290.0,61.9
417244,2023012400,46.75,298.75,62.6
417244,2023012412,48.25,300.75,61.0
417244,2023012500,56.0,306.25,60.2
417254,2023012412,42.25,153.0,70.7
417254,2023012500,47.0,154.75,82.6
417254,2023012512,49.25,152.75,76.9
417254,2023012600,47.5,153.25,69.6
417254,2023012612,48.0,161.25,61.2
417286,2023012512,50.0,163.75,73.8
417286,2023012600,52.25,159.0,64.3
417286,2023012612,51.75,154.75,65.6
417286,2023012700,50.75,154.5,60.8
417307,2023012700,67.0,326.0,63.2
417307,2023012900,63.25,324.5,64.3
417312,2023012712,34.0,144.25,60.1
417312,2023012800,39.0,153.25,69.0
417312,2023012812,44.25,161.25,89.2
417312,2023012900,50.5,165.75,78.4
417312,2023012912,54.75,166.25,67.7
417358,2023013012,60.75,332.25,82.7
417358,2023013100,63.0,337.75,75.2
417358,2023013112,62.75,345.0,75.0
417358,2023020100,61.25,357.0,69.4
417406,2023020200,61.0,320.5,65.3
417407,2023020112,42.25,141.75,63.4
417407,2023020212,46.75,152.0,70.2
417407,2023020300,48.5,157.25,65.6
417410,2023020212,62.5,331.25,71.2
417410,2023020300,64.75,330.75,73.7
417425,2023020300,53.25,324.5,74.2
417425,2023020312,61.0,329.25,79.4
417425,2023020400,65.75,326.25,87.8
417425,2023020412,66.75,327.5,63.9
417425,2023020500,62.75,319.0,63.7
417425,2023020800,66.5,332.0,68.4
417435,2023020400,51.0,304.5,69.2
417435,2023020412,54.25,300.25,78.9
417455,2023020412,42.75,185.25,61.4
417455,2023020600,57.75,208.0,60.2
417467,2023020412,56.0,311.0,76.9
417467,2023020500,58.0,308.5,73.7
417467,2023020512,55.75,313.0,72.7
417476,2023020512,66.0,329.0,66.8
417484,2023020800,43.75,203.25,71.0
417484,2023020812,43.5,207.0,69.2
417484,2023020900,49.25,213.0,62.6
417498,2023020612,33.75,288.75,63.5
417498,2023020700,38.75,294.25,77.6
417498,2023020712,38.75,296.75,74.8
417498,2023021000,60.5,322.25,64.8
417498,2023021012,64.0,327.75,65.4
417502,2023020712,48.5,171.25,66.2
417502,2023020800,50.5,177.25,61.8
417526,2023020812,38.5,165.25,65.3
417526,2023020900,42.5,173.0,74.5
417526,2023020912,46.75,180.0,71.1
417526,2023021000,50.5,186.5,68.3
417526,2023021012,53.0,190.75,67.9
417526,2023021100,55.25,198.75,61.2
417566,2023021000,41.0,168.75,61.3
417566,2023021012,42.5,177.0,75.4
417566,2023021100,44.25,185.25,68.3
417577,2023021100,37.5,146.75,70.1
417577,2023021112,37.25,154.25,88.8
417577,2023021200,39.25,165.75,71.7
417577,2023021212,41.0,172.5,80.6
417577,2023021300,46.5,177.75,74.0
417577,2023021312,48.75,180.75,71.0
417577,2023021400,50.75,185.75,69.8
417581,2023021100,57.25,325.0,63.9
417581,2023021112,66.0,330.75,69.1
417590,2023021300,60.75,321.5,64.7
417606,2023021300,58.5,220.5,61.1
417620,2023021312,39.25,290.75,60.7
417620,2023021400,42.5,298.0,60.7
417620,2023021412,44.5,302.75,61.9
417624,2023021400,39.25,155.25,74.0
417624,2023021412,46.5,160.75,79.4
417624,2023021500,49.25,162.0,79.0
417624,2023021512,50.75,164.75,71.2
417624,2023021600,53.0,168.75,65.4
417624,2023021612,54.25,170.25,61.6
417624,2023021700,55.0,172.5,62.3
417624,2023021800,56.0,174.75,61.3
417638,2023021312,60.75,213.5,60.8
417650,2023021712,58.25,302.0,71.5
417650,2023021800,59.25,304.0,73.8
417652,2023021412,61.0,321.0,63.0
417652,2023021500,62.5,325.5,60.9
417688,2023021712,60.0,4.75,66.7
417722,2023021812,61.5,318.5,60.2
417722,2023021900,62.5,320.25,66.9
417723,2023021912,63.25,337.25,65.6
417723,2023022000,65.25,350.25,71.4
417723,2023022012,64.0,1.75,64.4
417733,2023022012,43.25,168.5,61.1
417733,2023022100,48.75,175.75,62.2
417733,2023022112,55.75,176.75,63.8
417746,2023022012,42.0,151.75,60.9
417746,2023022100,44.0,159.75,60.0
417759,2023022100,54.0,229.5,60.7
417780,2023022212,43.25,305.25,67.6
417780,2023022300,51.0,312.0,69.0
417780,2023022312,57.75,313.0,65.3
417802,2023022200,49.5,236.25,64.7
417833,2023022412,39.75,316.0,61.1
417833,2023022500,41.0,323.25,71.4
417850,2023022512,58.25,182.5,61.5
417851,2023022500,40.5,305.5,69.7
417851,2023022512,41.25,313.25,85.5
417851,2023022600,43.5,320.0,84.9
417851,2023022612,47.5,320.75,83.6
417851,2023022700,52.5,319.0,73.7
417851,2023022712,56.5,313.75,62.2
417851,2023022800,58.75,310.75,70.0
417851,2023022812,61.0,307.75,77.2
417851,2023030100,65.5,306.25,62.1
417880,2023022800,38.0,308.0,82.0
417880,2023022812,40.0,315.75,85.3
417880,2023030100,43.0,320.0,72.1
417880,2023030112,45.75,322.75,65.8
417893,2023022712,33.25,315.25,66.7
417893,2023022800,41.75,324.0,69.8
417893,2023022812,46.5,324.5,70.1
417895,2023022800,56.0,176.75,64.8
417895,2023022812,59.75,186.75,60.3
417921,2023030212,57.5,182.0,62.1
417932,2023030200,36.75,313.75,65.5
417932,2023030212,39.5,320.25,80.8
417932,2023030300,46.25,323.0,84.6
417932,2023030312,51.5,321.25,69.3
417932,2023030400,56.0,311.5,64.6
417944,2023030200,59.5,216.5,70.4
417944,2023030212,60.0,216.5,64.5
417957,2023030212,51.75,313.0,62.8
417957,2023030300,53.75,311.5,60.5
417959,2023030400,58.5,170.0,62.9
417964,2023030312,43.0,300.5,74.6
417964,2023030400,44.75,312.75,74.2
417964,2023030412,45.0,316.75,61.5
417971,2023030300,36.5,181.75,64.2
417979,2023030412,40.5,288.25,60.0
417979,2023030600,41.25,316.5,66.0
417979,2023030700,44.75,322.25,61.8
417979,2023030712,45.5,323.25,64.5
417979,2023030800,46.0,327.5,62.3
418005,2023030800,36.0,301.75,60.9
418005,2023030812,39.75,308.0,60.4
418005,2023030900,40.5,310.0,64.0
418005,2023030912,42.5,313.25,66.5
418005,2023031000,43.75,318.0,64.3
418005,2023031112,51.0,317.5,62.7
418007,2023030600,38.25,174.0,65.8
418007,2023030612,38.25,181.0,69.1
418007,2023030700,36.25,185.25,69.0
418007,2023030712,35.0,188.75,68.9
418084,2023030800,34.25,192.5,63.1
418125,2023031212,49.0,333.0,61.3
418125,2023031300,52.0,340.5,65.2
418128,2023031200,38.25,292.75,70.7
418128,2023031212,37.5,297.75,72.7
418128,2023031300,37.5,304.0,61.7
418128,2023031312,38.5,311.0,62.0
418146,2023031300,62.25,0.5,65.1
418157,2023031412,39.5,292.25,62.1
418206,2023031412,48.5,322.75,67.4
418206,2023031500,49.75,324.25,62.3
418206,2023031512,48.5,328.75,62.2
418299,2023031900,58.75,210.5,60.5
418302,2023032100,58.25,325.5,73.3
418302,2023032112,56.25,321.25,71.8
418317,2023031912,49.0,166.0,64.9
418317,2023032000,56.0,176.25,77.7
418317,2023032012,60.25,184.75,69.0
418338,2023031912,63.75,301.25,60.1
418347,2023032012,53.25,304.75,62.5
418408,2023032112,58.25,332.0,65.2
418408,2023032200,59.0,331.0,69.6
418428,2023032200,57.75,350.5,68.8
418428,2023032212,60.25,347.25,67.4
418428,2023032300,57.25,337.5,60.4
418429,2023032212,57.0,205.5,62.4
418433,2023032412,48.5,158.5,60.5
418452,2023032500,56.5,165.5,67.9
418452,2023032512,60.0,167.5,63.2
418475,2023032312,37.75,171.75,68.3
418475,2023032400,38.75,176.75,63.1
418494,2023032412,45.0,300.75,69.1
418494,2023032500,45.75,307.5,65.8
418494,2023032512,44.25,310.5,64.6
418543,2023032712,48.5,154.5,67.8
418543,2023032800,51.75,161.5,60.8
418577,2023032812,43.25,229.75,62.2
418582,2023032800,53.75,323.5,60.8
418585,2023033000,44.25,329.75,66.3
418585,2023033012,48.0,343.0,74.7
418585,2023033100,51.25,353.25,66.1
418614,2023033012,62.25,344.75,66.1
418614,2023033100,64.0,338.75,69.3
418614,2023033112,62.25,328.5,71.6
418630,2023033100,61.0,315.5,62.9
418682,2023040100,43.75,315.0,63.1
418682,2023040112,45.0,318.25,66.9
418715,2023040200,47.0,290.75,66.0
418715,2023040212,42.5,298.0,61.4
418737,2023040212,49.25,331.75,60.3
418737,2023040400,63.25,331.75,65.9
418737,2023040412,64.0,329.25,67.5
418793,2023040500,28.75,159.0,69.9
418834,2023040712,59.25,325.5,68.9
418834,2023040800,61.0,325.0,72.7
418891,2023041012,54.0,162.0,61.3
418891,2023041100,54.75,164.5,72.2
418891,2023041112,54.75,167.25,62.4
418900,2023040812,65.0,309.5,60.1
418916,2023040812,51.75,329.25,61.5
418916,2023040912,59.75,328.5,60.6
418979,2023041500,54.25,315.5,60.9
418985,2023041200,41.75,306.75,60.4
418985,2023041212,45.75,312.5,65.3
418985,2023041300,51.25,318.75,63.8
419113,2023041500,46.25,316.5,63.4
419113,2023041700,57.0,326.5,62.8
419242,2023042000,46.0,337.25,62.6
419335,2023042300,55.5,165.5,63.3
419335,2023042312,57.5,156.0,61.7
419434,2023042712,47.75,153.0,61.6
419434,2023042800,47.0,157.75,68.3
419434,2023042812,46.5,164.25,61.1
419494,2023042912,44.5,219.0,61.9
419671,2023050500,41.25,303.25,60.7
419775,2023050800,37.75,143.25,60.1
419784,2023051012,53.75,310.0,60.3
419999,2023051512,32.0,146.0,60.6
419999,2023051600,36.0,149.25,63.7
420062,2023051700,49.0,321.0,63.5
420062,2023051712,54.5,327.5,60.6
420141,2023051912,62.75,321.75,67.5
420243,2023052412,39.75,152.25,68.6
420286,2023052312,65.5,329.5,62.8
420415,2023052712,66.25,351.25,65.3
420588,2023060312,36.5,148.0,63.4
420588,2023060400,43.75,159.5,63.2
420635,2023060212,39.5,143.5,71.4
420998,2023061200,28.25,136.0,63.3
421304,2023061912,36.25,153.5,65.0
422049,2023070712,48.0,344.5,62.2
423236,2023081200,28.5,141.75,65.4
423236,2023081212,29.0,140.5,61.9
423236,2023081300,29.75,139.75,64.2
423236,2023081312,30.75,138.75,74.7
423236,2023081400,31.75,137.25,62.3
423236,2023081412,32.5,136.5,63.9
423236,2023081500,34.25,135.25,62.6
423480,2023081500,46.25,190.25,62.6
423653,2023081900,52.25,352.5,60.8
423906,2023082912,30.25,289.25,74.3
423906,2023083000,31.75,290.25,78.4
423906,2023083012,33.25,292.25,88.9
423906,2023083100,34.25,294.75,79.7
423906,2023083112,35.25,297.75,81.5
423906,2023090100,36.5,300.25,69.5
423906,2023090112,38.25,303.25,66.0
423906,2023090200,39.75,308.25,77.6
423906,2023090212,43.0,314.0,80.4
423906,2023090300,45.25,318.75,81.0
423951,2023082700,31.5,147.25,61.5
423951,2023082800,38.5,144.5,71.0
423951,2023082812,40.5,147.25,64.7
423951,2023083000,42.0,173.5,71.8
423951,2023083012,46.5,182.25,64.7
423951,2023083100,50.0,187.5,68.6
424044,2023082800,43.75,8.75,60.9
424084,2023090100,33.25,287.5,60.2
424084,2023090300,32.25,297.75,64.8
424084,2023090312,33.5,299.75,64.4
424084,2023090400,37.0,300.75,71.4
424106,2023090100,54.5,309.5,62.8
424106,2023090112,58.25,319.0,62.9
424106,2023090200,63.0,322.25,65.1
424106,2023090212,65.25,326.25,63.2
424106,2023090300,65.75,327.25,61.1
424231,2023090400,61.0,159.75,60.2
424377,2023090900,59.25,144.0,61.3
424511,2023091312,34.0,319.25,65.7
424511,2023091400,35.0,319.0,63.0
424511,2023091412,36.25,320.0,64.7
424511,2023091500,36.75,320.75,68.1
424511,2023091512,36.5,321.5,62.3
424511,2023091600,35.5,322.0,62.8
424514,2023091500,32.25,292.25,81.2
424514,2023091512,35.0,293.0,76.7
424514,2023091600,38.5,294.25,88.4
424514,2023091612,42.5,293.75,67.2
424647,2023091612,53.75,196.5,67.5
424647,2023091700,56.0,210.75,71.1
424700,2023091612,63.75,326.5,65.5
424700,2023091700,63.5,327.5,74.5
424700,2023091712,62.25,330.0,68.6
424700,2023091800,60.75,335.0,60.0
424726,2023091812,54.75,203.5,61.8
424734,2023091912,30.0,306.0,72.8
424734,2023092000,32.25,305.0,75.6
424734,2023092012,35.0,305.25,80.8
424734,2023092100,38.0,308.0,80.4
424734,2023092112,41.25,313.25,88.1
424734,2023092200,44.0,321.0,84.2
424734,2023092212,47.0,329.75,63.8
424734,2023092312,55.75,338.0,68.0
424778,2023092312,53.0,326.5,62.5
424815,2023092412,46.25,220.5,68.5
424815,2023092500,47.0,224.75,65.8
424815,2023092512,49.0,223.75,63.3
424982,2023092612,43.0,330.25,65.3
424982,2023092700,48.25,341.0,70.9
424982,2023092712,51.75,348.75,62.1
425012,2023092812,40.25,175.75,62.6
425012,2023092900,42.75,180.75,85.1
425012,2023092912,46.0,185.0,67.0
425022,2023100200,42.0,190.5,67.2
425105,2023100600,45.75,323.0,65.4
425105,2023100612,45.0,326.25,61.7
425105,2023100700,46.5,328.0,61.4
425155,2023100212,35.0,149.25,61.9
425155,2023100400,51.25,176.75,64.6
425225,2023100600,43.5,141.75,61.9
425227,2023100612,66.0,287.25,61.0
425252,2023100600,44.5,148.5,62.7
425297,2023101000,66.5,344.0,60.3
425297,2023101012,66.0,346.75,68.4
425297,2023101100,65.5,359.5,66.7
425336,2023101100,44.0,159.25,69.8
425336,2023101112,46.5,167.25,84.5
425336,2023101200,50.5,176.75,84.9
425336,2023101212,52.5,184.0,75.0
425336,2023101300,54.75,185.5,60.5
425364,2023101512,38.75,290.25,73.4
425364,2023101600,41.5,298.75,64.7
425364,2023101612,45.0,302.25,64.5
425364,2023101712,50.25,318.75,61.7
425364,2023102100,54.25,1.5,70.4
425364,2023102112,56.25,358.25,62.4
425381,2023101200,63.5,335.25,64.5
425381,2023101212,63.5,344.5,64.4
425381,2023101312,62.5,356.25,61.9
425406,2023101312,29.25,150.75,100.0
425406,2023101400,34.0,156.25,99.9
425406,2023101412,40.0,164.0,83.6
425406,2023101500,43.75,170.75,86.1
425406,2023101512,45.0,179.5,76.8
425406,2023101600,44.75,185.75,77.4
425406,2023101612,43.5,195.0,66.5
425406,2023101700,45.0,204.0,60.4
425423,2023101300,31.75,286.5,60.2
425423,2023101612,40.0,341.25,67.1
425452,2023101512,37.75,144.25,63.9
425452,2023101700,50.0,156.5,61.0
425544,2023101700,58.5,327.0,61.3
425544,2023101712,62.25,320.75,75.4
425557,2023101800,61.75,325.75,63.0
425557,2023101812,61.0,319.0,61.7
425557,2023101912,61.0,323.25,62.6
425571,2023101900,62.75,330.25,61.9
425590,2023102100,38.25,334.5,63.0
425605,2023102412,54.25,323.25,61.4
425660,2023102612,30.5,300.75,73.6
425663,2023102512,55.25,154.25,60.8
425709,2023102612,54.0,339.75,61.5
425735,2023103000,55.5,309.25,70.8
425735,2023103012,56.75,311.25,65.3
425781,2023110500,43.25,210.75,60.1
425791,2023110100,46.75,328.0,60.4
425791,2023110112,48.0,342.5,67.9
425791,2023110200,49.75,354.25,84.1
425791,2023110212,52.5,1.75,66.7
425805,2023110312,56.0,142.75,62.0
425805,2023110400,57.75,142.5,66.8
425808,2023110112,56.25,334.5,62.7
425808,2023110200,54.0,335.0,76.9
425818,2023110100,59.75,300.75,63.2
425822,2023110300,50.0,316.25,86.0
425822,2023110312,51.25,328.75,74.8
425822,2023110400,50.75,340.0,77.7
425822,2023110412,52.0,355.0,66.5
425909,2023110700,56.5,314.75,81.8
425909,2023110712,57.0,319.0,81.0
425909,2023110800,57.0,325.0,70.9
425909,2023110812,56.75,334.5,64.1
425920,2023110712,54.0,196.0,63.8
425920,2023110812,54.75,206.75,63.0
425920,2023110900,55.0,216.5,71.4
425920,2023110912,59.75,212.25,74.7
425943,2023110900,42.0,317.5,60.6
425947,2023110800,57.75,343.0,61.4
425963,2023111000,37.75,174.75,61.6
425978,2023111112,53.25,159.75,61.3
425978,2023111200,58.25,162.5,68.6
425999,2023111300,37.75,151.0,67.5
425999,2023111412,52.5,169.25,62.7
425999,2023111500,55.25,176.0,63.7
425999,2023111512,57.0,184.0,64.7
426004,2023111412,61.5,323.5,62.5
426004,2023111500,59.75,318.5,61.1
426010,2023111312,55.25,355.25,62.6
426027,2023111512,40.75,310.0,67.1
426027,2023111600,42.25,312.25,65.6
426027,2023111612,42.5,315.25,69.5
426027,2023111700,45.5,323.5,69.2
426034,2023111500,62.5,334.75,61.1
426040,2023111600,61.0,193.5,62.9
426046,2023111900,43.0,296.25,70.1
426046,2023111912,52.0,302.25,62.1
426046,2023112000,58.75,306.5,68.6
426079,2023111712,42.0,143.25,68.5
426086,2023111912,42.75,205.75,71.6
426086,2023112000,46.0,210.75,70.1
426086,2023112012,49.25,213.75,68.4
426086,2023112100,53.75,217.0,73.5
426086,2023112112,56.75,217.75,64.7
426088,2023112200,62.25,270.5,64.4
426088,2023112212,62.0,275.0,67.7
426099,2023111900,46.5,157.0,67.2
426099,2023111912,52.0,162.5,70.9
426099,2023112000,54.0,168.75,71.9
426116,2023111912,35.0,297.0,63.1
426116,2023112000,43.0,307.5,67.3
426123,2023112112,48.25,175.0,83.6
426123,2023112200,46.75,182.0,86.8
426123,2023112212,48.5,187.5,71.9
426123,2023112300,51.5,189.75,63.9
426124,2023112112,35.75,308.0,60.0
426124,2023112312,48.0,319.0,61.7
426124,2023112400,48.5,321.25,67.0
426143,2023112212,66.0,334.75,68.2
426164,2023112400,64.25,6.25,63.4
426179,2023112312,39.75,295.25,60.9
426234,2023112900,53.25,300.0,61.0
426234,2023112912,57.75,299.5,70.0
426234,2023113000,64.5,285.0,68.6
426240,2023112900,47.0,145.0,65.0
426240,2023112912,46.75,151.25,63.7
426262,2023112912,51.0,163.75,67.9
426262,2023113000,51.25,168.25,79.1
426262,2023113012,53.25,174.5,65.1
426275,2023113000,53.25,309.5,65.4
426275,2023113012,58.25,302.5,80.4
426275,2023120100,63.25,294.0,66.5
426291,2023120200,47.0,188.5,72.6
426291,2023120212,50.25,199.5,70.0
426291,2023120300,52.0,209.0,69.7
426304,2023113012,53.5,200.25,60.1
426304,2023120100,55.25,209.25,68.2
426304,2023120200,55.75,216.5,60.2
426323,2023120300,43.25,184.25,73.4
426323,2023120312,45.0,195.75,84.0
426323,2023120400,47.0,203.75,75.7
426323,2023120412,49.5,211.0,67.1
426349,2023120412,54.25,316.25,61.9
426358,2023120512,55.75,325.5,67.8
426358,2023120600,56.0,321.0,75.5
426358,2023120612,55.0,321.5,61.1
426358,2023120700,56.25,317.75,67.6
426358,2023120712,55.5,313.25,74.5
426358,2023120800,54.0,309.25,72.7
426366,2023120512,47.0,321.0,60.6
426366,2023120600,52.25,332.0,62.1
426370,2023120612,64.75,183.25,61.6
426370,2023121100,56.75,204.75,61.0
426370,2023121112,59.25,204.5,60.3
426370,2023121212,62.25,219.0,60.1
426382,2023120512,30.0,138.5,62.6
426382,2023120612,37.5,152.75,62.6
426382,2023121012,39.25,181.5,61.2
426382,2023121212,57.0,215.5,63.9
426383,2023120600,41.5,314.5,74.5
426383,2023120612,46.25,327.25,85.7
426383,2023120700,50.25,338.25,83.6
426383,2023120712,54.25,343.25,65.3
426389,2023120600,39.75,181.0,60.7
426389,2023120800,42.25,203.75,64.9
426403,2023121012,57.0,142.0,66.6
426406,2023120712,44.0,311.25,73.2
426406,2023120800,49.5,316.25,66.9
426406,2023120812,52.0,316.75,72.7
426406,2023120900,51.75,317.5,70.6
426406,2023120912,51.5,318.75,60.1
426411,2023120700,56.5,334.5,65.6
426445,2023120900,67.0,323.25,62.0
426446,2023120912,53.0,222.5,66.3
426456,2023121000,52.0,338.5,78.3
426456,2023121012,53.75,347.5,68.2
426463,2023121112,42.0,289.5,66.8
426463,2023121200,50.25,297.5,62.2
426463,2023121300,59.25,313.0,61.2
426463,2023121312,62.75,326.75,76.4
426463,2023121400,65.75,330.5,69.4
426463,2023121412,65.0,326.25,67.8
426463,2023121500,66.0,328.0,68.1
426485,2023121212,37.5,147.75,60.2
426489,2023121300,48.0,160.0,66.8
426489,2023121312,52.5,163.0,61.4
426489,2023121400,56.0,163.25,74.6
426489,2023121412,57.75,157.5,66.2
426492,2023121300,44.75,195.0,69.2
426525,2023121600,34.75,222.0,69.8
426525,2023121612,33.75,221.5,63.8
426536,2023121600,39.0,157.0,61.6
426551,2023121800,32.75,281.0,64.6
426551,2023121812,36.75,285.0,70.7
426555,2023121712,49.5,156.25,66.4
426555,2023121800,50.0,159.0,61.3
426555,2023121812,51.25,163.75,63.2
426555,2023121900,51.25,168.75,62.2
426573,2023121812,42.5,286.0,77.5
426573,2023121900,47.75,288.5,72.2
426573,2023121912,56.25,296.75,64.2
426573,2023122100,63.25,356.25,64.6
426595,2023122100,44.5,166.5,64.2
426595,2023122112,47.75,173.25,75.2
426595,2023122200,48.25,184.0,81.0
426595,2023122212,49.5,192.5,70.2
426595,2023122300,51.0,200.25,62.7
426607,2023122500,42.25,186.0,61.6
426607,2023122512,42.75,193.5,67.4
426607,2023122600,43.5,201.25,81.0
426607,2023122612,41.5,215.25,74.0
426607,2023122700,41.25,214.75,78.4
426607,2023122712,42.25,223.0,64.3
426611,2023122200,46.5,302.0,63.8
426611,2023122212,45.75,303.75,60.9
426611,2023122300,52.25,314.25,61.2
426634,2023122400,41.5,183.75,60.6
426654,2023122312,47.25,213.25,68.2
426654,2023122400,55.25,214.25,67.0
426655,2023122400,60.75,341.75,65.9
426655,2023122412,61.75,354.5,60.0
426655,2023122500,60.75,4.5,60.1
426665,2023122412,42.25,204.75,60.2
426665,2023122500,44.75,213.75,60.4
426665,2023122512,51.25,220.75,80.5
426681,2023122612,40.5,179.25,65.0
426681,2023122700,40.25,190.25,66.3
426681,2023122712,38.5,198.25,73.5
426681,2023122800,38.5,207.0,80.3
426681,2023122812,38.5,214.5,71.9
426681,2023122900,37.75,221.5,60.7
426693,2023122712,48.5,164.0,79.7
426693,2023122800,49.5,168.0,68.3
426693,2023122812,48.75,173.25,64.4
426693,2023122900,49.5,179.5,61.6
426699,2023122700,65.0,340.5,63.6
426705,2023122712,57.5,312.0,68.2
426705,2023122800,55.75,315.5,68.2
426705,2023122912,51.75,319.75,60.7
426706,2023122712,56.75,348.75,66.6
426706,2023122800,59.0,351.5,63.6
426711,2023122800,59.25,358.5,68.8
426728,2023122900,53.5,187.25,63.4
426728,2023123000,56.25,175.75,61.7
426728,2023123012,55.5,175.0,62.7
426732,2023123000,32.75,172.25,60.1
426732,2023123012,35.75,183.75,66.0
426732,2023123100,38.75,194.5,65.3
426732,2023123112,43.5,203.25,70.1
426732,2024010100,47.75,206.0,68.7
426732,2024010112,51.75,204.25,61.6
426734,2023123000,51.75,338.25,73.1
426734,2023123012,53.5,345.25,62.4
426738,2024010100,51.75,315.0,60.4
426738,2024010112,51.5,321.25,60.0
426746,2023123100,40.25,221.5,65.7
426750,2023123100,32.75,138.0,61.9
426750,2023123112,36.0,149.0,64.5
426750,2024010100,40.5,164.0,64.5
426750,2024010112,44.5,176.25,67.3
426750,2024010200,46.25,180.25,67.7
426750,2024010212,49.0,185.0,74.7
426750,2024010300,51.25,191.25,78.0
426750,2024010312,53.5,194.0,70.2
426750,2024010400,55.25,193.0,63.2
426767,2024010200,62.5,337.0,61.1
426778,2024010212,56.75,351.0,63.5
426787,2024010412,44.0,310.75,64.5
426787,2024010600,57.0,316.0,64.6
426787,2024010612,58.75,310.5,62.3
426788,2024010300,54.25,4.75,68.0
426788,2024010312,55.0,9.25,64.4
426805,2024010412,37.75,152.5,75.0
426805,2024010500,40.25,166.5,67.6
426805,2024010512,43.5,175.0,74.3
426805,2024010600,48.0,183.5,66.8
426805,2024010612,51.0,187.75,68.9
426805,2024010700,56.25,190.5,70.3
426820,2024010812,40.5,302.0,73.6
426822,2024010512,41.75,302.5,70.7
426822,2024010600,43.0,309.0,75.5
426822,2024010612,49.5,312.25,69.9
426822,2024010700,50.5,315.5,73.4
426822,2024010712,52.25,316.0,67.4
426822,2024010800,53.0,314.75,64.5
426828,2024010500,51.25,213.0,63.0
426861,2024011000,42.0,276.75,61.3
426873,2024010812,39.5,162.75,74.1
426873,2024010900,45.0,170.75,66.7
426873,2024010912,47.5,176.0,73.8
426873,2024011000,49.25,181.5,61.3
426878,2024010812,27.0,198.75,67.4
426878,2024010900,30.5,199.25,68.7
426878,2024010912,29.25,197.75,66.7
426880,2024010912,50.75,232.75,66.1
426882,2024010812,41.25,309.25,62.9
426882,2024010900,44.5,317.25,65.9
426882,2024011000,51.5,324.75,60.1
426882,2024011012,56.25,324.0,62.4
426886,2024011100,46.5,158.0,67.3
426894,2024010912,55.5,321.0,69.1
426912,2024011112,38.25,329.0,67.9
426920,2024011012,43.25,288.0,77.9
426920,2024011100,46.75,294.5,67.9
426950,2024011200,39.0,175.5,72.1
426950,2024011212,44.75,186.75,69.4
426978,2024011500,53.75,177.25,61.9
426982,2024011412,40.75,202.0,61.0
426982,2024011500,38.75,203.25,64.8
427004,2024011500,38.0,174.0,64.7
427004,2024011512,36.0,180.25,73.5
427004,2024011600,35.75,180.25,69.5
427034,2024011812,55.5,304.25,61.0
427034,2024011900,55.5,302.5,73.5
427041,2024011700,34.5,162.75,66.5
427041,2024011712,35.75,167.75,83.0
427041,2024011800,37.5,167.75,83.7
427041,2024011812,35.25,169.25,70.2
427041,2024011900,34.25,174.75,61.9
427041,2024011912,34.5,179.5,61.3
427063,2024011900,48.25,216.5,60.1
427063,2024011912,49.75,208.0,63.3
427094,2024012000,38.5,297.0,67.0
427094,2024012012,44.0,309.75,74.4
427094,2024012100,47.5,319.5,81.7
427094,2024012112,54.5,340.0,76.2
427094,2024012200,60.75,354.0,78.9
427097,2024012000,61.75,324.75,60.5
427110,2024012300,39.25,201.5,61.8
427110,2024012400,45.5,215.75,62.2
427115,2024012112,36.25,142.0,63.0
427116,2024012212,47.0,317.25,80.8
427116,2024012300,52.0,326.0,70.4
427116,2024012312,59.75,338.25,67.8
427116,2024012400,63.0,352.25,64.1
427124,2024012300,43.5,137.75,64.6
427124,2024012312,43.75,139.0,62.9
427125,2024012600,65.75,327.25,66.9
427125,2024012612,65.0,327.5,65.9
427125,2024012700,64.0,327.5,68.0
427125,2024012800,64.25,326.25,62.4
427125,2024012812,64.25,326.5,61.1
427125,2024012912,61.75,319.5,71.1
427125,2024013000,63.25,321.75,68.7
427125,2024013012,64.75,326.25,60.5
427125,2024013112,65.75,335.25,63.5
427135,2024012400,45.5,143.25,63.0
427154,2024012412,45.75,151.0,65.3
427154,2024012500,45.75,147.75,62.3
427154,2024012512,43.75,148.75,60.9
427180,2024012500,60.25,331.25,62.0
427191,2024012612,45.0,317.25,60.2
427206,2024013012,41.0,213.5,65.2
427206,2024013100,41.0,219.25,71.5
427206,2024013112,44.5,224.75,71.3
427206,2024020100,46.75,224.25,64.5
427206,2024020112,46.5,227.0,60.8
427206,2024020200,48.75,228.0,60.1
427237,2024012900,46.5,217.25,65.5
427237,2024012912,57.75,216.0,62.5
427243,2024013112,64.25,303.0,61.7
427251,2024020200,56.0,177.25,64.7
427251,2024020212,56.75,172.0,78.9
427251,2024020300,56.75,166.5,72.1
427280,2024013112,64.75,354.5,86.7
427289,2024020200,31.5,298.25,60.7
427290,2024020112,45.75,154.5,72.3
427290,2024020200,46.5,161.0,83.0
427293,2024020412,36.0,233.25,60.4
427293,2024020500,38.25,234.5,61.5
427294,2024020212,66.75,328.0,78.3
427313,2024020200,45.5,168.75,74.3
427313,2024020212,45.75,169.25,81.9
427315,2024020312,67.0,7.5,79.7
427324,2024020300,49.75,176.25,64.5
427328,2024020300,65.25,327.0,68.7
427328,2024020312,65.5,332.0,61.2
427331,2024020400,45.25,174.75,61.3
427331,2024020412,47.75,179.0,73.2
427331,2024020500,50.5,182.5,71.6
427331,2024020512,54.25,185.25,69.6
427345,2024020400,56.75,175.0,66.6
427345,2024020412,56.5,172.25,62.3
427368,2024020712,38.5,180.25,68.7
427368,2024020800,42.25,186.75,74.3
427368,2024020812,46.25,194.25,69.7
427373,2024020600,44.25,187.25,65.6
427373,2024020612,52.75,190.25,65.7
427400,2024020900,36.75,305.25,74.1
427400,2024020912,39.25,308.75,69.5
427400,2024021000,40.25,312.25,60.7
427411,2024020912,52.0,345.0,67.6
427411,2024021000,51.5,348.25,64.0
427437,2024021012,63.75,322.0,70.2
427437,2024021100,60.75,321.25,63.7
427447,2024021100,62.75,333.0,64.6
427447,2024021112,62.75,324.5,65.4
427450,2024021400,40.75,295.25,80.1
427450,2024021412,43.5,303.75,81.4
427450,2024021500,45.5,310.5,75.1
427450,2024021512,48.25,311.25,65.8
427450,2024021612,50.0,313.75,60.5
427464,2024021212,42.5,166.25,61.3
427464,2024021300,42.25,171.75,64.9
427464,2024021312,40.5,175.75,65.3
427482,2024021300,42.5,208.0,71.8
427514,2024021400,39.0,187.0,67.2
427514,2024021412,37.75,190.5,77.2
427514,2024021500,37.5,199.25,73.1
427537,2024021600,43.0,152.5,65.2
427537,2024021612,46.25,160.25,72.3
427537,2024021700,51.0,167.75,81.3
427537,2024021712,53.25,171.5,72.0
427537,2024021800,54.0,172.25,62.1
427544,2024021700,42.5,303.25,67.0
427544,2024021712,45.75,313.5,73.0
427544,2024021800,53.0,319.5,64.7
427544,2024021812,58.0,323.0,63.7
427556,2024021700,36.5,204.25,61.1
427556,2024021712,36.25,211.0,65.7
427556,2024021800,38.0,216.75,69.2
427556,2024021812,38.75,223.0,61.0
427556,2024021900,39.0,226.75,63.6
427559,2024021612,53.75,323.5,64.7
427559,2024021700,57.25,319.0,66.1
427559,2024021712,59.75,321.5,63.0
427565,2024021800,41.0,298.5,61.5
427565,2024021812,46.25,307.25,62.7
427565,2024021900,53.25,312.75,90.2
427565,2024021912,57.0,317.0,74.4
427565,2024022000,59.0,319.5,69.2
427577,2024021812,31.75,171.5,64.4
427577,2024021900,36.5,180.75,65.8
427577,2024021912,43.25,191.75,61.5
427588,2024022100,55.5,164.25,66.3
427588,2024022112,54.5,167.75,71.6
427588,2024022200,54.25,174.25,74.0
427632,2024022100,60.5,337.25,60.7
427632,2024022200,64.25,332.5,73.5
427632,2024022212,61.75,334.5,71.0
427638,2024022200,43.5,216.5,61.2
427658,2024022212,66.25,346.0,64.3
427658,2024022300,60.0,341.5,66.2
427658,2024022312,59.0,347.0,62.6
427684,2024022412,41.75,294.5,60.5
427684,2024022700,65.5,323.75,67.5
427706,2024022612,34.5,149.0,63.3
427706,2024022700,37.5,151.25,74.2
427706,2024022712,39.25,152.25,69.6
427706,2024022800,40.25,154.5,63.3
427706,2024022812,41.25,156.75,60.7
427709,2024022900,61.75,347.25,60.9
427709,2024022912,62.5,355.0,61.7
427718,2024022912,57.5,286.0,62.3
427718,2024030100,59.0,287.5,61.5
427738,2024022700,64.75,342.5,63.3
427738,2024022712,66.5,352.5,63.6
427740,2024022712,58.25,213.0,66.5
427740,2024022812,57.75,218.0,62.7
427740,2024022900,57.75,217.5,60.7
427740,2024030100,57.75,212.5,60.5
427754,2024022900,61.75,329.75,61.9
427771,2024030100,37.0,142.5,62.7
427771,2024030112,39.5,149.5,65.1
427778,2024030100,55.0,164.0,63.3
427780,2024030100,61.25,298.25,66.4
427800,2024030200,63.25,310.75,71.2
427844,2024030412,44.25,158.0,65.3
427844,2024030500,46.75,163.5,62.9
427886,2024030612,39.25,151.75,62.0
427886,2024030700,42.5,157.75,63.5
427886,2024030712,46.75,162.75,67.2
427886,2024030800,50.25,165.75,66.1
427886,2024030812,52.75,171.0,74.2
427886,2024030900,54.0,175.5,60.8
427893,2024030600,56.5,334.25,72.2
427893,2024030612,58.25,328.0,70.2
427893,2024030700,60.0,325.75,60.2
427893,2024030800,59.5,318.0,65.8
427899,2024030700,50.75,190.5,61.3
427920,2024030812,36.0,148.0,72.1
427920,2024030900,38.75,155.5,82.9
427920,2024030912,43.25,163.5,63.7
427920,2024031000,48.0,173.0,64.7
427935,2024030800,52.0,216.75,60.8
427944,2024030812,49.75,338.25,62.2
427944,2024030900,46.5,341.25,70.9
427973,2024030912,48.75,214.5,68.0
427991,2024031112,46.0,172.25,74.9
427991,2024031200,47.0,178.75,70.0
427991,2024031212,47.5,181.25,63.8
427991,2024031300,46.0,186.75,60.0
427996,2024031100,45.0,291.25,62.5
428024,2024031212,36.75,142.0,63.2
428024,2024031300,41.25,148.75,68.9
428024,2024031312,45.0,154.75,81.4
428024,2024031400,48.5,158.5,68.1
428085,2024031512,41.5,142.25,60.2
428085,2024031600,40.25,153.75,60.3
428085,2024031612,41.25,160.25,75.5
428085,2024031700,42.0,167.5,76.0
428085,2024031712,43.5,172.5,63.6
428089,2024031900,44.75,155.75,61.9
428135,2024031900,64.0,344.5,74.3
428162,2024031800,62.5,335.75,67.0
428162,2024031812,64.25,333.75,74.6
428162,2024031900,64.0,332.5,82.3
428162,2024031912,64.75,335.0,81.1
428162,2024032000,66.0,334.75,70.2
428165,2024032100,62.25,339.0,66.9
428165,2024032112,65.0,346.25,80.4
428165,2024032200,66.0,349.5,73.0
428165,2024032212,64.0,352.75,64.1
428180,2024032100,61.5,329.75,61.9
428185,2024032012,36.25,145.75,65.5
428185,2024032100,36.5,148.5,73.0
428185,2024032112,38.25,156.75,72.2
428185,2024032200,39.0,162.75,65.1
428276,2024032312,36.5,282.5,66.1
428276,2024032412,48.75,297.25,61.0
428276,2024032500,55.0,304.75,65.6
428276,2024032512,59.0,311.0,76.7
428276,2024032600,59.5,313.5,73.3
428276,2024032612,58.25,320.0,70.0
428277,2024032312,54.5,307.0,66.5
428322,2024032412,32.25,291.25,63.5
428322,2024032500,35.5,293.0,64.6
428322,2024032512,36.5,293.0,65.5
428327,2024032412,61.0,324.5,61.6
428350,2024032700,36.0,154.0,62.7
428362,2024032512,53.75,349.25,62.6
428401,2024032712,51.5,346.25,64.1
428401,2024032800,50.0,347.75,67.4
428401,2024033012,58.25,346.0,60.5
428471,2024032900,35.75,286.75,60.6
428498,2024032912,40.25,188.0,61.5
428498,2024033100,57.25,204.0,70.6
428502,2024032912,45.75,139.25,64.1
428548,2024040100,33.0,146.25,65.0
428548,2024040112,40.25,156.5,67.4
428548,2024040200,46.5,162.75,76.7
428548,2024040212,53.0,168.0,73.1
428548,2024040300,57.5,171.0,64.9
428602,2024040312,39.25,324.5,63.6
428602,2024040400,44.25,331.75,70.5
428632,2024040400,37.25,147.75,60.6
428632,2024040600,53.5,174.25,70.2
428632,2024040612,54.75,180.5,66.4
428656,2024040412,41.0,289.25,65.5
428687,2024040512,43.75,339.0,75.1
428687,2024040600,48.25,344.0,67.1
428687,2024040612,55.25,344.0,69.4
428687,2024040700,58.5,344.5,68.9
428687,2024040712,59.25,346.75,63.1
428748,2024040812,49.5,352.0,61.5
428778,2024041100,57.5,168.0,64.0
428857,2024041200,28.75,191.25,60.5
428959,2024041512,55.5,185.25,60.2
429034,2024041812,32.0,140.75,61.6
429034,2024041900,35.5,146.25,63.1
429226,2024042300,33.0,288.0,61.3
429226,2024042312,35.25,292.0,66.5
429226,2024042612,59.25,304.0,61.3
429529,2024050612,44.75,323.25,61.3
429579,2024050400,65.5,330.5,70.6
429579,2024050412,63.5,325.75,64.7
429685,2024050912,54.25,170.75,65.6
429991,2024051612,31.5,197.25,63.7
430084,2024052012,64.5,331.25,66.9
430259,2024052512,63.25,324.25,60.6
430404,2024052812,36.25,139.0,61.9
430435,2024060300,50.5,196.5,63.9
430735,2024060700,41.0,211.25,66.8
430735,2024060712,44.75,214.0,61.3
431300,2024062112,35.5,143.0,61.6
432678,2024073100,62.5,321.75,70.2
432678,2024073112,61.25,321.75,71.9
433443,2024081500,29.5,141.0,70.2
433443,2024081512,31.75,140.75,70.0
433443,2024081600,33.5,140.75,71.5
433443,2024081612,35.0,142.0,69.9
433443,2024081700,36.75,143.75,74.2
433443,2024081712,37.75,147.25,80.4
433443,2024081800,39.5,152.75,77.7
433443,2024081812,41.75,158.0,72.5
433443,2024081900,44.25,162.75,71.2
433443,2024081912,47.75,168.5,63.3
433443,2024082000,54.0,170.5,67.5
433443,2024082012,56.75,171.25,62.9
433603,2024081700,31.0,294.75,86.2
433603,2024081712,32.75,295.5,73.0
433603,2024081800,33.5,296.0,65.5
433603,2024081812,35.25,296.75,65.6
433603,2024081900,37.75,297.75,68.0
433603,2024081912,41.0,300.0,72.1
433603,2024082000,44.75,304.75,66.6
434276,2024090300,45.0,202.25,65.2
434484,2024090712,66.75,332.75,60.9
434671,2024091800,58.5,195.0,65.4
434704,2024091500,44.25,318.5,61.2
434704,2024091512,49.75,322.75,61.5
434704,2024091600,54.25,327.25,73.1
434802,2024092612,49.5,219.75,60.7
434802,2024092700,52.5,226.0,62.1
434867,2024092100,47.75,159.75,67.7
434867,2024092112,49.0,169.5,60.5
434867,2024092200,50.75,184.25,61.3
434990,2024092912,41.25,195.5,61.6
434990,2024093000,46.75,205.75,63.5
434990,2024093012,51.25,211.75,67.7
434990,2024100100,54.25,216.0,82.0
434990,2024100112,55.75,219.0,67.8
435002,2024092500,38.0,301.0,60.6
435002,2024092900,41.25,321.75,68.1
435002,2024092912,42.75,323.5,63.6
435002,2024093000,43.75,326.0,60.2
435002,2024100412,59.75,339.75,63.7
435095,2024092812,47.75,335.5,60.9
435117,2024100512,51.0,337.0,60.3
435138,2024100200,42.0,148.25,70.6
435147,2024100100,58.5,269.5,63.6
435179,2024100312,58.5,174.0,80.1
435179,2024100400,59.0,187.0,75.3
435179,2024100412,59.5,191.5,67.2
435271,2024100600,30.5,310.0,95.2
435271,2024100612,34.5,311.5,101.4
435271,2024100700,37.75,315.0,82.1
435271,2024100712,41.0,320.25,78.4
435271,2024100800,43.0,326.75,77.5
435271,2024100812,43.25,334.5,71.0
435338,2024101200,54.0,314.25,61.2
435338,2024101212,57.0,306.5,71.1
435344,2024100712,40.75,305.5,65.2
435349,2024101100,42.0,153.5,77.1
435349,2024101112,46.25,153.0,72.1
435349,2024101200,48.25,154.25,68.9
435458,2024101112,54.75,203.5,63.0
435458,2024101200,54.75,199.25,72.2
435458,2024101212,52.0,202.75,62.8
435492,2024101212,58.25,215.5,66.5
435493,2024101300,58.5,329.0,63.5
435493,2024101312,59.75,327.5,61.4
435500,2024101412,33.5,159.5,60.1
435506,2024101300,55.25,308.0,71.1
435506,2024101312,53.0,317.25,61.7
435506,2024101400,54.75,316.0,63.7
435506,2024101412,51.75,317.5,63.5
435506,2024101500,49.5,326.25,64.3
435572,2024101612,54.25,152.0,63.2
435578,2024101700,53.5,314.0,60.2
435578,2024101800,57.75,330.5,60.1
435606,2024101800,37.25,291.0,61.0
435630,2024101800,55.0,340.75,64.9
435630,2024101812,61.5,341.5,62.5
435630,2024101900,64.5,338.25,68.7
435630,2024101912,65.0,336.75,69.5
435649,2024101900,42.25,323.75,73.2
435649,2024101912,49.25,334.25,61.6
435649,2024102000,53.75,341.25,80.6
435649,2024102012,55.5,347.5,71.0
435651,2024101912,51.25,153.0,66.4
435698,2024102412,37.25,294.0,66.6
435708,2024102412,54.25,147.5,60.9
435723,2024102300,32.5,215.25,61.1
435723,2024102312,33.75,216.75,67.4
435738,2024102412,56.5,197.75,63.8
435739,2024102512,64.0,327.0,63.9
435739,2024102600,65.25,334.25,62.5
435741,2024102500,50.0,350.25,63.0
435764,2024102612,51.0,217.5,61.3
435792,2024102812,50.0,156.5,61.4
435792,2024102900,52.75,161.5,79.5
435792,2024102912,53.5,164.25,70.0
435792,2024103000,56.0,166.25,67.9
435792,2024103012,56.0,170.25,63.0
435828,2024103000,58.25,215.0,60.2
435828,2024103012,55.25,220.25,62.1
435857,2024103100,38.0,161.0,70.3
435857,2024103112,40.75,170.25,85.8
435857,2024110100,46.25,181.25,92.0
435857,2024110112,51.75,191.75,80.5
435857,2024110200,54.75,199.75,74.1
435857,2024110212,55.75,210.25,62.6
435874,2024110100,63.0,296.25,60.1
435883,2024103112,39.75,318.0,76.8
435883,2024110100,40.0,319.75,62.8
435894,2024110312,59.0,320.0,60.7
435894,2024110400,63.75,320.5,61.5
435912,2024110300,38.25,158.5,61.8
435912,2024110312,40.0,171.0,71.4
435935,2024110412,53.0,230.0,61.8
435936,2024110400,44.0,183.75,72.3
435936,2024110412,50.5,190.5,66.3
435936,2024110500,53.0,193.5,66.8
435936,2024110512,56.5,198.25,62.6
435959,2024110512,47.25,169.75,63.8
435959,2024110600,46.75,183.75,67.1
435959,2024110612,48.5,197.0,67.5
435959,2024110700,53.75,203.75,68.6
435965,2024110612,51.75,331.75,60.1
435968,2024110800,46.25,176.75,61.2
435968,2024110812,49.5,181.25,60.0
435968,2024110900,50.5,185.5,60.2
435968,2024111000,54.25,207.25,63.3
435968,2024111100,53.0,213.75,61.0
435987,2024110812,57.0,316.0,62.9
436001,2024110812,45.75,172.75,61.3
436003,2024110800,53.0,324.5,65.7
436021,2024110912,44.5,162.25,66.6
436021,2024111000,42.25,168.5,72.2
436021,2024111100,47.75,180.75,70.2
436021,2024111112,48.25,189.5,67.6
436025,2024111000,60.75,335.5,62.9
436026,2024111100,55.5,146.25,61.3
436026,2024111112,55.75,152.75,63.2
436031,2024111012,50.5,312.25,61.4
436050,2024111200,33.75,155.75,62.7
436050,2024111212,35.25,160.75,64.3
436050,2024111300,39.25,167.75,74.4
436050,2024111312,44.5,174.75,87.0
436050,2024111400,51.5,182.5,60.9
436050,2024111412,56.0,189.75,61.7
436086,2024111412,37.75,303.75,62.7
436086,2024111500,38.75,304.0,61.4
436097,2024111500,66.5,332.75,70.6
436107,2024111612,63.75,3.75,66.7
436115,2024111600,32.5,289.5,61.5
436145,2024111812,51.5,157.0,62.9
436167,2024111912,42.25,223.0,70.1
436167,2024112000,46.75,229.0,82.8
436167,2024112012,48.0,227.75,66.6
436186,2024112112,48.25,357.25,62.7
436191,2024112112,36.5,150.75,65.1
436191,2024112200,38.0,156.75,77.3
436191,2024112212,39.0,163.25,69.4
436205,2024112300,53.75,339.25,70.3
436205,2024112312,56.0,341.75,82.6
436205,2024112400,56.0,342.25,82.9
436205,2024112412,56.75,347.75,73.6
436260,2024112612,47.0,321.25,61.4
436265,2024112700,41.0,176.25,68.2
436274,2024112712,66.75,335.25,64.6
436279,2024120100,60.5,348.25,63.9
436279,2024120112,65.5,1.25,61.8
436280,2024112700,38.5,183.75,67.9
436280,2024112712,44.25,181.5,76.7
436280,2024112800,42.0,183.25,72.4
436309,2024113012,40.25,302.75,78.4
436312,2024113012,42.75,171.5,74.4
436312,2024120100,44.0,179.75,62.8
436332,2024120300,62.25,321.0,61.5
436340,2024120612,50.0,297.5,70.8
436340,2024120700,55.5,301.0,62.7
436340,2024120712,58.75,303.75,62.9
436340,2024120800,62.5,301.5,63.4
436340,2024120812,63.5,299.25,60.8
436348,2024120412,58.25,341.0,70.6
436348,2024120500,61.5,347.75,66.7
436361,2024120600,52.25,148.0,61.1
436363,2024120500,32.25,154.0,67.4
436363,2024120700,41.5,185.5,68.2
436363,2024120712,44.0,191.25,75.2
436363,2024120800,47.5,194.5,66.3
436365,2024120412,43.75,216.75,65.2
436372,2024120500,39.5,310.0,70.0
436372,2024120512,44.0,320.25,68.9
436372,2024120612,53.0,342.5,71.1
436372,2024120700,54.5,354.0,70.9
436372,2024120712,53.25,1.75,72.3
436385,2024120712,50.75,158.75,61.9
436416,2024120800,46.0,319.5,74.6
436418,2024121000,52.75,306.0,65.2
436418,2024121012,53.75,313.25,65.3
436418,2024121100,59.25,319.75,69.0
436418,2024121112,60.75,324.5,72.6
436418,2024121200,63.5,330.75,74.1
436432,2024120912,45.0,179.0,60.5
436432,2024121000,48.0,186.5,72.5
436432,2024121012,51.0,193.0,63.8
436433,2024120812,45.25,183.0,73.9
436433,2024120900,44.75,197.25,74.0
436438,2024120912,46.0,165.5,69.6
436438,2024121000,46.75,170.5,67.2
436438,2024121012,48.25,175.25,60.3
436467,2024121300,53.25,165.75,62.7
436467,2024121312,55.0,167.75,63.1
436470,2024121200,46.25,288.0,66.4
436470,2024121300,59.0,291.5,63.1
436476,2024121200,40.0,200.5,62.2
436499,2024121312,61.75,296.5,70.7
436503,2024121400,37.5,150.75,61.5
436503,2024121412,42.25,161.0,79.7
436503,2024121500,47.75,171.25,92.1
436503,2024121512,51.5,175.5,72.0
436503,2024121600,52.25,176.5,68.5
436503,2024121700,54.75,173.75,60.7
436506,2024121500,47.5,206.5,69.5
436506,2024121512,46.5,210.0,64.2
436506,2024121600,45.25,214.0,61.6
436544,2024121712,41.25,327.25,62.5
436552,2024121700,48.75,179.5,68.3
436564,2024121900,40.25,168.5,61.1
436564,2024121912,41.5,181.5,81.7
436564,2024122000,39.25,198.25,80.6
436564,2024122012,39.0,214.0,78.9
436564,2024122100,44.75,220.25,72.8
436568,2024121812,40.0,212.75,64.5
436568,2024122000,55.75,206.25,61.1
436573,2024121912,34.75,154.0,65.2
436573,2024122000,37.5,165.0,73.0
436573,2024122012,41.0,175.75,80.8
436573,2024122100,42.0,189.0,88.8
436573,2024122112,42.25,199.25,85.3
436573,2024122200,48.25,211.75,61.9
436577,2024121912,39.5,208.25,70.8
436577,2024122000,43.75,211.75,65.5
436582,2024122012,62.5,303.75,66.2
436582,2024122100,61.5,310.0,63.0
436586,2024122100,61.0,338.5,72.9
436586,2024122112,60.5,354.0,78.3
436586,2024122212,60.75,3.5,60.8
436604,2024122112,42.75,296.75,60.6
436604,2024122212,54.25,306.5,65.7
436604,2024122300,58.0,316.0,67.0
436607,2024122212,43.25,159.75,74.2
436607,2024122300,45.5,164.5,66.0
436607,2024122312,47.25,171.25,64.4
436607,2024122400,49.25,174.5,67.3
436607,2024122412,48.25,174.5,69.2
436627,2024122400,52.75,326.75,61.5
436631,2024122300,62.5,322.75,63.7
436631,2024122312,65.5,330.0,68.2
436641,2024122400,45.5,228.5,73.5
436641,2024122412,51.25,229.75,66.8
436642,2024122412,64.75,322.5,71.2
436642,2024122500,65.0,325.0,67.2
436642,2024122512,66.0,330.0,69.4
436660,2024122512,51.75,220.0,65.0
436669,2024122700,64.75,328.75,64.4
436669,2024122712,65.75,330.0,68.7
436687,2024122712,45.25,213.75,65.4
436699,2025010612,56.5,3.25,65.6
436699,2025010700,57.25,5.0,63.5
436699,2025010712,59.0,10.0,60.1
436701,2024122800,47.0,175.75,66.3
436701,2024122812,51.5,180.0,65.6
436701,2024122900,55.75,176.25,62.2
436701,2024122912,56.0,170.0,67.7
436712,2024122912,52.0,193.75,68.9
436712,2024123012,59.0,181.5,61.5
436721,2024123012,45.75,207.75,64.6
436722,2024123012,43.5,168.75,60.2
436722,2024123100,46.0,175.5,68.7
436724,2024123100,40.25,182.5,82.0
436724,2024123112,42.75,189.75,71.4
436724,2025010100,44.0,193.25,69.7
436724,2025010112,43.5,200.5,71.8
436726,2024123000,44.75,196.75,60.5
436726,2024123012,48.0,201.0,69.8
436726,2024123100,50.5,207.0,61.6
436735,2025010100,42.25,155.0,69.6
436737,2024123100,57.25,341.75,60.8
436737,2024123112,58.25,351.25,64.3
436738,2024123100,38.5,187.75,69.0
436738,2024123112,41.25,197.0,61.6
436747,2025010112,43.5,162.75,79.2
436747,2025010200,43.25,166.5,74.6
436747,2025010212,45.5,170.75,64.7
436747,2025010300,46.25,179.0,62.4
436749,2025010300,64.5,9.25,74.6
436769,2025010500,41.5,304.0,99.3
436769,2025010512,45.75,307.5,76.5
436769,2025010600,47.75,306.25,62.0
436769,2025010612,47.25,305.25,61.0
436781,2025010612,49.0,211.0,68.5
436781,2025010700,57.25,208.5,75.2
436781,2025010712,60.25,200.5,62.9
436789,2025010612,34.25,139.5,65.7
436789,2025010700,41.0,147.25,73.3
436789,2025010712,46.5,148.5,72.1
436789,2025010800,48.0,147.0,61.0
436789,2025010812,47.75,145.5,61.4
436793,2025010700,37.5,290.75,66.2
436793,2025010712,39.5,302.5,73.3
436793,2025010800,43.25,313.5,61.1
436793,2025010812,46.75,317.25,60.5
436793,2025010900,50.75,317.5,73.2
436805,2025010800,34.25,202.5,64.7
436805,2025010812,43.5,204.75,61.7
436805,2025010900,45.75,207.25,67.3
436810,2025010800,48.5,337.75,61.5
436812,2025010912,48.0,177.5,81.6
436812,2025011000,50.5,184.0,70.2
436823,2025011012,40.0,158.75,64.5
436823,2025011100,42.5,174.5,66.5
436823,2025011112,44.5,182.25,69.3
436823,2025011200,50.5,190.75,72.7
436823,2025011212,55.5,193.5,63.5
436826,2025010912,53.5,328.75,60.8
436829,2025011112,36.25,286.75,60.7
436829,2025011200,38.5,294.5,65.5
436829,2025011212,38.25,301.5,89.1
436829,2025011300,39.5,309.75,72.0
436829,2025011312,42.25,314.75,62.7
436829,2025011400,49.25,317.5,67.0
436829,2025011500,54.25,322.25,60.2
436835,2025011012,44.5,191.25,65.4
436835,2025011100,49.25,198.75,77.4
436835,2025011112,55.5,205.5,75.1
436839,2025011012,41.25,314.75,61.4
436839,2025011112,53.25,315.0,71.3
436839,2025011200,54.0,312.75,68.0
436852,2025011200,57.0,166.5,62.8
436852,2025011212,55.75,168.0,62.4
436864,2025011312,37.75,150.0,85.1
436872,2025011312,39.25,154.5,70.2
436872,2025011400,41.5,158.0,72.6
436872,2025011412,42.25,166.0,75.7
436872,2025011500,43.5,170.0,75.3
436872,2025011512,47.25,174.75,71.6
436872,2025011600,46.75,176.25,66.1
436883,2025011700,47.25,316.0,64.4
436884,2025011512,50.0,327.25,62.1
436889,2025011512,63.5,330.5,62.1
436893,2025011612,41.5,170.5,67.0
436914,2025011700,42.0,146.5,66.7
436914,2025011900,46.5,169.25,60.8
436921,2025011700,42.5,187.75,66.1
436924,2025011712,52.5,323.25,61.4
436933,2025011900,42.25,321.25,62.3
436933,2025011912,43.5,327.75,64.6
436933,2025012000,39.5,331.5,65.2
436937,2025012100,54.0,305.5,69.2
436937,2025012112,60.25,306.25,70.5
436937,2025012200,64.0,300.0,71.5
436957,2025011912,38.75,294.5,65.7
436976,2025012112,45.0,162.25,63.5
436976,2025012200,50.5,170.0,60.1
437013,2025012212,64.0,315.0,65.7
437015,2025012300,31.5,202.5,69.1
437024,2025012300,43.25,175.25,63.6
437024,2025012312,48.25,182.0,69.2
437024,2025012400,56.75,189.25,63.8
437025,2025012300,43.0,314.25,65.4
437025,2025012312,48.5,333.0,68.9
437025,2025012400,52.75,345.5,100.6
437025,2025012412,57.5,355.5,83.8
437025,2025012500,61.5,359.0,65.2
437025,2025012512,64.25,2.5,61.3
437035,2025012312,64.5,328.25,62.6
437035,2025012412,61.5,321.25,64.9
437047,2025012500,45.0,314.0,63.6
437047,2025012512,47.0,330.25,83.9
437047,2025012600,49.0,336.75,85.3
437047,2025012612,51.5,340.0,86.1
437047,2025012700,53.25,345.75,82.0
437047,2025012712,52.75,348.75,71.7
437068,2025012612,39.0,155.0,60.1
437068,2025012700,42.5,151.75,64.3
437068,2025012712,43.25,153.5,61.0
437068,2025012812,47.5,159.5,65.3
437068,2025012900,48.0,156.0,66.3
437093,2025012812,50.5,331.25,65.1
437093,2025012900,49.5,337.5,66.8
437103,2025013100,29.0,197.5,62.9
437103,2025020200,34.75,207.0,61.9
437107,2025012900,39.25,207.25,69.1
437120,2025012900,49.5,304.25,62.7
437120,2025012912,58.5,309.25,85.8
437120,2025013000,60.75,300.5,70.1
437120,2025013012,61.25,303.75,65.8
437120,2025013112,61.75,301.5,60.9
437125,2025013000,45.5,356.75,60.8
437130,2025013012,50.0,309.75,63.6
437130,2025013100,57.5,316.5,62.0
437130,2025013112,62.5,320.25,86.7
437138,2025013112,51.0,166.5,64.1
437147,2025020112,41.75,295.25,62.9
437147,2025020200,42.5,306.25,76.3
437147,2025020212,49.25,322.75,76.6
437158,2025013112,52.75,318.5,68.5
437158,2025020100,55.0,325.5,69.8
437158,2025020112,59.5,333.0,69.7
437161,2025013112,52.25,327.0,61.0
437161,2025020100,61.0,331.75,66.9
437161,2025020112,67.0,327.25,61.5
437167,2025020212,55.5,171.0,60.1
437167,2025020300,58.5,169.0,62.7
437170,2025020112,45.75,310.5,64.9
437170,2025020200,53.75,321.25,66.7
437170,2025020212,55.5,328.25,62.7
437170,2025020300,57.25,331.5,73.2
437175,2025020400,38.5,167.5,64.2
437175,2025020412,40.25,174.25,77.0
437175,2025020500,41.75,180.0,66.6
437187,2025020212,57.75,335.5,63.8
437187,2025020312,65.5,340.0,73.7
437190,2025020412,43.75,139.25,60.0
437195,2025020400,62.75,306.0,69.3
437205,2025020500,53.75,310.75,78.4
437205,2025020512,61.5,323.25,78.2
437208,2025020412,40.75,151.75,73.4
437209,2025020412,65.0,323.25,72.1
437224,2025020512,46.0,316.5,62.5
437224,2025020600,52.75,325.5,74.5
437224,2025020612,65.25,338.75,75.9
437225,2025020512,43.5,162.0,60.2
437230,2025020700,40.0,164.0,66.1
437232,2025020600,40.5,173.0,64.6
437234,2025020612,65.25,323.75,60.5
437235,2025020800,53.75,303.5,67.5
437235,2025020812,57.25,305.5,68.3
437250,2025020812,35.5,164.0,62.9
437250,2025020900,39.0,173.75,61.4
437250,2025020912,45.0,182.25,70.6
437257,2025020812,40.25,176.5,61.4
437260,2025020900,53.5,170.75,65.3
437263,2025020800,47.5,159.25,68.5
437275,2025020900,63.0,321.0,65.6
437277,2025021000,44.0,303.5,68.0
437277,2025021012,47.75,312.0,75.9
437277,2025021100,52.25,315.0,73.7
437277,2025021112,55.5,312.5,69.3
437277,2025021200,57.5,308.0,67.8
437277,2025021212,59.0,304.0,70.2
437277,2025021300,59.75,301.75,65.6
437314,2025021300,43.25,221.0,61.3
437324,2025021300,41.5,151.0,73.1
437324,2025021312,45.25,156.0,69.5
437324,2025021400,46.25,159.5,71.2
437324,2025021412,48.25,161.25,65.8
437324,2025021512,48.5,160.75,60.7
437324,2025021600,47.75,163.75,60.4
437328,2025021400,54.5,335.25,61.7
437331,2025021312,50.75,327.5,63.1
437331,2025021400,51.0,325.25,75.6
437331,2025021412,47.25,328.0,66.3
437340,2025021300,60.25,329.5,64.5
437340,2025021312,61.75,318.25,71.6
437351,2025021512,51.5,317.5,70.1
437351,2025021600,50.75,315.5,70.0
437351,2025021612,50.25,318.25,67.8
437351,2025021700,50.75,322.0,65.0
437351,2025021900,54.25,323.25,69.3
437351,2025021912,56.25,323.5,77.1
437370,2025021700,41.75,288.0,66.5
437370,2025021800,48.25,296.5,66.6
437397,2025021800,38.5,175.25,64.2
437397,2025021812,41.0,184.0,61.2
437417,2025021900,40.75,155.0,63.4
437417,2025021912,39.75,156.0,60.4
437424,2025021900,60.0,330.75,63.4
437441,2025022000,40.5,162.75,62.3
437449,2025022112,43.0,302.5,75.5
437449,2025022200,45.75,310.0,66.0
437449,2025022212,51.75,321.75,76.5
437449,2025022300,56.25,329.25,78.5
437488,2025022312,36.5,168.5,60.2
437488,2025022512,44.75,207.75,61.3
437510,2025022312,57.25,334.0,67.2
437510,2025022400,62.75,344.75,60.4
437528,2025022412,43.5,226.5,61.6
437528,2025022500,46.75,231.5,70.2
437529,2025022512,64.25,323.0,63.8
437542,2025022512,36.5,170.5,60.9
437542,2025022600,39.75,180.25,73.9
437542,2025022612,42.0,188.25,74.6
437542,2025022700,44.25,195.5,78.7
437542,2025022712,47.0,200.0,67.7
437547,2025022612,40.5,297.25,78.5
437547,2025022700,48.25,306.0,70.4
437547,2025022712,55.25,314.0,77.1
437547,2025022800,61.5,321.25,82.9
437547,2025022812,64.5,324.25,86.2
437547,2025030100,64.75,323.0,67.5
437572,2025030112,59.75,313.75,71.4
437572,2025030200,63.75,320.5,83.6
437572,2025030212,63.5,323.5,91.5
437572,2025030300,65.5,335.0,74.2
437665,2025030312,48.0,169.0,60.2
437665,2025030400,49.0,170.5,60.7
437665,2025030412,50.0,173.25,65.6
437669,2025030400,62.5,320.75,86.0
437669,2025030412,63.25,324.75,83.2
437669,2025030512,63.5,325.25,65.6
437669,2025030600,61.75,320.5,64.1
437672,2025030400,41.0,310.75,72.0
437672,2025030412,48.0,319.25,70.6
437672,2025030500,54.0,329.25,60.4
437672,2025030600,64.75,358.75,62.6
437702,2025030412,67.0,348.0,62.8
437709,2025030600,38.75,147.0,63.3
437709,2025030812,54.75,168.75,63.7
437709,2025030900,55.0,170.75,61.8
437727,2025030712,64.75,2.5,64.3
437763,2025030712,35.0,161.0,61.6
437763,2025030800,42.0,172.0,73.3
437792,2025030900,57.5,300.5,65.9
437792,2025030912,61.75,297.0,64.6
437800,2025030912,58.5,181.0,61.5
437800,2025031000,57.5,178.0,62.1
437800,2025031012,58.75,186.25,63.1
437821,2025031012,38.75,160.0,68.0
437821,2025031100,39.0,161.0,82.3
437821,2025031112,39.0,164.5,71.2
437825,2025031012,63.75,301.75,61.8
437829,2025031600,39.5,334.5,64.6
437829,2025031612,39.5,337.5,75.0
437829,2025031700,38.0,341.75,63.0
437848,2025031200,41.5,335.75,63.8
437968,2025031600,52.25,314.75,61.5
437968,2025031612,51.5,326.0,60.0
437996,2025031612,56.25,169.75,60.2
438001,2025031700,40.5,145.5,68.5
438001,2025031712,43.5,150.75,71.2
438001,2025031800,47.75,158.75,64.7
438001,2025031812,51.5,165.5,65.9
438047,2025031912,38.0,147.75,66.5
438047,2025032012,45.0,164.75,72.0
438047,2025032100,46.25,172.5,71.7
438047,2025032112,46.75,178.5,61.9
438049,2025032012,64.25,326.25,61.2
438049,2025032100,64.75,327.0,60.5
438066,2025031912,56.5,220.25,63.7
438067,2025031912,46.5,227.25,60.7
438084,2025032000,38.25,349.0,65.4
438084,2025032012,43.25,347.25,62.3
438254,2025032612,41.5,221.75,68.5
438254,2025032700,42.75,223.25,61.2
438297,2025032900,53.25,151.5,60.0
438313,2025040300,55.75,308.5,73.6
438338,2025033000,52.25,323.0,72.7
438338,2025033012,58.75,329.5,76.0
438338,2025033100,64.25,334.5,69.1
438338,2025033112,63.5,328.25,64.4
438345,2025033000,31.75,183.0,60.7
438373,2025033012,43.75,321.5,62.3
438421,2025040200,33.75,142.75,65.8
438421,2025040212,38.75,147.5,61.2
438494,2025040400,44.75,200.5,66.7
438494,2025040412,48.75,204.25,63.0
438525,2025040600,41.5,321.25,60.9
438525,2025040612,42.75,325.0,61.5
438567,2025040812,59.5,306.25,67.1
438567,2025040900,59.75,299.25,60.2
438642,2025041000,56.0,313.75,60.0
438642,2025041012,60.25,317.75,61.8
438642,2025041100,63.5,324.0,61.0
438719,2025041200,33.0,149.75,62.5
438719,2025041300,34.75,158.5,62.6
438825,2025041400,58.0,209.5,60.9
438944,2025041900,48.0,349.5,61.9
439121,2025042312,54.25,325.75,60.7
439164,2025042812,49.0,179.0,63.7
439265,2025042900,37.5,146.25,64.0
439274,2025042912,59.25,320.5,64.0
439274,2025043000,60.5,328.25,61.7
439406,2025050212,32.75,144.75,60.3
439479,2025050512,56.25,203.5,63.6
439591,2025050900,64.25,325.5,62.8
439874,2025051612,56.75,317.25,65.1
440366,2025053100,31.75,138.75,63.5
440667,2025061000,56.25,319.25,63.4
442343,2025072312,56.25,315.0,61.2
442626,2025080100,32.5,141.75,60.9
442626,2025080112,34.5,141.25,62.8
442626,2025080200,36.25,142.75,62.8
442626,2025080212,38.25,145.5,63.7
442757,2025073112,44.0,174.75,62.1
442869,2025080412,58.5,355.0,65.5
442869,2025080500,60.25,2.25,68.9
443031,2025080800,43.0,313.5,65.9
443031,2025080812,44.75,316.5,68.0
443399,2025082100,32.0,286.75,107.3
443399,2025082112,34.75,288.25,92.2
443399,2025082200,36.75,291.75,83.8
443399,2025082212,38.75,295.75,76.6
443399,2025082300,40.5,301.75,88.5
443399,2025082312,42.25,309.75,86.1
443399,2025082400,47.25,320.5,79.0
443399,2025082412,50.75,329.25,85.6
443399,2025082500,53.75,334.0,71.5
443953,2025090600,35.75,150.0,72.6
444108,2025090900,52.0,190.5,63.8
444272,2025091512,53.0,168.25,60.9
444318,2025091300,63.75,340.25,63.6
444334,2025091512,54.75,214.25,62.5
444410,2025091700,54.25,339.0,61.1
444410,2025091712,57.5,345.5,62.5
444500,2025092100,27.25,152.75,72.6
444500,2025092112,28.5,151.0,75.0
444500,2025092200,29.5,151.0,79.6
444500,2025092212,30.25,151.75,87.1
444500,2025092300,30.5,152.75,87.1
444500,2025092312,30.5,153.0,70.1
444500,2025092400,30.5,154.5,68.1
444500,2025092412,31.25,157.0,70.8
444500,2025092500,32.75,157.25,67.1
444500,2025092800,34.25,162.25,65.7
444500,2025092812,38.0,166.75,80.8
444500,2025092900,41.75,171.75,72.0
444520,2025092100,43.25,145.75,63.2
444592,2025092512,36.25,322.75,63.1
444592,2025092612,39.75,335.5,67.3
444592,2025092700,41.0,341.25,68.3
444673,2025092512,56.5,331.25,60.2
444673,2025092600,58.25,334.0,62.8
444711,2025092612,54.25,219.5,70.4
444711,2025092700,57.0,224.0,61.8
444730,2025093012,32.5,290.5,68.7
444730,2025100100,34.75,290.75,62.4
444730,2025100112,35.75,293.75,74.7
444734,2025100112,30.75,288.5,65.0
444734,2025100200,31.5,293.75,75.3
444734,2025100212,33.25,299.25,93.2
444734,2025100300,35.5,307.0,68.1
444734,2025100312,37.5,310.5,71.1
444734,2025100400,39.75,311.25,69.7
444734,2025100412,41.75,312.5,65.8
444734,2025100600,50.75,326.75,60.7
444820,2025093012,47.75,225.5,61.2
444871,2025100512,53.25,149.0,61.3
444883,2025100212,44.0,157.5,60.0
444883,2025100300,49.25,166.25,66.3
444883,2025100500,61.25,179.75,62.6
444910,2025100212,41.75,314.75,62.7
444910,2025100300,49.75,335.25,63.9
444910,2025100312,55.25,347.5,63.2
444910,2025100400,59.5,356.75,80.7
444910,2025100412,61.75,358.75,66.4
444910,2025100500,61.0,1.5,62.1
444922,2025100312,63.0,355.25,65.7
444949,2025100712,28.25,137.25,71.8
444949,2025100800,29.5,137.0,75.6
444949,2025100812,31.5,138.25,78.5
444949,2025100900,33.0,141.0,98.3
444949,2025100912,34.0,146.5,78.1
444949,2025101000,34.5,154.25,84.1
444949,2025101012,35.0,162.0,81.9
444949,2025101100,38.25,171.75,68.6
444949,2025101112,45.0,182.25,64.3
444949,2025101212,61.5,192.5,77.2
444975,2025100612,45.5,163.5,70.5
444975,2025100700,54.25,174.25,63.3
444975,2025100712,60.75,179.5,67.1
445000,2025100812,50.0,149.75,62.5
445000,2025100900,50.75,158.0,69.4
445000,2025100912,51.0,160.0,71.0
445000,2025101000,51.75,167.5,68.3
445000,2025101012,53.0,166.25,63.1
445000,2025101100,53.5,166.5,62.4
445051,2025101300,33.0,140.25,75.1
445051,2025101312,34.0,145.0,70.6
445051,2025101400,34.75,150.75,71.9
445051,2025101412,35.25,156.75,72.2
445051,2025101500,34.75,162.5,61.8
445051,2025101812,51.5,214.5,66.9
445075,2025101100,57.0,313.5,63.1
445131,2025101200,46.5,324.5,66.5
445131,2025101312,53.0,318.5,60.1
445146,2025101412,48.75,184.75,64.7
445146,2025101500,51.25,186.25,69.8
445146,2025101512,54.0,195.5,60.1
445245,2025101600,58.25,209.0,71.1
445262,2025101700,37.75,150.5,63.6
445262,2025101712,37.25,157.0,74.5
445262,2025101800,39.75,168.0,62.9
445262,2025101812,43.5,177.75,66.0
445262,2025101900,47.5,186.0,86.1
445262,2025101912,50.5,195.75,82.3
445262,2025102000,53.25,207.0,68.8
445290,2025102000,51.5,170.25,69.0
445290,2025102012,51.0,182.0,61.4
445290,2025102100,53.75,193.75,60.9
445290,2025102200,54.5,216.25,64.2
445336,2025102212,51.25,201.75,60.4
445340,2025102200,60.25,354.75,63.2
445340,2025102212,61.5,350.0,72.6
445340,2025102300,60.75,350.5,68.0
445393,2025102412,46.25,210.75,60.2
445393,2025102500,45.5,220.0,61.0
445419,2025102700,39.0,152.25,60.2
445419,2025102900,48.25,200.0,71.7
445419,2025102912,54.25,206.0,67.8
445419,2025103000,56.5,204.25,71.2
445419,2025103100,54.5,211.5,65.7
445442,2025102812,47.5,220.0,76.4
445442,2025102900,51.5,225.75,73.3
445464,2025102800,49.75,147.75,66.0
445479,2025102900,35.75,291.0,62.7
445489,2025102912,46.5,327.25,65.9
445489,2025103000,49.75,335.5,60.4
445489,2025103012,52.25,339.5,61.9
445489,2025103100,55.5,343.25,62.3
445489,2025110100,61.0,339.0,65.9
445489,2025110112,60.0,339.25,61.1
445496,2025110112,50.0,298.0,61.5
445509,2025103100,31.5,291.5,105.4
445509,2025103112,37.25,298.0,89.1
445509,2025110100,43.5,304.25,73.4
445509,2025110112,49.75,312.0,71.2
445509,2025110200,53.25,315.75,64.7
445515,2025103000,46.0,194.5,72.6
445515,2025103012,48.25,204.5,82.6
445515,2025103100,49.75,210.75,66.3
445533,2025110100,40.75,143.0,83.2
445533,2025110112,45.0,148.0,64.7
445589,2025110412,43.75,300.0,63.6
445589,2025110500,47.5,305.75,70.7
445589,2025110512,50.25,310.5,61.6
445589,2025110600,51.75,313.25,64.3
445589,2025110612,52.75,316.75,63.2
445589,2025110700,54.25,321.0,65.8
445596,2025110612,44.5,297.5,62.4
445596,2025110700,45.5,305.75,77.1
445596,2025110712,51.5,315.25,69.9
445596,2025110800,54.0,320.0,78.9
445596,2025110812,55.75,318.75,76.8
445596,2025110900,55.0,319.0,69.1
445601,2025110512,45.25,345.0,60.3
445608,2025110700,51.5,228.75,65.1
445638,2025110612,36.25,152.0,60.1
445638,2025110700,40.75,157.75,66.9
445638,2025110712,46.5,164.0,74.5
445638,2025110800,51.75,166.25,76.0
445638,2025110812,54.5,169.5,65.6
445638,2025110900,56.25,173.0,61.1
445641,2025110712,49.0,153.25,61.5
445648,2025111012,49.75,150.75,70.0
445672,2025110912,57.75,325.5,66.1
445695,2025111000,51.5,206.5,60.3
445708,2025111412,48.75,158.0,61.0
445708,2025111612,55.25,177.5,67.9
445708,2025111700,56.25,176.0,62.9
445719,2025111200,56.5,155.0,61.1
445727,2025111200,46.5,300.75,62.5
445727,2025111212,53.5,300.0,66.4
445727,2025111300,57.75,298.0,70.3
445727,2025111312,62.5,293.75,60.7
445736,2025111312,41.5,231.5,62.1
445749,2025111412,33.75,160.5,62.0
445749,2025111500,36.75,170.0,72.0
445749,2025111512,41.25,179.75,73.5
445749,2025111600,47.0,188.25,72.7
445749,2025111612,53.75,194.75,60.2
445775,2025111712,54.5,311.5,60.2
445789,2025111712,49.5,147.0,62.9
445789,2025111800,49.0,151.25,63.8
445789,2025111812,49.25,157.75,64.2
445811,2025111912,53.0,216.0,65.8
445811,2025112000,55.0,216.0,60.0
445812,2025111800,53.75,303.75,65.5
445835,2025111912,48.25,188.5,71.3
445835,2025112000,53.75,198.25,60.5
445835,2025112012,56.5,204.75,66.3
445882,2025112300,50.5,170.75,64.1
445882,2025112312,51.5,171.25,67.8
445882,2025112400,51.5,173.0,61.6
445919,2025112700,54.75,330.25,72.4
445919,2025112712,57.75,340.0,82.1
445919,2025112800,60.25,347.5,70.1
445919,2025112812,63.5,357.5,61.1
445928,2025112700,39.75,169.5,62.1
445928,2025112712,41.5,174.5,81.6
445928,2025112800,39.0,180.0,75.0
445928,2025112812,42.0,184.5,65.5
445928,2025112900,43.25,186.75,62.0
445939,2025112700,35.5,197.0,63.4
445939,2025112712,39.0,205.5,70.4
445939,2025112800,41.75,212.0,62.9
445964,2025112812,39.0,297.75,60.5
445964,2025113000,58.5,321.5,77.3
445964,2025113012,58.5,325.5,65.6
445964,2025120100,57.75,332.0,63.8
445964,2025120200,57.75,343.0,60.9
445969,2025120112,37.75,196.75,73.1
445977,2025120200,48.25,198.75,62.4
445981,2025120112,49.25,145.5,72.6
445981,2025120200,54.25,145.25,63.1
445982,2025120212,57.0,310.25,63.8
445982,2025120300,58.0,323.0,68.9
445982,2025120312,58.0,323.5,71.9
445990,2025120212,54.0,195.25,66.1
445990,2025120300,54.5,191.25,63.1
446017,2025120300,40.25,289.5,69.7
446017,2025120312,44.75,300.0,71.7
446017,2025120400,45.75,306.75,75.9
446017,2025120412,51.0,321.25,69.2
446017,2025120500,53.75,328.5,71.1
446017,2025120512,55.5,340.5,67.2
446025,2025120400,46.5,155.25,65.2
446025,2025120412,52.75,156.5,81.9
446025,2025120500,57.25,153.0,69.3
446031,2025120400,56.5,342.75,62.6
446048,2025120512,48.75,306.25,63.2
446048,2025120600,51.0,311.25,76.7
446048,2025120612,49.0,318.75,77.9
446048,2025120700,50.75,325.25,68.3
446054,2025120600,45.25,166.0,63.7
446054,2025120612,47.5,168.0,64.3
446054,2025120700,47.5,171.25,61.0
446054,2025120712,46.25,175.25,60.6
446092,2025120800,56.75,1.5,62.6
446097,2025120800,58.25,328.5,63.2
446097,2025120812,55.0,323.0,60.7
446098,2025120900,47.0,305.0,66.9
446098,2025120912,51.25,313.0,81.2
446098,2025121000,54.25,318.25,76.9
446098,2025121012,55.75,320.75,73.4
446098,2025121100,55.5,325.25,76.9
446101,2025120812,42.75,336.0,67.2
446101,2025120912,55.75,346.75,61.4
446101,2025121000,59.25,351.75,72.2
446101,2025121012,63.0,354.5,67.6
446102,2025120900,59.5,303.25,61.9
446115,2025121012,33.75,166.25,60.0
446115,2025121100,37.75,169.25,82.9
446115,2025121112,41.75,169.25,81.2
446115,2025121200,43.25,169.0,60.4
446118,2025120912,39.75,313.0,66.0
446118,2025121012,47.25,332.5,69.7
446118,2025121100,56.25,339.0,75.9
446118,2025121112,61.5,334.25,75.9
446118,2025121200,60.0,332.25,68.2
446124,2025121212,46.25,211.5,63.3
446124,2025121300,47.0,208.75,65.8
446139,2025121212,47.75,155.25,62.2
446139,2025121300,48.75,154.0,76.5
446140,2025121112,60.25,308.75,61.0
446140,2025121312,55.75,312.0,64.2
446140,2025121400,56.75,321.5,62.4
446140,2025121412,57.25,328.0,60.9
446157,2025121312,61.0,344.0,65.3
446157,2025121400,66.0,356.25,65.3
446162,2025121400,63.0,345.5,60.4
446163,2025121412,40.75,145.0,69.8
446163,2025121500,43.5,146.5,71.7
446163,2025121512,45.25,150.5,64.0
446179,2025121500,53.5,217.75,67.9
446179,2025121512,56.5,220.5,63.8
446179,2025121600,57.25,220.5,64.1
446180,2025121512,46.25,302.5,63.4
446180,2025121600,49.5,306.0,74.5
446180,2025121612,52.25,316.5,102.6
446180,2025121700,57.0,328.0,79.6
446180,2025121712,59.5,331.25,75.9
446180,2025121800,59.25,333.0,71.4
446203,2025121612,53.25,142.25,69.0
446203,2025121700,53.0,145.75,66.6
446227,2025122100,58.0,304.0,78.4
446227,2025122112,63.0,306.0,65.4
446251,2025121912,59.0,326.5,70.8
446251,2025122000,60.25,330.25,64.9
446254,2025121912,64.25,3.0,60.7
446316,2025122500,63.25,322.25,71.3
446332,2025122412,39.25,297.75,63.8
446332,2025122500,41.75,303.25,70.8
446332,2025122512,42.5,305.0,64.3
446332,2025122600,48.75,306.5,70.5
446332,2025122612,53.0,306.0,63.5
446332,2025122700,57.25,306.5,62.3
446341,2025122512,37.0,143.25,65.6
446341,2025122600,36.75,142.5,73.2
446364,2025122612,41.5,302.75,73.4
446364,2025122700,42.5,306.5,66.6
446364,2025122800,47.0,308.5,61.7
446365,2025122600,47.25,149.0,60.3
446365,2025122612,53.25,149.25,70.3
446389,2025122800,34.5,299.25,69.1
446389,2025122812,36.75,307.0,76.5
446389,2025122900,40.5,311.5,64.3
446390,2025122712,51.0,199.5,63.7
446390,2025122800,51.25,198.0,60.3
446394,2025123012,56.75,210.0,60.5
446410,2025122900,38.25,166.5,61.2
446410,2025122912,42.0,166.25,61.3
446410,2026010100,54.25,169.25,62.6
446410,2026010112,57.75,172.5,61.9
446426,2025123112,56.75,284.75,66.7
446426,2026010100,57.0,281.5,65.5
446452,2026010100,43.25,164.5,67.9
446452,2026010112,49.0,171.75,74.2
446462,2026010300,56.0,169.5,63.5
446490,2026010300,37.25,151.5,64.2
446490,2026010312,40.75,158.5,72.7
446490,2026010400,45.0,166.5,79.3
446490,2026010412,54.5,175.75,68.5
446490,2026010500,55.25,180.5,73.2
446490,2026010512,58.5,191.75,66.1
446490,2026010600,59.5,203.75,68.4
446490,2026010612,59.75,210.25,61.4
446490,2026010700,60.25,212.25,68.4
446490,2026010712,60.0,213.0,63.8
446493,2026010600,54.5,311.25,68.9
446493,2026010612,59.25,308.5,76.2
446493,2026010700,61.25,307.5,61.0
446514,2026010412,58.25,305.0,67.1
446569,2026010800,48.75,180.75,63.9
446569,2026010812,51.0,186.75,66.6
446569,2026010900,50.5,194.5,69.3
446573,2026010700,63.5,320.25,70.7
446573,2026010712,62.25,320.5,66.8
446577,2026010812,61.0,346.5,60.1
446577,2026011112,59.75,345.75,62.1
446582,2026010900,46.25,156.75,64.2
446582,2026010912,49.25,155.0,68.0
446591,2026010812,50.25,350.0,60.9
446591,2026010900,50.5,0.0,65.6
446596,2026010812,36.5,160.25,64.5
446596,2026011000,42.25,173.0,66.9
446596,2026011012,41.75,180.0,70.3
446608,2026011112,47.0,145.25,60.4
446640,2026011200,44.0,295.5,60.6
446640,2026011212,47.75,301.75,62.5
446640,2026011300,50.5,306.0,74.6
446640,2026011312,53.75,316.75,79.4
446640,2026011400,56.5,322.5,66.6
446640,2026011412,58.25,327.5,60.2
446640,2026011512,54.25,338.0,61.5
446647,2026011400,47.5,148.25,68.8
446647,2026011412,49.25,148.75,62.2
446649,2026011312,47.0,216.0,60.9
446649,2026011400,53.75,217.75,61.8
446650,2026011112,41.25,149.5,70.0
446650,2026011200,49.25,150.75,77.8
446650,2026011212,51.5,148.75,69.3
446650,2026011300,53.75,141.75,63.7
446651,2026011200,57.75,351.0,66.8
446651,2026011212,61.75,355.5,72.1
446651,2026011300,65.0,353.75,67.6
446662,2026011212,41.5,167.75,62.9
446684,2026011312,39.5,183.5,62.7
446684,2026011400,38.25,187.75,63.1
446693,2026011412,41.5,196.75,64.0
446693,2026011500,44.75,198.75,63.9
446701,2026011600,44.75,177.75,64.6
446701,2026011612,42.5,181.75,68.4
446705,2026011512,39.75,203.0,61.8
446709,2026011512,43.75,285.5,62.1
446728,2026011612,43.75,300.0,80.7
446728,2026011700,52.5,306.75,66.7
446728,2026011712,57.5,312.0,71.3
446728,2026011800,60.5,312.25,73.9
446728,2026011812,60.25,314.0,65.8
446734,2026011612,50.0,186.5,63.3
446734,2026011700,54.75,187.5,60.2
446755,2026011900,37.75,175.0,62.2
446755,2026012012,52.25,183.5,62.6
446767,2026011900,38.0,292.25,72.4
446767,2026011912,44.5,300.0,66.9
446767,2026012000,49.75,309.5,61.3
446767,2026012012,52.25,327.25,63.7
446767,2026012100,50.5,341.75,69.5
446767,2026012112,51.5,348.75,60.7
446767,2026012300,62.75,325.0,69.6
446777,2026012012,45.5,152.75,64.3
446777,2026012100,46.5,159.5,67.8
446783,2026012412,44.75,188.0,70.6
446790,2026012212,62.0,324.0,67.3
446804,2026012400,51.75,169.5,61.3
446823,2026012400,59.0,316.5,63.8
446823,2026012512,60.25,302.25,69.2
446823,2026012600,61.25,298.5,60.9
446827,2026012212,61.75,313.25,63.0
446827,2026012300,61.5,307.75,67.9
446829,2026012212,49.5,339.25,69.8
446829,2026012300,47.5,350.5,78.2
446829,2026012312,49.0,353.0,69.3
446829,2026012500,53.0,353.75,62.0
446831,2026012412,52.0,336.0,66.1
446845,2026012500,47.75,318.5,68.1
446845,2026012512,54.25,322.75,73.3
446845,2026012600,54.25,320.25,86.8
446845,2026012612,52.75,323.0,79.4
446845,2026012700,52.25,328.0,70.2
446845,2026012712,51.0,331.25,60.7
446845,2026012800,51.25,339.75,66.0
446853,2026012600,44.5,165.25,64.9
446853,2026012712,44.75,167.5,66.5
446853,2026012912,42.0,188.75,62.8
446853,2026013000,40.25,202.0,61.8
446879,2026012600,36.5,168.5,61.1
446879,2026012612,45.75,173.25,66.0
446880,2026012612,41.5,294.25,70.1
446880,2026012700,42.25,297.75,61.4
446880,2026012712,44.75,301.5,64.1
446880,2026012800,47.25,309.25,74.1
446892,2026012712,51.5,352.25,66.7
446894,2026012800,41.5,182.5,62.5
446894,2026012812,41.5,190.5,61.7
446912,2026012900,56.0,326.5,71.9
446912,2026012912,53.75,320.75,69.3
446912,2026013000,54.75,318.75,61.1
446915,2026012800,45.25,210.25,68.7
446919,2026012812,39.0,359.75,65.3
446920,2026012812,49.25,322.5,72.0
446920,2026012900,51.25,332.5,74.3
446920,2026012912,51.0,340.25,66.6
446921,2026012812,60.75,194.0,62.9
446928,2026013012,46.5,315.75,73.0
446928,2026013100,51.25,322.0,73.2
446928,2026013112,53.5,323.5,69.0
446929,2026013012,59.25,171.75,67.4
446938,2026013012,37.75,166.25,69.3
446938,2026013100,40.25,174.25,66.0
446963,2026013112,43.0,181.5,65.6
446963,2026020100,43.25,185.25,60.8
446964,2026020100,33.75,285.5,60.0
446964,2026020112,34.25,287.5,84.0
446965,2026020100,31.0,292.5,68.9
446965,2026020112,39.0,297.5,75.0
446977,2026020200,39.25,295.75,75.2
446977,2026020212,44.0,304.5,70.5
446977,2026020300,46.75,310.0,65.1
446977,2026020312,49.0,323.75,60.2
446977,2026020400,47.75,324.75,60.2
447001,2026020400,40.75,166.5,68.4
447001,2026020412,38.25,172.25,68.6
447032,2026020500,40.0,194.75,60.9
447041,2026020600,45.5,140.75,62.2
447042,2026020612,54.0,314.25,63.7
447042,2026020700,55.0,308.5,63.9
447049,2026020612,36.0,293.75,64.6
447049,2026020700,39.25,300.25,78.9
447049,2026020712,43.0,309.75,71.7
447049,2026020800,46.0,315.0,70.6
447058,2026020700,46.5,154.25,66.3
447058,2026020800,53.25,163.75,61.4
447064,2026020800,38.0,295.5,66.3
447064,2026020812,37.5,299.25,72.9
447064,2026020900,39.25,308.25,75.9
447074,2026020800,37.5,165.5,60.2
447074,2026020812,45.0,179.25,62.3
447074,2026020900,52.25,185.75,73.8
447092,2026020912,46.0,173.25,64.6
447092,2026021000,50.75,179.5,74.5
447092,2026021012,55.25,183.5,73.2
447092,2026021100,57.0,185.5,62.6
447136,2026021012,33.75,230.75,67.1
447145,2026021300,55.5,162.25,60.9
447145,2026021312,56.25,162.25,62.9
447148,2026021400,55.25,310.5,69.6
447148,2026021412,58.0,319.75,60.9
447163,2026021200,53.0,211.5,66.7
447163,2026021212,56.25,218.5,65.4
447168,2026021200,50.25,2.0,70.8
447183,2026021312,43.25,176.0,63.5
447189,2026021500,64.5,354.0,60.9
447220,2026021612,57.0,173.5,62.4
447220,2026021700,61.5,179.5,67.3
447227,2026021500,59.25,333.0,67.5
447241,2026021612,37.25,288.0,61.2
447241,2026021700,37.25,293.5,76.0
447241,2026021712,39.0,300.0,82.9
447241,2026021800,42.0,306.0,75.5
447241,2026021812,45.25,310.5,64.2
447241,2026021900,49.0,313.75,66.5
447241,2026021912,50.25,316.25,65.8
447262,2026021600,66.5,2.0,64.4
447267,2026021612,45.0,320.5,62.6
447267,2026021812,55.25,344.5,62.3
447277,2026021700,62.5,320.5,63.0
447277,2026021712,61.25,323.5,65.9
447277,2026021800,60.0,324.75,62.5
447308,2026021900,42.5,150.5,60.8
447308,2026021912,43.25,153.0,63.9
447308,2026022000,45.0,158.0,63.0
447323,2026021812,49.0,351.75,60.2
447346,2026022000,59.75,217.5,63.5
447346,2026022012,59.25,216.5,62.5
447346,2026022100,55.5,216.0,61.0
447355,2026022212,42.75,211.5,61.7
447357,2026022100,53.75,321.25,67.2
447357,2026022112,54.75,325.75,64.8
447357,2026022200,57.5,327.5,64.8
447365,2026022200,42.5,307.25,75.3
447365,2026022212,45.5,311.25,68.2
447365,2026022300,44.25,315.0,72.6
447365,2026022312,44.75,324.0,68.8
447379,2026022200,44.0,230.5,63.4
447379,2026022212,49.0,226.25,62.6
447396,2026022312,39.0,289.75,79.5
447396,2026022400,41.75,293.25,72.0
447396,2026022412,45.5,299.5,64.2
447396,2026022612,63.0,336.75,65.2
447396,2026022700,64.75,344.25,76.1
447408,2026022412,40.25,175.0,62.6
447476,2026022600,60.0,216.5,65.0
447508,2026030212,62.5,297.5,62.1
447508,2026030300,61.25,301.5,61.4
447513,2026022812,40.0,150.0,60.9
447513,2026030100,42.75,150.75,65.2
447536,2026022800,66.25,333.25,65.2
447568,2026030200,56.25,344.0,61.7
447577,2026030412,36.5,145.25,75.8
447577,2026030500,38.0,147.5,65.1
447577,2026030512,37.0,150.75,65.5
447577,2026031000,33.0,186.5,68.3
447577,2026031012,35.25,187.0,64.2
447577,2026031100,35.25,184.0,60.3
447589,2026030212,52.75,319.0,61.2
447622,2026030300,58.75,314.5,62.9
447622,2026030312,61.25,319.0,80.1
447649,2026030400,66.0,336.0,61.2
447676,2026030500,49.5,312.25,61.9
447676,2026030600,59.75,326.5,75.2
447676,2026030612,62.0,328.5,63.8
447676,2026030700,64.0,331.0,69.9
447683,2026030612,55.25,203.5,61.4
447683,2026030700,59.5,211.75,62.0
447733,2026030800,61.75,224.0,62.4
447734,2026031112,58.5,327.75,61.7
447734,2026031200,60.25,340.25,68.1
447736,2026031112,62.25,301.5,72.0
447736,2026031200,58.75,307.5,65.3
447755,2026031012,57.5,338.0,71.2
447755,2026031100,61.5,346.5,69.6
447758,2026031012,64.75,335.0,61.1
447816,2026031112,37.0,188.25,70.1
447816,2026031200,36.25,184.25,65.2
447844,2026031312,30.75,139.0,66.5
447844,2026031400,28.25,140.0,64.9
447849,2026031312,46.0,302.0,63.2
447849,2026031400,53.5,308.5,66.2
447849,2026031412,59.75,319.5,83.5
447849,2026031500,61.0,333.5,81.9
447849,2026031512,61.75,338.75,74.7
447849,2026031600,61.75,343.75,61.6
447853,2026031612,44.75,277.75,61.2
447865,2026031412,29.25,148.0,70.2
447865,2026031500,30.25,153.5,63.5
447865,2026031800,40.75,159.25,65.2
447865,2026031812,41.5,160.5,63.0
447875,2026031600,48.0,317.25,62.8
447896,2026031600,54.5,222.75,61.5
447896,2026031700,59.0,214.0,61.7
447896,2026031712,58.0,215.0,60.4
447906,2026031612,57.5,335.0,63.6
447926,2026031800,58.25,292.5,78.7
447926,2026031812,62.5,301.5,69.7
447985,2026032012,67.0,330.0,79.1
447985,2026032200,65.25,328.75,64.0
448036,2026032200,62.75,343.0,86.9
448036,2026032212,66.5,354.75,77.9
448039,2026032400,43.25,300.5,60.7
448039,2026032512,53.75,311.5,69.2
448039,2026032600,57.25,317.5,82.8
448039,2026032612,61.25,327.75,80.9
448039,2026032700,63.0,334.75,73.4
448039,2026032712,64.0,346.75,66.5
448047,2026032100,65.25,306.25,67.6
448064,2026032312,60.75,334.25,74.9
448064,2026032400,62.5,348.75,65.0
448131,2026032412,36.5,157.25,62.6
448131,2026032500,41.0,162.0,74.2
448131,2026032512,46.0,159.25,61.4
448279,2026032800,56.5,308.75,69.5
448279,2026032812,58.25,311.5,67.0
448318,2026032812,61.0,319.5,79.4
448318,2026032900,61.5,322.75,84.8
448318,2026032912,64.0,331.75,64.2
448331,2026032900,64.25,310.5,60.5
448365,2026040100,61.75,301.5,66.8
448365,2026040112,59.5,307.25,61.6
448381,2026033112,56.25,310.0,60.8
448416,2026040212,40.5,146.5,60.5
448427,2026040200,61.5,318.5,61.7
448427,2026040212,61.5,320.5,65.3
448427,2026040300,61.75,323.5,61.2
448427,2026040312,62.25,325.75,66.9
448427,2026040412,60.75,320.25,64.8
448536,2026040412,52.75,347.0,63.1
448536,2026040500,58.0,357.5,60.3
448536,2026040512,59.25,9.0,76.6
448544,2026040500,46.75,317.5,73.4
448544,2026040512,48.75,326.5,93.0
448544,2026040600,53.5,331.5,76.8
448544,2026040612,58.0,332.5,71.0
448544,2026040700,61.5,334.0,68.6
448544,2026040712,65.0,333.0,65.5
448694,2026041012,55.25,340.0,71.3
448694,2026041100,55.75,344.5,68.4
448694,2026041112,57.25,347.0,67.5
448716,2026041012,36.75,193.25,60.9
448761,2026041400,49.75,323.5,62.0
448824,2026041800,51.75,174.25,62.3
448824,2026041812,54.0,177.0,61.6
448824,2026041900,56.25,179.0,69.8
448824,2026041912,57.25,179.0,63.5
448909,2026041712,61.25,318.75,64.6
448916,2026041812,54.75,321.75,61.9
448916,2026041912,59.0,320.5,60.2
448925,2026041912,28.0,153.25,60.4
448956,2026042200,45.75,339.5,62.7
448999,2026042100,60.5,302.0,60.5
449029,2026042600,50.25,182.5,69.1
449101,2026042400,40.75,303.5,60.0
449101,2026042412,42.25,306.0,63.1
449190,2026042912,48.75,178.75,60.1
449211,2026042700,62.25,321.75,67.4
449211,2026042712,61.25,319.0,67.5
449211,2026042800,63.5,321.0,75.8
449211,2026042812,64.0,323.5,63.1
449340,2026050200,42.5,145.25,60.0
449366,2026050312,40.5,293.5,61.5
449366,2026050400,44.25,297.5,65.1
449421,2026050400,44.75,206.0,70.4
449789,2026051412,35.75,291.75,61.2
449789,2026051500,40.75,296.25,62.0
449974,2026052300,56.0,318.25,60.8
450000,2026052012,50.25,178.75,61.8
450023,2026052312,37.0,162.0,71.9
450023,2026052400,40.25,168.75,71.3
450023,2026052412,44.25,175.5,61.1
450023,2026052500,48.0,180.0,64.8
450023,2026052512,51.25,186.25,61.2
