t,basin,lat,lon,p,pmin,depth,lap,g300,g500,a64,a50,gradmax
1075272,atl,68.500,-21.250,998.78,997.64,14.22,4.05,40.13,40.13,0.00,0.00,8.89
1075272,atl,59.000,-71.750,991.37,991.03,8.58,1.66,37.92,45.87,0.00,0.00,11.17
1075272,pac,61.750,185.250,983.03,982.80,10.98,2.35,33.85,36.84,0.00,0.00,6.32
1075272,pac,58.000,207.000,998.08,997.91,7.07,1.89,37.32,39.06,0.00,0.00,10.14
1075272,pac,57.750,238.500,1002.16,1001.33,6.58,2.31,45.98,45.98,0.00,0.00,10.84
1075272,pac,42.750,219.250,996.73,996.12,16.45,4.57,53.44,53.44,0.00,13293.72,8.23
1075278,atl,66.750,-33.500,1003.74,1003.12,12.53,3.53,58.39,58.39,0.00,25663.10,16.69
1075278,atl,60.750,-78.500,989.57,989.36,9.74,1.81,43.12,43.54,0.00,0.00,5.22
1075278,atl,56.250,-79.000,989.69,989.46,9.97,2.46,46.61,46.61,0.00,0.00,4.98
1075278,pac,61.500,187.750,983.86,983.51,10.65,2.35,33.59,34.66,0.00,0.00,3.97
1075278,pac,59.000,210.250,993.93,993.34,9.39,3.16,45.00,45.00,0.00,0.00,10.32
1075278,pac,43.500,220.000,998.46,997.81,15.01,3.95,46.62,46.62,0.00,0.00,5.93
1075284,atl,60.250,-79.500,989.15,988.94,9.18,1.99,41.11,45.21,0.00,0.00,5.07
1075284,atl,56.500,-77.500,988.38,988.06,11.11,2.69,43.23,45.21,0.00,0.00,5.08
1075284,pac,61.250,189.500,985.43,985.07,10.42,2.32,31.24,34.47,0.00,0.00,3.71
1075284,pac,59.750,212.250,992.54,991.48,9.05,3.41,49.70,49.70,0.00,0.00,10.42
1075284,pac,43.750,219.750,999.76,999.19,13.34,3.46,38.08,38.19,0.00,0.00,4.82
1075290,atl,59.000,-64.000,994.66,994.18,4.52,0.91,26.10,32.39,0.00,0.00,4.78
1075290,atl,57.500,-76.000,989.72,989.45,8.89,1.85,40.13,41.43,0.00,0.00,4.58
1075290,pac,60.750,191.000,986.29,986.04,9.91,2.22,30.08,38.22,0.00,0.00,3.43
1075290,pac,43.500,219.500,1001.89,1001.42,11.47,2.93,34.97,38.68,0.00,0.00,3.87
1075296,atl,66.500,-75.500,990.38,990.25,10.57,2.48,33.28,33.87,0.00,0.00,11.58
1075296,atl,63.750,-63.500,994.83,994.52,5.69,1.31,36.21,43.41,0.00,0.00,11.58
1075296,atl,58.500,-62.250,995.74,995.36,4.93,1.05,29.20,33.19,0.00,0.00,3.45
1075296,pac,63.000,218.000,994.45,994.08,5.19,1.87,43.84,43.84,0.00,0.00,16.21
1075296,pac,60.250,192.750,987.64,987.39,9.33,2.05,27.59,32.15,0.00,0.00,3.14
1075296,pac,49.750,208.500,1002.08,1001.84,4.50,1.27,30.69,32.91,0.00,0.00,2.97
1075296,pac,43.500,220.000,1002.00,1001.61,9.46,2.50,32.70,32.70,0.00,0.00,3.32
1075302,atl,67.000,-65.500,992.81,991.81,7.72,1.57,35.44,41.99,0.00,0.00,7.54
1075302,atl,66.750,-76.250,989.34,989.14,9.91,2.44,31.06,31.06,0.00,0.00,7.54
1075302,pac,59.750,194.500,988.22,987.96,8.73,1.97,26.93,31.38,0.00,0.00,3.00
1075302,pac,53.500,215.000,995.94,995.71,5.06,1.27,28.52,29.37,0.00,0.00,2.91
1075302,pac,43.750,220.750,1002.83,1002.53,7.25,2.01,33.15,33.15,0.00,0.00,3.07
1075308,atl,67.250,-76.250,989.69,989.52,9.41,2.47,29.21,29.97,0.00,0.00,7.07
1075308,pac,59.250,195.250,989.08,988.81,8.39,2.02,29.28,34.13,0.00,0.00,3.54
1075308,pac,55.250,216.250,988.62,988.21,8.76,2.15,31.79,36.89,0.00,0.00,4.13
1075314,atl,68.500,-76.000,991.69,991.51,8.34,2.19,28.68,29.95,0.00,0.00,5.89
1075314,pac,58.250,195.750,990.22,989.98,7.55,1.82,33.20,34.52,0.00,0.00,3.63
1075314,pac,56.750,216.500,984.17,983.70,11.05,2.71,42.13,45.44,0.00,0.00,12.55
1075314,pac,51.250,163.250,1003.95,1003.62,7.98,2.19,27.57,29.08,0.00,0.00,3.57
1075320,atl,55.250,-9.250,1002.57,1002.29,7.75,1.61,33.51,34.63,0.00,0.00,5.80
1075320,atl,38.000,-43.500,1004.73,1002.58,16.92,6.19,53.14,53.14,0.00,7851.54,10.27
1075320,pac,58.250,216.500,983.17,982.74,10.05,3.00,51.00,51.00,0.00,1571.65,8.84
1075320,pac,51.500,165.000,999.73,999.33,10.99,3.24,35.06,35.06,0.00,0.00,5.85
1075326,atl,57.500,-77.500,993.47,993.09,15.02,3.32,42.64,53.39,0.00,2634.53,9.76
1075326,atl,56.750,-13.000,1001.26,1000.69,10.09,2.05,47.77,47.77,0.00,0.00,6.30
1075326,atl,52.250,-12.250,1001.42,1001.31,4.18,0.82,23.46,32.24,0.00,0.00,2.25
1075326,atl,38.000,-43.750,1003.02,1000.87,17.55,6.45,54.45,54.45,0.00,11442.25,10.78
1075326,pac,61.500,209.750,985.92,985.56,6.24,1.65,29.39,40.69,0.00,0.00,7.68
1075326,pac,59.750,215.000,984.27,983.83,8.00,1.94,42.03,48.11,0.00,0.00,9.71
1075326,pac,51.750,168.250,997.40,997.23,11.87,3.33,41.02,41.02,0.00,0.00,5.68
1075332,atl,58.750,-75.000,995.97,995.22,13.41,3.49,41.96,42.25,0.00,0.00,6.11
1075332,atl,52.000,-12.000,1000.90,1000.83,4.60,0.87,24.75,36.68,0.00,0.00,3.97
1075332,atl,38.000,-44.250,1001.69,999.40,18.92,6.86,55.02,55.02,0.00,17504.35,10.89
1075332,pac,62.250,220.000,988.12,987.52,6.72,1.82,33.66,46.21,0.00,0.00,7.37
1075332,pac,61.750,209.750,987.35,987.19,5.67,1.19,26.28,26.28,0.00,0.00,7.05
1075332,pac,60.250,214.000,987.07,986.65,5.75,1.08,33.05,33.66,0.00,0.00,7.21
1075332,pac,52.000,172.250,997.47,997.30,11.85,2.88,40.52,40.52,0.00,0.00,5.15
1075338,atl,59.250,-73.500,998.05,997.25,12.12,3.41,36.70,38.19,0.00,0.00,8.07
1075338,atl,52.750,-13.000,999.79,999.63,4.67,0.81,29.65,30.77,0.00,0.00,3.37
1075338,atl,49.750,-21.000,999.83,999.42,8.84,2.10,51.67,51.67,0.00,11551.22,5.78
1075338,atl,38.000,-44.750,999.36,997.15,19.07,6.91,51.70,51.70,0.00,11517.35,11.61
1075338,pac,63.500,212.750,990.45,990.05,4.73,0.81,28.04,33.65,0.00,0.00,10.29
1075338,pac,63.250,220.500,990.36,990.20,5.98,1.59,35.91,35.91,0.00,0.00,10.29
1075338,pac,62.250,209.500,990.23,989.54,4.83,1.02,23.01,30.61,0.00,0.00,10.29
1075338,pac,52.000,176.000,997.07,996.93,11.52,2.62,37.10,40.38,0.00,0.00,4.73
1075344,atl,61.750,-67.750,1001.29,1001.06,8.89,1.91,36.05,42.43,0.00,0.00,7.95
1075344,atl,53.000,-14.250,999.38,999.31,5.28,0.94,24.35,45.11,0.00,0.00,4.04
1075344,atl,47.750,-17.750,996.08,995.36,10.33,3.05,45.99,49.71,0.00,0.00,4.73
1075344,atl,38.000,-45.000,997.95,995.25,20.44,7.39,55.13,55.13,0.00,32852.04,12.69
1075344,pac,65.500,221.000,992.25,992.10,5.31,1.09,33.42,33.42,0.00,0.00,12.75
1075344,pac,62.750,162.500,997.21,996.73,9.02,2.17,40.71,40.87,0.00,0.00,9.42
1075344,pac,51.250,179.750,998.41,998.34,10.48,2.22,36.98,39.70,0.00,0.00,4.13
1075350,atl,63.750,-67.750,1003.01,1002.77,7.24,1.67,33.27,33.66,0.00,0.00,5.16
1075350,atl,54.000,-7.750,999.89,998.89,8.20,2.35,49.40,49.40,0.00,0.00,6.12
1075350,atl,48.500,-14.750,993.18,992.14,11.18,3.28,47.47,47.47,0.00,0.00,5.32
1075350,atl,38.000,-45.500,995.65,993.37,21.01,7.59,56.60,56.60,0.00,38444.14,11.98
1075350,pac,62.500,163.000,997.16,996.91,9.45,2.47,43.40,44.06,0.00,0.00,10.21
1075350,pac,62.250,172.250,998.11,997.57,6.42,1.70,25.19,29.52,0.00,0.00,5.53
1075350,pac,56.750,207.000,998.99,998.80,4.44,1.00,25.16,27.05,0.00,0.00,4.17
1075350,pac,50.500,186.250,999.54,999.12,8.96,2.01,34.05,34.05,0.00,0.00,3.69
1075356,atl,63.500,-65.000,1003.57,1003.40,7.86,1.42,33.79,37.80,0.00,0.00,7.59
1075356,atl,63.250,-61.500,1003.42,1003.30,8.66,1.62,37.80,37.80,0.00,0.00,7.59
1075356,atl,56.750,-13.500,999.35,997.86,11.91,3.52,41.95,41.95,0.00,0.00,6.08
1075356,atl,50.250,-22.000,991.80,990.34,15.70,4.70,57.08,57.08,0.00,42920.36,7.64
1075356,atl,50.250,-13.500,992.81,992.19,11.42,3.33,46.34,46.34,0.00,0.00,5.79
1075356,atl,38.000,-45.500,995.81,993.55,21.18,7.53,56.60,56.60,0.00,37815.92,13.29
1075356,pac,63.250,173.750,997.51,996.90,9.04,2.30,26.48,28.31,0.00,0.00,5.26
1075356,pac,62.500,164.500,999.94,999.64,8.26,2.29,33.67,38.30,0.00,0.00,9.41
1075356,pac,50.250,188.500,1000.39,1000.02,9.39,2.32,33.77,33.77,0.00,0.00,4.66
1075362,atl,66.750,-65.500,1003.12,1002.66,7.25,1.43,33.06,40.38,0.00,0.00,4.65
1075362,atl,65.250,-61.250,1003.19,1003.09,8.20,1.58,40.38,40.38,0.00,0.00,7.01
1075362,atl,56.750,-17.000,1000.34,999.74,10.50,3.19,39.58,48.92,0.00,0.00,6.50
1075362,atl,52.000,-15.000,991.32,990.36,11.97,3.76,48.92,56.64,0.00,1528.57,11.80
1075362,atl,48.500,-19.750,986.74,984.73,18.79,6.06,62.02,62.02,0.00,53083.89,12.53
1075362,atl,38.250,-45.250,993.25,990.98,22.35,8.00,60.18,60.18,0.00,41384.45,12.97
1075362,pac,65.500,236.000,995.24,995.17,4.01,0.89,18.41,23.58,0.00,0.00,4.30
1075362,pac,64.500,175.500,997.02,996.14,10.74,2.91,34.87,34.87,0.00,0.00,5.90
1075362,pac,61.250,239.000,995.32,995.08,6.09,1.29,34.46,34.46,0.00,0.00,8.86
1075362,pac,49.500,192.250,1003.33,1003.03,7.84,1.64,32.34,32.34,0.00,0.00,3.69
1075362,pac,49.000,196.250,1003.12,1002.74,7.38,1.65,27.78,33.31,0.00,0.00,3.69
1075368,atl,65.750,-63.500,1003.27,1003.05,7.32,1.48,29.21,40.45,0.00,0.00,5.15
1075368,atl,51.500,-16.750,991.63,990.89,12.08,2.88,47.33,61.02,0.00,15022.52,10.78
1075368,atl,47.750,-17.250,986.28,985.10,19.39,5.85,61.02,61.02,0.00,30362.84,11.02
1075368,atl,38.500,-45.000,991.66,988.62,24.32,8.76,60.35,60.35,0.00,53180.27,15.62
1075368,pac,65.000,176.000,998.70,998.25,9.51,2.32,32.22,32.79,0.00,0.00,5.54
1075368,pac,61.500,172.500,1000.08,999.74,8.18,1.69,34.49,39.24,0.00,0.00,5.54
1075368,pac,49.000,197.000,1003.77,1003.31,7.56,1.91,29.54,30.23,0.00,0.00,3.70
1075368,pac,48.250,202.500,1003.82,1003.44,7.94,1.85,34.98,39.82,0.00,0.00,3.98
1075374,atl,65.750,-63.000,1002.94,1002.58,8.23,2.17,29.54,40.77,0.00,0.00,5.67
1075374,atl,48.750,-14.500,985.17,984.31,19.36,5.10,54.35,54.35,0.00,38741.21,7.73
1075374,atl,39.000,-44.750,989.03,985.69,26.07,9.41,63.68,63.68,0.00,65412.54,16.31
1075374,pac,65.000,180.000,997.55,997.23,10.13,2.56,29.94,30.83,0.00,0.00,5.73
1075374,pac,48.250,206.000,1004.23,1003.74,8.17,1.89,37.40,38.66,0.00,0.00,4.02
1075380,atl,68.500,-61.750,1004.61,1004.45,7.05,1.69,37.08,38.94,0.00,0.00,8.53
1075380,atl,50.500,-13.500,984.16,983.19,20.75,5.26,52.18,53.52,0.00,11905.31,6.31
1075380,atl,39.750,-44.250,989.02,985.44,27.08,9.68,65.92,65.92,2395.82,67784.08,17.16
1075380,pac,65.250,180.250,997.33,996.87,10.53,2.64,28.76,30.17,0.00,0.00,6.35
1075380,pac,48.500,211.000,1004.21,1003.84,8.71,2.11,41.73,41.73,0.00,0.00,4.24
1075386,atl,51.500,-14.000,985.07,984.21,19.49,4.86,45.11,46.79,0.00,0.00,5.47
1075386,atl,40.750,-43.500,986.95,983.51,28.14,10.04,66.70,66.70,4744.44,69372.13,19.04
1075386,pac,65.250,180.000,997.62,997.11,10.36,2.55,33.19,33.19,0.00,0.00,5.84
1075386,pac,49.250,214.750,1004.43,1003.92,9.43,2.46,39.28,39.28,0.00,0.00,4.19
1075392,atl,52.000,-14.500,987.08,986.47,17.88,4.37,42.65,42.65,0.00,0.00,5.41
1075392,atl,41.250,-43.000,984.85,981.61,30.35,10.84,65.75,65.75,1749.64,75539.69,19.31
1075392,pac,65.000,178.500,999.66,999.33,9.38,2.51,36.75,36.75,0.00,0.00,5.23
1075392,pac,62.750,184.250,1000.51,1000.42,7.06,1.15,26.27,35.03,0.00,0.00,5.05
1075392,pac,50.250,217.500,1003.94,1003.50,10.49,2.63,39.63,39.63,0.00,0.00,5.41
1075392,pac,38.500,238.500,1004.10,1003.49,7.08,2.23,32.82,38.45,0.00,0.00,22.27
1075398,atl,52.250,-15.000,988.02,987.53,16.70,4.01,43.38,44.23,0.00,0.00,4.69
1075398,atl,41.750,-42.500,981.29,977.97,31.96,11.46,73.52,73.52,19728.52,93290.70,18.67
1075398,pac,62.250,184.250,1000.08,999.78,8.10,1.53,29.12,34.44,0.00,0.00,6.05
1075398,pac,52.000,220.750,1002.32,1001.92,12.67,3.42,42.15,42.15,0.00,0.00,5.89
1075404,atl,52.000,-15.500,990.02,989.54,15.53,3.82,40.32,40.88,0.00,0.00,4.37
1075404,atl,42.000,-42.000,980.32,977.19,32.85,11.73,71.37,71.37,25838.09,99275.60,19.92
1075404,pac,62.250,185.250,1000.94,1000.67,8.15,1.62,28.88,35.31,0.00,0.00,5.28
1075404,pac,53.500,222.000,997.42,996.84,17.35,5.06,48.76,48.76,0.00,0.00,10.29
1075410,atl,51.250,-15.000,991.69,991.27,13.92,3.39,39.31,39.31,0.00,0.00,4.52
1075410,atl,42.250,-41.000,978.83,976.19,32.45,11.58,72.63,72.63,24088.83,105223.32,18.57
1075410,pac,61.750,185.750,1001.61,1001.27,8.12,1.66,31.55,34.21,0.00,0.00,5.52
1075410,pac,53.750,223.500,995.34,994.73,19.77,5.59,56.20,56.20,0.00,30329.75,10.81
1075416,atl,51.000,-13.000,993.14,992.80,12.64,3.07,42.49,42.49,0.00,0.00,4.17
1075416,atl,42.500,-40.000,977.04,974.27,33.91,12.10,72.15,72.15,22483.98,114885.37,19.74
1075416,pac,61.250,186.250,1003.12,1002.75,7.16,1.62,31.49,37.32,0.00,0.00,3.47
1075416,pac,54.250,225.500,997.64,997.06,17.12,5.25,55.38,55.38,0.00,29116.84,13.26
1075416,pac,49.000,187.250,1004.53,1004.03,9.50,2.73,38.18,38.18,0.00,0.00,3.81
1075422,atl,51.000,-11.500,992.54,992.22,12.72,3.10,39.58,39.58,0.00,0.00,4.07
1075422,atl,43.000,-38.500,975.55,973.17,33.42,11.68,69.55,69.55,16027.36,106783.41,17.18
1075422,pac,60.250,186.250,1004.65,1004.42,5.89,1.35,34.61,37.24,0.00,0.00,3.26
1075422,pac,55.000,227.000,1002.46,1001.97,12.67,4.22,47.75,47.75,0.00,0.00,8.47
1075422,pac,50.000,191.000,1002.91,1002.53,9.31,2.43,35.61,35.61,0.00,0.00,3.43
1075428,atl,51.000,-10.250,994.14,993.79,11.99,2.99,37.06,37.97,0.00,0.00,4.24
1075428,atl,43.500,-37.250,975.10,972.53,33.98,11.91,69.16,69.16,14817.64,111287.62,18.92
1075428,pac,51.500,194.500,1001.41,1001.13,9.75,2.43,37.62,37.62,0.00,0.00,3.64
1075434,atl,51.250,-8.750,995.27,994.85,10.99,2.78,37.94,37.94,0.00,0.00,3.91
1075434,atl,44.250,-35.750,973.50,970.95,34.03,11.88,69.08,69.08,31138.27,128707.19,18.61
1075434,pac,53.250,197.750,1001.22,1000.99,9.55,2.20,36.77,37.12,0.00,0.00,4.07
1075440,atl,51.500,-7.500,996.43,996.04,10.88,2.84,34.86,34.86,0.00,0.00,3.64
1075440,atl,45.250,-34.000,974.82,972.61,32.90,11.39,70.69,70.69,22086.44,137249.01,15.57
1075440,atl,44.750,-47.500,1003.65,1003.46,5.53,1.45,35.59,35.59,0.00,0.00,4.62
1075440,pac,55.000,199.750,1000.85,1000.62,9.80,2.08,38.03,40.78,0.00,0.00,4.56
1075446,atl,51.750,-6.250,997.49,997.10,9.61,2.49,33.86,33.86,0.00,0.00,3.25
1075446,atl,46.250,-32.250,974.76,971.91,31.53,10.73,69.19,69.19,18306.09,124270.00,15.55
1075446,atl,45.000,-46.000,1000.04,999.82,6.66,1.65,46.23,46.23,0.00,0.00,6.71
1075446,atl,36.750,-71.000,1004.97,1004.77,5.47,1.34,34.69,34.69,0.00,0.00,4.42
1075446,pac,57.250,201.250,999.52,999.25,10.69,2.26,31.87,40.69,0.00,0.00,8.31
1075452,atl,51.500,-5.500,999.69,999.41,8.71,2.23,34.54,34.54,0.00,0.00,3.40
1075452,atl,47.250,-31.250,975.50,972.93,31.41,10.75,73.07,73.07,11866.76,135976.19,15.06
1075452,atl,46.000,-43.500,998.07,997.90,8.03,1.74,45.66,45.66,0.00,0.00,4.09
1075452,atl,36.750,-70.500,1004.29,1004.17,5.56,1.43,37.27,37.27,0.00,0.00,3.31
1075452,pac,59.000,201.500,997.10,996.68,11.42,2.42,35.36,42.15,0.00,0.00,10.37
1075458,atl,52.000,-3.750,1000.63,1000.53,7.87,1.69,36.72,36.72,0.00,0.00,3.19
1075458,atl,48.500,-30.750,975.40,972.68,30.52,10.45,68.66,68.66,7112.19,132760.99,16.48
1075458,atl,47.000,-41.250,995.19,994.43,9.38,2.20,39.48,45.83,0.00,0.00,5.34
1075458,atl,36.250,-70.250,1003.90,1003.73,4.60,1.16,34.36,34.36,0.00,0.00,3.54
1075458,pac,60.500,201.750,995.43,994.97,11.15,2.33,34.73,45.67,0.00,0.00,12.99
1075458,pac,59.500,167.500,1002.84,1002.78,4.04,0.85,29.84,41.90,0.00,0.00,4.66
1075464,atl,51.500,-1.000,1002.11,1001.93,7.54,1.67,37.42,37.42,0.00,0.00,3.60
1075464,atl,49.750,-30.750,977.68,975.30,28.30,9.43,63.57,63.57,0.00,90776.59,12.79
1075464,atl,46.750,-41.500,995.47,994.97,11.01,2.76,42.99,47.39,0.00,0.00,5.76
1075464,pac,62.000,201.000,994.04,993.80,10.67,2.28,35.09,36.52,0.00,0.00,9.93
1075464,pac,59.250,172.250,1003.92,1003.79,4.93,1.25,23.19,33.22,0.00,0.00,3.17
1075464,pac,38.750,238.250,1002.11,1001.49,8.26,2.30,36.75,46.32,0.00,0.00,19.24
1075470,atl,52.250,1.750,1001.55,1001.33,8.14,1.80,32.99,39.77,0.00,0.00,3.47
1075470,atl,51.000,-31.250,978.63,976.26,26.91,8.73,64.08,64.08,486.32,72453.62,11.67
1075470,atl,40.750,-60.250,1004.08,1002.87,7.22,2.24,43.91,43.96,0.00,0.00,8.48
1075470,atl,31.750,-63.250,972.68,967.28,34.60,13.39,82.49,82.49,50742.15,134551.04,24.40
1075470,pac,62.750,200.000,993.53,993.34,9.97,2.14,29.31,36.05,0.00,0.00,8.19
1075470,pac,59.000,175.500,1004.02,1003.91,4.53,1.14,22.76,30.53,0.00,0.00,2.79
1075470,pac,39.000,238.250,1001.51,1000.43,8.86,2.70,35.26,44.68,0.00,0.00,21.20
1075476,atl,52.750,3.000,1003.50,1003.09,7.97,1.69,31.24,34.27,0.00,0.00,3.67
1075476,atl,51.000,-33.250,980.97,978.96,25.36,8.10,60.90,60.90,0.00,65492.21,11.44
1075476,atl,41.000,-59.250,1002.91,1002.22,9.20,2.90,56.48,56.48,0.00,5760.78,9.22
1075476,atl,33.250,-61.750,971.95,965.08,36.67,13.99,89.52,89.52,63518.66,151914.23,29.03
1075476,pac,63.000,199.250,993.40,993.27,9.83,2.12,29.51,35.80,0.00,0.00,8.38
1075476,pac,34.000,239.750,998.81,998.44,5.02,1.27,24.68,43.72,0.00,0.00,19.76
1075482,atl,49.750,-34.750,983.61,981.89,21.88,6.82,61.42,61.42,0.00,50720.22,10.07
1075482,atl,47.500,-26.000,996.31,995.94,6.65,1.66,37.55,37.55,0.00,0.00,3.64
1075482,atl,41.250,-58.000,1001.87,1001.28,8.26,2.51,54.72,54.72,0.00,7921.46,7.32
1075482,atl,35.000,-59.500,968.75,962.02,39.68,15.10,97.93,97.93,72375.96,173839.67,28.73
1075482,pac,66.000,214.250,997.09,996.89,6.41,1.21,30.32,36.38,0.00,0.00,9.64
1075482,pac,64.750,211.000,997.06,996.91,4.18,0.92,30.32,32.86,0.00,0.00,10.32
1075482,pac,63.750,198.000,994.66,994.44,8.39,1.79,33.42,37.28,0.00,0.00,6.49
1075482,pac,62.250,219.250,998.25,997.44,9.20,3.05,47.40,47.40,0.00,0.00,12.41
1075482,pac,55.750,162.250,999.37,999.04,6.24,1.78,28.21,30.46,0.00,0.00,8.18
1075482,pac,38.750,238.500,999.85,999.42,7.58,2.38,22.64,32.36,0.00,0.00,18.24
1075488,atl,47.750,-34.000,988.60,987.27,16.84,5.01,54.51,54.51,0.00,39554.96,7.68
1075488,atl,37.000,-57.250,963.97,956.40,44.25,16.25,103.49,103.49,78083.71,220166.94,31.65
1075488,pac,66.000,198.500,996.78,996.66,6.11,0.91,25.56,31.47,0.00,0.00,5.03
1075488,pac,65.250,221.750,996.28,996.01,7.90,1.57,39.16,44.61,0.00,0.00,18.78
1075488,pac,57.500,165.500,993.62,993.42,8.48,2.40,34.85,35.70,0.00,0.00,9.28
1075488,pac,39.000,238.250,996.78,995.68,7.96,2.52,23.17,28.72,0.00,0.00,19.47
1075494,atl,46.250,-31.250,988.46,987.47,15.80,4.55,55.08,55.08,0.00,32958.35,7.08
1075494,atl,40.000,-54.750,957.06,948.98,50.29,17.31,103.66,103.66,75822.66,353759.78,37.06
1075494,pac,65.750,228.750,995.09,994.56,10.07,2.75,39.43,40.38,0.00,0.00,9.05
1075494,pac,57.750,167.750,987.49,987.23,11.87,3.41,45.10,45.10,0.00,0.00,7.21
1075494,pac,43.000,235.250,999.38,998.68,10.27,2.82,34.14,35.92,0.00,0.00,13.67
1075494,pac,39.250,238.000,999.63,998.00,7.24,2.34,19.16,24.63,0.00,0.00,18.33
1075500,atl,45.250,-28.250,990.46,989.59,14.71,4.31,53.13,53.13,0.00,8891.64,6.89
1075500,atl,42.250,-53.250,960.01,953.51,47.61,15.57,94.83,94.83,126409.84,425154.86,25.79
1075500,pac,65.000,237.000,996.01,995.93,10.07,2.44,44.51,44.51,0.00,0.00,12.22
1075500,pac,58.000,172.500,985.95,985.75,12.68,2.88,45.85,45.85,0.00,0.00,5.31
1075500,pac,42.750,233.500,1000.66,1000.49,9.35,1.83,28.38,38.18,0.00,0.00,14.94
1075506,atl,62.000,-18.750,1002.95,1001.80,12.69,3.44,35.04,35.04,0.00,0.00,5.71
1075506,atl,44.500,-25.750,991.37,990.53,13.80,4.10,46.05,46.05,0.00,0.00,5.68
1075506,atl,43.250,-52.750,964.69,960.75,41.59,13.24,91.01,91.01,116733.59,441170.84,20.60
1075506,pac,65.750,239.750,995.71,995.17,9.63,2.75,34.04,40.42,0.00,0.00,8.36
1075506,pac,58.250,174.750,982.55,982.25,14.59,3.39,42.31,42.31,0.00,0.00,4.73
1075506,pac,43.500,232.500,1003.18,1002.97,8.24,1.73,26.47,41.25,0.00,0.00,13.13
1075512,atl,61.500,-17.250,1003.90,1002.82,11.22,2.84,39.96,39.96,0.00,0.00,6.22
1075512,atl,44.000,-24.500,993.34,992.54,12.96,3.72,40.44,40.44,0.00,0.00,4.65
1075512,atl,43.250,-52.500,970.50,967.37,34.93,10.55,73.83,73.83,74578.78,330856.84,15.66
1075512,pac,58.250,177.500,981.75,981.58,15.23,3.44,42.41,42.41,0.00,0.00,6.07
1075512,pac,44.250,231.500,1003.87,1003.68,6.82,1.86,30.34,31.75,0.00,0.00,7.21
1075518,atl,61.500,-15.500,1003.59,1002.84,9.95,2.28,33.54,33.54,0.00,0.00,5.84
1075518,atl,43.500,-52.000,972.84,970.75,31.04,9.09,67.14,67.14,13284.41,276434.61,11.26
1075518,atl,42.750,-23.250,993.37,992.75,12.07,3.36,43.73,43.73,0.00,0.00,4.27
1075518,pac,57.750,179.750,981.69,981.41,15.21,3.31,43.83,43.83,0.00,0.00,5.88
1075524,atl,61.250,-13.250,1004.15,1003.76,8.63,1.76,28.20,30.79,0.00,0.00,6.57
1075524,atl,44.250,-51.750,976.66,974.46,27.62,7.87,59.98,59.98,0.00,127010.32,10.69
1075524,atl,41.250,-22.000,995.57,995.04,10.84,2.88,41.57,41.57,0.00,0.00,3.75
1075524,pac,57.500,182.000,983.25,982.96,14.39,3.07,44.30,46.67,0.00,0.00,5.24
1075530,atl,67.750,-63.500,1000.28,1000.14,4.43,1.16,33.03,40.72,0.00,0.00,8.19
1075530,atl,67.000,-77.750,993.43,993.37,6.66,1.40,28.56,34.85,0.00,0.00,4.45
1075530,atl,61.500,-10.750,1002.32,1002.12,8.77,1.79,32.56,33.27,0.00,0.00,6.50
1075530,atl,44.250,-52.000,977.60,975.97,25.02,7.25,54.32,54.33,0.00,41218.51,9.56
1075530,atl,40.250,-20.250,995.32,994.86,10.02,2.56,40.01,40.01,0.00,0.00,3.48
1075530,pac,57.250,185.250,985.45,985.23,12.74,2.67,43.39,46.86,0.00,0.00,4.87
1075536,atl,68.250,-62.500,1000.26,1000.17,5.68,1.40,37.83,40.94,0.00,0.00,7.68
1075536,atl,68.000,-76.500,995.37,995.27,5.66,1.37,22.61,28.13,0.00,0.00,4.72
1075536,atl,66.500,-35.250,1003.98,1003.13,7.74,2.79,41.00,41.00,0.00,0.00,13.46
1075536,atl,61.500,-9.000,1001.90,1001.69,8.24,1.63,34.41,36.11,0.00,0.00,7.04
1075536,atl,44.250,-51.750,979.95,978.47,21.86,6.16,55.02,55.02,0.00,63346.03,7.41
1075536,atl,39.250,-18.750,996.17,995.80,9.32,2.29,38.74,38.74,0.00,0.00,3.13
1075536,pac,57.500,188.500,987.44,987.27,11.93,2.60,39.27,42.50,0.00,0.00,4.82
1075542,atl,69.000,-76.250,996.64,996.56,4.89,1.38,17.41,22.94,0.00,0.00,4.82
1075542,atl,69.000,-62.000,1000.57,1000.50,5.59,1.27,33.16,35.58,0.00,0.00,5.58
1075542,atl,60.500,-2.250,1000.45,1000.30,7.52,1.12,29.90,36.07,0.00,0.00,4.63
1075542,atl,44.250,-52.000,980.40,979.29,19.60,5.44,49.16,49.16,0.00,0.00,6.95
1075542,atl,38.750,-16.750,995.31,995.03,8.83,2.16,38.45,38.45,0.00,0.00,3.03
1075542,pac,58.000,191.250,988.94,988.75,11.07,2.49,35.12,38.11,0.00,0.00,4.60
1075548,atl,68.750,-28.250,999.38,998.25,8.74,2.07,47.76,47.76,0.00,0.00,17.20
1075548,atl,68.000,-32.000,998.98,998.11,9.51,2.83,47.76,52.87,0.00,2215.58,17.20
1075548,atl,61.500,1.750,996.08,995.37,11.29,3.06,43.46,43.46,0.00,0.00,6.93
1075548,atl,43.750,-51.750,983.04,982.03,16.54,4.53,47.26,47.26,0.00,0.00,6.03
1075548,atl,38.750,-14.750,995.46,995.02,9.49,2.27,37.56,37.56,0.00,0.00,3.64
1075548,pac,59.000,193.000,989.93,989.69,10.87,2.56,33.19,35.12,0.00,0.00,3.87
1075554,atl,66.500,-25.750,999.84,999.71,7.65,1.44,32.87,42.85,0.00,0.00,15.13
1075554,atl,62.500,1.750,994.07,993.46,11.11,2.98,30.85,31.49,0.00,0.00,6.98
1075554,atl,43.250,-51.000,984.33,983.49,14.60,3.96,46.94,46.94,0.00,0.00,5.51
1075554,atl,39.750,-12.750,994.40,993.96,9.59,2.23,38.53,38.53,0.00,0.00,5.09
1075554,pac,59.750,193.500,990.87,990.60,10.34,2.47,27.72,31.89,0.00,0.00,4.14
1075560,atl,66.250,-23.500,1002.62,1002.39,6.17,1.35,37.19,38.95,0.00,0.00,11.79
1075560,atl,65.500,-13.500,1002.28,1002.03,4.01,1.23,29.31,34.68,0.00,0.00,6.26
1075560,atl,63.250,-78.000,992.46,992.38,9.18,1.85,28.28,30.80,0.00,0.00,3.66
1075560,atl,62.500,1.500,993.23,992.82,10.34,3.14,36.73,36.96,0.00,0.00,5.81
1075560,atl,60.250,9.000,995.60,995.18,8.16,2.24,39.48,39.60,0.00,0.00,5.22
1075560,atl,42.750,-49.000,988.06,987.54,12.16,3.03,46.34,46.34,0.00,0.00,4.50
1075560,atl,41.000,-11.500,993.34,992.83,10.92,2.93,39.64,39.64,0.00,0.00,5.09
1075560,pac,60.000,194.500,991.60,991.42,10.51,2.64,29.04,29.04,0.00,0.00,3.51
1075566,atl,64.500,-76.000,992.63,992.56,9.01,1.63,25.94,28.63,0.00,0.00,3.77
1075566,atl,64.500,-12.250,1002.78,1002.66,4.08,1.12,29.52,29.52,0.00,0.00,6.55
1075566,atl,61.250,2.750,994.87,994.65,7.38,1.97,40.45,40.45,0.00,0.00,7.74
1075566,atl,61.250,9.500,991.26,990.65,10.44,2.30,29.77,39.02,0.00,0.00,7.74
1075566,atl,43.250,-46.500,988.26,987.89,11.37,2.61,41.54,43.25,0.00,0.00,3.84
1075566,atl,42.250,-11.250,992.81,992.27,10.58,2.89,42.98,42.98,0.00,0.00,6.63
1075566,pac,60.000,195.250,993.05,992.83,9.72,2.47,29.08,30.31,0.00,0.00,3.69
1075572,atl,65.250,-76.000,992.98,992.84,9.33,1.81,24.13,30.42,0.00,0.00,6.89
1075572,atl,43.750,-44.750,989.74,989.43,11.20,2.48,42.47,42.47,0.00,0.00,3.67
1075572,atl,43.000,-11.500,995.85,995.45,8.80,2.31,35.94,39.56,0.00,0.00,5.93
1075572,pac,60.000,196.500,994.03,993.72,9.30,2.45,34.91,34.91,0.00,0.00,3.84
1075578,atl,67.000,-63.750,998.05,997.58,7.17,1.60,29.50,31.49,0.00,0.00,6.55
1075578,atl,65.750,-74.000,994.93,994.82,8.00,1.53,23.70,30.24,0.00,0.00,5.83
1075578,atl,55.000,-74.500,1004.69,1004.16,4.15,1.41,28.84,32.69,0.00,0.00,4.10
1075578,atl,47.250,-6.250,1001.12,1000.82,5.11,1.08,26.23,37.27,0.00,0.00,7.44
1075578,atl,44.500,-43.250,989.55,989.24,11.33,2.44,40.31,40.31,0.00,0.00,3.44
1075578,atl,43.500,-11.500,997.07,996.71,8.26,2.22,28.21,29.09,0.00,0.00,6.49
1075578,pac,60.000,197.750,995.56,995.25,8.04,2.19,35.50,35.50,0.00,0.00,3.92
1075584,atl,68.750,-65.750,998.09,997.61,7.49,1.62,29.36,33.81,0.00,0.00,6.91
1075584,atl,66.750,-72.750,996.01,995.86,7.82,1.46,22.75,29.87,0.00,0.00,6.91
1075584,atl,47.750,-5.750,1002.07,1001.84,5.26,1.33,27.69,30.50,0.00,0.00,4.78
1075584,atl,46.250,-72.750,1003.94,1003.53,4.56,1.13,18.15,21.71,0.00,0.00,3.94
1075584,atl,45.250,-42.500,990.59,990.32,11.46,2.40,35.41,39.57,0.00,0.00,3.30
1075584,atl,43.250,-11.250,999.18,998.82,8.06,2.19,28.90,30.81,0.00,0.00,7.21
1075584,pac,64.250,210.500,998.01,997.69,4.08,1.04,17.32,29.45,0.00,0.00,10.05
1075584,pac,62.000,220.250,998.74,998.18,5.83,2.27,30.24,32.72,0.00,0.00,10.11
1075584,pac,60.250,198.750,997.13,996.94,6.24,1.58,36.97,36.98,0.00,0.00,4.94
1075584,pac,55.750,166.750,1001.89,1001.71,6.28,1.68,35.45,35.45,0.00,0.00,7.76
1075590,atl,67.500,-72.500,997.09,996.90,7.57,1.49,20.69,30.45,0.00,0.00,6.04
1075590,atl,54.750,-67.750,1004.03,1003.91,4.88,1.31,22.27,22.27,0.00,0.00,3.78
1075590,atl,48.250,-71.750,1000.95,1000.58,7.21,1.54,23.85,25.65,0.00,0.00,3.65
1075590,atl,47.750,-5.750,1002.54,1002.29,4.42,1.10,27.66,28.69,0.00,0.00,4.93
1075590,atl,45.250,-41.750,990.11,989.88,11.66,2.37,37.14,39.50,0.00,0.00,3.67
1075590,atl,43.250,-11.000,1000.22,999.95,7.23,1.97,26.10,28.41,0.00,0.00,7.57
1075590,pac,65.750,216.750,997.73,997.48,7.07,1.54,23.03,31.88,0.00,0.00,8.44
1075590,pac,64.750,211.250,997.50,997.27,5.08,1.12,23.03,23.03,0.00,0.00,7.85
1075590,pac,62.750,219.250,998.27,997.84,5.41,1.36,36.91,41.42,0.00,0.00,8.44
1075590,pac,59.500,201.750,998.68,998.47,5.50,1.60,36.02,36.02,0.00,0.00,3.92
1075590,pac,58.250,219.250,1001.64,1001.29,4.04,1.64,41.42,41.42,0.00,0.00,8.44
1075590,pac,57.000,171.000,994.04,993.33,10.64,2.98,39.13,39.15,0.00,0.00,5.71
1075596,atl,68.250,-72.500,998.46,998.18,7.78,1.63,21.55,28.75,0.00,0.00,5.91
1075596,atl,65.500,9.250,990.52,990.34,10.86,2.98,47.34,47.34,0.00,0.00,6.42
1075596,atl,48.500,-69.500,997.60,997.44,10.02,2.06,29.01,30.36,0.00,0.00,4.78
1075596,atl,45.500,-41.000,991.75,991.53,11.45,2.34,34.80,39.31,0.00,0.00,3.44
1075596,atl,42.750,-11.000,1003.91,1003.60,6.44,1.81,25.00,27.82,0.00,0.00,6.49
1075596,pac,65.750,216.000,997.82,997.74,6.95,1.52,23.22,33.71,0.00,0.00,7.13
1075596,pac,65.000,212.250,997.96,997.89,5.38,1.09,23.00,23.22,0.00,0.00,7.13
1075596,pac,59.250,203.000,1001.00,1000.79,4.14,1.24,37.49,37.49,0.00,0.00,4.08
1075596,pac,58.250,174.500,981.62,980.31,21.09,6.32,58.36,58.36,0.00,6978.61,15.09
1075596,pac,31.750,161.500,981.74,978.65,26.27,9.68,72.65,72.65,19089.60,108463.79,16.10
1075602,atl,68.500,-73.500,1000.21,999.87,6.90,1.60,25.73,28.27,0.00,0.00,6.38
1075602,atl,67.500,-63.250,1002.94,1002.54,4.82,1.20,27.71,30.39,0.00,0.00,6.38
1075602,atl,65.000,8.000,990.35,990.00,10.86,3.11,49.38,49.38,0.00,0.00,7.38
1075602,atl,49.500,-66.250,995.05,994.78,11.17,2.18,36.14,36.14,0.00,0.00,6.18
1075602,atl,45.500,-40.250,992.45,992.26,10.84,2.22,35.02,38.89,0.00,0.00,3.27
1075602,pac,65.750,216.000,998.71,998.53,6.49,1.53,24.76,35.16,0.00,0.00,7.51
1075602,pac,64.500,223.000,999.87,999.42,5.99,1.31,33.08,33.08,0.00,0.00,7.51
1075602,pac,63.500,235.000,1003.86,1003.55,4.52,1.20,30.18,30.18,0.00,0.00,6.07
1075602,pac,59.000,179.000,976.98,976.25,23.42,6.64,67.58,67.58,6534.91,49250.67,10.74
1075602,pac,33.750,162.250,977.08,973.55,27.87,10.26,77.23,77.23,31020.97,127297.48,18.36
1075608,atl,68.750,-73.500,1002.46,1002.22,5.55,1.20,22.86,24.08,0.00,0.00,6.07
1075608,atl,67.500,-62.250,1003.74,1003.60,5.01,1.36,25.00,33.23,0.00,0.00,6.07
1075608,atl,64.250,7.750,991.03,990.53,9.74,2.71,48.37,48.37,0.00,0.00,7.16
1075608,atl,50.250,-65.250,993.21,992.93,13.22,2.94,41.40,42.76,0.00,0.00,9.00
1075608,atl,45.750,-39.250,994.50,994.35,10.11,2.03,34.83,37.53,0.00,0.00,3.23
1075608,pac,65.500,217.250,999.81,999.61,5.35,1.42,25.03,31.45,0.00,0.00,9.91
1075608,pac,65.000,228.500,1001.26,1000.53,5.71,1.56,27.93,30.68,0.00,0.00,5.77
1075608,pac,63.500,235.250,1002.82,1002.37,5.08,1.02,30.59,30.68,0.00,0.00,4.90
1075608,pac,60.000,184.250,979.26,978.10,20.32,5.04,51.40,51.40,0.00,13925.87,6.99
1075608,pac,36.750,164.000,969.54,965.70,32.71,11.72,88.68,88.68,72871.03,194744.79,22.34
1075614,atl,63.750,7.500,991.75,991.26,8.65,2.34,49.83,49.83,0.00,0.00,7.15
1075614,atl,50.750,-64.250,989.75,989.28,16.36,3.78,50.33,50.33,0.00,1003.75,8.58
1075614,atl,45.750,-38.000,995.25,995.11,9.54,1.97,35.79,38.19,0.00,0.00,3.16
1075614,pac,65.750,217.750,1002.54,1002.29,4.22,1.13,19.19,33.65,0.00,0.00,9.47
1075614,pac,65.000,230.750,1002.65,1001.87,6.08,1.58,27.54,32.74,0.00,0.00,5.10
1075614,pac,63.250,235.500,1003.40,1003.20,5.60,1.06,25.34,32.74,0.00,0.00,5.10
1075614,pac,61.000,187.500,979.81,979.09,18.63,4.49,44.35,45.23,0.00,0.00,5.32
1075614,pac,41.000,166.000,961.78,958.48,34.90,11.79,94.12,94.12,96065.18,239835.47,20.94
1075620,atl,51.250,-63.500,988.93,988.26,18.12,4.09,51.87,51.87,0.00,2514.49,9.92
1075620,atl,46.250,-36.750,997.66,997.49,9.06,1.90,33.01,34.96,0.00,0.00,2.96
1075620,pac,64.250,233.500,1004.30,1003.60,5.31,1.20,31.82,31.92,0.00,0.00,4.81
1075620,pac,61.500,190.750,982.37,981.99,16.50,3.93,45.33,45.33,0.00,0.00,4.95
1075620,pac,45.250,167.750,959.40,957.09,34.57,10.09,81.72,81.72,67396.95,270171.22,12.55
1075626,atl,60.750,5.250,996.31,995.69,6.58,1.63,50.12,50.12,0.00,386.38,6.55
1075626,atl,50.750,-64.000,989.88,989.24,17.06,4.31,53.33,53.33,0.00,6534.52,8.64
1075626,atl,47.000,-35.750,998.30,998.12,8.60,1.82,33.98,34.24,0.00,0.00,2.81
1075626,pac,62.000,194.750,986.37,986.10,13.22,3.11,40.59,41.82,0.00,0.00,4.65
1075626,pac,61.250,236.750,1003.90,1003.76,5.85,1.12,21.87,25.41,0.00,0.00,5.99
1075626,pac,48.250,170.000,956.00,954.34,34.87,9.59,75.09,75.09,70672.37,382556.16,13.65
1075632,atl,49.750,-62.000,993.35,992.94,12.76,2.92,57.09,57.36,0.00,25049.58,8.25
1075632,atl,47.500,-34.750,999.60,999.45,8.28,1.74,32.60,32.81,0.00,0.00,2.93
1075632,pac,62.250,196.000,994.26,994.10,7.27,1.67,29.60,32.16,0.00,0.00,4.05
1075632,pac,61.500,239.000,1002.02,1001.71,7.08,1.32,21.29,23.45,0.00,0.00,8.27
1075632,pac,51.500,173.750,951.80,950.78,36.44,9.33,72.86,72.86,143470.19,515230.27,15.33
1075638,atl,52.250,-53.000,994.66,994.51,4.30,0.82,21.17,29.14,0.00,0.00,3.55
1075638,atl,48.750,-60.000,993.40,992.82,10.89,2.61,50.00,50.00,0.00,531.94,5.84
1075638,atl,48.500,-33.500,1000.24,1000.11,7.49,1.56,28.95,33.05,0.00,0.00,3.19
1075638,atl,43.750,8.750,1004.35,1003.83,6.61,2.11,29.61,31.10,0.00,0.00,15.04
1075638,pac,63.000,240.000,1001.86,1001.55,8.45,1.78,20.95,24.79,0.00,0.00,7.91
1075638,pac,55.000,175.750,950.10,949.76,35.38,8.14,76.23,77.07,142645.05,523037.93,13.77
1075644,atl,52.750,-53.000,991.99,991.76,6.16,1.21,24.01,37.90,0.00,0.00,4.50
1075644,atl,45.250,9.000,1002.35,1001.67,8.41,2.74,36.08,37.92,0.00,0.00,14.66
1075644,pac,56.750,177.500,943.84,943.04,40.54,10.09,77.95,77.95,170687.84,578655.03,14.30
1075650,atl,53.000,-53.000,989.85,989.69,6.78,1.32,34.90,47.75,0.00,0.00,6.23
1075650,atl,45.250,9.000,1000.94,1000.01,9.30,3.18,37.20,37.62,0.00,0.00,19.14
1075650,atl,32.500,5.250,1003.42,1003.26,4.40,1.20,11.85,17.94,0.00,0.00,10.51
1075650,pac,58.500,181.500,944.17,943.41,39.03,9.27,83.37,83.93,211718.82,507775.14,13.83
1075656,atl,65.500,-53.000,1000.14,999.90,9.96,2.38,37.57,45.13,0.00,0.00,14.76
1075656,atl,53.250,-53.000,989.35,989.20,7.67,1.53,43.38,52.46,0.00,875.40,6.20
1075656,atl,43.750,8.750,1000.44,999.88,10.97,3.18,43.77,43.77,0.00,0.00,17.15
1075656,atl,32.750,5.500,1004.31,1004.07,4.75,1.44,20.48,20.48,0.00,0.00,12.24
1075656,pac,61.000,185.250,947.95,947.00,35.61,8.45,72.52,79.53,160404.53,348283.14,10.94
1075662,atl,53.000,-52.250,987.75,987.62,7.89,1.57,41.98,46.48,0.00,0.00,5.98
1075662,atl,43.500,10.000,999.52,998.78,11.62,2.87,47.91,47.91,0.00,0.00,21.11
1075662,pac,63.000,187.500,952.07,951.03,32.27,7.82,62.76,66.50,21150.17,256050.34,9.69
1075668,atl,53.500,-50.500,986.40,986.31,8.03,1.51,36.71,42.56,0.00,0.00,4.80
1075668,pac,64.750,189.750,958.15,956.99,29.09,7.20,62.12,62.12,0.00,152847.16,9.51
1075674,atl,54.250,-49.250,985.30,985.20,8.34,1.51,31.26,44.79,0.00,0.00,4.88
1075674,pac,65.750,190.500,964.85,963.95,25.16,6.10,52.43,54.10,0.00,35296.30,7.72
1075680,atl,64.250,-51.500,994.45,994.15,9.77,2.87,55.53,58.54,0.00,62021.56,16.00
1075680,atl,55.000,-49.250,985.68,985.59,8.48,1.51,38.81,45.91,0.00,0.00,4.02
1075680,pac,39.500,230.750,1001.81,1001.49,8.19,2.06,39.71,43.06,0.00,0.00,3.69
1075686,atl,55.500,-49.000,984.88,984.82,8.38,1.44,34.77,51.91,0.00,793.12,4.02
1075686,pac,62.750,237.000,1003.29,1003.18,5.08,1.41,20.90,21.11,0.00,0.00,5.39
1075686,pac,38.750,233.000,999.10,998.68,8.68,2.38,41.38,41.38,0.00,0.00,5.30
1075692,atl,62.750,-50.000,993.32,993.04,6.80,1.90,46.24,50.28,0.00,347.82,13.62
1075692,atl,55.750,-49.000,986.56,986.44,7.85,1.39,36.15,47.46,0.00,0.00,3.41
1075692,pac,61.750,239.750,1004.29,1003.91,5.05,1.31,19.21,21.15,0.00,0.00,5.03
1075692,pac,38.500,234.000,996.75,996.33,9.12,2.51,42.54,42.54,0.00,0.00,5.18
1075698,atl,63.500,-51.250,994.71,994.40,7.78,2.11,39.02,41.07,0.00,0.00,11.81
1075698,atl,56.250,-48.500,987.79,987.66,8.14,1.67,37.04,46.34,0.00,0.00,8.40
1075698,pac,38.500,234.500,998.31,997.88,8.81,2.47,37.00,37.00,0.00,0.00,5.62
1075704,atl,64.500,-51.500,995.23,994.91,9.73,3.20,40.28,40.28,0.00,0.00,10.09
1075704,atl,56.750,-48.250,989.33,989.12,8.37,2.01,41.49,43.81,0.00,0.00,10.24
1075704,pac,38.750,234.750,999.60,999.26,6.84,1.98,33.07,34.51,0.00,0.00,8.30
1075710,atl,65.000,-53.000,996.98,996.84,7.36,2.26,36.22,36.22,0.00,0.00,7.41
1075710,atl,56.750,-48.500,989.78,989.46,8.26,2.06,36.12,38.72,0.00,0.00,7.82
1075710,atl,54.000,-43.500,989.42,988.85,9.69,2.76,42.69,43.93,0.00,0.00,4.50
1075710,pac,39.000,234.000,1002.25,1001.89,7.07,1.94,34.38,34.91,0.00,0.00,4.55
1075716,atl,56.250,-48.500,991.75,991.41,8.32,2.05,31.57,44.58,0.00,0.00,5.80
1075716,atl,55.250,-42.000,988.74,988.20,11.53,3.30,48.78,48.78,0.00,0.00,5.95
1075716,pac,38.500,233.500,1003.35,1003.08,6.88,1.88,28.68,34.39,0.00,0.00,4.19
1075722,atl,65.500,-17.750,1003.48,1003.30,5.38,1.30,30.62,31.94,0.00,0.00,4.90
1075722,atl,56.500,-39.750,989.60,988.87,11.12,3.25,41.62,41.62,0.00,0.00,4.94
1075722,atl,55.000,-46.750,994.06,993.72,7.65,1.64,33.94,41.34,0.00,0.00,4.64
1075728,atl,67.250,-16.750,1001.79,1001.60,7.10,1.70,31.07,33.01,0.00,0.00,8.02
1075728,atl,66.500,-62.000,1000.02,999.54,4.40,1.39,31.08,31.08,0.00,0.00,9.50
1075728,atl,57.500,-38.500,990.53,989.84,11.16,3.22,38.70,38.70,0.00,0.00,4.58
1075728,pac,64.500,213.250,1004.53,1003.94,5.57,1.85,41.11,41.11,0.00,0.00,15.86
1075728,pac,37.500,232.500,1004.93,1004.65,6.61,1.80,32.28,32.37,0.00,0.00,2.97
1075734,atl,68.750,-15.500,999.35,999.12,9.16,2.43,33.73,34.74,0.00,0.00,10.68
1075734,atl,65.250,-57.000,1000.40,1000.08,4.03,1.18,35.67,35.67,0.00,0.00,9.62
1075734,atl,58.250,-37.500,991.32,990.84,10.18,2.91,30.83,30.83,0.00,0.00,3.99
1075740,atl,58.500,-36.000,992.72,992.33,9.75,2.63,33.37,33.37,0.00,0.00,3.75
1075746,atl,61.750,-43.750,999.47,998.69,4.08,1.16,38.31,38.31,0.00,0.00,8.84
1075746,atl,58.750,-34.000,993.95,993.60,9.00,2.39,34.49,34.49,0.00,0.00,3.94
1075746,pac,59.250,163.750,972.02,971.54,14.05,3.00,61.86,61.86,0.00,117959.30,15.62
1075752,atl,69.000,-37.250,997.82,997.44,4.62,1.66,26.24,32.31,0.00,0.00,10.63
1075752,atl,60.000,-79.500,998.31,998.08,9.49,2.06,32.83,32.83,0.00,0.00,4.17
1075752,atl,59.250,-30.500,995.27,995.11,7.97,1.96,36.38,36.38,0.00,0.00,3.83
1075752,pac,61.250,167.500,974.83,973.95,11.50,2.44,56.78,62.59,0.00,75399.02,10.95
1075752,pac,53.750,210.250,1004.42,1004.11,10.07,2.70,39.68,39.68,0.00,0.00,4.49
1075758,atl,68.000,-36.000,996.68,996.36,6.34,2.24,34.72,42.43,0.00,0.00,14.08
1075758,atl,66.500,-15.250,996.55,996.40,6.08,1.91,31.86,32.25,0.00,0.00,3.88
1075758,atl,61.750,-43.500,1001.09,1000.38,5.62,2.21,42.43,42.43,0.00,0.00,15.03
1075758,atl,60.500,-27.250,995.02,994.95,6.59,1.40,36.92,37.70,0.00,0.00,3.72
1075758,atl,60.250,-78.500,997.37,997.17,8.64,2.08,35.20,35.20,0.00,0.00,4.16
1075758,pac,62.500,161.000,971.77,971.00,10.01,2.35,63.05,63.05,0.00,48695.56,10.80
1075758,pac,62.000,174.250,977.26,976.71,12.94,3.25,53.65,58.26,0.00,52019.94,7.79
1075758,pac,56.250,212.500,1002.94,1002.74,10.20,2.35,37.51,37.51,0.00,0.00,4.78
1075764,atl,68.250,-14.500,993.49,993.03,7.90,2.61,31.32,32.01,0.00,0.00,9.60
1075764,atl,67.500,-36.000,997.51,997.09,6.44,2.21,43.82,44.75,0.00,0.00,14.13
1075764,atl,63.750,-61.500,1001.68,1001.45,4.00,1.00,24.27,26.30,0.00,0.00,4.28
1075764,atl,62.250,-23.500,995.50,995.48,4.73,0.89,28.09,37.05,0.00,0.00,3.78
1075764,atl,61.500,-70.250,998.00,997.73,6.03,1.48,30.66,38.09,0.00,0.00,4.53
1075764,atl,60.000,-78.000,996.58,996.29,8.11,2.21,39.63,39.63,0.00,0.00,4.57
1075764,atl,53.000,-79.250,995.31,994.93,8.71,1.95,28.16,33.81,0.00,0.00,5.18
1075764,pac,64.750,161.250,978.05,977.91,6.83,1.02,29.30,54.66,0.00,4920.43,5.36
1075764,pac,63.750,178.000,979.39,979.12,12.21,3.02,45.64,45.87,0.00,0.00,6.15
1075764,pac,59.250,213.000,1000.68,1000.46,9.98,2.28,40.10,43.11,0.00,0.00,9.50
1075770,atl,67.750,-35.500,998.28,997.76,5.64,2.13,46.51,46.51,0.00,0.00,12.94
1075770,atl,64.750,-59.250,999.47,999.21,4.73,1.31,30.04,30.04,0.00,0.00,5.50
1075770,atl,62.750,-19.750,995.29,995.21,4.95,0.75,30.93,35.67,0.00,0.00,3.20
1075770,atl,61.500,-69.250,997.04,996.78,5.10,1.25,29.04,32.73,0.00,0.00,4.33
1075770,atl,53.750,-77.250,992.39,992.10,9.30,2.17,31.09,36.94,0.00,0.00,4.26
1075770,pac,64.500,179.750,980.17,979.65,10.32,2.44,38.78,39.08,0.00,0.00,5.81
1075770,pac,63.750,166.500,980.22,979.89,6.14,1.30,33.90,48.95,0.00,0.00,5.43
1075770,pac,60.250,213.250,998.41,998.02,9.80,2.34,47.05,47.05,0.00,0.00,10.66
1075776,atl,66.250,-57.000,998.52,998.33,5.67,1.27,31.60,34.28,0.00,0.00,5.44
1075776,atl,65.000,-13.250,995.42,995.35,4.03,0.67,24.73,34.16,0.00,0.00,5.96
1075776,atl,64.750,-26.750,997.55,997.29,4.58,1.11,28.19,29.06,0.00,0.00,11.54
1075776,atl,54.000,-76.000,991.04,990.63,10.43,2.41,40.13,41.68,0.00,0.00,4.88
1075776,pac,65.000,181.000,979.17,978.51,10.53,2.37,30.72,36.80,0.00,0.00,4.66
1075776,pac,62.000,220.750,995.34,994.63,9.25,3.01,47.34,47.34,0.00,0.00,12.55
1075776,pac,61.750,215.750,996.47,995.25,7.64,1.83,45.81,47.34,0.00,0.00,12.55
1075776,pac,60.500,212.250,996.96,996.62,7.30,1.84,45.81,45.81,0.00,0.00,12.55
1075782,atl,68.000,-55.250,997.50,997.24,6.77,1.14,34.87,39.00,0.00,0.00,8.23
1075782,atl,55.250,-73.250,989.51,989.31,10.43,2.04,36.65,43.31,0.00,0.00,4.43
1075782,pac,65.250,181.250,977.85,977.33,10.62,2.28,30.84,34.26,0.00,0.00,4.74
1075782,pac,62.000,220.500,991.90,991.21,9.13,3.01,37.60,37.60,0.00,0.00,14.26
1075788,atl,56.000,-71.750,988.79,988.44,11.26,2.32,31.86,45.48,0.00,0.00,4.55
1075788,pac,65.250,181.000,978.88,978.48,10.08,2.05,28.68,33.10,0.00,0.00,4.91
1075788,pac,64.000,223.000,989.40,989.00,9.03,2.30,30.30,34.95,0.00,0.00,15.57
1075794,atl,56.750,-69.000,989.22,988.91,9.80,1.89,33.31,39.95,0.00,0.00,5.11
1075794,pac,65.000,180.250,980.16,979.77,9.38,1.79,29.08,31.43,0.00,0.00,4.95
1075794,pac,65.000,225.500,987.50,985.91,8.23,2.05,36.00,36.22,0.00,0.00,10.30
1075794,pac,64.750,231.750,985.83,984.98,10.09,2.19,36.22,36.22,0.00,0.00,7.99
1075794,pac,57.750,207.750,990.61,990.34,6.28,1.33,37.22,43.94,0.00,0.00,6.07
1075800,atl,58.500,-66.000,989.79,989.59,9.40,2.20,38.94,38.94,0.00,0.00,5.35
1075800,atl,45.250,-67.000,993.85,993.70,8.87,2.08,38.32,40.33,0.00,0.00,5.00
1075800,pac,65.000,238.250,983.23,983.12,11.00,1.99,33.41,39.39,0.00,0.00,7.86
1075800,pac,64.500,179.500,982.67,982.32,8.91,1.62,31.37,35.75,0.00,0.00,5.47
1075800,pac,58.500,211.000,988.73,988.54,7.05,1.80,36.13,44.92,0.00,0.00,11.62
1075806,atl,61.250,-61.500,989.00,988.90,10.72,2.21,36.82,39.15,0.00,0.00,5.03
1075806,atl,48.500,-64.000,990.80,990.53,10.42,2.54,39.42,39.42,0.00,0.00,6.68
1075806,atl,32.250,-67.500,964.31,959.48,42.52,15.82,94.88,94.88,97255.64,249170.89,25.58
1075806,pac,63.500,179.750,985.53,985.33,7.83,1.31,27.23,34.39,0.00,0.00,5.06
1075806,pac,63.250,188.500,985.77,985.71,5.52,0.80,20.47,31.97,0.00,0.00,4.78
1075806,pac,62.500,184.000,985.71,985.59,5.74,0.66,26.97,33.39,0.00,0.00,5.06
1075806,pac,59.000,212.000,985.42,985.12,8.98,2.40,47.45,47.45,0.00,0.00,7.56
1075812,atl,63.000,-58.750,989.18,989.01,10.50,2.47,44.95,52.31,0.00,6185.18,7.51
1075812,atl,51.750,-62.000,988.90,988.55,12.66,3.03,45.26,45.26,0.00,0.00,7.37
1075812,atl,34.250,-64.750,962.42,957.77,43.67,15.67,102.82,102.82,113048.73,282441.03,26.32
1075812,pac,62.500,190.500,987.87,987.78,4.90,0.82,25.18,28.75,0.00,0.00,3.51
1075812,pac,59.500,213.250,984.53,984.02,9.78,2.57,49.40,49.40,0.00,0.00,8.21
1075818,atl,67.250,-51.250,990.44,990.05,7.58,1.58,54.53,54.53,0.00,31986.43,15.93
1075818,atl,66.750,-54.750,990.38,990.00,7.08,1.90,46.74,54.53,0.00,26463.50,6.84
1075818,atl,60.000,-77.750,996.67,996.35,7.33,2.19,34.18,34.18,0.00,0.00,3.85
1075818,atl,55.000,-59.250,987.70,987.13,13.73,3.67,37.23,37.70,0.00,0.00,6.75
1075818,atl,37.500,-62.000,956.07,950.80,47.18,16.31,122.90,122.90,174687.01,409303.63,26.46
1075818,pac,62.000,193.250,988.03,987.95,4.98,0.91,18.78,26.96,0.00,0.00,3.79
1075818,pac,60.000,214.500,985.77,984.72,9.34,2.47,34.51,34.51,0.00,0.00,6.96
1075818,pac,58.000,190.000,987.82,987.30,7.46,1.81,33.13,40.18,0.00,0.00,3.51
1075824,atl,67.250,-50.750,992.03,991.78,5.26,1.31,45.66,62.99,0.00,22230.69,9.51
1075824,atl,58.750,-74.000,1000.78,1000.40,5.43,1.75,26.85,26.85,0.00,0.00,3.15
1075824,atl,58.000,-55.500,989.94,989.73,13.27,3.30,41.80,41.80,0.00,0.00,6.56
1075824,atl,42.250,-60.500,944.51,939.93,55.39,17.95,106.42,106.42,285572.73,530995.48,23.22
1075824,pac,61.750,194.000,989.46,989.31,5.03,0.84,21.31,33.43,0.00,0.00,3.22
1075824,pac,61.750,221.500,989.73,989.00,7.50,2.15,33.31,37.30,0.00,0.00,8.70
1075824,pac,57.250,191.500,989.04,988.73,7.61,1.94,33.87,38.48,0.00,0.00,3.96
1075830,atl,68.000,-34.750,991.29,990.68,4.76,1.65,40.45,47.91,0.00,0.00,15.21
1075830,atl,64.500,-47.000,989.86,989.53,7.77,1.72,58.83,58.83,0.00,41404.63,15.21
1075830,atl,45.000,-61.000,938.68,934.19,58.80,18.96,101.60,101.60,274455.28,636125.00,29.63
1075830,pac,62.000,220.250,993.44,993.08,6.95,2.12,41.09,41.09,0.00,0.00,13.86
1075830,pac,59.500,195.000,990.65,990.55,4.90,0.74,19.34,36.43,0.00,0.00,3.50
1075830,pac,56.250,194.500,990.40,990.17,7.25,1.84,36.43,36.43,0.00,0.00,3.84
1075836,atl,64.750,-42.500,984.76,983.71,14.30,3.76,64.69,64.73,1085.40,56502.89,17.68
1075836,atl,46.750,-61.250,948.54,945.22,50.14,15.59,86.34,86.34,147263.00,462008.71,21.25
1075836,pac,62.000,219.750,999.76,999.18,4.36,1.60,34.69,34.69,0.00,0.00,12.60
1075836,pac,59.500,194.750,992.22,992.13,5.46,0.95,20.12,33.35,0.00,0.00,3.36
1075836,pac,56.000,196.750,992.30,992.02,6.35,1.42,33.92,33.92,0.00,0.00,3.09
1075842,atl,69.000,-31.250,975.45,973.94,16.40,3.25,47.96,59.26,0.00,19292.14,19.19
1075842,atl,69.000,-28.000,975.54,973.94,15.10,2.38,47.14,59.55,0.00,14141.94,19.19
1075842,atl,67.250,-34.500,974.94,973.55,20.09,5.21,61.90,67.24,335.73,91036.07,19.19
1075842,atl,47.750,-61.000,958.38,955.19,40.00,12.52,75.00,75.00,41408.36,222521.23,18.47
1075842,pac,56.500,198.750,994.09,993.90,5.65,1.06,30.36,30.36,0.00,0.00,3.38
1075848,atl,69.000,-19.000,968.94,968.57,16.17,2.64,50.88,67.38,3262.52,51467.40,22.08
1075848,atl,68.000,-30.250,967.40,966.84,29.35,7.61,89.38,93.19,112156.81,359026.31,29.12
1075848,atl,67.750,-26.000,968.04,967.55,23.37,3.87,82.59,89.38,73029.63,270096.06,29.12
1075848,atl,48.750,-60.000,970.72,967.45,28.75,8.85,66.46,66.46,509.52,72125.96,14.35
1075848,pac,62.250,220.250,1004.25,1003.71,4.43,1.78,31.43,31.43,0.00,0.00,12.78
1075848,pac,57.500,202.250,996.26,995.80,5.48,1.16,29.16,30.67,0.00,0.00,5.13
1075854,atl,50.750,-59.000,977.80,975.70,21.13,5.80,55.18,55.18,0.00,5499.99,9.30
1075854,pac,58.750,201.000,998.83,998.74,4.35,0.77,25.01,27.75,0.00,0.00,5.31
1075860,atl,68.500,-11.000,966.50,966.44,18.48,3.62,72.35,74.44,117541.32,255337.76,17.15
1075860,atl,53.000,-58.000,983.45,982.76,15.46,3.64,42.28,42.28,0.00,0.00,6.27
1075860,pac,60.000,198.000,1000.77,1000.65,4.73,0.84,18.73,31.72,0.00,0.00,4.26
1075860,pac,52.750,161.250,998.06,997.72,6.99,1.99,35.33,39.42,0.00,0.00,11.18
1075860,pac,44.500,210.500,1003.56,1002.66,7.09,1.99,50.02,50.02,0.00,551.18,4.60
1075866,atl,55.500,-58.250,984.60,984.34,13.59,3.11,39.31,39.31,0.00,0.00,5.94
1075866,atl,43.500,-78.250,999.26,998.98,4.70,1.10,32.15,39.80,0.00,0.00,3.34
1075866,pac,60.250,197.250,1002.66,1002.63,4.71,0.79,28.58,34.91,0.00,0.00,3.58
1075866,pac,52.750,167.000,992.09,991.64,13.66,2.80,50.45,50.45,0.00,467.75,6.59
1075866,pac,47.000,213.250,1001.85,1001.28,8.43,2.34,49.26,49.99,0.00,0.00,5.97
1075872,atl,67.000,-49.250,1001.09,999.83,9.07,2.55,35.64,35.64,0.00,0.00,17.22
1075872,atl,66.750,-53.500,1000.59,999.65,6.79,1.40,29.55,35.64,0.00,0.00,17.22
1075872,atl,57.250,-59.000,985.47,985.14,13.26,2.87,35.96,36.08,0.00,0.00,5.44
1075872,pac,61.500,194.500,1002.67,1002.55,5.80,1.14,32.19,33.72,0.00,0.00,3.35
1075872,pac,53.250,170.500,988.28,987.70,15.52,3.63,50.57,50.57,0.00,911.17,6.71
1075872,pac,49.500,215.500,998.98,998.20,9.38,2.50,52.22,52.22,0.00,8631.01,5.12
1075878,atl,67.000,-5.250,979.83,979.55,16.09,3.30,64.01,69.46,11798.61,255579.11,10.70
1075878,atl,58.500,-59.500,985.15,984.82,13.40,3.01,34.71,35.70,0.00,0.00,5.40
1075878,pac,60.000,197.000,1001.70,1001.60,4.73,0.95,26.72,29.61,0.00,0.00,3.42
1075878,pac,55.500,217.250,993.65,993.31,13.59,3.63,49.31,49.31,0.00,0.00,16.01
1075878,pac,53.750,172.000,984.79,984.08,17.00,4.11,50.47,50.47,0.00,6166.62,6.79
1075884,atl,65.500,-2.750,982.41,982.16,14.20,3.02,63.36,67.13,9437.31,141576.53,7.17
1075884,atl,59.500,-59.250,987.09,986.75,13.11,2.98,35.33,38.23,0.00,0.00,6.49
1075884,atl,59.000,7.750,988.72,988.47,6.43,1.56,35.89,40.29,0.00,0.00,6.31
1075884,pac,59.500,197.750,999.71,999.58,4.01,1.04,25.98,25.98,0.00,0.00,2.89
1075884,pac,58.750,218.500,989.87,989.30,15.18,4.57,56.28,56.28,0.00,6356.42,13.43
1075884,pac,53.750,173.250,980.09,979.27,20.76,5.65,53.41,53.41,0.00,23829.66,9.22
1075884,pac,43.250,216.250,1002.55,1002.25,6.86,1.69,52.27,52.27,0.00,1090.47,5.12
1075890,atl,68.000,-36.750,1004.67,1004.05,5.04,2.82,31.98,32.54,0.00,0.00,17.01
1075890,atl,64.000,-2.750,984.71,984.49,13.12,2.96,59.08,61.75,0.00,128508.13,5.82
1075890,atl,60.250,-58.500,990.49,990.22,11.86,2.86,37.17,39.53,0.00,0.00,8.40
1075890,atl,58.500,8.250,988.57,988.39,7.09,1.73,32.53,38.28,0.00,0.00,6.54
1075890,atl,47.000,-68.500,1000.27,999.90,4.04,0.89,25.61,31.73,0.00,0.00,3.21
1075890,pac,61.750,224.750,996.67,995.93,9.46,2.14,42.04,47.08,0.00,0.00,10.69
1075890,pac,60.750,212.500,995.86,995.21,5.18,0.98,29.27,47.08,0.00,0.00,10.69
1075890,pac,60.750,219.000,993.05,991.55,9.83,2.35,47.08,47.08,0.00,0.00,10.69
1075890,pac,53.250,175.000,978.08,977.41,21.30,5.81,54.81,54.81,0.00,42855.20,10.75
1075890,pac,43.000,217.500,1001.33,1000.65,8.35,2.15,54.04,54.04,0.00,558.22,4.82
1075896,atl,67.000,-65.500,999.38,998.47,4.29,1.19,25.96,29.23,0.00,0.00,5.03
1075896,atl,61.500,-1.500,987.88,987.61,9.73,2.33,51.50,53.82,0.00,35436.15,4.72
1075896,atl,61.000,-57.000,994.69,994.44,10.52,2.65,38.52,41.95,0.00,0.00,5.83
1075896,atl,58.750,8.750,988.70,988.58,6.87,1.73,34.55,34.88,0.00,0.00,5.28
1075896,atl,49.500,-65.000,1002.84,1002.67,4.39,1.11,29.35,31.91,0.00,0.00,4.19
1075896,atl,44.750,-79.500,998.09,997.45,8.67,2.35,36.32,36.32,0.00,0.00,4.64
1075896,atl,44.000,8.500,1001.22,1000.51,5.18,2.04,44.12,44.12,0.00,0.00,13.74
1075896,pac,63.500,233.750,1000.54,999.90,6.76,1.23,31.94,42.24,0.00,0.00,7.43
1075896,pac,62.500,224.000,993.73,992.91,9.53,2.72,42.24,42.62,0.00,0.00,11.32
1075896,pac,62.000,208.250,996.33,995.84,4.31,0.98,21.80,25.69,0.00,0.00,10.48
1075896,pac,52.250,178.250,980.81,980.38,17.21,3.99,52.45,52.45,0.00,12140.58,6.65
1075896,pac,45.250,219.000,998.29,996.92,10.27,2.79,44.20,47.62,0.00,0.00,4.98
1075902,atl,67.000,-65.000,1000.50,999.53,4.30,1.28,29.34,29.34,0.00,0.00,8.09
1075902,atl,61.750,-54.750,997.79,997.50,8.90,2.39,37.42,44.97,0.00,0.00,5.15
1075902,atl,59.750,-0.750,989.60,989.46,7.73,1.77,43.23,43.85,0.00,0.00,4.78
1075902,atl,58.500,7.500,990.04,989.93,5.35,1.03,30.25,33.45,0.00,0.00,5.55
1075902,atl,44.750,-76.750,999.90,999.58,7.13,1.93,42.22,42.22,0.00,0.00,4.45
1075902,atl,44.000,8.500,998.94,998.42,6.84,2.54,47.19,47.19,0.00,0.00,14.77
1075902,pac,64.750,229.500,994.56,993.10,8.90,1.93,33.08,37.05,0.00,0.00,9.50
1075902,pac,51.500,182.500,981.98,981.51,14.35,2.95,49.52,49.52,0.00,0.00,5.96
1075902,pac,44.250,220.750,995.70,994.43,13.85,3.80,51.57,51.57,0.00,6621.11,6.32
1075908,atl,63.250,-54.000,1001.08,1000.84,7.04,1.75,42.25,42.25,0.00,0.00,4.77
1075908,atl,57.250,2.000,992.66,992.57,4.60,0.72,31.05,35.05,0.00,0.00,5.81
1075908,atl,45.500,-75.000,1002.40,1002.06,5.93,1.44,29.58,29.58,0.00,0.00,3.44
1075908,atl,45.250,9.000,998.26,998.00,6.23,2.38,46.94,49.40,0.00,0.00,15.10
1075908,pac,64.000,236.750,993.67,993.28,9.16,1.91,30.11,36.98,0.00,0.00,7.41
1075908,pac,51.250,186.250,982.81,982.31,12.92,2.82,44.84,44.84,0.00,0.00,5.81
1075908,pac,45.500,221.750,993.60,992.91,15.29,3.94,55.32,55.32,0.00,30454.79,6.51
1075914,atl,64.500,-54.250,1004.72,1004.41,4.48,1.07,29.75,34.55,0.00,0.00,3.60
1075914,atl,46.500,-74.750,1004.83,1004.58,5.01,0.91,28.33,32.29,0.00,0.00,3.45
1075914,atl,45.250,8.750,999.49,999.10,5.55,2.17,45.90,45.90,0.00,0.00,16.50
1075914,pac,51.750,190.250,983.06,982.83,11.35,2.10,44.39,45.49,0.00,0.00,5.87
1075914,pac,45.500,223.250,993.62,993.05,16.07,4.12,54.30,54.30,0.00,30245.11,6.58
1075920,pac,55.750,194.500,983.54,983.32,10.30,1.97,40.75,45.69,0.00,0.00,5.52
1075920,pac,54.000,162.750,1001.16,1000.75,8.19,2.26,35.55,35.94,0.00,0.00,5.63
1075920,pac,45.750,224.750,996.07,995.57,13.69,3.41,53.65,53.90,0.00,21137.21,5.87
1075926,atl,56.750,9.500,992.30,992.02,6.94,1.74,40.61,40.61,0.00,0.00,6.29
1075926,pac,57.500,199.000,982.89,982.66,12.46,2.47,55.80,55.80,0.00,1234.23,10.41
1075926,pac,54.000,165.750,1002.45,1002.22,7.95,2.02,38.78,38.78,0.00,0.00,5.56
1075926,pac,45.750,226.750,999.72,999.31,11.93,2.97,42.31,42.31,0.00,0.00,4.86
1075932,atl,65.000,0.500,1003.11,1003.07,4.50,0.82,23.89,29.64,0.00,0.00,5.78
1075932,atl,56.500,7.500,994.54,994.28,5.58,1.28,42.12,42.12,0.00,0.00,6.35
1075932,atl,56.250,-54.500,1003.51,1003.32,6.73,1.49,28.64,39.13,0.00,0.00,3.73
1075932,atl,56.250,2.000,994.58,994.32,6.65,1.74,35.36,42.12,0.00,0.00,5.38
1075932,atl,56.000,-50.500,1002.46,1002.06,9.21,2.29,39.13,39.39,0.00,0.00,3.88
1075932,atl,44.000,7.750,998.77,997.85,5.42,1.89,42.94,42.94,0.00,0.00,7.79
1075932,pac,58.250,198.000,981.52,981.06,13.93,2.91,41.44,55.95,0.00,3131.86,11.01
1075932,pac,45.750,229.000,1002.00,1001.69,10.61,2.80,36.71,38.14,0.00,0.00,3.74
1075938,atl,66.000,-1.500,1003.74,1003.65,4.19,0.98,21.40,24.15,0.00,0.00,2.35
1075938,atl,57.750,-45.750,996.28,995.10,11.22,3.22,36.55,39.04,0.00,0.00,6.27
1075938,atl,57.000,-52.250,1001.56,1001.14,5.51,1.44,27.53,36.55,0.00,0.00,6.16
1075938,atl,55.000,1.000,995.61,995.34,6.46,1.68,34.15,38.42,0.00,0.00,4.05
1075938,atl,44.000,8.250,997.50,996.75,6.05,2.16,42.47,42.47,0.00,0.00,10.32
1075938,pac,58.750,197.250,982.67,982.27,13.26,3.03,44.27,52.28,0.00,392.21,8.09
1075944,atl,63.750,-48.750,998.41,997.91,5.59,1.56,19.82,28.53,0.00,0.00,5.83
1075944,atl,59.500,-39.250,990.46,989.46,13.56,4.09,50.36,50.36,0.00,406.64,7.55
1075944,atl,54.000,0.500,997.32,997.10,6.19,1.50,34.35,34.94,0.00,0.00,3.75
1075944,atl,44.000,8.500,997.81,997.08,5.99,1.93,41.93,41.93,0.00,0.00,10.79
1075944,pac,59.000,197.250,985.89,985.52,10.72,2.33,42.52,43.10,0.00,0.00,4.84
1075950,atl,65.500,-48.500,997.17,996.65,4.98,1.47,33.36,33.36,0.00,0.00,7.34
1075950,atl,65.250,-52.250,997.88,997.05,5.88,1.74,33.36,33.36,0.00,0.00,6.43
1075950,atl,60.750,-33.250,983.73,983.32,15.90,4.39,53.31,53.31,0.00,9658.77,7.32
1075950,atl,44.000,8.500,997.43,996.68,5.73,1.83,37.44,37.44,0.00,0.00,8.63
1075950,pac,59.500,198.250,987.76,987.66,9.94,1.99,43.52,43.52,0.00,0.00,11.05
1075956,atl,65.750,-52.250,997.54,997.26,4.50,1.42,26.91,29.92,0.00,0.00,9.39
1075956,atl,62.000,-27.000,979.80,979.48,15.22,3.22,51.20,51.20,0.00,3515.33,5.87
1075956,atl,44.250,7.750,997.43,996.65,5.72,1.92,34.83,34.83,0.00,0.00,8.03
1075956,pac,59.250,200.250,989.22,988.99,9.78,2.13,41.50,43.48,0.00,0.00,9.10
1075956,pac,44.250,162.500,964.29,960.88,35.45,11.44,92.40,92.40,77405.55,301001.97,19.82
1075962,atl,63.000,-23.750,975.50,975.40,14.77,2.78,38.86,45.25,0.00,0.00,7.35
1075962,atl,44.000,8.000,998.86,998.20,5.62,1.77,34.03,34.03,0.00,0.00,8.56
1075962,pac,59.750,160.500,994.77,994.63,6.87,1.46,30.98,34.17,0.00,0.00,4.90
1075962,pac,59.500,201.000,992.71,992.21,9.49,1.95,35.15,52.84,0.00,10852.42,8.09
1075962,pac,48.000,167.000,959.62,957.16,39.17,11.49,89.39,89.39,178311.43,507419.42,17.06
1075968,atl,66.000,-78.750,989.16,988.86,14.59,3.11,44.20,45.43,0.00,0.00,6.56
1075968,atl,63.000,-21.250,970.70,970.43,14.14,2.44,38.57,46.53,0.00,0.00,5.46
1075968,atl,43.750,8.250,1001.00,1000.52,5.67,1.64,27.58,31.91,0.00,0.00,11.07
1075968,pac,64.500,213.250,1000.21,999.99,4.15,1.28,34.16,34.16,0.00,0.00,12.13
1075968,pac,62.000,220.250,1002.26,1001.87,5.38,2.20,31.68,35.89,0.00,0.00,12.13
1075968,pac,60.750,160.250,993.43,993.16,6.89,1.73,32.45,34.46,0.00,0.00,7.22
1075968,pac,60.000,199.750,998.43,998.12,7.87,1.49,36.06,45.72,0.00,0.00,7.40
1075968,pac,52.250,170.250,953.38,951.36,42.77,11.51,82.51,82.51,169614.47,571422.49,14.47
1075974,atl,64.000,-75.500,990.27,990.09,12.28,1.93,46.04,49.93,0.00,0.00,7.10
1075974,atl,63.000,-21.250,966.93,966.73,13.79,2.34,46.39,50.43,0.00,902.73,5.71
1075974,atl,62.250,-65.750,992.54,992.25,6.60,1.69,30.71,34.85,0.00,0.00,6.17
1075974,atl,59.250,-10.750,968.20,967.17,15.95,3.80,62.64,62.64,0.00,91754.48,7.33
1075974,atl,43.500,7.000,1003.20,1003.01,5.71,1.53,37.52,37.52,0.00,0.00,6.66
1075974,pac,60.250,199.750,1004.11,1003.81,4.74,0.94,30.54,36.75,0.00,0.00,5.21
1075974,pac,54.750,171.000,947.35,945.41,45.66,12.45,76.95,76.95,222501.92,623922.47,18.04
1075980,atl,62.750,-72.750,992.02,991.86,11.24,1.88,43.20,49.62,0.00,0.00,6.44
1075980,atl,62.500,-63.250,991.20,990.78,7.53,2.09,34.14,34.57,0.00,0.00,8.65
1075980,atl,62.000,-8.750,960.90,960.14,19.93,4.63,62.68,66.05,7841.14,155791.16,7.64
1075980,atl,31.750,-78.750,985.32,980.59,27.32,9.60,68.19,68.19,13786.99,86144.31,20.91
1075980,pac,55.500,173.750,950.20,947.96,43.50,11.66,81.79,81.79,109952.87,522593.70,15.56
1075980,pac,44.250,213.750,1004.87,1004.06,9.09,2.40,40.03,40.03,0.00,0.00,4.55
1075986,atl,63.750,-10.500,957.63,956.75,21.84,5.03,57.86,62.29,0.00,89808.82,8.35
1075986,atl,62.750,-62.000,991.31,990.80,6.85,1.92,34.04,41.26,0.00,0.00,8.14
1075986,atl,62.000,-68.250,993.02,992.89,8.68,1.54,38.76,42.51,0.00,0.00,5.83
1075986,atl,61.500,-55.750,991.39,991.15,6.48,1.63,30.40,34.04,0.00,0.00,4.16
1075986,atl,33.000,-79.000,985.93,981.91,26.44,9.15,69.23,69.23,6466.20,90383.54,19.88
1075986,pac,56.500,177.250,955.32,953.41,38.53,10.09,66.95,66.95,35645.20,426781.66,11.15
1075992,atl,64.750,-12.250,956.22,955.40,24.88,6.04,49.50,56.27,0.00,53658.23,8.46
1075992,atl,61.250,-52.000,990.19,989.75,6.41,1.74,31.06,31.06,0.00,0.00,6.21
1075992,atl,34.500,-79.250,994.24,991.89,18.06,5.80,60.94,60.94,0.00,44872.73,11.27
1075992,pac,57.250,178.500,959.73,958.03,34.85,9.02,59.71,61.59,0.00,355171.06,9.69
1075992,pac,56.500,218.500,1001.15,1000.73,10.69,3.25,43.02,43.02,0.00,0.00,12.30
1075992,pac,44.750,216.250,1004.44,1004.17,7.73,1.69,40.86,40.86,0.00,0.00,3.23
1075992,pac,41.000,216.250,1003.89,1003.39,8.11,1.85,39.51,44.98,0.00,0.00,5.36
1075998,atl,65.500,-16.250,962.09,961.39,21.80,4.58,49.44,57.64,0.00,37693.16,8.48
1075998,atl,61.500,-50.500,990.48,990.02,5.52,1.55,30.71,33.13,0.00,0.00,3.89
1075998,atl,35.500,-79.750,1000.56,999.52,12.03,3.51,47.04,47.04,0.00,0.00,8.79
1075998,pac,58.750,218.750,994.17,992.95,13.63,4.29,48.19,48.19,0.00,0.00,13.73
1075998,pac,57.500,179.000,962.46,960.87,32.46,8.58,60.91,60.91,0.00,210645.10,9.47
1075998,pac,37.250,215.500,1004.97,1004.08,8.07,2.13,45.21,45.21,0.00,0.00,5.69
1076004,atl,65.250,-21.000,969.06,968.57,18.59,3.78,52.77,57.64,0.00,33306.91,16.21
1076004,atl,63.750,-15.500,969.55,969.18,15.05,2.54,43.16,49.33,0.00,0.00,6.43
1076004,atl,63.000,-49.500,991.78,991.49,4.42,1.12,24.41,39.16,0.00,0.00,5.07
1076004,pac,62.250,215.500,996.39,995.92,6.32,1.22,29.65,35.48,0.00,0.00,8.76
1076004,pac,62.250,222.750,994.93,994.50,9.25,2.23,36.70,59.98,0.00,3198.43,7.50
1076004,pac,60.750,218.750,995.51,994.91,8.10,1.27,35.48,59.98,0.00,2388.02,8.76
1076004,pac,57.250,181.250,967.61,966.37,28.43,7.30,63.07,63.07,0.00,152385.51,9.17
1076004,pac,37.250,215.750,999.13,997.70,12.47,3.55,52.13,52.13,0.00,1849.45,7.99
1076010,atl,64.750,-23.000,973.70,973.38,16.24,3.56,47.78,54.94,0.00,24498.96,12.82
1076010,atl,64.250,-14.250,975.33,975.01,12.68,2.30,45.00,47.78,0.00,0.00,5.36
1076010,pac,63.250,226.250,991.76,991.29,11.29,2.59,43.83,43.83,0.00,0.00,10.77
1076010,pac,57.000,184.000,972.50,971.44,25.04,6.50,55.92,55.92,0.00,84390.59,7.56
1076010,pac,37.750,216.250,998.42,997.52,13.29,3.63,47.61,50.39,0.00,578.77,5.73
1076016,atl,66.750,-37.500,990.86,989.89,4.75,1.49,45.99,53.30,0.00,13930.07,14.96
1076016,atl,64.750,-22.750,978.05,977.81,14.17,3.14,48.75,53.30,0.00,24018.08,10.37
1076016,atl,64.750,-13.750,980.04,979.80,11.83,2.31,43.67,48.75,0.00,0.00,5.15
1076016,atl,59.500,-47.750,994.42,994.31,4.42,0.75,27.11,38.75,0.00,0.00,6.96
1076016,pac,64.250,234.750,988.15,987.92,13.32,2.95,44.98,44.98,0.00,0.00,9.80
1076016,pac,57.750,206.750,1003.04,1002.64,4.40,1.36,31.73,35.26,0.00,0.00,7.77
1076016,pac,57.000,186.500,979.12,978.19,20.97,5.53,51.77,51.90,0.00,13590.91,6.62
1076016,pac,54.250,163.250,1004.01,1003.90,4.62,1.03,25.36,40.47,0.00,0.00,6.22
1076016,pac,51.250,166.000,1004.11,1003.22,7.40,2.07,40.47,40.47,0.00,0.00,4.01
1076016,pac,38.500,215.250,994.72,994.10,15.83,4.16,48.98,52.59,0.00,8737.06,6.51
1076022,atl,65.750,-20.750,984.11,983.76,10.75,1.99,47.77,50.14,0.00,597.68,13.11
1076022,atl,65.500,-12.750,982.98,982.78,12.34,2.64,45.91,45.91,0.00,0.00,5.30
1076022,atl,65.250,-24.500,984.25,984.01,10.21,2.32,50.14,50.14,0.00,597.68,13.11
1076022,pac,57.000,189.500,984.38,983.60,18.00,4.81,47.69,49.04,0.00,0.00,5.94
1076022,pac,54.000,166.500,1002.05,1001.86,5.82,1.13,29.85,36.51,0.00,0.00,4.33
1076022,pac,52.250,170.250,1000.87,1000.21,8.38,2.41,36.51,36.51,0.00,0.00,3.94
1076022,pac,38.500,214.250,996.46,995.96,14.42,3.64,46.39,50.73,0.00,1814.32,5.65
1076028,atl,66.500,-12.000,987.18,986.95,11.98,2.54,45.81,46.63,0.00,0.00,7.44
1076028,atl,64.500,-37.000,986.78,986.45,7.42,1.55,50.32,50.32,0.00,317.39,11.30
1076028,atl,62.750,-42.500,987.52,987.23,6.04,1.15,32.29,50.32,0.00,317.39,7.47
1076028,atl,60.500,-30.250,989.20,988.66,6.64,1.85,39.94,41.81,0.00,0.00,4.17
1076028,pac,59.000,175.750,1000.16,1000.05,4.41,1.14,31.29,31.29,0.00,0.00,3.96
1076028,pac,57.000,192.250,989.75,989.13,14.69,4.09,44.51,44.70,0.00,0.00,5.29
1076028,pac,53.500,168.000,1001.11,1000.76,7.07,1.68,36.87,40.05,0.00,0.00,6.55
1076028,pac,53.000,173.500,997.79,996.91,9.61,2.64,36.94,37.30,0.00,0.00,4.08
1076028,pac,37.500,213.250,996.65,996.17,12.92,3.19,42.25,45.62,0.00,0.00,4.47
1076034,atl,67.250,-10.000,992.07,991.94,9.41,1.86,33.54,39.33,0.00,0.00,4.96
1076034,atl,64.500,-47.000,988.77,988.38,6.50,1.16,31.38,44.39,0.00,0.00,13.22
1076034,atl,64.000,-39.250,985.89,985.52,7.01,1.35,47.11,53.79,0.00,2104.30,13.57
1076034,atl,63.000,-27.250,987.45,986.83,8.43,2.20,37.34,46.48,0.00,0.00,6.25
1076034,pac,58.250,177.750,998.08,997.97,4.83,0.80,23.75,35.38,0.00,0.00,5.72
1076034,pac,57.500,194.750,993.69,993.10,11.83,3.35,42.01,42.01,0.00,0.00,4.60
1076034,pac,53.750,176.750,993.56,992.59,11.33,3.21,38.28,38.28,0.00,0.00,5.73
1076034,pac,36.500,213.250,998.78,998.42,11.39,2.91,43.40,43.81,0.00,0.00,4.02
1076040,atl,68.000,-7.500,996.80,996.70,6.58,1.30,27.69,30.73,0.00,0.00,3.91
1076040,atl,65.000,-27.750,984.21,982.87,12.58,3.66,40.56,51.10,0.00,603.89,10.17
1076040,atl,62.250,-37.750,988.16,988.11,4.60,0.81,28.35,45.25,0.00,0.00,6.01
1076040,atl,62.000,-46.500,988.86,988.05,6.76,1.26,36.97,40.27,0.00,0.00,14.49
1076040,atl,60.500,-42.250,987.50,987.24,7.37,1.62,33.07,38.75,0.00,0.00,6.54
1076040,atl,52.500,-21.000,1004.18,1003.83,6.48,1.88,42.79,42.79,0.00,0.00,4.24
1076040,pac,58.250,196.500,997.17,996.71,8.58,2.56,38.52,38.52,0.00,0.00,4.06
1076040,pac,53.750,180.000,991.11,990.64,13.43,3.74,50.05,50.05,0.00,467.75,8.30
1076040,pac,36.250,214.500,998.23,997.88,10.69,2.88,37.39,40.05,0.00,0.00,4.36
1076046,atl,66.000,-30.000,981.83,980.54,14.68,4.25,45.07,47.09,0.00,0.00,11.99
1076046,atl,63.000,-49.000,989.74,989.22,6.18,1.66,39.94,39.94,0.00,0.00,12.28
1076046,atl,60.750,-46.000,989.89,989.77,5.79,1.09,39.06,39.79,0.00,0.00,9.78
1076046,atl,60.750,-40.000,987.83,987.63,5.69,1.33,30.95,35.64,0.00,0.00,5.91
1076046,atl,55.000,-18.250,999.02,998.69,7.55,1.97,44.02,46.62,0.00,0.00,4.87
1076046,atl,53.500,-28.750,994.75,994.28,5.78,1.82,42.20,44.17,0.00,0.00,4.27
1076046,pac,58.750,197.000,999.09,998.82,4.84,1.36,34.95,34.95,0.00,0.00,4.31
1076046,pac,55.750,186.750,989.31,989.10,12.00,2.52,43.23,53.19,0.00,17432.50,6.98
1076046,pac,36.500,215.500,1000.51,1000.25,9.24,2.44,36.53,36.53,0.00,0.00,3.68
1076052,atl,66.750,-37.750,987.00,985.68,8.90,2.43,41.70,41.70,0.00,0.00,10.98
1076052,atl,66.500,-32.000,983.88,982.87,12.75,3.64,41.70,41.70,0.00,0.00,10.98
1076052,atl,60.750,-38.750,987.40,987.29,5.76,1.42,27.46,35.05,0.00,0.00,7.90
1076052,atl,57.500,-16.000,994.84,994.61,7.48,1.79,40.14,46.39,0.00,0.00,5.24
1076052,atl,56.000,-25.250,986.89,985.99,10.12,2.99,47.35,47.35,0.00,0.00,6.00
1076052,pac,55.750,187.750,987.23,986.92,14.12,3.13,46.78,47.66,0.00,0.00,6.17
1076052,pac,37.500,216.750,1001.41,1001.10,8.27,2.28,36.07,36.07,0.00,0.00,3.01
1076058,atl,66.250,-38.500,988.18,987.67,6.34,2.08,43.90,43.90,0.00,0.00,10.68
1076058,atl,61.000,-37.750,986.57,986.49,5.78,1.19,26.85,34.01,0.00,0.00,8.62
1076058,atl,59.250,-23.000,977.16,976.43,14.99,4.31,59.27,59.27,0.00,12287.45,9.60
1076058,pac,54.750,191.000,987.79,987.50,14.41,3.14,49.36,49.36,0.00,0.00,6.82
1076058,pac,38.750,217.750,1003.99,1003.75,7.50,2.12,33.56,33.56,0.00,0.00,3.31
1076064,atl,64.750,-78.250,973.96,973.82,17.39,3.23,49.40,55.57,0.00,57168.47,8.12
1076064,atl,61.000,-35.750,987.77,987.67,4.02,0.93,24.76,36.89,0.00,0.00,11.52
1076064,atl,60.750,-21.250,971.27,970.55,17.62,4.37,63.62,63.62,0.00,95154.64,11.09
1076064,pac,55.000,194.250,990.56,990.29,12.04,2.42,47.22,47.22,0.00,0.00,5.08
1076064,pac,40.250,219.000,1003.96,1003.72,7.07,1.99,29.43,29.56,0.00,0.00,3.30
1076070,atl,64.500,-75.500,974.88,974.58,16.02,3.07,52.67,54.35,0.00,54592.79,8.50
1076070,atl,62.500,-16.500,963.37,963.01,21.36,4.95,75.51,75.51,40832.19,205910.06,10.20
1076070,pac,55.500,195.750,992.05,991.77,11.51,2.19,35.56,48.12,0.00,0.00,4.92
1076070,pac,42.250,221.000,1004.81,1004.35,6.59,1.84,32.32,32.49,0.00,0.00,3.23
1076076,atl,64.500,-74.250,978.27,977.96,14.70,2.95,49.83,52.29,0.00,24989.70,13.13
1076076,atl,64.250,-13.500,960.02,959.59,21.90,4.80,74.25,74.25,67296.79,224627.00,10.63
1076076,atl,63.500,-63.750,979.72,979.49,10.54,2.46,38.10,58.55,0.00,3123.13,13.13
1076076,pac,54.500,196.500,995.60,995.40,9.57,1.76,38.70,51.78,0.00,10612.23,4.97
1076076,pac,52.750,205.750,997.38,997.30,4.18,0.67,27.46,32.32,0.00,0.00,3.66
1076076,pac,45.000,222.750,1001.83,1001.30,7.08,1.90,31.78,32.35,0.00,0.00,2.99
1076082,atl,66.500,-12.500,956.79,956.36,23.75,5.03,64.17,69.37,26413.50,210443.29,9.37
1076082,atl,64.000,-74.000,981.78,981.50,13.94,2.99,48.17,49.01,0.00,0.00,11.76
1076082,atl,63.500,-63.000,981.47,981.21,10.09,2.56,43.90,56.20,0.00,3526.95,11.76
1076082,atl,60.250,-50.500,985.42,984.82,8.85,2.59,41.56,48.49,0.00,0.00,7.06
1076082,pac,53.750,207.250,994.28,994.15,5.58,0.69,20.28,44.47,0.00,0.00,5.46
1076082,pac,52.250,201.250,994.44,994.36,7.52,1.26,39.34,46.67,0.00,0.00,4.48
1076088,atl,67.250,-13.750,957.36,956.83,22.84,4.83,60.19,60.58,0.00,176384.04,11.19
1076088,atl,63.250,-72.750,986.58,986.32,12.27,2.67,41.13,44.57,0.00,0.00,8.28
1076088,atl,63.250,-58.250,984.59,984.42,8.71,2.17,48.43,48.66,0.00,0.00,8.28
1076088,atl,60.500,-46.000,986.45,985.99,7.46,1.86,43.84,47.21,0.00,0.00,7.64
1076088,pac,53.250,212.000,992.83,992.70,5.94,1.08,29.26,30.14,0.00,0.00,3.17
1076088,pac,50.750,203.500,993.78,993.69,6.89,1.23,38.82,49.55,0.00,0.00,4.29
1076094,atl,67.250,-13.500,958.10,957.65,21.40,4.47,55.76,55.76,0.00,64543.41,8.66
1076094,atl,63.000,-57.000,985.24,984.99,8.15,2.06,41.93,42.25,0.00,0.00,5.48
1076094,atl,62.500,-43.500,983.07,982.63,6.54,1.58,38.28,48.56,0.00,0.00,10.62
1076094,atl,62.250,-70.500,991.24,991.00,8.68,1.80,38.32,42.74,0.00,0.00,6.84
1076094,atl,60.750,-39.750,982.89,982.45,8.81,2.25,48.56,48.56,0.00,0.00,9.95
1076094,atl,58.250,-0.500,990.71,990.02,5.77,1.89,41.01,42.21,0.00,0.00,4.30
1076094,pac,58.000,163.500,983.52,983.18,8.83,2.20,37.67,41.76,0.00,0.00,11.32
1076094,pac,54.250,212.750,991.95,991.68,8.78,1.75,29.43,34.93,0.00,0.00,3.94
1076094,pac,49.750,205.750,994.36,994.25,5.91,1.03,32.58,48.34,0.00,0.00,3.69
1076100,atl,67.500,-13.000,960.88,960.45,19.52,4.18,48.50,55.97,0.00,15056.24,8.22
1076100,atl,62.750,-54.750,987.17,986.97,7.44,1.93,36.63,37.20,0.00,0.00,8.19
1076100,atl,61.500,4.250,986.75,986.22,5.92,2.05,44.01,44.01,0.00,0.00,7.77
1076100,atl,61.000,-36.000,982.11,981.68,9.40,2.07,53.83,53.83,0.00,58154.59,12.79
1076100,pac,59.500,167.000,980.79,980.35,10.90,2.81,49.30,49.30,0.00,0.00,10.35
1076100,pac,54.750,209.000,991.71,991.42,10.83,2.35,35.16,41.33,0.00,0.00,5.87
1076100,pac,49.500,206.750,996.48,996.41,4.36,0.62,27.11,36.50,0.00,0.00,3.44
1076106,atl,67.750,-31.750,981.99,981.76,5.41,1.90,33.09,56.29,0.00,11658.87,13.66
1076106,atl,67.750,-12.000,963.78,963.41,18.14,3.90,55.08,56.29,0.00,30744.87,9.19
1076106,atl,65.250,7.250,983.90,983.61,4.18,1.22,37.87,41.55,0.00,0.00,7.75
1076106,atl,62.250,-53.250,990.78,990.61,5.79,1.63,35.04,40.16,0.00,0.00,12.38
1076106,atl,61.750,-39.250,983.33,983.16,8.25,1.94,53.33,53.33,0.00,33700.28,12.71
1076106,atl,61.500,-32.250,982.75,982.46,7.06,1.84,53.15,53.33,0.00,60326.08,6.10
1076106,pac,64.000,167.250,975.28,974.94,10.93,2.04,33.28,49.23,0.00,0.00,7.96
1076106,pac,56.500,216.250,999.57,998.59,9.58,2.52,49.31,49.31,0.00,0.00,10.79
1076106,pac,54.000,206.750,993.70,993.30,10.75,2.53,38.67,41.17,0.00,0.00,6.65
1076106,pac,46.500,207.500,998.89,998.82,5.71,1.00,32.47,36.34,0.00,0.00,2.82
1076112,atl,68.000,-10.500,967.47,967.07,16.36,3.60,52.76,53.24,0.00,14044.43,7.52
1076112,atl,67.250,10.000,978.79,978.04,7.71,2.51,41.31,45.81,0.00,0.00,6.59
1076112,atl,66.500,-33.750,984.45,984.07,6.71,1.56,25.38,43.11,0.00,0.00,15.01
1076112,atl,62.000,-29.250,983.89,983.49,5.94,1.72,50.04,50.53,0.00,4354.88,4.22
1076112,atl,61.750,-37.750,984.39,984.20,8.66,1.56,44.60,48.33,0.00,0.00,14.63
1076112,atl,61.500,-51.250,995.71,995.62,4.08,1.32,36.43,41.23,0.00,0.00,14.63
1076112,atl,52.250,-73.750,1004.86,1004.21,8.29,2.23,26.56,31.06,0.00,0.00,4.16
1076112,pac,65.000,175.500,970.97,970.57,15.12,3.19,47.90,53.92,0.00,20602.98,11.29
1076112,pac,53.500,204.750,995.86,995.50,10.94,2.96,35.16,37.46,0.00,0.00,6.55
1076118,atl,67.750,-10.000,969.91,969.57,14.79,3.35,42.49,49.18,0.00,0.00,7.64
1076118,atl,62.000,-27.250,984.65,984.22,5.79,1.67,41.57,44.86,0.00,0.00,3.64
1076118,atl,53.500,-69.750,1002.40,1001.66,9.84,2.89,30.15,30.15,0.00,0.00,5.72
1076118,pac,50.750,203.750,999.95,999.78,8.49,1.78,36.95,39.84,0.00,0.00,3.61
1076124,atl,67.750,-9.250,973.40,973.06,13.35,3.13,35.88,47.45,0.00,0.00,5.61
1076124,atl,62.500,-65.250,1004.20,1004.01,5.68,1.83,30.65,30.65,0.00,0.00,4.18
1076124,atl,62.250,-23.500,986.17,985.78,5.19,1.37,33.44,43.69,0.00,0.00,5.61
1076124,atl,54.500,-65.000,1002.60,1001.90,9.51,2.88,29.18,29.18,0.00,0.00,5.89
1076124,pac,48.000,203.750,1000.38,1000.19,7.90,1.61,39.54,39.54,0.00,0.00,3.39
1076130,atl,67.500,-8.750,976.11,975.88,12.59,2.96,34.21,44.17,0.00,0.00,5.68
1076130,atl,63.000,-63.750,1003.30,1003.04,6.60,2.10,32.67,32.67,0.00,0.00,5.82
1076130,atl,55.250,-59.500,1002.52,1002.06,8.70,2.29,28.49,28.49,0.00,0.00,6.25
1076130,pac,46.250,204.500,1000.48,1000.24,8.00,1.82,40.42,40.42,0.00,0.00,2.92
1076130,pac,44.500,216.000,1002.06,1001.22,9.02,2.53,45.12,45.12,0.00,0.00,5.66
1076136,atl,67.000,-7.250,979.77,979.51,10.30,2.47,31.81,34.77,0.00,0.00,6.55
1076136,atl,66.000,-36.500,998.19,997.95,6.19,2.13,42.77,42.77,0.00,0.00,16.23
1076136,atl,63.250,-62.750,1001.52,1001.16,8.83,2.83,35.72,35.72,0.00,0.00,5.40
1076136,atl,61.750,-42.750,1001.09,999.99,5.53,1.97,43.01,43.01,0.00,0.00,15.50
1076136,atl,56.750,-53.250,1002.70,1002.13,8.00,2.40,31.52,31.54,0.00,0.00,4.38
1076136,pac,48.000,214.250,997.41,996.10,13.11,3.63,59.53,59.53,0.00,9793.38,7.22
1076136,pac,44.750,205.000,998.98,998.75,7.97,1.87,35.87,37.61,0.00,0.00,3.06
1076142,atl,66.500,-5.000,980.80,980.65,9.07,2.07,34.39,37.50,0.00,0.00,6.87
1076142,atl,65.250,-38.500,997.86,997.59,6.59,2.20,40.68,40.68,0.00,0.00,14.92
1076142,atl,63.250,-62.250,1000.80,1000.33,8.87,2.87,37.66,37.66,0.00,0.00,5.89
1076142,atl,61.750,-40.500,998.98,998.73,6.05,1.86,42.09,42.09,0.00,0.00,14.92
1076142,atl,58.250,-47.500,999.82,999.12,7.90,2.35,32.19,42.09,0.00,0.00,9.99
1076142,pac,50.250,211.000,997.87,996.76,15.47,4.61,46.85,46.85,0.00,0.00,7.90
1076142,pac,43.250,205.000,999.83,999.66,8.77,1.92,43.34,43.34,0.00,0.00,4.01
1076148,atl,68.500,1.500,983.27,983.21,5.55,0.94,28.35,43.28,0.00,0.00,4.27
1076148,atl,62.500,-60.750,1002.78,1002.54,7.91,2.44,41.24,41.24,0.00,0.00,5.83
1076148,atl,62.000,-39.250,996.80,996.49,8.15,1.61,37.11,37.12,0.00,0.00,11.97
1076148,pac,51.000,208.750,1003.38,1002.86,12.33,3.82,44.63,44.63,0.00,0.00,6.40
1076148,pac,41.000,205.000,999.29,999.09,9.26,1.87,48.77,48.77,0.00,0.00,4.21
1076154,atl,61.750,-34.000,993.82,993.46,10.10,2.08,43.63,43.63,0.00,0.00,7.55
1076154,pac,36.750,208.000,998.13,996.82,9.06,1.96,44.61,48.50,0.00,0.00,4.45
1076160,atl,62.750,-29.000,990.74,990.16,11.71,2.65,38.87,44.73,0.00,0.00,4.28
1076160,atl,50.250,-36.000,1004.05,1003.64,8.70,2.68,33.06,33.06,0.00,0.00,4.12
1076160,pac,38.250,209.500,994.19,992.64,11.84,2.97,46.80,46.80,0.00,0.00,6.01
1076166,atl,63.750,-26.500,987.15,986.38,13.20,2.98,36.05,42.36,0.00,0.00,6.81
1076166,atl,52.000,-69.750,1003.34,1002.85,9.41,2.64,31.39,37.09,0.00,0.00,4.44
1076166,atl,51.000,-32.500,1000.79,1000.34,9.68,2.65,36.32,36.32,0.00,0.00,4.64
1076166,pac,39.500,208.000,992.27,990.63,15.61,4.16,52.38,52.38,0.00,6415.35,6.94
1076172,atl,64.000,-28.250,984.50,984.04,14.49,3.45,45.39,48.36,0.00,0.00,9.21
1076172,atl,53.750,-68.000,999.90,999.66,9.76,2.48,34.02,34.63,0.00,0.00,4.63
1076172,atl,52.000,-27.000,998.91,998.65,9.69,2.12,39.18,40.43,0.00,0.00,3.99
1076172,pac,55.500,196.250,1003.18,1002.89,7.75,1.94,32.18,40.22,0.00,0.00,4.84
1076172,pac,38.250,205.750,994.33,993.90,13.78,3.41,53.22,53.22,0.00,19150.75,5.28
1076178,atl,63.500,-28.750,981.41,980.99,16.07,4.03,54.44,54.44,0.00,13600.08,7.29
1076178,atl,55.500,-66.000,997.02,996.69,9.53,2.41,36.32,39.28,0.00,0.00,5.97
1076178,atl,54.750,-22.500,994.26,994.07,8.54,2.27,43.13,45.85,0.00,0.00,4.22
1076178,pac,56.500,199.750,997.73,997.32,10.63,2.80,40.62,40.62,0.00,0.00,6.82
1076178,pac,47.000,162.750,996.13,994.90,21.53,6.15,60.90,60.90,0.00,53859.12,11.60
1076178,pac,36.750,207.250,993.72,992.91,14.54,3.69,51.74,51.89,0.00,19423.74,4.83
1076184,atl,65.250,-38.250,1000.77,1000.31,4.67,2.85,54.63,54.63,0.00,5231.38,27.12
1076184,atl,62.000,-26.250,981.57,981.24,13.69,3.26,48.51,49.02,0.00,0.00,6.36
1076184,atl,57.500,-66.250,997.26,996.98,7.76,1.66,33.25,35.89,0.00,0.00,4.68
1076184,atl,56.500,-61.000,997.41,997.28,8.75,1.84,38.62,40.97,0.00,0.00,4.68
1076184,atl,55.000,-74.750,1000.05,999.83,5.01,1.01,17.76,32.28,0.00,0.00,2.84
1076184,pac,64.250,210.500,998.55,997.86,7.30,2.00,50.70,50.70,0.00,1403.16,14.39
1076184,pac,57.000,203.500,993.75,993.42,13.35,3.21,47.68,47.68,0.00,0.00,8.10
1076184,pac,49.000,167.250,995.88,994.82,21.37,6.19,52.30,52.30,0.00,9486.54,10.77
1076184,pac,37.000,207.500,992.00,990.99,15.85,4.33,43.67,49.78,0.00,0.00,6.76
1076190,atl,64.750,-37.750,1000.45,999.94,5.13,2.64,50.73,50.73,0.00,650.11,25.22
1076190,atl,64.000,-13.500,974.37,973.65,16.41,3.41,46.81,54.94,0.00,12958.40,7.30
1076190,atl,62.500,-43.750,1003.29,1001.97,4.88,1.96,49.50,50.73,0.00,650.11,16.67
1076190,atl,58.750,-59.750,992.79,992.51,10.55,2.41,37.19,37.19,0.00,0.00,4.52
1076190,atl,58.500,-66.500,995.38,995.19,7.27,1.59,32.39,37.19,0.00,0.00,4.04
1076190,pac,64.500,211.500,994.83,994.48,7.19,1.71,43.65,47.35,0.00,0.00,13.38
1076190,pac,58.000,207.000,990.01,989.65,15.51,3.74,48.60,48.60,0.00,0.00,11.15
1076190,pac,50.750,172.250,994.98,994.03,20.96,5.74,52.07,52.07,0.00,11105.30,10.04
1076190,pac,36.500,207.250,994.50,993.61,14.97,4.03,46.34,46.34,0.00,0.00,5.70
1076196,atl,65.500,-13.500,966.66,966.02,24.51,5.94,57.79,57.79,0.00,43642.31,10.01
1076196,atl,59.750,-60.250,987.41,986.97,12.63,3.08,42.37,42.37,0.00,0.00,4.89
1076196,pac,64.500,213.000,990.76,990.29,8.11,1.91,34.78,40.32,0.00,0.00,10.54
1076196,pac,58.750,210.000,989.38,989.21,14.62,3.48,51.15,52.06,0.00,20514.33,10.90
1076196,pac,52.000,176.750,996.77,996.35,18.68,4.83,50.47,50.47,0.00,1408.62,8.38
1076196,pac,36.000,206.750,995.81,995.16,14.06,3.74,42.16,42.16,0.00,0.00,4.71
1076202,atl,65.750,-13.250,965.78,965.15,26.20,6.26,74.54,74.54,3683.87,215474.01,18.08
1076202,atl,60.000,-60.500,984.09,983.51,13.31,3.51,40.42,43.54,0.00,0.00,5.64
1076202,pac,62.250,218.750,987.42,986.44,10.28,2.52,58.61,58.61,0.00,9706.03,17.26
1076202,pac,53.500,182.250,996.61,995.93,17.41,4.21,47.12,47.12,0.00,0.00,7.25
1076202,pac,35.750,206.500,997.30,996.70,13.76,3.58,41.05,42.01,0.00,0.00,4.64
1076208,atl,64.500,-10.000,971.52,971.12,21.65,4.56,79.30,79.30,3671.70,212880.02,20.53
1076208,atl,59.750,-59.250,982.60,982.27,13.99,3.87,43.61,43.61,0.00,0.00,6.47
1076208,pac,64.750,223.000,983.56,982.97,11.01,2.63,44.68,48.52,0.00,0.00,16.33
1076208,pac,54.500,186.250,997.58,997.03,16.30,3.91,44.48,47.65,0.00,0.00,7.21
1076208,pac,35.750,205.500,997.91,997.39,13.02,3.35,41.50,41.50,0.00,0.00,4.25
1076214,atl,66.750,-49.250,989.08,988.62,9.30,2.52,32.87,34.46,0.00,0.00,20.47
1076214,atl,64.750,-5.000,975.00,974.67,17.84,3.88,53.02,60.24,0.00,96562.56,11.88
1076214,atl,60.500,-40.250,996.49,995.93,5.53,2.09,35.28,35.28,0.00,0.00,15.19
1076214,atl,59.750,-56.500,982.29,981.88,14.36,4.11,46.24,46.24,0.00,0.00,6.57
1076214,pac,65.250,234.000,980.34,980.07,11.42,2.73,40.55,43.67,0.00,0.00,10.12
1076214,pac,60.500,213.250,1002.38,1001.80,5.82,2.00,47.27,47.27,0.00,0.00,14.96
1076214,pac,55.750,190.750,996.47,995.80,16.65,4.27,46.47,46.47,0.00,0.00,7.37
1076214,pac,35.500,204.000,999.28,998.80,12.61,3.15,45.32,45.32,0.00,0.00,4.58
1076220,atl,68.750,-49.000,991.35,991.01,8.86,2.65,34.31,34.62,0.00,0.00,17.22
1076220,atl,65.500,-0.250,978.80,978.55,15.58,3.44,49.02,55.15,0.00,27945.55,6.19
1076220,atl,61.500,-39.000,995.41,994.79,7.61,2.90,38.60,38.60,0.00,0.00,11.52
1076220,atl,60.750,-53.750,985.10,984.67,13.33,3.72,42.01,42.01,0.00,0.00,6.95
1076220,pac,65.500,239.750,979.43,979.03,11.43,2.14,42.80,42.80,0.00,0.00,8.25
1076220,pac,56.500,194.500,996.52,996.04,16.68,4.50,54.55,54.55,0.00,15686.49,9.29
1076220,pac,35.000,202.250,999.66,999.13,12.04,3.13,41.60,41.60,0.00,0.00,4.07
1076226,atl,67.250,3.500,979.23,979.00,14.97,3.33,47.52,49.62,0.00,0.00,6.00
1076226,atl,62.500,-52.750,987.46,987.11,11.48,3.28,45.05,45.05,0.00,0.00,6.85
1076226,atl,62.500,-37.750,992.52,992.08,10.09,3.51,38.27,38.90,0.00,0.00,8.41
1076226,atl,54.750,-38.750,1002.90,1002.23,4.05,1.52,32.46,32.46,0.00,0.00,3.68
1076226,pac,57.500,198.500,996.30,995.94,16.61,4.80,57.49,57.49,0.00,24867.61,11.15
1076226,pac,34.500,201.250,1000.45,1000.04,11.35,2.90,36.65,37.45,0.00,0.00,3.47
1076232,atl,68.750,6.000,980.16,979.97,13.91,2.97,46.34,48.43,0.00,0.00,6.13
1076232,atl,64.500,-53.000,989.73,989.38,9.83,2.93,39.09,39.09,0.00,0.00,7.78
1076232,atl,64.000,-36.750,989.52,989.04,12.44,3.91,50.52,50.52,0.00,320.46,12.00
1076232,atl,56.500,-33.750,1000.06,999.48,5.82,2.11,36.73,36.73,0.00,0.00,4.67
1076232,pac,59.250,210.750,1000.75,1000.10,10.73,2.78,44.82,47.04,0.00,0.00,11.07
1076232,pac,34.250,201.500,999.82,999.37,10.59,2.82,34.98,34.98,0.00,0.00,3.34
1076238,atl,66.000,-53.500,990.57,990.38,8.54,2.64,36.44,36.44,0.00,0.00,9.33
1076238,atl,64.750,-37.000,988.54,987.21,10.54,3.29,55.85,55.85,0.00,4498.70,14.66
1076238,atl,58.250,-28.750,996.63,995.28,6.82,2.65,41.37,41.37,0.00,0.00,7.85
1076238,pac,60.250,213.500,1001.80,1000.95,10.49,2.63,39.90,42.68,0.00,0.00,10.46
1076238,pac,34.750,202.000,1001.02,1000.66,10.00,2.65,39.20,39.20,0.00,0.00,4.00
1076244,atl,68.500,-52.250,992.63,992.48,8.09,2.30,31.04,31.04,0.00,0.00,8.18
1076244,atl,64.750,-35.750,989.08,988.10,9.96,2.73,47.72,47.72,0.00,0.00,12.08
1076244,atl,59.750,-23.500,995.20,994.21,7.53,2.40,48.17,48.17,0.00,0.00,8.82
1076244,atl,54.250,-66.750,1001.79,1001.12,6.51,1.90,38.27,38.27,0.00,0.00,4.95
1076244,pac,35.500,203.000,1000.66,1000.28,9.60,2.59,37.85,37.85,0.00,0.00,3.27
1076250,atl,68.750,-52.500,996.09,996.00,5.56,2.20,26.00,26.15,0.00,0.00,10.34
1076250,atl,65.500,-20.500,989.59,989.30,9.78,2.13,33.42,44.48,0.00,0.00,6.23
1076250,atl,65.000,-33.250,987.83,987.43,10.85,2.62,46.69,46.69,0.00,0.00,13.72
1076250,atl,62.000,-40.000,993.60,993.42,6.48,2.10,41.24,42.26,0.00,0.00,13.15
1076250,atl,54.000,-60.000,1000.82,1000.15,7.32,1.84,37.71,51.40,0.00,486.32,4.25
1076250,pac,43.250,202.000,1004.24,1004.16,7.11,1.23,41.67,44.33,0.00,0.00,4.34
1076250,pac,36.750,204.500,1001.08,1000.83,8.47,2.19,37.23,37.23,0.00,0.00,3.24
1076256,atl,68.750,-52.500,999.74,999.63,4.11,2.05,32.20,32.20,0.00,0.00,13.61
1076256,atl,67.500,-20.000,988.31,987.96,10.47,2.93,46.75,46.75,0.00,0.00,12.33
1076256,atl,65.750,-31.250,986.02,985.73,12.65,3.08,45.62,46.75,0.00,0.00,14.14
1076256,atl,62.000,-38.500,993.46,993.27,6.04,1.54,35.96,44.30,0.00,0.00,15.48
1076256,atl,53.750,-54.000,1002.08,1001.84,6.88,1.61,39.61,41.08,0.00,0.00,4.22
1076256,pac,54.500,162.250,991.14,990.04,13.78,4.12,49.32,54.42,0.00,13037.70,14.95
1076256,pac,45.500,203.000,999.26,998.99,10.70,2.31,47.75,52.49,0.00,6024.99,6.69
1076256,pac,38.500,205.750,999.05,998.76,8.10,1.95,39.70,40.34,0.00,0.00,3.28
1076262,atl,68.500,-20.000,988.62,988.04,9.80,3.10,58.31,58.31,0.00,11382.52,12.99
1076262,atl,65.750,-30.000,985.96,985.65,11.20,2.91,46.18,58.31,0.00,8654.14,12.99
1076262,atl,64.750,-39.000,992.38,992.13,5.50,1.66,38.66,44.18,0.00,0.00,14.76
1076262,atl,62.000,-37.250,992.33,992.16,5.80,1.07,33.92,38.66,0.00,0.00,14.76
1076262,atl,54.750,-46.500,999.23,998.91,6.81,1.72,45.61,45.85,0.00,0.00,3.98
1076262,pac,55.750,164.250,987.26,986.18,15.68,4.65,47.22,48.41,0.00,0.00,10.44
1076262,pac,45.250,204.250,998.32,998.16,9.19,1.73,48.50,52.06,0.00,5541.06,5.72
1076262,pac,41.250,206.750,998.34,998.11,8.43,1.65,39.24,45.21,0.00,0.00,3.41
1076268,atl,67.000,-6.000,991.88,991.64,8.72,2.07,37.58,38.54,0.00,0.00,4.84
1076268,atl,65.750,-29.500,987.37,987.08,10.08,2.92,46.15,51.92,0.00,824.51,12.02
1076268,atl,62.250,-38.000,992.39,992.23,5.34,1.15,32.03,34.06,0.00,0.00,13.88
1076268,atl,56.000,-41.750,993.65,993.14,9.40,2.63,44.45,44.45,0.00,0.00,5.26
1076268,pac,56.250,165.000,984.98,984.21,16.21,4.77,48.30,50.52,0.00,793.12,7.64
1076268,pac,50.500,207.000,997.94,997.75,10.61,2.45,47.27,47.27,0.00,0.00,5.25
1076268,pac,44.000,207.250,995.16,994.79,11.48,2.45,40.69,46.01,0.00,0.00,3.83
1076274,atl,68.000,-3.750,991.09,990.64,9.41,2.65,36.31,36.31,0.00,0.00,4.14
1076274,atl,66.000,-30.000,989.43,989.06,9.30,2.92,44.95,50.66,0.00,273.79,13.08
1076274,atl,61.000,-14.750,998.94,998.40,4.70,1.72,36.30,36.30,0.00,0.00,3.70
1076274,atl,57.750,-37.500,987.81,987.11,11.96,3.38,43.12,43.12,0.00,0.00,5.45
1076274,pac,56.000,165.750,982.97,982.23,15.99,4.38,48.00,48.02,0.00,0.00,7.65
1076274,pac,54.750,210.500,995.02,994.45,13.82,3.48,47.27,47.27,0.00,0.00,6.11
1076274,pac,46.750,208.250,996.39,996.13,11.59,2.68,41.63,43.14,0.00,0.00,3.73
1076280,atl,68.750,-2.250,989.84,989.10,11.22,3.41,38.23,38.23,0.00,0.00,5.68
1076280,atl,65.500,-31.250,992.17,991.80,8.27,2.51,47.83,47.83,0.00,0.00,12.03
1076280,atl,62.000,-11.250,998.80,998.05,5.35,2.01,35.78,35.78,0.00,0.00,4.01
1076280,atl,59.250,-35.250,983.13,982.45,15.99,4.45,49.00,49.00,0.00,0.00,9.15
1076280,pac,58.750,213.750,989.27,988.65,18.52,4.87,46.07,49.50,0.00,0.00,16.75
1076280,pac,54.750,166.500,984.34,983.67,14.83,3.76,50.51,50.51,0.00,448.75,7.01
1076280,pac,50.000,210.500,996.52,996.23,10.61,2.62,43.29,43.29,0.00,0.00,3.91
1076286,atl,62.750,-7.250,999.46,998.99,4.33,1.81,34.64,34.64,0.00,0.00,3.68
1076286,atl,60.250,-46.500,1000.59,1000.15,4.72,0.93,41.16,42.26,0.00,0.00,8.30
1076286,atl,59.750,-32.500,981.27,980.84,17.40,4.72,53.03,53.03,0.00,13699.33,8.53
1076286,pac,60.000,215.250,988.80,987.32,14.95,3.82,59.46,59.46,0.00,18109.05,17.52
1076286,pac,54.250,181.500,983.92,983.31,12.33,2.80,48.47,48.56,0.00,0.00,5.39
1076292,atl,68.750,-15.250,998.78,998.60,5.73,1.49,47.87,47.87,0.00,0.00,12.16
1076292,atl,60.250,-31.000,980.53,980.09,19.12,4.95,57.68,57.68,0.00,70362.63,9.89
1076292,atl,58.000,-9.500,999.21,998.02,6.30,2.43,50.96,50.96,0.00,409.51,5.02
1076292,atl,49.500,-79.000,997.35,997.07,4.89,1.18,28.95,29.13,0.00,0.00,4.48
1076292,pac,63.250,227.250,991.17,990.17,13.44,3.76,49.33,63.12,0.00,9819.57,23.19
1076292,pac,60.750,219.250,990.50,988.65,12.36,3.24,54.86,63.12,0.00,18685.08,23.19
1076292,pac,54.250,181.750,981.30,980.76,13.77,3.14,51.80,52.68,0.00,20449.39,6.12
1076298,atl,61.000,-16.750,990.42,990.12,6.99,1.89,38.43,42.58,0.00,0.00,5.50
1076298,atl,60.250,-30.000,979.58,979.23,20.21,5.13,62.55,62.55,0.00,98246.88,9.06
1076298,atl,60.250,-6.000,995.23,994.19,7.64,2.45,44.36,44.36,0.00,0.00,5.96
1076298,atl,49.750,-78.750,996.60,996.26,5.59,1.19,25.87,34.10,0.00,0.00,4.22
1076298,pac,64.000,231.750,990.10,988.82,13.51,3.41,45.29,47.68,0.00,0.00,18.65
1076298,pac,63.750,228.500,990.28,989.12,12.49,3.92,47.68,58.63,0.00,3114.39,23.54
1076298,pac,60.750,219.750,994.82,991.14,10.47,3.07,53.77,64.42,398.01,17903.69,25.25
1076298,pac,54.000,188.250,983.86,983.45,11.35,2.17,50.33,50.33,0.00,864.25,6.33
1076298,pac,53.500,181.000,981.84,981.48,13.95,3.30,47.64,49.13,0.00,0.00,6.25
1076304,atl,62.500,-4.750,989.03,988.30,11.16,3.02,42.48,45.48,0.00,0.00,5.27
1076304,atl,62.000,-16.250,988.41,987.71,7.87,2.30,38.39,44.92,0.00,0.00,8.13
1076304,atl,60.000,-29.250,981.64,981.30,18.72,4.56,55.80,55.80,0.00,52094.16,7.19
1076304,atl,53.000,-79.250,997.73,997.46,7.25,1.50,33.17,38.57,0.00,0.00,4.78
1076304,pac,62.500,234.750,992.09,990.69,12.38,2.69,52.57,52.57,0.00,769.44,19.56
1076304,pac,54.500,188.250,984.03,983.54,12.70,2.83,51.59,51.59,0.00,12523.22,6.24
1076304,pac,52.000,182.500,985.35,985.15,11.53,2.30,44.43,51.00,0.00,1745.24,5.76
1076310,atl,63.750,-5.750,982.07,981.29,14.71,3.89,47.40,47.56,0.00,0.00,7.14
1076310,atl,62.000,-17.500,986.67,985.85,8.04,2.56,39.22,39.22,0.00,0.00,8.41
1076310,atl,58.750,-29.250,982.26,981.94,18.11,4.41,50.83,55.62,0.00,35978.81,6.15
1076310,atl,38.250,-72.500,1002.89,1001.75,9.64,3.11,60.31,60.31,0.00,21442.68,6.09
1076310,pac,60.750,236.500,998.23,997.04,10.88,2.79,46.51,46.61,0.00,0.00,22.42
1076310,pac,53.750,186.750,986.12,985.86,11.57,2.34,49.32,49.81,0.00,0.00,5.76
1076310,pac,45.000,199.500,995.22,994.40,6.34,2.11,45.31,45.31,0.00,0.00,4.44
1076316,atl,64.250,-5.000,979.61,979.02,16.79,4.32,43.47,45.45,0.00,0.00,6.75
1076316,atl,61.750,-17.750,988.84,988.27,6.24,1.89,41.17,41.17,0.00,0.00,7.07
1076316,atl,57.000,-27.500,984.95,984.65,16.29,3.88,54.12,58.35,0.00,112627.29,6.34
1076316,pac,51.000,191.500,988.37,988.29,5.60,0.77,19.33,43.21,0.00,0.00,4.72
1076316,pac,46.750,202.250,991.07,990.11,8.01,2.62,41.01,41.01,0.00,0.00,4.70
1076322,atl,65.000,-3.500,978.12,977.72,17.53,4.39,49.32,49.32,0.00,0.00,6.74
1076322,atl,61.500,-18.250,989.95,989.51,4.98,1.33,37.64,39.59,0.00,0.00,8.08
1076322,atl,55.250,-24.500,986.02,985.82,14.35,3.24,57.88,60.76,0.00,177365.15,6.70
1076322,pac,51.500,200.750,990.68,990.55,5.07,0.80,35.44,42.55,0.00,0.00,5.22
1076322,pac,50.500,194.250,989.27,989.22,4.91,0.75,22.90,41.04,0.00,0.00,3.13
1076322,pac,49.250,204.250,989.60,988.97,7.99,2.34,37.21,37.21,0.00,0.00,3.95
1076328,atl,65.750,-4.250,977.18,976.81,18.03,4.56,43.52,44.18,0.00,0.00,7.53
1076328,atl,58.250,-11.500,989.10,988.97,4.45,1.14,43.76,43.76,0.00,0.00,4.35
1076328,atl,54.000,-20.250,986.70,986.46,12.11,2.84,55.01,57.19,0.00,136573.00,5.17
1076328,pac,52.750,200.250,988.42,988.12,5.97,1.00,38.39,44.34,0.00,0.00,5.00
1076328,pac,51.750,205.000,986.77,986.39,9.26,2.33,34.37,42.41,0.00,0.00,4.46
1076328,pac,50.500,197.000,988.71,988.64,4.83,0.67,22.28,35.80,0.00,0.00,2.87
1076334,atl,65.750,-5.500,977.63,977.22,16.93,4.34,46.05,47.24,0.00,0.00,11.42
1076334,atl,64.750,9.750,993.37,993.16,4.23,1.30,31.87,38.58,0.00,0.00,6.08
1076334,atl,59.000,-9.250,985.63,985.52,5.52,1.43,41.17,41.17,0.00,0.00,3.98
1076334,atl,53.500,-15.750,986.36,986.05,9.45,2.13,50.59,50.59,0.00,2910.04,4.80
1076334,pac,54.250,204.500,984.99,984.70,10.76,2.48,41.64,53.63,0.00,2474.15,8.68
1076340,atl,65.500,-6.250,981.24,980.81,14.64,3.83,39.73,42.40,0.00,0.00,8.74
1076340,atl,59.750,-8.250,984.10,983.85,6.53,1.86,35.82,38.58,0.00,0.00,4.30
1076340,atl,54.500,-10.750,986.53,986.19,7.66,1.90,46.87,49.65,0.00,0.00,4.84
1076340,pac,55.750,202.500,983.97,983.33,10.96,2.66,54.77,54.77,0.00,3270.20,9.21
1076340,pac,47.500,214.750,997.62,997.34,5.20,1.44,42.97,42.97,0.00,0.00,4.26
1076346,atl,65.750,-6.750,984.20,983.87,13.29,3.29,41.09,51.13,0.00,3433.02,10.52
1076346,atl,60.750,-4.500,983.27,982.92,7.65,1.69,38.31,43.28,0.00,0.00,4.40
1076346,atl,59.750,-8.500,983.42,983.04,7.23,1.54,36.10,39.85,0.00,0.00,4.40
1076346,pac,63.250,208.750,998.42,996.06,9.74,3.01,38.05,45.84,0.00,0.00,24.64
1076346,pac,56.500,201.500,984.63,984.30,9.01,2.20,41.56,45.84,0.00,0.00,7.97
1076346,pac,51.000,215.000,995.21,994.91,5.22,1.43,42.27,42.27,0.00,0.00,4.12
1076346,pac,37.750,173.250,1003.52,1002.88,8.08,1.83,40.10,44.33,0.00,0.00,4.57
1076346,pac,35.750,166.250,1001.56,1000.17,8.01,2.50,40.17,40.17,0.00,0.00,4.89
1076352,atl,61.750,-5.250,983.90,983.54,9.18,1.82,38.80,49.16,0.00,0.00,4.35
1076352,atl,49.250,-79.500,999.98,999.64,8.78,2.37,30.23,32.99,0.00,0.00,3.90
1076352,atl,46.750,-18.000,999.32,998.85,6.75,1.66,35.82,35.82,0.00,0.00,3.09
1076352,pac,57.500,200.250,984.26,983.80,8.58,2.16,35.47,35.47,0.00,0.00,7.71
1076352,pac,54.500,215.500,994.45,994.20,5.51,1.52,37.95,37.95,0.00,0.00,3.73
1076352,pac,38.000,177.250,1002.21,1001.56,8.05,1.60,43.70,47.09,0.00,0.00,4.20
1076352,pac,35.750,169.000,1001.01,1000.50,8.48,2.37,49.83,49.83,0.00,0.00,4.41
1076358,atl,61.750,-5.750,983.98,983.56,11.08,2.43,36.22,47.33,0.00,0.00,4.33
1076358,atl,57.750,-72.000,1001.77,1001.41,7.23,1.91,27.56,28.86,0.00,0.00,4.55
1076358,atl,51.000,-78.500,998.07,997.62,9.83,2.69,29.08,33.06,0.00,0.00,4.65
1076358,atl,48.250,-16.250,993.35,992.63,9.86,2.58,38.96,40.34,0.00,0.00,4.07
1076358,pac,58.500,199.250,984.86,984.50,7.67,1.88,26.83,27.05,0.00,0.00,6.03
1076358,pac,57.750,214.750,993.27,993.00,5.77,1.84,49.86,49.86,0.00,0.00,10.50
1076358,pac,55.000,199.750,985.40,985.24,5.96,1.00,28.24,29.63,0.00,0.00,3.40
1076358,pac,38.500,182.000,998.47,997.92,9.81,2.28,43.72,44.24,0.00,0.00,5.00
1076358,pac,36.500,175.000,998.68,997.52,8.10,1.97,48.78,48.78,0.00,0.00,4.22
1076364,atl,61.500,-5.500,989.96,989.57,9.69,2.28,37.37,37.37,0.00,0.00,4.58
1076364,atl,61.250,2.750,991.11,991.04,7.52,1.69,37.68,41.95,0.00,0.00,4.99
1076364,atl,59.750,-72.500,997.01,996.52,9.43,2.46,29.30,29.56,0.00,0.00,5.81
1076364,atl,52.500,-77.250,999.71,999.46,7.50,1.87,33.71,33.71,0.00,0.00,3.80
1076364,atl,49.750,-15.000,987.72,987.11,14.79,4.39,46.50,49.47,0.00,0.00,7.74
1076364,atl,46.500,-29.750,1003.63,1003.47,5.54,1.33,41.55,44.14,0.00,0.00,2.59
1076364,pac,60.500,213.250,992.93,992.41,4.87,1.49,53.59,53.59,0.00,749.29,13.95
1076364,pac,60.000,198.500,985.53,985.28,7.17,1.60,24.98,31.40,0.00,0.00,6.93
1076364,pac,56.000,203.500,985.51,985.40,5.90,1.00,23.37,28.32,0.00,0.00,4.83
1076364,pac,42.250,221.000,1001.05,1000.43,6.13,1.77,35.30,35.42,0.00,0.00,4.73
1076364,pac,39.500,187.750,996.17,995.22,10.91,2.98,57.61,57.61,0.00,16345.44,5.78
1076364,pac,36.750,179.250,996.92,995.59,8.87,2.16,61.87,61.87,0.00,28270.24,5.63
1076370,atl,62.750,3.500,997.30,997.00,5.35,1.16,28.34,33.31,0.00,0.00,4.65
1076370,atl,62.250,-73.750,993.54,993.34,12.27,3.12,31.94,31.94,0.00,0.00,5.01
1076370,atl,61.500,-10.750,999.71,999.47,6.36,1.64,43.30,43.30,0.00,0.00,8.58
1076370,atl,51.750,-13.500,984.45,984.18,17.39,4.97,53.48,53.48,0.00,15286.34,9.24
1076370,atl,45.250,-26.250,998.44,998.17,7.18,1.88,40.11,40.15,0.00,0.00,2.76
1076370,pac,65.000,227.000,1003.13,1000.48,6.31,1.48,27.71,32.83,0.00,0.00,11.61
1076370,pac,64.250,213.250,993.89,992.52,5.74,1.85,43.15,43.15,0.00,0.00,11.33
1076370,pac,61.250,197.000,986.17,985.94,7.15,1.45,28.47,41.85,0.00,0.00,7.60
1076370,pac,57.750,202.500,985.76,985.59,5.93,1.17,31.55,34.19,0.00,0.00,6.83
1076370,pac,43.250,222.000,1002.05,1001.42,6.70,2.10,39.78,39.78,0.00,0.00,5.20
1076370,pac,40.000,191.750,993.21,992.36,12.75,3.37,55.39,55.39,0.00,16246.17,5.95
1076370,pac,37.000,184.750,994.18,992.70,10.04,2.76,69.62,69.62,3721.14,44998.45,5.48
1076376,atl,63.500,-75.250,988.68,988.01,18.86,5.40,45.36,46.19,0.00,0.00,8.04
1076376,atl,53.750,-11.750,984.05,983.28,19.91,5.89,54.79,54.79,0.00,23561.04,8.93
1076376,atl,45.250,-22.750,996.31,996.08,8.41,2.16,46.03,46.03,0.00,0.00,3.69
1076376,pac,65.750,218.750,996.05,995.04,5.28,1.66,27.29,44.01,0.00,0.00,11.73
1076376,pac,62.000,221.000,997.30,996.70,4.50,1.68,36.50,42.19,0.00,0.00,14.06
1076376,pac,61.750,194.000,986.44,986.32,7.75,1.61,36.32,37.10,0.00,0.00,5.77
1076376,pac,58.750,202.250,986.38,986.23,5.33,1.21,28.81,28.81,0.00,0.00,8.94
1076376,pac,43.500,223.750,1002.18,1001.65,7.55,2.22,47.40,47.40,0.00,0.00,5.10
1076376,pac,41.000,195.500,989.35,988.65,14.57,3.82,54.32,54.32,0.00,14896.03,7.13
1076376,pac,37.750,190.000,992.95,991.68,9.89,2.55,59.36,59.36,0.00,49973.21,5.26
1076382,atl,64.250,-74.250,990.67,989.82,17.91,5.38,50.92,50.92,0.00,671.45,9.44
1076382,atl,54.500,-10.250,991.25,990.66,15.48,4.62,51.51,51.51,0.00,1397.88,7.38
1076382,atl,47.250,-20.250,993.94,993.50,10.38,2.83,46.11,46.11,0.00,0.00,4.78
1076382,pac,61.500,193.250,986.50,986.27,8.18,1.81,36.19,36.19,0.00,0.00,4.17
1076382,pac,60.000,201.500,987.69,987.51,4.39,1.02,20.53,27.67,0.00,0.00,8.56
1076382,pac,44.000,225.250,1004.36,1004.08,7.69,2.27,41.96,41.96,0.00,0.00,4.33
1076382,pac,41.750,198.750,987.24,986.46,15.43,3.88,52.72,58.82,0.00,46723.18,7.57
1076388,atl,68.750,-74.500,993.95,993.46,16.66,5.15,53.11,53.11,0.00,20635.65,12.38
1076388,atl,56.500,-7.000,998.28,997.85,13.68,3.68,47.95,47.95,0.00,0.00,5.47
1076388,atl,48.750,-20.750,993.08,992.26,13.36,3.78,49.35,49.35,0.00,0.00,8.98
1076388,atl,42.000,-22.750,998.34,998.04,6.43,1.32,41.86,47.32,0.00,0.00,3.63
1076388,pac,65.000,226.500,995.14,994.01,5.53,1.32,34.80,34.80,0.00,0.00,9.44
1076388,pac,61.250,193.250,987.23,986.95,8.63,2.02,35.61,38.19,0.00,0.00,3.67
1076388,pac,56.500,205.000,991.89,991.71,4.52,1.29,27.77,29.16,0.00,0.00,4.81
1076388,pac,43.250,202.250,982.67,981.95,17.61,4.24,50.62,58.56,0.00,98095.28,8.29
1076394,atl,69.000,-74.750,996.28,994.83,16.65,5.86,53.05,53.05,0.00,8147.38,13.37
1076394,atl,59.250,-0.500,1004.76,1004.45,11.21,2.63,39.25,39.25,0.00,0.00,7.12
1076394,atl,49.500,-21.750,992.11,991.11,14.98,4.19,52.12,52.12,0.00,12821.19,8.07
1076394,atl,41.000,-22.000,995.45,995.31,9.10,1.81,46.87,48.00,0.00,0.00,4.48
1076394,pac,65.500,228.750,994.70,993.49,6.23,1.47,30.09,31.82,0.00,0.00,10.38
1076394,pac,61.000,193.500,989.83,989.50,8.65,2.14,38.21,39.17,0.00,0.00,3.92
1076394,pac,45.000,205.750,976.84,976.21,22.19,5.49,58.12,59.13,0.00,170264.19,9.80
1076400,atl,49.000,-24.000,991.84,991.14,14.10,3.63,56.41,56.41,0.00,64336.76,7.44
1076400,atl,43.750,-19.250,990.81,990.53,11.30,2.55,46.10,47.47,0.00,0.00,4.43
1076400,atl,36.500,-77.250,1002.37,1002.18,5.56,1.17,36.52,38.07,0.00,0.00,4.74
1076400,pac,64.750,236.500,996.02,995.34,6.41,1.70,29.20,29.20,0.00,0.00,8.80
1076400,pac,60.500,194.250,993.30,993.07,8.12,2.12,39.22,39.22,0.00,0.00,4.00
1076400,pac,47.000,208.250,969.28,968.64,27.22,6.88,67.02,67.27,26302.08,289769.83,11.77
1076406,atl,46.750,-25.750,988.56,987.70,13.86,3.75,59.26,59.26,0.00,107901.26,8.36
1076406,atl,46.250,-19.000,987.43,986.92,12.48,2.58,44.93,46.63,0.00,0.00,5.04
1076406,atl,40.750,-72.250,1001.31,1001.15,4.53,1.07,39.63,43.05,0.00,0.00,3.38
1076406,pac,59.750,195.500,998.64,998.44,6.60,1.96,40.96,40.96,0.00,0.00,3.76
1076406,pac,57.250,162.000,961.97,960.80,22.45,4.28,53.33,62.91,0.00,162592.13,14.06
1076406,pac,49.250,210.000,964.49,963.77,31.45,7.95,71.03,71.03,44370.50,391774.79,14.79
1076412,atl,48.250,-21.250,985.86,985.24,15.18,2.37,47.01,56.50,0.00,51492.45,7.14
1076412,atl,45.750,-72.500,999.81,999.59,6.94,1.51,40.06,41.69,0.00,0.00,5.96
1076412,atl,45.000,-23.500,987.08,986.35,13.32,3.23,56.09,57.19,0.00,91710.56,7.22
1076412,pac,59.250,162.500,955.24,954.45,26.90,5.03,66.54,66.54,2227.19,74084.23,23.57
1076412,pac,58.750,197.000,1002.81,1002.64,4.84,1.57,39.43,39.43,0.00,0.00,3.49
1076412,pac,51.000,212.000,960.33,959.89,34.71,8.39,80.80,80.80,74603.33,465054.65,17.87
1076418,atl,47.000,-24.500,982.82,982.47,18.07,3.26,61.32,61.48,0.00,191491.36,6.93
1076418,atl,45.500,-71.250,1000.04,999.40,6.77,1.35,40.66,42.24,0.00,0.00,4.92
1076418,atl,38.750,-70.750,1003.17,1002.95,4.35,1.21,41.54,44.75,0.00,0.00,3.67
1076418,atl,34.500,-73.250,1002.62,1001.71,6.04,1.84,47.75,47.75,0.00,0.00,4.68
1076418,pac,59.750,160.250,953.50,952.70,24.52,6.17,59.84,59.84,0.00,48469.77,21.46
1076418,pac,53.000,213.750,961.45,960.66,34.16,7.88,79.19,79.19,126397.94,451488.16,14.19
1076424,atl,49.250,-77.750,1001.36,1000.98,9.70,2.00,41.14,45.70,0.00,0.00,5.24
1076424,atl,48.000,-70.000,1003.37,1002.92,7.11,1.60,42.53,45.94,0.00,0.00,5.98
1076424,atl,45.500,-23.250,981.84,981.45,18.95,3.89,59.83,60.71,0.00,172136.80,7.23
1076424,atl,43.250,-70.500,1003.79,1003.72,4.14,0.82,42.01,45.94,0.00,0.00,4.81
1076424,atl,37.250,-70.500,1004.03,1003.16,5.44,1.40,50.39,50.39,0.00,617.16,3.72
1076424,pac,60.000,163.000,960.25,959.40,16.12,3.28,50.15,56.91,0.00,10716.84,19.40
1076424,pac,55.250,214.500,964.99,964.28,32.19,7.40,71.55,73.35,90679.61,295919.53,10.24
1076430,atl,50.500,-78.250,1001.76,1001.41,10.17,2.16,47.08,47.08,0.00,0.00,5.23
1076430,atl,46.250,-68.750,1003.04,1002.72,7.31,1.90,45.83,45.83,0.00,0.00,7.29
1076430,atl,45.500,-22.250,979.78,979.37,20.24,4.44,53.77,63.47,0.00,128944.98,6.85
1076430,pac,60.500,164.500,962.92,962.84,13.08,2.55,49.51,51.73,0.00,3345.21,18.00
1076430,pac,56.500,215.500,970.05,969.34,30.31,7.41,55.38,64.44,2284.57,216408.81,9.41
1076436,atl,51.750,-79.750,1000.62,1000.22,11.07,2.87,41.92,41.92,0.00,0.00,4.93
1076436,atl,48.000,-69.000,1002.74,1002.20,7.85,2.20,45.81,45.81,0.00,0.00,7.04
1076436,atl,44.500,-20.750,979.20,978.75,21.53,4.95,57.43,57.43,0.00,162079.90,8.03
1076436,pac,64.250,233.250,1000.58,1000.24,5.92,1.37,29.67,33.20,0.00,0.00,7.70
1076436,pac,60.500,167.000,967.03,966.83,9.67,1.74,38.78,43.28,0.00,0.00,13.07
1076436,pac,58.000,217.500,980.71,979.97,22.69,6.19,57.22,57.26,0.00,136881.18,12.28
1076442,atl,67.250,-35.500,1003.40,1002.51,9.72,2.89,34.39,37.55,0.00,0.00,12.95
1076442,atl,49.000,-69.250,1001.30,1000.72,7.55,1.83,41.44,41.44,0.00,0.00,6.51
1076442,atl,44.750,-19.250,977.89,977.49,20.95,4.84,57.28,57.72,0.00,134909.06,7.91
1076442,pac,64.500,228.000,998.80,997.67,4.02,1.15,26.70,37.49,0.00,0.00,11.40
1076442,pac,63.750,238.250,996.67,996.53,8.15,1.58,35.91,38.37,0.00,0.00,11.40
1076442,pac,60.250,168.750,969.52,969.28,8.73,1.90,35.55,38.27,0.00,0.00,11.16
1076442,pac,59.500,218.500,989.65,988.67,15.59,4.57,52.65,62.73,0.00,26005.83,9.44
1076448,atl,69.000,-32.250,1002.37,1000.79,10.71,2.70,28.83,54.14,0.00,2206.35,18.05
1076448,atl,63.000,-36.000,997.10,996.92,17.64,2.61,60.73,66.17,6820.31,66279.46,23.23
1076448,atl,53.500,-73.000,998.79,998.22,8.27,1.86,31.67,35.26,0.00,0.00,4.60
1076448,atl,45.000,-18.000,977.23,976.78,20.56,4.83,56.59,58.30,0.00,156547.46,7.45
1076448,pac,62.750,223.500,998.49,998.03,6.45,1.51,38.97,48.23,0.00,0.00,9.16
1076448,pac,61.750,217.000,999.73,997.95,5.42,0.95,32.71,42.71,0.00,0.00,8.78
1076448,pac,60.750,212.250,1000.59,999.76,4.13,0.92,34.81,42.26,0.00,0.00,6.27
1076448,pac,60.250,171.250,974.21,973.94,7.08,1.57,33.32,33.32,0.00,0.00,3.91
1076454,atl,62.500,-34.000,991.09,990.96,18.66,3.15,45.06,71.06,15427.65,42734.33,27.18
1076454,atl,55.750,-76.250,992.98,991.98,10.89,2.68,31.88,31.94,0.00,0.00,5.43
1076454,atl,48.500,-78.250,998.72,998.55,4.45,1.00,17.83,32.23,0.00,0.00,3.62
1076454,atl,45.250,-16.000,977.91,977.72,18.54,3.93,54.13,54.13,0.00,68453.20,6.80
1076454,pac,64.250,232.000,999.49,998.67,4.66,1.36,23.30,41.43,0.00,0.00,8.83
1076454,pac,60.750,173.500,978.30,978.12,6.27,1.46,30.74,31.26,0.00,0.00,3.26
1076460,atl,60.750,-32.250,992.54,992.33,13.08,2.71,49.27,49.27,0.00,0.00,5.42
1076460,atl,56.250,-79.250,987.98,987.36,11.26,3.08,38.08,38.08,0.00,0.00,4.50
1076460,atl,54.000,-0.750,1004.76,1004.35,4.64,1.42,32.87,33.47,0.00,0.00,5.51
1076460,atl,46.250,-14.000,979.60,979.23,17.16,3.70,54.86,56.41,0.00,78948.08,6.14
1076460,pac,64.250,188.500,985.91,985.54,6.80,1.74,34.09,34.09,0.00,0.00,3.64
1076460,pac,61.500,175.250,982.50,982.28,6.09,1.50,28.28,28.62,0.00,0.00,3.43
1076466,atl,58.500,-30.000,993.10,992.92,10.86,2.22,45.87,47.28,0.00,0.00,4.70
1076466,atl,54.750,-1.250,1001.63,1001.26,4.79,1.37,31.22,38.35,0.00,0.00,3.40
1076466,atl,47.750,-11.750,980.56,980.23,16.14,3.75,51.98,51.98,0.00,4845.81,6.39
1076466,pac,65.000,187.750,986.91,986.54,7.46,1.79,26.77,32.61,0.00,0.00,2.93
1076466,pac,61.750,176.250,986.34,986.04,5.69,1.47,28.58,28.76,0.00,0.00,3.61
1076466,pac,59.000,210.250,1002.39,1002.05,6.19,1.95,34.11,39.54,0.00,0.00,10.71
1076472,atl,61.500,-70.750,983.23,982.87,9.91,2.27,37.34,39.61,0.00,0.00,9.19
1076472,atl,60.000,-79.000,980.76,980.55,8.47,2.03,32.65,37.75,0.00,0.00,4.63
1076472,atl,56.000,-1.000,999.38,998.99,6.32,1.93,37.14,41.69,0.00,0.00,4.18
1076472,atl,55.500,-18.250,988.85,988.74,7.40,1.53,33.39,35.97,0.00,0.00,4.00
1076472,atl,49.500,-10.500,980.59,980.13,15.81,3.86,49.85,49.85,0.00,0.00,6.00
1076472,pac,66.000,186.750,988.76,988.54,7.96,2.01,27.09,36.57,0.00,0.00,3.04
1076472,pac,62.750,234.000,1003.29,1002.51,4.34,1.34,27.26,28.15,0.00,0.00,7.75
1076472,pac,62.250,177.250,990.54,990.24,4.89,1.14,29.21,29.59,0.00,0.00,3.38
1076472,pac,59.750,212.750,1001.03,1000.54,6.62,1.97,37.46,37.46,0.00,0.00,8.24
1076472,pac,31.000,197.250,1003.84,1003.19,11.18,2.88,44.17,47.70,0.00,0.00,4.26
1076478,atl,60.250,-79.250,974.87,974.66,10.34,2.41,36.65,40.88,0.00,0.00,4.49
1076478,atl,56.750,-1.500,997.88,997.56,5.57,1.69,38.74,45.46,0.00,0.00,4.32
1076478,atl,51.250,-10.250,979.42,978.90,15.21,3.74,38.38,47.70,0.00,0.00,5.44
1076478,pac,64.000,231.500,1002.08,1001.44,4.29,1.50,15.64,23.69,0.00,0.00,7.64
1076478,pac,60.000,214.250,999.46,998.91,7.53,2.05,37.52,37.52,0.00,0.00,7.44
1076484,atl,66.000,-60.500,989.90,989.70,7.30,2.07,58.09,58.09,0.00,31145.66,11.15
1076484,atl,61.000,-78.750,972.24,971.99,11.55,2.50,33.65,41.99,0.00,0.00,4.98
1076484,atl,52.250,-10.750,982.31,981.94,13.45,3.35,36.55,37.53,0.00,0.00,4.26
1076484,pac,61.750,219.500,1000.53,1000.10,5.25,0.88,32.61,38.35,0.00,0.00,8.64
1076484,pac,60.250,215.750,999.83,999.25,7.08,1.62,38.35,38.35,0.00,0.00,8.64
1076484,pac,43.750,178.250,1003.34,1002.26,13.51,4.13,50.44,50.44,0.00,1107.07,7.20
1076490,atl,69.000,-61.250,989.41,989.08,8.06,2.64,43.79,44.66,0.00,0.00,9.35
1076490,atl,61.750,-78.750,973.14,972.90,10.29,2.01,31.58,37.02,0.00,0.00,4.85
1076490,atl,53.000,-10.750,986.13,985.75,11.37,2.93,34.61,34.61,0.00,0.00,3.77
1076490,atl,46.000,-20.000,990.78,990.66,9.86,1.92,41.09,54.04,0.00,14045.87,4.58
1076490,pac,63.000,228.500,1001.87,1001.64,4.15,1.17,14.62,20.27,0.00,0.00,6.65
1076490,pac,61.000,223.250,1001.37,1001.22,4.18,0.75,26.00,34.39,0.00,0.00,5.93
1076490,pac,60.250,215.750,1001.36,1001.07,6.55,1.53,38.82,39.76,0.00,0.00,10.17
1076490,pac,45.500,182.750,1002.04,1001.20,14.13,3.95,41.44,42.05,0.00,0.00,7.17
1076496,atl,62.250,-79.750,975.20,974.98,9.00,1.82,30.19,32.78,0.00,0.00,4.14
1076496,atl,53.500,-10.250,992.14,991.76,8.95,2.25,35.47,36.01,0.00,0.00,4.03
1076496,atl,46.000,-17.000,987.88,987.70,12.83,2.94,51.46,55.50,0.00,33074.31,6.24
1076496,pac,60.000,230.500,1000.92,1000.45,4.72,0.95,18.96,25.77,0.00,0.00,7.39
1076496,pac,59.500,219.750,1003.78,1003.42,4.42,0.83,39.19,41.29,0.00,0.00,9.47
1076496,pac,54.500,171.750,1004.21,1004.03,4.80,1.11,25.09,31.83,0.00,0.00,2.72
1076496,pac,47.750,187.250,1000.89,1000.25,14.56,4.04,43.73,43.73,0.00,0.00,6.68
1076496,pac,46.000,234.500,1002.60,1001.48,7.16,2.73,43.03,43.03,0.00,0.00,7.03
1076502,atl,68.000,-51.750,995.31,995.16,4.80,1.26,31.35,31.35,0.00,0.00,11.69
1076502,atl,63.500,-72.500,976.94,976.67,9.60,2.27,29.04,34.08,0.00,0.00,7.31
1076502,atl,62.250,-79.750,977.13,976.95,7.97,1.62,28.22,32.38,0.00,0.00,3.81
1076502,atl,59.250,-42.750,1004.50,1004.11,5.38,1.81,33.00,36.54,0.00,0.00,9.97
1076502,atl,54.000,-9.750,995.13,994.79,7.95,2.23,30.21,33.33,0.00,0.00,3.80
1076502,atl,45.250,-18.250,986.11,985.77,15.03,3.42,60.00,60.00,0.00,87868.25,7.02
1076502,pac,55.500,174.500,1004.36,1004.17,4.41,1.14,25.24,31.90,0.00,0.00,2.96
1076502,pac,50.500,192.500,997.46,996.64,17.37,4.99,49.36,49.36,0.00,0.00,10.13
1076508,atl,64.750,-71.500,978.89,978.59,9.61,2.32,31.22,31.22,0.00,0.00,9.74
1076508,atl,62.250,-78.750,980.58,980.37,7.21,1.45,27.76,31.55,0.00,0.00,3.26
1076508,atl,59.500,-40.000,1004.84,1004.48,6.30,1.93,33.13,35.72,0.00,0.00,5.58
1076508,atl,57.500,-2.000,1001.60,1001.40,6.44,1.42,31.87,33.71,0.00,0.00,3.22
1076508,atl,54.250,-9.000,999.24,998.80,6.04,1.62,33.12,33.71,0.00,0.00,3.02
1076508,atl,43.750,-16.750,985.99,985.12,16.53,4.26,61.53,61.53,0.00,84895.05,7.63
1076508,pac,52.500,197.250,995.02,994.19,18.47,5.30,51.50,51.50,0.00,3435.57,10.05
1076514,atl,65.250,-71.500,981.35,981.15,9.26,2.19,28.57,29.52,0.00,0.00,10.24
1076514,atl,58.500,-35.000,1004.89,1004.64,6.32,1.65,35.74,35.74,0.00,0.00,3.31
1076514,atl,55.250,-8.500,1000.18,999.98,5.65,1.33,25.48,33.02,0.00,0.00,2.76
1076514,atl,44.000,-14.250,986.21,985.36,15.36,3.90,55.92,55.92,0.00,50986.12,5.97
1076514,pac,53.750,202.000,993.14,992.29,19.23,5.52,54.56,54.56,0.00,24929.49,10.29
1076520,atl,65.500,-70.500,985.24,985.15,8.16,1.77,26.27,32.27,0.00,0.00,5.39
1076520,atl,61.000,-33.000,1004.77,1004.61,5.81,1.14,23.47,30.76,0.00,0.00,2.81
1076520,atl,44.500,-12.750,986.85,986.09,15.04,4.10,54.79,55.75,0.00,36156.28,6.49
1076520,pac,64.500,189.000,1002.83,1002.22,5.33,1.80,32.97,32.97,0.00,0.00,3.87
1076520,pac,55.000,206.500,987.43,986.38,22.86,6.99,62.62,62.62,0.00,81331.50,14.02
1076520,pac,53.000,171.000,1004.73,1004.04,8.46,2.06,41.66,47.81,0.00,0.00,4.43
1076526,atl,65.000,-63.250,988.15,988.04,8.08,1.35,26.69,34.98,0.00,0.00,4.48
1076526,atl,62.000,-33.250,1001.12,1000.93,6.81,1.62,23.98,30.96,0.00,0.00,3.24
1076526,atl,45.750,-10.250,987.30,986.73,13.37,3.59,52.95,60.70,0.00,22571.38,9.64
1076526,pac,66.000,191.750,1003.36,1002.83,5.95,1.94,29.37,29.37,0.00,0.00,3.98
1076526,pac,56.500,175.000,1003.95,1003.54,7.32,1.65,37.33,42.09,0.00,0.00,4.82
1076526,pac,55.500,212.000,984.51,984.07,24.47,7.02,66.30,66.30,15054.56,135073.08,13.47
1076532,atl,65.500,-61.250,990.66,990.46,8.17,1.66,24.44,39.71,0.00,0.00,5.56
1076532,atl,62.750,-33.000,997.72,997.47,7.75,2.06,30.50,32.02,0.00,0.00,5.11
1076532,atl,47.750,-8.250,989.09,988.52,11.31,2.93,49.86,52.23,0.00,1104.59,5.71
1076532,pac,57.750,179.500,1000.88,1000.44,11.09,3.02,43.75,47.71,0.00,0.00,5.52
1076532,pac,55.750,217.500,982.52,981.65,24.47,5.90,67.17,67.17,10136.85,161442.87,13.03
1076538,atl,65.500,-60.000,993.59,993.38,7.21,1.52,31.08,40.52,0.00,0.00,7.05
1076538,atl,63.500,-33.750,994.17,993.85,8.34,2.30,34.05,34.05,0.00,0.00,5.82
1076538,atl,54.250,-10.000,992.56,992.34,4.77,1.09,18.88,27.51,0.00,0.00,3.19
1076538,atl,49.500,-4.250,991.17,990.61,9.43,2.76,42.67,43.29,0.00,0.00,6.03
1076538,pac,64.250,191.000,1003.26,1002.76,6.08,2.29,36.95,36.95,0.00,0.00,5.18
1076538,pac,59.000,186.000,997.18,996.05,15.24,4.66,43.59,44.76,0.00,0.00,6.62
1076538,pac,55.750,221.250,981.05,980.20,25.02,6.09,59.85,59.85,0.00,188569.92,16.88
1076538,pac,51.250,162.250,1004.45,1003.94,6.86,1.86,31.59,32.84,0.00,0.00,3.50
1076544,atl,65.500,-54.500,996.73,996.61,5.62,0.97,29.93,37.34,0.00,0.00,4.83
1076544,atl,63.750,-33.500,993.23,993.08,8.36,2.27,42.04,42.04,0.00,0.00,8.94
1076544,atl,55.500,-9.750,991.99,991.87,5.13,1.00,19.25,24.24,0.00,0.00,2.80
1076544,atl,54.000,-0.750,993.03,992.84,6.81,1.10,42.62,51.77,0.00,1971.36,4.61
1076544,pac,65.250,192.000,1002.71,1002.24,6.72,2.35,30.16,31.02,0.00,0.00,5.16
1076544,pac,59.750,190.750,998.48,997.92,14.94,4.49,46.92,46.92,0.00,0.00,8.51
1076544,pac,55.500,224.500,984.38,983.89,21.31,5.53,50.64,55.22,0.00,103261.58,13.52
1076550,atl,67.250,-54.000,998.02,997.83,4.54,0.94,23.02,32.41,0.00,0.00,10.51
1076550,atl,64.250,-35.500,992.13,991.73,8.32,2.49,46.83,46.83,0.00,0.00,12.93
1076550,atl,57.000,-10.500,989.93,989.73,6.48,1.31,25.55,32.65,0.00,0.00,2.74
1076550,atl,55.000,0.750,991.51,991.32,8.14,1.64,43.07,50.11,0.00,409.51,5.39
1076550,pac,60.500,196.750,1002.30,1002.01,11.18,3.00,45.03,50.32,0.00,2090.24,6.11
1076550,pac,55.000,227.000,988.63,987.91,18.12,4.91,50.08,51.10,0.00,9619.58,8.29
1076550,pac,54.500,168.000,1004.04,1003.40,8.01,2.21,30.95,31.49,0.00,0.00,4.48
1076556,atl,67.750,-54.500,1000.71,1000.57,4.26,0.91,34.63,44.03,0.00,0.00,12.32
1076556,atl,64.000,-36.750,992.70,992.27,8.24,2.61,48.87,48.87,0.00,0.00,12.93
1076556,atl,63.000,-47.500,997.73,996.97,4.69,1.59,28.80,41.51,0.00,0.00,10.25
1076556,atl,57.750,-11.750,988.93,988.80,7.57,1.65,28.02,31.99,0.00,0.00,2.59
1076556,atl,56.750,3.000,992.56,992.26,8.86,1.99,40.37,40.37,0.00,0.00,8.81
1076556,atl,54.500,-27.250,992.65,992.55,4.18,1.00,25.21,29.60,0.00,0.00,2.56
1076556,pac,58.750,221.500,1001.03,1000.37,8.08,2.22,36.06,43.44,0.00,0.00,15.16
1076556,pac,55.750,170.500,1003.44,1003.04,8.08,2.01,29.35,38.80,0.00,0.00,3.61
1076556,pac,55.000,229.500,995.78,994.80,11.57,2.69,49.29,49.29,0.00,0.00,8.31
1076556,pac,45.750,163.500,1003.66,1003.17,8.31,2.02,51.85,51.85,0.00,6552.35,3.93
1076562,atl,63.500,-38.500,992.96,992.45,7.47,2.26,48.47,48.47,0.00,0.00,13.78
1076562,atl,59.000,-14.500,987.99,987.75,8.01,1.82,28.84,38.38,0.00,0.00,3.48
1076562,atl,57.750,3.500,994.87,994.56,6.57,1.48,34.92,35.77,0.00,0.00,9.00
1076562,atl,55.000,-26.250,989.98,989.88,4.45,1.08,23.41,26.81,0.00,0.00,2.19
1076562,pac,58.500,221.250,1002.51,1002.01,7.31,2.06,35.66,38.52,0.00,0.00,14.86
1076562,pac,58.000,224.750,1002.95,1002.68,6.36,1.35,38.29,39.05,0.00,0.00,14.86
1076562,pac,56.750,172.500,1000.47,1000.27,8.04,1.83,35.38,42.02,0.00,0.00,3.89
1076562,pac,55.250,233.750,999.98,999.65,8.15,2.14,35.74,41.19,0.00,0.00,9.56
1076562,pac,55.000,239.500,1002.53,1001.99,5.15,0.86,24.54,41.19,0.00,0.00,9.56
1076562,pac,49.250,169.000,1002.29,1002.09,8.33,1.95,56.44,56.44,0.00,68124.93,5.32
1076568,atl,62.750,-39.000,995.29,994.78,5.48,1.62,45.62,49.36,0.00,0.00,10.27
1076568,atl,61.250,-46.750,998.29,997.61,7.42,1.98,47.09,48.20,0.00,0.00,8.15
1076568,atl,59.500,-16.500,986.68,986.33,8.40,2.21,31.56,42.75,0.00,0.00,5.00
1076568,atl,58.000,8.750,997.37,996.84,6.92,2.01,30.62,30.62,0.00,0.00,6.18
1076568,atl,53.250,-24.000,987.30,987.11,6.83,1.55,27.91,31.20,0.00,0.00,2.68
1076568,pac,58.250,221.000,1002.75,1002.41,7.66,1.78,24.79,38.23,0.00,0.00,13.13
1076568,pac,58.000,175.250,997.19,996.93,8.87,1.88,37.09,37.53,0.00,0.00,4.20
1076568,pac,55.750,235.500,1002.36,1002.15,6.61,2.01,31.60,36.20,0.00,0.00,8.14
1076574,atl,63.000,6.500,999.06,999.00,4.07,1.06,23.84,24.31,0.00,0.00,5.76
1076574,atl,60.000,-17.250,985.66,985.23,8.40,2.29,39.50,43.66,0.00,0.00,6.89
1076574,atl,54.750,-24.250,983.62,983.31,7.29,1.82,28.27,33.91,0.00,0.00,2.53
1076574,pac,58.750,186.250,990.71,990.41,14.11,2.94,47.58,52.37,0.00,1301.96,5.75
1076574,pac,55.500,224.500,1003.21,1002.86,8.73,1.99,34.08,43.74,0.00,0.00,6.66
1076580,atl,64.750,8.750,1000.88,1000.73,4.65,1.48,21.92,21.92,0.00,0.00,5.27
1076580,atl,60.750,-17.500,986.86,986.51,8.18,2.34,51.33,51.33,0.00,4227.95,10.26
1076580,atl,56.000,-25.750,981.90,981.51,8.13,2.19,33.70,33.70,0.00,0.00,3.79
1076580,pac,60.000,190.750,982.52,981.75,18.30,4.46,47.76,49.31,0.00,0.00,9.44
1076580,pac,58.750,179.250,991.04,990.64,10.51,2.73,40.68,40.68,0.00,0.00,5.42
1076580,pac,55.250,227.000,1003.47,1003.12,8.89,2.03,37.41,43.58,0.00,0.00,6.10
1076586,atl,56.000,-28.250,979.18,978.57,9.99,2.90,42.14,42.14,0.00,0.00,6.49
1076586,atl,50.500,-15.750,985.02,984.77,6.59,1.32,38.93,44.24,0.00,0.00,3.59
1076586,pac,60.750,194.500,975.53,974.78,20.66,5.04,45.57,49.54,0.00,0.00,7.52
1076592,atl,61.750,-79.250,982.76,982.30,16.12,3.64,46.85,47.02,0.00,0.00,7.12
1076592,atl,55.250,-28.750,979.10,978.61,10.71,3.14,40.86,43.17,0.00,0.00,5.96
1076592,atl,51.750,-14.000,978.83,978.10,12.91,3.58,44.40,44.72,0.00,0.00,6.23
1076592,pac,61.250,196.750,971.58,970.81,20.75,5.01,46.93,46.93,0.00,0.00,16.01
1076598,atl,63.000,-75.250,985.43,984.99,13.19,2.78,40.86,45.73,0.00,0.00,6.76
1076598,atl,61.750,-78.750,985.67,985.26,12.14,2.54,42.14,42.25,0.00,0.00,5.59
1076598,atl,54.750,-29.250,980.06,979.73,10.63,2.93,42.36,44.51,0.00,0.00,4.03
1076598,atl,54.250,-12.500,978.21,977.87,13.64,3.50,52.30,52.30,0.00,4615.55,8.33
1076598,atl,48.000,-29.500,987.97,987.75,5.40,1.38,41.72,46.45,0.00,0.00,3.58
1076598,pac,61.500,198.000,971.12,970.42,18.55,4.37,49.72,49.72,0.00,0.00,13.02
1076598,pac,59.000,211.000,979.63,979.34,9.10,2.44,56.84,56.84,0.00,11986.62,18.61
1076598,pac,56.500,236.250,1003.33,1002.93,4.61,1.60,21.90,22.79,0.00,0.00,5.22
1076604,atl,64.250,-73.250,987.37,987.02,11.96,2.85,38.54,42.76,0.00,0.00,10.80
1076604,atl,62.500,-62.500,991.60,991.18,8.33,2.41,41.93,42.82,0.00,0.00,10.80
1076604,atl,61.250,-79.250,985.99,985.59,13.10,3.44,39.62,39.62,0.00,0.00,5.19
1076604,atl,57.000,-14.750,980.76,980.58,12.38,2.75,49.61,54.59,0.00,19737.57,6.57
1076604,atl,54.000,-30.000,984.40,984.10,9.63,2.52,42.84,45.74,0.00,0.00,4.16
1076604,atl,47.250,-27.500,989.87,989.71,4.48,1.15,34.83,47.30,0.00,0.00,3.27
1076604,pac,60.500,202.250,973.66,973.51,11.96,2.37,53.77,57.48,0.00,61219.77,12.23
1076604,pac,59.500,213.500,969.48,968.53,13.78,3.79,48.91,48.91,0.00,0.00,12.39
1076610,atl,65.250,-73.000,985.63,985.32,13.71,3.34,37.97,38.96,0.00,0.00,9.77
1076610,atl,63.250,-60.750,994.21,993.94,5.43,1.72,35.79,40.79,0.00,0.00,9.77
1076610,atl,62.000,-77.750,986.60,985.83,12.65,3.36,39.12,39.12,0.00,0.00,6.29
1076610,atl,57.750,-16.000,984.02,983.74,10.02,2.49,47.52,55.36,0.00,13704.50,6.25
1076610,atl,52.500,-31.000,987.08,986.81,9.27,2.39,46.68,49.71,0.00,0.00,4.41
1076610,atl,52.000,-76.000,999.71,999.43,5.47,1.69,26.87,26.87,0.00,0.00,6.16
1076610,atl,47.500,-26.250,989.67,989.58,4.25,0.84,30.89,43.53,0.00,0.00,3.46
1076610,pac,59.750,214.750,963.22,961.87,15.17,3.96,34.48,42.09,0.00,0.00,14.56
1076616,atl,66.500,-72.000,983.65,982.84,15.47,4.41,42.69,42.69,0.00,0.00,7.51
1076616,atl,61.500,-7.000,987.33,987.07,12.99,3.04,51.38,51.38,0.00,6281.11,5.45
1076616,atl,57.500,-18.500,988.37,987.93,7.92,2.30,38.72,44.88,0.00,0.00,4.15
1076616,atl,53.500,-73.750,997.65,997.20,7.26,2.19,23.25,27.42,0.00,0.00,6.82
1076616,atl,48.250,-30.000,990.99,990.73,7.13,1.43,45.09,45.09,0.00,0.00,3.82
1076616,atl,47.750,-24.250,990.38,990.31,4.74,0.93,26.30,39.70,0.00,0.00,3.19
1076616,atl,43.750,-68.000,1004.34,1003.92,4.59,1.10,36.89,36.89,0.00,0.00,3.06
1076616,pac,65.000,183.500,996.35,995.86,4.52,1.34,32.66,38.85,0.00,0.00,6.82
1076616,pac,60.750,224.000,969.60,968.96,9.94,1.87,28.28,40.83,0.00,0.00,17.19
1076616,pac,59.750,215.500,961.96,960.77,14.99,3.82,34.84,45.68,0.00,0.00,18.62
1076622,atl,68.000,-61.250,987.52,987.41,10.69,2.00,47.69,52.87,0.00,2791.80,12.24
1076622,atl,67.250,-69.750,986.86,986.36,11.27,3.17,41.86,41.86,0.00,0.00,6.78
1076622,atl,63.250,-5.000,990.23,989.98,12.53,2.73,43.36,43.36,0.00,0.00,5.30
1076622,atl,56.500,-21.000,989.61,989.02,8.41,2.66,39.23,39.23,0.00,0.00,4.69
1076622,atl,54.000,-72.000,995.47,995.13,9.09,2.48,27.42,28.96,0.00,0.00,7.04
1076622,atl,50.000,-16.000,991.75,991.50,5.46,1.20,44.10,44.10,0.00,0.00,3.33
1076622,atl,48.500,-22.250,990.10,989.93,5.09,1.16,30.73,34.85,0.00,0.00,2.59
1076622,pac,62.000,189.500,992.85,992.16,7.55,2.24,44.66,44.86,0.00,0.00,5.40
1076622,pac,60.000,227.500,965.96,965.53,13.07,3.10,40.48,46.19,0.00,0.00,11.75
1076622,pac,59.500,216.000,964.56,963.62,14.11,3.40,40.01,58.77,0.00,15786.85,14.63
1076628,atl,64.500,-1.750,994.27,994.04,10.80,2.35,43.38,43.38,0.00,0.00,4.38
1076628,atl,55.500,-69.750,991.59,991.09,12.53,3.46,33.21,33.21,0.00,0.00,9.68
1076628,atl,55.250,-22.750,991.73,991.26,7.81,2.31,41.63,41.63,0.00,0.00,4.59
1076628,atl,51.500,-17.250,991.99,991.87,5.13,1.02,44.18,46.32,0.00,0.00,4.12
1076628,pac,61.250,194.500,988.57,987.56,9.42,2.85,58.93,58.93,0.00,20691.60,8.23
1076628,pac,61.000,229.000,969.54,969.00,11.29,3.13,36.99,41.63,0.00,0.00,9.68
1076628,pac,59.000,216.500,969.57,969.06,13.42,3.02,44.96,53.11,0.00,22510.54,15.04
1076628,pac,58.500,237.500,973.51,972.51,10.08,2.49,50.18,63.52,0.00,11881.49,11.30
1076634,atl,66.250,3.750,995.74,995.58,9.15,2.25,44.88,45.06,0.00,0.00,6.05
1076634,atl,57.000,-67.000,985.71,984.78,16.75,4.46,40.14,44.12,0.00,0.00,12.58
1076634,atl,54.500,-13.750,989.04,988.22,10.52,2.81,44.77,44.77,0.00,0.00,5.49
1076634,atl,53.500,-23.500,990.79,990.40,8.51,2.35,44.58,44.58,0.00,0.00,4.32
1076634,pac,60.750,233.500,977.05,976.48,6.43,1.60,40.31,40.31,0.00,0.00,11.39
1076634,pac,59.750,199.250,988.28,987.99,7.52,2.46,57.88,57.88,0.00,59084.45,13.36
1076634,pac,58.500,218.000,973.46,973.21,12.43,2.80,45.58,51.34,0.00,11790.38,12.24
1076634,pac,49.500,164.500,996.92,996.21,14.40,3.69,50.25,50.98,0.00,11655.36,6.94
1076640,atl,67.250,10.000,996.62,996.45,7.29,1.90,43.55,44.54,0.00,0.00,5.98
1076640,atl,60.250,-65.000,980.12,979.25,20.94,5.33,49.35,49.35,0.00,0.00,14.97
1076640,atl,56.500,-15.500,984.98,983.84,15.24,4.56,43.84,43.84,0.00,0.00,6.83
1076640,atl,52.250,-23.500,991.19,990.76,8.91,2.57,40.64,40.64,0.00,0.00,4.37
1076640,atl,51.250,-8.250,996.25,994.76,7.52,2.81,56.92,56.92,0.00,18553.78,6.98
1076640,pac,59.750,215.750,974.68,974.07,13.58,3.60,41.43,42.17,0.00,0.00,15.09
1076640,pac,59.750,227.750,982.02,981.39,5.54,1.39,43.43,43.43,0.00,0.00,12.57
1076640,pac,59.750,235.750,982.87,982.54,4.57,1.31,34.77,43.37,0.00,0.00,9.24
1076640,pac,51.750,170.750,990.39,989.56,15.38,4.08,49.23,51.56,0.00,9148.14,8.29
1076646,atl,68.500,-26.500,998.97,998.20,5.85,2.09,41.16,44.69,0.00,0.00,13.61
1076646,atl,61.500,-63.750,972.49,971.88,25.04,5.96,57.72,57.90,0.00,62452.28,17.15
1076646,atl,56.500,-17.250,983.42,982.55,16.26,5.01,50.16,50.16,0.00,412.36,7.57
1076646,atl,56.000,-7.000,993.97,993.21,7.41,2.38,55.23,55.23,0.00,434.92,5.93
1076646,atl,50.750,-23.000,991.36,990.89,9.50,2.96,39.37,39.62,0.00,0.00,4.26
1076646,pac,59.750,215.500,976.40,975.50,14.32,3.61,34.91,48.08,0.00,0.00,19.85
1076646,pac,53.250,176.500,981.51,980.35,18.89,4.99,49.47,50.39,0.00,3422.53,8.93
1076652,atl,62.500,-63.500,964.86,963.31,30.48,7.76,63.22,64.43,743.39,151600.85,22.69
1076652,atl,58.750,-7.500,993.03,992.10,9.06,2.66,50.44,50.44,0.00,406.64,8.42
1076652,atl,56.000,-17.750,985.32,984.48,16.04,4.93,46.10,46.10,0.00,0.00,6.11
1076652,atl,50.250,-22.250,993.28,992.61,9.15,3.03,38.61,38.61,0.00,0.00,5.52
1076652,pac,60.250,227.250,988.75,988.05,5.43,1.59,31.63,35.42,0.00,0.00,15.85
1076652,pac,59.500,214.750,982.80,982.58,10.89,2.20,41.56,46.37,0.00,0.00,18.19
1076652,pac,58.750,236.750,992.59,992.13,4.64,1.64,33.66,33.66,0.00,0.00,10.11
1076652,pac,58.000,218.750,983.27,983.03,9.54,1.71,32.44,48.54,0.00,0.00,18.19
1076652,pac,54.250,181.750,974.38,973.54,21.54,5.78,60.30,60.30,0.00,111023.07,10.47
1076658,atl,67.250,-50.750,985.50,985.32,6.47,1.16,39.42,52.09,0.00,2169.31,15.07
1076658,atl,64.250,-48.000,985.81,985.07,6.81,2.82,48.82,48.82,0.00,0.00,15.06
1076658,atl,62.250,-62.500,965.16,963.36,28.90,8.03,68.89,68.89,1536.68,193364.03,16.58
1076658,atl,60.750,-6.000,995.56,995.20,7.46,2.04,41.35,41.35,0.00,0.00,4.68
1076658,atl,55.500,-18.500,989.26,988.52,13.22,4.26,42.75,42.75,0.00,0.00,6.04
1076658,atl,49.500,-21.750,994.66,994.22,7.94,2.38,45.15,45.15,0.00,0.00,4.38
1076658,pac,59.250,217.500,984.54,984.09,10.32,2.67,34.00,38.51,0.00,0.00,17.88
1076658,pac,54.750,186.750,963.30,962.11,28.93,8.49,70.34,70.34,18480.79,275406.59,15.87
1076664,atl,67.000,-50.500,984.53,984.13,6.19,1.25,38.95,48.21,0.00,0.00,14.32
1076664,atl,64.500,-47.500,984.63,984.10,6.78,3.05,44.24,44.24,0.00,0.00,14.32
1076664,atl,62.500,-59.500,970.55,969.24,22.51,6.41,58.11,60.39,0.00,113158.02,12.39
1076664,atl,55.000,-19.750,993.57,993.06,10.14,3.13,41.18,41.18,0.00,0.00,4.39
1076664,atl,48.500,-20.750,995.40,995.14,7.35,1.98,37.75,37.75,0.00,0.00,4.10
1076664,pac,59.750,226.250,991.56,991.08,5.73,1.28,32.12,36.39,0.00,0.00,11.72
1076664,pac,59.250,216.000,988.17,987.66,6.43,1.88,31.00,34.09,0.00,0.00,17.86
1076664,pac,54.750,193.500,962.84,962.43,26.65,6.49,77.77,77.77,104116.25,327221.14,13.93
1076670,atl,68.250,-47.750,981.99,981.83,7.37,2.46,40.46,44.06,0.00,0.00,12.20
1076670,atl,62.750,-56.500,973.48,972.54,18.40,5.79,51.49,54.66,0.00,39143.98,10.78
1076670,atl,61.000,-41.750,989.41,988.82,7.04,2.65,40.75,41.63,0.00,0.00,12.02
1076670,atl,54.000,-21.500,993.23,992.88,8.45,2.47,37.12,37.12,0.00,0.00,4.24
1076670,atl,50.000,-12.500,994.95,994.45,7.12,1.41,35.56,46.74,0.00,0.00,4.33
1076670,atl,48.250,-19.250,994.07,993.90,7.00,1.66,36.70,36.70,0.00,0.00,3.64
1076670,pac,60.000,231.000,994.97,994.65,5.28,1.48,26.75,37.60,0.00,0.00,7.84
1076670,pac,58.250,237.000,995.20,994.88,7.77,2.00,48.94,52.11,0.00,1772.94,7.84
1076670,pac,55.000,201.250,963.42,963.20,23.94,4.83,67.37,72.47,86753.71,272817.77,10.55
1076676,atl,63.500,-54.750,977.94,977.15,14.55,4.99,52.56,52.56,0.00,1699.85,13.76
1076676,atl,62.000,-41.250,987.50,986.96,7.34,2.82,43.48,43.61,0.00,0.00,13.76
1076676,atl,53.500,-22.750,992.72,992.40,6.82,2.01,31.91,31.91,0.00,0.00,3.92
1076676,atl,53.000,-11.500,992.16,991.67,10.27,2.71,37.98,37.98,0.00,0.00,4.76
1076676,pac,66.000,191.750,992.63,992.41,7.74,2.11,34.16,42.27,0.00,0.00,5.09
1076676,pac,63.000,232.750,998.53,997.62,4.27,1.03,16.57,29.72,0.00,0.00,7.44
1076676,pac,55.500,207.750,964.82,964.51,21.33,4.07,57.07,66.63,27138.26,225136.12,9.89
1076682,atl,69.000,-54.000,987.82,987.67,4.40,1.37,36.10,40.27,0.00,0.00,8.56
1076682,atl,64.000,-54.250,980.61,979.77,11.81,4.30,40.12,40.27,0.00,0.00,16.66
1076682,atl,62.250,-41.000,985.87,985.44,7.48,2.73,43.62,43.62,0.00,0.00,16.66
1076682,atl,55.000,-13.000,987.02,986.46,11.91,3.37,41.56,43.12,0.00,0.00,5.09
1076682,atl,53.500,-22.750,990.46,990.23,4.98,1.49,31.80,31.80,0.00,0.00,3.12
1076682,atl,40.750,-33.250,1004.82,1004.33,7.32,2.03,44.71,44.71,0.00,0.00,3.78
1076682,pac,65.000,192.250,994.71,994.40,6.98,1.94,36.81,44.75,0.00,0.00,5.38
1076682,pac,57.250,213.000,966.04,965.78,19.59,3.40,58.16,64.27,462.37,137088.67,15.27
1076688,atl,69.000,-53.250,988.59,988.36,5.43,1.64,34.59,35.98,0.00,0.00,10.75
1076688,atl,64.250,-79.750,987.30,987.18,7.93,1.23,22.70,41.97,0.00,0.00,5.21
1076688,atl,64.250,-53.500,984.33,983.63,8.62,3.48,35.98,35.98,0.00,0.00,13.01
1076688,atl,62.000,-40.750,985.36,985.15,7.46,2.52,40.80,40.80,0.00,0.00,13.01
1076688,atl,56.750,-14.750,983.21,982.71,12.31,3.38,43.66,43.66,0.00,0.00,4.67
1076688,atl,54.000,-22.250,988.18,988.03,4.23,1.15,30.64,42.78,0.00,0.00,4.57
1076688,atl,50.250,-27.500,991.85,990.89,7.26,2.55,49.55,49.55,0.00,0.00,6.44
1076688,pac,64.000,193.750,996.22,995.93,6.56,1.98,38.08,40.31,0.00,0.00,5.64
1076688,pac,57.000,213.250,967.65,967.32,19.75,4.00,64.42,68.64,49973.83,192924.34,13.56
1076688,pac,57.000,217.500,967.93,967.74,18.97,2.66,60.46,68.28,52301.84,187715.82,18.78
1076694,atl,64.500,-78.500,989.64,989.42,7.10,1.37,30.98,38.02,0.00,0.00,4.80
1076694,atl,64.250,-53.250,984.66,984.08,6.55,2.85,33.65,33.65,0.00,0.00,10.70
1076694,atl,63.750,-75.000,989.66,989.54,6.03,0.90,20.51,39.67,0.00,0.00,4.80
1076694,atl,61.750,-40.250,982.48,982.32,7.10,2.11,40.24,40.24,0.00,0.00,10.70
1076694,atl,58.250,-15.500,979.49,979.15,11.97,3.07,42.74,43.43,0.00,0.00,5.35
1076694,atl,57.750,-26.500,983.81,983.60,4.44,1.12,35.23,36.55,0.00,0.00,3.42
1076694,atl,50.500,-24.250,988.26,987.23,8.31,2.87,53.54,53.54,0.00,3963.44,7.19
1076694,atl,40.250,-28.000,1004.40,1003.88,6.62,1.99,40.35,40.35,0.00,0.00,2.96
1076694,pac,63.500,195.000,998.78,998.46,5.59,1.79,37.87,37.87,0.00,0.00,6.68
1076694,pac,57.750,219.250,968.94,968.61,19.34,3.64,62.74,69.71,70271.21,182446.56,18.97
1076694,pac,57.750,237.250,988.71,987.93,9.20,2.40,44.65,51.90,0.00,1340.75,9.99
1076700,atl,64.750,-76.750,991.59,991.38,6.65,1.45,34.53,36.86,0.00,0.00,4.33
1076700,atl,63.750,-53.000,985.49,985.02,5.21,2.15,35.40,35.40,0.00,0.00,6.32
1076700,atl,61.750,-69.250,992.23,992.05,4.47,0.98,28.36,35.66,0.00,0.00,4.11
1076700,atl,61.500,-39.500,981.09,980.94,6.16,1.82,33.42,33.42,0.00,0.00,6.32
1076700,atl,61.500,-18.000,977.05,976.59,11.55,3.12,37.91,46.98,0.00,0.00,7.36
1076700,atl,59.000,-26.750,981.56,981.32,4.01,1.24,34.77,34.77,0.00,0.00,4.91
1076700,atl,51.250,-21.000,988.29,987.85,8.26,2.61,49.40,49.40,0.00,0.00,5.92
1076700,pac,58.250,219.500,973.56,972.86,17.25,3.84,59.10,66.55,11562.89,135757.63,18.14
1076700,pac,58.000,236.250,989.84,988.45,5.44,1.28,46.85,50.45,0.00,443.24,9.63
1076706,atl,64.750,-74.250,992.56,992.29,5.99,1.45,31.42,35.76,0.00,0.00,3.75
1076706,atl,63.250,-52.250,985.30,984.95,4.00,1.65,32.91,32.91,0.00,0.00,6.08
1076706,atl,63.000,-19.500,975.42,974.82,10.86,2.81,35.10,43.34,0.00,0.00,5.55
1076706,atl,61.500,-39.000,979.17,979.06,5.82,1.48,27.46,35.65,0.00,0.00,6.08
1076706,pac,58.500,220.250,977.42,976.39,15.91,3.97,51.03,51.41,0.00,23868.48,16.49
1076712,atl,65.000,-71.000,993.53,993.29,5.29,1.44,31.40,31.40,0.00,0.00,5.43
1076712,atl,64.500,-20.750,976.66,976.21,9.49,1.83,35.00,50.47,0.00,560.16,5.13
1076712,atl,63.000,-29.750,977.56,977.31,5.21,1.07,35.20,42.80,0.00,0.00,6.04
1076712,atl,54.500,-75.250,1000.04,999.31,7.84,2.42,36.18,36.18,0.00,0.00,4.29
1076712,atl,46.500,-14.500,1001.94,1001.49,4.94,1.38,42.39,45.46,0.00,0.00,4.18
1076712,pac,60.000,226.000,989.01,988.39,8.81,1.62,41.12,41.12,0.00,0.00,14.79
1076712,pac,59.000,169.250,1002.03,1001.56,17.04,4.21,49.62,49.62,0.00,0.00,11.07
1076712,pac,59.000,219.750,981.62,980.52,14.91,3.92,41.54,46.48,0.00,0.00,14.90
1076712,pac,40.750,160.250,990.82,990.41,18.96,4.62,63.50,63.50,0.00,176314.00,10.30
1076718,atl,66.500,-18.000,978.43,978.19,10.33,2.24,52.84,54.53,0.00,13723.61,18.36
1076718,atl,63.500,-30.750,977.27,976.88,5.46,1.11,40.04,48.32,0.00,0.00,7.20
1076718,atl,62.250,-38.250,976.87,976.81,6.94,1.43,39.64,41.02,0.00,0.00,8.57
1076718,atl,61.750,-23.750,978.45,977.83,4.16,1.39,33.43,33.43,0.00,0.00,6.23
1076718,atl,54.000,-67.500,999.38,998.48,7.91,2.57,37.74,37.74,0.00,0.00,4.36
1076718,atl,48.500,-11.250,1000.26,999.86,5.38,1.62,43.53,54.00,0.00,3257.03,5.53
1076718,atl,34.750,-63.250,1002.70,1001.55,11.37,3.44,54.88,54.88,0.00,11846.39,8.43
1076718,pac,61.000,226.750,993.09,992.74,8.16,2.04,26.12,32.60,0.00,0.00,14.39
1076718,pac,59.250,219.000,985.70,984.93,13.67,3.48,38.34,45.56,0.00,0.00,15.00
1076718,pac,58.750,169.500,999.58,999.01,18.36,4.85,63.59,63.59,0.00,21069.43,11.46
1076718,pac,41.750,162.250,987.61,987.22,19.94,4.68,68.94,68.94,16327.25,300241.20,8.92
1076724,atl,68.250,-16.500,982.36,982.24,8.89,2.28,53.00,53.00,0.00,6611.75,15.29
1076724,atl,63.000,-24.000,978.32,977.66,5.43,1.58,37.24,42.21,0.00,0.00,4.36
1076724,atl,62.750,-37.750,977.39,977.33,7.24,1.80,38.86,41.89,0.00,0.00,6.82
1076724,atl,62.750,-15.250,981.82,981.42,6.62,1.53,37.99,40.21,0.00,0.00,4.36
1076724,atl,54.000,-23.500,981.93,981.49,9.94,2.65,49.69,50.63,0.00,1458.93,4.75
1076724,atl,53.250,-61.000,1000.38,999.59,6.96,2.06,32.55,32.55,0.00,0.00,5.38
1076724,atl,49.000,-9.000,997.55,996.98,9.10,3.24,46.29,52.88,0.00,4865.06,6.54
1076724,pac,61.500,229.500,997.24,996.36,7.74,2.43,17.43,31.02,0.00,0.00,12.37
1076724,pac,59.250,218.000,988.76,988.00,14.15,3.68,34.12,50.85,0.00,409.51,17.09
1076724,pac,58.000,172.750,1000.32,1000.03,15.81,3.90,60.50,60.50,0.00,30547.67,9.54
1076724,pac,42.250,164.250,986.99,986.69,19.85,4.65,64.93,64.93,3304.69,292424.45,7.55
1076730,atl,64.250,-14.750,981.02,980.63,8.28,1.85,37.42,40.29,0.00,0.00,4.14
1076730,atl,64.000,-24.250,979.58,978.93,5.58,1.56,36.37,46.01,0.00,0.00,5.19
1076730,atl,62.000,-39.500,978.14,977.90,8.51,2.03,40.57,43.54,0.00,0.00,9.11
1076730,atl,55.750,-22.250,978.47,977.96,11.89,3.23,46.74,50.44,0.00,1876.37,5.30
1076730,atl,52.500,-54.000,998.77,998.16,7.46,2.44,35.77,37.43,0.00,0.00,5.59
1076730,atl,50.500,-7.000,995.57,994.92,9.06,3.25,48.03,54.59,0.00,14268.92,7.69
1076730,atl,34.750,-60.750,1003.88,1003.52,9.39,2.26,46.61,46.90,0.00,0.00,4.81
1076730,pac,61.750,230.250,1000.95,1000.22,7.21,2.56,15.32,24.79,0.00,0.00,9.01
1076730,pac,61.500,179.250,1000.05,999.50,16.03,4.16,56.20,56.20,0.00,42038.75,12.20
1076730,pac,59.000,217.000,992.84,992.15,13.88,3.45,34.58,53.24,0.00,9884.96,16.47
1076730,pac,58.250,176.500,998.24,997.66,14.36,3.28,53.99,56.20,0.00,41681.92,10.55
1076730,pac,51.250,238.500,1001.49,1000.91,5.29,1.83,37.21,37.21,0.00,0.00,7.84
1076730,pac,48.250,178.750,996.30,995.89,10.34,2.55,34.06,40.77,0.00,0.00,4.49
1076730,pac,42.500,166.000,986.00,985.54,19.71,4.82,64.24,64.24,1655.89,247428.96,7.47
1076736,atl,67.000,-14.750,979.96,979.74,11.25,2.57,42.82,50.71,0.00,550.72,7.93
1076736,atl,61.750,-46.500,985.79,984.94,7.22,1.91,47.84,47.84,0.00,0.00,10.76
1076736,atl,61.500,-39.250,979.82,979.59,9.48,2.30,41.88,47.84,0.00,0.00,10.76
1076736,atl,57.000,-21.500,975.52,975.01,14.86,4.34,49.23,49.23,0.00,0.00,8.62
1076736,atl,52.500,-2.750,995.27,995.14,9.16,2.38,59.94,59.94,0.00,25219.01,7.12
1076736,atl,51.750,-48.750,999.64,999.04,7.54,2.50,50.49,50.49,0.00,481.06,7.03
1076736,atl,35.000,-59.250,1003.83,1003.29,10.44,2.62,47.36,47.36,0.00,0.00,4.22
1076736,pac,59.750,231.750,1004.11,1003.80,4.61,1.70,15.79,19.44,0.00,0.00,8.47
1076736,pac,59.250,179.500,995.62,995.20,14.62,2.81,49.93,57.60,0.00,19105.24,15.76
1076736,pac,58.750,216.000,996.73,996.06,14.14,3.47,40.04,48.42,0.00,0.00,16.67
1076736,pac,56.250,238.000,1002.16,1001.75,4.18,1.38,24.52,28.37,0.00,0.00,6.72
1076736,pac,50.250,183.500,994.34,993.91,10.86,2.76,33.22,39.74,0.00,0.00,4.56
1076736,pac,42.250,167.250,986.67,986.24,19.78,5.06,62.56,62.56,0.00,253505.35,7.98
1076742,atl,69.000,-14.750,980.28,980.14,12.63,3.10,49.65,49.65,0.00,0.00,10.04
1076742,atl,61.750,-46.750,987.59,986.88,8.55,2.17,48.93,48.93,0.00,0.00,11.73
1076742,atl,60.750,-39.250,981.51,981.23,9.70,2.26,40.21,48.93,0.00,0.00,9.09
1076742,atl,58.250,-21.500,972.44,971.74,17.44,5.41,55.90,55.90,0.00,42348.08,11.36
1076742,atl,56.250,-1.500,990.13,989.80,9.77,2.21,39.02,53.67,0.00,5137.20,5.73
1076742,atl,51.250,-42.000,998.59,998.09,6.68,1.89,43.20,46.17,0.00,0.00,4.56
1076742,atl,35.000,-58.000,1004.44,1004.01,9.78,2.32,42.02,42.02,0.00,0.00,3.89
1076742,pac,60.250,180.750,991.71,991.10,17.31,3.43,56.47,61.98,0.00,50578.31,14.56
1076742,pac,58.250,215.500,1001.65,1001.02,12.30,2.86,37.61,39.24,0.00,0.00,15.49
1076742,pac,55.000,225.000,1004.55,1004.43,4.20,0.99,25.73,34.62,0.00,0.00,8.19
1076742,pac,52.250,187.750,991.71,991.40,11.54,2.92,42.69,42.69,0.00,0.00,5.89
1076742,pac,41.500,168.250,986.98,986.48,19.00,4.96,64.58,64.58,1150.81,272587.77,7.68
1076748,atl,61.500,-47.000,991.14,990.36,9.00,2.54,50.50,50.50,0.00,1159.15,12.05
1076748,atl,59.750,-38.750,984.70,984.37,8.90,2.08,38.85,49.51,0.00,0.00,6.91
1076748,atl,59.250,-21.250,975.31,974.67,14.31,3.58,57.69,57.69,0.00,53650.30,9.16
1076748,atl,59.250,-1.500,985.23,984.90,11.90,3.06,50.20,50.20,0.00,380.53,10.00
1076748,atl,51.000,-36.000,996.18,995.64,7.46,2.03,48.40,48.40,0.00,0.00,4.22
1076748,atl,35.250,-56.250,1003.86,1003.44,11.44,2.84,42.14,44.83,0.00,0.00,4.16
1076748,pac,60.250,180.000,990.54,990.19,16.23,3.62,53.37,64.01,332.69,24920.25,13.14
1076748,pac,58.000,216.000,1004.87,1004.39,10.04,2.40,34.22,34.22,0.00,0.00,17.29
1076748,pac,54.250,190.500,988.50,988.06,12.29,2.93,49.27,49.27,0.00,0.00,8.26
1076748,pac,40.750,169.250,989.76,989.22,16.86,4.29,59.23,59.23,0.00,211431.89,6.77
1076754,atl,62.000,-4.500,980.15,979.51,11.41,3.20,42.98,43.34,0.00,0.00,5.27
1076754,atl,61.500,-46.750,994.73,994.25,6.79,2.08,44.96,44.96,0.00,0.00,10.36
1076754,atl,59.750,-16.000,974.76,974.50,13.49,3.48,59.33,59.33,0.00,28168.78,7.59
1076754,atl,51.250,-30.500,992.04,991.51,8.55,2.52,49.76,50.74,0.00,1538.68,5.90
1076754,atl,35.500,-55.250,1002.07,1001.58,11.22,2.83,40.87,43.02,0.00,0.00,4.59
1076754,pac,59.500,181.500,990.16,989.89,12.44,2.68,49.03,52.70,0.00,8117.98,11.97
1076754,pac,56.500,193.250,983.19,982.56,16.35,3.92,52.82,52.82,0.00,21565.93,11.30
1076754,pac,42.500,180.750,999.08,998.58,6.51,1.59,43.95,43.95,0.00,0.00,4.01
1076754,pac,39.500,170.000,989.49,989.03,15.68,3.90,59.91,59.91,0.00,185367.00,6.75
1076760,atl,63.750,-8.500,978.87,978.34,9.71,2.46,43.11,52.05,0.00,3465.77,11.19
1076760,atl,61.500,-47.250,997.51,997.06,4.97,1.90,38.06,38.06,0.00,0.00,11.72
1076760,atl,61.250,-14.250,974.67,974.29,12.93,3.17,52.05,52.05,0.00,7350.03,11.19
1076760,atl,61.000,-20.000,974.81,974.46,11.88,2.71,50.03,52.05,0.00,7350.03,11.19
1076760,atl,60.250,-29.750,979.33,978.77,9.43,2.44,39.83,44.84,0.00,0.00,5.11
1076760,atl,52.000,-24.000,987.74,987.48,9.90,2.28,59.49,59.49,0.00,164920.56,6.50
1076760,atl,35.250,-54.250,1001.26,1000.64,12.53,3.38,48.24,48.37,0.00,0.00,4.80
1076760,pac,58.250,194.500,976.80,975.35,21.57,5.82,60.16,60.16,0.00,19008.63,13.88
1076760,pac,43.750,183.750,1000.05,999.56,7.31,1.85,43.81,43.81,0.00,0.00,4.07
1076760,pac,38.750,171.250,990.50,990.07,14.14,3.28,53.16,57.20,0.00,82532.17,5.92
1076766,atl,62.750,-74.000,984.27,983.97,17.15,3.09,63.32,63.32,0.00,145578.53,9.20
1076766,atl,62.500,-13.750,975.08,974.65,11.57,2.89,47.47,47.47,0.00,0.00,11.80
1076766,atl,61.250,-20.250,974.97,974.63,10.43,2.39,44.43,47.47,0.00,0.00,11.80
1076766,atl,58.500,-32.000,981.09,980.63,10.30,2.71,47.49,47.49,0.00,0.00,6.86
1076766,atl,54.000,-15.750,981.71,981.13,12.49,2.85,55.58,62.55,0.00,147627.56,6.92
1076766,atl,35.000,-53.000,998.62,997.98,12.85,3.48,39.69,43.95,0.00,0.00,5.13
1076766,pac,59.500,195.750,972.55,970.49,25.40,7.24,51.11,51.11,0.00,4146.38,12.98
1076766,pac,41.000,179.000,994.59,994.12,8.01,1.83,45.01,52.54,0.00,11016.60,4.49
1076766,pac,38.250,172.500,990.85,990.59,12.50,2.74,52.36,55.13,0.00,95073.18,4.91
1076772,atl,67.000,-37.000,994.23,993.54,6.19,2.61,32.41,35.70,0.00,0.00,13.21
1076772,atl,64.000,-12.750,976.34,975.99,11.35,3.16,39.56,39.56,0.00,0.00,9.70
1076772,atl,63.250,-72.000,989.15,988.96,14.56,2.78,58.40,58.40,0.00,77211.12,8.24
1076772,atl,61.250,-20.500,975.68,975.14,9.57,2.36,39.17,39.56,0.00,0.00,9.70
1076772,atl,59.500,-58.250,993.96,993.82,6.12,1.56,28.69,35.45,0.00,0.00,6.20
1076772,atl,56.500,-11.500,975.69,975.17,14.98,4.05,53.18,58.04,0.00,33995.51,8.40
1076772,atl,51.750,-57.000,998.15,997.99,7.83,1.71,30.60,34.45,0.00,0.00,4.08
1076772,atl,35.250,-50.750,996.93,995.73,14.39,4.06,49.48,49.48,0.00,0.00,6.08
1076772,pac,59.750,197.500,975.44,973.66,22.43,6.16,51.29,51.29,0.00,1202.67,8.94
1076772,pac,58.000,207.750,987.46,987.13,10.46,3.12,47.51,48.04,0.00,0.00,13.93
1076772,pac,42.500,183.750,995.72,995.46,9.73,1.86,49.41,59.89,0.00,17224.31,5.93
1076772,pac,41.250,179.250,994.45,993.53,8.41,2.06,49.28,50.71,0.00,4075.68,5.93
1076772,pac,38.250,173.500,991.63,991.32,12.09,2.80,51.04,51.04,0.00,29516.10,4.76
1076778,atl,69.000,-31.750,996.61,995.26,5.74,2.38,30.20,46.89,0.00,0.00,11.91
1076778,atl,65.500,-12.500,980.23,979.85,10.00,2.74,36.84,42.39,0.00,0.00,6.26
1076778,atl,64.750,-71.500,993.25,993.10,12.27,2.82,60.25,60.25,0.00,30574.03,8.37
1076778,atl,61.500,-19.750,978.74,978.34,7.77,1.79,34.92,46.37,0.00,0.00,6.26
1076778,atl,58.750,-55.000,992.28,992.20,7.15,1.85,34.38,39.98,0.00,0.00,4.72
1076778,atl,57.250,-8.500,974.32,973.69,16.58,4.47,55.53,55.53,0.00,23220.64,7.41
1076778,atl,52.500,-53.000,989.98,989.72,12.34,2.97,44.08,44.08,0.00,0.00,5.47
1076778,atl,36.500,-49.000,991.87,990.64,16.24,4.60,49.33,49.33,0.00,0.00,6.15
1076778,pac,60.500,200.250,982.46,981.83,15.60,4.24,51.85,52.05,0.00,4103.62,9.94
1076778,pac,59.000,210.250,984.85,983.41,12.44,3.69,50.47,50.97,0.00,7864.54,12.78
1076778,pac,43.750,185.500,997.40,996.88,9.59,2.17,64.66,64.66,553.54,20523.14,5.19
1076778,pac,38.000,174.500,992.39,992.09,12.08,2.83,53.13,53.13,0.00,16682.19,4.97
1076784,atl,67.250,-73.000,994.75,994.22,12.01,3.53,50.48,50.48,0.00,597.68,7.27
1076784,atl,66.250,-14.250,985.51,984.91,8.33,2.34,43.49,51.11,0.00,553.87,4.88
1076784,atl,61.500,-19.500,982.55,982.29,6.86,1.76,33.21,43.25,0.00,0.00,4.85
1076784,atl,59.000,-6.000,976.21,975.94,14.83,3.19,48.69,50.30,0.00,1451.17,7.69
1076784,atl,54.000,-50.500,984.11,983.77,15.60,3.95,51.31,51.31,0.00,2341.43,5.95
1076784,atl,38.250,-46.500,986.93,985.45,19.97,6.04,55.14,55.14,0.00,28181.99,8.51
1076784,pac,60.750,202.750,987.35,986.79,10.62,2.93,38.18,45.90,0.00,0.00,11.12
1076784,pac,60.000,213.000,981.90,980.50,15.36,4.34,58.71,58.71,0.00,22993.92,13.22
1076784,pac,45.750,191.750,1002.06,1001.73,8.12,1.98,52.56,56.04,0.00,8193.52,4.56
1076784,pac,37.500,175.750,994.13,993.83,11.85,2.65,49.62,51.28,0.00,13400.56,4.65
1076790,atl,68.500,-73.000,995.20,994.57,10.52,3.09,42.99,42.99,0.00,0.00,6.43
1076790,atl,62.250,-6.500,977.02,976.70,14.45,3.25,42.22,45.88,0.00,0.00,5.81
1076790,atl,62.000,-18.000,988.05,987.92,4.19,1.08,29.62,39.79,0.00,0.00,5.58
1076790,atl,55.250,-13.000,989.45,989.39,4.74,0.86,38.66,53.80,0.00,34124.51,4.90
1076790,atl,54.750,-49.500,979.07,978.82,18.59,4.43,61.13,61.13,0.00,67849.83,7.61
1076790,atl,40.500,-43.500,980.38,978.97,23.03,7.14,64.41,64.41,589.80,96024.86,11.29
1076790,pac,60.250,215.000,984.81,983.81,11.80,3.03,45.33,45.33,0.00,0.00,12.65
1076790,pac,37.750,177.500,995.19,995.03,11.86,2.56,54.93,54.93,0.00,22038.11,5.53
1076796,atl,67.500,-60.750,996.42,996.36,4.77,0.95,34.97,46.42,0.00,0.00,9.30
1076796,atl,61.750,-5.000,980.62,980.15,14.07,3.12,45.74,47.51,0.00,0.00,6.03
1076796,atl,56.750,-48.500,976.89,976.64,19.69,4.28,59.73,59.73,0.00,189016.46,14.17
1076796,atl,54.250,3.250,997.42,996.61,5.27,1.53,42.44,42.44,0.00,0.00,4.85
1076796,atl,52.250,-8.250,993.34,993.11,8.43,1.93,50.96,53.04,0.00,40950.68,4.48
1076796,atl,44.000,-40.000,972.93,971.60,27.30,7.59,76.08,76.08,62084.75,439814.20,12.54
1076796,pac,64.000,233.250,995.84,994.22,8.58,2.34,35.80,38.29,0.00,0.00,12.58
1076796,pac,62.500,223.000,988.68,988.21,9.04,2.39,29.31,39.81,0.00,0.00,12.58
1076796,pac,61.750,217.250,989.21,987.52,8.03,1.17,35.63,36.65,0.00,0.00,20.19
1076796,pac,60.500,212.500,988.86,988.44,9.90,1.98,39.47,41.62,0.00,0.00,20.19
1076796,pac,38.500,179.500,996.21,995.98,12.52,2.73,51.70,51.70,0.00,13176.15,5.39
1076802,atl,68.000,-59.000,994.58,994.56,6.76,0.69,37.52,48.44,0.00,0.00,14.31
1076802,atl,64.000,-4.500,984.13,983.92,14.40,2.88,42.06,45.63,0.00,0.00,6.47
1076802,atl,58.000,-49.500,976.56,975.89,18.94,4.60,62.15,62.48,0.00,276019.98,22.79
1076802,atl,56.000,4.500,996.14,995.74,5.37,1.51,37.10,37.10,0.00,0.00,5.45
1076802,atl,54.500,-78.500,1001.66,1001.33,9.13,2.01,32.18,32.18,0.00,0.00,3.65
1076802,atl,53.000,3.750,996.08,995.77,6.17,1.65,36.83,37.10,0.00,0.00,4.32
1076802,atl,52.000,-5.500,993.67,993.19,10.36,2.77,44.92,52.09,0.00,5584.36,4.92
1076802,atl,50.250,-39.000,963.55,962.70,27.69,6.42,73.79,86.47,138560.84,387501.02,13.00
1076802,atl,48.750,-36.500,963.62,962.67,30.80,7.72,86.47,86.47,153645.47,547577.63,13.00
1076802,pac,63.500,233.500,993.31,992.28,8.07,1.82,31.66,37.75,0.00,0.00,11.51
1076802,pac,62.250,225.500,991.34,991.10,7.10,1.82,29.30,29.30,0.00,0.00,11.51
1076802,pac,60.250,213.500,991.44,991.08,10.21,2.20,37.56,47.27,0.00,0.00,21.58
1076802,pac,58.000,237.500,998.67,997.59,7.47,2.26,37.16,37.51,0.00,0.00,13.83
1076802,pac,39.250,180.500,997.73,997.59,13.46,2.96,55.43,55.43,0.00,65626.58,6.16
1076808,atl,67.750,-57.500,992.98,992.95,8.03,0.63,38.12,50.12,0.00,569.35,15.43
1076808,atl,63.750,-5.250,987.84,987.66,12.95,2.79,38.19,40.00,0.00,0.00,6.30
1076808,atl,55.000,5.750,994.54,994.29,8.56,2.21,37.89,37.89,0.00,0.00,4.40
1076808,atl,54.500,-76.000,1002.68,1002.40,7.78,1.77,29.59,31.16,0.00,0.00,4.22
1076808,atl,52.500,-38.000,946.99,945.97,41.49,10.77,75.00,78.09,180414.99,590810.63,17.28
1076808,atl,50.250,-1.500,997.84,997.48,9.40,2.30,50.09,50.82,0.00,2493.94,5.40
1076808,pac,62.750,234.000,993.41,992.26,5.96,1.05,19.51,29.85,0.00,0.00,9.38
1076808,pac,61.500,228.500,992.29,991.91,6.67,1.48,27.60,29.47,0.00,0.00,9.11
1076808,pac,60.250,235.000,993.43,992.78,5.42,1.15,28.25,30.39,0.00,0.00,10.22
1076808,pac,59.750,215.500,993.26,993.07,9.46,2.09,32.09,51.12,0.00,1191.12,17.95
1076808,pac,51.000,230.250,1003.26,1002.68,6.35,1.95,43.16,43.16,0.00,0.00,10.14
1076808,pac,39.500,181.500,998.38,998.14,14.75,3.52,54.85,54.85,0.00,100437.09,6.30
1076814,atl,63.750,-53.000,992.60,992.38,7.96,1.86,48.85,62.25,0.00,28510.16,20.08
1076814,atl,63.250,-4.000,991.17,990.97,11.39,2.62,36.60,36.60,0.00,0.00,5.16
1076814,atl,56.000,6.500,993.87,993.58,10.62,3.12,45.15,45.15,0.00,0.00,6.17
1076814,atl,55.000,-79.500,1000.65,1000.54,6.22,1.03,29.80,33.28,0.00,0.00,4.15
1076814,atl,54.750,-37.250,936.36,934.78,48.81,13.46,78.01,78.01,218347.67,635520.12,17.44
1076814,atl,49.750,1.000,1001.89,1001.77,7.00,1.71,39.13,54.03,0.00,14310.64,3.98
1076814,pac,60.000,235.250,992.89,992.56,5.28,1.48,25.60,26.19,0.00,0.00,8.49
1076814,pac,59.250,217.500,992.80,992.67,9.92,2.19,30.01,48.53,0.00,0.00,14.62
1076814,pac,39.500,182.250,999.41,999.10,15.30,3.76,57.71,57.71,0.00,139031.55,6.54
1076820,atl,67.250,-51.000,995.07,994.70,8.84,2.47,45.58,47.30,0.00,0.00,10.64
1076820,atl,63.500,-2.250,994.85,994.63,9.64,2.33,34.78,35.74,0.00,0.00,4.53
1076820,atl,56.500,7.250,992.11,991.10,13.94,4.73,53.82,53.82,0.00,7806.11,9.52
1076820,atl,56.000,-37.000,938.13,936.12,46.29,12.46,67.84,67.84,100089.95,598069.53,14.60
1076820,atl,55.000,-79.250,995.01,994.89,8.78,1.49,30.77,32.19,0.00,0.00,4.93
1076820,atl,44.250,7.750,1002.54,1001.66,6.77,2.35,46.41,48.43,0.00,0.00,10.62
1076820,pac,59.750,233.500,994.58,994.12,4.08,1.54,22.40,22.40,0.00,0.00,9.85
1076820,pac,59.250,219.000,991.97,991.68,10.98,2.74,34.39,55.42,0.00,778.60,17.08
1076820,pac,40.000,183.250,1000.87,1000.54,15.08,3.60,59.25,59.25,0.00,126372.48,6.38
1076826,atl,64.000,-1.250,997.39,997.17,8.16,1.98,34.60,37.59,0.00,0.00,4.95
1076826,atl,57.500,8.250,994.45,993.50,12.77,4.31,53.00,53.00,0.00,3440.21,7.97
1076826,atl,56.500,-73.500,988.61,988.35,13.48,3.13,40.95,40.95,0.00,0.00,6.15
1076826,atl,56.250,-36.000,943.66,941.62,41.54,10.95,62.21,71.07,52248.90,542460.72,11.99
1076826,atl,43.500,7.750,1001.83,1000.68,9.52,2.94,53.59,53.89,0.00,16117.51,14.44
1076826,pac,59.500,232.250,995.29,994.64,4.16,1.71,17.41,22.92,0.00,0.00,12.45
1076826,pac,58.250,221.500,991.03,990.78,11.07,2.52,41.43,52.92,0.00,13285.77,20.75
1076826,pac,54.250,233.250,993.67,993.39,4.22,1.15,29.42,35.50,0.00,0.00,9.88
1076826,pac,39.750,183.000,1001.03,1000.70,15.08,3.80,58.85,58.90,0.00,147442.13,6.77
1076832,atl,63.500,-1.000,998.46,998.26,6.83,1.83,27.00,34.15,0.00,0.00,4.73
1076832,atl,58.500,-66.000,986.45,986.00,15.49,3.96,42.49,42.49,0.00,0.00,9.27
1076832,atl,58.500,9.250,997.59,996.83,9.98,3.28,40.49,40.49,0.00,0.00,5.64
1076832,atl,57.750,-20.250,981.22,980.25,12.42,3.41,46.93,48.48,0.00,0.00,7.22
1076832,atl,56.000,-34.500,951.68,950.09,35.60,9.55,61.90,68.04,39804.16,368619.15,10.61
1076832,atl,42.250,8.250,1003.42,1002.89,9.41,2.19,58.24,58.24,0.00,59218.49,17.53
1076832,pac,58.250,221.000,992.05,991.64,13.12,3.38,56.96,65.39,5316.12,137547.34,21.40
1076832,pac,58.000,163.250,992.45,992.27,7.70,1.35,42.61,49.13,0.00,0.00,8.05
1076832,pac,54.250,234.500,987.47,987.36,9.33,2.02,44.89,46.81,0.00,0.00,8.85
1076832,pac,39.250,182.500,1002.59,1002.15,14.03,3.58,52.34,52.34,0.00,83959.59,5.88
1076838,atl,65.000,6.500,999.18,999.08,5.88,1.22,28.93,28.93,0.00,0.00,6.82
1076838,atl,63.000,-0.750,998.03,997.87,5.18,1.40,24.38,28.10,0.00,0.00,4.45
1076838,atl,59.250,10.000,1000.20,999.75,6.87,2.22,31.45,31.45,0.00,0.00,4.58
1076838,atl,59.000,-60.500,984.75,984.40,15.85,3.98,42.92,42.92,0.00,0.00,9.76
1076838,atl,55.250,-32.250,957.45,956.15,30.57,8.26,69.15,69.44,91397.93,317856.28,10.72
1076838,pac,59.250,163.750,990.74,990.42,8.46,1.40,35.94,49.98,0.00,0.00,8.64
1076838,pac,56.500,225.750,993.82,993.54,11.28,2.22,54.90,61.33,0.00,114164.20,17.68
1076838,pac,53.750,238.750,986.88,986.49,10.00,2.34,34.54,54.11,0.00,1003.75,11.19
1076838,pac,50.250,239.750,985.82,984.26,10.68,2.65,67.18,67.18,1546.18,26092.69,15.88
1076838,pac,38.250,182.000,1004.37,1004.07,11.97,2.95,47.78,48.50,0.00,0.00,4.16
1076844,atl,66.000,5.750,997.81,997.62,7.23,1.55,27.37,31.27,0.00,0.00,5.64
1076844,atl,63.500,-48.750,994.21,993.68,4.63,2.45,40.53,47.90,0.00,0.00,7.39
1076844,atl,60.250,-28.500,976.53,975.95,13.57,3.09,55.45,57.81,0.00,60987.71,7.81
1076844,atl,59.500,-56.250,983.69,982.72,16.94,4.67,46.93,46.93,0.00,0.00,7.59
1076844,atl,54.500,-28.500,964.67,963.69,24.77,6.59,62.19,66.66,14523.85,262607.71,9.19
1076844,pac,62.000,163.250,990.77,990.53,8.41,1.64,34.04,42.07,0.00,0.00,10.11
1076844,pac,56.500,224.250,997.52,997.29,10.96,2.10,52.73,58.10,0.00,52909.66,22.43
1076844,pac,54.750,228.250,997.48,997.26,9.74,1.81,58.10,58.10,0.00,76751.89,11.45
1076844,pac,37.500,181.750,1004.82,1004.54,9.58,2.33,39.18,39.70,0.00,0.00,3.43
1076850,atl,66.500,5.000,996.22,996.02,8.12,1.98,35.46,35.46,0.00,0.00,5.59
1076850,atl,63.500,-47.750,993.17,992.59,5.90,2.77,43.34,52.23,0.00,1525.05,10.11
1076850,atl,59.500,-52.750,984.90,984.39,16.98,4.86,57.33,57.33,0.00,28953.58,9.56
1076850,atl,59.500,-31.750,977.96,977.41,13.58,3.28,45.26,48.38,0.00,0.00,6.27
1076850,atl,54.000,-24.750,968.28,967.48,21.95,5.83,62.15,62.51,0.00,265626.78,8.32
1076850,pac,63.000,164.000,990.75,990.40,6.67,1.24,30.71,44.19,0.00,0.00,7.83
1076850,pac,55.750,224.250,998.25,998.02,13.26,2.37,47.34,53.72,0.00,3359.49,23.05
1076856,atl,66.250,3.250,996.06,995.90,7.21,1.75,35.83,35.83,0.00,0.00,4.54
1076856,atl,58.750,-33.000,979.24,978.46,11.73,3.12,33.13,49.03,0.00,0.00,4.62
1076856,atl,58.250,-49.250,988.99,988.88,14.03,3.76,62.28,62.28,0.00,85706.27,11.80
1076856,atl,56.500,-43.500,990.07,989.70,6.18,1.08,44.24,58.25,0.00,21220.82,8.45
1076856,atl,54.000,-21.000,971.86,971.18,19.00,5.08,60.54,60.54,0.00,217827.27,7.19
1076856,pac,53.500,226.000,999.31,999.15,12.14,1.75,46.85,52.16,0.00,9154.63,17.81
1076862,atl,65.500,0.500,995.51,995.39,5.80,1.36,36.19,36.86,0.00,0.00,3.65
1076862,atl,58.000,-33.500,977.08,976.51,11.38,2.87,27.53,45.44,0.00,0.00,5.57
1076862,atl,54.500,-17.750,972.16,971.57,16.79,4.38,57.56,57.90,0.00,166912.32,6.17
1076862,pac,51.500,228.000,998.82,998.61,12.40,1.90,40.70,44.51,0.00,0.00,16.66
1076868,atl,61.250,-46.750,999.85,999.49,6.13,2.21,49.61,50.26,0.00,389.30,11.23
1076868,atl,57.250,-33.750,976.77,976.39,12.01,2.68,34.82,48.02,0.00,0.00,5.57
1076868,atl,55.000,-14.750,974.64,974.20,13.97,3.89,50.40,50.40,0.00,462.37,5.77
1076868,atl,54.000,-77.500,987.86,987.53,15.84,3.12,38.88,44.40,0.00,0.00,6.41
1076868,pac,50.500,230.500,997.67,997.52,12.79,2.13,44.04,49.51,0.00,0.00,19.93
1076868,pac,46.000,174.750,1004.89,1004.54,7.60,2.09,37.70,37.70,0.00,0.00,4.04
1076868,pac,42.250,188.500,1002.73,1002.24,9.03,2.45,43.29,45.04,0.00,0.00,3.79
1076874,atl,61.250,-45.250,1000.91,1000.49,4.81,1.36,49.91,49.91,0.00,0.00,14.84
1076874,atl,56.000,-77.000,987.80,987.19,16.39,3.94,46.25,46.25,0.00,0.00,6.12
1076874,atl,56.000,-12.500,976.05,975.68,11.41,3.23,43.63,43.63,0.00,0.00,5.28
1076874,atl,55.500,-32.750,979.21,979.00,9.94,1.91,41.34,49.59,0.00,0.00,5.06
1076874,atl,54.000,-26.250,977.56,977.19,6.66,1.42,36.70,42.44,0.00,0.00,3.38
1076874,pac,50.500,186.500,998.53,998.28,13.17,3.11,53.06,58.19,0.00,76351.49,6.70
1076874,pac,49.000,230.750,996.69,996.57,12.27,1.63,40.01,51.62,0.00,4327.41,18.46
1076874,pac,46.750,176.750,1002.37,1002.02,6.71,1.94,40.83,40.83,0.00,0.00,4.12
1076874,pac,44.750,188.500,1001.31,1001.14,8.22,2.15,44.96,46.67,0.00,0.00,4.01
1076880,atl,67.750,-42.250,1002.37,1002.12,6.10,2.59,19.93,30.68,0.00,0.00,13.49
1076880,atl,65.000,-44.500,1002.83,1002.41,4.73,1.63,30.01,36.08,0.00,0.00,13.49
1076880,atl,61.750,-46.000,1002.46,1002.21,4.95,1.57,46.46,46.46,0.00,0.00,13.49
1076880,atl,58.000,4.750,992.28,991.85,6.76,1.63,42.52,42.52,0.00,0.00,7.36
1076880,atl,57.250,-11.500,977.44,977.07,9.93,2.71,39.95,39.95,0.00,0.00,4.60
1076880,atl,56.750,-76.500,990.73,990.02,14.17,3.60,42.66,42.66,0.00,0.00,5.18
1076880,atl,54.000,-24.750,976.95,976.60,7.34,1.59,29.34,42.64,0.00,0.00,3.66
1076880,pac,54.000,161.500,999.82,999.73,6.61,1.39,37.52,39.88,0.00,0.00,7.66
1076880,pac,52.750,186.500,993.39,993.18,13.86,3.07,52.23,61.71,0.00,50648.20,10.61
1076880,pac,48.250,231.750,996.20,996.08,10.63,1.58,45.90,51.18,0.00,2105.63,14.50
1076880,pac,47.500,179.000,1001.34,1001.15,4.99,1.49,39.86,39.86,0.00,0.00,3.45
1076880,pac,47.000,190.000,998.92,998.53,9.25,2.64,44.05,49.15,0.00,0.00,5.85
1076880,pac,44.250,239.750,996.03,995.35,7.72,1.82,32.97,45.00,0.00,0.00,7.61
1076886,atl,67.250,-45.000,1003.95,1003.64,5.15,2.18,24.52,35.63,0.00,0.00,12.82
1076886,atl,58.500,5.750,992.25,992.03,6.34,1.38,33.40,38.72,0.00,0.00,5.75
1076886,atl,58.250,-12.250,978.08,977.82,8.60,1.89,35.05,35.76,0.00,0.00,3.96
1076886,atl,57.250,-76.750,991.12,990.34,13.50,3.52,41.18,41.18,0.00,0.00,5.34
1076886,atl,54.000,-23.250,975.85,975.71,7.63,1.65,32.90,42.24,0.00,0.00,3.59
1076886,pac,55.250,186.750,988.53,988.30,14.34,3.03,50.26,59.98,0.00,67366.30,6.28
1076886,pac,54.500,162.750,997.19,997.09,7.17,1.64,34.75,38.86,0.00,0.00,8.14
1076886,pac,47.000,232.500,995.63,995.53,9.62,1.53,46.47,49.90,0.00,0.00,15.81
1076892,atl,67.750,-45.000,1004.81,1004.31,5.54,2.22,28.17,41.44,0.00,0.00,14.54
1076892,atl,59.000,-69.750,994.00,993.55,11.33,2.81,49.52,49.52,0.00,0.00,7.96
1076892,atl,57.250,-77.000,990.39,989.68,14.61,3.79,44.37,44.37,0.00,0.00,6.09
1076892,atl,54.500,-21.250,975.16,975.03,7.46,1.45,31.42,38.06,0.00,0.00,3.62
1076892,atl,53.500,-13.000,976.01,975.52,8.54,2.16,54.80,61.25,0.00,27518.30,5.90
1076892,pac,57.750,187.500,983.63,983.40,15.46,3.11,47.90,59.04,0.00,48238.65,5.98
1076892,pac,55.500,164.750,996.24,996.02,6.46,1.50,35.66,42.23,0.00,0.00,8.23
1076892,pac,46.750,234.250,995.74,995.58,9.46,1.46,38.55,44.99,0.00,0.00,16.85
1076898,atl,59.000,-72.500,994.71,994.38,12.23,2.69,49.21,49.21,0.00,0.00,6.79
1076898,atl,56.500,-76.000,994.15,993.73,13.31,3.18,46.36,46.36,0.00,0.00,6.38
1076898,atl,56.000,-11.750,970.28,969.57,12.23,3.19,42.07,55.52,0.00,3682.66,6.05
1076898,atl,54.750,-66.750,993.57,993.37,6.27,1.59,27.78,36.88,0.00,0.00,4.80
1076898,pac,60.500,188.000,979.51,979.23,16.92,3.33,48.52,55.33,0.00,27724.58,6.33
1076898,pac,46.750,234.000,998.08,997.92,10.89,1.91,34.23,41.20,0.00,0.00,18.36
1076904,atl,67.750,-44.250,1002.69,1002.42,4.32,1.95,29.13,47.10,0.00,0.00,11.54
1076904,atl,58.250,-73.500,1000.10,999.84,11.24,2.66,47.60,47.60,0.00,0.00,6.62
1076904,atl,58.250,-13.000,965.35,964.52,16.81,4.27,42.36,42.36,0.00,0.00,7.19
1076904,atl,52.250,-59.250,989.80,989.63,10.12,2.03,48.55,48.55,0.00,0.00,5.29
1076904,pac,62.750,188.250,976.65,976.23,18.23,3.93,43.97,44.87,0.00,0.00,8.64
1076904,pac,46.250,233.500,1000.27,1000.18,9.57,1.80,33.21,42.08,0.00,0.00,13.51
1076910,atl,59.000,-14.500,962.82,961.92,18.18,4.41,47.17,47.17,0.00,0.00,7.19
1076910,atl,53.250,-54.500,978.42,977.87,17.18,4.05,42.05,45.12,0.00,0.00,6.02
1076910,pac,64.750,188.500,975.73,975.31,18.53,4.29,41.88,48.86,0.00,0.00,7.59
1076910,pac,45.750,233.250,1002.61,1002.49,8.52,1.59,36.00,40.47,0.00,0.00,9.58
1076910,pac,40.000,233.500,1003.82,1003.77,4.90,0.94,30.72,38.44,0.00,0.00,4.24
1076916,atl,59.250,-15.750,962.06,961.60,19.11,4.60,48.81,58.93,0.00,34254.74,6.37
1076916,atl,53.500,-52.500,971.61,971.13,20.97,5.30,50.24,50.24,0.00,1945.28,8.67
1076916,pac,39.250,235.250,1001.02,1000.82,6.42,1.45,33.55,39.25,0.00,0.00,8.39
1076922,atl,59.750,-15.750,962.50,961.98,18.88,4.51,46.69,55.29,0.00,5952.01,6.82
1076922,atl,52.750,-50.000,970.91,970.39,18.78,4.59,53.46,53.46,0.00,24411.08,7.61
1076922,pac,39.500,235.750,1001.15,1001.00,6.37,1.27,31.94,38.45,0.00,0.00,6.29
1076922,pac,38.250,160.000,1003.63,1002.92,9.70,2.26,45.42,45.42,0.00,0.00,6.35
1076928,atl,60.000,-16.250,965.89,965.22,17.15,4.45,44.45,47.88,0.00,0.00,6.19
1076928,atl,52.500,-46.750,970.95,970.69,16.88,3.49,52.52,57.30,0.00,74725.81,6.78
1076928,pac,55.500,201.750,1000.29,1000.18,5.99,1.12,34.22,41.88,0.00,0.00,7.00
1076928,pac,54.250,208.000,998.50,998.36,10.60,1.91,37.63,41.38,0.00,0.00,6.06
1076928,pac,41.250,163.000,993.11,991.33,18.69,5.15,73.07,73.07,7586.19,33339.14,8.63
1076928,pac,41.000,239.000,1000.42,999.68,5.88,0.87,35.59,49.32,0.00,0.00,10.56
1076934,atl,60.000,-15.000,969.73,969.17,13.85,3.59,44.54,44.62,0.00,0.00,5.66
1076934,atl,52.250,-43.750,968.77,968.52,16.45,3.32,53.69,56.05,0.00,184754.70,6.24
1076934,pac,56.250,208.750,993.04,992.73,13.59,2.93,43.98,45.61,0.00,0.00,8.33
1076934,pac,43.500,164.750,981.70,979.20,26.22,7.99,62.97,62.97,0.00,99459.33,16.63
1076940,atl,60.500,-12.250,973.25,972.85,11.78,3.19,47.66,47.66,0.00,0.00,5.81
1076940,atl,57.250,-27.000,974.47,973.84,6.35,1.91,37.09,40.56,0.00,0.00,3.42
1076940,atl,56.250,-38.250,972.58,972.28,8.87,2.05,38.24,50.87,0.00,3152.17,5.23
1076940,atl,52.000,-40.750,969.05,968.68,14.95,2.94,47.14,55.24,0.00,123911.66,6.08
1076940,atl,37.250,-41.250,1003.21,1002.67,6.12,1.87,43.31,43.31,0.00,0.00,3.67
1076940,pac,57.250,208.750,990.23,989.62,15.05,3.49,49.04,51.51,0.00,4351.98,7.39
1076940,pac,44.000,167.750,975.24,974.13,29.27,8.61,83.02,83.02,51115.74,237073.18,16.61
1076946,atl,64.000,-49.250,992.05,991.41,7.60,2.68,45.83,47.81,0.00,0.00,18.91
1076946,atl,58.500,-25.000,970.90,970.35,7.87,2.02,36.51,36.51,0.00,0.00,3.66
1076946,atl,52.250,-37.750,969.91,969.70,12.27,2.23,46.70,52.44,0.00,34185.03,5.15
1076946,atl,39.750,-36.000,998.34,997.47,6.22,1.74,52.86,52.86,0.00,5208.67,4.76
1076946,pac,58.000,209.000,991.04,990.51,15.09,3.77,53.22,57.93,0.00,16292.05,9.51
1076946,pac,46.250,172.250,971.78,970.92,29.29,6.94,74.91,74.91,54809.53,339045.64,12.03
1076952,atl,65.000,-49.000,992.63,992.25,5.89,2.16,44.94,48.92,0.00,0.00,20.22
1076952,atl,59.500,-23.250,967.06,966.69,9.91,2.47,43.15,43.15,0.00,0.00,4.22
1076952,atl,53.000,-35.000,971.49,971.27,10.20,1.97,40.54,51.40,0.00,5629.07,5.69
1076952,pac,57.500,209.500,993.71,992.89,14.31,3.56,47.49,58.65,0.00,8895.57,7.89
1076952,pac,48.250,175.250,967.98,967.29,30.13,6.84,68.95,68.95,25786.77,399106.22,10.76
1076958,atl,69.000,-53.250,997.03,996.66,4.10,1.09,41.04,44.54,0.00,0.00,16.87
1076958,atl,61.750,-10.500,968.88,968.23,12.46,2.79,49.55,54.78,0.00,8749.21,7.77
1076958,atl,60.750,-20.250,966.00,965.86,9.65,2.28,44.00,44.00,0.00,0.00,7.77
1076958,atl,54.000,-31.500,971.60,971.44,8.11,1.72,43.79,46.75,0.00,0.00,3.70
1076958,atl,38.250,-33.750,996.74,995.86,8.62,2.51,57.16,57.16,0.00,11052.84,5.46
1076958,pac,57.000,212.000,996.54,996.26,13.29,3.14,45.44,56.53,0.00,7820.49,8.22
1076958,pac,49.250,178.250,965.54,965.00,29.16,6.23,64.60,71.96,38340.22,415522.48,9.98
1076964,atl,64.500,-5.000,967.56,966.42,17.91,4.87,53.61,53.61,0.00,7936.56,7.53
1076964,atl,62.500,-19.250,967.32,967.01,10.95,2.29,42.36,62.35,0.00,15752.08,6.63
1076964,atl,60.250,-29.000,971.21,971.01,5.84,1.03,33.26,44.06,0.00,0.00,4.88
1076964,atl,40.500,-28.250,995.64,994.52,9.28,2.62,56.60,56.60,0.00,94559.99,6.42
1076964,pac,57.250,214.250,999.33,998.99,11.59,2.74,38.88,48.16,0.00,0.00,11.41
1076964,pac,50.250,181.500,964.44,964.04,27.43,5.51,66.42,70.39,39319.58,337428.84,8.60
1076970,atl,66.250,-3.000,965.09,964.20,20.88,5.86,51.10,51.10,0.00,5974.48,7.46
1076970,atl,64.000,-13.750,970.88,970.53,9.52,1.89,40.37,57.96,0.00,6353.11,6.86
1076970,atl,63.250,-48.000,988.43,987.66,5.26,1.59,41.13,52.64,0.00,1983.92,20.23
1076970,atl,63.000,-18.250,970.33,970.00,9.79,1.85,40.37,61.09,0.00,27133.80,6.69
1076970,atl,60.000,-30.000,973.27,973.16,6.12,0.85,33.77,48.93,0.00,0.00,5.69
1076970,atl,45.500,-22.250,993.05,992.38,8.68,2.54,62.40,62.40,0.00,78958.47,5.79
1076970,pac,57.500,216.000,1002.17,1001.84,9.72,2.43,42.21,46.19,0.00,0.00,12.68
1076970,pac,51.000,185.000,964.34,963.63,25.26,5.09,59.75,65.49,2113.03,250716.48,7.34
1076976,atl,67.250,-1.500,964.01,963.07,23.34,6.77,57.15,57.15,0.00,24263.04,8.98
1076976,atl,64.000,-14.500,976.65,976.46,6.93,1.51,36.99,63.00,0.00,30267.81,6.31
1076976,atl,63.250,-22.000,975.73,975.60,8.03,1.36,53.24,63.88,0.00,103780.92,6.15
1076976,atl,61.250,-35.750,976.54,976.34,9.60,1.93,50.20,60.81,0.00,40932.17,7.24
1076976,atl,60.000,-29.750,975.73,975.63,6.44,0.91,31.11,48.21,0.00,0.00,5.26
1076976,pac,52.250,162.250,986.18,985.85,13.44,2.77,55.86,61.52,0.00,104291.44,7.89
1076976,pac,52.000,187.750,966.20,965.55,22.63,4.49,54.28,57.16,0.00,146872.02,6.54
1076982,atl,67.750,1.750,970.15,969.18,19.44,5.44,52.70,52.70,0.00,18943.42,6.42
1076982,atl,61.500,-38.250,977.28,977.09,11.06,2.93,51.78,59.82,0.00,46498.19,8.91
1076982,atl,60.000,-29.500,977.58,977.53,6.55,0.94,36.08,45.73,0.00,0.00,4.53
1076982,atl,49.750,-44.000,996.72,996.18,6.35,1.63,47.13,51.61,0.00,6490.06,4.26
1076982,pac,53.000,164.000,984.87,984.43,13.91,2.78,50.01,52.16,0.00,34422.72,11.93
1076982,pac,52.750,190.250,969.15,968.77,20.35,4.05,49.63,57.46,0.00,83632.75,6.06
1076988,atl,68.250,3.500,976.46,975.52,16.01,4.81,48.06,48.42,0.00,0.00,6.71
1076988,atl,65.000,-12.250,984.76,984.49,6.45,1.46,35.82,50.16,0.00,305.05,4.60
1076988,atl,61.000,-40.750,978.50,977.78,13.44,3.90,53.56,56.16,0.00,25940.00,9.59
1076988,atl,61.000,-29.500,981.25,981.18,7.41,0.97,36.88,52.87,0.00,43300.30,4.89
1076988,atl,49.250,-39.750,992.27,991.67,10.10,2.47,51.62,51.62,0.00,6259.45,5.01
1076988,pac,53.750,193.250,972.45,972.27,17.15,3.33,52.05,54.91,0.00,64624.92,5.64
1076988,pac,53.000,165.750,984.39,984.03,14.65,3.07,49.24,50.59,0.00,7872.42,8.69
1076994,atl,69.000,-52.750,999.65,997.01,6.22,1.59,38.42,49.51,0.00,0.00,15.91
1076994,atl,68.250,7.000,982.18,981.37,11.26,3.37,45.05,45.05,0.00,0.00,5.27
1076994,atl,66.250,-9.500,988.74,988.57,6.97,1.60,28.30,39.71,0.00,0.00,3.72
1076994,atl,62.000,-31.250,984.82,984.66,8.81,1.38,52.67,57.12,0.00,53130.10,7.52
1076994,atl,60.750,-41.500,982.10,981.04,12.92,3.56,55.36,55.36,0.00,28625.06,13.25
1076994,atl,49.750,-34.500,985.77,985.07,14.30,3.71,48.08,53.23,0.00,26022.28,5.77
1076994,pac,54.250,196.500,975.85,975.47,14.27,2.82,50.06,52.57,0.00,33139.09,5.45
1076994,pac,53.000,167.250,984.06,983.71,14.28,3.03,48.70,50.61,0.00,1011.40,13.36
1077000,atl,67.250,-6.750,996.41,996.21,5.61,1.49,28.55,35.07,0.00,0.00,3.15
1077000,atl,63.000,-33.500,989.12,988.68,9.51,2.12,57.61,57.61,0.00,55080.16,16.74
1077000,atl,60.250,-41.750,985.45,984.51,13.08,3.40,55.13,55.13,0.00,24457.74,12.83
1077000,atl,49.750,-32.500,982.07,981.78,17.25,4.10,60.95,60.95,0.00,72801.22,8.79
1077000,pac,55.250,199.000,978.16,977.80,12.49,2.52,47.89,47.89,0.00,0.00,5.09
1077000,pac,53.250,167.750,985.76,985.35,13.40,2.72,49.37,49.59,0.00,0.00,12.04
1077006,atl,67.500,-8.000,1002.97,1002.72,5.42,1.25,26.53,33.16,0.00,0.00,3.19
1077006,atl,59.750,-41.750,986.32,985.51,14.22,3.87,52.20,52.20,0.00,32501.72,10.72
1077006,atl,52.750,-30.750,976.07,975.45,20.80,5.22,55.71,62.16,0.00,121192.60,10.39
1077006,atl,44.500,-75.000,994.90,994.43,9.17,1.76,35.90,42.35,0.00,0.00,7.61
1077006,atl,41.750,-76.500,994.61,993.79,9.74,2.30,34.04,41.49,0.00,0.00,5.25
1077006,pac,56.250,195.750,980.28,980.15,10.40,1.74,43.49,46.03,0.00,0.00,5.17
1077006,pac,56.250,201.500,979.99,979.68,12.03,2.61,46.03,46.03,0.00,0.00,8.47
1077006,pac,52.750,169.000,987.47,987.23,12.00,2.44,51.34,52.98,0.00,57715.26,5.19
1077006,pac,46.250,190.500,1002.30,1001.73,4.62,1.49,50.45,50.45,0.00,1076.04,4.06
1077012,atl,59.750,-41.750,988.80,988.08,13.30,3.92,50.84,53.62,0.00,13291.81,9.10
1077012,atl,52.250,-28.500,972.75,972.49,22.17,4.56,67.41,67.41,9233.18,320264.92,11.15
1077012,atl,44.750,-72.000,992.67,992.06,10.59,2.20,42.97,45.36,0.00,0.00,6.55
1077012,pac,57.750,203.000,981.92,981.64,10.95,2.20,40.50,40.59,0.00,0.00,9.73
1077012,pac,56.750,196.500,981.05,980.74,10.74,2.10,42.97,49.45,0.00,0.00,5.42
1077012,pac,52.000,171.000,990.39,990.24,9.88,2.04,50.95,51.14,0.00,24534.90,4.78
1077018,atl,59.750,-42.000,992.48,991.91,7.32,2.62,45.99,59.16,0.00,8619.28,11.05
1077018,atl,54.250,-29.250,968.81,968.52,23.30,4.97,70.28,70.28,46937.26,402296.26,11.83
1077018,atl,46.000,-67.500,988.87,987.78,14.28,3.82,47.84,51.24,0.00,6104.65,9.75
1077018,pac,59.000,203.000,983.97,983.78,9.41,1.69,36.87,40.71,0.00,0.00,9.28
1077018,pac,56.500,196.000,982.38,982.04,10.86,2.48,48.59,48.59,0.00,0.00,4.74
1077018,pac,51.250,174.750,991.80,991.66,7.77,1.66,48.82,48.82,0.00,0.00,4.17
1077018,pac,47.500,198.250,1000.24,999.73,5.74,1.80,49.16,49.16,0.00,0.00,4.49
1077024,atl,65.750,-52.750,997.88,997.29,11.74,3.19,47.54,49.38,0.00,0.00,10.47
1077024,atl,56.000,-30.750,965.90,965.60,24.32,5.38,68.85,68.85,17271.75,368464.41,10.14
1077024,atl,50.250,-75.000,1004.18,1003.51,10.68,2.72,32.48,43.15,0.00,0.00,6.30
1077024,atl,47.750,-72.250,1003.92,1003.49,5.07,1.29,26.14,32.48,0.00,0.00,6.30
1077024,atl,47.250,-60.250,988.89,988.03,18.07,4.54,52.82,53.12,0.00,31728.58,8.97
1077024,pac,64.000,209.750,989.09,988.18,8.44,2.09,34.58,34.60,0.00,0.00,12.15
1077024,pac,59.750,203.000,986.52,986.18,8.56,1.72,34.63,43.20,0.00,0.00,9.94
1077024,pac,56.500,196.500,984.46,983.97,10.60,2.75,42.45,43.29,0.00,0.00,4.77
1077024,pac,54.000,182.250,991.52,991.31,6.06,1.20,39.50,40.48,0.00,0.00,2.94
1077024,pac,48.500,200.500,995.04,994.41,9.30,2.76,52.64,53.37,0.00,25047.10,5.94
1077030,atl,68.500,-78.500,1003.98,1003.77,7.30,1.74,32.76,40.00,0.00,0.00,5.78
1077030,atl,68.500,-55.000,1000.99,1000.61,10.62,2.96,37.64,48.30,0.00,0.00,13.28
1077030,atl,57.000,-31.250,963.95,963.67,22.92,4.99,62.12,62.12,0.00,307507.85,8.40
1077030,atl,47.250,-51.750,990.06,989.35,15.17,3.75,56.76,56.76,0.00,91734.21,8.43
1077030,pac,64.000,209.750,991.46,990.48,8.04,1.85,37.98,37.98,0.00,0.00,11.22
1077030,pac,61.500,204.500,990.40,990.00,7.41,1.70,33.95,39.46,0.00,0.00,11.22
1077030,pac,56.750,197.750,986.28,985.75,10.25,2.72,41.48,42.55,0.00,0.00,5.19
1077030,pac,53.750,183.000,992.92,992.79,6.20,1.17,39.68,39.68,0.00,0.00,3.02
1077030,pac,50.750,204.000,992.15,991.42,10.86,3.31,57.11,61.21,0.00,25477.08,6.42
1077036,atl,68.250,-76.500,1004.07,1003.76,8.00,1.94,26.39,35.21,0.00,0.00,5.53
1077036,atl,58.250,-34.750,961.77,961.56,23.44,4.45,62.73,62.73,0.00,266119.36,8.65
1077036,atl,47.500,-40.250,987.80,986.69,13.68,3.86,60.11,60.11,0.00,169633.74,8.76
1077036,pac,64.000,236.750,1003.87,1003.33,4.71,1.22,25.19,29.31,0.00,0.00,12.58
1077036,pac,57.250,198.500,987.70,987.08,10.24,2.77,43.29,43.29,0.00,0.00,4.08
1077036,pac,54.500,164.750,1004.90,1004.60,5.81,1.50,33.30,33.30,0.00,0.00,9.26
1077036,pac,54.000,207.000,991.27,990.65,10.52,2.58,52.16,54.83,0.00,28890.15,6.20
1077036,pac,51.000,187.250,994.47,994.38,4.89,0.72,31.61,41.25,0.00,0.00,3.21
1077042,atl,58.250,-36.250,959.40,959.18,23.62,4.59,63.33,63.44,0.00,230250.60,9.40
1077042,atl,47.500,-32.250,982.54,981.22,15.89,4.59,72.42,72.42,6941.96,156585.50,8.50
1077042,atl,41.750,-69.250,1004.51,1004.08,7.02,1.44,32.39,34.89,0.00,0.00,4.29
1077042,pac,57.750,199.000,988.47,987.81,10.97,3.12,46.43,46.43,0.00,0.00,4.88
1077042,pac,57.000,208.750,987.80,987.39,14.70,3.75,50.24,54.20,0.00,4886.91,11.16
1077042,pac,45.500,195.500,995.74,995.54,10.11,2.66,51.38,53.00,0.00,38310.05,6.07
1077048,atl,58.000,-36.500,960.53,960.22,22.85,4.76,63.36,65.47,2419.03,174084.66,8.40
1077048,atl,48.000,-26.250,980.51,979.53,16.98,4.78,65.52,65.52,2681.58,106311.62,8.63
1077048,atl,43.500,-67.750,1002.16,1001.87,9.81,2.46,43.02,43.02,0.00,0.00,6.20
1077048,pac,59.500,209.500,987.57,986.26,15.37,4.50,60.10,60.10,0.00,19288.76,11.22
1077048,pac,58.000,199.000,991.34,990.50,10.85,3.17,45.41,45.41,0.00,0.00,4.94
1077048,pac,47.750,198.250,983.51,981.76,20.08,6.31,54.31,54.31,0.00,28865.69,11.43
1077054,atl,57.500,-35.500,964.21,963.88,20.83,4.66,49.06,60.80,0.00,91821.60,7.27
1077054,atl,49.250,-21.250,979.47,978.60,16.18,4.45,61.85,61.85,0.00,81499.39,7.43
1077054,atl,45.250,-65.250,998.14,997.60,13.30,3.09,46.33,46.33,0.00,0.00,6.27
1077054,pac,64.250,213.000,995.07,993.92,14.00,2.80,64.09,64.52,728.56,17709.57,18.89
1077054,pac,58.250,199.250,998.11,997.51,9.75,3.04,42.63,42.63,0.00,0.00,5.06
1077054,pac,48.500,199.000,979.69,977.45,25.19,7.73,57.27,57.27,0.00,28899.97,12.68
1077060,atl,65.750,-49.750,992.43,991.87,9.93,3.13,43.75,43.75,0.00,0.00,11.72
1077060,atl,60.750,-46.750,993.63,992.92,4.52,1.66,41.90,43.02,0.00,0.00,9.83
1077060,atl,57.250,-24.250,978.07,977.73,9.20,2.46,52.27,52.27,0.00,4222.49,5.57
1077060,atl,56.500,-34.500,971.86,971.45,16.83,3.96,55.66,58.99,0.00,139470.11,6.52
1077060,atl,51.000,-17.250,977.23,976.32,16.76,4.86,68.99,68.99,6340.41,127603.55,10.38
1077060,atl,47.500,-63.250,993.01,991.57,19.39,5.23,47.16,48.27,0.00,0.00,8.54
1077060,pac,66.000,217.750,1001.31,1000.88,12.26,3.07,40.93,52.26,0.00,1040.45,15.04
1077060,pac,48.750,200.000,982.26,980.73,24.08,7.10,62.65,62.65,0.00,74940.35,9.63
1077066,atl,58.000,-28.000,973.31,972.42,14.52,4.08,47.01,47.01,0.00,0.00,7.55
1077066,atl,54.250,-28.500,975.58,975.04,12.71,2.57,62.08,63.80,0.00,207925.80,7.55
1077066,atl,53.750,-14.750,972.39,971.42,18.03,5.50,66.44,66.44,2301.00,95136.03,10.85
1077066,atl,48.250,-60.750,991.18,990.27,19.52,5.77,60.60,60.60,0.00,34482.98,11.20
1077066,pac,48.000,201.000,986.09,985.02,20.94,5.99,63.87,63.87,0.00,125592.28,9.01
1077072,atl,56.250,-29.250,970.67,969.13,19.10,6.15,66.93,66.93,3036.06,62560.32,10.26
1077072,atl,56.250,-15.750,967.27,966.19,19.36,5.94,56.48,56.48,0.00,25515.24,9.54
1077072,atl,54.000,-24.250,976.80,976.39,8.79,1.96,54.55,66.93,3036.06,126168.75,10.26
1077072,atl,49.250,-54.750,996.29,995.89,12.60,2.75,53.43,54.74,0.00,16347.53,6.39
1077072,pac,52.750,161.000,976.36,976.12,17.49,4.19,48.77,48.77,0.00,0.00,11.02
1077072,pac,47.000,202.750,987.56,986.67,18.21,5.15,56.74,56.74,0.00,119336.61,7.06
1077072,pac,40.750,164.750,993.49,992.96,9.06,2.36,51.67,53.08,0.00,20018.45,5.34
1077078,atl,65.250,-48.000,1000.48,1000.03,4.42,1.88,30.48,31.21,0.00,0.00,6.54
1077078,atl,57.500,-17.250,963.22,961.68,21.24,6.35,51.73,51.73,0.00,4626.83,11.73
1077078,atl,54.500,-26.750,974.39,973.43,13.36,4.48,62.24,62.24,0.00,161512.97,8.81
1077078,atl,50.250,-48.250,995.31,994.86,9.29,2.03,41.30,50.87,0.00,1063.88,4.56
1077078,pac,55.000,163.500,975.64,975.35,15.86,3.42,49.40,50.85,0.00,395.11,11.12
1077078,pac,46.000,204.000,989.18,988.47,16.58,4.61,49.30,51.81,0.00,9979.53,5.90
1077078,pac,44.750,169.250,991.73,990.88,10.29,2.83,63.91,63.91,0.00,84052.79,5.45
1077084,atl,66.500,-47.500,1001.74,1001.50,4.06,1.73,28.37,33.57,0.00,0.00,9.11
1077084,atl,58.250,-19.000,960.98,959.57,23.49,6.96,65.58,65.58,2413.97,42227.62,13.62
1077084,atl,50.750,-42.750,991.23,990.41,10.72,2.68,48.96,48.96,0.00,0.00,4.42
1077084,pac,57.750,164.000,975.56,975.33,17.01,3.62,45.82,53.24,0.00,2268.47,9.40
1077084,pac,49.500,172.500,992.72,992.19,7.99,2.13,55.78,68.33,4347.53,93487.03,7.14
1077084,pac,45.750,204.500,992.17,991.71,14.17,3.76,42.60,52.75,0.00,23469.64,4.47
1077084,pac,45.000,172.500,989.71,988.54,14.25,3.66,68.64,68.64,9823.72,195392.83,7.14
1077090,atl,59.000,-22.000,961.42,960.01,22.03,6.10,58.07,58.07,0.00,32580.38,9.62
1077090,atl,58.500,-6.750,984.52,984.27,5.54,1.15,47.88,54.97,0.00,21926.25,5.90
1077090,atl,50.750,-37.500,988.48,987.71,8.50,2.01,51.75,54.22,0.00,49342.89,6.70
1077090,pac,58.750,165.500,976.60,976.43,15.02,3.41,42.67,43.65,0.00,0.00,14.86
1077090,pac,48.250,175.500,992.18,991.96,12.49,3.13,65.62,65.62,3018.90,166934.15,6.66
1077090,pac,45.250,204.500,993.70,993.33,13.55,3.38,40.40,53.29,0.00,31689.40,4.50
1077096,atl,58.750,-23.250,958.87,957.73,21.35,5.74,47.47,47.47,0.00,0.00,6.52
1077096,atl,42.500,5.750,1004.90,1004.46,4.17,1.50,29.70,38.15,0.00,0.00,8.23
1077096,pac,59.500,166.500,980.84,980.57,12.47,2.90,39.03,40.45,0.00,0.00,14.01
1077096,pac,50.250,178.250,996.55,996.31,10.66,2.68,59.58,59.58,0.00,77735.56,6.68
1077096,pac,45.000,203.000,995.30,995.01,12.55,2.91,45.69,48.08,0.00,0.00,4.96
1077096,pac,43.000,179.500,1002.70,1001.87,8.73,2.39,57.40,57.40,0.00,11937.09,5.55
1077102,atl,58.750,-23.500,956.55,955.70,20.75,5.45,43.12,46.53,0.00,0.00,5.86
1077102,atl,48.500,-18.000,982.90,982.28,6.45,1.75,58.00,58.00,0.00,97775.74,5.51
1077102,pac,61.750,167.500,985.96,985.68,11.65,2.33,39.99,42.68,0.00,0.00,12.40
1077102,pac,45.250,182.000,1002.71,1002.08,9.34,2.80,42.40,42.40,0.00,0.00,4.27
1077102,pac,41.750,203.500,996.41,996.18,10.48,1.97,45.29,47.72,0.00,0.00,4.45
1077108,atl,58.750,-23.000,958.04,957.33,19.75,4.90,41.01,44.41,0.00,0.00,5.32
1077108,atl,48.750,-8.250,980.23,979.48,11.16,3.01,57.50,57.50,0.00,100904.27,5.30
1077108,pac,65.000,173.000,993.51,993.23,9.70,2.05,35.33,48.21,0.00,0.00,11.10
1077108,pac,63.000,169.500,993.42,992.95,8.67,1.71,24.13,38.61,0.00,0.00,8.68
1077108,pac,46.250,184.000,1003.76,1003.37,7.38,2.13,42.25,42.25,0.00,0.00,3.73
1077108,pac,41.750,205.000,996.74,996.61,9.67,1.82,37.17,44.25,0.00,0.00,4.04
1077108,pac,41.000,185.750,1001.03,999.48,10.35,2.93,37.20,40.97,0.00,0.00,5.14
1077114,atl,66.250,-45.000,984.70,984.26,9.38,3.04,24.66,48.32,0.00,0.00,17.39
1077114,atl,59.250,-22.250,959.28,958.73,18.48,4.58,43.48,48.81,0.00,0.00,7.53
1077114,atl,49.750,-4.000,974.68,973.31,16.58,4.69,56.56,56.56,0.00,48728.78,9.01
1077114,atl,42.750,-70.250,1002.71,1002.11,11.82,3.07,45.06,53.83,0.00,5827.71,7.02
1077114,pac,65.000,173.500,999.80,999.65,6.04,1.51,24.23,37.74,0.00,0.00,9.95
1077114,pac,42.500,205.500,997.34,997.16,9.58,1.97,37.78,44.69,0.00,0.00,3.34
1077114,pac,41.250,160.500,984.60,983.25,21.68,6.52,68.70,68.70,12953.72,236250.10,9.64
1077114,pac,40.750,188.000,998.19,997.01,11.33,3.33,40.55,40.55,0.00,0.00,6.17
1077120,atl,60.250,-21.750,962.61,962.04,17.14,4.28,45.81,45.89,0.00,0.00,6.84
1077120,atl,51.000,-0.250,974.73,974.00,17.74,4.70,55.54,55.54,0.00,19416.56,8.06
1077120,atl,44.500,-67.250,998.16,997.01,13.75,3.59,48.40,48.94,0.00,0.00,8.36
1077120,pac,60.500,172.750,1003.88,1003.60,5.89,2.12,34.18,34.18,0.00,0.00,6.97
1077120,pac,43.000,205.750,999.43,999.26,8.22,1.81,35.01,38.70,0.00,0.00,3.51
1077120,pac,42.500,163.500,983.41,982.33,22.32,6.33,58.06,58.06,0.00,172567.91,8.82
1077120,pac,40.000,189.250,997.42,996.39,11.32,3.27,42.63,42.63,0.00,0.00,5.71
1077126,atl,61.750,-23.250,963.95,963.50,17.16,4.32,50.59,51.07,0.00,1031.40,8.83
1077126,atl,52.000,2.000,975.31,974.41,18.74,4.64,55.85,57.16,0.00,72481.37,6.97
1077126,atl,46.750,-64.000,992.21,991.44,15.73,4.07,46.24,50.78,0.00,1583.54,7.17
1077126,pac,60.500,181.000,1003.12,1003.01,7.91,1.43,28.18,35.30,0.00,0.00,6.20
1077126,pac,43.750,165.750,981.15,979.94,22.82,6.34,61.11,61.11,0.00,189562.37,8.31
1077126,pac,43.750,206.000,1003.22,1003.12,6.19,1.25,35.43,36.62,0.00,0.00,2.99
1077126,pac,38.500,191.250,1001.24,1000.73,8.62,2.37,45.38,45.38,0.00,0.00,3.95
1077132,atl,62.500,-26.750,966.07,965.68,17.62,4.26,44.32,50.27,0.00,320.46,6.48
1077132,atl,53.250,2.000,976.64,975.65,18.69,4.78,60.50,60.50,0.00,142181.06,6.14
1077132,atl,48.250,-61.750,988.65,987.35,15.46,4.04,47.23,47.23,0.00,0.00,10.79
1077132,pac,62.000,180.000,1001.26,1000.89,9.99,2.20,31.49,35.75,0.00,0.00,6.14
1077132,pac,44.250,166.500,979.90,978.70,23.50,6.50,62.71,62.71,0.00,227419.59,8.81
1077132,pac,44.000,211.750,1004.88,1004.74,5.80,0.92,32.38,41.47,0.00,0.00,2.85
1077132,pac,38.000,196.500,1002.70,1002.31,8.00,1.91,37.58,40.72,0.00,0.00,3.97
1077138,atl,63.250,-29.500,968.38,968.04,18.18,4.68,52.56,54.55,0.00,20189.81,8.91
1077138,atl,53.750,1.250,978.76,978.12,18.03,4.68,58.73,59.07,0.00,153577.19,6.56
1077138,atl,49.750,-59.250,984.68,983.56,14.64,4.23,45.24,45.24,0.00,0.00,6.42
1077138,atl,49.500,-54.500,988.35,988.04,12.03,2.43,44.22,49.83,0.00,0.00,6.42
1077138,pac,64.000,181.000,1001.15,1000.92,10.97,2.51,36.68,39.22,0.00,0.00,8.62
1077138,pac,44.250,167.500,978.61,977.49,23.75,6.54,58.20,58.55,0.00,230774.51,11.55
1077138,pac,38.000,199.750,1004.60,1004.27,6.95,1.56,38.23,40.83,0.00,0.00,4.11
1077144,atl,63.250,-32.250,972.58,972.18,17.71,4.61,56.07,56.07,0.00,14930.83,10.94
1077144,atl,62.250,-46.000,984.49,982.77,8.12,2.15,41.82,49.26,0.00,0.00,17.32
1077144,atl,60.750,-79.000,1003.20,1003.12,4.01,0.82,30.63,30.63,0.00,0.00,2.93
1077144,atl,60.750,-40.750,981.40,980.67,8.52,2.52,49.30,52.37,0.00,2658.43,14.50
1077144,atl,54.250,0.500,981.55,980.87,18.14,4.87,59.60,59.70,0.00,141034.93,7.11
1077144,atl,51.250,-52.500,985.25,984.72,11.00,2.53,37.28,46.29,0.00,0.00,7.55
1077144,atl,50.750,-58.250,984.03,982.05,12.79,3.69,46.29,46.29,0.00,0.00,7.55
1077144,atl,43.750,8.500,998.71,998.09,5.15,1.74,35.89,37.26,0.00,0.00,8.21
1077144,atl,41.750,-56.000,1000.52,999.11,6.27,2.02,59.38,59.38,0.00,46984.32,6.17
1077144,pac,44.000,169.250,980.78,979.60,21.79,5.79,64.08,64.08,1153.06,211554.64,8.21
1077144,pac,40.000,206.500,1004.76,1004.05,6.81,2.08,44.70,44.70,0.00,0.00,4.00
1077150,atl,63.250,-35.000,975.62,975.05,16.55,4.44,52.63,52.63,0.00,2896.38,12.79
1077150,atl,62.750,-48.750,984.84,983.77,7.79,1.99,42.85,46.82,0.00,0.00,17.88
1077150,atl,62.250,-72.000,999.10,998.81,4.25,1.43,22.35,32.64,0.00,0.00,3.23
1077150,atl,60.250,-78.500,999.43,999.20,4.23,1.00,32.64,32.64,0.00,0.00,3.16
1077150,atl,55.000,-0.750,986.96,986.36,15.45,4.09,57.87,57.87,0.00,130500.82,6.72
1077150,atl,52.500,-51.500,979.46,978.72,12.39,3.10,41.99,42.66,0.00,0.00,5.56
1077150,pac,44.250,172.250,982.52,981.32,18.94,4.83,60.43,61.71,0.00,159416.35,5.88
1077150,pac,42.250,210.000,1003.40,1002.34,8.56,2.65,47.70,47.70,0.00,0.00,4.95
1077156,atl,62.750,-72.250,997.30,996.83,5.46,1.71,26.20,32.27,0.00,0.00,3.38
1077156,atl,62.750,-38.750,977.84,977.26,12.21,3.58,52.28,52.28,0.00,3638.09,11.47
1077156,atl,61.750,-46.750,981.12,979.78,7.29,1.33,46.32,50.87,0.00,2347.04,11.99
1077156,atl,60.750,-78.000,998.11,997.87,4.03,0.84,27.65,32.27,0.00,0.00,3.33
1077156,atl,55.750,-2.250,992.95,992.22,13.38,3.59,53.86,53.86,0.00,38122.15,5.82
1077156,atl,54.250,-46.250,974.94,974.15,12.72,3.12,49.95,54.59,0.00,45017.14,6.54
1077156,pac,49.500,204.000,1003.78,1003.52,6.67,1.63,30.20,30.20,0.00,0.00,3.21
1077156,pac,45.000,173.500,983.39,982.17,17.32,4.40,51.33,58.93,0.00,85282.86,6.62
1077156,pac,44.750,212.000,999.24,998.06,11.18,3.38,48.73,48.73,0.00,0.00,6.84
1077162,atl,63.500,-72.000,996.89,996.58,5.31,1.60,24.51,31.74,0.00,0.00,7.57
1077162,atl,62.750,-79.000,997.94,997.59,4.96,1.19,33.44,33.44,0.00,0.00,4.05
1077162,atl,61.750,-41.250,975.92,975.32,7.19,2.08,50.24,50.58,0.00,1052.25,8.67
1077162,atl,61.250,-44.750,975.89,974.71,6.89,1.47,50.24,50.58,0.00,1052.25,8.67
1077162,atl,57.000,-40.000,968.62,967.82,13.43,3.45,48.06,54.66,0.00,17199.17,5.76
1077162,atl,56.750,-4.250,998.97,998.56,11.08,3.08,49.26,49.26,0.00,0.00,5.06
1077162,atl,43.750,8.500,1001.44,1001.08,5.67,2.16,33.63,33.63,0.00,0.00,18.62
1077162,pac,47.250,213.000,993.36,991.25,16.37,5.06,54.09,54.09,0.00,2649.89,11.47
1077162,pac,45.250,174.750,981.83,980.97,17.47,4.65,54.80,55.48,0.00,103869.64,7.02
1077168,atl,58.500,-38.000,964.89,964.36,17.59,4.60,51.99,51.99,0.00,16142.58,8.70
1077168,atl,58.000,-6.500,1004.43,1004.13,7.20,2.40,46.56,46.56,0.00,0.00,4.17
1077168,atl,43.250,7.750,1002.00,1001.61,6.55,2.08,36.46,39.18,0.00,0.00,12.90
1077168,pac,49.500,214.000,990.50,989.43,18.51,5.47,54.64,54.64,0.00,11161.04,10.23
1077168,pac,45.750,177.000,981.68,980.73,17.00,4.46,56.29,56.49,0.00,122072.70,6.12
1077174,atl,61.500,-48.250,981.84,981.34,6.67,1.71,46.17,47.72,0.00,0.00,8.76
1077174,atl,60.250,-25.750,972.79,971.93,12.76,2.88,58.49,62.34,0.00,118050.70,8.46
1077174,atl,58.750,-35.750,969.00,968.40,15.11,3.27,62.04,62.04,0.00,160861.35,7.17
1077174,atl,42.750,7.750,1002.00,1001.64,6.96,1.85,41.75,42.47,0.00,0.00,11.32
1077174,pac,51.750,214.750,990.70,989.79,18.01,4.86,46.72,46.72,0.00,0.00,6.79
1077174,pac,46.250,180.000,983.00,982.37,14.55,3.56,53.83,56.06,0.00,67675.62,5.76
1077180,atl,69.000,-53.750,989.47,989.28,10.50,2.72,40.58,42.47,0.00,0.00,10.91
1077180,atl,63.750,-50.500,986.83,986.35,6.92,2.33,42.47,46.88,0.00,0.00,8.41
1077180,atl,61.750,-29.750,969.14,968.36,15.87,3.43,53.58,57.19,0.00,93614.40,7.15
1077180,pac,54.000,215.000,989.72,989.03,18.15,4.43,43.14,43.17,0.00,0.00,5.78
1077180,pac,47.000,183.250,983.76,983.17,12.57,3.21,47.82,50.04,0.00,565.17,4.95
1077186,atl,61.250,-35.500,965.30,964.50,19.20,4.49,54.24,55.67,0.00,155135.30,8.65
1077186,atl,60.500,-28.250,970.49,970.21,11.81,1.73,54.14,54.80,0.00,133779.58,7.48
1077186,pac,56.000,214.500,989.53,988.99,17.81,4.06,42.78,52.24,0.00,6477.38,5.93
1077186,pac,48.000,186.000,983.58,983.12,11.55,2.96,45.23,45.23,0.00,0.00,4.52
1077192,atl,69.000,-53.000,995.02,994.79,7.99,2.60,39.47,43.35,0.00,0.00,10.28
1077192,atl,63.000,-31.500,966.76,966.00,17.12,4.03,57.63,58.96,0.00,47476.91,12.28
1077192,atl,59.500,-36.750,964.92,964.17,20.18,5.20,62.47,62.47,0.00,234054.22,9.01
1077192,atl,53.750,-80.000,1001.91,1001.59,6.01,1.38,30.98,38.77,0.00,0.00,6.16
1077192,pac,57.500,213.250,989.60,989.06,16.07,4.13,52.22,52.22,0.00,10171.13,14.88
1077192,pac,49.000,188.750,983.75,983.32,10.36,2.69,44.47,44.47,0.00,0.00,4.29
1077198,atl,68.500,-52.750,996.30,995.18,5.92,1.62,43.72,46.20,0.00,0.00,11.66
1077198,atl,62.000,-35.250,964.11,963.11,18.46,4.22,61.38,61.38,0.00,50857.59,12.21
1077198,atl,59.500,-31.750,966.00,965.75,16.66,3.14,62.50,65.79,9958.44,213604.95,8.22
1077198,atl,53.750,-79.250,1001.45,1001.19,6.52,1.36,32.99,36.45,0.00,0.00,5.57
1077198,pac,58.250,212.000,990.64,990.22,13.31,3.76,52.67,54.45,0.00,3091.08,16.83
1077198,pac,50.000,191.750,983.70,983.35,9.59,2.50,41.85,41.85,0.00,0.00,4.20
1077204,atl,61.250,-46.750,983.74,982.83,7.65,2.21,44.64,52.34,0.00,1170.81,11.01
1077204,atl,60.750,-35.000,965.20,964.30,18.20,4.12,54.97,54.97,0.00,24295.52,9.02
1077204,pac,58.750,211.000,993.00,992.69,8.87,2.66,38.01,42.74,0.00,0.00,13.33
1077204,pac,51.500,194.250,983.11,982.85,9.16,2.17,40.94,40.94,0.00,0.00,4.04
1077210,atl,60.250,-32.000,967.54,967.06,17.50,3.69,53.40,54.45,0.00,58467.92,5.96
1077210,atl,51.750,-73.250,1002.62,1002.51,5.14,1.20,26.70,32.78,0.00,0.00,5.10
1077210,atl,51.750,-18.750,990.01,988.86,10.28,3.35,46.22,49.24,0.00,0.00,7.28
1077210,atl,51.750,5.500,1003.58,1003.11,6.00,1.73,32.12,37.98,0.00,0.00,4.10
1077210,atl,48.250,-64.250,996.49,995.60,10.67,3.08,40.46,41.18,0.00,0.00,5.96
1077210,pac,59.250,210.500,994.17,993.84,5.46,1.72,35.56,35.56,0.00,0.00,12.61
1077210,pac,52.750,196.500,982.83,982.64,8.81,1.97,37.05,37.05,0.00,0.00,3.87
1077216,atl,62.000,-46.500,989.36,988.83,5.53,1.44,44.55,46.34,0.00,0.00,10.95
1077216,atl,60.750,-31.250,971.67,971.33,16.29,3.34,53.01,53.18,0.00,54072.04,5.69
1077216,atl,53.500,-14.500,980.89,979.63,15.57,4.76,57.62,57.62,0.00,49424.35,7.95
1077216,atl,51.250,9.500,1003.24,1002.82,4.95,1.68,31.16,34.57,0.00,0.00,4.44
1077216,atl,48.750,-63.000,989.14,987.62,15.35,4.50,50.55,50.55,0.00,1036.55,9.84
1077216,atl,46.750,-55.750,995.55,995.00,8.60,1.86,43.71,48.98,0.00,0.00,6.63
1077216,pac,65.500,229.500,1002.69,1001.26,5.21,1.50,23.92,23.92,0.00,0.00,12.41
1077216,pac,64.250,212.750,996.35,994.51,5.01,2.00,36.24,36.24,0.00,0.00,14.99
1077216,pac,64.250,233.500,1002.60,1001.26,7.28,2.42,23.92,23.92,0.00,0.00,12.62
1077216,pac,56.500,209.500,991.78,991.40,5.16,1.34,26.88,32.50,0.00,0.00,6.37
1077216,pac,53.750,198.250,982.64,982.41,8.81,2.04,32.31,32.44,0.00,0.00,3.38
1077222,atl,68.500,-53.750,995.94,995.77,7.84,1.59,41.34,42.16,0.00,0.00,13.26
1077222,atl,63.250,-48.000,991.36,990.79,5.79,1.70,37.78,42.16,0.00,0.00,9.33
1077222,atl,61.000,-30.500,974.66,974.38,16.21,3.54,51.45,51.45,0.00,18742.21,5.34
1077222,atl,55.250,-12.750,975.02,974.14,18.71,5.38,60.06,60.06,0.00,58298.40,7.10
1077222,atl,49.750,-55.500,984.13,983.95,14.07,2.38,51.06,61.16,0.00,89661.23,7.93
1077222,atl,48.750,-60.250,984.69,984.13,16.27,3.93,61.16,61.16,0.00,140839.14,7.93
1077222,pac,63.250,234.750,1000.81,1000.27,7.48,2.11,26.08,26.08,0.00,0.00,15.04
1077222,pac,57.750,209.750,989.60,989.24,5.52,1.66,29.16,45.42,0.00,0.00,6.75
1077222,pac,54.500,199.250,983.31,983.04,8.45,1.93,29.08,29.08,0.00,0.00,3.13
1077228,atl,61.750,2.250,1001.81,1001.55,4.88,1.82,39.45,39.45,0.00,0.00,7.42
1077228,atl,61.250,-29.750,978.91,978.70,14.76,3.30,45.07,45.07,0.00,0.00,4.71
1077228,atl,55.250,-12.500,976.10,975.17,18.84,5.36,58.75,58.75,0.00,117801.64,8.80
1077228,atl,51.000,-52.750,975.36,974.59,19.78,4.56,51.65,62.94,0.00,78132.86,7.22
1077228,pac,63.000,235.000,1000.41,999.79,4.89,1.44,26.31,29.47,0.00,0.00,11.46
1077228,pac,62.750,194.250,991.65,991.57,6.17,0.95,32.08,43.56,0.00,0.00,6.81
1077228,pac,58.500,209.250,987.40,987.11,5.41,1.70,32.06,36.00,0.00,0.00,6.24
1077228,pac,55.750,220.000,992.97,992.88,8.56,1.91,45.86,46.95,0.00,0.00,13.46
1077228,pac,55.000,200.500,984.30,984.00,8.00,1.85,31.26,31.26,0.00,0.00,3.00
1077234,atl,62.000,-31.000,980.80,980.54,13.76,2.94,42.61,42.61,0.00,0.00,4.63
1077234,atl,54.500,-11.000,979.86,979.11,15.12,4.21,61.08,61.08,0.00,131984.36,6.65
1077234,atl,53.500,-5.000,983.94,983.51,8.43,1.58,37.51,59.78,0.00,34521.13,6.65
1077234,atl,52.500,-47.250,970.34,969.58,18.55,3.63,60.25,64.83,3064.71,230631.28,11.18
1077234,atl,52.000,-0.250,982.69,981.98,11.57,3.14,44.34,44.34,0.00,0.00,5.91
1077234,atl,42.500,5.750,1001.23,1001.06,4.67,1.22,41.80,45.66,0.00,0.00,10.76
1077234,pac,63.500,195.500,990.57,990.48,6.81,1.01,38.22,47.73,0.00,0.00,8.12
1077234,pac,58.750,208.500,986.09,985.64,4.57,1.41,28.69,28.69,0.00,0.00,5.92
1077234,pac,58.250,221.000,987.77,987.26,10.15,2.72,49.20,49.20,0.00,0.00,15.55
1077234,pac,55.000,202.250,985.25,985.01,7.68,1.81,30.37,30.58,0.00,0.00,3.34
1077240,atl,62.250,-33.250,982.52,982.31,11.64,2.50,43.36,43.87,0.00,0.00,5.86
1077240,atl,53.500,-9.750,983.09,982.40,11.87,3.36,55.61,55.61,0.00,49098.74,6.61
1077240,atl,53.500,-5.250,985.15,984.84,7.80,0.92,46.93,55.61,0.00,48633.67,6.61
1077240,atl,53.000,0.500,981.11,980.42,12.77,3.45,43.06,45.31,0.00,0.00,5.45
1077240,atl,52.750,-45.000,964.57,963.64,22.69,5.29,59.70,72.96,33100.92,197919.29,9.85
1077240,atl,42.750,8.250,992.79,991.90,11.29,3.36,54.90,56.03,0.00,25592.28,11.11
1077240,pac,64.000,195.000,989.51,989.44,9.14,1.62,53.13,53.13,0.00,5333.88,7.89
1077240,pac,60.750,219.250,987.79,987.27,4.86,1.30,35.60,35.60,0.00,0.00,10.85
1077240,pac,58.750,208.500,986.17,985.78,4.30,1.06,21.13,22.65,0.00,0.00,5.21
1077240,pac,36.500,188.500,1002.44,1001.91,13.52,3.33,62.53,62.53,0.00,46735.24,8.92
1077246,atl,66.750,-49.500,993.68,993.10,7.50,2.24,39.64,39.64,0.00,0.00,9.26
1077246,atl,58.500,-6.000,989.93,989.77,5.30,1.43,42.09,42.13,0.00,0.00,4.30
1077246,atl,55.750,-37.750,968.97,968.41,11.87,2.57,46.40,57.22,0.00,10465.89,7.28
1077246,atl,53.250,0.000,981.32,980.58,12.16,2.93,36.52,51.98,0.00,6019.67,4.79
1077246,atl,52.250,-5.250,985.64,985.46,7.91,1.65,52.61,52.61,0.00,21422.40,5.30
1077246,atl,51.750,-39.000,967.52,967.28,17.53,2.91,80.65,85.76,160404.78,299033.54,10.38
1077246,pac,65.250,200.250,989.79,989.63,6.52,0.66,18.29,58.20,0.00,12038.75,8.88
1077246,pac,63.750,195.250,989.48,989.36,10.13,2.02,54.28,58.20,0.00,16879.13,9.45
1077246,pac,62.500,223.750,987.95,987.55,5.73,1.43,29.44,33.86,0.00,0.00,10.11
1077246,pac,58.750,209.500,987.86,987.56,4.81,1.00,17.67,23.24,0.00,0.00,5.59
1077246,pac,38.000,192.000,993.75,992.52,20.59,5.56,84.36,84.36,31963.24,266108.60,14.35
1077252,atl,68.750,-50.250,997.69,997.05,8.43,2.47,38.97,43.77,0.00,0.00,12.25
1077252,atl,59.000,-7.250,987.50,987.28,7.01,2.25,40.40,40.40,0.00,0.00,4.69
1077252,atl,58.750,-74.000,999.39,999.15,4.81,0.99,24.68,42.47,0.00,0.00,4.44
1077252,atl,57.000,-79.750,997.56,997.30,8.63,2.21,51.19,51.19,0.00,4332.44,6.18
1077252,atl,55.500,-26.000,974.71,974.36,7.63,2.04,43.42,44.48,0.00,0.00,5.55
1077252,atl,55.250,-38.500,970.51,970.22,13.31,3.06,55.60,60.35,0.00,64431.32,6.95
1077252,atl,53.500,0.750,984.42,984.15,10.02,2.18,34.26,51.01,0.00,501.87,4.90
1077252,atl,51.750,-33.000,967.98,967.68,15.84,3.85,68.77,76.28,127830.31,296990.77,7.44
1077252,pac,64.500,227.000,988.50,987.60,6.67,1.75,24.72,28.37,0.00,0.00,10.54
1077252,pac,63.750,196.000,990.97,990.86,10.10,2.19,51.53,56.02,0.00,9518.27,9.98
1077252,pac,63.750,233.500,988.30,987.53,7.52,1.90,22.80,28.37,0.00,0.00,10.54
1077252,pac,59.000,210.500,990.46,990.27,5.28,0.93,20.28,39.49,0.00,0.00,7.21
1077252,pac,39.750,196.500,982.42,981.75,28.12,7.76,89.34,89.34,83883.17,436749.34,16.52
1077258,atl,59.250,-7.750,983.46,983.37,7.59,1.95,40.18,47.00,0.00,0.00,4.35
1077258,atl,56.250,-26.750,969.48,969.06,10.12,1.92,49.16,50.98,0.00,1427.29,5.24
1077258,atl,56.000,-78.000,999.66,999.48,8.52,2.66,44.86,44.86,0.00,0.00,5.05
1077258,atl,54.000,1.500,987.48,987.34,6.87,1.43,32.96,48.24,0.00,0.00,3.89
1077258,atl,52.500,-27.750,965.63,964.90,15.48,4.18,67.49,71.25,100283.47,285027.65,6.85
1077258,atl,47.500,-54.250,1001.11,1000.08,10.98,3.35,51.82,51.82,0.00,4335.18,6.42
1077258,pac,64.000,196.500,992.34,992.18,10.02,2.11,45.50,52.77,0.00,2963.69,10.58
1077258,pac,62.750,235.000,989.72,988.80,6.89,1.52,27.83,29.44,0.00,0.00,10.62
1077258,pac,60.250,207.500,992.34,992.13,4.85,1.41,35.05,40.65,0.00,0.00,10.94
1077258,pac,59.250,211.000,992.26,992.13,5.22,0.91,34.79,40.65,0.00,0.00,10.94
1077258,pac,41.000,200.500,975.89,975.39,31.41,8.55,81.73,81.73,166414.83,614019.52,18.68
1077264,atl,56.000,-30.250,967.49,966.69,13.90,3.79,45.02,49.41,0.00,0.00,6.75
1077264,atl,52.750,-22.500,968.26,967.75,12.01,3.21,68.00,68.76,58087.02,244064.49,6.68
1077264,atl,47.250,-49.500,1001.70,1000.69,9.53,3.41,62.07,62.95,0.00,86483.99,7.71
1077264,pac,64.000,196.500,995.32,995.00,9.63,1.97,44.68,48.47,0.00,0.00,9.10
1077264,pac,62.750,234.000,993.39,992.54,4.44,1.17,31.53,31.53,0.00,0.00,8.94
1077264,pac,60.500,207.750,992.90,992.20,5.98,1.66,40.05,40.05,0.00,0.00,10.30
1077264,pac,59.250,211.750,993.09,992.90,5.86,1.05,40.05,40.05,0.00,0.00,10.30
1077264,pac,42.750,204.500,976.66,976.13,27.17,6.50,74.68,74.68,175259.24,607161.83,11.28
1077270,atl,57.250,-60.500,1003.01,1002.89,4.61,1.39,27.90,29.47,0.00,0.00,5.78
1077270,atl,56.750,-19.250,966.95,966.52,9.72,2.28,42.73,46.63,0.00,0.00,4.45
1077270,atl,55.500,-9.500,970.31,969.14,8.66,2.14,39.13,50.78,0.00,1448.45,6.28
1077270,atl,55.000,-30.250,965.56,964.18,17.27,4.91,50.32,62.90,0.00,94244.57,9.69
1077270,atl,47.000,-39.500,995.05,992.92,10.01,3.27,71.57,71.57,15042.29,211780.98,8.33
1077270,pac,63.500,197.500,999.45,999.21,6.69,1.38,43.35,46.84,0.00,0.00,7.01
1077270,pac,60.250,207.750,993.46,992.69,6.62,1.69,38.17,38.17,0.00,0.00,8.81
1077270,pac,60.000,163.000,981.37,980.65,22.80,4.68,59.25,59.25,0.00,29884.64,18.65
1077270,pac,59.500,211.000,992.94,992.53,6.80,1.45,38.17,38.17,0.00,0.00,8.81
1077270,pac,44.750,209.250,980.00,979.53,21.09,4.56,70.92,72.61,104025.18,525399.64,9.19
1077270,pac,33.250,162.000,989.84,989.46,16.16,3.79,50.36,50.36,0.00,1310.69,4.80
1077276,atl,58.250,-15.250,966.70,966.32,10.58,2.15,43.58,48.15,0.00,0.00,6.03
1077276,atl,56.500,-19.750,964.71,963.94,11.70,3.32,48.15,50.28,0.00,473.10,6.03
1077276,atl,54.250,-28.500,967.70,966.62,15.12,4.61,60.83,60.83,0.00,170247.26,8.23
1077276,pac,60.250,163.500,984.33,983.76,18.21,3.37,45.25,60.09,0.00,3313.10,18.78
1077276,pac,52.250,216.250,974.79,973.70,20.15,5.27,54.15,58.16,0.00,110255.93,10.54
1077276,pac,35.000,164.750,989.01,988.60,17.97,4.08,57.59,59.17,0.00,77509.00,5.53
1077282,atl,58.000,-49.000,992.70,992.29,7.94,1.91,49.67,54.66,0.00,10112.87,15.02
1077282,atl,57.000,-17.750,963.64,963.21,12.89,3.42,53.57,53.57,0.00,20945.79,6.67
1077282,atl,53.750,-26.500,968.95,968.02,12.73,4.03,53.99,57.51,0.00,114889.12,6.41
1077282,atl,49.000,-56.000,1004.93,1004.42,5.20,1.23,35.17,41.95,0.00,0.00,3.62
1077282,atl,43.750,7.750,1004.32,1003.76,4.39,1.97,42.19,44.85,0.00,0.00,12.39
1077282,pac,60.500,166.500,987.11,986.84,13.83,2.92,45.46,50.75,0.00,816.15,13.25
1077282,pac,54.500,217.500,967.21,966.57,23.78,5.86,48.90,63.31,0.00,43499.39,9.04
1077282,pac,37.250,166.750,986.65,986.28,19.64,4.20,57.98,61.55,0.00,176501.91,6.88
1077288,atl,58.750,-19.500,964.85,964.35,13.26,2.98,44.19,50.91,0.00,8587.68,5.37
1077288,atl,58.500,-55.250,989.30,988.44,15.19,4.25,50.54,54.74,0.00,19743.29,7.05
1077288,atl,58.250,-9.750,973.96,973.70,7.27,1.31,44.54,45.00,0.00,0.00,4.72
1077288,atl,53.250,-23.750,969.60,968.86,12.34,3.81,60.09,62.19,0.00,153739.66,6.63
1077288,atl,50.000,-51.750,998.62,998.38,6.72,1.82,37.11,41.07,0.00,0.00,4.04
1077288,pac,62.250,175.250,990.53,990.24,12.56,1.80,44.79,47.01,0.00,0.00,11.19
1077288,pac,60.500,171.500,990.31,989.93,10.36,2.50,45.03,45.03,0.00,0.00,11.19
1077288,pac,59.500,163.000,998.58,998.44,4.84,0.79,44.27,45.03,0.00,0.00,12.89
1077288,pac,56.500,217.250,967.52,967.05,22.53,5.09,56.89,56.89,0.00,27411.93,19.44
1077288,pac,38.250,169.250,985.92,985.61,21.65,5.05,66.53,66.53,6774.55,243946.30,10.10
1077294,atl,59.250,-20.000,966.11,965.65,12.04,2.50,35.55,50.84,0.00,3306.15,6.95
1077294,atl,56.500,-58.750,985.82,983.71,21.22,6.39,70.13,70.13,18441.26,75703.69,11.93
1077294,atl,53.750,-14.500,968.89,968.21,13.42,3.38,55.83,61.48,0.00,153859.78,7.35
1077294,atl,52.500,-19.500,971.51,970.95,11.98,3.28,61.48,61.48,0.00,207855.82,7.35
1077294,atl,52.000,-50.000,987.96,987.17,11.28,3.87,45.81,45.81,0.00,0.00,8.23
1077294,pac,61.750,176.250,989.68,989.57,11.28,1.85,47.89,48.69,0.00,0.00,12.15
1077294,pac,59.500,162.500,1000.92,1000.58,4.15,0.89,38.76,47.44,0.00,0.00,12.25
1077294,pac,58.250,236.500,1001.24,1000.40,5.10,1.94,38.93,46.35,0.00,0.00,10.25
1077294,pac,56.750,215.750,970.27,969.48,21.96,5.37,57.44,57.44,0.00,22886.14,17.99
1077294,pac,40.250,172.500,984.85,984.50,22.29,4.95,71.36,71.36,18636.80,284945.31,9.00
1077300,atl,59.750,-21.500,967.84,967.35,13.13,2.74,38.46,52.36,0.00,7194.47,6.51
1077300,atl,55.750,-12.000,967.90,966.90,15.73,4.72,52.89,61.38,0.00,40215.19,7.39
1077300,atl,53.500,-59.000,989.40,987.60,16.71,5.17,53.42,58.34,0.00,16385.70,13.21
1077300,atl,53.250,-50.750,982.18,979.85,13.57,4.59,61.86,61.86,0.00,46821.43,14.01
1077300,pac,62.750,190.250,992.00,991.50,7.89,1.91,32.20,42.19,0.00,0.00,5.57
1077300,pac,62.000,179.000,989.74,989.46,11.11,2.27,43.18,45.31,0.00,0.00,7.90
1077300,pac,60.250,161.750,1002.13,1001.74,5.48,1.39,33.63,40.79,0.00,0.00,12.02
1077300,pac,60.250,226.000,990.97,990.69,7.37,1.41,35.10,44.70,0.00,0.00,12.74
1077300,pac,58.000,237.500,999.16,997.80,7.09,2.04,39.89,42.78,0.00,0.00,13.93
1077300,pac,56.250,216.000,975.85,974.69,20.87,5.84,67.15,67.15,7493.52,83655.88,12.01
1077300,pac,42.250,175.750,986.41,985.94,21.75,4.79,64.12,64.12,574.28,227852.26,7.01
1077306,atl,59.750,-24.000,970.35,970.04,13.52,2.84,39.55,56.38,0.00,35503.68,6.74
1077306,atl,56.750,-10.000,970.85,969.95,16.34,4.87,59.28,59.28,0.00,26055.15,7.77
1077306,atl,52.250,-52.750,979.35,977.19,16.35,5.19,66.59,66.59,2400.01,81629.12,12.86
1077306,atl,52.000,-43.000,979.47,978.91,10.06,2.53,44.82,47.48,0.00,0.00,5.55
1077306,atl,35.750,-45.000,1003.29,1002.01,5.69,1.66,53.20,53.20,0.00,9481.10,4.74
1077306,pac,63.250,192.500,991.13,990.79,7.24,1.64,28.62,35.08,0.00,0.00,4.64
1077306,pac,62.500,182.000,989.66,989.55,10.13,2.28,41.50,43.20,0.00,0.00,6.96
1077306,pac,62.250,227.000,993.29,992.93,8.79,2.25,37.43,37.43,0.00,0.00,15.62
1077306,pac,58.500,238.500,997.03,996.13,8.86,2.45,47.21,47.21,0.00,0.00,11.51
1077306,pac,56.000,218.000,981.95,980.58,20.27,6.22,63.63,63.63,0.00,42987.86,12.57
1077306,pac,43.250,178.500,989.39,989.10,18.84,4.20,54.48,59.75,0.00,117187.38,6.45
1077312,atl,60.250,-26.250,976.55,976.18,10.10,2.49,36.22,44.37,0.00,0.00,3.61
1077312,atl,58.500,-9.000,975.93,974.81,14.19,3.84,52.85,52.85,0.00,7834.82,6.56
1077312,atl,57.250,-17.750,978.65,978.12,8.66,2.31,53.67,53.67,0.00,28021.76,6.00
1077312,atl,55.000,-79.250,1002.79,1002.56,9.65,1.92,33.78,35.62,0.00,0.00,4.59
1077312,atl,52.500,-42.000,973.55,972.81,12.23,3.00,49.11,53.91,0.00,25997.99,5.56
1077312,atl,52.000,-35.000,975.40,974.58,11.45,2.88,61.35,63.37,0.00,56687.93,6.91
1077312,atl,49.500,-52.000,978.28,976.06,17.71,5.31,71.79,71.79,9553.28,180516.70,9.71
1077312,pac,63.750,194.500,992.08,991.88,6.80,1.38,25.04,32.35,0.00,0.00,4.13
1077312,pac,62.750,232.500,994.08,993.19,8.61,2.36,41.69,41.69,0.00,0.00,9.31
1077312,pac,62.250,185.000,992.03,991.91,8.13,1.68,38.81,40.84,0.00,0.00,5.80
1077312,pac,56.250,220.000,987.68,986.39,17.41,5.41,54.64,54.64,0.00,11415.99,10.76
1077312,pac,43.750,181.500,994.06,993.83,15.30,3.33,51.29,55.31,0.00,72488.63,5.66
1077318,atl,60.000,-8.500,979.06,978.25,14.82,3.31,51.96,51.96,0.00,13071.03,5.68
1077318,atl,55.500,-77.500,999.89,999.74,10.28,2.12,29.25,30.75,0.00,0.00,4.68
1077318,atl,54.000,-35.500,967.18,966.03,14.25,3.46,53.03,53.03,0.00,10069.10,7.09
1077318,atl,47.500,-48.750,979.55,978.29,14.88,4.40,73.38,73.38,54075.89,330170.78,9.76
1077318,pac,64.250,196.250,994.07,993.74,6.21,1.08,20.18,33.47,0.00,0.00,5.58
1077318,pac,62.250,189.750,994.35,994.21,6.42,1.24,38.16,41.38,0.00,0.00,3.29
1077318,pac,62.250,233.750,995.26,993.79,6.10,1.78,34.59,34.59,0.00,0.00,11.03
1077318,pac,56.000,223.000,994.18,993.58,13.71,4.52,51.19,51.19,0.00,3991.92,7.50
1077318,pac,44.500,184.250,997.20,997.06,13.89,2.72,45.10,57.09,0.00,35069.76,5.22
1077324,atl,61.500,-8.000,984.16,983.46,14.65,3.53,38.64,42.09,0.00,0.00,5.68
1077324,atl,55.750,-74.500,997.79,997.44,9.94,2.23,26.65,28.48,0.00,0.00,4.81
1077324,atl,55.250,-35.750,959.79,959.25,20.41,5.19,70.19,70.19,11480.58,96590.95,8.59
1077324,atl,45.750,-27.000,992.19,991.20,6.94,2.33,55.88,66.55,2875.90,86165.19,5.81
1077324,pac,65.250,198.250,996.22,996.10,6.35,1.12,20.10,42.02,0.00,0.00,9.27
1077324,pac,58.500,212.000,997.41,997.30,8.22,1.86,40.37,42.20,0.00,0.00,9.72
1077324,pac,56.000,226.000,1002.56,1001.89,7.59,2.74,42.02,42.02,0.00,0.00,6.07
1077324,pac,45.250,187.500,1000.88,1000.72,11.96,2.26,43.26,52.33,0.00,2206.84,4.82
1077324,pac,44.000,161.750,968.85,967.84,34.93,9.73,78.92,78.92,103515.11,514537.81,14.62
1077330,atl,62.750,-8.000,989.37,988.73,11.98,2.94,32.65,38.43,0.00,0.00,6.73
1077330,atl,56.250,-72.500,995.99,995.61,8.73,1.97,23.13,27.93,0.00,0.00,4.29
1077330,atl,56.000,-35.000,952.19,951.25,27.09,7.89,76.07,76.07,37472.22,163444.85,13.96
1077330,atl,49.000,-73.000,998.85,998.53,6.86,1.77,27.87,29.64,0.00,0.00,5.51
1077330,atl,48.750,-22.250,990.71,989.69,7.79,2.63,55.14,60.17,0.00,74717.07,5.50
1077330,pac,65.750,199.250,998.94,998.75,6.27,1.11,19.20,42.67,0.00,0.00,9.78
1077330,pac,58.750,215.250,994.08,993.76,12.67,3.10,44.55,46.36,0.00,0.00,9.96
1077330,pac,46.500,191.000,1004.48,1004.31,10.67,2.15,42.14,48.06,0.00,0.00,4.63
1077330,pac,45.000,163.500,968.49,966.90,33.45,8.81,74.35,75.59,140156.08,444513.31,11.01
1077336,atl,63.750,-7.250,993.58,993.08,9.12,2.51,32.70,38.14,0.00,0.00,6.23
1077336,atl,56.750,-70.250,996.31,995.91,7.36,1.58,23.48,35.98,0.00,0.00,5.09
1077336,atl,56.500,-35.750,952.43,951.34,27.81,7.62,61.29,61.29,0.00,142348.46,9.75
1077336,atl,51.750,-18.500,989.80,988.84,8.19,2.75,49.37,54.35,0.00,15838.03,5.28
1077336,atl,45.500,-66.500,997.54,997.26,8.59,1.71,36.50,51.79,0.00,1743.00,6.18
1077336,pac,59.750,216.000,990.55,989.71,15.36,4.09,45.26,45.26,0.00,0.00,11.88
1077336,pac,45.250,165.000,972.47,971.11,29.38,7.87,67.84,67.84,34626.34,370976.08,10.22
1077342,atl,65.250,-6.750,995.85,995.58,7.13,2.04,31.47,34.09,0.00,0.00,5.69
1077342,atl,58.000,-68.250,995.98,995.85,6.36,1.36,28.82,36.13,0.00,0.00,4.75
1077342,atl,56.500,-35.750,955.23,954.36,26.06,6.79,56.12,62.21,0.00,104141.10,8.31
1077342,atl,54.250,-16.500,989.22,988.66,6.16,1.92,48.02,48.42,0.00,0.00,5.00
1077342,atl,43.500,-62.750,991.16,990.80,12.06,2.57,50.00,50.00,0.00,0.00,6.01
1077342,pac,60.000,216.750,990.87,989.80,15.75,4.42,45.76,46.16,0.00,0.00,14.40
1077342,pac,59.750,223.750,998.25,998.05,6.93,1.47,38.19,44.90,0.00,0.00,12.54
1077342,pac,45.250,167.250,975.95,974.61,25.39,7.01,64.54,64.54,2774.72,242608.40,9.37
1077348,atl,62.750,-15.750,990.26,989.75,4.86,1.74,27.75,35.96,0.00,0.00,6.74
1077348,atl,59.750,-70.750,994.71,994.40,5.99,1.50,42.03,42.03,0.00,0.00,6.42
1077348,atl,55.750,-33.750,960.94,960.21,22.85,5.72,55.89,58.85,0.00,105808.63,8.14
1077348,atl,55.250,-79.500,989.04,988.82,7.31,1.68,25.41,25.41,0.00,0.00,3.28
1077348,atl,45.250,-60.750,984.49,983.91,16.32,3.75,46.58,48.96,0.00,0.00,6.28
1077348,atl,40.500,-59.000,985.57,984.26,13.59,3.41,67.01,67.45,10444.31,253681.33,7.91
1077348,atl,36.750,-60.250,990.48,989.10,11.71,3.46,67.45,67.45,11742.33,363275.54,7.91
1077348,pac,60.000,225.750,999.40,998.59,5.94,1.47,29.84,36.88,0.00,0.00,12.12
1077348,pac,59.750,216.500,995.58,994.93,14.04,3.95,50.48,50.64,0.00,4919.65,16.34
1077348,pac,59.000,231.250,1000.50,999.67,6.25,1.40,32.39,43.36,0.00,0.00,8.31
1077348,pac,45.250,169.750,981.59,980.40,20.72,5.81,58.97,59.71,0.00,164034.99,6.94
1077354,atl,66.000,-49.750,998.05,997.57,6.36,2.20,34.13,34.21,0.00,0.00,8.42
1077354,atl,65.750,-52.750,998.48,997.70,6.41,2.07,34.13,34.21,0.00,0.00,8.08
1077354,atl,56.250,-76.750,989.57,989.45,6.37,1.33,22.08,30.52,0.00,0.00,3.33
1077354,atl,55.500,-31.000,965.58,964.93,20.22,5.01,55.95,56.52,0.00,140746.56,7.15
1077354,atl,44.250,-57.000,976.16,974.39,20.14,4.77,63.75,77.39,14131.16,142110.07,13.61
1077354,atl,40.500,-55.500,978.26,975.80,16.43,4.29,82.11,82.11,68779.59,475201.45,13.61
1077354,pac,58.750,218.000,1001.63,1001.45,11.16,2.84,49.75,49.77,0.00,0.00,13.66
1077354,pac,57.500,237.250,998.64,997.93,9.54,2.32,45.92,45.92,0.00,0.00,12.33
1077354,pac,57.000,233.250,999.79,999.12,7.87,1.37,45.92,48.29,0.00,0.00,10.17
1077354,pac,47.000,181.750,999.21,998.91,6.78,1.81,39.43,44.44,0.00,0.00,4.11
1077354,pac,45.250,171.750,985.15,984.26,17.66,4.94,53.25,53.55,0.00,51838.62,6.19
1077360,atl,69.000,-53.500,1002.59,1002.18,5.31,1.67,30.32,36.13,0.00,0.00,6.24
1077360,atl,67.250,-49.000,1002.19,1001.85,4.44,1.49,28.43,33.01,0.00,0.00,7.26
1077360,atl,58.750,-15.000,976.72,976.28,11.36,2.52,51.02,51.36,0.00,5061.83,5.32
1077360,atl,57.500,-72.250,991.61,991.43,6.60,1.08,18.80,45.61,0.00,0.00,5.34
1077360,atl,55.500,-28.000,972.23,971.72,16.72,3.90,56.10,61.66,0.00,123782.16,5.81
1077360,atl,44.250,-58.000,972.78,972.30,21.86,5.26,65.72,71.68,71049.14,251242.86,9.81
1077360,atl,43.000,-52.750,972.98,971.64,19.30,4.75,70.55,91.20,34461.08,228053.98,9.63
1077360,pac,56.500,237.500,994.64,994.21,12.97,2.85,51.39,51.39,0.00,889.24,11.46
1077360,pac,51.750,176.750,998.00,997.85,8.67,1.55,42.77,48.73,0.00,0.00,5.52
1077360,pac,50.250,181.500,997.86,997.50,9.22,1.97,42.06,48.73,0.00,0.00,5.52
1077360,pac,45.500,174.000,990.87,990.29,13.96,4.03,47.27,50.55,0.00,1720.58,5.53
1077366,atl,61.000,-17.250,975.34,975.07,11.14,2.14,52.28,56.44,0.00,14360.29,11.56
1077366,atl,61.000,-13.000,975.29,974.95,12.95,2.88,56.44,56.44,0.00,14360.29,11.56
1077366,atl,58.750,-68.500,991.99,991.91,7.04,1.14,43.67,49.55,0.00,0.00,9.95
1077366,atl,55.000,-24.000,976.64,976.28,14.49,3.25,54.48,61.37,0.00,191657.82,7.75
1077366,atl,44.500,-49.750,973.76,972.53,18.04,4.34,72.75,72.75,19873.89,124201.35,9.76
1077366,atl,42.000,-55.000,969.89,969.32,20.81,3.92,84.05,84.05,222653.42,392168.52,9.61
1077366,pac,53.250,178.750,996.62,996.40,12.65,2.53,49.07,56.21,0.00,67412.76,5.86
1077366,pac,45.500,176.000,997.27,996.82,10.29,2.98,45.39,45.39,0.00,0.00,4.42
1077372,atl,62.500,-14.250,976.14,975.77,12.66,2.59,57.70,57.70,0.00,14404.03,9.69
1077372,atl,59.250,-66.500,992.57,992.42,6.61,1.00,46.27,51.20,0.00,710.66,8.98
1077372,atl,54.500,-19.250,983.07,982.73,11.84,2.61,58.88,60.44,0.00,215742.52,5.77
1077372,atl,41.250,-50.500,973.42,973.12,16.71,3.50,63.89,80.00,139964.27,343436.29,7.84
1077372,pac,55.250,178.500,995.92,995.47,16.12,3.81,54.11,59.11,0.00,111420.30,7.26
1077372,pac,45.000,178.000,1003.85,1003.53,6.86,2.14,40.61,40.61,0.00,0.00,3.67
1077378,atl,65.750,-11.000,979.21,979.01,13.53,3.02,44.59,44.59,0.00,0.00,8.01
1077378,atl,61.250,-58.750,991.49,991.36,9.40,1.57,33.12,47.39,0.00,0.00,7.85
1077378,atl,59.750,-62.250,991.37,991.31,6.87,0.86,38.89,47.39,0.00,0.00,7.85
1077378,atl,47.250,-46.750,980.11,979.58,12.56,2.91,52.22,62.08,0.00,38976.31,7.02
1077378,atl,41.750,-47.500,973.82,973.52,16.14,3.63,59.54,70.82,44348.50,309818.73,6.42
1077378,pac,56.750,176.750,995.84,995.32,17.37,4.45,58.13,58.13,0.00,111406.72,7.71
1077378,pac,53.000,160.000,994.26,993.85,6.64,1.66,38.67,49.42,0.00,0.00,13.39
1077378,pac,47.750,162.750,991.55,990.69,14.34,4.27,57.57,57.57,0.00,49896.01,7.62
1077384,atl,67.500,-13.000,981.45,981.24,14.72,3.62,45.12,53.35,0.00,1028.63,8.49
1077384,atl,66.750,-37.250,995.88,994.42,8.06,3.11,43.57,43.57,0.00,0.00,23.82
1077384,atl,62.750,-60.000,989.83,989.43,11.67,2.76,52.79,52.79,0.00,8823.74,12.58
1077384,atl,55.500,-54.750,991.13,991.00,5.57,1.41,35.52,35.52,0.00,0.00,2.99
1077384,atl,55.500,-10.500,992.40,992.21,8.17,1.93,40.17,43.15,0.00,0.00,3.83
1077384,atl,49.250,-43.250,984.19,983.68,10.45,2.53,56.00,56.00,0.00,4899.76,7.10
1077384,atl,43.250,-77.750,992.10,991.74,8.75,2.22,35.55,44.46,0.00,0.00,4.39
1077384,atl,42.750,-43.750,978.11,977.82,14.52,3.13,59.44,64.49,600.55,234916.28,6.48
1077384,pac,57.250,175.000,997.31,996.89,14.43,3.71,54.95,54.95,0.00,71246.64,7.03
1077384,pac,50.750,164.250,983.95,982.53,19.35,5.75,57.50,57.50,0.00,13926.02,9.58
1077384,pac,32.500,163.000,998.01,997.07,15.63,4.79,75.74,75.74,5840.09,107302.14,11.80
1077390,atl,69.000,-14.750,983.91,983.65,15.81,3.69,52.68,55.61,0.00,4773.69,12.57
1077390,atl,66.750,-37.250,994.50,993.93,7.51,2.38,34.30,34.30,0.00,0.00,19.48
1077390,atl,63.250,-61.000,988.07,987.54,12.42,3.24,56.88,56.88,0.00,16136.01,16.19
1077390,atl,62.500,-12.000,995.61,995.45,4.10,1.18,29.23,45.99,0.00,0.00,8.20
1077390,atl,57.750,-53.500,985.81,985.53,9.14,2.31,38.98,39.27,0.00,0.00,4.08
1077390,atl,51.000,-42.750,983.48,982.83,9.64,2.65,42.07,44.66,0.00,0.00,5.36
1077390,atl,43.500,-41.500,979.78,979.59,14.45,3.04,63.03,63.03,0.00,229153.67,6.36
1077390,atl,43.250,-69.500,986.96,986.55,11.79,2.94,50.51,58.29,0.00,15817.04,4.21
1077390,pac,53.250,164.500,977.58,976.06,23.98,6.90,56.21,56.21,0.00,35067.39,11.01
1077390,pac,33.500,166.750,992.19,989.67,20.13,6.47,82.01,82.01,23216.16,167241.58,18.70
1077396,atl,68.000,-31.250,995.83,995.51,5.26,1.42,28.38,48.33,0.00,0.00,11.15
1077396,atl,67.000,-37.000,994.93,994.27,5.53,1.73,29.15,29.15,0.00,0.00,11.15
1077396,atl,62.750,-61.750,988.60,988.20,10.63,2.55,56.24,56.24,0.00,14435.16,17.39
1077396,atl,59.000,-52.500,982.25,981.84,10.62,2.87,39.96,39.96,0.00,0.00,4.97
1077396,atl,53.750,-40.000,983.48,983.18,10.11,2.74,44.29,47.28,0.00,0.00,4.71
1077396,atl,45.250,-64.000,983.47,982.58,14.22,3.38,50.30,54.44,0.00,14872.80,5.28
1077396,atl,44.500,-37.250,983.99,983.76,13.56,2.58,61.28,62.28,0.00,84784.91,6.98
1077396,pac,55.250,165.500,976.88,975.47,24.93,6.81,62.82,62.82,0.00,112406.13,10.19
1077396,pac,34.250,170.000,985.69,982.00,26.37,9.31,81.40,81.40,28169.12,158801.56,24.08
1077402,atl,60.250,-52.500,979.60,979.09,12.37,3.33,39.22,39.22,0.00,0.00,8.59
1077402,atl,56.500,-37.750,980.39,979.77,12.75,3.50,40.99,44.71,0.00,0.00,5.52
1077402,atl,46.750,-58.750,980.66,979.73,15.54,4.02,44.22,47.44,0.00,0.00,6.22
1077402,atl,45.500,-33.500,986.51,986.23,12.23,2.66,55.59,56.06,0.00,37861.91,5.27
1077402,pac,57.250,165.500,980.05,978.77,23.60,6.23,57.10,57.10,0.00,48561.33,11.21
1077402,pac,42.000,170.500,1003.09,1002.52,8.59,2.65,52.10,55.59,0.00,6558.53,7.58
1077402,pac,35.750,172.750,979.30,975.90,30.43,10.87,85.03,85.03,36014.10,269781.67,21.73
1077408,atl,61.500,-53.250,978.66,977.80,14.86,3.79,41.14,49.12,0.00,0.00,7.82
1077408,atl,58.750,-36.250,979.47,978.96,14.72,3.84,40.14,42.90,0.00,0.00,5.46
1077408,atl,47.500,-55.250,981.61,980.97,14.71,3.46,39.83,42.75,0.00,0.00,5.63
1077408,atl,46.750,-30.500,990.02,989.66,10.44,2.42,43.19,45.22,0.00,0.00,3.85
1077408,pac,59.500,165.750,988.69,987.95,20.13,5.23,48.81,48.81,0.00,0.00,14.06
1077408,pac,37.000,175.250,976.89,974.20,30.54,10.24,91.46,91.46,66676.04,357535.68,17.04
1077414,atl,62.250,-54.750,979.92,979.32,16.24,4.30,49.07,55.69,0.00,20823.15,7.68
1077414,atl,60.250,-35.250,980.74,980.51,14.68,3.46,37.50,42.95,0.00,0.00,5.44
1077414,atl,49.750,-50.500,979.83,979.42,15.27,3.52,41.86,42.75,0.00,0.00,5.90
1077414,atl,47.250,-27.500,994.08,994.02,8.32,1.72,37.63,44.07,0.00,0.00,3.72
1077414,pac,62.000,165.500,997.03,996.47,16.47,3.81,44.78,44.78,0.00,0.00,19.76
1077414,pac,38.750,176.500,967.00,964.34,36.67,11.84,95.55,95.55,154426.22,451885.08,20.30
1077420,atl,69.000,-53.500,991.12,990.63,12.92,3.56,44.31,52.10,0.00,11022.11,13.23
1077420,atl,62.500,-55.250,983.99,983.45,15.57,4.47,52.93,52.93,0.00,18159.31,7.95
1077420,atl,61.500,-34.750,982.72,982.62,13.94,2.84,48.63,52.42,0.00,1639.04,7.59
1077420,atl,51.750,-47.250,976.21,975.66,18.31,4.47,47.34,47.46,0.00,0.00,7.96
1077420,atl,48.250,-23.250,999.07,999.00,5.39,0.90,24.37,38.11,0.00,0.00,3.30
1077420,pac,39.500,177.000,962.20,959.41,38.93,11.95,80.69,80.69,184235.28,478054.22,17.18
1077426,atl,69.000,-53.500,997.23,996.91,8.55,2.56,42.94,49.98,0.00,0.00,10.73
1077426,atl,62.500,-36.250,982.42,982.26,12.91,2.87,55.87,56.46,0.00,17161.46,10.41
1077426,atl,61.750,-55.250,987.66,987.11,13.34,3.87,54.03,54.03,0.00,8275.55,8.42
1077426,atl,52.500,-44.500,970.56,970.12,22.56,6.34,64.77,64.77,1464.19,130270.49,12.37
1077426,atl,47.750,-19.500,1001.36,1001.28,5.91,1.07,27.29,36.07,0.00,0.00,3.76
1077426,pac,49.000,228.750,997.22,996.14,15.21,3.17,47.30,47.30,0.00,0.00,10.27
1077426,pac,39.500,177.750,964.10,961.57,36.46,10.97,70.81,70.81,99574.14,536933.74,16.02
1077432,atl,62.250,-39.000,981.32,981.12,8.69,2.23,60.16,64.26,653.17,32555.62,10.82
1077432,atl,60.000,-53.250,989.84,989.48,9.04,2.32,58.18,58.18,0.00,54825.19,7.83
1077432,atl,55.000,-40.750,968.52,968.24,21.62,5.12,63.65,63.69,0.00,179684.86,10.91
1077432,atl,46.750,-15.000,1004.83,1004.76,6.60,1.33,33.91,35.16,0.00,0.00,4.34
1077432,pac,49.750,232.000,988.86,988.06,20.99,4.92,50.87,50.87,0.00,486.32,15.52
1077432,pac,39.500,178.750,968.76,966.60,32.91,9.80,67.90,67.90,27779.13,461019.35,14.47
1077438,atl,57.000,-37.000,966.61,966.11,21.48,4.57,63.13,63.13,0.00,256995.46,9.16
1077438,pac,49.750,232.500,988.12,987.41,19.35,4.40,47.93,49.14,0.00,0.00,19.93
1077438,pac,40.500,179.750,973.38,971.03,29.97,8.92,62.28,62.28,0.00,161084.17,12.57
1077444,atl,59.250,-35.750,965.13,964.62,22.05,4.42,57.41,65.57,7309.64,219098.15,9.01
1077444,pac,49.750,235.250,990.24,989.13,16.83,3.86,43.51,53.64,0.00,2298.29,18.38
1077444,pac,41.250,179.750,978.04,975.97,27.19,8.05,54.90,54.90,0.00,32055.57,11.32
1077450,atl,60.750,-35.000,965.15,964.82,21.62,4.13,59.56,63.06,0.00,193758.47,9.15
1077450,pac,55.750,161.750,992.05,991.74,9.58,2.62,57.22,57.22,0.00,68610.65,5.86
1077450,pac,50.750,239.000,998.61,998.10,13.89,3.69,27.76,48.86,0.00,0.00,18.55
1077450,pac,50.500,231.500,997.69,997.58,11.14,2.62,43.82,54.29,0.00,20997.18,16.18
1077450,pac,49.500,236.250,998.42,998.06,9.17,1.51,25.40,49.51,0.00,0.00,15.71
1077450,pac,42.000,179.500,983.29,981.63,23.68,6.84,51.52,51.52,0.00,8705.83,9.04
1077456,atl,62.000,-34.250,967.50,967.15,19.92,3.77,57.25,60.21,0.00,159594.10,11.89
1077456,pac,62.250,160.250,990.55,990.17,10.42,2.53,47.75,53.91,0.00,4748.97,21.03
1077456,pac,48.500,233.250,999.24,999.09,7.99,1.16,32.63,48.03,0.00,0.00,13.39
1077456,pac,46.750,238.750,999.15,998.62,6.15,0.78,34.64,39.32,0.00,0.00,13.55
1077456,pac,42.500,179.000,987.40,986.02,20.99,6.04,44.21,44.47,0.00,0.00,7.49
1077462,atl,63.000,-33.750,969.87,969.63,19.65,3.74,52.25,54.93,0.00,95665.35,13.94
1077462,atl,54.000,-80.000,980.75,980.29,17.35,3.67,47.76,47.76,0.00,0.00,7.60
1077462,pac,64.500,160.000,988.16,987.65,11.03,3.47,37.86,47.09,0.00,0.00,17.73
1077462,pac,46.000,235.500,999.84,999.45,6.55,0.97,36.17,36.17,0.00,0.00,14.81
1077462,pac,42.500,178.500,992.35,991.12,17.64,5.13,47.45,47.45,0.00,0.00,6.28
1077468,atl,63.750,-33.500,974.79,974.50,20.19,3.64,44.76,54.76,0.00,6747.71,26.63
1077468,atl,56.500,-76.250,984.01,983.90,13.96,2.22,43.61,52.91,0.00,13008.08,7.62
1077468,pac,57.750,216.500,1000.28,999.87,13.99,2.67,40.49,48.28,0.00,0.00,16.20
1077468,pac,46.500,236.000,1001.25,1000.99,6.75,1.03,26.06,39.85,0.00,0.00,15.25
1077468,pac,42.000,179.250,995.78,994.99,14.18,3.98,44.01,44.01,0.00,0.00,5.04
1077474,atl,64.000,-32.750,981.09,980.89,18.49,3.39,40.21,57.98,0.00,10947.82,26.64
1077474,atl,58.000,-73.750,982.97,982.70,14.04,2.33,37.59,56.88,0.00,11689.50,6.76
1077474,pac,56.500,219.000,996.76,996.55,15.35,2.83,42.45,43.78,0.00,0.00,14.02
1077474,pac,41.500,180.500,998.95,998.46,11.64,3.26,42.98,42.98,0.00,0.00,4.66
1077480,atl,64.000,-30.750,989.32,989.15,14.66,3.15,36.81,50.98,0.00,332.69,16.90
1077480,atl,59.250,-70.000,981.69,981.59,14.24,2.10,52.99,58.48,0.00,50601.56,14.60
1077480,atl,56.250,-62.250,985.34,985.04,9.60,1.89,44.59,49.84,0.00,0.00,5.96
1077480,pac,53.250,221.500,997.21,997.05,12.01,2.01,40.53,48.41,0.00,0.00,6.45
1077480,pac,40.750,182.000,1001.08,1000.60,9.88,2.81,41.14,41.14,0.00,0.00,3.88
1077486,atl,63.500,-28.250,997.33,997.16,10.81,2.65,35.88,35.93,0.00,0.00,5.23
1077486,atl,60.750,-68.750,977.15,977.02,16.38,3.00,55.81,62.80,0.00,35714.76,13.57
1077486,pac,50.250,224.500,997.76,997.61,11.23,1.99,37.88,46.95,0.00,0.00,4.12
1077486,pac,40.000,184.000,1003.99,1003.60,8.06,2.29,40.67,40.67,0.00,0.00,3.24
1077492,atl,61.500,-68.250,974.60,974.20,16.17,3.51,56.42,58.75,0.00,40531.20,13.21
1077492,atl,42.500,-17.750,1003.57,1002.89,12.16,3.27,61.19,61.19,0.00,49110.16,9.14
1077492,pac,49.000,227.250,997.21,997.00,13.24,2.64,42.74,44.50,0.00,0.00,6.17
1077498,atl,65.000,-60.000,972.94,972.24,14.83,3.59,62.29,63.45,0.00,72275.99,20.87
1077498,atl,42.500,-17.750,998.21,996.81,15.29,4.23,63.83,63.83,0.00,73543.72,9.19
1077498,pac,55.250,163.500,1002.66,1001.82,8.54,3.08,38.30,38.30,0.00,0.00,6.79
1077498,pac,48.500,228.500,998.13,997.94,14.38,2.81,49.29,50.87,0.00,1513.30,11.47
1077498,pac,44.500,169.250,1003.29,1002.88,7.52,1.91,39.98,39.98,0.00,0.00,3.94
1077498,pac,44.500,192.500,1002.89,1002.63,9.35,2.08,37.67,44.10,0.00,0.00,4.73
1077498,pac,40.750,163.750,1002.36,1001.29,11.28,3.20,47.21,47.21,0.00,0.00,7.52
1077504,atl,67.000,-69.500,980.25,979.18,8.39,1.98,49.82,52.08,0.00,2441.96,12.34
1077504,atl,41.750,-18.750,993.67,992.23,18.66,5.46,63.91,63.91,0.00,81412.70,10.19
1077504,pac,57.250,164.500,998.08,997.32,12.52,4.63,50.02,50.02,0.00,420.88,10.74
1077504,pac,48.250,229.000,1000.29,1000.11,12.94,2.32,52.13,53.85,0.00,29960.68,12.93
1077504,pac,46.500,172.000,998.36,997.82,10.33,2.54,46.26,46.26,0.00,0.00,5.25
1077504,pac,44.750,192.500,998.03,997.65,12.88,3.43,45.70,46.13,0.00,0.00,4.61
1077510,atl,66.750,-59.750,991.88,991.11,6.65,1.87,54.34,54.34,0.00,6513.81,9.61
1077510,atl,41.000,-20.000,989.88,989.00,20.50,5.88,55.81,55.81,0.00,59656.99,8.00
1077510,pac,59.250,164.750,995.93,995.08,12.65,4.51,48.45,48.45,0.00,0.00,10.90
1077510,pac,48.500,175.000,993.38,993.14,11.59,2.70,49.13,49.13,0.00,0.00,5.49
1077510,pac,44.750,193.000,998.63,998.25,12.03,3.21,30.44,37.22,0.00,0.00,4.30
1077510,pac,44.500,228.250,1002.25,1002.16,8.07,0.87,26.23,54.41,0.00,72018.26,5.07
1077516,atl,53.500,-79.000,992.81,992.68,11.82,2.33,37.36,37.36,0.00,0.00,6.52
1077516,atl,40.000,-21.500,990.87,990.13,18.98,5.16,56.25,56.25,0.00,66947.00,6.98
1077516,pac,61.250,164.500,997.67,996.84,8.42,2.88,43.47,43.47,0.00,0.00,9.22
1077516,pac,56.000,175.750,988.01,987.75,13.08,3.14,43.41,48.55,0.00,0.00,5.19
1077516,pac,45.750,193.250,998.68,998.25,10.17,2.73,33.89,39.80,0.00,0.00,3.81
1077516,pac,43.250,229.000,1003.32,1003.24,7.50,0.94,26.66,50.17,0.00,2176.09,4.49
1077522,atl,56.000,-75.750,990.86,990.74,11.94,2.11,38.21,46.88,0.00,0.00,6.17
1077522,atl,39.000,-22.500,990.33,989.68,17.07,4.50,56.42,56.42,0.00,34728.06,6.47
1077522,pac,58.500,175.000,981.35,980.97,16.71,4.24,47.23,50.02,0.00,362.79,7.69
1077522,pac,51.000,181.250,986.28,985.95,12.18,2.93,54.60,54.60,0.00,116897.10,5.70
1077522,pac,46.750,193.500,998.77,998.46,7.55,2.10,30.92,41.76,0.00,0.00,3.81
1077522,pac,42.500,229.750,1004.62,1004.53,7.73,1.03,28.61,47.35,0.00,0.00,5.55
1077528,atl,58.250,-74.250,990.23,989.90,11.48,2.47,31.08,42.96,0.00,0.00,5.27
1077528,atl,38.000,-23.500,992.58,991.97,14.68,3.86,47.69,47.69,0.00,0.00,5.21
1077528,pac,60.000,175.500,977.51,976.97,17.20,4.35,48.39,48.39,0.00,0.00,9.50
1077528,pac,53.500,182.750,983.02,982.69,12.59,2.77,53.33,54.13,0.00,61738.19,5.70
1077528,pac,42.750,230.500,1004.31,1004.13,8.11,1.33,39.68,44.85,0.00,0.00,4.52
1077534,atl,60.250,-74.500,990.43,990.14,10.19,2.18,33.65,35.55,0.00,0.00,5.68
1077534,atl,51.500,-67.000,996.44,996.23,11.10,2.20,34.78,48.82,0.00,0.00,7.69
1077534,atl,36.250,-23.750,992.55,992.03,12.88,3.33,49.49,49.49,0.00,0.00,4.62
1077534,pac,61.750,176.750,976.92,976.44,15.21,3.44,43.06,50.10,0.00,1237.08,8.54
1077534,pac,55.000,184.750,982.01,981.73,12.98,2.95,56.25,56.25,0.00,113591.98,5.83
1077540,atl,61.750,-77.500,991.53,991.30,9.72,2.03,39.03,39.03,0.00,0.00,5.52
1077540,atl,53.750,-64.750,995.94,995.79,11.88,2.71,44.09,45.04,0.00,0.00,8.64
1077540,atl,34.250,-22.500,996.35,995.84,9.76,2.42,47.96,47.96,0.00,0.00,4.18
1077540,pac,66.000,176.250,977.43,976.94,12.55,3.14,39.69,45.33,0.00,0.00,10.36
1077540,pac,62.750,179.250,977.68,976.81,12.54,2.89,44.03,46.54,0.00,0.00,10.36
1077540,pac,56.250,186.750,981.65,981.38,13.71,2.87,52.58,52.58,0.00,46968.56,5.81
1077540,pac,54.500,162.000,978.11,977.45,17.14,5.52,60.54,60.54,0.00,43615.39,12.55
1077546,atl,56.750,-63.750,995.62,995.09,11.98,2.95,46.07,51.55,0.00,10966.42,10.80
1077546,atl,40.250,-36.750,1004.50,1003.92,8.09,2.05,51.38,51.38,0.00,4208.10,3.95
1077546,atl,33.500,-19.750,995.57,995.23,9.19,2.32,49.07,49.07,0.00,0.00,4.20
1077546,pac,60.250,187.000,979.82,979.51,12.71,2.59,48.47,52.34,0.00,19405.10,6.16
1077546,pac,56.250,163.250,970.00,969.10,18.84,6.00,53.67,53.67,0.00,32519.31,17.65
1077552,atl,61.000,-63.750,998.54,998.15,11.57,2.68,51.73,53.55,0.00,74121.75,9.16
1077552,atl,58.250,-62.250,998.37,997.85,13.12,3.19,53.55,53.55,0.00,104357.38,9.16
1077552,atl,40.000,-36.000,1003.04,1002.59,9.31,2.19,46.82,46.82,0.00,0.00,4.77
1077552,atl,33.250,-16.250,997.42,997.04,8.83,2.24,45.65,45.65,0.00,0.00,3.56
1077552,pac,64.000,185.500,976.22,975.83,13.45,2.86,47.92,49.01,0.00,0.00,6.89
1077552,pac,57.750,164.000,965.88,965.35,19.67,6.03,56.06,56.06,0.00,29996.82,19.21
1077558,atl,64.250,-66.750,999.16,998.72,11.60,2.99,49.34,55.25,0.00,6077.34,13.05
1077558,atl,58.750,-60.500,1004.79,1004.41,11.03,2.99,52.66,52.66,0.00,21997.10,5.92
1077558,atl,39.750,-35.000,1000.10,999.67,11.18,2.82,45.47,45.47,0.00,0.00,4.02
1077558,atl,33.750,-13.250,999.46,999.19,7.76,1.86,46.50,47.39,0.00,0.00,6.63
1077558,pac,58.500,165.750,963.61,963.10,20.26,6.10,60.28,60.28,0.00,51346.48,17.58
1077558,pac,56.250,177.000,973.56,973.11,13.92,3.24,57.38,60.68,0.00,115540.09,7.63
1077564,atl,52.000,-79.250,997.73,997.42,8.34,1.74,25.87,32.62,0.00,0.00,5.14
1077564,atl,39.500,-34.250,1000.81,1000.23,11.45,2.74,39.68,40.09,0.00,0.00,4.24
1077564,atl,34.500,-10.250,1003.35,1003.07,7.26,1.94,48.79,50.00,0.00,662.39,12.40
1077564,pac,59.500,167.250,965.78,965.06,17.81,5.25,54.27,54.27,0.00,27766.92,15.93
1077564,pac,58.750,178.750,968.97,968.33,17.51,4.44,61.92,62.76,0.00,120357.90,9.50
1077570,atl,54.500,-76.000,998.99,998.74,9.30,1.76,29.99,34.83,0.00,0.00,5.66
1077570,atl,38.750,-33.250,999.90,999.68,11.06,2.60,39.22,41.52,0.00,0.00,3.94
1077570,pac,61.750,177.000,965.54,964.12,19.83,4.90,59.25,59.25,0.00,77637.05,9.61
1077570,pac,60.000,169.750,967.55,966.63,15.74,4.27,58.26,59.25,0.00,104873.98,9.61
1077576,atl,57.750,-79.250,1000.31,1000.16,7.27,1.28,38.82,40.43,0.00,0.00,5.87
1077576,atl,38.500,-31.000,999.99,999.71,11.23,2.62,40.27,43.71,0.00,0.00,4.00
1077576,pac,63.000,174.250,964.01,963.26,21.54,4.74,58.02,62.65,0.00,122685.74,10.50
1077582,atl,38.250,-29.500,998.78,998.57,10.63,2.43,39.36,45.13,0.00,0.00,3.96
1077582,pac,64.500,171.250,966.64,965.48,19.83,4.98,44.67,53.77,0.00,15009.01,11.44
1077588,atl,38.250,-27.500,999.06,998.80,10.71,2.34,42.76,45.87,0.00,0.00,4.08
1077588,pac,65.000,174.000,973.44,972.84,15.62,3.55,40.06,53.53,0.00,14596.31,11.57
1077588,pac,65.000,221.500,1003.35,1002.30,7.13,2.00,11.79,38.40,0.00,0.00,17.18
1077588,pac,61.250,221.000,1003.07,1001.28,6.69,2.34,24.35,27.91,0.00,0.00,17.18
1077588,pac,40.000,160.500,1004.05,1002.96,10.71,2.87,61.90,61.90,0.00,27310.71,5.07
1077594,atl,38.750,-26.000,995.53,995.34,11.40,2.37,37.15,47.93,0.00,0.00,4.38
1077594,pac,65.500,220.250,1000.50,999.77,5.92,1.72,14.28,36.93,0.00,0.00,14.06
1077594,pac,65.250,171.750,978.47,977.94,12.76,3.30,38.41,46.13,0.00,0.00,10.18
1077594,pac,64.750,229.000,1002.55,1001.20,8.40,3.07,18.20,24.01,0.00,0.00,17.42
1077594,pac,62.000,226.500,1003.45,1002.59,6.37,1.19,23.51,28.74,0.00,0.00,17.42
1077594,pac,61.500,220.250,1000.94,999.33,4.82,1.72,23.81,25.27,0.00,0.00,12.92
1077594,pac,43.250,169.250,1004.53,1003.34,12.19,3.41,56.89,56.89,0.00,51716.79,7.94
1077600,atl,39.000,-25.250,994.22,994.04,12.19,2.54,36.61,45.35,0.00,0.00,5.00
1077600,pac,65.750,171.750,984.51,984.40,8.85,2.45,34.84,37.95,0.00,0.00,9.83
1077600,pac,64.500,229.500,1000.71,999.49,6.79,2.85,17.18,22.43,0.00,0.00,18.40
1077600,pac,62.750,233.750,1000.23,998.37,9.31,3.49,22.43,25.94,0.00,0.00,18.40
1077600,pac,62.000,226.750,1001.07,1000.00,5.67,0.84,23.66,29.20,0.00,0.00,18.40
1077600,pac,59.000,210.500,997.40,997.24,4.38,1.36,31.01,31.01,0.00,0.00,7.40
1077600,pac,58.500,235.500,1004.18,1000.69,7.56,3.04,30.04,30.04,0.00,0.00,18.40
1077606,atl,39.000,-24.500,991.67,991.53,11.65,2.05,41.57,50.79,0.00,3436.63,5.60
1077606,pac,65.250,220.500,998.32,997.53,4.99,1.85,13.39,30.23,0.00,0.00,13.96
1077606,pac,62.500,233.500,1000.53,998.71,7.29,2.58,23.01,33.38,0.00,0.00,17.02
1077606,pac,62.000,227.000,999.96,998.79,5.34,0.76,23.08,26.37,0.00,0.00,15.72
1077606,pac,59.000,212.500,994.44,994.24,6.66,1.75,42.60,42.60,0.00,0.00,8.27
1077606,pac,58.750,235.500,1001.20,998.44,7.56,2.79,34.36,35.40,0.00,0.00,17.02
1077606,pac,56.000,214.000,994.17,993.87,8.27,1.89,38.67,42.60,0.00,0.00,6.91
1077612,atl,39.000,-23.250,992.38,992.29,10.38,1.78,41.67,49.31,0.00,0.00,5.32
1077612,pac,65.000,220.500,998.62,997.82,4.11,1.59,13.52,28.78,0.00,0.00,13.39
1077612,pac,59.500,213.000,992.37,992.05,8.47,2.09,45.96,46.81,0.00,0.00,12.02
1077612,pac,59.250,234.250,1001.16,997.97,5.87,2.29,31.69,31.69,0.00,0.00,19.39
1077612,pac,56.750,220.250,990.77,990.51,8.97,2.13,36.33,46.81,0.00,0.00,10.33
1077612,pac,43.000,162.750,988.70,986.99,20.55,6.87,70.22,70.22,6248.86,84810.10,14.28
1077618,atl,39.000,-22.500,990.12,989.99,9.67,1.81,44.93,47.25,0.00,0.00,3.77
1077618,pac,59.500,213.750,988.64,988.26,11.94,2.48,50.33,50.33,0.00,813.28,16.54
1077618,pac,58.500,220.250,985.93,984.65,12.02,3.00,42.32,48.83,0.00,0.00,13.20
1077618,pac,57.000,237.750,1004.44,1003.07,6.11,2.69,31.46,31.46,0.00,0.00,16.94
1077618,pac,46.000,168.500,991.22,990.79,16.84,4.38,51.68,53.20,0.00,33402.68,7.95
1077624,atl,55.000,7.500,1004.72,1004.50,4.35,1.13,28.84,35.32,0.00,0.00,3.03
1077624,atl,39.000,-20.750,989.82,989.63,9.73,1.75,48.04,49.73,0.00,0.00,4.95
1077624,pac,59.500,215.000,984.77,984.37,14.29,3.12,54.76,55.52,0.00,44327.08,15.49
1077624,pac,57.000,223.500,989.01,988.76,7.52,1.83,43.38,53.39,0.00,3171.34,8.11
1077624,pac,48.250,173.500,992.40,991.95,15.89,3.83,46.63,49.09,0.00,0.00,7.01
1077630,atl,63.500,9.250,999.25,998.86,7.85,2.10,29.88,47.66,0.00,0.00,7.79
1077630,atl,59.750,4.750,1000.70,1000.09,6.56,1.57,44.43,45.83,0.00,0.00,4.70
1077630,atl,39.250,-19.500,988.77,988.66,9.65,1.60,44.29,51.62,0.00,12524.96,4.76
1077630,pac,58.500,215.750,983.93,983.38,14.40,3.20,55.19,55.19,0.00,64343.93,16.49
1077630,pac,56.000,162.500,998.39,998.12,4.81,1.51,36.73,36.73,0.00,0.00,6.17
1077630,pac,52.500,227.750,991.49,990.99,11.79,3.08,50.38,50.38,0.00,1937.40,8.22
1077630,pac,50.500,180.250,994.58,994.02,13.93,3.21,42.57,45.18,0.00,0.00,5.48
1077636,atl,63.250,6.750,999.89,999.56,8.44,2.03,36.01,47.48,0.00,0.00,5.39
1077636,atl,58.000,7.000,999.86,999.21,5.61,1.47,37.01,37.30,0.00,0.00,3.59
1077636,atl,39.250,-17.750,991.57,991.45,8.18,1.37,43.88,47.70,0.00,0.00,3.63
1077636,pac,59.500,223.500,987.44,986.83,7.86,1.54,26.16,49.09,0.00,0.00,11.25
1077636,pac,59.000,164.500,997.12,996.89,7.13,1.67,37.18,37.18,0.00,0.00,6.15
1077636,pac,57.750,218.250,984.05,983.45,13.44,3.19,53.33,53.33,0.00,74275.80,11.25
1077636,pac,51.750,187.500,996.98,996.49,12.00,2.71,42.08,42.08,0.00,0.00,4.60
1077636,pac,35.750,162.750,1004.50,1003.45,7.27,2.31,69.47,69.47,1256.28,24616.80,5.04
1077642,atl,60.500,2.750,998.35,998.17,9.73,2.16,43.63,44.34,0.00,0.00,5.19
1077642,atl,39.750,-14.750,992.08,992.01,7.62,1.18,45.66,48.29,0.00,0.00,4.10
1077642,pac,61.000,166.000,995.96,995.54,9.27,2.47,39.73,40.28,0.00,0.00,7.16
1077642,pac,61.000,225.750,989.44,988.84,8.21,1.47,16.84,31.72,0.00,0.00,17.00
1077642,pac,57.500,220.000,984.35,983.71,12.64,3.45,46.89,46.89,0.00,0.00,8.12
1077642,pac,52.000,194.000,999.05,998.38,10.68,2.53,39.66,39.66,0.00,0.00,4.52
1077642,pac,39.250,165.750,992.35,989.12,13.94,4.65,75.19,75.19,5997.02,76534.72,15.86
1077648,atl,59.500,3.500,997.61,997.33,9.98,2.46,32.01,41.08,0.00,0.00,7.78
1077648,atl,43.750,-3.000,997.75,997.48,5.53,1.56,33.65,36.96,0.00,0.00,6.63
1077648,atl,39.750,-12.750,994.26,994.14,7.63,1.17,39.26,43.56,0.00,0.00,3.77
1077648,atl,31.000,-44.750,977.21,976.87,19.60,4.48,71.95,71.95,35583.68,388905.77,9.98
1077648,pac,64.750,161.750,998.34,998.00,8.01,2.02,26.41,34.03,0.00,0.00,10.66
1077648,pac,62.750,168.500,998.66,997.87,8.71,2.65,31.70,35.95,0.00,0.00,8.58
1077648,pac,62.750,229.500,991.56,990.97,10.57,2.93,12.09,21.30,0.00,0.00,19.94
1077648,pac,61.750,227.000,991.60,991.07,8.38,1.23,18.44,37.05,0.00,0.00,19.94
1077648,pac,57.500,221.000,986.40,985.99,10.94,3.23,39.34,39.34,0.00,0.00,10.55
1077648,pac,50.750,207.250,998.86,998.31,7.71,2.01,41.83,42.06,0.00,0.00,3.86
1077648,pac,44.000,162.500,978.47,977.65,25.30,7.65,77.60,77.60,43296.00,248307.85,14.46
1077648,pac,43.500,168.500,983.51,980.50,20.83,6.35,76.10,76.10,36207.87,272715.19,13.97
1077654,atl,59.250,3.000,998.04,997.51,9.80,2.50,43.86,43.86,0.00,0.00,8.56
1077654,atl,43.000,4.250,997.00,996.69,6.44,1.58,34.84,44.39,0.00,0.00,10.77
1077654,atl,40.250,-10.000,994.42,994.25,7.79,1.59,37.71,41.22,0.00,0.00,3.49
1077654,atl,38.500,-60.500,1004.19,1003.32,6.71,1.86,35.97,40.22,0.00,0.00,4.53
1077654,atl,32.750,-42.500,972.40,972.00,21.19,5.06,70.69,70.69,38317.27,409454.67,10.92
1077654,pac,64.250,171.500,1003.86,1003.64,4.33,1.26,26.80,34.75,0.00,0.00,5.70
1077654,pac,63.000,174.500,1003.98,1003.49,6.44,1.94,34.75,39.06,0.00,0.00,5.64
1077654,pac,62.500,231.750,991.21,990.69,11.54,3.70,22.52,27.04,0.00,0.00,16.07
1077654,pac,57.500,221.500,987.22,986.85,10.24,2.84,36.89,36.89,0.00,0.00,11.07
1077654,pac,49.500,215.250,994.72,994.09,8.92,2.28,44.85,45.19,0.00,0.00,4.35
1077654,pac,48.000,169.250,973.74,970.90,26.61,7.70,70.10,70.86,32661.44,284079.74,14.20
1077654,pac,45.500,166.000,977.86,976.98,23.07,5.41,73.30,73.30,53176.32,410748.75,14.20
1077660,atl,58.750,1.500,999.71,999.35,9.33,2.24,43.14,43.14,0.00,0.00,8.56
1077660,atl,43.000,5.500,998.11,997.75,4.69,1.19,40.42,40.42,0.00,0.00,9.71
1077660,atl,42.500,-62.250,1003.88,1003.47,10.92,2.83,44.18,44.18,0.00,0.00,5.56
1077660,atl,40.250,-9.000,997.48,997.10,6.65,1.33,37.58,39.29,0.00,0.00,3.52
1077660,atl,38.750,-60.000,1002.24,1001.49,6.88,1.63,40.26,44.18,0.00,0.00,3.88
1077660,atl,34.750,-40.750,968.48,967.96,23.99,5.73,71.92,71.92,21729.16,356904.10,10.51
1077660,pac,62.250,232.000,993.82,993.51,10.59,3.63,18.03,25.34,0.00,0.00,16.68
1077660,pac,57.500,221.250,988.25,987.70,11.02,2.68,35.04,36.34,0.00,0.00,15.87
1077660,pac,50.250,169.250,968.64,966.64,28.55,8.01,59.50,64.21,527.03,139464.23,13.66
1077660,pac,48.750,220.750,988.75,987.89,11.85,3.10,41.16,47.07,0.00,0.00,5.14
1077666,atl,58.000,0.750,1000.76,1000.57,8.80,2.01,43.95,43.95,0.00,0.00,8.71
1077666,atl,40.750,-1.250,998.78,998.42,4.51,0.78,29.38,43.54,0.00,0.00,5.04
1077666,atl,39.250,-60.000,999.00,998.18,8.12,1.85,45.58,45.58,0.00,0.00,5.51
1077666,atl,36.250,-39.250,960.45,959.72,28.23,6.97,79.60,79.60,93981.77,496333.98,13.83
1077666,pac,62.000,232.250,998.08,997.65,9.39,3.39,15.32,23.81,0.00,0.00,17.20
1077666,pac,57.000,220.500,990.69,990.31,12.04,2.50,37.16,44.31,0.00,0.00,19.77
1077666,pac,51.500,172.250,971.78,970.63,23.65,6.23,65.79,65.79,6948.95,131160.08,9.51
1077666,pac,48.250,225.000,985.54,984.93,13.12,3.00,45.13,45.67,0.00,0.00,5.97
1077672,atl,57.250,-0.750,1002.29,1001.96,8.50,2.06,42.36,44.59,0.00,0.00,7.17
1077672,atl,56.000,5.000,1003.47,1003.32,5.90,1.57,44.59,44.59,0.00,0.00,7.22
1077672,atl,43.000,7.750,999.26,999.11,4.22,0.82,35.61,36.71,0.00,0.00,7.30
1077672,atl,40.500,4.500,999.21,999.00,5.06,0.88,36.71,41.72,0.00,0.00,7.73
1077672,atl,40.250,1.250,998.96,998.67,6.42,1.43,37.89,41.92,0.00,0.00,7.73
1077672,atl,38.250,-38.250,954.27,953.50,33.72,8.62,80.72,80.72,234474.27,566618.67,14.13
1077672,atl,35.250,-56.750,996.79,996.08,5.55,1.47,43.41,43.41,0.00,0.00,3.06
1077672,pac,61.250,232.250,1003.66,1003.23,6.83,2.98,17.28,20.33,0.00,0.00,12.91
1077672,pac,55.250,221.000,994.13,994.05,9.21,1.63,39.42,45.70,0.00,0.00,15.36
1077672,pac,54.000,176.500,976.16,975.55,17.46,4.01,54.14,54.14,0.00,39636.42,6.90
1077672,pac,48.750,228.250,981.73,981.10,14.61,3.31,54.70,55.79,0.00,48882.18,9.90
1077678,atl,56.500,-1.000,1003.78,1003.55,7.18,1.65,39.34,39.95,0.00,0.00,4.79
1077678,atl,56.000,5.250,1004.82,1004.62,5.39,1.56,39.95,39.95,0.00,0.00,5.33
1077678,atl,41.250,8.000,997.22,996.89,5.89,1.05,38.85,44.04,0.00,0.00,8.96
1077678,atl,39.750,-37.250,952.73,951.82,33.94,8.29,81.61,81.61,242705.45,548603.37,13.06
1077678,atl,34.750,-55.750,994.28,992.98,6.34,1.80,35.61,39.03,0.00,0.00,4.38
1077678,pac,58.250,178.000,976.19,976.07,16.22,2.08,44.83,50.43,0.00,864.25,9.28
1077678,pac,49.250,229.750,980.85,980.39,14.50,3.31,49.59,51.03,0.00,13387.92,9.39
1077684,atl,41.000,-36.250,955.71,954.93,31.79,7.75,69.91,74.36,141343.87,501845.21,9.32
1077684,atl,34.250,-55.750,994.61,993.85,6.59,1.88,38.88,41.77,0.00,0.00,3.20
1077684,pac,60.250,179.750,975.18,974.98,16.32,2.50,43.48,48.14,0.00,0.00,9.82
1077684,pac,49.250,230.500,981.28,980.88,14.45,3.30,45.53,45.53,0.00,0.00,10.57
1077684,pac,39.000,184.000,1004.75,1003.83,9.24,2.68,61.30,61.30,0.00,15909.39,8.99
1077690,atl,41.750,-35.000,957.92,956.96,28.97,6.95,63.05,68.31,24103.68,398211.50,7.70
1077690,atl,33.750,-55.250,993.84,993.33,6.52,1.80,41.30,41.30,0.00,0.00,3.13
1077690,pac,62.250,183.250,975.02,974.83,16.34,2.47,40.39,48.68,0.00,0.00,10.69
1077690,pac,49.000,230.250,984.34,983.84,14.19,3.37,44.46,50.42,0.00,529.49,9.00
1077690,pac,43.750,188.000,1000.91,1000.28,9.57,2.74,52.83,52.83,0.00,4026.16,8.73
1077696,atl,43.750,9.500,996.72,996.30,9.99,2.56,46.21,46.21,0.00,0.00,21.75
1077696,atl,42.500,-34.500,961.44,960.51,26.77,6.68,63.79,65.24,4889.09,356017.00,7.67
1077696,atl,40.500,-13.750,998.73,998.26,7.95,2.04,48.45,48.45,0.00,0.00,5.41
1077696,atl,33.000,-55.250,996.32,995.72,6.19,1.58,37.70,40.06,0.00,0.00,2.60
1077696,pac,63.750,185.750,974.60,974.35,16.29,2.96,43.87,44.77,0.00,0.00,10.90
1077696,pac,47.500,191.500,996.95,996.48,9.11,2.55,46.44,46.44,0.00,0.00,4.26
1077696,pac,47.500,230.250,989.14,988.40,12.51,3.20,52.20,52.20,0.00,12474.86,6.03
1077702,atl,43.750,9.750,997.24,996.64,10.08,2.71,43.50,43.50,0.00,0.00,23.63
1077702,atl,43.250,-33.500,963.49,962.69,24.94,6.13,67.93,68.84,23543.94,279152.71,7.98
1077702,atl,40.500,-9.500,999.43,998.79,7.32,1.96,36.03,43.19,0.00,0.00,5.72
1077702,atl,32.000,-54.750,998.12,997.83,5.31,1.31,35.87,39.62,0.00,0.00,2.28
1077702,pac,65.500,187.250,975.78,975.52,15.84,3.17,44.90,49.97,0.00,0.00,8.43
1077702,pac,51.500,196.500,994.52,994.19,8.19,2.08,39.13,39.13,0.00,0.00,3.81
1077702,pac,47.500,161.500,999.45,999.10,8.32,2.61,41.06,42.45,0.00,0.00,4.89
1077702,pac,45.500,230.750,996.36,995.98,9.53,2.50,53.83,53.83,0.00,15769.59,4.98
1077702,pac,32.000,160.000,997.71,995.60,12.52,4.00,68.27,68.27,2624.92,72906.18,13.01
1077708,atl,44.000,-33.000,965.10,964.15,24.66,6.16,64.40,64.40,2139.92,228922.82,8.53
1077708,atl,39.000,-2.750,1003.84,1003.02,5.16,1.22,43.50,43.50,0.00,0.00,9.94
1077708,pac,55.250,201.000,991.47,991.19,8.75,1.79,36.21,39.72,0.00,0.00,7.98
1077708,pac,48.500,165.500,998.96,998.47,8.33,2.20,39.58,46.41,0.00,0.00,4.10
1077708,pac,43.000,231.750,1000.45,1000.10,8.46,2.39,51.34,51.34,0.00,14702.94,4.55
1077708,pac,32.500,162.750,997.55,997.09,13.49,4.07,58.35,58.35,0.00,62787.82,8.82
1077714,atl,44.500,-32.500,964.96,964.13,24.03,5.86,66.88,66.88,10589.61,216804.46,7.80
1077714,atl,38.000,-1.000,1004.77,1004.57,5.01,1.35,41.65,41.65,0.00,0.00,7.12
1077714,pac,56.750,204.000,987.68,987.27,12.38,2.60,43.34,51.39,0.00,398.01,13.07
1077714,pac,53.250,160.250,998.43,997.50,4.57,1.70,37.27,40.99,0.00,0.00,8.19
1077714,pac,50.000,171.250,997.14,996.50,9.31,2.33,40.20,44.06,0.00,0.00,4.74
1077714,pac,40.500,233.500,1004.29,1003.82,8.07,2.33,48.63,48.63,0.00,0.00,4.04
1077714,pac,34.250,167.500,996.53,994.89,14.75,4.33,59.22,59.22,0.00,64818.03,9.70
1077720,atl,44.750,-31.500,966.86,966.17,22.65,5.35,60.34,63.42,0.00,180975.72,7.30
1077720,pac,57.750,206.500,986.22,985.75,13.77,3.00,53.21,53.21,0.00,3157.97,14.24
1077720,pac,54.500,161.750,996.98,996.26,6.20,2.31,34.91,34.91,0.00,0.00,8.54
1077720,pac,51.500,174.500,995.84,995.15,9.63,2.42,40.83,48.06,0.00,0.00,4.59
1077720,pac,39.000,235.250,1003.83,1003.24,8.84,2.93,45.03,45.87,0.00,0.00,9.26
1077720,pac,35.750,171.250,995.42,992.04,18.33,6.51,72.64,72.64,8823.30,87828.64,15.73
1077726,atl,56.000,-10.500,1003.57,1003.45,6.39,1.43,32.93,42.33,0.00,0.00,4.02
1077726,atl,45.000,-30.750,967.84,967.17,21.78,5.09,59.15,61.32,0.00,170798.01,6.88
1077726,atl,44.750,-14.500,986.25,984.93,10.99,2.99,47.55,47.55,0.00,0.00,6.85
1077726,pac,58.500,209.000,983.38,982.34,17.23,4.44,55.81,62.95,0.00,27455.98,11.98
1077726,pac,56.000,163.250,995.11,994.38,7.78,2.82,37.41,37.41,0.00,0.00,12.28
1077726,pac,53.250,179.500,995.76,995.05,10.12,2.40,39.72,45.46,0.00,0.00,5.16
1077726,pac,36.750,174.500,997.42,994.52,16.74,5.83,66.28,66.28,1234.32,89885.80,15.46
1077732,atl,55.750,-10.500,1003.67,1003.57,6.09,1.50,37.87,46.07,0.00,0.00,4.12
1077732,atl,45.000,-29.750,970.07,969.48,21.60,5.15,52.94,59.19,0.00,130857.47,7.31
1077732,atl,45.000,-11.250,991.23,990.60,7.42,1.99,51.84,51.84,0.00,2767.68,6.14
1077732,atl,44.750,-8.000,991.06,989.94,10.32,2.66,51.84,51.84,0.00,2767.68,7.28
1077732,atl,39.250,-65.750,1000.81,1000.34,13.20,3.52,50.80,50.80,0.00,2399.87,7.01
1077732,pac,65.500,227.500,1004.76,1002.04,5.89,2.06,29.64,37.47,0.00,0.00,17.49
1077732,pac,59.500,211.750,982.73,982.16,19.64,5.13,64.39,64.39,386.38,22528.35,24.99
1077732,pac,58.250,164.500,993.22,992.40,10.83,3.30,44.17,45.36,0.00,0.00,11.00
1077732,pac,55.500,184.250,994.03,993.46,11.66,3.11,44.03,50.04,0.00,446.00,5.11
1077732,pac,52.000,171.500,998.61,997.92,6.54,2.06,44.71,44.71,0.00,0.00,5.64
1077732,pac,44.250,211.500,1004.89,1004.16,16.48,4.97,61.11,61.11,0.00,82357.38,9.10
1077732,pac,38.000,178.750,996.04,993.15,19.18,6.98,64.71,64.71,1851.48,96753.18,13.75
1077738,atl,45.250,-5.250,992.21,991.34,9.75,2.80,55.30,55.30,0.00,14349.40,9.32
1077738,atl,44.750,-28.500,972.20,971.62,19.92,4.63,51.91,55.92,0.00,85113.01,6.76
1077738,atl,40.250,-63.250,991.51,990.74,20.16,5.84,66.89,66.89,2951.18,49878.92,12.48
1077738,pac,65.250,227.500,999.99,997.78,6.64,1.70,31.50,35.02,0.00,0.00,15.99
1077738,pac,60.250,213.250,985.06,983.22,19.98,5.07,54.34,56.35,0.00,27736.00,20.58
1077738,pac,59.500,165.250,991.55,990.30,14.18,3.85,43.73,43.73,0.00,0.00,11.28
1077738,pac,57.250,186.750,991.48,991.14,12.66,3.45,45.86,45.86,0.00,0.00,5.51
1077738,pac,43.750,213.500,1003.45,1002.20,19.52,6.02,71.59,71.59,16477.68,165876.97,11.52
1077738,pac,39.000,182.000,998.32,996.30,17.04,5.97,63.82,63.82,0.00,56401.69,10.91
1077744,atl,44.750,-26.750,975.07,974.49,18.67,4.27,51.67,57.29,0.00,97440.77,6.14
1077744,atl,44.750,-1.500,995.50,994.65,8.41,2.62,48.53,48.53,0.00,0.00,8.14
1077744,atl,41.500,6.000,1000.90,1000.63,6.53,1.76,37.92,40.40,0.00,0.00,11.57
1077744,atl,41.000,-61.500,982.90,981.26,27.57,8.62,75.64,75.64,33281.67,226880.54,17.34
1077744,pac,65.000,229.500,998.59,996.40,7.50,1.66,33.78,36.55,0.00,0.00,19.07
1077744,pac,63.750,233.500,997.68,996.40,11.11,3.27,33.78,35.57,0.00,0.00,19.07
1077744,pac,62.000,224.500,997.19,996.24,7.26,2.78,38.61,38.61,0.00,0.00,19.18
1077744,pac,60.750,160.250,999.78,998.87,11.40,3.08,48.12,48.12,0.00,0.00,21.64
1077744,pac,60.500,166.500,993.64,992.59,14.55,3.78,42.33,48.12,0.00,0.00,14.60
1077744,pac,60.250,214.500,994.32,993.16,14.59,4.28,50.31,50.31,0.00,1609.33,19.18
1077744,pac,58.500,188.500,988.55,988.14,15.52,4.38,48.31,48.31,0.00,0.00,7.98
1077744,pac,42.750,215.500,1004.94,1003.85,17.65,5.13,62.58,62.58,0.00,134751.45,8.06
1077744,pac,40.500,185.500,1001.39,999.78,13.95,4.51,63.46,63.46,0.00,51056.40,7.54
1077750,atl,59.250,3.000,1004.50,1003.98,7.22,2.40,40.77,40.77,0.00,0.00,6.19
1077750,atl,45.250,2.000,999.23,998.83,6.07,1.71,27.71,36.59,0.00,0.00,15.21
1077750,atl,44.750,-24.500,976.35,975.85,17.13,4.05,52.72,54.40,0.00,86924.57,5.85
1077750,atl,42.000,-59.750,977.88,976.36,30.99,9.34,72.51,72.51,22200.19,297130.54,15.80
1077750,pac,63.000,234.250,996.17,995.06,12.19,3.44,31.75,31.93,0.00,0.00,16.79
1077750,pac,61.750,168.500,997.87,997.31,12.04,3.10,38.04,42.26,0.00,0.00,15.23
1077750,pac,60.500,172.500,999.35,998.61,8.20,1.90,40.22,43.01,0.00,0.00,8.49
1077750,pac,60.000,216.250,1003.88,1003.15,8.57,3.00,39.78,39.78,0.00,0.00,12.64
1077750,pac,59.250,191.000,988.45,988.10,16.91,4.82,45.50,45.50,0.00,0.00,9.02
1077750,pac,42.750,188.000,1000.91,999.59,13.97,4.43,62.41,62.41,0.00,56164.33,7.09
1077750,pac,39.750,174.250,1003.39,1002.99,8.57,2.19,56.77,56.77,0.00,84794.72,5.78
1077750,pac,36.750,177.250,1000.91,1000.06,8.19,2.29,53.16,53.16,0.00,1847.41,5.43
1077756,atl,68.000,4.000,999.08,998.93,14.95,3.01,70.14,70.14,31293.23,196033.43,10.44
1077756,atl,59.000,4.500,1001.61,1000.74,7.09,2.43,37.14,38.17,0.00,0.00,6.28
1077756,atl,44.750,-22.500,978.10,977.51,16.13,4.07,52.30,52.30,0.00,30870.01,5.57
1077756,atl,43.000,-59.000,976.12,974.30,32.69,9.78,70.83,70.83,29190.54,333717.47,14.68
1077756,pac,62.750,234.000,1003.44,1001.36,6.52,2.30,30.13,31.33,0.00,0.00,14.19
1077756,pac,61.750,173.750,1000.13,999.54,10.26,3.12,41.69,41.69,0.00,0.00,9.07
1077756,pac,60.000,194.750,991.86,991.45,15.31,4.27,44.74,44.74,0.00,0.00,8.42
1077756,pac,56.250,181.250,1004.79,1004.45,5.54,1.75,52.90,52.90,0.00,5659.42,5.23
1077756,pac,45.000,190.250,1000.31,999.64,13.47,3.76,56.11,56.11,0.00,65412.80,5.97
1077756,pac,38.250,180.500,994.41,992.34,12.47,3.04,50.56,62.32,0.00,22431.77,9.61
1077762,atl,65.750,3.500,994.87,994.63,13.84,3.11,66.34,66.34,17371.87,156702.58,9.50
1077762,atl,58.750,6.500,998.77,998.49,6.61,2.03,34.49,40.83,0.00,0.00,5.00
1077762,atl,45.000,-20.250,976.90,976.36,16.33,3.94,54.60,56.53,0.00,37684.94,5.56
1077762,atl,44.000,-58.500,977.01,974.94,30.39,8.95,67.72,67.72,21239.53,238290.95,13.28
1077762,pac,62.750,174.750,1001.90,1000.95,10.47,3.23,42.43,42.43,0.00,0.00,8.61
1077762,pac,61.000,199.000,997.45,996.77,11.98,3.27,38.11,38.11,0.00,0.00,14.76
1077762,pac,47.500,192.250,1002.24,1001.78,11.35,3.00,53.58,55.98,0.00,27824.72,5.72
1077762,pac,40.000,183.750,985.77,984.01,18.66,4.78,54.24,61.72,0.00,59674.42,11.03
1077768,atl,64.250,3.500,992.23,992.02,13.63,3.27,64.18,65.48,4822.19,119084.88,9.04
1077768,atl,45.250,-58.500,981.89,980.17,27.02,7.79,59.73,59.73,0.00,121261.25,10.22
1077768,atl,45.250,-18.000,977.10,976.54,17.28,4.12,51.56,60.76,0.00,59117.77,6.45
1077768,atl,40.500,0.500,998.32,998.00,6.74,1.79,43.65,47.53,0.00,0.00,8.79
1077768,pac,62.000,203.750,1004.44,1003.91,7.63,2.21,31.12,37.15,0.00,0.00,16.28
1077768,pac,41.000,185.750,979.73,978.77,21.76,5.78,59.75,60.74,0.00,197684.49,10.00
1077774,atl,62.750,2.750,992.03,991.73,12.32,3.17,58.49,60.00,0.00,101464.28,6.87
1077774,atl,46.500,-60.250,986.35,984.49,24.43,6.81,61.76,61.76,0.00,101539.54,9.51
1077774,atl,45.500,-15.250,978.16,977.52,16.18,4.09,47.54,60.11,0.00,69304.40,7.17
1077774,atl,41.000,5.500,997.12,996.61,7.66,2.01,42.24,43.57,0.00,0.00,15.66
1077774,pac,41.500,187.500,977.30,976.44,23.59,6.48,69.90,69.90,37825.72,303271.89,9.83
1077780,atl,60.750,1.750,993.96,993.70,11.51,3.39,51.20,51.20,0.00,15834.85,6.19
1077780,atl,46.500,-64.250,993.98,992.01,20.64,5.57,59.85,59.85,0.00,62490.39,9.45
1077780,atl,46.250,-13.500,980.65,979.80,17.09,4.69,54.33,55.34,0.00,111739.34,6.98
1077780,atl,39.750,-63.250,1004.07,1003.87,5.19,1.19,46.76,54.26,0.00,9623.22,2.79
1077780,pac,42.000,189.500,975.81,974.94,24.60,6.65,70.54,70.54,81859.69,351894.21,10.77
1077786,atl,58.750,2.000,995.55,995.26,10.12,2.99,44.48,44.90,0.00,0.00,5.60
1077786,atl,46.250,-13.750,981.26,980.42,17.84,5.01,57.86,57.86,0.00,155470.71,8.13
1077786,atl,43.000,-66.500,1000.30,999.82,11.61,3.21,51.23,51.23,0.00,8977.91,10.40
1077786,atl,40.750,-60.000,997.14,996.87,10.05,2.57,46.78,57.83,0.00,33943.33,5.11
1077786,pac,43.000,192.000,979.17,978.67,21.37,5.13,63.31,66.23,6958.80,313128.44,7.44
1077792,atl,57.250,2.500,997.31,996.89,9.35,2.83,41.43,41.43,0.00,0.00,4.86
1077792,atl,45.000,-14.250,984.68,983.94,16.42,4.29,57.93,57.93,0.00,140033.04,6.66
1077792,atl,44.500,-4.750,994.70,994.45,5.14,1.13,32.94,48.31,0.00,0.00,5.61
1077792,atl,41.250,-58.000,990.00,989.51,17.52,4.40,57.69,57.69,0.00,71228.30,10.07
1077792,pac,44.250,193.000,981.15,980.53,20.06,4.88,61.46,61.46,0.00,264854.55,7.15
1077798,atl,55.500,4.000,1000.40,1000.16,7.09,2.16,36.83,36.83,0.00,0.00,4.02
1077798,atl,45.000,-4.000,994.00,993.75,6.85,1.76,43.55,49.38,0.00,0.00,4.63
1077798,atl,43.750,-40.250,1004.26,1003.79,8.25,2.35,44.27,44.27,0.00,0.00,4.59
1077798,atl,43.750,-14.250,988.23,987.62,14.41,3.64,52.10,52.82,0.00,46998.03,5.28
1077798,atl,43.250,1.750,996.00,995.60,5.68,1.03,25.67,33.33,0.00,0.00,10.71
1077798,atl,41.000,-59.250,985.09,984.39,20.94,5.67,65.39,65.39,2278.88,226393.17,13.19
1077798,atl,40.500,0.750,996.29,996.01,5.32,1.24,34.37,40.70,0.00,0.00,4.74
1077798,pac,45.250,193.250,985.55,985.21,18.14,3.95,56.10,60.50,0.00,208495.94,6.54
1077798,pac,35.500,195.500,999.27,998.97,5.04,1.16,34.84,38.24,0.00,0.00,3.70
1077804,atl,54.500,5.750,1003.89,1003.49,5.53,1.88,31.24,31.24,0.00,0.00,3.00
1077804,atl,45.000,-4.000,995.35,994.66,7.19,1.98,42.72,46.65,0.00,0.00,4.75
1077804,atl,43.000,4.000,994.01,993.53,8.55,2.04,38.34,38.34,0.00,0.00,13.80
1077804,atl,42.250,-13.250,993.07,992.62,12.09,2.92,46.66,48.80,0.00,0.00,4.32
1077804,atl,39.500,-57.000,983.79,982.84,20.18,5.09,67.48,71.53,48439.49,378143.67,8.64
1077804,pac,45.750,192.000,988.50,988.01,17.42,3.90,56.26,57.06,0.00,207618.13,6.16
1077804,pac,35.750,197.500,994.61,994.17,7.47,1.75,41.42,42.00,0.00,0.00,4.54
1077810,atl,46.000,-39.250,1002.36,1001.72,8.15,2.38,41.52,41.52,0.00,0.00,4.98
1077810,atl,44.500,-3.750,997.75,997.16,6.54,1.94,40.78,41.79,0.00,0.00,4.22
1077810,atl,43.500,5.000,996.63,996.32,6.44,1.54,46.42,46.42,0.00,0.00,11.78
1077810,atl,41.250,-11.750,995.93,995.62,10.68,2.60,40.10,44.94,0.00,0.00,4.08
1077810,atl,39.000,-55.250,982.43,981.69,18.60,4.48,60.82,62.79,0.00,350819.28,6.30
1077810,pac,45.000,191.000,991.40,991.01,13.57,3.16,50.14,50.14,0.00,1102.36,5.20
1077810,pac,36.750,199.000,992.64,992.16,8.62,2.05,41.19,47.29,0.00,0.00,4.71
1077816,atl,46.250,-39.500,1002.53,1002.19,6.46,1.94,44.08,44.08,0.00,0.00,5.09
1077816,atl,44.000,-2.000,1000.57,999.90,5.85,1.90,37.77,37.77,0.00,0.00,4.47
1077816,atl,42.750,6.750,999.65,999.34,4.58,1.13,34.76,37.44,0.00,0.00,8.48
1077816,atl,41.000,-10.000,997.73,997.25,10.79,2.97,40.79,41.81,0.00,0.00,4.57
1077816,atl,38.000,-52.000,983.87,983.34,15.11,3.53,61.16,61.31,0.00,268128.58,6.07
1077816,atl,37.000,-76.250,1003.57,1003.20,9.23,2.60,48.55,48.55,0.00,0.00,5.06
1077816,pac,44.000,191.000,993.63,993.29,9.43,2.23,43.97,43.98,0.00,0.00,3.92
1077816,pac,41.500,160.750,1004.79,1004.37,4.56,1.53,47.85,52.21,0.00,3025.96,6.88
1077816,pac,40.250,198.250,990.80,990.37,9.40,2.11,44.90,46.66,0.00,0.00,4.45
1077822,atl,68.000,7.250,999.20,999.03,5.65,1.16,29.46,41.91,0.00,0.00,5.11
1077822,atl,43.500,-0.500,1003.40,1002.80,4.68,1.46,36.04,36.05,0.00,0.00,5.65
1077822,atl,43.250,7.750,1001.34,1001.00,4.89,1.08,33.33,36.44,0.00,0.00,7.84
1077822,atl,40.500,-9.250,999.54,998.56,10.25,2.88,36.50,37.75,0.00,0.00,4.74
1077822,atl,38.500,-75.000,1000.69,999.96,11.15,3.28,48.91,49.20,0.00,0.00,5.54
1077822,atl,37.750,-48.250,982.55,982.17,12.73,2.78,60.03,62.60,0.00,237087.67,5.50
1077822,pac,45.000,163.750,1001.38,1000.82,4.65,1.72,44.83,45.66,0.00,0.00,4.57
1077822,pac,42.000,174.000,1003.37,1003.07,6.94,2.08,32.45,33.01,0.00,0.00,4.09
1077822,pac,41.500,197.000,991.32,990.72,10.04,2.31,40.58,43.62,0.00,0.00,3.88
1077828,atl,68.250,6.750,998.35,997.92,7.54,1.48,40.54,48.14,0.00,0.00,6.99
1077828,atl,60.000,-11.500,1002.70,1002.23,9.33,2.20,47.59,47.59,0.00,0.00,6.35
1077828,atl,43.500,7.000,1003.74,1003.50,5.43,1.37,26.32,38.45,0.00,0.00,8.86
1077828,atl,42.000,-44.000,981.65,981.30,13.26,2.76,56.20,56.20,0.00,44849.80,6.39
1077828,atl,39.500,-74.000,1000.24,999.59,11.00,3.13,49.30,49.30,0.00,0.00,7.22
1077828,pac,51.250,164.250,998.63,998.39,5.56,1.49,50.11,50.11,0.00,475.76,5.80
1077828,pac,42.250,174.750,1001.80,1001.51,5.23,1.51,37.54,37.54,0.00,0.00,3.22
1077828,pac,42.250,195.750,990.25,989.75,10.82,2.40,42.47,42.81,0.00,0.00,4.11
1077834,atl,68.250,6.000,996.97,996.42,9.15,2.21,50.76,50.76,0.00,833.95,5.72
1077834,atl,64.750,-26.750,1001.64,1000.57,14.07,4.37,50.53,50.53,0.00,650.11,8.32
1077834,atl,60.500,-9.000,1000.95,1000.64,9.34,2.67,46.94,46.94,0.00,0.00,6.15
1077834,atl,41.000,-45.250,978.84,978.31,14.51,3.44,62.13,62.13,0.00,113626.58,7.72
1077834,atl,40.000,-72.750,995.90,994.84,12.23,3.62,46.17,47.76,0.00,0.00,6.81
1077834,atl,39.000,-41.000,979.88,979.73,9.58,1.57,56.07,57.48,0.00,153289.18,5.59
1077834,pac,50.750,165.500,994.49,994.09,8.27,1.96,41.50,48.79,0.00,0.00,5.01
1077834,pac,42.750,194.250,989.86,989.52,10.61,2.30,37.53,41.63,0.00,0.00,3.68
1077834,pac,41.000,179.250,998.42,997.98,5.01,1.55,36.86,38.79,0.00,0.00,3.06
1077840,atl,67.750,6.000,997.27,996.93,9.90,2.85,44.29,44.29,0.00,0.00,5.98
1077840,atl,64.250,-27.000,1000.83,999.81,14.80,3.94,48.99,48.99,0.00,0.00,7.97
1077840,atl,60.500,-7.750,1000.21,999.91,9.56,2.81,46.52,46.52,0.00,0.00,5.70
1077840,atl,43.250,-39.500,979.00,978.68,12.02,2.30,54.99,54.99,0.00,110157.32,5.92
1077840,atl,40.750,-70.750,995.64,994.93,12.08,3.31,49.57,49.57,0.00,0.00,5.68
1077840,pac,53.000,164.500,990.60,990.23,12.52,3.46,46.84,46.84,0.00,0.00,5.78
1077840,pac,43.750,176.500,995.84,995.27,5.86,1.93,40.57,40.57,0.00,0.00,4.26
1077840,pac,43.500,193.500,988.88,988.59,9.60,1.98,32.78,38.34,0.00,0.00,3.64
1077840,pac,41.000,181.500,995.83,995.21,4.45,1.46,37.17,39.99,0.00,0.00,3.80
1077846,atl,63.250,-27.750,1000.06,999.71,14.50,3.19,48.99,48.99,0.00,0.00,8.48
1077846,atl,60.750,-5.000,999.16,998.93,9.94,2.75,48.56,48.56,0.00,0.00,5.67
1077846,atl,44.750,-37.000,976.34,975.50,13.89,3.10,62.58,62.58,0.00,218409.46,7.72
1077846,atl,41.750,-69.500,991.23,990.49,14.28,3.87,53.27,53.27,0.00,23181.94,6.64
1077846,pac,54.750,160.750,990.10,989.29,11.86,3.16,51.62,51.62,0.00,2454.07,14.16
1077846,pac,44.500,192.500,988.49,988.22,8.19,1.68,30.41,39.11,0.00,0.00,3.27
1077846,pac,43.500,179.250,991.93,991.10,6.63,2.28,42.47,42.47,0.00,0.00,5.20
1077852,atl,61.500,-24.500,999.24,999.05,12.61,2.11,43.48,54.62,0.00,22140.14,9.38
1077852,atl,61.250,-2.500,999.56,999.41,11.21,2.84,45.19,45.19,0.00,0.00,5.84
1077852,atl,43.500,-32.000,979.09,978.94,8.27,1.33,41.15,53.44,0.00,11182.01,5.63
1077852,atl,42.750,-38.500,978.72,978.14,12.38,2.90,56.95,56.95,0.00,100939.01,7.04
1077852,atl,42.500,-68.750,989.18,988.30,15.66,4.29,52.42,54.03,0.00,57773.19,9.04
1077852,pac,46.750,186.500,985.48,985.28,6.59,1.17,25.50,37.02,0.00,0.00,3.31
1077858,atl,62.250,0.750,998.30,998.04,13.06,3.32,44.57,44.57,0.00,0.00,9.66
1077858,atl,58.250,-21.500,995.14,994.84,9.80,2.11,40.39,46.98,0.00,0.00,4.62
1077858,atl,45.000,-30.250,977.69,977.57,9.87,1.50,50.18,56.26,0.00,67744.52,6.09
1077858,atl,42.750,-67.000,988.40,987.95,14.42,3.91,55.63,55.63,0.00,78604.98,7.39
1077858,atl,42.750,-61.500,991.86,991.35,9.64,2.13,50.60,55.63,0.00,73990.66,6.00
1077858,atl,41.250,-37.000,979.95,979.59,10.66,2.34,54.11,54.11,0.00,39817.15,5.29
1077858,pac,47.250,185.250,981.68,981.43,8.82,1.63,37.60,44.88,0.00,0.00,4.04
1077864,atl,65.250,5.500,996.53,996.20,14.36,3.72,49.42,49.42,0.00,0.00,10.61
1077864,atl,58.750,-22.750,991.62,991.29,12.98,2.84,62.08,63.36,0.00,152150.22,7.33
1077864,atl,58.500,-18.500,992.18,991.44,12.82,3.03,63.36,63.36,0.00,147902.92,7.33
1077864,atl,45.750,-28.250,979.18,978.97,10.50,2.12,48.94,50.84,0.00,2142.36,4.76
1077864,atl,43.250,-59.750,991.46,990.70,10.93,2.83,47.09,54.14,0.00,23130.20,5.67
1077864,atl,41.250,-54.000,994.98,994.50,7.06,1.76,42.92,47.78,0.00,0.00,5.37
1077864,pac,47.250,185.500,979.46,979.19,11.29,2.29,52.64,54.62,0.00,58229.82,5.08
1077870,atl,66.250,7.750,992.41,991.22,17.83,5.22,53.66,53.66,0.00,12713.66,12.06
1077870,atl,58.250,-24.500,986.01,985.71,15.77,4.08,73.48,73.48,51642.23,161734.70,8.93
1077870,atl,53.000,-16.750,982.42,981.97,11.02,2.80,51.01,54.94,0.00,9222.67,7.11
1077870,atl,49.000,-79.250,1003.28,1003.17,4.58,0.80,13.19,26.28,0.00,0.00,4.15
1077870,atl,46.250,-26.500,979.16,978.93,10.53,2.28,51.10,51.10,0.00,7890.54,4.42
1077870,atl,43.750,-59.500,991.00,990.16,11.85,3.20,48.70,50.77,0.00,4130.00,5.46
1077870,atl,41.750,-52.000,995.24,994.72,6.12,1.59,41.83,48.44,0.00,0.00,4.23
1077870,pac,57.750,162.000,1001.13,1000.98,5.10,0.96,36.82,43.21,0.00,0.00,8.96
1077870,pac,47.000,185.750,982.37,982.03,11.84,2.83,56.49,56.88,0.00,124483.36,5.27
1077870,pac,39.000,190.000,989.34,989.14,6.44,1.36,40.25,49.97,0.00,0.00,3.49
1077876,atl,56.500,-26.250,983.75,983.21,13.72,3.34,65.07,71.97,35551.92,147592.92,8.21
1077876,atl,55.750,-15.500,978.02,977.29,15.54,3.84,58.01,61.46,0.00,54017.55,7.18
1077876,atl,50.250,-20.000,979.32,978.90,9.22,2.18,42.20,42.90,0.00,0.00,4.47
1077876,atl,49.750,-79.500,1003.57,1003.42,6.31,1.20,15.95,21.57,0.00,0.00,3.96
1077876,atl,43.750,-59.000,992.31,991.68,12.03,3.38,50.63,52.05,0.00,6413.10,5.31
1077876,atl,42.500,-50.250,996.11,995.58,6.89,1.65,40.40,45.53,0.00,0.00,3.02
1077876,pac,47.500,186.000,989.83,989.58,9.33,2.20,49.15,49.28,0.00,0.00,3.74
1077876,pac,39.000,193.000,985.96,985.63,9.16,2.09,43.78,54.55,0.00,24980.02,3.88
1077882,atl,57.500,-16.000,973.73,973.17,18.74,3.82,61.01,74.30,89539.68,193155.43,9.66
1077882,atl,54.750,-26.250,979.28,978.70,12.63,2.95,52.90,80.23,55371.00,130517.76,9.39
1077882,atl,50.250,-79.250,1004.88,1004.73,6.70,1.17,15.74,25.07,0.00,0.00,5.18
1077882,atl,44.000,-57.500,993.80,993.38,9.69,2.57,44.09,46.77,0.00,0.00,3.65
1077882,atl,43.750,-48.500,994.29,993.98,8.79,2.09,38.42,43.81,0.00,0.00,3.83
1077882,pac,56.500,169.500,993.29,993.10,6.81,1.37,41.51,50.93,0.00,1147.45,7.48
1077882,pac,38.000,192.750,986.10,985.85,10.39,2.41,59.89,62.05,0.00,168263.17,6.90
1077888,atl,58.000,-18.000,969.45,968.80,19.99,4.19,73.72,73.97,175442.99,299164.24,10.38
1077888,atl,54.000,-25.000,975.77,975.30,13.61,2.88,82.02,82.02,98613.12,205202.44,11.28
1077888,atl,44.250,-55.750,996.55,996.09,8.39,2.07,40.58,41.94,0.00,0.00,4.20
1077888,atl,44.250,-46.750,995.87,995.50,9.00,2.06,43.38,45.49,0.00,0.00,3.61
1077888,pac,58.000,163.750,988.66,988.39,6.91,1.31,49.95,49.95,0.00,0.00,8.43
1077888,pac,37.750,197.500,985.37,984.81,8.39,1.50,35.74,55.98,0.00,12842.62,4.53
1077888,pac,35.500,193.500,985.55,985.27,9.88,2.25,64.27,64.27,1906.75,269247.47,5.44
1077888,pac,33.500,217.250,1004.02,1003.29,5.43,1.68,36.63,36.63,0.00,0.00,3.64
1077894,atl,57.750,-21.500,967.06,966.22,20.16,4.83,71.21,74.53,177489.55,368525.76,9.72
1077894,atl,45.250,-55.500,997.13,996.77,8.28,1.94,37.60,38.83,0.00,0.00,4.41
1077894,atl,44.250,-43.000,996.41,995.76,9.24,2.47,43.99,43.99,0.00,0.00,4.06
1077894,pac,43.500,175.500,996.59,996.47,4.77,1.23,38.37,42.04,0.00,0.00,3.54
1077894,pac,37.750,194.750,987.12,986.82,9.26,1.90,62.31,62.79,0.00,125155.92,5.39
1077894,pac,33.250,195.500,986.56,986.24,8.40,1.96,63.04,63.04,0.00,202840.09,5.32
1077900,atl,56.500,-23.000,963.62,963.01,23.97,5.86,74.39,76.90,96597.07,329377.53,13.09
1077900,atl,46.000,-57.250,994.65,994.25,11.82,2.58,40.11,42.72,0.00,0.00,6.98
1077900,atl,44.500,-41.500,997.96,997.22,9.00,2.70,42.91,42.91,0.00,0.00,4.79
1077900,atl,43.000,-34.750,1000.51,999.87,6.63,1.92,41.08,41.47,0.00,0.00,4.25
1077900,pac,50.750,162.250,959.95,959.36,20.72,5.01,57.93,61.94,0.00,185634.20,7.24
1077900,pac,43.500,179.000,993.11,992.73,7.56,2.10,39.49,39.49,0.00,0.00,3.88
1077900,pac,32.250,197.500,985.56,985.14,8.59,2.05,57.81,66.38,7806.36,136492.49,5.28
1077906,atl,60.750,-13.000,973.92,973.46,14.29,3.08,79.77,83.07,123793.80,251806.77,22.37
1077906,atl,55.750,-20.250,963.76,963.00,21.23,4.70,67.62,70.13,32315.23,286455.32,10.44
1077906,atl,46.250,-58.000,992.09,991.36,13.85,3.29,45.54,46.37,0.00,0.00,6.67
1077906,atl,44.250,-40.250,998.83,998.42,7.22,2.24,38.58,38.58,0.00,0.00,3.56
1077906,atl,43.000,-30.750,999.89,999.25,7.10,2.13,40.65,40.65,0.00,0.00,3.52
1077906,atl,40.500,-51.250,999.54,999.31,4.78,1.44,45.70,45.70,0.00,0.00,2.44
1077906,pac,51.750,163.750,960.14,959.59,19.70,4.90,47.88,54.01,0.00,24427.82,6.44
1077906,pac,44.000,181.250,991.16,990.67,7.15,2.14,35.60,35.87,0.00,0.00,3.92
1077906,pac,32.000,198.500,985.84,985.55,8.68,1.93,52.70,60.87,0.00,74634.73,3.99
1077912,atl,56.750,-17.500,965.15,964.64,19.23,4.15,66.35,70.08,20740.73,245908.31,7.82
1077912,atl,46.000,-59.500,992.69,991.72,14.76,3.43,45.74,49.04,0.00,0.00,5.72
1077912,atl,44.500,-38.000,999.61,999.19,6.07,1.81,34.00,34.00,0.00,0.00,3.62
1077912,atl,43.250,-27.750,1001.00,1000.22,7.23,2.30,39.98,39.98,0.00,0.00,4.59
1077912,atl,41.250,-47.250,997.83,997.14,6.11,1.77,42.92,42.92,0.00,0.00,3.66
1077912,pac,52.750,163.250,964.33,963.75,17.18,4.59,43.86,43.86,0.00,0.00,6.97
1077912,pac,45.250,183.250,989.40,989.09,6.65,2.07,40.36,40.36,0.00,0.00,3.55
1077912,pac,31.250,199.750,985.40,985.26,7.72,1.73,44.37,51.42,0.00,2053.24,3.73
1077918,atl,58.000,-15.750,965.17,964.67,19.77,4.16,60.87,71.56,67242.13,217569.20,8.62
1077918,atl,45.000,-60.500,994.84,994.26,13.42,2.89,40.59,48.93,0.00,0.00,5.16
1077918,atl,44.750,-37.250,997.25,996.92,6.19,1.26,34.48,41.60,0.00,0.00,3.95
1077918,atl,43.750,-21.250,1004.35,1003.83,5.27,1.42,38.73,38.73,0.00,0.00,3.20
1077918,atl,43.250,-24.750,1004.20,1003.75,4.61,1.54,38.73,38.73,0.00,0.00,3.20
1077918,atl,42.500,-43.500,994.42,993.61,8.03,2.21,52.48,52.48,0.00,16222.83,4.99
1077918,pac,53.500,161.250,967.66,966.98,15.55,4.12,45.72,48.35,0.00,0.00,7.76
1077918,pac,49.500,180.500,987.41,987.21,5.05,1.23,29.35,38.70,0.00,0.00,3.32
1077918,pac,46.500,186.000,988.70,988.17,5.93,1.82,42.21,42.21,0.00,0.00,3.44
1077918,pac,37.500,201.750,989.09,988.46,6.21,1.61,39.25,39.25,0.00,0.00,3.26
1077918,pac,31.750,201.250,986.37,986.01,7.62,1.92,41.37,44.20,0.00,0.00,2.99
1077924,atl,58.750,-15.000,968.00,967.50,19.27,4.19,64.02,70.16,52905.81,236591.11,7.45
1077924,atl,45.750,-47.500,996.60,995.70,8.22,2.54,40.49,42.70,0.00,0.00,4.75
1077924,atl,44.250,-38.500,992.62,992.10,10.37,2.55,51.38,51.38,0.00,10236.98,4.99
1077924,atl,43.750,-60.500,999.28,998.97,11.11,2.39,47.08,50.30,0.00,1782.41,4.53
1077924,pac,50.750,180.750,982.76,982.37,7.81,1.77,33.67,39.11,0.00,0.00,4.05
1077924,pac,40.000,199.500,986.68,986.32,7.99,1.98,39.28,40.25,0.00,0.00,3.37
1077924,pac,31.000,202.250,986.06,985.84,7.65,1.87,46.85,46.85,0.00,0.00,3.81
1077930,atl,59.000,-14.750,970.30,969.90,18.15,3.67,61.82,68.40,12689.75,203470.87,6.41
1077930,atl,46.000,-34.250,989.70,989.00,12.40,3.40,58.91,58.91,0.00,27430.40,5.58
1077930,atl,45.750,-43.500,997.75,997.48,4.83,0.97,40.52,55.97,0.00,3846.39,6.77
1077930,atl,45.500,-48.750,994.65,993.64,10.52,3.28,46.73,46.73,0.00,0.00,6.77
1077930,atl,42.000,-55.750,1001.31,1001.25,5.47,0.78,41.29,47.67,0.00,0.00,3.82
1077930,pac,54.250,174.500,981.78,981.62,8.63,1.41,44.32,51.45,0.00,14068.23,5.58
1077930,pac,52.000,180.000,980.49,980.03,8.52,1.91,32.36,50.17,0.00,429.33,5.14
1077930,pac,51.500,160.250,982.77,982.53,7.17,1.87,42.89,49.40,0.00,0.00,9.98
1077930,pac,41.750,198.000,984.33,984.00,9.67,2.30,42.14,42.14,0.00,0.00,3.56
1077930,pac,36.250,207.000,988.23,987.47,5.57,1.26,45.50,51.67,0.00,5110.08,6.86
1077930,pac,34.000,209.750,988.32,987.20,8.13,2.00,56.93,65.50,1312.47,38177.11,6.86
1077930,pac,31.500,204.500,986.20,986.00,7.42,1.59,49.49,49.49,0.00,0.00,5.36
1077936,atl,58.750,-14.000,972.97,972.63,17.67,3.67,56.85,67.99,22467.64,164208.97,6.20
1077936,atl,47.500,-29.500,987.50,986.50,15.05,4.79,52.87,52.87,0.00,11395.97,7.86
1077936,atl,46.500,-43.000,996.98,996.52,7.26,1.81,41.81,46.19,0.00,0.00,5.01
1077936,atl,44.750,-48.250,996.04,995.47,9.65,2.84,52.50,52.50,0.00,3803.46,5.24
1077936,atl,41.000,-54.500,1003.55,1003.40,5.76,1.16,48.77,49.47,0.00,0.00,4.52
1077936,pac,55.000,170.500,980.26,979.96,11.06,2.20,50.71,59.13,0.00,59641.55,6.87
1077936,pac,52.750,178.750,978.71,978.15,10.39,2.36,35.73,54.72,0.00,39286.68,6.05
1077936,pac,51.750,161.000,987.18,986.98,4.50,1.21,40.01,44.52,0.00,0.00,4.21
1077936,pac,43.500,198.250,981.84,981.55,9.57,2.46,49.87,49.87,0.00,0.00,4.01
1077936,pac,38.000,179.500,997.33,996.88,5.81,1.84,50.44,50.44,0.00,604.78,4.45
1077936,pac,38.000,206.500,980.67,979.83,9.08,2.16,54.50,54.50,0.00,5488.12,5.63
1077936,pac,33.000,206.250,984.36,984.21,6.97,1.53,43.67,48.78,0.00,0.00,4.11
1077942,atl,58.250,-12.250,977.17,976.88,14.71,2.76,50.25,58.05,0.00,81522.68,6.23
1077942,atl,48.500,-26.500,986.70,985.64,15.48,5.13,52.31,52.31,0.00,7464.18,11.89
1077942,atl,46.750,-42.750,994.90,994.60,8.51,1.88,43.43,43.55,0.00,0.00,5.34
1077942,atl,44.500,-46.250,994.93,994.53,9.15,2.27,43.56,43.82,0.00,0.00,5.34
1077942,pac,54.750,167.250,980.76,980.40,10.53,2.00,48.69,65.10,400.89,97435.68,7.53
1077942,pac,53.500,177.250,978.25,977.66,12.08,2.80,39.49,62.97,0.00,64457.80,6.55
1077942,pac,42.000,206.000,975.02,974.27,14.38,3.57,61.52,61.52,0.00,50343.98,6.24
1077942,pac,39.000,184.750,992.10,990.83,8.00,2.62,59.77,59.77,0.00,18650.88,6.63
1077942,pac,34.250,208.000,987.33,987.14,6.66,1.47,45.27,46.08,0.00,0.00,3.58
1077948,atl,64.000,3.500,989.52,989.27,6.78,1.54,37.96,44.89,0.00,0.00,8.49
1077948,atl,58.250,-8.750,980.84,980.55,13.21,2.95,41.21,53.89,0.00,22765.58,5.12
1077948,atl,49.750,-21.250,990.74,990.42,12.17,4.06,58.69,58.69,0.00,59598.64,8.46
1077948,atl,47.000,-39.250,992.91,992.72,8.83,1.86,47.20,47.20,0.00,0.00,5.37
1077948,pac,54.500,165.000,982.98,982.53,10.89,2.21,58.48,65.24,1657.99,125403.50,14.42
1077948,pac,54.000,174.000,980.35,979.95,11.52,2.69,57.67,62.79,0.00,140299.95,6.34
1077948,pac,53.000,191.000,985.69,985.25,8.87,1.97,50.63,57.12,0.00,61040.83,6.07
1077948,pac,44.750,203.750,968.71,968.42,17.88,3.79,50.70,51.11,0.00,15801.94,5.59
1077948,pac,39.750,188.000,987.74,985.64,8.41,2.91,61.06,61.06,0.00,21480.42,10.78
1077948,pac,37.750,209.500,985.54,985.36,6.27,1.29,37.34,43.33,0.00,0.00,3.56
1077954,atl,58.500,-5.750,984.86,984.44,10.39,2.16,38.47,44.66,0.00,0.00,4.26
1077954,atl,50.750,-16.000,994.08,993.63,7.88,2.42,51.66,52.30,0.00,10311.55,4.73
1077954,atl,47.750,-36.000,988.55,987.79,10.54,2.75,40.70,45.77,0.00,0.00,6.14
1077954,pac,54.750,186.500,985.94,985.43,9.56,2.13,58.69,61.70,0.00,194546.27,6.31
1077954,pac,54.000,171.750,982.96,982.75,9.83,1.99,58.63,63.93,0.00,159588.79,6.01
1077954,pac,53.250,162.250,984.69,984.33,10.34,2.34,44.17,69.23,833.26,41386.46,18.18
1077954,pac,47.000,202.750,965.86,965.39,19.34,4.81,51.27,51.27,0.00,13951.82,6.35
1077954,pac,40.250,191.500,982.97,981.46,10.47,3.74,61.16,61.16,0.00,18266.00,9.80
1077960,atl,58.500,-1.000,988.46,988.25,8.44,1.79,38.26,39.58,0.00,0.00,4.05
1077960,atl,51.750,-11.250,997.12,996.69,4.86,1.52,38.65,41.05,0.00,0.00,3.55
1077960,atl,48.250,-36.000,985.25,984.19,14.20,3.90,47.00,47.00,0.00,0.00,8.24
1077960,pac,52.500,175.500,982.85,982.50,7.41,1.31,31.78,58.69,0.00,68864.64,5.38
1077960,pac,51.750,161.500,988.24,987.84,9.46,2.18,45.79,48.27,0.00,0.00,12.93
1077960,pac,49.000,202.000,965.47,964.94,19.04,5.00,53.08,53.08,0.00,21179.87,6.97
1077960,pac,40.750,194.250,981.39,980.59,9.69,3.17,57.34,57.34,0.00,17765.43,7.72
1077966,atl,58.750,4.000,989.52,989.37,7.90,1.68,31.93,39.27,0.00,0.00,5.16
1077966,atl,56.750,-15.500,997.79,997.71,4.47,0.75,41.26,48.94,0.00,0.00,3.52
1077966,atl,48.250,-34.750,983.78,983.06,14.73,4.03,57.96,57.96,0.00,16367.20,8.94
1077966,pac,53.000,171.500,983.96,983.65,9.62,1.71,55.34,59.69,0.00,127213.53,5.72
1077966,pac,52.500,176.500,984.94,984.58,5.95,1.26,30.06,57.22,0.00,40316.75,5.29
1077966,pac,50.750,201.000,967.50,966.98,18.13,4.49,49.63,52.81,0.00,20042.35,6.41
1077966,pac,41.750,196.250,979.99,978.74,10.70,3.39,57.07,57.07,0.00,14595.76,6.65
1077972,atl,58.750,9.000,991.48,991.27,6.35,1.59,31.54,35.94,0.00,0.00,5.41
1077972,atl,48.750,-31.500,985.19,984.87,12.91,3.01,47.17,47.17,0.00,0.00,5.86
1077972,pac,52.000,166.250,988.05,987.82,10.76,2.24,46.94,53.59,0.00,20528.50,7.22
1077972,pac,52.000,199.750,971.71,971.24,15.54,3.75,53.79,61.24,0.00,89906.97,12.40
1077972,pac,48.250,212.250,984.59,984.38,7.92,1.80,33.73,51.37,0.00,964.75,4.46
1077972,pac,42.500,196.750,976.64,975.66,13.80,4.22,50.41,56.03,0.00,23267.78,7.21
1077978,atl,50.250,-28.750,984.60,984.37,11.67,2.29,45.85,46.49,0.00,0.00,5.85
1077978,pac,53.000,196.750,974.85,974.48,13.92,3.15,54.88,56.70,0.00,62850.40,12.20
1077978,pac,50.500,164.750,991.32,991.14,8.98,2.01,41.07,52.90,0.00,4553.05,5.78
1077978,pac,50.250,212.750,985.21,985.00,9.18,1.88,36.30,52.44,0.00,18170.99,5.16
1077978,pac,42.250,198.000,974.66,973.43,16.18,5.15,58.05,58.05,0.00,31183.92,9.31
1077978,pac,38.500,209.500,994.23,993.20,5.81,2.00,48.13,48.13,0.00,0.00,4.48
1077984,atl,53.000,-22.000,985.17,984.51,9.37,2.11,38.24,41.23,0.00,0.00,4.38
1077984,atl,51.250,-27.000,983.66,983.39,11.77,2.36,48.71,49.80,0.00,0.00,5.56
1077984,pac,53.750,186.250,982.07,981.50,10.14,2.34,47.46,52.21,0.00,34637.70,5.14
1077984,pac,53.500,195.000,979.96,979.71,10.95,2.56,50.02,52.53,0.00,15066.04,10.13
1077984,pac,51.750,213.500,984.84,984.60,11.00,2.36,44.26,56.70,0.00,54685.12,5.79
1077984,pac,49.250,164.000,994.93,994.72,5.54,1.32,28.79,44.29,0.00,0.00,4.18
1077984,pac,43.500,200.000,974.94,974.00,15.30,4.52,50.94,50.94,0.00,4560.21,5.68
1077984,pac,40.750,212.750,993.09,991.85,6.21,2.09,43.21,43.21,0.00,0.00,4.62
1077990,atl,53.500,-23.000,982.40,981.88,11.75,2.57,42.45,52.52,0.00,5541.08,5.66
1077990,atl,53.500,-14.000,986.10,985.58,10.29,2.57,38.88,41.43,0.00,0.00,4.80
1077990,atl,40.500,-76.750,995.50,995.12,9.15,1.81,52.99,55.38,0.00,23432.00,8.99
1077990,pac,54.000,194.500,985.40,985.11,8.13,1.64,45.81,49.97,0.00,0.00,8.73
1077990,pac,53.500,183.750,985.16,984.70,9.04,2.04,49.41,51.42,0.00,15309.50,4.37
1077990,pac,53.000,213.250,984.20,983.95,12.57,2.81,51.09,52.79,0.00,58413.58,5.55
1077990,pac,45.000,200.750,975.71,974.96,15.03,4.40,44.74,44.74,0.00,0.00,5.91
1077990,pac,43.500,216.000,992.74,991.70,6.94,2.45,39.61,39.61,0.00,0.00,5.52
1077990,pac,40.750,161.750,985.26,984.37,7.92,2.51,51.97,51.97,0.00,8776.87,5.09
1077996,atl,54.500,-11.750,987.58,987.02,10.38,2.69,43.67,44.46,0.00,0.00,4.38
1077996,atl,53.250,-24.250,981.51,981.02,14.42,3.10,47.75,54.80,0.00,42699.22,5.81
1077996,atl,43.250,-78.500,982.00,981.73,15.67,2.66,57.84,74.89,8368.38,87203.13,12.59
1077996,pac,54.000,214.000,982.16,981.83,13.70,3.46,49.94,49.94,0.00,0.00,5.64
1077996,pac,53.500,181.500,988.15,987.84,7.16,1.52,43.82,45.49,0.00,0.00,3.87
1077996,pac,52.750,198.750,986.16,985.92,5.11,1.37,43.72,44.97,0.00,0.00,5.33
1077996,pac,52.000,176.250,987.93,987.78,7.30,1.45,41.43,45.42,0.00,0.00,3.48
1077996,pac,46.250,219.250,990.15,988.82,8.22,3.24,44.28,44.28,0.00,0.00,7.48
1077996,pac,45.750,200.500,973.69,973.02,15.43,4.68,45.82,45.82,0.00,0.00,6.57
1077996,pac,40.500,166.250,988.40,987.87,5.62,1.89,49.96,52.00,0.00,6652.44,4.65
1077996,pac,39.000,170.250,987.60,986.76,6.97,1.98,52.00,52.00,0.00,9715.77,4.65
1077996,pac,38.750,206.500,981.60,981.25,9.92,2.33,57.22,59.30,0.00,68058.92,4.04
1078002,atl,55.500,-10.750,987.94,987.07,10.93,3.05,48.90,48.90,0.00,0.00,5.82
1078002,atl,53.250,-22.750,981.73,981.61,14.00,2.51,52.63,52.63,0.00,14196.82,5.46
1078002,atl,46.000,-77.500,974.81,974.62,17.95,3.09,66.36,66.36,3279.93,111980.49,16.41
1078002,pac,54.750,214.500,979.29,978.88,14.84,3.88,50.28,50.28,0.00,1717.31,5.80
1078002,pac,52.500,198.000,985.89,985.69,5.11,1.33,40.54,42.41,0.00,0.00,4.26
1078002,pac,51.000,174.500,989.01,988.87,5.80,1.24,34.00,39.42,0.00,0.00,2.96
1078002,pac,48.500,222.750,992.06,991.65,5.99,2.25,42.78,42.78,0.00,0.00,4.84
1078002,pac,46.000,200.500,973.30,972.71,14.37,4.43,47.99,47.99,0.00,0.00,7.05
1078002,pac,41.500,208.250,972.75,971.75,15.46,4.40,58.84,62.63,0.00,85076.84,10.38
1078002,pac,36.000,181.500,984.52,983.79,9.50,2.47,55.69,55.69,0.00,61753.82,4.41
1078008,atl,56.750,-10.250,987.32,986.11,13.41,4.02,47.33,47.33,0.00,0.00,7.49
1078008,atl,52.750,-21.500,981.16,980.86,14.94,2.87,47.75,52.90,0.00,29148.62,5.47
1078008,atl,47.000,-77.500,970.80,970.25,18.01,3.52,47.05,67.02,2621.02,64167.66,10.49
1078008,atl,46.000,-71.250,973.54,972.75,19.81,4.12,69.15,72.06,25632.55,237764.56,16.18
1078008,pac,55.750,215.750,976.29,975.72,18.10,4.41,53.94,58.76,0.00,38940.88,14.68
1078008,pac,50.250,173.000,991.18,991.07,4.48,1.13,27.06,32.90,0.00,0.00,2.47
1078008,pac,46.000,200.500,971.37,970.75,14.97,4.67,51.16,51.16,0.00,3278.56,8.35
1078008,pac,43.750,210.750,970.16,969.69,16.33,4.38,65.77,65.77,3450.09,146490.16,9.58
1078008,pac,35.250,188.500,980.88,979.61,11.91,3.12,59.24,59.24,0.00,114182.17,5.85
1078014,atl,57.750,-10.750,984.56,983.35,16.09,5.07,53.52,53.52,0.00,23293.47,9.19
1078014,atl,53.500,-20.000,980.13,979.87,15.49,3.26,50.00,50.78,0.00,3124.74,5.84
1078014,atl,48.500,-76.750,965.44,964.98,20.47,3.83,47.64,56.43,0.00,16760.94,9.44
1078014,pac,56.750,216.500,975.73,975.20,21.85,4.72,59.65,62.88,0.00,33424.47,36.35
1078014,pac,46.250,212.000,972.56,972.13,12.89,3.28,65.77,65.83,7761.22,140613.10,8.82
1078014,pac,46.000,201.750,972.23,971.54,13.35,4.01,50.14,50.14,0.00,1639.29,7.36
1078014,pac,35.500,194.750,976.66,974.73,15.49,4.11,65.05,66.96,1910.25,233685.12,7.76
1078020,atl,63.750,-23.750,1002.99,1002.37,9.46,2.96,51.35,65.21,1157.94,27389.26,8.70
1078020,atl,58.500,-10.750,984.41,983.53,16.79,5.12,57.95,57.95,0.00,42709.75,8.39
1078020,atl,53.000,-19.500,981.95,981.77,15.93,3.45,50.50,50.50,0.00,1332.48,6.04
1078020,atl,50.250,-77.750,963.85,963.45,21.47,4.19,32.15,57.46,0.00,10416.86,7.38
1078020,pac,57.750,216.750,976.07,975.57,22.21,5.00,59.26,59.26,0.00,17776.97,40.19
1078020,pac,54.250,201.250,981.71,981.61,5.43,1.21,35.50,48.13,0.00,0.00,6.57
1078020,pac,49.000,217.500,974.47,974.24,12.90,2.55,66.95,66.95,7415.27,190227.99,7.09
1078020,pac,46.500,202.750,973.14,972.64,11.33,3.32,44.60,44.60,0.00,0.00,5.06
1078020,pac,41.250,163.250,980.65,980.12,5.23,1.06,43.77,49.52,0.00,0.00,2.95
1078020,pac,36.000,199.750,970.92,969.98,19.33,5.39,68.92,68.92,15843.53,286397.70,11.19
1078026,atl,63.500,-20.500,999.39,999.10,9.52,2.68,45.28,64.40,301.95,47625.27,10.78
1078026,atl,59.500,-10.250,982.14,981.52,18.51,5.44,61.72,61.72,0.00,62602.00,10.00
1078026,atl,52.750,-17.500,985.10,984.93,13.54,2.88,52.25,52.25,0.00,16367.95,5.91
1078026,atl,51.000,-78.250,963.82,963.23,21.75,4.51,37.88,54.72,0.00,18679.47,7.47
1078026,pac,58.500,216.000,978.19,977.43,19.23,4.82,52.00,52.00,0.00,3521.16,44.00
1078026,pac,56.250,203.000,977.26,976.53,11.35,3.12,54.85,54.85,0.00,8232.77,8.02
1078026,pac,51.500,223.250,978.25,978.01,13.94,3.02,64.02,64.02,496.73,124507.12,7.47
1078026,pac,47.500,203.250,972.59,972.13,9.86,2.76,37.34,37.34,0.00,0.00,3.49
1078026,pac,43.500,165.250,972.42,971.96,11.98,2.68,43.70,43.96,0.00,0.00,5.36
1078026,pac,38.750,205.500,968.78,967.68,18.12,4.08,64.36,71.40,63634.33,348323.93,11.21
1078032,atl,63.000,-18.750,997.47,996.89,7.59,2.17,45.36,61.29,0.00,45611.78,11.40
1078032,atl,60.000,-9.750,981.70,981.19,17.31,4.92,61.29,61.29,0.00,59150.09,10.00
1078032,atl,52.500,-15.500,988.62,988.39,12.27,3.10,51.53,51.53,0.00,10760.84,5.42
1078032,atl,51.500,-78.250,968.15,967.54,20.30,4.45,33.66,47.52,0.00,0.00,7.31
1078032,pac,59.250,215.250,984.15,983.52,14.85,3.95,47.36,49.13,0.00,0.00,46.40
1078032,pac,57.750,203.000,976.36,975.47,13.94,3.73,51.40,51.40,0.00,813.28,16.77
1078032,pac,54.500,225.750,985.81,985.54,14.97,3.22,49.05,55.45,0.00,7965.02,28.20
1078032,pac,48.500,203.000,969.67,969.28,9.42,2.56,30.23,36.54,0.00,0.00,3.25
1078032,pac,44.500,165.750,964.95,964.14,18.57,4.87,64.93,65.47,3240.19,70455.26,8.39
1078032,pac,43.250,209.500,962.76,961.88,16.96,4.15,63.26,67.82,11893.08,216129.02,10.56
1078032,pac,40.000,209.500,963.28,962.52,19.60,4.85,70.57,70.57,52776.07,415691.43,10.56
1078038,atl,63.250,-21.250,996.78,996.37,10.82,2.39,48.66,55.82,0.00,46147.09,12.18
1078038,atl,60.750,-7.500,979.35,979.09,17.63,4.33,55.26,55.26,0.00,38539.70,8.43
1078038,atl,52.500,-13.250,991.78,991.51,10.14,2.79,49.35,49.35,0.00,0.00,6.01
1078038,atl,51.500,-77.750,971.64,970.88,17.94,3.98,34.58,39.70,0.00,0.00,7.01
1078038,atl,49.500,-52.000,999.09,998.70,8.33,2.09,45.64,47.63,0.00,0.00,4.59
1078038,pac,58.250,200.500,979.94,979.34,11.80,2.35,49.79,50.63,0.00,1931.92,16.49
1078038,pac,55.250,224.750,996.24,995.83,8.20,1.63,33.08,35.35,0.00,0.00,27.94
1078038,pac,48.750,203.250,968.22,967.92,7.44,1.99,31.01,52.50,0.00,2127.75,11.54
1078038,pac,46.750,210.000,956.89,955.78,17.84,4.88,58.11,66.55,5104.84,96597.61,11.54
1078038,pac,44.750,166.500,961.52,961.01,21.00,5.81,61.19,61.19,0.00,146414.51,8.42
1078044,atl,62.500,-5.250,977.48,977.14,20.31,4.27,56.63,56.63,0.00,34710.39,9.51
1078044,atl,52.750,-10.000,996.44,996.13,8.35,2.33,48.78,48.78,0.00,0.00,5.56
1078044,atl,52.000,-76.750,977.54,977.01,13.40,2.91,33.87,33.87,0.00,0.00,6.16
1078044,pac,48.500,210.500,952.05,951.53,19.26,4.50,60.86,65.50,536.81,130561.53,9.70
1078044,pac,45.000,168.250,963.10,962.26,19.95,5.19,54.82,57.08,0.00,129111.78,6.48
1078044,pac,40.000,182.250,977.02,976.23,9.58,2.61,51.48,51.48,0.00,2350.46,4.15
1078050,atl,63.750,-8.500,973.23,972.29,24.84,6.36,66.81,66.81,8613.12,185363.62,13.32
1078050,atl,52.500,-75.500,981.29,980.91,10.31,2.21,33.24,33.55,0.00,0.00,5.59
1078050,pac,51.000,211.250,950.09,949.95,18.87,3.58,62.86,62.86,0.00,111182.37,7.71
1078050,pac,45.500,167.750,963.71,962.78,19.65,5.23,58.14,58.14,0.00,92243.16,7.24
1078050,pac,40.500,186.500,974.58,973.40,11.04,3.49,52.55,52.55,0.00,8790.06,6.52
1078056,atl,63.000,-8.500,969.18,968.27,27.82,8.03,79.68,79.68,111986.11,234908.80,15.51
1078056,atl,59.500,-70.000,986.79,986.63,8.65,1.77,47.78,51.15,0.00,1796.08,10.86
1078056,atl,57.500,-77.250,986.44,986.27,7.77,0.97,33.27,40.23,0.00,0.00,5.75
1078056,atl,53.500,-73.500,986.12,986.01,6.98,1.46,34.41,40.54,0.00,0.00,5.25
1078056,pac,55.000,187.500,975.10,974.90,7.71,1.66,44.42,51.99,0.00,3642.48,4.72
1078056,pac,53.000,211.250,948.84,948.61,18.83,3.27,47.95,58.75,0.00,86162.74,6.87
1078056,pac,45.500,167.000,967.46,966.68,16.75,4.69,59.95,59.95,0.00,44229.24,6.61
1078056,pac,40.750,191.750,972.17,971.18,12.79,4.06,59.22,59.22,0.00,88189.54,7.22
1078062,atl,62.750,-6.250,967.21,966.40,28.75,8.34,77.77,77.77,99164.81,281894.07,13.65
1078062,atl,59.750,-73.250,985.83,985.45,9.19,1.96,47.85,52.18,0.00,4668.60,12.48
1078062,atl,59.250,-63.250,988.80,988.30,7.01,1.19,41.51,52.18,0.00,4668.60,12.48
1078062,atl,57.250,-77.750,986.33,986.02,8.85,1.23,34.24,48.62,0.00,0.00,6.65
1078062,atl,57.250,-56.500,990.77,990.20,6.18,1.35,29.63,50.66,0.00,392.21,4.46
1078062,pac,58.000,235.000,1002.07,997.67,9.31,4.75,27.12,42.23,0.00,0.00,41.99
1078062,pac,54.750,211.500,952.25,952.10,17.71,2.59,46.76,60.63,0.00,108871.06,7.72
1078062,pac,54.250,185.750,974.08,974.01,6.09,1.18,38.88,45.32,0.00,0.00,3.49
1078062,pac,47.750,224.000,980.22,979.22,11.47,3.41,52.42,52.42,0.00,12533.52,6.64
1078062,pac,46.500,177.250,973.61,973.29,6.28,1.53,36.92,40.98,0.00,0.00,2.99
1078062,pac,45.000,167.000,969.91,969.23,13.28,3.94,52.28,52.28,0.00,5858.64,5.62
1078062,pac,40.750,197.500,977.41,976.80,10.54,3.16,58.61,58.61,0.00,87880.68,6.01
1078068,atl,63.000,-27.500,1003.92,1003.77,6.24,2.00,41.61,42.95,0.00,0.00,7.35
1078068,atl,62.750,-3.750,969.93,969.16,26.21,7.57,71.21,71.21,42867.63,240789.17,11.65
1078068,atl,59.250,-76.500,986.30,985.99,10.02,1.96,35.65,45.47,0.00,0.00,4.61
1078068,atl,58.500,-57.500,988.64,987.74,9.29,2.06,44.02,52.93,0.00,6144.10,5.43
1078068,atl,58.250,-41.250,998.33,997.60,6.29,2.32,55.42,55.42,0.00,18538.19,15.41
1078068,atl,54.750,-29.750,1000.61,1000.29,8.78,2.39,41.31,41.31,0.00,0.00,4.98
1078068,pac,57.000,211.500,956.08,956.00,17.78,2.85,49.86,59.22,0.00,25834.44,17.26
1078068,pac,52.750,183.500,972.95,972.87,4.28,0.69,26.90,37.52,0.00,0.00,2.89
1078068,pac,51.000,226.750,976.39,975.79,13.68,3.74,57.37,57.50,0.00,26027.64,11.27
1078068,pac,47.000,180.000,970.98,970.61,6.63,1.59,41.82,44.19,0.00,0.00,3.07
1078068,pac,44.500,167.000,972.88,972.17,10.21,3.16,46.94,46.94,0.00,0.00,5.54
1078068,pac,41.250,212.250,979.40,978.57,9.80,2.37,60.82,60.82,0.00,208972.24,5.42
1078068,pac,41.000,160.500,978.96,978.77,7.82,1.66,39.06,45.16,0.00,0.00,3.81
1078074,atl,63.500,-26.250,999.21,998.94,9.54,2.81,43.05,43.05,0.00,0.00,7.61
1078074,atl,62.750,0.500,974.15,973.69,20.79,5.81,63.31,63.31,0.00,244643.96,8.01
1078074,atl,59.000,-59.000,987.14,986.05,10.41,2.53,38.47,46.94,0.00,0.00,6.57
1078074,atl,58.750,-78.750,987.09,986.81,12.11,2.47,32.54,45.45,0.00,0.00,6.12
1078074,atl,55.500,-26.500,998.82,998.40,8.65,2.29,41.44,41.44,0.00,0.00,4.30
1078074,pac,63.250,232.250,995.70,994.42,12.28,4.91,25.65,28.38,0.00,0.00,29.63
1078074,pac,60.000,200.000,971.12,970.30,6.65,1.43,35.64,44.43,0.00,0.00,19.83
1078074,pac,58.000,209.000,959.57,959.31,15.57,3.04,47.93,57.81,0.00,9674.18,18.88
1078074,pac,53.750,180.750,970.94,970.88,6.74,1.20,37.43,45.16,0.00,0.00,4.08
1078074,pac,53.500,227.750,978.24,977.85,11.09,3.40,47.97,55.91,0.00,8122.38,17.10
1078074,pac,47.750,182.750,969.35,969.02,6.94,1.68,42.08,42.67,0.00,0.00,3.26
1078074,pac,44.000,168.000,973.20,972.49,8.31,2.44,49.56,49.56,0.00,0.00,5.10
1078074,pac,43.500,219.750,973.96,972.43,16.37,4.68,56.68,57.99,0.00,106284.97,8.82
1078080,atl,64.250,3.750,976.93,976.25,17.14,4.25,55.06,55.16,0.00,118121.21,8.74
1078080,atl,63.750,-24.750,995.61,995.00,11.88,3.34,49.05,49.05,0.00,0.00,9.30
1078080,atl,59.000,-61.000,986.77,985.68,12.18,3.32,34.69,47.77,0.00,0.00,10.39
1078080,atl,58.250,-79.500,989.22,988.79,13.42,3.33,41.13,42.18,0.00,0.00,6.30
1078080,atl,55.250,-19.500,997.41,996.73,10.86,2.95,43.08,43.08,0.00,0.00,4.92
1078080,pac,64.500,227.500,989.51,987.24,13.76,4.74,22.01,28.41,0.00,0.00,30.99
1078080,pac,62.750,233.250,991.28,988.96,12.98,5.28,22.28,28.66,0.00,0.00,30.99
1078080,pac,60.250,200.250,973.83,973.08,5.35,1.26,28.62,38.45,0.00,0.00,18.24
1078080,pac,58.250,209.500,964.92,964.69,13.59,2.88,41.48,46.06,0.00,0.00,16.44
1078080,pac,53.250,179.000,969.37,969.15,8.40,1.76,35.09,44.73,0.00,0.00,3.99
1078080,pac,50.500,186.500,969.16,968.95,6.81,1.46,37.40,43.31,0.00,0.00,3.37
1078080,pac,44.000,223.250,969.77,969.21,19.59,5.49,66.78,66.78,7287.00,146351.76,10.76
1078080,pac,43.500,169.000,972.32,971.73,8.70,2.38,46.77,46.77,0.00,0.00,5.51
1078086,atl,65.500,5.250,977.72,977.19,17.02,4.59,55.71,57.42,0.00,40621.02,8.64
1078086,atl,64.000,-22.750,993.17,992.63,12.40,3.18,48.79,49.25,0.00,0.00,9.19
1078086,atl,59.250,-41.750,997.66,996.89,4.39,1.45,52.45,52.45,0.00,1955.23,12.19
1078086,atl,58.750,-61.500,988.38,987.17,11.74,3.30,33.68,46.14,0.00,0.00,9.28
1078086,atl,58.000,-79.500,991.30,990.68,12.67,3.52,37.55,37.67,0.00,0.00,5.30
1078086,atl,56.250,-15.750,993.35,992.52,12.27,3.46,42.68,44.18,0.00,0.00,5.92
1078086,atl,49.000,-39.500,998.97,997.63,10.92,3.55,46.74,46.84,0.00,0.00,7.76
1078086,pac,63.250,232.500,988.11,987.06,14.64,5.64,18.12,25.47,0.00,0.00,27.85
1078086,pac,60.250,200.500,976.11,975.19,4.36,1.10,27.27,33.02,0.00,0.00,16.80
1078086,pac,58.500,208.750,968.63,968.01,12.40,2.94,43.87,43.87,0.00,0.00,16.80
1078086,pac,57.750,235.500,990.03,987.21,6.85,3.61,26.57,26.57,0.00,0.00,34.96
1078086,pac,54.750,239.000,992.54,991.43,4.60,1.92,26.57,26.57,0.00,0.00,34.96
1078086,pac,53.250,186.250,970.18,969.85,6.01,1.48,33.14,33.14,0.00,0.00,2.85
1078086,pac,52.500,178.250,969.11,968.84,8.34,1.87,34.77,40.38,0.00,0.00,3.36
1078086,pac,47.000,230.500,967.21,966.42,20.17,4.21,50.37,63.78,0.00,84216.69,12.62
1078086,pac,42.750,170.000,971.64,971.28,8.89,2.37,49.06,49.06,0.00,0.00,6.17
1078086,pac,41.750,180.000,969.72,969.14,9.14,2.05,47.03,52.49,0.00,12118.44,3.94
1078092,atl,66.500,8.250,978.94,978.41,16.92,5.00,66.04,66.04,1950.33,49118.84,10.16
1078092,atl,63.750,-21.500,992.24,991.91,11.13,2.69,43.61,46.56,0.00,0.00,8.16
1078092,atl,63.250,-15.500,994.16,993.08,7.57,2.13,46.56,46.56,0.00,0.00,8.16
1078092,atl,62.000,-56.000,995.46,995.02,5.73,1.09,35.66,41.59,0.00,0.00,5.77
1078092,atl,60.000,-68.750,995.54,995.09,5.53,1.63,43.95,43.95,0.00,0.00,8.63
1078092,atl,59.750,-40.500,997.66,997.03,5.14,1.76,49.11,49.11,0.00,0.00,12.33
1078092,atl,58.500,-61.500,991.57,990.84,10.01,2.78,35.99,43.95,0.00,0.00,8.00
1078092,atl,57.750,-79.500,994.06,993.34,11.07,3.33,34.99,34.99,0.00,0.00,4.84
1078092,atl,57.000,-12.500,992.05,991.25,11.87,3.61,45.36,45.36,0.00,0.00,6.83
1078092,atl,50.750,-35.500,993.25,990.82,15.06,4.86,60.64,60.64,0.00,23095.34,13.42
1078092,pac,63.000,232.750,987.36,985.32,13.20,5.31,15.46,23.75,0.00,0.00,27.21
1078092,pac,58.750,210.000,972.27,971.78,11.64,2.86,40.09,40.09,0.00,0.00,16.15
1078092,pac,54.750,182.500,968.74,967.52,8.34,2.05,42.88,42.88,0.00,0.00,5.35
1078092,pac,52.250,178.750,968.13,967.89,8.06,1.89,35.46,42.88,0.00,0.00,5.35
1078092,pac,48.000,231.500,966.74,965.90,19.92,4.88,55.70,66.95,3851.14,162122.23,9.18
1078092,pac,43.750,184.250,963.18,962.47,13.31,3.35,49.72,50.32,0.00,589.80,4.54
1078098,atl,64.000,-11.750,990.71,989.77,9.31,3.18,45.08,45.08,0.00,0.00,7.57
1078098,atl,63.750,-20.250,993.26,992.98,7.54,1.48,41.69,41.69,0.00,0.00,7.57
1078098,atl,63.250,-17.750,993.27,992.86,6.61,1.13,35.85,45.08,0.00,0.00,7.57
1078098,atl,59.750,-70.000,996.59,996.23,5.22,1.67,37.75,38.44,0.00,0.00,7.34
1078098,atl,59.500,-41.000,996.17,995.48,7.47,2.67,51.23,51.23,0.00,1551.36,7.74
1078098,atl,58.750,-61.250,993.32,992.78,8.66,2.20,33.10,38.44,0.00,0.00,7.34
1078098,atl,57.500,-79.500,997.00,996.51,9.40,3.02,36.40,36.40,0.00,0.00,5.19
1078098,atl,57.500,-9.000,990.98,990.50,10.51,3.43,40.54,40.54,0.00,0.00,6.18
1078098,atl,51.500,-30.000,989.92,989.40,15.30,4.74,60.42,60.42,0.00,49421.77,9.14
1078098,pac,64.250,228.750,987.64,986.00,11.78,4.49,12.81,21.98,0.00,0.00,26.08
1078098,pac,63.000,232.500,987.35,985.39,11.97,4.75,10.62,21.24,0.00,0.00,26.08
1078098,pac,60.750,223.750,985.27,983.68,4.85,1.36,20.68,27.62,0.00,0.00,26.08
1078098,pac,59.000,211.000,975.23,974.63,10.70,2.86,38.28,38.28,0.00,0.00,17.97
1078098,pac,54.000,179.250,966.26,965.38,10.16,2.37,51.32,51.32,0.00,2232.74,5.59
1078098,pac,47.000,234.250,974.70,974.27,16.87,4.44,64.68,64.68,1071.19,74551.49,10.59
1078098,pac,46.250,187.750,957.80,956.86,16.15,4.41,53.88,53.88,0.00,19680.90,8.00
1078104,atl,65.000,-8.000,988.28,987.31,10.11,3.68,45.22,45.22,0.00,0.00,7.47
1078104,atl,63.000,-17.000,993.09,992.84,4.17,0.76,31.53,44.13,0.00,0.00,6.81
1078104,atl,59.000,-40.000,997.97,997.31,6.82,2.48,42.80,42.85,0.00,0.00,6.58
1078104,atl,59.000,-5.250,991.56,991.35,7.19,2.26,37.71,40.35,0.00,0.00,4.39
1078104,atl,58.500,-60.500,994.91,994.58,8.79,2.38,34.98,35.74,0.00,0.00,7.92
1078104,atl,57.250,-78.500,1002.29,1001.66,6.28,2.19,36.71,36.71,0.00,0.00,5.09
1078104,atl,52.500,-25.500,989.11,988.61,13.28,3.91,56.88,56.88,0.00,115485.91,7.51
1078104,pac,63.000,232.500,989.82,987.69,9.78,4.04,9.46,17.58,0.00,0.00,25.19
1078104,pac,61.750,206.750,982.20,981.35,6.21,2.02,28.97,31.94,0.00,0.00,20.21
1078104,pac,60.500,224.000,986.51,985.57,5.15,1.56,16.75,23.75,0.00,0.00,19.42
1078104,pac,59.000,211.500,979.87,979.23,8.36,2.35,34.31,34.31,0.00,0.00,19.06
1078104,pac,52.250,178.250,965.16,964.09,10.98,2.87,45.07,45.07,0.00,0.00,6.48
1078104,pac,47.250,189.750,954.24,953.83,18.27,5.20,58.36,58.36,0.00,70633.49,10.10
1078110,atl,66.500,-3.000,985.08,984.26,10.29,3.89,49.27,49.27,0.00,0.00,7.97
1078110,atl,63.000,-72.250,1001.93,1001.73,4.00,1.03,22.97,32.21,0.00,0.00,5.96
1078110,atl,60.000,-3.000,990.17,989.76,5.19,1.80,35.56,41.35,0.00,0.00,7.14
1078110,atl,58.500,-59.750,995.96,995.81,8.09,2.18,36.08,36.08,0.00,0.00,9.80
1078110,atl,58.500,-38.500,999.65,999.20,4.38,1.85,36.97,41.37,0.00,0.00,4.73
1078110,atl,52.500,-20.250,986.25,985.89,11.70,3.07,56.69,56.69,0.00,128839.94,7.64
1078110,atl,52.250,-12.500,987.37,986.60,10.00,2.46,43.23,51.39,0.00,4925.81,5.27
1078110,pac,64.250,228.750,991.04,989.75,9.67,3.77,9.85,15.17,0.00,0.00,20.25
1078110,pac,63.000,232.500,991.95,989.46,8.80,3.65,9.65,15.09,0.00,0.00,20.25
1078110,pac,61.750,206.500,984.69,983.97,4.95,1.81,20.20,29.79,0.00,0.00,16.17
1078110,pac,59.250,212.000,983.54,982.86,6.34,1.89,29.79,29.79,0.00,0.00,16.67
1078110,pac,55.750,235.250,991.13,990.72,4.69,1.79,12.85,24.40,0.00,0.00,21.53
1078110,pac,51.250,180.500,964.97,963.98,10.02,2.82,38.94,39.78,0.00,0.00,4.52
1078110,pac,49.000,193.500,956.16,955.91,16.42,3.81,61.48,61.48,0.00,52912.68,7.04
1078116,atl,68.250,2.750,983.66,982.66,9.61,3.71,54.51,54.51,0.00,9701.30,6.75
1078116,atl,63.250,-72.500,1004.01,1003.83,4.46,1.11,22.40,30.11,0.00,0.00,6.05
1078116,atl,57.750,-58.500,998.15,997.86,7.77,2.09,36.28,36.28,0.00,0.00,9.17
1078116,atl,54.250,-9.250,981.64,981.05,10.67,2.53,40.18,47.65,0.00,0.00,5.02
1078116,atl,50.250,-47.750,1001.59,1000.52,9.29,3.02,45.64,45.64,0.00,0.00,6.26
1078116,pac,64.500,223.500,993.77,992.29,5.88,2.12,12.47,19.14,0.00,0.00,19.69
1078116,pac,64.250,229.000,993.01,991.37,9.01,3.61,10.76,16.15,0.00,0.00,19.69
1078116,pac,62.750,232.750,994.16,992.04,7.94,3.38,10.30,13.97,0.00,0.00,19.69
1078116,pac,57.000,236.000,995.29,994.31,4.54,2.44,14.61,17.49,0.00,0.00,19.10
1078116,pac,51.500,182.250,966.56,965.78,8.37,2.39,36.43,38.36,0.00,0.00,4.33
1078116,pac,51.000,195.750,957.03,956.68,15.33,3.37,46.14,49.32,0.00,0.00,5.55
1078122,atl,66.500,-36.750,999.33,997.80,4.65,2.09,45.57,45.57,0.00,0.00,20.12
1078122,atl,63.000,-10.750,981.74,981.49,8.17,2.51,48.36,48.36,0.00,0.00,6.77
1078122,atl,57.500,-57.000,999.50,999.15,6.55,1.57,36.31,36.31,0.00,0.00,9.20
1078122,atl,56.000,-6.500,975.41,974.35,11.33,2.97,41.34,43.82,0.00,0.00,5.55
1078122,atl,51.000,-42.750,995.63,995.07,11.11,3.10,56.96,56.96,0.00,37146.95,7.25
1078122,pac,65.250,220.250,994.67,993.23,4.56,1.77,17.04,20.56,0.00,0.00,18.12
1078122,pac,64.500,229.500,994.97,993.01,7.99,3.15,14.48,14.48,0.00,0.00,18.12
1078122,pac,62.750,233.250,995.25,993.52,8.11,3.48,12.74,14.48,0.00,0.00,18.12
1078122,pac,57.000,236.500,998.36,996.76,4.58,2.26,18.26,18.26,0.00,0.00,15.70
1078122,pac,52.250,197.250,959.59,959.26,13.27,3.14,47.63,47.63,0.00,0.00,7.06
1078122,pac,51.750,182.500,967.59,967.04,7.99,2.02,34.36,39.71,0.00,0.00,3.44
1078128,atl,63.250,-10.250,977.68,977.30,9.86,2.55,57.73,57.73,0.00,41438.35,9.16
1078128,atl,58.500,-1.250,972.05,971.52,12.59,2.65,48.65,51.11,0.00,1617.95,13.07
1078128,atl,57.500,-48.000,998.08,997.78,4.39,1.17,23.79,32.72,0.00,0.00,3.12
1078128,atl,57.000,-55.000,1001.07,1000.78,5.58,1.14,32.97,34.00,0.00,0.00,4.68
1078128,atl,51.750,-37.500,991.93,991.45,11.23,3.00,51.02,51.46,0.00,7084.96,5.14
1078128,pac,65.500,220.000,994.91,993.83,4.75,1.80,16.84,26.78,0.00,0.00,16.47
1078128,pac,64.750,229.750,996.14,994.34,7.11,2.89,16.84,16.84,0.00,0.00,17.54
1078128,pac,62.750,233.500,995.94,994.75,8.10,3.36,11.95,16.84,0.00,0.00,17.54
1078128,pac,53.500,198.250,962.77,962.44,11.52,2.68,45.79,45.79,0.00,0.00,6.43
1078128,pac,53.000,160.750,994.75,994.37,4.08,1.38,28.06,29.61,0.00,0.00,5.16
1078128,pac,52.750,212.500,971.45,971.14,10.41,2.45,44.04,44.04,0.00,0.00,4.69
1078134,atl,62.000,-14.750,974.32,973.02,11.84,4.09,62.80,62.80,0.00,78199.72,11.63
1078134,atl,60.750,0.250,967.25,966.66,13.93,3.28,49.49,49.49,0.00,0.00,13.85
1078134,atl,57.250,-48.750,996.67,996.35,5.23,1.28,30.59,33.68,0.00,0.00,3.62
1078134,atl,52.000,-32.250,989.13,988.51,8.88,2.16,43.04,44.04,0.00,0.00,4.27
1078134,pac,65.500,220.000,994.94,994.01,4.64,1.80,18.31,26.36,0.00,0.00,15.21
1078134,pac,64.750,229.750,997.37,995.03,5.87,2.30,18.31,18.31,0.00,0.00,16.62
1078134,pac,62.750,234.000,996.59,995.43,7.77,3.09,14.87,18.31,0.00,0.00,16.62
1078134,pac,55.000,190.750,965.56,965.18,9.69,1.97,41.69,42.23,0.00,0.00,4.32
1078134,pac,54.750,197.000,965.21,964.79,10.15,2.24,42.19,42.19,0.00,0.00,5.79
1078134,pac,54.500,212.000,970.54,970.12,11.68,3.03,46.63,46.63,0.00,0.00,5.40
1078134,pac,53.000,160.750,993.43,992.99,4.53,1.46,27.70,27.91,0.00,0.00,5.05
1078134,pac,50.250,184.500,967.23,966.97,10.24,2.08,54.08,54.08,0.00,14095.08,6.03
1078140,atl,64.750,-4.500,968.81,968.20,13.75,3.20,53.24,59.07,0.00,73228.29,8.08
1078140,atl,62.500,1.250,964.89,964.14,15.20,3.55,50.66,50.66,0.00,1076.45,12.44
1078140,atl,61.250,-12.250,973.10,972.42,11.33,3.85,59.75,59.75,0.00,103107.86,9.70
1078140,atl,56.250,-49.750,996.50,996.28,7.59,1.87,36.85,43.49,0.00,0.00,4.87
1078140,atl,52.250,-24.000,986.07,985.24,8.64,2.22,43.21,46.75,0.00,0.00,4.67
1078140,pac,65.750,219.750,994.64,993.98,4.67,1.80,16.74,25.22,0.00,0.00,15.05
1078140,pac,62.750,234.000,997.03,995.77,7.11,2.90,17.16,17.16,0.00,0.00,16.66
1078140,pac,55.750,210.250,969.42,968.81,12.57,3.47,47.07,47.07,0.00,0.00,7.72
1078140,pac,54.750,188.000,967.23,966.97,9.57,1.96,43.87,43.87,0.00,0.00,4.37
1078140,pac,53.000,160.500,992.48,991.80,4.78,1.51,30.48,30.48,0.00,0.00,4.73
1078140,pac,53.000,221.500,978.28,977.96,9.27,2.12,44.59,45.91,0.00,0.00,6.28
1078140,pac,49.250,186.250,967.38,967.16,11.15,2.57,57.39,57.57,0.00,63874.91,6.17
1078140,pac,48.250,210.000,979.38,979.32,4.20,0.99,39.79,46.10,0.00,0.00,3.37
1078146,atl,65.500,-6.000,965.76,964.85,17.07,4.83,58.22,58.22,0.00,87882.00,10.40
1078146,atl,64.000,3.000,964.79,964.21,14.59,3.39,42.41,49.03,0.00,0.00,10.56
1078146,atl,54.000,-49.500,997.29,997.09,8.57,2.47,47.64,47.98,0.00,0.00,6.27
1078146,atl,53.500,-18.000,981.09,980.32,9.58,2.35,45.71,46.78,0.00,0.00,4.14
1078146,pac,65.750,220.000,993.96,993.23,4.01,1.67,16.92,23.43,0.00,0.00,13.71
1078146,pac,62.750,234.250,996.67,995.28,6.43,2.70,14.67,16.46,0.00,0.00,14.89
1078146,pac,56.500,208.000,968.84,968.31,12.68,3.59,53.23,53.23,0.00,13341.53,7.36
1078146,pac,56.000,190.000,969.11,968.83,9.38,2.04,41.45,41.58,0.00,0.00,4.38
1078146,pac,54.000,222.000,976.88,976.47,10.02,2.36,50.09,50.09,0.00,883.72,17.35
1078146,pac,53.000,160.250,990.98,990.37,5.04,1.49,32.75,32.75,0.00,0.00,5.13
1078146,pac,48.750,189.750,966.43,965.58,12.24,3.12,50.89,56.51,0.00,63566.95,5.19
1078146,pac,48.250,214.000,979.43,978.85,6.69,1.84,43.36,48.50,0.00,0.00,4.00
1078146,pac,44.500,161.500,988.91,988.22,7.13,2.12,42.98,51.04,0.00,2359.21,4.16
1078146,pac,43.000,165.500,990.25,989.80,7.30,1.69,46.77,50.88,0.00,1179.61,4.41
1078152,atl,69.000,-31.750,996.84,994.62,4.45,1.84,36.09,36.09,0.00,0.00,22.91
1078152,atl,67.250,-35.500,996.41,994.84,5.16,2.16,36.09,37.73,0.00,0.00,22.91
1078152,atl,67.000,2.500,966.40,966.16,15.48,2.40,54.55,63.47,0.00,86040.82,15.52
1078152,atl,65.250,-6.000,963.05,961.79,19.60,5.98,64.39,64.39,326.59,118348.91,15.52
1078152,atl,64.000,-42.750,996.67,995.23,7.29,2.55,37.73,37.73,0.00,0.00,13.01
1078152,atl,54.750,-14.250,976.02,975.43,11.00,2.66,40.25,45.94,0.00,0.00,5.31
1078152,atl,51.750,-47.250,999.17,998.55,8.52,2.72,51.25,51.25,0.00,8259.45,6.39
1078152,pac,62.750,234.250,997.24,995.86,4.42,2.08,14.25,17.15,0.00,0.00,16.90
1078152,pac,56.750,207.250,971.66,970.93,10.42,2.85,50.38,50.38,0.00,1199.79,6.99
1078152,pac,55.750,188.250,970.70,970.45,9.31,2.10,40.45,40.55,0.00,0.00,4.06
1078152,pac,55.250,222.000,976.79,976.19,10.91,2.85,46.32,46.32,0.00,0.00,19.98
1078152,pac,52.750,160.250,990.74,990.30,4.95,1.41,35.75,35.75,0.00,0.00,6.06
1078152,pac,48.750,193.000,968.32,967.77,11.02,2.65,54.38,54.38,0.00,95076.64,5.45
1078152,pac,48.750,220.250,980.47,979.91,7.33,1.91,43.14,48.42,0.00,0.00,4.65
1078152,pac,48.250,225.500,981.70,980.90,8.61,2.38,48.42,48.42,0.00,0.00,4.65
1078152,pac,44.250,163.000,984.43,983.27,9.28,2.96,49.65,50.77,0.00,5253.32,9.94
1078152,pac,43.750,170.500,984.27,983.42,8.04,2.22,40.97,50.77,0.00,2909.43,4.17
1078158,atl,69.000,-31.750,995.83,993.25,5.73,2.39,39.20,50.03,0.00,314.31,21.30
1078158,atl,66.750,-36.250,994.12,992.17,7.74,3.19,50.03,50.03,0.00,314.31,21.30
1078158,atl,65.750,-3.500,961.27,960.60,20.92,6.00,66.31,66.31,2887.19,158415.95,13.39
1078158,atl,62.500,-43.750,995.34,993.91,9.37,2.92,43.24,50.03,0.00,314.31,16.43
1078158,atl,56.750,-10.000,970.06,969.48,13.20,3.47,39.77,51.98,0.00,1800.48,6.31
1078158,atl,50.500,-25.750,984.59,984.24,5.46,1.30,37.13,37.50,0.00,0.00,2.63
1078158,pac,62.750,234.250,996.08,994.90,4.62,2.20,14.44,15.98,0.00,0.00,16.49
1078158,pac,57.500,204.750,974.21,973.64,7.85,2.22,39.21,39.33,0.00,0.00,11.04
1078158,pac,56.500,221.750,978.67,977.96,10.89,3.12,44.24,44.24,0.00,0.00,16.47
1078158,pac,55.250,186.500,972.19,972.00,9.24,2.22,39.33,39.33,0.00,0.00,3.86
1078158,pac,52.250,160.250,990.35,990.06,5.20,1.49,40.66,40.66,0.00,0.00,6.05
1078158,pac,49.500,197.000,970.17,970.00,10.34,2.34,50.63,53.57,0.00,44154.45,4.43
1078158,pac,49.500,228.000,980.15,979.19,11.97,3.22,43.26,44.57,0.00,0.00,5.67
1078158,pac,49.000,223.000,982.47,981.85,8.07,2.03,44.35,44.57,0.00,0.00,4.93
1078158,pac,44.500,172.250,976.96,976.00,9.60,2.64,45.83,49.69,0.00,0.00,4.94
1078158,pac,43.750,165.250,981.16,980.52,10.22,3.08,55.15,55.47,0.00,25160.80,8.28
1078164,atl,69.000,-31.750,997.55,995.03,4.66,1.97,41.81,54.93,0.00,2523.74,22.28
1078164,atl,67.000,-2.250,960.33,959.79,22.16,5.89,65.02,65.02,1101.44,220632.78,12.12
1078164,atl,65.000,-32.250,990.43,989.28,9.81,2.64,33.29,54.93,0.00,4129.11,22.28
1078164,atl,61.750,-43.500,994.49,993.44,10.08,2.91,43.86,54.14,0.00,2557.54,17.53
1078164,atl,57.750,-7.750,967.16,966.53,14.61,3.79,46.43,52.86,0.00,2826.38,5.56
1078164,atl,49.750,-27.500,984.43,983.98,8.46,1.98,35.83,40.67,0.00,0.00,3.41
1078164,pac,65.000,229.750,995.41,993.20,4.27,1.70,16.25,17.24,0.00,0.00,16.93
1078164,pac,57.500,221.500,982.38,981.37,9.05,2.73,42.35,42.35,0.00,0.00,16.19
1078164,pac,55.000,185.250,972.93,972.72,9.13,2.32,38.16,38.16,0.00,0.00,3.98
1078164,pac,52.000,160.250,991.74,991.46,5.32,1.48,35.76,35.76,0.00,0.00,6.43
1078164,pac,51.500,199.500,971.88,971.67,8.62,1.74,45.32,46.53,0.00,0.00,4.23
1078164,pac,50.750,228.500,979.46,978.72,13.87,3.76,44.96,44.96,0.00,0.00,9.20
1078164,pac,44.500,173.500,972.52,971.82,11.65,3.42,47.58,49.39,0.00,0.00,7.00
1078164,pac,44.000,182.500,972.06,970.95,11.89,3.23,51.02,65.01,1179.61,57854.08,7.20
1078170,atl,68.500,-1.750,959.30,958.98,22.12,5.30,60.03,60.03,0.00,200451.03,12.06
1078170,atl,65.250,-30.000,985.17,984.05,13.84,4.21,45.56,52.69,0.00,2218.64,20.70
1078170,atl,61.750,2.250,967.93,967.21,11.57,3.35,59.46,59.46,0.00,16707.06,11.89
1078170,atl,60.750,-39.750,991.62,991.35,9.38,2.51,46.89,49.38,0.00,0.00,11.45
1078170,atl,58.750,-5.000,966.60,965.69,14.30,4.02,56.61,56.61,0.00,22802.02,6.92
1078170,atl,53.250,-77.250,997.70,997.62,8.89,1.39,34.17,34.17,0.00,0.00,5.57
1078170,atl,48.750,-27.500,982.94,982.70,10.83,2.50,41.96,44.82,0.00,0.00,4.32
1078170,pac,63.000,209.000,984.99,982.65,4.17,1.41,19.88,24.22,0.00,0.00,16.44
1078170,pac,62.750,234.000,994.08,992.46,5.24,2.65,14.71,15.88,0.00,0.00,15.22
1078170,pac,61.000,219.250,986.79,985.57,5.02,2.16,21.27,30.76,0.00,0.00,17.15
1078170,pac,57.750,221.500,985.71,984.74,6.42,1.95,30.76,30.76,0.00,0.00,17.15
1078170,pac,54.500,183.750,972.64,972.37,8.88,2.25,38.98,38.98,0.00,0.00,4.10
1078170,pac,52.750,201.000,973.46,973.28,7.71,1.63,42.39,44.73,0.00,0.00,4.31
1078170,pac,51.000,160.750,993.36,993.15,4.75,1.20,34.99,34.99,0.00,0.00,6.47
1078170,pac,51.000,228.500,981.84,981.14,12.81,3.57,36.49,37.61,0.00,0.00,8.89
1078170,pac,45.500,185.000,964.67,963.27,13.22,3.92,59.11,59.11,0.00,72978.62,6.46
1078170,pac,43.500,175.500,971.87,971.50,11.78,3.22,52.99,60.88,0.00,74597.04,7.09
1078176,atl,65.500,-29.000,980.55,979.20,17.68,5.68,52.29,53.40,0.00,11019.31,19.42
1078176,atl,63.250,4.750,967.48,967.02,10.43,2.52,47.08,49.59,0.00,0.00,8.07
1078176,atl,62.000,-44.750,997.46,996.10,6.01,1.51,42.16,51.57,0.00,1913.55,12.29
1078176,atl,60.750,-36.250,990.96,990.67,7.29,1.99,42.98,43.08,0.00,0.00,7.29
1078176,atl,55.000,-72.750,996.94,996.78,9.83,1.88,30.03,30.51,0.00,0.00,5.52
1078176,atl,47.750,-25.250,985.89,985.78,10.02,1.96,47.22,47.22,0.00,0.00,5.15
1078176,pac,65.750,219.500,992.17,991.60,4.22,1.46,16.20,20.23,0.00,0.00,16.03
1078176,pac,62.750,234.000,993.40,991.92,5.71,2.88,15.07,16.20,0.00,0.00,16.75
1078176,pac,53.250,201.750,975.37,975.19,5.91,1.27,37.47,38.30,0.00,0.00,3.74
1078176,pac,51.250,229.750,985.65,984.91,10.52,3.20,38.37,38.37,0.00,0.00,8.60
1078176,pac,46.500,188.250,961.35,960.40,13.36,4.21,60.89,60.89,0.00,59201.03,7.49
1078176,pac,42.750,179.500,973.03,972.78,10.30,2.55,61.39,63.38,0.00,185078.66,6.56
1078182,atl,65.500,-29.250,977.75,975.86,19.25,6.53,60.22,60.22,0.00,44217.77,17.00
1078182,atl,62.250,-45.250,998.07,997.51,4.22,1.11,36.18,46.04,0.00,0.00,11.44
1078182,atl,57.000,-77.250,999.45,999.18,7.01,1.58,26.05,26.86,0.00,0.00,3.03
1078182,atl,55.250,-68.000,997.37,996.98,8.16,1.95,28.06,28.06,0.00,0.00,4.23
1078182,atl,52.500,-11.000,989.56,989.41,4.14,0.77,31.79,44.91,0.00,0.00,3.32
1078182,atl,48.750,-21.750,986.22,986.20,9.32,1.64,43.72,46.38,0.00,0.00,4.82
1078182,pac,62.750,234.000,993.37,991.99,6.49,3.08,15.02,15.44,0.00,0.00,15.26
1078182,pac,52.250,180.750,973.15,972.89,7.95,1.81,40.67,40.67,0.00,0.00,4.28
1078182,pac,51.500,231.000,990.00,989.16,8.89,2.90,35.70,35.70,0.00,0.00,8.25
1078182,pac,47.500,191.000,958.67,958.20,14.48,4.24,50.35,50.35,0.00,529.49,6.32
1078188,atl,65.000,-28.250,978.15,977.08,17.48,5.91,63.54,63.54,0.00,47004.56,14.83
1078188,atl,62.000,-44.750,997.89,996.66,4.13,1.23,34.32,38.90,0.00,0.00,10.11
1078188,atl,57.250,-77.500,1001.22,1000.90,7.23,1.81,28.28,28.28,0.00,0.00,2.81
1078188,atl,55.500,-66.000,999.99,999.51,5.44,1.44,28.00,28.22,0.00,0.00,3.51
1078188,atl,54.250,-56.250,1000.55,1000.43,5.24,1.16,27.43,32.67,0.00,0.00,4.22
1078188,atl,53.000,-6.750,991.99,991.73,5.49,1.15,27.87,51.37,0.00,2010.03,4.19
1078188,atl,51.500,-11.750,991.83,991.68,4.38,0.87,31.47,39.14,0.00,0.00,2.88
1078188,atl,49.250,-19.250,988.99,988.91,9.53,1.83,42.02,45.84,0.00,0.00,4.76
1078188,pac,65.000,229.500,996.42,994.20,4.32,1.73,15.83,20.18,0.00,0.00,16.30
1078188,pac,62.750,234.000,995.19,993.74,5.74,2.59,16.66,17.35,0.00,0.00,16.30
1078188,pac,51.750,232.250,997.92,997.28,4.56,1.47,27.61,27.61,0.00,0.00,6.27
1078188,pac,50.750,180.500,973.71,973.32,8.00,2.05,43.86,43.86,0.00,0.00,4.74
1078188,pac,48.000,193.250,956.71,956.16,14.77,3.94,50.70,50.70,0.00,3740.65,5.69
1078194,atl,64.250,-25.500,978.63,977.88,14.61,4.52,53.97,53.97,0.00,17895.83,7.14
1078194,atl,62.500,-44.000,995.76,994.84,5.05,1.76,35.38,38.81,0.00,0.00,9.32
1078194,atl,57.250,-77.000,1002.83,1002.50,6.32,1.73,24.71,24.71,0.00,0.00,2.80
1078194,atl,54.000,-4.750,991.97,991.70,6.63,1.44,35.16,46.66,0.00,0.00,3.71
1078194,atl,53.750,-52.000,998.19,998.01,5.63,1.23,24.17,34.46,0.00,0.00,3.69
1078194,atl,52.000,-11.000,992.17,991.99,5.25,0.98,34.07,42.74,0.00,0.00,3.05
1078194,atl,49.500,-17.250,990.76,990.58,9.18,1.69,43.65,47.17,0.00,0.00,4.15
1078194,pac,65.000,229.250,997.43,995.78,4.63,1.82,15.98,21.54,0.00,0.00,14.54
1078194,pac,62.750,234.000,996.90,995.85,5.85,2.54,17.43,18.23,0.00,0.00,14.69
1078194,pac,50.000,199.000,957.51,956.64,11.90,2.34,51.04,52.99,0.00,25804.87,5.31
1078194,pac,49.500,181.750,974.62,974.22,7.77,2.15,49.43,49.43,0.00,0.00,4.91
1078200,atl,65.000,-12.000,981.98,981.65,7.45,2.23,52.47,52.47,0.00,19337.41,4.93
1078200,atl,63.750,-21.500,981.36,980.72,10.72,3.18,44.86,48.95,0.00,0.00,5.33
1078200,atl,62.250,-43.750,995.53,994.64,4.59,1.58,36.62,41.93,0.00,0.00,11.50
1078200,atl,55.250,5.000,996.84,996.47,6.23,1.60,45.39,45.39,0.00,0.00,4.79
1078200,atl,54.250,-4.500,993.66,993.26,7.03,1.70,37.67,42.44,0.00,0.00,3.70
1078200,atl,53.500,-47.750,997.72,997.60,5.47,1.25,27.99,37.76,0.00,0.00,2.96
1078200,atl,50.500,-14.000,994.31,994.07,7.73,1.62,44.74,48.16,0.00,0.00,3.92
1078200,pac,64.750,229.500,999.50,997.77,4.08,1.62,18.13,20.72,0.00,0.00,14.25
1078200,pac,62.750,234.250,998.49,997.77,6.27,2.47,21.51,21.51,0.00,0.00,14.25
1078200,pac,51.000,200.500,954.92,954.45,13.47,3.15,45.43,51.44,0.00,4738.28,4.96
1078200,pac,48.750,184.250,976.36,976.12,6.48,1.71,49.76,49.76,0.00,0.00,4.77
1078200,pac,37.250,238.500,1001.13,1000.28,10.28,2.90,44.35,44.35,0.00,0.00,11.54
1078206,atl,66.500,-35.500,988.43,988.14,6.23,2.24,44.32,44.32,0.00,0.00,15.88
1078206,atl,66.000,-7.500,981.25,980.77,7.50,2.50,51.90,52.89,0.00,16803.67,5.39
1078206,atl,65.500,-31.000,988.41,988.05,4.93,1.39,40.41,44.32,0.00,0.00,15.88
1078206,atl,63.750,-15.500,983.97,983.66,7.79,2.27,43.98,50.97,0.00,3375.21,5.66
1078206,atl,62.000,-43.500,992.23,991.43,5.52,1.75,34.90,44.32,0.00,0.00,12.21
1078206,atl,61.750,-40.500,992.74,991.67,4.26,1.08,34.90,44.32,0.00,0.00,12.92
1078206,atl,55.750,0.000,994.13,993.21,8.17,2.40,40.58,41.50,0.00,0.00,3.97
1078206,atl,55.000,-5.500,996.14,995.88,4.83,0.87,36.86,42.36,0.00,0.00,4.27
1078206,atl,53.750,-44.750,995.87,995.72,4.85,1.18,31.10,36.93,0.00,0.00,2.79
1078206,atl,45.750,-71.000,1002.11,1001.93,6.01,1.30,20.97,35.70,0.00,0.00,3.66
1078206,pac,63.000,234.250,1000.55,999.39,5.70,2.30,21.18,24.16,0.00,0.00,15.09
1078206,pac,55.750,205.750,954.89,954.24,14.76,3.56,53.61,58.90,0.00,24817.12,8.63
1078206,pac,51.500,202.750,955.00,954.87,13.19,3.02,46.58,46.58,0.00,0.00,5.01
1078212,atl,68.250,-0.250,982.39,981.67,6.58,2.64,53.01,53.01,0.00,12768.12,5.70
1078212,atl,67.000,-36.250,985.09,983.35,7.80,2.60,48.08,48.08,0.00,0.00,23.97
1078212,atl,66.000,-27.500,985.36,984.64,5.87,1.83,37.63,42.44,0.00,0.00,23.97
1078212,atl,64.750,-8.750,987.86,987.60,5.05,1.77,40.72,51.06,0.00,1565.39,6.66
1078212,atl,62.000,-39.250,988.08,987.69,7.24,1.76,40.56,48.08,0.00,0.00,14.76
1078212,atl,57.000,4.500,998.45,997.65,7.17,2.36,40.14,40.14,0.00,0.00,7.13
1078212,atl,54.250,-43.750,995.42,995.29,4.09,0.97,30.53,32.86,0.00,0.00,2.69
1078212,atl,53.500,-40.000,994.93,994.66,4.89,1.28,32.17,34.71,0.00,0.00,2.69
1078212,atl,45.250,-65.750,997.66,997.55,8.19,1.50,30.29,51.59,0.00,3488.20,5.31
1078212,pac,56.000,203.750,954.94,954.02,13.07,3.17,43.51,50.52,0.00,395.11,6.13
1078212,pac,53.000,205.500,957.07,956.94,11.30,2.10,43.44,46.65,0.00,0.00,6.13
1078218,atl,67.500,-36.750,983.68,982.08,8.94,3.22,50.23,50.23,0.00,314.31,29.46
1078218,atl,63.000,-34.750,984.66,984.37,8.28,1.64,34.70,50.23,0.00,314.31,29.46
1078218,atl,54.500,-38.250,991.62,991.24,5.15,1.49,33.43,34.50,0.00,0.00,2.57
1078218,atl,46.500,-59.000,991.90,991.46,10.66,2.11,42.34,60.57,0.00,32948.94,3.99
1078218,pac,56.000,203.500,957.67,957.00,11.45,2.64,36.33,37.89,0.00,0.00,5.63
1078224,atl,67.250,-37.000,984.42,982.62,8.71,3.16,53.03,53.03,0.00,4593.45,19.33
1078224,atl,64.500,-31.500,981.93,981.69,10.18,2.53,36.79,53.03,0.00,3589.31,19.33
1078224,atl,58.750,-1.750,1001.70,1001.29,4.08,1.35,27.68,29.18,0.00,0.00,5.28
1078224,atl,55.000,-36.500,987.06,986.36,7.94,2.60,36.48,36.48,0.00,0.00,3.99
1078224,atl,46.750,-57.000,988.30,987.79,13.04,3.12,38.85,50.41,0.00,555.88,5.91
1078224,pac,56.250,204.000,962.18,961.69,9.32,2.04,33.34,35.82,0.00,0.00,4.45
1078224,pac,55.750,209.500,963.44,963.25,9.25,1.69,34.34,38.19,0.00,0.00,3.91
1078230,atl,65.250,-30.000,980.20,979.74,12.63,3.05,42.37,47.52,0.00,0.00,17.22
1078230,atl,59.250,-1.000,1003.23,1002.87,4.09,1.34,33.62,33.62,0.00,0.00,4.89
1078230,atl,55.250,-33.500,986.18,985.93,6.89,2.28,40.24,40.24,0.00,0.00,4.56
1078230,atl,48.000,-51.750,985.97,985.33,12.76,3.14,40.18,43.55,0.00,0.00,5.19
1078230,pac,56.500,205.250,965.05,964.81,8.70,1.74,35.11,35.11,0.00,0.00,4.51
1078230,pac,43.250,228.000,1000.02,999.43,6.64,1.93,43.78,43.87,0.00,0.00,4.82
1078236,atl,66.000,-29.500,980.73,980.62,14.24,2.96,55.33,55.33,0.00,7031.91,18.23
1078236,atl,57.500,-24.250,985.81,985.54,7.51,1.64,51.17,51.17,0.00,2963.09,5.66
1078236,atl,49.000,-34.750,992.65,991.94,7.46,2.23,50.75,50.75,0.00,2053.25,4.87
1078236,atl,48.250,-50.000,983.82,983.22,16.16,4.49,46.80,46.80,0.00,0.00,8.19
1078236,pac,61.750,218.750,978.83,976.64,6.28,1.56,38.18,38.18,0.00,0.00,19.16
1078236,pac,57.000,206.250,968.68,968.44,8.26,1.78,32.74,35.26,0.00,0.00,6.33
1078236,pac,45.000,230.250,996.63,995.49,8.08,2.37,45.37,45.37,0.00,0.00,5.71
1078242,atl,65.750,-30.500,980.90,980.70,13.78,2.50,62.52,62.52,0.00,22313.36,17.09
1078242,atl,59.750,-20.250,983.58,982.87,9.73,2.46,48.39,49.56,0.00,0.00,5.03
1078242,atl,49.750,-26.750,993.19,992.29,7.13,2.26,51.63,51.63,0.00,4587.97,4.58
1078242,atl,48.750,-46.500,983.11,983.02,15.76,3.95,57.13,57.13,0.00,75070.42,8.55
1078242,pac,60.250,238.750,998.45,997.57,5.23,1.23,24.31,28.83,0.00,0.00,16.13
1078242,pac,58.000,206.500,971.89,971.62,8.00,1.77,32.47,32.47,0.00,0.00,8.43
1078242,pac,47.500,216.500,985.48,984.98,7.96,2.42,47.68,47.68,0.00,0.00,4.48
1078242,pac,46.000,231.750,997.55,996.97,7.83,1.78,43.22,43.22,0.00,0.00,13.86
1078248,atl,66.500,-32.750,982.86,982.48,13.76,2.51,58.46,61.08,0.00,30445.99,18.65
1078248,atl,61.750,-67.500,999.55,999.19,4.88,1.57,29.92,29.92,0.00,0.00,5.34
1078248,atl,61.500,-18.250,985.47,985.17,8.31,1.95,52.10,52.10,0.00,3130.24,9.00
1078248,atl,50.750,-21.750,995.42,994.85,6.05,1.69,45.81,45.81,0.00,0.00,4.53
1078248,atl,50.250,-40.500,984.00,983.56,13.45,2.82,50.32,58.46,0.00,64132.25,7.20
1078248,pac,65.000,226.750,990.03,986.94,7.53,1.85,26.64,31.76,0.00,0.00,16.11
1078248,pac,64.250,213.500,982.09,980.80,6.49,1.95,29.51,29.74,0.00,0.00,12.69
1078248,pac,62.500,221.250,986.60,985.16,5.53,1.69,25.32,29.51,0.00,0.00,16.11
1078248,pac,60.250,239.000,998.89,998.16,4.71,1.22,20.92,27.67,0.00,0.00,15.47
1078248,pac,58.500,202.500,976.32,976.13,6.73,1.23,27.96,31.34,0.00,0.00,8.65
1078248,pac,50.750,167.250,989.15,988.45,8.32,2.40,48.90,48.90,0.00,0.00,4.31
1078248,pac,49.750,217.750,980.69,979.90,11.12,3.60,49.54,49.54,0.00,0.00,5.79
1078248,pac,48.750,231.250,997.90,997.57,4.63,1.51,37.64,38.69,0.00,0.00,5.48
1078248,pac,34.500,196.750,1000.96,999.40,9.55,3.08,61.69,61.69,0.00,37883.11,8.84
1078254,atl,67.500,-23.250,985.61,985.10,11.17,2.24,60.84,60.84,0.00,11168.27,18.35
1078254,atl,66.750,-16.750,986.09,985.93,12.75,2.27,49.58,60.84,0.00,11168.27,18.35
1078254,atl,66.500,-33.500,987.10,986.87,9.95,1.69,47.96,57.12,0.00,13548.45,18.35
1078254,atl,62.250,-63.250,997.97,997.63,5.18,1.61,29.44,29.44,0.00,0.00,6.28
1078254,atl,60.750,-40.500,991.83,991.56,5.63,1.54,38.57,57.12,0.00,5289.42,13.00
1078254,atl,52.250,-14.750,997.49,997.09,5.58,1.60,43.35,43.91,0.00,0.00,5.07
1078254,atl,51.250,-35.500,985.15,984.63,11.30,2.56,45.66,52.78,0.00,30314.65,5.87
1078254,pac,65.500,220.000,988.23,987.07,7.38,2.06,23.16,34.60,0.00,0.00,13.55
1078254,pac,65.000,227.250,992.09,989.64,7.14,1.91,24.47,30.61,0.00,0.00,16.13
1078254,pac,64.500,212.500,986.31,985.04,4.87,1.55,31.70,31.70,0.00,0.00,12.21
1078254,pac,59.750,238.750,998.77,998.40,4.72,1.39,22.47,24.35,0.00,0.00,16.13
1078254,pac,58.750,201.250,979.93,979.67,6.57,1.40,36.67,36.67,0.00,0.00,9.04
1078254,pac,51.750,168.500,987.68,986.89,8.99,2.74,54.42,54.42,0.00,2373.43,6.18
1078254,pac,51.250,218.000,978.96,978.03,13.05,4.28,48.08,48.08,0.00,0.00,7.25
1078254,pac,43.250,225.250,995.03,994.35,7.04,2.22,48.81,48.81,0.00,0.00,4.37
1078254,pac,35.500,203.000,995.47,993.45,12.54,3.93,67.49,67.49,2532.05,57351.89,8.32
1078260,atl,65.250,-34.000,990.75,990.51,7.06,1.16,34.42,51.53,0.00,1654.28,14.19
1078260,atl,62.750,-61.250,998.03,997.71,4.34,1.42,26.64,27.27,0.00,0.00,7.78
1078260,atl,61.750,-12.500,990.66,990.44,8.96,2.23,45.42,45.42,0.00,0.00,5.24
1078260,atl,60.750,-56.250,997.56,997.14,5.46,1.54,27.27,33.00,0.00,0.00,7.14
1078260,atl,60.750,-39.250,993.06,992.87,5.48,1.42,41.17,51.53,0.00,1654.28,12.02
1078260,atl,53.750,-11.000,998.22,997.92,5.47,1.43,34.75,43.51,0.00,0.00,5.02
1078260,atl,52.750,-28.500,988.07,987.38,9.31,2.10,42.35,44.93,0.00,0.00,4.25
1078260,pac,65.500,220.500,991.52,990.89,6.65,1.97,19.91,27.95,0.00,0.00,11.86
1078260,pac,65.000,227.500,994.72,992.48,6.40,1.63,22.76,29.50,0.00,0.00,14.17
1078260,pac,64.250,233.000,996.07,994.05,7.07,2.50,25.57,31.39,0.00,0.00,14.95
1078260,pac,59.750,199.500,983.44,983.01,6.36,1.53,25.98,28.41,0.00,0.00,8.16
1078260,pac,59.500,238.750,999.87,999.15,4.38,1.46,24.25,24.25,0.00,0.00,14.95
1078260,pac,54.000,204.750,984.32,984.16,4.42,1.18,25.65,30.89,0.00,0.00,2.65
1078260,pac,52.750,218.250,977.63,977.03,14.96,4.65,44.35,44.35,0.00,0.00,6.93
1078260,pac,52.250,170.500,988.96,988.39,7.48,2.07,49.31,49.31,0.00,0.00,4.42
1078260,pac,49.000,180.250,992.22,991.58,5.91,1.96,51.18,51.18,0.00,1026.63,4.75
1078260,pac,47.750,226.500,993.19,992.86,5.28,1.60,33.88,43.94,0.00,0.00,3.25
1078260,pac,36.250,207.750,984.49,982.09,18.97,6.12,75.05,75.05,8117.32,180102.91,14.50
1078266,atl,64.750,-32.750,994.64,994.28,4.52,0.79,27.45,44.49,0.00,0.00,11.58
1078266,atl,62.750,-11.250,991.04,990.68,9.51,2.33,38.26,40.86,0.00,0.00,10.20
1078266,atl,61.250,-55.250,995.19,994.72,6.30,1.85,29.82,29.82,0.00,0.00,4.79
1078266,atl,61.000,-37.000,995.03,994.87,4.07,0.98,36.31,44.49,0.00,0.00,8.58
1078266,atl,60.000,-78.500,992.49,992.36,10.36,1.88,37.54,39.04,0.00,0.00,5.17
1078266,atl,53.750,-25.000,989.80,989.37,8.76,2.00,41.41,44.80,0.00,0.00,3.67
1078266,pac,65.750,220.500,994.66,993.77,5.57,1.73,19.84,24.92,0.00,0.00,9.63
1078266,pac,65.250,227.750,996.55,994.72,6.28,1.79,21.33,28.13,0.00,0.00,13.04
1078266,pac,64.250,233.000,997.61,995.58,6.81,2.43,21.77,29.44,0.00,0.00,13.84
1078266,pac,61.250,198.000,986.84,986.68,5.92,1.38,26.54,31.74,0.00,0.00,6.51
1078266,pac,58.750,198.500,986.73,986.61,4.15,0.81,25.87,31.74,0.00,0.00,4.89
1078266,pac,54.750,217.000,977.02,976.54,16.12,4.80,46.58,46.58,0.00,0.00,6.23
1078266,pac,52.500,173.500,988.71,988.07,6.93,1.96,43.77,43.77,0.00,0.00,3.76
1078266,pac,49.500,226.750,992.09,991.34,7.31,2.37,34.58,45.63,0.00,0.00,4.63
1078266,pac,49.250,184.500,991.84,991.31,4.85,1.69,46.77,46.77,0.00,0.00,3.68
1078266,pac,36.500,212.500,976.43,975.46,23.55,7.12,83.42,83.42,66281.33,331584.20,14.12
1078272,atl,63.250,-11.000,992.72,992.43,8.50,2.09,36.56,43.42,0.00,0.00,11.25
1078272,atl,61.500,-56.000,994.86,994.26,6.43,1.77,39.22,39.22,0.00,0.00,4.84
1078272,atl,59.750,-68.250,995.81,995.69,4.13,0.85,28.09,29.10,0.00,0.00,5.03
1078272,atl,59.500,-74.250,995.92,995.76,7.45,1.22,33.23,37.33,0.00,0.00,4.56
1078272,atl,56.500,-4.250,992.78,992.45,8.93,2.06,46.86,46.86,0.00,0.00,5.66
1078272,atl,55.500,-12.000,994.32,993.76,5.60,1.31,46.86,46.86,0.00,0.00,5.13
1078272,atl,55.000,-17.000,994.04,993.52,6.54,1.48,42.08,43.61,0.00,0.00,3.80
1078272,pac,65.750,220.500,998.37,997.74,4.08,1.51,18.86,19.25,0.00,0.00,9.55
1078272,pac,63.000,234.750,1000.99,1000.43,5.65,2.30,19.44,23.21,0.00,0.00,14.51
1078272,pac,62.000,196.250,990.01,989.92,5.02,1.11,26.55,33.67,0.00,0.00,4.97
1078272,pac,56.250,215.000,976.97,976.42,17.16,5.03,49.70,49.70,0.00,0.00,7.30
1078272,pac,53.750,166.250,989.99,989.55,6.19,1.46,40.96,41.91,0.00,0.00,8.82
1078272,pac,53.000,174.000,987.29,986.36,7.78,2.44,42.67,42.67,0.00,0.00,4.51
1078272,pac,51.500,226.750,990.28,989.28,10.44,3.71,45.30,45.30,0.00,0.00,6.61
1078272,pac,50.250,181.750,990.59,990.37,4.81,1.25,39.65,43.15,0.00,0.00,3.45
1078272,pac,37.500,216.750,968.58,967.92,26.15,6.80,86.26,86.26,134302.41,435838.97,12.85
1078278,atl,63.500,-11.000,993.87,993.70,7.54,1.84,40.03,41.17,0.00,0.00,10.19
1078278,atl,62.000,-58.000,993.22,992.53,7.35,1.72,39.42,39.42,0.00,0.00,6.27
1078278,atl,60.000,-67.000,995.92,995.70,4.78,1.04,25.81,28.67,0.00,0.00,4.94
1078278,atl,59.000,-58.500,993.07,993.01,6.62,1.08,27.74,39.42,0.00,0.00,4.94
1078278,atl,58.250,1.000,987.17,986.77,15.37,3.77,44.54,49.70,0.00,0.00,16.80
1078278,pac,63.250,194.250,991.51,991.45,5.54,1.47,33.06,34.65,0.00,0.00,4.93
1078278,pac,63.000,235.000,1003.60,1002.62,4.45,1.89,20.16,21.07,0.00,0.00,14.02
1078278,pac,57.500,212.250,978.18,977.72,16.16,4.73,48.25,48.25,0.00,0.00,10.03
1078278,pac,53.750,163.500,988.83,988.38,6.46,1.93,40.99,40.99,0.00,0.00,8.65
1078278,pac,53.500,173.750,985.66,984.83,8.44,2.60,37.57,37.57,0.00,0.00,4.43
1078278,pac,53.250,226.250,992.99,992.23,9.95,3.36,50.03,50.03,0.00,456.95,12.34
1078278,pac,49.500,185.500,990.21,990.05,5.62,1.68,41.57,42.76,0.00,0.00,3.57
1078278,pac,49.000,162.250,989.82,989.34,5.94,2.10,47.47,47.47,0.00,0.00,5.28
1078278,pac,38.000,177.500,1002.60,1002.12,4.85,1.56,33.39,41.00,0.00,0.00,3.14
1078278,pac,38.000,220.250,964.50,964.00,27.48,6.28,89.09,89.09,249569.01,481725.16,14.07
1078284,atl,63.250,-10.750,997.05,996.88,6.34,1.64,31.98,33.53,0.00,0.00,7.41
1078284,atl,59.750,-57.750,989.77,989.61,10.69,1.74,40.62,41.30,0.00,0.00,8.63
1078284,atl,59.000,2.750,985.12,984.20,17.25,5.09,44.94,44.94,0.00,0.00,17.70
1078284,pac,58.250,209.000,979.76,979.09,14.28,4.13,55.55,57.41,0.00,1504.48,13.38
1078284,pac,54.000,174.000,983.79,983.15,8.81,2.55,42.38,42.38,0.00,0.00,4.42
1078284,pac,50.000,196.250,988.50,988.14,4.06,1.12,30.10,43.45,0.00,0.00,3.30
1078284,pac,49.250,164.500,987.92,987.49,6.30,1.99,44.64,44.64,0.00,0.00,4.34
1078284,pac,39.250,223.250,958.50,957.83,27.87,5.68,80.19,88.29,224971.77,451987.39,12.27
1078284,pac,38.500,181.750,1000.88,1000.35,5.06,1.62,40.15,42.18,0.00,0.00,3.16
1078290,atl,63.250,-10.250,999.99,999.84,5.41,1.49,33.08,36.05,0.00,0.00,6.65
1078290,atl,60.000,-58.500,987.51,987.19,12.99,2.39,51.24,51.24,0.00,4049.18,8.43
1078290,atl,58.750,3.500,990.57,989.49,12.32,3.50,42.61,42.61,0.00,0.00,15.44
1078290,atl,57.500,9.000,991.89,990.76,12.19,2.95,42.61,42.61,0.00,0.00,15.44
1078290,atl,48.500,-25.500,1000.23,999.15,13.25,4.00,53.53,53.53,0.00,3581.82,8.16
1078290,atl,44.000,-55.250,1003.41,1002.96,8.15,2.04,51.73,51.73,0.00,5751.74,4.34
1078290,pac,58.500,207.000,982.88,981.79,10.83,3.03,48.33,48.33,0.00,0.00,12.19
1078290,pac,54.000,173.250,980.80,980.35,10.01,2.53,45.70,45.70,0.00,0.00,4.89
1078290,pac,50.000,198.250,987.84,987.64,4.62,1.11,36.28,41.67,0.00,0.00,2.97
1078290,pac,49.500,166.750,986.77,986.39,5.08,1.47,41.69,41.69,0.00,0.00,4.07
1078290,pac,40.250,224.750,958.12,957.65,26.20,5.25,80.61,82.35,211852.05,434457.55,9.55
1078290,pac,38.750,188.000,999.83,999.30,4.78,1.40,36.21,41.50,0.00,0.00,2.80
1078296,atl,63.250,-9.750,1003.51,1003.39,4.28,1.18,31.57,34.20,0.00,0.00,7.77
1078296,atl,63.000,4.250,1000.26,999.82,9.81,2.85,48.94,48.94,0.00,0.00,11.27
1078296,atl,61.000,-53.500,987.68,987.49,12.80,2.38,51.19,55.08,0.00,24737.17,15.22
1078296,atl,57.250,-21.500,1004.09,1004.00,4.13,1.29,31.26,31.26,0.00,0.00,4.04
1078296,atl,55.000,-48.500,993.85,993.50,6.82,1.66,38.86,41.95,0.00,0.00,4.58
1078296,atl,50.750,-21.750,996.76,995.77,15.17,4.78,49.21,49.21,0.00,0.00,10.21
1078296,atl,44.000,-47.750,1002.14,1001.15,11.04,3.16,59.37,59.41,0.00,63319.25,5.68
1078296,atl,42.750,-78.500,1003.63,1002.34,9.34,2.17,33.15,38.73,0.00,0.00,5.87
1078296,pac,59.250,203.750,986.88,986.31,7.18,1.89,43.21,43.21,0.00,0.00,10.00
1078296,pac,54.500,172.750,978.51,978.26,11.01,2.62,46.61,46.61,0.00,0.00,5.55
1078296,pac,53.750,176.500,979.34,978.45,10.12,2.27,38.36,49.81,0.00,0.00,6.17
1078296,pac,48.750,199.750,984.37,983.82,8.07,2.16,35.02,39.46,0.00,0.00,3.11
1078296,pac,40.750,227.000,961.98,961.63,21.26,4.28,71.08,73.75,154149.73,417338.07,7.97
1078302,atl,63.250,3.500,1002.03,1001.70,10.79,2.97,48.21,48.21,0.00,0.00,10.35
1078302,atl,61.750,-57.000,986.62,986.14,16.30,3.61,55.94,62.52,0.00,41383.00,14.88
1078302,atl,57.250,-46.750,986.40,985.87,11.74,2.77,53.01,53.01,0.00,4671.59,17.84
1078302,atl,55.750,-53.500,990.57,990.22,8.48,2.41,56.82,56.82,0.00,39560.90,7.25
1078302,atl,53.500,-17.750,990.01,988.87,17.57,5.12,58.83,58.83,0.00,23718.21,11.65
1078302,atl,45.000,-43.500,996.39,995.40,12.99,3.86,57.39,64.75,2269.84,100840.02,7.42
1078302,pac,59.750,200.000,989.54,989.19,5.16,1.13,29.13,32.83,0.00,0.00,9.44
1078302,pac,54.750,175.000,975.99,975.14,12.62,3.14,47.29,47.53,0.00,0.00,5.58
1078302,pac,54.250,171.250,977.43,977.07,10.96,2.33,47.53,47.53,0.00,0.00,5.58
1078302,pac,53.000,181.250,980.98,979.87,8.56,2.47,46.27,46.27,0.00,0.00,5.36
1078302,pac,48.750,202.000,983.83,983.41,8.75,2.42,39.05,40.40,0.00,0.00,4.04
1078302,pac,43.000,207.250,988.85,988.65,5.59,1.30,42.69,48.92,0.00,0.00,3.99
1078302,pac,42.250,169.750,990.02,989.78,6.04,1.68,50.54,50.54,0.00,2346.08,3.46
1078302,pac,42.250,228.750,966.11,965.76,20.32,3.97,65.66,71.77,107608.77,363867.58,7.21
1078308,atl,63.750,3.750,1002.84,1002.44,12.60,3.54,49.34,49.34,0.00,0.00,10.51
1078308,atl,61.000,-59.000,990.01,989.61,15.46,4.37,63.56,63.56,0.00,88938.35,17.28
1078308,atl,58.750,-48.500,981.16,980.29,16.40,4.11,55.53,59.30,0.00,53607.74,15.96
1078308,atl,56.250,-14.500,981.96,981.50,22.94,6.26,61.50,61.50,0.00,66610.35,11.33
1078308,atl,46.000,-38.750,993.82,992.96,13.31,3.86,53.63,59.39,0.00,44910.38,7.76
1078308,pac,61.000,200.000,991.97,991.67,5.06,1.22,18.80,27.75,0.00,0.00,9.16
1078308,pac,55.250,172.750,974.04,973.19,14.45,3.70,54.46,54.46,0.00,13390.15,6.70
1078308,pac,54.500,180.500,977.98,976.84,10.40,3.10,42.16,49.27,0.00,0.00,6.01
1078308,pac,48.750,206.500,984.32,984.01,7.33,1.41,36.89,48.23,0.00,0.00,4.34
1078308,pac,44.750,229.750,969.40,969.10,18.55,3.89,58.56,63.67,0.00,265244.95,6.28
1078308,pac,44.250,174.000,982.35,981.87,9.39,2.76,55.52,55.52,0.00,19844.49,6.63
1078308,pac,43.250,210.750,983.91,983.62,8.32,1.90,48.35,54.80,0.00,29217.46,3.96
1078308,pac,40.250,183.750,990.79,989.96,7.54,2.35,41.22,45.21,0.00,0.00,5.65
1078314,atl,64.500,3.000,1000.87,1000.19,13.14,3.44,52.67,52.67,0.00,3935.07,13.12
1078314,atl,58.750,-51.000,979.72,978.32,19.58,4.75,56.72,62.37,0.00,153582.78,23.33
1078314,atl,58.250,-11.000,976.26,975.60,24.29,6.89,58.42,58.42,0.00,95925.46,11.51
1078314,atl,54.500,-38.250,985.11,984.70,9.41,2.18,51.46,55.12,0.00,20906.21,5.12
1078314,atl,47.750,-33.000,986.48,985.58,15.07,3.82,57.01,57.01,0.00,59188.55,6.30
1078314,pac,61.750,193.750,993.25,993.14,4.09,0.97,23.71,32.56,0.00,0.00,7.09
1078314,pac,55.750,179.000,976.86,975.79,11.38,3.34,44.46,44.46,0.00,0.00,6.66
1078314,pac,54.500,170.500,972.79,972.15,14.73,3.75,51.95,51.95,0.00,13568.01,7.06
1078314,pac,49.250,207.250,984.37,984.05,7.69,1.77,37.36,50.66,0.00,1092.86,4.02
1078314,pac,47.250,229.500,973.12,972.81,17.21,3.54,52.99,55.68,0.00,129367.69,10.84
1078314,pac,46.250,176.750,974.19,973.03,14.11,4.31,57.43,67.24,3365.59,75303.77,8.02
1078314,pac,43.250,213.750,979.41,979.05,11.72,2.78,54.97,56.14,0.00,105675.32,5.74
1078314,pac,41.250,187.750,987.03,985.09,9.86,3.40,44.57,44.57,0.00,0.00,9.52
1078320,atl,59.250,-8.750,974.63,974.02,23.51,6.50,60.84,60.84,0.00,85143.72,8.22
1078320,atl,57.750,-50.750,982.91,981.82,19.93,5.14,60.40,60.40,0.00,186931.10,25.44
1078320,atl,55.750,-37.000,981.07,980.51,12.52,3.12,53.96,61.84,0.00,43367.86,6.23
1078320,atl,51.000,-28.250,972.41,970.93,23.28,6.35,60.51,61.84,0.00,315866.36,9.33
1078320,pac,62.500,193.000,994.47,994.41,4.55,1.21,29.14,33.17,0.00,0.00,6.78
1078320,pac,56.750,176.500,977.50,976.41,12.26,3.62,54.71,54.71,0.00,11540.33,7.53
1078320,pac,53.500,169.500,973.70,973.04,13.38,3.27,54.82,54.82,0.00,15380.15,7.78
1078320,pac,49.500,229.250,976.54,976.15,15.41,3.41,58.27,58.27,0.00,18256.29,11.40
1078320,pac,47.000,178.750,969.01,968.12,18.69,5.71,69.72,69.72,14026.29,140126.62,11.11
1078320,pac,44.000,216.500,975.15,974.65,13.94,3.60,60.05,60.05,0.00,196823.60,7.93
1078320,pac,42.000,191.750,986.83,985.86,9.46,3.11,45.08,45.08,0.00,0.00,7.27
1078326,atl,59.750,-5.250,975.58,974.90,20.57,5.50,54.57,58.16,0.00,20129.39,7.96
1078326,atl,57.000,-50.750,990.82,990.24,14.89,3.78,63.64,63.64,0.00,214475.31,7.90
1078326,atl,53.750,-27.750,955.26,953.21,33.56,9.74,78.24,78.24,89228.83,491099.43,13.15
1078326,pac,63.000,191.750,995.15,995.01,4.44,1.34,29.24,34.77,0.00,0.00,5.60
1078326,pac,61.750,231.250,1000.20,998.98,4.06,1.79,16.00,20.51,0.00,0.00,15.62
1078326,pac,56.500,172.000,977.76,976.96,12.41,3.10,61.47,61.47,0.00,28773.25,7.73
1078326,pac,52.750,169.250,973.43,972.90,12.87,3.08,50.02,57.34,0.00,9488.57,7.33
1078326,pac,51.750,228.000,980.66,980.06,12.46,2.98,50.31,50.31,0.00,475.76,13.05
1078326,pac,51.500,224.500,980.90,980.71,9.07,1.59,39.10,50.31,0.00,475.76,8.79
1078326,pac,49.000,209.250,986.80,986.20,6.99,2.33,41.63,41.63,0.00,0.00,4.50
1078326,pac,48.250,182.000,970.19,969.57,17.21,4.62,66.64,66.64,9574.64,95728.05,8.25
1078326,pac,44.250,218.000,975.79,975.53,15.32,4.05,64.58,64.58,567.46,173255.50,8.83
1078326,pac,42.750,195.250,986.53,985.20,9.90,3.23,47.34,47.34,0.00,0.00,6.94
1078332,atl,63.750,-2.750,984.00,983.56,14.43,2.90,48.99,52.24,0.00,8402.09,10.62
1078332,atl,60.500,-0.500,981.36,980.76,17.52,4.32,52.24,52.24,0.00,8861.04,15.26
1078332,atl,54.500,-27.000,948.27,946.20,37.26,10.68,79.85,79.85,166181.64,528551.56,17.87
1078332,pac,64.500,227.500,1000.08,998.52,6.67,2.71,11.87,15.94,0.00,0.00,14.93
1078332,pac,64.250,224.000,1000.32,998.52,4.47,2.03,13.02,18.90,0.00,0.00,14.93
1078332,pac,62.750,232.250,1001.24,1000.42,4.81,2.10,12.43,17.95,0.00,0.00,15.42
1078332,pac,52.250,221.500,984.36,984.17,6.48,1.61,35.48,38.15,0.00,0.00,4.83
1078332,pac,51.750,169.500,974.21,973.83,11.53,2.73,47.73,49.25,0.00,0.00,6.22
1078332,pac,50.000,183.750,969.72,969.03,17.31,4.68,64.95,64.95,3571.70,125080.96,8.00
1078332,pac,48.750,209.750,987.63,987.23,7.06,2.57,40.39,40.39,0.00,0.00,4.83
1078332,pac,45.250,221.000,976.24,975.89,15.86,3.65,59.55,61.69,0.00,143882.06,8.56
1078332,pac,43.500,198.250,984.14,982.86,11.42,3.62,46.55,46.55,0.00,0.00,7.76
1078338,atl,64.500,-3.000,986.26,985.91,11.70,2.58,39.15,54.90,0.00,4737.10,7.58
1078338,atl,62.000,2.250,985.35,984.60,15.01,4.05,54.90,55.62,0.00,9436.20,15.80
1078338,atl,54.750,-25.750,946.17,944.64,35.67,9.63,68.75,79.84,148063.88,465945.58,12.41
1078338,pac,64.250,228.500,999.78,998.71,6.90,2.91,11.26,15.63,0.00,0.00,14.58
1078338,pac,63.000,232.500,1000.95,1000.29,5.64,2.34,11.36,20.56,0.00,0.00,14.58
1078338,pac,59.750,218.750,993.35,992.82,5.02,1.70,21.61,30.85,0.00,0.00,15.16
1078338,pac,52.500,181.000,971.28,970.75,13.24,3.10,54.11,56.18,0.00,29871.41,7.19
1078338,pac,52.000,184.500,971.39,970.81,15.64,3.99,56.18,56.18,0.00,29871.41,7.19
1078338,pac,50.750,170.250,974.47,974.07,9.98,2.42,47.06,48.88,0.00,0.00,6.00
1078338,pac,48.750,211.000,987.63,987.32,5.83,2.08,32.49,33.26,0.00,0.00,2.89
1078338,pac,46.000,223.250,976.70,976.58,16.55,3.60,57.86,60.34,0.00,120439.31,7.56
1078338,pac,43.500,201.000,984.35,982.48,11.91,3.80,49.72,49.72,0.00,0.00,9.90
1078344,atl,64.750,-3.500,989.79,989.54,7.35,1.68,32.34,43.81,0.00,0.00,6.10
1078344,atl,63.000,4.500,992.51,991.73,9.83,2.64,43.81,48.89,0.00,0.00,12.67
1078344,atl,54.250,-23.250,950.91,949.64,29.83,7.76,68.28,68.35,49827.71,467909.13,11.03
1078344,pac,64.250,228.750,1001.46,1000.63,5.99,2.51,13.68,15.33,0.00,0.00,15.00
1078344,pac,62.750,233.250,1001.67,1000.69,5.80,2.46,13.68,26.89,0.00,0.00,15.00
1078344,pac,61.000,219.250,996.48,994.69,4.96,1.93,19.99,24.01,0.00,0.00,14.55
1078344,pac,53.500,178.750,970.54,970.02,12.70,2.85,49.47,49.55,0.00,0.00,5.68
1078344,pac,49.000,211.000,986.39,986.12,5.24,1.83,28.34,32.57,0.00,0.00,5.92
1078344,pac,48.000,224.000,977.35,977.17,14.86,3.07,49.82,54.48,0.00,40904.02,6.82
1078344,pac,43.750,209.500,982.11,980.78,11.26,3.13,43.88,52.62,0.00,7485.79,7.83
1078350,atl,54.250,-19.250,952.91,951.84,25.97,6.64,69.72,69.72,52289.80,378907.69,8.78
1078350,pac,64.500,228.000,1002.47,1001.34,5.45,2.30,15.16,15.71,0.00,0.00,14.74
1078350,pac,62.750,233.500,1002.39,1001.17,5.59,2.51,15.37,24.28,0.00,0.00,14.74
1078350,pac,53.500,176.250,970.10,969.64,12.24,2.57,40.68,45.98,0.00,0.00,6.55
1078350,pac,51.000,182.000,974.61,974.03,7.93,2.25,46.87,47.26,0.00,0.00,5.03
1078350,pac,50.000,224.500,978.13,977.82,14.72,3.21,54.77,58.96,0.00,66224.01,6.71
1078350,pac,48.500,211.500,986.25,986.12,4.74,1.29,35.40,51.57,0.00,2760.60,8.42
1078350,pac,44.500,213.000,980.37,979.80,11.41,3.13,51.57,51.57,0.00,2760.60,8.42
1078350,pac,43.250,186.000,989.45,988.74,6.92,1.99,60.81,60.81,0.00,71055.97,4.18
1078356,atl,55.250,-16.000,956.04,955.18,22.13,5.47,59.61,62.73,0.00,265066.94,7.35
1078356,pac,64.750,228.000,1004.23,1002.48,4.96,2.13,18.38,18.38,0.00,0.00,15.74
1078356,pac,62.750,233.750,1004.12,1003.21,5.00,2.48,17.90,19.88,0.00,0.00,15.74
1078356,pac,53.500,182.500,973.84,973.52,9.44,2.36,47.99,48.36,0.00,0.00,5.33
1078356,pac,53.000,175.500,970.53,970.16,12.27,2.39,46.44,50.37,0.00,836.10,7.39
1078356,pac,53.000,216.500,980.96,980.70,10.29,2.21,45.87,45.87,0.00,0.00,4.78
1078356,pac,52.250,223.500,979.90,979.65,13.34,2.99,52.73,58.97,0.00,46937.16,7.30
1078356,pac,45.750,189.250,985.67,984.60,8.34,2.47,58.61,58.61,0.00,28111.18,5.24
1078356,pac,45.750,215.250,978.23,977.24,12.44,3.63,49.31,49.80,0.00,0.00,10.06
1078356,pac,41.750,234.500,1004.55,1002.46,6.99,2.69,58.07,58.07,0.00,3445.66,9.27
1078362,atl,56.500,-12.750,956.71,956.03,19.47,4.80,61.04,64.61,2738.95,174102.90,6.76
1078362,pac,62.750,234.000,1004.28,1003.19,5.88,2.72,18.01,18.01,0.00,0.00,15.81
1078362,pac,55.000,181.250,973.83,973.43,10.44,2.50,41.04,42.79,0.00,0.00,5.22
1078362,pac,54.500,220.750,982.24,982.01,12.25,2.42,47.21,47.52,0.00,0.00,11.03
1078362,pac,53.000,214.750,982.30,981.94,9.94,2.32,45.46,45.46,0.00,0.00,4.37
1078362,pac,52.000,175.750,971.98,971.81,11.75,2.12,43.76,55.47,0.00,13389.19,6.71
1078362,pac,47.500,191.250,980.87,980.14,11.26,3.63,51.04,51.04,0.00,4088.66,6.13
1078362,pac,45.750,217.000,979.75,979.47,12.48,3.30,50.08,51.67,0.00,7992.92,7.64
1078368,atl,58.250,-59.750,1004.10,1004.02,6.83,1.56,39.10,39.10,0.00,0.00,9.35
1078368,atl,58.000,-12.000,958.55,958.20,16.45,3.70,59.88,59.88,0.00,112214.70,6.40
1078368,pac,56.250,217.750,984.81,984.51,11.48,2.42,42.89,45.32,0.00,0.00,10.67
1078368,pac,56.000,179.250,976.66,976.44,11.00,2.53,37.94,46.92,0.00,0.00,5.45
1078368,pac,52.500,213.000,984.15,983.73,8.23,2.36,43.97,43.97,0.00,0.00,4.33
1078368,pac,50.250,179.750,975.55,975.30,11.07,2.17,44.91,61.86,0.00,64304.68,5.44
1078368,pac,50.000,191.000,980.06,978.81,9.70,3.37,55.80,55.80,0.00,6967.02,7.51
1078368,pac,46.250,219.250,978.82,978.47,12.85,2.92,52.57,52.57,0.00,29179.01,6.04
1078368,pac,45.750,197.250,985.90,985.15,8.12,2.45,51.53,52.44,0.00,17647.40,4.72
1078374,atl,59.000,-58.250,1000.68,1000.64,7.93,1.62,45.80,46.59,0.00,0.00,9.86
1078374,atl,59.000,-10.750,957.76,957.51,16.38,3.88,59.75,59.75,0.00,79856.43,7.79
1078374,atl,47.250,-43.750,1001.84,1001.25,6.80,1.87,39.78,39.78,0.00,0.00,3.84
1078374,pac,57.250,216.000,988.01,987.79,10.05,2.17,38.38,39.61,0.00,0.00,15.54
1078374,pac,56.250,177.250,980.61,980.44,10.16,2.25,35.27,47.02,0.00,0.00,6.39
1078374,pac,52.000,189.250,978.63,977.59,9.97,3.07,49.69,49.69,0.00,0.00,5.50
1078374,pac,51.500,211.500,984.39,983.96,7.16,2.25,42.65,43.03,0.00,0.00,5.42
1078374,pac,50.250,182.500,978.34,978.12,9.23,1.81,45.61,54.07,0.00,14391.54,5.50
1078374,pac,48.250,218.000,978.06,977.41,12.89,3.54,46.35,46.35,0.00,0.00,5.45
1078374,pac,46.750,198.500,983.69,982.91,9.26,2.98,43.04,52.36,0.00,2798.08,5.03
1078374,pac,43.750,204.000,987.51,986.96,7.43,2.00,52.70,52.70,0.00,9566.20,4.20
1078380,atl,60.000,-9.000,959.56,959.21,16.18,4.03,65.73,65.73,798.90,28396.38,7.13
1078380,atl,59.500,-57.500,998.24,998.11,8.70,1.78,45.32,45.61,0.00,0.00,10.06
1078380,atl,49.000,-41.500,998.48,997.74,8.74,2.50,42.55,42.55,0.00,0.00,4.83
1078380,atl,41.000,-49.500,1002.85,1002.72,5.51,1.11,54.45,56.89,0.00,13392.50,4.28
1078380,pac,64.500,227.250,1002.68,1002.23,8.17,2.74,16.93,24.34,0.00,0.00,17.92
1078380,pac,62.000,225.500,1002.03,1001.39,5.34,1.26,27.46,39.62,0.00,0.00,20.40
1078380,pac,56.250,175.750,983.79,983.60,8.92,2.03,38.22,50.36,0.00,1153.31,5.50
1078380,pac,53.250,186.250,975.02,973.38,13.82,3.99,50.79,50.79,0.00,1346.25,6.98
1078380,pac,50.000,215.750,972.46,971.53,16.78,4.64,45.03,45.03,0.00,0.00,6.57
1078380,pac,47.500,199.000,981.29,980.46,9.95,3.54,49.71,49.71,0.00,0.00,6.82
1078380,pac,45.750,226.250,982.33,981.92,10.99,2.68,48.64,51.83,0.00,10257.64,4.85
1078380,pac,44.000,207.000,983.48,982.95,7.76,2.32,51.64,54.87,0.00,32173.00,4.03
1078380,pac,37.750,161.750,996.16,995.24,12.02,3.38,57.99,57.99,0.00,22338.01,7.74
1078386,atl,61.500,-7.000,961.41,961.15,15.89,3.94,48.57,48.57,0.00,0.00,6.53
1078386,atl,60.250,-57.750,995.11,994.78,9.77,1.96,45.06,46.11,0.00,0.00,11.16
1078386,atl,50.750,-40.750,992.64,991.92,10.48,3.00,44.72,45.72,0.00,0.00,5.88
1078386,atl,48.250,-55.250,1002.87,1002.75,4.37,1.17,39.44,39.44,0.00,0.00,5.11
1078386,atl,48.250,-55.000,1002.87,1002.75,4.11,1.07,38.46,39.44,0.00,0.00,5.11
1078386,atl,42.500,-44.000,996.66,995.90,8.08,2.18,53.89,53.89,0.00,14034.53,4.66
1078386,pac,64.750,227.750,1001.71,1000.59,9.07,2.90,16.18,19.05,0.00,0.00,15.96
1078386,pac,63.250,232.750,1003.33,1002.45,7.57,2.84,16.18,18.88,0.00,0.00,15.96
1078386,pac,54.250,184.000,975.85,974.66,15.16,4.67,52.09,52.09,0.00,3556.95,8.74
1078386,pac,50.750,212.750,968.52,967.64,18.93,5.10,44.74,45.33,0.00,0.00,6.57
1078386,pac,47.250,199.750,980.51,979.62,10.10,3.71,51.50,51.50,0.00,3716.22,7.41
1078386,pac,46.750,226.750,982.06,981.69,11.95,3.20,40.78,45.79,0.00,0.00,5.34
1078386,pac,43.750,210.750,981.09,980.44,7.82,2.41,52.58,52.58,0.00,44707.51,5.15
1078386,pac,38.500,168.000,988.89,988.01,14.11,3.18,53.64,72.83,6225.88,103423.62,15.72
1078386,pac,37.500,164.750,989.01,988.04,15.88,4.91,72.83,72.83,11850.49,136711.14,15.72
1078392,atl,63.000,-7.500,963.38,962.92,16.28,4.15,43.75,43.75,0.00,0.00,8.00
1078392,atl,60.250,-56.000,993.84,993.60,9.00,1.38,39.70,46.24,0.00,0.00,13.03
1078392,atl,52.000,-40.500,986.96,986.44,12.03,3.13,43.64,45.26,0.00,0.00,6.16
1078392,pac,64.500,229.500,1003.33,1002.31,7.79,2.54,20.45,21.59,0.00,0.00,16.27
1078392,pac,63.000,233.250,1003.24,1002.40,7.48,2.81,15.22,20.45,0.00,0.00,16.27
1078392,pac,55.250,181.250,978.73,977.72,15.07,4.50,50.22,50.22,0.00,432.13,6.91
1078392,pac,51.500,210.750,965.62,964.90,21.21,5.58,47.53,47.53,0.00,0.00,6.68
1078392,pac,47.750,227.250,983.67,983.37,10.23,2.77,47.51,47.51,0.00,0.00,5.56
1078392,pac,46.500,201.000,980.19,979.00,10.71,4.15,57.41,57.41,0.00,19409.61,7.47
1078392,pac,44.000,212.750,978.21,977.68,9.30,2.97,60.19,60.19,0.00,53627.35,5.22
1078392,pac,39.500,225.000,986.20,985.24,9.47,2.55,53.22,54.01,0.00,13711.03,4.81
1078392,pac,39.000,171.000,979.93,978.99,20.21,5.19,72.89,78.46,74301.68,198045.58,14.79
1078398,atl,63.500,-8.250,966.45,965.88,15.93,4.13,36.62,37.16,0.00,0.00,7.47
1078398,atl,61.000,-55.000,991.83,991.76,9.41,1.69,43.23,45.86,0.00,0.00,9.70
1078398,atl,53.250,-40.250,979.08,978.42,15.26,3.87,47.41,50.93,0.00,3671.84,6.01
1078398,atl,52.500,-36.500,980.29,979.64,14.49,2.81,50.93,50.93,0.00,4591.16,6.01
1078398,atl,50.000,-61.250,1003.92,1003.60,5.03,1.41,38.80,39.13,0.00,0.00,4.33
1078398,pac,64.000,232.250,1004.10,1002.85,7.12,2.58,14.39,20.82,0.00,0.00,14.49
1078398,pac,56.250,178.750,980.38,979.52,15.01,4.23,50.70,50.70,0.00,1245.63,5.84
1078398,pac,52.500,208.750,967.21,966.39,21.48,5.58,46.52,46.52,0.00,0.00,6.16
1078398,pac,49.000,224.750,985.80,985.56,5.37,1.30,34.99,45.87,0.00,0.00,7.63
1078398,pac,45.250,203.250,983.38,982.50,9.33,3.61,53.54,53.54,0.00,21573.55,6.99
1078398,pac,44.000,215.500,978.47,978.15,10.25,2.95,56.62,56.62,0.00,25681.55,5.82
1078398,pac,42.500,227.000,978.20,976.66,14.66,4.66,58.75,58.75,0.00,55203.56,7.57
1078398,pac,39.500,174.750,973.85,973.44,22.05,5.89,72.99,72.99,46255.08,297145.03,14.68
1078404,atl,63.750,-8.000,971.07,970.51,15.40,3.97,40.19,40.19,0.00,0.00,9.10
1078404,atl,61.250,-59.000,991.66,991.17,11.53,3.22,47.10,51.51,0.00,398.01,8.63
1078404,atl,54.500,-36.250,972.26,971.24,19.44,4.51,61.25,62.99,0.00,118841.66,7.67
1078404,pac,57.500,175.250,981.45,980.85,16.06,3.99,48.63,48.63,0.00,0.00,8.57
1078404,pac,53.250,207.000,970.16,969.26,20.11,5.34,45.25,45.25,0.00,0.00,6.82
1078404,pac,44.500,227.000,969.19,967.38,19.80,6.71,59.61,59.61,0.00,45294.49,10.46
1078404,pac,44.000,206.250,989.05,988.35,6.31,2.63,56.72,56.72,0.00,35943.10,5.19
1078404,pac,44.000,217.500,977.08,976.75,11.34,3.31,53.53,53.53,0.00,13793.84,7.04
1078404,pac,41.000,180.750,966.02,965.54,24.31,5.12,80.59,85.36,134778.30,367913.90,12.81
1078410,atl,64.000,-7.500,974.85,974.29,14.29,3.64,34.74,36.38,0.00,0.00,9.17
1078410,atl,60.250,-61.000,993.32,992.80,11.63,3.49,51.44,51.44,0.00,4029.03,9.73
1078410,atl,55.250,-37.500,965.08,963.85,24.62,6.88,63.34,63.34,0.00,165849.53,9.91
1078410,atl,49.500,-74.000,1004.71,1004.54,8.75,2.08,22.20,25.80,0.00,0.00,4.46
1078410,pac,58.250,171.000,981.77,981.27,17.69,4.25,52.60,52.60,0.00,2701.75,10.61
1078410,pac,54.250,205.750,973.49,972.77,17.61,4.77,43.34,43.34,0.00,0.00,6.40
1078410,pac,46.750,233.750,983.47,982.72,11.79,3.07,50.68,55.23,0.00,22987.12,13.78
1078410,pac,45.750,228.000,970.24,968.61,18.79,6.15,55.23,55.23,0.00,36704.95,12.42
1078410,pac,43.750,219.250,979.06,978.78,10.50,2.99,57.64,57.64,0.00,37368.89,6.09
1078410,pac,42.000,185.250,961.39,961.15,24.58,4.82,66.59,79.22,126496.56,378062.47,11.97
1078416,atl,64.000,-6.500,978.05,977.62,13.02,3.32,33.93,37.41,0.00,0.00,7.51
1078416,atl,62.750,-20.000,987.43,987.24,4.00,1.40,42.23,43.88,0.00,0.00,7.51
1078416,atl,59.000,-60.500,997.23,996.62,8.98,2.54,55.48,55.48,0.00,5586.47,9.54
1078416,atl,55.250,-36.000,966.44,965.83,22.89,5.93,65.58,65.58,14857.74,241520.83,9.52
1078416,atl,40.750,-64.000,1002.70,1002.25,7.29,1.58,53.71,53.71,0.00,38204.69,4.09
1078416,atl,37.750,-65.750,1002.92,1002.39,8.25,1.87,53.71,53.71,0.00,50749.66,3.74
1078416,pac,58.750,167.750,983.94,983.14,17.90,4.99,47.61,47.61,0.00,0.00,14.72
1078416,pac,55.250,204.000,975.23,974.54,15.54,4.27,40.78,40.78,0.00,0.00,6.10
1078416,pac,47.750,229.250,974.06,972.85,17.45,5.26,62.64,62.64,0.00,33189.27,9.70
1078416,pac,43.750,222.000,982.62,982.42,7.49,1.84,52.98,55.31,0.00,38967.06,5.20
1078416,pac,42.500,189.750,960.01,959.73,22.48,3.84,59.94,84.49,119944.73,347071.76,10.97
1078422,atl,64.500,-4.000,980.15,979.82,11.35,2.65,35.14,41.75,0.00,0.00,4.28
1078422,atl,55.500,-31.750,968.37,967.86,19.29,4.58,72.12,72.12,39524.53,259309.05,8.87
1078422,atl,42.000,-59.500,993.80,992.87,13.08,3.43,63.44,64.33,1795.27,127607.82,7.11
1078422,pac,59.500,165.750,989.27,988.20,15.28,3.98,44.06,44.06,0.00,0.00,15.74
1078422,pac,55.750,203.000,976.51,975.93,13.34,3.60,40.20,43.01,0.00,0.00,7.11
1078422,pac,49.500,228.750,979.82,978.85,15.09,4.79,58.66,58.66,0.00,20825.80,8.62
1078422,pac,43.500,224.500,987.98,987.81,5.75,1.33,42.48,49.65,0.00,0.00,3.93
1078422,pac,42.500,194.250,959.90,959.73,20.25,2.92,57.50,82.68,128669.25,318318.39,9.80
1078422,pac,39.000,230.000,990.21,989.87,9.82,2.26,47.06,54.62,0.00,37863.51,5.24
1078428,atl,65.250,-1.500,981.77,981.51,9.86,2.29,35.91,41.07,0.00,0.00,5.44
1078428,atl,56.750,-10.500,980.20,979.87,9.38,2.24,42.35,42.63,0.00,0.00,6.29
1078428,atl,56.500,-26.750,971.56,971.13,14.88,3.29,69.06,69.06,20765.55,249047.00,7.52
1078428,atl,43.750,-55.000,987.00,985.83,18.01,4.95,66.67,66.67,4587.42,122548.05,9.80
1078428,pac,60.000,164.750,995.88,995.46,11.39,2.64,40.83,41.58,0.00,0.00,20.88
1078428,pac,57.000,201.750,979.97,979.62,10.27,2.61,38.28,38.28,0.00,0.00,7.80
1078428,pac,50.750,227.500,984.92,984.15,12.40,3.86,45.30,45.30,0.00,0.00,6.26
1078428,pac,44.500,198.000,959.07,958.66,18.15,3.79,60.46,62.40,0.00,152482.90,9.19
1078428,pac,40.250,232.500,986.74,985.98,13.36,3.44,50.19,51.01,0.00,17121.05,7.53
1078434,atl,66.500,1.250,981.75,981.53,9.14,2.14,35.47,41.55,0.00,0.00,4.10
1078434,atl,62.250,-49.750,997.72,997.51,5.80,1.89,38.41,40.83,0.00,0.00,12.52
1078434,atl,59.500,-26.500,973.15,972.97,11.86,1.84,40.44,64.59,1321.43,36267.69,6.54
1078434,atl,58.250,-7.000,974.76,974.13,12.00,3.19,47.36,47.36,0.00,0.00,5.43
1078434,atl,57.750,-22.000,970.44,969.92,14.38,3.31,59.90,65.43,22332.81,196062.72,6.93
1078434,atl,45.750,-60.500,998.58,998.15,7.97,2.50,41.70,41.70,0.00,0.00,6.87
1078434,atl,45.750,-50.500,984.15,983.20,18.46,5.11,52.56,64.28,1104.71,143404.61,8.47
1078434,pac,61.000,160.750,1001.00,1000.50,9.85,2.78,31.09,43.08,0.00,0.00,20.75
1078434,pac,60.250,164.750,1000.75,1000.35,8.13,1.66,43.08,43.08,0.00,0.00,20.75
1078434,pac,57.750,200.250,981.73,981.34,9.15,2.28,30.60,31.13,0.00,0.00,6.14
1078434,pac,51.750,226.750,988.72,988.23,9.72,2.96,42.98,42.98,0.00,0.00,7.36
1078434,pac,43.250,202.000,960.21,960.04,16.08,2.15,53.62,72.26,68674.20,213410.54,10.07
1078434,pac,41.500,234.000,990.46,989.55,12.42,3.37,54.04,54.04,0.00,6461.60,12.34
1078440,atl,67.750,2.750,981.67,981.48,8.26,1.90,36.27,39.42,0.00,0.00,7.86
1078440,atl,60.500,-4.000,969.69,969.14,14.73,3.87,53.82,58.56,0.00,20023.34,6.58
1078440,atl,58.500,-19.750,972.71,972.24,12.75,2.93,60.80,64.54,1304.76,162370.66,6.51
1078440,atl,58.250,-60.250,1001.08,1000.43,11.32,3.56,56.80,56.80,0.00,3224.39,10.32
1078440,atl,48.000,-45.000,986.61,985.90,14.28,3.57,59.75,66.93,11103.17,185441.28,7.92
1078440,atl,45.250,-57.500,1001.70,1001.10,7.69,2.50,44.74,44.74,0.00,0.00,7.04
1078440,pac,58.500,199.750,985.71,985.32,6.97,1.62,20.59,30.68,0.00,0.00,8.13
1078440,pac,52.750,225.750,991.38,991.08,7.19,1.99,39.89,39.89,0.00,0.00,10.77
1078440,pac,43.750,206.250,962.21,962.07,12.55,1.59,39.94,70.53,4744.45,68013.00,6.69
1078440,pac,43.500,234.500,995.53,995.02,7.43,1.83,50.30,50.30,0.00,569.75,10.56
1078440,pac,43.000,160.250,969.87,969.24,21.88,5.02,78.30,78.30,128345.58,457554.78,12.37
1078446,atl,68.500,2.500,980.03,979.87,7.21,1.52,34.25,36.50,0.00,0.00,6.65
1078446,atl,61.500,-1.000,965.99,965.40,17.14,4.71,57.47,57.47,0.00,29266.92,8.52
1078446,atl,60.000,-26.250,982.55,982.45,6.28,1.31,34.53,52.84,0.00,3889.13,4.55
1078446,atl,58.750,-16.750,975.03,974.70,11.09,2.66,58.12,62.85,0.00,138655.45,5.84
1078446,atl,57.500,-60.500,1002.30,1001.64,10.57,3.32,53.17,53.17,0.00,819.00,8.02
1078446,atl,51.500,-33.500,987.05,986.35,9.64,2.51,63.27,63.27,0.00,195318.23,6.02
1078446,atl,50.000,-39.750,985.45,984.68,12.06,3.00,59.75,63.27,0.00,206219.74,7.66
1078446,atl,45.500,-54.250,1004.89,1004.51,6.01,2.01,45.03,45.03,0.00,0.00,4.05
1078446,pac,60.500,199.250,989.10,988.88,6.86,1.50,21.05,30.55,0.00,0.00,10.11
1078446,pac,53.750,224.750,993.84,993.66,5.17,1.34,34.47,34.47,0.00,0.00,14.53
1078446,pac,44.250,163.500,964.35,963.95,22.67,4.21,68.81,78.25,131575.67,423936.86,10.74
1078446,pac,44.000,208.250,963.99,963.92,12.27,1.59,40.60,56.88,0.00,19548.10,6.39
1078452,atl,62.250,1.000,965.85,965.13,17.57,5.24,60.09,60.09,0.00,42637.80,9.14
1078452,atl,59.500,-27.750,985.22,985.09,5.43,1.21,32.12,35.92,0.00,0.00,3.05
1078452,atl,58.250,-13.500,980.70,980.44,8.10,2.06,53.06,57.64,0.00,59382.12,5.02
1078452,atl,53.500,-27.250,986.73,986.14,6.71,1.68,55.00,62.89,0.00,124068.39,5.14
1078452,atl,51.000,-36.000,985.41,984.18,12.01,3.73,60.23,60.23,0.00,85974.33,9.92
1078452,pac,62.750,208.750,995.37,992.90,6.33,1.83,29.56,32.67,0.00,0.00,20.60
1078452,pac,62.250,196.500,992.57,992.44,7.04,1.41,25.38,35.98,0.00,0.00,9.62
1078452,pac,45.500,166.250,961.89,961.52,21.19,3.75,73.21,76.58,118856.36,339793.95,10.06
1078452,pac,44.000,211.250,966.24,966.11,10.81,1.45,29.28,50.63,0.00,2286.84,6.08
1078458,atl,64.500,-43.000,998.70,997.72,4.55,1.70,29.84,40.78,0.00,0.00,10.93
1078458,atl,63.250,3.500,967.41,966.87,16.60,4.85,57.31,57.31,0.00,9610.07,11.02
1078458,atl,59.000,-30.250,983.29,983.18,7.10,1.44,37.82,38.67,0.00,0.00,3.69
1078458,atl,53.000,-29.250,981.18,980.68,12.76,4.07,66.65,66.65,7257.94,132302.77,12.84
1078458,pac,64.000,192.750,994.41,994.12,10.10,2.02,30.04,39.34,0.00,0.00,8.67
1078458,pac,62.750,208.750,999.33,997.60,4.61,1.24,24.85,29.19,0.00,0.00,18.67
1078458,pac,45.750,169.250,961.44,961.21,17.65,3.03,62.12,76.27,138528.42,265137.76,8.42
1078458,pac,43.000,214.750,968.80,968.55,9.89,1.77,41.63,44.85,0.00,0.00,4.10
1078464,atl,67.500,-36.000,1000.12,999.10,5.06,2.37,32.84,39.42,0.00,0.00,15.85
1078464,atl,64.500,-43.000,999.50,998.84,4.98,1.94,31.01,38.46,0.00,0.00,12.86
1078464,atl,64.500,6.500,968.63,968.04,16.09,4.62,54.47,54.47,0.00,3103.23,8.00
1078464,atl,55.250,-22.500,976.44,975.94,15.07,3.94,69.07,69.67,40851.65,209767.37,9.63
1078464,pac,64.250,190.250,996.39,996.00,9.98,2.13,30.08,37.69,0.00,0.00,8.98
1078464,pac,47.250,172.500,961.05,960.65,13.83,2.67,47.69,65.16,6763.54,114104.51,6.51
1078464,pac,43.750,216.000,970.69,970.36,10.25,2.09,31.93,39.28,0.00,0.00,3.31
1078470,atl,67.750,-36.000,1000.90,999.70,5.63,2.83,38.18,43.06,0.00,0.00,15.54
1078470,atl,65.250,9.500,970.86,969.96,14.06,4.12,44.55,44.55,0.00,0.00,7.56
1078470,atl,56.500,-16.250,974.50,974.19,15.67,3.47,68.07,68.65,36048.20,214020.63,8.27
1078470,pac,64.250,189.000,997.31,996.81,9.01,1.97,33.19,38.35,0.00,0.00,8.83
1078470,pac,47.750,173.750,959.58,959.33,13.33,2.75,52.68,62.92,0.00,98398.12,5.98
1078470,pac,44.000,216.500,974.96,974.71,9.45,1.97,24.58,39.38,0.00,0.00,2.83
1078476,atl,63.000,-45.500,1001.17,1001.00,5.33,1.93,33.57,42.09,0.00,0.00,11.01
1078476,atl,59.250,-33.750,986.97,986.68,12.00,3.08,43.90,43.90,0.00,0.00,6.43
1078476,atl,57.250,-10.500,973.66,973.39,16.72,3.80,66.96,67.56,50651.50,137829.89,7.63
1078476,pac,64.000,188.500,1000.05,999.44,5.91,1.28,30.16,35.66,0.00,0.00,8.42
1078476,pac,49.250,175.500,959.81,959.67,11.34,2.09,42.24,51.36,0.00,5372.75,5.39
1078476,pac,46.750,191.750,978.66,977.19,10.08,3.31,53.42,53.42,0.00,4607.00,7.62
1078476,pac,44.000,217.250,978.71,978.52,8.83,1.87,27.45,38.00,0.00,0.00,3.23
1078482,atl,64.500,-44.500,1002.36,1001.98,4.12,1.88,43.42,47.21,0.00,0.00,10.70
1078482,atl,59.500,-33.500,985.53,985.30,14.15,3.49,48.99,48.99,0.00,0.00,7.56
1078482,atl,57.000,-7.000,974.45,974.13,16.47,3.64,59.37,61.21,0.00,73594.05,7.57
1078482,pac,50.000,169.750,964.67,964.53,12.01,2.04,56.76,56.87,0.00,121426.81,7.72
1078482,pac,49.750,176.250,960.30,960.20,10.58,1.90,37.49,48.84,0.00,0.00,4.57
1078482,pac,49.000,192.750,975.81,974.30,10.07,3.43,54.04,54.04,0.00,11563.47,7.48
1078482,pac,44.250,218.500,982.88,982.71,7.58,1.65,30.62,32.20,0.00,0.00,2.73
1078488,atl,59.500,-32.500,984.32,984.14,15.73,3.48,51.67,51.67,0.00,9581.29,7.96
1078488,atl,57.250,-1.250,977.26,977.04,14.19,2.75,47.80,55.24,0.00,19085.27,6.76
1078488,pac,51.000,192.500,973.80,972.05,10.50,3.59,50.72,50.72,0.00,2862.54,6.80
1078488,pac,50.500,178.000,960.89,960.55,11.54,2.30,35.25,43.15,0.00,0.00,3.72
1078488,pac,45.250,220.000,984.61,984.49,6.52,1.40,28.59,29.81,0.00,0.00,2.56
1078488,pac,44.750,201.500,985.01,984.32,5.97,2.13,38.28,38.48,0.00,0.00,4.15
1078494,atl,69.000,2.750,987.21,986.77,5.33,1.91,45.62,45.62,0.00,0.00,6.88
1078494,atl,66.250,-63.250,1002.16,1001.37,4.47,1.50,24.21,25.39,0.00,0.00,7.43
1078494,atl,59.750,-31.500,982.68,982.35,16.41,3.36,60.04,60.49,0.00,86733.09,11.00
1078494,atl,57.500,3.000,979.28,979.08,13.49,2.76,48.27,51.55,0.00,3160.41,7.36
1078494,atl,41.000,-78.250,999.41,998.94,10.91,2.40,40.26,43.60,0.00,0.00,6.06
1078494,pac,53.000,191.250,974.53,973.58,9.68,3.09,46.89,46.89,0.00,0.00,6.53
1078494,pac,52.500,212.000,985.97,985.78,5.12,1.16,20.24,26.74,0.00,0.00,2.46
1078494,pac,51.000,176.500,961.67,961.33,11.91,2.42,31.47,46.51,0.00,0.00,3.73
1078494,pac,49.250,217.250,985.84,985.75,4.33,0.76,20.63,25.14,0.00,0.00,2.07
1078494,pac,45.000,204.750,985.54,984.72,5.97,2.10,36.44,36.44,0.00,0.00,3.87
1078500,atl,66.250,-63.250,1002.52,1001.77,4.70,1.48,22.69,31.37,0.00,0.00,7.86
1078500,atl,60.500,-59.500,1004.85,1004.72,6.20,1.50,32.41,33.46,0.00,0.00,7.13
1078500,atl,60.000,-34.000,983.05,982.80,19.01,3.84,61.36,64.08,752.24,176375.10,11.98
1078500,atl,57.500,6.500,983.25,983.03,12.43,2.60,40.81,47.13,0.00,0.00,4.98
1078500,atl,42.250,-74.750,998.39,997.89,10.97,2.13,36.29,49.36,0.00,0.00,5.68
1078500,pac,52.500,211.250,984.68,984.50,5.14,1.13,20.38,25.36,0.00,0.00,2.36
1078500,pac,51.500,216.000,985.52,985.46,4.06,0.63,19.83,22.88,0.00,0.00,2.17
1078500,pac,50.500,176.000,963.48,963.22,11.82,2.42,30.22,42.93,0.00,0.00,4.05
1078500,pac,48.750,220.000,985.27,985.14,5.44,1.06,22.59,29.14,0.00,0.00,2.56
1078500,pac,45.250,207.250,985.98,985.15,5.49,2.04,39.82,39.82,0.00,0.00,5.04
1078500,pac,41.250,213.500,989.53,988.87,6.02,1.80,42.69,49.11,0.00,0.00,3.91
1078506,atl,61.500,-58.000,1001.13,1000.91,9.24,2.32,42.96,42.96,0.00,0.00,10.04
1078506,atl,60.250,-19.250,992.45,992.14,6.60,1.75,47.38,47.38,0.00,0.00,7.29
1078506,atl,59.750,-33.750,982.23,981.96,20.35,4.44,65.62,65.62,6930.03,208263.33,10.41
1078506,atl,55.500,-13.250,994.23,993.48,6.96,1.94,40.57,41.12,0.00,0.00,4.40
1078506,atl,46.750,-21.750,1004.68,1004.11,7.94,2.10,53.88,53.88,0.00,21187.93,4.30
1078506,atl,44.500,-70.250,996.82,996.56,12.78,2.45,49.82,49.82,0.00,0.00,6.78
1078506,atl,35.750,-76.250,1003.37,1003.18,5.31,0.91,43.95,48.16,0.00,0.00,5.88
1078506,pac,64.750,227.750,1004.84,1002.44,7.84,2.55,24.12,26.68,0.00,0.00,17.12
1078506,pac,53.500,235.250,1000.65,1000.34,4.46,1.14,30.11,30.11,0.00,0.00,16.69
1078506,pac,53.000,210.500,984.69,984.57,5.02,1.09,19.59,25.41,0.00,0.00,2.64
1078506,pac,50.250,177.250,965.48,965.26,10.69,2.10,30.83,46.89,0.00,0.00,4.14
1078506,pac,50.000,220.250,985.14,985.04,5.59,1.06,23.04,27.90,0.00,0.00,2.82
1078506,pac,45.250,210.500,989.25,988.69,4.13,1.61,37.44,37.44,0.00,0.00,4.57
1078506,pac,41.000,218.000,989.09,987.86,8.75,2.76,49.10,49.10,0.00,0.00,5.41
1078512,atl,62.250,-56.750,999.16,998.83,11.48,3.23,46.05,46.05,0.00,0.00,8.20
1078512,atl,60.500,-18.500,990.63,990.23,8.34,2.34,44.84,44.84,0.00,0.00,6.36
1078512,atl,59.000,-32.750,986.95,986.67,16.60,4.04,61.52,61.52,0.00,187100.11,8.21
1078512,atl,57.000,-10.500,985.95,984.81,12.21,3.49,37.84,37.84,0.00,0.00,5.38
1078512,atl,47.000,-64.000,1000.40,1000.08,13.87,2.84,47.91,54.76,0.00,2590.42,11.12
1078512,atl,36.000,-73.750,1002.06,1001.70,6.11,1.32,48.51,48.73,0.00,0.00,3.09
1078512,pac,64.750,227.750,1004.15,1002.79,5.99,1.79,17.83,24.85,0.00,0.00,18.30
1078512,pac,63.250,233.250,1003.35,1002.44,8.39,3.26,19.06,24.85,0.00,0.00,18.30
1078512,pac,57.750,235.000,1000.17,998.04,5.08,2.59,15.37,23.86,0.00,0.00,22.94
1078512,pac,53.750,210.250,984.02,983.95,5.34,1.11,22.56,23.91,0.00,0.00,2.47
1078512,pac,51.750,220.250,984.38,984.33,5.64,1.03,23.12,27.86,0.00,0.00,2.51
1078512,pac,50.750,178.500,967.79,967.53,9.59,1.92,32.97,48.78,0.00,0.00,4.51
1078512,pac,41.250,222.000,985.54,984.13,12.20,3.95,55.30,55.30,0.00,17099.29,9.33
1078518,atl,62.500,-55.750,998.20,998.08,11.53,3.48,48.48,48.48,0.00,0.00,7.76
1078518,atl,61.750,-38.250,997.41,997.21,8.12,2.59,56.79,56.79,0.00,21167.56,9.46
1078518,atl,60.250,-19.750,989.28,988.93,8.23,2.29,46.96,46.96,0.00,0.00,8.25
1078518,atl,57.750,-10.000,977.64,976.29,17.04,4.89,49.14,49.14,0.00,0.00,10.31
1078518,atl,57.500,-27.500,991.75,991.22,10.78,2.88,62.95,62.95,0.00,227814.21,6.33
1078518,atl,49.250,-58.000,1004.20,1003.71,13.00,2.98,57.18,57.18,0.00,5175.78,6.50
1078518,atl,38.000,-69.250,999.89,999.22,7.72,1.50,61.90,61.90,0.00,49391.49,3.54
1078518,atl,36.250,-72.250,999.71,999.44,6.67,1.45,61.90,61.90,0.00,39576.35,3.54
1078518,pac,64.750,229.500,1002.46,1000.74,6.70,2.05,19.53,27.02,0.00,0.00,17.80
1078518,pac,62.750,233.750,1000.41,999.00,8.31,3.31,16.99,24.51,0.00,0.00,20.37
1078518,pac,54.750,209.250,985.75,985.66,4.83,1.01,24.58,29.55,0.00,0.00,4.06
1078518,pac,52.750,219.750,985.03,984.96,5.85,1.09,23.21,27.88,0.00,0.00,2.55
1078518,pac,51.250,179.500,969.13,968.86,9.43,1.88,33.04,49.83,0.00,0.00,4.69
1078518,pac,46.500,194.000,985.41,984.81,4.93,1.44,35.19,45.99,0.00,0.00,4.69
1078518,pac,41.500,226.500,987.29,986.62,12.52,3.52,58.83,58.83,0.00,30975.81,6.78
1078524,atl,67.250,-73.500,1004.22,1004.11,4.09,1.12,25.20,28.64,0.00,0.00,9.47
1078524,atl,63.000,-54.000,1001.18,1000.81,8.50,2.61,50.24,50.24,0.00,746.34,6.95
1078524,atl,62.000,-38.500,997.66,997.19,9.37,2.92,51.87,51.87,0.00,1382.12,11.20
1078524,atl,57.750,-1.500,979.89,979.53,11.99,2.21,39.31,51.86,0.00,5149.10,8.37
1078524,atl,57.500,-7.750,973.44,972.23,19.52,5.54,52.49,52.49,0.00,37250.73,8.37
1078524,atl,56.750,-21.750,993.64,993.21,8.67,2.12,62.75,62.75,0.00,177827.79,6.39
1078524,atl,42.000,-67.000,1000.42,1000.14,9.38,1.87,53.92,53.92,0.00,36054.43,5.41
1078524,atl,37.000,-70.500,999.69,999.49,6.90,1.40,46.00,52.03,0.00,4289.48,4.51
1078524,pac,62.750,233.750,1000.54,998.97,6.53,2.59,12.32,19.70,0.00,0.00,15.61
1078524,pac,56.000,208.250,986.03,985.94,4.83,1.09,33.37,33.40,0.00,0.00,3.84
1078524,pac,54.500,238.250,998.34,997.87,4.22,1.34,21.93,23.81,0.00,0.00,13.90
1078524,pac,53.500,166.500,972.26,972.00,10.68,2.16,44.68,44.88,0.00,0.00,12.40
1078524,pac,53.500,221.250,986.18,986.07,6.79,1.34,25.77,29.30,0.00,0.00,5.25
1078524,pac,52.000,180.500,969.24,969.00,9.72,2.02,34.75,47.86,0.00,0.00,4.39
1078524,pac,48.500,196.250,979.55,978.65,8.75,2.61,39.99,47.98,0.00,0.00,5.18
1078524,pac,42.750,229.750,985.42,985.08,12.64,2.88,55.63,58.48,0.00,76622.42,5.67
1078530,atl,67.250,-65.750,1002.82,1001.04,4.20,1.30,20.33,28.52,0.00,0.00,7.91
1078530,atl,65.000,-72.000,1002.56,1002.46,6.55,1.50,28.83,36.93,0.00,0.00,7.91
1078530,atl,62.750,-39.500,993.49,992.16,13.23,4.38,50.18,50.18,0.00,329.64,13.17
1078530,atl,58.750,-0.500,972.63,972.05,16.10,3.16,43.83,66.34,1750.81,13947.90,11.78
1078530,atl,43.250,-65.000,1001.43,1001.08,9.18,2.29,45.66,53.43,0.00,5964.93,4.73
1078530,atl,36.500,-70.750,997.91,997.68,8.02,1.57,45.72,64.69,642.53,20706.03,4.99
1078530,atl,33.250,-66.500,999.15,997.06,7.58,2.40,64.69,64.69,642.53,81963.12,7.82
1078530,pac,62.500,233.750,1001.10,998.93,4.78,2.06,11.66,14.51,0.00,0.00,13.14
1078530,pac,54.750,221.500,988.20,988.12,6.78,1.41,29.16,29.89,0.00,0.00,9.48
1078530,pac,53.250,164.500,971.42,970.93,13.51,3.08,50.00,56.16,0.00,50111.50,14.59
1078530,pac,53.250,171.250,970.94,970.80,6.43,1.12,32.56,43.26,0.00,0.00,6.30
1078530,pac,52.750,181.500,969.93,969.78,8.48,1.75,37.96,43.22,0.00,0.00,3.99
1078530,pac,50.000,198.250,976.28,975.39,10.14,3.08,48.38,48.55,0.00,0.00,6.45
1078530,pac,43.750,231.250,983.61,983.32,13.71,2.89,50.51,52.06,0.00,13464.44,6.50
1078536,atl,67.000,-65.250,1001.02,999.36,7.44,2.09,28.66,32.92,0.00,0.00,8.59
1078536,atl,62.750,-40.000,992.83,991.48,15.00,4.39,53.62,53.62,0.00,8099.43,12.68
1078536,atl,58.750,9.250,977.08,976.21,9.50,2.07,41.69,51.91,0.00,4301.65,6.66
1078536,atl,58.250,-0.500,969.36,969.06,17.61,3.93,58.57,61.74,0.00,55621.78,7.83
1078536,atl,37.500,-65.000,998.15,995.91,9.07,2.27,77.85,77.85,14693.07,73869.43,6.88
1078536,atl,36.500,-71.500,993.33,990.85,13.98,4.15,59.07,59.07,0.00,50019.38,13.06
1078536,pac,63.250,232.250,1001.18,999.59,4.54,2.23,11.26,11.58,0.00,0.00,12.69
1078536,pac,55.750,221.250,989.09,988.98,6.02,1.38,29.41,29.41,0.00,0.00,10.92
1078536,pac,53.750,180.500,970.31,970.20,7.78,1.24,33.17,41.18,0.00,0.00,3.87
1078536,pac,51.750,201.250,974.10,973.64,11.83,3.64,48.78,48.78,0.00,0.00,6.71
1078536,pac,44.000,233.250,982.54,982.32,14.24,3.59,50.27,50.27,0.00,565.17,8.67
1078536,pac,37.750,211.250,1000.84,1000.19,7.00,2.02,47.11,47.11,0.00,0.00,3.52
1078542,atl,68.500,-62.750,1000.58,1000.22,8.23,1.87,30.37,36.76,0.00,0.00,8.90
1078542,atl,61.750,-40.500,997.70,996.77,11.25,2.73,51.99,52.60,0.00,22417.89,11.08
1078542,atl,58.250,4.000,968.95,968.67,15.16,3.06,54.73,57.35,0.00,84226.99,7.24
1078542,atl,41.750,-63.000,999.24,998.32,11.09,2.77,61.37,61.37,0.00,86435.25,5.71
1078542,atl,36.500,-70.750,991.26,989.71,16.37,4.97,62.30,62.30,0.00,62542.67,11.06
1078542,pac,63.000,232.500,1000.45,999.05,4.89,2.44,10.84,13.07,0.00,0.00,13.72
1078542,pac,56.750,221.250,990.47,990.30,4.91,1.34,30.94,30.94,0.00,0.00,13.45
1078542,pac,54.250,182.250,970.58,970.44,8.13,1.45,28.80,39.74,0.00,0.00,3.43
1078542,pac,52.750,202.750,975.20,974.91,11.34,3.10,48.33,48.33,0.00,0.00,6.48
1078542,pac,45.500,212.250,989.17,988.09,9.55,3.39,58.74,58.74,0.00,18661.27,7.16
1078542,pac,45.000,233.750,985.04,984.72,12.76,3.21,46.36,48.75,0.00,0.00,7.55
1078542,pac,38.500,216.250,1001.03,1000.38,7.63,2.09,50.11,50.11,0.00,611.02,4.37
1078542,pac,38.250,160.000,998.45,997.31,8.40,2.59,51.26,51.26,0.00,2472.69,4.84
1078548,atl,67.000,-55.750,1000.27,999.75,9.27,2.14,46.79,46.79,0.00,0.00,12.48
1078548,atl,63.000,7.500,972.62,972.32,9.25,1.91,46.21,46.21,0.00,0.00,7.26
1078548,atl,57.750,7.500,970.53,970.21,14.05,3.25,55.02,55.15,0.00,38952.07,6.70
1078548,atl,56.500,-16.500,995.52,995.19,4.62,1.20,34.87,47.82,0.00,0.00,3.81
1078548,atl,37.000,-69.500,993.91,993.14,14.69,4.21,57.73,57.73,0.00,51732.76,7.13
1078548,pac,63.000,232.500,1000.68,999.05,4.89,2.37,12.27,12.86,0.00,0.00,14.14
1078548,pac,57.250,221.000,990.93,990.72,4.08,1.31,24.92,24.92,0.00,0.00,13.67
1078548,pac,54.750,182.500,972.67,972.53,7.84,1.52,36.79,43.07,0.00,0.00,3.40
1078548,pac,54.750,203.500,975.09,974.81,10.65,2.87,43.49,43.78,0.00,0.00,5.06
1078548,pac,46.750,215.500,987.63,986.31,11.51,4.20,64.97,64.97,1078.45,33532.10,8.77
1078548,pac,46.000,234.750,987.32,986.95,10.35,2.40,42.42,43.80,0.00,0.00,6.60
1078548,pac,38.750,166.250,1001.20,1000.56,6.47,1.85,46.56,52.74,0.00,9640.49,3.47
1078548,pac,38.250,221.500,997.64,996.58,9.84,2.76,55.35,57.15,0.00,57040.90,4.91
1078554,atl,63.750,-39.000,1001.43,1000.95,6.55,2.33,37.95,38.76,0.00,0.00,10.81
1078554,atl,50.500,-8.750,991.23,990.72,11.02,2.62,53.76,58.60,0.00,175440.04,5.85
1078554,atl,37.250,-68.500,993.54,992.92,14.07,3.89,54.38,54.38,0.00,47680.42,6.37
1078554,pac,63.000,232.500,999.86,998.10,5.66,2.63,13.71,13.71,0.00,0.00,15.45
1078554,pac,55.750,203.500,973.57,973.14,11.12,2.88,38.25,38.65,0.00,0.00,6.69
1078554,pac,55.000,181.750,973.87,973.68,8.27,1.63,35.36,35.58,0.00,0.00,3.30
1078554,pac,53.000,193.500,977.54,977.34,5.42,1.23,51.52,55.59,0.00,45875.75,4.65
1078554,pac,46.750,234.750,989.77,989.32,8.48,2.02,40.86,40.86,0.00,0.00,6.68
1078554,pac,46.500,218.750,989.82,988.68,11.21,4.08,62.12,62.12,0.00,28250.78,7.98
1078554,pac,37.250,226.500,998.60,997.71,9.16,2.62,50.80,50.80,0.00,1853.51,5.14
1078560,atl,67.500,-49.500,1003.88,1003.45,5.04,1.84,35.56,45.77,0.00,0.00,8.74
1078560,atl,64.250,-39.000,1000.48,999.99,7.53,2.22,36.95,40.41,0.00,0.00,10.47
1078560,atl,50.000,-3.000,980.15,979.11,17.65,4.76,58.25,61.98,0.00,133310.31,8.17
1078560,atl,37.750,-68.250,992.88,991.76,15.85,4.74,53.60,53.60,0.00,20809.28,8.40
1078560,pac,64.500,221.750,997.36,995.66,5.07,1.82,15.79,24.39,0.00,0.00,17.34
1078560,pac,56.750,204.000,974.42,974.14,10.49,2.37,43.41,47.61,0.00,0.00,8.19
1078560,pac,55.000,182.250,975.05,974.90,8.77,1.83,33.47,37.71,0.00,0.00,3.58
1078560,pac,48.250,232.250,992.29,992.17,5.68,1.16,29.07,31.13,0.00,0.00,4.94
1078560,pac,47.750,235.000,992.30,992.03,6.14,1.52,31.13,31.13,0.00,0.00,6.10
1078560,pac,45.750,221.500,993.05,992.15,9.54,3.57,57.79,57.79,0.00,30713.34,6.76
1078560,pac,36.250,233.250,995.12,993.99,11.13,2.93,46.05,48.71,0.00,0.00,6.69
1078566,atl,64.250,-39.500,998.80,998.48,10.84,3.01,43.47,47.70,0.00,0.00,16.72
1078566,atl,63.000,2.250,976.30,975.68,6.49,2.06,30.38,35.88,0.00,0.00,5.49
1078566,atl,62.500,-31.250,998.91,998.64,4.80,1.09,37.84,41.47,0.00,0.00,5.78
1078566,atl,61.750,-39.250,998.91,998.74,12.25,2.56,61.15,62.78,0.00,88819.71,16.72
1078566,atl,57.250,-20.250,996.35,995.91,4.16,1.45,37.60,38.36,0.00,0.00,3.19
1078566,atl,50.000,0.000,976.88,976.47,16.81,4.31,58.41,58.51,0.00,23229.38,9.39
1078566,atl,40.500,-62.000,997.45,996.11,9.57,2.30,55.82,55.82,0.00,16530.78,6.81
1078566,atl,37.250,-67.500,991.25,990.30,15.22,4.56,52.77,52.77,0.00,9857.99,7.24
1078566,pac,64.750,227.250,999.86,997.69,5.78,2.06,15.98,20.12,0.00,0.00,17.50
1078566,pac,63.000,232.750,1000.28,999.03,6.42,2.72,15.12,16.51,0.00,0.00,17.50
1078566,pac,58.250,201.500,975.46,975.35,8.72,1.85,43.75,43.75,0.00,0.00,10.33
1078566,pac,54.500,183.250,977.03,976.93,8.27,1.61,38.62,38.62,0.00,0.00,3.95
1078566,pac,54.250,163.500,991.27,990.05,10.95,3.61,50.52,50.52,0.00,446.00,14.14
1078566,pac,48.500,232.000,995.73,995.60,4.81,1.17,28.30,29.61,0.00,0.00,4.85
1078566,pac,44.500,224.500,998.46,997.85,7.28,2.77,57.72,57.72,0.00,25277.39,5.65
1078566,pac,36.500,236.500,994.11,992.63,13.05,3.92,49.67,49.98,0.00,0.00,9.86
1078572,atl,62.000,0.500,972.54,971.35,12.14,4.20,47.85,47.85,0.00,0.00,8.41
1078572,atl,56.500,-18.500,992.65,992.04,5.55,1.87,43.51,43.51,0.00,0.00,4.24
1078572,atl,55.000,-15.250,992.69,992.12,4.51,1.24,42.32,43.51,0.00,0.00,4.24
1078572,atl,51.250,3.500,977.14,976.94,13.05,3.01,43.35,52.14,0.00,1551.22,6.47
1078572,atl,37.250,-66.000,989.62,988.40,15.83,4.75,52.14,52.14,0.00,13795.45,7.95
1078572,pac,64.750,227.500,998.70,996.17,7.40,2.49,17.69,19.97,0.00,0.00,19.81
1078572,pac,64.500,221.750,996.47,995.00,5.60,1.83,17.69,22.65,0.00,0.00,19.81
1078572,pac,63.250,232.750,1000.40,999.45,7.04,2.79,15.48,19.26,0.00,0.00,19.81
1078572,pac,59.500,198.500,976.90,976.69,7.88,1.67,30.57,30.57,0.00,0.00,9.28
1078572,pac,57.750,235.000,998.13,997.00,5.59,2.35,13.65,13.84,0.00,0.00,19.27
1078572,pac,54.250,163.750,992.66,991.39,11.81,3.99,52.50,52.50,0.00,1346.24,12.99
1078572,pac,54.250,185.250,980.09,980.04,6.70,1.08,34.33,46.35,0.00,0.00,3.92
1078572,pac,54.250,238.500,999.38,998.61,4.36,1.33,14.23,16.24,0.00,0.00,18.41
1078572,pac,42.500,227.500,1004.18,1003.84,4.84,1.73,52.90,52.90,0.00,13322.69,4.28
1078572,pac,37.250,239.250,993.21,991.91,13.43,4.22,47.87,47.87,0.00,0.00,11.70
1078578,atl,61.500,0.750,970.58,969.43,13.47,4.62,45.58,45.58,0.00,0.00,8.80
1078578,atl,54.500,-14.250,988.39,987.84,6.04,1.84,45.12,50.09,0.00,475.76,4.05
1078578,atl,52.750,6.000,976.62,976.44,10.31,2.20,41.78,41.94,0.00,0.00,5.41
1078578,atl,42.250,-64.250,993.01,992.87,10.03,1.49,43.95,46.09,0.00,0.00,6.02
1078578,atl,38.000,-63.500,988.23,987.21,14.58,4.42,54.00,54.00,0.00,19290.14,6.75
1078578,pac,65.250,219.500,995.76,993.06,5.91,1.93,23.62,25.84,0.00,0.00,19.42
1078578,pac,64.750,227.750,998.29,995.95,7.51,2.44,18.51,21.75,0.00,0.00,19.42
1078578,pac,63.500,232.500,999.98,999.01,7.45,2.74,18.51,22.76,0.00,0.00,19.42
1078578,pac,60.000,196.500,977.18,976.95,8.46,1.77,26.39,37.25,0.00,0.00,5.31
1078578,pac,57.750,235.250,999.42,998.12,4.74,2.07,14.36,15.73,0.00,0.00,16.33
1078578,pac,56.500,206.500,979.63,979.46,5.16,1.12,31.43,32.45,0.00,0.00,5.64
1078578,pac,54.750,171.750,995.13,995.02,4.47,1.19,34.51,45.14,0.00,0.00,5.67
1078578,pac,54.500,239.000,1000.88,999.82,4.51,1.28,15.73,17.61,0.00,0.00,16.33
1078578,pac,54.250,164.000,993.17,992.24,12.40,4.32,52.23,52.23,0.00,2240.99,11.45
1078584,atl,61.500,0.000,969.89,968.54,14.57,4.87,41.45,41.45,0.00,0.00,9.37
1078584,atl,55.000,7.500,975.51,975.34,9.08,1.84,39.70,40.30,0.00,0.00,3.94
1078584,atl,53.500,-13.500,987.21,986.91,7.80,2.48,48.53,56.74,0.00,61578.60,4.51
1078584,atl,50.250,-6.750,985.46,985.02,5.83,1.75,37.46,45.63,0.00,0.00,3.42
1078584,atl,40.000,-62.000,988.65,987.57,14.68,4.39,54.68,54.68,0.00,34190.24,7.28
1078584,pac,64.750,227.500,998.02,996.30,6.69,2.31,15.68,23.47,0.00,0.00,18.98
1078584,pac,60.000,194.750,979.44,979.29,8.13,1.56,31.67,48.34,0.00,0.00,5.31
1078584,pac,57.250,205.750,977.18,976.99,6.71,1.69,34.85,34.85,0.00,0.00,8.05
1078584,pac,54.250,165.000,993.61,993.16,12.24,4.23,50.16,50.16,0.00,1835.84,9.67
1078584,pac,40.500,162.500,982.53,980.97,18.63,4.93,49.81,51.27,0.00,6556.16,9.57
1078590,atl,60.750,-0.500,970.26,969.23,13.81,4.44,41.91,41.91,0.00,0.00,7.35
1078590,atl,55.750,8.500,975.11,974.91,8.82,1.89,39.55,39.55,0.00,0.00,4.00
1078590,atl,51.250,-11.250,988.07,987.66,7.03,1.90,53.68,57.70,0.00,134925.85,5.13
1078590,atl,49.250,-3.750,982.63,982.20,7.08,1.99,39.93,49.09,0.00,0.00,3.83
1078590,atl,46.750,0.750,984.09,983.71,5.63,1.24,44.15,54.34,0.00,11189.88,5.65
1078590,atl,42.750,7.500,987.52,986.90,6.89,1.83,48.75,50.15,0.00,1192.58,7.34
1078590,atl,42.500,-60.750,989.25,988.33,13.20,3.88,48.01,48.01,0.00,0.00,7.14
1078590,pac,59.500,194.000,981.76,981.66,7.67,1.50,32.34,51.62,0.00,1049.48,5.49
1078590,pac,56.750,205.750,976.90,976.65,6.74,1.37,31.74,33.34,0.00,0.00,4.70
1078590,pac,54.250,166.250,992.66,992.19,12.24,4.06,52.55,52.55,0.00,1833.20,9.23
1078590,pac,41.250,166.500,976.03,974.46,22.89,6.46,63.66,63.66,0.00,179878.63,12.76
1078596,atl,59.750,-1.250,972.32,971.44,13.01,4.29,48.88,48.88,0.00,0.00,8.15
1078596,atl,57.250,8.500,975.41,975.24,8.19,1.92,34.39,35.07,0.00,0.00,6.59
1078596,atl,49.250,-9.500,991.74,991.33,6.37,1.77,55.48,59.19,0.00,128537.40,5.11
1078596,atl,48.250,-2.500,983.60,983.25,8.31,2.49,40.54,48.20,0.00,0.00,5.11
1078596,atl,47.750,3.750,984.39,984.27,4.57,1.31,35.94,37.88,0.00,0.00,10.18
1078596,atl,45.500,-60.250,989.13,988.34,13.25,3.88,44.15,44.15,0.00,0.00,6.59
1078596,pac,59.000,195.750,984.05,983.94,6.04,0.95,33.69,46.14,0.00,0.00,4.87
1078596,pac,57.000,211.250,977.37,977.22,6.48,1.06,29.08,39.42,0.00,0.00,5.13
1078596,pac,55.000,219.250,977.92,977.71,9.50,1.88,41.57,47.64,0.00,0.00,9.77
1078596,pac,54.750,167.000,992.54,992.03,12.05,3.85,54.33,54.33,0.00,8684.53,10.73
1078596,pac,41.750,170.750,974.89,974.54,22.71,6.12,76.83,76.83,76866.20,330356.35,13.40
1078602,atl,58.500,-0.750,973.66,972.76,12.55,4.09,48.64,48.64,0.00,0.00,7.18
1078602,atl,57.750,8.500,975.76,975.40,8.45,2.09,32.04,37.97,0.00,0.00,5.90
1078602,atl,48.250,-60.750,989.47,988.98,11.82,3.02,40.46,40.46,0.00,0.00,7.91
1078602,atl,47.000,-0.500,986.31,985.89,6.94,2.02,40.00,52.58,0.00,8382.62,5.80
1078602,atl,43.750,9.250,986.88,986.19,4.48,1.19,35.01,54.55,0.00,574.28,8.34
1078602,pac,58.000,211.250,976.46,976.18,7.31,1.72,32.54,44.31,0.00,0.00,8.20
1078602,pac,56.750,219.000,973.43,973.06,12.51,2.79,46.44,49.09,0.00,0.00,15.68
1078602,pac,56.250,221.750,973.73,973.13,14.30,3.56,49.09,49.53,0.00,0.00,15.68
1078602,pac,54.750,167.500,990.53,989.97,12.92,3.81,53.92,53.92,0.00,12367.29,9.43
1078602,pac,44.250,176.500,971.69,971.22,21.30,4.56,65.26,73.42,59708.77,245851.93,9.61
1078608,atl,57.750,8.500,977.27,976.69,8.27,2.15,34.32,39.02,0.00,0.00,4.97
1078608,atl,57.250,0.250,975.89,974.93,12.03,3.71,49.01,49.01,0.00,0.00,7.49
1078608,atl,55.750,-51.750,1002.07,1001.87,5.36,1.23,31.76,34.77,0.00,0.00,4.15
1078608,atl,49.750,-60.750,991.07,990.58,10.02,2.54,32.94,32.94,0.00,0.00,5.09
1078608,atl,43.750,9.500,987.75,987.24,4.87,1.58,41.61,53.31,0.00,574.28,8.24
1078608,pac,60.000,201.000,984.57,984.24,4.72,0.93,21.00,35.00,0.00,0.00,9.99
1078608,pac,58.000,219.000,971.99,971.30,14.12,3.79,49.56,49.56,0.00,0.00,14.33
1078608,pac,55.000,167.500,989.54,989.10,14.21,3.90,49.64,49.64,0.00,0.00,10.99
1078608,pac,49.750,227.500,990.05,989.44,8.50,2.43,41.62,43.55,0.00,0.00,6.68
1078608,pac,46.750,183.000,969.58,968.88,17.82,3.70,53.45,64.11,553.54,87236.99,9.11
1078614,atl,63.500,4.000,982.01,981.93,6.85,1.40,39.69,42.59,0.00,0.00,5.72
1078614,atl,59.250,5.000,982.21,982.15,4.58,0.48,31.93,45.79,0.00,0.00,5.98
1078614,atl,58.250,10.000,979.96,979.43,7.39,2.25,37.14,37.14,0.00,0.00,4.59
1078614,atl,55.750,1.500,979.00,978.22,11.54,3.67,48.24,48.24,0.00,0.00,6.43
1078614,atl,50.500,-61.000,990.92,990.77,7.77,1.88,28.77,28.77,0.00,0.00,3.95
1078614,atl,45.750,-79.500,1000.13,999.90,5.73,1.27,27.04,29.36,0.00,0.00,3.92
1078614,atl,43.750,8.000,989.67,989.12,6.02,1.64,39.44,40.30,0.00,0.00,11.33
1078614,pac,63.250,232.750,993.63,992.53,4.88,1.84,19.32,24.50,0.00,0.00,18.08
1078614,pac,60.000,200.750,985.76,985.06,4.34,1.03,20.26,34.70,0.00,0.00,10.39
1078614,pac,58.500,217.000,974.34,973.65,13.26,3.99,47.35,47.35,0.00,0.00,12.87
1078614,pac,55.000,167.250,988.01,987.56,15.27,3.96,47.99,47.99,0.00,0.00,12.64
1078614,pac,51.750,229.500,987.66,986.88,10.77,3.54,54.37,54.37,0.00,12595.83,8.23
1078614,pac,47.500,185.250,965.25,964.72,20.46,4.50,56.34,61.61,0.00,140398.80,8.65
1078620,atl,63.750,4.500,983.64,983.56,6.70,1.44,32.07,35.34,0.00,0.00,5.16
1078620,atl,56.250,-31.750,1002.76,1002.23,7.87,2.12,34.80,40.35,0.00,0.00,5.40
1078620,atl,54.750,3.750,983.08,982.17,11.65,3.82,43.36,43.36,0.00,0.00,6.05
1078620,atl,53.250,-53.750,993.21,993.15,5.62,0.82,20.85,30.24,0.00,0.00,3.11
1078620,atl,51.250,-60.250,992.21,992.08,5.89,1.51,25.81,25.81,0.00,0.00,3.49
1078620,atl,43.750,8.000,992.23,991.48,7.58,2.29,41.16,45.16,0.00,0.00,10.29
1078620,atl,39.500,-63.000,1001.22,1000.34,6.12,1.91,47.02,48.89,0.00,0.00,3.99
1078620,pac,64.250,221.250,986.65,986.41,6.65,2.25,19.87,26.86,0.00,0.00,17.93
1078620,pac,64.000,233.000,992.61,989.73,6.03,2.20,22.87,26.43,0.00,0.00,17.93
1078620,pac,62.750,209.000,984.77,982.67,5.32,1.98,16.62,43.67,0.00,0.00,14.10
1078620,pac,59.750,210.250,984.65,984.21,5.15,1.03,42.56,44.20,0.00,0.00,14.10
1078620,pac,58.750,216.000,980.61,979.88,9.65,3.28,44.20,44.20,0.00,0.00,12.93
1078620,pac,55.000,230.250,991.09,990.55,6.46,1.85,42.58,42.58,0.00,0.00,9.02
1078620,pac,54.500,166.500,986.45,986.09,16.86,4.32,49.23,49.23,0.00,0.00,12.99
1078620,pac,49.000,190.250,965.68,965.61,17.36,2.96,52.82,59.69,0.00,119071.65,8.66
1078626,atl,64.250,4.250,984.81,984.71,6.48,1.40,25.57,30.36,0.00,0.00,4.28
1078626,atl,55.250,-50.500,988.89,988.74,9.35,1.63,28.96,42.65,0.00,0.00,3.78
1078626,atl,54.750,-22.750,1003.03,1002.47,7.27,1.99,40.05,44.38,0.00,0.00,5.05
1078626,atl,54.750,6.000,985.95,985.09,11.74,3.77,42.39,42.39,0.00,0.00,5.85
1078626,atl,51.750,-59.750,992.15,991.99,5.09,1.29,28.23,28.23,0.00,0.00,3.54
1078626,atl,43.750,9.000,994.68,994.16,7.96,2.30,47.73,47.73,0.00,0.00,13.38
1078626,atl,41.250,-59.250,996.33,995.65,8.53,2.63,49.97,50.24,0.00,1222.03,4.91
1078626,pac,64.500,222.500,988.73,987.66,5.53,2.02,21.53,21.53,0.00,0.00,16.12
1078626,pac,63.750,233.500,991.62,989.89,6.56,2.29,19.82,27.61,0.00,0.00,16.12
1078626,pac,61.750,206.500,986.32,985.92,4.20,1.36,23.74,37.12,0.00,0.00,15.96
1078626,pac,59.000,215.500,986.10,985.58,6.09,2.27,37.12,37.12,0.00,0.00,15.96
1078626,pac,58.500,231.250,992.23,991.10,5.16,2.16,28.51,31.58,0.00,0.00,12.08
1078626,pac,54.250,165.750,984.30,983.91,18.55,4.77,58.06,58.06,0.00,34202.20,12.98
1078626,pac,50.000,193.750,966.37,966.26,15.66,2.83,49.59,61.90,0.00,79573.95,7.33
1078632,atl,65.000,5.250,987.10,987.01,5.75,1.23,28.77,35.46,0.00,0.00,5.51
1078632,atl,61.500,-4.750,987.60,987.30,10.68,2.78,51.65,51.65,0.00,13236.26,6.29
1078632,atl,56.500,-48.250,987.13,986.92,11.56,2.24,45.98,52.02,0.00,4726.81,15.84
1078632,atl,55.000,7.500,988.23,987.10,11.82,3.74,37.60,37.60,0.00,0.00,6.23
1078632,atl,52.500,-16.250,1002.39,1001.85,8.34,2.22,46.05,47.37,0.00,0.00,4.35
1078632,atl,51.750,-58.750,994.31,994.15,4.59,1.22,24.15,31.14,0.00,0.00,4.40
1078632,atl,43.750,9.500,997.31,996.94,8.19,2.18,45.27,45.27,0.00,0.00,19.19
1078632,atl,43.500,-55.500,992.90,992.01,10.80,3.30,47.62,53.41,0.00,16605.44,5.76
1078632,pac,64.750,223.000,991.37,990.12,4.45,1.69,21.83,23.40,0.00,0.00,13.00
1078632,pac,63.000,234.250,993.16,992.64,5.55,1.91,17.54,26.39,0.00,0.00,13.00
1078632,pac,58.250,236.250,995.97,994.23,6.07,2.14,30.56,30.56,0.00,0.00,11.22
1078632,pac,54.000,177.000,991.78,991.20,5.45,1.54,33.64,38.85,0.00,0.00,3.63
1078632,pac,53.500,164.250,983.68,983.21,20.12,5.47,64.56,64.56,451.49,36846.33,13.71
1078632,pac,51.500,197.500,968.75,968.58,13.59,2.51,42.47,55.59,0.00,24286.96,6.05
1078638,atl,65.750,7.500,989.32,989.27,4.64,0.99,27.69,35.49,0.00,0.00,5.04
1078638,atl,60.000,-2.000,987.74,987.15,10.97,3.23,48.12,48.12,0.00,0.00,6.40
1078638,atl,57.500,-46.750,986.25,985.88,11.65,2.56,59.69,59.69,0.00,31253.69,19.53
1078638,atl,55.500,9.250,991.42,990.71,9.32,2.83,40.03,40.03,0.00,0.00,4.64
1078638,atl,49.500,-9.750,1001.60,1001.14,9.09,2.41,45.12,45.12,0.00,0.00,4.26
1078638,atl,46.250,-52.750,988.77,988.07,11.49,3.52,46.16,46.16,0.00,0.00,7.84
1078638,atl,43.750,9.500,998.46,997.88,9.09,2.71,48.49,48.49,0.00,0.00,23.04
1078638,pac,63.000,234.500,993.47,992.85,6.53,2.23,26.35,29.67,0.00,0.00,13.87
1078638,pac,54.250,176.000,991.16,990.51,6.17,1.68,37.32,39.72,0.00,0.00,3.52
1078638,pac,52.750,200.500,971.95,971.75,11.98,2.22,40.01,47.83,0.00,0.00,6.14
1078638,pac,52.500,165.000,983.83,982.96,18.95,4.96,61.17,61.17,0.00,58650.93,11.60
1078638,pac,37.500,160.500,983.73,981.96,21.65,6.97,85.21,85.21,24636.26,123414.49,17.33
1078644,atl,63.500,-48.000,997.13,997.01,9.03,2.94,43.30,58.68,0.00,4980.40,17.85
1078644,atl,59.500,0.000,991.82,991.26,9.87,2.77,37.97,41.70,0.00,0.00,4.59
1078644,atl,58.750,-38.500,988.92,988.44,10.75,2.84,58.72,58.72,0.00,14950.10,16.37
1078644,atl,57.500,-48.500,989.01,988.51,10.20,2.32,54.34,58.72,0.00,37388.64,16.37
1078644,atl,49.250,-50.500,985.89,985.44,12.88,3.59,39.36,39.36,0.00,0.00,5.91
1078644,atl,46.750,-5.000,1000.93,1000.18,11.84,3.15,52.15,52.15,0.00,4432.97,7.78
1078644,atl,43.500,10.000,1000.91,1000.22,8.31,1.99,47.95,49.72,0.00,0.00,18.34
1078644,pac,63.000,235.000,996.05,995.24,5.46,1.81,26.58,26.58,0.00,0.00,11.42
1078644,pac,54.500,175.000,991.99,991.38,6.05,1.66,40.08,40.08,0.00,0.00,4.36
1078644,pac,54.000,203.250,975.97,975.81,10.48,2.00,34.83,45.51,0.00,0.00,5.24
1078644,pac,52.000,166.500,984.79,983.90,16.80,4.47,52.31,57.53,0.00,22594.07,9.79
1078644,pac,40.250,202.750,1001.39,1001.02,4.68,1.23,39.56,43.21,0.00,0.00,3.40
1078644,pac,37.750,165.500,984.13,983.04,17.79,4.64,62.81,67.75,14616.92,178792.76,12.64
1078650,atl,67.750,-37.500,1002.31,1001.39,5.63,1.68,54.28,54.28,0.00,9860.47,20.86
1078650,atl,64.500,-43.750,996.28,994.95,7.03,2.34,46.11,54.28,0.00,8612.46,20.86
1078650,atl,60.000,-34.250,988.05,987.58,11.09,2.78,41.74,51.42,0.00,1958.13,5.59
1078650,atl,58.500,1.000,996.62,996.19,8.56,2.46,43.08,43.08,0.00,0.00,4.49
1078650,atl,56.500,-49.000,987.98,987.82,9.78,2.44,53.05,53.65,0.00,35884.59,7.20
1078650,atl,51.750,-48.500,983.26,982.94,12.95,3.16,45.39,45.39,0.00,0.00,5.90
1078650,atl,44.500,-0.500,999.69,998.05,11.88,3.74,49.29,49.29,0.00,0.00,10.76
1078650,pac,55.000,205.250,979.01,978.91,9.75,1.74,33.86,44.56,0.00,0.00,5.57
1078650,pac,51.750,167.750,984.38,983.82,15.59,4.16,45.75,51.92,0.00,2265.63,5.96
1078650,pac,40.500,206.000,996.32,995.67,9.82,2.73,47.00,47.00,0.00,0.00,5.02
1078650,pac,37.750,171.000,979.15,978.69,17.69,3.93,69.23,69.23,4908.69,182950.85,9.17
1078656,atl,62.250,-44.250,993.88,992.85,4.94,1.54,45.34,48.41,0.00,0.00,13.58
1078656,atl,61.500,-32.000,986.46,986.10,11.50,2.49,34.89,54.99,0.00,4147.58,5.39
1078656,atl,56.750,2.000,1002.02,1001.64,7.66,2.17,40.47,40.47,0.00,0.00,4.14
1078656,atl,54.250,-45.500,982.35,982.01,13.35,2.59,51.09,54.20,0.00,51606.25,6.12
1078656,atl,41.750,4.500,1001.26,1000.84,10.31,2.41,54.56,54.56,0.00,4030.67,10.70
1078656,pac,57.750,208.000,982.52,982.30,9.40,1.78,35.68,37.92,0.00,0.00,9.28
1078656,pac,51.500,168.250,986.14,985.61,14.06,3.48,39.60,49.23,0.00,0.00,5.45
1078656,pac,43.000,209.000,989.63,988.85,14.56,4.17,57.89,57.89,0.00,15432.21,7.70
1078656,pac,38.500,174.500,974.66,974.02,20.21,5.07,69.36,69.36,12881.41,334834.97,8.14
1078662,atl,63.250,-30.500,981.01,980.75,14.36,2.68,56.24,63.49,0.00,35694.83,12.76
1078662,atl,58.000,-38.750,981.81,981.60,8.61,1.96,41.44,47.26,0.00,0.00,6.00
1078662,atl,55.000,-43.000,982.06,981.85,10.92,2.69,45.65,48.49,0.00,0.00,4.56
1078662,atl,43.250,-77.500,998.90,998.54,7.38,1.63,33.06,34.56,0.00,0.00,5.43
1078662,atl,40.750,-70.750,997.71,996.74,9.57,2.69,47.83,52.31,0.00,9238.90,7.64
1078662,atl,40.500,8.000,998.48,997.80,12.38,2.99,53.06,55.61,0.00,30219.94,9.10
1078662,pac,58.250,208.000,985.90,985.70,8.93,1.71,30.86,32.14,0.00,0.00,8.74
1078662,pac,51.000,169.250,986.49,986.07,12.50,3.07,37.65,47.14,0.00,0.00,5.61
1078662,pac,45.750,177.750,986.52,985.99,8.27,2.58,49.84,57.02,0.00,10370.72,6.51
1078662,pac,45.500,211.750,986.07,985.27,17.33,4.84,72.33,72.33,7800.97,82074.61,12.29
1078662,pac,39.250,178.000,971.16,970.54,20.69,5.09,79.70,79.70,84091.83,328758.83,11.57
1078668,atl,65.750,-29.250,973.70,973.14,19.97,4.90,73.02,73.02,17876.83,85751.14,15.46
1078668,atl,44.500,-74.750,1000.68,1000.25,7.25,1.87,25.74,33.13,0.00,0.00,4.03
1078668,atl,41.750,-67.000,992.23,991.09,13.81,3.74,48.69,54.96,0.00,19764.46,7.10
1078668,pac,56.500,208.750,987.98,987.80,7.42,1.81,33.55,33.55,0.00,0.00,5.76
1078668,pac,50.250,170.250,987.17,986.78,10.68,2.89,38.33,47.59,0.00,0.00,4.26
1078668,pac,50.000,214.500,980.95,980.49,19.08,4.21,67.92,70.86,19051.25,199450.65,11.00
1078668,pac,48.000,179.000,981.94,981.52,12.17,3.46,50.38,50.38,0.00,998.61,6.10
1078668,pac,38.500,182.750,969.96,969.64,17.92,2.92,72.33,80.87,207191.69,395132.10,11.40
1078674,atl,66.250,-30.000,970.04,969.43,17.65,3.47,72.63,72.63,19216.43,45892.02,26.97
1078674,atl,43.750,-73.750,1002.25,1001.94,5.74,1.41,29.52,39.24,0.00,0.00,3.61
1078674,atl,42.250,-63.500,989.23,988.19,13.50,3.44,49.07,60.64,0.00,21872.28,6.25
1078674,pac,63.000,234.750,1003.53,1003.09,4.46,1.73,25.15,29.37,0.00,0.00,13.42
1078674,pac,54.750,215.250,974.04,973.50,21.16,4.66,56.17,61.24,0.00,79496.47,8.47
1078674,pac,50.750,178.500,976.11,975.24,18.05,5.44,57.47,57.47,0.00,77084.24,10.11
1078674,pac,49.500,171.250,988.08,987.78,7.60,2.01,44.28,54.61,0.00,6512.82,10.11
1078674,pac,39.750,184.750,964.53,964.14,20.63,4.25,84.67,84.67,186584.89,422856.03,11.65
1078680,atl,66.750,-25.250,967.90,967.37,16.27,3.32,57.76,61.06,0.00,20326.44,32.88
1078680,atl,43.750,-56.250,989.34,988.45,13.36,3.08,45.94,57.35,0.00,3573.43,5.99
1078680,atl,43.000,-60.750,989.28,988.35,12.81,3.10,45.36,48.97,0.00,0.00,5.63
1078680,pac,57.000,215.000,969.95,969.40,25.14,5.45,58.04,60.03,0.00,179340.93,18.07
1078680,pac,52.250,177.750,973.64,972.64,21.98,6.22,58.92,60.01,0.00,219594.02,10.49
1078680,pac,40.250,187.250,962.76,962.56,18.49,3.35,77.86,78.00,210735.29,425353.40,8.48
1078686,atl,67.750,-36.250,972.90,972.26,14.55,4.07,60.39,67.04,2939.22,28517.67,22.85
1078686,atl,67.250,-30.000,972.53,971.53,10.65,2.16,40.02,60.31,0.00,16338.60,22.85
1078686,atl,43.500,-58.500,984.60,983.63,16.15,4.32,47.17,52.39,0.00,1192.58,6.53
1078686,pac,58.500,216.500,974.35,974.04,23.07,5.62,66.04,66.04,383.46,126916.40,15.06
1078686,pac,54.250,175.250,968.16,966.68,30.14,8.82,69.45,69.45,21395.30,272615.14,14.45
1078686,pac,41.250,189.750,959.30,959.21,19.69,3.07,77.18,84.35,161495.48,350651.83,9.04
1078686,pac,40.750,160.250,981.97,979.45,21.15,7.17,63.74,63.74,0.00,84186.53,13.10
1078692,atl,67.500,-37.000,973.33,972.43,15.22,4.47,71.40,73.29,15364.15,48633.11,27.80
1078692,atl,44.250,-56.500,982.54,981.67,19.43,5.38,51.57,51.57,0.00,16621.17,9.03
1078692,pac,62.750,222.500,991.94,990.48,10.15,2.61,40.96,53.54,0.00,5929.39,18.23
1078692,pac,59.250,215.750,984.76,983.87,18.59,4.51,50.89,57.78,0.00,9502.76,16.55
1078692,pac,55.250,173.250,967.99,966.96,32.03,9.16,73.13,73.13,67444.76,291266.97,15.39
1078692,pac,43.000,191.250,957.77,957.58,18.48,2.69,51.21,77.36,79529.08,207216.54,7.11
1078692,pac,40.750,162.500,982.16,980.15,19.57,6.72,64.05,64.05,578.77,89749.84,14.73
1078698,atl,66.000,-29.750,974.15,972.66,13.92,3.38,49.25,77.24,8017.53,43460.94,23.83
1078698,atl,65.250,-36.000,974.70,974.22,16.66,4.25,77.83,78.66,41634.94,109913.26,23.83
1078698,atl,64.750,-79.500,986.62,986.48,9.86,1.96,34.35,36.01,0.00,0.00,5.36
1078698,atl,45.000,-53.500,983.13,982.77,17.50,4.32,54.68,54.68,0.00,26971.10,7.38
1078698,pac,64.000,224.750,997.82,996.43,9.13,3.18,29.48,32.08,0.00,0.00,19.18
1078698,pac,64.000,232.000,997.14,995.55,10.16,2.94,32.08,32.08,0.00,0.00,19.18
1078698,pac,63.000,234.750,997.09,995.14,9.92,2.59,32.08,32.08,0.00,0.00,18.82
1078698,pac,59.500,216.250,994.20,992.96,14.63,3.62,41.36,42.48,0.00,0.00,12.88
1078698,pac,55.750,171.500,969.52,968.45,30.40,8.39,72.56,74.20,63747.89,220992.89,13.76
1078698,pac,44.750,191.500,958.45,958.20,17.31,3.07,64.40,69.08,26105.67,249425.26,6.91
1078698,pac,40.500,164.750,983.30,982.29,16.43,5.40,63.14,63.14,0.00,70179.47,8.66
1078698,pac,37.750,173.500,994.62,993.79,5.43,1.61,50.31,50.31,0.00,1260.20,4.11
1078704,atl,67.750,-24.750,977.12,976.30,10.23,2.49,46.76,54.37,0.00,17088.14,11.35
1078704,atl,65.500,-33.500,972.97,972.64,19.22,4.53,80.00,80.00,37540.68,184605.66,25.99
1078704,atl,65.250,-75.000,987.84,987.73,8.61,1.86,31.57,31.88,0.00,0.00,8.05
1078704,atl,64.750,-60.000,992.81,992.49,7.83,1.87,40.01,40.01,0.00,0.00,8.56
1078704,atl,46.000,-51.250,985.00,984.58,16.28,3.78,48.45,48.45,0.00,0.00,6.25
1078704,pac,64.250,229.500,1002.60,1001.12,8.54,3.25,25.26,34.66,0.00,0.00,17.95
1078704,pac,59.500,217.250,1004.92,1004.04,8.72,2.49,36.25,36.25,0.00,0.00,11.58
1078704,pac,56.500,170.000,974.38,973.62,27.78,7.30,65.97,79.63,22851.50,210468.54,14.11
1078704,pac,45.750,193.250,958.57,958.31,16.88,3.19,66.24,68.13,21695.14,252466.40,6.18
1078704,pac,40.500,166.750,983.39,981.95,15.86,5.19,57.85,57.85,0.00,50793.95,9.40
1078710,atl,69.000,-11.250,983.13,982.79,7.94,1.78,39.01,51.74,0.00,3262.25,9.03
1078710,atl,67.000,-23.500,977.44,976.81,10.41,1.52,52.20,74.57,18794.28,81550.35,13.96
1078710,atl,66.250,-29.750,974.60,974.38,17.72,3.14,67.95,82.53,79555.78,214881.16,23.42
1078710,atl,66.000,-58.000,988.66,987.97,10.87,3.12,43.46,43.46,0.00,0.00,10.94
1078710,atl,65.750,-72.250,987.18,986.94,8.93,2.05,28.42,32.03,0.00,0.00,10.94
1078710,atl,46.750,-49.750,985.88,985.58,15.31,3.60,48.25,50.52,0.00,551.18,6.56
1078710,pac,57.500,168.250,978.91,977.53,25.56,6.77,67.21,68.43,6190.88,156493.44,21.14
1078710,pac,47.250,195.000,960.18,959.83,16.98,3.51,59.73,68.06,56453.25,257140.51,6.49
1078710,pac,42.000,161.000,990.48,989.50,12.99,4.63,69.79,69.79,18746.17,237516.18,10.19
1078710,pac,41.000,168.250,977.91,975.59,19.22,6.48,62.51,62.51,0.00,178306.56,14.95
1078716,atl,68.750,-21.250,975.66,975.06,13.38,3.13,49.10,57.80,0.00,10911.59,14.80
1078716,atl,66.750,-58.000,987.57,986.90,10.30,2.73,37.26,41.57,0.00,0.00,11.78
1078716,atl,66.250,-70.500,987.48,987.25,8.69,2.41,26.52,32.17,0.00,0.00,11.78
1078716,atl,50.250,-46.000,986.79,986.29,14.39,3.36,50.30,50.30,0.00,970.01,6.04
1078716,pac,58.500,166.000,984.18,982.40,23.70,6.88,65.60,65.60,772.77,83730.76,21.96
1078716,pac,48.750,195.500,962.54,962.16,16.53,3.55,62.09,66.03,31548.92,201661.98,6.64
1078716,pac,41.000,169.250,974.02,971.68,23.63,8.14,66.41,66.41,3551.72,261874.90,17.63
1078722,atl,68.000,-57.500,987.50,986.76,10.80,2.78,42.67,44.85,0.00,0.00,12.87
1078722,atl,67.000,-69.500,988.53,988.00,8.23,2.49,33.29,33.29,0.00,0.00,12.87
1078722,atl,50.500,-46.000,987.83,987.42,14.60,3.55,48.31,48.31,0.00,0.00,7.10
1078722,pac,59.000,164.250,992.04,991.07,17.35,4.58,60.65,60.65,0.00,51384.56,18.87
1078722,pac,50.500,196.750,965.07,964.74,16.11,3.55,56.84,62.00,0.00,182684.75,6.62
1078722,pac,49.500,188.250,970.83,970.52,10.19,2.07,44.14,51.68,0.00,5848.74,4.93
1078722,pac,40.500,171.250,975.62,973.55,21.98,6.97,66.28,67.99,32461.59,235737.89,9.70
1078728,atl,67.750,-70.250,993.03,991.59,5.51,1.70,33.64,33.64,0.00,0.00,10.38
1078728,atl,67.000,-65.750,991.95,990.34,5.59,1.39,33.64,35.86,0.00,0.00,10.38
1078728,atl,51.000,-44.250,991.93,991.81,12.48,2.62,44.92,44.92,0.00,0.00,6.22
1078728,pac,52.000,196.750,969.64,969.25,14.01,3.06,50.76,56.67,0.00,75125.00,5.18
1078728,pac,49.750,188.000,974.61,974.13,9.53,2.31,43.46,47.31,0.00,0.00,4.78
1078728,pac,40.500,182.000,987.37,986.77,7.13,2.00,47.91,49.19,0.00,0.00,3.76
1078728,pac,40.000,173.000,981.21,979.75,18.60,5.62,66.71,67.88,34056.82,239350.51,8.59
1078734,atl,53.500,-41.250,995.17,995.09,9.44,1.67,37.85,41.17,0.00,0.00,4.81
1078734,atl,39.250,-73.750,1001.71,1001.31,7.98,1.87,55.38,59.11,0.00,27111.18,3.95
1078734,pac,53.250,196.750,974.08,973.61,12.85,2.95,46.44,47.88,0.00,0.00,4.64
1078734,pac,50.000,188.250,977.86,977.49,8.67,2.20,40.86,44.47,0.00,0.00,4.76
1078734,pac,41.250,186.000,987.78,987.11,6.69,1.81,41.18,45.56,0.00,0.00,3.21
1078734,pac,39.000,175.750,984.26,983.05,16.42,4.73,68.43,68.43,19621.68,322445.35,7.78
1078740,atl,59.750,-56.000,999.83,999.55,4.93,1.16,27.42,34.07,0.00,0.00,4.35
1078740,atl,57.000,-39.750,996.68,996.59,9.38,1.89,31.64,36.05,0.00,0.00,5.07
1078740,atl,41.250,-70.000,996.14,995.82,11.66,2.40,59.21,61.91,0.00,102008.00,5.50
1078740,pac,61.750,224.500,999.47,999.22,7.91,1.17,27.04,41.54,0.00,0.00,18.53
1078740,pac,59.500,213.250,991.27,990.75,8.98,1.52,38.81,38.81,0.00,0.00,29.74
1078740,pac,54.500,196.750,978.20,977.63,12.52,2.94,41.73,41.73,0.00,0.00,4.60
1078740,pac,50.500,189.500,980.26,979.87,7.69,2.14,39.26,39.26,0.00,0.00,4.01
1078740,pac,43.750,190.500,986.83,986.17,6.66,2.10,39.36,39.84,0.00,0.00,4.63
1078740,pac,38.250,179.500,986.83,985.90,15.11,4.16,69.94,69.94,74900.87,331512.60,6.58
1078746,atl,60.750,-54.750,997.91,997.76,5.92,1.43,33.85,35.21,0.00,0.00,5.05
1078746,atl,60.000,-37.750,994.79,994.60,11.49,2.62,41.96,41.96,0.00,0.00,5.21
1078746,atl,43.500,-66.000,989.78,989.29,13.92,2.84,57.33,63.17,0.00,112373.92,7.00
1078746,pac,62.000,211.000,993.35,991.75,10.86,2.86,26.23,31.18,0.00,0.00,26.96
1078746,pac,62.000,216.000,994.86,992.40,10.03,2.06,31.18,31.18,0.00,0.00,26.96
1078746,pac,61.250,206.750,992.71,992.08,9.34,3.03,28.77,42.33,0.00,0.00,26.96
1078746,pac,55.500,195.500,982.04,981.67,11.41,2.56,40.18,46.99,0.00,0.00,5.16
1078746,pac,51.000,190.500,981.78,981.34,7.16,1.96,37.53,37.53,0.00,0.00,3.61
1078746,pac,46.000,193.000,986.60,986.03,6.37,1.91,35.28,37.53,0.00,0.00,3.61
1078746,pac,37.750,183.500,988.88,988.17,13.86,3.76,69.77,69.77,30124.55,253590.96,5.63
1078752,atl,66.250,-55.500,997.73,997.54,7.01,1.86,37.59,38.13,0.00,0.00,13.30
1078752,atl,63.250,-74.500,999.42,999.22,4.03,0.85,19.06,21.00,0.00,0.00,4.27
1078752,atl,62.500,-34.250,992.16,991.71,14.03,3.57,42.09,42.09,0.00,0.00,7.65
1078752,atl,61.000,-54.000,998.04,997.91,5.79,1.40,37.54,38.13,0.00,0.00,5.81
1078752,atl,54.000,-77.000,995.75,995.46,9.01,2.31,41.90,41.90,0.00,0.00,5.37
1078752,atl,46.500,-61.250,986.21,985.68,17.11,4.25,52.22,61.55,0.00,51065.25,8.31
1078752,pac,62.500,216.250,997.08,994.19,9.92,2.37,37.21,37.21,0.00,0.00,24.61
1078752,pac,62.000,211.000,995.66,993.66,9.90,2.62,33.94,37.21,0.00,0.00,24.61
1078752,pac,58.000,160.000,1003.77,1002.81,6.00,1.14,42.35,50.81,0.00,1978.45,16.97
1078752,pac,51.750,190.750,982.60,982.31,7.97,1.76,28.55,36.88,0.00,0.00,3.34
1078752,pac,37.750,188.000,993.33,992.79,10.81,2.82,58.39,58.39,0.00,144361.60,4.83
1078758,atl,67.500,-55.750,995.92,995.68,8.14,2.24,30.11,34.20,0.00,0.00,13.12
1078758,atl,63.500,-52.500,997.77,997.57,5.13,1.69,34.20,34.20,0.00,0.00,7.72
1078758,atl,63.250,-33.000,991.61,991.10,12.90,3.45,44.73,44.73,0.00,0.00,9.36
1078758,atl,54.750,-72.000,995.21,995.06,7.65,1.81,25.37,33.21,0.00,0.00,4.47
1078758,atl,47.000,-61.000,980.13,979.78,18.58,4.07,45.72,53.75,0.00,6973.45,9.69
1078758,pac,61.250,206.500,995.00,994.19,10.17,3.14,34.50,38.86,0.00,0.00,23.05
1078758,pac,52.250,191.000,984.15,983.91,8.97,1.75,30.22,38.44,0.00,0.00,3.29
1078758,pac,41.250,193.500,995.46,995.35,5.98,1.15,36.33,56.11,0.00,6782.67,4.30
1078758,pac,38.500,192.250,995.27,994.91,9.70,2.42,57.38,57.38,0.00,78054.76,4.58
1078764,atl,69.000,-57.250,996.28,995.76,8.64,2.27,26.24,32.95,0.00,0.00,11.23
1078764,atl,66.750,-10.000,996.95,996.66,9.23,1.99,39.13,42.35,0.00,0.00,5.61
1078764,atl,65.750,-25.750,994.06,993.66,9.86,2.57,35.19,38.55,0.00,0.00,11.54
1078764,atl,55.250,-68.250,996.02,995.81,6.13,1.80,26.01,26.01,0.00,0.00,4.33
1078764,atl,48.250,-59.000,978.57,978.22,18.46,3.77,49.66,51.77,0.00,5951.63,10.46
1078764,pac,61.500,206.500,996.31,995.21,10.20,3.45,35.04,40.46,0.00,0.00,21.15
1078764,pac,52.500,191.750,984.80,984.52,10.76,2.08,32.53,42.50,0.00,0.00,4.09
1078764,pac,42.750,197.000,995.00,994.85,5.88,1.27,35.41,48.05,0.00,0.00,4.15
1078764,pac,39.750,195.750,994.45,994.00,9.97,2.49,50.36,50.36,0.00,611.02,4.30
1078770,atl,68.000,-14.500,995.83,995.50,7.20,1.82,40.42,40.42,0.00,0.00,9.91
1078770,atl,67.750,-0.750,993.61,992.92,9.39,2.59,40.62,47.33,0.00,0.00,5.19
1078770,atl,66.250,-21.500,997.22,996.70,8.13,1.79,39.36,47.48,0.00,0.00,9.91
1078770,atl,65.750,-24.250,997.10,996.70,9.27,2.51,39.36,49.19,0.00,0.00,9.91
1078770,atl,52.250,-55.250,976.26,975.82,19.37,4.06,48.63,64.91,1397.88,72748.67,8.51
1078770,pac,65.250,220.000,1004.67,1002.69,11.43,3.15,40.52,44.38,0.00,0.00,18.83
1078770,pac,64.250,215.250,1002.81,1000.64,10.88,2.58,44.38,44.38,0.00,0.00,20.60
1078770,pac,63.250,211.500,1001.63,999.28,9.25,2.73,44.38,44.38,0.00,0.00,20.60
1078770,pac,61.750,206.500,999.48,998.17,8.31,3.01,37.31,44.38,0.00,0.00,20.60
1078770,pac,52.750,193.000,987.13,986.83,10.27,1.95,27.36,42.73,0.00,0.00,4.44
1078770,pac,45.250,200.000,994.65,994.35,5.70,1.50,31.19,39.14,0.00,0.00,3.46
1078770,pac,41.000,198.500,995.52,995.21,9.84,2.46,44.89,44.89,0.00,0.00,4.39
1078776,atl,68.250,8.000,991.50,990.80,8.00,2.16,43.31,52.87,0.00,6403.05,6.11
1078776,atl,67.500,-12.750,998.31,998.00,7.83,1.97,39.05,39.05,0.00,0.00,5.44
1078776,atl,55.750,-53.750,971.13,970.72,23.99,5.37,51.30,58.28,0.00,94510.69,7.97
1078776,pac,53.750,194.000,989.41,989.24,10.27,1.89,39.82,46.17,0.00,0.00,5.32
1078776,pac,50.500,205.250,994.94,994.81,6.06,1.34,39.85,43.01,0.00,0.00,4.20
1078776,pac,43.250,201.250,997.90,997.69,8.29,2.19,43.55,43.55,0.00,0.00,3.74
1078782,atl,66.750,-79.750,1004.49,1004.45,4.09,0.87,18.30,23.14,0.00,0.00,5.16
1078782,atl,59.250,-53.500,969.78,969.57,24.78,5.17,65.62,75.01,21900.56,136323.41,15.60
1078782,pac,55.750,209.500,995.07,994.76,10.06,2.36,41.65,41.65,0.00,0.00,6.82
1078782,pac,54.750,193.750,992.98,992.70,10.92,2.35,42.46,44.05,0.00,0.00,5.05
1078788,atl,61.750,-53.500,976.58,976.25,19.79,4.19,62.44,71.63,28802.53,103242.64,15.83
1078788,pac,58.500,211.000,993.24,992.65,12.62,3.50,45.19,48.85,0.00,0.00,9.18
1078788,pac,56.000,196.750,996.57,996.34,9.04,2.07,38.15,38.15,0.00,0.00,7.53
1078788,pac,50.000,164.000,962.66,962.01,19.03,4.67,73.76,73.76,30982.24,353195.97,9.56
1078788,pac,35.250,199.750,1004.02,1003.13,10.07,2.72,54.39,54.39,0.00,3772.74,5.88
1078794,atl,64.000,-53.000,981.62,981.17,16.83,3.92,62.48,62.48,0.00,89320.04,20.39
1078794,pac,62.750,209.000,999.53,998.33,7.89,1.51,27.86,49.92,0.00,0.00,15.13
1078794,pac,61.750,205.250,999.99,999.45,6.08,1.06,16.78,36.05,0.00,0.00,13.26
1078794,pac,60.250,200.750,999.44,998.47,6.94,1.73,31.80,32.23,0.00,0.00,9.43
1078794,pac,59.750,212.750,996.80,996.06,11.84,3.47,47.71,52.28,0.00,1522.08,13.26
1078794,pac,52.250,162.500,955.93,954.71,22.93,6.38,69.01,69.79,36478.73,230272.41,16.00
1078794,pac,35.250,200.750,1002.66,1001.83,11.93,3.23,62.16,62.16,0.00,51928.18,7.51
1078800,atl,67.000,-51.000,985.39,985.02,14.55,4.39,48.63,49.09,0.00,0.00,11.63
1078800,atl,62.500,-40.000,1000.19,999.97,5.83,1.29,37.61,46.02,0.00,0.00,11.63
1078800,pac,64.750,200.000,1004.27,1003.64,9.37,1.44,22.72,50.06,0.00,283.22,18.71
1078800,pac,64.000,214.750,1003.99,1002.71,9.31,2.68,35.53,42.49,0.00,0.00,20.78
1078800,pac,62.500,223.500,1003.97,1003.00,11.89,2.72,43.56,47.62,0.00,0.00,21.66
1078800,pac,62.250,228.250,1004.59,1004.03,11.99,2.30,46.99,47.62,0.00,0.00,21.66
1078800,pac,60.250,201.750,1002.52,1001.95,7.38,2.41,30.18,31.60,0.00,0.00,12.96
1078800,pac,35.500,202.000,1001.44,1000.88,12.10,3.22,54.50,54.50,0.00,26977.14,6.33
1078806,atl,64.750,-39.000,994.54,993.68,8.42,1.99,39.44,39.44,0.00,0.00,15.16
1078806,atl,64.000,-76.500,1001.43,1001.26,5.86,1.35,23.93,24.49,0.00,0.00,3.67
1078806,atl,63.500,-47.000,997.57,997.35,4.01,1.03,30.96,36.69,0.00,0.00,6.22
1078806,atl,43.500,-79.250,995.27,994.55,11.26,2.83,36.28,36.28,0.00,0.00,5.56
1078806,pac,36.250,202.250,1003.67,1003.23,12.06,2.97,50.54,50.54,0.00,1863.58,5.39
1078812,atl,67.500,-31.750,992.20,991.56,10.01,2.41,40.30,43.01,0.00,0.00,12.30
1078812,atl,67.250,-37.750,992.53,992.06,8.21,1.53,34.61,40.30,0.00,0.00,12.30
1078812,atl,65.250,-40.500,992.81,992.22,8.78,2.09,37.36,44.42,0.00,0.00,10.75
1078812,atl,64.250,-76.000,999.51,999.26,7.29,1.81,24.34,25.16,0.00,0.00,4.39
1078812,atl,44.250,-74.000,993.60,992.99,9.79,1.60,34.43,51.61,0.00,6220.96,9.24
1078812,atl,43.250,-70.000,992.54,992.15,13.32,2.33,68.58,69.80,14171.46,151882.89,9.24
1078812,pac,55.750,173.750,982.54,981.94,12.14,2.91,61.10,67.00,12023.80,242764.60,7.87
1078812,pac,48.000,161.250,963.83,963.07,16.22,4.75,61.24,61.24,0.00,205539.13,7.94
1078812,pac,47.500,185.000,1001.10,1000.91,6.41,1.73,49.42,51.37,0.00,1676.99,4.71
1078818,atl,65.000,-76.250,999.96,999.81,6.84,1.81,21.37,25.94,0.00,0.00,9.74
1078818,atl,65.000,-38.250,988.52,988.34,14.82,3.47,57.68,59.40,0.00,118527.13,19.60
1078818,atl,46.750,-66.750,981.98,981.42,20.19,3.98,61.76,72.99,20048.10,142884.47,11.87
1078818,pac,49.500,164.500,967.75,966.96,14.69,4.41,54.13,54.13,0.00,23712.25,6.76
1078818,pac,48.750,187.250,1003.34,1003.11,7.25,2.21,45.64,45.64,0.00,0.00,4.84
1078824,atl,67.000,-34.000,984.62,984.11,15.23,3.22,72.04,75.39,17143.09,148155.38,22.07
1078824,atl,65.250,-77.500,1001.28,1001.08,7.18,2.10,22.64,22.64,0.00,0.00,4.39
1078824,atl,50.250,-63.500,978.46,977.68,22.47,5.14,69.58,79.22,38375.90,99919.43,17.36
1078824,pac,51.500,166.750,972.14,971.32,14.25,4.50,53.53,53.53,0.00,14316.95,6.64
1078830,atl,69.000,-26.500,981.87,981.43,13.31,2.28,46.81,61.19,0.00,52120.24,19.28
1078830,atl,65.250,-77.750,1001.84,1001.53,6.82,2.17,25.66,25.66,0.00,0.00,4.51
1078830,atl,64.750,-57.750,1004.52,1004.05,6.22,1.96,42.09,42.09,0.00,0.00,8.06
1078830,atl,53.500,-59.250,976.68,975.68,21.33,4.61,56.01,66.14,1397.88,138868.77,9.72
1078830,pac,53.500,167.500,975.26,974.74,14.14,4.18,48.76,48.76,0.00,0.00,6.31
1078836,atl,68.250,-29.250,989.44,988.53,12.78,3.04,57.71,60.37,0.00,86299.55,20.22
1078836,atl,65.000,-78.000,1000.33,999.97,7.71,2.47,26.93,26.93,0.00,0.00,5.28
1078836,atl,56.750,-57.500,971.98,971.62,22.67,5.23,60.86,60.86,0.00,73022.07,10.33
1078836,pac,55.500,167.500,980.43,979.95,13.97,3.83,43.54,49.56,0.00,0.00,10.19
1078842,atl,67.000,-36.250,997.10,995.14,7.15,2.98,43.83,44.84,0.00,0.00,18.09
1078842,atl,64.750,-78.000,1000.06,999.62,6.37,2.08,24.37,24.37,0.00,0.00,4.54
1078842,atl,59.000,-54.500,969.70,969.49,21.67,4.00,64.99,64.99,1652.26,191888.85,11.69
1078842,pac,57.500,166.000,983.61,983.21,13.99,4.02,41.35,46.44,0.00,0.00,7.86
1078842,pac,52.000,160.000,983.78,983.41,9.39,2.53,44.18,44.18,0.00,0.00,8.12
1078848,atl,65.000,-77.000,999.34,999.14,4.45,1.55,22.83,25.11,0.00,0.00,8.55
1078848,atl,62.000,-40.250,987.78,987.48,6.65,2.14,49.65,50.54,0.00,1228.52,13.63
1078848,atl,61.500,-53.000,969.60,969.38,20.80,4.85,62.12,62.12,0.00,181874.94,12.54
1078848,pac,59.000,164.500,988.05,987.38,13.93,3.90,43.20,43.20,0.00,0.00,9.63
1078848,pac,53.500,161.750,989.32,988.89,7.40,2.39,41.76,41.76,0.00,0.00,6.18
1078854,atl,65.000,-50.250,976.41,975.93,12.57,3.67,48.75,53.25,0.00,45528.31,15.14
1078854,atl,63.750,-38.250,983.84,983.08,8.87,3.28,59.31,59.31,0.00,23881.94,18.79
1078854,atl,51.250,-79.500,992.00,991.65,16.20,4.16,36.51,36.51,0.00,0.00,6.28
1078854,pac,61.000,163.000,994.36,993.39,11.23,2.92,34.51,34.51,0.00,0.00,16.81
1078854,pac,55.250,163.500,993.97,993.71,6.00,1.92,38.55,38.55,0.00,0.00,6.20
1078854,pac,41.500,199.500,1004.51,1003.52,11.43,2.95,37.41,41.32,0.00,0.00,4.46
1078860,atl,68.500,-48.250,983.74,982.95,8.37,2.38,38.43,42.69,0.00,0.00,12.01
1078860,atl,63.750,-38.500,983.66,982.49,10.36,3.20,59.75,59.75,0.00,36036.37,14.76
1078860,atl,52.750,-75.500,994.08,993.55,15.64,4.03,41.43,41.61,0.00,0.00,8.28
1078860,pac,57.000,163.750,998.26,998.09,4.90,1.37,32.15,32.15,0.00,0.00,6.38
1078860,pac,44.500,161.000,954.03,953.20,36.38,10.16,89.24,89.24,191855.38,549607.98,18.85
1078860,pac,41.000,198.750,1001.43,1000.67,13.30,3.67,47.29,47.29,0.00,0.00,4.93
1078866,atl,63.500,-38.000,982.57,981.23,16.58,4.01,61.91,61.91,0.00,57684.79,16.70
1078866,atl,54.500,-70.750,996.62,996.13,14.00,3.65,34.67,34.81,0.00,0.00,8.74
1078866,pac,47.750,164.500,950.72,949.94,36.74,8.17,81.92,81.92,238753.93,657237.55,15.17
1078866,pac,40.500,199.250,1003.09,1002.42,12.71,3.59,52.27,52.27,0.00,14359.78,5.45
1078872,atl,66.250,-7.250,987.36,987.01,11.21,2.82,39.71,45.22,0.00,0.00,6.74
1078872,atl,63.500,-35.250,984.55,983.89,18.24,4.24,58.49,63.37,0.00,153174.60,17.70
1078872,atl,61.750,-59.750,1003.18,1002.84,8.08,2.74,41.19,41.19,0.00,0.00,6.91
1078872,atl,55.750,-66.750,1000.83,1000.19,12.17,3.67,38.63,38.63,0.00,0.00,9.87
1078872,pac,50.500,165.750,951.12,950.29,34.49,7.07,74.08,78.41,192621.35,521329.54,11.80
1078872,pac,40.250,200.250,1002.78,1002.26,12.57,3.36,47.22,47.22,0.00,0.00,5.14
1078878,atl,66.500,1.000,981.55,980.95,10.75,2.76,38.52,49.72,0.00,0.00,7.04
1078878,atl,66.250,-21.000,985.72,985.30,9.51,2.41,48.62,51.65,0.00,1571.57,11.46
1078878,atl,65.250,-25.500,985.44,985.30,11.75,2.66,51.65,56.93,0.00,47102.95,11.00
1078878,atl,63.750,-58.250,1000.24,999.43,12.49,4.20,45.74,45.74,0.00,0.00,10.15
1078878,atl,56.500,-62.750,1003.72,1003.57,10.28,2.91,34.26,38.63,0.00,0.00,8.93
1078878,pac,52.750,166.750,952.12,951.59,31.58,6.42,71.19,75.28,103779.77,444563.31,13.59
1078884,atl,67.250,-35.500,1002.33,1000.48,6.79,3.14,48.26,50.33,0.00,323.53,18.99
1078884,atl,66.750,5.000,974.95,974.21,11.55,3.02,41.11,41.85,0.00,0.00,6.36
1078884,atl,66.500,-58.500,999.59,998.22,14.41,4.61,56.13,56.13,0.00,10853.73,12.79
1078884,atl,57.250,-59.500,1003.39,1003.18,11.04,2.82,40.40,40.40,0.00,0.00,9.05
1078884,pac,54.750,166.250,954.79,954.33,27.84,6.15,66.39,67.74,43387.86,360928.63,12.21
1078890,atl,68.750,-59.750,1000.65,999.51,13.60,3.93,44.11,44.11,0.00,0.00,13.72
1078890,atl,66.500,6.750,969.00,968.56,13.30,3.42,48.77,51.19,0.00,716.64,6.92
1078890,atl,57.000,-55.750,1000.20,1000.03,12.65,2.69,52.34,52.34,0.00,36137.22,8.78
1078890,atl,51.000,-38.250,1001.80,1000.58,16.86,5.02,57.58,57.58,0.00,35596.72,11.62
1078890,pac,56.250,164.500,954.98,954.47,25.40,5.95,56.93,58.78,0.00,295227.69,11.74
1078896,atl,65.250,8.750,968.32,967.96,13.12,3.52,56.39,56.39,0.00,16373.42,8.28
1078896,atl,57.500,-53.500,997.80,997.58,13.63,3.20,58.04,58.04,0.00,78680.37,8.85
1078896,atl,54.750,-34.250,992.81,991.03,21.23,6.77,53.94,53.94,0.00,39847.61,11.99
1078896,pac,56.750,162.750,959.34,958.75,21.46,4.94,47.58,56.38,0.00,53674.50,11.34
1078902,atl,62.750,-53.000,998.20,998.02,7.96,2.20,42.17,48.46,0.00,0.00,6.66
1078902,atl,58.250,-31.250,976.77,973.49,29.94,9.98,65.37,65.37,3409.33,157400.32,22.60
1078902,atl,57.750,-50.000,997.96,997.87,11.52,2.63,60.25,60.25,0.00,87114.91,8.31
1078902,pac,57.000,174.500,984.39,983.69,5.78,1.94,42.17,48.28,0.00,0.00,5.17
1078902,pac,56.750,162.500,964.06,963.38,17.58,3.52,44.37,54.14,0.00,21064.84,13.36
1078908,atl,61.000,-50.250,1000.74,1000.56,6.99,1.80,46.97,53.17,0.00,8400.54,6.70
1078908,atl,60.750,-27.750,965.19,963.24,38.19,11.87,82.73,82.73,73303.05,286080.01,16.76
1078908,pac,59.000,173.000,981.73,980.56,7.70,2.56,41.26,43.25,0.00,0.00,5.51
1078908,pac,56.750,163.750,969.79,969.26,15.58,3.64,49.93,55.74,0.00,76385.45,13.08
1078914,atl,62.250,-24.750,961.33,959.55,40.02,11.38,80.00,80.00,65405.31,451608.97,15.83
1078914,atl,60.250,-48.000,1002.65,1002.24,6.66,2.18,50.69,50.88,0.00,6191.06,7.70
1078914,pac,56.750,166.250,976.14,975.78,13.31,3.23,48.48,54.60,0.00,76534.55,13.43
1078920,atl,63.000,-22.250,963.87,962.39,37.17,10.37,75.25,75.25,124389.04,412279.47,13.42
1078920,atl,61.500,-38.250,1000.74,1000.02,5.97,2.71,44.78,55.03,0.00,15979.74,7.69
1078920,pac,57.750,169.750,982.57,982.14,12.47,2.90,47.99,53.25,0.00,33116.59,4.96
1078920,pac,43.250,163.500,1000.32,999.34,11.75,3.48,53.45,53.45,0.00,4998.25,6.54
1078926,atl,63.000,-18.750,970.84,969.09,29.24,7.93,73.57,73.57,149856.01,322996.53,14.44
1078926,atl,62.750,-2.500,988.00,987.41,8.20,2.22,46.39,57.19,0.00,43747.02,4.96
1078926,atl,61.250,-38.000,1003.41,1002.46,5.21,2.44,41.71,47.95,0.00,0.00,4.79
1078926,pac,59.750,172.750,986.04,985.79,12.12,3.08,45.51,45.87,0.00,0.00,4.99
1078926,pac,53.750,215.500,1002.00,1001.75,8.11,1.92,27.11,30.41,0.00,0.00,2.93
1078926,pac,45.500,166.750,996.00,994.92,14.31,4.32,49.55,50.14,0.00,534.38,8.33
1078932,atl,62.750,-15.000,977.44,976.15,23.04,6.66,75.02,75.02,101063.98,314465.64,10.93
1078932,atl,62.500,2.250,984.96,984.27,9.52,3.01,45.26,53.06,0.00,6753.87,5.44
1078932,atl,60.750,-39.250,1004.29,1003.79,6.35,2.40,37.89,37.89,0.00,0.00,6.37
1078932,pac,63.250,164.500,994.37,994.29,4.54,0.82,21.84,36.55,0.00,0.00,14.94
1078932,pac,61.500,173.750,990.92,990.42,11.41,2.95,39.82,42.24,0.00,0.00,5.59
1078932,pac,54.250,216.500,998.50,998.20,9.28,2.23,28.57,28.57,0.00,0.00,2.95
1078932,pac,47.500,170.000,996.43,995.98,13.76,3.84,52.40,52.40,0.00,6343.91,7.50
1078938,atl,62.250,-9.000,979.10,978.05,20.19,6.03,71.79,71.79,55780.63,258137.20,9.34
1078938,atl,62.250,4.250,985.75,984.77,7.22,2.32,45.20,52.31,0.00,7001.19,5.21
1078938,atl,61.000,-41.250,1001.34,1000.07,8.42,3.01,42.66,42.66,0.00,0.00,7.56
1078938,pac,63.500,173.000,994.94,994.45,9.01,2.51,38.68,38.68,0.00,0.00,7.30
1078938,pac,59.000,165.500,995.80,995.31,4.85,1.59,30.95,33.76,0.00,0.00,8.95
1078938,pac,54.500,216.750,996.11,995.84,9.95,2.39,24.86,31.00,0.00,0.00,3.76
1078938,pac,50.500,174.750,994.68,994.22,14.21,3.54,45.36,47.72,0.00,0.00,5.94
1078944,atl,62.250,5.500,988.46,988.24,4.55,0.97,38.28,66.10,1943.58,18633.29,7.60
1078944,atl,61.250,-41.500,998.58,997.41,8.91,3.33,52.41,52.41,0.00,2503.74,10.74
1078944,atl,61.250,-3.000,981.99,981.01,17.38,5.22,69.41,69.41,33697.56,152952.71,8.07
1078944,atl,59.750,-55.000,1001.37,1001.19,9.36,2.52,47.42,47.42,0.00,0.00,6.24
1078944,atl,54.000,-44.500,1003.44,1002.76,4.67,1.63,34.68,34.68,0.00,0.00,4.80
1078944,pac,64.750,171.000,999.13,998.53,6.83,1.95,31.65,31.65,0.00,0.00,6.45
1078944,pac,58.750,166.000,996.73,996.17,6.85,2.45,33.66,33.66,0.00,0.00,8.47
1078944,pac,54.250,216.500,994.38,994.08,10.34,2.49,27.09,33.62,0.00,0.00,3.31
1078944,pac,53.000,178.000,992.79,992.18,15.29,3.99,47.34,48.74,0.00,0.00,5.96
1078950,atl,63.250,-47.250,999.27,998.84,6.18,1.75,52.24,53.62,0.00,2098.92,11.60
1078950,atl,61.750,-41.250,997.40,996.47,6.67,2.47,53.62,53.62,0.00,2098.92,8.86
1078950,atl,60.250,2.000,984.28,983.44,15.46,4.63,61.97,61.97,0.00,140554.02,7.80
1078950,atl,59.750,-48.500,998.41,998.33,4.75,0.62,36.94,52.24,0.00,356.83,8.61
1078950,atl,59.000,-54.000,997.15,996.97,9.15,2.13,47.40,47.40,0.00,0.00,7.49
1078950,atl,55.250,-42.000,999.20,998.70,4.19,1.56,37.06,37.06,0.00,0.00,4.07
1078950,atl,48.000,-51.500,1002.13,1001.13,9.25,3.13,41.00,41.00,0.00,0.00,6.45
1078950,pac,65.250,169.250,1000.60,1000.40,5.76,1.55,25.89,25.89,0.00,0.00,5.63
1078950,pac,58.750,166.500,997.21,996.67,6.74,2.51,37.49,37.49,0.00,0.00,7.89
1078950,pac,55.000,180.250,988.90,988.33,16.86,4.37,45.38,47.45,0.00,0.00,6.10
1078950,pac,53.750,216.750,994.00,993.77,10.37,2.55,30.71,30.71,0.00,0.00,3.40
1078950,pac,48.750,161.750,995.88,995.41,13.72,4.31,47.76,47.76,0.00,0.00,7.08
1078956,atl,65.500,-50.250,997.55,996.85,7.71,2.54,46.08,46.08,0.00,0.00,9.95
1078956,atl,60.000,-47.000,993.20,992.77,6.78,1.79,29.15,50.15,0.00,353.83,8.79
1078956,atl,60.000,-32.000,998.26,997.88,4.25,0.88,28.06,34.05,0.00,0.00,2.79
1078956,atl,58.750,6.000,988.59,987.77,13.76,4.10,56.43,56.43,0.00,79399.57,7.98
1078956,atl,57.250,-39.500,994.98,994.62,4.59,1.66,36.11,36.11,0.00,0.00,7.08
1078956,atl,52.500,-44.000,998.19,997.91,5.67,1.38,41.17,42.86,0.00,0.00,5.01
1078956,pac,65.750,167.750,1002.75,1002.51,4.55,1.14,19.05,21.76,0.00,0.00,5.80
1078956,pac,58.750,167.250,998.11,997.73,6.27,2.37,30.45,30.72,0.00,0.00,7.01
1078956,pac,56.500,181.750,985.29,984.94,18.55,4.74,49.28,49.28,0.00,0.00,6.73
1078956,pac,53.500,217.000,993.65,993.36,10.35,2.52,32.30,33.50,0.00,0.00,3.30
1078956,pac,50.250,164.750,996.13,995.67,13.20,3.86,47.16,47.16,0.00,0.00,7.29
1078956,pac,46.250,188.750,1002.56,1002.19,9.61,2.45,48.15,48.15,0.00,0.00,4.31
1078956,pac,42.750,220.750,1001.93,1001.25,6.95,2.02,39.89,48.81,0.00,0.00,5.83
1078962,atl,63.000,-80.000,999.59,999.39,8.24,1.56,23.03,27.85,0.00,0.00,4.04
1078962,atl,62.000,-56.750,993.91,993.20,8.24,2.58,44.50,44.50,0.00,0.00,9.73
1078962,atl,61.000,-31.750,993.25,992.80,6.43,1.11,35.53,60.66,0.00,6873.52,7.08
1078962,atl,60.250,-48.000,990.26,989.61,7.68,1.97,26.23,44.59,0.00,0.00,8.77
1078962,atl,59.500,-38.500,989.08,988.19,7.32,2.27,39.10,39.10,0.00,0.00,10.99
1078962,atl,54.000,-40.000,991.76,991.26,8.15,2.23,42.68,48.01,0.00,0.00,5.50
1078962,pac,58.750,168.000,997.70,997.32,5.59,2.10,29.59,29.59,0.00,0.00,7.42
1078962,pac,57.000,184.250,984.70,984.44,17.54,4.00,50.30,50.30,0.00,2207.91,6.75
1078962,pac,53.250,217.750,994.07,993.76,9.66,2.44,31.79,33.09,0.00,0.00,3.41
1078962,pac,51.500,167.750,994.84,994.51,12.66,3.55,52.62,52.62,0.00,5440.55,7.16
1078962,pac,47.500,193.500,997.90,997.38,11.76,3.25,51.59,51.59,0.00,2605.40,5.39
1078962,pac,44.250,222.250,998.92,998.45,8.15,2.29,42.21,42.21,0.00,0.00,4.37
1078962,pac,40.250,220.500,999.82,999.36,8.91,2.15,47.08,47.08,0.00,0.00,4.82
1078968,atl,69.000,-53.750,994.63,994.28,10.12,3.11,39.20,39.20,0.00,0.00,9.97
1078968,atl,63.250,-79.500,1001.04,1000.83,7.13,1.41,25.26,26.43,0.00,0.00,3.86
1078968,atl,63.000,-56.500,993.31,992.36,8.73,2.81,51.65,51.65,0.00,2131.97,9.88
1078968,atl,61.000,-39.500,981.53,980.15,12.91,4.01,52.97,65.26,2612.69,20566.65,10.51
1078968,atl,60.000,-46.500,990.77,990.17,6.12,1.17,48.78,52.97,0.00,2500.73,10.51
1078968,atl,56.750,-34.500,985.03,984.03,10.40,3.01,46.95,47.73,0.00,0.00,5.53
1078968,atl,39.500,-56.000,1004.13,1003.87,9.68,2.34,47.50,54.96,0.00,10864.73,7.08
1078968,pac,59.000,168.000,999.08,998.77,4.96,1.88,29.63,29.68,0.00,0.00,6.45
1078968,pac,57.750,186.250,985.66,985.35,16.16,3.56,51.76,51.76,0.00,8745.63,5.85
1078968,pac,53.500,219.000,994.38,994.19,8.22,1.96,31.06,31.06,0.00,0.00,3.63
1078968,pac,53.250,170.250,994.95,994.76,11.02,3.17,50.48,50.48,0.00,2413.17,7.08
1078968,pac,48.500,197.250,992.74,992.03,13.69,3.97,48.47,48.47,0.00,0.00,6.13
1078968,pac,46.750,223.250,997.30,996.76,7.27,2.09,38.15,43.12,0.00,0.00,4.13
1078968,pac,43.250,223.000,997.54,997.14,8.18,1.83,43.12,43.26,0.00,0.00,4.43
1078968,pac,40.500,222.000,997.80,997.26,8.74,2.08,43.26,43.26,0.00,0.00,4.43
1078974,atl,64.000,-58.000,993.51,991.74,9.14,3.29,47.24,47.24,0.00,0.00,11.10
1078974,atl,63.500,-51.500,993.93,993.71,4.76,1.24,44.80,48.06,0.00,0.00,13.93
1078974,atl,63.250,-35.250,978.64,978.40,15.54,3.61,80.36,80.36,41840.67,173573.81,14.99
1078974,atl,61.000,-40.500,975.39,973.23,17.85,5.65,61.93,80.36,21929.47,70829.99,14.99
1078974,atl,59.750,-30.750,976.86,976.04,14.04,3.87,60.11,60.11,0.00,70360.36,8.77
1078974,atl,40.750,-50.500,995.99,995.12,13.97,3.32,56.82,56.82,0.00,65749.07,7.21
1078974,pac,59.000,168.000,999.65,999.39,4.56,1.71,32.75,32.75,0.00,0.00,6.37
1078974,pac,58.500,186.500,986.34,985.93,14.20,3.46,45.42,45.42,0.00,0.00,5.16
1078974,pac,54.250,220.500,994.98,994.83,6.80,1.41,28.04,29.30,0.00,0.00,6.52
1078974,pac,53.500,174.500,994.50,994.32,9.95,2.62,52.70,52.70,0.00,6591.29,6.79
1078974,pac,49.500,224.500,997.03,996.66,7.05,1.73,37.51,41.85,0.00,0.00,3.84
1078974,pac,49.250,200.250,988.34,987.28,15.31,4.67,49.40,49.40,0.00,0.00,6.07
1078974,pac,41.000,223.000,997.89,997.44,8.83,2.24,40.56,41.24,0.00,0.00,4.73
1078980,atl,64.750,-58.500,995.32,994.03,8.60,3.32,42.80,42.80,0.00,0.00,11.49
1078980,atl,62.750,-28.750,972.00,971.14,21.06,4.49,70.38,78.19,84591.34,349105.46,10.05
1078980,atl,62.250,-38.750,978.45,978.01,16.38,4.23,78.39,78.39,54661.29,236110.88,14.13
1078980,atl,44.500,-44.000,987.72,986.68,19.78,4.89,57.87,58.68,0.00,172903.40,9.52
1078980,pac,61.750,206.750,998.15,997.38,4.77,1.63,15.61,24.63,0.00,0.00,15.07
1078980,pac,58.750,186.500,986.75,986.32,12.96,3.31,45.62,45.62,0.00,0.00,4.66
1078980,pac,58.500,213.500,995.91,995.80,4.62,0.94,21.61,31.71,0.00,0.00,16.59
1078980,pac,55.250,177.750,994.49,994.27,6.54,1.45,42.74,49.79,0.00,0.00,5.91
1078980,pac,55.250,221.500,994.62,994.52,6.90,1.13,28.76,44.97,0.00,0.00,15.68
1078980,pac,52.500,225.250,995.12,994.87,8.14,1.59,47.72,47.72,0.00,0.00,6.57
1078980,pac,49.250,202.500,984.93,984.17,16.18,4.87,46.23,46.23,0.00,0.00,6.99
1078980,pac,40.750,223.750,997.02,996.29,9.38,2.42,45.38,50.89,0.00,1820.39,5.30
1078986,atl,68.000,-49.250,997.19,996.79,6.93,2.17,39.12,46.35,0.00,0.00,9.23
1078986,atl,65.250,-58.000,997.67,996.81,7.42,3.15,40.35,40.35,0.00,0.00,13.76
1078986,atl,64.250,-26.500,973.44,972.76,23.96,5.56,75.56,75.59,83008.77,422928.77,10.15
1078986,atl,48.500,-77.000,1000.10,999.89,10.19,2.36,36.10,41.99,0.00,0.00,6.82
1078986,atl,48.500,-39.250,975.03,973.52,26.50,6.79,74.37,74.37,98883.84,350491.22,12.23
1078986,pac,59.250,186.250,986.88,986.46,12.18,3.09,38.98,38.98,0.00,0.00,4.85
1078986,pac,59.000,212.750,995.27,995.17,4.15,0.83,20.26,27.45,0.00,0.00,15.94
1078986,pac,57.000,222.000,993.79,993.43,7.65,1.43,31.15,49.73,0.00,0.00,17.61
1078986,pac,55.000,225.500,993.10,992.73,10.01,2.18,51.92,54.82,0.00,19689.76,15.16
1078986,pac,48.500,205.000,985.50,984.92,14.29,3.87,45.51,45.51,0.00,0.00,5.78
1078986,pac,41.500,226.500,997.49,997.13,11.01,2.46,49.72,54.53,0.00,7210.59,5.87
1078992,atl,66.000,-57.000,1000.99,1000.29,4.47,2.11,37.38,37.38,0.00,0.00,13.54
1078992,atl,65.500,-13.500,992.83,992.35,10.31,2.73,47.63,66.87,2337.71,36692.40,8.62
1078992,atl,65.000,-25.500,981.81,981.16,19.05,4.69,73.11,73.66,84559.22,188147.15,18.12
1078992,atl,64.500,-29.250,981.70,981.09,17.72,3.88,73.66,73.66,89981.56,183356.79,14.53
1078992,atl,61.250,-38.750,983.54,982.82,10.76,3.57,54.35,73.17,16429.95,54672.20,8.92
1078992,atl,61.250,1.000,993.60,992.91,14.24,3.62,54.00,54.00,0.00,31863.39,10.21
1078992,atl,53.250,-35.250,967.35,965.97,28.40,7.75,74.22,74.22,66993.73,354197.44,13.54
1078992,atl,48.750,-72.000,995.33,994.86,13.14,3.29,34.68,36.46,0.00,0.00,8.49
1078992,pac,64.750,227.750,1004.87,1003.24,5.78,2.42,15.47,19.48,0.00,0.00,17.13
1078992,pac,62.750,233.250,1004.31,1002.60,7.87,3.32,13.84,20.21,0.00,0.00,22.37
1078992,pac,59.250,185.250,987.98,987.53,11.87,2.90,39.85,39.85,0.00,0.00,4.84
1078992,pac,59.250,213.000,994.98,994.87,4.09,0.78,19.41,19.41,0.00,0.00,13.24
1078992,pac,58.000,235.500,1004.14,1000.63,5.07,2.23,31.82,36.70,0.00,0.00,23.95
1078992,pac,57.750,221.750,993.82,993.40,6.99,1.48,24.00,34.34,0.00,0.00,14.16
1078992,pac,48.250,207.500,985.35,984.93,13.26,3.25,43.98,43.98,0.00,0.00,5.23
1078992,pac,43.000,226.000,994.15,993.52,11.88,3.08,44.08,47.24,0.00,0.00,5.14
1078998,atl,60.750,-39.500,973.61,972.82,13.86,4.73,58.38,72.19,6916.29,49848.31,11.95
1078998,atl,60.250,4.500,996.62,995.70,14.42,4.27,55.92,55.92,0.00,29443.73,8.55
1078998,atl,56.500,-32.500,964.32,963.26,25.23,7.36,66.89,66.89,12410.24,371529.13,14.39
1078998,atl,49.750,-68.000,989.26,988.98,15.73,3.69,41.13,41.13,0.00,0.00,10.37
1078998,atl,38.250,-66.250,1003.35,1002.05,7.01,2.25,42.71,48.12,0.00,0.00,5.90
1078998,pac,64.750,229.250,1003.96,1002.22,5.99,2.69,16.50,16.50,0.00,0.00,16.93
1078998,pac,62.750,233.500,1001.53,999.85,8.11,3.45,13.77,23.49,0.00,0.00,19.11
1078998,pac,59.250,184.500,987.41,987.02,12.02,3.02,40.42,40.42,0.00,0.00,4.85
1078998,pac,58.250,221.500,996.22,995.89,5.20,1.22,18.31,22.44,0.00,0.00,13.54
1078998,pac,57.250,237.250,1000.58,997.92,8.16,2.47,40.80,40.80,0.00,0.00,19.77
1078998,pac,48.000,210.000,985.72,985.23,12.51,2.87,38.39,42.18,0.00,0.00,4.82
1078998,pac,43.250,227.000,994.45,993.82,11.80,3.08,52.16,52.16,0.00,4553.36,6.31
1079004,atl,61.250,-30.500,957.99,956.99,28.19,7.16,75.79,75.79,48991.25,366545.10,16.26
1079004,atl,60.750,-37.500,967.59,966.73,17.32,4.10,62.92,79.37,25577.78,262247.54,16.26
1079004,atl,51.750,-65.750,983.60,983.11,19.68,4.86,48.62,48.62,0.00,0.00,10.90
1079004,atl,39.750,-61.750,995.52,993.96,9.39,2.56,49.19,53.65,0.00,11570.81,7.62
1079004,pac,64.500,229.250,1004.75,1003.24,5.09,2.47,15.89,16.13,0.00,0.00,16.89
1079004,pac,62.500,233.500,1001.52,999.49,7.71,3.42,16.13,28.33,0.00,0.00,16.89
1079004,pac,59.000,184.250,987.43,987.03,11.33,2.95,39.87,39.87,0.00,0.00,4.78
1079004,pac,57.000,237.750,1002.07,1000.66,5.30,1.73,36.23,36.23,0.00,0.00,12.76
1079004,pac,52.000,164.000,981.92,981.19,10.52,2.57,48.95,49.95,0.00,0.00,6.43
1079004,pac,51.500,177.250,989.94,989.22,6.64,2.29,43.33,43.33,0.00,0.00,4.39
1079004,pac,49.000,160.750,981.39,981.12,12.81,2.19,56.82,59.21,0.00,179160.08,5.97
1079004,pac,47.750,211.750,987.04,986.76,11.04,2.35,41.25,41.25,0.00,0.00,5.11
1079004,pac,47.500,227.250,994.75,994.58,6.78,1.60,38.92,49.37,0.00,0.00,5.51
1079004,pac,44.000,230.250,995.34,994.91,12.04,3.34,55.18,55.18,0.00,51458.41,6.99
1079010,atl,64.250,-32.500,950.20,948.69,37.20,9.40,86.08,86.08,247405.56,460307.94,18.38
1079010,atl,52.250,-63.250,978.21,977.72,19.71,4.22,44.56,51.21,0.00,2012.61,10.05
1079010,atl,42.750,-57.000,984.06,981.80,13.66,3.82,64.87,67.39,2356.91,155319.36,9.49
1079010,pac,62.500,233.750,1003.00,1000.60,6.58,3.15,15.99,20.33,0.00,0.00,15.87
1079010,pac,59.000,184.000,985.57,985.22,10.66,2.93,38.84,38.84,0.00,0.00,4.83
1079010,pac,57.000,237.750,1002.07,1001.24,4.74,1.90,28.40,28.50,0.00,0.00,14.35
1079010,pac,52.750,179.750,985.69,984.89,7.42,2.41,41.02,41.02,0.00,0.00,4.57
1079010,pac,50.250,227.500,993.59,993.42,6.46,1.78,45.84,47.03,0.00,0.00,6.85
1079010,pac,50.000,164.500,980.95,980.82,11.80,1.76,47.92,56.39,0.00,59085.99,5.96
1079010,pac,49.000,215.750,988.21,987.87,9.46,1.87,37.26,43.64,0.00,0.00,5.25
1079010,pac,47.750,233.000,996.67,996.03,10.93,3.04,56.20,56.20,0.00,24623.47,10.17
1079016,atl,65.500,-33.750,950.05,947.50,39.41,10.69,87.77,87.77,110936.73,380208.05,26.66
1079016,atl,53.000,-60.000,973.03,972.61,18.90,3.27,45.11,57.67,0.00,17105.86,10.02
1079016,atl,51.000,-55.500,972.89,972.58,14.97,3.13,57.67,57.67,0.00,133877.25,7.00
1079016,atl,46.500,-51.750,976.10,974.15,17.65,4.71,69.24,69.24,26513.93,295029.80,8.87
1079016,pac,65.250,219.750,1004.51,1002.93,4.03,1.59,17.97,17.97,0.00,0.00,14.74
1079016,pac,62.500,233.500,1003.64,1001.14,5.55,2.82,16.52,16.52,0.00,0.00,15.25
1079016,pac,58.750,184.000,984.99,984.64,9.70,2.67,37.08,38.15,0.00,0.00,5.00
1079016,pac,56.750,237.750,1001.16,1000.48,4.41,1.67,25.23,26.96,0.00,0.00,12.40
1079016,pac,53.500,181.250,984.49,983.91,7.04,2.16,39.37,41.37,0.00,0.00,3.57
1079016,pac,52.250,227.000,994.68,994.47,4.19,1.20,36.17,36.17,0.00,0.00,4.49
1079016,pac,50.500,166.250,981.31,981.20,11.37,1.79,42.74,49.39,0.00,0.00,5.86
1079016,pac,48.750,219.750,988.00,987.59,8.85,1.74,30.01,43.66,0.00,0.00,5.57
1079022,atl,66.000,-33.500,964.52,962.40,29.14,7.14,72.22,73.19,25211.48,235097.41,23.85
1079022,atl,65.000,-39.000,971.14,970.23,22.08,5.16,73.19,73.19,39097.05,221755.31,23.85
1079022,atl,54.250,-56.500,959.01,958.25,24.67,5.28,70.49,70.49,41988.22,358564.56,15.25
1079022,atl,52.250,-49.500,965.02,964.46,20.36,4.49,79.73,79.73,63167.60,406040.35,10.52
1079022,pac,62.500,233.500,1003.96,1001.54,4.87,2.64,15.93,15.93,0.00,0.00,15.29
1079022,pac,58.500,183.500,983.95,983.63,9.27,2.28,38.40,40.30,0.00,0.00,5.22
1079022,pac,57.000,236.500,1000.79,1000.00,4.97,1.70,26.74,26.74,0.00,0.00,13.65
1079022,pac,54.000,183.250,982.11,981.68,8.11,2.34,39.73,42.60,0.00,0.00,4.31
1079022,pac,50.750,167.250,981.44,981.31,10.78,1.86,35.34,47.90,0.00,0.00,5.06
1079022,pac,49.500,223.000,988.39,988.05,10.42,2.49,38.80,44.92,0.00,0.00,4.78
1079022,pac,38.250,177.250,1000.66,1000.12,7.27,2.23,43.29,43.82,0.00,0.00,4.44
1079028,atl,66.750,-32.500,981.57,979.59,16.29,4.01,50.98,61.27,0.00,80059.34,27.15
1079028,atl,65.500,-39.000,983.04,982.54,13.50,3.97,51.65,60.12,0.00,84237.04,27.15
1079028,atl,56.000,-49.500,957.69,956.07,22.28,5.84,76.87,76.87,191968.66,603996.11,10.45
1079028,atl,54.000,-59.750,952.92,951.46,32.23,8.26,78.91,78.91,95701.58,317087.74,17.72
1079028,pac,62.750,233.500,1004.55,1002.64,5.36,2.73,16.86,16.86,0.00,0.00,15.97
1079028,pac,57.750,235.500,1001.99,1000.52,5.28,2.19,24.31,25.86,0.00,0.00,15.91
1079028,pac,54.250,185.000,982.44,982.09,7.32,2.01,38.17,38.17,0.00,0.00,4.27
1079028,pac,51.000,224.250,988.17,987.57,12.50,3.06,37.87,42.65,0.00,0.00,5.33
1079028,pac,50.750,171.000,983.11,982.94,8.91,1.53,35.63,44.47,0.00,0.00,4.63
1079028,pac,42.750,185.250,996.26,995.81,6.40,1.46,46.95,61.37,0.00,36505.11,5.84
1079034,atl,67.750,1.500,999.35,999.09,10.73,2.46,50.24,58.84,0.00,30086.50,5.90
1079034,atl,67.500,-31.000,992.23,990.97,5.65,2.30,43.05,43.05,0.00,0.00,9.90
1079034,atl,67.250,-43.000,988.38,987.89,4.92,2.24,30.80,37.80,0.00,0.00,18.52
1079034,atl,60.500,-41.750,972.74,970.96,11.67,2.62,55.89,65.26,3494.91,146037.43,19.32
1079034,atl,57.750,-51.000,954.66,952.68,22.69,6.01,78.19,78.19,147592.43,492212.90,17.22
1079034,atl,51.750,-59.500,963.66,962.78,24.58,5.28,67.42,77.14,30942.61,249992.92,14.92
1079034,pac,62.750,233.750,1004.05,1002.72,5.98,2.87,15.95,18.29,0.00,0.00,16.14
1079034,pac,58.000,235.500,1002.77,1000.98,4.38,1.96,22.88,26.10,0.00,0.00,18.73
1079034,pac,54.750,187.500,980.96,980.72,6.56,1.62,37.01,37.01,0.00,0.00,3.40
1079034,pac,54.750,187.750,980.96,980.72,6.60,1.64,37.01,37.01,0.00,0.00,3.40
1079034,pac,53.000,225.250,989.60,989.36,11.80,2.72,48.32,48.32,0.00,0.00,6.68
1079034,pac,50.500,173.250,984.03,983.96,7.40,1.22,31.56,46.98,0.00,0.00,4.15
1079034,pac,45.750,192.000,989.67,989.09,8.35,2.04,46.50,63.63,0.00,51055.35,5.78
1079040,atl,63.000,-40.750,974.74,973.96,9.18,2.54,56.36,56.36,0.00,7562.81,10.87
1079040,atl,58.000,-51.750,954.43,952.45,26.62,7.54,73.68,73.68,134947.36,350681.86,14.81
1079040,pac,62.750,233.500,1003.21,1001.80,5.19,2.51,13.90,17.88,0.00,0.00,14.18
1079040,pac,55.500,189.750,978.84,978.61,6.88,1.53,32.60,32.60,0.00,0.00,3.61
1079040,pac,55.000,226.500,990.09,989.73,10.56,2.88,51.54,51.54,0.00,454.22,9.15
1079040,pac,49.250,198.000,980.81,980.36,11.12,2.77,49.02,55.86,0.00,13073.67,5.18
1079046,atl,66.250,-45.750,971.12,970.16,10.92,2.47,58.74,58.74,0.00,42116.10,17.91
1079046,atl,65.750,-49.000,970.81,969.94,10.47,2.25,58.74,58.74,0.00,42116.10,17.91
1079046,atl,63.000,-32.000,979.26,978.72,9.99,2.20,53.61,58.73,0.00,123533.83,11.72
1079046,atl,62.000,-41.250,971.68,971.26,6.68,2.29,50.82,57.80,0.00,15058.92,7.39
1079046,atl,56.750,-50.750,956.95,954.65,27.09,8.01,76.95,76.95,87113.97,311975.73,13.85
1079046,pac,58.000,230.250,992.66,991.98,8.22,2.06,28.15,36.89,0.00,0.00,19.25
1079046,pac,56.250,191.500,976.39,976.24,7.48,1.61,31.10,31.85,0.00,0.00,3.82
1079046,pac,52.500,202.000,972.40,971.71,15.16,4.00,44.49,47.20,0.00,0.00,5.79
1079046,pac,46.750,233.000,1000.80,1000.53,6.40,1.49,40.52,43.69,0.00,0.00,9.37
1079052,atl,66.000,-31.250,968.73,968.23,17.02,5.04,50.23,57.14,0.00,18794.45,17.81
1079052,atl,64.000,-43.250,966.27,965.48,11.69,3.64,57.15,57.15,0.00,34024.01,10.61
1079052,atl,60.750,-49.000,972.06,971.67,9.20,2.39,56.23,61.18,0.00,74665.79,9.85
1079052,atl,55.750,-47.000,968.29,966.37,21.29,6.88,72.66,72.66,49378.20,300415.41,12.18
1079052,pac,61.500,231.250,995.01,994.15,7.19,2.10,16.05,31.14,0.00,0.00,22.79
1079052,pac,58.250,232.000,991.14,990.40,9.45,3.04,31.14,36.78,0.00,0.00,22.79
1079052,pac,57.000,192.500,975.41,975.18,7.91,1.75,34.20,36.33,0.00,0.00,3.67
1079052,pac,55.000,204.250,964.72,963.87,20.39,5.86,50.91,50.91,0.00,3725.87,9.34
1079052,pac,47.000,234.000,1001.98,1001.44,7.73,2.00,37.53,41.62,0.00,0.00,7.39
1079058,atl,68.750,-33.000,967.58,965.83,12.71,4.35,43.79,63.16,0.00,3515.86,20.53
1079058,atl,63.250,-29.000,973.97,972.66,10.92,3.79,76.39,82.47,28902.99,161370.42,10.30
1079058,atl,62.750,-41.750,967.34,966.46,12.04,3.47,49.16,50.45,0.00,787.32,10.58
1079058,atl,55.750,-41.250,979.46,977.94,14.74,5.05,69.26,69.26,11565.58,292351.42,10.02
1079058,pac,64.250,228.750,997.84,997.03,6.03,2.53,12.87,18.69,0.00,0.00,12.80
1079058,pac,62.000,232.750,996.70,996.16,6.10,2.41,21.42,30.98,0.00,0.00,23.00
1079058,pac,57.250,192.000,975.03,974.85,8.27,1.78,33.91,39.04,0.00,0.00,3.85
1079058,pac,57.000,237.500,991.61,990.32,10.61,3.05,34.87,34.87,0.00,0.00,23.00
1079058,pac,56.500,206.000,961.58,960.96,22.49,6.18,55.76,55.76,0.00,43703.58,10.16
1079064,atl,67.250,-25.250,970.08,968.95,14.30,4.70,63.27,64.72,329.64,30937.86,11.98
1079064,atl,66.250,-34.250,972.31,971.53,8.85,1.82,49.10,63.27,0.00,14292.67,11.60
1079064,atl,63.750,-38.750,970.80,970.39,13.35,3.59,51.30,51.30,0.00,8413.44,10.60
1079064,pac,64.500,229.500,999.46,998.04,4.12,2.19,16.04,19.96,0.00,0.00,13.80
1079064,pac,57.750,207.750,962.55,961.55,21.07,5.83,60.23,60.23,0.00,67254.24,13.50
1079064,pac,57.000,192.250,975.73,975.67,8.13,1.86,34.10,36.72,0.00,0.00,3.74
1079064,pac,53.500,160.000,1002.19,1001.88,4.07,0.92,24.32,30.69,0.00,0.00,7.94
1079070,atl,67.750,-37.500,971.61,971.15,11.83,3.25,51.24,56.50,0.00,27963.71,19.89
1079070,atl,65.500,-35.750,971.64,971.14,14.44,3.40,56.50,56.50,0.00,71421.48,19.89
1079070,pac,58.750,208.500,964.48,963.17,18.88,5.57,56.81,56.81,0.00,34838.67,14.01
1079070,pac,56.500,194.250,977.40,977.30,7.19,1.57,36.64,36.64,0.00,0.00,3.92
1079070,pac,53.750,160.250,1001.29,1001.06,4.58,0.91,26.84,38.21,0.00,0.00,9.54
1079076,atl,67.500,-37.000,975.13,974.19,12.21,3.16,58.99,60.57,0.00,56272.01,19.24
1079076,atl,33.750,-71.000,1004.97,1003.30,11.11,2.82,63.50,63.50,0.00,44231.48,8.95
1079076,pac,59.750,209.500,970.89,970.10,14.13,3.92,50.96,50.96,0.00,8155.62,13.22
1079076,pac,59.500,200.250,977.31,977.09,6.12,1.38,29.70,42.08,0.00,0.00,9.83
1079076,pac,56.500,196.250,979.05,978.85,7.79,1.71,33.25,34.52,0.00,0.00,4.53
1079076,pac,54.500,162.500,1001.66,1001.45,4.15,1.24,33.48,33.48,0.00,0.00,9.96
1079082,atl,67.500,-37.000,976.58,975.78,11.92,3.07,60.04,62.97,0.00,64633.33,19.69
1079082,atl,66.250,-63.000,996.70,995.68,5.71,2.22,51.14,51.14,0.00,991.96,14.98
1079082,atl,36.750,-68.250,990.04,988.14,22.81,6.54,72.88,72.88,24596.02,215934.29,16.76
1079082,pac,63.250,232.500,990.73,990.01,8.13,2.34,20.79,32.05,0.00,0.00,18.78
1079082,pac,62.000,224.500,986.88,986.14,7.39,1.84,33.70,39.70,0.00,0.00,18.78
1079082,pac,61.500,210.250,977.23,976.82,10.49,2.57,41.67,41.67,0.00,0.00,14.83
1079082,pac,59.000,200.500,980.42,980.11,6.33,1.43,27.30,35.82,0.00,0.00,10.05
1079082,pac,58.000,237.000,993.42,991.24,8.98,2.56,47.13,47.92,0.00,0.00,14.62
1079082,pac,55.000,163.000,1001.47,1001.02,4.53,1.37,33.35,33.35,0.00,0.00,9.01
1079088,atl,67.500,-36.500,978.20,976.84,11.54,3.18,60.68,60.68,0.00,36675.28,15.19
1079088,atl,39.000,-65.500,982.40,979.94,29.86,9.08,77.63,77.63,21144.83,283967.43,19.83
1079088,pac,64.500,228.750,990.25,988.81,7.72,2.80,26.44,29.32,0.00,0.00,17.62
1079088,pac,64.250,213.750,983.69,982.45,10.29,2.48,37.70,41.93,0.00,0.00,16.73
1079088,pac,63.000,233.500,990.21,989.10,8.95,2.66,30.23,30.23,0.00,0.00,17.62
1079088,pac,62.000,207.000,983.49,982.45,6.81,1.52,29.94,41.93,0.00,0.00,12.73
1079088,pac,59.000,203.250,984.57,984.32,6.08,1.21,31.00,31.91,0.00,0.00,8.64
1079088,pac,58.000,239.000,992.57,991.30,8.87,1.95,38.98,44.93,0.00,0.00,14.77
1079088,pac,54.000,166.500,1000.16,999.93,6.21,1.56,35.16,37.52,0.00,0.00,6.42
1079088,pac,40.250,186.250,1003.48,1002.55,10.77,3.20,54.82,54.82,0.00,9447.66,8.10
1079094,atl,65.250,-37.250,977.20,976.77,13.79,3.75,67.83,67.83,5564.02,69588.86,19.89
1079094,atl,39.750,-64.250,981.88,978.06,30.42,9.87,81.22,81.22,51828.39,332652.63,20.90
1079094,pac,65.500,219.750,990.77,989.16,8.33,2.35,24.79,35.07,0.00,0.00,18.15
1079094,pac,64.750,214.750,989.12,988.16,8.43,1.96,35.07,35.07,0.00,0.00,17.50
1079094,pac,62.750,234.000,992.33,990.57,8.31,2.72,32.67,32.67,0.00,0.00,16.69
1079094,pac,60.250,204.500,988.57,988.23,5.63,1.20,29.36,34.41,0.00,0.00,8.07
1079094,pac,54.500,165.500,998.52,998.24,7.14,2.01,34.48,34.48,0.00,0.00,6.40
1079094,pac,51.000,219.250,998.26,997.65,9.16,2.74,43.79,43.79,0.00,0.00,4.52
1079094,pac,47.000,168.000,999.53,997.49,11.10,4.01,51.48,51.48,0.00,6509.18,10.32
1079094,pac,41.000,189.500,999.60,998.96,12.89,3.52,52.26,52.26,0.00,5742.76,8.70
1079100,atl,68.250,-20.750,974.56,973.88,11.36,2.65,54.56,78.83,2319.65,76277.37,13.66
1079100,atl,65.000,-35.000,975.63,975.17,14.38,3.25,69.40,71.04,13562.97,151639.53,21.51
1079100,atl,38.750,-63.250,988.30,985.11,26.17,7.82,74.85,74.85,62693.24,327038.26,15.23
1079100,pac,65.500,220.250,994.70,993.87,7.44,2.41,20.14,24.48,0.00,0.00,18.13
1079100,pac,64.750,215.000,994.23,993.19,6.35,1.44,24.15,26.26,0.00,0.00,15.65
1079100,pac,62.750,234.000,997.88,996.23,5.64,2.26,33.24,33.24,0.00,0.00,14.02
1079100,pac,58.750,208.000,991.99,991.86,6.71,1.39,33.36,33.64,0.00,0.00,5.16
1079100,pac,55.000,163.500,996.69,995.64,9.99,3.16,45.74,45.74,0.00,0.00,8.37
1079100,pac,52.000,222.250,996.85,996.45,11.67,3.52,52.87,52.87,0.00,10238.79,6.67
1079100,pac,48.750,171.500,993.58,991.20,14.59,5.34,66.20,66.20,2597.91,28703.29,13.99
1079100,pac,42.250,193.000,995.04,994.05,15.45,4.41,54.67,54.67,0.00,23480.63,9.66
1079106,atl,65.750,-31.000,972.55,972.28,12.65,2.16,47.06,76.26,15375.67,81414.81,17.79
1079106,atl,38.000,-60.750,992.29,990.30,21.36,5.83,64.70,64.70,3079.68,281722.72,8.70
1079106,pac,65.500,220.500,997.51,996.77,6.93,2.37,19.78,22.97,0.00,0.00,18.08
1079106,pac,64.750,215.750,997.26,996.55,5.74,1.30,18.49,24.38,0.00,0.00,13.92
1079106,pac,63.000,234.250,1001.44,1000.41,4.75,2.19,21.45,26.65,0.00,0.00,13.68
1079106,pac,59.500,209.000,994.93,994.77,7.09,1.59,34.93,37.79,0.00,0.00,7.99
1079106,pac,55.000,163.250,997.87,996.97,9.25,2.70,49.50,49.50,0.00,0.00,8.02
1079106,pac,52.750,225.750,997.89,997.66,13.20,3.62,54.43,54.43,0.00,23156.59,7.67
1079106,pac,49.750,174.500,990.51,989.29,16.39,5.73,62.98,62.98,0.00,39030.91,11.13
1079106,pac,43.000,195.750,992.45,991.74,16.85,4.61,66.25,66.25,7431.54,119505.07,10.51
1079106,pac,41.250,200.750,995.24,994.48,12.77,2.69,52.71,52.74,0.00,9456.69,7.94
1079112,atl,68.000,-22.250,970.59,969.99,7.30,2.00,40.06,51.22,0.00,1464.82,10.67
1079112,atl,66.500,-28.000,969.36,969.10,13.22,2.29,40.37,81.82,5916.33,23387.19,19.90
1079112,atl,58.750,-77.750,984.48,984.05,17.53,4.07,40.11,44.27,0.00,0.00,6.29
1079112,atl,38.500,-57.750,994.01,992.59,19.18,4.96,55.51,55.51,0.00,64515.77,8.15
1079112,pac,65.250,220.500,1000.33,999.46,6.38,2.04,18.63,23.84,0.00,0.00,14.93
1079112,pac,64.500,216.000,999.93,999.08,5.39,1.37,23.84,23.84,0.00,0.00,13.49
1079112,pac,62.000,219.500,999.53,998.18,5.03,1.37,23.84,23.84,0.00,0.00,10.57
1079112,pac,60.750,208.250,998.81,998.68,6.06,1.62,38.05,38.05,0.00,0.00,9.73
1079112,pac,59.250,211.750,998.72,998.51,6.45,1.40,38.05,38.05,0.00,0.00,10.57
1079112,pac,56.000,191.500,1004.75,1004.24,4.33,1.64,31.48,31.48,0.00,0.00,3.98
1079112,pac,55.250,163.250,999.40,998.69,9.09,2.40,47.26,47.26,0.00,0.00,8.38
1079112,pac,54.000,228.250,1001.02,1000.59,10.89,3.31,52.30,52.30,0.00,11944.47,11.72
1079112,pac,50.500,177.250,989.28,988.11,17.60,5.64,61.82,61.82,0.00,41892.40,9.31
1079112,pac,43.500,203.250,984.40,982.80,20.59,5.30,51.58,53.89,0.00,12765.49,10.33
1079118,atl,67.000,-25.000,969.80,969.46,11.76,2.65,38.83,56.58,0.00,11196.39,12.62
1079118,atl,58.750,-77.250,987.30,986.97,15.80,4.07,40.18,42.34,0.00,0.00,6.55
1079118,atl,58.750,-71.500,988.21,987.71,12.21,1.96,36.62,42.79,0.00,0.00,9.59
1079118,atl,39.750,-55.250,993.04,991.98,17.69,4.65,53.33,53.85,0.00,30994.21,6.24
1079118,pac,65.250,220.750,1003.16,1002.66,5.36,1.92,18.83,20.61,0.00,0.00,14.10
1079118,pac,65.000,227.750,1004.63,1002.09,4.86,1.75,18.83,18.83,0.00,0.00,15.49
1079118,pac,64.500,216.000,1002.94,1002.16,4.54,1.30,17.44,25.74,0.00,0.00,12.77
1079118,pac,62.250,221.500,1002.98,1002.02,4.30,1.25,20.61,25.74,0.00,0.00,13.64
1079118,pac,60.000,212.250,1001.09,1000.91,6.81,1.49,41.77,42.62,0.00,0.00,11.63
1079118,pac,55.250,163.000,1000.93,1000.24,8.20,1.93,42.05,42.05,0.00,0.00,8.44
1079118,pac,50.750,180.000,990.42,989.50,16.61,5.02,57.57,57.57,0.00,45267.23,7.45
1079118,pac,44.250,204.000,979.12,977.05,25.73,7.35,68.39,68.39,3874.73,137961.68,15.03
1079124,atl,68.750,-15.250,976.15,976.00,5.83,1.67,45.92,46.50,0.00,0.00,9.57
1079124,atl,67.250,-22.000,975.40,975.09,9.83,2.15,46.50,65.36,1052.49,30913.74,9.57
1079124,atl,61.250,-57.750,991.17,990.95,12.10,2.20,46.90,47.80,0.00,0.00,9.02
1079124,atl,59.500,-67.500,990.19,989.85,10.20,2.58,44.37,44.37,0.00,0.00,9.02
1079124,atl,58.500,-75.500,994.38,994.31,11.47,3.02,35.45,39.12,0.00,0.00,6.16
1079124,atl,41.250,-52.500,993.28,992.49,15.79,4.16,53.79,53.79,0.00,26011.66,5.82
1079124,pac,60.500,212.250,1003.68,1003.24,6.93,1.59,41.42,42.04,0.00,0.00,13.26
1079124,pac,53.500,161.500,1002.15,1001.96,6.42,1.30,30.54,37.90,0.00,0.00,6.87
1079124,pac,51.250,182.500,994.34,993.59,13.63,3.87,51.49,51.49,0.00,15670.49,5.71
1079124,pac,47.000,210.500,986.76,985.98,14.87,3.15,53.47,59.52,0.00,45124.98,9.60
1079124,pac,43.500,207.000,983.07,981.64,21.93,5.98,69.21,69.21,20523.83,292209.72,10.86
1079124,pac,38.500,165.250,984.22,982.88,20.73,5.75,59.04,64.08,623.20,155133.50,9.67
1079130,atl,69.000,-9.500,978.65,978.40,4.63,1.33,35.24,46.10,0.00,0.00,4.31
1079130,atl,62.750,-56.000,989.32,988.89,14.07,3.00,44.74,49.06,0.00,0.00,7.51
1079130,atl,62.500,-59.250,989.28,988.63,13.01,3.27,49.06,49.06,0.00,0.00,8.87
1079130,atl,59.500,-66.500,995.44,994.55,6.35,1.40,41.53,49.06,0.00,0.00,7.11
1079130,atl,43.750,-49.500,990.28,989.80,14.71,3.78,52.87,53.99,0.00,31309.10,6.44
1079130,pac,53.750,161.500,1001.78,1001.52,5.71,1.26,26.62,43.36,0.00,0.00,6.05
1079130,pac,51.250,185.250,998.44,997.98,10.62,2.85,47.64,47.64,0.00,0.00,4.48
1079130,pac,49.750,193.250,1003.78,1003.31,5.74,1.78,44.69,46.78,0.00,0.00,3.97
1079130,pac,49.000,213.000,984.25,983.58,17.76,4.48,53.27,53.27,0.00,22703.06,7.78
1079130,pac,43.750,211.250,988.37,987.70,16.78,4.14,59.01,60.56,0.00,249836.16,7.21
1079130,pac,40.500,169.250,973.89,971.04,27.68,8.31,69.25,69.25,13446.49,248608.92,17.61
1079136,atl,63.500,-54.750,991.47,991.12,11.87,2.57,43.67,47.45,0.00,0.00,10.06
1079136,atl,61.750,-60.250,990.90,990.36,11.68,3.32,47.45,47.45,0.00,0.00,7.92
1079136,atl,47.500,-47.000,986.05,985.78,15.41,3.55,52.36,57.81,0.00,55235.17,6.22
1079136,pac,56.250,171.000,1004.04,1003.49,5.93,1.54,35.59,41.47,0.00,0.00,5.14
1079136,pac,54.000,161.750,1001.82,1001.54,4.68,1.16,25.72,41.47,0.00,0.00,13.01
1079136,pac,51.500,188.000,1002.83,1002.53,7.26,1.93,36.98,36.98,0.00,0.00,3.30
1079136,pac,49.250,213.250,981.55,980.64,19.34,5.35,62.63,62.63,0.00,57117.72,10.63
1079136,pac,42.500,173.250,967.55,965.44,31.94,9.68,74.45,74.45,48455.07,321591.47,16.40
1079142,atl,65.750,-3.750,981.67,981.13,10.84,2.46,48.20,54.06,0.00,25255.59,7.42
1079142,atl,61.000,-54.500,991.74,991.68,8.39,1.30,44.05,45.85,0.00,0.00,8.01
1079142,atl,51.750,-44.750,979.06,978.93,17.47,3.67,54.22,56.65,0.00,71241.23,6.06
1079142,pac,57.000,168.250,1000.80,1000.02,8.72,2.37,45.36,45.36,0.00,0.00,11.68
1079142,pac,48.500,215.750,983.91,983.26,18.16,4.73,63.36,63.36,0.00,102833.85,10.82
1079142,pac,44.750,176.750,962.95,961.99,32.67,9.48,70.51,70.51,53756.53,379427.80,14.30
1079148,atl,66.250,3.250,980.62,980.30,12.81,3.29,50.98,54.35,0.00,13996.06,6.79
1079148,atl,59.750,-52.250,991.41,991.36,5.32,0.71,34.91,50.79,0.00,1205.56,10.31
1079148,atl,55.250,-43.000,972.50,972.11,20.98,4.84,49.24,52.67,0.00,50061.01,7.37
1079148,pac,57.500,164.000,998.49,997.21,10.86,3.09,51.57,51.57,0.00,8882.91,10.19
1079148,pac,54.000,219.250,987.03,986.91,12.99,2.64,50.39,50.39,0.00,1362.66,9.16
1079148,pac,46.750,180.000,957.35,956.20,34.07,9.40,71.11,71.11,67823.63,373478.94,14.21
1079148,pac,41.250,165.000,1001.52,1001.19,4.40,1.32,37.77,42.89,0.00,0.00,4.23
1079148,pac,39.250,160.000,1003.15,1002.57,7.46,2.57,55.89,55.89,0.00,42232.27,7.04
1079154,atl,66.250,9.500,984.09,983.87,10.53,3.12,51.79,54.84,0.00,50076.61,7.11
1079154,atl,57.750,-41.000,969.56,969.08,21.95,5.53,61.37,61.37,0.00,141386.09,10.77
1079154,atl,42.000,-46.500,999.85,998.38,11.63,3.71,65.00,65.00,1155.30,24030.08,10.11
1079154,pac,53.250,221.750,988.56,988.43,13.62,2.53,51.73,51.73,0.00,9081.79,7.81
1079154,pac,48.500,183.250,955.52,954.54,31.48,7.72,70.93,70.93,63387.78,410905.68,10.76
1079154,pac,40.750,167.250,997.62,997.22,8.07,1.96,43.61,56.32,0.00,12849.88,5.89
1079160,atl,60.250,-37.750,970.76,970.47,21.70,5.22,64.80,64.80,1228.52,211049.98,10.38
1079160,atl,44.250,-43.000,998.22,997.66,11.78,2.98,50.40,50.40,0.00,1137.21,6.49
1079160,pac,55.750,223.000,990.99,990.81,12.06,2.99,57.14,57.14,0.00,52484.01,12.72
1079160,pac,50.500,186.500,955.12,954.32,29.62,6.25,67.68,68.31,21242.38,426355.75,8.66
1079160,pac,41.000,168.750,996.33,995.79,10.73,2.84,55.72,61.27,0.00,108702.10,6.40
1079166,atl,67.250,-48.000,991.07,990.84,7.00,2.08,38.42,39.97,0.00,0.00,13.70
1079166,atl,62.250,-35.000,970.59,970.36,23.23,5.79,65.77,66.09,26215.18,302867.31,10.48
1079166,atl,47.750,-40.500,992.25,991.67,13.73,3.21,53.03,63.09,0.00,29124.26,7.73
1079166,atl,46.000,-78.500,997.01,996.37,13.62,2.96,42.92,42.92,0.00,0.00,6.11
1079166,pac,60.750,219.750,997.91,996.42,7.39,1.83,34.54,47.08,0.00,0.00,15.53
1079166,pac,60.500,213.250,1000.93,1000.56,4.95,1.35,32.83,36.91,0.00,0.00,15.53
1079166,pac,57.750,163.000,999.41,997.95,9.66,2.67,52.68,52.68,0.00,6964.42,10.67
1079166,pac,57.000,224.250,996.24,995.81,8.26,2.20,47.74,51.26,0.00,935.51,8.65
1079166,pac,52.250,189.000,956.06,955.24,28.55,6.00,66.01,66.52,24881.12,420431.69,8.58
1079166,pac,51.500,226.750,997.28,997.08,11.88,2.81,52.28,52.28,0.00,47656.75,6.01
1079166,pac,41.250,173.500,993.00,992.59,12.48,2.82,54.14,62.18,0.00,168340.27,8.61
1079172,atl,69.000,-47.500,994.03,993.76,5.53,1.64,22.69,34.73,0.00,0.00,14.71
1079172,atl,64.000,-12.500,995.14,994.45,6.58,1.91,45.01,50.71,0.00,1088.37,7.07
1079172,atl,63.750,-32.500,975.76,975.28,20.80,5.71,64.36,65.36,3937.03,252881.93,15.69
1079172,atl,59.750,-44.750,993.96,993.76,4.70,1.27,42.36,46.10,0.00,0.00,6.85
1079172,atl,50.000,-39.250,986.16,985.25,17.79,4.57,58.46,58.46,0.00,73361.16,8.27
1079172,atl,46.750,-74.750,997.86,997.22,12.96,3.02,38.11,39.54,0.00,0.00,8.22
1079172,pac,63.500,232.500,1003.14,1000.98,7.55,2.19,24.01,26.70,0.00,0.00,18.04
1079172,pac,61.750,225.750,997.45,996.81,9.90,2.32,25.19,41.15,0.00,0.00,18.04
1079172,pac,58.000,235.250,1002.68,1000.90,4.42,1.51,24.88,33.76,0.00,0.00,15.82
1079172,pac,55.250,239.750,1003.13,1002.59,7.39,1.73,40.38,40.38,0.00,0.00,15.82
1079172,pac,53.250,191.000,960.08,959.44,25.29,5.43,63.08,67.87,21837.59,425508.91,8.03
1079172,pac,51.750,230.000,1003.07,1002.71,9.96,2.80,49.09,49.09,0.00,0.00,6.77
1079172,pac,42.250,176.750,990.65,990.03,13.39,3.13,50.12,75.39,22809.85,108202.65,10.08
1079178,atl,65.000,-30.250,977.39,976.50,19.84,6.38,60.26,60.26,0.00,111891.69,11.68
1079178,atl,64.500,-6.750,998.26,997.64,5.50,1.74,41.03,44.54,0.00,0.00,6.23
1079178,atl,63.000,5.250,997.27,996.51,8.24,2.47,44.14,45.55,0.00,0.00,8.26
1079178,atl,60.000,-42.500,992.14,991.85,4.53,1.29,40.63,40.63,0.00,0.00,10.57
1079178,atl,51.750,-37.250,982.47,981.49,18.94,5.18,68.20,68.20,9905.86,112330.73,11.34
1079178,atl,47.250,-71.750,998.14,997.30,11.65,2.93,37.40,42.98,0.00,0.00,6.89
1079178,atl,45.500,-63.750,999.68,999.25,9.64,2.04,43.48,49.15,0.00,0.00,8.07
1079178,pac,64.500,229.000,999.52,997.67,10.90,3.15,26.29,28.30,0.00,0.00,16.62
1079178,pac,64.000,232.500,1000.08,998.66,11.11,3.42,28.30,28.30,0.00,0.00,16.62
1079178,pac,54.000,194.250,964.84,964.52,22.33,4.86,66.54,68.38,45750.99,266402.91,7.72
1079178,pac,52.000,172.000,996.18,995.51,7.97,2.58,49.50,49.50,0.00,0.00,5.07
1079178,pac,43.250,181.000,988.83,988.27,12.38,2.75,62.21,65.23,2979.28,99060.73,9.37
1079184,atl,68.000,-40.250,990.72,990.41,4.57,1.32,21.46,51.30,0.00,295.73,13.20
1079184,atl,67.000,-65.250,1003.03,1001.40,4.00,2.16,38.76,38.76,0.00,0.00,13.91
1079184,atl,66.500,-27.000,982.21,981.29,13.53,4.54,56.21,56.21,0.00,15202.77,9.96
1079184,atl,61.000,9.750,1001.38,1000.55,7.25,1.92,47.60,47.60,0.00,0.00,7.84
1079184,atl,60.500,-41.000,985.88,985.52,7.03,1.78,43.52,45.51,0.00,0.00,11.49
1079184,atl,57.250,-35.000,977.66,977.03,17.68,4.14,55.23,63.90,0.00,147945.47,9.58
1079184,atl,47.000,-60.000,995.92,995.55,12.24,2.70,40.03,43.41,0.00,0.00,6.65
1079184,pac,63.000,234.250,1000.83,999.72,9.25,2.87,21.58,26.98,0.00,0.00,15.01
1079184,pac,58.500,207.750,980.81,980.02,10.28,2.33,53.43,57.34,0.00,22579.14,17.05
1079184,pac,55.500,198.750,972.78,972.57,16.70,3.39,58.96,61.18,0.00,139963.66,6.84
1079184,pac,51.750,172.000,997.40,996.60,9.58,3.20,50.17,50.17,0.00,481.06,5.55
1079184,pac,44.250,185.250,988.30,987.61,12.58,2.68,46.39,66.03,7064.17,104771.93,9.57
1079190,atl,61.750,-32.500,967.97,967.41,19.94,4.47,61.43,64.86,3610.84,156712.07,7.99
1079190,atl,47.750,-54.750,989.97,989.10,15.09,3.55,50.32,50.32,0.00,1528.57,5.63
1079190,pac,62.750,234.250,1002.16,1000.91,5.57,1.72,24.29,27.55,0.00,0.00,12.58
1079190,pac,58.000,202.000,979.41,979.24,11.48,2.08,40.78,51.70,0.00,20187.72,14.09
1079190,pac,51.750,171.250,998.39,997.50,10.64,3.51,48.45,48.45,0.00,0.00,6.42
1079190,pac,45.250,188.000,987.56,986.88,13.29,3.05,48.63,61.66,0.00,72655.16,7.55
1079196,atl,65.500,-29.500,961.33,961.06,22.32,4.95,69.12,79.22,14086.86,197436.09,16.89
1079196,atl,49.000,-51.500,983.55,982.52,17.77,4.70,45.82,50.58,0.00,1001.18,6.44
1079196,pac,65.750,240.000,1003.99,1003.84,4.27,1.08,19.20,28.76,0.00,0.00,10.52
1079196,pac,59.000,203.000,985.77,985.36,7.43,1.63,32.45,41.57,0.00,0.00,10.43
1079196,pac,58.250,208.500,985.67,985.48,9.13,2.07,42.16,42.16,0.00,0.00,10.43
1079196,pac,51.500,170.000,999.15,998.12,13.22,4.69,56.81,56.81,0.00,9760.10,8.55
1079196,pac,48.750,199.750,991.69,990.93,7.55,2.01,47.01,51.07,0.00,3285.72,4.60
1079196,pac,45.750,190.750,990.57,990.10,13.19,3.21,54.39,57.45,0.00,121248.99,7.68
1079202,atl,67.250,-29.000,963.04,961.30,19.49,5.46,61.58,66.83,1426.78,159020.46,22.44
1079202,atl,50.500,-48.500,977.76,977.23,18.19,4.61,47.83,56.57,0.00,15720.06,6.59
1079202,pac,65.250,219.750,998.25,996.51,4.16,1.62,25.91,28.76,0.00,0.00,13.27
1079202,pac,63.500,197.750,992.09,991.85,7.94,1.84,39.67,42.05,0.00,0.00,7.76
1079202,pac,63.000,234.000,998.76,997.99,5.50,1.79,26.47,34.06,0.00,0.00,13.27
1079202,pac,60.000,203.500,988.66,988.14,5.79,1.41,29.98,29.98,0.00,0.00,10.68
1079202,pac,59.000,210.750,988.81,988.55,6.95,1.87,32.64,33.21,0.00,0.00,10.68
1079202,pac,51.750,204.500,990.19,989.60,7.83,2.05,47.40,47.40,0.00,0.00,4.58
1079202,pac,50.750,170.250,1001.99,1000.78,12.02,4.30,56.04,56.04,0.00,13910.71,7.62
1079202,pac,46.750,194.750,993.56,993.22,11.58,2.79,59.48,60.36,0.00,133135.83,6.84
1079202,pac,38.000,160.000,990.82,990.26,22.17,5.46,78.64,78.64,46281.50,376886.39,12.13
1079208,atl,68.250,-36.000,977.33,976.39,11.03,2.92,43.97,57.39,0.00,9967.03,18.64
1079208,atl,68.000,-25.500,978.05,976.60,6.48,2.10,62.12,70.21,11129.71,116998.67,12.80
1079208,atl,67.250,-65.500,997.48,995.45,4.15,2.17,30.32,30.32,0.00,0.00,15.01
1079208,atl,65.500,-38.500,977.83,977.08,12.97,3.85,57.39,57.39,0.00,75824.19,18.64
1079208,atl,59.500,-78.500,998.40,998.26,8.78,1.81,29.79,31.61,0.00,0.00,4.03
1079208,atl,53.000,-45.250,972.90,972.28,19.18,4.28,53.90,58.15,0.00,50788.23,8.67
1079208,pac,64.250,199.250,994.52,994.29,6.25,1.12,32.20,38.56,0.00,0.00,18.45
1079208,pac,62.750,234.000,1000.32,999.41,4.37,1.54,34.84,34.84,0.00,0.00,14.69
1079208,pac,61.750,219.250,994.93,992.10,5.26,1.61,30.18,30.18,0.00,0.00,13.07
1079208,pac,60.500,236.250,1000.53,999.90,5.23,1.53,35.92,35.92,0.00,0.00,10.52
1079208,pac,54.000,208.750,987.67,987.04,9.09,2.31,44.13,44.13,0.00,0.00,5.14
1079208,pac,39.000,165.500,987.15,985.98,24.76,6.37,71.72,71.72,46252.83,398239.25,12.22
1079214,atl,67.500,-37.250,982.99,982.16,10.53,3.26,46.75,49.76,0.00,0.00,18.32
1079214,atl,58.750,-75.000,998.42,998.27,7.81,1.53,26.12,28.87,0.00,0.00,3.94
1079214,atl,53.000,-44.000,967.33,967.03,18.36,3.89,58.35,58.35,0.00,110729.39,8.69
1079214,pac,64.250,199.250,995.67,995.41,5.21,0.95,30.66,35.28,0.00,0.00,19.34
1079214,pac,62.750,234.000,1000.68,999.46,4.39,1.80,25.00,26.96,0.00,0.00,16.05
1079214,pac,55.500,212.250,984.85,984.26,10.79,2.67,42.61,43.51,0.00,0.00,5.68
1079214,pac,40.250,169.250,981.30,980.40,27.56,7.02,87.47,87.47,93343.31,466338.51,14.36
1079220,atl,67.000,-65.500,998.33,996.04,4.29,2.26,23.74,23.74,0.00,0.00,13.50
1079220,atl,58.000,-69.000,999.12,999.06,6.55,1.43,28.88,29.30,0.00,0.00,3.66
1079220,atl,53.250,-40.500,965.82,965.56,15.98,3.53,59.26,59.26,0.00,196296.25,7.75
1079220,pac,59.000,216.000,981.75,981.40,12.09,2.77,37.32,40.80,0.00,0.00,11.41
1079220,pac,41.250,172.500,976.09,975.34,30.50,7.76,80.57,80.57,118980.03,522842.46,14.81
1079226,atl,58.500,-40.250,964.43,964.05,15.25,3.54,65.64,65.64,4290.99,146184.74,9.95
1079226,atl,35.250,-77.000,1003.60,1003.11,8.55,2.00,44.96,48.43,0.00,0.00,5.18
1079226,pac,58.000,219.000,981.79,981.56,11.97,2.81,40.44,44.72,0.00,0.00,8.26
1079226,pac,53.750,167.500,1003.87,1003.22,10.86,3.38,44.05,44.05,0.00,0.00,9.10
1079226,pac,44.000,175.500,970.21,969.81,33.54,8.06,77.71,77.71,108975.05,616308.00,14.18
1079232,atl,60.500,-38.500,965.67,965.28,14.49,3.80,64.04,64.04,371.69,128654.99,9.38
1079232,atl,36.750,-74.250,1000.14,999.97,9.82,2.13,47.04,49.19,0.00,0.00,4.65
1079232,pac,60.500,213.250,987.84,987.53,12.99,2.58,56.23,61.09,0.00,59125.43,24.95
1079232,pac,58.750,233.000,987.38,986.71,7.66,1.79,33.57,44.79,0.00,0.00,14.23
1079232,pac,58.500,221.000,984.34,983.98,11.01,2.81,49.60,53.81,0.00,23739.56,8.95
1079232,pac,58.000,238.000,986.06,984.99,11.73,3.01,42.65,44.25,0.00,0.00,14.23
1079232,pac,55.250,165.500,1003.26,1002.40,12.24,3.72,44.81,44.81,0.00,0.00,8.96
1079232,pac,46.250,177.750,967.87,967.17,34.46,7.98,73.98,73.98,144985.15,582348.58,13.68
1079238,atl,60.000,-39.000,964.92,964.33,15.05,3.80,56.67,56.67,0.00,65808.16,11.53
1079238,atl,38.250,-72.750,993.96,993.47,12.84,3.17,47.74,54.54,0.00,6886.82,5.96
1079238,pac,60.500,213.500,989.72,989.36,15.93,3.88,59.63,62.07,0.00,95958.27,25.00
1079238,pac,58.750,223.500,989.03,988.69,9.00,2.28,52.22,56.85,0.00,52604.39,9.82
1079238,pac,56.250,163.250,1003.13,1002.09,12.61,3.93,44.51,44.51,0.00,0.00,10.40
1079238,pac,47.750,178.750,966.02,965.45,34.50,8.05,70.62,71.22,158756.03,556782.50,13.07
1079244,atl,59.750,-37.250,966.34,965.79,15.56,3.84,48.50,54.30,0.00,11785.76,9.24
1079244,atl,39.250,-69.500,991.54,990.87,12.81,2.85,49.97,55.05,0.00,27183.51,7.61
1079244,pac,60.750,218.000,994.99,994.15,11.66,2.64,47.29,57.84,0.00,24556.98,16.18
1079244,pac,60.750,229.250,992.35,991.89,12.53,2.49,29.65,46.21,0.00,0.00,16.56
1079244,pac,60.500,213.500,994.03,993.61,17.21,4.39,59.17,59.65,0.00,68410.22,27.03
1079244,pac,48.750,180.750,967.50,967.14,32.29,7.28,71.01,71.01,163196.20,509607.40,11.39
1079250,atl,63.500,-35.250,967.14,967.02,13.67,2.17,43.90,55.12,0.00,25509.25,10.78
1079250,atl,40.500,-66.500,987.32,986.86,13.42,2.98,52.24,60.75,0.00,66233.40,6.27
1079250,pac,60.500,218.500,1002.57,1001.64,8.60,2.16,38.69,51.49,0.00,3264.57,16.49
1079250,pac,60.500,229.750,996.79,996.30,12.99,3.27,26.06,36.77,0.00,0.00,19.85
1079250,pac,59.750,214.500,1001.60,1001.19,13.44,3.29,52.79,52.79,0.00,11368.53,27.03
1079250,pac,59.000,224.000,1001.52,1000.49,6.13,1.49,36.77,40.99,0.00,0.00,14.23
1079250,pac,58.750,233.000,997.40,996.23,8.81,2.69,23.28,26.27,0.00,0.00,19.85
1079250,pac,49.750,183.500,969.51,969.00,29.20,6.26,71.85,75.39,130624.65,401034.41,9.83
1079256,atl,64.500,-35.500,970.92,970.62,14.37,2.72,49.75,54.97,0.00,32597.77,11.95
1079256,atl,62.000,-42.250,974.49,974.32,13.63,3.32,55.63,55.63,0.00,40448.46,15.14
1079256,atl,51.250,-76.750,999.08,999.00,4.86,1.09,20.97,21.27,0.00,0.00,4.46
1079256,atl,42.250,-62.250,983.63,983.04,16.37,3.58,53.01,60.15,0.00,82333.57,6.87
1079256,pac,60.500,230.250,1003.18,1002.71,11.65,3.52,23.05,28.20,0.00,0.00,19.54
1079256,pac,55.750,236.750,1000.85,1000.40,7.61,2.49,21.83,24.49,0.00,0.00,19.54
1079256,pac,50.750,185.750,974.39,973.88,26.04,5.43,63.87,69.51,35710.31,337019.00,8.71
1079262,atl,65.000,-36.000,973.81,973.18,14.03,2.70,38.47,52.50,0.00,7428.75,12.69
1079262,atl,61.000,-41.250,975.05,974.77,16.83,4.28,63.94,63.94,0.00,84017.75,17.67
1079262,atl,43.750,-59.500,979.45,978.57,18.87,4.56,51.62,54.63,0.00,56847.05,8.01
1079262,pac,51.000,189.250,979.94,979.50,22.30,4.65,54.96,61.24,0.00,286137.75,7.52
1079268,atl,65.000,-37.000,977.07,976.37,13.58,2.80,39.86,50.44,0.00,377.59,17.10
1079268,atl,61.250,-39.000,976.63,976.31,16.99,3.93,62.99,62.99,0.00,131257.35,17.10
1079268,atl,44.500,-57.250,980.35,979.49,19.37,4.94,55.97,55.97,0.00,31775.53,8.55
1079268,pac,56.750,201.500,993.16,992.57,11.00,2.81,43.12,43.12,0.00,0.00,10.17
1079268,pac,51.500,193.500,986.78,986.61,17.99,3.68,51.28,55.62,0.00,100875.32,6.34
1079268,pac,46.500,160.750,950.48,948.59,40.12,11.21,79.38,79.38,104906.10,558374.22,14.70
1079274,atl,68.250,-11.000,993.43,993.31,5.31,1.32,39.69,39.69,0.00,0.00,5.17
1079274,atl,65.000,-38.500,978.67,978.42,13.53,3.13,41.40,51.36,0.00,2239.02,17.14
1079274,atl,63.750,-78.000,993.28,993.14,9.76,2.03,30.07,33.67,0.00,0.00,5.57
1079274,atl,62.000,-36.500,977.75,977.45,15.43,2.94,54.50,60.17,0.00,113618.55,17.14
1079274,atl,45.250,-54.750,983.02,982.22,17.14,4.61,51.23,51.23,0.00,9539.67,7.87
1079274,pac,57.500,203.500,994.14,993.66,10.63,2.56,46.48,46.48,0.00,0.00,11.80
1079274,pac,51.250,197.750,993.10,992.90,14.52,3.00,51.04,55.90,0.00,79870.10,5.79
1079274,pac,48.000,160.750,940.44,938.16,46.08,13.25,81.78,81.78,182621.66,496493.31,18.25
1079280,atl,64.750,-74.750,993.82,993.64,8.72,1.91,27.24,31.41,0.00,0.00,8.99
1079280,atl,62.500,-34.750,980.25,980.03,13.64,2.60,45.58,55.91,0.00,9090.34,19.57
1079280,atl,56.250,-77.250,996.30,995.91,7.92,2.11,34.14,34.14,0.00,0.00,3.89
1079280,atl,46.500,-52.250,987.84,987.32,15.60,3.96,43.85,43.85,0.00,0.00,6.63
1079280,pac,58.250,206.250,997.98,997.47,8.18,1.77,37.16,46.78,0.00,0.00,12.26
1079280,pac,50.750,202.250,999.47,999.27,11.34,2.49,47.23,51.71,0.00,26232.38,4.67
1079280,pac,49.000,162.000,940.94,938.87,43.28,11.66,71.89,74.55,174370.71,533179.03,13.25
1079286,atl,65.750,-72.500,992.84,992.71,8.54,1.80,28.68,30.90,0.00,0.00,11.23
1079286,atl,63.250,-31.750,981.09,980.85,11.26,2.57,41.41,44.68,0.00,0.00,13.91
1079286,atl,59.250,-20.000,992.93,992.38,6.53,2.55,46.70,46.70,0.00,0.00,4.47
1079286,atl,47.000,-51.750,987.50,986.63,17.12,4.87,52.46,52.46,0.00,9706.13,7.91
1079286,atl,41.500,-47.000,996.10,994.32,7.61,2.37,61.61,61.61,0.00,67354.62,6.61
1079286,pac,58.750,207.500,998.71,998.22,7.94,1.88,39.79,43.73,0.00,0.00,10.05
1079286,pac,57.000,219.750,1000.26,999.89,9.22,2.31,50.87,50.87,0.00,844.58,12.87
1079286,pac,50.000,163.000,942.10,940.33,40.18,10.32,68.84,73.41,89413.99,511456.00,13.14
1079292,atl,66.750,-65.750,992.73,991.24,7.55,1.69,23.51,35.19,0.00,0.00,11.99
1079292,atl,66.500,-71.000,993.64,993.48,7.01,1.71,24.34,29.71,0.00,0.00,11.99
1079292,atl,64.250,-28.750,982.51,982.00,10.37,2.88,39.07,42.33,0.00,0.00,4.47
1079292,atl,63.500,-63.750,992.26,992.18,6.61,1.16,29.40,35.84,0.00,0.00,11.99
1079292,atl,62.500,-58.000,993.09,992.95,6.11,1.42,35.84,35.84,0.00,0.00,6.62
1079292,atl,61.500,-18.000,989.50,988.91,7.59,2.95,50.17,50.17,0.00,766.92,7.05
1079292,atl,46.000,-51.000,991.54,990.77,14.53,4.23,54.66,54.66,0.00,5769.97,7.79
1079292,atl,44.500,-43.750,995.31,994.55,7.25,1.80,55.10,56.35,0.00,61059.54,5.12
1079292,pac,58.500,219.250,997.08,996.42,9.94,2.36,47.02,47.02,0.00,0.00,16.45
1079292,pac,50.750,164.750,946.09,944.48,35.95,9.15,65.98,69.04,60132.76,429514.62,10.66
1079298,atl,66.000,-58.500,988.50,988.11,10.05,2.74,42.60,42.60,0.00,0.00,10.37
1079298,atl,65.500,-26.500,982.60,982.03,10.86,3.27,34.55,38.72,0.00,0.00,7.50
1079298,atl,64.000,1.250,994.72,994.39,7.41,2.48,52.93,52.93,0.00,5700.15,7.31
1079298,atl,63.000,-15.500,987.76,987.24,8.06,2.79,52.10,52.10,0.00,12634.33,5.94
1079298,atl,45.250,-43.000,993.25,993.06,8.44,2.00,47.31,54.34,0.00,10354.88,5.13
1079298,atl,44.500,-49.250,993.40,992.55,12.76,3.85,55.52,55.52,0.00,43752.18,6.84
1079298,pac,59.500,219.500,996.89,996.49,9.12,2.16,30.05,37.71,0.00,0.00,12.75
1079298,pac,51.500,166.750,949.31,948.09,31.76,7.83,62.71,66.25,900.24,357877.63,10.07
1079304,atl,67.000,-57.750,987.15,986.48,11.94,2.88,45.28,48.00,0.00,0.00,9.36
1079304,atl,66.250,5.000,989.23,988.35,10.01,3.45,51.14,51.14,0.00,2319.65,9.00
1079304,atl,66.000,-25.500,984.92,984.41,11.10,3.38,44.20,44.20,0.00,0.00,10.98
1079304,atl,64.250,-13.500,987.70,986.74,8.54,2.74,47.61,47.61,0.00,0.00,6.11
1079304,atl,52.500,-75.500,991.07,990.86,13.53,3.27,44.39,44.78,0.00,0.00,7.79
1079304,atl,50.500,-36.250,997.48,997.20,7.39,1.63,44.08,47.06,0.00,0.00,4.17
1079304,atl,47.750,-41.750,992.22,991.35,12.54,3.21,44.66,45.01,0.00,0.00,5.45
1079304,pac,60.750,224.250,1000.78,1000.27,7.66,1.32,27.77,27.77,0.00,0.00,17.78
1079304,pac,60.000,216.000,999.16,998.88,7.60,1.56,30.72,39.91,0.00,0.00,11.23
1079304,pac,52.750,168.500,954.26,953.22,28.19,6.68,58.06,63.69,0.00,265125.39,9.60
1079304,pac,43.000,181.750,999.61,998.72,8.01,2.23,69.75,69.75,6296.61,131320.53,5.93
1079310,atl,68.750,-59.250,986.50,985.98,12.14,2.96,35.59,38.30,0.00,0.00,11.67
1079310,atl,67.500,9.500,986.58,985.91,10.43,3.96,49.49,49.49,0.00,0.00,8.61
1079310,atl,66.250,-24.250,987.58,987.08,9.70,3.23,49.47,49.47,0.00,0.00,12.00
1079310,atl,65.500,-12.250,984.97,984.34,11.56,3.40,40.24,44.50,0.00,0.00,5.86
1079310,atl,61.500,-40.750,994.88,994.65,4.09,1.49,35.76,35.76,0.00,0.00,8.81
1079310,atl,54.000,-71.000,989.44,989.11,14.17,3.47,30.08,33.31,0.00,0.00,7.55
1079310,atl,54.000,-26.000,999.59,999.05,6.97,2.02,46.42,46.42,0.00,0.00,3.96
1079310,atl,49.000,-41.500,993.81,992.53,12.28,3.73,50.11,50.11,0.00,514.57,7.16
1079310,pac,62.000,228.250,1002.53,1001.88,9.81,1.77,24.74,25.61,0.00,0.00,15.55
1079310,pac,59.500,217.250,1002.98,1002.77,4.80,1.15,29.18,30.69,0.00,0.00,9.40
1079310,pac,53.750,169.500,956.40,955.53,26.62,5.99,53.06,65.89,1803.22,156737.90,9.30
1079310,pac,47.000,186.000,995.20,994.78,8.27,2.23,60.20,60.33,0.00,106718.46,5.10
1079316,atl,66.500,-21.500,991.08,990.81,7.59,2.82,46.26,46.26,0.00,0.00,11.11
1079316,atl,66.250,-10.500,984.12,983.61,14.14,4.09,34.80,41.22,0.00,0.00,6.04
1079316,atl,62.000,-39.250,996.29,996.01,5.36,1.60,28.84,28.84,0.00,0.00,7.31
1079316,atl,54.250,-67.250,990.33,989.78,13.47,3.13,35.87,35.87,0.00,0.00,8.41
1079316,atl,54.000,-28.000,999.26,998.86,7.60,2.01,40.62,41.19,0.00,0.00,3.87
1079316,atl,48.500,-40.750,1000.20,999.55,10.15,3.09,41.65,41.65,0.00,0.00,5.15
1079316,pac,61.750,229.000,1004.38,1003.82,8.74,1.86,21.37,22.13,0.00,0.00,16.78
1079316,pac,57.250,237.500,1003.87,1002.06,8.58,2.07,35.16,35.16,0.00,0.00,14.43
1079316,pac,54.250,170.250,959.25,958.53,24.83,5.62,52.95,60.04,0.00,158897.34,8.04
1079316,pac,50.000,189.000,990.65,990.19,8.77,2.14,48.32,54.78,0.00,5897.57,4.42
1079322,atl,66.750,-8.000,984.48,983.98,12.85,3.66,37.60,37.60,0.00,0.00,5.80
1079322,atl,66.500,-20.250,993.18,992.66,5.34,2.14,39.28,39.28,0.00,0.00,9.87
1079322,atl,62.500,-37.000,997.97,997.67,5.58,1.43,27.75,32.80,0.00,0.00,7.97
1079322,atl,57.000,-18.750,993.82,992.97,10.58,3.01,45.81,45.81,0.00,0.00,5.55
1079322,atl,54.750,-64.500,989.15,988.83,13.61,3.73,41.00,41.00,0.00,0.00,9.52
1079322,atl,47.750,-40.250,1000.63,1000.07,10.62,3.07,41.11,41.11,0.00,0.00,5.59
1079322,pac,54.750,171.500,960.51,959.80,23.62,5.15,55.89,61.75,0.00,150139.55,7.47
1079328,atl,67.000,-4.750,984.24,983.84,11.33,3.00,38.51,38.51,0.00,0.00,4.84
1079328,atl,58.250,-11.750,986.98,985.44,15.83,4.92,55.90,55.90,0.00,60910.89,11.52
1079328,atl,57.500,-59.500,988.72,988.35,14.73,3.57,49.04,49.04,0.00,0.00,9.86
1079328,atl,48.500,-36.500,1003.90,1003.72,9.04,1.73,43.38,43.43,0.00,0.00,4.77
1079328,pac,58.500,183.000,978.41,978.03,10.45,2.30,46.18,53.07,0.00,21998.37,7.31
1079328,pac,55.750,189.500,978.99,978.74,11.41,2.64,47.28,51.76,0.00,10370.78,6.93
1079328,pac,55.000,172.500,963.96,963.29,21.41,4.64,52.39,58.95,0.00,69034.00,6.63
1079328,pac,42.000,179.000,1001.80,1001.10,4.54,1.74,38.63,38.63,0.00,0.00,4.23
1079334,atl,67.500,-1.000,983.65,983.46,10.32,2.34,39.36,39.36,0.00,0.00,5.46
1079334,atl,64.750,-31.500,1001.35,1000.69,4.72,1.62,28.76,36.85,0.00,0.00,11.61
1079334,atl,59.250,-3.250,981.56,980.69,17.90,5.22,59.45,59.45,0.00,50211.63,13.41
1079334,atl,57.750,-58.500,983.24,983.14,18.07,4.35,58.70,58.70,0.00,21788.43,10.65
1079334,atl,51.000,-33.500,1001.31,1000.22,9.70,2.57,38.52,40.23,0.00,0.00,5.22
1079334,pac,59.500,181.250,977.21,976.54,12.80,3.13,57.09,57.09,0.00,92676.24,9.36
1079334,pac,58.000,192.000,974.86,974.09,17.67,4.66,55.13,55.13,0.00,68905.22,7.71
1079334,pac,55.250,173.500,966.83,966.25,19.67,4.40,47.80,56.14,0.00,30631.45,6.80
1079334,pac,44.250,182.500,996.73,995.72,6.78,2.45,46.66,46.66,0.00,0.00,6.71
1079340,atl,66.500,-77.250,1004.20,1004.05,4.58,1.38,17.47,19.47,0.00,0.00,10.82
1079340,atl,65.250,-28.750,1001.84,1000.92,5.29,1.88,32.21,35.14,0.00,0.00,14.48
1079340,atl,60.000,5.000,980.00,978.95,16.95,4.27,65.59,66.69,7493.51,149613.76,10.04
1079340,atl,58.500,-57.750,977.88,977.73,21.69,5.05,71.46,71.46,21823.01,89909.43,16.63
1079340,atl,53.500,-26.500,1003.57,1003.00,9.16,2.27,40.31,40.31,0.00,0.00,3.72
1079340,atl,43.750,-74.500,998.41,996.95,13.16,3.16,38.25,38.25,0.00,0.00,10.17
1079340,pac,59.750,194.250,979.38,978.46,17.99,4.74,52.91,52.91,0.00,15605.84,11.16
1079340,pac,58.000,208.000,994.83,994.22,8.61,2.52,54.14,54.14,0.00,415.21,13.42
1079340,pac,55.750,174.000,969.52,969.02,19.06,4.70,49.49,52.50,0.00,13668.99,6.58
1079340,pac,46.500,185.500,993.48,992.73,8.37,2.43,54.29,54.29,0.00,11930.09,8.21
1079346,atl,66.750,-77.500,1003.12,1002.92,4.42,1.28,15.97,21.64,0.00,0.00,9.50
1079346,atl,65.500,-25.250,1002.83,1002.04,4.58,1.83,33.43,33.43,0.00,0.00,19.19
1079346,atl,59.000,-57.250,972.67,972.39,23.50,5.70,73.86,73.86,42468.73,161838.73,19.03
1079346,atl,55.250,-21.250,1002.74,1001.91,9.43,2.73,42.67,42.67,0.00,0.00,5.40
1079346,atl,43.250,-70.750,996.15,995.89,12.12,2.78,35.21,41.35,0.00,0.00,7.89
1079346,pac,64.250,212.750,1002.17,999.78,5.02,2.08,25.55,46.17,0.00,0.00,14.09
1079346,pac,61.250,196.000,984.29,983.38,17.11,4.66,48.18,48.18,0.00,0.00,10.83
1079346,pac,58.500,214.500,995.31,994.79,12.55,3.75,54.73,54.73,0.00,24394.36,10.95
1079346,pac,55.750,174.500,971.19,970.73,18.07,4.55,46.43,56.15,0.00,10897.43,9.46
1079346,pac,48.750,188.500,989.34,988.82,10.25,2.83,57.66,57.66,0.00,18838.96,7.07
1079352,atl,68.500,7.500,984.62,984.54,12.64,2.79,57.15,57.15,0.00,26948.69,9.04
1079352,atl,67.000,-78.250,1001.86,1001.68,4.76,1.34,19.88,19.88,0.00,0.00,9.88
1079352,atl,59.500,-56.000,971.12,970.84,23.88,5.65,73.77,73.77,52794.73,220873.98,20.12
1079352,atl,45.750,-59.000,997.23,996.47,9.52,2.37,40.89,40.89,0.00,0.00,4.60
1079352,atl,43.750,-65.250,997.62,997.12,10.14,2.20,42.14,47.68,0.00,0.00,9.36
1079352,pac,62.750,197.000,992.11,991.73,12.36,3.13,38.57,47.89,0.00,0.00,9.32
1079352,pac,58.500,219.500,999.52,999.04,11.01,2.77,49.56,49.56,0.00,0.00,9.07
1079352,pac,56.000,175.000,973.14,972.54,18.14,4.50,49.26,61.32,0.00,26933.38,9.50
1079352,pac,51.750,192.250,987.96,987.59,11.72,2.78,54.97,54.97,0.00,21096.17,6.17
1079358,atl,68.250,10.000,984.59,984.46,12.71,2.96,57.76,57.76,0.00,51647.67,9.57
1079358,atl,67.250,-78.500,1000.24,1000.06,4.33,1.24,20.56,20.56,0.00,0.00,11.23
1079358,atl,60.500,-41.750,983.97,983.24,9.56,2.84,56.09,56.09,0.00,45057.49,13.09
1079358,atl,59.250,-53.000,971.32,971.12,21.46,5.16,65.19,65.22,13546.64,243304.56,10.89
1079358,atl,48.000,-50.500,996.74,996.46,8.39,2.03,43.75,46.92,0.00,0.00,4.52
1079358,atl,46.250,-56.250,996.02,995.72,8.73,1.90,40.86,45.61,0.00,0.00,6.20
1079358,atl,43.750,-60.500,995.95,995.63,10.13,2.18,48.02,54.00,0.00,12940.29,6.20
1079358,pac,56.500,175.500,975.37,974.82,17.74,4.12,50.89,59.68,0.00,39298.07,9.57
1079358,pac,54.250,194.250,986.08,985.72,13.13,3.38,60.17,60.17,0.00,72684.30,7.48
1079364,atl,67.000,-78.750,998.92,998.84,4.33,1.37,20.87,20.87,0.00,0.00,14.03
1079364,atl,61.500,-41.250,983.61,982.52,9.92,3.18,55.12,61.33,0.00,37309.26,13.47
1079364,atl,59.750,-51.000,975.68,975.17,17.37,4.36,56.27,57.79,0.00,130902.67,12.24
1079364,atl,55.250,-78.750,998.72,998.52,10.31,2.47,35.33,35.33,0.00,0.00,4.73
1079364,atl,51.750,-42.500,994.98,994.50,8.79,2.34,52.17,53.19,0.00,9933.35,5.57
1079364,atl,45.500,-55.250,993.52,993.10,13.09,3.09,49.67,58.45,0.00,20628.17,5.66
1079364,pac,57.250,175.000,978.69,978.09,17.74,4.07,54.50,57.25,0.00,31569.91,8.53
1079364,pac,56.750,196.750,985.47,984.85,15.31,4.05,55.67,56.88,0.00,68292.33,6.30
1079370,atl,62.250,-40.500,983.21,982.63,8.46,2.77,70.61,71.37,19634.61,59586.05,14.20
1079370,atl,60.500,-49.750,978.14,977.39,13.56,3.65,53.76,58.90,0.00,43901.97,9.69
1079370,atl,55.750,-74.500,1000.47,1000.38,7.96,1.57,30.20,35.00,0.00,0.00,4.66
1079370,atl,55.250,-36.750,989.27,988.76,9.65,2.72,48.40,48.58,0.00,0.00,5.34
1079370,atl,47.250,-48.750,993.77,993.21,11.09,2.75,55.43,55.43,0.00,6422.21,5.96
1079370,pac,58.000,198.750,990.04,989.28,12.76,3.57,50.60,51.02,0.00,7388.00,5.84
1079370,pac,57.250,173.250,980.56,979.97,17.60,4.49,52.68,53.19,0.00,17468.64,7.93
1079376,atl,64.250,-54.250,980.63,980.18,11.60,3.19,44.90,57.56,0.00,3956.27,13.85
1079376,atl,62.500,-39.750,982.86,982.46,7.12,2.52,65.59,66.86,6051.83,39589.98,11.66
1079376,atl,61.250,-48.250,983.58,982.92,7.78,2.25,45.90,46.20,0.00,0.00,10.20
1079376,atl,58.500,-31.250,982.75,982.01,12.90,3.62,48.33,52.34,0.00,17423.95,6.14
1079376,atl,57.000,-68.500,1003.50,1003.38,4.10,0.99,23.38,29.81,0.00,0.00,3.40
1079376,pac,64.250,213.250,1000.41,999.18,4.87,1.74,20.95,28.67,0.00,0.00,10.11
1079376,pac,61.500,219.250,1000.89,998.68,5.97,1.62,36.49,40.48,0.00,0.00,8.93
1079376,pac,60.000,213.000,997.82,996.63,7.89,2.29,46.64,46.79,0.00,0.00,8.93
1079376,pac,58.750,202.000,997.50,997.14,9.07,2.77,43.08,45.96,0.00,0.00,7.11
1079376,pac,57.000,172.250,982.97,982.33,17.76,4.84,52.85,53.11,0.00,24217.31,7.22
1079376,pac,51.500,163.750,996.89,996.20,5.61,1.66,31.86,35.54,0.00,0.00,5.64
1079382,atl,68.000,-51.500,980.90,980.67,10.92,2.74,39.89,41.02,0.00,0.00,11.39
1079382,atl,62.750,-37.750,982.46,982.19,6.89,1.94,56.43,58.99,0.00,25232.76,9.33
1079382,atl,61.250,-26.750,973.60,972.69,17.42,4.84,46.59,53.07,0.00,38800.48,7.17
1079382,pac,65.750,219.500,1003.94,1003.46,4.82,1.58,16.24,25.90,0.00,0.00,15.81
1079382,pac,61.000,221.500,1001.69,1000.56,5.61,1.49,39.18,39.81,0.00,0.00,12.27
1079382,pac,60.750,224.750,1001.79,1001.44,6.01,1.91,39.59,39.59,0.00,0.00,12.27
1079382,pac,60.000,215.000,1001.26,1000.55,6.63,1.71,39.45,42.74,0.00,0.00,12.27
1079382,pac,57.250,237.000,1004.68,1003.34,8.69,2.44,29.36,35.61,0.00,0.00,11.86
1079382,pac,56.750,172.000,984.84,984.25,17.17,4.71,52.88,53.00,0.00,19906.07,8.02
1079382,pac,52.000,162.750,997.25,996.56,5.85,1.91,33.20,33.20,0.00,0.00,5.88
1079388,atl,67.250,-50.250,987.66,987.29,5.84,2.30,35.03,35.03,0.00,0.00,9.97
1079388,atl,63.250,-22.750,964.91,963.39,24.28,6.48,56.22,59.00,0.00,112067.94,11.90
1079388,pac,60.500,228.750,1003.66,1002.79,6.97,1.86,34.00,35.29,0.00,0.00,14.11
1079388,pac,59.000,232.500,1003.71,1002.78,7.14,1.84,35.29,35.29,0.00,0.00,14.11
1079388,pac,56.750,237.500,1002.59,1001.88,9.24,2.50,32.72,37.39,0.00,0.00,14.11
1079388,pac,56.500,172.500,987.80,987.28,16.77,4.61,48.98,52.74,0.00,8939.19,7.10
1079388,pac,52.250,161.000,998.53,997.80,7.21,2.52,38.23,38.23,0.00,0.00,7.02
1079394,atl,65.250,-13.500,962.04,961.22,26.99,5.98,74.33,74.33,16395.69,310431.33,11.88
1079394,atl,61.500,-41.000,994.17,993.84,5.19,1.73,44.95,44.95,0.00,0.00,11.21
1079394,pac,56.750,173.250,990.01,989.37,15.48,4.07,41.39,49.72,0.00,0.00,7.67
1079394,pac,46.750,175.500,1003.82,1002.95,5.63,1.95,52.45,53.30,0.00,7282.31,4.64
1079400,atl,65.250,-9.500,962.77,962.42,25.25,5.51,69.25,71.44,70223.93,337687.45,12.25
1079400,atl,62.250,-39.000,995.62,995.25,6.30,2.04,40.54,40.54,0.00,0.00,9.06
1079400,atl,59.500,-47.750,1001.74,1001.54,4.97,1.16,35.32,40.20,0.00,0.00,9.06
1079400,atl,53.250,-77.000,991.77,991.49,14.96,3.37,42.39,42.39,0.00,0.00,6.75
1079400,pac,57.500,175.000,993.90,993.19,14.52,3.82,42.28,44.38,0.00,0.00,6.93
1079400,pac,48.500,175.750,1001.62,1000.35,7.13,2.72,44.69,54.07,0.00,8182.05,8.00
1079400,pac,40.750,160.500,985.36,984.54,14.28,3.27,46.01,59.18,0.00,63309.83,6.64
1079406,atl,65.250,-30.500,996.18,995.79,4.69,1.41,40.82,48.96,0.00,0.00,8.01
1079406,atl,65.000,-4.000,968.20,967.67,21.18,4.39,68.60,70.34,49827.19,258395.61,8.12
1079406,atl,63.000,-37.000,995.68,995.36,7.37,1.89,35.48,35.48,0.00,0.00,8.79
1079406,atl,56.250,-72.000,988.81,988.60,16.53,3.88,37.80,40.35,0.00,0.00,7.09
1079406,pac,59.000,176.500,996.60,995.93,14.26,4.22,44.61,44.61,0.00,0.00,10.69
1079406,pac,49.500,176.000,1000.84,999.94,6.38,2.71,36.67,50.62,0.00,529.49,7.15
1079406,pac,42.250,166.250,980.55,979.67,17.14,3.82,57.01,61.44,0.00,94302.03,7.56
1079412,atl,67.000,-21.750,998.00,997.66,4.22,1.55,39.81,39.81,0.00,0.00,8.04
1079412,atl,64.250,1.500,975.60,975.32,16.67,3.92,61.43,64.39,743.39,153951.25,6.97
1079412,atl,63.250,-37.250,996.87,996.45,8.32,2.12,39.70,39.70,0.00,0.00,7.64
1079412,atl,58.000,-67.750,988.98,988.71,14.72,3.62,34.52,42.58,0.00,0.00,7.22
1079412,atl,54.250,-24.000,1004.48,1004.01,7.59,2.20,35.38,35.38,0.00,0.00,3.60
1079412,pac,60.250,177.000,1000.93,999.73,13.16,4.51,45.15,45.15,0.00,0.00,12.73
1079412,pac,57.250,167.500,1003.37,1002.58,5.34,2.07,35.97,35.97,0.00,0.00,7.90
1079412,pac,54.250,219.500,1001.60,1000.77,14.63,3.74,48.64,49.63,0.00,0.00,6.83
1079412,pac,50.250,175.500,1000.18,999.57,4.05,1.94,36.26,47.62,0.00,0.00,6.24
1079412,pac,43.250,168.500,978.49,977.82,18.21,4.79,53.04,54.19,0.00,67618.12,8.29
1079418,atl,67.750,-22.250,997.26,996.68,6.74,2.31,38.42,38.42,0.00,0.00,11.51
1079418,atl,63.000,-38.000,995.84,995.44,10.63,2.90,40.51,45.06,0.00,0.00,11.84
1079418,atl,60.500,-65.500,989.95,989.66,12.63,3.13,41.36,46.36,0.00,0.00,6.79
1079418,atl,56.250,-20.750,1000.01,999.47,8.90,2.60,34.31,34.31,0.00,0.00,4.64
1079418,atl,53.000,-65.250,993.52,993.22,8.96,2.32,27.40,39.37,0.00,0.00,9.99
1079418,pac,61.250,177.250,1004.54,1003.25,11.03,3.97,40.83,40.83,0.00,0.00,12.31
1079418,pac,57.250,166.000,1002.06,1001.24,6.25,2.34,39.31,39.31,0.00,0.00,7.22
1079418,pac,54.500,225.500,992.70,992.07,21.21,5.25,63.63,63.63,0.00,110988.11,9.95
1079418,pac,44.750,171.750,978.32,977.82,17.22,4.84,58.82,58.82,0.00,66142.21,8.40
1079424,atl,69.000,-20.750,997.99,997.68,7.34,2.24,39.73,39.73,0.00,0.00,11.02
1079424,atl,66.000,-27.500,998.76,998.40,4.80,1.05,30.81,39.73,0.00,0.00,11.02
1079424,atl,63.750,-62.500,989.29,988.20,15.34,3.97,53.22,53.22,0.00,13695.43,13.99
1079424,atl,62.750,-36.500,997.73,997.54,9.83,2.78,45.29,45.73,0.00,0.00,12.04
1079424,atl,58.000,-18.000,995.78,994.99,11.33,3.33,41.17,41.17,0.00,0.00,6.29
1079424,atl,54.500,-61.250,993.34,993.10,9.53,2.44,31.58,45.12,0.00,0.00,11.07
1079424,pac,54.000,229.750,993.56,992.95,18.59,3.91,60.67,60.67,0.00,149458.79,13.91
1079424,pac,53.000,235.250,993.69,992.71,15.82,3.31,53.51,58.35,0.00,48582.47,13.91
1079424,pac,48.500,175.750,978.87,978.59,17.22,3.34,49.88,60.07,0.00,72320.91,8.12
1079424,pac,43.500,160.000,985.67,985.48,14.25,3.26,59.97,59.97,0.00,106743.22,6.80
1079430,atl,66.750,-67.000,992.99,991.27,11.59,3.37,45.12,56.17,0.00,1910.49,19.54
1079430,atl,65.000,-62.750,989.70,988.74,13.79,3.55,56.17,57.97,0.00,23506.09,19.54
1079430,atl,60.250,-15.000,989.56,988.78,14.33,4.30,39.15,39.15,0.00,0.00,7.55
1079430,atl,51.250,-58.500,990.65,990.48,10.96,1.82,48.63,54.46,0.00,46169.94,8.27
1079430,atl,41.000,-60.750,999.48,998.61,7.24,2.02,51.54,51.54,0.00,4621.18,5.33
1079430,pac,51.500,177.250,976.52,976.27,18.00,3.55,49.95,60.07,0.00,76628.93,7.46
1079430,pac,50.750,239.750,992.50,992.00,15.80,3.01,56.61,56.61,0.00,8795.02,18.29
1079430,pac,45.000,162.000,983.50,983.18,14.55,3.43,52.88,53.87,0.00,23631.24,7.03
1079430,pac,31.000,192.250,1004.22,1002.29,13.44,4.23,49.18,49.18,0.00,0.00,10.01
1079436,atl,67.750,-59.750,993.32,992.88,10.92,2.52,43.55,46.96,0.00,0.00,13.45
1079436,atl,67.500,-71.250,995.24,994.47,8.63,2.82,40.47,40.47,0.00,0.00,13.11
1079436,atl,62.000,-12.750,985.48,984.57,17.78,5.29,47.09,47.09,0.00,0.00,10.03
1079436,atl,56.500,-54.750,988.61,988.56,12.18,2.40,51.56,55.64,0.00,29970.57,7.26
1079436,atl,43.500,-56.500,998.16,997.14,8.46,2.47,50.59,52.48,0.00,4844.23,5.93
1079436,pac,55.750,176.750,974.28,973.99,18.85,3.48,41.36,57.20,0.00,53244.89,7.61
1079436,pac,52.250,231.750,1001.85,1001.33,14.41,3.50,57.22,58.98,0.00,164705.66,13.95
1079436,pac,45.500,165.000,982.85,982.57,14.06,2.97,53.61,53.61,0.00,19332.30,8.78
1079442,atl,68.750,-70.000,998.61,996.85,4.08,0.47,43.04,43.04,0.00,0.00,11.89
1079442,atl,67.750,-74.250,997.55,997.07,6.03,1.96,26.35,43.04,0.00,0.00,11.89
1079442,atl,63.500,-10.250,982.78,982.01,19.91,5.78,49.99,49.99,0.00,0.00,10.88
1079442,atl,59.250,-52.000,987.55,987.48,12.69,2.33,48.83,53.02,0.00,5803.70,11.10
1079442,atl,50.750,-55.750,996.57,996.14,5.36,1.10,36.77,54.12,0.00,3664.44,5.65
1079442,atl,46.500,-79.500,993.97,993.10,10.73,2.67,38.04,38.41,0.00,0.00,5.32
1079442,atl,40.000,-66.500,997.25,996.84,7.46,2.00,48.20,48.20,0.00,0.00,4.07
1079442,pac,58.000,175.750,973.73,973.50,18.83,3.93,55.90,56.28,0.00,40071.98,12.83
1079442,pac,46.500,166.500,980.91,980.67,14.11,3.04,48.89,58.06,0.00,41597.08,7.45
1079448,atl,68.000,-76.000,998.78,998.48,4.67,1.68,27.66,40.50,0.00,0.00,13.51
1079448,atl,67.500,-51.000,989.32,989.08,11.91,3.64,48.68,48.68,0.00,0.00,16.16
1079448,atl,64.500,-50.250,989.49,989.14,10.78,3.13,42.87,43.32,0.00,0.00,10.88
1079448,atl,64.500,-7.500,982.47,981.69,20.61,5.84,59.80,59.80,0.00,33547.85,9.82
1079448,atl,61.500,-49.750,989.37,989.22,11.30,2.85,43.32,43.32,0.00,0.00,10.88
1079448,atl,47.750,-75.000,1002.35,1002.17,5.58,1.03,25.47,31.41,0.00,0.00,8.14
1079448,atl,46.000,-71.750,1000.65,1000.07,5.78,1.70,27.61,31.41,0.00,0.00,8.14
1079448,atl,45.000,-50.250,1004.62,1004.46,4.66,1.17,49.95,51.91,0.00,4537.15,5.32
1079448,atl,41.000,-62.500,992.66,991.58,12.36,3.49,47.13,51.35,0.00,3091.88,7.99
1079448,pac,60.500,176.750,978.44,978.29,15.78,3.38,48.25,54.52,0.00,19196.37,10.65
1079448,pac,50.000,172.000,980.87,980.41,11.45,2.97,44.89,44.89,0.00,0.00,5.90
1079448,pac,49.250,236.000,997.39,996.78,15.26,3.49,55.42,59.90,0.00,135906.37,14.99
1079448,pac,47.250,168.500,981.04,980.91,12.64,2.67,47.56,53.50,0.00,26851.83,6.63
1079454,atl,66.500,-3.750,982.95,982.74,19.50,4.66,60.22,60.22,0.00,42979.19,8.49
1079454,atl,66.250,-49.250,990.04,989.29,10.81,3.87,38.34,40.82,0.00,0.00,11.31
1079454,atl,61.000,-79.750,1004.43,1004.37,4.70,1.02,14.97,21.78,0.00,0.00,3.71
1079454,atl,41.250,-59.500,988.81,987.27,15.83,4.43,64.56,64.56,581.00,38704.27,13.53
1079454,pac,62.000,177.250,984.73,984.31,10.53,2.36,44.60,48.36,0.00,0.00,7.58
1079454,pac,60.250,170.500,988.03,987.63,6.42,1.54,32.34,43.44,0.00,0.00,7.76
1079454,pac,51.250,171.750,972.63,971.73,16.71,4.57,57.10,57.10,0.00,18197.53,8.63
1079454,pac,47.250,235.750,997.94,997.63,13.82,2.83,56.19,59.09,0.00,199049.34,18.95
1079460,atl,68.500,-47.250,995.74,994.90,7.41,3.22,37.01,37.01,0.00,0.00,13.84
1079460,atl,62.750,-45.250,997.47,997.13,7.43,2.06,41.45,48.49,0.00,0.00,10.31
1079460,atl,62.000,-38.250,993.44,993.20,13.36,3.17,49.15,49.15,0.00,0.00,8.07
1079460,atl,43.250,-54.500,986.69,986.20,16.88,4.16,59.86,67.62,11819.87,104351.87,7.46
1079460,pac,63.750,177.000,989.22,988.96,7.19,1.72,31.92,34.25,0.00,0.00,10.54
1079460,pac,56.000,177.000,973.03,972.40,15.48,4.09,56.79,56.79,0.00,45449.05,6.55
1079460,pac,51.500,172.750,970.97,970.09,18.77,5.23,53.03,53.03,0.00,15852.97,10.77
1079460,pac,46.500,236.000,998.15,997.66,12.58,2.47,52.41,57.74,0.00,122723.54,17.54
1079466,atl,64.500,-32.250,992.93,992.57,13.94,3.59,50.94,50.94,0.00,1947.28,8.13
1079466,atl,62.750,-43.250,1001.58,1000.89,5.99,1.78,40.90,50.30,0.00,976.70,8.79
1079466,atl,45.500,-50.500,985.26,984.76,15.11,2.89,47.00,63.45,0.00,95004.11,8.59
1079466,pac,58.500,176.750,967.64,966.58,18.81,5.54,60.26,60.26,0.00,32564.03,9.09
1079466,pac,53.000,175.500,973.32,972.48,17.13,4.59,55.80,55.80,0.00,31520.95,7.46
1079466,pac,46.000,236.000,999.12,998.72,12.06,2.71,52.16,56.93,0.00,123237.07,12.92
1079472,atl,65.750,-25.250,994.66,994.14,11.84,3.25,41.81,42.08,0.00,0.00,14.47
1079472,atl,61.500,-47.000,1004.64,1003.26,5.03,2.04,35.70,36.30,0.00,0.00,12.94
1079472,atl,50.750,-48.000,984.76,984.41,14.61,3.14,60.42,64.09,524.56,157040.30,5.66
1079472,pac,60.250,177.250,966.57,965.67,19.74,5.56,51.93,51.93,0.00,4691.60,8.64
1079472,pac,55.250,178.500,978.44,978.06,12.99,3.46,57.61,57.61,0.00,67130.94,8.34
1079472,pac,46.250,235.750,998.90,998.62,11.60,2.56,53.22,56.82,0.00,137217.64,11.74
1079478,atl,67.750,-34.750,1003.83,1003.22,4.61,1.84,31.36,39.68,0.00,0.00,17.36
1079478,atl,66.000,-21.000,997.54,997.02,7.11,2.02,38.83,42.82,0.00,0.00,9.63
1079478,atl,66.000,-17.250,997.57,997.12,6.69,1.60,42.64,44.08,0.00,0.00,6.71
1079478,atl,65.000,-10.000,996.01,995.50,8.90,2.57,44.08,44.08,0.00,0.00,6.71
1079478,atl,61.750,-47.750,997.09,996.21,7.54,2.51,42.07,44.08,0.00,0.00,17.66
1079478,atl,53.250,-47.250,979.01,978.66,16.23,3.50,59.70,60.13,0.00,153037.24,6.13
1079478,pac,61.750,179.000,966.19,965.00,21.42,5.74,51.98,51.98,0.00,6568.50,10.22
1079478,pac,46.250,235.500,998.55,998.10,13.36,3.15,51.83,53.03,0.00,49209.88,14.87
1079484,atl,64.500,-1.750,994.41,993.91,9.47,2.74,44.24,46.07,0.00,0.00,5.32
1079484,atl,57.500,-47.000,975.58,975.26,17.32,4.01,65.28,65.28,2359.05,69876.31,26.73
1079484,pac,63.500,182.000,971.79,971.04,18.80,4.91,53.91,53.91,0.00,61789.73,10.91
1079484,pac,46.500,234.750,996.19,995.41,16.16,3.89,51.69,55.32,0.00,70359.70,16.21
1079484,pac,43.750,240.000,1004.09,1003.58,6.53,1.00,35.99,40.89,0.00,0.00,16.21
1079490,atl,64.250,5.000,991.60,990.83,9.89,3.23,49.14,49.14,0.00,0.00,8.73
1079490,atl,58.750,-48.500,969.01,967.88,19.89,4.73,62.03,62.19,0.00,131857.74,27.82
1079490,atl,39.750,-61.500,1004.81,1003.97,9.96,2.63,47.14,47.14,0.00,0.00,5.52
1079490,pac,65.500,187.250,979.03,978.56,12.95,3.60,54.02,54.02,0.00,11801.90,8.27
1079490,pac,46.000,233.500,996.31,995.72,16.30,3.87,49.92,53.44,0.00,41742.75,15.54
1079496,atl,63.750,7.750,993.33,992.41,7.73,2.59,44.68,44.68,0.00,0.00,5.41
1079496,atl,63.000,-49.000,970.74,970.20,16.81,4.45,62.19,66.63,18370.51,183387.94,20.91
1079496,atl,60.500,-49.500,970.26,969.61,16.69,3.83,62.19,62.19,0.00,160802.11,20.91
1079496,atl,58.750,7.250,997.71,997.43,6.99,1.85,39.37,42.75,0.00,0.00,5.04
1079496,atl,39.000,-55.000,1003.43,1002.63,9.77,2.56,56.30,56.30,0.00,5425.86,4.51
1079496,pac,59.750,174.500,1000.38,1000.06,4.97,1.80,39.67,39.67,0.00,0.00,3.35
1079496,pac,44.250,232.250,997.63,996.86,12.98,3.13,51.92,53.71,0.00,72042.40,15.68
1079502,atl,64.500,-50.500,968.91,968.58,16.29,3.94,65.00,65.15,10922.63,206366.51,14.58
1079502,atl,39.000,-49.000,997.50,996.06,12.83,3.76,60.93,60.93,0.00,22495.16,8.08
1079502,atl,31.000,-4.250,1001.44,1001.06,7.82,2.17,27.31,31.31,0.00,0.00,11.41
1079502,pac,61.750,179.250,1001.65,1001.23,4.62,1.61,37.09,37.09,0.00,0.00,4.88
1079502,pac,41.750,232.000,999.95,999.38,11.27,2.56,51.32,53.49,0.00,39495.73,9.03
1079508,atl,67.000,-51.500,968.69,968.21,16.17,3.64,75.42,75.42,95025.03,248181.93,20.13
1079508,atl,63.500,-46.750,965.23,964.26,18.61,5.71,74.46,75.42,84195.74,195124.20,20.13
1079508,atl,39.500,-44.000,990.74,988.66,18.53,5.90,61.06,61.06,0.00,40202.27,11.57
1079508,atl,31.500,-3.000,1000.17,999.53,8.77,2.58,37.17,43.40,0.00,0.00,15.18
1079508,pac,39.000,236.000,1000.92,1000.75,8.91,1.21,40.52,51.43,0.00,2389.43,14.91
1079514,atl,68.500,-49.750,964.34,963.64,18.68,4.12,73.57,74.26,157039.48,301461.16,28.91
1079514,atl,65.000,-46.500,966.97,965.39,15.72,4.74,73.27,73.27,99729.24,218332.36,28.91
1079514,atl,45.000,-2.250,1004.58,1004.21,4.84,1.70,33.38,34.27,0.00,0.00,4.07
1079514,atl,41.500,-59.750,999.13,998.55,11.20,2.44,55.29,55.29,0.00,10750.20,7.11
1079514,atl,40.500,-40.250,981.36,979.46,24.58,7.99,84.02,84.02,14159.08,129819.26,21.88
1079514,atl,33.000,1.250,998.22,997.90,7.67,2.41,33.93,33.93,0.00,0.00,10.39
1079514,pac,51.250,168.000,1003.75,1002.96,13.43,3.84,58.21,58.21,0.00,61128.25,6.21
1079520,atl,60.750,-47.000,984.05,983.79,7.07,1.10,31.93,50.73,0.00,1091.35,9.58
1079520,atl,59.000,-44.000,983.90,983.48,10.33,2.45,46.19,51.23,0.00,8413.84,6.50
1079520,atl,45.000,-2.750,1004.20,1003.85,6.37,2.13,33.22,33.22,0.00,0.00,3.68
1079520,atl,41.000,-36.750,977.71,976.64,26.18,8.57,71.42,71.42,13560.37,135488.84,15.42
1079520,atl,40.500,-54.500,989.97,988.94,16.16,3.88,61.84,65.89,5965.00,182961.74,7.70
1079520,atl,33.000,4.750,997.89,997.28,9.04,2.62,38.36,39.58,0.00,0.00,8.72
1079520,pac,58.000,219.750,1001.11,1000.20,11.26,3.19,47.10,47.10,0.00,0.00,14.92
1079520,pac,53.750,171.750,998.90,997.66,17.50,5.31,51.92,55.48,0.00,48351.45,10.22
1079526,atl,62.250,-49.000,983.20,982.70,10.30,2.46,39.71,43.85,0.00,0.00,6.46
1079526,atl,45.000,-4.500,1003.43,1003.22,6.88,2.10,38.29,38.29,0.00,0.00,3.73
1079526,atl,41.750,-33.500,978.34,977.07,21.08,6.32,62.47,62.47,0.00,79365.59,8.73
1079526,atl,40.750,-49.250,979.09,978.05,20.55,5.08,70.64,73.96,54183.70,347765.54,11.69
1079526,atl,34.250,6.500,996.41,995.48,9.31,2.72,36.92,37.08,0.00,0.00,7.82
1079526,pac,57.500,221.750,996.66,995.55,12.41,3.40,43.34,43.34,0.00,0.00,11.48
1079526,pac,55.500,176.500,997.31,996.97,18.52,5.36,59.49,59.49,0.00,53008.48,9.90
1079532,atl,63.250,-51.250,984.89,984.38,9.50,2.47,42.33,43.77,0.00,0.00,11.46
1079532,atl,44.750,-6.750,1004.88,1004.59,6.00,1.68,38.69,38.69,0.00,0.00,3.22
1079532,atl,44.500,7.500,999.93,998.84,5.08,1.50,29.23,29.96,0.00,0.00,12.34
1079532,atl,42.500,-30.500,984.06,982.97,15.60,4.53,52.56,52.56,0.00,6430.82,6.42
1079532,atl,41.250,-46.500,969.83,968.38,26.36,6.65,85.53,85.53,111721.54,542748.22,13.95
1079532,atl,40.500,5.500,999.54,999.20,4.13,1.27,31.98,39.91,0.00,0.00,5.11
1079532,atl,35.750,9.750,997.91,997.69,6.59,1.49,41.78,42.80,0.00,0.00,5.13
1079532,pac,59.750,218.000,997.07,996.51,9.83,2.89,43.66,43.90,0.00,0.00,9.80
1079532,pac,58.000,182.750,998.64,998.40,16.53,3.67,53.61,61.49,0.00,93858.43,7.68
1079532,pac,56.750,224.250,994.83,993.94,11.37,3.19,39.23,42.62,0.00,0.00,9.73
1079538,atl,60.250,-31.500,1000.88,1000.62,4.68,1.33,44.45,45.72,0.00,0.00,4.15
1079538,atl,44.500,7.500,998.12,997.45,7.33,2.02,29.13,36.17,0.00,0.00,17.29
1079538,atl,44.000,-28.750,986.52,985.83,10.93,3.49,51.42,51.42,0.00,1648.78,5.87
1079538,atl,41.250,-43.250,961.42,960.85,28.30,6.99,92.01,92.01,259415.78,641339.97,15.80
1079538,atl,41.000,6.500,998.28,997.97,5.05,1.31,39.58,39.58,0.00,0.00,7.72
1079538,pac,59.250,218.500,995.67,995.35,10.97,2.91,38.76,48.49,0.00,0.00,10.75
1079538,pac,59.000,190.000,999.81,999.50,14.24,2.98,48.90,57.87,0.00,71796.68,6.18
1079538,pac,56.000,226.500,995.53,994.95,8.58,2.30,42.52,43.65,0.00,0.00,9.13
1079544,atl,67.000,-65.250,991.35,989.46,5.22,2.03,27.86,27.86,0.00,0.00,14.38
1079544,atl,65.000,-30.250,999.37,998.94,6.18,1.97,45.40,45.40,0.00,0.00,7.49
1079544,atl,44.500,7.500,996.21,995.56,10.14,2.70,35.68,37.67,0.00,0.00,18.91
1079544,atl,43.750,-40.500,956.16,955.96,28.43,5.57,84.86,84.86,268563.40,561731.14,13.73
1079544,pac,59.250,195.250,1003.08,1002.67,10.20,2.22,47.22,64.45,440.48,21299.27,5.37
1079544,pac,58.500,220.500,993.88,993.36,10.03,2.47,42.53,46.75,0.00,0.00,12.14
1079544,pac,58.000,198.500,1003.21,1002.89,9.46,2.19,59.43,64.45,440.48,28979.98,5.37
1079544,pac,53.250,234.750,995.89,994.95,5.83,2.22,35.06,38.22,0.00,0.00,13.94
1079550,atl,67.750,-28.000,998.86,998.45,6.06,2.04,46.88,47.36,0.00,0.00,8.80
1079550,atl,67.250,-65.500,993.87,991.93,5.55,2.12,25.38,27.27,0.00,0.00,13.79
1079550,atl,46.000,-39.500,948.46,948.15,30.55,5.97,89.75,89.75,360582.27,546493.05,14.06
1079550,atl,43.500,6.750,993.97,993.12,12.02,3.01,41.49,42.21,0.00,0.00,18.67
1079550,atl,43.500,9.750,994.15,993.84,11.11,1.77,42.21,43.78,0.00,0.00,18.67
1079550,pac,58.250,220.500,991.43,990.84,10.26,2.76,38.56,42.06,0.00,0.00,12.14
1079550,pac,53.250,235.500,994.35,993.60,4.77,1.56,24.89,38.47,0.00,0.00,11.21
1079550,pac,49.500,233.500,995.80,995.48,7.21,1.76,38.99,39.30,0.00,0.00,8.34
1079556,atl,67.250,-65.500,999.06,997.03,5.59,2.13,31.64,31.64,0.00,0.00,15.41
1079556,atl,47.750,-39.250,945.25,944.75,31.55,6.80,83.63,83.63,348541.08,568609.66,12.96
1079556,atl,43.500,6.250,993.38,992.70,14.55,4.05,52.04,52.04,0.00,3297.58,17.00
1079556,atl,42.500,10.000,993.46,992.89,11.68,2.58,51.27,51.27,0.00,1653.53,17.00
1079556,pac,56.750,223.500,990.33,989.96,9.18,2.13,36.13,36.13,0.00,0.00,10.96
1079556,pac,49.000,236.250,993.74,993.00,6.31,1.97,42.32,42.32,0.00,0.00,7.11
1079556,pac,46.000,165.000,1002.53,1002.35,6.11,1.06,37.44,47.80,0.00,0.00,4.97
1079556,pac,41.750,165.250,1001.83,1001.59,7.09,1.91,47.80,47.80,0.00,0.00,4.98
1079562,atl,67.250,-65.500,1004.23,1002.42,4.20,1.89,31.57,31.57,0.00,0.00,14.90
1079562,atl,49.500,-38.000,944.64,944.26,29.68,6.86,74.94,74.94,294049.91,614705.48,13.55
1079562,atl,47.500,-76.750,1004.38,1004.09,6.76,1.41,30.34,36.22,0.00,0.00,4.49
1079562,atl,42.250,7.000,995.95,994.77,11.99,3.23,52.24,52.24,0.00,8582.06,16.70
1079562,atl,41.000,1.250,1001.87,1000.97,7.03,2.28,52.24,52.24,0.00,5184.17,15.39
1079562,atl,32.500,-60.250,1004.43,1003.01,6.55,1.99,49.71,49.71,0.00,0.00,5.82
1079562,pac,56.250,224.250,990.17,989.84,9.69,2.34,38.64,41.33,0.00,0.00,10.87
1079562,pac,49.000,223.000,998.88,998.40,7.09,2.07,54.86,56.00,0.00,94120.79,4.29
1079562,pac,46.250,168.000,996.00,995.81,9.10,1.68,43.83,47.24,0.00,0.00,4.38
1079568,atl,52.750,-41.000,945.87,945.58,29.72,5.59,71.39,73.71,236038.56,548171.97,11.90
1079568,atl,42.250,-67.750,1004.10,1003.62,4.80,1.43,42.08,42.08,0.00,0.00,3.28
1079568,atl,41.750,7.250,999.01,997.71,10.70,3.00,50.12,50.12,0.00,1123.41,14.60
1079568,atl,38.000,1.500,1004.00,1003.57,5.90,1.76,38.78,45.17,0.00,0.00,13.13
1079568,atl,32.000,-56.000,1001.58,1000.91,7.08,2.04,52.51,52.51,0.00,9269.95,4.80
1079568,pac,59.250,217.750,994.61,994.44,8.95,2.54,33.09,38.15,0.00,0.00,11.30
1079568,pac,56.000,225.750,990.92,990.55,9.44,2.41,38.07,39.71,0.00,0.00,10.17
1079568,pac,48.750,169.750,989.56,989.31,13.06,2.70,47.24,48.58,0.00,0.00,4.93
1079568,pac,47.250,226.250,998.36,998.06,8.05,2.23,48.90,52.73,0.00,16391.56,4.55
1079574,atl,55.000,-43.250,950.20,950.01,27.84,4.88,66.81,69.59,50458.61,542059.51,9.97
1079574,atl,41.750,7.750,1002.83,1001.97,8.35,2.56,55.76,55.76,0.00,6784.19,16.79
1079574,atl,39.500,-62.250,1000.55,1000.35,6.11,1.35,48.60,48.63,0.00,0.00,3.53
1079574,atl,38.000,3.500,1004.03,1003.49,6.32,1.85,38.75,41.82,0.00,0.00,8.80
1079574,atl,32.250,-50.250,996.08,995.66,9.68,2.78,60.27,60.27,0.00,55721.71,4.66
1079574,pac,64.750,228.000,1004.94,1004.30,4.22,1.42,13.23,15.85,0.00,0.00,7.02
1079574,pac,57.750,220.500,995.14,994.97,7.76,1.60,32.49,34.10,0.00,0.00,11.92
1079574,pac,55.750,226.250,992.33,991.89,9.53,2.30,31.89,34.41,0.00,0.00,11.44
1079574,pac,50.750,171.250,982.05,981.54,16.47,3.91,53.42,53.42,0.00,31426.13,6.15
1079574,pac,46.000,229.750,997.09,996.74,9.84,2.37,47.98,50.45,0.00,1658.25,5.05
1079580,atl,56.500,-46.000,957.68,957.64,25.78,4.62,61.50,69.99,1513.30,559587.71,18.37
1079580,atl,39.000,-58.750,994.79,993.91,10.45,2.80,55.10,55.10,0.00,59481.43,4.25
1079580,atl,38.750,4.500,1003.57,1002.78,8.09,2.49,42.59,52.71,0.00,1134.92,8.80
1079580,atl,33.500,-44.500,997.81,996.81,7.97,1.99,66.70,66.70,1296.20,64884.51,4.33
1079580,pac,56.000,226.500,994.77,994.39,8.50,1.92,27.41,35.12,0.00,0.00,11.67
1079580,pac,53.000,174.250,978.82,978.39,16.18,3.58,53.01,53.01,0.00,55688.37,6.60
1079580,pac,45.750,231.250,995.87,995.63,10.14,2.30,46.86,53.59,0.00,15256.90,5.37
1079586,atl,57.500,-46.500,962.47,962.26,26.75,6.32,64.97,80.46,6321.28,385305.00,17.33
1079586,atl,39.500,4.500,1001.11,998.92,12.79,4.30,50.29,50.29,0.00,1742.99,12.77
1079586,atl,38.750,-55.500,986.61,985.53,16.28,4.55,62.64,62.64,0.00,218673.56,9.75
1079586,atl,38.250,-40.500,993.80,993.45,9.33,1.91,66.88,72.15,8154.98,74837.19,6.71
1079586,atl,35.500,-39.500,992.95,990.99,10.96,2.78,72.15,72.15,8154.98,141581.00,6.71
1079586,pac,56.000,226.500,995.86,995.61,7.99,1.70,30.60,32.85,0.00,0.00,13.52
1079586,pac,54.000,175.000,971.95,971.51,17.74,4.09,55.87,56.73,0.00,119816.62,6.92
1079586,pac,46.750,233.750,994.57,993.98,9.38,2.33,40.89,50.81,0.00,4521.28,8.40
1079586,pac,40.500,176.500,1002.32,1001.87,5.18,1.47,46.98,46.98,0.00,0.00,3.92
1079592,atl,64.250,-39.250,995.01,994.14,6.08,2.49,48.99,67.61,3630.90,69007.54,19.26
1079592,atl,59.000,-49.500,967.14,966.17,28.22,7.12,70.00,70.00,34639.93,354932.93,14.34
1079592,atl,41.750,-35.750,988.86,988.22,17.27,4.68,63.92,69.76,4193.15,255446.24,9.62
1079592,atl,39.750,5.000,999.58,997.93,16.85,5.51,57.48,57.48,0.00,31302.84,13.12
1079592,atl,38.750,-51.500,983.13,982.81,18.92,4.97,81.98,81.98,42226.49,260416.65,12.29
1079592,pac,56.000,177.000,963.13,962.81,23.86,5.35,57.59,64.80,1387.09,192386.43,9.17
1079592,pac,54.000,228.000,997.09,996.85,4.94,0.94,27.06,30.55,0.00,0.00,7.76
1079592,pac,47.000,234.500,993.86,993.65,7.13,1.77,38.90,45.29,0.00,0.00,6.37
1079592,pac,43.250,180.500,1000.66,1000.05,5.81,1.85,54.23,54.23,0.00,24957.71,4.63
1079598,atl,59.750,-50.750,968.64,968.16,31.07,9.14,75.68,75.68,29116.11,257293.80,15.03
1079598,atl,44.000,-35.000,978.78,977.11,25.29,7.27,83.59,83.59,98401.77,285110.48,14.52
1079598,atl,42.750,-79.750,992.70,991.91,10.44,2.63,37.02,43.83,0.00,0.00,5.40
1079598,atl,39.750,4.750,1000.40,998.91,16.38,5.29,62.75,62.75,0.00,28740.87,12.75
1079598,atl,38.750,-47.250,976.70,976.38,23.20,5.45,81.13,81.13,113101.05,484757.18,14.08
1079598,atl,38.250,-73.500,995.57,995.02,9.65,2.80,53.04,53.04,0.00,3725.08,6.09
1079598,pac,57.000,181.500,961.07,960.90,22.01,4.05,61.83,61.83,0.00,249601.08,9.38
1079598,pac,47.250,235.500,993.81,993.61,7.05,1.79,36.07,36.07,0.00,0.00,6.49
1079598,pac,44.750,182.250,999.14,998.77,4.71,1.23,51.87,51.87,0.00,9264.27,4.18
1079604,atl,67.000,-52.500,990.93,990.01,10.94,3.41,48.37,66.13,2095.96,23761.02,9.22
1079604,atl,61.000,-52.000,980.05,978.80,26.62,8.31,77.18,77.18,31554.75,144336.83,14.92
1079604,atl,46.500,-35.250,983.10,982.09,22.11,5.75,60.54,70.13,12029.91,261072.52,10.98
1079604,atl,43.500,-78.000,997.06,996.26,9.06,2.61,36.00,36.00,0.00,0.00,6.17
1079604,atl,40.000,-44.250,974.81,974.33,25.54,5.87,83.99,85.32,170127.95,467874.03,13.53
1079604,atl,39.250,4.750,1004.54,1003.46,12.32,4.22,58.36,58.36,0.00,24243.56,12.23
1079604,atl,37.750,-69.500,992.34,991.18,14.37,3.61,56.28,56.28,0.00,20456.34,6.38
1079604,pac,59.750,186.750,959.61,959.25,23.44,3.85,55.42,60.25,0.00,272666.88,8.62
1079604,pac,48.250,237.250,994.71,994.12,6.35,1.53,26.49,28.95,0.00,0.00,4.54
1079604,pac,46.750,185.500,997.33,996.91,4.97,1.10,57.03,59.12,0.00,33997.90,4.40
1079604,pac,44.750,181.250,997.78,997.57,6.45,1.71,47.47,53.68,0.00,1681.63,4.44
1079610,atl,63.000,-53.250,988.62,987.40,23.69,8.16,75.96,75.96,21922.21,68365.32,15.34
1079610,atl,48.750,-35.750,988.82,988.62,14.13,2.69,58.00,64.16,964.75,130026.95,6.80
1079610,atl,45.000,-76.250,1001.52,1000.95,6.80,2.03,36.54,36.54,0.00,0.00,5.52
1079610,atl,41.250,-42.000,974.09,973.81,23.31,4.71,78.21,79.36,154470.33,422519.55,12.81
1079610,atl,37.500,-66.500,991.83,990.94,14.88,3.61,50.32,50.32,0.00,1196.85,6.39
1079610,pac,61.500,190.500,960.27,959.65,22.68,4.52,55.02,59.09,0.00,64991.50,9.93
1079610,pac,60.500,185.500,962.45,961.56,20.50,4.13,59.09,59.09,0.00,110239.80,9.31
1079610,pac,49.000,237.000,999.05,998.80,5.03,1.04,24.19,29.05,0.00,0.00,6.26
1079610,pac,47.750,187.750,993.22,992.78,8.41,2.10,50.52,52.68,0.00,8634.31,5.70
1079616,atl,65.500,-53.750,1003.73,1001.12,15.83,5.60,62.81,62.81,0.00,14405.15,16.15
1079616,atl,43.000,-40.000,976.92,976.73,19.39,3.60,70.50,72.12,84501.40,331195.78,10.14
1079616,atl,37.000,-63.000,992.36,991.58,15.32,3.59,52.96,52.96,0.00,23947.66,7.14
1079616,pac,62.750,193.000,963.27,962.71,20.72,4.75,52.76,54.83,0.00,4715.24,12.39
1079616,pac,57.750,209.250,989.10,988.63,7.02,2.23,42.04,42.04,0.00,0.00,16.23
1079616,pac,53.000,198.750,988.27,987.92,6.52,1.73,46.40,48.27,0.00,0.00,4.61
1079616,pac,49.250,234.750,1003.23,1002.76,4.22,1.26,29.74,31.88,0.00,0.00,5.24
1079622,atl,44.250,-39.000,974.88,974.60,18.00,3.70,66.71,66.71,24709.00,352122.98,8.37
1079622,atl,36.250,-60.500,993.40,992.93,13.86,3.38,53.23,53.23,0.00,28096.24,6.88
1079622,pac,63.750,194.250,963.65,963.08,20.58,5.00,52.69,52.69,0.00,7770.16,9.66
1079622,pac,55.250,204.500,979.73,979.33,9.83,2.42,47.14,47.52,0.00,0.00,5.26
1079628,atl,45.750,-37.250,973.96,973.64,17.66,3.45,63.78,63.78,0.00,305372.80,8.12
1079628,atl,36.000,-54.000,994.08,993.47,13.42,2.98,53.60,53.60,0.00,31443.02,6.29
1079628,pac,64.000,194.750,966.71,965.89,19.62,4.86,50.54,50.54,0.00,320.46,9.28
1079628,pac,63.500,234.750,995.48,995.03,6.07,1.59,24.26,25.04,0.00,0.00,8.92
1079628,pac,60.250,171.500,997.88,997.23,4.70,1.66,35.19,35.19,0.00,0.00,7.45
1079628,pac,57.000,209.750,967.98,967.51,17.57,3.98,52.70,54.11,0.00,54030.78,10.16
1079628,pac,51.500,163.750,994.18,993.43,13.04,3.25,43.50,44.20,0.00,0.00,6.00
1079634,atl,49.500,-41.750,976.43,976.26,14.41,2.63,55.13,56.35,0.00,114739.50,6.19
1079634,atl,47.250,-36.250,974.42,974.22,16.00,3.06,61.46,62.27,0.00,251552.74,6.69
1079634,atl,35.750,-51.000,992.13,991.55,12.97,2.97,61.62,65.35,2528.18,72608.85,7.23
1079634,pac,63.500,195.250,971.07,970.22,17.31,4.50,51.07,52.53,0.00,5829.12,8.92
1079634,pac,61.750,170.000,999.59,999.05,5.51,1.92,31.93,31.93,0.00,0.00,9.46
1079634,pac,58.500,214.000,957.13,956.81,24.76,6.04,64.52,64.52,838.93,163966.73,21.99
1079634,pac,53.250,168.250,989.94,988.97,16.54,4.19,50.35,50.57,0.00,3479.32,8.10
1079640,atl,51.000,-44.250,975.24,974.73,17.69,3.54,50.53,55.96,0.00,58741.84,7.77
1079640,atl,36.750,-46.000,989.44,988.82,13.92,3.26,62.86,65.55,2543.58,56044.11,7.63
1079640,pac,62.000,170.250,1001.93,1000.84,5.17,1.75,25.67,28.47,0.00,0.00,9.05
1079640,pac,59.250,216.750,957.16,955.97,23.20,5.93,69.41,70.37,36801.77,232248.77,19.65
1079640,pac,54.500,172.500,989.32,988.89,18.58,4.66,59.46,59.46,0.00,77405.85,10.21
1079646,atl,51.250,-45.750,972.43,971.87,19.25,4.16,57.16,57.90,0.00,148380.76,9.03
1079646,atl,41.000,-79.500,1004.13,1003.64,5.57,1.50,33.34,33.34,0.00,0.00,5.06
1079646,atl,38.250,-42.500,983.72,982.90,16.25,3.93,65.30,66.30,10668.54,119375.30,8.72
1079646,pac,59.750,218.750,964.13,963.76,17.83,4.73,62.56,67.50,409.51,195293.86,18.04
1079646,pac,59.250,224.000,968.81,967.40,13.10,2.95,67.50,67.50,409.51,121146.81,18.04
1079646,pac,58.750,237.000,980.07,979.03,7.72,2.06,36.70,44.72,0.00,0.00,11.31
1079646,pac,56.250,177.250,989.65,988.90,17.92,4.45,65.28,66.67,6889.41,111349.31,10.29
1079652,atl,51.750,-47.250,972.30,971.89,19.84,4.50,61.36,62.83,0.00,157117.17,8.83
1079652,atl,44.500,-74.750,1004.38,1004.08,6.28,1.51,23.16,29.57,0.00,0.00,3.88
1079652,atl,40.000,-39.750,975.31,974.31,23.84,6.60,80.80,80.80,34502.71,296534.86,15.29
1079652,pac,60.500,228.750,978.13,977.04,8.60,2.43,40.72,41.17,0.00,0.00,16.42
1079652,pac,59.750,216.750,973.46,973.10,16.09,4.28,57.34,61.59,0.00,122370.28,17.06
1079652,pac,58.500,238.500,979.71,978.79,9.26,2.08,41.79,41.79,0.00,0.00,11.79
1079652,pac,57.250,182.000,993.81,993.15,16.55,4.10,61.21,62.13,0.00,118649.70,9.32
1079658,atl,52.500,-47.500,972.81,972.52,18.13,4.16,55.86,58.61,0.00,119338.59,7.47
1079658,atl,42.750,-37.750,964.38,962.54,31.75,9.74,89.25,89.25,72280.64,367644.18,22.66
1079658,atl,42.250,-68.250,997.57,997.00,9.18,2.27,44.86,47.41,0.00,0.00,4.86
1079658,pac,60.000,234.500,984.55,983.80,6.73,1.89,35.75,35.75,0.00,0.00,10.54
1079658,pac,59.750,217.000,979.73,979.20,14.82,3.85,50.27,55.97,0.00,50438.82,14.84
1079658,pac,57.250,185.500,999.03,998.51,14.03,3.92,58.45,59.77,0.00,136116.17,8.73
1079658,pac,56.500,190.500,998.72,998.58,13.32,2.81,59.77,67.13,456.95,165406.42,8.73
1079658,pac,36.500,182.250,1003.32,1003.00,17.91,4.21,67.50,67.50,9037.68,147863.55,7.29
1079664,atl,53.750,-48.750,977.77,977.52,14.54,3.20,50.67,53.04,0.00,17198.01,6.06
1079664,atl,46.250,-37.000,961.10,959.86,34.32,10.48,84.62,84.62,103333.98,421857.54,17.74
1079664,atl,42.750,-65.250,993.67,993.24,11.14,2.61,55.64,57.03,0.00,32073.79,6.50
1079664,pac,60.000,234.250,989.94,989.31,5.97,1.72,27.17,27.98,0.00,0.00,10.52
1079664,pac,59.750,215.750,984.94,984.16,13.81,3.36,44.08,49.22,0.00,0.00,14.23
1079664,pac,56.000,197.000,1003.32,1002.77,9.20,2.29,53.39,57.15,0.00,72381.08,6.16
1079664,pac,36.500,182.000,1000.22,999.67,18.15,4.20,64.15,64.17,3006.97,166841.17,7.64
1079670,atl,54.500,-50.250,981.33,981.22,10.42,2.45,46.36,46.36,0.00,0.00,4.71
1079670,atl,49.000,-37.750,963.13,961.90,30.91,9.32,71.22,71.22,68299.58,354276.16,13.87
1079670,atl,43.500,-62.250,986.56,985.79,15.39,4.36,51.80,54.49,0.00,25091.48,8.21
1079670,pac,60.000,232.250,994.04,993.94,6.23,2.20,20.01,21.69,0.00,0.00,12.39
1079670,pac,59.750,215.000,987.61,987.04,14.15,3.27,38.12,48.37,0.00,0.00,17.37
1079670,pac,57.250,237.750,995.30,994.43,4.20,1.40,26.26,28.32,0.00,0.00,12.39
1079670,pac,51.750,161.750,992.04,991.60,15.64,3.73,49.10,49.10,0.00,0.00,8.11
1079670,pac,36.750,182.250,996.21,995.63,18.68,4.47,58.08,67.80,1181.78,151187.95,7.54
1079676,atl,51.500,-38.750,966.46,965.17,27.97,8.12,69.28,69.28,19074.63,180668.08,14.07
1079676,atl,43.000,-59.500,980.48,979.37,20.08,6.35,73.80,73.80,28067.45,180218.52,13.42
1079676,pac,59.500,232.250,999.43,999.00,4.83,1.82,16.04,21.62,0.00,0.00,12.15
1079676,pac,59.250,215.000,991.19,990.75,14.50,3.05,47.37,53.69,0.00,1981.35,16.43
1079676,pac,55.000,165.500,990.34,989.83,17.70,4.27,51.31,51.31,0.00,4512.13,9.16
1079676,pac,37.750,182.500,995.97,995.54,16.90,3.66,45.77,54.28,0.00,33486.50,6.77
1079682,atl,54.250,-42.750,968.36,967.54,24.43,6.11,64.10,64.10,443.24,124287.04,9.86
1079682,atl,42.250,-54.000,976.37,975.83,18.46,4.66,82.26,82.26,145868.31,362406.54,9.88
1079682,pac,57.750,218.000,994.56,994.47,11.17,1.87,40.57,50.78,0.00,2056.08,15.01
1079682,pac,56.750,168.000,987.33,986.74,19.55,4.72,53.99,60.53,0.00,20678.63,10.48
1079682,pac,55.000,223.500,994.68,994.46,8.11,1.76,32.17,36.92,0.00,0.00,9.92
1079682,pac,39.250,182.500,994.42,993.99,14.87,2.97,40.63,54.40,0.00,21278.80,5.65
1079688,atl,56.000,-48.500,971.51,970.58,22.86,5.17,64.63,64.63,2837.88,170061.85,8.12
1079688,atl,44.750,-47.250,974.79,974.04,17.14,3.80,59.79,66.57,9181.44,170530.76,9.46
1079688,pac,58.500,170.500,985.77,984.93,21.29,5.22,62.86,62.86,0.00,32530.49,12.82
1079688,pac,56.000,223.500,993.59,993.22,10.35,2.31,33.90,45.07,0.00,0.00,15.80
1079688,pac,40.750,182.250,992.52,992.18,13.56,2.79,40.82,54.91,0.00,20666.72,4.35
1079694,atl,57.000,-53.750,975.18,974.43,22.44,5.07,58.24,58.75,0.00,125846.02,7.41
1079694,atl,43.000,-45.000,973.69,973.37,17.37,3.43,65.01,65.51,9975.59,389782.28,7.67
1079694,atl,42.500,-25.000,1002.35,1001.67,10.73,2.91,42.71,42.71,0.00,0.00,5.64
1079694,atl,39.250,-76.500,991.55,991.22,10.86,2.08,56.51,60.35,0.00,18615.33,9.13
1079694,pac,59.500,173.500,988.54,987.60,17.15,4.20,50.97,50.97,0.00,763.99,9.69
1079694,pac,56.000,221.750,995.38,995.00,12.47,2.35,41.27,50.87,0.00,7226.45,21.74
1079694,pac,42.500,183.000,990.14,989.83,12.89,2.84,44.88,52.59,0.00,24790.62,5.00
1079700,atl,58.000,-58.000,981.84,981.38,22.59,5.48,53.15,53.29,0.00,64872.48,16.59
1079700,atl,44.750,-43.000,976.83,976.65,15.94,2.87,60.66,61.48,0.00,313276.40,6.93
1079700,atl,42.500,-25.000,1003.69,1003.31,9.11,2.29,42.56,48.39,0.00,0.00,4.05
1079700,atl,42.250,-77.250,995.79,995.33,9.14,2.40,50.10,52.93,0.00,1782.40,10.50
1079700,atl,40.500,-71.750,989.84,989.03,14.20,3.52,54.34,60.03,0.00,74784.54,7.95
1079700,pac,62.250,178.500,994.44,993.95,13.20,2.96,38.98,40.82,0.00,0.00,10.76
1079700,pac,60.250,171.750,998.71,998.25,5.67,1.64,33.50,38.40,0.00,0.00,10.76
1079700,pac,53.250,222.500,1000.08,1000.05,7.32,0.96,42.98,52.18,0.00,14050.64,5.47
1079700,pac,49.500,179.500,989.83,989.76,7.96,1.56,42.09,48.60,0.00,0.00,4.13
1079700,pac,46.000,183.000,989.27,989.12,10.77,2.00,45.08,52.05,0.00,26613.57,5.24
1079700,pac,46.000,232.750,994.13,993.98,9.28,1.99,43.54,43.54,0.00,0.00,6.16
1079700,pac,38.500,171.500,1004.77,1004.12,6.25,1.99,47.96,47.96,0.00,0.00,4.90
1079706,atl,59.250,-61.250,989.55,988.81,19.33,4.87,44.53,48.12,0.00,0.00,17.45
1079706,atl,46.000,-42.750,979.84,979.54,13.08,2.56,55.54,56.04,0.00,83215.16,5.46
1079706,atl,41.500,-21.250,1004.89,1004.47,7.32,2.04,40.37,40.37,0.00,0.00,3.66
1079706,atl,41.000,-69.250,988.12,986.83,15.65,4.42,58.16,58.59,0.00,60205.77,10.13
1079706,pac,65.000,181.500,997.14,996.72,11.05,2.74,32.69,41.68,0.00,0.00,8.53
1079706,pac,53.250,179.750,983.71,983.51,10.94,2.08,45.39,51.41,0.00,7892.29,4.84
1079706,pac,47.000,233.750,991.31,990.87,11.42,2.64,38.83,38.83,0.00,0.00,10.07
1079706,pac,39.000,174.500,1002.03,1001.39,6.57,2.04,45.00,45.00,0.00,0.00,5.45
1079712,atl,61.000,-63.000,1001.55,1000.90,12.69,3.14,41.61,42.30,0.00,0.00,13.81
1079712,atl,49.250,-47.750,985.84,985.51,11.01,2.28,45.25,46.27,0.00,0.00,6.31
1079712,atl,46.750,-41.750,985.91,985.60,9.42,1.98,46.30,46.30,0.00,0.00,4.17
1079712,atl,40.750,-63.250,989.51,988.95,14.15,3.30,56.91,56.91,0.00,109269.85,8.23
1079712,pac,56.000,180.250,981.41,981.23,12.15,2.47,45.96,51.62,0.00,35999.50,5.29
1079712,pac,47.500,233.000,990.38,989.68,11.60,3.13,35.75,35.75,0.00,0.00,6.79
1079712,pac,39.500,178.000,1001.25,1000.74,6.53,1.92,51.72,51.72,0.00,6026.59,5.06
1079712,pac,31.500,191.500,1004.56,1003.71,6.20,1.88,37.76,37.76,0.00,0.00,4.61
1079718,atl,51.250,-53.250,986.59,986.22,12.97,2.94,42.12,42.12,0.00,0.00,7.99
1079718,atl,48.000,-41.500,987.05,986.77,8.65,1.75,39.08,42.60,0.00,0.00,4.36
1079718,atl,39.750,-55.500,988.11,987.34,11.00,2.44,53.58,58.69,0.00,103673.50,5.37
1079718,pac,59.750,181.000,981.21,981.12,13.57,2.85,49.23,49.23,0.00,0.00,9.61
1079718,pac,47.500,232.250,993.51,992.88,11.47,3.11,34.39,34.39,0.00,0.00,8.12
1079718,pac,42.250,181.500,999.36,998.80,5.09,1.53,51.62,55.38,0.00,10209.02,4.38
1079718,pac,41.250,234.000,1001.21,1000.74,6.50,1.86,39.94,39.99,0.00,0.00,5.28
1079718,pac,33.500,192.750,1002.95,1002.26,6.63,1.80,42.56,42.56,0.00,0.00,4.01
1079724,atl,50.750,-55.000,987.08,986.68,12.12,2.67,37.89,40.79,0.00,0.00,8.27
1079724,atl,44.750,-29.000,995.65,995.43,6.76,1.38,41.62,41.78,0.00,0.00,3.80
1079724,atl,39.750,-49.250,986.04,985.21,11.41,2.86,52.46,53.78,0.00,38406.32,5.68
1079724,pac,65.000,182.000,985.12,984.75,13.22,3.35,42.67,53.53,0.00,10406.00,8.65
1079724,pac,60.750,182.750,985.77,985.53,10.48,2.23,42.43,47.89,0.00,0.00,8.65
1079724,pac,50.500,179.000,992.77,992.51,7.51,2.43,44.10,44.10,0.00,0.00,6.11
1079724,pac,47.000,231.750,995.24,994.65,11.27,3.14,34.73,34.73,0.00,0.00,7.23
1079724,pac,43.250,183.750,997.99,997.44,6.24,1.93,50.72,50.72,0.00,1146.30,4.98
1079724,pac,43.250,236.500,1001.22,1000.87,4.81,1.32,33.06,42.54,0.00,0.00,5.10
1079724,pac,39.000,167.000,1004.45,1003.84,11.58,3.50,54.87,54.87,0.00,14555.75,7.58
1079724,pac,38.750,194.500,1001.63,1001.24,6.12,1.49,43.90,46.11,0.00,0.00,4.25
1079724,pac,34.250,194.250,1000.67,1000.02,7.45,2.05,46.11,47.01,0.00,0.00,4.25
1079730,atl,50.250,-56.500,985.09,984.65,12.24,2.35,34.79,42.83,0.00,0.00,8.35
1079730,atl,50.250,-43.500,990.03,989.56,7.73,1.91,39.80,41.43,0.00,0.00,4.34
1079730,atl,46.500,-30.500,994.81,994.62,5.83,1.18,37.79,40.61,0.00,0.00,3.44
1079730,atl,45.250,-27.250,994.71,994.40,7.65,1.62,38.57,41.69,0.00,0.00,3.66
1079730,atl,40.250,-46.500,982.21,981.48,11.15,2.67,46.67,50.15,0.00,591.98,6.69
1079730,pac,65.750,182.250,988.97,988.22,10.31,2.56,35.95,49.88,0.00,0.00,9.30
1079730,pac,50.500,180.000,993.66,993.33,8.78,2.79,45.46,45.46,0.00,0.00,6.86
1079730,pac,46.500,232.000,999.05,998.46,10.62,2.97,35.80,35.80,0.00,0.00,4.44
1079730,pac,44.500,185.750,995.82,995.40,6.31,1.97,47.55,48.45,0.00,0.00,4.77
1079730,pac,44.500,194.750,998.02,997.83,7.47,1.86,51.38,51.38,0.00,5123.07,5.22
1079730,pac,38.500,170.500,1002.11,1001.85,12.28,3.32,57.76,57.76,0.00,44867.13,7.79
1079730,pac,37.250,195.250,997.48,996.04,8.30,2.46,50.58,57.66,0.00,8228.32,5.81
1079730,pac,33.500,196.750,1000.77,999.21,7.41,2.12,57.66,57.66,0.00,7010.42,5.81
1079736,atl,51.250,-46.500,992.25,991.68,7.42,1.95,41.76,44.69,0.00,0.00,4.63
1079736,atl,49.250,-38.500,993.78,993.57,5.32,1.19,39.00,39.04,0.00,0.00,3.97
1079736,atl,49.000,-59.250,983.45,982.66,14.48,3.40,45.76,46.73,0.00,0.00,8.52
1079736,atl,46.000,-26.250,994.85,994.55,8.73,2.02,40.01,40.01,0.00,0.00,3.85
1079736,atl,41.250,-43.250,979.19,978.35,13.35,3.33,42.10,48.14,0.00,0.00,6.29
1079736,pac,66.000,186.000,996.02,995.74,8.37,1.77,42.74,55.21,0.00,7861.08,9.23
1079736,pac,50.500,180.750,994.78,994.39,9.13,2.92,46.57,46.57,0.00,0.00,7.57
1079736,pac,48.750,193.250,995.04,994.83,7.68,1.61,50.99,51.02,0.00,8395.08,5.21
1079736,pac,46.250,232.250,1001.41,1000.79,10.31,3.03,32.92,33.10,0.00,0.00,4.80
1079736,pac,44.750,188.000,993.68,993.23,7.26,2.33,49.98,49.98,0.00,0.00,6.33
1079736,pac,42.250,196.250,996.98,996.45,7.56,1.82,56.49,56.49,0.00,15438.66,5.58
1079736,pac,38.000,174.250,999.80,999.24,14.17,3.78,63.72,65.77,2480.74,92785.76,9.16
1079742,atl,58.000,-1.000,998.61,998.35,8.45,2.22,40.16,40.16,0.00,0.00,4.23
1079742,atl,48.250,-60.000,983.85,983.19,13.02,3.25,41.86,42.90,0.00,0.00,8.42
1079742,atl,46.750,-25.750,994.07,993.74,8.43,2.20,38.28,40.62,0.00,0.00,3.52
1079742,atl,42.250,-41.500,973.90,972.99,16.09,4.09,46.65,51.48,0.00,6610.29,7.32
1079742,pac,52.000,191.750,993.84,993.69,8.12,1.55,49.12,49.12,0.00,0.00,7.07
1079742,pac,50.000,181.500,994.94,994.60,9.50,2.88,50.51,50.51,0.00,1997.21,7.15
1079742,pac,46.000,232.750,1004.57,1004.12,9.96,2.92,34.78,34.78,0.00,0.00,4.17
1079742,pac,44.750,190.250,992.85,992.37,7.74,2.60,49.35,49.35,0.00,0.00,6.87
1079742,pac,42.000,198.000,996.50,995.75,9.57,2.44,64.67,64.67,1727.34,50254.22,5.28
1079742,pac,37.750,178.500,997.16,996.65,13.81,3.62,68.02,73.39,31279.51,108898.93,8.26
1079748,atl,57.000,1.750,993.96,993.37,10.42,3.01,43.28,43.28,0.00,0.00,5.26
1079748,atl,51.750,-48.500,994.48,993.99,7.21,1.70,45.79,45.79,0.00,0.00,4.67
1079748,atl,47.750,-60.750,987.78,987.49,9.84,2.42,39.23,39.88,0.00,0.00,5.77
1079748,atl,47.500,-25.250,994.87,994.54,7.19,1.99,36.63,39.72,0.00,0.00,3.93
1079748,atl,43.000,-40.000,972.20,971.64,17.66,4.15,50.31,50.31,0.00,1713.78,7.85
1079748,pac,52.500,189.500,995.09,995.05,6.73,0.81,39.76,46.43,0.00,0.00,6.53
1079748,pac,51.000,193.250,994.96,994.69,7.70,1.67,46.43,47.98,0.00,0.00,6.53
1079748,pac,46.250,197.000,995.33,994.78,10.22,2.19,53.70,53.70,0.00,51048.42,6.17
1079748,pac,44.750,192.500,995.18,994.82,7.44,2.48,51.09,52.45,0.00,8107.73,6.17
1079748,pac,38.000,181.000,995.93,995.33,14.21,3.97,69.14,69.14,12444.85,162856.09,10.45
1079754,atl,56.750,4.000,988.33,987.45,13.06,3.99,46.70,46.70,0.00,0.00,7.60
1079754,atl,51.750,-54.500,994.85,994.45,7.01,1.63,43.93,44.69,0.00,0.00,5.04
1079754,atl,46.250,-60.000,989.99,989.72,5.95,1.26,31.84,43.54,0.00,0.00,4.35
1079754,atl,44.500,7.750,1003.50,1003.00,5.16,1.81,29.20,29.20,0.00,0.00,8.87
1079754,atl,44.000,-39.500,971.57,970.99,15.89,3.57,56.28,56.28,0.00,75709.07,10.03
1079754,pac,53.250,191.500,996.11,995.96,8.51,1.59,43.93,45.99,0.00,0.00,8.21
1079754,pac,49.750,196.000,996.52,996.09,9.95,2.42,47.63,47.63,0.00,0.00,5.23
1079754,pac,45.000,195.000,999.73,999.37,6.31,2.10,41.15,48.35,0.00,0.00,4.71
1079754,pac,38.000,183.250,994.91,994.55,14.67,3.70,66.47,66.47,9886.31,233029.81,9.96
1079754,pac,33.500,202.750,1004.09,1003.18,6.09,1.55,45.66,48.25,0.00,0.00,3.31
1079760,atl,56.250,5.750,983.53,983.11,15.36,4.35,51.48,51.48,0.00,2559.10,7.39
1079760,atl,45.750,-59.250,992.55,992.43,4.29,0.77,25.93,38.50,0.00,0.00,3.20
1079760,atl,45.000,-37.250,971.43,971.22,14.64,2.69,59.14,61.76,0.00,151081.47,9.86
1079760,atl,42.000,-55.250,992.12,991.95,4.01,0.76,46.43,51.51,0.00,3584.05,2.71
1079760,pac,54.750,190.000,997.08,996.89,10.74,2.03,42.03,46.40,0.00,0.00,7.39
1079760,pac,36.500,185.250,995.07,994.78,14.34,3.15,69.03,69.03,16488.06,317056.32,9.39
1079760,pac,34.750,203.500,1002.74,1002.54,6.23,1.30,50.05,50.05,0.00,633.02,4.20
1079766,atl,56.250,9.250,978.15,977.85,17.14,4.90,51.50,51.50,0.00,4287.40,8.03
1079766,atl,45.250,-38.000,968.79,968.50,15.95,3.23,60.66,61.25,0.00,254940.52,8.13
1079766,atl,42.000,-54.250,990.77,990.65,4.40,0.93,39.98,45.73,0.00,0.00,2.58
1079766,pac,56.250,189.000,996.42,996.09,14.20,3.35,44.39,44.39,0.00,0.00,5.33
1079766,pac,36.250,204.000,1001.45,1001.22,6.80,1.29,51.06,51.06,0.00,7257.34,4.63
1079766,pac,35.750,187.250,993.18,992.87,14.05,3.19,68.40,71.45,59892.10,227795.95,9.69
1079772,atl,45.750,-36.500,968.02,967.80,17.36,3.08,60.77,64.53,1702.39,223989.52,7.31
1079772,atl,42.250,-54.000,991.14,990.82,4.65,1.22,32.92,42.78,0.00,0.00,3.44
1079772,atl,37.000,-70.500,1002.07,1001.53,5.90,1.80,52.76,52.76,0.00,1871.58,3.26
1079772,pac,59.000,189.000,1000.55,1000.36,13.68,3.24,40.10,42.87,0.00,0.00,4.58
1079772,pac,38.500,203.250,998.57,998.46,7.80,1.24,49.84,50.97,0.00,623.20,5.21
1079772,pac,35.250,188.250,992.81,992.54,13.23,2.74,61.38,68.80,30239.11,206070.51,7.68
1079772,pac,33.750,194.250,997.50,997.18,4.26,0.94,37.93,47.91,0.00,0.00,3.64
1079778,atl,65.000,8.000,990.90,990.66,6.98,1.46,39.55,57.63,0.00,9295.77,5.67
1079778,atl,49.500,-16.000,985.70,985.21,9.43,2.34,43.48,43.48,0.00,0.00,4.88
1079778,atl,46.250,-36.000,966.53,966.33,18.82,3.47,63.17,68.04,25923.71,288533.48,7.06
1079778,atl,41.000,-52.500,990.09,989.96,4.65,1.11,38.16,41.91,0.00,0.00,3.48
1079778,atl,36.500,-64.750,994.18,993.03,7.78,1.99,56.86,56.86,0.00,65195.41,4.41
1079778,pac,62.500,188.750,1003.82,1003.65,14.26,3.56,39.02,39.02,0.00,0.00,8.18
1079778,pac,41.000,200.500,997.76,997.63,8.60,1.67,46.42,51.01,0.00,1181.78,4.44
1079778,pac,34.750,195.750,993.95,993.46,6.20,1.63,38.57,44.99,0.00,0.00,3.17
1079778,pac,34.250,188.500,992.30,992.10,13.15,2.77,61.06,67.29,24101.20,247848.19,6.23
1079784,atl,64.000,8.250,989.19,988.65,7.77,2.26,31.14,41.33,0.00,0.00,6.48
1079784,atl,46.000,-32.500,970.94,970.60,14.34,3.04,62.29,62.29,0.00,203444.80,5.98
1079784,atl,36.250,-58.750,988.00,987.12,8.88,2.04,60.93,60.93,0.00,125475.29,4.87
1079784,pac,41.000,199.000,996.19,996.03,8.23,1.59,40.95,50.41,0.00,2283.53,4.88
1079784,pac,35.500,196.500,994.39,994.14,4.74,1.05,42.23,44.91,0.00,0.00,3.36
1079784,pac,34.000,192.250,993.85,993.72,7.45,1.42,51.20,55.90,0.00,40671.81,4.12
1079790,atl,63.000,9.750,989.82,989.59,5.46,1.75,32.00,39.62,0.00,0.00,5.93
1079790,atl,50.000,-17.500,979.84,979.37,8.65,2.22,40.84,43.54,0.00,0.00,4.87
1079790,atl,47.000,-29.250,969.71,969.09,15.36,3.50,57.50,57.50,0.00,207130.33,5.41
1079790,atl,37.750,-53.250,977.20,976.14,13.72,3.75,59.57,62.08,0.00,149450.47,5.83
1079790,pac,40.750,197.500,997.28,997.15,6.84,1.27,47.45,47.97,0.00,0.00,4.50
1079790,pac,36.500,199.250,995.31,994.87,4.11,1.02,33.04,43.88,0.00,0.00,2.59
1079790,pac,31.000,192.500,993.26,993.00,9.04,1.84,51.35,60.28,0.00,120335.41,3.83
1079796,atl,50.500,-14.000,981.10,980.54,8.67,2.39,43.53,43.53,0.00,0.00,4.58
1079796,atl,48.000,-27.000,968.74,967.90,17.60,4.31,57.61,57.61,0.00,69070.95,5.65
1079796,atl,39.750,-51.750,967.46,965.21,19.47,5.59,57.46,60.38,0.00,69921.46,13.13
1079796,pac,50.250,227.250,1003.63,1003.12,12.09,2.91,42.82,42.82,0.00,0.00,7.46
1079796,pac,37.750,198.750,995.65,995.29,4.65,1.10,24.93,47.03,0.00,0.00,3.21
1079802,atl,50.750,-6.500,984.73,984.19,8.17,2.14,42.63,42.63,0.00,0.00,3.95
1079802,atl,48.750,-24.750,968.11,967.33,18.91,5.05,55.48,55.48,0.00,28327.35,7.02
1079802,atl,40.500,-51.250,959.52,957.17,23.56,6.98,64.68,64.68,1188.28,68642.10,15.05
1079802,pac,49.250,226.250,1002.02,1001.68,13.05,3.12,50.70,50.70,0.00,1001.18,5.78
1079802,pac,38.250,197.500,996.16,995.94,5.34,1.07,38.53,47.16,0.00,0.00,3.43
1079808,atl,50.750,-0.750,990.32,989.74,5.91,1.65,37.03,39.65,0.00,0.00,3.99
1079808,atl,50.750,6.750,989.49,989.15,7.83,1.82,49.90,57.64,0.00,3701.37,10.64
1079808,atl,49.500,-21.250,971.31,971.05,18.41,4.92,53.58,53.58,0.00,15783.35,8.63
1079808,atl,40.750,-50.250,956.50,954.46,24.15,6.94,63.99,63.99,0.00,210662.85,12.03
1079808,pac,47.000,226.000,1000.60,999.79,12.88,2.77,48.25,48.25,0.00,0.00,5.06
1079808,pac,46.750,229.250,1001.41,1001.15,11.35,2.10,38.80,48.25,0.00,0.00,5.06
1079808,pac,38.250,195.750,996.18,996.04,6.09,1.38,41.29,45.00,0.00,0.00,3.24
1079814,atl,50.250,-17.000,973.12,972.89,18.78,4.58,54.13,54.13,0.00,47275.60,8.88
1079814,atl,41.250,-48.250,954.70,953.31,22.67,5.65,66.16,66.16,7727.98,371953.13,7.87
1079814,pac,45.250,227.500,999.95,999.31,12.38,2.42,42.03,44.42,0.00,0.00,4.47
1079814,pac,37.000,195.250,996.36,996.22,5.81,1.36,41.13,44.76,0.00,0.00,3.19
1079814,pac,31.500,203.750,989.70,989.49,8.47,1.90,48.64,53.53,0.00,9488.26,3.24
1079820,atl,50.750,-12.500,976.44,976.09,19.38,4.55,57.70,58.18,0.00,105676.62,7.78
1079820,atl,42.500,-46.750,954.73,953.71,22.85,5.30,60.90,66.48,7853.57,368130.14,8.26
1079820,pac,44.750,229.250,999.31,998.98,10.99,1.89,39.72,44.60,0.00,0.00,5.19
1079820,pac,36.750,195.250,996.75,996.56,5.49,1.24,37.11,41.35,0.00,0.00,3.14
1079820,pac,33.000,206.000,988.87,988.68,8.34,1.66,52.22,52.86,0.00,14006.46,3.20
1079826,atl,51.000,-7.750,977.51,977.17,19.53,4.38,55.26,58.80,0.00,151962.47,7.32
1079826,atl,42.750,-45.250,955.61,954.75,21.61,4.92,65.87,65.87,11567.17,364838.30,8.14
1079826,pac,44.750,230.000,998.43,998.10,10.15,1.91,40.63,47.51,0.00,0.00,5.80
1079826,pac,38.500,231.500,1001.38,1001.18,6.92,1.85,42.73,47.51,0.00,0.00,7.60
1079826,pac,36.250,195.250,997.87,997.72,5.26,1.19,39.73,43.01,0.00,0.00,3.15
1079826,pac,34.500,207.000,989.32,989.22,9.01,1.56,34.61,47.24,0.00,0.00,3.16
1079832,atl,51.000,-2.500,980.90,980.63,16.61,3.50,51.02,56.36,0.00,79955.90,6.77
1079832,atl,44.000,-42.250,958.70,958.37,18.58,3.74,59.34,64.31,3505.90,286697.43,6.57
1079832,pac,44.500,231.000,995.20,994.99,9.20,1.54,32.36,54.64,0.00,4634.61,5.82
1079832,pac,41.750,234.250,995.27,994.68,8.51,2.03,54.64,54.64,0.00,7563.86,10.90
1079832,pac,36.000,195.500,999.21,999.08,4.42,1.04,36.54,39.59,0.00,0.00,2.50
1079832,pac,35.000,208.250,988.99,988.91,9.70,1.55,40.04,47.99,0.00,0.00,3.97
1079838,atl,51.500,1.500,982.72,982.17,14.89,3.58,45.88,53.35,0.00,15084.23,6.07
1079838,atl,47.000,-39.500,959.93,959.79,15.14,2.39,58.41,60.20,0.00,146434.71,5.81
1079838,pac,45.750,233.750,990.51,990.18,12.26,2.39,40.01,45.35,0.00,0.00,14.19
1079838,pac,35.250,208.500,990.99,990.85,9.76,1.68,44.29,51.82,0.00,7864.17,3.47
1079844,atl,51.500,4.750,986.97,986.19,13.05,3.57,47.69,47.69,0.00,0.00,6.99
1079844,atl,49.250,-38.000,963.90,963.77,13.71,2.25,45.96,58.78,0.00,83050.81,5.27
1079844,pac,53.000,222.750,1002.80,1002.60,5.50,1.12,31.32,34.54,0.00,0.00,4.70
1079844,pac,46.500,234.500,990.78,990.34,9.55,2.03,37.54,49.75,0.00,0.00,9.68
1079844,pac,35.500,206.500,990.98,990.77,9.89,2.05,43.49,45.95,0.00,0.00,3.47
1079850,atl,51.750,9.250,987.04,985.95,12.44,3.78,43.04,51.92,0.00,2083.32,8.63
1079850,atl,51.000,-37.750,966.84,966.65,14.54,2.52,47.45,56.44,0.00,133657.78,6.31
1079850,pac,49.750,233.500,997.08,996.85,5.43,1.30,28.84,32.50,0.00,0.00,11.13
1079850,pac,47.000,235.000,996.64,996.29,5.74,1.18,33.43,44.49,0.00,0.00,7.36
1079850,pac,35.500,207.250,991.96,991.64,10.72,2.42,43.44,48.38,0.00,0.00,3.77
1079856,atl,51.750,-39.750,970.93,970.67,14.15,2.72,55.49,56.47,0.00,149659.16,6.28
1079856,atl,35.750,-48.250,996.78,996.56,5.04,1.16,32.50,38.66,0.00,0.00,2.64
1079856,pac,53.500,227.500,999.26,998.97,8.45,1.26,32.45,42.56,0.00,0.00,19.95
1079856,pac,52.750,230.750,999.63,999.38,7.23,1.14,30.94,34.42,0.00,0.00,11.49
1079856,pac,51.750,240.000,997.74,997.33,12.23,4.00,27.89,40.12,0.00,0.00,19.36
1079856,pac,50.500,226.250,999.55,999.32,5.09,1.02,27.43,28.83,0.00,0.00,4.47
1079856,pac,50.250,234.250,999.76,999.06,4.61,0.89,19.88,30.94,0.00,0.00,11.68
1079856,pac,36.000,208.000,992.87,992.55,10.24,2.28,44.44,44.44,0.00,0.00,3.41
1079862,atl,51.250,-42.500,970.53,970.02,15.63,3.24,53.71,58.67,0.00,120049.37,6.17
1079862,atl,37.000,-71.750,998.75,998.34,9.12,2.42,48.82,48.82,0.00,0.00,4.99
1079862,atl,36.750,-45.000,993.94,993.76,6.11,1.39,42.80,46.42,0.00,0.00,3.10
1079862,pac,53.500,225.750,1000.60,1000.55,9.66,1.29,36.87,52.72,0.00,1242.78,24.13
1079862,pac,50.500,227.500,999.78,999.50,6.97,1.29,24.75,28.75,0.00,0.00,13.13
1079862,pac,36.500,208.750,996.79,996.57,8.78,1.80,40.25,41.29,0.00,0.00,2.96
1079868,atl,64.750,6.750,990.73,990.35,6.60,2.39,33.32,35.18,0.00,0.00,5.42
1079868,atl,51.000,-42.500,971.84,971.36,17.26,3.45,55.27,62.15,0.00,128463.99,8.44
1079868,atl,38.500,-40.750,993.08,992.88,7.17,1.78,45.03,45.21,0.00,0.00,4.17
1079868,atl,38.000,-69.500,992.41,991.49,14.12,3.81,51.26,51.26,0.00,606.87,5.76
1079868,pac,51.250,227.750,999.13,998.78,9.82,1.85,35.47,35.47,0.00,0.00,15.11
1079868,pac,37.000,209.250,999.15,998.96,7.27,1.46,38.50,38.61,0.00,0.00,2.72
1079874,atl,64.500,8.500,990.68,990.23,6.23,2.49,31.27,34.73,0.00,0.00,5.97
1079874,atl,56.250,-15.750,992.43,991.96,8.04,1.90,38.18,40.86,0.00,0.00,5.85
1079874,atl,51.250,-42.250,972.79,972.45,18.53,4.06,63.18,64.89,1384.39,198437.11,8.75
1079874,atl,40.500,-37.000,989.88,989.56,8.29,2.01,45.81,55.77,0.00,10353.88,4.89
1079874,atl,38.500,-68.500,986.43,984.47,18.67,5.29,63.54,63.54,0.00,34194.20,12.65
1079874,pac,52.000,226.750,998.87,998.30,12.16,2.23,41.24,41.24,0.00,0.00,15.79
1079874,pac,37.250,209.750,1001.37,1001.16,6.81,1.47,36.10,36.10,0.00,0.00,2.71
1079880,atl,64.250,9.750,991.55,991.01,5.44,2.44,37.54,37.54,0.00,0.00,7.07
1079880,atl,57.000,-24.750,991.51,991.00,8.23,1.75,47.46,49.07,0.00,0.00,4.86
1079880,atl,56.750,-10.250,992.60,992.30,8.92,2.08,43.85,44.85,0.00,0.00,6.26
1079880,atl,51.250,-40.750,979.66,979.08,13.62,2.65,44.44,57.50,0.00,92358.72,5.85
1079880,atl,44.000,-32.500,986.42,985.41,9.88,2.53,45.36,49.82,0.00,0.00,6.03
1079880,atl,43.500,10.000,1004.17,1003.90,8.05,1.58,45.06,45.06,0.00,0.00,17.31
1079880,atl,38.250,-67.000,983.10,981.73,20.90,5.92,70.67,70.67,18638.77,180860.96,14.08
1079880,pac,52.500,224.750,999.22,998.75,11.37,2.38,38.71,38.87,0.00,0.00,9.79
1079880,pac,37.250,209.750,1001.91,1001.70,6.89,1.63,38.35,38.35,0.00,0.00,2.71
1079886,atl,60.250,-7.000,991.36,990.65,8.08,2.36,41.51,47.62,0.00,0.00,6.31
1079886,atl,57.500,-21.500,989.61,989.12,8.77,2.15,44.78,48.10,0.00,0.00,4.72
1079886,atl,51.250,-40.250,982.27,981.85,11.08,2.13,39.67,51.07,0.00,12933.04,4.88
1079886,atl,45.750,-30.250,981.59,980.64,11.42,3.04,53.71,57.97,0.00,26180.11,7.52
1079886,atl,37.750,-65.250,979.71,978.70,22.49,6.59,71.01,71.01,26383.13,280735.02,11.89
1079886,pac,51.750,222.750,1000.55,1000.15,9.43,2.14,39.94,39.94,0.00,0.00,4.46
1079886,pac,41.500,228.250,1004.62,1004.39,4.35,1.07,23.80,26.46,0.00,0.00,2.11
1079886,pac,37.250,211.000,1004.93,1004.75,6.23,1.51,34.59,34.59,0.00,0.00,2.52
1079892,atl,61.000,-4.000,988.22,987.40,9.77,2.67,46.00,51.67,0.00,1355.04,6.61
1079892,atl,57.500,-12.500,989.70,989.24,5.54,1.59,41.17,43.74,0.00,0.00,4.26
1079892,atl,57.000,-22.250,989.60,989.28,6.20,1.94,43.76,47.05,0.00,0.00,4.73
1079892,atl,51.750,-38.750,985.56,985.26,9.57,1.88,43.49,46.56,0.00,0.00,4.69
1079892,atl,48.750,-27.000,978.13,977.54,12.46,3.21,52.32,61.33,0.00,33249.85,10.09
1079892,atl,37.500,-62.250,977.98,976.58,22.25,5.78,72.71,72.71,47130.31,403490.19,9.50
1079892,pac,50.250,222.500,1001.37,1001.12,7.50,1.74,40.72,40.72,0.00,0.00,4.06
1079892,pac,43.250,231.000,1003.28,1002.96,5.26,1.37,27.72,30.84,0.00,0.00,4.60
1079898,atl,61.750,-1.000,982.43,981.64,12.99,4.00,51.31,51.31,0.00,2512.71,8.60
1079898,atl,52.250,-20.500,974.46,973.36,12.11,3.13,46.88,52.87,0.00,3477.03,6.82
1079898,atl,51.750,-38.250,987.58,987.39,9.60,1.99,46.96,48.47,0.00,0.00,4.97
1079898,atl,49.000,-24.750,976.36,975.94,13.46,3.75,58.37,64.69,1603.14,131155.20,10.00
1079898,atl,37.250,-59.750,979.07,978.49,19.98,4.76,67.65,67.76,15890.62,410518.09,7.25
1079898,pac,49.250,223.500,1001.70,1001.53,6.18,1.40,35.56,35.56,0.00,0.00,3.35
1079898,pac,45.250,232.750,1002.80,1002.47,5.83,1.52,31.73,31.73,0.00,0.00,7.36
1079904,atl,67.750,-7.250,991.31,990.30,9.33,3.72,54.41,54.41,0.00,11614.96,10.22
1079904,atl,62.000,0.500,978.52,977.37,13.01,4.23,65.07,65.07,1775.14,43366.14,9.56
1079904,atl,54.500,-11.500,975.77,975.24,9.82,2.08,43.85,50.19,0.00,988.28,5.59
1079904,atl,52.000,-19.000,973.29,972.50,14.65,3.54,56.54,60.90,0.00,67167.84,8.72
1079904,atl,51.250,-38.000,992.42,992.24,9.24,2.03,47.78,47.78,0.00,0.00,4.72
1079904,atl,37.500,-55.750,981.49,981.19,17.55,3.89,59.68,61.66,0.00,332075.42,6.73
1079904,pac,50.500,230.000,1001.09,1000.99,4.72,0.79,27.62,27.62,0.00,0.00,9.30
1079904,pac,48.750,224.750,1001.25,1001.06,5.35,1.19,33.00,34.51,0.00,0.00,3.16
1079904,pac,47.500,234.000,1001.12,1000.80,5.19,1.50,33.43,33.43,0.00,0.00,8.79
1079904,pac,40.750,228.500,1004.88,1004.66,4.15,1.04,30.24,30.24,0.00,0.00,2.44
1079910,atl,65.250,-9.500,989.10,988.08,7.61,3.51,53.02,53.02,0.00,11684.70,12.65
1079910,atl,61.750,2.500,976.49,975.80,8.98,2.97,59.01,59.01,0.00,40972.97,8.14
1079910,atl,56.000,-5.750,970.23,969.69,12.80,2.91,46.14,54.83,0.00,28060.85,5.21
1079910,atl,51.000,-36.250,995.96,995.82,7.30,1.42,33.20,43.98,0.00,0.00,4.62
1079910,atl,38.000,-52.750,981.85,981.49,16.21,3.67,55.52,59.52,0.00,262645.16,6.13
1079910,pac,58.750,211.500,1004.49,1004.30,10.38,1.63,42.21,44.80,0.00,0.00,18.49
1079910,pac,51.750,230.500,998.41,998.17,7.62,1.64,29.34,29.34,0.00,0.00,9.72
1079910,pac,40.750,189.000,1004.92,1004.51,7.54,1.95,30.62,31.75,0.00,0.00,3.07
1079916,atl,63.000,-10.000,988.11,987.33,5.75,2.70,56.50,56.50,0.00,21486.50,13.56
1079916,atl,58.250,3.500,966.84,966.42,15.10,3.49,52.33,52.33,0.00,17883.13,8.44
1079916,atl,51.000,-36.250,1000.19,1000.10,5.18,1.10,31.56,37.48,0.00,0.00,3.59
1079916,atl,44.000,-44.250,986.67,986.22,12.05,2.65,46.28,50.42,0.00,589.80,5.97
1079916,atl,38.500,-49.000,983.99,983.65,13.91,3.05,61.05,61.05,0.00,127687.87,4.94
1079916,atl,34.750,-75.000,1004.41,1003.48,8.32,2.42,43.98,43.98,0.00,0.00,4.49
1079916,pac,58.000,213.000,1000.25,1000.00,11.59,1.99,47.26,51.88,0.00,1268.29,15.27
1079916,pac,52.250,230.750,996.98,996.54,7.58,1.61,32.46,38.58,0.00,0.00,6.87
1079916,pac,52.000,236.250,997.91,997.38,9.13,2.19,38.58,38.58,0.00,0.00,14.26
1079922,atl,69.000,4.250,975.29,974.96,13.92,3.79,50.54,52.09,0.00,14454.36,6.46
1079922,atl,61.000,-10.000,989.22,988.69,4.82,2.00,57.45,57.45,0.00,32319.85,13.46
1079922,atl,58.500,7.250,967.02,966.31,13.06,3.02,46.37,46.37,0.00,0.00,5.26
1079922,atl,45.500,-42.000,982.36,981.73,14.33,3.33,54.82,55.01,0.00,47050.27,7.51
1079922,atl,42.750,3.000,1003.60,1002.29,5.88,2.31,39.08,48.58,0.00,0.00,17.06
1079922,atl,39.750,-45.500,983.49,983.20,12.39,2.54,54.08,54.80,0.00,87549.60,4.54
1079922,atl,35.500,-74.000,1001.76,1000.75,9.27,2.74,38.82,41.98,0.00,0.00,5.59
1079922,pac,57.250,214.500,997.93,997.71,10.85,1.91,46.67,49.86,0.00,0.00,14.62
1079922,pac,54.250,229.250,998.81,998.70,5.90,1.07,25.47,29.65,0.00,0.00,10.82
1079922,pac,52.000,238.250,996.60,996.25,9.69,2.82,39.34,39.34,0.00,0.00,16.60
1079928,atl,67.250,1.500,975.95,975.63,13.09,3.53,50.26,52.01,0.00,7126.46,6.81
1079928,atl,59.250,-9.250,992.58,992.19,4.25,1.68,47.25,47.25,0.00,0.00,3.47
1079928,atl,46.000,-41.000,981.29,980.60,13.02,2.76,52.30,52.30,0.00,38534.65,7.47
1079928,atl,36.500,-72.000,997.44,995.42,12.18,3.70,44.38,44.38,0.00,0.00,10.06
1079928,pac,56.500,215.500,997.39,997.30,7.71,1.42,43.10,44.03,0.00,0.00,10.57
1079928,pac,54.000,233.750,999.09,998.64,4.99,1.47,32.99,32.99,0.00,0.00,11.66
1079928,pac,52.250,219.500,998.31,998.17,5.15,1.00,36.33,43.33,0.00,0.00,3.91
1079928,pac,32.750,226.250,1002.47,1001.34,9.55,2.74,53.44,53.44,0.00,3255.06,4.84
1079934,atl,65.750,0.250,978.71,978.23,11.66,2.89,46.81,56.95,0.00,27814.42,8.12
1079934,atl,50.250,-38.500,977.60,976.90,18.54,4.36,55.23,55.23,0.00,45641.49,8.86
1079934,atl,46.250,-39.250,978.54,978.32,12.85,2.43,52.98,54.02,0.00,41187.39,7.58
1079934,atl,38.000,-69.750,991.15,988.43,17.62,5.22,54.06,54.06,0.00,9191.90,11.60
1079934,pac,57.250,215.500,997.77,997.63,6.82,1.16,33.79,40.54,0.00,0.00,11.66
1079934,pac,57.250,231.000,1001.10,1000.78,5.20,1.82,19.02,22.64,0.00,0.00,8.02
1079934,pac,52.000,221.500,995.87,995.56,7.31,1.63,36.17,42.91,0.00,0.00,3.57
1079934,pac,34.500,230.000,1000.20,998.99,12.09,3.51,46.64,46.64,0.00,0.00,5.14
1079940,atl,48.500,-37.250,976.45,976.30,15.73,2.57,65.64,67.35,10852.63,154991.62,8.16
1079940,atl,44.000,7.750,1001.55,999.99,7.12,3.02,46.53,46.53,0.00,0.00,15.52
1079940,atl,41.250,-72.000,995.30,994.23,13.42,3.07,52.58,61.37,0.00,47128.98,7.78
1079940,atl,39.750,-68.000,993.09,992.35,14.32,3.37,62.12,62.12,0.00,75565.89,7.78
1079940,pac,59.500,215.250,996.07,995.70,9.21,2.10,34.20,34.20,0.00,0.00,15.14
1079940,pac,57.500,201.750,1001.77,1001.07,6.85,1.93,39.56,39.56,0.00,0.00,5.79
1079940,pac,52.000,224.000,993.73,993.34,9.44,2.24,36.52,39.87,0.00,0.00,4.10
1079940,pac,36.250,232.750,997.14,996.41,12.79,3.47,46.92,46.92,0.00,0.00,4.81
1079946,atl,49.250,-36.250,974.19,973.93,17.37,2.98,64.77,67.91,28732.57,227082.78,7.51
1079946,atl,42.250,-67.250,986.95,985.73,18.97,5.08,69.72,69.72,4489.00,82454.48,8.16
1079946,pac,58.500,211.250,994.43,994.28,7.88,1.37,40.00,40.00,0.00,0.00,14.94
1079946,pac,58.250,215.000,994.37,994.21,7.88,1.43,40.00,40.00,0.00,0.00,15.81
1079946,pac,56.500,205.000,996.31,995.97,7.05,1.75,41.93,41.93,0.00,0.00,6.02
1079946,pac,52.750,225.750,993.29,993.04,9.69,2.20,36.96,43.46,0.00,0.00,5.22
1079946,pac,38.750,235.750,996.95,996.38,12.49,3.56,51.74,51.74,0.00,615.13,8.26
1079952,atl,60.750,-0.250,994.78,994.39,8.38,2.76,51.09,51.09,0.00,6394.02,5.75
1079952,atl,49.750,-35.500,974.83,974.50,17.33,3.21,62.34,62.34,0.00,288942.42,7.10
1079952,atl,43.000,-69.250,984.46,983.27,21.08,5.53,50.07,58.07,0.00,67355.18,10.06
1079952,pac,58.500,214.500,991.20,990.87,8.70,1.85,39.45,39.45,0.00,0.00,13.25
1079952,pac,56.250,206.250,992.33,991.90,7.36,1.94,32.35,33.77,0.00,0.00,6.60
1079952,pac,54.250,226.500,993.92,993.59,7.12,1.79,35.17,39.81,0.00,0.00,11.21
1079958,atl,68.250,-7.500,1004.39,1004.05,7.71,2.90,45.96,45.96,0.00,0.00,6.27
1079958,atl,59.000,2.500,999.87,999.64,5.56,2.05,47.90,47.90,0.00,0.00,6.23
1079958,atl,48.500,-34.250,974.24,973.87,16.41,3.30,63.32,63.59,0.00,294069.86,6.75
1079958,atl,42.250,-68.500,983.44,982.48,19.60,5.18,49.11,52.15,0.00,27004.06,7.78
1079958,pac,59.000,212.000,989.14,988.82,10.90,2.40,42.29,42.29,0.00,0.00,14.66
1079958,pac,56.250,206.500,989.52,988.68,8.88,2.40,38.59,40.36,0.00,0.00,8.47
1079958,pac,55.750,226.000,995.53,995.10,6.45,1.56,30.53,37.11,0.00,0.00,9.04
1079958,pac,53.750,234.500,1000.68,1000.32,5.49,1.40,28.76,32.75,0.00,0.00,9.24
1079964,atl,48.500,-31.250,975.42,975.13,14.13,2.66,51.04,62.12,0.00,158656.60,6.59
1079964,atl,42.250,-67.250,985.25,984.41,17.01,4.45,47.59,49.96,0.00,0.00,7.20
1079964,pac,59.000,210.000,988.86,988.42,11.37,2.16,41.94,44.29,0.00,0.00,17.18
1079964,pac,56.000,206.250,986.81,985.58,11.20,3.28,44.29,44.29,0.00,0.00,8.23
1079970,atl,48.500,-29.500,975.21,975.06,13.28,2.49,47.53,58.20,0.00,140408.22,5.84
1079970,atl,42.250,-65.500,986.32,985.63,14.26,3.51,51.01,51.01,0.00,4108.94,5.83
1079970,pac,55.750,207.500,986.94,986.02,11.04,3.10,39.52,41.90,0.00,0.00,8.30
1079976,atl,48.250,-25.750,976.43,976.11,11.63,2.33,42.85,50.95,0.00,12493.58,4.95
1079976,atl,42.250,-64.250,989.18,988.78,12.03,2.70,53.96,53.96,0.00,30122.94,5.60
1079976,pac,56.250,208.500,987.95,987.28,11.22,3.19,38.24,38.24,0.00,0.00,7.19
1079976,pac,46.500,210.750,999.52,999.23,5.39,1.53,39.40,39.40,0.00,0.00,4.10
1079976,pac,43.500,203.000,1000.31,999.89,4.62,1.25,28.48,30.38,0.00,0.00,2.53
1079982,atl,54.250,-18.750,978.59,978.10,10.41,2.33,54.66,55.11,0.00,130112.57,5.14
1079982,atl,49.000,-22.750,976.18,975.92,10.39,2.13,39.87,44.59,0.00,0.00,4.00
1079982,atl,41.750,-62.250,989.19,989.01,10.50,2.18,55.14,55.20,0.00,53773.70,5.57
1079982,pac,57.000,209.000,989.27,988.69,11.27,3.03,38.15,38.15,0.00,0.00,9.06
1079982,pac,49.250,214.000,999.22,998.67,5.53,1.63,42.09,42.09,0.00,0.00,3.86
1079982,pac,44.500,206.250,997.54,997.09,6.50,1.89,32.82,32.82,0.00,0.00,3.19
1079988,atl,54.250,-20.750,979.04,978.54,11.19,2.59,57.83,57.83,0.00,105299.28,6.47
1079988,atl,50.250,-20.500,977.72,977.54,10.17,1.82,39.53,45.99,0.00,0.00,4.74
1079988,atl,44.250,-48.250,993.34,992.99,8.02,1.75,41.48,42.54,0.00,0.00,4.82
1079988,atl,42.250,-59.000,989.49,989.36,8.60,1.55,39.14,50.63,0.00,1780.25,4.45
1079988,pac,57.500,209.000,991.59,991.01,10.41,2.95,34.13,34.26,0.00,0.00,12.35
1079988,pac,55.250,216.750,998.79,998.54,4.96,1.05,40.40,44.31,0.00,0.00,5.96
1079988,pac,46.250,209.250,994.92,993.90,8.35,2.54,40.92,40.92,0.00,0.00,5.72
1079994,atl,59.750,-1.000,990.18,990.09,11.49,2.04,53.03,53.03,0.00,9342.90,13.77
1079994,atl,51.000,-19.000,978.38,978.22,10.97,1.86,34.53,48.97,0.00,0.00,6.46
1079994,atl,46.250,-47.750,990.86,990.38,9.22,2.36,45.03,45.03,0.00,0.00,5.43
1079994,atl,42.750,-57.250,987.75,987.48,8.75,1.89,44.26,46.30,0.00,0.00,3.88
1079994,pac,58.000,208.750,994.23,993.80,9.26,2.62,31.30,31.30,0.00,0.00,14.82
1079994,pac,57.000,218.000,1000.43,1000.25,5.32,1.28,39.59,44.02,0.00,0.00,6.04
1079994,pac,48.500,211.750,992.83,991.98,10.01,2.89,41.13,41.13,0.00,0.00,5.05
1079994,pac,43.250,217.750,1002.63,1002.04,5.49,1.86,49.54,49.54,0.00,0.00,4.77
1080000,atl,61.000,0.250,988.96,988.52,13.61,2.87,48.86,48.86,0.00,0.00,11.56
1080000,atl,51.500,-17.000,981.88,981.77,10.30,1.82,30.78,39.10,0.00,0.00,4.35
1080000,atl,47.250,-47.250,991.44,990.77,8.95,2.34,43.25,46.58,0.00,0.00,5.18
1080000,atl,43.750,-55.500,987.56,987.35,9.31,2.08,41.73,42.06,0.00,0.00,3.44
1080000,pac,61.250,224.750,1004.77,1004.10,8.44,2.43,42.78,42.78,0.00,0.00,14.31
1080000,pac,58.250,208.250,997.93,997.63,6.35,1.84,34.20,34.20,0.00,0.00,10.54
1080000,pac,51.250,213.500,990.04,989.49,12.58,3.51,42.41,42.41,0.00,0.00,5.49
1080000,pac,45.500,219.250,1000.52,999.76,7.03,2.28,50.69,50.69,0.00,536.81,4.98
1080006,atl,61.750,1.750,988.21,987.46,14.62,3.30,46.57,46.92,0.00,0.00,10.25
1080006,atl,51.750,-15.750,983.66,983.51,10.12,1.85,27.76,35.84,0.00,0.00,3.54
1080006,atl,48.750,-48.000,989.45,988.96,10.46,2.79,45.72,46.36,0.00,0.00,5.53
1080006,atl,44.250,-54.250,986.33,986.07,9.21,2.27,36.43,41.45,0.00,0.00,3.35
1080006,pac,53.500,214.000,987.18,986.49,14.63,4.00,43.67,43.67,0.00,0.00,6.58
1080006,pac,48.250,220.500,999.49,998.79,8.24,2.64,53.65,53.65,0.00,11731.57,5.96
1080012,atl,62.750,4.250,989.33,988.40,16.76,3.88,47.92,47.92,0.00,0.00,9.61
1080012,atl,51.500,-13.750,988.96,988.84,8.74,1.59,25.46,33.34,0.00,0.00,3.07
1080012,atl,49.750,-50.250,989.43,988.99,11.52,3.17,49.52,49.52,0.00,0.00,6.44
1080012,atl,44.750,-52.500,988.06,987.86,7.83,1.94,36.30,40.49,0.00,0.00,3.55
1080012,pac,56.000,212.750,982.52,981.61,18.64,5.03,48.44,48.62,0.00,0.00,8.74
1080012,pac,51.250,221.250,999.24,998.76,7.87,2.58,50.37,50.37,0.00,1437.89,5.51
1080018,atl,64.250,7.250,989.49,988.76,19.30,4.87,45.98,45.98,0.00,0.00,10.08
1080018,atl,51.750,-12.000,993.07,992.98,7.50,1.37,29.55,32.23,0.00,0.00,3.35
1080018,atl,49.750,-52.250,990.08,989.63,9.58,2.53,41.24,41.75,0.00,0.00,5.84
1080018,atl,45.750,-50.500,989.01,988.87,5.81,1.26,28.46,35.00,0.00,0.00,4.95
1080018,atl,45.500,-39.500,989.04,988.56,9.59,2.36,44.18,49.98,0.00,0.00,4.73
1080018,pac,57.500,210.500,978.45,977.23,22.98,6.67,51.75,57.06,0.00,27124.45,12.23
1080018,pac,46.750,215.500,999.28,998.59,5.87,1.88,33.58,33.58,0.00,0.00,3.17
1080024,atl,64.750,9.000,990.27,989.40,18.70,5.15,45.40,45.40,0.00,0.00,7.81
1080024,atl,55.500,-9.000,998.01,997.87,6.51,1.41,39.24,39.78,0.00,0.00,4.98
1080024,atl,51.500,-9.750,998.31,998.20,5.63,0.97,28.56,39.78,0.00,0.00,4.27
1080024,atl,48.750,-38.500,983.36,982.17,16.37,4.27,49.95,49.95,0.00,0.00,6.66
1080024,atl,48.000,-79.000,989.53,989.21,14.95,3.29,44.66,45.20,0.00,0.00,6.06
1080024,pac,58.750,207.500,983.02,981.04,19.38,5.71,58.25,58.25,0.00,8285.58,16.17
1080024,pac,48.750,217.250,996.15,995.52,8.80,2.67,37.36,37.36,0.00,0.00,4.68
1080024,pac,41.000,216.000,1001.94,1001.44,4.60,1.38,39.76,39.76,0.00,0.00,3.05
1080030,atl,57.000,-8.000,998.11,997.80,8.98,2.29,38.29,39.39,0.00,0.00,5.42
1080030,atl,51.000,-38.250,975.90,973.88,22.90,6.79,61.69,61.69,0.00,86634.59,11.48
1080030,atl,49.250,-77.750,991.67,991.31,14.47,3.41,37.96,41.72,0.00,0.00,5.91
1080030,pac,63.500,209.500,1001.81,999.21,7.47,2.43,37.33,45.63,0.00,0.00,12.30
1080030,pac,59.000,203.000,994.97,994.65,10.50,2.38,45.24,45.63,0.00,0.00,10.00
1080030,pac,56.000,162.000,994.37,993.79,9.22,2.78,37.97,37.97,0.00,0.00,10.34
1080030,pac,50.750,218.000,994.00,993.48,10.74,2.75,43.72,45.63,0.00,0.00,5.16
1080036,atl,58.250,-7.750,999.05,998.69,10.86,3.11,45.42,45.42,0.00,0.00,5.65
1080036,atl,52.500,-38.000,975.25,973.54,24.45,7.48,59.44,59.44,0.00,95202.06,9.87
1080036,atl,50.750,-77.250,995.88,995.32,13.07,2.99,39.78,41.40,0.00,0.00,6.25
1080036,pac,55.750,202.000,999.46,999.17,5.31,1.01,34.67,35.48,0.00,0.00,4.30
1080036,pac,54.750,217.500,991.48,990.97,13.31,3.25,49.34,49.80,0.00,0.00,5.42
1080042,atl,61.500,-56.250,1000.31,1000.01,12.65,3.26,44.44,44.44,0.00,0.00,5.44
1080042,atl,58.750,-6.500,1000.45,1000.15,9.63,2.83,39.84,39.84,0.00,0.00,6.33
1080042,atl,53.500,-37.750,976.69,975.28,22.92,6.78,55.24,55.79,0.00,103651.32,9.45
1080042,atl,51.500,-77.750,998.34,997.89,10.70,2.38,42.60,42.60,0.00,0.00,6.02
1080042,atl,50.500,-70.750,998.41,998.02,6.63,1.56,30.92,33.98,0.00,0.00,5.49
1080042,pac,57.250,215.000,988.47,987.91,15.42,3.88,58.02,58.02,0.00,80422.36,15.99
1080042,pac,55.500,202.000,998.75,998.46,4.96,1.10,36.06,36.06,0.00,0.00,3.22
1080048,atl,62.500,-57.250,997.43,996.92,16.76,5.06,50.53,52.50,0.00,4970.14,11.69
1080048,atl,59.750,-3.750,1002.62,1002.14,7.35,2.19,30.31,31.98,0.00,0.00,4.48
1080048,atl,54.250,-37.250,979.96,978.97,21.06,5.89,54.33,54.33,0.00,46929.38,7.25
1080048,atl,52.000,-79.250,1001.98,1001.47,8.22,2.28,36.53,36.53,0.00,0.00,5.61
1080048,atl,50.750,-69.000,999.40,999.01,6.01,1.63,25.95,29.58,0.00,0.00,4.68
1080048,atl,45.250,-64.750,999.41,999.25,4.56,0.84,18.10,36.95,0.00,0.00,3.82
1080048,pac,58.750,211.000,984.20,982.93,17.37,5.02,60.49,60.49,0.00,59325.15,15.36
1080048,pac,43.500,227.500,1004.82,1004.50,5.28,1.50,36.76,36.76,0.00,0.00,2.64
1080054,atl,64.250,-10.250,1004.11,1003.83,6.87,2.00,45.41,45.41,0.00,0.00,13.25
1080054,atl,63.250,-58.000,995.19,994.27,19.02,6.02,55.41,55.74,0.00,40104.55,17.65
1080054,atl,61.750,2.500,1002.83,1002.48,6.94,1.91,32.91,32.91,0.00,0.00,8.03
1080054,atl,54.750,-37.000,980.78,979.78,20.16,5.32,48.69,50.18,0.00,1222.79,6.94
1080054,atl,52.000,-79.500,1002.22,1001.88,6.62,1.80,27.88,27.88,0.00,0.00,4.75
1080054,atl,50.750,-68.500,996.09,995.66,7.53,1.86,26.11,27.64,0.00,0.00,4.65
1080054,atl,48.000,-62.500,996.33,996.21,5.92,1.14,28.89,28.89,0.00,0.00,5.79
1080054,pac,64.750,173.750,987.02,986.85,4.01,1.38,26.87,35.18,0.00,0.00,6.59
1080054,pac,59.250,208.000,983.55,981.78,17.58,4.96,58.93,59.22,0.00,4126.88,11.90
1080054,pac,45.250,161.000,984.46,983.59,17.87,4.74,64.20,64.55,3413.74,233649.91,8.14
1080060,atl,64.250,8.500,1001.10,1000.99,9.07,2.37,34.86,34.95,0.00,0.00,7.62
1080060,atl,64.000,-58.500,996.94,995.90,17.33,5.74,60.08,60.08,0.00,26067.86,20.45
1080060,atl,54.250,-36.250,984.16,983.32,16.62,4.23,40.81,45.58,0.00,0.00,5.72
1080060,atl,51.000,-67.000,991.73,991.46,9.79,1.94,29.52,32.94,0.00,0.00,6.13
1080060,atl,49.500,-62.250,991.09,990.85,9.12,1.73,33.21,35.34,0.00,0.00,8.72
1080060,atl,47.000,-28.750,998.10,997.90,5.77,1.34,31.33,33.80,0.00,0.00,3.64
1080060,pac,65.750,175.500,985.39,985.06,4.93,1.40,26.92,33.80,0.00,0.00,4.47
1080060,pac,64.250,213.250,998.66,997.15,7.25,2.07,46.39,46.65,0.00,0.00,14.65
1080060,pac,63.750,209.000,996.83,995.55,7.15,2.25,46.65,46.65,0.00,0.00,13.61
1080060,pac,62.500,219.500,1001.24,1000.83,7.61,2.65,31.31,42.40,0.00,0.00,14.65
1080060,pac,59.500,204.000,993.56,993.07,10.40,3.06,40.77,46.65,0.00,0.00,13.61
1080060,pac,53.000,205.750,1000.75,1000.64,4.48,1.09,26.09,35.44,0.00,0.00,4.19
1080060,pac,49.250,166.250,971.28,970.08,24.76,6.94,64.92,64.92,6242.47,272732.18,11.99
1080066,atl,64.250,-58.250,1000.12,999.34,13.26,4.43,58.77,58.77,0.00,16084.87,18.88
1080066,atl,54.250,-34.250,986.27,985.78,13.21,3.18,42.07,46.12,0.00,0.00,5.83
1080066,atl,51.250,-65.000,986.80,986.25,12.24,2.78,35.84,37.14,0.00,0.00,5.35
1080066,atl,50.750,-60.500,987.17,986.70,9.72,2.34,34.67,37.16,0.00,0.00,5.35
1080066,atl,48.750,-26.750,996.23,996.11,5.76,1.41,29.50,35.11,0.00,0.00,2.84
1080066,pac,59.000,203.000,1001.51,1001.07,5.63,2.04,34.92,34.92,0.00,0.00,12.22
1080066,pac,52.500,171.000,960.92,960.34,29.18,8.01,70.16,70.16,47194.13,286565.67,14.66
1080072,atl,64.500,-57.750,1003.56,1002.86,9.40,3.11,52.45,52.45,0.00,5001.23,15.74
1080072,atl,54.750,-31.750,987.82,987.44,10.81,2.58,37.84,45.54,0.00,0.00,5.29
1080072,atl,52.500,-55.250,982.66,982.30,12.85,2.83,43.85,43.85,0.00,0.00,5.84
1080072,pac,55.750,176.500,957.31,956.93,28.36,6.39,72.27,77.75,95862.26,295136.96,12.81
1080072,pac,45.500,232.500,1002.30,1002.20,5.44,1.42,37.61,37.61,0.00,0.00,4.67
1080078,atl,55.750,-30.000,987.35,987.06,8.68,1.81,30.24,45.35,0.00,0.00,4.77
1080078,atl,55.500,-20.750,990.94,990.70,7.82,1.69,29.01,36.12,0.00,0.00,3.73
1080078,atl,53.250,-55.250,975.99,975.60,16.68,3.77,40.54,50.59,0.00,875.40,8.27
1080078,pac,58.250,182.000,955.49,955.13,27.18,5.34,59.97,69.03,45870.69,264616.06,10.70
1080078,pac,46.250,233.500,1001.88,1001.52,5.45,1.27,35.23,35.23,0.00,0.00,4.87
1080078,pac,45.750,220.250,1002.52,1002.00,7.36,2.33,37.58,37.58,0.00,0.00,4.07
1080084,atl,57.750,-20.750,986.97,986.64,11.47,2.63,49.18,50.37,0.00,725.59,5.29
1080084,atl,57.500,-29.750,985.36,985.21,9.07,1.66,37.36,44.81,0.00,0.00,5.04
1080084,atl,53.250,-55.500,972.42,971.99,19.66,4.30,46.31,51.96,0.00,10151.59,9.75
1080084,pac,60.250,184.750,954.95,954.51,26.59,5.17,65.93,68.97,12939.48,224119.31,9.40
1080084,pac,53.500,162.250,985.01,984.68,10.51,2.61,52.90,53.73,0.00,22511.06,9.92
1080084,pac,47.250,220.750,1001.31,1000.50,8.25,2.55,42.16,42.16,0.00,0.00,4.85
1080084,pac,46.500,234.500,1002.29,1002.17,4.63,1.14,29.77,33.83,0.00,0.00,4.39
1080084,pac,42.750,223.250,1004.20,1003.80,5.38,1.51,36.93,41.02,0.00,0.00,3.89
1080090,atl,58.250,-33.000,979.10,978.84,11.65,2.22,46.88,56.60,0.00,38854.11,5.91
1080090,atl,52.500,-54.250,972.70,972.18,19.28,4.20,52.56,56.10,0.00,54697.39,10.04
1080090,pac,62.000,186.000,956.54,956.17,25.11,5.04,56.21,56.21,0.00,167323.05,8.83
1080090,pac,53.500,168.000,984.93,984.60,12.20,2.90,51.84,53.53,0.00,76011.75,6.70
1080090,pac,52.250,231.500,1004.81,1004.68,5.07,1.15,24.10,25.06,0.00,0.00,6.77
1080090,pac,48.000,219.500,1003.95,1003.42,8.94,2.86,48.79,48.79,0.00,0.00,6.12
1080090,pac,43.250,224.750,1003.09,1002.62,6.49,1.95,39.17,40.47,0.00,0.00,3.47
1080096,atl,58.250,-34.750,973.74,973.44,14.40,2.71,51.25,73.29,22665.31,128607.31,8.53
1080096,atl,52.000,-51.500,979.22,978.72,15.10,3.39,53.72,55.82,0.00,77359.71,7.91
1080096,pac,63.250,186.250,960.52,960.15,22.92,4.86,52.36,52.92,0.00,28578.89,8.18
1080096,pac,53.750,174.500,985.67,985.18,12.16,2.99,53.65,55.75,0.00,63524.96,6.00
1080096,pac,52.750,234.500,1004.57,1003.73,4.25,0.97,17.62,24.53,0.00,0.00,6.75
1080096,pac,43.500,225.250,1002.65,1002.13,6.76,1.93,38.90,40.71,0.00,0.00,4.19
1080102,atl,57.750,-36.250,970.31,969.84,14.49,3.06,62.38,73.83,24370.59,238805.40,9.74
1080102,atl,57.500,-28.500,971.99,971.58,10.20,2.03,41.69,60.97,0.00,44353.20,6.87
1080102,atl,51.500,-47.750,984.25,983.99,9.48,2.30,56.75,56.75,0.00,148542.44,5.40
1080102,pac,64.500,185.750,963.35,963.02,22.40,4.94,48.24,48.92,0.00,0.00,9.95
1080102,pac,58.250,207.250,996.19,995.84,8.90,2.86,42.94,42.94,0.00,0.00,11.55
1080102,pac,54.500,180.750,985.95,985.42,10.69,2.66,46.65,52.11,0.00,10215.16,5.36
1080102,pac,39.500,230.750,1002.15,1001.67,5.22,1.43,34.59,40.30,0.00,0.00,3.52
1080102,pac,36.500,232.000,1002.08,1001.63,5.22,1.16,41.42,42.62,0.00,0.00,3.74
1080108,atl,58.750,-33.750,972.58,972.41,12.99,2.31,61.34,70.73,10106.72,274826.24,8.97
1080108,atl,58.250,-28.000,970.77,970.26,11.14,2.28,40.39,61.34,0.00,53037.66,6.97
1080108,atl,56.250,-38.750,971.82,971.45,14.11,3.41,62.85,71.85,23719.75,258818.50,8.61
1080108,pac,65.250,229.250,1004.46,1003.04,5.82,1.39,26.81,31.31,0.00,0.00,13.56
1080108,pac,65.000,184.000,967.88,967.38,20.78,4.77,48.06,48.06,0.00,0.00,12.26
1080108,pac,64.250,232.750,1004.58,1003.04,7.95,2.46,26.81,31.31,0.00,0.00,13.56
1080108,pac,58.750,208.750,996.46,995.70,9.03,3.17,41.90,41.90,0.00,0.00,12.55
1080108,pac,56.000,186.250,984.87,984.40,10.19,2.54,47.54,47.54,0.00,0.00,5.81
1080108,pac,35.500,235.000,992.12,991.08,12.15,3.28,49.59,49.59,0.00,0.00,6.79
1080114,atl,59.000,-27.750,969.02,968.72,13.14,2.87,45.87,56.40,0.00,84874.14,6.43
1080114,atl,55.250,-11.000,981.54,981.19,6.96,1.74,37.89,46.25,0.00,0.00,5.16
1080114,atl,55.000,-24.000,974.77,974.20,5.20,1.70,50.43,50.43,0.00,454.22,4.32
1080114,pac,65.500,184.250,972.56,971.58,18.49,4.26,48.20,48.20,0.00,0.00,13.05
1080114,pac,65.250,229.250,1003.42,1002.02,5.67,1.28,26.09,31.88,0.00,0.00,11.34
1080114,pac,64.000,233.500,1003.29,1002.11,8.30,2.52,25.31,31.88,0.00,0.00,11.34
1080114,pac,59.000,211.000,997.64,997.11,7.46,2.83,40.34,40.34,0.00,0.00,11.15
1080114,pac,56.750,190.500,984.65,984.35,10.43,2.46,54.27,55.97,0.00,25292.96,6.12
1080114,pac,36.500,236.750,988.25,987.41,15.67,4.42,50.76,50.76,0.00,1887.37,10.52
1080120,atl,59.000,-28.750,970.21,969.92,13.67,2.99,57.87,63.94,0.00,148303.78,7.10
1080120,atl,57.500,-9.750,973.76,973.35,10.88,2.48,41.91,58.25,0.00,39078.45,5.80
1080120,atl,55.500,-23.000,971.99,971.17,6.83,2.60,42.25,52.24,0.00,892.00,6.79
1080120,pac,63.250,234.250,1002.25,1001.64,6.51,1.52,19.81,28.51,0.00,0.00,7.00
1080120,pac,57.250,237.500,1003.81,1003.03,5.95,1.66,19.03,19.80,0.00,0.00,9.34
1080120,pac,57.000,194.000,985.49,985.28,10.37,2.49,55.95,56.87,0.00,42959.49,7.65
1080120,pac,55.000,202.500,985.99,985.36,11.79,2.95,43.53,49.28,0.00,0.00,5.14
1080120,pac,38.000,237.000,991.85,990.86,11.32,3.32,42.14,44.38,0.00,0.00,6.94
1080126,atl,59.000,-9.750,967.37,966.85,15.65,3.50,50.23,66.78,1307.54,69574.95,7.08
1080126,atl,56.000,-22.000,971.16,970.47,6.68,2.54,41.29,42.02,0.00,0.00,5.30
1080126,atl,55.500,-33.000,972.87,972.54,12.15,2.74,53.98,56.06,0.00,101730.43,6.01
1080126,pac,63.000,234.750,1002.61,1002.07,5.71,1.22,18.65,26.71,0.00,0.00,5.85
1080126,pac,56.500,204.250,976.03,974.47,18.79,5.07,48.94,56.54,0.00,21835.10,8.16
1080126,pac,38.000,237.000,997.89,997.09,9.04,2.49,43.14,43.46,0.00,0.00,11.10
1080132,atl,60.250,-13.000,968.46,967.46,14.81,3.33,61.63,67.42,19130.22,193086.15,15.78
1080132,atl,60.000,-6.500,968.71,968.49,15.94,3.24,55.61,58.47,0.00,118083.71,6.67
1080132,atl,57.500,-31.500,979.28,979.14,8.39,1.62,51.05,52.81,0.00,119138.90,5.35
1080132,atl,56.000,-22.250,972.76,972.29,6.10,2.22,35.22,35.22,0.00,0.00,4.71
1080132,atl,52.500,-31.000,975.71,974.98,10.80,2.87,43.75,50.63,0.00,5717.82,5.14
1080132,pac,65.000,182.500,992.63,992.07,6.25,1.41,33.90,46.54,0.00,0.00,8.36
1080132,pac,62.000,235.500,1002.56,1001.92,5.67,1.34,18.38,20.62,0.00,0.00,6.69
1080132,pac,57.250,205.500,974.69,973.52,19.71,4.97,46.19,57.41,0.00,13191.13,9.26
1080132,pac,37.750,237.000,1003.83,1003.33,6.68,1.98,43.94,43.94,0.00,0.00,15.35
1080138,atl,61.000,-7.500,971.43,970.78,13.36,3.27,61.78,61.78,0.00,236114.89,6.03
1080138,atl,59.250,-18.750,968.37,967.59,13.96,3.64,58.79,62.36,0.00,163417.76,6.60
1080138,atl,51.250,-27.250,976.77,975.94,9.18,2.60,44.93,50.02,0.00,527.03,4.09
1080138,pac,64.750,182.000,996.22,995.74,5.23,1.50,31.18,40.79,0.00,0.00,6.67
1080138,pac,60.250,238.500,1003.04,1002.54,5.79,1.37,21.83,23.13,0.00,0.00,8.65
1080138,pac,57.250,207.500,978.50,977.68,16.81,4.17,52.73,54.82,0.00,47572.63,10.39
1080144,atl,62.250,3.000,979.73,979.37,8.79,2.36,51.75,53.50,0.00,17964.23,6.27
1080144,atl,61.500,-5.000,975.98,975.46,10.82,2.66,55.70,57.71,0.00,107658.84,6.12
1080144,atl,60.750,-10.250,975.99,975.51,8.83,1.92,57.83,58.13,0.00,192835.64,7.84
1080144,atl,57.250,-22.500,967.22,966.55,15.85,4.28,60.35,60.35,0.00,105818.60,7.15
1080144,pac,57.500,209.250,981.70,981.08,15.28,4.20,55.40,55.40,0.00,60972.56,7.98
1080150,atl,61.500,-6.250,977.57,977.09,9.43,2.31,52.25,56.18,0.00,45394.90,5.58
1080150,atl,55.000,-22.000,966.38,965.32,15.92,4.41,52.20,52.20,0.00,8627.45,6.41
1080150,pac,63.750,208.750,990.49,989.83,6.97,1.56,26.01,30.81,0.00,0.00,6.73
1080150,pac,57.250,212.000,986.83,986.18,13.51,3.85,53.48,53.48,0.00,34354.54,9.98
1080150,pac,54.500,225.250,998.81,998.48,4.49,1.44,38.42,38.67,0.00,0.00,8.79
1080150,pac,37.000,168.250,1001.78,1000.01,17.88,5.63,62.11,62.11,0.00,26793.88,11.12
1080156,atl,61.500,-6.000,980.80,980.42,7.95,1.91,53.10,53.10,0.00,16338.94,5.67
1080156,atl,59.750,0.000,980.98,980.67,7.07,1.59,31.00,52.56,0.00,2827.64,5.67
1080156,atl,55.000,-13.000,975.81,975.59,7.04,1.27,36.74,55.90,0.00,10263.55,7.60
1080156,atl,54.250,-19.250,967.06,965.57,16.80,5.01,56.18,56.18,0.00,43887.83,7.60
1080156,atl,50.750,-80.000,1000.86,1000.55,12.62,2.74,24.71,27.84,0.00,0.00,4.57
1080156,pac,64.500,212.000,993.76,993.00,6.40,1.76,24.88,24.88,0.00,0.00,7.55
1080156,pac,64.250,180.750,1000.20,999.61,4.53,1.44,23.33,28.66,0.00,0.00,7.27
1080156,pac,62.000,219.500,995.48,994.49,5.58,1.76,27.64,27.64,0.00,0.00,8.31
1080156,pac,60.250,182.750,1000.24,999.94,5.26,1.09,36.23,37.63,0.00,0.00,3.50
1080156,pac,57.500,214.000,992.40,991.86,11.19,3.33,49.67,49.71,0.00,0.00,8.24
1080156,pac,37.750,171.750,996.78,995.49,21.94,6.84,68.26,68.26,6702.41,91182.54,12.99
1080162,atl,63.000,10.000,986.23,985.99,6.72,1.64,31.64,34.93,0.00,0.00,6.08
1080162,atl,60.750,2.500,982.69,982.41,7.07,2.02,28.54,42.52,0.00,0.00,4.78
1080162,atl,54.000,-17.750,968.71,967.44,16.75,5.22,56.36,56.36,0.00,47888.83,9.72
1080162,atl,50.750,-76.500,1000.51,1000.32,10.31,2.04,27.23,32.52,0.00,0.00,5.90
1080162,pac,63.750,180.750,1001.23,1000.74,4.28,1.37,24.56,35.77,0.00,0.00,6.84
1080162,pac,61.750,219.250,999.26,998.20,4.52,1.22,25.16,25.16,0.00,0.00,7.66
1080162,pac,60.500,188.000,998.85,998.36,6.74,1.50,35.77,36.78,0.00,0.00,3.22
1080162,pac,57.500,216.000,998.22,997.84,9.18,2.72,45.64,45.64,0.00,0.00,7.66
1080162,pac,38.250,174.750,992.89,991.73,23.38,6.79,67.29,67.29,7815.39,137258.72,11.20
1080168,atl,61.250,3.250,984.98,984.63,5.49,1.66,32.14,42.89,0.00,0.00,5.44
1080168,atl,54.000,-15.250,971.38,970.37,16.39,4.84,52.73,52.73,0.00,8379.19,7.29
1080168,atl,51.250,-73.750,1002.07,1001.75,8.30,1.87,26.29,29.21,0.00,0.00,4.00
1080168,atl,44.750,-68.500,1002.06,1001.87,6.64,1.27,28.56,35.09,0.00,0.00,6.36
1080168,pac,63.250,221.250,1000.16,999.91,6.49,1.98,18.59,20.11,0.00,0.00,8.20
1080168,pac,61.750,195.750,995.90,995.10,10.93,3.45,43.27,43.27,0.00,0.00,7.91
1080168,pac,57.500,218.250,1003.83,1003.51,6.54,2.18,43.71,43.72,0.00,0.00,8.20
1080168,pac,53.750,236.500,1003.21,1002.82,5.60,1.31,17.97,27.67,0.00,0.00,7.54
1080168,pac,38.750,176.750,991.79,990.67,24.34,6.85,63.05,63.05,0.00,153379.71,10.12
1080174,atl,54.250,-12.750,973.40,972.59,15.52,4.29,50.73,50.73,0.00,2749.82,6.19
1080174,atl,52.750,-72.500,1004.10,1003.84,8.14,1.79,22.91,27.69,0.00,0.00,3.62
1080174,atl,44.250,-61.750,996.42,995.69,11.66,2.44,44.58,51.68,0.00,1762.82,9.53
1080174,pac,64.000,199.000,995.27,994.37,11.07,3.85,36.41,36.41,0.00,0.00,12.14
1080174,pac,63.500,221.750,1004.81,1004.39,4.96,1.79,16.14,16.90,0.00,0.00,6.55
1080174,pac,38.500,178.000,993.40,992.34,21.54,6.01,58.72,58.72,0.00,147249.18,8.52
1080180,atl,54.750,-10.000,977.85,977.19,13.55,3.56,48.46,48.46,0.00,0.00,5.66
1080180,atl,45.000,-59.250,989.86,989.21,16.11,3.55,51.47,53.68,0.00,20581.20,8.28
1080180,pac,37.000,178.500,998.63,997.74,16.32,4.47,54.49,54.49,0.00,39028.02,6.34
1080186,atl,59.500,3.000,985.71,985.62,5.64,1.15,40.49,40.52,0.00,0.00,5.97
1080186,atl,55.250,-6.750,981.42,981.07,11.32,2.78,40.31,40.84,0.00,0.00,4.64
1080186,atl,45.250,-57.500,986.03,985.20,17.10,4.29,54.32,54.32,0.00,25262.04,8.19
1080186,pac,57.250,164.250,975.41,974.66,18.23,4.18,56.67,59.10,0.00,47595.15,12.10
1080186,pac,53.500,162.250,973.21,972.74,17.08,3.60,54.29,56.62,0.00,114784.61,12.10
1080186,pac,35.500,179.250,1001.64,1000.80,12.51,3.58,49.12,49.12,0.00,0.00,4.89
1080192,atl,59.500,4.750,987.23,987.11,6.49,1.17,43.23,43.23,0.00,0.00,5.62
1080192,atl,55.250,-4.000,986.11,985.89,9.81,2.41,40.25,42.50,0.00,0.00,4.72
1080192,atl,52.000,-26.000,999.56,999.44,5.15,0.95,24.98,32.13,0.00,0.00,2.32
1080192,atl,45.750,-52.500,982.08,981.14,20.02,4.77,54.36,55.54,0.00,71187.93,8.47
1080192,pac,56.500,165.500,964.28,963.91,24.61,4.73,61.74,62.59,0.00,135521.78,16.63
1080198,atl,60.250,7.250,988.46,988.28,7.26,1.56,45.33,45.33,0.00,0.00,6.03
1080198,atl,55.500,0.500,989.17,989.02,8.06,1.86,38.67,38.67,0.00,0.00,5.20
1080198,atl,50.750,-22.250,996.84,996.66,7.02,1.47,31.75,37.18,0.00,0.00,2.96
1080198,atl,45.250,-53.000,979.50,978.81,20.49,5.12,56.46,58.18,0.00,131194.88,9.43
1080198,pac,58.750,166.250,954.99,954.27,31.72,8.25,59.62,59.62,0.00,153772.06,28.26
1080204,atl,59.000,7.750,991.11,990.77,7.30,1.34,42.44,43.44,0.00,0.00,6.50
1080204,atl,56.750,-13.250,997.83,997.66,6.73,1.53,41.54,43.97,0.00,0.00,5.44
1080204,atl,51.000,-15.500,996.59,996.12,7.55,1.69,38.24,44.10,0.00,0.00,3.71
1080204,atl,44.500,-49.500,982.34,981.99,14.13,2.43,53.37,64.64,2292.60,124470.02,7.04
1080204,pac,60.250,167.500,960.77,958.71,25.99,7.33,63.18,63.18,0.00,88167.67,26.00
1080210,atl,56.500,-13.250,999.19,999.10,6.63,1.46,39.98,41.27,0.00,0.00,5.11
1080210,atl,51.500,-14.000,994.31,993.85,9.86,2.39,45.03,49.46,0.00,0.00,5.05
1080210,atl,51.000,-11.000,994.44,993.86,9.65,2.33,45.03,49.46,0.00,0.00,5.05
1080210,atl,44.750,-46.750,982.72,982.59,11.44,1.57,43.84,58.00,0.00,71468.84,7.40
1080210,pac,63.000,170.000,971.20,970.78,15.34,2.91,50.22,52.87,0.00,25626.53,11.86
1080216,atl,51.250,-8.750,994.98,994.08,11.19,2.61,42.68,51.17,0.00,5657.26,6.84
1080216,atl,48.750,-43.750,983.86,983.31,15.45,3.52,54.75,58.25,0.00,106795.11,9.17
1080216,atl,44.250,-44.500,983.84,983.73,9.24,1.46,42.67,54.60,0.00,25125.86,6.36
1080216,pac,65.500,171.750,974.56,974.27,12.07,2.78,33.59,53.20,0.00,5180.03,9.45
1080222,atl,66.750,7.250,998.90,998.58,11.33,2.76,51.71,51.71,0.00,3931.42,5.65
1080222,atl,50.500,-7.000,998.36,998.08,10.19,2.27,45.73,56.29,0.00,38102.73,5.59
1080222,atl,50.250,2.500,999.05,998.38,7.36,2.09,31.94,36.72,0.00,0.00,3.97
1080222,atl,46.750,-78.750,992.62,992.13,13.69,3.24,40.85,44.87,0.00,0.00,5.25
1080222,atl,44.750,-41.000,982.58,982.44,7.63,1.20,35.91,48.75,0.00,0.00,4.43
1080228,atl,65.000,6.250,1000.92,1000.62,10.65,2.76,48.80,48.80,0.00,0.00,6.69
1080228,atl,50.750,6.500,1001.24,1000.61,5.36,1.61,39.48,43.18,0.00,0.00,3.90
1080228,atl,48.000,-76.750,996.54,996.26,11.46,2.45,30.40,42.38,0.00,0.00,4.64
1080228,atl,46.750,-40.000,982.23,982.05,9.69,1.36,26.34,56.99,0.00,7841.14,5.92
1080228,atl,43.750,-68.750,1004.29,1003.76,5.78,1.60,37.80,37.80,0.00,0.00,5.53
1080234,atl,63.750,7.750,1002.44,1001.98,9.24,2.43,44.03,44.51,0.00,0.00,4.89
1080234,atl,49.250,-40.750,981.76,981.66,12.65,1.89,51.71,52.42,0.00,34740.86,7.92
1080234,atl,48.750,-74.500,1000.85,1000.64,7.74,1.73,30.38,40.36,0.00,0.00,4.41
1080234,atl,46.750,-39.750,981.74,981.61,8.34,1.04,31.35,53.30,0.00,4421.15,5.99
1080234,atl,44.750,-66.750,1001.67,1000.63,7.44,2.13,33.39,36.28,0.00,0.00,4.41
1080240,atl,49.250,-42.000,980.72,980.53,13.25,2.48,49.96,53.63,0.00,33666.49,6.12
1080240,atl,44.250,-62.750,1003.87,1003.22,6.54,1.77,39.74,41.11,0.00,0.00,3.97
1080240,atl,41.000,-56.250,1004.61,1004.23,6.27,1.70,41.19,41.68,0.00,0.00,3.42
1080246,atl,49.000,-41.000,978.85,978.72,10.58,1.54,46.44,52.35,0.00,20323.17,5.57
1080246,atl,49.000,-36.000,979.27,979.18,6.39,0.78,25.27,45.47,0.00,0.00,4.53
1080246,atl,44.250,-60.500,1003.68,1003.09,6.25,1.90,43.40,44.18,0.00,0.00,3.26
1080246,atl,40.250,-50.250,1001.28,1000.48,5.45,1.85,43.43,43.43,0.00,0.00,3.31
1080252,atl,50.000,-33.000,977.95,977.80,6.90,1.31,33.00,38.20,0.00,0.00,3.39
1080252,atl,49.500,-40.750,978.29,978.18,9.60,1.22,39.68,52.98,0.00,10306.44,5.84
1080258,atl,54.250,-33.250,975.53,975.23,13.76,2.71,55.78,58.80,0.00,162597.55,6.97
1080258,atl,51.250,-33.000,974.98,974.79,8.02,1.27,30.77,45.51,0.00,0.00,5.69
1080258,pac,42.000,229.250,1001.37,1000.23,15.59,4.43,53.08,53.08,0.00,3456.90,7.81
1080264,atl,53.500,-36.250,973.12,972.87,13.66,2.80,57.30,60.85,0.00,137377.12,6.68
1080264,pac,52.000,161.500,986.16,985.40,22.12,5.52,60.82,60.82,0.00,113642.08,7.91
1080264,pac,43.500,230.750,992.64,990.62,21.71,6.63,57.84,57.84,0.00,69104.64,10.11
1080270,atl,52.750,-32.500,973.26,973.04,8.91,1.31,24.37,48.19,0.00,0.00,5.12
1080270,atl,52.500,-37.250,972.18,971.82,12.18,2.48,50.10,59.00,0.00,85198.10,5.77
1080270,pac,53.750,166.000,988.27,987.69,18.58,4.39,58.39,58.39,0.00,83238.63,6.96
1080270,pac,44.000,230.250,987.41,984.41,26.14,8.11,69.23,69.23,6557.07,118451.13,14.06
1080276,atl,53.250,-32.000,974.94,974.65,7.99,1.18,26.71,49.96,0.00,0.00,5.54
1080276,atl,51.250,-37.000,973.22,972.82,10.76,2.33,39.18,51.10,0.00,1876.37,4.70
1080276,pac,55.500,170.500,990.57,990.21,17.27,3.60,51.59,52.89,0.00,23083.54,6.28
1080276,pac,43.250,229.750,986.85,985.02,25.22,7.57,62.25,62.25,0.00,101335.91,10.67
1080282,atl,53.750,-32.250,975.03,974.83,8.27,1.19,38.92,51.39,0.00,7550.27,5.13
1080282,atl,50.750,-35.500,973.76,973.41,9.70,2.07,38.80,44.30,0.00,0.00,4.56
1080282,atl,38.250,-60.000,1002.90,1002.29,9.11,2.36,45.43,45.43,0.00,0.00,5.37
1080282,pac,57.000,174.250,990.54,990.10,16.18,3.19,44.57,48.68,0.00,0.00,5.67
1080282,pac,41.500,231.250,990.99,989.70,20.94,6.13,54.29,54.96,0.00,73288.44,7.59
1080288,atl,50.750,-34.000,974.69,974.46,9.73,2.12,35.76,43.27,0.00,0.00,4.38
1080288,atl,50.250,-18.500,985.69,985.22,7.32,1.99,49.76,49.76,0.00,0.00,5.00
1080288,atl,38.250,-54.000,1000.54,999.48,9.71,2.66,43.22,43.22,0.00,0.00,5.28
1080288,pac,58.250,177.500,993.11,992.86,13.49,2.53,38.55,40.81,0.00,0.00,4.84
1080288,pac,41.500,232.750,992.63,991.60,18.35,5.61,52.00,52.00,0.00,4643.50,7.05
1080294,atl,53.250,-16.500,978.18,977.26,11.26,3.40,44.04,44.04,0.00,0.00,6.66
1080294,atl,51.250,-32.000,973.71,973.49,9.62,2.09,35.16,41.49,0.00,0.00,3.96
1080294,atl,38.750,-48.500,997.88,997.03,9.55,2.70,42.61,42.98,0.00,0.00,4.75
1080294,pac,59.500,180.750,993.24,993.08,12.20,2.27,37.00,37.00,0.00,0.00,4.59
1080294,pac,41.250,233.250,995.59,994.60,16.82,5.10,47.95,47.95,0.00,0.00,7.11
1080300,atl,55.250,-14.000,976.62,975.86,13.11,4.05,54.05,54.05,0.00,6736.70,8.85
1080300,atl,52.000,-30.250,975.17,974.93,9.42,2.09,34.87,35.84,0.00,0.00,3.42
1080300,atl,39.750,-42.750,997.58,996.29,9.21,2.67,53.19,53.19,0.00,2983.58,5.43
1080300,pac,61.000,183.500,994.13,994.02,11.49,2.07,31.60,34.19,0.00,0.00,5.49
1080300,pac,40.500,233.250,998.74,997.95,14.03,4.26,47.50,49.14,0.00,0.00,6.25
1080306,atl,57.750,-12.000,975.56,974.81,13.50,3.85,47.17,48.32,0.00,0.00,7.47
1080306,atl,52.750,-28.250,975.34,975.09,8.92,2.06,36.90,39.06,0.00,0.00,3.43
1080306,atl,41.750,-36.250,992.69,991.35,10.14,3.00,57.10,57.10,0.00,28228.35,5.31
1080306,pac,61.750,186.500,993.52,993.36,11.44,2.19,25.09,34.49,0.00,0.00,4.80
1080306,pac,38.750,233.500,1003.26,1002.46,11.81,3.51,49.95,49.95,0.00,0.00,5.40
1080312,atl,59.500,-12.250,974.69,974.00,14.55,3.85,45.44,50.06,0.00,356.83,6.20
1080312,atl,53.500,-26.000,977.37,977.19,7.60,1.84,37.03,37.29,0.00,0.00,3.41
1080312,atl,49.250,-74.000,1004.23,1003.87,10.00,2.99,33.99,33.99,0.00,0.00,8.59
1080312,atl,44.250,-30.250,983.52,981.12,16.48,5.21,66.34,66.34,9593.73,164202.82,12.37
1080312,pac,62.500,189.500,993.95,993.77,10.98,2.27,28.66,30.14,0.00,0.00,4.20
1080312,pac,37.250,234.750,1004.72,1004.17,9.12,2.86,48.11,48.11,0.00,0.00,5.32
1080318,atl,61.000,-13.000,974.27,973.70,14.77,3.86,48.96,51.55,0.00,9554.83,10.89
1080318,atl,54.250,-23.500,977.17,977.04,6.56,1.55,34.83,35.67,0.00,0.00,3.11
1080318,atl,50.000,-71.750,1002.47,1002.04,12.46,3.56,40.57,40.57,0.00,0.00,10.12
1080318,atl,46.250,-24.000,976.58,975.85,20.29,6.42,81.44,81.44,63435.96,256985.48,14.25
1080318,pac,63.250,191.500,994.28,994.11,10.94,2.30,31.60,33.98,0.00,0.00,4.54
1080318,pac,56.500,208.250,1000.46,1000.28,8.91,2.11,34.96,36.67,0.00,0.00,5.06
1080324,atl,62.000,-15.500,975.42,974.86,14.29,3.68,54.00,54.85,0.00,22807.48,12.19
1080324,atl,61.750,-43.750,1000.57,999.66,4.40,1.60,41.25,44.15,0.00,0.00,12.78
1080324,atl,56.500,6.250,995.38,995.08,7.29,1.82,43.72,43.72,0.00,0.00,10.87
1080324,atl,55.250,-20.750,979.06,978.92,5.62,1.39,28.35,28.35,0.00,0.00,2.36
1080324,atl,48.000,-17.000,978.70,977.97,19.21,5.46,74.73,74.73,50244.62,293382.79,10.08
1080324,pac,63.500,193.250,995.46,995.26,10.78,2.36,32.01,34.90,0.00,0.00,4.79
1080324,pac,61.000,219.500,1002.00,1000.67,4.68,1.71,21.55,30.91,0.00,0.00,9.07
1080324,pac,56.500,211.500,994.96,994.71,11.12,2.59,33.91,38.37,0.00,0.00,6.11
1080330,atl,62.750,-18.250,977.03,976.46,13.43,3.05,41.65,54.29,0.00,13683.63,10.80
1080330,atl,61.250,-43.750,999.41,998.90,5.03,1.63,36.11,43.41,0.00,0.00,12.67
1080330,atl,56.750,8.250,995.96,995.44,6.74,2.03,44.78,44.78,0.00,0.00,5.78
1080330,atl,56.250,-19.250,980.24,980.12,5.40,1.27,23.70,34.90,0.00,0.00,3.38
1080330,atl,49.750,-11.000,979.43,978.77,17.74,4.45,70.73,70.73,24432.53,255805.08,8.10
1080330,pac,63.250,195.000,996.39,996.20,9.93,2.20,32.45,33.46,0.00,0.00,6.74
1080330,pac,61.250,225.250,1001.80,1001.52,5.14,1.08,15.41,23.83,0.00,0.00,11.43
1080330,pac,61.000,219.250,998.05,996.79,4.78,1.43,23.67,30.94,0.00,0.00,11.43
1080330,pac,56.500,214.250,990.63,990.29,12.20,2.79,37.20,39.92,0.00,0.00,4.54
1080336,atl,63.750,-21.250,980.87,980.65,13.71,2.31,38.37,67.97,2944.79,55013.35,8.30
1080336,atl,61.250,-44.500,1000.93,1000.13,5.25,1.51,34.76,48.40,0.00,0.00,12.84
1080336,atl,57.000,-17.500,983.82,983.70,5.09,1.15,23.21,36.77,0.00,0.00,3.32
1080336,atl,56.750,9.750,996.08,995.66,6.34,2.06,37.99,37.99,0.00,0.00,6.09
1080336,atl,51.250,-6.750,979.92,979.38,16.53,4.10,66.14,66.14,4063.47,159371.42,6.92
1080336,pac,63.000,196.750,998.36,998.24,7.62,1.64,33.17,33.77,0.00,0.00,4.86
1080336,pac,61.250,224.500,996.54,996.43,6.05,1.28,20.73,34.67,0.00,0.00,10.37
1080336,pac,58.500,230.000,996.82,996.40,5.77,1.83,24.76,32.76,0.00,0.00,13.95
1080336,pac,56.500,216.500,987.14,986.74,13.26,3.19,45.44,46.23,0.00,0.00,5.40
1080342,atl,65.250,-24.500,984.22,984.04,16.13,2.92,74.40,74.40,20603.71,104354.48,22.43
1080342,atl,61.750,-20.750,985.48,985.24,6.30,1.39,35.09,35.09,0.00,0.00,6.42
1080342,atl,61.500,-47.250,1001.22,1000.18,7.31,2.37,37.47,49.21,0.00,0.00,12.47
1080342,atl,57.250,-16.000,987.22,987.15,4.96,1.05,29.43,38.09,0.00,0.00,3.74
1080342,atl,52.000,-3.000,981.30,980.95,14.64,3.34,56.88,56.88,0.00,64399.84,6.78
1080342,atl,39.750,-52.500,1004.05,1003.46,8.22,2.33,45.23,49.71,0.00,0.00,5.29
1080342,pac,63.500,199.750,999.25,999.11,5.55,0.94,28.95,32.61,0.00,0.00,5.37
1080342,pac,61.750,224.000,994.73,994.54,6.87,1.65,20.36,42.86,0.00,0.00,11.10
1080342,pac,58.250,233.000,997.45,996.44,6.23,2.22,25.36,33.67,0.00,0.00,13.93
1080342,pac,56.750,217.500,985.21,984.98,13.40,3.24,42.86,45.96,0.00,0.00,9.95
1080342,pac,44.750,168.500,1002.63,1002.01,14.27,3.76,43.35,43.35,0.00,0.00,6.03
1080348,atl,65.000,-29.250,987.16,986.90,15.50,2.81,71.59,71.59,13235.70,74672.29,23.62
1080348,atl,63.000,-48.750,1003.51,1003.13,7.83,2.31,37.68,44.43,0.00,0.00,12.69
1080348,atl,62.500,-31.750,986.95,986.52,12.70,3.41,55.80,59.45,0.00,27219.98,8.78
1080348,atl,62.500,-20.750,989.74,989.49,6.17,1.40,31.42,39.57,0.00,0.00,5.32
1080348,atl,58.500,-14.500,991.87,991.80,5.06,1.10,32.21,34.96,0.00,0.00,3.04
1080348,atl,52.250,0.250,983.97,983.64,14.02,3.38,53.58,53.58,0.00,42024.35,5.90
1080348,atl,40.250,-51.750,1000.35,999.24,11.67,3.22,49.57,49.60,0.00,0.00,8.34
1080348,atl,40.250,-48.000,1000.51,999.33,10.61,2.43,44.96,45.97,0.00,0.00,8.34
1080348,pac,58.500,233.000,998.27,997.37,4.47,1.66,22.61,36.02,0.00,0.00,11.28
1080348,pac,56.250,219.750,985.78,985.65,12.07,2.64,41.84,43.33,0.00,0.00,9.82
1080348,pac,55.250,239.250,999.86,998.80,6.75,1.63,19.01,26.64,0.00,0.00,10.37
1080348,pac,46.000,169.250,1000.28,999.69,15.75,4.01,49.44,49.44,0.00,0.00,6.49
1080354,atl,63.250,-48.500,1003.91,1003.69,6.76,1.66,35.19,44.66,0.00,0.00,12.95
1080354,atl,62.500,-29.750,988.59,988.24,12.20,3.00,40.49,56.65,0.00,15758.05,8.24
1080354,atl,52.500,3.000,986.31,985.95,13.25,3.18,44.98,44.98,0.00,0.00,5.19
1080354,atl,42.250,-46.250,990.90,988.93,17.32,4.44,50.30,50.54,0.00,3556.17,10.04
1080354,pac,57.000,220.750,986.84,986.67,10.19,2.33,39.34,39.34,0.00,0.00,8.11
1080354,pac,46.500,169.000,995.54,994.53,18.36,5.04,52.15,52.15,0.00,16545.28,9.36
1080360,atl,63.000,-28.500,991.12,990.69,12.14,2.78,42.80,52.11,0.00,2807.10,6.93
1080360,atl,62.250,-45.000,1002.86,1002.21,5.20,1.39,28.04,42.63,0.00,0.00,14.02
1080360,atl,52.500,5.000,989.96,989.57,12.87,2.91,41.07,41.79,0.00,0.00,4.60
1080360,atl,43.750,-45.000,983.06,980.42,24.08,6.96,63.11,63.11,0.00,125655.45,13.90
1080360,pac,61.250,225.000,992.45,992.15,6.81,1.36,20.62,32.72,0.00,0.00,9.85
1080360,pac,57.750,220.000,987.52,987.30,9.44,2.39,35.59,38.19,0.00,0.00,9.04
1080360,pac,47.000,170.250,995.17,994.83,17.59,4.30,50.84,52.01,0.00,11957.45,7.26
1080366,atl,63.750,-28.000,993.40,993.08,12.19,2.74,44.69,55.29,0.00,10552.52,8.19
1080366,atl,62.500,-46.750,1001.99,1001.34,6.95,1.82,23.99,40.45,0.00,0.00,14.27
1080366,atl,52.500,6.500,992.84,992.49,11.98,2.73,38.46,38.83,0.00,0.00,4.70
1080366,atl,44.500,-43.750,980.79,979.24,23.67,6.97,74.87,74.87,22495.21,130246.71,12.07
1080366,pac,65.750,178.000,998.24,997.94,9.37,1.66,35.12,39.44,0.00,0.00,7.10
1080366,pac,58.250,219.000,988.65,988.39,10.03,2.40,34.52,38.31,0.00,0.00,11.31
1080366,pac,48.250,171.500,994.20,994.00,17.20,3.64,51.05,51.49,0.00,5854.08,7.03
1080372,atl,64.500,-27.750,995.50,995.23,12.82,2.92,42.91,53.82,0.00,6371.75,14.37
1080372,atl,63.500,-48.250,1003.12,1002.71,6.93,1.62,27.95,45.90,0.00,0.00,13.35
1080372,atl,52.000,7.000,997.19,996.92,10.28,2.43,37.34,37.34,0.00,0.00,4.48
1080372,atl,45.000,-41.750,983.85,982.69,20.83,6.11,66.89,66.89,16313.52,234703.98,9.55
1080372,pac,65.750,182.500,998.25,998.12,10.44,1.83,28.95,38.10,0.00,0.00,8.83
1080372,pac,60.750,225.000,996.29,996.08,6.25,1.31,20.39,23.49,0.00,0.00,10.66
1080372,pac,58.000,218.750,990.92,990.56,10.84,2.68,33.87,40.05,0.00,0.00,11.80
1080372,pac,56.000,238.000,999.20,998.73,4.76,1.10,18.52,18.59,0.00,0.00,12.50
1080372,pac,49.000,172.000,994.47,994.21,16.34,3.36,52.08,52.08,0.00,22364.58,6.45
1080378,atl,67.500,-36.750,1004.33,1003.91,4.86,1.30,38.78,41.83,0.00,0.00,16.01
1080378,atl,65.500,-27.250,998.69,998.47,11.46,2.78,42.72,43.89,0.00,0.00,16.01
1080378,atl,65.250,-49.000,1004.64,1004.32,6.26,1.48,42.88,46.12,0.00,0.00,11.17
1080378,atl,51.500,7.500,1001.97,1001.57,8.69,2.24,36.04,36.04,0.00,0.00,3.56
1080378,atl,50.500,-39.000,987.44,986.97,15.16,3.57,54.30,61.56,0.00,78356.66,7.25
1080378,atl,46.750,-38.750,985.78,985.13,16.57,4.41,61.56,61.56,0.00,179865.93,7.25
1080378,atl,46.000,-72.750,988.23,987.81,9.73,2.15,37.56,43.96,0.00,0.00,5.30
1080378,pac,60.500,226.000,999.64,999.27,5.39,1.23,17.78,25.67,0.00,0.00,10.33
1080378,pac,57.750,218.500,995.46,995.23,10.05,2.42,34.46,42.42,0.00,0.00,12.38
1080378,pac,57.000,235.000,999.40,999.15,4.35,1.48,27.96,27.96,0.00,0.00,10.33
1080378,pac,49.250,171.750,994.61,994.27,15.49,3.26,48.21,48.47,0.00,0.00,5.75
1080384,atl,66.250,-25.500,1002.70,1002.41,9.60,2.49,37.96,37.96,0.00,0.00,13.30
1080384,atl,49.500,-36.500,986.53,985.67,15.07,3.81,53.53,53.98,0.00,94905.69,6.12
1080384,atl,47.000,-69.250,987.53,987.19,8.48,1.70,29.03,33.94,0.00,0.00,5.58
1080384,atl,46.500,-64.250,988.74,988.54,8.56,1.43,42.73,56.95,0.00,4573.87,8.79
1080384,pac,60.250,227.750,1001.41,1001.03,6.54,1.54,20.68,20.68,0.00,0.00,8.67
1080384,pac,57.250,234.750,1000.13,999.65,5.10,1.60,27.94,27.94,0.00,0.00,8.20
1080384,pac,56.750,219.750,1000.75,1000.44,8.39,2.10,36.28,38.80,0.00,0.00,7.41
1080384,pac,49.500,171.750,995.68,995.34,14.63,3.10,45.01,45.81,0.00,0.00,5.00
1080390,atl,51.750,-35.500,985.03,984.25,14.86,3.90,56.03,56.03,0.00,77210.77,6.08
1080390,atl,48.500,-61.500,983.74,983.27,10.43,2.11,36.62,37.93,0.00,0.00,8.82
1080390,atl,45.250,-30.500,992.68,992.44,11.87,2.39,56.78,57.21,0.00,90340.72,5.30
1080390,atl,43.250,-69.250,989.25,988.93,8.89,2.14,32.26,58.84,0.00,14197.71,7.81
1080390,pac,56.750,235.250,1003.74,1003.28,4.38,1.63,17.08,17.08,0.00,0.00,9.12
1080390,pac,49.500,172.250,995.59,995.29,13.55,2.84,38.61,42.73,0.00,0.00,4.69
1080396,atl,53.250,-35.250,987.78,987.42,11.47,2.99,49.96,49.96,0.00,0.00,5.50
1080396,atl,49.750,-60.500,983.25,982.86,11.11,2.44,35.37,39.90,0.00,0.00,6.17
1080396,atl,49.250,-28.000,987.26,986.75,14.92,3.54,55.98,60.33,0.00,23125.23,6.71
1080396,atl,48.750,-53.250,986.34,986.07,10.87,2.45,46.74,47.87,0.00,0.00,5.38
1080396,atl,42.750,-62.000,990.46,990.19,8.30,1.95,58.18,61.36,0.00,133092.80,4.59
1080396,pac,49.750,173.000,997.28,997.01,12.19,2.55,33.21,36.49,0.00,0.00,3.90
1080402,atl,54.500,-34.750,989.49,989.36,7.55,1.74,48.18,49.78,0.00,0.00,4.35
1080402,atl,51.250,-26.750,985.58,985.06,15.72,3.63,47.88,50.15,0.00,496.73,6.71
1080402,atl,50.750,-59.750,982.39,981.65,12.96,3.07,44.94,51.13,0.00,1003.75,8.96
1080402,atl,50.250,-51.750,987.04,986.77,8.10,1.83,40.95,41.67,0.00,0.00,4.27
1080402,atl,44.500,-56.750,990.86,990.70,6.69,1.62,55.18,56.84,0.00,72839.58,5.26
1080402,pac,50.250,174.000,998.36,998.14,10.65,2.17,32.92,35.49,0.00,0.00,3.63
1080408,atl,55.750,-35.250,989.31,989.15,6.16,1.41,39.99,45.45,0.00,0.00,4.04
1080408,atl,54.750,-28.000,987.04,986.89,11.09,1.73,44.66,50.47,0.00,1429.95,6.58
1080408,atl,54.000,-24.500,987.26,987.05,14.37,2.87,50.47,50.47,0.00,2384.13,6.58
1080408,atl,51.500,-58.750,983.33,982.62,14.90,3.77,42.47,54.00,0.00,5069.80,9.32
1080408,atl,51.500,-51.000,987.80,987.54,6.93,1.58,39.19,39.19,0.00,0.00,4.91
1080408,pac,51.000,175.250,999.97,999.76,9.50,1.94,34.80,35.87,0.00,0.00,3.15
1080414,atl,57.750,-29.250,985.49,985.41,10.27,1.41,30.46,47.64,0.00,0.00,6.14
1080414,atl,57.500,-44.750,989.98,989.44,5.92,1.88,55.23,55.92,0.00,17764.98,17.47
1080414,atl,57.000,-25.000,985.37,985.13,13.38,2.41,50.35,50.40,0.00,1285.18,6.30
1080414,atl,52.500,-55.750,985.17,984.62,12.18,2.90,38.72,44.94,0.00,0.00,5.77
1080414,pac,52.000,177.500,1000.09,999.99,8.50,1.59,34.29,34.65,0.00,0.00,3.20
1080420,atl,59.250,-30.250,983.48,983.36,12.35,1.73,29.58,47.74,0.00,0.00,6.05
1080420,atl,53.750,-53.250,985.33,984.70,12.53,3.01,38.50,38.50,0.00,0.00,5.40
1080420,pac,55.750,181.500,1000.57,1000.36,7.48,1.36,29.03,33.21,0.00,0.00,3.27
1080426,atl,62.000,-26.500,982.92,982.68,15.79,2.76,42.69,59.76,0.00,27284.23,8.19
1080426,atl,60.750,-30.000,983.07,982.91,13.37,1.62,31.57,58.92,0.00,22638.22,7.23
1080426,atl,60.500,-33.000,983.07,982.87,12.86,2.17,48.63,59.49,0.00,62675.09,8.06
1080426,atl,57.250,-51.750,985.18,984.58,12.49,3.01,46.64,54.20,0.00,7175.62,7.36
1080426,atl,54.500,-52.250,984.97,984.63,13.46,3.15,47.39,47.39,0.00,0.00,7.36
1080426,atl,47.750,-78.250,1001.64,1001.38,9.53,2.18,34.92,34.92,0.00,0.00,5.09
1080426,pac,57.250,185.000,999.64,999.43,8.88,1.89,30.42,31.00,0.00,0.00,3.66
1080426,pac,32.250,162.250,1001.57,1000.90,6.35,1.82,41.46,41.46,0.00,0.00,3.29
1080432,atl,63.250,-28.000,983.43,983.21,15.28,3.05,52.30,63.18,0.00,103907.65,7.98
1080432,atl,56.500,-52.250,985.20,984.72,14.49,3.55,49.31,50.07,0.00,400.89,7.14
1080432,pac,57.500,186.000,1000.48,1000.26,8.89,2.01,34.04,34.04,0.00,0.00,3.74
1080432,pac,34.000,164.250,1003.37,1002.86,6.66,1.92,35.52,38.48,0.00,0.00,2.70
1080438,atl,64.000,-29.500,982.64,982.38,15.57,3.84,63.35,67.18,6160.33,122755.02,13.56
1080438,atl,56.000,-49.500,986.89,986.53,12.69,3.11,48.92,50.68,0.00,1245.62,6.99
1080438,pac,58.250,190.500,1002.95,1002.81,6.89,1.44,31.91,31.91,0.00,0.00,3.31
1080438,pac,36.250,167.250,1002.11,1001.64,7.58,2.06,35.29,37.05,0.00,0.00,3.27
1080444,atl,63.750,-30.750,983.98,983.63,13.62,3.62,59.88,63.10,0.00,100708.50,12.67
1080444,atl,62.750,-50.000,993.19,992.89,7.68,2.01,48.22,55.25,0.00,36768.33,23.44
1080444,atl,60.250,-37.250,987.98,987.51,6.57,2.06,47.96,53.46,0.00,5029.71,8.76
1080444,atl,60.250,-16.750,997.20,996.96,5.83,1.62,37.69,40.63,0.00,0.00,5.79
1080444,atl,56.750,-46.250,989.65,989.39,9.74,2.51,48.60,48.60,0.00,0.00,6.13
1080444,pac,60.500,197.250,1004.19,1003.96,6.51,1.45,24.99,29.34,0.00,0.00,5.45
1080444,pac,56.250,215.250,1002.94,1002.64,9.69,2.33,35.85,35.91,0.00,0.00,4.34
1080444,pac,38.000,168.500,1002.55,1001.95,8.31,2.40,35.48,35.48,0.00,0.00,4.09
1080450,atl,66.750,-42.750,997.08,996.65,4.38,1.60,33.63,58.84,0.00,42373.40,19.76
1080450,atl,63.750,-31.750,984.16,983.73,13.09,3.66,58.84,58.84,0.00,83602.88,10.86
1080450,atl,63.500,-50.250,993.20,993.02,9.37,2.32,55.61,56.54,0.00,55913.57,19.76
1080450,atl,62.500,-14.750,995.60,995.25,6.60,1.80,37.53,43.47,0.00,0.00,4.60
1080450,pac,64.500,207.250,1004.01,1003.80,6.60,1.66,26.50,28.38,0.00,0.00,11.28
1080450,pac,56.750,170.000,1003.58,1003.21,8.91,2.47,30.18,30.27,0.00,0.00,3.60
1080450,pac,56.500,216.750,1001.80,1001.55,9.05,2.25,39.12,40.34,0.00,0.00,10.63
1080450,pac,39.750,170.250,1003.57,1003.04,7.68,1.91,41.35,49.08,0.00,0.00,3.25
1080456,atl,67.250,-37.750,994.97,993.54,7.27,2.19,58.40,58.40,0.00,41202.65,20.38
1080456,atl,64.250,-13.500,994.22,993.80,8.66,2.13,32.04,43.52,0.00,0.00,4.70
1080456,atl,63.750,-32.500,985.40,984.97,12.40,3.53,58.40,58.40,0.00,41504.60,14.97
1080456,atl,61.750,-46.000,993.41,992.53,4.03,0.84,44.87,50.28,0.00,689.62,20.08
1080456,pac,66.000,215.500,1002.62,1002.25,6.70,1.44,27.26,27.26,0.00,0.00,10.89
1080456,pac,65.000,210.500,1003.22,1002.85,6.18,1.24,27.26,27.26,0.00,0.00,10.89
1080456,pac,57.500,171.250,1003.62,1003.41,8.59,2.31,32.97,33.02,0.00,0.00,4.41
1080456,pac,56.750,217.000,1000.49,1000.24,7.96,2.08,45.63,45.63,0.00,0.00,11.97
1080456,pac,41.250,171.500,1004.76,1004.18,8.29,2.18,33.06,37.20,0.00,0.00,3.65
1080462,atl,66.000,-13.000,993.17,992.83,9.30,2.19,33.16,56.33,0.00,10284.21,4.83
1080462,atl,63.500,-34.000,985.29,984.83,12.10,3.43,59.31,59.31,0.00,36607.64,16.23
1080462,atl,62.500,-46.250,993.06,992.58,5.26,1.22,49.02,54.55,0.00,12844.76,19.88
1080462,pac,64.750,211.750,1002.72,1002.47,5.85,1.09,18.29,18.29,0.00,0.00,10.76
1080462,pac,58.000,172.500,1003.93,1003.82,6.64,1.68,33.85,33.85,0.00,0.00,4.72
1080462,pac,57.000,217.500,998.74,998.57,7.43,1.87,45.32,45.32,0.00,0.00,12.99
1080462,pac,42.500,172.500,1002.50,1001.93,8.79,2.31,32.58,34.63,0.00,0.00,4.05
1080468,atl,67.000,-13.000,993.58,993.01,9.61,2.49,42.19,53.86,0.00,9594.97,5.19
1080468,atl,63.000,-47.750,993.97,993.21,8.08,1.84,42.78,54.51,0.00,43275.17,21.25
1080468,atl,62.750,-36.250,986.75,986.29,11.44,3.20,58.16,58.16,0.00,27651.04,10.78
1080468,atl,58.000,-43.250,993.14,992.72,5.87,1.78,42.25,43.09,0.00,0.00,4.46
1080468,pac,65.500,216.750,1001.99,1001.68,6.67,1.43,18.14,23.28,0.00,0.00,12.83
1080468,pac,64.500,213.250,1001.97,1001.68,6.04,1.13,17.08,18.14,0.00,0.00,9.59
1080468,pac,56.750,217.250,997.13,997.06,6.77,1.33,42.22,43.16,0.00,0.00,12.39
1080468,pac,55.500,164.000,1002.34,1002.17,5.08,1.66,28.79,31.39,0.00,0.00,6.18
1080468,pac,43.750,173.250,998.67,998.03,11.75,3.13,37.44,43.48,0.00,0.00,6.44
1080474,atl,68.000,-12.250,993.95,993.72,9.28,2.46,41.61,48.77,0.00,0.00,6.38
1080474,atl,63.250,-48.250,993.66,993.26,10.55,2.76,49.53,56.75,0.00,55102.68,16.83
1080474,atl,62.000,-38.250,988.07,987.36,10.22,3.07,56.75,56.75,0.00,14887.32,7.05
1080474,atl,50.750,-41.500,999.58,999.31,6.87,1.71,47.08,50.71,0.00,4161.63,4.07
1080474,atl,31.250,-4.500,1000.19,999.81,6.75,1.50,37.12,41.55,0.00,0.00,14.50
1080474,pac,55.750,166.500,1001.28,1000.90,6.04,1.68,31.85,32.30,0.00,0.00,7.62
1080474,pac,55.750,217.750,994.45,994.35,7.53,1.16,31.42,41.72,0.00,0.00,11.76
1080474,pac,45.000,178.250,990.88,990.18,17.69,4.23,50.16,53.98,0.00,8028.36,7.69
1080474,pac,31.250,164.500,997.37,996.35,14.56,4.47,55.99,55.99,0.00,36650.72,7.15
1080480,atl,63.000,-48.500,995.04,994.34,11.24,2.71,51.71,53.96,0.00,53437.91,20.09
1080480,atl,61.250,-39.500,990.68,990.17,8.52,2.74,50.35,50.35,0.00,704.66,11.06
1080480,atl,57.500,-42.250,993.50,993.21,4.60,1.38,37.81,48.70,0.00,0.00,5.72
1080480,atl,52.500,-36.500,991.10,990.72,11.46,3.16,46.68,49.74,0.00,0.00,5.71
1080480,pac,56.250,169.250,1000.55,1000.18,6.67,1.69,33.05,33.05,0.00,0.00,4.15
1080480,pac,56.000,218.250,992.22,992.01,8.37,1.58,40.64,41.20,0.00,0.00,12.51
1080480,pac,46.250,181.250,985.33,984.47,21.48,5.86,52.08,52.08,0.00,7601.61,10.30
1080480,pac,31.750,166.500,1002.45,1001.80,11.69,3.30,50.24,50.24,0.00,655.35,5.80
1080486,atl,67.750,-36.250,1001.31,1000.79,6.07,2.17,41.15,41.19,0.00,0.00,13.41
1080486,atl,63.250,-48.750,995.07,994.75,11.69,2.99,49.43,50.95,0.00,4273.02,21.02
1080486,atl,60.250,-40.500,991.61,991.19,6.48,2.30,48.82,48.82,0.00,0.00,8.18
1080486,atl,54.500,-35.500,980.83,979.94,16.08,4.81,52.50,52.50,0.00,9230.47,7.59
1080486,pac,57.500,219.000,990.73,990.43,7.69,1.96,37.43,37.43,0.00,0.00,10.47
1080486,pac,57.000,172.000,999.64,999.35,7.46,1.67,34.42,38.12,0.00,0.00,5.25
1080486,pac,51.000,225.000,993.98,993.81,6.85,1.24,39.21,56.21,0.00,4434.21,5.28
1080486,pac,47.500,185.750,989.26,989.05,15.48,3.47,48.98,48.98,0.00,0.00,7.18
1080486,pac,32.500,168.250,1003.97,1003.50,9.65,2.70,43.86,43.86,0.00,0.00,4.07
1080492,atl,67.500,-36.000,1004.17,1003.30,4.51,1.69,39.82,39.82,0.00,0.00,15.28
1080492,atl,63.750,-49.500,997.47,996.93,10.96,3.01,47.37,47.77,0.00,0.00,20.45
1080492,atl,54.750,-34.750,975.61,974.95,18.58,5.31,51.54,53.07,0.00,18928.52,9.32
1080492,pac,62.500,222.250,993.71,993.40,6.76,1.59,21.48,31.82,0.00,0.00,10.53
1080492,pac,59.500,170.500,1000.18,999.88,7.24,1.73,35.01,38.90,0.00,0.00,5.54
1080492,pac,58.500,218.000,990.94,990.61,6.12,1.51,31.82,35.64,0.00,0.00,7.98
1080492,pac,57.500,174.500,998.56,998.35,8.38,1.76,39.38,39.99,0.00,0.00,5.54
1080492,pac,52.750,225.500,991.33,991.13,7.99,1.68,51.16,51.72,0.00,5655.60,5.99
1080492,pac,49.000,192.500,989.29,988.74,13.33,2.76,41.00,49.56,0.00,0.00,6.27
1080498,atl,64.500,-49.500,999.01,998.39,9.05,2.47,45.23,45.23,0.00,0.00,21.68
1080498,atl,55.250,-33.500,973.57,972.99,18.15,4.72,53.34,53.34,0.00,31198.33,6.91
1080498,atl,54.500,-79.000,996.49,995.96,14.79,3.49,38.74,39.37,0.00,0.00,5.31
1080498,pac,62.750,222.500,990.64,990.15,7.55,1.88,25.23,28.03,0.00,0.00,9.95
1080498,pac,59.250,217.000,989.56,989.30,5.95,1.15,28.74,37.01,0.00,0.00,9.74
1080498,pac,57.750,177.250,997.96,997.85,8.42,1.64,45.15,45.15,0.00,0.00,4.63
1080498,pac,57.000,221.750,990.04,989.98,5.38,1.21,35.63,46.19,0.00,0.00,7.97
1080498,pac,55.500,224.750,989.89,989.61,7.04,1.78,46.48,46.57,0.00,0.00,7.97
1080498,pac,49.500,196.250,987.29,986.86,12.67,2.71,38.59,49.89,0.00,0.00,5.38
1080504,atl,64.500,-49.750,999.50,999.14,7.14,2.14,39.21,44.35,0.00,0.00,13.24
1080504,atl,55.250,-71.250,999.92,999.40,9.42,2.00,27.02,35.50,0.00,0.00,4.87
1080504,atl,55.250,-32.500,972.81,972.25,17.38,4.40,50.30,51.09,0.00,5867.66,6.65
1080504,atl,55.000,-77.000,1000.52,999.85,12.12,3.18,35.50,35.50,0.00,0.00,4.87
1080504,pac,62.000,220.500,984.63,984.27,10.03,2.39,29.60,29.60,0.00,0.00,11.96
1080504,pac,57.500,183.500,997.34,997.21,6.87,1.02,40.34,42.29,0.00,0.00,4.41
1080504,pac,49.750,200.000,982.65,982.12,15.06,3.72,49.62,50.76,0.00,9941.50,6.91
1080510,atl,64.500,-50.000,998.86,998.42,5.19,1.83,36.53,47.98,0.00,0.00,10.45
1080510,atl,64.000,-53.000,998.71,998.42,6.48,1.60,36.61,38.21,0.00,0.00,10.45
1080510,atl,59.250,-33.250,971.23,970.77,18.92,4.16,57.34,57.36,0.00,80209.58,8.93
1080510,atl,55.500,-30.000,973.29,972.94,14.80,3.55,48.42,51.95,0.00,1600.68,7.07
1080510,atl,55.000,-64.500,997.91,997.55,7.02,1.87,25.23,25.23,0.00,0.00,4.71
1080510,pac,62.500,220.750,982.66,982.11,10.68,3.11,33.96,33.96,0.00,0.00,12.05
1080510,pac,60.250,213.250,989.07,988.86,4.46,1.21,33.96,33.96,0.00,0.00,11.20
1080510,pac,57.000,188.500,996.66,996.58,5.26,1.24,28.04,43.39,0.00,0.00,4.03
1080510,pac,50.000,204.750,979.35,978.83,15.74,4.01,55.86,55.86,0.00,58084.69,7.81
1080516,atl,59.250,-34.500,964.10,963.31,23.64,6.04,65.12,68.92,34018.20,121117.26,10.99
1080516,atl,59.000,-51.500,992.15,992.08,4.36,0.96,26.66,40.68,0.00,0.00,8.17
1080516,atl,54.500,-59.000,995.30,995.11,4.60,1.03,30.22,30.22,0.00,0.00,3.62
1080516,pac,64.000,233.250,988.51,987.84,5.49,0.97,21.34,26.89,0.00,0.00,13.27
1080516,pac,63.000,223.750,986.63,986.50,6.78,2.19,22.23,27.59,0.00,0.00,13.27
1080516,pac,60.000,212.750,990.31,990.06,4.40,1.20,20.00,27.59,0.00,0.00,9.25
1080516,pac,56.750,189.000,996.23,996.11,6.00,1.46,34.07,40.62,0.00,0.00,3.70
1080516,pac,50.000,208.500,977.63,977.11,15.67,3.91,56.88,56.88,0.00,104078.36,7.47
1080522,atl,59.750,-34.000,961.40,960.69,23.79,5.71,54.26,65.58,2857.55,111357.66,9.12
1080522,pac,64.500,229.500,989.03,987.43,4.01,1.35,19.75,25.17,0.00,0.00,12.82
1080522,pac,63.250,226.250,989.16,988.97,4.35,1.72,19.69,21.73,0.00,0.00,12.82
1080522,pac,62.750,235.500,987.69,987.09,5.96,1.19,19.17,26.43,0.00,0.00,12.00
1080522,pac,55.500,190.500,996.96,996.83,6.20,1.43,37.41,47.24,0.00,0.00,3.98
1080522,pac,50.250,213.000,975.87,975.51,15.82,3.66,55.78,55.78,0.00,84602.35,6.94
1080528,atl,61.000,-47.250,978.38,977.92,5.17,1.43,50.22,50.22,0.00,707.66,8.35
1080528,atl,61.000,-35.000,962.86,962.30,23.28,5.51,56.31,69.21,5872.41,102814.83,9.34
1080528,pac,62.500,228.250,989.36,989.07,5.25,1.26,21.74,23.72,0.00,0.00,10.61
1080528,pac,62.000,224.500,989.18,988.91,6.01,1.86,22.83,23.72,0.00,0.00,10.61
1080528,pac,61.750,236.750,987.92,987.59,6.30,1.13,20.59,35.60,0.00,0.00,10.61
1080528,pac,59.000,237.000,987.98,987.68,7.12,2.03,35.60,35.60,0.00,0.00,10.40
1080528,pac,53.000,202.250,991.39,990.94,5.17,1.20,30.56,38.80,0.00,0.00,3.70
1080528,pac,50.750,216.500,975.03,974.62,15.42,3.33,58.39,58.39,0.00,121491.33,6.40
1080534,atl,62.750,-50.250,975.84,975.51,11.25,2.89,50.66,59.58,0.00,64199.25,14.56
1080534,atl,62.750,-37.500,965.86,965.37,21.18,5.46,55.37,55.37,0.00,55785.58,17.45
1080534,pac,63.000,225.500,991.16,990.85,5.95,1.92,17.54,17.81,0.00,0.00,7.89
1080534,pac,60.750,238.750,989.14,988.85,7.52,1.90,23.81,27.79,0.00,0.00,8.22
1080534,pac,51.500,219.000,973.75,973.48,14.99,3.05,51.45,55.25,0.00,49427.24,5.99
1080540,atl,64.750,-50.250,977.40,977.18,13.15,3.05,60.08,60.08,0.00,131423.67,15.82
1080540,atl,63.000,-40.250,974.25,973.68,12.81,3.35,52.11,56.26,0.00,20632.54,15.25
1080540,atl,54.500,-34.500,978.68,978.48,5.96,1.04,33.02,57.09,0.00,9578.82,8.27
1080540,atl,51.750,-30.750,974.80,973.08,16.01,4.51,61.48,61.48,0.00,70592.43,8.27
1080540,pac,63.250,226.250,992.33,992.03,5.50,1.85,13.06,18.30,0.00,0.00,10.09
1080540,pac,53.250,161.500,1004.59,1004.36,4.86,1.54,34.89,34.89,0.00,0.00,11.89
1080540,pac,52.500,220.500,972.68,972.52,14.60,2.78,47.45,52.61,0.00,2218.97,5.79
1080546,atl,65.500,-49.500,978.07,977.24,15.78,3.98,68.62,68.62,8889.43,153739.00,19.32
1080546,atl,60.500,-43.000,980.38,980.09,5.67,1.08,33.71,46.61,0.00,0.00,6.96
1080546,atl,60.500,-38.000,980.39,979.79,5.42,1.34,34.11,38.69,0.00,0.00,6.38
1080546,atl,55.250,-29.000,967.16,965.60,21.06,5.84,56.67,56.67,0.00,85661.42,8.31
1080546,pac,55.000,164.250,1002.54,1002.23,6.30,1.90,32.02,32.02,0.00,0.00,8.59
1080546,pac,53.750,220.500,973.66,973.46,13.78,2.66,43.23,47.41,0.00,0.00,6.64
1080552,atl,68.500,-51.000,986.43,985.78,15.57,4.33,54.97,54.97,0.00,35251.02,16.33
1080552,atl,57.000,-29.750,960.51,959.46,26.58,7.62,53.33,59.71,0.00,86823.18,12.29
1080552,pac,56.000,166.250,1001.76,1001.45,6.07,1.81,30.92,30.92,0.00,0.00,9.10
1080552,pac,54.500,219.000,973.73,973.41,14.09,3.23,44.13,47.15,0.00,0.00,5.99
1080552,pac,44.000,222.000,994.68,993.91,7.29,2.24,39.40,39.40,0.00,0.00,4.29
1080558,atl,58.250,-30.500,958.68,957.60,26.46,7.23,60.35,60.35,0.00,125206.08,10.80
1080558,pac,62.500,220.750,983.68,983.24,8.89,2.08,23.59,49.83,0.00,0.00,12.33
1080558,pac,54.500,218.500,974.33,973.92,15.21,3.80,48.47,49.83,0.00,0.00,7.71
1080558,pac,46.750,225.500,992.06,991.35,8.94,2.62,42.41,42.41,0.00,0.00,4.67
1080564,atl,59.750,-31.750,959.35,958.51,26.04,6.51,55.47,55.47,0.00,100401.45,9.42
1080564,pac,62.500,221.000,983.54,983.00,9.62,2.81,41.50,56.89,0.00,1545.54,14.43
1080564,pac,56.500,218.500,976.06,975.72,12.41,3.30,44.37,56.89,0.00,1545.54,9.79
1080564,pac,52.500,226.500,985.48,985.08,7.69,1.81,57.45,57.45,0.00,46672.48,7.25
1080570,atl,60.500,-34.750,959.78,959.17,26.23,5.94,54.08,59.58,0.00,81460.44,11.82
1080570,pac,63.250,221.500,985.74,985.31,7.41,2.40,26.73,44.32,0.00,0.00,14.14
1080570,pac,57.500,218.000,977.62,977.15,10.57,2.55,42.72,47.05,0.00,0.00,12.28
1080576,atl,61.500,-46.750,978.01,976.60,11.82,3.14,62.98,62.98,0.00,51507.66,15.01
1080576,atl,60.500,-37.250,962.00,961.19,25.14,6.11,56.78,57.80,0.00,126343.10,13.68
1080576,pac,62.250,223.750,981.95,981.68,8.77,2.35,28.59,49.58,0.00,0.00,16.85
1080576,pac,59.750,213.500,979.23,978.63,15.24,3.47,52.87,55.63,0.00,6809.31,20.91
1080582,atl,61.250,-9.000,994.05,993.73,7.70,1.71,37.66,41.39,0.00,0.00,4.11
1080582,atl,60.000,-39.000,965.49,964.88,23.16,5.81,55.46,55.46,0.00,81494.93,9.57
1080582,atl,56.750,-8.500,995.52,995.26,5.50,1.30,34.20,35.29,0.00,0.00,3.73
1080582,pac,62.250,224.000,985.15,985.03,8.71,2.37,30.19,31.42,0.00,0.00,11.33
1080582,pac,60.250,237.500,988.68,988.44,7.95,1.89,43.27,43.27,0.00,0.00,12.26
1080582,pac,59.500,212.500,983.48,983.16,15.78,3.71,53.49,55.99,0.00,9650.05,26.01
1080582,pac,53.500,160.500,969.50,969.10,14.22,2.27,43.17,51.37,0.00,7165.29,11.56
1080588,atl,63.000,-79.500,993.72,993.55,8.51,1.84,32.02,33.57,0.00,0.00,5.33
1080588,atl,61.750,-8.000,991.95,991.77,9.28,1.76,37.65,44.23,0.00,0.00,5.10
1080588,atl,60.500,-4.250,991.95,991.62,10.95,2.25,45.28,47.70,0.00,0.00,5.55
1080588,atl,60.000,-39.500,971.39,970.67,20.36,5.18,50.56,54.09,0.00,5427.22,10.32
1080588,pac,62.500,227.250,991.82,991.69,7.29,1.91,23.92,34.21,0.00,0.00,11.52
1080588,pac,61.250,216.750,992.93,991.73,7.88,2.44,27.34,43.98,0.00,0.00,24.82
1080588,pac,59.000,211.750,989.91,989.44,14.81,3.55,52.22,52.22,0.00,6067.99,24.82
1080588,pac,54.000,162.000,970.00,969.61,13.72,2.40,37.23,53.01,0.00,1937.40,8.43
1080594,atl,63.500,-79.000,993.14,992.90,8.48,1.94,30.90,33.07,0.00,0.00,4.40
1080594,atl,62.250,-6.000,987.68,987.30,12.55,3.00,45.73,46.51,0.00,0.00,5.86
1080594,atl,59.750,-40.000,975.88,975.22,18.30,4.99,48.94,59.79,0.00,5483.50,9.91
1080594,atl,56.000,2.250,996.29,996.12,9.34,2.12,40.05,42.64,0.00,0.00,9.59
1080594,pac,63.000,228.500,996.32,995.86,6.72,1.84,32.67,41.61,0.00,0.00,9.34
1080594,pac,58.000,211.750,998.65,998.18,9.62,2.69,41.48,42.41,0.00,0.00,8.86
1080594,pac,54.500,163.250,970.63,970.29,13.20,2.29,33.92,52.30,0.00,11305.41,9.72
1080600,atl,64.500,-52.250,990.92,990.69,8.95,2.84,38.46,50.73,0.00,365.77,9.30
1080600,atl,63.500,-8.000,985.28,984.70,14.28,3.87,42.09,42.09,0.00,0.00,5.73
1080600,atl,63.250,-79.000,993.91,993.70,7.96,1.77,29.58,29.58,0.00,0.00,4.45
1080600,atl,59.250,-40.750,981.58,980.87,16.19,4.32,43.88,50.73,0.00,365.77,10.27
1080600,atl,58.250,3.500,992.95,992.72,10.53,2.43,46.02,46.02,0.00,0.00,10.38
1080600,pac,61.000,236.500,998.21,997.87,5.72,1.28,34.69,34.69,0.00,0.00,7.12
1080600,pac,54.750,164.500,973.33,973.07,13.18,2.31,36.21,49.82,0.00,0.00,9.59
1080600,pac,54.250,228.000,1004.93,1004.36,4.01,1.55,34.29,34.29,0.00,0.00,5.66
1080606,atl,64.750,-53.500,993.81,993.60,7.52,2.29,37.76,41.73,0.00,0.00,9.42
1080606,atl,64.500,-12.000,984.69,984.16,13.53,3.54,41.17,41.17,0.00,0.00,5.66
1080606,atl,63.250,-78.750,993.53,993.33,7.82,1.79,31.22,31.22,0.00,0.00,4.63
1080606,atl,60.000,2.250,991.98,991.69,8.75,2.16,32.72,37.12,0.00,0.00,8.53
1080606,atl,58.250,-40.000,985.65,985.06,13.90,3.93,45.08,45.08,0.00,0.00,7.44
1080606,atl,55.000,-22.000,993.91,993.48,5.57,1.73,39.40,39.40,0.00,0.00,3.82
1080606,pac,63.250,231.250,1002.90,1002.48,4.68,1.73,20.74,24.88,0.00,0.00,6.70
1080606,pac,54.750,166.000,976.53,976.31,12.99,2.41,38.36,53.90,0.00,1990.03,7.60
1080612,atl,69.000,-56.500,997.64,997.20,9.37,2.23,36.55,36.79,0.00,0.00,14.77
1080612,atl,65.000,-17.500,987.11,986.69,11.30,2.26,41.26,51.10,0.00,2337.73,5.30
1080612,atl,64.750,-54.500,997.47,997.13,4.93,1.58,35.01,36.79,0.00,0.00,8.03
1080612,atl,63.000,-74.500,994.75,994.51,6.62,1.28,25.47,33.15,0.00,0.00,5.33
1080612,atl,62.500,-79.000,994.91,994.76,6.91,1.57,33.15,33.15,0.00,0.00,4.74
1080612,atl,61.250,1.250,991.31,990.83,8.86,2.42,32.27,34.02,0.00,0.00,8.12
1080612,atl,57.500,-37.500,989.29,988.72,12.08,3.42,49.39,49.39,0.00,0.00,5.55
1080612,atl,55.000,-14.000,988.84,988.47,8.80,2.15,40.92,48.31,0.00,0.00,5.51
1080612,atl,53.750,-80.000,990.78,990.48,12.25,3.04,32.82,32.82,0.00,0.00,4.89
1080612,pac,54.750,167.250,981.34,981.11,12.54,2.43,34.41,50.64,0.00,1990.03,7.11
1080618,atl,67.000,-52.000,1000.33,999.82,5.23,1.23,26.74,34.13,0.00,0.00,7.39
1080618,atl,64.750,-26.000,987.60,987.36,11.44,2.50,52.09,55.41,0.00,22675.97,12.72
1080618,atl,62.750,-0.250,990.62,990.04,8.65,2.43,33.56,33.56,0.00,0.00,6.27
1080618,atl,61.000,-71.000,995.43,995.20,4.05,1.01,31.59,31.59,0.00,0.00,5.49
1080618,atl,57.000,-34.250,991.30,990.87,10.47,3.02,51.79,51.79,0.00,10703.95,5.74
1080618,atl,56.000,-13.000,981.90,981.30,12.32,3.21,49.70,51.98,0.00,9295.67,6.15
1080618,atl,53.750,-5.500,983.93,983.11,14.03,3.94,50.87,50.87,0.00,1403.25,7.34
1080618,atl,53.000,-75.500,991.25,991.04,9.46,2.30,44.03,44.03,0.00,0.00,5.98
1080618,atl,39.500,-54.500,1000.64,999.60,14.83,4.34,53.27,53.27,0.00,7234.00,9.46
1080618,pac,60.250,189.500,998.48,997.90,9.25,2.36,36.27,41.34,0.00,0.00,4.67
1080618,pac,55.000,169.750,985.65,985.46,12.12,2.14,34.10,54.55,0.00,6734.26,5.89
1080624,atl,64.500,-29.500,990.19,989.87,11.74,2.93,53.52,56.31,0.00,24070.50,10.61
1080624,atl,64.250,-2.250,991.10,990.79,8.11,2.13,32.97,32.97,0.00,0.00,3.97
1080624,atl,56.750,-30.500,994.34,994.10,8.51,2.48,45.01,45.61,0.00,0.00,4.55
1080624,atl,56.500,-7.000,977.95,977.17,14.37,3.31,45.02,57.97,0.00,29353.21,8.19
1080624,atl,56.250,-2.750,977.85,976.55,16.82,4.70,51.46,51.46,0.00,8159.91,8.19
1080624,atl,54.500,-13.000,979.14,978.44,16.28,4.43,60.57,60.57,0.00,140413.58,8.12
1080624,atl,49.750,-68.750,994.11,993.95,6.32,1.29,28.87,34.77,0.00,0.00,4.29
1080624,atl,41.750,-53.000,992.21,989.47,19.36,6.33,60.42,60.42,0.00,34179.13,15.31
1080624,pac,60.750,193.000,1002.61,1002.17,7.58,1.98,33.85,34.27,0.00,0.00,3.55
1080624,pac,55.250,170.750,990.90,990.71,11.73,2.03,38.11,52.42,0.00,8672.12,6.07
1080630,atl,64.000,-8.750,991.56,991.44,4.85,1.14,25.70,41.02,0.00,0.00,6.24
1080630,atl,63.750,-32.750,992.61,992.45,10.89,2.83,50.29,50.29,0.00,317.39,10.52
1080630,atl,62.000,-72.000,999.31,999.20,5.50,1.28,30.54,30.54,0.00,0.00,6.62
1080630,atl,57.750,-4.000,974.24,973.24,17.42,4.72,54.79,55.54,0.00,21732.92,6.82
1080630,atl,56.500,-26.250,994.71,994.42,7.83,2.55,44.78,44.99,0.00,0.00,4.39
1080630,atl,53.000,-9.000,979.24,978.56,15.63,4.06,63.56,63.56,0.00,208854.22,7.55
1080630,atl,48.750,-64.750,990.81,990.65,7.79,1.73,24.15,38.04,0.00,0.00,6.58
1080630,atl,43.750,-51.000,983.63,982.05,21.33,7.37,66.41,66.41,4573.85,83552.52,14.51
1080630,pac,61.250,197.000,1004.32,1003.91,7.05,1.72,28.18,28.77,0.00,0.00,5.87
1080630,pac,55.000,171.250,994.76,994.60,11.67,2.10,35.42,47.55,0.00,0.00,5.19
1080636,atl,62.750,-35.250,997.20,997.12,9.00,2.26,46.42,47.46,0.00,0.00,9.25
1080636,atl,62.250,-73.000,1002.14,1001.96,5.11,1.20,28.94,29.87,0.00,0.00,6.26
1080636,atl,57.750,-6.500,976.34,975.58,16.46,4.51,55.30,58.08,0.00,34040.62,7.25
1080636,atl,56.000,-22.500,996.80,996.38,6.82,2.41,45.49,45.49,0.00,0.00,4.23
1080636,atl,55.500,-53.000,995.10,995.02,5.06,1.07,27.15,28.38,0.00,0.00,2.40
1080636,atl,53.500,-4.000,979.69,979.05,14.57,3.21,53.64,58.08,0.00,134187.78,7.43
1080636,atl,47.750,-62.250,990.05,989.77,8.14,1.72,26.96,34.09,0.00,0.00,5.04
1080636,atl,46.000,-47.750,982.27,981.54,19.47,5.74,65.28,65.28,1660.61,144560.99,9.88
1080636,pac,54.500,172.250,999.96,999.81,10.86,2.03,34.06,40.34,0.00,0.00,4.11
1080642,atl,67.500,-15.000,999.30,999.16,7.74,1.85,41.67,47.11,0.00,0.00,12.10
1080642,atl,61.500,-36.750,1000.07,999.95,6.47,1.81,36.51,37.55,0.00,0.00,6.03
1080642,atl,57.000,-6.750,981.50,980.84,13.14,3.55,49.31,49.31,0.00,0.00,5.43
1080642,atl,55.750,-52.000,994.04,993.92,4.76,1.09,26.81,30.57,0.00,0.00,2.81
1080642,atl,55.250,-19.250,999.41,999.12,4.45,1.70,48.84,48.84,0.00,0.00,3.93
1080642,atl,54.250,-1.500,982.88,982.57,12.33,2.53,49.91,52.96,0.00,13299.82,5.56
1080642,atl,48.750,-44.000,980.19,979.82,18.69,4.42,64.63,65.00,6966.30,193522.89,9.13
1080642,atl,46.500,-57.750,989.79,989.61,7.36,1.43,27.82,33.43,0.00,0.00,3.41
1080642,pac,63.750,209.500,1004.94,1003.71,7.09,1.84,27.92,31.67,0.00,0.00,8.48
1080642,pac,57.750,217.250,1004.41,1003.97,8.40,2.70,35.25,35.25,0.00,0.00,10.11
1080642,pac,54.000,174.250,1004.77,1004.60,8.82,1.52,31.71,35.82,0.00,0.00,3.98
1080648,atl,67.750,-20.000,1003.58,1003.47,6.76,1.89,44.47,44.47,0.00,0.00,11.92
1080648,atl,61.000,-37.500,1001.59,1001.48,4.66,1.47,32.28,32.28,0.00,0.00,6.42
1080648,atl,56.250,-52.250,994.72,994.58,5.19,1.29,29.67,30.43,0.00,0.00,2.60
1080648,atl,56.000,-5.500,987.60,987.29,9.35,2.11,46.89,46.89,0.00,0.00,5.13
1080648,atl,54.500,0.500,986.94,986.74,10.34,2.12,42.62,46.89,0.00,0.00,5.13
1080648,atl,51.000,-40.750,979.97,979.66,18.41,4.16,58.96,63.85,0.00,126657.67,7.63
1080648,atl,46.750,-56.000,990.62,990.35,8.05,1.81,24.04,29.22,0.00,0.00,3.86
1080648,atl,43.750,7.750,1003.78,1003.19,5.28,2.10,38.38,41.46,0.00,0.00,12.45
1080648,pac,64.500,215.250,1002.08,1001.61,9.42,2.20,25.75,27.07,0.00,0.00,13.35
1080648,pac,61.750,208.500,1004.69,1004.37,5.64,1.75,28.80,32.14,0.00,0.00,8.95
1080648,pac,58.000,219.000,1002.48,1001.91,8.17,2.97,39.55,39.55,0.00,0.00,11.45
1080648,pac,58.000,238.000,1004.24,1003.80,6.18,1.58,22.32,24.90,0.00,0.00,6.35
1080654,atl,57.000,-7.250,992.23,992.09,6.81,1.48,35.10,41.54,0.00,0.00,4.76
1080654,atl,56.750,-53.500,994.59,994.42,6.42,1.63,26.76,27.30,0.00,0.00,2.66
1080654,atl,55.000,1.750,989.64,989.47,9.00,1.81,36.37,41.54,0.00,0.00,4.76
1080654,atl,52.750,-36.000,983.34,983.03,15.34,3.35,48.23,56.83,0.00,80637.94,5.92
1080654,atl,46.500,-54.750,991.24,991.07,7.68,1.76,28.47,33.56,0.00,0.00,4.44
1080654,atl,43.750,8.500,1001.34,1000.84,7.71,2.76,40.18,40.18,0.00,0.00,16.92
1080654,pac,62.750,212.500,1003.38,1002.79,6.58,1.74,28.40,28.40,0.00,0.00,14.41
1080654,pac,62.750,220.250,1002.06,1001.79,7.62,1.69,19.48,33.08,0.00,0.00,12.41
1080654,pac,58.750,238.500,1004.51,1004.31,6.15,1.67,14.01,15.29,0.00,0.00,5.81
1080654,pac,58.250,220.500,1002.00,1001.23,7.74,2.77,37.42,37.42,0.00,0.00,10.48
1080660,atl,56.500,-54.250,996.11,995.96,6.50,1.69,25.83,30.46,0.00,0.00,2.57
1080660,atl,55.500,3.000,993.07,992.86,8.15,1.81,37.45,37.45,0.00,0.00,6.62
1080660,atl,53.250,-30.750,988.60,988.10,12.73,2.91,45.88,49.20,0.00,0.00,5.89
1080660,atl,52.250,-78.250,998.89,998.76,8.08,1.77,18.10,24.27,0.00,0.00,3.81
1080660,atl,47.500,-48.250,991.95,991.84,7.01,1.34,28.18,41.83,0.00,0.00,3.95
1080660,pac,62.750,220.250,1002.41,1002.21,8.27,1.87,18.51,24.22,0.00,0.00,11.89
1080660,pac,62.250,213.250,1002.84,1002.03,6.55,1.81,21.41,24.22,0.00,0.00,13.15
1080660,pac,60.500,208.250,1003.07,1002.79,6.92,1.64,21.71,33.32,0.00,0.00,13.15
1080660,pac,58.000,222.250,1004.16,1003.63,5.65,2.01,35.95,35.95,0.00,0.00,8.11
1080666,atl,57.000,-5.750,996.37,996.20,4.01,0.85,26.76,26.76,0.00,0.00,2.94
1080666,atl,56.500,-54.500,996.16,996.02,5.93,1.53,28.44,33.11,0.00,0.00,2.91
1080666,atl,56.500,3.250,996.17,996.02,7.08,1.66,32.45,38.61,0.00,0.00,7.99
1080666,atl,53.000,-23.750,993.98,993.59,8.76,2.35,44.42,44.42,0.00,0.00,4.96
1080666,atl,51.000,-72.250,998.50,998.26,6.39,1.47,25.87,26.47,0.00,0.00,5.36
1080666,atl,49.500,-45.250,989.40,989.16,8.51,1.69,37.30,42.42,0.00,0.00,3.73
1080666,pac,63.000,221.000,1003.10,1002.82,8.00,2.06,18.98,23.84,0.00,0.00,13.47
1080666,pac,58.750,210.000,1001.43,1001.37,6.99,1.26,31.63,31.66,0.00,0.00,9.67
1080672,atl,59.500,-3.250,997.33,997.14,4.80,0.84,26.08,33.68,0.00,0.00,2.91
1080672,atl,56.500,-55.250,996.25,996.13,5.64,1.39,25.77,34.50,0.00,0.00,2.80
1080672,atl,51.750,-43.000,985.38,984.97,12.15,2.60,33.87,35.44,0.00,0.00,4.07
1080672,atl,51.500,-15.500,996.65,996.16,7.08,1.76,42.66,42.66,0.00,0.00,3.37
1080672,atl,48.500,-66.000,998.78,998.46,5.06,1.06,28.78,28.78,0.00,0.00,4.77
1080672,pac,62.250,213.750,1002.12,1001.49,6.44,1.36,28.84,28.84,0.00,0.00,10.49
1080672,pac,62.000,220.500,1001.94,1001.55,7.74,1.67,26.21,28.84,0.00,0.00,12.02
1080672,pac,58.750,212.000,1000.51,1000.38,6.00,1.37,28.84,28.84,0.00,0.00,10.49
1080678,atl,60.000,-4.750,998.19,998.06,5.33,0.97,26.69,37.82,0.00,0.00,3.24
1080678,atl,53.750,-43.500,979.23,978.75,16.24,3.79,47.03,48.05,0.00,0.00,6.12
1080678,atl,51.250,-57.500,993.55,993.26,5.35,1.66,18.82,26.35,0.00,0.00,3.56
1080678,atl,50.250,-5.750,994.57,993.81,10.21,2.72,39.37,41.02,0.00,0.00,5.11
1080678,atl,47.000,-59.750,996.46,996.02,5.83,1.34,30.52,30.52,0.00,0.00,4.34
1080678,pac,62.250,220.500,1004.44,1004.10,6.61,1.61,29.97,29.97,0.00,0.00,11.54
1080678,pac,59.000,212.000,999.67,999.56,6.64,1.40,29.22,33.27,0.00,0.00,10.39
1080678,pac,52.250,209.250,999.46,999.36,7.30,1.45,38.79,39.87,0.00,0.00,3.75
1080678,pac,51.250,215.000,998.16,997.49,9.76,2.62,38.86,38.86,0.00,0.00,4.04
1080678,pac,31.000,176.750,1004.62,1002.81,8.83,2.39,48.89,48.89,0.00,0.00,6.30
1080684,atl,62.250,-8.500,1000.44,1000.10,6.72,1.67,35.37,35.37,0.00,0.00,5.23
1080684,atl,54.000,-45.250,976.29,975.73,17.19,3.92,45.13,53.92,0.00,44141.82,6.20
1080684,atl,49.750,-3.250,997.46,997.03,10.22,2.78,36.32,41.90,0.00,0.00,4.56
1080684,atl,49.000,-52.250,991.73,991.36,4.14,1.06,25.99,33.37,0.00,0.00,4.28
1080684,pac,59.000,211.500,999.47,999.34,6.56,1.22,27.48,34.93,0.00,0.00,10.46
1080684,pac,52.500,217.000,990.44,989.53,13.65,3.65,43.18,43.18,0.00,0.00,5.27
1080684,pac,33.000,175.000,1003.37,1001.70,10.48,2.75,48.41,48.41,0.00,0.00,5.15
1080690,atl,62.500,-8.750,1002.39,1002.12,6.96,1.91,27.51,27.51,0.00,0.00,4.28
1080690,atl,54.000,-45.000,975.52,975.05,15.88,3.29,46.90,63.23,0.00,61144.97,6.72
1080690,atl,49.500,-0.250,1002.07,1001.87,7.33,1.80,33.58,39.01,0.00,0.00,3.44
1080690,atl,48.250,-49.250,988.19,988.03,4.82,1.19,30.52,48.07,0.00,0.00,4.50
1080690,atl,44.750,8.000,1002.10,1001.04,5.91,2.21,39.78,43.94,0.00,0.00,15.16
1080690,pac,53.250,217.000,986.35,985.55,15.94,4.21,44.09,44.79,0.00,0.00,6.48
1080690,pac,34.000,174.000,1000.53,999.83,11.59,2.74,43.83,54.19,0.00,7003.49,6.12
1080696,atl,54.250,-44.750,976.64,976.26,15.18,3.27,54.41,60.90,0.00,104373.23,6.93
1080696,atl,46.250,-43.500,982.20,981.00,12.69,3.50,63.36,63.36,0.00,98432.02,7.22
1080696,atl,43.500,7.750,1003.77,1003.02,6.49,2.24,40.02,42.69,0.00,0.00,11.22
1080696,pac,53.000,217.750,984.86,984.05,15.80,3.80,45.41,45.41,0.00,0.00,6.11
1080696,pac,35.000,173.250,999.48,998.97,12.44,2.83,41.29,47.66,0.00,0.00,4.06
1080702,atl,55.750,-25.250,992.37,992.23,7.91,1.85,40.72,43.62,0.00,0.00,4.94
1080702,atl,53.500,-46.250,978.30,978.22,13.62,2.78,51.17,57.19,0.00,79098.18,6.81
1080702,atl,48.000,-40.750,974.19,972.86,15.76,4.50,51.20,56.24,0.00,37275.69,8.39
1080702,atl,43.250,8.750,1004.21,1003.79,6.44,1.87,40.11,42.93,0.00,0.00,10.32
1080702,pac,53.000,220.000,984.66,984.08,14.74,3.37,43.33,48.81,0.00,0.00,5.84
1080702,pac,35.750,173.750,998.64,998.31,11.62,2.39,37.00,48.92,0.00,0.00,4.04
1080708,atl,59.500,-35.750,991.32,991.04,8.23,1.95,48.85,55.44,0.00,19812.72,8.19
1080708,atl,57.750,-24.250,992.10,991.67,9.41,2.41,46.12,47.17,0.00,0.00,5.12
1080708,atl,50.500,-45.750,981.53,981.41,10.09,1.72,44.72,52.86,0.00,3551.90,8.97
1080708,atl,49.000,-39.000,971.13,970.52,17.54,4.89,58.89,58.89,0.00,40700.79,8.97
1080708,atl,45.500,9.250,1003.89,1002.84,6.67,1.66,42.35,46.61,0.00,0.00,12.16
1080708,pac,54.250,221.250,985.34,984.80,13.92,3.31,40.90,40.90,0.00,0.00,9.78
1080708,pac,35.500,174.250,999.89,999.57,9.15,1.76,34.03,41.96,0.00,0.00,3.50
1080714,atl,50.750,-36.000,969.12,968.64,18.71,4.49,60.09,60.09,0.00,49432.61,8.47
1080714,pac,56.250,219.750,987.63,987.17,12.69,2.95,45.78,45.78,0.00,0.00,11.45
1080714,pac,35.250,175.000,999.77,999.49,8.46,1.89,39.16,44.23,0.00,0.00,3.39
1080720,atl,52.750,-34.250,969.43,968.78,18.55,4.00,54.24,54.24,0.00,47894.81,6.44
1080720,pac,57.000,216.250,989.52,989.15,11.83,2.52,43.70,45.91,0.00,0.00,8.98
1080720,pac,43.500,177.000,1004.83,1004.69,9.51,1.92,36.54,40.68,0.00,0.00,4.88
1080720,pac,34.500,176.500,1001.59,1001.39,7.29,1.67,35.80,41.13,0.00,0.00,3.20
1080726,atl,54.250,-34.750,968.02,967.61,18.41,4.07,49.72,52.60,0.00,10035.88,6.45
1080726,pac,62.250,220.000,1001.27,1000.74,6.27,1.86,38.99,41.44,0.00,0.00,12.53
1080726,pac,57.250,213.750,990.51,990.22,11.92,2.76,38.47,41.44,0.00,0.00,7.62
1080726,pac,51.250,223.250,999.28,998.94,6.37,1.59,34.19,36.94,0.00,0.00,3.63
1080726,pac,45.000,177.500,1000.44,1000.08,13.65,3.22,41.95,41.95,0.00,0.00,6.01
1080726,pac,34.750,178.250,1001.11,1000.96,6.52,1.38,40.36,44.43,0.00,0.00,3.05
1080732,atl,55.000,-34.750,969.16,968.80,18.15,4.00,44.59,47.30,0.00,0.00,5.96
1080732,pac,62.250,220.250,1003.55,1003.19,5.05,1.56,27.43,36.67,0.00,0.00,12.29
1080732,pac,56.750,211.750,993.45,993.17,10.87,2.53,36.74,44.04,0.00,0.00,11.12
1080732,pac,51.750,223.500,995.79,995.35,8.63,2.49,34.88,34.88,0.00,0.00,3.36
1080732,pac,45.000,177.250,1000.14,999.81,13.39,3.02,42.53,44.97,0.00,0.00,5.92
1080732,pac,36.000,180.250,1002.65,1002.52,4.75,0.88,32.24,40.55,0.00,0.00,2.73
1080738,atl,55.500,-34.250,970.72,970.37,16.91,3.65,47.43,47.43,0.00,0.00,5.68
1080738,pac,56.000,211.500,996.78,996.50,9.45,2.27,36.70,47.65,0.00,0.00,12.88
1080738,pac,53.000,234.250,999.76,999.04,5.94,1.86,39.41,39.41,0.00,0.00,7.92
1080738,pac,52.250,224.000,993.53,993.09,9.72,2.89,38.97,38.97,0.00,0.00,5.30
1080738,pac,50.000,215.250,1001.39,1001.27,4.46,1.06,51.14,57.02,0.00,27952.03,5.67
1080738,pac,38.250,182.000,999.62,999.35,6.43,1.40,33.35,37.63,0.00,0.00,3.29
1080744,atl,56.750,-33.750,973.20,972.99,16.05,3.23,42.83,53.66,0.00,33150.05,6.21
1080744,pac,62.250,214.750,1004.34,1003.98,4.34,0.90,17.08,29.29,0.00,0.00,10.86
1080744,pac,57.000,232.000,998.55,998.33,4.17,1.05,30.00,36.34,0.00,0.00,6.17
1080744,pac,55.000,212.000,999.95,999.78,7.51,1.86,38.44,43.59,0.00,0.00,4.15
1080744,pac,53.750,236.250,997.71,997.11,6.19,2.14,34.25,39.19,0.00,0.00,8.41
1080744,pac,53.000,223.500,993.79,993.33,9.48,3.02,43.53,43.53,0.00,0.00,5.56
1080744,pac,47.250,217.750,1001.67,1000.78,8.67,2.63,59.90,59.90,0.00,54910.12,6.03
1080744,pac,39.250,182.750,999.15,998.82,7.17,1.63,32.60,41.84,0.00,0.00,3.49
1080750,atl,60.500,-45.250,990.80,990.32,5.62,1.17,50.68,51.33,0.00,8534.26,9.09
1080750,atl,58.000,-34.500,974.81,974.53,15.92,3.33,48.06,51.78,0.00,14554.40,6.42
1080750,pac,58.750,232.750,998.80,998.33,5.87,1.59,21.22,24.35,0.00,0.00,5.91
1080750,pac,57.750,213.000,1002.11,1001.86,5.80,1.25,35.28,44.15,0.00,0.00,11.63
1080750,pac,54.000,213.500,1002.09,1001.92,5.59,1.46,39.80,44.88,0.00,0.00,5.03
1080750,pac,53.000,222.750,995.24,994.94,8.83,3.08,44.88,44.88,0.00,0.00,5.54
1080750,pac,46.250,222.750,999.73,998.93,10.04,2.93,56.37,56.37,0.00,46812.12,6.47
1080750,pac,39.250,182.750,999.94,999.65,6.39,1.48,31.22,36.33,0.00,0.00,2.85
1080756,atl,58.750,-35.000,978.25,977.89,15.99,3.63,46.88,46.88,0.00,0.00,5.72
1080756,pac,60.000,215.750,1003.82,1003.49,5.45,1.10,16.40,44.11,0.00,0.00,12.67
1080756,pac,57.500,212.750,1003.71,1003.51,6.26,1.15,37.39,45.33,0.00,0.00,12.43
1080756,pac,52.250,222.750,996.44,996.20,8.61,2.90,40.90,40.90,0.00,0.00,5.06
1080756,pac,48.250,229.500,997.54,997.22,9.57,2.16,44.00,53.67,0.00,4967.68,5.60
1080756,pac,46.250,227.000,997.42,997.02,10.56,2.73,53.99,53.99,0.00,17762.31,5.22
1080756,pac,39.000,182.250,1003.34,1003.20,4.36,1.09,29.00,31.90,0.00,0.00,2.34
1080756,pac,38.750,185.250,1003.42,1003.29,4.21,0.70,21.42,35.75,0.00,0.00,2.78
1080762,atl,59.500,-35.750,982.54,982.24,15.46,3.39,37.17,41.83,0.00,0.00,6.98
1080762,atl,51.500,-78.750,993.66,993.46,10.73,1.93,33.05,38.45,0.00,0.00,5.40
1080762,pac,60.250,213.500,1004.71,1004.48,7.58,1.59,33.09,45.11,0.00,0.00,17.53
1080762,pac,57.500,240.000,996.16,995.89,9.44,2.07,34.21,34.42,0.00,0.00,6.68
1080762,pac,56.750,213.250,1004.27,1004.07,5.88,1.08,34.99,45.16,0.00,0.00,11.61
1080762,pac,51.500,223.750,997.00,996.54,7.38,2.22,35.16,42.17,0.00,0.00,5.66
1080762,pac,49.500,229.750,994.17,993.48,9.86,2.79,42.17,42.29,0.00,0.00,6.25
1080762,pac,46.250,230.000,995.93,995.51,10.92,2.58,44.29,46.84,0.00,0.00,6.23
1080762,pac,32.750,188.750,1001.56,1001.49,5.51,1.16,45.54,45.54,0.00,0.00,3.12
1080768,atl,61.000,-45.500,997.12,996.59,6.35,1.42,44.63,44.63,0.00,0.00,8.57
1080768,atl,60.250,-36.750,988.49,988.25,14.36,3.19,44.63,44.73,0.00,0.00,7.97
1080768,atl,53.250,-80.000,994.03,993.85,12.95,2.57,40.36,42.38,0.00,0.00,6.25
1080768,atl,42.500,-71.000,1000.65,1000.32,4.84,1.14,29.25,32.23,0.00,0.00,4.48
1080768,pac,59.750,233.000,997.88,997.12,7.83,1.81,32.42,32.42,0.00,0.00,10.45
1080768,pac,59.000,237.250,996.50,995.98,8.78,2.18,32.42,33.33,0.00,0.00,10.45
1080768,pac,51.000,224.750,997.53,997.15,6.66,1.57,32.85,38.89,0.00,0.00,3.55
1080768,pac,50.750,229.000,995.90,995.47,6.56,1.75,33.94,41.07,0.00,0.00,4.61
1080768,pac,50.000,161.500,981.61,981.39,9.77,1.87,40.87,44.05,0.00,0.00,6.15
1080768,pac,47.000,232.250,997.14,996.85,8.04,2.48,47.48,47.48,0.00,0.00,5.25
1080768,pac,35.000,189.000,1000.87,1000.64,5.77,1.39,32.71,42.27,0.00,0.00,3.07
1080774,atl,61.500,-47.500,1001.31,1000.70,6.46,1.80,35.86,40.19,0.00,0.00,9.39
1080774,atl,61.000,-37.250,993.40,993.11,13.16,3.04,40.19,46.41,0.00,0.00,8.80
1080774,atl,48.500,-79.500,996.11,995.80,4.46,0.85,17.50,30.70,0.00,0.00,3.59
1080774,pac,60.500,227.750,999.08,998.64,9.89,2.15,32.39,33.73,0.00,0.00,13.05
1080774,pac,58.750,233.250,998.71,997.89,6.22,1.53,33.73,33.73,0.00,0.00,10.45
1080774,pac,58.000,237.000,998.04,997.50,6.96,1.81,33.73,33.73,0.00,0.00,7.85
1080774,pac,51.250,227.750,995.39,994.94,7.11,1.94,30.59,32.58,0.00,0.00,4.70
1080774,pac,50.750,161.500,974.39,974.07,13.53,2.60,39.70,49.19,0.00,0.00,7.41
1080774,pac,48.000,233.750,998.66,998.37,5.45,1.88,40.55,40.55,0.00,0.00,5.38
1080774,pac,33.750,190.500,1001.39,1001.30,4.54,0.68,23.66,35.03,0.00,0.00,2.79
1080780,atl,61.500,-37.750,1001.01,1000.76,10.70,2.73,39.90,43.88,0.00,0.00,7.63
1080780,atl,49.250,-78.250,995.97,995.73,4.69,1.07,19.19,30.47,0.00,0.00,3.07
1080780,atl,32.500,-7.000,1002.62,1001.63,5.05,1.33,28.06,42.20,0.00,0.00,10.16
1080780,pac,61.250,225.250,1000.87,1000.51,11.28,2.76,25.55,34.73,0.00,0.00,15.93
1080780,pac,60.000,216.500,1000.91,1000.19,8.81,2.44,26.16,38.39,0.00,0.00,13.18
1080780,pac,58.750,233.250,1002.23,1001.61,4.39,1.06,32.48,32.48,0.00,0.00,10.51
1080780,pac,58.000,237.000,1001.38,1001.04,5.61,1.53,32.48,32.48,0.00,0.00,8.57
1080780,pac,51.500,226.500,994.54,994.17,8.34,2.22,29.75,37.17,0.00,0.00,3.53
1080780,pac,51.250,161.250,968.55,968.06,18.00,3.86,40.37,45.25,0.00,0.00,8.77
1080780,pac,31.750,193.250,1001.83,1001.71,4.12,0.68,29.84,37.49,0.00,0.00,2.96
1080786,atl,55.500,-79.500,995.03,994.81,14.19,2.92,46.88,47.66,0.00,0.00,6.55
1080786,pac,59.750,214.500,1002.30,1001.97,8.40,2.05,24.36,39.40,0.00,0.00,17.38
1080786,pac,53.750,239.250,1001.00,1000.61,4.42,1.11,24.99,31.15,0.00,0.00,5.95
1080786,pac,51.250,161.000,965.80,965.35,19.27,4.18,40.69,50.63,0.00,3137.34,7.82
1080786,pac,51.250,226.000,995.93,995.56,8.26,2.13,30.02,35.61,0.00,0.00,3.52
1080786,pac,32.750,193.750,1000.67,1000.59,4.48,0.77,23.86,52.25,0.00,1305.30,4.02
1080792,atl,55.750,-79.250,996.41,996.13,14.89,3.32,48.43,48.43,0.00,0.00,6.42
1080792,atl,47.500,-66.500,1001.20,1000.82,6.81,1.78,31.81,41.02,0.00,0.00,6.47
1080792,pac,51.500,161.250,969.10,968.42,17.79,4.07,42.58,54.49,0.00,43982.61,8.28
1080792,pac,51.000,226.250,999.18,998.77,7.93,2.17,35.92,35.92,0.00,0.00,4.04
1080792,pac,33.500,194.250,1000.82,1000.71,4.24,0.61,36.38,46.45,0.00,0.00,3.70
1080798,atl,56.000,-78.750,997.74,997.45,14.92,3.31,48.14,48.14,0.00,0.00,6.25
1080798,atl,49.250,-65.750,1001.94,1001.43,7.00,1.96,29.98,38.00,0.00,0.00,5.46
1080798,atl,47.500,-31.250,1002.93,1002.48,9.69,2.43,44.16,44.16,0.00,0.00,4.68
1080798,atl,31.000,-4.500,1003.43,1003.07,4.25,1.19,15.64,22.42,0.00,0.00,7.98
1080798,pac,51.500,161.500,970.78,970.22,17.61,4.20,45.96,51.82,0.00,16081.73,7.21
1080798,pac,51.250,226.500,1002.11,1001.90,7.45,2.02,30.92,30.92,0.00,0.00,3.90
1080798,pac,33.750,195.500,999.64,999.56,4.83,0.90,34.50,43.58,0.00,0.00,3.04
1080804,atl,57.000,-73.000,1000.40,1000.17,11.16,1.74,35.55,46.42,0.00,0.00,6.62
1080804,atl,55.750,-78.750,1000.86,1000.54,13.01,2.96,46.42,46.87,0.00,0.00,5.84
1080804,atl,47.000,-30.750,1002.17,1001.68,9.64,2.32,38.42,44.31,0.00,0.00,4.22
1080804,atl,41.000,-26.500,1004.34,1003.33,7.26,2.24,46.07,46.07,0.00,0.00,4.69
1080804,atl,31.750,-2.750,1002.96,1002.55,5.42,1.34,27.60,35.02,0.00,0.00,13.03
1080804,pac,52.250,224.750,1004.83,1004.64,6.22,1.45,30.81,30.81,0.00,0.00,3.73
1080804,pac,51.500,162.250,975.07,974.45,16.37,3.92,37.19,44.93,0.00,0.00,5.69
1080804,pac,49.000,185.000,999.95,999.77,6.79,1.77,37.06,37.40,0.00,0.00,3.65
1080804,pac,45.500,210.500,1004.54,1004.29,5.79,1.41,39.59,39.59,0.00,0.00,3.43
1080804,pac,44.250,191.750,999.18,999.04,5.09,0.95,24.92,32.44,0.00,0.00,2.75
1080804,pac,36.250,197.500,999.19,999.00,4.10,0.94,30.75,30.75,0.00,0.00,2.81
1080804,pac,32.500,197.500,999.74,999.64,4.20,0.76,33.79,46.09,0.00,0.00,2.82
1080810,atl,57.750,-73.500,1001.54,1001.25,12.63,2.11,37.49,44.91,0.00,0.00,6.92
1080810,atl,45.500,-31.000,1001.26,1001.05,8.30,2.01,41.93,43.12,0.00,0.00,4.17
1080810,atl,43.500,-23.000,997.68,996.52,10.28,3.25,49.80,49.80,0.00,0.00,6.98
1080810,atl,32.250,0.750,1001.31,1001.11,5.16,1.10,34.25,34.25,0.00,0.00,12.22
1080810,atl,32.000,5.000,1002.00,1001.73,5.01,0.92,31.90,31.90,0.00,0.00,6.64
1080810,pac,53.250,219.000,1004.36,1004.02,6.77,1.66,29.34,33.29,0.00,0.00,2.73
1080810,pac,52.250,163.000,978.80,978.33,14.89,3.75,35.32,37.53,0.00,0.00,5.94
1080810,pac,49.750,184.750,1000.33,999.97,6.93,1.90,38.17,38.17,0.00,0.00,3.58
1080810,pac,46.000,216.250,1003.00,1002.48,7.96,2.10,35.98,36.41,0.00,0.00,3.88
1080810,pac,45.500,192.000,997.27,997.14,7.57,1.62,37.36,37.58,0.00,0.00,3.24
1080810,pac,41.000,161.750,994.76,993.83,11.42,3.63,52.61,52.61,0.00,7654.11,8.90
1080810,pac,34.500,201.750,999.00,998.48,5.34,1.29,46.84,46.84,0.00,0.00,3.37
1080816,atl,58.250,-75.250,1004.43,1004.08,13.51,2.54,41.63,45.95,0.00,0.00,7.33
1080816,atl,46.000,-22.750,988.34,985.78,17.78,5.60,62.64,62.64,0.00,7998.62,12.09
1080816,atl,32.000,5.000,1001.95,1001.76,6.48,1.24,24.37,28.39,0.00,0.00,6.37
1080816,pac,53.000,162.500,984.89,984.39,12.34,3.30,34.40,35.41,0.00,0.00,6.78
1080816,pac,52.500,216.500,1004.54,1004.20,7.03,1.89,30.65,30.65,0.00,0.00,3.39
1080816,pac,47.500,220.750,1000.93,1000.38,10.68,2.91,38.37,38.37,0.00,0.00,4.43
1080816,pac,45.250,195.000,994.09,993.86,9.67,2.01,39.61,40.86,0.00,0.00,4.03
1080816,pac,41.750,165.500,993.97,993.38,12.51,3.84,53.70,53.70,0.00,14632.37,8.53
1080816,pac,36.750,201.750,997.87,997.54,4.79,0.92,37.91,47.71,0.00,0.00,3.44
1080822,atl,47.500,-24.750,979.72,977.71,24.38,7.46,57.38,57.38,0.00,47622.32,14.16
1080822,atl,32.250,5.500,1000.26,999.81,7.12,1.45,38.62,38.62,0.00,0.00,8.94
1080822,pac,53.250,161.750,991.05,990.60,9.10,2.37,28.04,30.78,0.00,0.00,8.56
1080822,pac,49.250,223.750,997.12,995.88,16.54,4.89,47.91,47.91,0.00,0.00,7.03
1080822,pac,45.750,196.000,992.18,991.81,11.08,2.41,43.87,43.87,0.00,0.00,4.30
1080822,pac,42.500,168.750,992.19,991.83,13.66,4.00,57.92,57.92,0.00,35665.11,8.76
1080828,atl,47.250,-27.000,977.39,975.96,26.03,7.76,58.56,58.56,0.00,83290.77,11.10
1080828,atl,32.500,6.000,1000.57,1000.33,5.94,0.97,31.77,33.11,0.00,0.00,11.52
1080828,pac,53.250,161.250,998.52,998.08,6.02,1.64,24.73,34.04,0.00,0.00,9.05
1080828,pac,50.250,225.250,993.04,991.93,22.32,6.72,57.46,58.72,0.00,89093.64,10.41
1080828,pac,46.000,197.500,989.73,989.29,12.41,2.65,47.90,47.93,0.00,0.00,5.13
1080828,pac,43.000,171.000,993.21,992.81,13.55,3.62,53.45,53.45,0.00,14430.32,6.56
1080834,atl,46.500,-27.500,976.78,975.63,23.97,6.95,56.16,56.16,0.00,83376.05,8.94
1080834,atl,46.250,-54.500,1003.46,1003.28,8.36,1.73,31.73,33.48,0.00,0.00,5.09
1080834,atl,42.000,-5.000,1004.91,1004.32,4.07,1.48,21.64,21.64,0.00,0.00,7.54
1080834,atl,41.500,-0.250,1004.46,1003.88,4.97,1.28,26.55,26.55,0.00,0.00,7.54
1080834,atl,31.750,5.500,998.07,997.92,6.00,1.04,26.01,31.41,0.00,0.00,9.15
1080834,pac,50.500,228.250,998.87,998.16,18.86,5.06,54.53,55.76,0.00,28620.78,8.51
1080834,pac,46.250,197.000,988.39,987.90,14.07,3.30,47.89,54.46,0.00,17452.22,5.16
1080834,pac,46.250,201.750,988.83,988.38,12.77,2.48,55.15,55.15,0.00,62803.96,5.32
1080834,pac,43.000,173.000,992.97,992.71,13.34,3.24,50.80,50.80,0.00,7415.57,5.71
1080840,atl,46.000,-52.750,1001.22,1000.83,9.34,2.04,32.95,33.78,0.00,0.00,4.28
1080840,atl,45.750,-26.500,979.16,978.35,20.04,5.62,57.00,57.00,0.00,61230.37,7.16
1080840,atl,31.000,5.000,998.78,998.47,6.28,1.26,28.12,28.91,0.00,0.00,9.83
1080840,pac,47.250,203.500,986.44,985.91,15.08,3.06,52.32,52.32,0.00,27251.72,5.86
1080840,pac,43.250,174.500,993.55,993.26,12.92,3.19,51.37,51.37,0.00,8688.15,5.22
1080846,atl,46.000,-53.000,998.62,998.34,10.01,2.12,33.31,35.57,0.00,0.00,5.09
1080846,atl,45.500,-48.250,997.38,996.89,8.18,2.07,34.80,36.87,0.00,0.00,4.86
1080846,atl,45.500,-25.000,979.47,978.80,18.01,4.80,52.10,52.10,0.00,7245.16,6.25
1080846,pac,48.000,203.000,986.60,986.07,16.88,3.54,49.88,50.95,0.00,10756.51,5.54
1080846,pac,42.750,175.750,995.34,995.08,11.23,2.70,49.95,50.08,0.00,585.42,4.27
1080852,atl,46.000,-23.750,982.45,981.85,16.20,4.27,45.89,45.89,0.00,0.00,5.06
1080852,atl,45.250,-49.500,996.61,996.15,8.38,1.92,37.77,38.88,0.00,0.00,4.69
1080852,pac,48.750,203.500,988.25,987.64,17.61,3.86,48.76,51.55,0.00,10445.51,6.20
1080852,pac,42.250,177.250,999.71,999.57,8.14,1.77,44.01,46.73,0.00,0.00,3.57
1080852,pac,35.500,183.500,999.42,998.31,9.84,3.04,51.16,51.16,0.00,3776.63,6.38
1080858,atl,46.500,-23.250,984.44,983.86,14.43,3.79,40.93,40.93,0.00,0.00,4.27
1080858,atl,44.500,-49.250,995.85,995.65,6.95,1.56,38.95,39.91,0.00,0.00,4.43
1080858,atl,43.750,-1.750,1000.59,1000.19,6.44,1.80,30.73,30.75,0.00,0.00,7.48
1080858,pac,49.250,204.250,992.52,992.02,16.54,3.72,45.33,46.03,0.00,0.00,5.24
1080858,pac,41.250,178.750,1003.88,1003.78,4.94,1.07,38.56,43.06,0.00,0.00,2.60
1080858,pac,37.000,185.000,995.33,993.77,13.99,4.44,54.13,54.13,0.00,12419.40,9.73
1080864,atl,46.750,-22.500,987.76,987.25,12.92,3.37,38.52,43.91,0.00,0.00,3.93
1080864,atl,45.750,-1.250,1003.32,1003.01,4.87,1.30,28.06,33.51,0.00,0.00,10.39
1080864,atl,44.500,-42.500,993.13,992.71,4.10,0.85,25.33,28.24,0.00,0.00,2.95
1080864,atl,39.000,-42.000,992.67,992.07,5.67,1.68,40.71,43.13,0.00,0.00,3.77
1080864,pac,49.750,205.750,995.77,995.41,15.59,3.47,44.18,44.18,0.00,0.00,4.67
1080864,pac,37.250,187.000,995.79,994.49,16.09,4.78,57.10,57.10,0.00,29878.98,8.60
1080870,atl,54.000,0.250,1003.97,1003.73,5.52,1.48,28.38,28.38,0.00,0.00,4.54
1080870,atl,47.000,-21.750,990.10,989.73,11.46,2.94,36.38,40.23,0.00,0.00,3.55
1080870,atl,40.500,-39.000,987.31,986.69,7.69,2.25,37.07,37.17,0.00,0.00,4.13
1080870,atl,39.500,-45.250,990.42,990.20,5.44,1.30,40.32,46.33,0.00,0.00,4.13
1080870,pac,49.750,209.000,1000.11,999.87,11.76,2.15,43.51,43.51,0.00,0.00,4.15
1080870,pac,43.750,163.750,988.76,988.33,8.04,2.12,53.85,53.85,0.00,18344.55,4.95
1080870,pac,38.250,188.250,997.64,996.75,15.95,4.36,46.81,46.81,0.00,0.00,5.53
1080876,atl,54.750,-0.750,1002.70,1002.52,5.08,1.32,36.44,36.44,0.00,0.00,4.14
1080876,atl,49.000,-7.000,1001.61,1001.38,4.62,1.42,30.35,30.35,0.00,0.00,2.81
1080876,atl,47.250,-20.500,995.28,994.95,9.51,2.58,36.83,36.83,0.00,0.00,3.49
1080876,atl,43.000,-37.250,984.96,983.90,10.87,2.96,37.31,37.31,0.00,0.00,5.10
1080876,atl,40.750,-79.750,1003.71,1003.36,8.01,2.21,31.58,31.68,0.00,0.00,5.77
1080876,atl,39.500,-43.250,990.11,989.78,5.06,1.19,33.36,41.16,0.00,0.00,3.48
1080876,pac,51.500,212.750,1001.20,1001.09,9.15,1.47,31.85,40.59,0.00,0.00,3.60
1080876,pac,47.250,167.250,983.06,982.29,12.81,3.25,53.07,53.07,0.00,11614.08,5.97
1080876,pac,38.250,188.750,1000.92,1000.21,14.40,3.71,41.60,41.60,0.00,0.00,4.26
1080882,atl,55.750,-0.500,1001.59,1001.44,4.59,1.12,21.72,34.30,0.00,0.00,3.85
1080882,atl,50.500,-4.750,1000.79,1000.51,4.88,1.37,29.31,29.31,0.00,0.00,2.87
1080882,atl,47.250,-19.000,998.98,998.69,7.34,2.14,33.76,33.76,0.00,0.00,2.99
1080882,atl,44.500,-78.750,1001.00,1000.36,9.75,2.56,38.09,38.24,0.00,0.00,6.02
1080882,atl,44.250,-38.500,984.69,983.73,11.23,2.77,40.02,40.02,0.00,0.00,4.78
1080882,pac,52.750,218.000,1002.28,1002.25,6.52,0.72,22.71,34.82,0.00,0.00,3.00
1080882,pac,52.500,168.250,976.08,975.37,20.55,4.87,57.64,60.16,0.00,190463.76,7.31
1080882,pac,37.750,189.750,1004.20,1003.66,12.59,3.31,37.74,39.79,0.00,0.00,3.65
1080888,atl,57.000,0.500,1000.25,1000.06,6.13,1.49,32.55,47.05,0.00,0.00,6.14
1080888,atl,57.000,8.500,1001.74,1001.37,5.22,1.48,27.18,27.18,0.00,0.00,6.97
1080888,atl,51.500,-2.500,1000.15,999.85,4.98,1.46,28.50,28.50,0.00,0.00,2.84
1080888,atl,47.500,-77.750,1002.15,1001.44,11.08,2.58,33.19,34.66,0.00,0.00,6.58
1080888,atl,46.750,-16.500,1003.76,1003.55,4.69,1.47,30.61,30.61,0.00,0.00,2.37
1080888,atl,46.250,-6.500,1002.63,1001.48,5.74,1.72,47.64,47.64,0.00,0.00,6.47
1080888,atl,44.000,-41.500,984.34,983.83,12.87,2.91,49.10,49.10,0.00,0.00,5.45
1080888,pac,55.500,165.250,971.60,970.75,24.21,6.06,59.54,62.04,0.00,220771.55,10.30
1080888,pac,54.500,219.750,1002.08,1002.02,5.55,1.13,21.83,22.18,0.00,0.00,3.99
1080894,atl,60.750,5.000,999.67,999.45,10.29,2.52,53.37,53.37,0.00,24024.21,6.22
1080894,atl,58.500,9.500,999.89,999.38,6.73,1.56,26.28,52.95,0.00,4359.41,6.22
1080894,atl,57.500,1.000,999.17,998.99,6.63,1.45,41.68,53.21,0.00,11041.20,5.33
1080894,atl,52.750,-0.750,999.52,999.30,4.39,1.17,25.17,25.17,0.00,0.00,2.97
1080894,atl,51.000,-6.750,1000.48,1000.08,4.41,0.98,22.27,41.22,0.00,0.00,5.59
1080894,atl,49.750,-77.250,1003.01,1002.50,11.31,2.69,29.70,31.54,0.00,0.00,6.73
1080894,atl,47.750,-2.250,999.45,998.20,7.72,2.51,44.75,44.75,0.00,0.00,6.16
1080894,atl,42.500,-43.000,982.08,981.74,13.65,3.16,47.21,47.21,0.00,0.00,5.25
1080894,pac,61.250,222.750,1004.60,1004.32,11.27,2.19,22.24,39.06,0.00,0.00,16.45
1080894,pac,59.250,210.750,1002.88,1002.66,10.96,2.23,37.85,37.85,0.00,0.00,18.08
1080894,pac,57.250,161.750,972.83,972.11,21.51,5.08,65.79,65.79,4648.26,151797.81,10.48
1080894,pac,54.250,220.000,1000.68,1000.61,5.29,1.06,20.90,22.64,0.00,0.00,2.95
1080900,atl,59.500,3.000,999.26,999.09,9.06,2.02,49.77,49.77,0.00,0.00,5.26
1080900,atl,53.000,-78.250,1004.39,1004.06,11.84,2.98,31.57,31.57,0.00,0.00,5.07
1080900,atl,52.500,0.250,999.77,999.53,4.91,0.93,30.96,44.50,0.00,0.00,5.39
1080900,atl,49.500,1.250,998.86,997.85,7.74,2.31,44.50,44.50,0.00,0.00,5.39
1080900,atl,41.500,-43.000,984.04,983.70,12.48,2.65,43.54,44.53,0.00,0.00,4.85
1080900,pac,59.000,212.250,999.25,998.95,12.29,2.43,35.65,42.17,0.00,0.00,19.21
1080900,pac,54.250,220.500,999.43,999.34,4.88,0.98,24.32,28.67,0.00,0.00,5.07
1080900,pac,54.250,223.500,999.44,999.38,5.09,0.76,22.75,25.10,0.00,0.00,6.19
1080906,atl,59.750,8.000,1000.19,999.84,5.93,0.92,47.33,49.25,0.00,0.00,5.34
1080906,atl,58.750,3.000,999.02,998.94,8.40,1.89,49.21,49.25,0.00,0.00,5.34
1080906,atl,51.500,3.750,997.66,997.11,7.43,2.05,35.05,35.05,0.00,0.00,4.46
1080906,atl,41.750,-41.750,984.11,983.86,11.99,2.45,38.00,39.87,0.00,0.00,3.98
1080906,pac,59.000,212.000,997.35,996.88,13.41,2.75,43.27,44.27,0.00,0.00,21.51
1080906,pac,55.500,222.500,998.81,998.72,4.43,0.89,23.62,29.51,0.00,0.00,5.35
1080906,pac,52.500,236.000,1001.43,1001.06,5.73,2.06,25.60,28.55,0.00,0.00,6.55
1080912,atl,58.250,3.500,999.10,999.01,8.04,1.71,48.63,48.63,0.00,0.00,5.53
1080912,atl,53.000,5.750,997.04,996.64,7.95,2.01,29.27,34.81,0.00,0.00,4.16
1080912,atl,42.500,-41.750,986.60,986.41,11.01,2.19,40.76,40.76,0.00,0.00,4.32
1080912,pac,58.750,210.750,997.32,996.90,12.53,2.33,42.89,42.96,0.00,0.00,18.87
1080912,pac,58.500,227.750,1000.17,999.50,8.61,1.71,35.39,35.39,0.00,0.00,10.89
1080912,pac,57.250,220.500,998.26,998.13,5.81,1.07,22.65,26.82,0.00,0.00,18.87
1080912,pac,51.750,237.500,1001.51,1000.58,5.14,2.22,25.91,25.91,0.00,0.00,8.15
1080918,atl,55.250,7.750,995.66,995.48,8.76,1.85,27.70,42.05,0.00,0.00,3.82
1080918,atl,42.500,-43.500,988.01,987.71,10.33,2.07,39.06,39.06,0.00,0.00,4.42
1080918,pac,58.500,213.000,996.23,996.10,11.70,1.76,41.43,41.43,0.00,0.00,20.81
1080918,pac,42.250,207.500,1003.71,1003.02,9.05,2.54,36.91,36.91,0.00,0.00,4.49
1080924,atl,57.000,9.000,996.60,996.46,9.29,1.89,32.07,46.10,0.00,0.00,5.74
1080924,atl,41.500,-44.500,989.59,989.22,10.49,2.44,38.93,38.93,0.00,0.00,4.21
1080924,pac,59.250,214.250,994.20,993.96,13.16,2.55,31.22,38.75,0.00,0.00,21.63
1080924,pac,55.750,184.750,1001.73,1001.41,8.10,1.84,35.25,35.74,0.00,0.00,3.79
1080924,pac,55.250,162.250,992.12,991.98,6.77,1.58,29.56,32.79,0.00,0.00,7.21
1080924,pac,43.250,207.500,1003.24,1002.53,8.66,2.68,35.57,35.57,0.00,0.00,4.17
1080930,atl,57.750,10.000,996.16,995.87,10.23,2.12,42.43,48.44,0.00,0.00,5.87
1080930,atl,47.000,-31.000,995.67,995.12,8.17,1.93,36.46,36.56,0.00,0.00,3.78
1080930,atl,41.000,-44.000,990.39,989.87,10.18,2.39,37.32,37.32,0.00,0.00,3.78
1080930,pac,60.750,224.000,1001.32,1000.91,11.69,2.39,30.35,33.43,0.00,0.00,15.78
1080930,pac,58.750,213.000,997.65,997.56,9.45,1.85,34.67,39.38,0.00,0.00,14.89
1080930,pac,56.250,186.250,996.62,996.23,10.64,2.53,37.58,37.58,0.00,0.00,4.18
1080930,pac,55.500,163.000,995.16,994.99,5.71,1.41,27.22,30.22,0.00,0.00,5.78
1080936,atl,47.500,-32.000,995.31,994.66,8.66,2.21,35.77,36.95,0.00,0.00,4.11
1080936,atl,40.750,-43.250,991.30,990.80,10.23,2.47,34.83,36.16,0.00,0.00,3.20
1080936,pac,61.750,224.750,1001.34,1000.66,12.57,3.41,25.80,33.99,0.00,0.00,14.64
1080936,pac,61.250,206.250,1003.00,1002.45,5.68,1.55,25.22,34.90,0.00,0.00,9.05
1080936,pac,58.750,212.000,1003.40,1003.26,4.11,0.83,28.02,36.24,0.00,0.00,7.16
1080936,pac,56.250,188.000,993.87,993.42,11.32,2.88,38.31,38.31,0.00,0.00,4.58
1080936,pac,55.500,163.250,999.15,999.04,4.53,1.00,22.36,29.08,0.00,0.00,6.45
1080942,atl,50.250,-28.000,995.26,994.80,10.53,2.57,47.27,47.27,0.00,0.00,5.11
1080942,atl,48.000,-31.750,994.19,993.78,8.54,1.99,32.19,44.58,0.00,0.00,5.11
1080942,atl,40.750,-42.250,990.65,990.29,9.86,2.34,35.39,35.39,0.00,0.00,3.08
1080942,pac,61.500,205.500,1002.91,1002.49,5.10,1.49,20.51,31.12,0.00,0.00,6.90
1080942,pac,56.000,189.500,992.22,991.72,10.79,2.86,38.34,38.34,0.00,0.00,4.36
1080948,atl,48.750,-30.750,993.62,993.22,9.49,2.22,45.83,46.87,0.00,0.00,5.24
1080948,atl,40.750,-41.250,992.31,992.00,9.24,2.15,32.90,36.13,0.00,0.00,2.70
1080948,pac,55.750,192.250,992.59,992.24,9.43,2.46,40.62,40.62,0.00,0.00,4.23
1080948,pac,47.500,181.250,1004.69,1004.56,5.04,1.46,31.92,32.85,0.00,0.00,2.82
1080954,atl,50.500,-29.750,990.96,990.67,12.39,3.08,45.27,45.27,0.00,0.00,5.63
1080954,atl,41.250,-39.750,991.51,991.27,9.30,2.06,32.24,35.74,0.00,0.00,2.81
1080954,pac,56.500,195.000,992.87,992.77,8.41,2.05,36.27,36.91,0.00,0.00,4.33
1080954,pac,50.500,217.000,1004.61,1004.26,7.28,2.01,31.25,31.41,0.00,0.00,3.16
1080954,pac,48.500,184.000,996.60,995.87,9.37,2.81,37.70,42.90,0.00,0.00,4.39
1080960,atl,51.500,-29.500,989.98,989.68,13.94,3.43,43.46,45.24,0.00,0.00,6.33
1080960,atl,41.750,-38.250,991.15,990.84,9.71,2.12,33.05,35.81,0.00,0.00,3.02
1080960,pac,57.000,196.250,994.14,993.93,6.89,1.76,31.12,32.37,0.00,0.00,4.52
1080960,pac,53.000,220.000,999.26,998.69,12.02,3.28,35.25,35.71,0.00,0.00,5.55
1080960,pac,49.000,186.750,989.71,988.68,14.07,4.37,45.70,54.44,0.00,12531.96,7.77
1080966,atl,52.250,-30.500,989.46,989.20,13.58,3.05,46.89,48.89,0.00,0.00,5.77
1080966,atl,42.250,-36.750,987.98,987.73,10.15,2.16,34.61,37.13,0.00,0.00,3.29
1080966,pac,57.500,196.000,994.20,993.95,5.63,1.42,23.36,25.40,0.00,0.00,3.88
1080966,pac,55.250,221.750,991.34,990.41,17.77,5.20,48.31,48.31,0.00,0.00,13.14
1080966,pac,49.500,190.000,986.87,985.82,15.05,4.49,52.93,55.11,0.00,42304.14,8.25
1080966,pac,48.750,195.500,987.37,986.01,15.90,4.33,55.11,55.11,0.00,44516.81,8.25
1080972,atl,52.250,-32.500,991.21,990.95,11.78,2.42,47.30,49.39,0.00,0.00,5.94
1080972,atl,43.000,-35.500,987.17,986.95,10.22,2.24,36.85,37.22,0.00,0.00,3.43
1080972,pac,57.750,196.500,994.15,993.97,4.62,1.17,22.95,22.95,0.00,0.00,3.67
1080972,pac,56.750,223.250,990.51,988.93,16.79,5.59,50.70,50.70,0.00,1759.13,11.82
1080972,pac,50.750,199.000,981.40,979.37,19.53,5.79,59.58,59.58,0.00,110017.76,9.07
1080978,atl,51.750,-35.250,991.89,991.73,9.48,1.87,46.66,49.73,0.00,0.00,5.36
1080978,atl,44.000,-34.250,985.55,985.29,10.10,2.29,38.89,38.89,0.00,0.00,3.61
1080978,pac,62.750,215.000,1000.09,999.33,4.27,0.95,13.91,20.71,0.00,0.00,7.93
1080978,pac,57.750,196.250,993.93,993.80,4.48,1.18,23.68,25.09,0.00,0.00,3.91
1080978,pac,57.500,225.750,1002.39,1001.55,6.25,2.22,44.80,44.80,0.00,0.00,9.54
1080978,pac,52.250,202.000,981.67,980.80,18.96,5.74,58.24,58.24,0.00,45775.38,8.99
1080984,atl,45.000,-33.250,985.67,985.39,9.86,2.31,34.21,36.79,0.00,0.00,3.28
1080984,pac,64.250,215.250,998.52,998.14,5.59,1.47,21.24,27.32,0.00,0.00,13.62
1080984,pac,53.750,206.250,986.61,986.17,15.55,4.37,53.43,53.43,0.00,19789.91,6.98
1080990,atl,46.250,-32.750,985.13,984.92,8.79,1.99,32.86,35.61,0.00,0.00,4.61
1080990,pac,64.500,212.000,999.04,998.57,4.16,0.87,25.72,29.05,0.00,0.00,10.31
1080990,pac,55.750,210.250,989.75,989.32,13.87,3.37,46.87,46.87,0.00,0.00,5.27
1080996,atl,47.000,-33.500,985.26,985.07,8.93,1.96,35.22,51.07,0.00,1125.71,6.29
1080996,pac,64.500,233.500,1004.18,1003.40,6.67,1.99,26.33,31.17,0.00,0.00,7.26
1080996,pac,60.750,197.750,998.22,998.07,4.37,0.74,23.22,31.24,0.00,0.00,4.09
1080996,pac,57.500,213.250,991.47,990.98,13.71,3.36,42.71,44.83,0.00,0.00,9.14
1081002,atl,47.250,-34.000,982.86,982.56,10.57,2.28,41.09,49.19,0.00,0.00,5.71
1081002,pac,64.500,234.750,1004.44,1004.09,5.37,1.53,28.88,37.15,0.00,0.00,6.36
1081002,pac,61.000,196.750,998.18,998.08,5.81,1.16,27.89,32.93,0.00,0.00,3.00
1081002,pac,59.000,215.000,996.94,996.58,9.60,2.77,39.26,39.26,0.00,0.00,7.00
1081008,atl,47.250,-33.500,981.38,980.97,12.36,2.98,44.39,46.08,0.00,0.00,6.09
1081008,pac,64.000,218.500,1002.18,1001.99,5.41,1.20,24.88,38.77,0.00,0.00,9.38
1081008,pac,61.000,195.250,999.04,998.90,6.38,1.29,29.33,40.85,0.00,0.00,3.85
1081014,atl,48.750,-31.750,981.13,980.95,12.25,2.82,50.25,50.25,0.00,1581.07,6.00
1081014,pac,61.000,194.250,998.50,998.25,7.34,1.60,33.96,40.11,0.00,0.00,3.83
1081014,pac,46.750,161.500,980.81,980.29,18.77,3.69,64.92,65.63,6095.88,241058.52,6.88
1081020,atl,51.000,-32.500,982.33,981.97,12.55,2.64,46.43,48.32,0.00,0.00,5.39
1081020,atl,35.750,-53.750,1003.82,1002.47,10.21,3.26,59.58,59.58,0.00,6267.60,10.43
1081020,pac,61.250,192.750,999.07,998.73,7.86,1.83,34.97,41.64,0.00,0.00,4.38
1081020,pac,55.750,189.250,998.89,998.65,5.11,1.16,28.75,29.65,0.00,0.00,2.25
1081020,pac,48.750,179.750,994.88,994.35,7.60,2.21,43.53,43.53,0.00,0.00,3.87
1081020,pac,46.500,164.250,983.94,983.32,16.21,3.28,54.45,61.13,0.00,96338.55,5.25
1081020,pac,43.250,212.000,1004.56,1004.36,6.71,1.65,40.22,42.65,0.00,0.00,4.38
1081026,atl,68.500,-1.000,1003.52,1003.23,13.03,2.97,47.30,48.44,0.00,0.00,6.14
1081026,atl,52.000,-33.500,983.63,983.36,12.29,2.60,34.00,44.71,0.00,0.00,4.57
1081026,atl,35.500,-51.000,999.76,998.33,12.01,3.92,59.55,59.55,0.00,18349.19,7.62
1081026,pac,61.500,190.000,1000.36,1000.05,7.44,1.75,42.32,43.56,0.00,0.00,6.51
1081026,pac,55.750,188.500,996.75,996.45,5.54,1.25,30.90,31.36,0.00,0.00,2.77
1081026,pac,49.250,184.250,993.80,993.21,8.09,2.20,45.78,45.78,0.00,0.00,4.02
1081026,pac,45.750,166.750,986.35,985.93,14.49,2.94,46.74,59.00,0.00,28717.82,4.69
1081026,pac,43.750,213.750,1001.69,1001.43,9.52,2.13,40.15,40.15,0.00,0.00,4.44
1081032,atl,68.000,-1.500,1002.42,1001.99,13.37,3.29,45.12,45.12,0.00,0.00,6.47
1081032,atl,53.000,-34.750,985.47,985.14,12.83,2.77,30.34,43.58,0.00,0.00,4.93
1081032,atl,35.500,-48.000,998.41,997.20,11.93,3.62,53.27,53.27,0.00,12632.55,6.80
1081032,pac,56.250,188.250,995.83,995.31,6.02,1.42,32.39,33.92,0.00,0.00,3.64
1081032,pac,50.000,188.500,993.28,992.76,8.79,2.33,42.13,42.13,0.00,0.00,4.38
1081032,pac,45.000,169.750,989.75,989.59,11.92,2.30,44.35,49.32,0.00,0.00,4.39
1081032,pac,44.500,215.250,997.26,996.82,13.28,3.12,45.57,49.16,0.00,0.00,4.88
1081038,atl,67.500,-0.750,1001.81,1001.60,12.60,3.15,44.45,44.45,0.00,0.00,5.66
1081038,atl,53.750,-36.250,987.44,987.16,12.70,2.63,32.86,51.80,0.00,8784.39,5.65
1081038,atl,35.500,-45.250,994.01,993.10,12.96,3.78,55.60,55.60,0.00,26696.05,6.97
1081038,pac,56.500,188.250,995.59,995.24,5.94,1.40,27.85,33.36,0.00,0.00,3.42
1081038,pac,51.250,192.500,993.47,993.09,9.00,2.51,40.78,40.78,0.00,0.00,3.80
1081038,pac,45.000,216.500,994.79,994.28,16.00,3.97,54.79,54.79,0.00,61157.13,6.87
1081038,pac,44.250,173.000,991.29,991.17,9.79,1.80,45.02,46.38,0.00,0.00,3.86
1081044,atl,66.750,1.000,1003.32,1003.04,10.66,2.66,40.45,40.48,0.00,0.00,5.05
1081044,atl,54.000,-38.500,990.23,990.02,13.16,2.67,46.04,52.18,0.00,16141.61,5.85
1081044,atl,38.750,-40.750,994.92,994.39,9.00,2.03,48.10,53.95,0.00,16389.55,4.82
1081044,atl,35.750,-42.000,994.95,994.35,11.30,2.93,54.09,54.09,0.00,30481.66,4.82
1081044,pac,57.250,188.000,996.85,996.59,5.84,1.22,23.13,35.48,0.00,0.00,3.05
1081044,pac,52.750,194.500,996.50,996.29,6.25,1.69,35.01,35.01,0.00,0.00,3.12
1081044,pac,47.500,181.500,989.77,989.58,8.85,2.00,37.87,37.87,0.00,0.00,3.59
1081044,pac,44.750,219.000,993.69,993.15,16.41,3.98,61.91,61.91,0.00,141437.19,7.78
1081050,atl,66.250,3.250,1003.68,1003.40,8.96,2.43,40.19,40.19,0.00,0.00,4.24
1081050,atl,53.500,-40.750,991.68,991.50,13.10,2.63,48.15,51.92,0.00,32553.19,5.79
1081050,atl,41.000,-37.750,990.19,989.62,10.52,2.57,46.24,46.25,0.00,0.00,4.45
1081050,pac,58.000,186.000,997.41,997.23,6.08,1.31,35.23,35.96,0.00,0.00,3.55
1081050,pac,48.500,184.250,985.61,984.99,12.15,2.94,45.55,45.55,0.00,0.00,4.95
1081050,pac,45.750,221.500,995.72,995.18,15.57,3.31,56.78,59.15,0.00,164243.03,6.34
1081056,atl,65.250,6.500,1004.37,1004.17,6.51,2.15,38.76,38.76,0.00,0.00,5.06
1081056,atl,52.000,-42.000,992.88,992.72,11.66,2.48,47.68,48.79,0.00,0.00,5.28
1081056,atl,43.500,-36.750,986.46,986.08,12.17,2.85,47.21,52.74,0.00,6287.61,4.61
1081056,pac,50.000,186.750,981.16,980.73,15.74,3.84,49.96,49.96,0.00,0.00,7.31
1081056,pac,46.250,223.500,998.86,998.42,13.30,2.82,52.83,55.37,0.00,100882.42,5.56
1081062,atl,44.750,-35.750,982.59,981.90,13.00,2.88,47.53,49.53,0.00,0.00,6.45
1081062,pac,52.250,188.500,976.97,976.61,18.54,4.17,55.04,55.04,0.00,27307.98,8.17
1081062,pac,46.000,226.000,1002.73,1002.51,10.92,2.47,41.90,48.33,0.00,0.00,4.26
1081068,atl,49.500,-37.500,981.50,980.72,14.73,3.42,44.60,46.60,0.00,0.00,6.49
1081068,atl,46.000,-34.500,981.55,981.00,13.84,3.34,47.81,47.81,0.00,0.00,7.18
1081068,pac,62.250,221.500,1004.65,1003.96,6.50,1.59,20.15,26.55,0.00,0.00,7.17
1081068,pac,52.750,190.250,975.39,975.14,18.69,3.89,55.33,55.33,0.00,56823.57,7.59
1081074,atl,49.750,-38.750,979.86,979.18,15.81,3.22,53.20,53.20,0.00,14385.55,6.44
1081074,atl,47.750,-33.750,980.34,979.94,14.15,3.63,52.07,52.07,0.00,2127.76,9.79
1081074,atl,36.250,-77.250,989.24,988.78,9.57,1.87,48.84,52.67,0.00,5764.32,8.46
1081074,pac,64.250,215.750,1004.96,1004.54,5.36,1.22,26.89,26.89,0.00,0.00,9.39
1081074,pac,62.500,222.750,1003.69,1003.29,7.06,1.75,20.36,26.89,0.00,0.00,9.39
1081074,pac,53.750,192.000,975.62,975.30,17.63,3.42,53.88,56.53,0.00,127345.50,6.97
1081080,atl,49.750,-34.250,980.83,980.06,14.87,3.63,54.88,54.88,0.00,8454.57,9.07
1081080,atl,49.500,-39.000,980.43,979.94,16.18,2.93,45.84,57.22,0.00,42763.44,8.34
1081080,atl,38.000,-75.250,985.48,985.07,11.60,2.53,50.60,55.76,0.00,14899.29,6.01
1081080,pac,64.250,217.000,1003.26,1003.01,5.33,1.42,26.02,30.77,0.00,0.00,14.43
1081080,pac,62.500,228.000,1004.77,1004.33,5.39,0.95,24.41,28.45,0.00,0.00,13.92
1081080,pac,62.250,223.500,1002.61,1002.19,7.03,2.18,24.41,24.41,0.00,0.00,13.98
1081080,pac,55.000,193.000,977.38,977.10,16.48,3.00,49.44,54.44,0.00,33064.17,6.18
1081086,atl,49.000,-39.000,981.02,980.76,14.52,2.65,38.28,50.89,0.00,993.45,6.06
1081086,atl,41.250,-73.250,982.09,981.87,13.27,3.02,42.64,54.13,0.00,11729.93,7.80
1081086,pac,64.500,232.750,1004.22,1003.60,6.63,1.64,26.37,27.95,0.00,0.00,6.41
1081086,pac,63.000,224.750,1004.96,1004.67,4.17,0.91,21.64,28.91,0.00,0.00,13.08
1081086,pac,55.500,194.500,979.61,979.33,15.21,2.64,39.83,47.97,0.00,0.00,7.22
1081092,atl,66.750,8.250,1004.08,1003.99,7.63,1.58,30.11,39.57,0.00,0.00,4.44
1081092,atl,48.000,-39.500,982.93,982.62,13.99,2.79,40.88,49.19,0.00,0.00,5.09
1081092,atl,46.000,-75.500,980.48,980.16,12.19,2.53,54.70,61.94,0.00,8912.46,12.02
1081092,pac,64.000,209.000,999.10,998.69,4.16,1.42,35.25,42.23,0.00,0.00,12.90
1081092,pac,63.250,235.000,1003.16,1002.74,6.27,1.60,20.80,27.78,0.00,0.00,5.76
1081092,pac,56.500,196.000,983.14,982.92,13.29,2.40,36.80,46.20,0.00,0.00,6.25
1081098,atl,49.750,-40.500,984.27,983.92,15.05,3.20,49.58,51.87,0.00,26115.62,5.80
1081098,atl,47.750,-79.000,979.16,978.91,12.21,2.45,30.57,42.17,0.00,0.00,6.47
1081098,pac,57.000,197.000,985.36,985.18,12.06,2.20,32.81,41.87,0.00,0.00,6.77
1081104,atl,48.250,-40.250,985.50,985.26,14.47,3.30,49.08,51.53,0.00,5963.22,5.78
1081104,pac,62.250,220.000,999.09,998.67,7.88,3.14,36.03,37.80,0.00,0.00,14.33
1081104,pac,58.000,198.500,989.06,988.92,9.62,1.74,33.94,37.81,0.00,0.00,7.16
1081104,pac,52.750,161.250,991.58,991.29,8.41,1.83,37.61,40.63,0.00,0.00,7.49
1081110,atl,47.000,-39.500,984.69,984.47,13.89,3.11,51.51,51.51,0.00,5895.15,5.76
1081110,pac,65.750,215.750,996.61,996.28,6.59,1.49,38.75,38.75,0.00,0.00,12.56
1081110,pac,65.250,210.250,996.31,996.01,4.25,1.15,38.75,38.75,0.00,0.00,12.56
1081110,pac,61.000,197.750,990.97,990.89,6.84,1.15,26.84,33.72,0.00,0.00,7.42
1081110,pac,53.000,163.000,992.13,992.04,7.75,1.68,34.79,38.22,0.00,0.00,5.73
1081116,atl,46.000,-38.000,986.23,985.97,13.28,2.86,46.48,48.61,0.00,0.00,4.72
1081116,pac,62.500,196.000,992.76,992.71,6.25,1.03,26.18,33.94,0.00,0.00,5.25
1081116,pac,53.000,164.500,993.04,992.94,8.60,1.91,35.36,35.36,0.00,0.00,4.42
1081122,atl,63.750,-76.750,1002.96,1002.81,11.28,2.50,36.10,40.81,0.00,0.00,6.87
1081122,atl,46.250,-18.500,1003.60,1002.83,6.14,2.30,36.15,36.15,0.00,0.00,4.37
1081122,atl,45.750,-37.000,987.01,986.74,12.30,2.66,39.92,46.37,0.00,0.00,3.93
1081122,atl,44.750,-79.250,992.69,992.39,5.20,0.79,25.94,34.49,0.00,0.00,4.00
1081122,atl,42.750,-74.250,992.75,992.38,5.18,1.12,32.13,32.18,0.00,0.00,4.53
1081122,atl,41.750,-61.500,1000.21,1000.05,4.78,1.07,33.44,35.37,0.00,0.00,3.77
1081122,pac,65.750,229.750,998.87,998.28,5.24,1.48,27.31,27.80,0.00,0.00,7.31
1081122,pac,63.250,193.750,992.41,992.32,7.31,1.48,33.59,34.52,0.00,0.00,4.26
1081122,pac,53.750,177.750,995.15,994.88,5.59,1.27,30.83,33.94,0.00,0.00,3.03
1081122,pac,52.750,166.500,992.55,992.44,9.49,1.82,38.89,38.89,0.00,0.00,4.28
1081128,atl,65.750,-75.250,1001.97,1001.77,13.09,3.29,40.51,43.07,0.00,0.00,8.01
1081128,atl,47.750,-18.750,1002.12,1001.50,7.01,2.46,34.52,34.52,0.00,0.00,4.22
1081128,atl,45.750,-36.000,990.20,989.96,10.81,2.25,38.45,38.45,0.00,0.00,3.32
1081128,atl,45.250,-78.750,996.28,996.11,5.48,0.98,21.75,30.82,0.00,0.00,3.24
1081128,atl,43.750,-73.250,995.55,995.30,5.31,0.99,21.47,24.79,0.00,0.00,4.19
1081128,atl,41.750,-59.500,999.14,999.03,6.29,1.31,37.86,37.86,0.00,0.00,3.47
1081128,pac,63.500,192.750,992.98,992.82,7.04,1.64,36.65,36.65,0.00,0.00,4.14
1081128,pac,62.500,222.500,995.54,994.85,5.63,2.00,34.40,34.40,0.00,0.00,9.78
1081128,pac,52.750,184.500,994.71,994.47,6.97,1.63,32.35,34.34,0.00,0.00,3.44
1081128,pac,52.250,168.500,993.50,993.39,9.48,1.74,39.92,39.92,0.00,0.00,3.90
1081134,atl,67.000,-73.250,1001.90,1001.66,13.00,3.55,34.37,44.01,0.00,0.00,8.73
1081134,atl,48.750,-19.500,1000.43,1000.04,6.35,2.07,31.49,31.49,0.00,0.00,3.02
1081134,atl,45.500,-34.750,992.19,992.03,8.72,1.80,37.55,38.21,0.00,0.00,2.71
1081134,atl,44.250,-78.500,997.56,997.37,5.22,0.74,21.58,26.29,0.00,0.00,3.75
1081134,atl,44.000,-73.250,996.42,996.18,5.56,1.05,22.42,25.23,0.00,0.00,4.77
1081134,atl,44.000,-16.750,1001.05,1000.66,5.01,1.61,32.47,32.47,0.00,0.00,3.49
1081134,atl,41.500,-57.500,996.57,996.49,7.75,1.70,35.23,36.28,0.00,0.00,3.47
1081134,pac,65.500,228.500,993.46,992.96,5.57,1.48,32.35,32.35,0.00,0.00,5.39
1081134,pac,63.000,192.500,993.62,993.41,6.30,1.56,33.36,34.41,0.00,0.00,4.01
1081134,pac,53.250,186.750,994.68,994.52,5.98,1.37,32.71,35.33,0.00,0.00,3.30
1081140,atl,49.500,-20.500,999.86,999.65,6.00,1.64,28.49,32.12,0.00,0.00,4.55
1081140,atl,46.250,-16.750,998.10,997.27,8.21,2.40,32.12,37.31,0.00,0.00,4.55
1081140,atl,45.500,-33.500,996.09,995.94,7.08,1.51,32.56,34.19,0.00,0.00,2.65
1081140,atl,43.500,-73.500,997.45,997.11,5.30,1.02,26.34,30.59,0.00,0.00,5.07
1081140,atl,41.750,-55.500,996.39,996.11,7.71,1.80,34.81,34.83,0.00,0.00,3.24
1081140,pac,65.750,233.000,992.53,992.20,7.06,1.63,26.70,28.07,0.00,0.00,6.68
1081140,pac,62.750,192.250,995.63,995.45,5.45,1.58,29.81,30.52,0.00,0.00,3.85
1081140,pac,53.750,188.250,994.66,994.50,6.16,1.43,32.13,34.17,0.00,0.00,3.05
1081140,pac,53.250,196.750,993.91,993.47,9.60,2.38,35.48,39.19,0.00,0.00,4.00
1081146,atl,49.750,-21.250,998.11,997.87,6.77,1.47,25.66,36.05,0.00,0.00,5.43
1081146,atl,48.000,-17.000,996.94,996.16,9.22,2.62,35.49,36.91,0.00,0.00,5.43
1081146,atl,45.500,-30.750,998.91,998.79,5.60,1.21,34.78,34.78,0.00,0.00,2.37
1081146,atl,42.750,-73.500,998.87,998.51,4.96,1.01,25.97,32.06,0.00,0.00,4.05
1081146,atl,42.000,-53.500,997.60,997.15,6.79,1.60,33.48,33.53,0.00,0.00,2.90
1081146,pac,65.000,239.000,992.74,992.52,7.14,1.12,26.24,35.09,0.00,0.00,6.93
1081146,pac,64.750,236.750,992.74,992.52,6.52,1.10,27.28,35.09,0.00,0.00,7.53
1081146,pac,62.500,192.250,997.23,997.02,4.64,1.50,26.58,28.33,0.00,0.00,3.24
1081146,pac,54.500,199.000,992.17,991.63,10.48,2.61,35.06,36.84,0.00,0.00,4.07
1081146,pac,54.000,191.000,995.43,995.24,5.92,1.27,33.01,33.81,0.00,0.00,3.64
1081152,atl,49.750,-17.500,995.64,995.16,10.16,2.76,40.92,40.92,0.00,0.00,5.77
1081152,atl,42.250,-52.500,1000.40,999.98,5.26,1.33,29.13,30.50,0.00,0.00,2.45
1081152,atl,42.000,-44.750,1000.56,1000.05,5.73,1.55,29.89,31.60,0.00,0.00,2.61
1081152,atl,37.500,-69.000,998.27,998.03,4.70,1.16,28.80,34.79,0.00,0.00,2.83
1081152,pac,55.000,200.500,991.56,991.00,11.58,2.75,34.35,37.81,0.00,0.00,5.78
1081152,pac,52.750,236.500,1002.28,1001.97,4.03,1.49,18.21,26.59,0.00,0.00,8.22
1081158,atl,50.750,-22.000,994.74,994.55,9.14,1.73,32.86,35.77,0.00,0.00,4.39
1081158,atl,42.750,-41.500,1001.19,1000.73,5.36,1.49,29.92,32.42,0.00,0.00,2.78
1081158,atl,42.500,-51.500,1001.83,1001.63,4.09,0.94,24.78,31.60,0.00,0.00,2.26
1081158,atl,38.000,-67.750,994.73,994.03,8.66,2.44,37.51,39.36,0.00,0.00,5.52
1081158,pac,55.250,202.500,992.70,992.34,11.48,2.60,32.00,37.20,0.00,0.00,5.70
1081164,atl,52.500,-21.000,994.88,994.66,10.17,2.23,34.30,34.30,0.00,0.00,3.66
1081164,atl,43.000,-39.250,1002.89,1002.38,5.80,1.80,31.10,31.10,0.00,0.00,3.02
1081164,atl,38.500,-66.000,993.35,992.52,11.59,3.14,52.62,52.62,0.00,3050.96,8.21
1081164,pac,55.250,204.000,996.73,996.52,9.12,1.92,30.91,39.54,0.00,0.00,4.64
1081170,atl,53.250,-22.750,994.09,993.83,10.22,2.07,28.86,32.73,0.00,0.00,3.15
1081170,atl,52.000,-7.500,1004.46,1004.17,7.03,1.80,32.52,34.85,0.00,0.00,5.87
1081170,atl,43.500,-36.000,1003.45,1002.71,5.78,1.80,34.25,34.25,0.00,0.00,3.93
1081170,atl,40.250,-60.250,992.67,992.32,11.35,2.27,50.42,60.49,0.00,52964.40,6.95
1081170,atl,38.750,-63.500,992.32,991.86,13.07,3.47,60.49,60.49,0.00,85675.03,7.11
1081170,pac,55.000,205.750,1000.76,1000.59,7.42,1.40,32.63,39.60,0.00,0.00,5.14
1081170,pac,51.000,215.000,1003.63,1003.28,6.68,1.63,28.93,33.38,0.00,0.00,3.77
1081176,atl,53.500,-24.000,993.39,993.08,10.21,1.99,26.13,30.44,0.00,0.00,3.12
1081176,atl,53.250,-8.250,1003.48,1003.05,7.09,1.90,35.18,35.81,0.00,0.00,5.53
1081176,atl,43.750,-32.500,1003.75,1003.14,6.25,1.91,37.63,37.63,0.00,0.00,3.83
1081176,atl,41.250,-56.500,990.59,989.91,13.14,2.84,49.64,60.51,0.00,46428.04,5.40
1081176,pac,55.000,207.750,1003.48,1003.26,7.05,1.28,31.05,36.73,0.00,0.00,6.66
1081176,pac,49.500,218.000,1004.71,1004.26,7.53,2.09,34.27,34.27,0.00,0.00,3.58
1081182,atl,54.250,-9.000,1002.74,1002.54,6.04,1.63,34.21,34.21,0.00,0.00,6.43
1081182,atl,53.750,-25.000,992.47,992.16,9.74,1.94,24.68,30.31,0.00,0.00,2.94
1081182,atl,44.000,-28.500,1003.37,1002.90,5.55,1.71,38.89,38.89,0.00,0.00,3.92
1081182,atl,41.750,-55.000,988.56,988.23,14.25,3.22,55.48,58.50,0.00,74221.66,4.88
1081182,pac,49.500,189.500,1002.93,1002.32,10.72,2.86,30.20,33.56,0.00,0.00,3.75
1081188,atl,55.750,-10.000,1003.48,1003.20,5.54,1.43,31.75,38.48,0.00,0.00,5.25
1081188,atl,53.750,-25.000,993.60,993.33,9.09,1.87,25.31,31.56,0.00,0.00,2.84
1081188,atl,46.000,-45.750,992.44,991.72,10.42,2.45,33.98,36.47,0.00,0.00,4.69
1081188,atl,41.750,-52.750,988.26,987.95,14.33,3.32,59.78,59.78,0.00,74312.16,5.74
1081188,pac,53.000,237.000,999.78,999.58,8.42,2.26,20.48,26.08,0.00,0.00,7.33
1081188,pac,50.000,191.500,1001.96,1001.24,11.81,3.20,40.60,40.60,0.00,0.00,5.01
1081188,pac,49.500,160.500,989.54,989.13,14.44,3.22,37.79,38.89,0.00,0.00,6.32
1081194,atl,54.250,-24.500,994.38,994.14,8.07,1.70,24.21,29.16,0.00,0.00,2.49
1081194,atl,46.750,-45.000,989.62,989.03,10.84,2.32,32.44,49.66,0.00,0.00,4.77
1081194,atl,43.000,-48.750,989.04,988.79,11.37,2.34,54.16,56.95,0.00,43706.04,4.13
1081194,pac,52.000,238.250,999.38,998.95,9.07,2.50,32.89,32.89,0.00,0.00,9.88
1081194,pac,50.000,161.250,988.68,988.29,14.76,3.51,39.70,40.80,0.00,0.00,4.76
1081194,pac,49.750,194.000,1001.90,1001.48,12.63,3.70,51.97,51.97,0.00,8212.95,7.33
1081200,atl,54.500,-23.250,995.05,994.84,7.45,1.59,25.19,27.90,0.00,0.00,2.63
1081200,atl,46.250,-44.250,985.52,985.32,13.16,2.75,43.07,49.44,0.00,0.00,5.18
1081200,pac,59.500,231.500,1002.66,1002.06,7.26,2.66,30.17,30.17,0.00,0.00,7.67
1081200,pac,54.000,237.750,998.08,997.51,10.97,2.72,34.30,34.97,0.00,0.00,10.43
1081200,pac,50.750,202.500,1000.80,1000.32,10.64,2.32,41.96,45.41,0.00,0.00,5.81
1081200,pac,50.000,162.250,989.48,989.19,13.64,3.29,41.14,41.78,0.00,0.00,4.80
1081206,atl,65.250,-58.000,1002.15,1001.71,7.78,2.47,35.53,35.53,0.00,0.00,5.06
1081206,atl,55.750,-22.250,994.83,994.77,6.70,1.35,27.56,27.56,0.00,0.00,2.68
1081206,atl,47.750,-42.000,981.46,981.06,14.81,3.00,47.47,47.98,0.00,0.00,5.58
1081206,pac,58.750,231.000,1003.15,1002.87,7.41,2.46,26.76,26.76,0.00,0.00,7.91
1081206,pac,55.500,236.500,1003.37,1002.92,7.71,1.83,27.72,27.72,0.00,0.00,7.67
1081206,pac,50.500,164.750,989.56,989.26,12.68,2.64,38.87,38.87,0.00,0.00,4.75
1081206,pac,50.500,207.250,999.93,999.54,11.00,2.55,37.81,43.78,0.00,0.00,5.00
1081212,atl,67.000,-50.500,1003.99,1003.52,4.78,1.09,27.75,36.66,0.00,0.00,12.98
1081212,atl,65.000,-56.500,1001.62,1001.36,7.13,2.11,33.14,39.99,0.00,0.00,7.79
1081212,atl,56.750,-22.500,995.72,995.55,6.07,1.22,26.07,27.47,0.00,0.00,2.70
1081212,atl,48.750,-41.000,978.57,977.98,16.74,3.67,47.90,51.47,0.00,2144.79,5.42
1081212,pac,51.500,166.250,988.35,988.02,12.71,2.49,39.06,39.06,0.00,0.00,6.22
1081212,pac,50.250,211.250,1000.42,1000.27,10.04,2.13,37.38,41.06,0.00,0.00,4.82
1081212,pac,44.250,161.750,999.30,998.58,6.71,2.03,44.36,44.36,0.00,0.00,4.16
1081218,atl,67.000,-50.500,1002.72,1002.05,5.32,1.09,27.41,40.45,0.00,0.00,11.33
1081218,atl,64.750,-56.250,1001.18,1001.01,6.71,1.89,39.82,42.02,0.00,0.00,8.04
1081218,atl,58.000,-22.000,996.05,995.97,5.45,1.06,23.13,27.93,0.00,0.00,2.96
1081218,atl,49.250,-39.750,977.68,977.25,15.78,3.61,48.80,49.53,0.00,0.00,5.82
1081218,pac,52.000,166.750,986.36,986.06,12.25,2.51,33.78,40.68,0.00,0.00,5.09
1081218,pac,48.500,215.500,1002.93,1002.79,8.67,1.57,30.58,37.72,0.00,0.00,4.08
1081224,atl,67.000,-49.750,1002.87,1002.39,5.43,1.38,28.43,40.08,0.00,0.00,14.68
1081224,atl,64.750,-55.750,1001.53,1001.36,6.36,1.75,40.08,40.70,0.00,0.00,8.76
1081224,atl,64.500,-50.000,1002.88,1002.48,4.21,0.79,25.56,40.08,0.00,0.00,14.68
1081224,atl,50.750,-38.000,977.74,977.60,14.43,3.12,41.66,41.66,0.00,0.00,5.00
1081224,pac,59.250,233.000,1004.73,1004.09,5.67,1.92,25.03,28.72,0.00,0.00,10.43
1081224,pac,55.750,236.500,1004.59,1003.81,6.91,1.71,31.99,33.47,0.00,0.00,10.43
1081224,pac,54.750,239.500,1004.68,1003.98,7.18,1.84,33.47,33.47,0.00,0.00,8.63
1081224,pac,52.250,167.500,986.30,986.06,10.75,2.24,28.56,39.14,0.00,0.00,4.59
1081224,pac,49.500,174.250,986.89,985.85,13.18,3.63,48.68,48.99,0.00,0.00,6.16
1081224,pac,46.000,220.000,1003.99,1003.62,7.97,1.78,28.61,34.79,0.00,0.00,3.18
1081230,atl,64.500,-50.000,1001.57,1001.30,4.65,1.29,25.98,40.15,0.00,0.00,8.22
1081230,atl,64.250,-55.750,1000.26,1000.07,7.04,1.92,40.15,40.15,0.00,0.00,7.28
1081230,atl,51.750,-35.750,977.03,976.82,13.33,2.74,43.08,43.34,0.00,0.00,4.99
1081230,pac,52.250,177.250,982.67,981.70,15.46,4.08,45.29,45.29,0.00,0.00,5.98
1081230,pac,52.000,170.250,987.14,987.00,8.84,1.53,34.52,42.96,0.00,0.00,5.98
1081230,pac,45.500,222.250,1004.71,1004.36,8.44,1.90,27.68,35.71,0.00,0.00,3.30
1081236,atl,64.000,-55.500,1000.90,1000.74,6.03,1.70,38.57,38.57,0.00,0.00,5.50
1081236,atl,53.000,-35.000,977.72,977.50,12.68,2.54,41.92,45.02,0.00,0.00,4.52
1081236,atl,50.750,-60.250,1002.32,1002.05,4.93,1.21,23.88,25.56,0.00,0.00,3.02
1081236,pac,54.250,178.000,979.48,978.75,17.05,4.09,41.61,48.32,0.00,0.00,5.64
1081242,atl,63.250,-55.250,1000.99,1000.86,4.98,1.35,36.56,36.56,0.00,0.00,5.26
1081242,atl,54.000,-33.500,979.52,979.28,11.64,2.25,42.09,44.92,0.00,0.00,4.22
1081242,atl,50.250,-61.000,1000.51,1000.09,5.64,1.38,25.47,28.53,0.00,0.00,4.51
1081242,pac,55.250,177.000,978.06,977.37,17.62,4.03,40.09,47.63,0.00,0.00,5.33
1081248,atl,62.750,-55.000,1002.45,1002.31,4.47,1.25,35.54,35.54,0.00,0.00,5.85
1081248,atl,54.750,-32.250,982.07,981.86,10.67,2.03,41.91,44.32,0.00,0.00,4.22
1081248,atl,49.000,-61.500,1001.67,1001.48,4.90,0.86,23.69,30.17,0.00,0.00,4.14
1081248,atl,46.250,-64.250,1001.16,1000.51,5.94,1.26,27.29,30.17,0.00,0.00,4.14
1081248,pac,54.500,175.500,980.32,979.83,16.35,3.63,41.23,42.54,0.00,0.00,5.23
1081254,atl,62.250,-55.000,1002.89,1002.76,4.19,1.14,33.00,33.00,0.00,0.00,7.42
1081254,atl,56.000,-30.750,982.28,982.12,10.43,2.02,42.12,42.12,0.00,0.00,4.06
1081254,atl,46.500,-62.500,1000.03,999.91,5.89,1.03,28.68,29.06,0.00,0.00,3.26
1081254,pac,56.000,189.500,986.46,985.99,11.45,2.45,44.30,44.34,0.00,0.00,6.03
1081254,pac,52.750,177.750,984.82,984.60,12.44,2.40,42.63,42.79,0.00,0.00,4.89
1081260,atl,56.750,-30.000,984.13,983.99,10.35,2.00,39.24,42.13,0.00,0.00,4.09
1081260,atl,46.250,-60.500,998.77,998.51,6.29,1.14,28.82,31.18,0.00,0.00,3.21
1081260,atl,45.500,-64.250,998.73,998.48,6.36,1.23,26.67,27.94,0.00,0.00,3.33
1081260,pac,56.500,189.250,985.67,985.29,11.42,2.44,44.87,44.87,0.00,0.00,5.26
1081266,atl,64.750,-48.500,1002.16,1001.90,5.51,1.85,33.56,40.72,0.00,0.00,5.19
1081266,atl,57.500,-28.750,986.26,986.12,10.11,1.96,36.89,41.71,0.00,0.00,3.95
1081266,atl,45.250,-62.000,997.43,996.99,6.74,1.61,30.44,36.19,0.00,0.00,3.65
1081266,pac,56.250,188.250,986.43,986.18,10.95,2.21,43.83,44.14,0.00,0.00,5.10
1081272,atl,66.750,-48.250,1004.67,1004.43,4.97,1.60,32.46,32.46,0.00,0.00,6.69
1081272,atl,57.750,-27.250,988.68,988.50,10.22,2.04,29.29,38.49,0.00,0.00,3.92
1081272,atl,45.500,-59.000,997.75,997.51,6.95,1.39,28.19,37.10,0.00,0.00,3.86
1081272,pac,57.250,197.250,989.85,989.66,8.14,1.54,36.14,47.79,0.00,0.00,11.96
1081272,pac,53.750,193.250,989.72,989.29,5.33,0.62,23.24,38.34,0.00,0.00,4.21
1081278,atl,66.000,-15.500,998.29,998.07,5.00,0.96,31.98,33.42,0.00,0.00,3.34
1081278,atl,58.000,-25.500,991.61,991.45,8.76,1.70,36.10,39.16,0.00,0.00,4.12
1081278,atl,47.000,-57.250,992.78,992.44,10.55,2.29,35.17,36.14,0.00,0.00,5.56
1081278,atl,39.000,-58.250,1001.97,1001.16,7.82,2.39,54.66,54.66,0.00,9113.35,5.07
1081278,pac,54.000,196.250,990.93,990.84,4.87,0.59,17.52,35.79,0.00,0.00,3.30
1081284,atl,65.750,-15.000,999.18,998.88,4.80,1.07,25.20,28.79,0.00,0.00,3.01
1081284,atl,57.250,-20.000,995.24,995.03,8.95,1.98,40.19,41.94,0.00,0.00,4.02
1081284,atl,47.500,-56.000,989.11,988.59,13.12,2.92,43.09,45.92,0.00,0.00,5.98
1081284,pac,51.750,199.750,993.09,993.01,5.44,0.97,24.67,33.96,0.00,0.00,2.62
1081284,pac,50.750,163.750,989.33,988.91,21.77,5.07,54.81,54.81,0.00,62228.51,7.22
1081290,atl,65.500,-13.500,999.86,999.46,4.02,1.02,19.12,25.80,0.00,0.00,3.00
1081290,atl,57.500,-16.750,996.05,995.67,9.81,2.41,40.54,42.04,0.00,0.00,4.19
1081290,atl,51.000,-52.750,982.54,982.30,19.42,3.72,45.39,49.36,0.00,0.00,8.59
1081290,pac,53.000,211.500,997.99,997.87,5.62,1.15,34.24,36.67,0.00,0.00,3.91
1081290,pac,51.500,168.250,992.98,992.63,18.54,3.99,51.68,52.46,0.00,48565.19,5.89
1081290,pac,51.500,202.750,994.09,994.01,5.32,1.08,24.86,29.77,0.00,0.00,2.31
1081296,atl,67.500,-13.000,1001.43,1001.33,4.41,1.10,22.66,22.66,0.00,0.00,5.36
1081296,atl,57.750,-14.500,996.73,996.39,10.74,2.83,40.98,41.33,0.00,0.00,4.22
1081296,atl,51.750,-53.000,975.17,974.67,25.38,6.02,54.97,54.97,0.00,21655.19,10.58
1081296,pac,54.000,211.500,995.77,995.65,6.85,1.36,36.09,37.50,0.00,0.00,4.29
1081296,pac,51.750,173.750,997.84,997.70,14.01,2.65,47.30,47.73,0.00,0.00,5.34
1081296,pac,51.750,204.750,994.24,994.12,4.84,1.17,22.39,28.67,0.00,0.00,2.15
1081302,atl,67.750,-12.000,1003.02,1002.91,4.34,1.11,22.97,22.97,0.00,0.00,2.90
1081302,atl,57.750,-12.000,998.01,997.85,10.66,2.75,35.23,39.38,0.00,0.00,4.00
1081302,atl,52.500,-51.500,973.95,973.30,23.98,5.42,57.14,57.14,0.00,51926.72,8.92
1081302,pac,55.250,210.000,993.72,993.57,7.17,1.38,38.49,42.60,0.00,0.00,7.05
1081302,pac,51.750,205.750,993.14,993.00,4.28,1.03,23.49,27.70,0.00,0.00,2.11
1081302,pac,50.750,184.000,1000.51,1000.08,6.45,1.34,37.43,43.65,0.00,0.00,3.70
1081308,atl,57.500,-10.500,1001.42,1001.24,9.67,2.45,34.25,34.25,0.00,0.00,3.61
1081308,atl,53.750,-50.000,974.77,974.25,21.92,4.70,59.53,60.27,0.00,138896.87,7.74
1081308,pac,55.750,209.250,990.54,990.35,8.41,1.78,38.02,44.43,0.00,0.00,7.71
1081308,pac,52.750,215.750,991.92,991.72,8.38,1.56,38.26,40.13,0.00,0.00,4.62
1081308,pac,48.000,193.000,996.32,995.95,6.41,1.40,43.09,47.28,0.00,0.00,3.35
1081314,atl,57.250,-9.000,1004.25,1004.05,8.88,2.25,34.13,34.13,0.00,0.00,3.46
1081314,atl,55.250,-49.250,976.57,976.13,20.58,4.23,53.06,56.33,0.00,86508.29,8.07
1081314,pac,55.750,204.750,989.03,988.78,7.51,1.61,44.97,49.33,0.00,0.00,7.37
1081314,pac,55.250,213.000,989.51,989.13,9.49,1.80,38.56,49.33,0.00,0.00,5.92
1081314,pac,46.500,198.750,991.70,991.27,7.46,1.60,42.81,47.03,0.00,0.00,3.41
1081320,atl,56.500,-49.250,979.52,979.16,19.23,3.95,46.89,52.13,0.00,25018.79,6.53
1081320,pac,56.500,208.000,987.97,987.50,9.57,2.20,48.45,48.45,0.00,0.00,8.65
1081320,pac,55.000,203.750,988.20,987.98,7.16,1.31,40.70,46.89,0.00,0.00,6.69
1081320,pac,45.500,204.500,987.99,987.62,8.81,2.01,42.33,47.67,0.00,0.00,3.78
1081326,atl,64.500,-50.500,993.16,992.73,9.84,3.11,49.08,49.08,0.00,0.00,11.61
1081326,atl,57.000,-49.250,981.70,981.30,17.60,3.61,50.68,50.98,0.00,3603.69,7.45
1081326,pac,54.750,202.750,987.59,987.37,8.66,1.76,36.20,41.92,0.00,0.00,7.79
1081326,pac,46.000,208.250,984.05,983.60,10.43,2.41,36.76,42.10,0.00,0.00,3.92
1081332,atl,64.500,-50.250,993.01,992.58,9.80,2.78,49.30,49.30,0.00,0.00,10.65
1081332,atl,57.750,-48.250,985.78,985.50,15.05,3.39,46.82,46.89,0.00,0.00,8.13
1081332,pac,53.250,201.250,989.46,989.28,7.98,1.63,40.31,41.98,0.00,0.00,5.93
1081332,pac,47.250,210.500,979.97,979.54,12.87,3.12,37.89,37.89,0.00,0.00,4.68
1081338,atl,65.250,-50.250,992.91,992.58,10.45,2.96,46.70,46.70,0.00,0.00,7.72
1081338,atl,58.500,-47.500,988.96,988.70,13.55,3.27,41.70,42.14,0.00,0.00,8.00
1081338,pac,51.500,160.250,1000.45,1000.05,10.16,2.45,35.52,36.09,0.00,0.00,8.23
1081338,pac,48.750,210.250,977.10,976.36,15.71,4.08,38.26,38.26,0.00,0.00,5.35
1081344,atl,64.500,-50.000,996.53,996.04,8.34,2.34,44.42,44.42,0.00,0.00,8.42
1081344,atl,61.750,-78.750,1003.09,1003.02,6.93,1.34,25.02,28.57,0.00,0.00,5.14
1081344,atl,58.750,-47.000,992.62,992.33,12.55,3.13,33.09,37.26,0.00,0.00,8.42
1081344,pac,52.500,160.500,1000.89,1000.45,8.75,2.11,36.42,36.42,0.00,0.00,8.50
1081344,pac,49.000,208.750,975.22,974.49,17.65,4.60,46.15,46.15,0.00,0.00,7.05
1081350,atl,65.000,-50.500,999.03,998.85,6.85,2.08,38.95,38.95,0.00,0.00,6.57
1081350,atl,64.000,-53.250,998.94,998.54,7.41,2.39,38.95,38.95,0.00,0.00,6.57
1081350,atl,61.500,-77.250,1001.88,1001.79,8.27,1.73,28.51,29.93,0.00,0.00,4.97
1081350,atl,59.000,-46.000,994.83,994.50,11.36,2.87,37.39,37.39,0.00,0.00,6.73
1081350,pac,53.000,161.000,999.02,998.54,8.33,2.07,35.51,35.51,0.00,0.00,6.06
1081350,pac,48.250,208.250,975.56,975.03,17.64,4.45,50.04,50.04,0.00,517.08,6.85
1081356,atl,64.500,-50.000,1001.85,1001.56,5.27,1.42,37.31,37.31,0.00,0.00,4.98
1081356,atl,63.500,-53.250,1002.42,1002.01,5.47,1.85,37.31,37.31,0.00,0.00,4.87
1081356,atl,59.000,-44.500,999.07,998.74,9.22,2.39,35.95,35.95,0.00,0.00,4.98
1081356,atl,58.250,-70.250,1001.88,1001.80,7.04,1.41,21.38,28.53,0.00,0.00,5.82
1081356,pac,53.250,161.750,998.89,998.28,7.62,2.02,30.08,30.08,0.00,0.00,4.56
1081356,pac,47.750,208.750,977.52,976.91,16.91,4.27,42.74,48.97,0.00,0.00,6.40
1081362,atl,64.500,-50.000,1003.30,1002.94,4.10,1.05,32.60,32.93,0.00,0.00,4.28
1081362,atl,61.000,-45.750,1002.23,1001.69,5.18,1.10,28.80,37.21,0.00,0.00,4.29
1081362,atl,59.250,-42.000,1001.50,1001.27,7.49,1.97,37.21,37.21,0.00,0.00,4.29
1081362,atl,58.000,-67.500,1000.50,1000.28,8.63,2.04,33.74,35.47,0.00,0.00,7.66
1081362,atl,31.750,3.750,1001.82,1001.37,5.63,1.13,27.88,27.88,0.00,0.00,8.54
1081362,pac,53.750,162.750,997.10,996.75,7.58,1.95,28.57,28.57,0.00,0.00,4.26
1081362,pac,47.500,209.000,982.41,981.95,15.71,3.96,37.52,44.23,0.00,0.00,5.77
1081368,atl,61.250,-38.750,1002.84,1002.78,5.44,0.98,30.27,37.32,0.00,0.00,5.38
1081368,atl,56.500,-64.750,1002.17,1001.87,8.67,1.73,24.04,38.46,0.00,0.00,8.73
1081368,atl,31.500,5.000,1002.36,1001.92,6.95,1.41,32.99,33.02,0.00,0.00,8.22
1081368,pac,54.000,176.000,999.07,998.86,6.50,1.29,33.68,35.44,0.00,0.00,3.77
1081368,pac,53.750,163.750,995.68,995.30,7.74,1.94,29.87,29.87,0.00,0.00,5.59
1081368,pac,47.000,209.000,987.53,987.04,14.40,3.67,40.51,42.02,0.00,0.00,4.76
1081374,atl,66.250,-36.000,1001.62,1001.26,4.57,1.29,29.93,29.99,0.00,0.00,9.92
1081374,atl,64.750,-40.500,1001.75,1001.18,4.96,1.57,29.99,29.99,0.00,0.00,9.92
1081374,atl,62.750,-36.500,1001.42,1001.39,5.68,0.65,22.87,36.90,0.00,0.00,9.92
1081374,atl,59.000,-66.000,1004.83,1004.38,7.96,2.72,37.30,37.30,0.00,0.00,7.57
1081374,atl,57.500,-24.250,1000.16,999.29,12.60,3.80,47.72,47.72,0.00,0.00,8.42
1081374,atl,56.000,-60.000,1003.27,1002.90,7.94,1.98,30.08,30.21,0.00,0.00,7.57
1081374,atl,55.750,-62.750,1003.21,1002.78,7.72,1.69,26.86,35.33,0.00,0.00,7.57
1081374,atl,32.750,7.000,1003.17,1002.98,7.07,1.76,39.11,39.11,0.00,0.00,8.53
1081374,pac,56.750,209.750,1004.03,1003.93,6.59,1.72,31.78,38.71,0.00,0.00,8.00
1081374,pac,55.750,178.500,992.73,992.52,9.96,2.18,36.55,40.98,0.00,0.00,5.42
1081374,pac,53.500,165.500,995.51,995.12,6.81,1.88,29.87,29.98,0.00,0.00,4.80
1081374,pac,46.500,209.500,992.58,992.12,13.05,3.32,38.81,40.01,0.00,0.00,4.09
1081380,atl,63.750,-32.750,1001.34,1001.29,4.68,0.67,17.31,37.26,0.00,0.00,12.61
1081380,atl,60.000,-21.500,991.64,990.96,18.50,5.61,59.17,59.17,0.00,23340.31,12.22
1081380,atl,56.500,-58.750,1004.69,1004.46,7.81,2.00,30.98,30.98,0.00,0.00,6.66
1081380,atl,50.250,-63.000,1004.34,1004.10,7.65,1.63,36.99,36.99,0.00,0.00,8.55
1081380,atl,33.250,8.250,1003.40,1003.13,6.53,1.40,42.43,43.22,0.00,0.00,8.11
1081380,pac,58.000,180.750,987.74,987.53,12.91,2.66,40.10,40.59,0.00,0.00,5.50
1081380,pac,46.500,210.000,997.55,997.14,11.51,2.90,36.14,38.66,0.00,0.00,3.62
1081386,atl,62.750,-19.750,985.60,984.83,20.63,6.06,55.59,55.59,0.00,24959.02,10.80
1081386,atl,50.750,-62.750,1003.38,1002.79,7.70,1.67,32.28,36.30,0.00,0.00,5.82
1081386,pac,60.250,182.250,983.11,982.73,15.68,3.54,38.99,41.18,0.00,0.00,4.91
1081386,pac,46.250,210.250,1002.75,1002.41,10.46,2.68,34.83,34.83,0.00,0.00,3.29
1081392,atl,65.000,-16.750,985.87,985.39,18.83,4.53,55.18,55.18,0.00,13111.53,7.94
1081392,atl,50.500,-62.250,1003.26,1002.80,9.24,1.94,32.53,33.42,0.00,0.00,5.24
1081392,pac,62.000,184.000,981.79,981.41,16.87,3.85,39.13,44.76,0.00,0.00,5.60
1081398,atl,69.000,-78.500,1001.62,1001.39,10.81,2.70,38.83,38.83,0.00,0.00,7.42
1081398,atl,67.000,-15.250,982.80,982.40,21.23,5.19,52.84,52.84,0.00,10349.08,11.75
1081398,atl,50.250,-61.750,1001.12,1000.87,11.07,2.46,35.30,35.30,0.00,0.00,6.44
1081398,atl,31.750,7.750,1004.61,1004.20,6.91,1.88,38.59,38.59,0.00,0.00,10.57
1081398,pac,63.500,185.000,982.00,981.62,16.78,3.97,36.08,47.72,0.00,0.00,7.68
1081404,atl,67.750,-14.250,985.03,984.70,20.12,5.28,58.68,58.68,0.00,64613.89,9.64
1081404,atl,67.250,-74.000,999.56,999.25,11.60,2.80,42.08,44.89,0.00,0.00,5.88
1081404,atl,65.750,-37.750,1004.11,1003.98,4.80,1.40,22.97,30.27,0.00,0.00,9.10
1081404,atl,61.500,-42.750,1003.42,1003.05,8.17,2.41,38.65,38.65,0.00,0.00,9.45
1081404,atl,49.500,-61.250,1001.69,1001.49,10.05,2.30,39.78,40.94,0.00,0.00,6.41
1081404,atl,48.000,-54.000,1001.56,1001.35,9.21,2.09,42.63,42.63,0.00,0.00,4.79
1081404,atl,31.750,8.750,1004.55,1004.20,6.06,1.54,36.81,38.94,0.00,0.00,9.41
1081404,pac,64.250,186.000,984.94,984.35,15.74,4.17,38.54,44.44,0.00,0.00,7.27
1081410,atl,68.500,-12.750,986.27,985.96,20.06,5.57,58.48,58.48,0.00,71952.09,8.56
1081410,atl,66.250,-71.250,997.71,997.27,12.09,2.70,37.35,41.02,0.00,0.00,8.50
1081410,atl,63.000,-37.250,1002.92,1002.80,7.50,1.29,39.49,40.32,0.00,0.00,8.90
1081410,atl,50.750,-53.000,995.72,995.38,13.70,3.19,42.25,45.74,0.00,0.00,5.69
1081410,atl,31.500,8.750,1002.20,1001.88,7.45,2.08,39.07,39.07,0.00,0.00,8.24
1081410,pac,64.750,188.250,991.27,991.03,12.33,3.42,42.10,46.50,0.00,0.00,6.70
1081410,pac,58.750,166.500,1003.31,1003.07,5.29,1.21,34.75,36.65,0.00,0.00,13.02
1081416,atl,69.000,-10.000,988.70,988.26,18.32,4.91,53.40,53.40,0.00,24429.69,8.01
1081416,atl,65.500,-71.250,998.72,998.38,11.15,2.51,39.99,39.99,0.00,0.00,13.03
1081416,atl,64.250,-66.750,998.33,998.02,9.06,1.48,28.72,39.99,0.00,0.00,13.03
1081416,atl,63.750,-29.750,1003.14,1002.92,8.04,1.58,39.94,39.99,0.00,0.00,5.42
1081416,atl,52.500,-53.250,990.31,989.77,16.65,4.37,42.66,43.51,0.00,0.00,6.46
1081422,atl,64.250,-24.000,1001.55,1001.00,9.67,2.82,42.31,42.31,0.00,0.00,5.69
1081422,atl,62.250,-64.000,994.92,994.81,7.66,1.65,28.32,31.93,0.00,0.00,10.18
1081422,atl,53.750,-53.250,986.50,986.23,14.27,3.89,42.95,42.95,0.00,0.00,5.29
1081422,pac,52.000,195.750,1004.24,1004.08,9.27,1.90,29.71,34.93,0.00,0.00,5.10
1081428,atl,64.250,-16.500,1004.19,1003.45,7.61,2.32,39.24,39.24,0.00,0.00,5.90
1081428,atl,64.000,-13.750,1004.40,1003.52,7.07,2.20,39.24,39.24,0.00,0.00,5.90
1081428,atl,61.750,-62.750,994.08,993.99,5.68,1.20,26.17,35.74,0.00,0.00,6.32
1081428,atl,54.250,-52.500,984.75,984.44,12.12,3.11,37.85,39.10,0.00,0.00,4.80
1081428,pac,53.750,197.250,1001.23,1000.94,12.91,2.87,39.23,39.23,0.00,0.00,8.04
1081434,atl,64.750,-8.000,1003.09,1002.16,7.80,2.80,40.77,40.77,0.00,0.00,9.60
1081434,atl,55.000,-50.500,985.10,984.75,10.61,2.68,44.02,44.02,0.00,0.00,4.75
1081434,pac,56.000,197.250,1000.75,1000.54,14.03,3.02,43.30,46.44,0.00,0.00,8.98
1081434,pac,40.000,215.750,1004.40,1003.83,9.73,2.59,37.69,37.69,0.00,0.00,4.28
1081440,atl,65.500,-2.750,1002.04,1001.46,8.25,3.08,47.38,47.38,0.00,0.00,6.60
1081440,atl,56.500,-48.250,987.71,987.49,9.39,2.04,40.83,45.21,0.00,0.00,12.29
1081440,atl,51.500,-58.250,992.10,991.87,4.91,1.26,28.04,28.11,0.00,0.00,3.48
1081440,pac,56.750,196.750,1000.54,1000.18,14.42,3.38,40.98,49.46,0.00,0.00,8.91
1081440,pac,39.500,213.250,1001.77,1001.17,11.96,3.40,40.52,40.52,0.00,0.00,4.65
1081446,atl,66.250,1.000,1000.20,999.81,9.42,3.11,43.82,43.82,0.00,0.00,7.07
1081446,atl,58.750,-55.500,988.67,988.55,5.57,0.98,29.60,42.02,0.00,0.00,3.66
1081446,atl,51.250,-56.250,991.59,991.45,5.14,1.30,23.62,26.89,0.00,0.00,2.92
1081446,pac,58.000,196.500,998.37,997.82,15.54,3.77,43.49,44.53,0.00,0.00,8.53
1081446,pac,38.250,212.250,1000.46,999.59,12.99,3.74,44.68,44.68,0.00,0.00,5.07
1081452,atl,66.250,3.250,1000.37,999.94,10.42,3.52,44.12,44.12,0.00,0.00,6.93
1081452,atl,57.500,-54.000,990.65,990.55,4.70,1.13,22.33,37.72,0.00,0.00,3.00
1081452,atl,51.250,-54.250,992.70,992.46,4.89,1.23,23.90,29.80,0.00,0.00,3.21
1081452,atl,42.500,-45.250,1000.30,999.58,10.93,3.46,49.13,50.68,0.00,602.67,5.71
1081452,pac,59.500,194.000,1000.84,1000.51,14.21,3.09,39.60,43.74,0.00,0.00,7.33
1081452,pac,36.750,212.500,999.75,999.06,12.73,3.70,44.16,44.16,0.00,0.00,5.04
1081458,atl,66.000,5.500,1002.03,1001.65,9.50,3.65,47.66,47.66,0.00,0.00,6.88
1081458,atl,65.000,-50.250,997.20,996.79,5.28,1.98,37.58,44.72,0.00,0.00,8.13
1081458,atl,64.000,-38.250,1000.27,999.75,4.24,1.89,37.14,37.14,0.00,0.00,8.42
1081458,atl,57.500,-52.750,992.53,992.33,5.04,1.20,22.95,34.08,0.00,0.00,3.24
1081458,atl,46.000,-41.500,995.99,995.26,12.29,3.79,48.27,50.00,0.00,572.02,8.14
1081458,atl,44.500,-70.750,996.22,995.64,7.20,1.86,40.71,40.71,0.00,0.00,7.76
1081458,atl,31.000,-4.750,1004.83,1004.27,5.77,1.67,41.73,41.73,0.00,0.00,10.47
1081458,pac,60.000,194.750,1003.67,1003.36,12.65,2.80,39.02,45.70,0.00,0.00,5.84
1081458,pac,35.500,213.750,1001.66,1001.20,11.55,3.30,43.70,43.70,0.00,0.00,4.73
1081464,atl,66.750,-49.500,998.92,998.64,4.69,1.62,35.16,35.16,0.00,0.00,5.78
1081464,atl,58.000,-52.500,993.96,993.81,5.56,1.27,22.78,34.80,0.00,0.00,3.43
1081464,atl,49.000,-38.750,989.75,989.11,17.05,5.24,63.47,63.47,0.00,47956.18,11.80
1081464,atl,45.500,-64.000,996.40,996.25,4.97,0.99,31.99,34.84,0.00,0.00,3.98
1081464,atl,43.250,-70.250,995.53,995.12,7.64,2.18,35.43,36.95,0.00,0.00,6.20
1081464,atl,31.250,-4.500,1004.59,1003.87,7.43,2.57,37.39,37.39,0.00,0.00,14.19
1081464,pac,35.500,215.500,1001.74,1001.16,10.97,3.11,41.37,41.37,0.00,0.00,4.16
1081470,atl,59.000,-53.250,994.25,994.07,6.31,1.46,27.12,29.93,0.00,0.00,4.98
1081470,atl,51.250,-35.250,988.03,987.77,18.32,5.47,64.52,64.52,993.45,59227.38,11.75
1081470,atl,47.250,-59.250,994.72,994.49,6.63,1.37,31.22,35.14,0.00,0.00,2.92
1081470,pac,36.000,217.250,1002.90,1002.22,10.46,3.08,38.94,38.94,0.00,0.00,4.09
1081476,atl,59.250,-53.500,995.11,994.92,6.21,1.46,29.43,29.79,0.00,0.00,3.53
1081476,atl,58.750,-58.500,995.40,995.13,7.15,2.02,29.79,29.79,0.00,0.00,4.80
1081476,atl,54.750,-32.750,987.90,987.63,17.32,4.14,58.85,60.63,0.00,75410.25,8.78
1081476,atl,49.500,-55.250,995.28,995.06,7.02,1.51,33.86,33.86,0.00,0.00,3.69
1081476,pac,36.500,218.250,1003.16,1002.69,9.27,2.64,35.80,35.80,0.00,0.00,3.15
1081482,atl,60.250,-54.000,996.11,995.87,5.16,1.40,29.71,31.33,0.00,0.00,4.61
1081482,atl,58.250,-32.500,988.15,987.98,14.64,3.19,48.96,54.36,0.00,17280.70,7.11
1081482,atl,51.250,-53.500,995.97,995.71,6.38,1.33,28.35,35.09,0.00,0.00,3.95
1081482,atl,49.750,-56.250,995.78,995.56,5.82,0.94,34.92,35.09,0.00,0.00,3.95
1081482,atl,44.000,-60.750,996.75,996.62,6.61,1.36,44.12,45.78,0.00,0.00,4.21
1081488,atl,60.750,-54.500,996.42,996.25,4.20,1.44,26.43,31.83,0.00,0.00,3.23
1081488,atl,60.000,-28.000,985.60,985.18,17.81,3.58,53.54,53.54,0.00,27229.77,7.14
1081488,atl,52.750,-52.250,996.14,995.89,5.86,1.61,29.67,34.57,0.00,0.00,3.63
1081488,atl,46.250,-56.750,994.48,994.34,8.49,1.82,52.12,52.12,0.00,3367.70,4.82
1081494,atl,67.000,-62.750,990.62,990.24,4.81,1.56,25.65,25.65,0.00,0.00,7.14
1081494,atl,62.250,-26.000,984.23,983.83,18.21,3.75,51.23,52.53,0.00,27088.23,8.53
1081494,atl,49.250,-52.250,990.87,990.56,10.28,2.04,52.74,56.82,0.00,16997.62,5.76
1081500,atl,68.500,-76.250,990.05,989.90,8.86,1.84,40.46,40.84,0.00,0.00,6.08
1081500,atl,66.250,-63.000,989.84,989.33,5.51,1.67,27.03,28.61,0.00,0.00,4.98
1081500,atl,63.750,-25.750,985.09,984.73,17.53,3.99,50.74,52.34,0.00,12811.30,6.68
1081500,atl,54.000,-48.750,985.79,985.69,12.45,2.40,48.55,59.23,0.00,9762.85,5.86
1081500,pac,48.000,210.750,1002.99,1002.88,5.93,1.14,23.46,27.55,0.00,0.00,2.58
1081500,pac,37.500,161.750,1002.40,1002.23,6.93,1.58,36.39,36.39,0.00,0.00,2.68
1081506,atl,67.250,-75.250,989.57,989.28,8.39,1.92,42.85,46.28,0.00,0.00,6.04
1081506,atl,66.250,-17.500,990.58,990.39,13.20,2.59,36.64,48.07,0.00,0.00,6.32
1081506,atl,66.000,-63.500,989.27,988.98,4.61,1.05,24.68,30.23,0.00,0.00,3.90
1081506,atl,64.750,-23.250,990.17,989.95,13.37,3.06,48.07,48.07,0.00,0.00,6.00
1081506,atl,57.750,-47.000,978.18,977.78,16.16,3.77,48.25,48.25,0.00,0.00,16.40
1081506,pac,49.250,209.750,999.35,999.26,7.67,1.39,27.20,35.74,0.00,0.00,3.10
1081506,pac,37.750,164.500,1001.71,1001.64,5.82,1.10,32.25,35.41,0.00,0.00,2.33
1081512,atl,67.000,-15.000,992.40,992.20,12.73,2.65,34.63,46.56,0.00,0.00,5.80
1081512,atl,66.250,-74.250,988.70,988.27,8.24,1.96,32.60,43.23,0.00,0.00,5.39
1081512,atl,58.250,-46.250,972.38,971.78,19.86,4.94,52.55,58.52,0.00,16345.95,20.89
1081512,pac,50.750,207.250,995.58,995.40,10.03,2.00,33.20,33.97,0.00,0.00,3.80
1081512,pac,37.500,167.250,1002.38,1002.28,4.83,0.84,25.62,30.40,0.00,0.00,2.06
1081518,atl,68.250,-12.000,995.02,994.85,10.05,2.29,33.71,38.21,0.00,0.00,7.10
1081518,atl,66.750,-50.250,977.45,977.06,9.77,2.55,49.98,49.98,0.00,0.00,11.47
1081518,atl,65.500,-73.250,988.04,987.73,7.16,1.63,33.31,35.27,0.00,0.00,5.73
1081518,atl,61.500,-41.000,969.06,968.45,20.81,4.61,61.97,66.07,2010.22,131821.17,12.37
1081518,atl,31.750,7.250,999.69,999.28,8.22,2.06,35.19,35.80,0.00,0.00,12.17
1081518,pac,51.250,205.250,992.21,991.90,11.42,2.49,36.00,36.00,0.00,0.00,3.75
1081518,pac,37.250,169.250,1000.70,1000.64,4.70,0.78,24.86,30.25,0.00,0.00,1.96
1081524,atl,68.750,-52.500,976.37,976.01,9.54,2.18,30.28,50.69,0.00,606.99,8.00
1081524,atl,66.500,-44.500,975.50,974.82,7.60,1.49,59.40,59.40,0.00,30600.95,16.82
1081524,atl,63.000,-38.250,968.36,968.10,20.94,4.41,64.40,67.45,11079.32,283873.64,19.24
1081524,atl,33.000,9.000,998.23,997.58,8.62,2.17,43.90,43.90,0.00,0.00,9.51
1081524,pac,51.000,204.250,990.64,990.31,11.79,2.46,37.40,38.36,0.00,0.00,3.92
1081524,pac,40.500,172.250,1000.70,1000.55,7.68,1.31,43.98,44.19,0.00,0.00,4.45
1081524,pac,37.250,172.000,1000.35,1000.18,4.79,0.76,23.91,34.70,0.00,0.00,2.85
1081530,atl,68.750,-45.250,977.45,977.02,6.30,1.28,38.07,39.54,0.00,0.00,10.29
1081530,atl,65.500,-33.750,973.22,972.75,16.05,3.84,62.17,65.81,10826.88,181095.16,13.07
1081530,atl,64.000,-42.000,977.54,977.03,10.39,2.45,54.67,64.65,1100.27,114757.58,17.99
1081530,pac,51.250,204.750,990.64,990.40,12.33,2.43,36.76,37.01,0.00,0.00,4.09
1081530,pac,37.500,174.000,998.92,998.77,5.47,0.86,23.50,44.49,0.00,0.00,4.12
1081536,atl,67.000,-31.750,977.16,976.62,13.70,3.49,54.70,58.52,0.00,89221.58,11.39
1081536,pac,52.250,204.250,991.11,990.86,13.71,2.84,37.09,39.32,0.00,0.00,5.42
1081536,pac,39.750,175.250,999.11,998.76,7.88,1.58,44.58,45.21,0.00,0.00,4.99
1081542,atl,67.500,-30.250,980.74,980.21,10.94,2.54,49.22,55.73,0.00,7848.64,13.10
1081542,pac,52.500,205.000,992.36,992.17,14.95,3.41,38.05,38.05,0.00,0.00,5.65
1081542,pac,39.750,180.750,997.73,997.54,9.17,1.78,45.47,46.20,0.00,0.00,4.87
1081548,atl,69.000,-33.000,983.79,983.26,6.65,1.36,37.90,52.28,0.00,1904.33,15.00
1081548,atl,69.000,-28.750,984.06,983.26,6.45,1.07,41.45,50.89,0.00,952.17,10.73
1081548,atl,66.250,-36.750,983.63,983.17,10.76,3.19,52.28,53.16,0.00,18229.66,15.00
1081548,atl,56.500,-80.000,995.53,994.65,14.37,4.25,46.71,46.71,0.00,0.00,6.06
1081548,pac,53.500,204.250,994.72,994.37,15.01,3.50,44.56,44.56,0.00,0.00,5.86
1081548,pac,40.250,182.250,997.53,997.30,9.72,1.97,47.07,47.07,0.00,0.00,5.48
1081554,atl,66.000,-38.000,984.63,984.02,9.95,3.57,47.11,48.08,0.00,0.00,12.96
1081554,atl,57.250,-74.250,994.25,993.46,14.22,4.15,47.95,47.95,0.00,0.00,5.72
1081554,pac,54.250,202.750,997.58,997.16,14.55,3.52,44.90,46.03,0.00,0.00,6.32
1081554,pac,41.000,184.000,997.28,996.94,9.65,2.06,41.00,42.10,0.00,0.00,4.50
1081560,atl,67.000,-33.500,983.43,983.01,10.49,2.26,48.63,50.56,0.00,955.24,13.59
1081560,atl,66.000,-36.000,983.46,983.01,11.88,3.46,50.56,50.56,0.00,955.24,13.59
1081560,atl,58.000,-68.000,996.50,995.71,11.09,3.21,38.92,38.92,0.00,0.00,4.92
1081560,pac,54.500,201.500,1000.81,1000.29,13.09,3.13,41.74,47.77,0.00,0.00,6.80
1081560,pac,42.250,186.750,997.57,997.26,9.81,2.22,37.83,38.45,0.00,0.00,4.73
1081566,atl,65.250,-37.250,981.88,981.68,15.39,4.03,59.78,59.78,0.00,31719.71,18.49
1081566,atl,58.750,-62.500,996.43,995.77,10.14,2.56,37.07,37.07,0.00,0.00,5.67
1081566,atl,47.250,-72.250,1004.57,1004.31,6.72,1.25,35.26,44.07,0.00,0.00,4.61
1081566,pac,55.000,202.000,1004.38,1003.94,11.39,2.64,40.46,40.46,0.00,0.00,6.95
1081566,pac,42.750,187.000,996.66,996.30,9.66,2.30,36.81,36.81,0.00,0.00,4.33
1081572,atl,64.750,-35.750,983.30,983.12,16.01,3.18,63.44,63.44,0.00,59830.89,19.35
1081572,atl,59.500,-59.750,995.85,995.33,10.49,2.88,35.56,35.56,0.00,0.00,6.23
1081572,atl,49.500,-66.000,999.31,998.79,10.16,2.05,47.66,47.93,0.00,0.00,6.37
1081572,atl,31.250,-4.750,1002.32,1001.89,7.34,2.28,44.56,44.56,0.00,0.00,13.49
1081572,pac,43.000,187.750,996.63,996.30,9.67,2.41,36.82,36.82,0.00,0.00,4.39
1081578,atl,64.500,-32.750,987.36,987.14,12.87,2.30,43.77,52.54,0.00,19414.02,16.11
1081578,atl,60.000,-57.500,994.08,993.56,10.56,2.94,34.82,36.08,0.00,0.00,5.29
1081578,atl,52.000,-62.750,994.57,994.37,11.40,2.70,44.01,51.76,0.00,2532.31,7.73
1081578,atl,31.250,-3.000,999.58,998.71,7.53,2.42,39.69,39.69,0.00,0.00,14.41
1081578,pac,42.750,188.000,997.48,997.20,9.21,2.41,34.90,34.90,0.00,0.00,3.95
1081584,atl,68.500,-16.250,994.33,993.95,8.89,2.07,39.77,39.95,0.00,0.00,7.05
1081584,atl,66.500,-28.250,991.93,991.79,8.67,1.56,32.43,47.26,0.00,0.00,10.11
1081584,atl,65.250,-38.750,996.02,995.72,4.79,2.44,43.25,43.25,0.00,0.00,13.52
1081584,atl,59.750,-56.000,993.51,993.37,8.78,1.99,35.60,40.30,0.00,0.00,4.91
1081584,atl,55.250,-55.250,993.13,992.69,10.06,2.38,43.81,46.19,0.00,0.00,9.69
1081584,pac,47.500,197.250,1001.14,1000.95,7.07,1.44,24.20,34.76,0.00,0.00,3.36
1081584,pac,42.750,189.250,998.09,997.91,9.37,2.44,34.76,34.76,0.00,0.00,3.95
1081590,atl,67.500,-24.000,994.92,994.73,6.90,1.44,31.23,41.13,0.00,0.00,9.35
1081590,atl,58.750,-50.500,989.29,989.13,10.77,1.83,38.79,42.56,0.00,0.00,7.44
1081590,atl,31.500,1.250,1002.57,1002.30,5.58,1.57,28.60,29.47,0.00,0.00,6.65
1081590,pac,49.000,198.500,1002.21,1002.07,6.23,1.29,23.95,32.03,0.00,0.00,3.15
1081590,pac,43.250,191.000,999.57,999.46,8.84,2.21,34.34,34.34,0.00,0.00,3.47
1081596,atl,63.000,-79.750,1001.87,1001.54,8.66,2.44,33.08,33.08,0.00,0.00,4.07
1081596,atl,61.500,-40.250,995.55,995.36,4.31,0.96,36.27,40.26,0.00,0.00,16.92
1081596,atl,60.750,-48.750,986.93,986.47,11.28,2.31,39.15,39.15,0.00,0.00,13.04
1081596,atl,32.250,2.250,1002.11,1001.94,5.56,1.19,35.34,35.89,0.00,0.00,5.14
1081596,pac,52.500,201.000,1002.64,1002.53,8.85,1.68,27.97,40.25,0.00,0.00,4.98
1081596,pac,44.500,193.750,1002.12,1001.91,7.46,1.66,30.98,33.69,0.00,0.00,2.93
1081602,atl,65.000,-46.750,982.82,982.38,13.66,3.91,42.97,42.97,0.00,0.00,17.77
1081602,atl,62.500,-76.000,1002.08,1001.60,7.97,2.32,37.08,38.06,0.00,0.00,4.37
1081602,atl,62.250,-39.000,993.00,992.54,6.16,1.65,36.31,40.33,0.00,0.00,17.77
1081602,atl,32.250,5.250,999.69,999.36,6.82,1.42,29.89,29.89,0.00,0.00,8.97
1081602,pac,54.250,201.500,1003.25,1003.11,8.97,1.81,36.57,44.93,0.00,0.00,7.93
1081602,pac,46.250,196.250,1004.45,1004.24,6.19,1.39,29.02,30.16,0.00,0.00,2.47
1081608,atl,65.750,-50.750,991.27,989.91,7.15,1.66,42.17,42.17,0.00,0.00,17.77
1081608,atl,65.250,-46.000,986.28,985.27,10.72,3.15,38.02,43.16,0.00,0.00,17.77
1081608,atl,63.750,-37.500,984.84,984.08,14.37,4.08,45.84,47.26,0.00,0.00,17.77
1081608,atl,62.000,-72.000,1002.96,1002.62,8.02,2.33,37.74,37.74,0.00,0.00,4.40
1081608,atl,32.250,5.000,1001.93,1001.68,6.89,1.68,32.78,33.32,0.00,0.00,7.78
1081614,atl,64.750,-35.500,976.29,975.07,21.79,5.36,55.22,63.29,0.00,135127.56,20.63
1081614,atl,61.500,-69.000,1004.78,1004.60,8.09,2.38,37.57,37.57,0.00,0.00,5.98
1081614,atl,32.500,5.750,1002.43,1002.19,6.83,1.77,31.33,31.33,0.00,0.00,6.55
1081620,atl,65.500,-30.500,973.76,973.02,22.68,5.46,62.79,73.57,8624.72,207608.01,16.75
1081620,atl,33.000,5.750,1002.79,1002.55,5.86,1.45,38.57,38.57,0.00,0.00,5.20
1081626,atl,66.500,-25.000,976.11,975.22,16.55,4.28,60.03,63.04,0.00,141756.99,13.63
1081626,atl,33.500,6.250,1001.91,1001.51,5.83,1.83,33.32,33.33,0.00,0.00,6.97
1081626,pac,53.000,161.500,1001.24,1001.00,5.29,1.31,22.48,27.19,0.00,0.00,5.90
1081632,pac,53.500,162.250,1002.29,1002.07,5.61,1.23,25.26,25.26,0.00,0.00,7.39
1081638,atl,67.250,-33.250,993.37,993.06,12.72,3.20,66.50,72.40,8624.69,66882.86,20.13
1081638,pac,54.750,163.750,1002.10,1001.96,6.26,1.34,25.25,25.50,0.00,0.00,6.47
1081644,atl,66.750,-30.000,996.57,996.27,11.19,2.06,47.96,62.59,0.00,8572.47,16.99
1081644,pac,55.500,165.250,1002.33,1002.25,6.74,1.52,25.34,28.06,0.00,0.00,5.45
1081650,atl,67.250,-29.000,999.43,999.09,9.91,2.08,46.62,47.95,0.00,0.00,12.72
1081650,atl,65.750,-38.250,1000.18,999.62,11.74,3.58,53.67,53.67,0.00,4169.04,14.52
1081650,pac,56.000,167.500,1002.07,1001.98,6.89,1.54,27.72,33.03,0.00,0.00,4.20
1081650,pac,51.250,174.000,1002.51,1002.38,5.62,1.18,31.50,37.47,0.00,0.00,3.34
1081656,atl,67.750,-25.000,1003.13,1002.93,7.54,1.70,39.44,39.71,0.00,0.00,12.45
1081656,atl,65.250,-36.750,1003.63,1003.32,11.60,3.34,53.51,53.51,0.00,5902.82,16.10
1081656,pac,53.000,178.500,998.03,997.84,9.68,2.03,30.72,34.61,0.00,0.00,4.04
1081662,atl,39.250,-63.000,1003.66,1003.24,8.77,1.98,45.97,46.25,0.00,0.00,4.46
1081662,pac,56.500,172.250,998.64,998.35,7.89,1.80,33.04,33.04,0.00,0.00,3.64
1081662,pac,54.000,181.500,996.35,996.13,9.72,2.05,31.98,34.31,0.00,0.00,3.96
1081662,pac,42.250,160.500,996.00,995.36,14.19,3.67,45.63,45.63,0.00,0.00,4.97
1081668,atl,40.500,-61.250,1003.26,1002.79,10.40,2.39,42.64,43.87,0.00,0.00,4.57
1081668,pac,56.250,172.250,998.05,997.83,8.14,2.05,30.38,30.38,0.00,0.00,3.71
1081668,pac,55.000,183.250,994.94,994.69,9.45,2.26,32.02,32.49,0.00,0.00,3.65
1081668,pac,54.500,215.000,1003.49,1003.18,10.14,2.57,33.29,36.79,0.00,0.00,4.34
1081668,pac,43.000,163.500,1001.00,1000.68,10.88,2.71,36.83,39.91,0.00,0.00,4.41
1081674,atl,42.000,-59.500,1003.24,1002.85,11.19,2.46,38.62,43.56,0.00,0.00,4.11
1081674,pac,56.250,214.500,998.46,998.14,12.53,3.34,36.22,37.41,0.00,0.00,5.02
1081674,pac,56.000,184.750,993.06,992.72,9.48,2.29,31.95,31.95,0.00,0.00,3.54
1081674,pac,46.250,169.000,1002.55,1002.34,7.18,1.53,31.63,39.75,0.00,0.00,3.50
1081680,atl,64.000,-78.750,1003.04,1002.72,8.71,2.16,43.16,43.16,0.00,0.00,6.22
1081680,pac,64.250,214.500,1001.57,1001.35,6.94,1.58,25.95,45.50,0.00,0.00,11.01
1081680,pac,64.000,208.500,1001.21,1000.47,5.13,1.24,25.95,39.64,0.00,0.00,6.77
1081680,pac,58.000,213.000,994.84,994.39,11.76,3.64,45.50,45.50,0.00,0.00,8.62
1081680,pac,57.000,185.500,989.96,989.54,11.14,2.91,32.64,32.64,0.00,0.00,4.45
1081680,pac,48.500,175.250,1000.80,1000.60,6.18,1.41,36.79,39.57,0.00,0.00,3.76
1081686,atl,62.000,-75.500,1003.45,1003.27,10.35,2.45,43.95,43.95,0.00,0.00,6.03
1081686,pac,63.750,207.250,996.76,996.37,5.72,1.35,27.62,33.25,0.00,0.00,6.07
1081686,pac,62.750,218.750,998.41,997.90,7.60,2.28,42.52,42.52,0.00,0.00,10.24
1081686,pac,58.750,212.500,994.03,993.30,9.41,3.52,39.51,42.52,0.00,0.00,9.66
1081686,pac,57.750,186.000,986.12,985.49,12.88,3.67,32.41,32.41,0.00,0.00,5.18
1081686,pac,50.250,181.000,998.32,998.16,5.21,1.10,37.90,39.53,0.00,0.00,3.49
1081692,atl,64.250,-27.250,1001.26,1000.78,12.71,3.07,36.52,39.44,0.00,0.00,7.74
1081692,atl,61.750,-69.750,1003.59,1003.37,11.23,2.90,39.07,39.07,0.00,0.00,6.77
1081692,pac,63.000,218.250,996.65,996.36,8.13,2.27,36.55,42.09,0.00,0.00,10.58
1081692,pac,59.250,211.500,995.84,995.22,5.25,2.42,42.09,42.09,0.00,0.00,10.58
1081692,pac,57.750,186.500,984.79,984.34,12.26,3.36,34.62,34.62,0.00,0.00,5.07
1081698,atl,66.000,-62.500,1003.99,1003.38,7.82,2.26,42.27,54.65,0.00,9522.04,12.52
1081698,atl,65.250,-24.500,993.55,992.69,17.01,4.61,42.94,42.94,0.00,0.00,8.77
1081698,atl,62.250,-64.750,1004.99,1004.81,10.40,2.61,44.41,44.66,0.00,0.00,7.58
1081698,pac,66.000,168.000,1003.68,1003.55,4.07,0.80,23.09,26.22,0.00,0.00,5.06
1081698,pac,64.500,212.500,995.58,995.13,6.25,1.39,28.06,35.57,0.00,0.00,14.15
1081698,pac,64.000,209.750,995.54,995.13,4.60,1.33,26.78,35.34,0.00,0.00,11.69
1081698,pac,63.750,218.750,995.15,994.73,9.16,2.54,37.70,37.70,0.00,0.00,14.15
1081698,pac,57.500,188.750,984.99,984.87,10.12,2.40,37.14,37.14,0.00,0.00,4.04
1081704,atl,67.000,-13.750,990.11,989.69,18.02,4.10,45.78,49.95,0.00,0.00,9.54
1081704,pac,65.500,218.750,994.24,993.55,9.16,2.41,37.84,39.10,0.00,0.00,17.21
1081704,pac,64.500,211.500,995.22,994.56,5.19,1.39,38.39,38.39,0.00,0.00,17.21
1081704,pac,64.500,230.750,999.58,999.09,6.38,1.70,32.37,39.11,0.00,0.00,9.15
1081704,pac,61.750,237.500,999.76,999.46,7.89,1.70,28.66,36.84,0.00,0.00,8.36
1081704,pac,58.750,190.500,985.22,985.10,8.93,1.90,31.57,34.82,0.00,0.00,3.17
1081704,pac,58.750,237.750,999.97,999.50,8.12,2.35,31.83,35.77,0.00,0.00,8.36
1081710,atl,67.750,-11.250,984.98,984.40,20.43,5.36,48.70,50.64,0.00,689.62,9.28
1081710,atl,65.750,-56.500,1003.56,1003.15,11.23,3.19,53.51,53.51,0.00,2742.30,13.62
1081710,atl,51.250,-53.000,1004.06,1003.89,10.00,2.11,32.76,34.14,0.00,0.00,4.28
1081710,pac,65.750,218.750,995.95,995.58,6.78,1.59,30.58,34.76,0.00,0.00,15.33
1081710,pac,65.250,231.000,997.80,997.14,7.54,1.85,29.53,31.57,0.00,0.00,7.97
1081710,pac,63.750,236.250,996.59,996.16,10.77,2.88,31.57,31.57,0.00,0.00,7.97
1081710,pac,59.000,190.750,985.81,985.62,8.85,1.79,31.04,35.95,0.00,0.00,3.67
1081716,atl,66.500,-8.500,989.08,988.83,16.89,4.19,65.34,65.34,955.24,48727.24,9.66
1081716,atl,51.750,-53.000,1001.12,1000.85,11.33,2.51,37.18,37.18,0.00,0.00,5.16
1081716,atl,31.250,-79.250,1004.79,1004.01,11.78,3.81,52.39,52.39,0.00,5197.06,7.27
1081716,pac,66.000,223.000,996.04,995.72,6.12,1.40,26.86,30.64,0.00,0.00,9.54
1081716,pac,65.250,238.000,995.22,994.84,10.98,2.51,32.81,33.00,0.00,0.00,8.43
1081716,pac,59.250,191.250,986.62,986.47,8.77,1.75,28.31,36.63,0.00,0.00,3.65
1081716,pac,56.250,203.500,991.32,991.21,6.56,1.37,31.10,42.52,0.00,0.00,6.76
1081722,atl,66.750,-0.250,992.17,992.04,13.19,1.94,48.22,55.13,0.00,65067.29,6.89
1081722,atl,51.250,-53.500,1000.06,999.74,11.82,3.13,44.56,44.56,0.00,0.00,6.00
1081722,pac,59.500,191.500,987.91,987.79,8.76,1.68,29.41,39.95,0.00,0.00,4.49
1081722,pac,57.000,207.500,990.46,990.27,9.34,2.07,32.86,36.91,0.00,0.00,8.30
1081728,atl,67.000,6.000,993.52,993.34,11.05,2.01,49.83,53.04,0.00,11227.40,6.20
1081728,atl,66.500,-34.500,1004.63,1003.65,7.65,2.95,36.70,36.70,0.00,0.00,16.92
1081728,atl,61.750,-45.500,1004.92,1004.15,7.99,2.43,24.56,32.22,0.00,0.00,9.24
1081728,atl,55.500,-71.500,1001.14,1000.64,11.92,2.78,38.57,38.57,0.00,0.00,6.69
1081728,atl,50.750,-51.750,1000.01,999.57,10.85,2.99,41.00,41.00,0.00,0.00,5.73
1081728,pac,65.000,236.000,993.84,993.44,6.05,1.55,43.89,43.89,0.00,0.00,7.00
1081728,pac,59.750,191.500,991.03,990.89,7.57,1.48,24.18,37.95,0.00,0.00,3.44
1081728,pac,57.750,209.250,990.14,989.94,10.10,2.72,39.00,47.14,0.00,0.00,8.23
1081734,atl,62.250,-48.000,1002.12,1001.63,8.36,2.42,31.57,35.51,0.00,0.00,12.85
1081734,atl,55.250,-66.750,996.15,995.80,14.71,3.89,32.84,33.29,0.00,0.00,8.17
1081734,atl,51.000,-49.750,1000.16,999.89,8.03,2.19,34.38,34.38,0.00,0.00,4.05
1081734,pac,64.000,207.500,991.88,991.62,4.92,1.22,21.89,30.35,0.00,0.00,6.80
1081734,pac,63.000,203.750,991.79,991.50,4.41,1.32,15.37,25.24,0.00,0.00,6.43
1081734,pac,63.000,218.250,993.46,993.09,6.16,2.04,25.33,38.25,0.00,0.00,11.46
1081734,pac,59.500,192.000,994.06,993.94,6.46,1.31,28.11,36.96,0.00,0.00,3.35
1081734,pac,58.250,210.500,991.01,990.76,9.39,2.78,36.10,38.25,0.00,0.00,6.43
1081740,atl,68.750,-26.750,1000.57,999.27,8.37,2.31,35.98,36.75,0.00,0.00,14.50
1081740,atl,67.000,-36.000,1004.51,1003.53,4.58,2.24,31.87,32.56,0.00,0.00,14.74
1081740,atl,64.250,-43.000,1003.92,1003.34,6.24,1.51,28.27,31.89,0.00,0.00,14.74
1081740,atl,63.500,-48.750,1004.08,1003.59,7.00,1.81,31.89,36.54,0.00,0.00,12.25
1081740,atl,53.250,-63.000,996.36,995.81,11.68,2.80,36.47,38.64,0.00,0.00,6.94
1081740,atl,51.750,-41.750,1000.55,1000.17,8.45,2.15,45.56,45.56,0.00,0.00,4.80
1081740,atl,51.500,-48.250,999.44,999.27,6.34,1.59,32.60,43.11,0.00,0.00,3.13
1081740,pac,64.500,207.250,992.18,991.68,5.16,1.44,19.91,20.16,0.00,0.00,6.97
1081740,pac,64.500,213.000,992.86,992.60,4.99,1.27,19.91,31.24,0.00,0.00,8.27
1081740,pac,63.000,218.000,993.22,992.63,6.26,1.81,26.74,35.32,0.00,0.00,9.45
1081740,pac,59.000,193.750,997.46,997.39,5.00,1.01,29.63,34.24,0.00,0.00,3.98
1081740,pac,58.500,212.250,991.63,991.25,9.79,3.18,37.90,39.20,0.00,0.00,7.95
1081746,atl,69.000,-27.250,1003.16,1002.34,5.49,1.86,27.56,28.20,0.00,0.00,13.93
1081746,atl,67.250,-35.500,1003.27,1002.11,6.50,2.54,24.30,27.56,0.00,0.00,13.15
1081746,atl,62.500,-44.500,1002.78,1002.35,5.53,1.54,21.80,33.10,0.00,0.00,8.38
1081746,atl,55.500,-43.000,996.96,996.63,9.21,2.25,42.06,42.06,0.00,0.00,4.06
1081746,atl,54.500,-50.750,999.33,999.26,4.01,0.91,26.08,33.45,0.00,0.00,3.95
1081746,atl,50.750,-60.250,995.34,994.99,10.78,2.22,38.29,44.45,0.00,0.00,5.79
1081746,atl,32.000,5.250,1002.61,1002.43,7.23,1.49,18.77,35.85,0.00,0.00,9.87
1081746,pac,65.500,216.750,994.01,993.46,5.08,1.41,25.21,32.01,0.00,0.00,6.38
1081746,pac,65.000,212.750,993.81,993.43,4.17,0.96,19.69,26.05,0.00,0.00,6.38
1081746,pac,64.500,207.250,993.40,993.10,4.37,1.17,19.65,22.45,0.00,0.00,4.90
1081746,pac,59.000,213.000,994.36,994.00,8.16,2.70,35.18,35.18,0.00,0.00,7.82
1081752,atl,57.750,-43.750,994.11,993.67,11.55,3.09,36.46,37.87,0.00,0.00,8.14
1081752,atl,49.750,-54.500,996.03,995.61,10.67,2.69,36.77,36.77,0.00,0.00,5.70
1081752,atl,31.750,5.500,1003.39,1003.09,7.72,1.80,32.15,32.15,0.00,0.00,9.90
1081752,pac,65.500,207.250,992.82,992.64,4.39,1.13,20.77,28.22,0.00,0.00,7.18
1081752,pac,62.250,235.750,997.47,997.05,4.21,1.21,24.97,32.38,0.00,0.00,9.55
1081752,pac,59.500,213.250,998.12,997.57,4.48,1.61,35.91,35.91,0.00,0.00,12.19
1081758,atl,61.500,-47.250,995.10,994.55,12.11,2.90,43.48,43.48,0.00,0.00,15.01
1081758,atl,59.000,-43.250,994.79,993.92,11.14,3.02,41.97,41.97,0.00,0.00,9.69
1081758,atl,50.000,-52.250,996.96,996.46,11.46,2.81,36.97,39.95,0.00,0.00,4.93
1081758,atl,31.750,7.500,1002.35,1002.09,8.78,2.21,30.65,30.65,0.00,0.00,7.96
1081758,pac,61.250,236.750,997.33,996.99,6.07,1.64,26.19,26.19,0.00,0.00,7.79
1081764,atl,63.750,-47.500,1000.14,999.74,6.98,2.03,39.33,39.33,0.00,0.00,13.89
1081764,atl,63.750,-37.500,998.68,998.26,9.31,2.42,38.74,42.56,0.00,0.00,11.64
1081764,atl,51.250,-50.500,997.30,996.90,14.23,3.47,40.29,42.75,0.00,0.00,5.15
1081764,atl,31.750,8.750,1002.70,1002.56,7.39,1.92,42.39,42.39,0.00,0.00,6.67
1081764,pac,66.000,227.000,996.86,996.34,4.50,0.90,21.64,22.81,0.00,0.00,5.50
1081764,pac,61.250,237.750,997.65,997.17,7.00,2.04,31.30,31.30,0.00,0.00,9.23
1081770,atl,68.750,-78.500,988.94,988.39,13.44,3.31,34.15,36.74,0.00,0.00,8.74
1081770,atl,67.500,-37.000,1000.00,999.27,8.28,2.01,31.08,40.14,0.00,0.00,11.87
1081770,atl,66.750,-30.500,1000.64,1000.03,9.44,2.07,39.03,41.81,0.00,0.00,8.38
1081770,atl,64.750,-35.750,1000.43,999.93,9.15,1.96,40.18,41.45,0.00,0.00,13.69
1081770,atl,64.250,-42.500,1002.41,1001.03,6.19,1.85,34.78,40.14,0.00,0.00,13.69
1081770,atl,52.250,-50.250,998.38,997.90,15.24,3.87,44.37,44.37,0.00,0.00,5.42
1081770,atl,31.250,9.250,1002.81,1002.35,5.65,1.54,39.28,39.28,0.00,0.00,8.88
1081770,pac,65.000,230.750,997.28,997.03,5.07,1.65,26.52,33.04,0.00,0.00,8.54
1081770,pac,61.750,238.500,998.36,998.09,6.08,1.34,37.42,38.87,0.00,0.00,8.88
1081776,atl,68.750,-76.500,990.75,990.43,12.53,3.36,35.07,35.07,0.00,0.00,9.15
1081776,atl,68.750,-21.500,1003.14,1002.50,7.04,1.71,38.54,49.65,0.00,0.00,12.22
1081776,atl,67.500,-28.250,1002.21,1001.56,9.29,2.17,38.54,43.33,0.00,0.00,12.22
1081776,atl,67.250,-62.250,996.70,996.13,8.11,2.20,38.29,41.82,0.00,0.00,8.40
1081776,atl,53.000,-50.500,998.77,998.14,16.05,4.47,41.95,41.95,0.00,0.00,6.55
1081776,pac,65.250,191.750,998.63,998.47,4.80,1.40,34.37,44.15,0.00,0.00,4.80
1081776,pac,64.000,237.250,999.36,999.15,4.51,1.17,26.94,35.72,0.00,0.00,5.71
1081776,pac,51.000,239.750,1003.76,1002.98,4.61,1.45,28.81,29.65,0.00,0.00,8.32
1081782,atl,68.000,-75.750,994.72,994.55,9.75,2.61,32.47,32.53,0.00,0.00,7.06
1081782,atl,67.250,-62.000,996.63,996.33,8.98,1.97,46.02,48.75,0.00,0.00,10.32
1081782,atl,53.500,-50.750,1000.11,999.53,14.34,4.07,38.22,38.22,0.00,0.00,5.81
1081782,pac,62.500,238.250,1000.11,999.79,5.73,1.54,25.00,25.00,0.00,0.00,5.99
1081782,pac,51.500,239.750,1004.82,1004.36,4.73,1.55,18.31,29.67,0.00,0.00,9.35
1081788,atl,67.500,-75.000,996.85,996.55,9.67,2.72,33.74,33.74,0.00,0.00,7.18
1081788,atl,66.250,-63.000,1000.28,999.66,5.28,1.13,38.78,47.45,0.00,0.00,10.31
1081788,atl,54.500,-50.750,1003.10,1002.67,11.38,3.20,36.79,36.79,0.00,0.00,4.28
1081788,pac,63.500,196.500,1002.16,1002.08,5.26,1.28,31.16,32.05,0.00,0.00,3.49
1081788,pac,62.500,238.500,1000.69,1000.19,6.80,1.80,20.55,20.55,0.00,0.00,7.45
1081794,atl,67.000,-73.750,999.48,999.18,9.30,2.64,33.23,34.67,0.00,0.00,8.92
1081794,atl,66.750,-67.500,1001.00,1000.67,6.48,1.15,33.23,38.33,0.00,0.00,8.92
1081794,atl,56.000,-51.750,1004.96,1004.70,8.27,2.35,33.34,33.34,0.00,0.00,4.02
1081794,pac,63.000,239.250,1002.55,1002.27,4.51,0.86,26.56,26.56,0.00,0.00,4.93
1081794,pac,62.000,198.000,1004.32,1004.28,5.02,1.12,37.59,37.59,0.00,0.00,4.05
1081794,pac,61.500,236.250,1002.43,1001.89,4.02,1.07,26.56,26.56,0.00,0.00,5.59
1081800,atl,66.750,-71.750,1002.79,1002.54,8.43,2.45,34.72,34.72,0.00,0.00,8.68
1081800,atl,64.000,-64.750,1003.10,1002.91,5.47,1.35,24.24,34.54,0.00,0.00,8.68
1081800,pac,58.000,238.000,1002.52,1002.11,4.56,1.54,28.02,30.12,0.00,0.00,7.73
1081806,atl,62.750,-64.000,1003.72,1003.56,5.58,1.39,27.16,30.90,0.00,0.00,8.88
1081806,atl,55.250,-61.500,1004.82,1004.65,4.01,0.68,17.20,26.27,0.00,0.00,3.15
1081806,pac,58.500,239.500,1004.10,1003.65,4.31,1.36,16.02,19.05,0.00,0.00,6.23
1081812,atl,64.250,-62.250,1004.66,1004.51,7.11,1.52,29.47,39.15,0.00,0.00,11.25
1081812,pac,54.250,207.750,1004.45,1004.33,8.07,1.68,30.68,33.34,0.00,0.00,4.18
1081818,pac,54.000,209.500,1004.19,1004.07,8.68,1.89,34.95,35.15,0.00,0.00,3.41
