t,basin,lat,lon,p,pmin,depth,lap,g300,g500,a64,a50,gradmax
698328,atl,58.250,-20.500,993.39,992.79,16.05,4.57,47.70,48.24,0.00,0.00,6.11
698328,atl,56.250,-57.250,986.09,985.80,16.67,3.59,53.45,53.79,0.00,36762.13,8.43
698328,pac,64.000,235.000,999.23,999.05,5.59,1.23,23.81,29.52,0.00,0.00,5.22
698328,pac,55.500,208.250,996.92,996.81,4.10,0.73,24.08,27.44,0.00,0.00,3.37
698328,pac,47.750,225.500,997.11,996.98,7.29,1.71,33.00,41.03,0.00,0.00,3.58
698328,pac,36.250,167.500,1001.62,1001.39,5.87,1.52,26.69,29.10,0.00,0.00,2.02
698334,atl,58.250,-21.750,993.60,993.17,14.85,4.04,44.58,50.09,0.00,1100.26,5.79
698334,atl,55.750,-56.250,986.04,985.55,15.66,3.22,52.35,52.35,0.00,10484.63,5.73
698334,pac,63.500,236.000,1001.63,1001.47,4.21,0.94,16.20,27.40,0.00,0.00,5.39
698334,pac,54.750,210.000,995.09,995.02,5.36,0.89,24.44,30.01,0.00,0.00,3.03
698334,pac,49.250,226.250,993.32,993.14,8.28,2.11,37.65,37.73,0.00,0.00,3.52
698334,pac,37.000,168.250,1000.34,1000.16,5.48,1.38,25.22,31.85,0.00,0.00,2.01
698340,atl,58.250,-23.000,994.64,994.23,14.19,3.75,41.04,49.39,0.00,0.00,5.50
698340,atl,55.250,-56.250,986.84,986.18,15.45,3.19,52.99,56.04,0.00,36694.59,6.55
698340,pac,52.000,214.750,992.43,992.38,4.71,0.87,27.46,34.17,0.00,0.00,2.61
698340,pac,51.250,226.000,988.58,988.41,9.18,2.45,41.87,44.38,0.00,0.00,5.23
698340,pac,41.500,168.750,998.09,997.94,6.94,1.18,33.35,37.17,0.00,0.00,3.38
698346,atl,57.750,-23.500,996.38,995.99,11.52,3.03,37.24,43.77,0.00,0.00,5.78
698346,atl,54.250,-55.500,989.03,988.47,13.56,2.93,39.67,57.68,0.00,28164.36,6.66
698346,pac,53.000,224.500,984.59,984.15,10.46,2.77,44.22,44.22,0.00,0.00,6.82
698346,pac,50.000,218.250,989.43,989.37,4.52,0.86,28.88,37.35,0.00,0.00,3.04
698346,pac,43.000,169.750,992.63,992.38,10.48,2.15,38.31,38.31,0.00,0.00,4.24
698352,atl,62.000,-79.500,998.57,998.29,9.65,2.47,26.07,31.21,0.00,0.00,3.20
698352,atl,56.750,-22.000,999.78,999.49,7.93,1.99,36.34,36.34,0.00,0.00,4.00
698352,atl,56.750,-11.250,999.58,999.28,6.39,1.19,24.81,34.45,0.00,0.00,3.13
698352,atl,53.250,-38.750,1001.03,1000.80,5.92,1.31,41.37,48.84,0.00,0.00,5.31
698352,atl,52.500,-53.750,994.48,993.97,9.92,2.20,36.04,53.50,0.00,1694.82,5.92
698352,pac,54.000,222.500,983.31,982.90,11.25,3.02,38.91,38.91,0.00,0.00,7.66
698352,pac,44.000,169.750,989.22,988.75,13.53,2.86,48.42,48.42,0.00,0.00,5.05
698358,atl,62.250,-79.250,999.26,999.06,8.84,2.15,24.41,30.71,0.00,0.00,3.63
698358,atl,57.500,-10.750,996.71,996.44,8.52,1.68,29.59,36.45,0.00,0.00,3.92
698358,atl,54.250,-76.500,995.57,995.18,10.43,2.87,39.82,39.82,0.00,0.00,4.79
698358,atl,53.250,-36.750,998.01,997.75,8.18,2.08,39.39,41.99,0.00,0.00,4.59
698358,atl,51.000,-51.000,995.77,995.33,7.99,1.87,38.83,38.83,0.00,0.00,4.99
698358,atl,49.000,-37.500,998.40,997.79,6.96,2.09,41.32,41.32,0.00,0.00,4.72
698358,pac,54.250,220.250,981.87,981.34,12.83,3.72,43.72,43.72,0.00,0.00,7.86
698358,pac,48.000,223.250,989.87,989.76,4.31,0.91,28.31,35.95,0.00,0.00,2.82
698358,pac,44.250,168.750,984.24,983.43,17.62,4.26,55.71,55.96,0.00,58141.26,6.50
698364,atl,62.500,-79.750,999.97,999.83,7.91,1.80,26.23,29.48,0.00,0.00,4.37
698364,atl,60.000,-8.750,997.11,996.74,10.76,2.12,38.96,38.96,0.00,0.00,4.38
698364,atl,55.750,-72.250,995.30,994.75,11.36,3.05,37.57,37.57,0.00,0.00,5.47
698364,atl,54.000,-36.750,997.98,997.55,9.38,2.31,46.13,49.43,0.00,0.00,4.96
698364,atl,51.250,-35.500,997.70,997.23,8.54,2.14,42.86,46.13,0.00,0.00,4.96
698364,atl,50.000,-48.500,998.15,997.92,7.06,1.59,35.76,36.32,0.00,0.00,3.04
698364,pac,55.250,231.000,993.81,993.58,4.09,1.11,30.57,30.94,0.00,0.00,8.72
698364,pac,53.500,219.500,981.81,981.00,13.37,4.04,47.82,47.82,0.00,0.00,6.94
698364,pac,48.000,226.000,989.69,989.53,6.22,1.39,29.09,36.17,0.00,0.00,3.31
698364,pac,43.250,167.500,983.23,982.19,19.52,5.13,55.02,55.58,0.00,130148.80,7.03
698370,atl,60.000,-10.250,998.02,997.83,10.05,2.06,37.65,37.65,0.00,0.00,4.26
698370,atl,57.000,-69.750,995.05,994.73,11.14,2.83,44.04,44.04,0.00,0.00,7.12
698370,atl,55.000,-38.250,995.85,995.42,12.16,3.04,47.97,50.44,0.00,810.41,5.82
698370,atl,51.750,-78.500,995.51,995.13,8.71,2.29,37.96,40.09,0.00,0.00,5.48
698370,atl,50.000,-45.250,998.67,998.55,5.70,1.02,34.54,36.48,0.00,0.00,3.36
698370,pac,58.250,228.750,995.87,995.56,4.00,1.29,33.65,34.21,0.00,0.00,7.40
698370,pac,53.000,220.250,984.14,983.58,12.07,3.71,47.03,47.03,0.00,0.00,5.80
698370,pac,49.250,228.500,989.11,988.82,8.37,2.17,46.05,46.05,0.00,0.00,5.01
698370,pac,42.500,168.250,982.68,981.77,18.72,4.87,52.38,54.55,0.00,119799.69,5.48
698376,atl,61.750,-80.000,999.65,999.53,5.61,0.84,22.97,37.15,0.00,0.00,3.66
698376,atl,61.500,-9.000,1001.94,1001.80,7.63,1.46,33.66,38.08,0.00,0.00,4.85
698376,atl,59.000,-6.250,1001.97,1001.75,5.42,0.67,27.91,36.80,0.00,0.00,3.78
698376,atl,58.500,-69.500,993.43,993.29,11.59,2.53,45.23,45.23,0.00,0.00,8.53
698376,atl,55.000,-40.500,994.19,993.77,14.16,3.56,55.61,55.61,0.00,37718.62,6.64
698376,atl,53.750,-73.500,993.11,992.58,9.53,2.47,28.32,36.12,0.00,0.00,5.32
698376,atl,49.250,-40.250,999.06,999.01,4.78,0.94,32.50,38.74,0.00,0.00,3.07
698376,pac,61.750,221.500,996.24,995.73,4.53,1.09,27.45,28.68,0.00,0.00,7.96
698376,pac,61.250,225.000,996.12,995.71,5.43,1.33,27.45,30.37,0.00,0.00,7.96
698376,pac,53.250,220.250,987.09,986.45,10.47,3.24,40.76,40.76,0.00,0.00,4.27
698376,pac,53.250,234.750,996.65,995.72,4.36,1.64,40.47,40.47,0.00,0.00,7.47
698376,pac,50.500,227.250,990.09,989.86,7.87,2.13,36.84,40.47,0.00,0.00,4.05
698376,pac,42.250,168.000,985.91,985.18,16.28,4.12,45.62,49.86,0.00,0.00,5.64
698382,atl,63.750,-8.250,1000.69,1000.38,10.38,2.96,39.50,39.50,0.00,0.00,7.13
698382,atl,63.500,8.250,1003.97,1003.75,7.78,2.02,34.53,37.20,0.00,0.00,6.88
698382,atl,60.250,-69.250,991.89,991.72,12.20,2.56,45.64,46.76,0.00,0.00,8.54
698382,atl,56.750,-68.250,990.95,990.44,11.90,2.94,38.90,46.76,0.00,0.00,8.54
698382,atl,54.250,-42.750,994.60,994.27,12.23,2.95,53.15,53.80,0.00,46298.75,6.11
698382,atl,50.250,-38.750,996.50,996.35,5.52,1.25,31.23,37.82,0.00,0.00,2.98
698382,pac,61.500,224.000,995.75,995.64,4.84,1.45,26.58,32.48,0.00,0.00,6.52
698382,pac,53.500,220.000,988.54,987.98,9.69,2.80,37.71,37.71,0.00,0.00,4.16
698382,pac,51.750,226.000,990.89,990.61,7.49,1.52,36.29,37.34,0.00,0.00,4.19
698382,pac,41.250,168.500,986.98,986.25,14.73,3.71,40.70,44.26,0.00,0.00,4.58
698388,atl,64.500,-9.500,998.46,997.57,14.93,4.74,42.02,42.02,0.00,0.00,10.22
698388,atl,64.500,7.250,1004.06,1003.77,8.04,2.02,36.07,36.45,0.00,0.00,7.24
698388,atl,64.250,0.000,1003.97,1003.62,6.41,1.03,35.81,40.41,0.00,0.00,8.86
698388,atl,63.750,-75.500,992.73,992.51,11.79,2.13,46.26,48.46,0.00,0.00,9.77
698388,atl,62.000,-69.750,993.11,992.86,11.10,2.21,46.09,52.70,0.00,9559.91,9.77
698388,atl,56.750,-65.750,995.00,994.49,9.58,2.40,44.58,52.70,0.00,8810.62,7.27
698388,atl,52.750,-44.250,996.36,996.12,10.57,2.46,45.80,51.36,0.00,6793.32,5.69
698388,atl,51.000,-37.500,995.45,995.27,6.87,1.68,26.49,36.71,0.00,0.00,3.86
698388,pac,62.250,222.250,996.31,996.09,4.25,1.43,17.64,22.68,0.00,0.00,5.95
698388,pac,53.250,220.250,989.28,988.72,8.92,2.42,38.93,38.93,0.00,0.00,4.49
698388,pac,52.000,226.750,990.70,990.47,8.33,1.84,42.27,42.27,0.00,0.00,5.75
698388,pac,40.750,169.500,990.60,990.09,11.64,2.81,40.96,41.64,0.00,0.00,3.48
698394,atl,65.500,5.750,1001.70,1001.33,9.77,2.57,40.51,40.72,0.00,0.00,6.32
698394,atl,64.250,-9.000,997.12,996.15,16.06,5.15,50.93,50.93,0.00,1699.85,10.60
698394,atl,57.000,-33.750,1001.26,1000.88,7.15,1.75,43.73,45.00,0.00,0.00,5.10
698394,atl,54.750,-63.750,997.69,997.35,8.99,2.32,37.98,44.37,0.00,0.00,7.15
698394,atl,51.750,-37.000,994.34,994.14,7.81,2.05,31.38,33.62,0.00,0.00,4.25
698394,atl,51.000,-43.500,998.04,997.82,8.06,1.83,38.48,43.55,0.00,0.00,4.59
698394,pac,63.500,222.000,996.96,996.71,4.70,1.54,20.87,20.87,0.00,0.00,5.24
698394,pac,53.000,221.500,988.73,988.29,9.91,2.54,44.50,44.50,0.00,0.00,5.01
698394,pac,40.250,170.500,991.34,991.00,10.10,2.36,40.92,42.82,0.00,0.00,3.13
698400,atl,66.000,3.750,999.78,999.30,11.88,2.97,42.78,42.78,0.00,0.00,7.81
698400,atl,63.500,-5.250,999.31,998.62,13.13,3.76,49.34,49.34,0.00,0.00,6.72
698400,atl,62.500,-65.750,1003.48,1003.11,5.06,1.64,46.96,46.96,0.00,0.00,11.07
698400,atl,57.500,-30.500,1001.42,1001.10,6.91,1.66,43.57,43.85,0.00,0.00,4.80
698400,atl,56.000,-61.250,999.22,998.65,10.28,2.95,40.46,40.46,0.00,0.00,6.72
698400,atl,51.500,-35.250,995.38,995.26,7.64,1.86,40.15,40.15,0.00,0.00,4.02
698400,pac,65.500,231.250,1001.03,1000.35,4.86,1.39,28.67,30.45,0.00,0.00,5.96
698400,pac,53.000,223.250,989.48,989.09,10.66,2.78,42.62,42.62,0.00,0.00,5.28
698400,pac,40.000,172.000,991.82,991.52,9.21,2.07,36.95,39.83,0.00,0.00,3.17
698406,atl,66.750,3.750,998.86,998.28,13.11,3.55,47.68,47.68,0.00,0.00,7.09
698406,atl,63.000,-0.250,1000.61,1000.05,10.36,2.73,43.99,46.27,0.00,0.00,6.69
698406,atl,56.250,-60.000,1001.05,1000.68,9.48,2.88,39.32,39.32,0.00,0.00,4.66
698406,atl,55.750,-25.500,994.31,993.92,9.45,1.83,33.43,44.28,0.00,0.00,4.88
698406,atl,53.250,-29.500,995.20,994.92,6.04,0.96,32.82,35.20,0.00,0.00,3.54
698406,atl,50.750,-58.000,1004.29,1004.02,4.92,1.06,26.16,33.36,0.00,0.00,3.94
698406,pac,57.750,238.000,999.61,999.20,5.11,1.37,15.63,19.98,0.00,0.00,4.94
698406,pac,53.750,223.750,990.33,990.04,10.51,2.78,38.05,38.05,0.00,0.00,5.04
698406,pac,45.250,175.750,995.71,995.52,5.79,1.29,33.49,37.08,0.00,0.00,3.31
698406,pac,40.000,173.250,991.41,991.13,9.27,2.15,37.31,39.97,0.00,0.00,3.00
698412,atl,67.000,2.500,1000.02,999.56,13.16,4.05,46.95,46.95,0.00,0.00,8.46
698412,atl,60.500,-79.750,988.33,988.01,15.21,3.47,39.10,39.79,0.00,0.00,5.33
698412,atl,57.750,-27.250,990.71,990.03,13.79,3.25,47.13,47.13,0.00,0.00,5.45
698412,atl,57.250,-59.000,1002.92,1002.33,9.26,2.92,39.58,39.58,0.00,0.00,5.01
698412,pac,58.750,237.250,1001.68,1001.42,4.83,1.21,17.06,19.45,0.00,0.00,6.26
698412,pac,54.500,223.000,991.09,990.74,10.73,2.82,43.16,43.16,0.00,0.00,5.82
698412,pac,40.000,174.250,994.78,994.55,8.51,1.94,34.33,37.72,0.00,0.00,3.18
698418,atl,67.000,2.000,1001.55,1000.80,12.21,3.94,46.67,46.67,0.00,0.00,8.65
698418,atl,58.500,-58.750,1002.57,1001.97,9.53,3.14,38.37,38.37,0.00,0.00,5.38
698418,atl,57.000,-29.250,988.43,987.88,14.81,3.57,51.64,51.64,0.00,2462.74,6.12
698418,pac,61.500,225.750,1003.50,1003.21,4.22,1.33,18.15,30.15,0.00,0.00,8.85
698418,pac,59.000,236.500,1003.43,1003.05,4.03,1.05,22.92,24.97,0.00,0.00,5.12
698418,pac,55.250,171.250,998.30,998.19,8.61,1.47,39.17,42.32,0.00,0.00,4.24
698418,pac,54.500,221.500,991.75,991.50,11.23,2.85,45.44,45.44,0.00,0.00,8.01
698418,pac,39.500,175.500,996.85,996.67,7.89,1.75,39.31,39.31,0.00,0.00,2.80
698424,atl,59.500,-58.250,1003.56,1003.06,9.14,3.06,40.95,40.95,0.00,0.00,5.02
698424,atl,55.250,-28.250,989.08,988.55,13.70,3.36,45.65,45.65,0.00,0.00,5.52
698424,pac,58.250,170.250,999.18,999.10,8.08,1.41,40.59,41.88,0.00,0.00,7.01
698424,pac,54.250,219.750,993.23,993.02,11.14,2.85,40.61,41.16,0.00,0.00,4.77
698424,pac,39.250,177.250,997.77,997.61,8.27,1.71,37.78,38.49,0.00,0.00,3.23
698430,atl,60.750,-58.250,1002.81,1002.37,8.35,2.77,43.73,43.73,0.00,0.00,4.80
698430,atl,54.500,-25.000,988.53,987.87,12.43,3.03,42.70,42.70,0.00,0.00,4.38
698430,pac,60.000,169.750,999.91,999.80,6.20,1.08,29.91,37.97,0.00,0.00,6.03
698430,pac,53.750,160.250,1003.33,1002.99,4.20,1.26,26.76,26.76,0.00,0.00,5.59
698430,pac,53.500,218.750,994.94,994.71,10.35,2.49,36.31,37.13,0.00,0.00,3.81
698430,pac,39.250,178.500,997.58,997.41,8.54,1.70,36.60,38.56,0.00,0.00,3.15
698436,atl,61.750,-58.500,1003.42,1002.96,6.26,2.11,42.08,42.08,0.00,0.00,5.62
698436,atl,60.000,-76.750,990.09,989.63,12.04,2.50,39.12,41.63,0.00,0.00,4.74
698436,atl,54.250,-22.000,988.85,988.27,12.06,3.06,40.40,41.09,0.00,0.00,4.81
698436,pac,60.250,170.500,1002.06,1001.92,4.74,1.01,22.47,28.22,0.00,0.00,3.21
698436,pac,52.500,218.000,996.16,995.95,9.21,2.16,34.17,34.17,0.00,0.00,3.54
698436,pac,39.250,179.500,999.41,999.24,8.41,1.65,36.59,41.67,0.00,0.00,3.11
698442,atl,60.750,-74.250,990.49,990.24,11.44,2.20,38.43,40.57,0.00,0.00,4.40
698442,atl,59.500,-14.500,992.98,992.75,7.48,1.64,34.97,43.64,0.00,0.00,4.98
698442,atl,54.250,-19.000,990.73,990.51,10.09,2.52,39.24,39.24,0.00,0.00,4.42
698442,pac,62.750,173.250,1002.94,1002.83,5.10,0.74,25.96,34.91,0.00,0.00,4.02
698442,pac,58.250,212.000,1004.93,1004.64,8.59,1.77,42.48,46.68,0.00,0.00,15.45
698442,pac,51.250,217.750,997.96,997.78,7.97,1.82,29.47,30.90,0.00,0.00,3.11
698442,pac,39.500,180.000,1000.21,1000.10,8.30,1.58,37.03,41.38,0.00,0.00,3.05
698448,atl,62.250,-14.500,988.51,988.10,13.63,3.57,48.99,48.99,0.00,0.00,10.69
698448,atl,61.750,-62.500,996.31,996.10,7.73,1.53,33.21,40.63,0.00,0.00,5.74
698448,atl,60.750,-73.750,992.12,991.91,10.31,2.01,31.84,36.10,0.00,0.00,4.29
698448,atl,60.000,-19.500,991.99,991.74,7.28,1.14,31.91,48.99,0.00,0.00,10.69
698448,atl,54.250,-15.750,993.51,993.28,8.53,2.19,33.10,33.10,0.00,0.00,3.62
698448,atl,51.000,-78.250,1003.39,1002.95,5.37,1.41,26.24,30.17,0.00,0.00,4.11
698448,atl,37.250,-79.250,998.89,998.25,12.94,3.75,47.49,47.49,0.00,0.00,6.51
698448,pac,65.250,176.750,1002.98,1002.86,5.95,1.14,34.96,43.99,0.00,0.00,5.69
698448,pac,50.500,218.000,999.12,998.93,7.65,1.81,29.12,31.78,0.00,0.00,2.84
698448,pac,39.500,180.000,1002.00,1001.90,7.76,1.43,31.61,35.70,0.00,0.00,2.69
698454,atl,63.500,-15.250,984.75,983.54,16.34,4.06,44.71,48.60,0.00,0.00,13.13
698454,atl,63.250,-63.750,994.27,993.98,8.96,1.82,41.04,41.04,0.00,0.00,14.68
698454,atl,60.000,-69.250,991.09,990.68,9.03,2.29,29.67,41.04,0.00,0.00,4.86
698454,atl,55.000,-13.250,995.67,995.50,6.63,1.73,30.68,30.68,0.00,0.00,3.12
698454,atl,51.750,-73.000,1000.63,1000.01,6.17,2.00,29.46,29.46,0.00,0.00,4.60
698454,atl,39.500,-78.000,995.95,995.22,14.85,4.54,54.29,54.29,0.00,12785.55,8.20
698454,pac,66.000,177.500,1003.54,1003.45,4.95,0.71,25.22,36.07,0.00,0.00,5.04
698454,pac,50.250,218.500,998.25,998.07,8.65,2.00,27.32,28.85,0.00,0.00,2.88
698454,pac,39.250,180.250,1002.29,1002.20,7.52,1.46,31.09,34.06,0.00,0.00,2.64
698460,atl,65.000,-14.500,986.79,986.43,15.44,3.18,54.84,55.41,0.00,72086.04,7.93
698460,atl,63.750,-18.500,987.40,987.08,13.74,2.13,53.27,55.41,0.00,79350.35,7.93
698460,atl,60.750,-67.250,990.47,990.08,8.79,1.92,30.07,39.38,0.00,0.00,4.79
698460,atl,52.750,-66.000,997.60,996.64,6.29,2.14,31.92,31.92,0.00,0.00,7.49
698460,atl,50.000,-36.250,1004.30,1003.81,6.76,1.80,25.91,25.91,0.00,0.00,2.87
698460,atl,40.750,-77.250,994.60,993.97,13.95,3.50,58.18,59.25,0.00,54418.04,9.24
698460,pac,50.000,218.750,998.88,998.68,8.77,1.98,31.17,31.17,0.00,0.00,2.92
698460,pac,39.000,180.750,1004.27,1004.18,7.24,1.40,32.38,32.93,0.00,0.00,2.53
698466,atl,66.250,-17.000,986.76,985.97,16.30,3.60,61.47,61.47,0.00,143760.87,12.08
698466,atl,61.000,-65.750,990.87,990.61,7.60,1.41,33.08,35.78,0.00,0.00,5.28
698466,atl,55.000,-58.500,995.86,995.51,6.08,1.51,32.25,38.73,0.00,0.00,5.12
698466,atl,50.250,-33.500,1003.45,1002.87,7.31,2.18,28.44,28.44,0.00,0.00,4.11
698466,atl,43.250,-74.000,991.63,991.06,13.94,3.75,66.75,66.75,1111.77,72611.80,10.42
698466,pac,49.750,218.500,1000.85,1000.70,7.95,1.64,31.14,36.18,0.00,0.00,2.92
698466,pac,39.500,181.000,1004.19,1004.08,7.24,1.43,32.21,32.46,0.00,0.00,2.51
698472,atl,65.250,-16.500,987.74,987.62,13.49,2.05,58.81,61.51,0.00,99042.40,7.92
698472,atl,62.750,-70.500,990.34,990.11,9.91,2.02,28.98,36.52,0.00,0.00,14.53
698472,atl,61.750,-64.250,990.73,990.52,7.49,1.06,28.06,42.44,0.00,0.00,6.69
698472,atl,56.250,-54.750,993.64,993.39,8.34,2.12,32.84,40.23,0.00,0.00,4.55
698472,atl,50.250,-31.750,1004.18,1003.66,7.66,2.30,30.50,30.50,0.00,0.00,3.46
698472,atl,44.250,-70.500,987.08,986.53,16.54,4.29,59.52,59.52,0.00,45948.86,8.41
698472,pac,64.250,188.000,1004.67,1004.43,9.26,2.38,36.51,36.51,0.00,0.00,4.46
698472,pac,49.250,217.750,1002.43,1002.34,7.30,1.40,30.82,34.31,0.00,0.00,2.89
698472,pac,48.250,160.000,996.92,996.45,14.18,3.20,36.41,38.91,0.00,0.00,5.50
698472,pac,44.500,218.500,1002.52,1002.40,6.58,1.30,39.30,39.69,0.00,0.00,2.93
698478,atl,66.500,-15.250,987.51,987.25,14.38,2.58,57.20,59.63,0.00,79805.99,12.25
698478,atl,62.000,-63.500,989.63,989.38,6.98,0.81,26.76,46.94,0.00,0.00,7.62
698478,atl,61.750,-69.250,989.16,988.92,9.03,1.88,30.21,32.56,0.00,0.00,4.68
698478,atl,61.000,-54.750,989.70,989.38,9.22,1.99,53.93,53.93,0.00,13969.90,8.89
698478,atl,46.250,-66.750,983.44,983.01,18.85,4.43,60.50,60.50,0.00,31534.64,7.47
698478,pac,65.000,190.500,1004.83,1004.49,10.39,3.11,37.92,37.92,0.00,0.00,6.50
698478,pac,49.000,162.000,997.89,997.53,13.18,3.16,42.26,42.81,0.00,0.00,4.53
698478,pac,44.250,221.250,999.84,999.56,7.94,1.83,36.80,37.50,0.00,0.00,2.75
698484,atl,66.750,-16.250,990.00,989.72,14.03,2.81,58.32,58.32,0.00,61124.11,17.26
698484,atl,61.750,-53.000,984.12,983.42,14.01,3.33,61.13,61.13,0.00,33473.84,17.87
698484,atl,60.750,-68.000,988.39,988.06,8.66,2.06,39.30,39.30,0.00,0.00,4.88
698484,atl,48.000,-63.500,982.47,981.87,19.66,5.13,52.09,54.06,0.00,18357.61,10.06
698484,pac,49.750,163.500,999.25,998.95,11.94,2.96,37.77,37.77,0.00,0.00,3.87
698484,pac,44.750,223.000,995.32,995.08,9.82,2.28,38.01,39.51,0.00,0.00,3.29
698490,atl,67.000,-14.250,992.91,992.71,12.34,2.51,55.81,57.22,0.00,52209.90,9.57
698490,atl,63.500,-52.500,986.73,985.91,12.41,3.22,52.78,52.78,0.00,2380.40,12.79
698490,atl,60.500,-66.500,991.01,990.72,7.11,1.44,35.67,36.47,0.00,0.00,5.50
698490,atl,59.750,-42.500,999.72,999.37,6.32,2.19,37.16,48.16,0.00,0.00,8.18
698490,atl,49.750,-58.500,986.43,985.95,15.51,3.98,48.21,54.04,0.00,531.94,7.64
698490,pac,50.750,164.750,999.57,999.33,10.75,2.61,34.18,34.18,0.00,0.00,3.46
698490,pac,45.750,225.500,992.76,992.57,9.79,1.87,40.76,40.76,0.00,0.00,4.32
698496,atl,67.500,-11.750,996.35,996.21,10.74,2.12,49.28,50.53,0.00,2894.83,11.43
698496,atl,61.000,-40.000,999.67,999.42,8.94,2.94,41.54,41.54,0.00,0.00,8.07
698496,atl,60.500,-65.000,994.36,994.16,5.92,1.20,23.57,28.17,0.00,0.00,4.24
698496,atl,52.500,-53.000,987.91,987.30,14.94,4.03,44.65,44.65,0.00,0.00,6.82
698496,pac,51.500,165.750,1000.07,999.90,9.10,2.11,28.80,33.46,0.00,0.00,2.99
698496,pac,49.500,227.500,988.88,988.39,11.64,2.55,42.94,43.00,0.00,0.00,6.31
698502,atl,68.750,-9.500,997.52,997.42,10.57,1.92,47.28,48.93,0.00,0.00,7.95
698502,atl,61.500,-37.250,999.07,998.83,9.91,2.88,43.73,43.73,0.00,0.00,7.83
698502,atl,60.000,-61.250,997.63,997.53,4.37,0.85,21.16,27.55,0.00,0.00,3.75
698502,atl,55.000,-48.750,988.54,988.21,14.85,3.94,41.99,41.99,0.00,0.00,6.41
698502,pac,52.750,236.500,998.47,997.99,6.21,2.30,46.81,49.28,0.00,0.00,10.28
698502,pac,52.000,167.000,999.06,998.94,8.19,1.71,25.51,32.88,0.00,0.00,3.05
698502,pac,49.750,227.000,986.43,985.85,13.62,3.08,45.95,45.95,0.00,0.00,6.76
698508,atl,57.000,-45.000,986.51,985.92,17.16,4.91,49.31,49.31,0.00,0.00,10.31
698508,pac,54.000,167.000,998.12,998.04,8.08,1.60,32.90,33.27,0.00,0.00,3.66
698508,pac,50.000,228.250,987.00,986.64,13.38,3.23,41.52,45.28,0.00,0.00,5.81
698508,pac,44.250,187.500,1003.60,1003.53,5.22,1.01,22.74,27.47,0.00,0.00,1.95
698514,atl,64.750,-50.750,1000.81,1000.57,4.42,1.53,20.96,25.04,0.00,0.00,9.86
698514,atl,62.500,-56.250,1000.86,1000.72,4.11,0.83,18.42,25.15,0.00,0.00,3.37
698514,atl,59.000,-39.500,988.26,987.90,16.25,4.17,52.26,52.26,0.00,3959.78,8.34
698514,pac,55.250,167.000,996.50,996.37,8.65,1.85,31.43,35.05,0.00,0.00,3.42
698514,pac,53.250,234.750,999.17,998.88,4.44,1.36,47.46,47.46,0.00,0.00,10.78
698514,pac,51.500,229.000,990.94,990.66,11.20,2.77,47.46,47.46,0.00,0.00,10.46
698514,pac,44.750,189.250,1001.67,1001.56,5.39,1.01,24.20,27.70,0.00,0.00,2.16
698520,atl,67.000,-50.250,1002.44,1002.20,4.59,1.88,24.93,32.27,0.00,0.00,13.25
698520,atl,62.500,-55.500,1002.27,1002.13,4.87,1.13,24.47,28.80,0.00,0.00,3.59
698520,atl,61.750,-33.000,988.94,988.83,14.81,2.60,42.97,45.71,0.00,0.00,6.08
698520,pac,55.750,166.250,996.15,996.02,8.27,1.88,32.58,38.82,0.00,0.00,5.09
698520,pac,53.500,234.000,1001.94,1001.26,4.01,0.92,42.33,42.33,0.00,0.00,10.45
698520,pac,52.750,227.750,995.03,994.72,9.76,2.26,42.33,42.33,0.00,0.00,7.55
698520,pac,45.000,190.750,1000.25,1000.18,5.60,0.98,21.97,26.94,0.00,0.00,2.28
698526,atl,64.000,-26.500,986.50,986.42,12.97,2.75,37.96,43.53,0.00,0.00,7.20
698526,atl,62.250,-53.750,1002.94,1002.79,5.19,1.36,28.04,31.17,0.00,0.00,7.84
698526,pac,56.000,166.250,996.26,996.15,7.45,1.72,32.05,41.08,0.00,0.00,5.75
698526,pac,53.500,227.000,999.75,999.46,8.33,2.01,33.44,34.02,0.00,0.00,6.62
698526,pac,45.250,191.750,999.02,998.97,5.66,1.04,25.88,28.58,0.00,0.00,2.28
698526,pac,41.250,163.250,1001.06,1000.76,6.26,1.33,38.52,39.87,0.00,0.00,2.94
698532,atl,66.500,-36.250,996.55,995.28,6.26,2.30,37.64,38.71,0.00,0.00,18.21
698532,atl,65.500,-19.750,985.84,985.60,12.38,2.30,34.76,41.63,0.00,0.00,5.50
698532,pac,56.250,166.500,997.38,997.31,6.83,1.51,30.72,35.37,0.00,0.00,5.56
698532,pac,54.250,227.000,1004.17,1003.80,7.00,1.69,25.32,30.36,0.00,0.00,4.87
698532,pac,45.750,194.000,998.38,998.32,5.83,1.13,25.35,26.47,0.00,0.00,2.41
698532,pac,41.750,166.500,1000.37,1000.12,6.93,1.53,40.12,40.40,0.00,0.00,2.89
698538,atl,67.750,-11.250,981.59,981.43,14.71,3.53,38.30,43.77,0.00,0.00,7.84
698538,atl,62.750,-39.750,993.36,993.10,12.94,3.62,46.17,46.17,0.00,0.00,14.49
698538,pac,56.750,167.000,998.75,998.69,5.98,1.22,28.28,31.03,0.00,0.00,7.38
698538,pac,45.500,195.250,997.69,997.63,5.58,1.08,25.32,26.62,0.00,0.00,2.09
698538,pac,41.500,169.750,998.33,998.10,7.93,1.76,40.41,43.88,0.00,0.00,2.86
698544,atl,69.000,-27.500,996.21,995.44,4.13,1.36,39.10,39.53,0.00,0.00,18.38
698544,atl,63.000,-37.000,991.37,991.10,14.80,2.94,56.21,56.21,0.00,22558.24,23.11
698544,pac,57.250,167.000,1002.39,1002.32,4.08,0.88,25.10,25.72,0.00,0.00,6.99
698544,pac,45.750,196.750,997.18,997.11,5.90,1.26,24.87,24.87,0.00,0.00,2.06
698544,pac,41.250,174.000,998.38,998.30,7.53,1.39,39.23,39.23,0.00,0.00,2.76
698550,atl,63.250,-33.250,991.56,991.43,12.23,2.13,45.26,58.78,0.00,21253.24,30.56
698550,pac,46.000,197.500,997.25,997.14,5.48,1.23,25.07,25.07,0.00,0.00,2.00
698550,pac,42.000,178.500,994.72,994.35,8.51,2.12,37.75,42.66,0.00,0.00,3.58
698556,atl,63.750,-27.750,993.07,992.98,8.33,1.52,41.04,46.12,0.00,0.00,4.25
698556,atl,53.750,-76.500,1004.96,1004.76,9.47,2.05,27.94,33.30,0.00,0.00,5.00
698556,atl,31.750,-46.500,1003.11,1001.86,15.37,5.24,51.13,51.13,0.00,1308.90,8.48
698556,pac,46.250,198.500,996.84,996.65,5.27,1.20,27.61,27.61,0.00,0.00,2.02
698556,pac,40.500,182.750,993.83,993.62,8.40,1.93,41.43,41.43,0.00,0.00,4.61
698562,atl,66.250,-36.750,999.36,998.59,8.63,3.17,59.77,59.77,0.00,12885.40,20.22
698562,atl,64.000,-22.500,994.73,994.65,6.07,1.12,42.13,42.19,0.00,0.00,3.48
698562,atl,51.500,-73.750,1001.17,1000.53,11.62,2.98,34.69,36.03,0.00,0.00,6.50
698562,atl,31.500,-47.000,1002.69,1001.55,14.73,4.90,45.12,45.12,0.00,0.00,7.49
698562,pac,46.500,198.750,996.19,995.99,4.68,1.07,28.80,28.80,0.00,0.00,2.06
698562,pac,40.250,186.250,991.05,990.67,9.31,2.21,47.58,47.58,0.00,0.00,5.57
698568,atl,64.250,-35.500,1001.72,1001.56,9.21,2.03,59.57,59.57,0.00,8609.36,21.67
698568,atl,52.000,-74.000,1000.52,999.46,14.15,3.80,34.21,35.92,0.00,0.00,7.44
698568,atl,31.000,-47.250,1002.29,1000.62,15.59,5.08,46.52,46.52,0.00,0.00,9.22
698568,pac,40.000,191.250,984.49,983.86,13.72,3.56,42.47,45.27,0.00,0.00,5.02
698574,atl,50.750,-68.750,999.55,998.53,14.20,3.47,42.06,42.06,0.00,0.00,5.99
698574,atl,31.250,-47.500,1001.18,999.80,15.39,5.04,46.71,46.71,0.00,0.00,7.65
698574,pac,41.250,194.750,978.14,977.24,17.26,4.62,41.25,46.38,0.00,0.00,6.67
698574,pac,38.500,238.500,1004.98,1004.52,7.37,2.07,36.43,43.87,0.00,0.00,17.49
698580,atl,69.000,-0.500,972.94,972.49,18.27,4.85,49.12,51.75,0.00,16404.73,6.34
698580,atl,66.000,-25.750,1003.20,1002.76,4.84,1.37,31.92,35.58,0.00,0.00,9.99
698580,atl,51.000,-66.500,1003.71,1002.84,11.42,2.30,32.20,38.24,0.00,0.00,5.60
698580,atl,50.250,-70.500,1003.72,1003.26,12.02,2.69,36.90,36.90,0.00,0.00,5.60
698580,atl,31.250,-47.750,1003.58,1002.19,14.54,4.68,46.34,46.34,0.00,0.00,6.65
698580,pac,54.000,213.000,998.98,998.74,9.03,2.13,32.71,34.73,0.00,0.00,4.05
698580,pac,42.500,198.000,972.07,971.04,21.02,5.48,58.09,58.09,0.00,70781.94,9.91
698580,pac,35.000,239.000,1003.78,1003.39,4.06,1.07,21.15,32.59,0.00,0.00,17.22
698586,atl,68.250,3.250,976.40,976.09,15.87,4.05,50.92,50.92,0.00,18808.09,5.97
698586,atl,65.750,-26.500,1004.44,1004.09,4.54,1.33,29.41,29.41,0.00,0.00,9.92
698586,atl,53.250,-27.750,1001.95,1000.92,13.98,4.43,44.11,44.11,0.00,0.00,10.07
698586,atl,31.500,-48.000,1003.56,1002.14,13.75,4.46,43.21,43.21,0.00,0.00,6.20
698586,pac,55.750,212.250,997.25,996.88,10.82,2.68,39.77,44.07,0.00,0.00,6.70
698586,pac,44.500,200.250,969.92,969.29,21.44,5.11,60.59,66.16,8051.05,109464.69,9.42
698592,atl,67.750,7.750,979.57,979.18,13.25,3.50,46.24,47.52,0.00,0.00,5.70
698592,atl,54.750,-23.000,996.26,995.35,17.51,5.53,58.47,58.47,0.00,16277.36,11.73
698592,atl,32.000,-48.000,1003.42,1002.19,14.34,4.72,44.64,44.64,0.00,0.00,7.11
698592,pac,56.500,210.250,996.45,996.18,7.72,2.30,47.62,47.62,0.00,0.00,5.94
698592,pac,46.250,204.000,968.43,967.85,21.64,4.63,64.38,66.21,1114.10,170967.05,8.51
698598,atl,65.000,-26.250,1004.11,1003.89,4.62,1.33,28.29,28.29,0.00,0.00,8.83
698598,atl,56.000,-17.750,991.06,990.54,18.84,5.62,63.11,63.11,0.00,44531.03,10.85
698598,atl,49.500,-60.000,1003.76,1003.44,9.98,2.01,33.48,33.48,0.00,0.00,5.38
698598,atl,48.000,-57.250,1003.82,1003.56,8.71,1.56,33.48,33.48,0.00,0.00,5.18
698598,atl,32.500,-48.250,1002.03,1000.80,14.29,4.70,45.72,45.72,0.00,0.00,6.56
698598,pac,48.250,205.250,967.48,966.76,21.60,4.72,62.12,62.12,0.00,124418.35,7.40
698604,atl,57.250,-13.000,988.87,988.64,19.34,5.68,60.12,60.12,0.00,69812.21,11.24
698604,atl,49.250,-55.750,1001.54,1001.16,11.75,2.46,38.32,38.32,0.00,0.00,5.14
698604,atl,32.750,-48.000,1002.28,1000.70,14.71,4.90,47.88,47.88,0.00,0.00,7.92
698604,pac,49.750,206.500,967.41,966.97,20.93,4.42,53.75,57.13,0.00,97424.97,6.45
698610,atl,58.750,-7.000,987.77,987.42,16.72,4.21,59.63,59.63,0.00,45593.53,8.07
698610,atl,50.000,-54.750,998.21,997.79,14.25,3.20,49.43,49.43,0.00,0.00,7.32
698610,atl,33.250,-47.750,1000.61,999.29,15.09,5.16,51.00,51.00,0.00,2585.01,7.83
698610,pac,51.500,207.500,968.47,967.95,19.95,4.27,49.37,54.34,0.00,42595.42,5.88
698616,atl,60.500,-2.250,986.21,985.98,15.16,3.64,53.79,53.79,0.00,11172.29,8.22
698616,atl,50.000,-54.750,997.44,997.00,14.87,3.32,54.28,54.28,0.00,3924.40,7.89
698616,atl,33.750,-47.000,999.44,997.70,16.68,5.82,51.09,51.09,0.00,2573.85,9.02
698616,pac,52.750,207.750,970.51,970.06,18.35,3.76,45.57,49.33,0.00,0.00,5.31
698616,pac,40.750,164.500,1004.91,1004.18,12.25,3.35,49.10,49.10,0.00,0.00,7.84
698622,atl,60.750,1.750,984.36,984.13,14.45,4.17,57.10,57.10,0.00,49187.59,11.36
698622,atl,52.000,-46.250,998.98,998.55,11.67,2.62,45.41,47.03,0.00,0.00,6.68
698622,atl,49.000,-53.500,998.00,997.84,12.14,2.38,50.74,50.74,0.00,1929.49,7.52
698622,atl,34.250,-46.500,996.97,995.41,17.09,5.95,51.79,51.79,0.00,4493.94,10.19
698622,pac,62.000,219.750,999.16,998.84,6.32,1.51,39.96,41.48,0.00,0.00,12.00
698622,pac,53.750,208.500,972.50,972.16,17.27,3.64,43.83,46.58,0.00,0.00,4.88
698622,pac,41.250,165.500,1002.16,1000.98,14.56,4.36,58.52,58.52,0.00,18005.88,9.28
698628,atl,60.750,5.750,985.64,984.95,13.41,3.91,67.55,67.55,766.91,32271.91,12.66
698628,atl,51.500,-51.000,997.07,996.76,13.33,3.13,52.74,52.74,0.00,13504.51,7.44
698628,atl,34.750,-45.250,996.34,994.42,18.89,6.57,54.26,54.26,0.00,10206.68,10.11
698628,pac,55.250,209.000,975.94,975.69,14.78,3.03,43.96,44.83,0.00,0.00,5.51
698634,atl,54.250,-44.500,1000.36,999.99,9.40,2.17,45.59,47.70,0.00,0.00,5.20
698634,atl,52.250,-77.250,1004.50,1004.36,5.48,1.13,33.97,34.22,0.00,0.00,4.48
698634,atl,50.250,-50.250,998.22,997.98,11.58,2.73,49.69,49.69,0.00,0.00,7.04
698634,atl,49.750,-47.250,997.57,997.07,10.03,1.93,43.15,49.69,0.00,0.00,7.04
698634,atl,36.000,-43.750,993.32,991.09,20.74,7.27,56.19,56.19,0.00,27171.94,12.87
698634,pac,61.750,236.500,1004.10,1003.62,6.29,1.58,33.36,34.55,0.00,0.00,9.50
698634,pac,56.250,209.000,979.01,978.81,12.86,2.67,42.36,43.71,0.00,0.00,5.02
698634,pac,42.500,170.250,1004.54,1004.10,12.12,3.03,55.52,55.52,0.00,21339.50,6.03
698640,atl,55.250,-39.250,1000.61,1000.42,10.33,2.26,43.22,43.22,0.00,0.00,5.69
698640,atl,55.000,-71.250,1000.34,1000.09,8.30,2.12,37.21,37.21,0.00,0.00,5.03
698640,atl,50.500,-45.750,996.58,996.26,10.52,2.21,31.06,47.12,0.00,0.00,5.17
698640,atl,37.000,-42.000,994.81,993.08,19.80,6.94,56.06,56.06,0.00,35514.63,10.60
698640,pac,62.000,219.750,997.44,996.88,7.93,2.22,35.46,39.46,0.00,0.00,14.32
698640,pac,57.250,209.500,983.58,983.40,10.79,2.45,39.22,39.90,0.00,0.00,6.14
698640,pac,44.000,174.250,1004.22,1003.75,12.49,2.84,50.16,50.72,0.00,1709.23,5.91
698646,atl,56.500,-67.000,994.61,994.01,11.96,3.16,32.06,32.55,0.00,0.00,5.49
698646,atl,56.000,-38.750,997.04,996.72,10.71,2.46,44.30,44.30,0.00,0.00,6.17
698646,atl,51.000,-43.750,995.07,994.88,9.49,2.10,35.73,39.99,0.00,0.00,4.63
698646,atl,38.250,-40.000,990.46,989.26,21.42,7.39,60.15,60.15,0.00,76317.15,11.49
698646,pac,62.250,219.500,997.91,997.15,8.29,2.52,44.07,44.07,0.00,0.00,16.73
698646,pac,59.750,204.250,988.58,988.42,6.65,0.76,30.16,34.72,0.00,0.00,7.80
698646,pac,58.250,209.250,985.95,985.73,9.88,2.34,34.86,36.34,0.00,0.00,7.80
698646,pac,45.250,179.750,1003.84,1003.39,10.07,2.52,49.38,50.82,0.00,3328.24,6.14
698652,atl,57.000,-63.000,992.74,991.85,12.52,3.38,36.78,36.78,0.00,0.00,5.39
698652,atl,54.500,-36.250,993.93,993.56,10.37,1.92,41.63,46.51,0.00,0.00,5.52
698652,atl,52.250,-41.000,994.65,994.53,8.51,1.26,37.66,41.49,0.00,0.00,4.62
698652,atl,43.500,-76.750,1000.43,999.39,8.17,2.06,50.26,50.26,0.00,558.22,6.20
698652,atl,40.000,-38.000,986.38,984.60,25.38,8.94,78.49,78.49,6537.53,115408.27,16.49
698652,pac,62.250,219.250,1000.22,998.71,5.79,1.67,41.95,47.25,0.00,0.00,15.60
698652,pac,59.500,199.000,990.12,989.97,8.22,1.70,27.66,37.94,0.00,0.00,6.10
698652,pac,59.500,203.500,991.06,990.91,5.58,0.53,22.69,47.25,0.00,0.00,7.15
698652,pac,58.750,208.750,990.15,989.86,7.36,1.70,47.25,47.25,0.00,0.00,7.50
698652,pac,46.250,183.250,1000.48,999.81,11.47,3.14,47.38,47.60,0.00,0.00,6.23
698658,atl,57.500,-59.750,991.93,991.33,11.18,3.28,38.17,38.17,0.00,0.00,4.77
698658,atl,56.250,-37.000,989.13,988.51,13.58,2.95,47.05,49.11,0.00,0.00,6.33
698658,atl,45.250,-73.500,996.47,995.82,9.64,2.40,49.62,49.62,0.00,0.00,6.27
698658,atl,42.250,-36.000,983.10,980.52,27.36,9.69,79.67,79.67,25001.60,120239.15,17.96
698658,pac,60.000,198.500,989.26,988.94,9.77,2.11,33.73,42.10,0.00,0.00,5.64
698658,pac,59.750,208.250,991.91,991.74,5.79,1.31,45.28,45.28,0.00,0.00,10.58
698658,pac,46.750,185.750,996.62,995.94,13.12,3.40,48.46,48.46,0.00,0.00,6.93
698664,atl,58.250,-58.000,991.58,991.08,10.21,3.09,42.10,43.55,0.00,0.00,4.28
698664,atl,56.250,-37.750,986.01,985.48,15.26,3.64,47.69,51.40,0.00,3134.76,6.04
698664,atl,47.500,-67.750,993.70,993.08,10.01,2.25,57.11,57.11,0.00,5752.70,6.32
698664,atl,43.250,-34.250,988.82,986.67,22.91,8.07,69.54,69.54,17668.75,92936.17,12.98
698664,pac,64.250,214.750,995.72,995.28,8.69,2.58,37.21,44.86,0.00,0.00,13.42
698664,pac,63.500,210.000,995.92,994.05,5.94,1.57,44.86,44.86,0.00,0.00,12.97
698664,pac,60.750,199.750,990.95,990.36,8.28,1.59,33.98,44.06,0.00,0.00,9.27
698664,pac,60.250,196.750,990.60,990.13,9.91,2.08,43.47,45.42,0.00,0.00,4.73
698664,pac,47.000,190.750,994.37,993.84,11.80,2.56,45.01,51.15,0.00,8059.11,6.66
698670,atl,60.000,-33.000,983.30,982.81,18.64,4.04,58.18,58.18,0.00,130684.83,9.35
698670,atl,59.250,-57.500,989.13,988.82,10.17,3.15,50.68,50.68,0.00,2329.97,5.33
698670,atl,50.000,-62.000,988.72,988.27,11.13,2.40,57.03,57.03,0.00,71397.42,8.89
698670,atl,44.250,-32.500,991.11,989.19,20.18,7.04,59.86,59.86,0.00,57605.82,12.68
698670,pac,64.250,214.250,995.90,995.29,7.41,2.13,33.99,37.84,0.00,0.00,11.13
698670,pac,64.250,232.000,1001.00,999.99,7.62,2.06,20.96,25.94,0.00,0.00,10.89
698670,pac,61.250,200.500,991.92,991.49,7.17,1.46,34.48,45.11,0.00,0.00,7.45
698670,pac,59.750,194.750,990.51,990.23,10.98,2.56,45.11,48.46,0.00,0.00,5.30
698670,pac,47.750,194.750,990.90,990.33,12.08,2.89,42.96,50.46,0.00,1076.04,5.15
698676,atl,61.500,-28.750,984.31,984.24,17.84,3.16,60.39,62.55,0.00,170641.65,8.56
698676,atl,60.500,-57.750,986.16,985.78,11.69,3.62,54.56,54.56,0.00,34927.68,6.30
698676,atl,59.500,-32.250,984.29,983.93,16.25,3.41,59.48,60.39,0.00,114753.64,8.19
698676,atl,51.500,-56.500,987.00,986.61,10.67,2.12,49.59,57.91,0.00,44820.13,5.87
698676,atl,44.750,-31.500,996.77,995.08,16.76,5.70,51.25,51.25,0.00,8265.15,8.91
698676,pac,64.500,213.500,997.55,997.01,5.81,1.55,31.18,33.29,0.00,0.00,10.50
698676,pac,63.000,234.750,1001.45,1000.69,5.61,1.43,18.42,26.24,0.00,0.00,8.83
698676,pac,58.250,193.500,989.77,989.53,11.81,3.08,48.94,48.94,0.00,0.00,6.04
698676,pac,49.500,199.000,985.40,984.46,14.90,4.06,41.27,41.64,0.00,0.00,6.36
698682,atl,63.250,-24.750,982.82,982.42,19.44,4.12,56.34,56.48,0.00,102771.63,11.75
698682,atl,62.000,-59.000,985.36,985.15,10.53,3.44,52.91,52.93,0.00,17083.39,6.44
698682,atl,53.750,-51.250,984.79,984.62,11.72,2.19,40.26,54.07,0.00,3477.07,4.87
698682,atl,44.750,-30.750,1000.28,998.88,14.37,4.98,48.95,48.95,0.00,0.00,8.20
698682,pac,64.500,213.250,997.50,996.87,4.81,1.36,26.82,29.64,0.00,0.00,10.14
698682,pac,57.000,193.500,988.20,987.72,12.20,3.40,50.97,50.97,0.00,5297.76,6.52
698682,pac,50.750,201.500,982.10,981.51,15.64,4.15,43.14,43.14,0.00,0.00,7.30
698688,atl,63.500,-61.000,985.50,985.18,9.97,3.15,47.28,48.77,0.00,0.00,9.05
698688,atl,63.500,-24.000,984.62,984.16,16.10,3.49,59.60,59.60,0.00,83767.85,8.22
698688,atl,62.750,-78.250,981.32,980.89,15.44,3.67,55.46,55.46,0.00,75786.15,7.23
698688,atl,55.500,-47.750,981.91,981.57,14.98,3.11,50.95,59.35,0.00,60688.26,5.90
698688,atl,44.500,-30.500,1004.98,1003.78,11.50,4.10,47.46,47.46,0.00,0.00,7.08
698688,pac,64.500,213.500,996.06,995.73,5.67,1.62,30.25,31.62,0.00,0.00,12.87
698688,pac,58.250,162.250,1000.37,1000.22,6.95,1.45,39.38,39.40,0.00,0.00,6.61
698688,pac,55.750,194.000,990.20,989.80,10.69,2.97,47.77,47.77,0.00,0.00,5.75
698688,pac,52.500,203.250,982.23,981.92,14.06,3.55,50.62,50.62,0.00,1966.12,6.53
698688,pac,49.500,162.250,1003.57,1003.30,5.43,1.23,46.57,51.25,0.00,4784.98,4.15
698694,atl,65.750,-12.500,984.61,984.30,15.45,3.61,51.65,51.65,0.00,21403.33,8.09
698694,atl,64.500,-63.250,984.94,984.38,9.73,2.59,41.70,45.90,0.00,0.00,10.23
698694,atl,63.000,-22.500,985.82,985.55,12.51,2.85,50.03,52.69,0.00,14331.40,8.09
698694,atl,62.500,-75.250,982.20,981.81,12.96,2.93,49.46,51.88,0.00,16857.41,6.38
698694,atl,56.500,-45.250,978.26,977.40,18.14,4.44,66.71,66.71,6448.80,98378.16,20.27
698694,pac,65.500,218.500,996.90,996.47,5.88,1.56,24.92,29.29,0.00,0.00,12.14
698694,pac,64.750,212.500,995.71,995.53,5.93,1.64,29.29,30.55,0.00,0.00,12.14
698694,pac,53.500,204.250,981.97,981.75,13.84,3.34,53.64,53.64,0.00,9549.66,7.44
698694,pac,49.750,163.750,1000.43,1000.25,6.67,1.39,47.90,47.90,0.00,0.00,4.16
698700,atl,66.250,-10.750,983.45,983.10,14.92,3.77,51.34,51.34,0.00,7508.18,10.50
698700,atl,65.250,-65.250,986.91,986.65,8.14,1.86,32.50,36.82,0.00,0.00,10.92
698700,atl,62.250,-72.750,985.03,984.85,10.57,2.31,39.20,45.25,0.00,0.00,4.86
698700,atl,56.750,-43.750,977.14,976.11,19.70,5.86,62.72,62.72,0.00,79370.47,17.27
698700,pac,64.000,209.250,996.93,996.38,4.74,1.44,26.64,30.88,0.00,0.00,10.60
698700,pac,54.250,204.250,981.51,981.14,14.62,3.42,56.47,56.47,0.00,21422.47,6.28
698700,pac,53.000,167.750,998.30,998.09,8.02,1.67,39.37,41.82,0.00,0.00,3.91
698700,pac,52.750,160.000,999.31,999.10,4.22,1.14,21.16,21.88,0.00,0.00,6.01
698706,atl,67.500,-51.500,998.24,998.18,4.27,1.40,27.71,27.71,0.00,0.00,7.82
698706,atl,66.750,-72.000,989.13,988.90,7.71,1.71,32.34,38.48,0.00,0.00,6.48
698706,atl,66.750,-4.500,981.40,981.18,15.28,3.17,51.47,51.47,0.00,10160.39,7.92
698706,atl,62.750,-20.250,989.81,989.66,5.48,1.70,42.81,47.32,0.00,0.00,11.57
698706,atl,61.250,-71.000,987.91,987.70,9.58,2.40,37.85,41.28,0.00,0.00,4.08
698706,atl,58.500,-31.750,982.70,982.08,11.63,2.47,42.28,48.73,0.00,0.00,4.95
698706,atl,56.500,-40.500,982.05,981.57,15.13,4.29,51.13,55.80,0.00,21483.82,7.58
698706,pac,65.750,216.000,997.77,997.34,4.96,1.20,27.43,27.43,0.00,0.00,9.38
698706,pac,55.000,206.750,982.00,981.70,14.77,3.19,51.13,51.13,0.00,6832.34,6.08
698706,pac,54.750,169.750,994.06,993.81,10.84,2.24,36.97,39.11,0.00,0.00,4.39
698712,atl,67.250,-74.750,992.71,992.47,7.61,2.00,33.01,36.27,0.00,0.00,6.78
698712,atl,67.000,-5.250,980.15,979.93,14.39,3.44,50.14,50.14,0.00,862.20,7.37
698712,atl,61.750,-55.750,994.26,993.89,5.77,1.99,43.14,43.14,0.00,0.00,4.47
698712,atl,60.750,-68.250,991.66,991.47,7.96,2.21,32.27,34.44,0.00,0.00,3.62
698712,atl,60.250,-24.500,979.94,979.20,13.28,2.97,36.90,43.32,0.00,0.00,5.14
698712,pac,65.500,218.000,999.07,998.94,4.38,1.05,24.40,27.00,0.00,0.00,11.32
698712,pac,56.500,170.750,988.97,988.65,13.45,3.06,42.89,45.92,0.00,0.00,5.23
698712,pac,54.750,206.750,983.83,983.59,15.78,3.57,45.84,45.84,0.00,0.00,6.30
698718,atl,68.000,-77.000,995.21,994.95,7.16,2.05,30.26,30.47,0.00,0.00,6.41
698718,atl,66.250,-5.750,978.65,978.53,12.23,2.94,46.26,46.26,0.00,0.00,7.54
698718,atl,62.500,-56.500,992.84,992.22,6.82,2.20,40.31,40.44,0.00,0.00,4.22
698718,atl,61.000,-22.500,975.54,974.74,14.85,3.72,44.72,44.72,0.00,0.00,8.77
698718,atl,60.500,-66.250,993.85,993.61,6.31,1.76,27.88,32.42,0.00,0.00,3.59
698718,pac,62.500,219.500,999.55,999.35,4.89,1.51,31.52,31.61,0.00,0.00,7.42
698718,pac,57.750,170.250,982.68,982.24,15.68,4.05,51.98,51.98,0.00,4680.28,8.88
698718,pac,54.250,207.500,986.50,986.13,16.34,3.98,41.96,42.70,0.00,0.00,6.40
698724,atl,68.500,-80.000,999.51,999.15,6.46,1.86,23.35,24.80,0.00,0.00,5.30
698724,atl,67.000,-74.750,999.88,999.73,4.15,0.99,23.37,27.09,0.00,0.00,5.30
698724,atl,66.750,-3.500,976.99,976.87,12.02,2.67,44.35,44.35,0.00,0.00,5.92
698724,atl,63.250,-57.750,994.25,993.62,6.25,1.93,33.29,33.37,0.00,0.00,3.64
698724,atl,61.250,-22.500,973.60,972.56,16.63,4.48,52.41,52.41,0.00,6860.29,9.48
698724,pac,66.000,230.250,1003.86,1003.43,4.38,1.30,19.60,25.19,0.00,0.00,9.74
698724,pac,65.750,222.750,1002.41,1001.95,5.47,1.56,25.19,30.67,0.00,0.00,9.74
698724,pac,63.000,219.250,1001.61,1001.39,6.62,2.06,26.55,27.35,0.00,0.00,11.85
698724,pac,57.750,168.000,978.81,978.08,16.30,4.43,57.77,58.40,0.00,26437.11,11.15
698724,pac,53.750,209.000,992.10,991.63,15.18,3.76,40.00,43.15,0.00,0.00,4.95
698730,atl,65.750,-2.000,975.92,975.82,9.65,1.80,41.78,41.88,0.00,0.00,5.25
698730,atl,63.500,-58.250,996.31,995.90,5.24,1.76,25.05,25.05,0.00,0.00,4.57
698730,atl,61.000,-21.250,975.23,974.58,14.16,3.91,44.17,44.17,0.00,0.00,9.11
698730,pac,65.000,222.500,1004.94,1004.28,5.68,1.62,29.49,32.00,0.00,0.00,13.46
698730,pac,59.000,175.000,980.10,979.88,13.58,2.57,56.03,56.03,0.00,34002.48,10.84
698730,pac,56.500,168.000,976.57,975.73,15.96,4.26,52.06,56.03,0.00,13766.43,10.27
698730,pac,53.000,211.250,997.12,996.66,14.08,3.54,41.07,43.37,0.00,0.00,4.72
698736,atl,66.250,0.000,975.05,974.93,8.49,1.52,35.30,37.35,0.00,0.00,4.02
698736,atl,60.750,-19.000,978.53,977.86,11.57,3.44,48.26,48.26,0.00,0.00,8.14
698736,atl,54.500,-79.500,994.41,993.98,9.10,1.90,30.75,30.75,0.00,0.00,4.47
698736,pac,59.000,173.750,974.58,974.07,16.97,3.63,62.73,62.73,0.00,73200.13,11.16
698736,pac,52.750,213.000,1003.74,1003.53,10.70,2.72,36.56,36.56,0.00,0.00,3.77
698742,atl,67.250,-36.500,994.92,993.27,5.46,2.39,41.71,41.71,0.00,0.00,22.33
698742,atl,66.250,1.500,974.48,974.37,8.07,1.39,33.01,40.49,0.00,0.00,3.81
698742,atl,61.000,-16.500,980.76,980.04,9.59,2.90,47.38,47.38,0.00,0.00,6.59
698742,atl,55.750,-76.250,986.29,985.60,15.20,3.73,35.03,35.03,0.00,0.00,5.64
698742,pac,58.000,172.500,973.32,972.66,17.76,3.89,59.42,59.42,0.00,70459.82,12.86
698748,atl,67.000,-36.750,998.05,995.53,4.05,1.83,39.67,39.67,0.00,0.00,14.15
698748,atl,66.500,10.000,975.71,975.62,6.31,1.24,35.66,35.66,0.00,0.00,4.77
698748,atl,61.500,-25.250,988.42,988.33,5.79,0.87,32.60,47.86,0.00,0.00,5.53
698748,atl,61.000,-14.500,983.18,982.18,9.03,2.84,50.63,50.63,0.00,1141.59,5.80
698748,atl,57.000,-74.000,982.97,982.16,17.17,4.03,39.82,40.77,0.00,0.00,5.62
698748,pac,57.250,176.250,975.00,974.68,15.82,2.96,53.70,57.73,0.00,46620.56,8.13
698754,atl,67.000,-36.250,997.72,995.50,4.79,2.11,37.70,37.70,0.00,0.00,11.72
698754,atl,61.750,-23.500,989.02,988.81,5.92,1.04,28.94,50.16,0.00,415.21,4.73
698754,atl,61.500,-11.500,982.65,981.99,9.99,3.14,48.79,48.79,0.00,0.00,5.43
698754,atl,58.250,-74.500,982.84,982.05,17.73,4.42,43.22,44.70,0.00,0.00,7.49
698754,atl,57.750,-68.750,985.30,984.93,13.04,2.62,42.70,42.97,0.00,0.00,8.48
698754,pac,57.500,178.000,976.97,976.69,15.45,2.75,49.10,57.13,0.00,40432.86,6.23
698760,atl,62.250,-24.000,991.82,991.64,5.73,1.13,26.95,32.07,0.00,0.00,3.56
698760,atl,61.500,-8.250,984.60,984.02,9.73,3.11,51.18,51.18,0.00,3898.70,5.92
698760,atl,59.250,-68.250,986.74,986.07,12.54,3.50,43.25,44.92,0.00,0.00,7.49
698760,atl,58.250,-76.500,984.95,984.18,18.84,5.26,54.52,54.52,0.00,15901.67,7.72
698760,atl,56.750,-60.500,989.79,989.47,11.15,2.90,44.85,44.85,0.00,0.00,7.49
698760,pac,56.750,180.500,981.27,981.10,14.15,2.67,43.66,46.21,0.00,0.00,5.14
698766,atl,66.500,-36.250,1000.68,998.85,4.78,2.18,41.41,41.41,0.00,0.00,12.81
698766,atl,63.750,-42.750,1001.84,1001.23,4.27,1.51,37.44,37.44,0.00,0.00,12.81
698766,atl,62.250,-22.750,994.74,994.59,4.69,1.02,27.56,30.83,0.00,0.00,3.96
698766,atl,61.750,-3.250,986.41,985.98,8.91,2.75,54.17,54.17,0.00,21979.55,6.10
698766,atl,60.250,-69.000,988.92,988.01,10.88,3.43,44.67,45.33,0.00,0.00,6.10
698766,atl,58.250,-58.000,990.27,989.56,10.97,3.19,41.20,44.41,0.00,0.00,4.87
698766,atl,57.250,-76.250,984.29,983.31,20.00,5.67,48.13,48.13,0.00,0.00,8.80
698766,atl,56.000,-21.000,993.74,993.39,10.05,2.69,47.35,49.55,0.00,0.00,5.03
698766,atl,49.750,-65.500,999.10,998.95,6.76,1.73,29.94,33.12,0.00,0.00,5.57
698766,pac,57.000,184.000,983.64,983.26,13.77,2.81,37.71,43.03,0.00,0.00,4.38
698772,atl,62.250,2.000,989.35,988.94,6.94,2.52,46.07,46.07,0.00,0.00,7.27
698772,atl,59.250,-56.500,993.04,992.37,9.56,2.84,37.00,37.00,0.00,0.00,4.51
698772,atl,56.750,-74.250,985.61,984.97,17.98,4.63,49.65,49.65,0.00,0.00,6.77
698772,atl,56.500,-17.250,989.39,988.79,15.42,4.56,54.43,54.43,0.00,49380.55,8.76
698772,atl,50.250,-64.250,996.54,996.23,8.95,2.48,32.12,33.47,0.00,0.00,6.27
698772,pac,57.250,186.000,985.92,985.65,14.02,3.10,38.30,40.21,0.00,0.00,4.41
698778,atl,60.000,-56.000,994.82,994.29,7.75,2.50,36.91,37.30,0.00,0.00,3.93
698778,atl,57.000,-72.500,987.08,986.50,15.53,3.83,46.88,46.88,0.00,0.00,5.22
698778,atl,56.500,-12.750,988.83,988.41,16.30,4.42,63.89,63.89,0.00,61365.96,8.60
698778,atl,52.250,-60.750,995.28,994.28,7.38,2.30,33.16,40.11,0.00,0.00,9.00
698778,pac,57.250,187.750,988.78,988.60,12.89,2.86,34.58,38.52,0.00,0.00,4.04
698778,pac,47.000,160.000,995.36,994.11,14.79,4.00,46.75,59.07,0.00,21260.21,6.72
698784,atl,68.000,-31.250,1004.74,1004.21,4.31,1.70,38.23,38.23,0.00,0.00,14.34
698784,atl,60.750,-57.000,993.92,993.60,8.10,2.45,34.10,34.10,0.00,0.00,4.37
698784,atl,57.250,-70.500,989.07,988.57,12.69,3.15,36.05,43.18,0.00,0.00,5.07
698784,atl,57.000,-9.000,987.18,986.65,18.10,4.73,59.84,59.84,0.00,64546.45,8.09
698784,atl,53.250,-58.250,995.50,994.92,6.26,1.83,35.67,37.84,0.00,0.00,8.36
698784,atl,50.500,-60.750,995.74,995.22,7.16,2.11,39.12,39.12,0.00,0.00,8.36
698784,pac,57.750,189.750,993.30,993.19,10.24,2.20,33.48,34.69,0.00,0.00,3.40
698784,pac,48.250,162.750,987.80,985.80,20.74,6.09,52.26,52.26,0.00,5267.77,10.98
698790,atl,68.750,-75.250,1003.35,1003.22,4.43,1.34,20.98,20.98,0.00,0.00,7.86
698790,atl,61.500,-59.750,990.23,989.92,9.27,2.59,34.26,35.53,0.00,0.00,5.88
698790,atl,58.000,-54.500,993.92,993.67,5.45,1.44,29.31,34.42,0.00,0.00,3.70
698790,atl,57.250,-68.250,990.16,989.93,9.02,2.30,28.85,41.27,0.00,0.00,4.45
698790,atl,57.000,-6.250,989.04,988.42,15.87,3.83,57.63,57.63,0.00,33102.54,6.98
698790,atl,50.750,-58.500,991.40,991.07,9.39,2.66,37.05,37.05,0.00,0.00,7.07
698790,pac,57.750,192.000,995.88,995.74,8.52,1.85,30.16,30.29,0.00,0.00,3.22
698790,pac,48.750,166.000,985.40,984.39,21.52,6.28,58.61,58.61,0.00,49541.55,9.98
698796,atl,69.000,-77.000,1001.86,1001.78,5.27,1.53,23.81,23.81,0.00,0.00,6.74
698796,atl,62.250,-62.250,985.32,984.86,11.67,3.24,38.55,42.08,0.00,0.00,6.29
698796,atl,59.750,-1.500,990.36,990.03,12.33,2.62,50.07,50.07,0.00,398.01,9.25
698796,atl,56.750,-54.750,988.95,988.65,6.83,1.81,33.12,33.15,0.00,0.00,5.84
698796,atl,52.500,-55.500,989.15,988.59,9.64,2.31,35.09,45.37,0.00,0.00,6.64
698796,pac,58.250,193.500,997.57,997.48,6.83,1.45,27.18,28.43,0.00,0.00,2.88
698796,pac,49.000,170.000,986.78,985.99,18.74,4.72,56.67,56.67,0.00,59617.06,7.77
698802,atl,61.750,-65.000,981.76,981.26,12.41,3.46,40.69,44.31,0.00,0.00,7.15
698802,atl,59.250,2.500,990.53,990.44,11.37,2.12,44.51,45.87,0.00,0.00,7.01
698802,atl,59.000,-54.000,983.63,983.26,9.10,2.21,43.41,47.86,0.00,0.00,7.04
698802,pac,63.750,194.000,998.67,998.50,6.10,1.69,34.04,34.04,0.00,0.00,4.09
698802,pac,59.250,194.000,998.43,998.34,5.73,1.11,24.02,32.30,0.00,0.00,3.07
698802,pac,48.750,173.750,986.92,986.37,16.62,3.85,53.81,54.46,0.00,53569.67,6.24
698808,atl,63.250,6.250,989.88,989.59,9.75,2.01,32.96,39.46,0.00,0.00,4.66
698808,atl,61.500,-54.250,976.65,976.17,13.56,2.50,59.32,66.47,1810.98,88904.70,17.52
698808,atl,60.500,-65.000,980.05,979.50,11.79,3.14,43.79,43.79,0.00,0.00,6.19
698808,atl,60.000,4.500,989.91,989.68,10.53,1.81,45.10,47.55,0.00,0.00,5.64
698808,pac,60.750,194.500,998.31,998.22,5.39,1.00,28.39,32.17,0.00,0.00,4.00
698808,pac,51.500,182.500,987.47,986.90,11.98,2.83,39.42,48.96,0.00,0.00,5.52
698808,pac,48.500,178.250,988.80,988.53,12.52,2.45,49.38,51.47,0.00,17566.05,5.44
698814,atl,63.500,-59.500,971.43,970.98,15.27,3.79,46.12,56.96,0.00,6236.54,13.12
698814,atl,63.250,5.750,986.66,986.23,12.50,2.72,38.80,40.22,0.00,0.00,5.35
698814,atl,60.500,-40.750,995.04,994.71,7.34,2.22,48.02,64.21,350.83,36199.47,16.66
698814,pac,63.500,195.500,997.95,997.90,5.23,1.39,34.39,34.39,0.00,0.00,3.97
698814,pac,62.500,219.500,1004.24,1003.92,4.33,1.83,24.26,26.30,0.00,0.00,12.21
698814,pac,52.000,184.000,983.88,983.39,13.83,3.24,40.39,40.54,0.00,0.00,6.05
698820,atl,62.750,-59.500,971.86,971.39,18.67,5.11,49.68,52.53,0.00,2757.79,12.75
698820,atl,62.750,5.750,989.34,988.96,11.86,2.63,41.61,41.66,0.00,0.00,6.05
698820,atl,61.750,-39.750,988.58,988.01,12.95,3.76,60.46,60.46,0.00,7004.42,10.90
698820,pac,63.750,195.750,997.58,997.41,5.25,1.62,33.17,33.17,0.00,0.00,4.06
698820,pac,52.500,189.500,981.41,980.89,13.70,2.65,38.16,44.04,0.00,0.00,6.41
698826,atl,63.500,-38.000,982.64,981.97,17.15,5.24,62.77,62.77,0.00,72970.97,19.78
698826,atl,62.500,-56.750,976.98,976.08,17.66,4.76,52.65,54.16,0.00,56281.68,7.49
698826,atl,50.500,-74.500,1001.76,1001.26,8.44,2.21,26.30,30.51,0.00,0.00,4.80
698826,atl,43.750,9.250,1003.08,1002.73,8.14,1.98,44.88,49.37,0.00,0.00,12.08
698826,pac,53.500,191.750,979.44,979.02,13.74,2.85,36.47,45.62,0.00,0.00,5.55
698832,atl,65.750,-31.000,983.74,982.92,18.12,4.89,59.71,59.71,0.00,71192.85,12.52
698832,atl,62.750,-53.000,981.10,980.14,15.75,4.69,51.78,51.78,0.00,20469.45,8.27
698832,atl,52.250,-71.750,999.12,998.24,9.96,3.12,32.82,33.80,0.00,0.00,5.23
698832,pac,64.750,234.250,1002.72,1002.54,4.79,1.18,23.99,24.04,0.00,0.00,5.29
698832,pac,53.750,192.250,978.58,978.24,13.68,2.86,37.75,39.92,0.00,0.00,5.44
698838,atl,66.500,-31.500,982.41,981.49,16.01,4.57,54.96,54.96,0.00,6797.59,11.16
698838,atl,64.250,-51.000,986.30,986.14,9.53,3.24,39.77,47.47,0.00,0.00,10.94
698838,atl,53.750,-69.250,996.89,996.19,10.63,3.31,31.44,31.44,0.00,0.00,5.92
698838,atl,43.500,7.250,999.11,998.45,8.59,2.73,43.03,43.03,0.00,0.00,14.10
698838,pac,64.750,236.000,1002.23,1002.02,5.51,1.23,19.60,19.60,0.00,0.00,6.27
698838,pac,56.500,195.500,978.60,978.29,13.28,2.49,36.66,41.59,0.00,0.00,5.90
698844,atl,66.500,-32.250,983.08,982.13,14.76,4.38,45.99,45.99,0.00,0.00,11.38
698844,atl,66.000,-79.250,994.60,994.49,5.93,1.58,27.12,27.36,0.00,0.00,3.40
698844,atl,54.750,-60.000,999.41,999.18,7.52,1.45,37.16,39.66,0.00,0.00,4.46
698844,atl,54.250,-67.750,996.28,995.46,10.79,3.59,36.11,36.11,0.00,0.00,7.61
698844,atl,43.500,6.750,1000.94,1000.26,7.81,2.23,38.40,38.40,0.00,0.00,9.37
698844,pac,65.250,238.000,1002.48,1002.36,5.67,1.13,18.44,24.84,0.00,0.00,7.77
698844,pac,57.250,195.250,979.15,978.91,12.61,2.49,40.90,44.64,0.00,0.00,6.60
698850,atl,66.500,-31.000,987.36,986.56,10.83,2.93,40.15,40.15,0.00,0.00,8.85
698850,atl,66.250,-11.500,995.35,995.09,7.98,2.19,40.83,41.52,0.00,0.00,5.40
698850,atl,65.750,-79.000,996.18,996.01,5.62,1.48,24.57,27.37,0.00,0.00,3.05
698850,atl,64.250,-39.250,989.03,988.91,10.64,2.91,48.89,52.91,0.00,11512.54,12.69
698850,atl,56.250,-56.500,996.36,996.10,8.19,1.89,32.90,37.32,0.00,0.00,4.17
698850,atl,53.750,-65.000,996.97,996.37,9.55,3.28,52.75,52.75,0.00,3725.89,8.67
698850,atl,43.000,6.750,1003.37,1002.95,6.75,1.74,38.76,38.76,0.00,0.00,11.56
698850,pac,57.250,195.500,979.53,979.31,12.35,2.56,41.62,45.80,0.00,0.00,5.16
698856,atl,67.750,-10.000,994.25,993.92,8.87,2.39,42.99,42.99,0.00,0.00,4.92
698856,atl,66.500,-31.000,989.78,989.37,10.61,2.68,33.89,40.34,0.00,0.00,10.16
698856,atl,65.500,-79.750,1000.62,1000.50,4.21,1.17,26.33,26.33,0.00,0.00,2.57
698856,atl,63.750,-34.750,991.18,990.95,11.27,1.93,43.70,49.70,0.00,0.00,14.22
698856,atl,56.750,-55.250,993.33,993.03,10.37,2.54,34.91,40.74,0.00,0.00,4.99
698856,pac,57.250,196.500,983.24,983.08,10.28,2.17,40.13,43.23,0.00,0.00,4.96
698862,atl,69.000,-9.250,993.07,992.78,9.65,2.51,38.43,40.48,0.00,0.00,4.62
698862,atl,65.750,-31.250,990.42,990.10,10.96,2.23,39.31,44.68,0.00,0.00,13.36
698862,atl,61.250,-78.000,1002.31,1002.20,4.24,0.93,25.48,29.37,0.00,0.00,2.61
698862,atl,57.250,-50.250,988.01,987.87,12.84,2.56,44.46,46.49,0.00,0.00,7.26
698862,atl,39.500,6.250,1004.61,1004.36,5.61,1.28,50.48,53.40,0.00,7483.59,12.71
698862,pac,61.500,197.000,984.33,984.27,9.53,2.00,45.02,45.02,0.00,0.00,8.12
698868,atl,66.000,-26.750,992.85,992.71,7.67,1.99,30.58,34.60,0.00,0.00,7.31
698868,atl,58.500,-71.500,1002.97,1002.61,5.39,1.44,30.94,33.30,0.00,0.00,3.47
698868,atl,58.250,-45.250,980.65,979.90,16.61,3.68,45.07,50.20,0.00,894.75,11.67
698868,pac,64.000,196.500,985.63,985.34,9.70,2.11,42.21,42.21,0.00,0.00,5.60
698868,pac,51.500,162.000,984.96,984.67,11.76,3.07,39.09,40.57,0.00,0.00,10.09
698874,atl,60.000,-40.000,977.44,976.71,16.62,4.04,52.93,53.12,0.00,10427.93,10.13
698874,atl,58.250,-67.750,1000.94,1000.55,6.27,1.83,35.12,35.12,0.00,0.00,3.27
698874,pac,66.000,197.250,987.43,987.26,8.14,1.70,41.53,41.53,0.00,0.00,5.22
698874,pac,53.000,164.000,975.94,975.34,16.43,4.65,49.72,50.18,0.00,440.48,7.87
698880,atl,65.000,-51.750,991.74,991.43,6.45,2.06,31.27,31.27,0.00,0.00,7.15
698880,atl,60.250,-36.000,975.77,975.54,17.48,4.14,56.73,57.09,0.00,63103.67,9.45
698880,atl,58.500,-64.750,1001.15,1000.71,5.76,1.55,26.61,35.29,0.00,0.00,4.34
698880,pac,65.750,230.500,1000.79,1000.59,4.76,1.20,28.78,42.51,0.00,0.00,7.95
698880,pac,53.750,165.750,963.57,962.48,25.54,7.87,64.46,64.46,448.75,110352.61,13.57
698886,atl,68.750,-50.000,994.21,993.84,5.65,1.86,28.71,33.92,0.00,0.00,10.39
698886,atl,65.750,-53.000,994.21,994.03,4.92,1.42,25.81,27.13,0.00,0.00,9.09
698886,atl,63.500,-28.250,973.62,973.16,16.73,3.29,45.29,50.51,0.00,1580.45,7.67
698886,atl,58.000,-58.750,1000.76,1000.55,5.44,1.38,35.66,37.54,0.00,0.00,5.55
698886,pac,64.250,235.250,1002.83,1002.64,5.82,1.53,28.51,35.37,0.00,0.00,9.40
698886,pac,53.500,169.250,961.10,959.91,25.46,6.94,64.77,64.77,470.43,182063.70,10.66
698892,atl,63.750,-27.000,974.58,974.28,15.14,3.39,47.02,49.98,0.00,0.00,5.99
698892,atl,57.750,-55.000,1000.75,1000.44,6.42,1.59,40.75,43.50,0.00,0.00,4.89
698892,pac,54.000,173.500,959.49,958.42,24.71,6.05,57.10,59.92,0.00,182117.38,7.99
698898,atl,66.250,-14.500,975.53,975.40,13.65,2.60,37.64,45.64,0.00,0.00,5.28
698898,pac,54.000,177.500,960.92,960.26,21.49,5.17,55.69,56.00,0.00,188501.91,7.51
698904,atl,67.250,-12.250,974.90,974.73,13.90,2.79,39.85,46.36,0.00,0.00,5.23
698904,atl,65.250,-39.000,994.33,994.09,4.31,2.24,41.61,41.61,0.00,0.00,12.75
698904,atl,60.750,-41.500,995.81,995.68,5.39,1.68,36.14,41.61,0.00,0.00,12.75
698904,pac,54.250,182.000,963.72,962.97,17.86,4.27,52.45,58.45,0.00,104619.38,6.42
698910,atl,68.250,-10.250,973.69,973.59,13.89,2.65,42.80,51.11,0.00,1082.51,6.29
698910,atl,60.750,-39.500,995.46,995.30,5.74,1.38,35.77,41.39,0.00,0.00,11.87
698910,atl,53.500,-41.250,1002.99,1002.74,7.63,2.00,53.98,56.07,0.00,36175.07,4.53
698910,pac,60.750,183.500,969.32,969.00,14.75,3.08,51.04,54.83,0.00,20942.05,9.32
698910,pac,54.750,186.250,966.08,965.71,15.00,3.53,49.32,55.68,0.00,42179.10,6.37
698916,atl,63.500,-17.750,985.35,985.14,5.37,1.50,33.69,42.42,0.00,0.00,7.01
698916,atl,60.750,-37.500,995.98,995.74,5.75,1.38,37.55,39.16,0.00,0.00,10.21
698916,atl,53.250,-36.500,1003.79,1003.41,7.06,1.87,49.96,49.96,0.00,0.00,4.85
698916,pac,61.500,187.500,970.57,970.17,13.84,2.55,47.37,49.87,0.00,0.00,7.78
698916,pac,60.750,183.000,969.97,969.77,14.63,3.15,49.87,49.87,0.00,0.00,9.99
698916,pac,55.750,190.000,971.07,970.83,10.94,2.51,43.88,53.60,0.00,26793.83,5.42
698922,atl,63.000,-18.000,987.67,987.46,5.28,1.82,33.89,43.21,0.00,0.00,5.88
698922,atl,60.750,-36.250,995.36,995.18,6.15,1.46,38.02,42.11,0.00,0.00,10.72
698922,pac,62.250,184.250,970.31,969.99,15.79,3.43,46.32,48.84,0.00,0.00,9.61
698922,pac,57.000,192.750,973.36,973.09,10.11,2.24,37.96,47.74,0.00,0.00,4.54
698928,atl,63.000,-17.500,990.77,990.14,4.17,1.84,34.77,45.17,0.00,0.00,5.32
698928,atl,60.750,-34.750,995.89,995.76,5.96,1.34,36.07,42.78,0.00,0.00,9.44
698928,pac,62.250,182.250,973.28,972.83,14.72,3.75,50.05,50.05,0.00,356.83,9.52
698928,pac,58.500,193.500,976.40,976.12,9.27,1.92,34.22,45.47,0.00,0.00,5.52
698934,atl,65.250,-36.500,997.19,997.04,4.97,1.51,39.43,39.43,0.00,0.00,15.34
698934,atl,61.000,-33.500,995.91,995.80,5.45,1.18,34.36,42.30,0.00,0.00,3.25
698934,atl,60.750,-80.000,988.63,988.36,15.39,3.32,45.68,46.49,0.00,0.00,5.78
698934,atl,59.000,-62.500,997.80,997.64,5.15,1.26,26.21,38.39,0.00,0.00,5.92
698934,atl,56.250,-19.250,1000.81,1000.28,4.55,1.44,34.94,35.77,0.00,0.00,2.90
698934,pac,61.750,181.250,975.99,975.25,13.23,3.43,42.89,42.89,0.00,0.00,8.79
698934,pac,60.750,186.750,976.94,976.75,9.83,1.48,38.41,42.40,0.00,0.00,6.26
698934,pac,60.250,193.000,977.16,976.95,10.07,1.91,37.80,40.54,0.00,0.00,5.34
698940,atl,61.250,-31.500,997.83,997.77,4.40,1.00,29.78,37.99,0.00,0.00,2.91
698940,atl,60.500,-79.500,990.71,990.31,14.37,3.25,45.66,45.66,0.00,0.00,5.68
698940,atl,60.500,-42.750,999.21,999.05,4.58,1.56,36.75,36.75,0.00,0.00,12.62
698940,atl,59.000,-59.750,996.75,996.60,5.14,1.36,28.16,33.41,0.00,0.00,4.80
698940,pac,61.000,181.500,977.74,977.07,13.13,3.30,42.84,42.84,0.00,0.00,7.68
698946,atl,59.750,-79.000,993.56,993.18,12.64,3.07,45.78,45.78,0.00,0.00,5.44
698946,atl,58.750,-57.250,996.00,995.78,4.83,1.32,27.51,27.51,0.00,0.00,3.01
698946,pac,60.500,183.500,978.47,978.00,12.81,2.93,45.81,45.81,0.00,0.00,7.58
698952,atl,61.250,-3.000,996.49,996.15,6.52,2.02,39.09,40.58,0.00,0.00,4.91
698952,atl,59.500,-77.500,998.20,997.92,9.29,2.15,40.48,40.48,0.00,0.00,4.17
698952,atl,58.500,-56.500,997.03,996.89,4.27,1.10,27.61,27.61,0.00,0.00,4.24
698952,atl,54.000,-60.000,995.56,995.33,7.15,1.69,35.75,35.75,0.00,0.00,6.00
698952,pac,60.500,185.500,980.48,980.14,11.91,2.64,42.66,42.66,0.00,0.00,4.78
698952,pac,57.750,208.000,994.69,994.45,4.13,0.80,31.30,39.37,0.00,0.00,7.31
698958,atl,63.000,1.750,993.95,993.52,6.07,2.16,42.85,42.85,0.00,0.00,7.06
698958,atl,59.500,-76.250,1000.92,1000.70,6.95,1.47,31.32,31.32,0.00,0.00,3.52
698958,atl,52.250,-54.750,992.47,992.30,8.81,1.58,33.31,40.03,0.00,0.00,6.25
698958,atl,43.750,-48.250,1002.49,1001.91,7.53,2.22,50.20,50.37,0.00,2299.36,5.28
698958,pac,60.750,187.250,981.65,981.33,11.16,2.58,34.72,36.28,0.00,0.00,4.17
698958,pac,57.250,219.250,994.26,993.72,6.87,1.89,36.02,39.81,0.00,0.00,11.39
698964,atl,60.250,-80.000,1001.55,1001.44,7.56,1.60,30.20,30.20,0.00,0.00,3.31
698964,atl,59.750,-33.500,1003.98,1003.75,4.15,1.06,37.16,37.16,0.00,0.00,3.42
698964,atl,51.500,-47.750,987.20,986.52,12.61,2.97,50.56,50.56,0.00,967.39,5.67
698964,pac,61.250,188.250,982.60,982.24,11.14,2.68,32.10,35.01,0.00,0.00,4.09
698964,pac,58.750,216.750,989.16,988.47,9.85,2.61,40.38,41.84,0.00,0.00,12.54
698964,pac,54.000,160.750,999.32,999.00,5.73,1.22,34.98,38.51,0.00,0.00,4.83
698964,pac,43.250,192.500,1001.45,1000.71,11.46,3.13,47.52,47.75,0.00,0.00,4.82
698970,atl,69.000,-27.500,1003.52,1002.87,5.66,1.84,28.69,28.69,0.00,0.00,10.37
698970,atl,60.000,-79.000,1002.63,1002.45,7.01,1.35,27.80,29.90,0.00,0.00,3.31
698970,atl,54.500,-76.500,1003.52,1003.38,5.93,1.71,30.18,30.86,0.00,0.00,4.22
698970,atl,53.000,-46.000,980.84,980.24,16.05,3.61,46.73,58.46,0.00,16304.89,7.35
698970,pac,62.000,188.250,983.06,982.82,10.64,2.54,32.67,32.67,0.00,0.00,4.03
698970,pac,59.500,214.500,987.05,985.97,11.07,3.03,40.85,40.85,0.00,0.00,10.30
698970,pac,53.750,163.250,996.06,995.89,8.57,1.99,39.90,42.68,0.00,0.00,7.03
698970,pac,44.500,199.500,995.74,994.35,14.37,3.97,56.22,56.22,0.00,11833.76,7.47
698976,atl,60.000,-77.250,1003.45,1003.23,6.80,1.22,26.88,33.92,0.00,0.00,3.44
698976,atl,54.750,-71.000,1004.00,1003.75,5.52,1.40,22.44,24.11,0.00,0.00,3.35
698976,atl,53.500,-46.000,978.51,977.98,17.28,3.93,53.83,53.83,0.00,12847.77,7.87
698976,pac,63.000,186.750,983.94,983.66,10.35,2.61,32.23,32.23,0.00,0.00,4.71
698976,pac,61.750,220.750,993.16,992.54,5.21,1.71,25.94,34.18,0.00,0.00,10.12
698976,pac,60.000,212.500,988.83,987.24,8.58,2.66,34.18,34.18,0.00,0.00,10.12
698976,pac,53.500,168.250,993.46,993.07,8.27,2.03,36.45,40.85,0.00,0.00,3.49
698976,pac,45.750,203.000,984.79,982.77,21.19,6.24,54.84,58.58,0.00,40345.62,12.08
698976,pac,43.250,161.250,1003.75,1003.10,8.42,2.37,44.76,48.39,0.00,0.00,4.33
698982,atl,59.500,-76.750,1004.72,1004.63,6.20,1.21,25.17,32.99,0.00,0.00,3.16
698982,atl,55.250,-44.250,977.46,976.93,17.53,3.60,52.35,57.78,0.00,65420.93,7.19
698982,atl,54.750,-66.750,1003.65,1003.31,5.28,1.50,17.69,18.42,0.00,0.00,3.12
698982,atl,54.750,-37.250,980.03,979.66,13.88,2.68,55.46,55.75,0.00,72832.51,6.75
698982,pac,64.250,232.250,999.09,998.86,4.20,1.08,21.71,21.71,0.00,0.00,4.20
698982,pac,63.250,184.750,984.75,984.40,9.84,2.43,26.76,26.76,0.00,0.00,4.55
698982,pac,62.750,221.000,995.00,994.80,4.39,1.43,20.82,32.89,0.00,0.00,8.21
698982,pac,62.500,209.750,992.60,991.68,4.96,1.12,32.89,32.89,0.00,0.00,7.91
698982,pac,58.000,239.250,999.95,999.67,5.21,1.03,21.58,24.15,0.00,0.00,5.44
698982,pac,53.250,173.500,990.36,990.10,7.55,1.68,36.87,38.85,0.00,0.00,3.26
698982,pac,46.750,206.000,978.20,976.43,24.81,7.59,59.80,59.80,0.00,66734.99,13.55
698982,pac,43.750,167.500,998.98,998.02,8.82,2.62,47.12,48.89,0.00,0.00,4.86
698988,atl,56.500,-38.750,973.40,972.74,20.06,4.09,50.24,61.67,0.00,106738.95,11.85
698988,atl,54.750,-64.000,1003.69,1003.40,4.76,1.30,21.79,21.79,0.00,0.00,3.06
698988,pac,64.500,213.000,995.50,994.82,4.33,1.23,23.37,24.23,0.00,0.00,10.44
698988,pac,64.250,220.000,996.88,996.58,4.42,1.10,23.37,24.23,0.00,0.00,10.44
698988,pac,64.000,233.000,998.95,998.58,4.72,1.25,17.39,23.52,0.00,0.00,5.23
698988,pac,63.000,182.500,986.19,985.84,9.30,2.25,29.22,29.22,0.00,0.00,5.80
698988,pac,53.000,178.000,987.51,987.15,7.73,1.90,34.99,36.73,0.00,0.00,3.54
698988,pac,47.000,209.500,975.57,974.15,25.45,7.44,76.01,76.01,45571.01,205228.14,13.90
698988,pac,43.750,175.750,992.00,991.06,11.50,3.19,49.80,49.80,0.00,0.00,6.15
698994,atl,56.500,-41.250,970.32,969.78,22.18,5.43,67.62,69.28,21675.52,176655.01,11.99
698994,atl,53.250,-61.000,1002.70,1002.49,4.81,1.08,22.36,25.94,0.00,0.00,3.77
698994,pac,65.000,218.500,998.75,998.45,4.24,1.18,28.30,28.30,0.00,0.00,11.08
698994,pac,63.000,234.500,1000.57,1000.25,4.18,1.10,29.28,34.27,0.00,0.00,6.28
698994,pac,62.500,181.000,987.58,987.27,8.45,2.02,29.25,29.25,0.00,0.00,6.00
698994,pac,52.500,180.250,984.20,983.99,8.40,2.03,42.92,44.13,0.00,0.00,4.04
698994,pac,48.000,213.750,974.62,973.24,25.17,6.24,72.22,72.22,42790.87,278215.40,9.34
698994,pac,44.750,183.000,978.57,976.45,17.68,5.14,58.23,58.23,0.00,97528.46,11.52
699000,atl,56.000,-35.500,976.55,976.30,14.86,2.36,39.74,57.38,0.00,43184.83,8.49
699000,atl,55.250,-40.250,973.53,972.80,19.29,4.45,60.90,68.09,5946.89,207505.77,9.17
699000,atl,51.750,-55.500,1002.52,1002.42,4.39,1.00,32.70,33.25,0.00,0.00,3.46
699000,pac,65.000,222.750,1002.01,1001.15,4.02,0.88,18.16,27.74,0.00,0.00,12.18
699000,pac,62.750,235.000,1001.89,1001.45,4.34,1.38,30.78,30.78,0.00,0.00,7.03
699000,pac,62.000,180.000,990.07,989.78,7.11,1.62,29.56,31.76,0.00,0.00,5.64
699000,pac,49.000,217.000,976.56,975.57,22.49,5.29,64.23,65.23,5351.08,265571.89,7.39
699000,pac,45.750,188.000,960.54,958.73,29.73,9.18,87.84,87.84,26844.94,349455.86,21.69
699006,atl,57.000,-36.500,975.93,975.60,15.93,2.75,34.67,58.99,0.00,47431.77,6.49
699006,atl,51.000,-51.500,999.96,999.65,4.94,1.24,28.02,35.04,0.00,0.00,3.39
699006,pac,61.500,178.250,992.90,992.75,5.85,1.49,28.01,28.01,0.00,0.00,5.25
699006,pac,50.250,220.750,980.34,979.71,18.59,4.21,56.86,56.86,0.00,145539.13,6.56
699006,pac,46.250,192.500,951.20,949.49,35.27,10.21,88.47,88.47,139904.16,428528.28,17.65
699012,atl,57.250,-36.500,978.40,978.16,14.28,2.48,34.83,59.33,0.00,18266.81,6.78
699012,pac,61.000,177.250,995.10,994.95,4.92,1.28,26.33,26.33,0.00,0.00,4.33
699012,pac,53.500,217.000,989.76,989.59,8.64,1.77,38.52,50.49,0.00,437.70,5.42
699012,pac,53.250,160.750,999.86,999.50,6.63,1.76,36.79,40.48,0.00,0.00,6.00
699012,pac,51.500,224.250,984.88,984.28,16.39,3.91,47.74,64.00,0.00,30993.44,6.43
699012,pac,47.500,195.750,946.45,945.11,34.71,8.50,82.31,82.61,191910.09,395941.39,11.87
699018,atl,58.000,-36.250,978.38,978.13,14.08,2.30,41.09,58.54,0.00,22226.71,7.62
699018,atl,51.000,-17.000,1004.60,1004.09,6.17,1.73,36.01,36.01,0.00,0.00,3.79
699018,pac,60.500,176.000,996.03,995.87,4.22,1.14,28.04,28.04,0.00,0.00,4.71
699018,pac,54.500,216.250,992.33,992.12,5.84,1.64,45.53,46.07,0.00,0.00,3.75
699018,pac,52.750,227.250,991.23,990.60,14.03,3.96,48.26,48.26,0.00,0.00,9.14
699018,pac,52.500,164.750,996.36,995.77,8.31,2.21,41.28,41.36,0.00,0.00,4.22
699018,pac,48.000,197.750,946.20,945.14,32.67,7.32,72.55,76.76,152752.92,424088.10,9.73
699024,atl,58.500,-36.250,979.14,979.06,13.56,2.27,38.67,55.51,0.00,15654.44,7.92
699024,pac,54.000,228.500,1000.12,999.47,7.60,2.56,45.11,48.42,0.00,0.00,8.51
699024,pac,51.750,168.750,994.81,994.23,8.53,2.18,41.70,41.70,0.00,0.00,3.72
699024,pac,49.000,200.500,947.81,946.81,29.69,6.43,58.90,70.90,80239.59,333560.11,8.61
699030,atl,58.750,-37.250,978.90,978.79,13.05,2.50,57.54,59.07,0.00,32213.25,8.34
699030,atl,55.500,-29.250,981.17,979.76,12.12,3.40,53.72,53.72,0.00,6078.05,6.37
699030,pac,50.750,174.250,993.71,993.27,7.40,1.73,35.25,43.93,0.00,0.00,3.78
699030,pac,50.250,203.000,950.30,949.64,26.54,5.86,56.10,65.52,17051.15,262973.71,7.64
699036,atl,60.500,-45.500,992.04,991.82,6.42,1.38,55.48,55.48,0.00,12056.28,12.25
699036,atl,58.250,-29.500,974.06,972.21,18.22,5.10,48.74,48.74,0.00,0.00,10.08
699036,atl,58.000,-36.250,980.84,980.71,10.53,1.74,47.50,55.48,0.00,9207.73,10.08
699036,pac,51.750,204.500,953.95,953.29,23.66,5.32,55.41,62.79,0.00,222863.49,6.86
699036,pac,50.250,178.000,993.52,993.13,6.50,1.52,29.85,44.08,0.00,0.00,3.85
699042,atl,60.000,-31.250,971.30,970.05,21.39,5.82,45.63,45.63,0.00,0.00,9.55
699042,pac,53.250,206.500,957.63,957.11,21.45,4.80,52.57,55.78,0.00,135665.34,6.88
699042,pac,49.500,182.500,992.84,992.65,4.56,1.05,32.02,39.60,0.00,0.00,3.64
699048,atl,60.750,-34.250,971.88,971.52,22.50,5.77,49.77,58.11,0.00,28254.77,8.31
699048,pac,55.000,208.000,964.76,964.27,17.85,3.99,49.01,56.86,0.00,22312.42,5.85
699048,pac,48.500,186.250,992.35,992.09,4.34,1.09,27.86,37.33,0.00,0.00,3.17
699054,atl,60.750,-37.500,972.45,971.78,20.76,5.79,55.65,55.65,0.00,29559.56,8.64
699054,atl,59.000,-79.000,996.80,996.67,8.14,1.56,29.19,34.32,0.00,0.00,3.63
699054,atl,57.000,-20.250,991.27,990.75,7.28,1.98,40.05,43.26,0.00,0.00,6.43
699054,atl,53.250,-19.750,991.56,990.15,9.52,2.69,48.22,48.22,0.00,0.00,6.43
699054,pac,56.750,208.500,969.73,969.32,16.17,3.75,45.34,52.59,0.00,40500.30,9.22
699054,pac,47.750,189.000,992.10,991.89,4.95,1.26,32.53,41.88,0.00,0.00,3.27
699060,atl,60.250,-22.500,986.63,986.21,11.58,3.05,49.31,58.18,0.00,6620.51,9.18
699060,atl,60.000,-78.750,994.64,994.41,9.42,1.87,27.51,37.79,0.00,0.00,4.08
699060,atl,59.750,-38.500,976.16,975.44,17.94,5.09,53.18,53.18,0.00,6108.70,9.56
699060,pac,58.000,208.750,976.12,975.57,13.94,3.67,45.03,48.91,0.00,0.00,9.48
699060,pac,57.250,198.750,978.99,978.79,6.56,1.29,38.41,45.28,0.00,0.00,3.97
699060,pac,47.000,192.500,991.66,991.55,4.95,0.96,33.54,45.81,0.00,0.00,4.92
699060,pac,45.750,198.500,987.31,986.39,12.03,3.54,52.23,52.23,0.00,8687.79,5.63
699066,atl,63.000,-28.000,982.57,981.52,15.11,3.87,52.75,52.75,0.00,15447.70,10.97
699066,atl,61.000,-78.000,993.03,992.82,10.29,2.08,33.21,40.37,0.00,0.00,5.32
699066,atl,59.250,-37.500,977.80,977.15,15.58,4.43,48.24,48.24,0.00,0.00,8.08
699066,pac,63.500,234.000,1000.43,999.84,6.95,1.66,31.97,34.20,0.00,0.00,8.29
699066,pac,59.000,208.250,983.77,983.27,9.87,2.78,44.39,44.39,0.00,0.00,10.60
699066,pac,57.500,197.500,982.27,982.10,6.26,1.33,32.12,39.19,0.00,0.00,3.43
699066,pac,48.250,200.000,979.65,977.71,16.07,4.98,52.20,52.20,0.00,4093.38,10.23
699072,atl,64.750,-53.500,992.77,992.59,7.00,2.01,36.13,42.29,0.00,0.00,9.38
699072,atl,64.000,-35.000,978.48,977.15,19.56,5.57,68.85,68.85,6717.22,91755.71,16.26
699072,atl,62.000,-77.750,992.34,992.13,11.49,2.41,40.12,43.85,0.00,0.00,4.94
699072,atl,59.250,-36.500,979.00,978.48,14.60,4.08,43.60,43.60,0.00,0.00,7.91
699072,atl,57.750,-14.500,1004.46,1004.33,4.11,1.17,37.17,37.17,0.00,0.00,3.85
699072,pac,62.250,236.250,1001.97,1001.22,5.77,1.43,36.01,36.01,0.00,0.00,8.94
699072,pac,57.000,195.500,985.50,985.35,5.40,1.24,31.02,33.84,0.00,0.00,4.44
699072,pac,49.750,201.250,975.77,974.31,18.74,6.01,56.07,56.07,0.00,23250.00,13.50
699078,atl,64.250,-54.000,990.44,990.27,5.53,1.63,37.18,47.43,0.00,0.00,13.50
699078,atl,63.250,-40.500,981.38,980.03,13.59,4.19,52.83,54.75,0.00,10217.82,15.19
699078,atl,62.500,-78.000,991.19,990.94,12.07,2.70,36.58,40.43,0.00,0.00,5.00
699078,atl,60.000,-35.750,981.55,981.14,13.99,3.53,39.66,49.97,0.00,0.00,9.57
699078,atl,43.250,-69.250,1002.70,1002.35,6.22,1.69,25.79,28.75,0.00,0.00,2.93
699078,pac,64.250,209.000,998.72,998.14,4.83,1.71,36.75,39.43,0.00,0.00,12.35
699078,pac,57.250,194.250,986.01,985.82,5.11,1.21,25.14,41.57,0.00,0.00,6.71
699078,pac,54.750,194.750,986.12,985.86,4.35,0.96,30.37,43.44,0.00,0.00,6.93
699078,pac,52.000,202.750,976.64,975.92,16.71,4.85,54.64,54.64,0.00,7242.16,8.17
699078,pac,49.500,212.000,990.75,989.63,12.76,3.94,62.12,62.12,0.00,89388.18,7.73
699078,pac,47.000,160.250,975.51,975.09,22.83,5.81,60.61,60.61,0.00,258928.68,10.22
699084,atl,64.000,-54.000,989.19,988.98,7.20,1.47,46.69,51.50,0.00,5344.21,8.50
699084,atl,64.000,-48.750,988.89,988.35,7.78,1.95,51.50,51.50,0.00,5344.21,7.78
699084,atl,62.250,-78.000,991.97,991.76,11.21,2.69,38.55,39.05,0.00,0.00,5.07
699084,atl,61.500,-36.500,988.55,988.08,11.57,2.96,37.62,47.30,0.00,0.00,6.69
699084,atl,60.250,-41.500,988.94,988.39,8.77,1.88,34.08,51.50,0.00,2359.18,6.69
699084,atl,45.000,-64.750,1002.48,1001.96,6.43,1.65,27.68,27.68,0.00,0.00,3.96
699084,pac,54.000,202.750,976.37,975.71,15.09,3.86,44.25,59.61,0.00,5406.14,7.94
699084,pac,53.750,212.000,989.08,988.15,11.03,3.04,61.27,61.27,0.00,69633.44,7.35
699084,pac,47.250,164.500,973.21,972.68,23.72,5.99,60.34,61.58,0.00,227347.87,10.68
699090,atl,68.000,-57.500,988.85,988.75,10.35,2.17,42.80,48.82,0.00,0.00,11.68
699090,atl,67.000,-53.500,988.89,988.72,10.92,2.30,48.82,48.82,0.00,0.00,11.68
699090,atl,62.000,-71.000,993.79,993.60,5.55,0.94,28.67,37.67,0.00,0.00,5.33
699090,atl,62.000,-39.500,992.20,991.75,9.49,2.83,35.02,46.42,0.00,0.00,6.65
699090,atl,54.000,-12.750,1003.33,1002.93,7.65,2.22,35.52,35.52,0.00,0.00,3.68
699090,atl,46.000,-60.500,1001.22,1000.58,6.30,1.79,32.01,32.01,0.00,0.00,3.13
699090,pac,55.500,202.500,976.22,975.42,13.81,3.36,46.47,60.39,0.00,3157.98,9.20
699090,pac,47.250,169.500,971.75,971.48,21.00,4.68,59.67,61.99,0.00,257288.07,9.24
699096,atl,69.000,-61.000,989.01,988.66,10.81,2.66,38.34,45.01,0.00,0.00,13.02
699096,atl,61.750,-68.750,995.83,995.67,4.57,0.80,26.82,31.52,0.00,0.00,4.81
699096,atl,61.750,-40.500,996.79,996.32,7.63,2.43,30.71,39.26,0.00,0.00,6.49
699096,atl,56.000,-13.500,1001.84,1001.15,9.47,2.74,36.70,36.70,0.00,0.00,5.43
699096,atl,46.750,-57.000,1002.12,1001.60,5.82,1.48,29.80,33.23,0.00,0.00,3.40
699096,pac,56.750,202.500,976.51,976.15,11.79,2.76,41.36,56.75,0.00,5432.56,11.75
699096,pac,47.250,175.500,969.72,969.36,19.70,4.16,58.71,60.93,0.00,206397.53,9.07
699102,atl,67.000,-51.750,996.92,996.60,5.93,1.52,40.68,41.71,0.00,0.00,11.64
699102,atl,61.750,-40.250,1001.03,1000.62,5.32,1.84,23.28,37.03,0.00,0.00,5.64
699102,atl,60.000,-54.500,996.58,996.31,5.11,1.43,29.94,29.94,0.00,0.00,3.73
699102,atl,57.750,-15.000,998.89,997.91,11.76,3.38,37.87,37.87,0.00,0.00,6.76
699102,atl,47.750,-50.750,1000.45,1000.08,6.84,1.80,29.06,32.93,0.00,0.00,2.93
699102,atl,40.750,-78.750,1003.81,1002.76,5.31,1.35,25.89,26.65,0.00,0.00,4.87
699102,pac,58.500,201.250,976.69,976.41,9.20,1.92,35.86,36.31,0.00,0.00,8.61
699102,pac,58.500,201.500,976.69,976.41,9.29,1.99,35.86,36.31,0.00,0.00,8.61
699102,pac,52.000,219.500,1000.78,1000.17,6.16,1.77,41.26,44.20,0.00,0.00,5.02
699102,pac,47.500,181.500,967.19,966.75,18.21,3.74,58.07,59.69,0.00,103009.32,8.29
699108,atl,67.750,-50.750,1001.90,1001.63,5.36,1.65,41.29,41.29,0.00,0.00,9.93
699108,atl,60.500,-54.000,997.56,997.28,6.96,1.87,32.18,32.18,0.00,0.00,6.06
699108,atl,58.750,-16.250,994.91,993.99,15.55,4.58,46.44,46.44,0.00,0.00,9.50
699108,atl,47.750,-45.750,1000.24,999.95,6.92,1.52,33.12,35.20,0.00,0.00,3.21
699108,atl,42.000,-78.250,1004.39,1003.93,4.97,1.17,25.12,27.53,0.00,0.00,3.41
699108,pac,63.750,208.500,983.99,983.55,7.79,2.00,34.12,35.80,0.00,0.00,11.73
699108,pac,59.000,193.250,976.68,976.37,6.31,1.12,27.63,35.63,0.00,0.00,3.28
699108,pac,55.500,222.000,1001.33,1000.53,5.29,1.65,45.59,45.59,0.00,0.00,11.33
699108,pac,48.500,186.750,964.98,964.65,17.16,3.72,51.08,55.26,0.00,24367.12,7.46
699114,atl,60.500,-54.000,1001.39,1001.20,6.00,1.56,31.97,31.97,0.00,0.00,4.12
699114,atl,60.000,-18.000,992.51,992.02,16.65,4.84,47.54,47.54,0.00,0.00,7.96
699114,atl,50.000,-6.000,1004.66,1004.27,6.37,2.03,28.30,28.30,0.00,0.00,3.80
699114,atl,49.500,-38.000,996.58,996.04,7.31,1.76,34.48,40.09,0.00,0.00,3.77
699114,atl,46.250,-39.500,996.71,995.87,8.86,2.04,40.09,40.09,0.00,0.00,3.77
699114,atl,41.500,-75.000,1001.14,999.90,8.67,2.45,46.95,46.95,0.00,0.00,5.81
699114,pac,59.250,192.000,976.53,976.31,5.43,0.93,25.32,29.70,0.00,0.00,3.67
699114,pac,50.500,193.250,964.80,964.28,14.46,2.95,47.99,55.14,0.00,8633.81,6.61
699120,atl,61.250,-20.500,990.01,989.51,17.42,5.07,46.07,46.07,0.00,0.00,8.53
699120,atl,52.000,-5.250,1002.16,1001.65,7.67,2.13,36.58,36.58,0.00,0.00,4.39
699120,atl,50.500,-35.250,991.54,990.56,10.02,2.93,33.35,35.96,0.00,0.00,5.84
699120,atl,48.000,-78.750,1001.32,1001.09,6.13,1.33,24.95,29.01,0.00,0.00,3.45
699120,atl,45.750,-34.250,993.43,992.97,10.46,2.85,43.25,44.46,0.00,0.00,6.10
699120,atl,42.750,-71.750,1002.52,1001.72,8.84,2.64,40.97,40.97,0.00,0.00,5.99
699120,pac,65.750,216.000,990.52,990.07,8.14,2.25,36.54,48.57,0.00,0.00,14.54
699120,pac,64.750,228.500,993.22,992.23,8.45,2.04,30.60,36.73,0.00,0.00,8.93
699120,pac,58.250,187.750,976.31,976.25,5.88,0.90,20.49,36.74,0.00,0.00,3.46
699120,pac,52.000,195.750,963.58,963.11,15.46,3.76,42.82,46.37,0.00,0.00,5.93
699126,atl,62.000,-23.750,988.46,987.94,16.24,4.50,52.22,52.22,0.00,1034.42,11.11
699126,atl,53.750,-36.500,989.95,989.33,10.65,2.82,43.05,45.56,0.00,0.00,7.05
699126,atl,53.500,-4.750,998.47,998.15,9.29,2.43,32.44,33.08,0.00,0.00,5.80
699126,atl,51.250,-32.250,984.75,983.48,13.14,3.90,39.84,43.05,0.00,0.00,7.05
699126,atl,50.250,-76.500,998.23,997.94,9.94,2.19,30.78,30.78,0.00,0.00,4.82
699126,atl,45.250,-29.000,989.74,988.96,11.29,3.14,47.55,47.55,0.00,0.00,6.75
699126,atl,43.750,-70.000,1004.16,1003.78,7.23,2.01,41.52,41.52,0.00,0.00,6.00
699126,pac,66.000,217.000,994.53,994.14,6.70,2.00,32.62,44.83,0.00,0.00,11.69
699126,pac,63.000,234.500,989.16,988.35,13.65,3.07,40.65,43.71,0.00,0.00,9.08
699126,pac,53.000,197.750,965.38,965.23,14.74,3.23,45.71,48.21,0.00,0.00,6.85
699132,atl,63.000,-26.750,988.22,987.76,16.82,4.54,47.15,47.15,0.00,0.00,7.68
699132,atl,54.750,-4.500,997.92,997.67,9.61,2.34,35.51,42.24,0.00,0.00,4.68
699132,atl,52.750,-74.000,997.66,997.23,11.77,2.81,39.13,39.13,0.00,0.00,5.44
699132,atl,52.750,-29.500,973.92,972.36,21.92,5.97,45.58,59.85,0.00,10127.57,9.81
699132,atl,46.750,0.000,1004.59,1004.13,5.14,1.35,44.45,44.45,0.00,0.00,10.28
699132,atl,45.250,-26.000,989.54,988.94,10.13,2.72,47.64,47.64,0.00,0.00,4.55
699132,pac,66.000,220.000,998.99,998.56,5.78,1.66,20.51,34.61,0.00,0.00,10.28
699132,pac,53.250,200.750,966.20,965.91,16.55,3.47,53.00,54.30,0.00,59786.55,6.66
699138,atl,63.750,-29.750,990.84,990.42,14.71,4.16,42.06,42.99,0.00,0.00,7.65
699138,atl,56.000,-3.000,998.11,997.84,9.33,2.17,42.04,43.33,0.00,0.00,4.35
699138,atl,55.250,-70.250,995.72,995.01,13.21,3.51,38.30,38.30,0.00,0.00,5.01
699138,atl,53.250,-30.000,968.80,967.41,25.18,6.87,62.01,67.14,12523.51,131850.86,12.82
699138,atl,48.000,1.500,1004.15,1003.70,4.75,1.38,28.97,31.35,0.00,0.00,9.10
699138,atl,45.250,-22.250,987.55,987.24,9.96,2.46,48.71,48.71,0.00,0.00,4.83
699138,pac,55.750,203.000,969.11,969.02,14.71,2.08,52.30,53.43,0.00,59648.09,8.15
699144,atl,64.000,-32.500,995.37,994.99,12.40,3.75,46.90,46.90,0.00,0.00,8.56
699144,atl,59.000,-8.000,999.86,999.63,7.08,1.90,43.38,45.18,0.00,0.00,4.25
699144,atl,57.250,-66.250,993.53,992.93,14.07,3.94,36.56,36.56,0.00,0.00,6.13
699144,atl,56.250,-2.250,999.32,999.06,7.97,1.99,43.19,49.94,0.00,0.00,4.25
699144,atl,51.750,-28.000,965.36,963.78,26.11,7.48,74.40,74.40,44451.49,341588.33,12.76
699144,pac,57.500,202.250,973.90,973.65,11.67,1.71,43.71,53.93,0.00,23443.29,10.80
699150,atl,64.000,-35.000,999.17,998.72,9.55,3.09,47.79,47.79,0.00,0.00,11.11
699150,atl,60.000,-9.250,998.86,998.54,7.90,2.20,43.67,48.29,0.00,0.00,4.24
699150,atl,58.250,-61.250,993.63,993.35,13.29,3.50,43.37,43.37,0.00,0.00,6.49
699150,atl,56.750,-2.000,1001.32,1001.08,6.07,1.60,46.41,54.75,0.00,13021.00,4.90
699150,atl,53.000,4.750,1003.70,1003.51,5.65,1.24,43.45,49.31,0.00,0.00,4.94
699150,atl,51.500,-27.000,965.22,963.83,24.26,6.60,65.58,66.04,19672.06,310272.76,10.30
699150,atl,51.250,-19.250,976.34,975.55,12.15,2.94,58.21,59.23,0.00,65816.46,6.99
699150,pac,59.000,208.000,979.30,978.89,10.88,2.62,49.49,49.49,0.00,0.00,10.01
699150,pac,58.000,201.000,978.21,977.99,9.53,1.78,42.57,49.33,0.00,0.00,7.36
699156,atl,63.750,-36.750,1003.78,1003.40,6.30,2.50,42.82,42.82,0.00,0.00,8.04
699156,atl,61.250,-11.000,999.84,999.57,8.43,2.38,41.39,49.35,0.00,0.00,4.41
699156,atl,59.000,-57.500,994.47,994.02,13.08,3.46,39.68,39.68,0.00,0.00,7.17
699156,atl,50.500,-25.250,964.69,963.58,23.89,5.72,63.24,63.24,0.00,236535.54,8.68
699156,atl,45.250,-79.750,1004.18,1004.03,4.65,1.09,21.89,22.87,0.00,0.00,3.50
699156,pac,64.500,212.500,986.97,985.96,8.65,1.99,34.59,42.05,0.00,0.00,15.67
699156,pac,62.250,205.000,985.81,985.39,5.51,0.81,18.55,45.96,0.00,0.00,9.25
699156,pac,60.500,208.750,986.70,986.47,6.71,1.31,46.41,46.41,0.00,0.00,13.38
699156,pac,58.500,201.500,984.25,984.07,7.61,1.46,41.93,45.86,0.00,0.00,5.57
699156,pac,51.000,164.250,974.75,973.73,20.54,5.54,62.99,62.99,0.00,68578.05,7.70
699162,atl,66.000,-80.000,984.53,983.98,17.53,3.85,45.65,45.65,0.00,0.00,8.00
699162,atl,62.500,-11.750,1000.52,1000.30,8.52,2.39,34.00,38.19,0.00,0.00,4.37
699162,atl,59.000,-54.750,999.15,999.00,9.79,2.59,42.69,42.69,0.00,0.00,4.57
699162,atl,50.250,-23.500,965.67,964.67,21.93,4.87,54.88,64.49,2063.31,154608.47,7.75
699162,atl,39.750,-77.250,999.60,999.03,7.12,1.90,32.86,36.57,0.00,0.00,4.81
699162,pac,64.500,212.250,989.87,989.35,7.61,1.76,51.92,56.48,0.00,1430.10,20.20
699162,pac,64.000,233.750,996.22,995.86,8.41,1.98,33.26,44.98,0.00,0.00,9.21
699162,pac,61.000,161.750,993.91,993.76,4.58,1.37,26.00,26.00,0.00,0.00,5.80
699162,pac,59.500,197.500,988.84,988.76,5.42,0.96,26.45,33.27,0.00,0.00,3.38
699162,pac,59.000,202.250,988.67,988.38,6.73,1.37,34.19,42.34,0.00,0.00,5.03
699162,pac,51.750,168.250,967.61,966.37,25.65,7.20,56.61,56.93,0.00,71437.92,11.48
699168,atl,64.000,-12.000,1002.09,1001.92,8.39,2.11,29.21,35.44,0.00,0.00,5.60
699168,atl,50.250,-23.250,971.33,970.66,17.26,3.63,41.64,61.32,0.00,118525.84,6.31
699168,atl,42.250,-76.000,993.09,992.45,10.28,2.56,39.11,45.86,0.00,0.00,8.72
699168,pac,66.000,217.750,995.57,995.07,6.01,1.53,36.84,45.52,0.00,0.00,15.30
699168,pac,64.500,212.750,994.98,994.71,4.83,1.16,45.52,47.75,0.00,0.00,17.03
699168,pac,59.500,196.750,991.69,991.61,4.87,1.03,26.03,28.69,0.00,0.00,4.10
699168,pac,51.000,172.250,969.36,968.77,24.67,6.53,67.33,67.33,11455.59,168565.94,10.18
699174,atl,65.500,-10.500,1003.13,1003.01,8.24,1.84,28.18,35.92,0.00,0.00,4.65
699174,atl,57.500,-80.000,993.98,993.86,6.83,1.80,33.82,33.82,0.00,0.00,3.48
699174,atl,49.000,-19.750,971.20,970.30,16.69,3.58,53.84,54.68,0.00,99913.32,5.90
699174,atl,45.500,-75.500,984.07,983.66,14.92,3.70,58.59,58.59,0.00,5575.18,7.10
699174,pac,59.750,196.000,993.47,993.41,4.79,1.11,23.07,23.07,0.00,0.00,3.18
699174,pac,49.750,180.000,974.95,974.54,15.70,2.95,47.09,61.71,0.00,46885.12,6.96
699174,pac,48.750,177.250,974.74,974.29,17.61,3.50,62.20,62.21,0.00,170847.00,7.01
699180,atl,66.750,-9.250,1004.84,1004.64,8.45,1.67,26.95,31.36,0.00,0.00,3.79
699180,atl,58.000,-78.000,992.63,992.47,6.11,1.54,33.93,34.24,0.00,0.00,3.64
699180,atl,49.750,-20.250,971.45,970.71,16.33,3.60,46.95,50.11,0.00,1034.17,5.03
699180,atl,48.000,-74.500,977.49,976.74,17.82,4.82,53.94,54.75,0.00,4342.73,10.88
699180,pac,59.750,195.250,995.62,995.45,4.99,1.35,22.62,22.62,0.00,0.00,3.20
699180,pac,48.750,184.000,973.83,973.27,16.82,3.62,48.66,55.31,0.00,6012.85,7.03
699180,pac,34.750,203.250,1004.96,1004.62,5.70,1.29,39.51,39.51,0.00,0.00,2.95
699186,atl,50.250,-73.250,976.22,975.90,17.14,4.52,48.07,54.29,0.00,10547.39,10.15
699186,atl,50.250,-18.750,971.74,971.27,15.82,3.37,42.92,43.69,0.00,0.00,4.80
699186,pac,60.250,195.000,998.33,998.12,5.09,1.48,21.13,21.40,0.00,0.00,3.37
699186,pac,47.500,189.000,974.25,973.80,15.32,3.29,51.77,53.20,0.00,31976.99,7.21
699186,pac,37.250,204.250,999.80,999.37,6.17,1.40,40.61,40.80,0.00,0.00,2.93
699192,atl,53.750,-71.250,979.58,979.43,14.20,2.68,40.40,42.74,0.00,0.00,9.29
699192,atl,51.250,-18.250,975.16,974.83,14.28,2.92,39.03,39.69,0.00,0.00,4.38
699192,pac,60.750,195.000,1002.36,1002.12,4.21,1.27,23.65,23.65,0.00,0.00,2.67
699192,pac,46.500,187.750,976.11,975.83,14.01,2.77,47.43,55.65,0.00,12067.05,6.29
699192,pac,44.750,193.500,975.78,975.43,11.01,2.04,58.17,58.17,0.00,51801.16,6.31
699192,pac,43.000,190.500,975.62,975.40,8.98,1.32,46.66,58.17,0.00,66537.59,6.27
699192,pac,40.500,204.250,992.21,991.98,4.93,1.35,36.27,44.33,0.00,0.00,5.88
699198,atl,55.500,-69.500,980.39,980.18,13.19,2.61,39.47,39.55,0.00,0.00,7.58
699198,atl,52.250,-18.750,976.51,976.19,13.59,2.85,38.48,41.07,0.00,0.00,3.84
699198,pac,44.750,160.500,1003.90,1003.52,6.49,1.79,31.60,32.14,0.00,0.00,3.10
699198,pac,42.500,193.250,973.13,972.85,9.59,1.33,37.27,50.57,0.00,1801.63,5.81
699204,atl,56.750,-68.250,981.51,981.30,12.96,2.60,33.60,38.52,0.00,0.00,6.30
699204,atl,53.000,-19.000,978.72,978.41,13.84,3.05,41.16,43.30,0.00,0.00,4.74
699204,atl,45.500,-79.250,992.50,992.21,10.78,2.80,37.77,37.77,0.00,0.00,5.55
699204,pac,57.750,162.500,990.14,989.98,8.24,1.83,39.26,41.76,0.00,0.00,6.59
699204,pac,44.500,163.750,1002.32,1001.96,7.57,2.06,28.93,30.25,0.00,0.00,2.72
699204,pac,42.250,194.500,970.42,970.10,10.57,1.61,35.30,48.28,0.00,0.00,5.91
699210,atl,58.250,-67.500,982.57,982.35,12.84,2.32,36.12,40.78,0.00,0.00,6.80
699210,atl,54.000,-18.500,980.81,980.52,13.44,2.96,43.05,44.09,0.00,0.00,4.43
699210,atl,45.750,-77.000,992.52,992.26,9.43,2.54,42.37,42.37,0.00,0.00,5.42
699210,atl,44.000,-19.500,991.31,991.24,4.35,0.67,36.01,39.69,0.00,0.00,3.05
699210,pac,58.500,164.000,985.52,985.05,12.39,2.92,39.28,39.94,0.00,0.00,8.41
699210,pac,44.500,165.750,1002.00,1001.70,5.84,1.72,26.42,28.75,0.00,0.00,2.51
699210,pac,42.750,197.750,970.10,969.70,8.47,1.67,33.53,47.28,0.00,0.00,4.55
699216,atl,61.000,-69.250,984.40,984.28,14.13,2.69,32.90,41.11,0.00,0.00,7.14
699216,atl,55.500,-19.250,984.12,983.90,13.23,2.81,38.00,39.19,0.00,0.00,4.16
699216,atl,44.500,-18.250,990.98,990.92,5.14,0.68,35.39,41.28,0.00,0.00,3.18
699216,atl,43.750,-70.000,991.01,990.87,7.02,1.47,32.38,47.12,0.00,0.00,4.07
699216,pac,58.750,164.250,983.70,983.06,13.20,3.18,43.68,43.68,0.00,0.00,8.71
699216,pac,50.500,201.750,973.74,973.64,13.74,2.52,47.43,58.04,0.00,49631.67,7.41
699216,pac,44.750,168.000,999.86,999.59,5.99,1.75,26.92,37.73,0.00,0.00,2.42
699216,pac,43.000,197.000,970.52,970.19,9.10,1.76,40.04,44.37,0.00,0.00,4.56
699222,atl,61.750,-70.500,986.37,986.18,12.36,2.44,35.37,40.60,0.00,0.00,7.20
699222,atl,59.500,-62.000,988.90,988.72,10.22,2.27,41.22,47.96,0.00,0.00,7.20
699222,atl,56.000,-20.500,985.93,985.81,11.37,2.32,28.89,37.93,0.00,0.00,3.80
699222,atl,46.500,-65.750,981.90,981.13,12.48,2.80,31.34,41.65,0.00,0.00,5.64
699222,atl,46.250,-15.250,986.99,986.85,8.44,1.80,41.56,41.61,0.00,0.00,3.90
699222,pac,58.750,164.000,981.84,981.08,13.00,2.94,43.86,43.86,0.00,0.00,8.34
699222,pac,51.750,199.000,971.69,971.41,14.92,3.26,51.34,51.64,0.00,5955.91,8.00
699222,pac,45.250,170.750,995.26,994.92,6.39,1.96,31.11,31.11,0.00,0.00,3.18
699222,pac,42.750,198.750,972.77,972.68,8.09,1.33,36.93,46.45,0.00,0.00,4.10
699228,atl,62.000,-70.000,988.80,988.58,10.65,2.14,35.14,40.53,0.00,0.00,7.36
699228,atl,56.750,-21.500,988.84,988.70,10.68,2.29,32.42,41.90,0.00,0.00,4.06
699228,atl,48.750,-15.000,984.66,984.23,10.58,2.54,45.12,45.12,0.00,0.00,3.94
699228,atl,48.000,-63.500,974.12,973.49,18.49,3.85,41.50,53.37,0.00,6637.67,10.42
699228,pac,58.500,163.000,983.60,982.79,11.37,2.38,50.23,50.23,0.00,386.38,8.38
699228,pac,55.750,170.250,985.34,985.28,6.93,1.14,41.02,48.84,0.00,0.00,5.11
699228,pac,51.750,197.250,971.76,971.47,11.99,2.73,47.09,47.09,0.00,0.00,5.95
699228,pac,46.000,173.250,989.17,988.66,7.88,2.31,31.90,31.90,0.00,0.00,3.20
699228,pac,40.500,164.000,998.50,997.98,5.73,1.66,47.65,47.65,0.00,0.00,3.49
699234,atl,63.750,-72.750,990.04,989.96,10.70,1.95,38.38,40.91,0.00,0.00,12.08
699234,atl,50.250,-15.250,982.00,981.25,12.48,3.12,43.68,43.68,0.00,0.00,5.62
699234,atl,48.500,-62.250,969.55,969.03,20.74,4.95,61.46,61.46,0.00,52923.44,8.61
699234,pac,55.250,172.750,981.50,981.41,8.39,1.61,34.63,41.18,0.00,0.00,4.12
699234,pac,51.500,196.250,970.66,970.24,11.10,2.74,43.57,45.53,0.00,0.00,4.78
699234,pac,47.000,177.000,982.51,982.12,9.14,2.68,39.53,39.53,0.00,0.00,3.91
699234,pac,40.000,171.000,995.64,995.13,4.26,1.20,46.74,46.74,0.00,0.00,3.26
699240,atl,65.000,-75.250,991.08,990.92,11.69,2.04,37.21,42.01,0.00,0.00,11.73
699240,atl,53.750,-16.750,980.26,979.66,13.81,2.99,40.58,45.41,0.00,0.00,7.01
699240,atl,50.000,-59.500,970.38,970.12,19.81,4.29,55.83,55.83,0.00,22166.38,7.75
699240,pac,52.000,177.500,977.11,976.86,6.95,1.61,32.28,46.91,0.00,0.00,4.94
699240,pac,51.000,197.500,971.22,970.87,9.49,2.26,39.47,39.47,0.00,0.00,4.83
699240,pac,48.250,180.500,975.28,974.66,10.94,3.24,48.09,48.09,0.00,0.00,4.94
699246,atl,65.750,-80.000,990.08,989.84,14.10,3.00,47.71,47.71,0.00,0.00,6.85
699246,atl,54.750,-18.000,978.21,977.33,16.02,3.46,42.33,47.93,0.00,0.00,5.74
699246,atl,52.250,-56.500,971.27,970.96,18.19,3.54,42.95,48.31,0.00,0.00,6.19
699246,pac,56.250,192.750,970.34,970.17,8.43,1.85,38.21,47.41,0.00,0.00,4.07
699246,pac,54.500,200.500,972.60,972.50,6.26,0.83,28.43,38.99,0.00,0.00,4.42
699246,pac,49.750,183.750,965.99,964.38,14.88,4.63,50.13,50.13,0.00,1019.04,7.56
699252,atl,55.000,-18.500,977.77,977.08,17.45,3.99,41.63,42.21,0.00,0.00,5.70
699252,atl,53.500,-55.250,973.79,973.26,17.63,3.67,45.04,57.10,0.00,9970.61,6.52
699252,atl,43.500,-76.750,1001.67,1001.02,7.63,2.00,35.80,38.62,0.00,0.00,6.41
699252,pac,56.750,189.500,969.11,968.84,8.40,1.99,48.15,48.68,0.00,0.00,4.64
699252,pac,50.750,185.750,955.97,954.68,21.54,6.74,57.33,57.33,0.00,30608.62,11.86
699258,atl,55.500,-18.750,979.33,978.80,17.09,4.10,37.85,43.45,0.00,0.00,5.43
699258,atl,54.750,-53.750,978.11,977.69,16.02,3.41,50.22,57.49,0.00,72290.40,5.51
699258,atl,43.000,-69.750,1000.09,999.52,8.06,2.16,40.30,43.27,0.00,0.00,5.78
699258,pac,65.750,228.250,992.28,991.09,6.82,1.66,28.40,33.18,0.00,0.00,9.11
699258,pac,64.000,209.250,983.32,982.65,4.86,1.39,39.68,45.48,0.00,0.00,11.93
699258,pac,52.250,187.750,953.86,952.80,21.58,6.05,54.26,54.26,0.00,48168.62,8.88
699264,atl,61.750,-0.500,998.66,998.46,8.34,2.00,40.75,46.55,0.00,0.00,5.11
699264,atl,56.000,-54.750,982.75,982.39,15.67,3.43,51.69,66.81,3221.53,65973.12,5.68
699264,atl,55.500,-19.500,981.49,980.89,16.17,3.97,36.09,47.96,0.00,0.00,5.27
699264,atl,44.750,-64.500,999.50,998.94,8.42,2.35,50.77,50.77,0.00,1107.07,4.26
699264,pac,53.250,187.500,954.06,953.03,21.70,5.24,54.89,60.64,0.00,34357.68,7.64
699270,atl,62.500,1.500,997.15,996.74,7.92,1.95,36.91,40.99,0.00,0.00,4.91
699270,atl,56.750,-57.250,982.97,982.68,17.06,3.84,59.99,70.90,10800.97,75618.26,6.27
699270,atl,54.750,-19.000,981.64,981.22,14.89,3.55,38.62,39.63,0.00,0.00,4.45
699270,atl,47.000,-58.750,996.68,996.04,9.26,2.62,56.44,56.44,0.00,21947.81,4.84
699270,atl,44.500,0.750,1002.79,1002.08,5.78,1.72,41.49,41.49,0.00,0.00,10.70
699270,pac,53.500,187.000,955.27,954.55,21.62,4.86,43.33,59.08,0.00,60631.59,6.34
699276,atl,57.250,-60.000,983.79,983.60,17.06,4.00,47.61,59.18,0.00,37740.28,6.60
699276,atl,54.250,-17.750,980.73,980.36,14.88,3.40,36.18,40.06,0.00,0.00,4.18
699276,atl,49.500,-52.750,994.91,993.94,10.73,3.21,52.76,52.76,0.00,5267.62,5.99
699276,pac,61.750,240.000,1000.36,999.91,5.59,1.27,33.04,38.23,0.00,0.00,10.54
699276,pac,53.250,187.000,958.26,957.58,20.10,4.23,45.50,58.55,0.00,53389.16,6.23
699282,atl,57.250,-60.750,988.29,988.00,13.77,3.11,36.56,52.69,0.00,2324.10,5.73
699282,atl,54.000,-16.250,980.13,979.78,13.87,3.04,35.08,38.62,0.00,0.00,4.20
699282,atl,52.250,-47.250,991.19,989.64,13.63,4.38,47.34,50.00,0.00,0.00,8.82
699282,atl,38.000,-73.250,1003.05,1002.57,8.31,2.66,40.06,41.06,0.00,0.00,6.50
699282,pac,55.750,161.750,997.81,997.58,6.15,1.50,35.12,41.32,0.00,0.00,7.43
699282,pac,52.750,188.000,961.21,960.79,18.87,3.83,44.38,56.08,0.00,84516.95,6.04
699288,atl,58.750,-67.250,996.67,996.40,10.95,2.56,33.73,42.17,0.00,0.00,7.18
699288,atl,57.500,2.000,994.26,993.93,6.24,1.69,31.85,31.85,0.00,0.00,7.10
699288,atl,57.250,-60.500,995.36,994.92,10.83,2.57,31.37,49.30,0.00,0.00,5.33
699288,atl,54.250,-14.500,981.28,981.00,12.69,2.73,34.96,37.75,0.00,0.00,3.89
699288,atl,53.750,-42.500,987.79,986.86,18.46,5.76,58.47,58.47,0.00,44431.82,11.07
699288,atl,46.500,-13.750,993.70,993.12,7.10,2.07,39.52,41.98,0.00,0.00,3.39
699288,atl,40.250,-68.750,1001.26,1000.57,9.94,2.84,53.58,53.58,0.00,8310.58,6.59
699288,pac,55.250,164.500,995.99,995.56,8.87,2.48,36.91,37.42,0.00,0.00,8.76
699288,pac,52.500,190.250,966.22,965.80,16.91,3.25,46.08,52.13,0.00,10628.42,5.58
699294,atl,59.750,3.750,992.55,992.19,7.54,2.02,31.50,34.44,0.00,0.00,5.84
699294,atl,58.500,-68.500,997.88,997.51,10.63,2.64,31.94,38.87,0.00,0.00,6.54
699294,atl,57.750,-61.000,999.31,998.83,9.33,2.23,41.56,44.49,0.00,0.00,3.97
699294,atl,55.250,-12.500,981.55,981.31,11.12,2.42,36.03,36.03,0.00,0.00,4.70
699294,atl,53.750,-35.750,987.52,987.10,15.63,4.08,66.67,66.67,7173.56,111619.92,7.94
699294,atl,46.000,-12.000,996.31,996.07,5.07,1.40,35.82,40.92,0.00,0.00,3.88
699294,atl,43.500,-64.000,999.25,998.72,10.63,2.83,45.16,46.73,0.00,0.00,4.38
699294,pac,64.000,208.750,998.91,998.42,4.71,1.61,43.02,44.77,0.00,0.00,13.30
699294,pac,55.500,166.250,995.25,994.57,9.03,2.54,36.64,36.64,0.00,0.00,7.52
699294,pac,52.750,193.250,970.61,970.31,15.77,2.97,44.96,47.34,0.00,0.00,5.19
699300,atl,63.250,9.750,993.23,992.93,10.69,2.42,29.91,32.38,0.00,0.00,9.53
699300,atl,59.250,-26.500,984.65,984.30,14.15,3.96,64.18,64.18,380.53,118885.99,9.39
699300,atl,58.500,-69.750,999.07,998.62,10.20,2.55,33.30,36.62,0.00,0.00,6.19
699300,atl,58.500,-62.500,1002.14,1001.83,8.33,1.77,37.77,39.39,0.00,0.00,6.19
699300,atl,56.750,-11.500,981.25,981.01,11.18,2.52,37.54,38.77,0.00,0.00,4.25
699300,atl,53.000,-25.000,982.27,981.48,11.42,2.54,53.51,68.11,14262.35,82632.80,7.14
699300,atl,47.000,-59.750,998.99,998.24,11.71,3.10,42.03,42.03,0.00,0.00,4.60
699300,pac,58.500,212.500,998.03,997.55,4.77,2.00,42.06,42.06,0.00,0.00,11.12
699300,pac,55.500,167.500,997.62,996.90,7.42,1.99,36.13,36.13,0.00,0.00,7.99
699300,pac,53.750,195.500,974.62,974.36,14.52,2.82,41.19,46.80,0.00,0.00,5.72
699306,atl,58.500,-70.500,999.00,998.59,9.22,2.19,34.70,35.83,0.00,0.00,6.77
699306,atl,57.750,-12.500,981.35,981.09,10.33,2.24,35.23,46.80,0.00,0.00,4.53
699306,atl,57.000,-28.500,986.01,985.10,13.45,3.80,62.60,62.60,0.00,92742.92,9.14
699306,atl,52.750,-21.000,978.51,977.94,11.51,2.69,46.23,61.38,0.00,59907.19,5.53
699306,atl,49.500,-55.750,998.72,998.20,11.47,3.00,37.88,39.57,0.00,0.00,4.78
699306,pac,55.500,168.000,997.68,997.13,6.93,1.91,34.90,34.90,0.00,0.00,8.25
699306,pac,54.750,197.250,977.80,977.46,13.16,2.44,39.80,48.19,0.00,0.00,4.73
699312,atl,59.000,-63.250,1002.16,1001.87,6.87,1.18,25.48,37.43,0.00,0.00,6.42
699312,atl,58.750,-69.500,999.27,998.97,8.63,2.03,30.39,35.47,0.00,0.00,6.50
699312,atl,58.000,-14.000,984.44,984.21,8.48,1.88,42.74,47.66,0.00,0.00,4.83
699312,atl,52.250,-52.500,998.78,998.12,11.87,3.44,41.26,41.82,0.00,0.00,5.02
699312,atl,52.250,-15.750,976.85,976.41,11.48,2.24,38.04,61.19,0.00,42764.23,6.96
699312,pac,63.750,208.500,994.54,993.87,6.12,1.51,26.80,33.21,0.00,0.00,11.36
699312,pac,62.000,219.250,999.53,998.75,5.28,1.62,33.36,33.36,0.00,0.00,10.27
699312,pac,58.750,182.500,988.28,987.90,9.02,2.16,40.89,45.94,0.00,0.00,5.37
699312,pac,56.000,198.750,981.67,981.37,11.22,2.14,35.96,40.59,0.00,0.00,5.34
699312,pac,55.250,168.250,997.03,996.59,7.44,2.05,32.33,32.33,0.00,0.00,7.23
699318,atl,59.000,-69.250,999.01,998.72,7.45,1.74,30.10,32.22,0.00,0.00,5.84
699318,atl,58.750,-62.500,1000.43,1000.16,6.75,1.31,24.73,42.20,0.00,0.00,4.87
699318,atl,54.750,-50.250,996.61,995.94,13.12,3.91,39.62,42.84,0.00,0.00,5.96
699318,atl,52.250,-16.500,973.67,973.27,13.86,3.14,58.68,62.06,0.00,75445.05,6.84
699318,atl,33.500,6.250,1004.68,1004.45,4.16,1.31,19.55,28.98,0.00,0.00,5.64
699318,pac,64.500,210.000,995.39,994.95,6.28,1.54,34.62,34.62,0.00,0.00,12.11
699318,pac,62.500,219.500,999.57,999.09,4.58,1.64,31.69,31.69,0.00,0.00,14.34
699318,pac,57.750,183.000,991.41,991.03,7.00,1.58,34.29,39.18,0.00,0.00,3.30
699318,pac,57.250,199.000,984.74,984.61,9.88,1.85,31.00,36.87,0.00,0.00,5.05
699318,pac,55.500,169.250,995.29,994.89,7.59,2.09,30.62,35.83,0.00,0.00,4.19
699318,pac,50.250,172.500,1001.18,1000.68,5.42,1.59,44.51,44.51,0.00,0.00,3.87
699324,atl,59.500,-68.250,998.56,998.32,7.21,1.56,27.05,38.39,0.00,0.00,6.05
699324,atl,59.250,-61.750,999.71,999.57,6.80,1.10,33.89,41.36,0.00,0.00,5.23
699324,atl,57.000,-49.000,997.36,996.78,12.64,3.66,49.30,49.30,0.00,0.00,11.46
699324,atl,49.500,-16.250,976.15,975.79,12.93,2.70,58.68,58.68,0.00,122855.68,6.87
699324,pac,66.000,216.750,998.92,998.62,5.83,1.26,30.73,30.73,0.00,0.00,11.50
699324,pac,65.250,231.500,1001.32,1000.19,6.83,1.82,25.05,28.94,0.00,0.00,6.94
699324,pac,58.000,182.750,994.57,994.38,5.37,1.17,32.71,38.84,0.00,0.00,3.25
699324,pac,57.750,200.000,989.47,989.30,8.22,1.58,30.72,39.94,0.00,0.00,5.90
699324,pac,55.250,169.000,993.27,992.96,9.50,2.53,33.53,39.18,0.00,0.00,5.20
699324,pac,52.250,176.750,995.78,995.14,7.59,2.34,44.17,44.46,0.00,0.00,4.50
699330,atl,61.000,-59.750,998.75,998.69,7.23,1.50,45.27,47.42,0.00,0.00,5.46
699330,atl,59.750,-67.250,998.47,998.29,6.48,1.35,34.14,37.91,0.00,0.00,5.50
699330,atl,58.750,-49.500,998.13,997.47,11.08,2.96,60.57,60.57,0.00,38211.09,21.31
699330,atl,56.500,7.750,998.17,997.87,4.37,1.50,27.27,27.27,0.00,0.00,3.49
699330,atl,48.000,-13.750,974.92,974.52,13.39,3.04,52.15,55.95,0.00,59471.18,5.14
699330,pac,66.000,216.250,999.98,999.69,4.35,0.88,28.04,28.04,0.00,0.00,10.32
699330,pac,64.500,233.500,1000.57,999.73,6.83,1.82,29.11,33.74,0.00,0.00,6.62
699330,pac,58.000,200.750,993.24,992.98,6.74,1.45,34.40,39.26,0.00,0.00,6.14
699330,pac,57.750,176.750,992.88,992.61,7.35,1.32,39.19,50.86,0.00,778.60,6.70
699330,pac,54.500,170.250,992.69,992.42,9.17,2.18,37.63,42.37,0.00,0.00,5.12
699330,pac,54.000,179.750,989.28,988.38,10.87,3.38,41.92,42.57,0.00,0.00,5.88
699336,atl,62.750,0.250,1000.90,1000.82,4.98,1.25,30.36,30.75,0.00,0.00,6.19
699336,atl,61.750,-60.250,997.44,997.24,7.71,1.63,41.76,55.83,0.00,2239.02,5.45
699336,atl,61.000,-53.750,997.01,996.33,10.66,2.31,57.23,57.23,0.00,17260.58,21.14
699336,atl,57.250,7.750,997.96,997.41,4.66,1.65,27.06,27.06,0.00,0.00,4.85
699336,atl,51.500,-39.250,1003.20,1003.00,7.59,2.01,31.52,33.27,0.00,0.00,3.68
699336,atl,47.500,-12.750,975.11,974.72,13.98,3.09,43.30,54.05,0.00,7652.25,4.85
699336,pac,64.000,234.250,1000.62,1000.08,5.82,1.62,24.82,31.21,0.00,0.00,6.21
699336,pac,58.000,207.250,998.37,998.08,5.41,1.01,32.58,35.57,0.00,0.00,5.88
699336,pac,57.000,173.250,991.54,991.36,9.68,2.03,44.56,46.64,0.00,0.00,9.41
699336,pac,55.500,181.750,985.28,983.89,13.88,4.30,47.13,47.13,0.00,0.00,10.01
699342,atl,63.000,1.750,1000.65,1000.53,4.80,1.30,29.73,29.73,0.00,0.00,4.30
699342,atl,62.250,-56.000,995.82,995.15,10.71,2.94,43.12,43.12,0.00,0.00,6.63
699342,atl,61.750,-65.000,997.84,997.53,6.52,1.48,34.84,40.34,0.00,0.00,5.90
699342,atl,58.750,-42.000,1003.09,1002.41,6.35,2.15,50.90,50.90,0.00,1580.45,16.29
699342,atl,52.750,-37.250,999.23,998.94,9.15,2.52,38.81,38.81,0.00,0.00,4.54
699342,atl,46.000,-13.250,976.48,976.20,14.08,3.00,50.17,53.39,0.00,37446.46,5.30
699342,atl,45.000,-76.500,996.97,996.46,7.27,1.71,36.46,36.46,0.00,0.00,4.37
699342,pac,61.250,236.750,1001.93,1001.73,4.18,1.05,20.34,26.10,0.00,0.00,6.79
699342,pac,58.500,210.250,1000.77,1000.70,4.74,1.04,29.65,34.90,0.00,0.00,6.23
699342,pac,56.500,183.500,982.19,981.18,15.35,4.59,50.70,50.70,0.00,2171.80,8.13
699342,pac,55.000,172.000,991.40,991.15,10.38,2.21,48.28,48.28,0.00,0.00,5.57
699342,pac,43.000,179.750,999.99,999.15,11.36,3.08,58.16,58.16,0.00,31702.96,4.94
699348,atl,63.500,4.250,1001.31,1001.07,4.23,1.12,30.83,30.83,0.00,0.00,3.87
699348,atl,63.000,-58.500,995.79,995.23,10.28,3.35,33.80,33.80,0.00,0.00,5.27
699348,atl,61.250,-68.750,999.21,999.06,5.14,1.29,29.45,32.81,0.00,0.00,4.82
699348,atl,58.750,-42.000,1000.08,999.63,8.16,2.67,48.94,48.94,0.00,0.00,9.89
699348,atl,53.750,-34.500,994.66,994.23,11.88,3.34,41.68,41.68,0.00,0.00,4.88
699348,atl,46.750,-74.750,995.92,995.24,9.39,2.41,27.59,37.55,0.00,0.00,4.30
699348,atl,44.500,-11.750,980.81,980.57,12.16,2.42,47.55,51.10,0.00,2825.83,7.67
699348,atl,43.500,2.250,992.51,991.85,6.14,1.92,47.21,47.21,0.00,0.00,12.18
699348,atl,31.000,-4.750,1003.53,1002.85,4.40,1.65,37.44,39.42,0.00,0.00,9.37
699348,pac,57.250,183.750,980.68,979.96,16.02,4.55,45.31,45.31,0.00,0.00,6.29
699348,pac,52.750,173.250,991.58,991.12,11.10,2.57,52.62,52.62,0.00,16992.17,6.43
699348,pac,44.750,186.000,988.00,986.94,18.06,5.03,60.76,61.17,0.00,74944.48,7.60
699354,atl,67.500,-36.500,1004.34,1002.68,6.16,2.84,28.32,28.32,0.00,0.00,14.60
699354,atl,63.250,-60.750,997.08,996.56,9.07,3.18,38.82,38.82,0.00,0.00,6.60
699354,atl,58.750,-40.000,997.98,997.84,9.26,2.80,49.43,50.57,0.00,440.48,9.24
699354,atl,54.500,-32.000,990.61,989.91,13.39,4.02,52.25,52.25,0.00,7204.49,5.95
699354,atl,47.500,-72.750,995.72,995.05,8.61,2.18,35.53,35.53,0.00,0.00,3.92
699354,atl,43.250,-10.500,983.89,983.53,10.30,2.31,44.11,46.39,0.00,0.00,6.94
699354,atl,31.250,-4.500,999.06,998.08,6.32,2.41,32.76,43.51,0.00,0.00,16.39
699354,pac,66.000,203.000,1003.38,1003.21,4.21,1.16,22.91,37.83,0.00,0.00,6.45
699354,pac,59.000,215.750,1004.93,1004.82,4.00,1.07,26.13,30.09,0.00,0.00,6.12
699354,pac,57.250,183.000,979.73,979.08,15.65,4.30,42.32,43.89,0.00,0.00,5.44
699354,pac,47.250,190.250,973.57,971.55,25.09,7.29,65.49,65.49,4757.98,151407.53,11.46
699360,atl,67.750,-36.500,1003.93,1002.69,6.44,2.79,29.98,29.98,0.00,0.00,16.32
699360,atl,63.250,-62.250,999.56,999.08,7.53,2.71,39.64,39.64,0.00,0.00,8.01
699360,atl,58.000,-35.750,996.27,996.01,9.11,1.82,53.37,56.38,0.00,32265.72,8.80
699360,atl,54.750,-29.750,988.44,987.38,13.69,4.30,56.65,56.65,0.00,68401.22,7.18
699360,atl,51.000,3.500,991.85,991.60,5.21,1.56,30.29,30.29,0.00,0.00,3.76
699360,atl,49.750,-65.250,995.36,995.10,8.87,1.83,37.34,43.58,0.00,0.00,6.43
699360,atl,42.750,-9.750,987.49,987.15,8.40,2.01,39.22,41.56,0.00,0.00,6.65
699360,atl,31.250,-4.250,1001.31,1000.78,4.86,1.92,37.86,37.86,0.00,0.00,10.61
699360,pac,56.500,182.250,981.23,980.75,13.21,3.63,46.19,46.69,0.00,0.00,5.57
699360,pac,51.750,238.250,1003.59,1003.14,4.09,1.56,20.28,26.49,0.00,0.00,8.12
699360,pac,49.750,193.000,959.36,957.88,32.10,9.12,72.32,72.32,33199.82,370209.10,13.52
699366,atl,67.750,-36.000,1003.49,1002.72,6.87,2.49,26.56,26.61,0.00,0.00,13.46
699366,atl,63.250,-63.250,1001.80,1001.33,5.86,2.13,32.29,32.29,0.00,0.00,6.81
699366,atl,54.500,-27.250,987.76,987.30,11.98,3.58,57.95,57.95,0.00,150273.60,7.12
699366,atl,53.000,3.750,988.99,988.42,7.82,2.17,33.97,33.97,0.00,0.00,3.79
699366,atl,51.250,-60.500,991.23,990.89,12.14,2.74,41.46,41.46,0.00,0.00,4.88
699366,atl,42.250,-9.250,990.51,990.22,5.85,1.31,36.87,37.40,0.00,0.00,5.16
699366,pac,55.000,182.750,982.88,982.60,8.93,2.27,45.59,50.82,0.00,943.54,5.67
699366,pac,51.000,195.000,952.80,950.74,33.58,9.29,76.35,76.35,77180.40,369993.97,14.74
699372,atl,67.750,-36.250,1004.56,1003.71,8.00,2.72,19.65,25.19,0.00,0.00,12.85
699372,atl,56.500,3.250,989.86,989.72,7.42,1.81,35.67,35.67,0.00,0.00,6.14
699372,atl,54.000,-25.000,989.90,989.37,9.58,2.43,52.22,52.22,0.00,53374.99,5.32
699372,atl,53.500,-56.750,987.42,986.94,15.41,3.75,41.47,45.51,0.00,0.00,5.35
699372,atl,43.250,1.750,993.47,993.03,4.73,1.42,33.85,53.05,0.00,1653.52,10.06
699372,atl,37.250,8.000,999.78,999.13,4.42,1.52,40.85,40.85,0.00,0.00,5.82
699372,pac,52.250,194.750,953.64,952.26,29.49,7.84,64.05,64.05,494.14,298830.46,9.37
699378,atl,57.750,3.000,990.19,989.90,7.94,2.03,34.92,34.92,0.00,0.00,7.92
699378,atl,55.000,-55.750,983.40,982.59,16.87,4.58,45.44,46.59,0.00,0.00,7.06
699378,atl,53.250,-23.000,991.30,990.88,8.95,1.99,50.96,54.59,0.00,61147.58,4.58
699378,atl,46.250,-13.750,990.73,990.69,4.12,0.49,39.12,49.80,0.00,0.00,4.41
699378,atl,43.500,2.000,993.32,992.97,4.42,1.01,30.68,42.17,0.00,0.00,7.13
699378,atl,43.000,-58.000,998.95,998.62,5.68,1.37,45.83,47.60,0.00,0.00,3.66
699378,pac,52.500,194.500,954.90,953.80,27.05,6.85,58.24,60.15,0.00,225159.74,8.79
699384,atl,58.250,3.000,992.71,992.41,7.06,1.91,26.13,35.32,0.00,0.00,4.64
699384,atl,55.000,-55.000,982.73,982.25,14.12,3.51,45.35,46.44,0.00,0.00,5.87
699384,atl,47.250,-52.500,991.04,990.67,7.43,1.66,45.18,49.16,0.00,0.00,4.03
699384,atl,40.750,-10.750,987.46,986.79,10.94,2.81,53.49,53.49,0.00,34775.11,5.09
699384,pac,52.750,194.000,958.64,957.53,24.39,5.95,52.55,62.48,0.00,107155.98,6.86
699390,atl,58.500,3.000,995.40,995.02,6.20,1.92,29.33,33.83,0.00,0.00,4.38
699390,atl,55.000,-54.000,978.60,978.26,12.57,2.64,41.78,47.31,0.00,0.00,5.58
699390,atl,51.000,-49.000,980.18,979.90,10.49,2.35,48.14,48.14,0.00,0.00,5.08
699390,atl,41.000,-9.250,984.81,983.93,11.36,2.84,48.25,48.25,0.00,0.00,5.43
699390,pac,52.500,194.250,961.06,960.22,22.40,5.30,51.35,59.10,0.00,91995.06,6.38
699390,pac,51.250,165.500,1002.86,1002.19,6.96,2.00,35.10,35.10,0.00,0.00,4.10
699396,atl,58.500,2.750,999.15,998.86,4.53,1.50,30.11,30.11,0.00,0.00,3.56
699396,atl,55.250,-46.250,968.55,968.16,17.60,3.55,48.59,60.63,0.00,44943.81,7.46
699396,atl,54.750,-53.000,972.14,971.71,14.01,2.73,42.44,50.83,0.00,796.01,6.33
699396,atl,41.500,-8.750,988.44,988.12,9.39,1.99,42.35,44.31,0.00,0.00,5.27
699396,pac,52.500,194.250,964.11,963.39,20.02,4.65,44.65,56.76,0.00,65969.36,5.56
699396,pac,36.000,181.000,1004.47,1003.66,8.94,2.59,48.20,48.68,0.00,0.00,5.78
699402,atl,58.250,2.750,1000.46,1000.25,4.22,1.32,30.05,30.05,0.00,0.00,4.16
699402,atl,58.000,-47.750,955.10,953.68,27.99,6.54,82.48,93.98,75963.23,263320.27,35.89
699402,atl,43.750,-3.750,993.32,992.88,5.57,1.33,26.03,35.95,0.00,0.00,8.42
699402,atl,43.500,1.000,995.09,994.60,5.53,1.38,41.19,46.75,0.00,0.00,8.42
699402,atl,41.750,-8.750,993.53,993.10,7.15,1.57,32.78,37.96,0.00,0.00,4.25
699402,pac,52.750,194.500,965.99,965.43,18.52,4.28,41.11,54.46,0.00,27519.13,5.23
699402,pac,35.500,183.250,1002.01,1000.39,9.31,2.83,54.90,54.90,0.00,5667.90,5.52
699408,atl,58.000,-48.000,951.82,949.91,30.02,8.13,64.10,88.43,27080.55,271816.45,17.71
699408,atl,44.000,-3.500,996.99,996.68,5.53,1.47,25.56,30.61,0.00,0.00,10.03
699408,pac,52.750,194.750,969.31,968.78,16.83,3.87,44.50,49.53,0.00,0.00,4.84
699408,pac,50.250,222.750,1002.45,1002.08,6.45,1.82,42.57,42.57,0.00,0.00,3.72
699408,pac,36.500,189.750,1001.56,1000.64,8.99,2.63,51.45,51.45,0.00,1240.38,5.70
699414,atl,58.750,-46.250,956.23,954.69,26.71,7.37,59.30,74.44,9223.49,243510.31,16.61
699414,atl,44.500,-3.250,999.52,999.24,5.72,1.66,26.62,28.02,0.00,0.00,7.28
699414,atl,38.250,-9.000,1003.01,1002.91,4.41,1.02,29.64,29.64,0.00,0.00,3.64
699414,pac,53.750,183.250,980.97,980.69,9.39,2.02,48.17,48.17,0.00,0.00,4.60
699414,pac,53.250,195.250,972.37,971.86,15.08,3.40,41.56,43.66,0.00,0.00,4.58
699414,pac,53.250,222.000,1000.96,1000.42,7.26,1.93,41.02,43.79,0.00,0.00,4.59
699414,pac,37.000,193.750,1001.64,1001.01,8.77,2.57,47.75,47.75,0.00,0.00,5.50
699420,atl,59.500,-45.500,963.38,961.58,21.66,6.01,53.56,59.53,0.00,37217.02,15.17
699420,atl,44.750,-3.250,1004.40,1004.09,5.30,1.52,28.12,28.70,0.00,0.00,5.77
699420,pac,55.250,221.250,999.30,998.64,8.69,2.30,41.37,41.37,0.00,0.00,10.51
699420,pac,54.000,195.750,975.61,975.16,13.45,3.06,42.13,42.13,0.00,0.00,4.41
699420,pac,51.750,180.750,979.85,979.22,12.82,3.17,43.90,47.20,0.00,0.00,5.02
699420,pac,38.250,198.250,1002.58,1001.96,8.01,2.27,46.58,47.29,0.00,0.00,4.04
699420,pac,32.000,162.000,1004.06,1003.05,7.14,2.11,44.40,44.40,0.00,0.00,5.44
699426,atl,61.750,-51.000,975.06,975.01,12.07,1.99,50.67,53.45,0.00,49359.56,12.26
699426,atl,60.750,-45.500,974.46,973.90,12.22,2.82,47.34,56.45,0.00,14888.39,12.26
699426,pac,57.000,219.750,998.43,997.57,8.78,2.66,39.67,39.67,0.00,0.00,12.54
699426,pac,55.000,195.750,978.10,977.77,11.85,2.48,39.55,42.60,0.00,0.00,4.33
699426,pac,49.500,180.250,982.70,982.27,12.19,2.92,45.08,47.75,0.00,0.00,4.88
699426,pac,31.500,165.750,1001.19,1000.23,6.84,1.96,49.94,49.94,0.00,0.00,5.36
699432,atl,62.000,-51.750,979.87,979.74,11.53,2.20,46.70,47.86,0.00,0.00,10.28
699432,atl,61.000,-41.250,982.51,981.88,9.90,2.75,47.23,60.58,0.00,16582.32,10.28
699432,pac,58.250,218.500,1001.31,1000.67,4.88,1.79,42.49,42.49,0.00,0.00,10.87
699432,pac,55.250,194.000,981.12,980.97,9.59,1.79,38.41,38.41,0.00,0.00,3.94
699432,pac,41.500,207.500,1003.86,1003.09,8.84,2.60,39.75,39.75,0.00,0.00,4.14
699432,pac,32.500,172.000,998.30,997.54,7.07,2.03,53.08,53.08,0.00,2621.37,4.87
699438,atl,66.750,-20.250,991.86,991.71,8.90,2.04,50.80,50.80,0.00,4012.09,9.96
699438,atl,65.000,-13.000,991.01,990.67,11.17,2.68,39.65,39.97,0.00,0.00,6.20
699438,atl,61.250,-40.500,985.03,984.00,9.93,3.21,56.03,56.03,0.00,15534.78,9.14
699438,atl,60.750,-52.000,984.56,984.36,10.31,1.87,40.51,40.64,0.00,0.00,9.17
699438,atl,49.000,-44.750,1002.29,1001.50,7.66,2.07,47.26,47.26,0.00,0.00,4.14
699438,atl,48.250,-49.250,1002.32,1001.91,7.09,1.76,40.88,47.26,0.00,0.00,3.87
699438,pac,55.500,193.500,982.86,982.69,9.40,1.92,32.42,32.42,0.00,0.00,3.47
699438,pac,43.250,211.500,1004.98,1004.04,8.69,2.54,45.00,45.00,0.00,0.00,4.09
699438,pac,34.250,177.750,995.22,994.24,9.63,2.70,59.53,59.53,0.00,9678.70,6.67
699444,atl,68.000,-52.250,991.12,991.02,7.81,2.41,36.85,36.85,0.00,0.00,10.08
699444,atl,67.000,-11.500,988.52,988.08,12.86,3.08,42.89,45.83,0.00,0.00,5.85
699444,atl,65.750,-25.000,991.75,991.47,5.93,1.33,44.95,46.36,0.00,0.00,9.65
699444,atl,64.000,-32.000,991.79,991.59,6.72,1.58,40.55,52.70,0.00,3921.99,6.38
699444,atl,61.250,-39.750,989.08,988.23,9.04,3.22,52.70,52.70,0.00,4650.55,7.70
699444,atl,59.750,-51.750,989.68,989.55,8.73,1.93,36.73,37.22,0.00,0.00,6.44
699444,atl,51.000,-42.750,993.98,993.28,13.48,3.37,51.43,51.43,0.00,1986.90,6.76
699444,pac,64.000,213.750,1001.30,1000.55,7.57,2.18,29.60,29.60,0.00,0.00,9.67
699444,pac,62.000,219.250,1002.83,1001.94,6.85,1.55,26.55,26.55,0.00,0.00,9.67
699444,pac,55.250,192.750,986.23,986.08,8.65,1.85,32.39,32.39,0.00,0.00,3.33
699444,pac,49.250,213.750,1000.94,1000.76,4.66,1.13,43.43,43.61,0.00,0.00,5.70
699444,pac,45.250,216.500,1000.24,999.42,11.28,3.08,51.99,51.99,0.00,2190.48,6.39
699444,pac,35.750,181.250,995.25,994.44,10.02,2.34,56.00,56.00,0.00,31700.39,4.35
699450,atl,68.250,-12.500,986.16,985.60,13.01,3.35,42.71,42.71,0.00,0.00,6.57
699450,atl,61.500,-38.750,990.64,990.13,7.53,3.01,47.89,47.89,0.00,0.00,7.15
699450,atl,59.000,-50.500,990.96,990.78,7.96,1.97,35.15,35.15,0.00,0.00,5.06
699450,atl,52.500,-40.250,988.81,988.31,14.24,3.14,42.64,50.52,0.00,506.98,8.86
699450,pac,64.250,213.500,1003.32,1002.51,6.02,1.96,27.87,32.26,0.00,0.00,11.06
699450,pac,54.250,192.750,990.52,990.38,7.41,1.58,32.47,32.47,0.00,0.00,3.71
699450,pac,51.250,217.250,993.06,992.33,11.12,3.17,45.05,45.05,0.00,0.00,7.03
699450,pac,47.250,221.250,994.97,993.40,14.40,4.27,56.66,56.66,0.00,12344.00,8.55
699450,pac,37.500,186.250,999.02,998.23,8.45,2.20,53.63,53.63,0.00,6113.55,4.82
699456,atl,68.750,-13.750,985.89,985.36,13.02,3.70,39.13,39.32,0.00,0.00,7.71
699456,atl,61.000,-38.250,989.89,989.60,5.84,2.25,42.87,42.87,0.00,0.00,7.84
699456,atl,58.250,-49.250,992.76,992.54,6.12,1.69,34.48,41.09,0.00,0.00,3.97
699456,atl,55.000,-37.000,980.06,979.76,17.77,4.35,52.72,53.15,0.00,31333.55,9.47
699456,pac,64.000,214.750,1004.68,1003.98,4.21,1.43,22.20,31.94,0.00,0.00,9.51
699456,pac,55.000,203.000,994.60,994.49,4.61,1.15,22.67,30.75,0.00,0.00,2.85
699456,pac,50.500,223.750,983.92,982.58,20.11,5.56,69.22,69.22,3489.97,87826.82,11.92
699456,pac,38.000,187.750,1003.67,1003.40,6.66,1.55,54.86,57.85,0.00,6582.65,3.35
699462,atl,69.000,-11.750,986.12,985.90,12.72,3.51,38.79,38.79,0.00,0.00,5.12
699462,atl,59.500,-50.750,994.46,994.39,4.08,1.04,30.24,40.74,0.00,0.00,4.39
699462,atl,59.250,-79.250,996.18,995.96,11.40,2.88,48.89,48.89,0.00,0.00,5.84
699462,atl,58.500,-33.250,971.11,970.51,22.02,5.35,54.57,54.69,0.00,32052.19,9.62
699462,atl,58.500,8.000,1003.95,1003.72,6.80,1.87,37.08,38.19,0.00,0.00,4.37
699462,pac,52.500,222.250,975.28,973.90,24.08,6.88,65.51,65.51,940.86,97728.78,9.13
699468,atl,60.250,-30.500,966.49,965.97,24.22,5.31,67.99,67.99,11042.28,161094.26,10.71
699468,atl,59.750,-52.000,994.98,994.89,4.41,1.09,24.23,29.45,0.00,0.00,5.38
699468,atl,58.250,-76.750,1000.36,1000.19,8.96,2.39,47.54,47.54,0.00,0.00,4.88
699468,pac,56.000,214.500,989.06,988.60,7.18,1.94,42.19,54.64,0.00,8280.21,6.38
699468,pac,52.750,222.750,973.83,972.41,21.25,6.05,62.85,62.85,0.00,139498.80,10.02
699468,pac,43.500,217.000,1001.42,1000.83,7.03,2.08,49.66,49.66,0.00,0.00,4.04
699474,atl,61.750,-25.500,966.53,966.20,22.31,4.39,66.68,66.68,5827.82,202811.53,9.25
699474,atl,59.750,-52.000,995.10,994.99,4.55,1.06,22.84,25.00,0.00,0.00,7.60
699474,pac,60.750,173.250,1000.28,999.80,5.78,1.78,29.99,31.70,0.00,0.00,3.50
699474,pac,53.000,223.750,971.30,970.07,21.90,6.32,61.40,61.40,0.00,78649.28,9.21
699474,pac,42.750,224.500,998.26,997.49,8.24,2.52,52.42,52.42,0.00,16052.55,4.58
699480,atl,62.500,-23.250,968.18,967.76,21.34,4.63,57.95,61.93,0.00,130866.67,7.35
699480,atl,59.500,-52.250,996.50,996.36,4.77,1.05,25.15,28.80,0.00,0.00,5.93
699480,pac,62.000,160.500,997.80,997.45,7.73,2.49,38.36,45.29,0.00,0.00,12.59
699480,pac,61.500,175.500,998.44,997.91,7.36,2.27,33.06,33.06,0.00,0.00,5.50
699480,pac,53.000,223.000,971.72,970.55,20.80,6.17,54.91,54.91,0.00,38317.56,7.74
699480,pac,42.500,231.000,993.44,992.28,9.83,2.88,49.76,49.76,0.00,0.00,5.16
699480,pac,31.750,176.750,1002.89,1002.28,8.36,1.68,49.90,50.95,0.00,5151.44,5.72
699486,atl,62.750,-20.500,970.83,970.54,19.93,4.20,46.32,59.23,0.00,122230.62,6.82
699486,atl,59.000,-51.000,996.75,996.60,5.10,1.05,24.67,37.19,0.00,0.00,4.08
699486,pac,62.500,164.000,998.79,998.32,7.40,2.27,30.85,39.82,0.00,0.00,13.28
699486,pac,62.250,178.000,997.50,997.03,7.93,2.35,33.64,33.64,0.00,0.00,4.22
699486,pac,52.500,223.250,971.84,970.82,20.83,6.14,53.06,53.06,0.00,18411.80,7.69
699486,pac,46.750,235.250,990.62,990.32,4.08,0.82,29.19,57.37,0.00,1706.95,6.74
699486,pac,43.750,236.500,989.63,988.72,8.96,2.69,57.37,57.37,0.00,6305.66,9.68
699486,pac,31.250,175.750,1002.94,1002.31,8.91,2.34,55.81,55.81,0.00,36685.99,4.14
699492,atl,63.250,-14.500,977.63,977.47,16.03,3.10,51.88,55.03,0.00,90827.93,8.48
699492,atl,59.000,-48.750,998.57,998.42,4.88,1.01,25.72,28.17,0.00,0.00,5.47
699492,pac,63.500,181.250,995.82,995.46,9.63,2.82,39.21,39.21,0.00,0.00,5.06
699492,pac,62.500,164.750,1002.23,1001.81,6.67,2.08,35.57,38.62,0.00,0.00,13.42
699492,pac,51.250,223.500,975.28,974.50,19.62,5.73,51.07,54.03,0.00,21065.07,7.37
699498,atl,68.750,8.250,983.13,982.57,8.09,2.24,41.64,41.64,0.00,0.00,5.76
699498,atl,64.500,-7.500,980.36,980.20,13.92,2.60,55.09,55.09,0.00,65362.79,12.48
699498,atl,58.250,-48.750,1001.02,1000.94,5.39,1.14,31.82,32.28,0.00,0.00,5.79
699498,pac,64.250,183.000,993.90,993.70,10.45,3.05,36.63,36.63,0.00,0.00,5.79
699498,pac,62.750,167.500,1004.02,1003.82,5.16,1.50,28.11,36.68,0.00,0.00,8.51
699498,pac,59.500,216.000,1000.85,1000.68,6.16,1.51,25.28,36.25,0.00,0.00,13.02
699498,pac,49.250,224.500,980.75,980.00,18.04,5.21,54.82,55.19,0.00,114698.53,7.23
699504,atl,68.250,1.250,983.07,982.90,7.82,1.45,39.71,41.49,0.00,0.00,4.92
699504,atl,65.500,0.500,982.90,982.75,11.23,1.74,43.12,51.30,0.00,1427.28,6.85
699504,atl,63.250,-17.500,1000.31,1000.10,4.29,1.62,42.06,43.31,0.00,0.00,8.49
699504,atl,57.500,-33.000,1004.48,1003.59,4.97,1.57,37.70,37.70,0.00,0.00,3.74
699504,atl,57.000,-48.000,1004.65,1004.55,5.05,1.03,32.56,36.05,0.00,0.00,4.64
699504,pac,65.250,186.500,994.80,994.67,9.33,2.52,37.81,37.81,0.00,0.00,5.02
699504,pac,59.500,216.250,1001.17,1000.99,6.40,1.70,29.22,35.23,0.00,0.00,8.62
699504,pac,51.750,240.000,992.21,991.83,5.90,1.95,25.73,29.63,0.00,0.00,7.63
699504,pac,47.000,226.750,986.25,985.52,15.08,4.32,60.93,60.93,0.00,163926.41,6.30
699510,atl,67.750,-35.750,1003.68,1003.08,6.19,2.53,29.88,38.08,0.00,0.00,20.21
699510,atl,66.250,7.500,983.12,982.90,9.81,2.04,51.45,51.45,0.00,2086.65,6.60
699510,atl,59.250,-31.000,1003.05,1002.30,6.41,2.06,35.53,35.53,0.00,0.00,3.68
699510,atl,53.500,-77.750,1000.85,1000.78,5.84,0.89,24.63,32.61,0.00,0.00,4.75
699510,atl,53.000,-34.750,1003.00,1002.48,7.32,1.92,38.82,41.15,0.00,0.00,3.65
699510,pac,59.250,216.750,1001.10,1000.92,6.41,1.67,29.10,36.00,0.00,0.00,8.47
699510,pac,58.250,221.000,1001.32,1001.19,4.91,1.14,24.83,29.21,0.00,0.00,8.47
699510,pac,44.750,230.000,989.12,988.44,14.49,4.06,59.68,59.68,0.00,116398.98,5.86
699516,atl,67.750,-35.750,1003.69,1002.81,8.03,3.24,32.14,39.13,0.00,0.00,23.52
699516,atl,60.500,-31.500,1000.74,1000.04,8.95,2.43,30.87,42.12,0.00,0.00,4.74
699516,atl,55.750,-75.000,1002.71,1002.60,5.57,1.12,21.73,22.54,0.00,0.00,3.05
699516,atl,55.250,-32.250,999.63,999.18,8.93,2.45,44.48,44.48,0.00,0.00,4.89
699516,pac,58.750,217.500,1000.67,1000.47,6.18,1.60,27.80,31.14,0.00,0.00,8.86
699516,pac,58.250,219.750,1000.66,1000.47,5.78,1.41,27.72,28.64,0.00,0.00,8.86
699516,pac,43.750,202.250,1004.33,1003.66,13.11,3.43,38.36,40.05,0.00,0.00,5.18
699516,pac,43.250,233.250,990.84,990.21,13.79,4.13,55.81,55.81,0.00,31294.88,6.14
699522,atl,67.750,-36.250,1002.93,1001.46,8.62,3.53,33.14,38.96,0.00,0.00,17.40
699522,atl,60.750,-33.250,995.16,994.57,12.23,2.77,46.55,48.10,0.00,0.00,5.78
699522,atl,59.500,-30.000,995.07,994.48,12.95,2.96,48.10,48.10,0.00,0.00,5.78
699522,atl,56.000,-70.000,1004.17,1004.03,4.95,1.01,17.58,22.71,0.00,0.00,3.60
699522,atl,50.500,-30.500,1001.62,1001.49,6.85,1.86,47.25,47.25,0.00,0.00,4.71
699522,atl,44.250,-33.250,1001.61,1001.36,8.19,1.49,42.24,49.53,0.00,0.00,5.65
699522,pac,58.500,198.000,1000.95,1000.71,4.24,1.17,28.53,34.45,0.00,0.00,2.93
699522,pac,58.500,218.500,1000.37,1000.17,5.17,1.44,23.64,23.64,0.00,0.00,8.37
699522,pac,44.250,205.500,997.21,996.50,15.24,3.89,46.63,46.63,0.00,0.00,7.40
699522,pac,43.250,236.000,995.79,995.18,10.74,3.20,49.64,49.64,0.00,0.00,6.78
699528,atl,62.500,-32.250,986.39,985.65,19.65,5.40,46.26,46.26,0.00,0.00,9.51
699528,atl,50.250,-29.250,993.43,992.95,12.41,2.87,56.41,66.73,1041.66,22471.05,8.35
699528,atl,47.750,-28.000,993.19,991.70,13.67,2.85,66.73,66.73,1041.66,50634.34,8.35
699528,pac,58.750,199.750,998.50,998.25,5.91,1.58,28.28,35.17,0.00,0.00,4.96
699528,pac,58.500,217.500,999.52,999.37,4.01,1.28,23.65,23.65,0.00,0.00,7.41
699528,pac,51.000,160.750,965.74,965.06,24.24,5.79,59.02,59.30,0.00,260531.77,9.26
699528,pac,45.250,210.750,988.13,987.27,17.48,4.30,65.08,65.08,1665.30,85453.39,9.53
699528,pac,44.000,240.000,999.04,998.35,7.33,2.25,38.19,41.18,0.00,0.00,6.65
699534,atl,63.000,-33.750,980.69,979.32,21.68,6.63,57.20,57.20,0.00,22435.60,15.11
699534,atl,52.500,-27.500,984.20,983.46,18.26,4.49,60.48,63.05,0.00,116118.99,8.18
699534,pac,58.500,201.500,998.53,998.32,5.66,1.43,29.53,35.65,0.00,0.00,6.19
699534,pac,52.250,165.750,971.34,970.84,21.03,4.62,59.75,59.75,0.00,175385.92,7.66
699534,pac,46.000,214.750,978.78,977.88,20.43,4.91,66.97,69.86,30816.10,172492.36,10.01
699540,atl,64.250,-32.250,984.66,984.12,17.90,5.19,57.94,57.94,0.00,27699.10,12.18
699540,atl,62.500,-45.250,995.40,994.87,5.62,2.35,29.23,47.87,0.00,0.00,9.51
699540,atl,54.250,-79.250,992.91,992.62,9.54,1.86,32.25,35.79,0.00,0.00,3.71
699540,atl,54.000,-27.000,977.07,976.36,23.05,5.84,57.16,57.80,0.00,213502.43,8.37
699540,pac,53.000,171.000,977.32,976.72,18.43,3.98,57.20,57.20,0.00,115302.72,6.51
699540,pac,46.750,217.000,967.27,966.70,24.49,5.42,68.07,70.31,54656.09,281900.27,12.21
699546,atl,65.500,-32.250,987.72,987.28,13.94,3.92,58.18,58.18,0.00,29856.95,14.77
699546,atl,62.750,-45.000,993.03,992.80,6.30,2.39,29.50,35.41,0.00,0.00,6.85
699546,atl,55.000,-74.250,994.53,994.19,9.11,1.94,30.81,35.93,0.00,0.00,4.73
699546,atl,55.000,-26.750,975.05,974.10,23.42,6.47,55.26,55.89,0.00,156166.07,11.31
699546,pac,53.250,176.000,983.22,982.75,15.26,3.31,52.09,52.09,0.00,47958.64,5.43
699546,pac,47.000,220.500,960.39,958.84,26.64,4.79,74.98,74.98,106608.75,449770.42,10.94
699552,atl,62.500,-44.750,991.95,991.04,5.29,2.06,22.34,45.97,0.00,0.00,8.10
699552,atl,56.750,-25.500,978.69,978.21,18.96,5.37,67.65,67.65,9127.49,201371.99,10.09
699552,atl,54.250,-63.250,995.43,995.17,7.41,1.58,24.23,31.73,0.00,0.00,4.67
699552,pac,53.000,181.250,992.06,991.86,10.34,2.00,47.99,48.29,0.00,0.00,4.44
699552,pac,48.000,221.000,956.48,955.58,24.98,4.97,75.90,75.90,171385.93,442718.95,9.52
699558,atl,63.750,-29.500,977.91,977.76,15.82,3.04,55.62,60.81,0.00,24781.70,9.72
699558,atl,53.750,-53.750,992.55,992.35,8.38,1.80,31.43,37.86,0.00,0.00,4.57
699558,pac,52.000,194.250,992.27,992.01,7.98,1.79,31.69,40.07,0.00,0.00,3.18
699558,pac,49.000,222.750,952.89,952.14,25.78,5.45,71.73,72.44,125263.05,470132.56,9.13
699564,atl,65.500,-32.250,973.90,973.27,19.97,4.86,62.95,63.96,0.00,53701.56,22.57
699564,atl,53.250,-46.750,987.94,987.59,11.77,2.79,42.65,44.29,0.00,0.00,4.84
699564,pac,56.000,162.750,990.65,990.26,7.64,1.67,39.21,47.20,0.00,0.00,7.73
699564,pac,51.000,222.750,953.38,952.87,24.06,4.82,61.97,66.28,19467.23,428445.86,8.71
699564,pac,49.250,201.250,989.51,989.15,7.04,1.88,37.14,43.83,0.00,0.00,3.28
699570,atl,65.750,-32.250,973.14,972.28,18.54,4.44,58.20,59.49,0.00,28552.83,23.30
699570,atl,65.500,-39.500,980.51,980.16,9.59,2.76,51.91,56.34,0.00,8921.39,16.02
699570,atl,61.500,-43.250,982.52,981.96,9.43,2.80,41.62,47.49,0.00,0.00,16.02
699570,atl,53.500,-40.750,981.21,980.42,14.57,3.68,46.05,52.58,0.00,5463.93,7.32
699570,pac,58.000,165.000,988.49,988.23,10.50,1.96,46.41,49.37,0.00,0.00,7.83
699570,pac,52.750,221.250,954.01,953.67,23.47,4.55,64.86,65.30,3980.87,311194.88,8.02
699570,pac,47.250,206.000,986.82,986.50,5.44,1.52,37.08,44.70,0.00,0.00,3.77
699576,atl,66.500,-31.750,976.39,975.60,16.35,4.19,53.01,55.70,0.00,10830.94,23.34
699576,atl,60.500,-40.250,978.21,978.06,12.01,2.43,60.43,60.57,0.00,99839.40,16.92
699576,atl,54.000,-34.000,974.47,973.56,17.88,4.26,54.53,54.53,0.00,46323.74,7.50
699576,pac,59.250,166.750,988.25,988.06,11.42,2.48,39.68,44.31,0.00,0.00,8.75
699576,pac,54.250,218.750,956.73,956.25,20.92,4.24,58.84,61.18,0.00,154685.88,8.38
699576,pac,46.250,209.250,986.28,986.05,4.81,1.35,32.13,40.21,0.00,0.00,3.30
699582,atl,66.750,-32.250,982.47,981.33,10.16,2.70,48.49,48.49,0.00,0.00,21.95
699582,atl,60.250,-39.500,974.90,974.68,13.80,2.67,66.95,68.10,31418.44,209847.27,16.71
699582,atl,56.250,-29.500,964.55,963.77,22.76,5.52,61.20,61.47,0.00,165164.46,9.12
699582,pac,59.750,168.250,988.71,988.41,11.40,2.42,32.71,41.80,0.00,0.00,9.29
699582,pac,55.500,217.000,958.91,958.49,21.18,4.39,57.12,60.79,0.00,81775.89,15.94
699582,pac,45.750,212.750,986.38,986.19,5.10,1.32,40.69,40.69,0.00,0.00,3.58
699588,atl,59.000,-29.500,953.95,953.10,29.23,7.12,62.88,64.68,2146.63,308376.68,10.25
699588,pac,59.750,169.500,989.60,989.32,10.90,2.45,36.84,42.26,0.00,0.00,7.61
699588,pac,56.250,214.750,963.14,962.86,20.15,4.34,52.01,55.97,0.00,17012.84,9.12
699588,pac,46.000,215.750,984.65,984.40,6.51,1.69,42.62,42.62,0.00,0.00,3.93
699594,atl,60.000,-31.500,947.58,946.88,32.78,7.73,59.00,63.73,0.00,280487.83,10.69
699594,pac,64.250,233.000,1000.32,999.32,5.70,1.46,29.75,31.88,0.00,0.00,8.27
699594,pac,59.750,172.500,987.90,987.55,11.26,2.51,38.27,38.27,0.00,0.00,7.85
699594,pac,56.750,213.000,966.37,965.89,20.61,5.03,51.88,51.88,0.00,16943.79,13.08
699594,pac,47.750,218.500,982.81,982.46,7.95,2.16,49.61,49.61,0.00,0.00,4.44
699600,atl,60.500,-32.000,950.17,949.48,30.94,7.42,63.39,63.39,0.00,374568.98,9.18
699600,atl,48.750,-77.250,998.39,997.72,8.28,2.10,27.47,37.26,0.00,0.00,6.14
699600,atl,33.250,-65.500,1003.19,1002.69,7.78,2.10,32.16,34.47,0.00,0.00,3.27
699600,pac,63.750,233.750,1000.67,999.99,5.09,1.33,28.72,31.21,0.00,0.00,8.09
699600,pac,62.500,221.750,994.01,993.00,4.75,1.96,34.20,52.40,0.00,1159.15,10.45
699600,pac,60.500,160.000,998.04,997.55,6.87,1.78,34.24,37.72,0.00,0.00,15.90
699600,pac,60.000,173.750,986.99,986.66,11.49,2.69,38.12,38.12,0.00,0.00,6.81
699600,pac,56.750,212.000,971.07,970.24,18.77,5.10,53.68,53.68,0.00,7407.00,12.10
699600,pac,34.500,223.500,994.08,993.39,5.60,1.60,45.10,45.10,0.00,0.00,3.18
699606,atl,60.250,-31.500,952.28,951.60,28.29,7.38,64.56,64.56,3642.52,394936.98,9.23
699606,atl,50.500,-74.750,997.10,996.29,9.56,2.24,23.77,39.17,0.00,0.00,5.93
699606,atl,34.500,-65.750,999.82,999.43,8.84,2.44,35.05,35.05,0.00,0.00,5.08
699606,pac,64.250,233.750,1001.44,1000.73,4.46,1.33,25.36,25.36,0.00,0.00,9.91
699606,pac,60.000,175.750,985.50,985.22,11.97,2.79,39.86,39.86,0.00,0.00,7.40
699606,pac,56.750,212.500,974.37,973.83,15.97,4.16,44.76,56.99,0.00,10173.39,8.67
699606,pac,38.000,226.250,990.82,990.48,6.85,1.48,45.87,54.04,0.00,1186.11,5.05
699612,atl,60.500,-29.500,957.03,956.29,26.21,6.80,63.15,63.15,0.00,201366.78,8.73
699612,atl,53.250,-10.250,994.93,994.26,7.19,2.14,44.22,47.61,0.00,0.00,5.34
699612,atl,51.750,-72.000,996.17,995.35,9.66,2.19,27.86,36.84,0.00,0.00,7.38
699612,atl,38.250,-64.500,995.06,993.83,11.78,3.34,44.57,44.57,0.00,0.00,7.71
699612,pac,59.250,176.750,985.25,985.00,12.27,2.75,41.22,41.22,0.00,0.00,8.27
699612,pac,57.500,213.000,978.47,978.10,12.55,2.95,34.22,56.33,0.00,26322.14,10.41
699612,pac,49.750,218.500,986.27,986.07,5.63,1.28,36.84,43.49,0.00,0.00,3.72
699612,pac,43.750,192.250,1001.89,1001.66,4.61,1.11,32.36,35.31,0.00,0.00,2.76
699612,pac,43.000,225.500,986.15,986.00,6.04,1.19,38.67,47.17,0.00,0.00,3.56
699612,pac,41.000,228.750,985.93,985.29,9.06,1.88,48.91,53.69,0.00,2218.84,5.75
699618,atl,61.750,-30.500,961.22,960.49,25.86,6.75,55.53,55.53,0.00,34503.35,8.54
699618,atl,56.750,-10.250,994.98,994.63,5.46,1.79,49.63,49.63,0.00,0.00,5.38
699618,atl,51.750,-8.500,995.77,995.53,7.52,2.08,48.25,48.25,0.00,0.00,4.89
699618,atl,49.500,-70.750,993.70,993.26,7.46,1.29,29.12,31.56,0.00,0.00,8.41
699618,atl,44.000,-70.750,994.49,993.26,4.66,1.62,31.36,31.93,0.00,0.00,12.25
699618,atl,41.750,-63.750,989.37,987.93,13.26,3.97,43.28,45.91,0.00,0.00,8.63
699618,pac,58.750,213.000,980.05,979.78,10.86,2.70,45.98,56.43,0.00,10068.08,12.12
699618,pac,58.250,179.000,986.06,985.81,10.63,2.45,44.06,45.01,0.00,0.00,7.78
699618,pac,45.500,225.750,981.26,980.89,9.35,1.89,43.14,50.92,0.00,519.58,4.79
699618,pac,45.000,230.000,981.79,981.53,11.59,2.20,53.61,53.88,0.00,50465.92,5.81
699618,pac,44.250,196.250,996.78,996.42,6.75,1.80,32.94,37.55,0.00,0.00,3.51
699624,atl,62.250,-30.500,968.97,968.33,22.88,5.77,44.59,48.19,0.00,0.00,6.52
699624,atl,55.250,-9.000,993.92,993.44,7.15,2.04,49.09,49.09,0.00,0.00,5.38
699624,atl,51.000,-70.500,989.10,988.74,12.79,2.74,30.95,39.69,0.00,0.00,9.30
699624,atl,43.750,-61.250,985.21,984.83,16.05,4.57,51.04,51.04,0.00,2853.27,7.93
699624,pac,60.250,212.500,983.15,982.58,7.74,1.90,35.58,45.51,0.00,0.00,10.44
699624,pac,57.000,182.000,988.93,988.58,8.19,2.10,45.05,45.05,0.00,0.00,4.50
699624,pac,48.250,228.000,975.17,974.57,14.08,3.03,46.97,49.65,0.00,0.00,11.67
699624,pac,46.500,225.000,975.37,974.59,13.17,2.73,46.46,48.40,0.00,0.00,6.11
699624,pac,45.000,200.750,990.13,989.40,9.86,2.78,43.43,44.33,0.00,0.00,4.61
699630,atl,63.000,-31.000,973.43,972.83,21.02,5.19,53.02,54.07,0.00,5573.30,10.86
699630,atl,57.500,-10.500,993.22,992.85,6.85,1.77,48.33,48.57,0.00,0.00,6.72
699630,atl,51.500,-70.000,985.55,984.74,15.68,3.53,45.64,48.30,0.00,0.00,8.73
699630,atl,48.000,-59.750,982.11,981.54,14.65,3.95,49.18,50.03,0.00,539.23,8.94
699630,pac,65.750,229.750,991.17,989.53,7.60,1.96,33.26,33.26,0.00,0.00,17.28
699630,pac,61.250,212.250,986.25,985.32,4.51,1.14,28.57,29.15,0.00,0.00,9.20
699630,pac,56.000,185.250,990.83,990.47,6.84,1.85,43.97,43.97,0.00,0.00,4.23
699630,pac,54.500,163.500,999.99,999.82,5.04,1.34,24.22,30.15,0.00,0.00,8.02
699630,pac,52.500,203.250,984.03,983.76,6.24,1.41,26.76,37.08,0.00,0.00,3.18
699630,pac,49.000,226.000,972.11,971.61,15.64,3.69,51.42,54.26,0.00,11810.01,6.50
699630,pac,45.750,205.000,984.90,983.92,11.60,3.54,48.30,48.30,0.00,0.00,5.64
699636,atl,63.750,-31.750,976.06,975.55,20.33,5.38,53.38,53.38,0.00,9296.12,11.94
699636,atl,59.500,-12.250,993.31,992.78,8.00,2.10,43.49,46.80,0.00,0.00,5.59
699636,atl,51.750,-68.750,987.80,986.97,14.46,3.27,50.27,50.27,0.00,902.98,7.42
699636,atl,51.000,-54.750,985.01,984.55,15.51,3.34,46.50,48.27,0.00,0.00,6.75
699636,pac,65.250,220.500,988.92,988.65,5.87,1.34,24.89,24.99,0.00,0.00,11.48
699636,pac,65.250,232.500,991.78,990.55,5.68,1.29,26.83,28.22,0.00,0.00,16.26
699636,pac,62.000,219.250,988.10,987.23,4.28,1.15,24.99,24.99,0.00,0.00,10.02
699636,pac,55.000,166.750,999.48,999.20,5.46,1.50,25.30,26.51,0.00,0.00,4.63
699636,pac,53.250,203.250,980.12,979.85,9.02,2.01,30.71,36.72,0.00,0.00,3.09
699636,pac,48.500,225.750,971.88,971.20,16.94,4.19,44.14,51.65,0.00,6628.27,6.24
699636,pac,46.500,208.500,980.33,979.05,13.20,4.26,49.49,49.49,0.00,0.00,7.28
699642,atl,64.000,-33.750,975.50,974.96,19.69,5.31,59.80,59.80,0.00,16802.44,12.25
699642,atl,62.000,-14.000,991.57,990.96,9.59,2.68,47.30,50.40,0.00,359.81,5.63
699642,atl,53.000,-50.250,987.06,986.67,14.54,3.58,49.45,49.45,0.00,0.00,7.37
699642,atl,51.500,-67.000,991.39,990.69,11.73,2.65,45.09,46.97,0.00,0.00,7.06
699642,atl,48.750,-9.750,1001.44,1001.35,4.98,0.76,34.35,43.46,0.00,0.00,2.88
699642,pac,65.250,220.750,990.02,989.71,4.88,1.38,20.56,24.13,0.00,0.00,13.61
699642,pac,65.250,227.250,990.76,989.12,4.06,1.05,24.13,24.13,0.00,0.00,17.11
699642,pac,65.250,232.500,991.75,990.20,4.41,1.10,24.13,24.13,0.00,0.00,17.11
699642,pac,55.250,168.500,998.56,998.14,5.50,1.57,26.03,26.03,0.00,0.00,4.04
699642,pac,53.000,203.750,979.28,979.06,9.82,2.16,40.54,42.76,0.00,0.00,4.35
699642,pac,48.750,228.750,974.61,974.01,18.05,4.61,53.71,53.71,0.00,33243.32,7.26
699642,pac,47.750,211.500,976.98,975.88,13.78,4.49,54.87,54.87,0.00,7941.91,8.84
699648,atl,65.000,-15.500,986.16,985.83,13.94,3.81,55.89,55.89,0.00,18358.02,9.01
699648,atl,64.000,-35.250,973.64,972.84,19.02,4.72,60.46,60.46,0.00,21864.24,15.13
699648,atl,55.250,-37.250,984.66,983.75,11.88,3.52,44.22,44.43,0.00,0.00,5.81
699648,atl,51.000,-66.000,996.07,995.31,10.09,2.10,35.75,45.55,0.00,0.00,5.18
699648,atl,48.750,-5.250,1002.43,1002.33,4.75,0.79,18.56,32.24,0.00,0.00,2.20
699648,pac,63.500,233.500,990.30,989.61,4.89,1.68,20.54,20.59,0.00,0.00,12.82
699648,pac,55.500,169.250,998.17,997.55,4.91,1.48,27.33,27.58,0.00,0.00,4.36
699648,pac,52.750,204.500,980.37,980.19,9.18,2.03,41.92,49.15,0.00,0.00,5.46
699648,pac,50.250,230.250,978.59,977.56,14.59,4.08,48.96,49.03,0.00,0.00,7.93
699648,pac,48.500,213.250,972.33,970.83,16.51,5.44,55.13,55.13,0.00,19748.92,11.49
699654,atl,68.750,-20.000,981.53,981.06,15.89,3.73,54.08,55.72,0.00,36010.74,17.58
699654,atl,63.500,-36.500,970.83,970.06,19.91,4.71,56.05,56.05,0.00,11094.59,20.15
699654,atl,57.000,-29.250,981.06,980.44,11.76,3.13,41.31,43.33,0.00,0.00,5.12
699654,atl,51.500,-66.500,999.00,998.39,10.15,2.27,43.14,45.04,0.00,0.00,4.64
699654,atl,45.250,-4.250,1002.86,1002.74,4.93,1.09,37.35,37.35,0.00,0.00,4.40
699654,atl,43.000,4.500,1004.67,1004.21,5.00,1.79,51.11,51.11,0.00,565.17,20.44
699654,pac,65.750,237.500,993.22,993.13,5.23,1.22,21.63,29.20,0.00,0.00,13.27
699654,pac,63.250,233.000,989.61,988.71,5.86,2.14,18.56,21.63,0.00,0.00,13.27
699654,pac,55.750,169.500,995.74,995.29,4.94,1.30,26.67,42.19,0.00,0.00,3.79
699654,pac,54.250,162.250,993.56,993.29,7.14,1.58,50.93,62.10,0.00,26166.50,8.29
699654,pac,52.500,206.250,982.59,982.45,6.88,1.50,42.09,48.08,0.00,0.00,4.36
699654,pac,51.750,231.000,986.27,984.98,8.19,2.71,57.00,57.00,0.00,8637.81,9.17
699654,pac,49.000,215.750,970.83,969.08,18.31,5.83,59.87,59.87,0.00,67562.32,11.85
699660,atl,62.750,-34.750,972.33,971.51,16.64,4.00,45.91,46.55,0.00,0.00,18.82
699660,atl,51.750,-68.750,1002.92,1002.45,9.65,1.91,32.96,41.77,0.00,0.00,4.42
699660,atl,44.750,-3.250,1003.70,1003.52,4.01,0.96,34.64,34.64,0.00,0.00,4.93
699660,atl,42.750,1.500,1003.44,1002.73,4.02,0.84,47.81,49.31,0.00,0.00,18.66
699660,pac,55.000,165.250,990.23,989.87,9.79,2.16,51.75,52.16,0.00,10228.66,7.98
699660,pac,50.250,217.750,968.82,967.49,19.51,5.59,52.72,54.90,0.00,73941.45,8.00
699666,atl,63.500,-21.000,975.10,974.14,14.85,3.52,55.16,55.16,0.00,73491.35,13.13
699666,atl,62.500,-29.250,975.57,974.72,10.76,2.73,47.62,48.45,0.00,0.00,7.04
699666,atl,40.250,0.750,1000.85,1000.51,6.63,1.61,38.88,50.06,0.00,621.20,7.59
699666,pac,56.000,168.500,987.28,987.18,11.64,2.34,44.18,48.96,0.00,0.00,7.70
699666,pac,51.500,219.250,970.44,969.43,18.93,5.09,49.58,51.83,0.00,32196.20,7.14
699672,atl,67.000,-22.000,970.57,969.91,20.15,4.49,57.47,61.42,0.00,73640.06,20.12
699672,atl,65.000,-38.250,984.48,984.12,10.70,3.91,68.83,68.83,6531.52,46162.54,24.53
699672,atl,41.000,2.000,995.95,995.45,11.16,2.64,48.05,51.73,0.00,4002.85,9.24
699672,pac,56.000,171.000,985.43,985.30,13.41,2.53,44.47,47.33,0.00,0.00,4.97
699672,pac,52.750,220.250,973.06,972.28,17.20,4.42,54.36,54.36,0.00,47043.16,5.85
699678,atl,67.000,-24.500,969.41,968.59,17.96,4.54,59.86,64.42,248.40,27992.67,22.94
699678,atl,41.500,2.000,991.22,990.47,14.64,3.62,52.92,54.21,0.00,3956.17,18.47
699678,pac,55.750,173.500,985.37,985.18,13.68,2.45,45.00,50.06,0.00,956.83,5.65
699678,pac,54.250,220.250,975.24,974.63,16.91,4.10,48.59,50.92,0.00,2368.17,7.22
699684,atl,67.500,-23.000,976.77,975.62,10.93,3.28,52.40,60.20,0.00,12236.51,11.05
699684,atl,66.250,-35.250,979.46,978.90,15.09,4.22,78.78,79.65,29386.97,74251.31,24.55
699684,atl,46.500,6.250,1003.43,1002.56,4.06,1.68,43.57,46.71,0.00,0.00,18.09
699684,atl,41.000,1.750,994.21,993.49,11.63,2.86,42.65,42.65,0.00,0.00,9.29
699684,pac,55.750,175.500,986.61,986.43,12.42,2.04,47.93,51.85,0.00,5483.32,5.71
699684,pac,55.250,219.500,977.72,977.16,16.29,3.78,43.85,49.28,0.00,0.00,11.01
699690,atl,64.750,-24.750,981.95,981.66,7.51,1.56,33.97,43.56,0.00,0.00,5.54
699690,atl,64.250,-33.750,981.45,981.29,13.63,2.21,62.28,79.26,30757.15,78243.30,24.79
699690,atl,40.750,2.500,995.83,995.40,10.61,2.74,42.35,42.35,0.00,0.00,9.07
699690,atl,39.500,-58.500,1004.81,1004.51,5.31,1.30,38.93,38.93,0.00,0.00,2.94
699690,pac,55.750,219.500,981.61,981.15,15.82,3.71,50.82,50.90,0.00,2126.95,12.54
699690,pac,55.000,177.750,988.84,988.69,11.07,2.05,47.13,51.63,0.00,10408.15,5.49
699696,atl,65.500,-24.500,981.46,981.18,9.43,2.17,45.96,48.39,0.00,0.00,9.76
699696,atl,64.250,-33.000,981.28,981.08,14.81,2.70,54.29,74.27,19157.20,61865.60,21.74
699696,atl,44.750,-54.750,1002.96,1002.79,7.38,1.62,30.41,35.34,0.00,0.00,3.40
699696,atl,41.000,3.250,997.74,997.25,9.47,2.34,37.78,37.78,0.00,0.00,8.06
699696,pac,59.250,210.250,995.32,994.85,5.21,1.42,37.96,37.96,0.00,0.00,15.70
699696,pac,56.250,219.500,986.89,986.46,14.00,3.58,48.87,48.87,0.00,0.00,11.20
699696,pac,56.000,189.250,992.60,992.39,6.12,1.11,29.37,34.13,0.00,0.00,3.52
699696,pac,54.500,181.000,991.41,991.28,8.30,1.66,36.79,49.73,0.00,0.00,4.58
699702,atl,68.750,-71.000,1004.11,1003.74,6.86,1.39,24.54,32.60,0.00,0.00,6.55
699702,atl,68.750,-66.000,1003.65,1003.57,7.00,1.44,23.49,32.60,0.00,0.00,6.55
699702,atl,67.250,-17.500,984.15,983.64,9.99,2.23,57.25,57.25,0.00,21473.88,14.99
699702,atl,65.500,-26.000,981.92,981.52,10.81,2.46,49.98,57.25,0.00,16165.72,14.99
699702,atl,45.500,-53.000,999.09,998.85,8.28,1.80,30.14,40.12,0.00,0.00,3.56
699702,atl,41.250,3.750,998.12,997.74,8.38,2.17,39.55,39.55,0.00,0.00,9.54
699702,pac,59.500,210.250,998.16,997.68,4.66,1.39,30.86,32.57,0.00,0.00,13.84
699702,pac,56.750,190.000,991.10,990.99,8.84,1.92,37.87,38.78,0.00,0.00,4.04
699702,pac,56.500,220.250,991.40,990.98,12.98,3.45,45.13,45.13,0.00,0.00,12.02
699702,pac,54.000,183.500,993.54,993.42,6.53,1.36,38.67,43.81,0.00,0.00,3.83
699708,atl,68.750,-62.750,1003.21,1002.94,7.28,1.46,30.84,35.74,0.00,0.00,6.19
699708,atl,68.500,-17.500,985.83,985.50,10.48,2.72,64.39,64.39,276.94,60347.60,15.74
699708,atl,65.750,-58.750,1002.39,1002.14,8.93,2.07,35.74,35.75,0.00,0.00,6.53
699708,atl,65.000,-26.500,983.67,983.34,11.00,2.44,50.90,64.39,276.94,26888.37,14.10
699708,atl,46.250,-51.500,992.40,992.06,13.07,3.13,35.42,40.18,0.00,0.00,4.64
699708,atl,41.500,4.000,1000.13,999.85,6.02,1.55,38.00,38.00,0.00,0.00,9.48
699708,pac,62.000,211.500,1000.76,999.74,4.27,1.51,19.74,27.12,0.00,0.00,9.54
699708,pac,57.750,188.750,990.33,990.15,10.59,2.49,36.36,37.40,0.00,0.00,4.47
699708,pac,56.750,221.750,997.64,997.35,10.01,2.94,41.89,41.89,0.00,0.00,10.19
699708,pac,51.250,161.250,977.89,977.45,15.82,3.57,54.73,57.46,0.00,160549.20,7.28
699714,atl,65.750,-55.500,1001.58,1001.40,8.72,1.93,35.25,35.77,0.00,0.00,6.21
699714,atl,64.500,-25.000,985.54,985.35,9.92,2.34,49.01,60.05,0.00,20490.22,5.15
699714,atl,48.750,-49.000,986.59,986.24,17.24,3.96,42.15,45.37,0.00,0.00,7.61
699714,atl,45.250,-80.000,1001.01,1000.34,8.64,2.13,31.44,31.44,0.00,0.00,3.87
699714,atl,41.250,4.500,1001.61,1001.40,4.84,1.26,32.31,32.31,0.00,0.00,8.87
699714,pac,62.000,211.500,1002.56,1001.73,4.06,1.44,20.55,20.55,0.00,0.00,8.68
699714,pac,58.000,186.000,989.52,989.33,10.35,2.64,40.96,41.11,0.00,0.00,4.89
699714,pac,57.000,223.000,1003.49,1003.06,7.51,2.45,43.07,43.07,0.00,0.00,8.10
699714,pac,51.750,165.750,977.62,977.38,15.27,2.77,48.43,56.63,0.00,96387.49,7.20
699720,atl,66.750,-17.500,989.69,989.51,8.43,1.68,56.48,57.85,0.00,35990.34,10.42
699720,atl,65.750,-54.000,1000.98,1000.71,7.90,1.63,32.99,37.69,0.00,0.00,6.86
699720,atl,64.000,-23.000,988.61,988.52,8.43,1.93,44.80,52.38,0.00,6331.11,4.78
699720,atl,51.750,3.250,1004.25,1004.14,4.10,0.79,26.11,37.35,0.00,0.00,2.82
699720,atl,50.000,-48.250,979.81,978.33,23.65,6.82,61.93,61.93,0.00,77172.81,12.36
699720,atl,41.000,4.750,1001.99,1001.81,4.96,1.32,37.53,37.53,0.00,0.00,6.82
699720,pac,57.750,184.250,987.64,987.38,8.87,2.19,39.39,39.39,0.00,0.00,4.63
699720,pac,52.250,179.250,981.80,981.05,9.69,2.38,42.18,45.96,0.00,0.00,4.61
699720,pac,51.750,169.500,980.66,980.39,12.54,2.12,47.49,55.95,0.00,78723.65,5.43
699726,atl,68.750,-15.250,991.48,991.25,10.95,2.93,58.06,58.06,0.00,39857.81,10.86
699726,atl,65.000,-51.750,1001.16,1000.92,5.39,1.37,31.87,40.17,0.00,0.00,9.47
699726,atl,65.000,-35.750,997.42,997.16,4.54,1.63,36.86,39.34,0.00,0.00,11.03
699726,atl,63.000,-17.750,992.76,992.61,5.54,0.90,27.81,41.52,0.00,0.00,4.66
699726,atl,52.250,3.750,1004.07,1003.99,4.54,0.93,30.32,38.77,0.00,0.00,3.20
699726,atl,50.250,-45.750,978.56,977.36,23.62,7.21,65.97,65.97,7000.44,200222.33,13.54
699726,atl,40.250,5.250,1001.46,1001.28,5.20,1.29,38.22,38.22,0.00,0.00,7.56
699726,pac,55.750,208.000,999.63,999.19,7.25,1.89,33.88,35.27,0.00,0.00,6.29
699726,pac,53.250,184.250,978.21,977.20,11.87,3.07,41.67,41.97,0.00,0.00,4.88
699732,atl,64.250,-10.750,995.29,995.22,5.05,0.89,21.97,44.63,0.00,0.00,4.36
699732,atl,52.750,-40.000,979.06,978.41,18.84,4.43,56.52,61.86,0.00,146745.51,8.15
699732,pac,58.500,208.500,996.53,995.86,8.33,2.56,37.44,37.44,0.00,0.00,10.43
699732,pac,54.250,186.250,973.88,973.24,13.81,3.66,45.48,45.48,0.00,0.00,5.13
699732,pac,46.000,216.250,1002.86,1002.01,15.02,4.30,54.50,54.50,0.00,20765.73,8.91
699738,atl,66.000,-9.500,996.41,996.35,5.63,0.97,25.93,49.18,0.00,0.00,6.27
699738,atl,53.250,-34.750,978.82,978.39,16.69,3.60,52.61,54.00,0.00,55008.02,8.18
699738,pac,60.500,209.000,998.23,997.76,4.68,1.31,40.54,42.43,0.00,0.00,11.57
699738,pac,54.500,188.000,973.68,973.31,13.70,3.53,43.88,43.88,0.00,0.00,4.92
699738,pac,53.000,161.250,1000.78,1000.57,4.86,1.55,25.07,27.83,0.00,0.00,5.86
699738,pac,48.000,220.000,998.50,997.60,19.41,5.78,50.01,50.87,0.00,1604.91,10.91
699744,atl,69.000,-9.500,997.39,997.32,8.70,1.16,39.86,59.73,0.00,56990.39,9.08
699744,atl,59.500,-40.250,992.06,991.72,6.01,1.59,42.36,44.94,0.00,0.00,8.91
699744,atl,57.250,-28.000,974.04,973.38,14.74,3.37,46.43,50.52,0.00,454.22,6.91
699744,pac,64.000,209.250,996.57,995.34,6.99,2.16,35.85,35.85,0.00,0.00,13.46
699744,pac,55.000,190.750,975.34,974.97,13.61,3.16,44.72,44.72,0.00,0.00,4.85
699744,pac,53.250,160.750,997.31,996.93,7.92,2.37,28.00,28.02,0.00,0.00,6.75
699744,pac,48.750,223.750,997.68,997.39,20.07,5.92,60.42,60.42,0.00,77095.89,9.22
699744,pac,47.000,160.500,1001.42,1000.60,6.04,2.07,38.78,38.78,0.00,0.00,4.09
699750,atl,58.500,-25.750,970.36,969.96,15.91,3.74,49.42,49.93,0.00,0.00,8.21
699750,pac,55.750,193.500,978.29,977.99,13.29,3.13,41.95,41.95,0.00,0.00,5.10
699750,pac,53.250,161.500,994.18,993.85,9.31,2.70,33.14,33.14,0.00,0.00,7.27
699750,pac,48.750,165.250,997.59,996.73,6.30,2.02,37.30,37.30,0.00,0.00,3.73
699750,pac,48.500,227.750,1000.78,1000.23,18.46,4.85,54.48,54.48,0.00,44670.86,8.34
699756,atl,59.500,-24.000,968.65,968.41,16.11,3.44,52.07,56.05,0.00,45177.40,6.96
699756,pac,56.750,196.500,982.73,982.45,12.22,2.87,41.96,43.19,0.00,0.00,5.79
699756,pac,53.000,161.750,993.71,993.41,9.23,2.63,36.88,37.54,0.00,0.00,8.25
699756,pac,50.250,169.250,994.46,993.79,8.43,2.25,42.35,43.37,0.00,0.00,4.18
699756,pac,48.000,230.500,1001.97,1001.31,17.37,4.56,50.87,50.87,0.00,2122.86,6.59
699756,pac,40.750,169.250,1002.27,1001.63,7.71,2.38,44.84,44.84,0.00,0.00,4.48
699762,atl,60.250,-23.750,964.30,963.73,19.75,4.60,59.47,62.93,0.00,183397.84,10.60
699762,pac,58.250,199.000,986.69,986.46,9.97,2.40,39.68,42.00,0.00,0.00,5.89
699762,pac,57.750,178.250,997.27,996.70,4.18,1.42,39.69,39.69,0.00,0.00,3.83
699762,pac,52.750,163.250,993.60,993.34,7.91,2.00,40.44,40.44,0.00,0.00,8.29
699762,pac,52.000,173.250,990.09,989.58,10.71,2.61,44.88,44.88,0.00,0.00,4.57
699762,pac,42.250,173.250,1000.20,999.39,8.13,2.52,39.96,45.76,0.00,0.00,4.82
699768,atl,60.250,-24.250,957.96,957.31,25.28,6.50,61.11,61.11,0.00,331978.95,9.55
699768,pac,59.250,201.250,991.99,991.72,7.79,1.88,36.25,39.41,0.00,0.00,5.26
699768,pac,53.750,176.500,984.00,983.36,15.38,4.11,41.87,45.50,0.00,0.00,5.32
699768,pac,43.500,176.750,998.21,997.54,9.71,2.79,50.62,50.62,0.00,1166.43,3.79
699774,atl,59.750,-22.000,954.09,953.14,27.24,7.23,65.76,65.76,10283.25,297217.22,10.00
699774,pac,64.500,198.750,995.41,995.25,5.68,0.95,25.99,32.79,0.00,0.00,6.37
699774,pac,64.500,212.750,997.31,995.90,5.76,1.75,47.30,49.31,0.00,0.00,14.68
699774,pac,55.250,178.500,981.98,981.14,16.11,4.01,41.11,44.24,0.00,0.00,5.40
699774,pac,44.750,181.500,998.45,998.01,9.41,2.40,46.15,48.05,0.00,0.00,4.95
699780,atl,60.500,-19.750,956.18,955.58,25.31,6.32,58.87,58.93,0.00,308621.47,8.45
699780,atl,45.000,-52.250,1004.74,1004.62,9.08,2.18,42.17,42.17,0.00,0.00,4.36
699780,pac,56.000,180.000,980.55,980.09,17.07,4.37,47.45,47.45,0.00,0.00,6.81
699780,pac,46.250,186.750,996.72,996.18,11.37,3.04,43.95,45.73,0.00,0.00,5.26
699786,atl,61.250,-18.250,958.49,957.85,23.71,5.85,60.20,60.55,0.00,230734.73,8.16
699786,atl,47.250,-45.500,1003.66,1003.05,8.10,2.03,36.17,38.29,0.00,0.00,4.23
699786,atl,44.500,-51.000,1004.10,1003.98,7.33,1.66,41.54,41.54,0.00,0.00,4.05
699786,pac,56.500,182.000,979.47,979.20,16.87,4.21,49.97,50.15,0.00,1167.90,7.03
699786,pac,47.500,191.000,998.45,998.11,9.39,2.32,41.48,44.05,0.00,0.00,4.72
699786,pac,44.750,218.000,1001.33,1000.52,16.69,4.88,47.79,47.79,0.00,0.00,8.00
699786,pac,44.500,161.000,1004.15,1003.06,6.19,2.53,45.93,45.93,0.00,0.00,7.12
699792,atl,62.000,-18.250,961.73,961.13,23.50,5.80,56.38,58.21,0.00,166225.53,8.66
699792,atl,47.500,-45.500,1002.39,1002.02,7.72,1.99,37.90,38.99,0.00,0.00,4.66
699792,pac,57.250,184.750,981.40,981.03,14.99,3.35,48.06,49.29,0.00,0.00,6.43
699792,pac,49.000,195.000,998.80,998.54,8.82,2.05,40.88,41.48,0.00,0.00,4.25
699792,pac,46.000,218.250,1001.15,1000.62,14.80,3.95,48.81,48.81,0.00,0.00,6.85
699792,pac,43.500,221.500,1001.66,1001.01,12.41,2.86,44.82,48.81,0.00,0.00,6.53
699798,atl,62.500,-18.250,966.67,966.09,21.57,5.27,58.45,59.72,0.00,151524.47,8.17
699798,atl,61.250,-46.500,998.07,997.39,8.31,2.48,46.57,46.57,0.00,0.00,13.54
699798,atl,49.000,-40.500,999.75,999.18,7.00,1.91,41.86,41.86,0.00,0.00,4.93
699798,atl,43.500,-43.250,997.68,997.51,5.15,0.97,33.89,40.53,0.00,0.00,4.79
699798,pac,58.250,187.250,981.30,981.00,14.57,2.95,46.34,50.25,0.00,1070.48,5.90
699798,pac,45.250,221.000,998.33,997.54,15.51,3.32,55.28,58.35,0.00,48024.70,6.33
699804,atl,63.000,-17.250,974.41,973.73,18.10,4.44,53.91,58.56,0.00,75699.14,7.05
699804,atl,45.250,-40.250,992.66,992.51,8.14,1.65,39.03,44.67,0.00,0.00,4.89
699804,pac,61.250,186.500,983.34,983.16,14.94,2.98,52.46,55.36,0.00,8111.91,7.75
699804,pac,60.000,188.750,983.33,983.16,13.50,2.34,46.71,55.36,0.00,6451.53,6.61
699804,pac,53.250,160.250,996.04,995.44,9.18,2.81,40.78,40.78,0.00,0.00,8.67
699804,pac,45.250,220.250,996.14,995.69,15.28,3.13,53.22,53.22,0.00,26663.09,5.80
699810,atl,66.750,-45.000,1002.75,1002.25,4.49,2.21,29.87,49.65,0.00,0.00,15.48
699810,atl,63.750,-16.250,980.94,980.17,15.20,3.69,51.65,56.61,0.00,19233.56,6.68
699810,atl,63.000,-34.000,985.15,984.45,12.55,3.70,49.65,54.63,0.00,16075.75,8.46
699810,atl,47.500,-37.750,986.95,986.42,10.63,2.39,40.36,42.70,0.00,0.00,4.31
699810,atl,36.000,-41.500,995.76,995.31,4.68,1.22,40.99,40.99,0.00,0.00,2.84
699810,pac,61.500,189.000,983.41,983.25,13.83,2.72,44.78,46.26,0.00,0.00,7.11
699810,pac,56.000,201.750,996.19,995.54,9.68,2.83,49.95,49.95,0.00,0.00,7.34
699810,pac,52.750,162.500,997.32,997.07,8.64,2.35,43.95,43.95,0.00,0.00,8.20
699810,pac,47.500,177.750,1003.62,1003.07,5.67,1.87,29.12,29.13,0.00,0.00,3.15
699810,pac,44.250,223.750,995.97,995.52,13.74,2.92,46.99,47.92,0.00,0.00,5.15
699816,atl,65.500,-20.250,989.02,988.64,11.37,1.81,55.62,58.41,0.00,56857.79,20.34
699816,atl,64.750,-28.250,987.28,986.86,12.17,2.68,53.73,57.63,0.00,46387.97,18.87
699816,atl,64.500,-15.250,988.24,987.80,12.03,2.95,45.14,53.67,0.00,6275.41,5.43
699816,atl,62.250,-35.000,986.35,985.71,12.34,3.65,45.88,48.64,0.00,0.00,8.45
699816,atl,50.500,-34.750,982.27,982.07,12.82,2.98,44.06,44.06,0.00,0.00,5.84
699816,pac,62.750,189.500,985.40,985.11,13.71,2.86,39.04,42.50,0.00,0.00,6.30
699816,pac,52.500,165.000,998.48,998.17,7.87,1.84,43.20,43.20,0.00,0.00,6.37
699816,pac,48.750,180.000,1003.09,1002.63,4.93,1.57,30.21,33.12,0.00,0.00,2.97
699816,pac,44.750,224.750,994.35,994.00,13.56,2.85,46.34,47.18,0.00,0.00,5.11
699822,atl,66.000,-14.750,993.20,992.85,11.02,2.82,42.26,56.14,0.00,9871.66,6.50
699822,atl,61.500,-35.250,985.05,984.70,11.38,3.14,43.30,51.69,0.00,5469.28,9.68
699822,atl,51.750,-32.000,979.32,978.94,11.56,2.63,45.72,45.72,0.00,0.00,5.35
699822,atl,42.500,-33.000,988.08,987.48,7.30,1.83,59.73,59.73,0.00,66134.78,4.96
699822,pac,64.250,188.500,986.39,985.99,14.33,3.18,41.09,43.16,0.00,0.00,9.22
699822,pac,52.500,168.000,999.19,998.91,6.55,1.47,41.95,41.95,0.00,0.00,3.38
699822,pac,49.750,181.750,999.39,999.14,6.22,1.56,22.11,34.43,0.00,0.00,3.16
699822,pac,45.500,226.250,994.17,993.74,13.67,3.06,37.93,43.40,0.00,0.00,4.67
699822,pac,43.750,181.250,1001.96,1001.63,4.59,1.31,44.45,44.94,0.00,0.00,4.49
699822,pac,42.000,186.750,1003.91,1003.73,4.66,0.93,32.38,34.55,0.00,0.00,2.77
699828,atl,67.000,-16.500,998.36,997.95,8.45,2.18,48.81,49.13,0.00,0.00,15.80
699828,atl,60.750,-35.000,982.63,982.30,10.14,2.56,46.75,52.77,0.00,3931.25,8.95
699828,atl,57.000,-27.000,973.43,972.97,15.06,3.56,41.60,48.17,0.00,0.00,6.94
699828,atl,39.250,-36.500,995.80,995.63,5.36,1.15,37.24,48.61,0.00,0.00,3.01
699828,pac,64.750,188.000,988.39,987.91,13.96,3.53,40.10,40.10,0.00,0.00,8.26
699828,pac,54.500,166.750,1000.77,1000.64,4.46,0.98,32.80,38.24,0.00,0.00,3.97
699828,pac,51.750,176.500,998.99,998.63,4.44,1.16,35.32,38.75,0.00,0.00,3.49
699828,pac,50.750,183.000,995.49,995.21,7.31,1.62,29.94,39.14,0.00,0.00,3.49
699828,pac,45.250,227.500,993.65,993.38,13.57,3.15,43.10,43.10,0.00,0.00,4.82
699834,atl,60.000,-25.250,963.24,962.58,21.95,5.44,58.00,59.01,0.00,62137.49,10.10
699834,atl,58.250,-67.250,989.70,988.97,11.40,3.12,39.51,39.51,0.00,0.00,7.42
699834,atl,39.000,-35.000,996.93,996.73,6.98,1.51,46.54,47.09,0.00,0.00,2.95
699834,pac,65.250,188.250,991.04,990.66,12.43,3.41,38.08,44.31,0.00,0.00,7.34
699834,pac,48.000,190.500,988.33,988.21,11.27,2.01,43.70,53.28,0.00,4580.60,5.81
699834,pac,45.750,229.500,994.29,993.84,13.55,3.06,38.90,40.03,0.00,0.00,4.46
699834,pac,44.750,160.500,990.88,989.99,16.49,4.66,58.93,58.93,0.00,70475.97,7.09
699840,atl,61.500,-25.000,954.18,953.18,27.99,6.98,63.87,68.15,1717.97,145614.59,14.51
699840,atl,59.000,-65.750,991.60,990.95,10.14,2.62,35.41,35.41,0.00,0.00,4.97
699840,atl,40.500,-32.250,1001.51,1001.16,7.01,1.79,52.14,52.14,0.00,8929.04,4.16
699840,pac,55.750,164.750,998.47,998.30,5.16,1.46,34.88,34.88,0.00,0.00,5.51
699840,pac,50.500,191.500,978.99,978.75,17.20,3.67,57.08,57.08,0.00,75139.33,6.60
699840,pac,46.500,230.500,994.51,994.11,12.83,2.75,41.96,42.39,0.00,0.00,7.32
699840,pac,46.250,164.500,979.27,977.43,24.32,7.02,59.62,59.62,0.00,77876.81,10.71
699846,atl,62.750,-23.250,949.65,948.95,29.28,6.70,67.08,69.85,23496.88,336391.52,10.87
699846,atl,58.250,-59.250,991.67,991.32,9.49,2.26,37.04,37.66,0.00,0.00,5.11
699846,atl,39.250,-32.250,1004.34,1004.12,6.80,1.44,52.00,52.00,0.00,9047.89,4.18
699846,pac,51.750,192.500,975.85,975.61,18.46,3.86,56.13,60.15,0.00,194780.57,7.15
699846,pac,47.500,167.250,971.28,969.18,27.75,8.17,58.70,58.70,0.00,157476.08,15.23
699846,pac,47.250,231.250,995.66,995.33,12.78,2.83,39.96,41.05,0.00,0.00,8.90
699852,atl,66.000,-14.250,955.23,954.72,22.87,4.67,60.10,71.24,15603.14,229133.33,9.04
699852,atl,63.250,-21.000,950.49,949.40,26.02,5.77,63.75,71.36,42601.08,439995.75,8.92
699852,atl,58.250,-57.000,993.92,993.37,9.12,2.40,37.40,37.72,0.00,0.00,4.61
699852,pac,53.000,195.250,977.95,977.73,17.15,3.14,57.91,66.18,434.92,158666.50,9.34
699852,pac,48.000,170.000,966.46,965.17,29.63,8.29,66.51,66.51,3109.93,198391.31,13.57
699852,pac,47.500,231.000,997.44,997.15,11.97,2.76,36.44,36.44,0.00,0.00,8.84
699858,atl,66.750,-14.750,951.02,950.52,23.41,4.69,59.36,65.26,1188.65,205913.31,11.59
699858,atl,58.000,-54.250,998.27,997.59,6.45,1.88,41.45,41.45,0.00,0.00,3.96
699858,atl,56.500,-42.250,995.91,995.44,6.36,1.70,44.83,44.83,0.00,0.00,3.91
699858,pac,52.250,200.000,983.76,983.48,14.92,2.91,55.78,58.44,0.00,159375.99,6.20
699858,pac,49.000,172.500,963.29,961.99,29.66,7.83,64.09,64.09,524.56,283201.35,10.55
699858,pac,47.250,231.000,999.72,999.48,10.62,2.49,36.54,36.54,0.00,0.00,9.12
699864,atl,66.000,-9.750,953.20,952.81,19.36,3.80,56.80,65.64,2194.60,195839.30,9.16
699864,pac,52.250,202.750,990.01,989.67,13.17,2.75,51.55,53.71,0.00,34383.45,5.63
699864,pac,50.500,173.750,963.34,962.21,28.50,6.71,64.40,65.37,5163.31,311235.40,8.88
699864,pac,46.750,231.250,1000.90,1000.66,8.38,2.09,33.40,33.40,0.00,0.00,4.76
699870,atl,67.500,-7.250,952.57,952.06,18.99,3.99,43.11,56.36,0.00,24818.04,10.64
699870,pac,51.500,207.000,996.31,996.13,10.95,2.10,50.34,52.06,0.00,6121.84,4.67
699870,pac,51.250,174.250,964.62,963.76,26.46,6.12,58.46,59.12,0.00,254972.87,7.42
699870,pac,51.000,216.500,998.78,998.13,7.29,1.96,32.98,42.19,0.00,0.00,3.77
699870,pac,46.500,232.000,1001.82,1001.65,7.37,1.81,33.41,33.41,0.00,0.00,6.31
699876,atl,68.000,-29.500,984.19,983.93,5.42,2.13,32.49,54.50,0.00,19410.98,13.28
699876,atl,67.250,-5.750,954.40,953.96,18.28,3.79,39.86,51.78,0.00,2252.42,9.56
699876,atl,65.000,-39.000,985.97,985.67,12.10,3.42,55.00,55.00,0.00,9081.87,20.32
699876,atl,62.250,-39.250,985.47,985.17,15.16,4.18,55.04,55.04,0.00,31722.22,20.32
699876,pac,51.500,175.000,967.84,967.08,23.78,5.56,56.59,57.61,0.00,165281.37,7.23
699876,pac,51.000,217.500,1000.40,999.79,7.76,1.97,33.19,45.35,0.00,0.00,3.65
699876,pac,50.500,211.500,1002.13,1002.00,8.16,1.37,47.13,48.68,0.00,0.00,4.18
699876,pac,46.750,232.750,1002.73,1002.61,6.58,1.57,33.28,33.28,0.00,0.00,8.40
699882,atl,67.500,-1.500,954.90,954.80,18.01,3.49,45.62,48.88,0.00,0.00,6.29
699882,atl,63.250,-35.500,981.55,981.39,16.66,2.85,61.69,70.21,8780.01,117720.18,22.76
699882,atl,49.750,-56.750,1004.81,1004.08,9.49,2.32,41.47,42.38,0.00,0.00,4.99
699882,pac,51.750,176.000,970.73,970.13,21.27,4.90,50.59,55.15,0.00,72617.61,6.30
699882,pac,50.750,216.750,1001.87,1001.48,9.29,2.10,34.14,44.52,0.00,0.00,3.78
699882,pac,47.250,232.500,1003.75,1003.56,6.88,1.52,30.46,32.25,0.00,0.00,9.64
699882,pac,38.250,189.000,1003.72,1003.08,4.96,1.46,40.84,40.84,0.00,0.00,3.09
699882,pac,34.500,184.750,1004.77,1004.64,4.34,1.00,29.40,38.55,0.00,0.00,2.23
699888,atl,67.750,1.750,956.24,956.02,17.08,3.28,41.18,51.68,0.00,1620.69,5.78
699888,atl,63.500,-32.750,983.31,983.17,13.77,2.43,45.13,69.01,6039.94,52314.05,23.84
699888,atl,52.750,-49.750,1003.91,1003.38,9.99,2.62,42.94,42.94,0.00,0.00,4.50
699888,pac,52.250,177.250,975.76,975.28,18.21,4.13,41.99,48.45,0.00,0.00,5.33
699888,pac,48.000,231.250,1004.00,1003.74,7.11,1.55,28.26,28.26,0.00,0.00,7.56
699888,pac,45.250,194.000,1001.21,1000.79,8.72,2.47,37.59,37.59,0.00,0.00,4.13
699888,pac,35.000,187.000,1003.87,1003.46,5.43,1.31,46.82,46.82,0.00,0.00,3.74
699894,atl,68.500,3.500,956.65,956.41,16.96,3.17,41.89,47.09,0.00,0.00,6.54
699894,atl,63.500,-29.000,985.84,985.71,8.44,1.67,41.02,48.45,0.00,0.00,6.68
699894,atl,53.000,-47.750,1001.78,1001.37,10.88,2.89,50.14,50.14,0.00,956.83,4.58
699894,pac,53.000,179.000,979.56,979.15,15.55,3.53,41.41,45.37,0.00,0.00,4.61
699894,pac,48.500,229.750,1004.71,1004.31,7.83,1.75,31.33,31.33,0.00,0.00,7.38
699894,pac,47.750,195.250,1003.01,1002.80,7.24,1.91,36.56,36.58,0.00,0.00,4.12
699894,pac,36.500,190.000,1001.23,1000.42,8.18,2.04,54.19,54.19,0.00,4305.86,5.88
699900,atl,69.000,3.750,958.49,958.26,16.53,3.10,42.31,46.33,0.00,0.00,6.44
699900,atl,53.750,-42.750,1002.67,1002.08,8.92,2.39,43.63,43.63,0.00,0.00,4.42
699900,pac,54.250,180.750,983.55,983.27,12.58,2.89,40.45,40.45,0.00,0.00,4.07
699900,pac,50.750,196.000,1002.12,1002.00,7.24,1.82,40.29,40.29,0.00,0.00,4.82
699900,pac,36.000,191.250,1000.02,998.84,10.54,2.76,53.79,57.17,0.00,10031.60,4.88
699906,atl,61.500,-43.500,1001.97,1001.30,4.26,1.71,45.42,51.30,0.00,998.06,16.82
699906,atl,55.000,-35.750,1001.21,1000.73,6.26,1.63,40.40,40.40,0.00,0.00,3.83
699906,pac,63.750,181.000,991.06,990.68,11.26,2.66,35.18,41.25,0.00,0.00,11.26
699906,pac,55.750,182.000,984.65,984.43,10.77,2.47,37.20,37.20,0.00,0.00,3.55
699906,pac,38.250,193.750,1000.41,999.90,11.44,2.91,59.16,59.16,0.00,28365.96,6.47
699912,atl,69.000,-30.750,996.92,996.62,5.45,1.46,28.41,51.84,0.00,3815.23,14.82
699912,atl,66.750,-57.000,1004.42,1004.16,7.24,1.95,37.54,37.54,0.00,0.00,6.13
699912,atl,64.750,-35.750,995.45,994.98,7.77,2.41,50.56,50.56,0.00,659.27,16.55
699912,atl,63.500,-56.000,1004.14,1003.76,6.97,2.00,32.37,37.54,0.00,0.00,6.72
699912,atl,58.750,2.000,980.36,980.14,4.46,1.21,41.66,41.66,0.00,0.00,4.00
699912,atl,55.500,-30.000,1001.86,1001.45,4.44,1.34,38.25,42.64,0.00,0.00,3.38
699912,pac,64.750,178.250,989.49,988.99,10.95,2.92,32.32,32.87,0.00,0.00,12.44
699912,pac,57.250,183.250,986.24,986.02,9.23,2.12,35.06,35.06,0.00,0.00,3.31
699912,pac,42.750,229.750,1003.97,1003.80,8.83,1.86,31.91,33.33,0.00,0.00,3.26
699912,pac,38.750,195.500,1000.99,1000.29,11.95,3.24,50.76,61.52,0.00,13722.95,5.84
699918,atl,68.750,-0.500,965.76,965.52,15.13,2.84,43.69,49.74,0.00,0.00,6.09
699918,atl,67.000,-56.250,1003.24,1002.94,7.37,2.00,38.56,38.56,0.00,0.00,7.31
699918,atl,65.250,-36.000,993.79,993.10,9.94,3.08,49.31,49.31,0.00,0.00,16.26
699918,atl,63.750,-53.750,1002.39,1002.06,6.70,2.25,36.52,38.56,0.00,0.00,6.58
699918,atl,57.500,8.250,976.87,976.58,8.06,1.90,36.48,44.48,0.00,0.00,3.90
699918,pac,65.250,177.000,987.92,987.44,9.41,2.69,24.88,34.68,0.00,0.00,8.98
699918,pac,58.750,184.750,986.98,986.76,8.46,2.08,36.44,36.44,0.00,0.00,3.72
699918,pac,43.000,229.000,1003.12,1002.96,10.25,2.11,37.19,37.86,0.00,0.00,4.60
699918,pac,42.750,198.500,1001.91,1001.00,12.73,3.25,50.10,50.67,0.00,5321.23,6.45
699924,atl,67.500,-2.000,969.21,968.91,14.82,3.25,45.05,48.99,0.00,0.00,5.95
699924,atl,67.000,-55.250,1003.83,1003.49,5.77,1.53,37.61,37.61,0.00,0.00,7.12
699924,atl,65.250,-37.000,996.41,996.08,7.95,2.47,48.44,48.44,0.00,0.00,15.50
699924,atl,63.500,-52.250,1002.36,1001.77,5.64,2.26,36.44,44.50,0.00,0.00,10.85
699924,pac,65.750,176.250,988.39,988.03,6.99,1.91,24.38,32.76,0.00,0.00,7.35
699924,pac,60.750,185.750,989.43,989.30,6.37,1.59,36.38,36.93,0.00,0.00,3.62
699924,pac,42.500,199.500,1003.88,1003.32,11.97,3.02,47.27,47.27,0.00,0.00,5.54
699924,pac,42.250,228.000,1000.64,1000.42,11.23,2.14,46.81,46.81,0.00,0.00,4.58
699930,atl,67.250,-54.500,1004.66,1004.34,4.42,1.48,39.22,39.22,0.00,0.00,6.85
699930,atl,66.250,-2.250,972.46,972.26,14.01,3.18,45.63,48.09,0.00,0.00,5.88
699930,atl,65.000,-38.250,995.98,995.79,7.99,2.45,47.91,47.91,0.00,0.00,15.47
699930,atl,61.000,-37.750,997.46,997.33,6.48,1.22,41.08,47.91,0.00,0.00,14.07
699930,pac,62.750,188.000,990.21,990.01,5.58,1.54,33.63,35.19,0.00,0.00,4.26
699930,pac,52.500,161.250,958.24,957.14,18.65,5.83,68.07,68.07,5299.57,183704.37,14.73
699930,pac,44.000,201.000,1004.54,1004.00,12.38,3.15,45.02,45.02,0.00,0.00,5.06
699930,pac,41.250,227.500,1000.64,1000.37,10.95,2.07,46.76,47.12,0.00,0.00,4.72
699936,atl,64.750,-38.500,995.72,995.40,8.24,2.55,48.47,48.47,0.00,0.00,14.79
699936,atl,64.750,-0.500,976.07,975.87,12.03,2.73,43.60,43.69,0.00,0.00,5.42
699936,atl,61.250,-35.250,996.12,995.98,6.77,1.23,38.68,48.47,0.00,0.00,12.99
699936,pac,65.500,190.250,991.98,991.82,4.40,1.27,32.10,32.10,0.00,0.00,4.60
699936,pac,54.750,177.750,968.43,968.12,14.37,3.13,45.51,50.41,0.00,1304.76,5.72
699936,pac,53.750,163.000,956.42,955.41,21.39,6.59,59.07,59.07,0.00,192612.70,12.89
699936,pac,45.000,202.000,1003.18,1002.81,13.23,3.87,46.26,46.26,0.00,0.00,6.14
699936,pac,40.250,227.250,998.89,998.67,10.28,2.01,44.67,46.06,0.00,0.00,4.21
699942,atl,63.500,2.000,977.61,977.44,10.73,2.68,40.39,42.75,0.00,0.00,5.68
699942,atl,61.750,-33.750,994.25,994.07,7.75,1.41,34.21,46.56,0.00,0.00,12.89
699942,atl,55.000,-14.750,995.99,995.53,5.82,1.54,33.58,40.05,0.00,0.00,3.27
699942,pac,56.750,179.250,966.59,966.11,16.91,4.04,47.94,47.94,0.00,0.00,5.73
699942,pac,54.500,164.000,955.18,953.87,24.15,7.09,62.61,62.61,0.00,218864.96,11.51
699942,pac,39.250,227.500,999.63,999.37,9.62,1.97,37.42,43.37,0.00,0.00,3.54
699948,atl,63.250,4.000,978.80,978.58,9.90,2.60,35.48,40.30,0.00,0.00,6.15
699948,atl,62.000,-33.250,994.23,993.93,8.99,1.67,31.58,45.31,0.00,0.00,13.04
699948,atl,60.750,-79.500,997.05,996.99,10.44,2.38,36.20,36.20,0.00,0.00,5.18
699948,atl,53.750,-7.500,992.19,991.67,9.50,2.69,41.10,44.73,0.00,0.00,4.80
699948,pac,58.250,179.500,965.32,964.59,18.54,4.77,54.65,54.65,0.00,26492.16,7.60
699948,pac,55.000,164.000,960.02,958.84,21.43,6.21,61.12,61.12,0.00,144521.26,12.36
699948,pac,38.250,226.750,999.83,999.61,8.70,1.88,38.81,40.52,0.00,0.00,3.03
699954,atl,63.000,5.000,980.25,979.75,8.38,2.13,28.79,40.36,0.00,0.00,4.69
699954,atl,62.000,-32.000,994.18,993.87,9.11,1.81,36.64,39.79,0.00,0.00,5.49
699954,atl,61.000,-78.500,996.26,996.07,10.10,2.41,34.57,34.57,0.00,0.00,4.34
699954,atl,53.000,0.750,990.09,989.38,9.80,2.73,43.86,44.80,0.00,0.00,6.10
699954,pac,59.500,180.750,962.99,962.16,21.42,5.67,62.17,62.17,0.00,75749.91,10.70
699954,pac,55.000,162.000,966.02,964.74,16.80,4.48,52.44,53.63,0.00,27351.37,10.51
699954,pac,37.000,229.000,1002.19,1002.04,6.38,1.25,36.27,36.27,0.00,0.00,2.63
699960,atl,63.250,6.250,982.02,981.54,6.62,1.61,25.01,38.60,0.00,0.00,6.04
699960,atl,61.500,-30.000,993.70,993.50,9.87,2.20,43.09,43.22,0.00,0.00,5.25
699960,atl,61.000,-77.500,996.67,996.44,8.90,2.09,32.53,32.53,0.00,0.00,4.22
699960,atl,52.750,7.500,988.29,987.37,10.23,2.91,47.03,47.03,0.00,0.00,5.33
699960,pac,60.750,182.000,963.88,963.29,22.89,6.03,63.34,63.34,0.00,78446.81,12.31
699960,pac,57.500,167.500,982.67,982.27,4.44,1.22,44.38,44.38,0.00,0.00,9.34
699960,pac,52.250,165.000,977.41,977.06,6.36,1.59,36.04,58.21,0.00,8230.61,8.05
699960,pac,48.250,161.000,975.99,974.68,12.39,3.70,66.31,66.31,13793.45,256898.01,7.13
699960,pac,37.000,209.250,1001.30,1000.11,13.02,4.12,49.88,49.88,0.00,0.00,8.07
699960,pac,35.750,229.750,1002.91,1002.78,4.89,1.03,35.05,35.05,0.00,0.00,1.89
699966,atl,64.000,-56.500,1003.90,1003.63,5.23,1.51,36.17,36.17,0.00,0.00,6.76
699966,atl,64.000,8.500,983.97,983.81,4.56,1.04,16.57,34.12,0.00,0.00,7.13
699966,atl,63.000,-75.750,996.02,995.85,9.15,1.96,30.67,30.67,0.00,0.00,4.14
699966,atl,61.000,-20.750,994.62,994.47,6.06,1.14,34.64,47.20,0.00,0.00,5.06
699966,atl,58.750,-12.000,994.49,994.34,4.24,0.96,31.93,38.87,0.00,0.00,3.24
699966,pac,63.000,183.750,967.05,966.43,22.63,5.77,54.83,54.83,0.00,49498.27,10.99
699966,pac,58.000,168.500,985.12,984.70,4.26,1.19,38.15,41.43,0.00,0.00,8.04
699966,pac,49.250,165.750,975.01,974.15,12.23,3.52,52.20,53.57,0.00,57875.51,7.29
699966,pac,48.500,182.750,990.86,990.40,9.20,2.26,41.11,48.33,0.00,0.00,4.59
699966,pac,35.250,208.750,1000.52,999.02,13.13,4.13,58.33,58.33,0.00,22760.79,8.41
699972,atl,65.000,-56.500,1002.50,1002.17,7.01,1.88,36.60,36.60,0.00,0.00,7.72
699972,atl,64.250,-35.250,1004.54,1004.02,5.84,1.62,38.77,39.96,0.00,0.00,13.72
699972,atl,63.500,-75.000,996.39,996.29,9.53,2.23,28.00,30.64,0.00,0.00,4.59
699972,atl,48.250,-6.250,1003.54,1002.50,6.60,1.89,42.04,42.04,0.00,0.00,4.09
699972,pac,65.000,184.000,974.19,973.68,18.55,4.58,49.98,49.98,0.00,0.00,9.25
699972,pac,51.500,184.500,986.74,986.00,10.85,2.30,54.14,54.23,0.00,38447.75,7.33
699972,pac,51.250,179.500,982.31,981.91,10.65,3.42,51.54,54.14,0.00,19665.60,7.33
699972,pac,50.500,162.500,981.23,980.86,9.46,1.94,47.47,50.73,0.00,2542.10,6.05
699972,pac,50.500,168.500,978.25,977.60,10.07,2.69,50.85,50.85,0.00,3525.91,5.75
699972,pac,34.000,213.000,1003.31,1003.16,7.11,1.25,39.76,49.81,0.00,0.00,5.30
699972,pac,33.000,209.250,1000.26,998.85,11.10,3.13,51.14,51.14,0.00,4547.64,5.30
699978,atl,66.000,-57.250,1001.82,1001.29,7.61,2.02,36.11,38.16,0.00,0.00,8.83
699978,atl,64.500,-33.750,1004.92,1004.31,6.50,1.64,28.72,41.11,0.00,0.00,13.03
699978,atl,64.000,-74.500,997.98,997.71,8.99,2.22,30.15,30.34,0.00,0.00,5.81
699978,atl,63.250,-52.250,1003.38,1002.86,6.84,2.41,38.19,38.19,0.00,0.00,10.13
699978,atl,49.250,1.500,999.21,998.52,6.94,2.10,35.65,40.92,0.00,0.00,4.79
699978,pac,54.250,186.500,975.91,974.89,20.35,5.35,71.83,71.83,15779.70,206714.92,9.57
699978,pac,51.750,170.250,981.48,980.92,8.10,2.17,45.64,45.64,0.00,0.00,4.55
699978,pac,48.000,166.750,980.92,980.19,12.88,3.36,48.58,52.15,0.00,17809.23,5.86
699978,pac,31.000,210.750,1001.20,1000.19,8.83,2.43,43.17,43.17,0.00,0.00,4.69
699984,atl,66.750,-57.500,1004.15,1003.58,6.32,1.66,36.15,36.15,0.00,0.00,10.13
699984,atl,64.750,-74.000,1000.96,1000.64,7.44,1.86,28.58,28.58,0.00,0.00,6.85
699984,atl,64.750,-32.000,1004.53,1004.17,7.74,1.90,32.44,39.99,0.00,0.00,15.84
699984,atl,56.500,-6.250,998.12,997.92,4.23,0.97,33.99,44.81,0.00,0.00,3.48
699984,atl,52.000,-77.750,991.99,991.70,12.07,2.83,39.62,39.62,0.00,0.00,5.02
699984,atl,50.250,9.750,995.76,995.06,8.55,2.21,48.40,48.40,0.00,0.00,13.73
699984,pac,55.750,188.500,977.54,977.02,19.62,5.62,74.32,76.44,57983.47,232923.39,12.18
699984,pac,52.250,170.500,985.65,985.34,6.90,1.64,32.29,40.15,0.00,0.00,4.36
699984,pac,47.500,169.000,985.83,985.32,11.35,2.94,55.83,55.83,0.00,10626.28,7.18
699990,atl,65.500,-74.000,1002.87,1002.75,6.14,1.55,24.52,25.56,0.00,0.00,6.57
699990,atl,65.250,-29.500,1003.50,1003.09,9.03,2.35,35.80,35.80,0.00,0.00,9.96
699990,atl,55.750,-67.500,997.15,996.61,8.34,2.22,31.60,32.27,0.00,0.00,5.88
699990,atl,53.250,-73.750,993.78,993.48,9.41,2.07,34.56,37.82,0.00,0.00,4.51
699990,pac,60.000,192.500,981.68,981.46,15.57,3.35,63.25,69.58,25132.75,122296.80,9.36
699990,pac,57.000,171.000,989.11,988.94,6.11,1.26,34.39,37.98,0.00,0.00,5.94
699990,pac,52.500,171.000,987.74,987.41,6.12,1.34,38.66,38.66,0.00,0.00,3.58
699990,pac,48.750,173.000,988.28,988.17,8.38,1.57,52.61,56.98,0.00,21552.07,5.94
699996,atl,67.750,5.500,990.96,990.88,4.91,1.11,37.44,41.41,0.00,0.00,4.74
699996,atl,67.750,5.750,990.96,990.88,4.78,1.05,35.11,41.41,0.00,0.00,4.74
699996,atl,66.250,-74.250,1003.94,1003.88,5.69,1.55,22.35,22.35,0.00,0.00,6.83
699996,atl,65.250,-27.750,1003.41,1002.86,9.61,2.70,33.83,35.11,0.00,0.00,11.41
699996,atl,58.500,-67.000,994.56,993.88,10.35,2.84,41.16,41.16,0.00,0.00,7.05
699996,atl,56.750,-77.750,999.38,999.21,4.98,1.22,36.18,37.40,0.00,0.00,5.59
699996,pac,64.500,193.250,986.09,985.81,10.71,2.49,38.33,50.79,0.00,353.83,6.42
699996,pac,64.500,209.750,999.71,998.65,5.23,2.34,51.20,51.20,0.00,2158.81,17.11
699996,pac,57.500,172.000,990.79,990.67,6.14,1.12,29.75,33.26,0.00,0.00,6.47
699996,pac,52.750,171.750,988.89,988.59,6.80,1.60,35.08,35.29,0.00,0.00,3.57
699996,pac,51.250,187.500,995.69,995.06,8.36,2.29,50.66,50.66,0.00,956.83,4.99
699996,pac,49.000,176.500,991.14,991.01,6.80,1.53,47.94,50.11,0.00,1615.27,4.19
700002,atl,67.250,6.000,992.52,992.44,4.94,1.17,36.47,39.24,0.00,0.00,3.72
700002,atl,67.000,-74.750,1004.74,1004.63,5.13,1.61,20.75,24.30,0.00,0.00,6.21
700002,atl,65.000,-25.750,1003.58,1003.03,8.85,2.81,38.10,49.85,0.00,0.00,10.08
700002,atl,60.000,-67.000,992.07,991.73,11.90,3.44,41.41,41.41,0.00,0.00,6.49
700002,pac,58.750,173.000,991.24,991.13,7.30,1.55,35.23,35.23,0.00,0.00,11.68
700002,pac,54.250,188.250,989.85,989.40,10.71,2.62,50.04,50.04,0.00,432.13,7.61
700002,pac,53.000,173.250,990.27,990.01,5.90,1.32,35.78,36.62,0.00,0.00,3.33
700002,pac,50.750,179.500,991.38,991.23,5.04,1.11,41.31,45.65,0.00,0.00,3.78
700002,pac,31.250,216.250,998.44,997.91,9.37,2.06,33.83,44.94,0.00,0.00,3.95
700008,atl,66.750,7.500,994.66,994.60,4.43,0.99,35.78,35.78,0.00,0.00,3.91
700008,atl,64.000,-24.250,1004.21,1003.49,7.62,2.66,38.62,47.99,0.00,0.00,6.63
700008,atl,63.750,-12.000,1001.20,1000.48,6.07,2.46,32.05,39.02,0.00,0.00,6.63
700008,atl,61.750,-62.500,990.17,989.50,14.99,3.19,43.65,44.70,0.00,0.00,9.26
700008,atl,61.000,-65.750,989.84,989.55,14.38,4.03,44.70,44.70,0.00,0.00,9.26
700008,pac,63.000,235.000,1004.82,1004.24,7.96,2.24,24.01,24.61,0.00,0.00,11.54
700008,pac,59.250,173.000,993.72,993.54,7.04,1.61,35.90,36.13,0.00,0.00,12.26
700008,pac,56.500,188.250,982.08,981.35,15.64,3.90,45.38,46.98,0.00,0.00,6.75
700008,pac,52.750,174.500,992.27,992.07,6.31,1.39,35.19,35.19,0.00,0.00,3.51
700008,pac,31.250,216.750,997.45,996.98,8.19,1.59,34.20,45.45,0.00,0.00,4.08
700014,atl,68.000,-14.250,1001.86,1001.77,6.78,2.12,55.54,55.54,0.00,14141.89,7.94
700014,atl,67.000,7.000,996.25,996.12,4.30,1.15,34.17,34.17,0.00,0.00,4.81
700014,atl,63.500,-9.500,998.34,997.73,8.32,2.83,38.66,39.12,0.00,0.00,6.99
700014,atl,62.750,-63.250,987.51,986.90,16.83,4.26,50.64,52.20,0.00,3219.63,10.50
700014,atl,44.000,-79.000,995.82,995.45,10.41,2.37,33.58,36.07,0.00,0.00,4.40
700014,atl,37.000,-40.250,1004.59,1003.78,11.90,3.46,53.50,53.50,0.00,3684.59,8.03
700014,pac,59.250,173.500,995.23,995.06,6.04,1.42,34.20,37.83,0.00,0.00,9.93
700014,pac,58.750,188.750,975.23,974.53,21.65,5.66,54.25,54.25,0.00,14855.07,8.03
700014,pac,53.250,176.000,994.08,993.92,5.82,1.29,38.42,38.42,0.00,0.00,3.89
700014,pac,32.250,217.500,997.70,997.34,8.80,1.65,40.56,44.27,0.00,0.00,3.99
700020,atl,67.000,-12.750,1002.59,1002.44,5.84,1.51,50.13,50.13,0.00,298.84,7.99
700020,atl,63.250,-63.000,988.73,988.16,15.13,4.11,54.72,55.69,0.00,14581.54,12.44
700020,atl,63.250,-6.500,995.46,995.23,10.72,3.27,42.52,44.51,0.00,0.00,7.42
700020,atl,46.750,-74.500,998.79,998.59,8.41,1.72,30.57,34.35,0.00,0.00,5.70
700020,pac,60.250,189.000,974.30,973.35,23.70,6.69,56.64,56.64,0.00,50318.77,9.27
700020,pac,33.500,217.000,997.54,997.25,9.75,1.79,41.37,44.92,0.00,0.00,4.31
700026,atl,68.500,-50.750,996.17,995.88,13.12,3.44,43.84,46.23,0.00,0.00,16.17
700026,atl,64.500,-58.000,992.06,992.00,11.90,2.64,50.41,50.41,0.00,1070.48,10.84
700026,atl,63.750,-4.250,993.19,992.81,11.97,3.82,45.68,45.68,0.00,0.00,9.07
700026,atl,50.250,-69.750,999.16,999.03,7.55,1.42,31.56,37.25,0.00,0.00,4.33
700026,atl,36.750,-39.250,1003.87,1003.23,11.96,3.30,49.99,49.99,0.00,0.00,5.80
700026,pac,62.000,191.000,976.84,976.31,23.27,6.53,55.80,55.80,0.00,28736.87,8.83
700026,pac,59.250,174.500,1001.36,1001.19,4.66,1.18,31.97,39.91,0.00,0.00,10.12
700026,pac,54.250,181.500,998.39,998.30,4.51,0.85,26.76,38.32,0.00,0.00,3.39
700026,pac,33.250,215.250,998.19,998.01,9.95,1.84,40.99,49.45,0.00,0.00,4.21
700032,atl,68.250,-6.000,1000.56,1000.33,6.89,2.17,41.12,47.41,0.00,0.00,6.18
700032,atl,67.250,-57.250,993.93,993.78,11.22,2.49,42.42,45.96,0.00,0.00,8.10
700032,atl,62.750,-2.250,991.77,991.41,14.03,3.92,54.27,54.27,0.00,7076.49,9.57
700032,atl,53.750,-64.750,999.96,999.86,7.26,1.63,29.76,34.74,0.00,0.00,4.88
700032,pac,63.750,192.500,982.12,981.56,20.33,5.58,47.89,47.89,0.00,0.00,7.21
700032,pac,59.500,174.000,1004.74,1004.54,5.98,1.63,31.06,36.18,0.00,0.00,9.87
700032,pac,53.000,187.250,1000.14,1000.02,5.63,1.11,35.99,35.99,0.00,0.00,3.25
700032,pac,32.500,214.500,996.87,996.70,9.61,1.83,40.58,43.33,0.00,0.00,3.54
700038,atl,68.500,-58.000,995.20,994.95,10.69,2.63,40.54,44.01,0.00,0.00,9.53
700038,atl,62.500,0.250,991.57,991.29,13.74,3.67,47.92,47.92,0.00,0.00,7.55
700038,atl,55.750,-57.750,997.08,996.83,9.52,1.98,35.05,39.34,0.00,0.00,5.28
700038,pac,64.750,194.000,987.95,987.55,15.48,4.23,44.55,44.55,0.00,0.00,7.25
700038,pac,53.500,189.000,998.84,998.48,8.12,2.09,28.64,32.11,0.00,0.00,3.13
700038,pac,31.750,215.750,999.27,999.11,8.40,1.76,37.78,37.78,0.00,0.00,3.09
700044,atl,63.750,-63.250,997.80,997.40,4.33,1.26,26.34,32.38,0.00,0.00,7.19
700044,atl,62.750,0.500,992.28,991.92,13.53,3.49,43.17,44.58,0.00,0.00,7.77
700044,atl,57.750,-54.000,992.34,991.92,12.86,2.85,45.11,47.27,0.00,0.00,5.62
700044,atl,54.500,-9.000,1002.54,1002.02,9.58,2.44,40.58,41.34,0.00,0.00,4.81
700044,pac,53.250,189.250,999.58,999.21,10.07,2.55,36.27,39.92,0.00,0.00,4.39
700044,pac,32.250,216.000,999.20,998.88,8.70,2.01,36.10,36.10,0.00,0.00,3.27
700050,atl,64.000,-62.750,994.43,994.02,5.44,1.66,38.83,49.78,0.00,0.00,7.11
700050,atl,62.250,1.500,993.49,993.25,12.31,3.32,36.48,42.68,0.00,0.00,7.32
700050,atl,59.500,-51.250,984.28,983.72,17.88,4.24,54.39,57.29,0.00,44863.51,15.58
700050,atl,54.500,-2.500,999.76,999.23,10.10,2.70,42.95,42.95,0.00,0.00,4.62
700050,pac,56.750,205.750,1004.59,1004.35,6.14,1.57,37.07,37.07,0.00,0.00,6.37
700050,pac,52.250,191.500,1001.33,1000.92,10.06,2.50,44.94,44.94,0.00,0.00,4.36
700050,pac,31.750,216.250,1001.04,1000.91,7.92,1.78,36.19,36.19,0.00,0.00,2.86
700056,atl,62.500,3.250,995.01,994.73,10.78,2.98,39.91,39.91,0.00,0.00,11.49
700056,atl,60.500,-50.250,978.60,977.53,20.27,5.95,62.41,62.41,0.00,180703.96,12.31
700056,atl,59.750,-41.000,987.02,985.85,11.66,3.12,44.75,51.46,0.00,1568.83,12.31
700056,atl,55.750,3.750,996.00,995.15,12.00,3.45,48.62,48.62,0.00,0.00,6.32
700056,pac,57.750,164.750,1003.35,1003.09,8.84,1.80,38.77,46.67,0.00,0.00,8.12
700056,pac,51.000,193.000,1004.51,1004.02,9.91,2.59,43.08,43.08,0.00,0.00,4.22
700056,pac,31.000,216.500,1000.55,1000.38,6.97,1.45,31.69,33.10,0.00,0.00,2.61
700062,atl,69.000,-63.250,991.04,990.27,8.14,2.25,47.98,47.98,0.00,0.00,9.52
700062,atl,68.250,-50.250,988.61,988.36,9.86,2.95,43.33,43.33,0.00,0.00,11.89
700062,atl,62.500,3.000,996.61,996.35,9.24,2.58,35.20,38.92,0.00,0.00,9.82
700062,atl,61.250,-38.750,978.21,977.36,17.69,4.86,50.63,66.37,1551.37,41998.57,10.11
700062,atl,60.500,-46.500,984.17,982.95,12.92,3.71,66.37,66.37,1551.37,189610.53,10.11
700062,atl,57.250,7.250,992.19,991.32,14.47,4.42,52.16,52.16,0.00,8390.80,9.02
700068,atl,66.250,-49.750,991.20,990.89,4.07,1.35,32.97,38.14,0.00,0.00,11.02
700068,atl,61.750,-37.750,973.80,973.09,21.52,5.36,60.50,66.77,14572.70,156429.45,11.02
700068,atl,61.250,3.250,997.71,997.58,7.91,2.03,34.03,39.71,0.00,0.00,8.32
700068,atl,58.000,9.000,991.72,990.84,14.35,4.02,48.96,48.96,0.00,0.00,8.11
700068,pac,49.750,207.500,1001.88,1001.42,7.78,2.05,30.80,30.80,0.00,0.00,3.53
700074,atl,65.750,-55.000,993.58,993.10,5.92,1.72,39.24,39.90,0.00,0.00,6.91
700074,atl,61.750,-35.750,972.09,971.48,22.23,4.94,60.03,72.55,19667.31,228018.23,16.74
700074,pac,52.500,160.500,974.67,974.27,17.53,4.21,64.01,66.17,4209.73,170483.86,14.15
700074,pac,51.000,208.000,996.73,996.06,11.14,3.03,37.47,37.47,0.00,0.00,4.59
700080,atl,68.750,-61.250,998.08,997.72,4.13,1.25,35.27,35.27,0.00,0.00,5.66
700080,atl,66.000,-55.500,995.64,994.85,7.21,2.20,34.37,35.52,0.00,0.00,5.71
700080,atl,61.750,-33.000,970.73,970.13,21.45,4.37,55.70,74.33,37267.43,238552.91,10.99
700080,pac,56.000,163.000,970.08,969.50,19.71,4.45,64.47,64.47,913.89,225707.60,10.60
700080,pac,52.000,207.250,992.92,992.20,13.71,3.76,43.66,43.66,0.00,0.00,5.23
700080,pac,48.000,214.000,1000.26,1000.15,4.89,1.07,32.47,34.51,0.00,0.00,3.76
700086,atl,68.750,-60.750,999.65,999.26,4.74,1.36,31.89,32.66,0.00,0.00,6.52
700086,atl,66.750,-55.750,997.43,996.47,7.20,2.18,32.66,32.72,0.00,0.00,6.52
700086,atl,62.500,-31.750,969.49,969.01,21.10,4.25,62.54,72.98,21799.98,191560.25,11.27
700086,atl,60.750,5.250,996.43,996.15,6.22,1.33,35.82,35.82,0.00,0.00,3.50
700086,atl,60.000,-79.750,1000.37,1000.24,9.65,2.16,41.01,41.01,0.00,0.00,5.32
700086,atl,58.500,9.250,995.63,995.43,7.15,1.48,35.29,35.82,0.00,0.00,3.50
700086,pac,59.250,164.500,965.03,964.36,26.44,6.14,64.68,64.88,4281.71,213173.23,18.98
700086,pac,51.500,207.000,990.91,990.44,14.24,3.70,54.15,54.15,0.00,21474.81,6.03
700086,pac,50.250,215.000,994.56,994.31,7.57,1.80,38.94,38.94,0.00,0.00,4.10
700092,atl,67.250,-56.000,998.03,997.05,7.38,2.30,37.40,37.40,0.00,0.00,7.48
700092,atl,62.750,-72.500,1002.93,1002.66,4.66,1.06,29.08,39.19,0.00,0.00,3.84
700092,atl,62.750,-33.000,970.46,970.02,21.47,4.59,66.03,68.17,13391.37,141831.51,13.57
700092,atl,59.750,-78.250,1002.62,1002.36,8.06,1.74,44.22,44.28,0.00,0.00,4.59
700092,pac,60.750,165.000,970.36,968.79,22.81,5.87,54.81,66.28,813.28,81876.48,12.98
700092,pac,52.250,215.000,990.61,990.35,8.22,1.90,40.03,41.94,0.00,0.00,3.92
700092,pac,50.000,207.750,987.93,987.65,14.04,3.52,59.02,59.02,0.00,129056.72,6.12
700098,atl,68.000,-56.500,998.49,997.70,6.92,2.29,35.52,35.52,0.00,0.00,8.56
700098,atl,62.250,-32.750,972.45,972.00,19.80,4.35,54.30,63.59,0.00,116617.43,10.38
700098,atl,61.750,-68.000,1000.36,999.96,7.63,2.00,36.57,36.57,0.00,0.00,3.80
700098,atl,59.250,-11.500,989.94,989.75,6.27,1.63,40.59,47.12,0.00,0.00,5.39
700098,atl,51.750,-6.750,992.58,991.58,9.47,2.93,42.74,42.74,0.00,0.00,5.31
700098,pac,62.250,166.500,979.05,977.80,14.43,3.29,43.35,70.37,3506.60,18293.73,12.56
700098,pac,60.500,160.000,975.40,973.93,17.00,5.23,70.37,70.37,3506.60,37034.04,16.22
700098,pac,53.500,215.000,988.43,988.20,8.83,2.03,33.46,40.92,0.00,0.00,4.27
700098,pac,48.250,209.250,986.62,986.35,13.84,3.56,61.13,62.01,0.00,193157.41,6.16
700104,atl,69.000,-57.250,998.34,997.63,7.56,2.67,34.53,34.53,0.00,0.00,7.98
700104,atl,62.500,-66.000,999.63,999.20,8.63,2.14,37.47,37.47,0.00,0.00,5.56
700104,atl,62.000,-31.000,977.94,977.48,15.66,3.48,51.52,61.52,0.00,72694.57,7.05
700104,atl,60.750,-12.250,989.73,989.38,5.98,1.49,47.13,47.13,0.00,0.00,7.55
700104,atl,53.000,-5.250,990.01,988.68,9.14,2.94,45.96,45.96,0.00,0.00,6.68
700104,pac,65.250,227.000,1003.52,1002.04,4.74,0.97,18.19,19.32,0.00,0.00,6.13
700104,pac,63.750,175.000,985.21,985.00,12.21,2.68,41.09,44.92,0.00,0.00,9.05
700104,pac,61.750,164.250,983.20,982.14,11.31,3.02,48.59,48.59,0.00,0.00,11.01
700104,pac,54.000,214.250,987.73,987.34,8.87,2.20,36.25,43.00,0.00,0.00,4.70
700104,pac,47.250,210.750,987.47,987.29,12.08,2.85,55.34,60.33,0.00,136070.60,5.74
700110,atl,69.000,-60.250,998.32,997.40,8.02,3.33,35.98,35.98,0.00,0.00,8.64
700110,atl,63.500,-57.500,998.22,997.86,9.52,2.52,38.93,40.79,0.00,0.00,6.16
700110,atl,61.500,-28.750,981.57,981.14,13.87,3.32,53.80,61.18,0.00,92082.16,5.89
700110,atl,53.750,-4.500,988.55,987.73,8.37,2.64,41.09,41.09,0.00,0.00,4.58
700110,atl,50.750,-1.000,991.32,990.70,7.20,1.73,33.55,41.09,0.00,0.00,4.58
700110,pac,65.000,227.500,998.39,996.83,7.02,1.29,21.59,26.94,0.00,0.00,7.80
700110,pac,64.500,176.500,984.98,984.34,11.29,2.70,39.25,42.48,0.00,0.00,9.18
700110,pac,64.500,223.000,998.51,997.62,4.80,1.44,17.60,20.21,0.00,0.00,7.95
700110,pac,63.000,168.000,988.74,988.04,6.28,1.24,29.74,44.80,0.00,0.00,6.59
700110,pac,53.750,213.250,989.61,989.15,7.61,2.11,40.42,45.14,0.00,0.00,4.97
700110,pac,48.250,162.750,988.90,987.96,13.08,3.60,47.32,47.32,0.00,0.00,5.43
700110,pac,46.250,212.500,989.23,989.14,10.81,2.32,47.83,58.05,0.00,68017.01,5.11
700116,atl,69.000,-61.250,998.52,997.20,9.07,3.61,39.67,42.70,0.00,0.00,9.09
700116,atl,64.500,-57.750,996.25,995.87,11.45,3.29,43.88,43.88,0.00,0.00,9.09
700116,atl,63.750,6.000,996.86,996.74,4.40,1.40,28.14,28.14,0.00,0.00,3.55
700116,atl,61.500,-26.250,985.56,985.10,13.18,3.41,55.74,58.48,0.00,118664.21,6.06
700116,atl,53.500,-3.750,988.99,988.19,7.35,2.20,44.13,44.13,0.00,0.00,4.09
700116,atl,51.250,1.000,989.24,988.67,8.13,1.97,34.24,44.13,0.00,0.00,3.94
700116,atl,41.000,-68.000,1004.80,1004.14,7.86,2.08,45.53,45.53,0.00,0.00,4.41
700116,pac,65.000,188.250,988.35,987.83,9.11,2.06,33.10,34.80,0.00,0.00,5.72
700116,pac,64.750,180.750,987.17,986.72,9.17,2.15,34.20,36.92,0.00,0.00,8.39
700116,pac,64.250,233.500,996.53,995.64,8.20,2.14,30.57,33.92,0.00,0.00,7.33
700116,pac,56.000,216.500,988.29,988.09,9.88,2.11,32.78,39.66,0.00,0.00,12.62
700116,pac,50.750,167.000,981.23,979.90,16.21,4.56,57.15,57.15,0.00,44200.54,7.91
700116,pac,44.750,214.250,991.63,991.54,9.08,1.73,42.24,50.62,0.00,3829.26,4.22
700116,pac,41.500,225.500,997.22,996.45,7.32,2.15,48.32,48.77,0.00,0.00,6.72
700122,atl,64.500,-37.250,994.76,993.77,9.86,2.76,51.76,51.90,0.00,4566.17,13.71
700122,atl,64.250,-57.750,996.81,996.50,11.71,3.24,46.05,51.47,0.00,6038.49,7.64
700122,atl,63.500,5.750,997.51,997.39,4.21,1.40,28.09,30.60,0.00,0.00,4.66
700122,atl,61.250,-24.500,989.83,989.47,11.82,3.08,57.72,57.72,0.00,145947.69,8.11
700122,atl,52.250,2.250,987.41,986.65,9.80,2.42,32.77,36.27,0.00,0.00,4.28
700122,atl,42.500,-66.250,1002.88,1002.64,8.22,1.85,39.90,45.54,0.00,0.00,4.23
700122,atl,40.500,0.500,998.61,997.63,8.10,2.05,46.45,49.05,0.00,0.00,7.97
700122,pac,65.750,190.500,987.03,986.60,8.49,1.94,32.62,32.62,0.00,0.00,5.30
700122,pac,65.000,181.750,986.54,986.07,7.65,1.79,30.26,31.83,0.00,0.00,8.05
700122,pac,63.000,234.750,999.68,998.83,4.53,1.20,25.53,33.25,0.00,0.00,9.33
700122,pac,56.000,215.500,988.27,987.91,10.57,2.63,34.71,39.10,0.00,0.00,6.50
700122,pac,53.000,171.500,970.74,969.89,21.98,6.18,64.72,64.72,2878.43,136352.96,10.09
700122,pac,46.000,226.250,993.21,992.41,9.90,3.01,58.79,58.79,0.00,22671.62,6.08
700122,pac,43.750,216.500,991.17,991.00,9.65,1.91,41.64,53.00,0.00,18801.78,4.54
700128,atl,65.000,-39.000,992.39,991.32,13.24,3.95,54.54,54.54,0.00,17470.86,14.57
700128,atl,64.250,-55.250,1001.31,1000.98,8.89,2.71,48.66,48.66,0.00,0.00,7.49
700128,atl,64.000,-27.250,996.19,996.01,7.85,1.49,40.68,54.12,0.00,13842.85,10.67
700128,atl,63.750,5.250,998.58,998.41,4.14,1.23,26.43,34.71,0.00,0.00,4.84
700128,atl,60.500,-21.250,994.04,993.77,9.56,2.57,54.85,54.85,0.00,63079.24,6.85
700128,atl,53.250,3.000,985.85,985.16,11.39,2.94,34.79,35.91,0.00,0.00,4.70
700128,atl,44.000,-65.000,1000.60,1000.29,9.75,2.08,40.70,40.72,0.00,0.00,4.60
700128,atl,42.500,6.500,994.44,994.11,8.17,1.81,43.41,45.65,0.00,0.00,9.71
700128,pac,64.750,180.750,984.14,983.55,6.46,1.60,32.74,32.74,0.00,0.00,8.85
700128,pac,61.750,225.250,995.00,994.60,6.18,1.58,34.08,36.86,0.00,0.00,15.04
700128,pac,59.250,217.000,991.21,990.93,7.91,2.08,35.73,35.73,0.00,0.00,15.04
700128,pac,54.000,176.250,965.95,965.37,23.23,6.30,67.64,67.64,14900.07,282169.24,10.95
700128,pac,48.750,225.750,990.98,990.34,10.66,3.56,52.49,52.49,0.00,8987.24,7.07
700128,pac,44.250,217.750,989.21,988.88,11.11,2.46,38.90,53.70,0.00,16017.85,4.43
700134,atl,63.750,3.500,999.08,998.99,4.26,1.00,23.54,39.80,0.00,0.00,6.22
700134,atl,63.500,-37.250,991.72,991.49,14.54,2.70,63.89,65.10,350.83,94100.00,17.09
700134,atl,59.750,-10.250,997.18,997.08,4.40,1.03,32.92,53.03,0.00,3287.45,4.74
700134,atl,59.000,-17.000,997.02,996.69,7.33,1.93,54.60,54.60,0.00,30614.31,4.90
700134,atl,54.000,2.250,984.32,983.81,12.82,3.41,35.55,36.53,0.00,0.00,4.26
700134,atl,46.750,-61.750,994.75,994.29,13.02,2.77,45.46,51.26,0.00,993.45,9.25
700134,atl,43.500,9.750,989.17,988.33,10.82,2.51,47.46,47.46,0.00,0.00,9.58
700134,pac,64.500,228.750,992.27,991.63,7.78,2.42,27.92,34.61,0.00,0.00,9.11
700134,pac,59.000,188.000,961.23,960.83,16.79,3.39,50.42,61.13,0.00,71412.33,7.79
700134,pac,55.250,165.500,993.35,992.51,5.18,1.94,46.88,46.88,0.00,0.00,6.85
700134,pac,54.000,216.250,995.19,994.87,4.54,1.56,39.65,55.24,0.00,948.87,6.23
700134,pac,52.250,224.750,990.29,989.41,12.10,4.03,61.71,61.71,0.00,15747.11,8.31
700134,pac,44.250,218.000,991.42,991.24,11.21,2.58,41.18,45.14,0.00,0.00,4.65
700140,atl,64.500,-35.250,992.93,992.83,14.98,2.52,52.57,57.90,0.00,26805.82,17.36
700140,atl,56.750,-12.500,998.78,998.55,5.86,1.38,49.85,49.85,0.00,0.00,4.26
700140,atl,54.000,1.500,985.21,984.72,12.70,3.34,36.33,39.96,0.00,0.00,4.76
700140,atl,49.000,-60.000,990.23,989.52,15.64,4.10,47.71,47.71,0.00,0.00,9.64
700140,pac,63.250,234.750,988.97,987.80,10.11,2.71,45.81,45.81,0.00,0.00,11.52
700140,pac,60.750,190.250,954.16,953.87,19.95,4.27,53.34,60.78,0.00,72433.19,7.74
700140,pac,55.500,167.750,992.32,991.49,7.08,2.25,45.97,45.97,0.00,0.00,6.47
700140,pac,55.000,223.750,991.52,990.56,12.21,4.38,45.41,45.83,0.00,0.00,8.61
700140,pac,44.000,219.000,995.72,995.61,8.75,1.81,39.00,39.00,0.00,0.00,4.66
700146,atl,64.250,-36.000,995.81,995.60,13.28,2.69,47.13,49.63,0.00,0.00,19.73
700146,atl,54.000,1.000,986.78,986.38,11.81,3.08,33.09,44.19,0.00,0.00,4.45
700146,atl,52.250,-53.000,987.51,987.03,15.47,3.16,49.48,49.48,0.00,0.00,7.15
700146,pac,61.250,191.750,952.53,952.22,19.84,4.43,61.62,61.62,0.00,195793.82,9.34
700146,pac,57.250,222.750,994.94,994.42,6.58,2.95,50.31,50.31,0.00,415.21,14.19
700146,pac,55.500,171.000,990.37,989.83,7.76,2.51,53.07,53.07,0.00,8082.94,6.87
700146,pac,45.750,220.500,998.49,998.41,7.83,1.36,36.01,36.96,0.00,0.00,3.41
700152,atl,63.750,-37.000,999.31,999.15,8.55,2.18,32.99,49.59,0.00,0.00,15.46
700152,atl,59.250,-12.000,1001.90,1001.85,4.13,1.17,28.44,28.82,0.00,0.00,2.42
700152,atl,53.750,-52.250,983.50,982.75,16.93,4.05,50.20,50.20,0.00,1739.67,6.47
700152,atl,53.500,0.750,989.45,988.94,10.60,2.72,32.95,33.16,0.00,0.00,4.39
700152,atl,52.000,-73.250,1004.81,1004.43,5.76,1.62,20.80,32.96,0.00,0.00,4.75
700152,atl,43.750,8.500,994.32,993.96,5.35,1.73,35.67,41.56,0.00,0.00,13.12
700152,pac,62.750,193.500,955.76,955.40,17.80,3.92,60.47,63.36,0.00,126611.97,7.34
700152,pac,46.750,221.250,1000.69,1000.62,6.29,1.15,29.34,31.10,0.00,0.00,2.91
700158,atl,54.500,-51.250,977.50,976.07,21.78,6.72,59.05,59.05,0.00,79343.21,13.89
700158,atl,53.000,0.500,992.28,991.82,8.83,2.22,32.51,39.98,0.00,0.00,4.44
700158,atl,46.000,-73.250,1003.79,1003.54,8.02,2.28,31.46,34.01,0.00,0.00,6.50
700158,atl,43.500,7.750,996.35,995.91,4.93,1.64,36.73,37.53,0.00,0.00,9.00
700158,pac,63.250,195.750,958.10,958.00,16.75,3.26,52.67,55.66,0.00,43564.23,8.50
700164,atl,57.000,-45.750,976.28,975.59,20.45,5.19,65.05,69.77,25077.23,159681.75,11.33
700164,atl,51.750,1.250,997.51,997.31,5.69,1.35,27.37,35.36,0.00,0.00,3.05
700164,atl,46.750,-70.250,1002.68,1002.39,8.98,2.37,31.13,33.25,0.00,0.00,7.52
700164,atl,42.000,9.750,999.28,999.02,4.76,0.94,34.65,38.10,0.00,0.00,6.21
700164,pac,64.500,197.000,961.89,961.73,16.38,3.08,43.88,53.43,0.00,24188.84,9.03
700170,atl,59.750,-36.500,970.90,969.81,21.02,4.56,54.60,64.64,869.84,132817.57,10.12
700170,atl,50.500,1.500,1001.93,1001.76,4.50,1.22,33.28,33.28,0.00,0.00,3.25
700170,atl,46.000,-66.500,1001.30,1001.23,8.77,1.78,38.38,40.64,0.00,0.00,6.71
700170,pac,65.500,198.000,964.85,964.68,15.11,3.23,44.45,50.80,0.00,637.85,8.51
700170,pac,60.000,160.000,1000.72,1000.35,4.23,1.33,31.54,31.54,0.00,0.00,11.54
700176,atl,61.500,-28.500,966.27,965.21,22.52,4.58,54.60,71.75,21866.02,185096.90,10.97
700176,atl,60.250,-69.750,1000.72,1000.49,5.54,1.67,28.80,29.66,0.00,0.00,3.68
700176,atl,45.750,-63.750,999.29,999.09,9.06,1.73,40.31,43.63,0.00,0.00,4.95
700176,pac,62.250,220.500,978.62,977.76,6.68,2.15,28.09,39.56,0.00,0.00,9.11
700182,atl,61.750,-22.000,964.74,964.19,21.20,3.57,54.52,81.88,77810.45,216924.56,15.16
700182,atl,61.500,-25.250,964.58,964.03,22.70,4.74,73.75,81.88,105088.32,252150.02,12.51
700182,atl,61.000,-70.500,999.60,999.38,7.42,2.07,33.71,34.39,0.00,0.00,5.15
700182,atl,60.250,-62.750,1000.45,1000.11,7.47,1.93,36.34,36.34,0.00,0.00,5.15
700182,atl,53.250,-78.750,993.28,993.08,7.39,1.52,24.83,24.83,0.00,0.00,4.20
700182,atl,47.500,-61.500,993.06,992.80,10.70,2.37,46.15,47.92,0.00,0.00,6.42
700182,pac,65.250,221.500,978.60,978.21,4.04,1.06,25.51,25.51,0.00,0.00,12.13
700182,pac,64.500,196.500,970.87,970.15,13.81,3.02,44.92,48.60,0.00,0.00,7.86
700182,pac,62.500,221.500,978.58,978.09,5.98,1.83,23.01,34.57,0.00,0.00,12.13
700182,pac,53.500,196.250,989.49,988.08,10.92,3.57,60.15,60.15,0.00,182160.20,6.76
700188,atl,62.000,-18.000,964.31,963.86,21.66,4.00,59.83,75.19,66538.81,179710.25,12.59
700188,atl,61.500,-66.500,1000.27,999.82,8.85,1.98,52.27,52.27,0.00,9037.00,6.03
700188,atl,59.750,-71.500,1000.38,1000.05,6.30,1.74,29.66,49.97,0.00,0.00,6.03
700188,atl,51.000,-73.250,995.00,994.52,6.38,1.64,23.51,30.71,0.00,0.00,4.52
700188,atl,49.250,-60.250,988.29,987.87,10.26,2.39,40.31,47.15,0.00,0.00,9.17
700188,pac,66.000,225.750,978.35,977.91,5.00,1.22,22.04,22.04,0.00,0.00,8.58
700188,pac,65.250,222.250,978.21,977.74,5.34,1.52,21.68,24.70,0.00,0.00,15.68
700188,pac,64.750,197.500,973.55,972.95,13.32,2.80,44.16,49.54,0.00,0.00,8.10
700188,pac,54.250,201.750,986.01,985.48,12.79,3.87,65.76,65.76,1403.26,122489.27,9.24
700194,atl,61.500,-70.500,1000.13,999.63,10.21,2.75,50.24,50.24,0.00,713.65,7.13
700194,atl,60.750,-11.500,965.59,965.27,19.34,3.03,66.12,69.42,63541.94,226043.40,8.61
700194,atl,50.750,-59.000,982.31,981.70,10.01,2.06,41.61,47.68,0.00,0.00,5.89
700194,atl,47.750,-54.000,979.53,978.97,14.03,3.73,48.57,48.57,0.00,0.00,5.89
700194,pac,65.750,227.250,978.83,978.03,5.88,1.58,19.45,24.51,0.00,0.00,12.55
700194,pac,65.000,198.000,976.34,975.86,12.60,2.61,46.15,48.11,0.00,0.00,8.11
700194,pac,54.500,207.250,985.28,984.75,12.86,3.73,62.87,62.87,0.00,61568.69,6.76
700200,atl,61.000,-6.500,966.83,966.41,18.55,3.14,45.53,66.47,2948.98,51501.00,7.43
700200,atl,59.750,-72.500,1003.46,1003.11,7.00,1.96,40.62,52.73,0.00,713.65,8.00
700200,atl,50.250,-51.250,967.54,967.08,20.85,5.18,59.85,64.63,2290.16,149628.12,9.28
700200,pac,65.250,198.750,980.61,980.42,10.66,2.11,43.06,46.75,0.00,0.00,7.97
700200,pac,63.500,234.750,979.52,979.07,7.42,1.52,20.70,26.93,0.00,0.00,11.08
700200,pac,55.000,211.000,987.45,987.03,9.85,2.70,58.14,58.14,0.00,93567.55,5.01
700200,pac,52.000,183.750,994.70,994.24,6.26,1.74,35.39,48.52,0.00,0.00,3.92
700206,atl,60.250,-5.500,972.53,972.31,17.03,3.05,47.63,55.69,0.00,7509.77,5.76
700206,atl,53.750,-52.000,961.40,960.87,22.84,4.99,61.95,63.82,0.00,234371.05,8.08
700206,pac,66.000,200.250,983.95,983.77,9.21,2.22,36.48,41.74,0.00,0.00,8.43
700206,pac,65.750,237.750,982.27,982.12,6.27,1.26,27.72,27.72,0.00,0.00,8.39
700206,pac,63.750,195.000,984.28,983.86,9.47,2.31,41.81,45.03,0.00,0.00,7.95
700206,pac,62.250,236.250,982.03,981.30,8.45,2.05,37.31,37.31,0.00,0.00,9.72
700206,pac,55.500,213.500,988.42,988.00,9.60,2.54,56.45,56.45,0.00,57038.05,5.17
700206,pac,52.250,187.000,987.96,987.38,10.28,3.01,42.91,43.51,0.00,0.00,6.18
700212,atl,59.750,-2.250,981.16,980.84,14.49,2.93,38.26,47.80,0.00,0.00,6.19
700212,atl,54.750,-52.000,959.48,959.11,24.74,4.97,63.43,71.98,35662.81,229096.65,8.87
700212,pac,66.000,200.500,987.79,987.51,7.84,1.97,36.80,40.63,0.00,0.00,9.74
700212,pac,63.000,194.750,987.19,986.75,8.33,2.34,41.88,42.48,0.00,0.00,7.62
700212,pac,55.750,216.000,991.54,991.31,7.87,1.68,48.70,48.70,0.00,0.00,4.08
700212,pac,52.000,195.250,982.90,982.19,12.20,2.87,44.62,58.33,0.00,20944.73,7.49
700212,pac,51.500,189.500,984.25,983.83,12.81,3.51,58.33,58.33,0.00,32782.26,8.01
700218,atl,60.250,-0.250,988.08,987.62,13.15,2.94,41.74,41.74,0.00,0.00,7.39
700218,atl,56.000,-52.500,958.30,957.93,27.30,6.45,72.25,72.25,50812.52,168051.83,12.35
700218,atl,43.500,7.750,996.90,996.50,11.12,3.45,51.10,51.10,0.00,3423.02,21.82
700218,pac,62.500,195.000,988.15,987.85,7.51,2.07,42.29,43.55,0.00,0.00,7.74
700218,pac,56.500,220.750,992.99,992.81,8.24,1.76,42.79,42.79,0.00,0.00,9.13
700218,pac,52.500,199.250,976.49,975.85,14.48,3.35,55.18,55.18,0.00,19194.76,6.04
700224,atl,60.750,0.500,994.70,994.31,11.42,2.69,43.81,43.81,0.00,0.00,7.26
700224,atl,54.750,-53.500,961.02,960.45,27.64,6.79,66.44,66.44,5521.66,164921.73,10.69
700224,atl,53.000,-40.500,984.18,983.17,8.54,2.76,54.67,54.67,0.00,37404.79,6.05
700224,atl,42.250,8.250,995.99,995.20,12.08,3.05,60.19,60.19,0.00,77151.13,19.50
700224,pac,61.500,195.500,988.84,988.64,6.30,1.62,37.63,42.33,0.00,0.00,4.44
700224,pac,57.500,220.500,994.07,993.71,6.48,1.71,35.04,36.71,0.00,0.00,9.77
700224,pac,53.000,203.000,970.69,969.84,16.70,4.18,55.71,55.71,0.00,50627.59,7.90
700230,atl,61.000,1.250,999.19,998.93,9.85,2.47,38.44,38.44,0.00,0.00,6.81
700230,atl,56.750,-39.250,979.16,977.62,12.76,4.07,51.79,54.32,0.00,13187.23,9.09
700230,atl,53.500,-52.250,966.99,966.30,23.91,5.99,55.38,55.53,0.00,74548.61,9.73
700230,pac,53.750,204.000,967.43,966.74,17.60,4.67,62.48,63.90,0.00,101851.33,8.34
700230,pac,46.250,163.750,992.47,991.58,14.03,3.57,44.31,44.82,0.00,0.00,5.99
700236,atl,59.000,-39.000,978.13,976.40,15.00,4.52,52.82,52.86,0.00,9296.97,11.76
700236,atl,52.500,-50.000,975.05,974.55,19.23,4.77,50.37,55.52,0.00,30456.63,7.52
700236,pac,53.500,204.750,966.40,966.02,15.36,3.61,63.34,63.34,0.00,125436.83,8.07
700236,pac,46.500,173.500,992.82,991.96,12.38,3.15,46.21,46.84,0.00,0.00,5.20
700242,atl,60.750,-38.750,977.20,976.57,16.30,4.80,57.91,65.16,4263.94,45343.16,12.45
700242,atl,52.000,-47.250,978.00,977.47,17.54,4.40,51.63,52.37,0.00,50116.39,6.90
700242,pac,58.000,208.250,964.00,963.48,14.59,3.22,56.16,63.21,0.00,19331.08,14.85
700242,pac,52.500,207.500,965.42,965.20,14.86,3.51,67.78,67.78,8740.48,109212.29,8.22
700242,pac,46.250,181.000,987.75,986.58,12.83,3.38,49.72,49.72,0.00,0.00,6.27
700248,atl,61.250,-48.250,986.03,985.60,10.34,2.33,49.84,61.73,0.00,115279.46,18.25
700248,atl,61.250,-40.000,976.75,976.17,15.36,5.18,61.73,63.12,0.00,51695.90,11.00
700248,atl,54.250,-33.250,989.37,988.51,7.26,2.29,51.38,57.03,0.00,24043.53,5.82
700248,atl,52.250,-43.500,983.77,983.40,13.27,3.36,52.22,52.22,0.00,38362.70,5.80
700248,pac,56.500,207.500,962.74,962.41,12.11,2.85,49.19,56.34,0.00,15440.84,9.53
700248,pac,45.250,189.250,982.82,981.81,12.55,3.08,55.70,55.70,0.00,117935.77,5.75
700254,atl,60.750,-40.250,977.33,976.10,12.82,4.24,52.90,52.90,0.00,4676.46,10.87
700254,atl,57.750,-29.250,979.89,977.77,15.30,5.12,62.54,62.54,0.00,80398.85,14.37
700254,atl,53.750,-39.500,987.18,986.78,8.98,2.26,51.44,51.92,0.00,18855.67,4.67
700254,pac,62.750,221.250,976.78,975.92,9.54,2.81,47.49,69.86,804.66,7195.73,13.25
700254,pac,57.250,209.250,963.31,963.18,12.77,2.83,49.58,53.21,0.00,8392.11,8.01
700254,pac,44.750,197.250,972.72,971.33,18.56,4.95,65.20,65.20,5068.05,204298.33,7.94
700260,atl,63.000,-49.750,988.37,988.10,11.44,2.98,57.91,58.05,0.00,109349.31,19.37
700260,atl,62.500,-25.750,975.65,974.91,19.54,5.65,63.14,63.14,0.00,99179.32,9.33
700260,atl,60.750,-39.000,982.34,981.57,8.68,3.05,42.97,48.28,0.00,0.00,7.22
700260,pac,65.750,230.750,984.28,981.77,8.59,2.57,40.55,42.05,0.00,0.00,17.69
700260,pac,63.000,221.250,976.24,975.58,9.52,2.49,67.02,67.02,1147.45,18199.77,17.69
700260,pac,59.000,210.000,965.94,965.67,12.84,3.19,53.97,54.60,0.00,29535.54,13.91
700260,pac,45.250,203.250,965.00,964.26,21.82,5.45,67.80,70.80,50426.85,284213.80,10.65
700266,atl,64.500,-25.750,974.88,974.06,19.38,5.70,55.59,68.57,8842.48,99305.02,15.34
700266,atl,63.500,-49.500,991.03,990.59,9.25,2.56,55.61,55.61,0.00,61867.54,18.69
700266,atl,63.500,-36.000,984.69,984.19,7.25,1.89,50.57,50.57,0.00,1272.64,11.51
700266,atl,61.000,-37.000,985.07,984.58,7.24,2.26,40.15,49.54,0.00,0.00,8.82
700266,pac,60.750,208.500,972.49,972.29,10.47,2.78,55.76,58.61,0.00,16866.85,14.64
700266,pac,58.250,201.500,976.25,975.85,5.59,1.18,33.12,35.37,0.00,0.00,7.73
700266,pac,45.750,208.000,958.47,957.99,26.39,5.65,79.54,82.24,133527.79,394786.12,10.50
700272,atl,69.000,-14.500,983.53,983.15,17.34,3.86,73.85,73.85,33378.68,143030.01,23.53
700272,atl,65.500,-24.250,982.01,981.02,13.08,3.57,64.77,73.85,21685.16,116357.75,23.53
700272,atl,63.250,-36.750,986.17,985.72,8.18,2.32,42.17,51.79,0.00,2514.50,8.82
700272,atl,60.250,-47.250,993.16,992.94,7.61,1.49,46.45,50.37,0.00,5003.97,7.55
700272,pac,64.500,212.250,981.88,981.00,11.26,2.94,50.33,50.33,0.00,344.81,14.71
700272,pac,62.000,206.250,981.66,980.43,7.03,1.82,47.30,50.33,0.00,344.81,14.71
700272,pac,58.250,201.250,981.23,980.82,5.84,1.53,27.17,30.07,0.00,0.00,9.17
700272,pac,46.750,210.750,952.13,951.90,28.71,6.06,71.91,78.28,160799.92,397704.40,11.00
700278,atl,65.250,-24.750,987.14,986.47,7.98,2.24,57.38,67.69,4666.94,69331.58,17.34
700278,atl,63.500,-31.500,987.89,987.83,8.43,1.89,45.17,57.38,0.00,23673.86,6.68
700278,atl,63.000,-36.500,988.55,988.21,8.11,2.20,39.04,46.70,0.00,0.00,15.63
700278,atl,59.750,-46.250,994.08,993.94,7.83,1.54,43.75,47.44,0.00,0.00,7.10
700278,pac,64.500,211.000,990.42,989.31,6.05,1.33,33.79,33.79,0.00,0.00,17.27
700278,pac,58.250,201.000,984.97,984.64,5.20,1.44,27.54,29.98,0.00,0.00,5.44
700278,pac,47.750,214.000,951.14,950.95,26.09,4.62,67.80,77.67,178212.50,342074.30,11.41
700284,atl,69.000,-32.000,998.42,996.56,4.01,1.70,41.58,54.60,0.00,15586.22,11.54
700284,atl,67.500,-36.750,995.40,994.66,7.05,2.58,40.68,45.53,0.00,0.00,11.54
700284,atl,64.000,-30.250,990.41,990.09,9.06,2.32,43.12,45.53,0.00,0.00,7.55
700284,pac,58.250,200.500,984.77,984.54,4.71,1.34,28.62,33.88,0.00,0.00,7.49
700284,pac,49.750,216.750,953.16,952.85,19.64,3.46,63.11,73.03,84695.20,308069.99,8.11
700290,atl,67.500,-36.500,997.65,995.79,5.04,2.26,37.16,43.05,0.00,0.00,13.60
700290,atl,64.000,-30.500,991.62,991.37,9.35,2.40,42.72,43.05,0.00,0.00,8.09
700290,pac,56.000,213.750,951.16,949.86,20.63,5.22,47.70,66.15,1617.95,47138.02,11.17
700290,pac,53.000,217.750,953.62,953.35,16.83,3.15,61.20,62.78,0.00,214340.14,9.62
700296,atl,67.500,-36.500,996.60,994.89,6.69,2.92,38.51,43.83,0.00,0.00,11.61
700296,atl,64.500,-29.500,992.63,992.41,8.99,2.50,43.83,43.83,0.00,0.00,11.61
700296,pac,55.750,213.750,952.17,951.13,20.41,5.03,67.31,67.31,4404.74,160850.02,10.00
700302,atl,67.500,-36.500,998.22,996.54,5.50,2.09,39.11,44.14,0.00,0.00,11.81
700302,atl,64.500,-29.500,991.61,991.49,9.67,2.66,44.14,44.14,0.00,0.00,7.97
700302,atl,62.000,-43.500,1000.45,999.37,4.62,1.52,37.20,37.20,0.00,0.00,11.04
700302,pac,58.500,213.000,958.46,958.17,17.58,3.79,62.81,70.74,2736.62,112099.45,11.60
700302,pac,56.750,216.000,958.79,958.04,18.78,4.52,61.31,70.74,3538.40,196823.84,10.53
700308,atl,67.500,-36.500,999.29,997.70,5.97,1.67,39.12,41.76,0.00,0.00,13.44
700308,atl,65.000,-29.000,991.63,991.47,9.33,2.72,41.76,41.76,0.00,0.00,10.49
700308,atl,62.000,-43.500,1000.66,999.64,5.79,1.88,35.70,36.91,0.00,0.00,11.07
700308,atl,61.250,-12.250,994.70,994.42,9.49,2.59,39.96,40.38,0.00,0.00,4.40
700308,pac,59.500,211.000,964.55,963.24,14.84,3.53,57.87,61.01,0.00,23055.48,21.39
700314,atl,67.000,-37.000,999.15,997.16,6.04,2.18,44.55,44.55,0.00,0.00,16.32
700314,atl,64.750,-28.750,991.94,991.81,9.24,2.31,36.50,36.50,0.00,0.00,13.54
700314,atl,63.000,-7.750,985.33,984.68,15.86,4.41,43.34,43.42,0.00,0.00,6.16
700314,atl,62.250,-44.000,998.66,997.60,8.29,2.48,39.09,39.46,0.00,0.00,11.98
700314,atl,61.000,-41.250,999.22,998.68,6.82,1.97,39.46,39.46,0.00,0.00,11.98
700314,pac,65.750,231.500,987.17,985.30,4.32,1.64,35.26,38.39,0.00,0.00,16.75
700314,pac,62.000,210.250,971.44,970.30,12.26,2.96,40.69,43.93,0.00,0.00,15.70
700314,pac,53.250,223.750,991.17,990.92,7.08,1.91,49.63,52.04,0.00,3973.79,6.00
700314,pac,46.500,219.250,999.10,998.72,5.16,1.80,46.29,50.32,0.00,998.61,3.98
700320,atl,66.750,-37.000,1001.13,999.17,4.60,1.58,40.83,43.16,0.00,0.00,20.25
700320,atl,65.500,-26.750,994.01,993.91,8.54,2.06,34.62,42.81,0.00,0.00,12.83
700320,atl,63.750,-3.500,981.73,981.37,17.94,5.26,61.38,61.58,0.00,98027.43,10.35
700320,atl,61.000,-39.750,998.60,998.34,7.61,2.17,39.34,39.34,0.00,0.00,8.92
700320,pac,64.500,214.250,980.70,980.01,12.43,2.46,45.83,45.83,0.00,0.00,19.88
700320,pac,61.750,206.750,982.84,981.66,6.71,1.69,40.58,45.83,0.00,0.00,11.76
700320,pac,58.000,207.500,982.08,981.67,9.22,2.25,37.17,38.75,0.00,0.00,11.76
700320,pac,55.000,224.250,994.85,994.68,4.81,1.40,38.13,38.97,0.00,0.00,6.24
700320,pac,52.500,226.250,994.70,994.26,7.66,2.45,38.97,38.97,0.00,0.00,4.66
700320,pac,47.750,223.250,1001.63,1001.34,4.29,1.45,45.94,45.94,0.00,0.00,4.60
700326,atl,65.500,-25.750,994.00,993.85,7.89,2.18,34.75,35.49,0.00,0.00,11.06
700326,atl,64.750,5.000,981.16,980.89,15.83,4.20,70.19,70.19,8890.55,113144.70,10.73
700326,atl,63.750,-44.750,1000.93,1000.41,6.22,1.66,36.17,37.55,0.00,0.00,16.46
700326,atl,63.250,-17.000,996.23,996.08,4.24,0.67,30.80,35.49,0.00,0.00,3.80
700326,atl,63.000,-48.500,1001.37,1000.39,7.65,2.04,37.55,37.55,0.00,0.00,10.65
700326,atl,61.250,-37.750,998.57,998.40,5.97,1.85,33.24,33.78,0.00,0.00,7.78
700326,pac,65.750,219.500,990.59,990.04,9.15,2.74,26.73,34.42,0.00,0.00,22.49
700326,pac,65.000,214.750,991.25,990.47,8.14,1.38,34.42,41.43,0.00,0.00,22.49
700326,pac,58.500,207.500,987.04,986.64,9.32,2.08,33.11,41.43,0.00,0.00,8.28
700326,pac,54.000,227.000,998.76,998.56,5.67,2.05,42.59,42.59,0.00,0.00,6.33
700326,pac,48.500,226.250,1004.43,1004.20,4.83,1.51,43.41,43.41,0.00,0.00,4.20
700332,atl,65.500,-24.500,994.61,994.38,7.42,2.22,40.93,40.93,0.00,0.00,11.89
700332,atl,63.750,-13.500,996.19,996.09,4.86,0.95,28.03,38.29,0.00,0.00,4.36
700332,atl,62.500,-45.250,1000.65,1000.45,6.97,1.75,28.74,36.05,0.00,0.00,9.02
700332,atl,61.250,-35.750,998.37,998.20,5.67,1.78,27.87,28.64,0.00,0.00,5.75
700332,pac,65.500,220.500,999.65,999.12,5.84,2.04,23.36,26.22,0.00,0.00,19.32
700332,pac,59.000,207.250,993.07,992.85,8.60,1.84,36.22,37.88,0.00,0.00,8.45
700338,atl,65.000,-23.750,994.08,993.74,7.61,2.30,44.03,44.03,0.00,0.00,7.72
700338,atl,64.500,-10.500,995.16,995.09,4.99,1.10,26.03,35.50,0.00,0.00,4.06
700338,atl,62.250,-44.500,1000.37,998.79,6.87,1.84,30.65,35.88,0.00,0.00,8.49
700338,atl,61.250,-33.750,997.99,997.83,5.07,1.51,27.84,35.39,0.00,0.00,5.99
700338,pac,59.250,207.000,999.68,999.34,7.32,1.50,29.49,39.87,0.00,0.00,9.32
700344,atl,65.000,-6.000,994.85,994.69,4.17,1.09,25.30,37.65,0.00,0.00,3.78
700344,atl,64.750,-23.500,994.90,994.56,6.98,1.90,41.75,41.75,0.00,0.00,3.75
700344,atl,63.750,-16.000,995.84,995.61,4.36,0.66,28.56,41.75,0.00,0.00,3.78
700344,atl,62.000,-46.000,1000.62,998.93,9.03,2.58,39.13,39.13,0.00,0.00,9.54
700344,atl,61.500,-30.750,997.57,997.37,5.34,1.32,30.07,36.61,0.00,0.00,3.31
700344,atl,48.500,-48.250,1002.51,1002.07,12.94,3.25,39.60,49.99,0.00,0.00,6.61
700350,atl,65.250,-0.500,993.47,993.12,4.04,1.19,24.46,40.71,0.00,0.00,4.96
700350,atl,64.500,-24.000,994.03,993.72,7.23,1.95,43.61,43.61,0.00,0.00,4.29
700350,atl,61.750,-47.000,1001.04,999.37,9.19,2.78,42.91,42.91,0.00,0.00,8.56
700350,atl,47.500,-46.500,999.42,999.03,13.09,3.54,54.82,54.82,0.00,30710.09,8.04
700350,atl,45.500,-33.000,998.39,998.04,9.54,2.62,42.78,42.78,0.00,0.00,5.36
700350,atl,36.000,-39.500,1001.87,1001.34,5.62,1.34,34.70,36.25,0.00,0.00,2.99
700350,pac,54.000,226.000,1004.46,1004.11,8.23,2.46,32.78,32.78,0.00,0.00,6.90
700356,atl,66.000,2.000,993.30,992.97,4.09,1.22,25.46,33.21,0.00,0.00,4.15
700356,atl,64.500,-24.750,994.13,993.85,7.61,1.97,43.54,43.54,0.00,0.00,4.18
700356,atl,61.500,-47.000,1003.66,1002.22,6.29,1.98,43.91,43.91,0.00,0.00,8.33
700356,atl,47.250,-29.500,995.62,994.93,9.83,2.66,44.78,44.78,0.00,0.00,4.33
700356,atl,43.500,-46.000,997.24,996.60,12.14,3.11,61.83,61.83,0.00,144926.08,6.69
700356,atl,43.500,-40.250,995.31,994.77,6.26,1.35,42.10,53.13,0.00,2857.78,4.93
700356,atl,40.500,-37.000,996.69,996.58,4.47,0.66,42.27,44.37,0.00,0.00,3.17
700356,pac,54.750,225.750,1003.69,1003.18,8.86,2.79,36.59,36.59,0.00,0.00,10.46
700362,atl,66.500,4.250,993.57,993.20,4.31,1.39,27.17,33.18,0.00,0.00,4.40
700362,atl,65.750,-60.750,1000.31,999.60,9.14,3.22,46.11,46.11,0.00,0.00,17.72
700362,atl,64.500,-25.000,992.70,992.43,8.23,2.13,43.78,43.78,0.00,0.00,4.39
700362,atl,49.250,-25.500,993.97,993.59,8.69,2.28,51.04,51.04,0.00,2012.61,4.30
700362,atl,41.000,-36.250,988.65,988.44,6.66,0.99,54.06,54.65,0.00,19020.47,4.82
700362,atl,40.250,-43.500,991.68,991.01,10.09,2.36,68.82,68.82,38005.35,269563.70,6.67
700362,pac,55.000,225.750,1004.46,1004.03,9.03,2.82,35.23,35.23,0.00,0.00,11.48
700368,atl,66.750,6.500,993.90,993.41,4.78,1.58,28.54,28.54,0.00,0.00,4.70
700368,atl,65.750,-56.500,997.32,996.89,9.22,2.89,38.97,38.97,0.00,0.00,6.42
700368,atl,64.250,-25.500,991.73,991.45,8.44,2.25,38.71,38.71,0.00,0.00,4.45
700368,atl,62.750,-20.500,992.31,992.17,6.34,1.16,30.48,38.71,0.00,0.00,4.45
700368,atl,62.250,-44.250,1000.99,999.96,4.34,1.88,34.82,38.35,0.00,0.00,8.72
700368,atl,53.750,-16.500,994.73,994.06,9.15,2.48,44.07,49.15,0.00,0.00,5.77
700368,atl,44.000,-31.250,984.90,984.50,11.81,3.00,54.06,54.06,0.00,21138.86,4.71
700368,atl,41.000,-36.500,987.14,986.98,5.89,0.94,44.51,52.56,0.00,4523.36,4.68
700368,atl,38.000,-40.750,988.40,988.01,8.87,2.03,58.78,68.75,28878.07,173052.50,5.53
700368,pac,55.500,225.250,1003.85,1003.30,10.27,3.31,35.60,35.60,0.00,0.00,13.49
700374,atl,65.500,-55.000,995.76,995.32,7.87,2.59,40.54,40.54,0.00,0.00,6.39
700374,atl,64.000,-25.000,990.63,990.37,7.88,2.06,35.48,35.48,0.00,0.00,4.43
700374,atl,62.750,-18.250,990.85,990.62,5.56,0.99,24.79,35.13,0.00,0.00,4.43
700374,atl,62.250,-43.750,998.51,997.41,4.64,2.02,33.37,33.37,0.00,0.00,10.03
700374,atl,59.000,-66.500,1002.60,1002.26,6.06,1.61,32.72,33.13,0.00,0.00,4.04
700374,atl,58.750,-62.500,1003.09,1002.90,5.42,1.10,31.18,32.65,0.00,0.00,4.62
700374,atl,56.250,-10.500,992.28,991.61,9.82,2.60,50.05,50.05,0.00,437.70,6.79
700374,atl,45.750,-30.250,983.83,983.31,13.71,3.81,48.25,48.58,0.00,0.00,6.63
700374,atl,37.250,-38.500,984.21,983.84,10.22,2.19,49.19,66.10,3011.48,101960.09,6.75
700374,pac,62.500,184.000,981.13,980.36,4.85,1.85,48.34,52.08,0.00,4317.17,5.60
700380,atl,64.750,-53.500,995.45,995.07,5.92,2.05,37.75,39.79,0.00,0.00,8.35
700380,atl,63.750,-24.000,991.53,991.32,6.68,1.58,33.75,33.96,0.00,0.00,3.93
700380,atl,62.000,-43.750,995.70,994.04,5.63,2.23,38.29,38.29,0.00,0.00,14.39
700380,atl,61.750,-11.500,989.42,989.25,6.05,1.39,25.21,28.07,0.00,0.00,3.42
700380,atl,59.000,-58.500,997.69,997.46,7.16,1.60,37.31,43.60,0.00,0.00,7.32
700380,atl,57.750,-4.000,992.53,992.04,9.72,2.25,56.88,56.88,0.00,9816.38,6.45
700380,atl,45.750,-29.750,987.33,986.76,11.46,2.95,47.19,48.54,0.00,0.00,5.55
700380,atl,37.250,-36.500,984.72,984.50,10.91,2.13,42.66,63.59,0.00,76696.87,5.92
700380,pac,63.750,188.000,981.51,980.87,4.79,2.03,43.17,52.84,0.00,5406.44,6.58
700380,pac,61.000,199.500,981.53,981.13,12.13,3.48,48.89,49.10,0.00,0.00,17.65
700386,atl,64.250,-53.250,994.54,994.30,5.79,1.78,39.91,39.91,0.00,0.00,7.07
700386,atl,63.000,-9.000,985.64,985.21,8.71,2.30,28.86,34.26,0.00,0.00,3.83
700386,atl,60.500,-40.500,995.17,994.89,4.89,1.63,33.32,33.32,0.00,0.00,12.02
700386,atl,59.500,2.000,990.41,989.86,9.58,2.55,46.93,50.23,0.00,418.05,6.76
700386,atl,58.750,-54.250,992.92,992.60,8.64,2.07,36.88,36.88,0.00,0.00,3.83
700386,atl,50.750,-21.750,994.20,993.75,7.94,2.08,44.70,44.70,0.00,0.00,3.96
700386,atl,45.750,-29.250,990.36,989.99,9.10,2.28,45.45,45.45,0.00,0.00,4.27
700386,atl,38.000,-35.500,985.82,985.60,11.24,2.13,54.03,60.91,0.00,138400.58,5.50
700386,pac,65.000,191.000,981.84,980.77,5.94,2.20,39.99,41.92,0.00,0.00,8.11
700386,pac,63.500,201.250,984.34,983.90,9.04,2.75,48.27,54.26,0.00,1409.32,24.83
700392,atl,66.750,6.750,989.35,988.99,4.67,1.37,28.20,28.50,0.00,0.00,7.02
700392,atl,63.500,-8.250,979.71,978.92,13.98,4.23,36.22,36.22,0.00,0.00,8.05
700392,atl,58.750,-51.000,990.35,990.00,10.44,2.50,38.70,39.20,0.00,0.00,6.59
700392,atl,55.250,-9.000,993.92,993.13,7.45,2.13,45.47,48.37,0.00,0.00,5.59
700392,atl,45.750,-29.000,994.86,994.59,7.65,1.83,39.41,41.22,0.00,0.00,3.27
700392,atl,39.000,-34.750,989.69,989.53,10.28,2.08,53.42,53.42,0.00,53793.66,5.26
700392,pac,58.500,207.000,993.43,993.12,8.96,2.76,45.02,47.39,0.00,0.00,16.87
700398,atl,63.750,-27.500,996.03,995.90,4.29,1.29,29.55,29.55,0.00,0.00,5.00
700398,atl,63.250,-6.000,977.61,976.94,15.52,4.55,44.07,44.07,0.00,0.00,9.01
700398,atl,58.250,-48.500,991.56,991.48,9.89,2.40,39.41,43.33,0.00,0.00,5.81
700398,atl,57.000,0.250,989.77,989.07,8.38,2.22,43.11,48.60,0.00,0.00,5.94
700398,atl,47.500,-28.250,995.30,995.02,8.00,2.02,36.84,37.63,0.00,0.00,4.10
700398,atl,39.500,-33.750,990.74,990.59,10.02,2.05,56.65,56.65,0.00,53946.45,5.60
700398,pac,59.750,208.500,993.08,992.34,9.94,3.31,47.12,47.12,0.00,0.00,15.18
700398,pac,55.750,188.000,996.28,996.14,6.79,1.80,44.28,45.93,0.00,0.00,3.77
700404,atl,67.750,-36.250,998.57,997.57,4.74,2.42,25.64,28.63,0.00,0.00,18.41
700404,atl,64.750,-27.000,997.41,997.29,5.38,1.87,28.56,28.56,0.00,0.00,14.44
700404,atl,62.750,-0.750,979.08,978.81,14.53,3.69,57.28,57.28,0.00,59058.18,8.32
700404,atl,58.000,7.750,983.89,982.97,11.75,3.29,52.46,53.91,0.00,39841.68,5.71
700404,atl,57.000,-46.750,993.65,993.50,9.04,2.11,42.96,43.46,0.00,0.00,6.46
700404,atl,49.250,-27.500,993.27,992.78,9.70,2.72,35.95,39.91,0.00,0.00,3.97
700404,atl,40.500,-32.750,991.69,991.65,9.10,1.82,47.41,47.41,0.00,0.00,4.65
700404,pac,60.500,208.250,995.95,995.42,8.29,2.73,54.40,55.20,0.00,8438.97,13.84
700404,pac,56.250,191.500,994.39,994.10,8.77,2.50,45.49,45.49,0.00,0.00,4.70
700404,pac,33.750,208.250,994.87,994.59,8.89,1.98,49.76,60.19,0.00,32371.11,5.76
700410,atl,67.500,-36.000,1001.00,998.64,4.55,2.35,32.36,32.36,0.00,0.00,15.59
700410,atl,65.750,-60.250,1002.95,1002.47,5.61,1.68,34.91,36.56,0.00,0.00,7.83
700410,atl,65.250,-26.500,998.63,998.40,6.34,2.09,30.30,30.37,0.00,0.00,15.59
700410,atl,65.000,6.750,984.02,983.82,9.15,1.94,47.26,52.30,0.00,5004.27,7.41
700410,atl,56.000,-44.500,994.18,994.05,7.89,1.64,47.89,47.89,0.00,0.00,5.17
700410,atl,51.250,-27.750,988.04,987.47,10.31,3.03,37.37,39.48,0.00,0.00,5.53
700410,atl,49.000,-39.500,994.00,993.89,5.30,1.45,44.72,45.54,0.00,0.00,3.47
700410,atl,43.500,-30.750,986.98,986.34,8.93,2.12,40.71,43.76,0.00,0.00,4.05
700410,pac,62.250,209.000,1000.07,998.82,6.34,1.78,39.23,51.61,0.00,386.38,12.90
700410,pac,56.750,193.500,994.96,994.70,9.52,2.78,47.49,47.49,0.00,0.00,5.57
700410,pac,45.500,206.250,1000.47,1000.12,5.28,1.47,34.15,34.15,0.00,0.00,2.83
700410,pac,36.500,211.750,990.78,990.57,8.82,1.95,44.93,51.10,0.00,5113.88,5.06
700416,atl,65.750,-25.500,1000.99,1000.67,7.18,2.35,38.88,40.67,0.00,0.00,20.67
700416,atl,65.000,-58.500,1003.35,1003.09,6.60,1.92,45.99,45.99,0.00,0.00,9.06
700416,atl,64.750,9.250,990.85,990.69,5.59,1.70,53.86,54.14,0.00,36106.05,6.83
700416,atl,52.500,-28.000,982.97,982.47,11.43,2.94,40.47,41.70,0.00,0.00,5.55
700416,atl,47.500,-38.000,991.34,991.18,5.94,1.63,45.81,45.81,0.00,0.00,3.75
700416,atl,44.750,-29.000,985.20,984.74,9.17,2.49,42.89,46.24,0.00,0.00,6.24
700416,pac,56.750,195.000,997.44,997.05,9.45,2.80,48.97,48.97,0.00,0.00,7.21
700416,pac,45.000,206.250,992.93,992.51,5.00,1.34,32.98,34.90,0.00,0.00,3.63
700416,pac,41.750,214.250,979.87,979.28,15.65,4.16,56.31,56.31,0.00,22128.07,7.24
700416,pac,33.000,214.000,983.58,982.71,12.04,2.98,55.62,55.62,0.00,87880.65,5.54
700422,atl,67.500,-36.750,1004.43,1002.35,4.18,2.37,31.60,46.21,0.00,0.00,16.93
700422,atl,66.000,-25.000,1002.06,1001.68,6.98,2.10,50.30,52.68,0.00,7458.24,16.93
700422,atl,63.250,-53.500,1001.82,1001.65,6.94,1.46,49.35,49.35,0.00,0.00,7.71
700422,atl,53.250,-28.250,980.31,979.93,10.77,2.67,41.56,41.56,0.00,0.00,4.79
700422,atl,46.000,-36.250,989.56,989.37,6.16,1.52,45.20,47.60,0.00,0.00,3.90
700422,pac,57.250,195.500,1000.36,999.91,8.88,2.65,39.73,39.73,0.00,0.00,6.93
700422,pac,44.250,214.250,970.52,969.87,19.76,4.86,66.40,66.40,8213.36,270848.68,9.22
700422,pac,36.750,216.750,980.14,979.35,12.06,3.16,61.87,63.98,0.00,233309.28,5.89
700428,atl,62.250,-51.500,1000.33,1000.13,6.18,1.16,44.12,44.12,0.00,0.00,10.12
700428,atl,61.750,-38.250,993.86,993.59,7.03,2.60,48.42,48.42,0.00,0.00,10.12
700428,atl,57.750,-22.500,981.02,980.71,12.59,2.72,38.98,44.15,0.00,0.00,6.21
700428,atl,49.000,-67.000,992.32,991.23,11.86,2.89,43.23,45.54,0.00,0.00,8.05
700428,atl,45.000,-35.250,989.61,989.42,7.65,1.94,51.01,51.01,0.00,1085.68,4.43
700428,atl,41.500,-31.000,989.65,989.30,7.51,1.71,37.56,42.05,0.00,0.00,3.20
700428,pac,57.500,195.250,1001.14,1000.72,8.61,2.83,37.48,37.48,0.00,0.00,6.24
700428,pac,47.500,212.250,958.78,957.49,26.35,7.32,60.42,70.42,32952.91,208587.00,11.09
700428,pac,44.750,177.500,1004.35,1003.80,10.11,2.58,38.86,39.44,0.00,0.00,5.19
700434,atl,61.750,-51.750,997.98,997.83,6.17,1.56,41.71,41.71,0.00,0.00,6.65
700434,atl,61.250,-38.500,989.40,989.03,8.92,3.06,53.85,53.85,0.00,23356.84,9.00
700434,atl,60.500,-20.250,978.15,977.65,15.59,3.80,46.18,46.18,0.00,0.00,8.04
700434,atl,53.750,-80.000,986.44,986.05,15.47,3.33,46.91,48.52,0.00,0.00,5.87
700434,atl,50.250,-64.250,989.18,988.31,11.95,3.06,47.28,48.40,0.00,0.00,9.60
700434,atl,42.750,-29.750,983.66,983.26,11.55,2.84,43.46,44.05,0.00,0.00,4.81
700434,pac,57.250,194.000,1001.12,1000.81,6.66,2.25,38.79,40.12,0.00,0.00,5.55
700434,pac,49.250,210.750,955.14,953.93,25.86,6.38,59.61,73.48,29924.81,174448.18,9.21
700434,pac,43.000,184.000,999.51,998.93,10.54,2.64,42.24,42.24,0.00,0.00,4.95
700440,atl,61.750,-20.250,976.73,976.16,15.78,3.57,57.27,57.27,0.00,16458.55,13.96
700440,atl,61.250,-52.000,996.18,996.07,5.89,1.62,37.93,37.93,0.00,0.00,5.44
700440,atl,60.750,-38.250,987.84,987.51,9.03,2.81,59.82,63.12,0.00,74562.58,9.64
700440,atl,54.000,-80.000,990.69,990.01,15.60,4.02,49.34,49.34,0.00,0.00,5.57
700440,atl,51.000,-61.750,987.86,987.39,12.42,3.03,46.36,46.36,0.00,0.00,5.65
700440,atl,44.000,-30.250,984.82,984.00,12.33,3.19,47.83,47.83,0.00,0.00,5.59
700440,pac,51.000,208.750,945.27,943.78,33.36,8.56,65.67,66.64,4650.25,260385.38,13.21
700440,pac,39.250,192.500,994.53,993.92,8.67,2.24,50.54,51.47,0.00,10151.81,5.49
700446,atl,68.750,-49.250,998.27,997.80,5.91,1.25,35.65,37.23,0.00,0.00,8.90
700446,atl,62.250,-20.750,974.78,974.01,15.95,3.37,44.23,61.49,0.00,34357.28,13.01
700446,atl,61.250,-51.500,994.59,994.39,5.41,1.60,34.30,36.95,0.00,0.00,6.38
700446,atl,51.250,-58.500,986.52,986.16,12.11,2.81,44.41,44.64,0.00,0.00,5.32
700446,atl,43.500,-30.750,987.14,986.47,11.96,3.41,51.16,51.16,0.00,9298.67,5.41
700446,pac,53.500,206.250,945.70,944.93,35.30,8.43,77.61,77.61,92636.87,408599.09,12.97
700446,pac,37.250,199.500,991.82,990.75,9.28,2.74,56.10,56.10,0.00,18614.46,5.00
700452,atl,65.250,-12.750,981.07,980.59,17.40,3.77,56.65,74.15,21001.68,156167.95,9.32
700452,atl,63.000,-21.250,974.25,973.31,17.67,3.87,54.47,75.01,51565.19,125528.32,9.32
700452,atl,61.500,-51.250,993.66,993.46,5.63,1.75,35.52,44.73,0.00,0.00,6.93
700452,atl,51.500,-54.750,985.81,985.59,11.81,2.33,37.54,42.70,0.00,0.00,6.81
700452,atl,44.000,-78.750,998.85,998.30,9.66,2.61,36.26,36.26,0.00,0.00,5.56
700452,atl,42.250,-30.250,991.00,990.52,10.16,2.70,51.38,51.38,0.00,5704.20,4.82
700452,pac,55.250,202.500,954.02,953.03,30.29,7.00,84.55,84.55,81181.56,238760.41,11.81
700452,pac,45.500,222.500,993.16,992.87,7.91,1.75,53.86,53.86,0.00,52386.76,5.49
700452,pac,36.750,205.500,991.71,990.94,9.91,3.00,56.08,56.08,0.00,30188.51,5.21
700458,atl,66.250,-14.000,978.03,977.42,20.35,4.60,65.04,78.85,67293.27,275353.40,10.70
700458,atl,64.000,-22.250,974.29,973.74,18.69,4.15,76.06,76.57,86231.35,226901.85,9.75
700458,atl,62.000,-50.750,994.86,994.56,4.78,1.86,35.93,53.07,0.00,1843.65,7.59
700458,atl,52.750,-49.500,987.00,986.88,9.26,1.56,28.57,39.45,0.00,0.00,4.18
700458,atl,46.250,-75.750,994.59,993.88,11.26,3.38,38.76,38.76,0.00,0.00,5.69
700458,atl,44.750,-24.250,991.45,990.80,8.57,2.06,38.73,44.18,0.00,0.00,3.64
700458,atl,41.000,-28.750,990.84,990.32,9.71,2.61,51.94,51.94,0.00,11808.96,4.95
700458,pac,55.750,201.000,961.78,961.00,23.74,5.43,71.72,71.72,8252.68,103478.47,11.66
700458,pac,37.250,210.500,994.19,993.06,10.10,3.00,55.60,55.60,0.00,73285.86,5.38
700464,atl,66.500,-16.750,977.84,976.97,20.06,4.68,74.79,76.79,126589.82,311868.60,22.58
700464,atl,63.750,-22.750,977.64,977.19,16.56,3.84,72.98,76.79,82329.53,194449.95,10.16
700464,atl,60.500,-39.500,993.22,992.83,5.51,2.62,50.35,50.35,0.00,1129.83,7.14
700464,atl,53.250,-47.250,989.67,989.47,8.47,1.46,28.78,33.98,0.00,0.00,3.83
700464,atl,47.750,-73.000,992.81,991.94,11.98,3.73,37.18,37.18,0.00,0.00,6.51
700464,atl,45.500,-25.750,981.44,979.25,17.15,4.98,50.31,50.31,0.00,544.04,12.79
700464,pac,56.750,198.500,968.32,967.80,19.64,4.57,55.18,59.10,0.00,130417.42,6.92
700464,pac,56.500,213.500,985.37,985.09,9.94,2.41,54.21,62.36,0.00,137464.04,12.41
700464,pac,39.250,216.250,995.28,993.96,10.29,3.10,52.57,52.57,0.00,7857.13,5.51
700470,atl,66.750,-59.000,996.37,995.90,4.69,1.26,27.94,37.23,0.00,0.00,7.53
700470,atl,66.250,-11.750,980.50,980.37,15.11,2.61,63.97,70.79,42161.12,191163.53,9.94
700470,atl,60.250,-40.000,996.04,995.42,4.75,2.12,48.68,48.68,0.00,0.00,6.94
700470,atl,54.750,-45.000,992.22,992.11,7.00,1.23,25.37,38.77,0.00,0.00,3.19
700470,atl,48.500,-70.000,989.18,988.64,11.53,3.00,39.91,39.91,0.00,0.00,6.67
700470,atl,46.250,-24.750,978.63,977.13,18.35,5.06,55.56,55.56,0.00,8512.58,8.23
700470,pac,58.750,207.750,980.22,979.06,9.79,2.96,56.87,63.69,0.00,52604.99,14.48
700470,pac,56.000,197.000,969.92,969.44,18.76,4.31,61.04,61.26,0.00,211674.30,7.98
700470,pac,42.000,220.250,997.17,995.87,12.63,3.93,50.00,50.00,0.00,0.00,7.45
700476,atl,67.500,-57.750,995.62,995.10,6.24,1.62,34.90,36.18,0.00,0.00,6.42
700476,atl,67.000,5.750,979.62,979.15,13.69,2.67,40.78,45.89,0.00,0.00,12.52
700476,atl,57.250,-79.250,1001.73,1001.61,4.84,1.19,25.20,32.50,0.00,0.00,3.99
700476,atl,56.250,-44.250,993.09,992.98,7.52,1.65,47.29,51.66,0.00,4308.46,8.67
700476,atl,49.500,-66.250,986.53,986.17,10.57,2.20,29.42,34.62,0.00,0.00,5.32
700476,atl,47.750,-23.500,981.38,980.66,17.55,4.51,60.44,60.44,0.00,67668.71,7.99
700476,pac,61.000,202.750,985.14,984.96,7.58,1.52,48.80,48.80,0.00,0.00,14.59
700476,pac,54.500,197.250,974.65,974.33,17.07,3.74,60.62,60.62,0.00,220044.04,8.60
700476,pac,45.500,222.250,996.07,994.96,14.02,4.30,51.20,51.20,0.00,1114.10,6.62
700482,atl,67.500,-56.250,993.46,992.95,8.97,2.37,38.80,39.95,0.00,0.00,7.68
700482,atl,64.000,-12.250,994.62,994.41,6.11,1.13,43.56,45.66,0.00,0.00,5.63
700482,atl,63.750,-17.250,994.37,993.75,7.94,1.91,42.03,45.66,0.00,0.00,5.63
700482,atl,57.500,-46.750,990.45,990.00,8.18,2.06,56.56,56.88,0.00,11048.34,12.45
700482,atl,56.000,-79.750,999.91,999.71,5.56,1.24,27.41,30.20,0.00,0.00,3.56
700482,atl,50.250,-20.000,986.67,986.16,13.75,3.17,57.47,57.47,0.00,76210.23,6.32
700482,atl,50.000,-61.750,983.22,982.87,9.57,2.19,32.84,34.96,0.00,0.00,4.92
700482,atl,41.500,-29.250,1000.98,1000.68,5.22,1.28,32.48,45.05,0.00,0.00,2.68
700482,pac,62.750,200.500,987.65,987.39,10.89,2.33,35.63,53.39,0.00,23345.95,15.41
700482,pac,53.000,199.000,978.87,978.39,16.36,3.57,58.36,60.13,0.00,132383.73,7.63
700482,pac,48.250,222.500,994.66,993.54,14.98,4.43,58.10,58.10,0.00,22426.32,9.35
700488,atl,68.250,-56.750,992.43,992.00,9.88,2.49,39.82,41.68,0.00,0.00,7.33
700488,atl,63.750,-14.250,995.58,995.34,5.89,1.20,36.06,36.48,0.00,0.00,4.21
700488,atl,57.500,-48.000,986.05,985.50,7.66,2.29,48.75,52.46,0.00,3521.14,12.83
700488,atl,56.000,-80.000,1000.64,1000.52,6.08,1.33,27.84,29.18,0.00,0.00,4.07
700488,atl,53.500,-16.750,988.03,987.51,14.19,3.47,49.56,49.56,0.00,0.00,5.85
700488,atl,51.250,-50.250,980.01,979.21,12.55,2.95,54.12,54.12,0.00,27112.88,5.43
700488,atl,50.750,-58.500,983.37,982.80,8.44,2.18,37.89,37.89,0.00,0.00,4.23
700488,pac,65.750,200.500,992.89,992.66,12.49,2.76,40.16,49.11,0.00,0.00,16.34
700488,pac,52.250,201.000,985.11,984.63,14.21,3.12,46.71,54.68,0.00,17836.59,5.69
700488,pac,50.500,222.750,991.87,991.18,17.08,4.65,67.36,67.36,2522.16,56299.83,8.53
700494,atl,68.250,-56.250,991.24,990.77,8.79,1.99,40.40,42.24,0.00,0.00,7.37
700494,atl,64.250,-10.250,992.90,992.69,5.76,1.23,30.21,30.21,0.00,0.00,4.79
700494,atl,56.000,-13.500,987.43,987.11,13.22,3.30,47.83,48.41,0.00,0.00,5.08
700494,atl,54.000,-46.000,971.80,970.81,15.88,4.02,48.30,53.38,0.00,5174.72,6.30
700494,atl,38.500,-59.750,1003.73,1003.29,4.56,1.22,48.91,48.91,0.00,0.00,3.62
700494,pac,52.750,223.250,988.60,988.10,21.19,5.53,58.48,58.48,0.00,96065.67,10.31
700494,pac,52.000,202.750,988.47,988.02,13.49,2.98,40.68,51.19,0.00,932.82,4.40
700500,atl,64.500,-8.250,991.54,991.45,4.61,1.05,29.64,29.64,0.00,0.00,4.80
700500,atl,57.750,-9.500,988.03,987.86,10.86,2.63,47.70,47.70,0.00,0.00,5.06
700500,atl,56.250,-43.000,962.49,961.75,20.01,5.05,51.33,51.86,0.00,17857.25,7.55
700500,atl,40.000,-54.500,1004.13,1003.42,5.54,1.66,58.16,58.16,0.00,21614.06,3.92
700500,pac,62.000,163.750,975.91,975.54,16.83,3.51,47.47,59.09,0.00,8740.70,21.85
700500,pac,54.750,223.250,988.91,988.42,21.70,6.27,65.76,65.76,1296.36,134509.05,14.23
700500,pac,52.250,204.250,991.49,991.01,13.33,3.25,36.62,40.14,0.00,0.00,3.98
700506,atl,65.500,-0.750,989.24,989.07,5.24,1.28,31.36,37.11,0.00,0.00,4.11
700506,atl,60.250,-3.250,987.45,987.23,7.67,1.54,36.45,45.32,0.00,0.00,6.22
700506,atl,58.000,-39.250,956.98,956.60,20.48,4.62,63.13,63.13,0.00,115060.19,9.11
700506,pac,63.000,165.250,975.92,974.96,13.05,2.82,46.90,59.66,0.00,13057.71,19.06
700506,pac,61.250,173.250,972.48,972.14,14.39,2.71,46.08,51.07,0.00,320.46,12.09
700506,pac,56.750,222.500,989.68,988.64,19.17,5.83,62.40,62.40,0.00,75321.83,16.15
700506,pac,52.000,206.000,994.03,993.64,12.27,3.07,36.53,39.36,0.00,0.00,3.92
700512,atl,63.500,4.500,986.94,986.65,6.26,1.33,29.49,30.65,0.00,0.00,5.21
700512,atl,60.500,-38.750,953.49,953.13,20.46,4.13,55.99,64.28,1623.70,129622.64,12.72
700512,atl,60.250,-34.750,953.17,952.74,21.21,3.66,64.28,64.28,1623.70,179729.67,11.14
700512,pac,65.250,232.000,998.22,996.95,6.62,2.02,23.92,29.43,0.00,0.00,15.31
700512,pac,65.000,229.500,998.02,996.95,6.55,1.86,23.55,28.60,0.00,0.00,15.31
700512,pac,62.250,175.500,967.16,966.88,16.88,3.71,55.00,55.00,0.00,61941.18,13.12
700512,pac,59.500,220.250,997.01,996.66,8.10,1.94,50.56,59.72,0.00,4996.48,11.64
700512,pac,58.000,214.000,997.38,997.02,5.00,1.30,36.46,45.67,0.00,0.00,8.32
700512,pac,52.250,208.000,997.16,996.82,10.31,2.73,40.21,41.23,0.00,0.00,3.69
700518,atl,66.000,2.000,988.32,988.02,4.67,1.56,31.39,31.39,0.00,0.00,3.66
700518,atl,64.500,7.500,987.88,987.72,5.76,1.50,31.39,31.39,0.00,0.00,3.73
700518,atl,62.250,-32.500,948.20,947.88,21.65,3.64,63.82,63.82,0.00,301793.93,8.96
700518,pac,65.250,170.000,969.34,968.36,15.96,3.95,49.15,50.33,0.00,329.64,15.87
700518,pac,64.500,176.500,964.90,963.94,18.39,4.38,51.79,52.94,0.00,26490.94,15.87
700518,pac,63.500,235.000,994.52,993.79,9.43,2.99,36.72,36.72,0.00,0.00,14.95
700518,pac,58.500,213.000,997.80,997.55,4.08,1.24,29.81,35.37,0.00,0.00,5.21
700518,pac,52.500,210.500,998.80,998.56,8.89,2.39,37.59,38.91,0.00,0.00,3.70
700524,atl,68.000,-78.750,982.15,981.98,12.14,2.91,32.81,47.30,0.00,0.00,8.17
700524,atl,63.000,-31.000,944.59,944.20,21.07,4.00,62.35,64.31,637.85,204355.18,11.46
700524,pac,64.250,180.000,965.31,964.79,17.17,4.29,49.32,60.41,0.00,31654.01,11.12
700524,pac,63.500,237.500,991.84,991.51,9.90,2.24,41.35,41.35,0.00,0.00,13.20
700524,pac,53.250,212.750,999.44,999.32,6.77,1.85,35.95,36.03,0.00,0.00,3.26
700530,atl,66.750,-74.750,981.31,981.14,10.69,2.77,39.58,39.58,0.00,0.00,8.19
700530,atl,64.000,-28.750,942.87,942.67,19.75,3.94,55.38,63.45,0.00,166896.58,7.88
700530,pac,65.250,179.000,967.15,965.96,15.88,3.58,38.94,57.62,0.00,17921.01,14.46
700530,pac,65.000,238.250,989.54,989.22,9.35,1.51,29.30,36.02,0.00,0.00,13.15
700530,pac,57.500,197.500,978.89,978.69,10.51,2.26,45.77,47.40,0.00,0.00,7.84
700536,atl,65.500,-68.250,980.66,980.40,8.64,2.05,35.66,42.14,0.00,0.00,8.32
700536,atl,64.500,-26.750,943.50,943.28,19.17,3.98,54.61,63.14,0.00,146770.40,16.02
700536,atl,61.500,-41.250,960.54,960.36,14.33,3.71,65.17,65.17,1580.45,209217.34,16.58
700536,pac,65.750,183.750,972.09,971.47,11.67,2.09,34.22,58.38,0.00,21255.94,8.56
700536,pac,65.250,175.750,970.61,970.06,15.68,3.92,36.71,56.20,0.00,5967.74,14.65
700536,pac,55.250,203.750,981.53,980.99,13.74,3.43,54.17,56.13,0.00,21369.69,8.38
700536,pac,47.000,231.750,1003.11,1002.95,7.42,1.43,42.22,45.61,0.00,0.00,11.13
700542,atl,66.750,-58.000,979.45,979.17,4.70,1.61,42.32,42.32,0.00,0.00,9.64
700542,atl,65.000,-23.500,947.49,947.02,15.33,3.45,58.22,73.41,9727.27,242894.08,19.76
700542,atl,62.500,-62.750,977.37,977.22,10.18,2.17,42.98,45.92,0.00,0.00,8.86
700542,atl,61.250,-40.000,959.40,959.15,15.73,3.62,63.59,63.59,0.00,287195.41,18.76
700542,pac,55.250,163.250,999.23,999.09,5.02,1.18,37.61,42.12,0.00,0.00,5.42
700542,pac,53.750,208.000,984.02,983.72,13.49,3.12,55.97,55.97,0.00,104006.85,6.36
700542,pac,47.750,234.250,998.65,998.18,8.48,1.94,45.22,52.26,0.00,3353.97,13.27
700548,atl,68.000,-15.250,951.36,951.22,13.17,2.51,71.91,73.32,29175.06,153461.49,16.19
700548,atl,62.250,-59.000,974.02,973.74,10.49,2.48,45.27,53.53,0.00,8104.25,11.22
700548,atl,60.750,-38.000,959.99,959.75,14.91,3.19,63.46,63.67,0.00,213464.53,15.87
700548,pac,57.000,170.250,997.51,997.41,4.67,1.25,42.94,52.06,0.00,2315.38,7.62
700548,pac,52.750,212.750,983.74,983.38,13.25,2.64,57.70,58.53,0.00,88681.09,6.37
700548,pac,44.750,163.750,996.50,996.01,9.66,2.37,55.39,55.39,0.00,28237.68,4.16
700554,atl,61.750,-56.000,972.59,972.42,10.01,2.57,53.71,53.71,0.00,8753.91,7.06
700554,atl,61.000,-33.500,960.24,960.04,13.87,3.14,60.44,60.44,0.00,182577.72,6.79
700554,pac,52.250,216.000,986.39,986.16,11.93,2.22,40.53,59.28,0.00,35161.93,5.91
700554,pac,48.250,168.250,990.89,990.55,11.02,2.60,52.05,53.40,0.00,36630.55,4.81
700554,pac,32.250,217.500,1004.10,1003.72,11.00,3.20,53.92,53.92,0.00,21607.78,6.86
700560,atl,63.000,-54.000,972.78,972.45,7.77,2.31,51.60,52.23,0.00,9913.26,9.85
700560,atl,62.000,-29.250,961.19,960.74,14.77,3.60,56.80,58.20,0.00,145663.01,6.68
700560,atl,41.750,-51.750,1001.71,1000.85,6.67,1.68,48.58,48.58,0.00,0.00,3.73
700560,pac,51.750,174.250,987.04,986.55,11.36,2.67,48.53,50.15,0.00,7720.80,5.04
700560,pac,51.750,218.750,989.56,989.44,10.71,1.88,36.77,45.63,0.00,0.00,4.39
700560,pac,33.000,220.500,998.73,998.30,10.66,2.65,48.86,48.86,0.00,0.00,5.06
700566,atl,63.750,-35.750,967.31,966.88,7.39,1.69,47.96,50.17,0.00,377.59,8.17
700566,atl,63.250,-26.000,963.13,962.67,14.28,3.74,51.72,55.80,0.00,82832.09,5.81
700566,atl,62.750,-52.750,972.53,972.07,6.98,2.28,49.19,49.19,0.00,0.00,8.05
700566,atl,45.750,-44.500,994.56,993.77,7.35,2.01,48.10,48.26,0.00,0.00,5.70
700566,atl,40.000,-54.500,1002.37,1002.15,4.99,1.24,41.39,52.84,0.00,2938.08,4.71
700566,pac,54.250,179.500,982.45,981.87,12.06,2.54,45.88,49.86,0.00,0.00,5.14
700566,pac,52.250,220.250,993.26,993.12,9.52,1.79,34.88,40.41,0.00,0.00,3.50
700566,pac,36.250,223.250,997.18,996.72,10.06,2.53,51.57,51.57,0.00,621.20,6.84
700572,atl,64.000,-22.750,968.90,968.50,11.47,3.16,52.05,52.05,0.00,17904.60,5.42
700572,atl,62.750,-51.250,972.77,971.97,7.67,2.45,46.60,46.60,0.00,0.00,6.14
700572,atl,61.750,-40.250,971.73,971.46,6.47,1.38,33.77,51.63,0.00,1617.64,6.75
700572,atl,47.250,-39.250,990.48,989.92,9.11,2.01,59.22,59.22,0.00,25154.93,4.99
700572,atl,40.000,-51.750,1002.56,1002.22,5.34,1.36,40.87,44.76,0.00,0.00,4.48
700572,pac,56.750,186.250,977.94,977.52,13.16,2.60,45.72,46.56,0.00,0.00,5.75
700572,pac,52.750,221.000,996.43,996.25,8.84,1.76,34.20,36.19,0.00,0.00,4.52
700572,pac,39.000,226.000,998.02,997.43,9.91,2.65,49.35,49.35,0.00,0.00,5.10
700578,atl,65.750,-13.250,974.13,973.87,6.56,2.04,52.07,52.19,0.00,18245.91,6.91
700578,atl,65.250,-16.500,974.38,973.92,7.20,2.01,52.19,52.19,0.00,18245.91,5.08
700578,atl,63.750,-51.500,975.67,975.43,6.21,1.96,43.63,43.63,0.00,0.00,8.14
700578,atl,62.500,-39.500,971.49,971.29,7.76,1.84,48.43,50.38,0.00,647.05,8.14
700578,atl,50.500,-30.750,982.94,981.95,12.79,3.42,69.29,69.29,15593.57,166700.82,6.77
700578,atl,49.500,-34.250,982.52,981.51,12.09,2.82,55.78,69.29,14085.39,112592.07,6.77
700578,atl,39.750,-46.500,999.04,998.44,7.46,2.27,45.86,50.62,0.00,598.43,5.24
700578,pac,59.500,192.500,969.50,969.03,19.22,4.49,60.68,60.97,0.00,43514.74,13.68
700578,pac,52.750,222.750,999.10,998.87,8.37,1.75,32.23,40.26,0.00,0.00,5.56
700578,pac,43.500,229.250,999.59,998.81,10.65,2.91,50.55,50.55,0.00,565.17,5.46
700584,atl,67.000,-8.250,975.83,975.42,6.47,1.89,44.00,48.83,0.00,0.00,7.44
700584,atl,64.750,-52.500,978.31,978.13,6.17,2.25,45.50,45.50,0.00,0.00,7.85
700584,atl,63.000,-39.750,972.19,971.93,8.59,2.11,47.60,47.60,0.00,0.00,9.65
700584,atl,53.500,-24.500,979.48,978.61,13.01,3.29,65.47,65.47,15994.03,213038.06,6.56
700584,atl,40.250,-42.000,999.77,999.00,7.52,1.92,50.37,50.37,0.00,589.80,3.77
700584,pac,61.750,195.750,963.01,961.67,23.12,6.28,52.40,52.40,0.00,2592.97,11.48
700584,pac,55.500,180.750,989.84,989.11,5.00,1.70,45.07,45.07,0.00,0.00,4.26
700584,pac,53.500,224.750,1001.31,1001.13,6.46,1.35,30.55,30.55,0.00,0.00,5.77
700584,pac,47.000,232.250,999.55,999.00,11.94,3.33,54.00,54.00,0.00,63460.77,11.90
700590,atl,69.000,-54.250,982.79,982.56,5.32,1.44,40.23,41.79,0.00,0.00,5.37
700590,atl,68.500,-3.500,975.62,975.10,6.88,1.79,42.42,46.45,0.00,0.00,5.28
700590,atl,65.250,-52.750,981.80,981.56,4.39,1.92,41.79,41.79,0.00,0.00,16.29
700590,atl,63.000,-37.750,972.31,972.25,9.95,1.86,53.91,53.91,0.00,6784.83,16.29
700590,atl,57.500,-17.750,973.80,973.07,14.13,3.80,59.96,60.67,0.00,215309.78,6.24
700590,atl,57.250,-70.250,984.99,984.86,4.84,0.93,27.89,29.67,0.00,0.00,2.99
700590,atl,41.250,-37.250,997.02,996.08,8.64,2.08,57.20,57.20,0.00,17349.70,5.76
700590,pac,63.250,200.000,966.11,965.13,19.24,4.98,47.45,57.21,0.00,4545.70,24.97
700590,pac,56.500,185.250,990.15,989.48,5.11,1.56,45.76,45.76,0.00,0.00,4.16
700590,pac,51.750,238.250,1003.60,1003.03,5.55,1.61,62.81,65.21,2562.77,36767.49,12.55
700590,pac,38.500,177.250,1003.45,1003.08,7.69,1.98,43.64,43.64,0.00,0.00,4.27
700596,atl,68.750,-54.500,985.18,984.86,4.85,1.53,33.16,37.12,0.00,0.00,6.01
700596,atl,63.250,-37.500,972.26,972.05,12.05,2.07,61.51,61.51,0.00,38072.08,13.88
700596,atl,60.500,-13.000,962.64,961.63,20.85,5.75,57.83,62.38,0.00,177400.28,8.45
700596,atl,57.500,-66.750,983.84,983.73,4.96,1.03,19.96,34.43,0.00,0.00,3.88
700596,atl,43.750,-29.750,999.46,998.50,6.85,2.06,53.79,53.79,0.00,2861.66,6.59
700596,atl,41.500,-34.750,997.91,996.62,9.06,2.26,52.59,53.79,0.00,8280.08,8.00
700596,pac,65.500,203.750,973.14,972.57,11.71,3.11,43.86,46.36,0.00,0.00,11.63
700596,pac,64.250,234.000,993.86,992.73,4.87,1.94,20.69,24.57,0.00,0.00,10.77
700596,pac,60.000,212.250,987.50,986.69,6.25,2.15,40.67,47.43,0.00,0.00,15.25
700596,pac,45.000,186.500,1003.16,1002.75,8.89,2.36,44.90,44.90,0.00,0.00,4.01
700596,pac,39.250,180.500,1004.94,1004.43,7.80,1.86,45.49,45.49,0.00,0.00,3.79
700602,atl,63.750,-37.250,972.86,972.54,13.30,2.84,62.33,62.33,0.00,66636.44,14.53
700602,atl,62.250,-8.000,952.95,951.92,27.22,7.81,59.49,60.64,0.00,204021.50,17.27
700602,atl,57.500,-58.500,983.91,983.85,4.98,0.97,25.99,29.39,0.00,0.00,2.90
700602,atl,42.250,-31.500,995.90,994.82,10.99,3.06,55.68,55.68,0.00,17721.32,5.03
700602,pac,62.000,219.000,988.61,987.45,5.00,1.44,37.10,43.36,0.00,0.00,12.08
700602,pac,61.250,188.250,989.76,989.52,5.17,1.06,35.09,38.21,0.00,0.00,4.22
700602,pac,56.250,164.500,994.62,994.47,7.65,1.51,40.47,44.56,0.00,0.00,9.26
700602,pac,48.500,193.000,1002.84,1002.52,7.65,2.12,47.39,47.39,0.00,0.00,3.98
700608,atl,65.500,-0.250,950.25,950.02,25.58,6.00,78.14,87.24,106371.42,237071.56,15.19
700608,atl,63.750,-32.500,976.80,976.60,10.55,2.34,56.50,56.50,0.00,41620.04,9.90
700608,atl,63.000,-39.500,977.46,977.16,10.46,2.79,56.50,56.50,0.00,33323.31,10.74
700608,atl,57.750,-55.500,984.22,984.16,5.32,1.04,26.49,34.74,0.00,0.00,2.76
700608,atl,49.750,-16.000,1002.75,1002.21,6.10,1.75,52.28,52.28,0.00,17234.93,4.65
700608,atl,42.500,-29.750,998.45,997.91,10.99,2.83,46.93,46.93,0.00,0.00,4.79
700608,pac,62.750,194.750,992.25,992.04,4.52,1.37,24.41,31.73,0.00,0.00,4.25
700608,pac,60.000,198.250,993.43,993.08,4.79,1.26,29.54,33.88,0.00,0.00,5.31
700608,pac,59.000,160.000,1001.84,1001.27,7.10,2.08,36.40,36.49,0.00,0.00,11.57
700608,pac,55.250,168.500,995.04,994.70,10.12,2.29,41.70,43.62,0.00,0.00,7.63
700614,atl,67.250,3.750,949.73,949.31,23.15,6.02,81.91,89.55,83818.12,194431.79,13.38
700614,atl,64.000,-30.500,980.61,980.28,9.44,2.28,45.17,50.57,0.00,4112.24,6.46
700614,atl,58.500,-53.000,984.95,984.85,4.78,1.11,26.59,30.21,0.00,0.00,2.42
700614,atl,52.000,-7.500,1004.78,1004.15,5.20,1.59,48.16,48.16,0.00,0.00,5.13
700614,atl,42.750,-28.750,995.47,994.84,14.26,4.02,45.16,45.16,0.00,0.00,8.43
700614,pac,61.250,203.750,995.06,994.76,4.06,0.99,22.88,29.38,0.00,0.00,8.37
700614,pac,58.750,209.250,995.63,995.45,5.92,1.18,26.36,37.18,0.00,0.00,8.37
700614,pac,55.500,171.750,995.65,995.14,11.42,2.68,41.58,41.67,0.00,0.00,4.44
700620,atl,65.000,-79.500,970.43,969.73,15.93,4.24,42.02,42.02,0.00,0.00,7.41
700620,atl,63.750,-32.750,985.69,985.46,7.89,2.04,45.55,45.55,0.00,0.00,5.35
700620,atl,58.750,-53.250,987.07,986.87,5.31,1.28,30.42,32.15,0.00,0.00,3.70
700620,atl,45.500,-52.500,997.81,997.24,8.07,2.05,36.42,45.11,0.00,0.00,3.95
700620,atl,42.500,-27.250,995.00,994.32,16.84,4.78,56.38,56.38,0.00,29891.84,8.46
700620,pac,63.250,185.750,1002.45,1001.75,4.12,1.64,30.72,30.72,0.00,0.00,4.03
700620,pac,60.000,212.750,991.17,990.66,10.19,2.51,41.76,41.76,0.00,0.00,10.96
700620,pac,56.000,177.250,997.26,996.66,11.85,2.67,44.47,47.64,0.00,0.00,5.27
700626,atl,65.500,-78.750,972.87,972.25,14.73,3.89,38.50,38.50,0.00,0.00,6.54
700626,atl,63.500,-32.250,990.54,990.42,6.80,1.56,37.61,42.84,0.00,0.00,4.99
700626,atl,58.750,-53.750,990.79,990.60,5.19,1.36,28.73,28.73,0.00,0.00,5.05
700626,atl,48.750,-48.750,992.27,991.49,11.07,3.15,42.51,43.12,0.00,0.00,4.72
700626,atl,43.250,-24.500,995.11,994.57,16.26,4.08,56.57,56.57,0.00,40419.98,7.67
700626,pac,61.000,217.750,988.25,987.59,11.85,2.80,53.81,54.11,0.00,46061.46,13.33
700626,pac,59.750,225.750,987.89,986.84,10.57,2.53,50.57,50.57,0.00,1984.23,10.21
700626,pac,57.000,180.750,998.31,997.85,12.75,2.90,46.46,46.56,0.00,0.00,5.57
700632,atl,66.500,-78.500,974.01,973.52,14.16,3.72,34.75,34.75,0.00,0.00,6.12
700632,atl,63.750,-25.000,995.59,995.49,5.80,1.39,30.44,37.79,0.00,0.00,3.46
700632,atl,62.750,-66.500,986.81,986.25,4.38,1.54,43.15,43.15,0.00,0.00,4.73
700632,atl,61.000,-39.750,996.91,996.70,4.35,1.60,39.31,39.31,0.00,0.00,5.70
700632,atl,58.750,-53.250,994.35,994.23,4.65,1.26,26.46,31.96,0.00,0.00,5.61
700632,atl,50.750,-46.500,990.68,989.86,12.28,3.10,50.50,52.59,0.00,4826.35,7.34
700632,atl,49.750,-79.000,983.96,983.82,9.34,1.76,23.41,34.12,0.00,0.00,4.25
700632,atl,45.000,-22.750,995.16,994.69,16.85,3.63,49.57,49.57,0.00,0.00,6.37
700632,pac,59.500,233.250,984.40,983.48,11.91,2.35,55.13,57.66,0.00,11740.05,11.87
700632,pac,58.500,184.500,996.43,995.93,14.86,3.60,43.53,45.13,0.00,0.00,6.15
700638,atl,68.500,-5.000,984.48,983.90,10.64,3.45,47.50,47.50,0.00,0.00,9.17
700638,atl,67.250,-79.500,975.55,975.17,12.76,3.61,33.17,33.17,0.00,0.00,5.95
700638,atl,62.750,-15.250,999.14,999.02,4.22,1.27,36.96,38.04,0.00,0.00,3.39
700638,atl,52.250,-44.250,989.17,988.80,12.97,2.94,48.05,48.05,0.00,0.00,6.43
700638,atl,51.000,-75.250,985.00,984.80,8.94,1.83,26.99,32.63,0.00,0.00,4.88
700638,atl,46.750,-21.000,995.80,995.42,15.26,3.17,47.39,47.39,0.00,0.00,5.20
700638,pac,59.750,187.250,996.82,996.53,15.50,3.56,47.23,47.23,0.00,0.00,7.65
700644,atl,67.250,-3.000,988.86,988.36,10.07,3.36,52.50,52.50,0.00,2726.79,9.18
700644,atl,53.250,-42.500,990.88,990.61,12.08,2.68,48.00,51.81,0.00,5036.60,5.49
700644,atl,51.750,-72.500,986.63,986.33,7.89,1.69,21.93,29.73,0.00,0.00,4.49
700644,atl,47.750,-19.750,996.36,995.97,15.42,3.52,41.92,45.26,0.00,0.00,5.31
700644,pac,61.750,189.500,996.30,995.86,17.97,4.45,47.91,48.39,0.00,0.00,7.45
700650,atl,66.250,1.000,990.60,990.07,9.97,2.99,49.92,49.92,0.00,0.00,7.05
700650,atl,57.500,-40.000,989.76,989.31,12.57,3.23,44.16,46.86,0.00,0.00,7.33
700650,atl,51.750,-69.500,989.75,989.59,5.37,1.16,23.58,28.06,0.00,0.00,3.93
700650,atl,49.000,-17.500,996.26,995.87,14.18,3.07,39.67,41.72,0.00,0.00,4.40
700650,pac,62.500,190.500,996.52,995.83,17.88,4.49,43.75,43.75,0.00,0.00,10.69
700656,atl,64.750,4.000,993.12,992.74,9.71,3.02,50.41,50.41,0.00,1034.42,6.48
700656,atl,58.500,-40.000,987.04,986.64,15.08,3.80,48.53,48.53,0.00,0.00,9.48
700656,atl,55.500,-58.250,992.92,992.85,4.51,0.98,28.99,29.84,0.00,0.00,2.90
700656,atl,50.500,-15.000,997.05,996.79,12.57,2.55,42.84,43.31,0.00,0.00,3.96
700656,pac,63.000,190.750,997.34,996.34,16.92,4.53,49.95,49.95,0.00,0.00,10.76
700662,atl,59.250,-40.000,983.11,982.65,16.26,4.02,57.66,57.66,0.00,24457.56,9.04
700662,atl,56.750,-57.000,992.40,992.21,4.43,1.20,24.40,29.92,0.00,0.00,3.12
700662,atl,54.500,-52.500,992.31,991.98,5.51,1.56,28.26,33.67,0.00,0.00,2.69
700662,atl,52.500,-12.500,995.87,995.66,11.84,2.28,36.89,38.36,0.00,0.00,4.01
700662,atl,41.250,-71.000,997.23,996.68,7.24,1.74,56.81,58.24,0.00,95128.60,4.66
700662,pac,62.750,191.000,998.87,997.65,15.44,4.34,50.04,50.04,0.00,323.53,8.16
700662,pac,53.500,210.250,1002.68,1002.31,10.22,2.88,39.44,39.44,0.00,0.00,4.78
700668,atl,60.750,-40.500,980.48,979.80,17.14,4.41,54.64,54.72,0.00,18352.33,12.09
700668,atl,54.000,-10.500,997.05,996.84,11.04,2.13,37.31,40.59,0.00,0.00,6.30
700668,atl,49.000,-64.750,991.79,991.51,5.75,1.15,20.31,43.25,0.00,0.00,4.87
700668,atl,45.250,-63.250,992.19,991.22,9.09,2.20,61.12,61.12,0.00,64985.65,5.82
700668,pac,62.750,192.250,999.28,998.02,14.87,4.36,48.13,48.13,0.00,0.00,10.02
700668,pac,54.250,213.000,999.39,999.06,11.33,3.12,37.85,37.85,0.00,0.00,5.04
700674,atl,64.500,-49.250,986.82,986.55,7.52,2.09,71.47,71.47,5420.14,44458.88,11.30
700674,atl,61.750,-40.000,980.04,979.64,14.91,4.24,45.90,61.97,0.00,34009.83,11.37
700674,atl,56.000,-21.500,996.11,995.91,5.14,0.93,33.20,38.52,0.00,0.00,3.42
700674,atl,55.500,-16.750,996.75,996.54,5.69,1.18,37.95,40.62,0.00,0.00,3.58
700674,atl,55.500,-9.500,996.28,996.04,10.16,2.24,40.24,42.04,0.00,0.00,8.56
700674,atl,50.000,-60.250,987.55,987.30,7.25,1.30,34.73,56.07,0.00,14217.13,4.76
700674,atl,48.000,-56.500,986.31,985.66,10.90,2.45,56.19,56.19,0.00,49830.66,5.32
700674,pac,62.500,193.250,998.76,997.54,14.88,4.48,46.07,46.07,0.00,0.00,9.52
700674,pac,55.500,216.750,995.78,995.50,12.48,3.01,42.87,44.03,0.00,0.00,11.97
700680,atl,67.000,-50.250,984.51,984.11,11.24,2.38,62.37,62.76,0.00,56581.37,11.10
700680,atl,62.500,-40.000,982.14,981.67,11.60,3.36,60.53,63.77,0.00,24277.65,11.57
700680,atl,57.500,-77.750,989.02,988.68,9.35,2.21,43.01,46.81,0.00,0.00,6.06
700680,atl,57.000,-22.500,990.21,989.97,7.93,1.62,34.59,39.46,0.00,0.00,4.05
700680,atl,56.500,-10.750,995.53,995.17,7.92,1.80,39.30,40.37,0.00,0.00,8.91
700680,atl,50.250,-48.000,982.13,981.55,12.32,2.92,56.09,56.09,0.00,136774.68,5.47
700680,pac,62.250,195.500,1001.35,1000.28,12.38,3.63,44.37,44.37,0.00,0.00,6.84
700680,pac,57.250,221.250,992.31,991.69,15.56,3.45,38.94,38.94,0.00,0.00,15.21
700680,pac,48.250,160.000,994.13,993.47,16.34,4.17,49.85,49.85,0.00,0.00,6.02
700680,pac,35.000,193.750,1004.55,1004.04,11.06,2.77,49.41,49.41,0.00,0.00,6.09
700686,atl,63.000,-40.250,983.77,983.26,8.20,2.16,60.06,64.00,0.00,22437.99,17.86
700686,atl,61.750,-30.000,988.70,988.44,5.20,1.22,41.15,55.81,0.00,1281.84,7.47
700686,atl,58.500,-24.000,986.65,986.37,7.00,1.73,39.73,43.03,0.00,0.00,3.80
700686,atl,57.750,-76.500,989.11,988.50,9.46,2.64,41.20,42.87,0.00,0.00,5.70
700686,atl,55.750,-2.500,1000.70,1000.30,4.69,1.28,37.28,42.73,0.00,0.00,8.12
700686,atl,52.250,-40.750,974.21,973.41,15.80,3.93,62.29,62.29,0.00,140012.95,6.06
700686,atl,46.250,-77.000,993.33,993.14,12.75,3.03,39.97,44.20,0.00,0.00,6.60
700686,pac,62.000,197.500,1004.48,1003.89,9.42,2.58,38.98,39.27,0.00,0.00,5.07
700686,pac,59.750,219.000,998.56,997.84,9.14,2.94,33.16,37.18,0.00,0.00,14.33
700686,pac,57.500,225.000,994.85,994.19,13.06,3.48,35.36,37.60,0.00,0.00,11.41
700686,pac,49.250,161.250,992.30,991.83,16.01,3.98,51.27,52.05,0.00,4329.51,6.33
700686,pac,35.750,194.000,1000.47,999.35,15.32,4.13,63.27,63.27,0.00,133865.14,9.14
700692,atl,60.250,-25.750,982.50,982.18,7.47,1.92,48.28,51.44,0.00,9751.02,9.57
700692,atl,58.500,-73.500,990.19,989.73,7.75,2.04,34.63,34.86,0.00,0.00,4.24
700692,atl,53.250,-35.500,966.88,966.13,20.88,5.97,59.61,59.61,0.00,139472.48,10.78
700692,atl,47.500,-72.750,994.60,994.38,11.42,2.80,34.97,38.25,0.00,0.00,7.83
700692,pac,60.000,214.000,1004.55,1003.97,6.76,1.72,32.43,38.62,0.00,0.00,13.61
700692,pac,59.750,218.500,1003.98,1003.29,6.11,2.13,35.01,36.10,0.00,0.00,13.61
700692,pac,58.500,224.750,1003.80,1002.98,5.73,1.54,37.87,38.87,0.00,0.00,11.56
700692,pac,58.250,231.000,1000.83,999.69,8.33,2.45,38.87,38.87,0.00,0.00,16.79
700692,pac,57.000,237.000,1001.50,1000.04,9.15,2.13,36.76,38.87,0.00,0.00,16.79
700692,pac,50.000,162.750,992.39,992.01,15.64,3.89,50.56,50.75,0.00,7486.56,7.57
700692,pac,35.250,194.000,995.59,994.38,17.93,4.47,69.50,69.50,31955.56,241146.52,10.14
700698,atl,68.750,-52.750,988.89,988.16,6.74,1.32,29.21,40.23,0.00,0.00,7.12
700698,atl,66.750,-47.750,987.65,987.36,5.64,1.31,38.39,65.08,650.11,10407.68,16.89
700698,atl,65.250,-79.000,991.64,991.38,5.68,1.66,26.07,26.07,0.00,0.00,5.05
700698,atl,64.250,-75.500,991.39,991.17,5.28,1.36,26.07,26.07,0.00,0.00,5.05
700698,atl,63.000,-30.500,978.77,978.27,10.69,2.77,51.21,69.26,9644.45,62224.74,12.38
700698,atl,61.750,-69.750,991.11,990.88,4.57,1.05,25.55,30.14,0.00,0.00,4.58
700698,atl,60.250,-24.500,978.94,978.70,5.92,1.42,51.36,56.35,0.00,34097.59,12.71
700698,atl,59.000,-70.500,991.12,990.75,6.36,1.71,30.14,30.14,0.00,0.00,4.58
700698,atl,54.250,-29.250,965.47,965.08,18.77,4.84,65.78,65.78,2870.50,172211.10,9.39
700698,atl,47.750,-69.000,992.94,992.74,11.55,2.56,36.44,43.60,0.00,0.00,10.54
700698,pac,57.000,237.750,1001.40,1000.35,10.34,2.72,37.10,37.10,0.00,0.00,20.00
700698,pac,50.750,165.500,992.18,991.89,15.44,3.41,51.08,51.40,0.00,8049.33,6.55
700698,pac,35.000,194.250,992.47,991.76,19.73,4.53,68.20,68.20,37369.04,289162.83,10.03
700704,atl,65.500,-78.250,993.65,993.35,5.65,1.63,24.41,27.36,0.00,0.00,5.25
700704,atl,64.250,-34.500,979.17,978.06,10.05,2.99,69.88,69.88,9992.48,44720.00,18.15
700704,atl,62.000,-69.750,991.58,991.31,5.83,1.64,27.86,31.73,0.00,0.00,6.43
700704,atl,54.750,-23.750,964.07,963.77,17.62,4.24,64.49,64.92,3327.68,196262.80,8.19
700704,atl,47.250,-64.500,992.40,992.27,11.76,2.08,44.99,52.14,0.00,13436.52,10.38
700704,pac,55.250,174.250,997.46,997.05,12.03,2.42,46.12,46.12,0.00,0.00,5.86
700704,pac,51.500,168.250,995.33,995.05,13.46,2.70,43.79,46.30,0.00,0.00,5.73
700704,pac,35.000,194.000,990.68,990.20,20.01,4.41,69.61,69.61,30957.05,293681.51,9.22
700710,atl,68.750,-47.250,988.86,988.59,4.72,1.24,31.47,47.94,0.00,0.00,16.79
700710,atl,63.750,-56.750,988.18,987.60,4.43,1.88,33.51,33.51,0.00,0.00,6.79
700710,atl,61.500,-68.750,990.62,990.23,6.91,2.53,36.69,36.69,0.00,0.00,10.02
700710,atl,56.750,-76.750,1001.37,1000.98,4.98,1.70,42.00,42.00,0.00,0.00,5.62
700710,atl,55.250,-18.750,962.08,961.78,17.26,3.74,63.24,65.30,8069.30,171019.85,7.67
700710,atl,48.000,-58.500,986.26,985.96,12.63,2.72,56.04,56.66,0.00,29472.29,8.82
700710,pac,59.000,217.500,1004.81,1004.46,13.81,3.29,38.24,50.54,0.00,2137.75,14.78
700710,pac,57.000,180.250,996.36,995.84,15.99,3.46,47.33,47.58,0.00,0.00,6.62
700710,pac,37.500,163.000,996.91,995.98,8.51,1.82,41.74,49.98,0.00,0.00,5.83
700710,pac,34.250,193.500,993.05,992.76,17.89,3.93,54.00,57.74,0.00,165714.54,6.73
700716,atl,69.000,-53.250,989.98,989.65,4.38,1.23,26.56,34.66,0.00,0.00,6.27
700716,atl,64.500,-32.500,978.53,978.07,8.56,2.25,52.92,52.92,0.00,9644.43,14.39
700716,atl,64.000,-57.500,985.96,984.99,7.49,2.79,38.45,38.45,0.00,0.00,8.29
700716,atl,63.500,-38.000,980.06,979.76,7.59,1.95,52.91,52.92,0.00,9644.43,14.39
700716,atl,61.500,-68.000,990.55,989.93,6.87,2.81,41.65,41.65,0.00,0.00,10.06
700716,atl,56.750,-77.000,1001.12,1000.60,6.14,2.02,34.88,34.88,0.00,0.00,4.47
700716,atl,56.000,-15.250,962.49,962.32,15.36,2.80,55.26,62.93,0.00,141565.41,6.28
700716,atl,48.750,-56.000,984.56,983.98,13.91,3.19,54.10,60.59,0.00,61859.99,9.23
700716,pac,59.000,187.250,996.83,996.04,18.00,4.04,45.88,49.42,0.00,0.00,7.20
700716,pac,40.000,164.250,990.74,989.96,12.21,2.90,52.94,55.51,0.00,30612.21,6.96
700716,pac,33.750,194.000,994.32,994.00,15.39,3.47,46.65,48.38,0.00,0.00,4.79
700722,atl,64.500,-58.000,986.44,985.21,7.68,3.04,39.36,39.36,0.00,0.00,10.02
700722,atl,64.250,-36.000,976.86,976.49,9.76,2.57,58.64,58.64,0.00,8264.38,15.58
700722,atl,61.750,-68.000,991.61,990.66,6.28,2.63,39.26,39.26,0.00,0.00,8.33
700722,atl,57.000,-77.250,1001.44,1001.06,6.20,2.01,35.65,35.65,0.00,0.00,4.75
700722,atl,56.750,-12.000,962.47,962.31,14.15,2.47,50.15,58.97,0.00,74248.90,5.98
700722,atl,49.000,-53.000,982.98,982.57,13.64,3.29,55.18,59.04,0.00,134086.94,6.50
700722,pac,60.000,191.500,996.77,995.94,18.08,4.15,47.28,48.26,0.00,0.00,15.07
700722,pac,42.250,165.000,983.62,982.67,15.55,3.76,49.54,57.00,0.00,5441.89,6.54
700722,pac,34.000,194.250,995.68,995.41,13.87,3.18,41.95,43.14,0.00,0.00,4.56
700728,atl,65.000,-58.000,987.93,987.17,7.51,2.96,43.57,43.57,0.00,0.00,9.58
700728,atl,61.750,-67.500,994.14,993.11,4.79,2.17,37.71,37.71,0.00,0.00,7.77
700728,atl,57.500,-10.250,964.75,964.62,11.94,1.95,49.67,51.72,0.00,5024.31,5.99
700728,atl,56.750,-74.000,1003.43,1003.01,4.30,1.31,32.46,38.06,0.00,0.00,4.39
700728,atl,56.500,-76.750,1003.48,1002.90,6.24,2.04,38.06,38.06,0.00,0.00,4.39
700728,atl,54.750,3.000,973.13,972.05,13.58,3.47,49.44,59.93,0.00,38309.13,14.68
700728,atl,51.000,-37.000,982.77,982.57,5.49,1.33,36.55,62.36,0.00,62930.95,6.48
700728,atl,49.750,-49.750,985.82,985.35,10.49,2.33,52.40,56.62,0.00,97999.40,6.02
700728,atl,48.250,-31.750,982.67,981.19,10.32,2.82,63.06,63.06,0.00,221975.11,6.63
700728,pac,60.750,196.500,999.01,998.26,17.18,3.95,42.65,43.00,0.00,0.00,8.14
700728,pac,44.000,165.250,982.90,982.50,14.87,2.88,52.63,52.63,0.00,10788.67,6.95
700728,pac,34.250,195.000,996.89,996.58,12.35,2.82,43.15,43.15,0.00,0.00,4.20
700734,atl,65.000,-57.750,989.45,989.01,4.90,2.16,43.29,43.29,0.00,0.00,10.85
700734,atl,61.500,-66.500,994.51,993.61,4.08,1.76,35.16,44.14,0.00,0.00,7.30
700734,atl,61.250,-47.250,982.15,980.82,4.25,1.67,35.21,35.21,0.00,0.00,8.88
700734,atl,59.000,-53.250,987.11,986.76,4.37,0.72,43.87,44.14,0.00,0.00,8.33
700734,atl,58.250,-10.750,966.63,966.47,10.13,1.65,47.22,53.15,0.00,17282.82,4.97
700734,atl,56.000,5.750,968.00,966.75,17.86,5.35,62.81,62.81,0.00,42460.26,19.11
700734,atl,51.250,-34.500,981.30,980.75,6.08,1.71,52.71,57.92,0.00,125294.54,4.59
700734,atl,50.000,-24.750,976.34,974.72,11.90,3.90,65.28,65.28,2025.34,236759.80,8.37
700734,pac,62.000,201.750,998.77,997.95,18.01,4.72,37.57,44.56,0.00,0.00,22.69
700734,pac,45.000,164.750,978.98,978.59,16.31,3.29,49.98,50.92,0.00,3036.80,6.50
700734,pac,35.250,195.750,999.03,998.84,11.73,2.61,40.62,40.62,0.00,0.00,4.01
700740,atl,59.500,-17.000,967.04,966.90,9.16,1.59,39.76,53.18,0.00,3841.08,8.92
700740,atl,58.500,-58.000,984.76,984.13,10.84,3.54,54.27,54.27,0.00,6059.35,9.41
700740,atl,56.250,7.000,970.26,968.88,16.85,5.27,65.32,65.32,1652.29,47220.84,21.56
700740,atl,51.250,-31.750,984.93,984.42,4.64,1.41,54.33,55.33,0.00,175997.48,4.56
700740,atl,51.000,-18.250,972.22,970.19,14.22,4.61,70.63,70.63,8964.23,237440.27,9.18
700740,pac,63.500,208.750,1001.38,999.45,15.27,3.92,37.33,44.67,0.00,0.00,23.08
700740,pac,45.750,165.000,978.06,977.74,15.93,2.93,46.92,55.03,0.00,13718.61,6.54
700740,pac,36.250,195.750,999.76,999.51,11.26,2.57,40.56,41.02,0.00,0.00,3.61
700746,atl,62.250,-40.000,971.90,971.27,9.96,3.02,52.37,55.65,0.00,19600.78,8.45
700746,atl,62.000,-26.500,967.68,967.17,10.92,2.50,46.02,46.02,0.00,0.00,9.06
700746,atl,60.000,-17.750,967.18,966.92,9.88,2.02,41.80,46.02,0.00,0.00,9.06
700746,atl,58.500,-58.500,981.55,980.39,14.93,4.99,64.30,64.30,400.89,36722.62,16.55
700746,atl,56.000,8.250,975.01,973.82,14.03,4.70,58.63,58.63,0.00,22344.14,16.21
700746,atl,53.000,-8.000,971.81,970.88,11.47,2.95,63.24,70.84,21490.33,137603.90,8.36
700746,atl,48.500,-59.000,997.61,996.49,12.89,3.97,50.12,50.32,0.00,1531.09,8.39
700746,pac,60.500,213.250,1000.10,999.42,17.69,3.74,59.41,61.64,0.00,42715.44,26.43
700746,pac,47.500,164.250,976.65,976.48,16.08,2.58,49.36,61.03,0.00,65842.46,6.79
700746,pac,37.500,195.750,1000.84,1000.67,10.00,2.24,36.07,38.71,0.00,0.00,3.39
700746,pac,31.000,176.750,1003.74,1003.44,5.61,1.73,42.71,42.71,0.00,0.00,3.21
700752,atl,63.750,-48.750,978.47,978.00,8.43,2.24,47.95,49.66,0.00,0.00,16.28
700752,atl,62.500,-30.250,968.61,968.07,12.58,3.07,47.83,57.09,0.00,26854.67,6.99
700752,atl,61.750,-40.750,972.57,971.71,9.62,3.01,49.80,57.09,0.00,18319.04,9.63
700752,atl,60.250,-15.500,969.25,969.08,11.58,2.48,44.98,49.91,0.00,0.00,10.20
700752,atl,58.000,-59.500,979.59,977.07,19.51,6.48,66.78,66.78,2451.29,33335.44,18.45
700752,atl,55.500,9.500,980.25,979.38,8.16,2.75,56.14,56.14,0.00,14071.45,15.22
700752,atl,53.500,-4.500,973.04,972.28,11.95,3.29,57.17,65.77,1986.91,95763.64,8.02
700752,atl,49.250,-54.250,993.39,992.78,13.77,4.46,55.73,56.49,0.00,108842.42,11.47
700752,atl,44.250,-51.250,998.21,996.83,12.06,3.58,72.69,72.69,10634.04,270627.12,10.28
700752,pac,60.000,216.750,997.02,996.21,20.00,4.87,56.80,59.95,0.00,124075.19,23.85
700752,pac,48.250,162.750,977.12,976.69,14.82,2.65,43.74,64.25,478.42,32184.64,6.58
700752,pac,38.750,196.250,1001.82,1001.66,9.10,2.03,33.26,35.59,0.00,0.00,3.15
700752,pac,31.250,179.500,1002.51,1001.65,7.42,2.52,45.80,45.80,0.00,0.00,4.86
700758,atl,64.000,-49.250,978.40,977.92,9.28,2.56,53.60,53.60,0.00,17378.18,15.77
700758,atl,62.750,-34.500,969.20,968.46,14.14,3.29,58.04,61.28,0.00,48324.21,14.82
700758,atl,62.000,-18.500,971.67,971.42,11.43,2.49,48.58,48.58,0.00,0.00,11.75
700758,atl,53.500,4.500,974.64,973.91,12.60,2.28,52.49,55.62,0.00,35824.17,6.15
700758,atl,50.750,-50.750,986.38,985.35,15.65,5.52,78.56,78.56,25120.22,163023.26,14.21
700758,atl,45.250,-45.250,988.86,987.69,16.89,5.46,87.28,87.28,117393.91,416079.30,13.57
700758,pac,59.500,218.750,994.34,993.46,21.89,6.77,58.23,58.91,0.00,216861.60,22.35
700758,pac,59.500,225.750,995.97,994.68,14.86,3.81,44.58,57.64,0.00,56783.37,21.90
700758,pac,49.000,160.750,973.87,973.51,15.41,3.26,53.39,61.51,0.00,25896.84,11.44
700758,pac,40.250,196.250,1002.88,1002.78,8.04,1.71,33.33,33.40,0.00,0.00,2.99
700758,pac,31.250,182.750,1002.74,1001.51,7.35,2.31,45.15,45.15,0.00,0.00,6.71
700764,atl,63.500,-53.250,981.98,981.80,11.01,2.69,50.64,50.89,0.00,6494.51,14.75
700764,atl,63.250,-22.750,975.25,974.74,10.89,2.28,41.62,49.79,0.00,0.00,8.97
700764,atl,62.000,-14.750,977.27,976.92,11.94,3.02,44.87,44.88,0.00,0.00,8.97
700764,atl,61.500,-40.000,969.59,969.23,16.11,5.04,54.93,60.85,0.00,63072.09,16.08
700764,atl,53.250,9.500,978.48,978.08,11.33,2.06,49.53,50.80,0.00,2964.81,5.63
700764,atl,52.250,-49.250,981.29,980.02,18.65,6.18,67.31,67.31,4297.71,235622.00,15.45
700764,atl,47.000,-38.500,980.84,980.07,20.75,5.92,83.94,83.94,173979.53,420303.18,14.16
700764,pac,58.500,221.500,997.20,995.78,17.68,5.31,61.47,61.47,0.00,268689.53,25.18
700764,pac,58.000,225.250,997.71,996.90,12.94,3.36,57.63,61.47,0.00,172529.76,25.18
700764,pac,57.750,237.500,995.44,994.20,13.77,3.49,40.19,48.47,0.00,0.00,13.38
700764,pac,42.250,196.500,1002.41,1002.30,7.03,1.39,28.50,31.18,0.00,0.00,2.72
700764,pac,40.750,163.750,982.56,981.41,9.12,2.07,48.75,59.41,0.00,82285.07,5.11
700764,pac,31.750,186.250,1001.13,999.26,8.83,2.92,57.10,57.10,0.00,4598.07,8.00
700770,atl,65.500,-49.250,984.51,984.10,7.41,1.61,52.27,54.42,0.00,10910.96,15.49
700770,atl,64.250,-25.750,977.63,977.15,11.61,2.22,43.52,58.91,0.00,30371.29,8.92
700770,atl,63.750,-17.750,980.80,980.24,11.29,2.45,40.43,42.69,0.00,0.00,7.63
700770,atl,63.000,-53.000,984.08,983.85,9.82,2.50,49.02,54.00,0.00,5501.59,15.99
700770,atl,61.250,-40.750,970.20,969.09,16.97,5.52,60.18,60.18,0.00,71604.37,17.22
700770,atl,52.750,-48.250,985.01,983.71,15.31,5.15,64.45,64.45,462.37,196478.34,11.95
700770,atl,49.000,-33.500,971.88,970.95,22.97,6.69,86.25,86.25,170185.91,392500.58,13.08
700770,pac,57.000,226.500,998.71,998.39,12.57,3.45,54.47,59.61,0.00,123870.63,22.80
700770,pac,56.750,230.250,999.83,999.35,8.64,1.75,43.66,55.43,0.00,29180.92,17.96
700770,pac,44.000,196.500,1002.23,1002.11,6.13,1.13,24.64,30.24,0.00,0.00,2.72
700770,pac,42.500,166.500,973.95,972.87,14.14,3.44,48.19,66.64,1209.55,61708.58,10.43
700770,pac,33.000,189.500,997.22,994.36,11.21,3.89,54.38,54.38,0.00,3897.68,11.00
700776,atl,65.750,-19.750,984.74,984.21,11.63,2.51,46.48,55.30,0.00,13864.64,12.21
700776,atl,64.750,-31.250,979.02,978.68,11.14,2.59,58.64,58.64,0.00,44479.44,13.55
700776,atl,62.500,-52.000,985.90,985.57,8.61,1.97,47.66,49.48,0.00,0.00,14.32
700776,atl,62.500,-46.250,982.96,981.60,6.39,1.13,49.32,65.58,7109.07,41865.09,14.32
700776,atl,60.500,-40.000,972.29,971.32,16.17,5.22,65.58,65.58,7109.07,83839.81,14.32
700776,atl,52.250,-47.250,988.58,987.23,15.73,5.32,64.88,64.88,1440.54,202217.95,10.13
700776,atl,52.000,-27.000,966.66,965.95,22.36,5.20,81.02,85.76,129505.96,268173.55,11.05
700776,atl,48.000,-79.250,1003.56,1003.03,10.11,2.14,29.18,30.81,0.00,0.00,6.02
700776,pac,55.500,228.500,1001.73,1001.21,10.56,2.53,53.65,53.65,0.00,27765.01,14.95
700776,pac,55.500,236.500,997.45,997.00,9.15,2.75,35.45,51.48,0.00,1911.00,15.53
700776,pac,45.500,168.250,972.16,971.39,14.31,3.85,56.42,62.12,0.00,90484.25,6.48
700776,pac,45.500,196.250,1002.04,1001.96,5.11,0.83,22.55,33.47,0.00,0.00,2.92
700776,pac,34.750,192.000,995.22,993.14,11.27,3.66,53.52,53.52,0.00,7689.70,8.33
700782,atl,63.000,-48.500,984.79,983.69,6.57,1.63,46.87,47.92,0.00,0.00,10.76
700782,atl,60.250,-37.500,972.90,972.02,15.47,4.69,62.52,62.52,0.00,103516.82,10.76
700782,atl,53.750,-23.750,962.31,962.17,23.13,4.76,70.74,79.71,91947.23,274683.58,8.84
700782,atl,51.500,-44.750,993.77,992.51,12.49,4.49,63.20,63.20,0.00,194281.24,8.67
700782,atl,49.500,-74.250,1002.54,1002.06,11.72,2.70,30.38,30.38,0.00,0.00,6.90
700782,pac,55.250,235.750,1001.77,1001.11,8.19,3.05,30.22,39.35,0.00,0.00,17.76
700782,pac,50.500,240.000,1002.85,1001.71,6.87,1.87,51.86,51.86,0.00,2550.06,15.02
700782,pac,46.750,167.250,971.08,970.26,14.32,3.83,54.45,54.45,0.00,30219.67,4.95
700782,pac,45.500,173.000,974.56,973.99,10.10,2.29,51.19,54.45,0.00,22013.78,5.05
700782,pac,36.500,193.500,994.12,993.07,11.19,3.68,51.26,51.26,0.00,3803.88,6.75
700788,atl,67.250,-26.250,990.29,989.77,7.63,2.58,50.82,50.82,0.00,849.66,18.42
700788,atl,62.000,-47.250,984.97,983.52,7.28,1.31,47.06,47.06,0.00,0.00,9.03
700788,atl,60.250,-36.000,976.08,975.40,12.96,3.62,55.56,55.56,0.00,69239.57,6.63
700788,atl,55.000,-20.000,961.94,961.73,21.78,3.70,64.90,70.64,75490.60,345415.36,8.46
700788,atl,50.750,-41.500,1000.09,999.29,7.50,2.86,61.44,61.44,0.00,132275.30,6.40
700788,atl,49.750,-70.750,1003.25,1002.84,10.54,2.13,29.77,29.77,0.00,0.00,5.34
700788,pac,46.750,167.000,972.94,972.24,12.30,2.99,43.88,50.01,0.00,567.46,4.08
700788,pac,46.750,172.250,974.73,974.20,8.91,1.89,38.27,42.42,0.00,0.00,4.79
700788,pac,45.750,176.750,974.87,974.30,10.13,2.42,42.88,42.88,0.00,0.00,5.02
700788,pac,37.750,194.500,994.26,993.52,8.38,2.44,39.08,39.08,0.00,0.00,3.68
700794,atl,61.750,-47.000,986.00,985.30,6.96,1.45,45.36,47.86,0.00,0.00,6.20
700794,atl,60.750,-36.000,977.35,976.78,12.47,3.51,45.30,45.98,0.00,0.00,4.57
700794,atl,56.500,-16.250,961.72,961.48,20.02,2.90,63.51,69.38,53993.65,283171.75,7.96
700794,atl,49.000,-65.500,1003.43,1002.87,7.98,1.16,27.48,30.55,0.00,0.00,5.70
700794,pac,47.250,174.750,972.70,972.11,10.27,2.46,40.05,40.05,0.00,0.00,4.32
700794,pac,46.250,167.250,971.20,970.66,12.75,3.08,51.86,57.18,0.00,109881.34,4.59
700794,pac,39.250,195.500,992.46,992.04,6.81,1.96,34.16,34.16,0.00,0.00,3.24
700800,atl,65.500,-52.500,988.11,987.57,10.41,3.05,50.45,50.45,0.00,1254.17,10.34
700800,atl,61.000,-37.000,978.23,977.74,12.32,3.15,37.91,45.17,0.00,0.00,8.86
700800,atl,58.500,-15.000,960.77,960.44,19.78,3.04,48.17,66.57,12495.03,162254.00,8.34
700800,atl,50.250,-57.750,1002.00,1001.69,7.22,1.79,25.51,34.38,0.00,0.00,4.96
700800,pac,56.000,221.750,1004.26,1003.92,14.81,2.87,64.09,64.09,409.51,53670.12,30.89
700800,pac,47.750,178.500,979.44,979.19,6.55,1.47,39.52,40.59,0.00,0.00,3.76
700800,pac,45.750,169.000,973.54,973.25,11.21,2.15,50.93,57.22,0.00,96099.08,4.41
700800,pac,42.250,194.000,989.31,989.11,4.85,0.88,25.44,32.13,0.00,0.00,3.10
700806,atl,65.500,-53.000,988.05,987.80,10.68,2.70,51.17,51.17,0.00,6819.20,10.16
700806,atl,61.500,-47.000,988.53,988.25,4.37,0.77,38.16,41.59,0.00,0.00,8.02
700806,atl,61.000,-38.250,980.12,979.70,9.72,2.59,33.90,44.55,0.00,0.00,8.02
700806,atl,59.750,-16.500,959.10,958.74,19.72,3.12,54.73,73.49,56492.07,142499.55,8.18
700806,atl,50.250,-49.250,999.41,999.15,5.82,1.37,38.31,38.93,0.00,0.00,4.03
700806,pac,55.750,223.250,1000.28,999.55,16.80,3.44,66.47,66.47,2041.74,44300.16,31.35
700806,pac,50.250,228.000,1003.44,1002.96,8.71,2.07,43.83,43.83,0.00,0.00,5.88
700806,pac,45.500,169.500,972.31,972.10,11.28,2.10,53.26,61.67,0.00,113280.29,4.28
700806,pac,44.000,193.250,984.26,983.96,7.61,1.59,30.31,33.31,0.00,0.00,3.43
700812,atl,64.500,-52.500,987.84,987.65,9.70,2.22,49.62,51.99,0.00,9321.35,10.03
700812,atl,61.000,-39.500,980.79,980.52,7.87,2.21,40.25,50.05,0.00,326.59,5.45
700812,atl,60.000,-17.000,959.10,958.89,19.16,3.28,68.61,68.61,18633.13,210439.16,9.99
700812,atl,50.750,-43.250,994.17,993.71,6.52,1.56,44.84,50.61,0.00,1026.63,4.01
700812,pac,55.500,224.250,995.35,994.51,19.04,3.93,66.82,66.82,2053.24,37275.29,32.92
700812,pac,45.500,192.500,980.25,979.92,10.38,2.21,37.07,44.25,0.00,0.00,4.34
700812,pac,44.750,171.000,972.20,971.98,11.43,2.11,45.57,55.46,0.00,62884.00,4.44
700818,atl,69.000,-53.500,987.92,987.35,12.64,3.40,48.39,52.04,0.00,9000.85,10.44
700818,atl,61.000,-40.250,979.00,978.64,7.21,1.87,40.55,51.03,0.00,1980.88,7.15
700818,atl,60.500,-16.750,959.97,959.70,17.58,3.04,59.39,59.39,0.00,192402.72,8.83
700818,atl,51.250,-37.750,989.87,989.61,5.16,1.09,45.78,51.96,0.00,11414.76,3.79
700818,atl,48.750,-5.750,992.97,992.22,9.01,2.30,44.43,44.43,0.00,0.00,4.09
700818,pac,55.000,227.500,994.65,994.02,19.26,4.19,43.11,64.06,409.51,13160.96,24.10
700818,pac,46.750,191.500,977.05,976.59,13.35,3.01,55.45,57.77,0.00,112503.42,5.90
700818,pac,44.250,172.750,972.53,972.36,10.80,1.99,44.22,55.36,0.00,47596.03,3.88
700824,atl,69.000,-53.750,988.09,987.79,11.92,3.26,47.43,50.66,0.00,1251.09,14.28
700824,atl,61.500,-15.750,961.61,961.45,16.24,2.82,58.32,59.48,0.00,148039.41,7.45
700824,atl,51.250,-31.750,983.46,983.01,6.93,1.55,52.99,57.82,0.00,48384.12,4.62
700824,atl,50.750,-2.000,987.48,987.12,12.22,3.08,50.92,50.92,0.00,1508.18,5.07
700824,pac,54.500,230.500,1000.60,999.70,13.93,3.21,47.56,52.18,0.00,1416.64,20.06
700824,pac,52.750,235.750,996.52,995.02,17.48,5.30,52.18,52.18,0.00,1416.64,24.53
700824,pac,47.250,189.500,976.41,975.64,14.47,3.94,51.79,58.87,0.00,106410.17,5.71
700824,pac,44.500,173.000,974.98,974.82,9.93,1.97,34.49,50.21,0.00,1179.61,3.30
700824,pac,39.250,195.000,985.11,984.75,5.57,1.40,33.33,40.30,0.00,0.00,3.13
700830,atl,69.000,-53.000,988.77,987.17,8.98,2.30,45.51,52.56,0.00,2264.68,13.55
700830,atl,62.750,-18.000,963.74,963.53,12.79,1.81,39.05,58.94,0.00,74456.96,7.19
700830,atl,53.500,0.750,981.84,981.29,16.36,4.44,47.85,60.01,0.00,18231.04,9.68
700830,atl,51.750,-26.500,977.81,977.32,9.01,1.88,55.14,62.66,0.00,184788.10,5.17
700830,pac,51.750,236.750,1000.22,999.20,14.90,4.42,43.32,47.70,0.00,0.00,29.52
700830,pac,48.250,187.500,976.26,975.36,16.24,4.82,57.58,58.54,0.00,157935.94,9.61
700830,pac,44.750,173.000,975.69,975.54,8.05,1.63,34.32,44.71,0.00,0.00,3.32
700830,pac,40.000,196.250,984.90,984.53,6.39,1.59,29.93,31.79,0.00,0.00,3.41
700836,atl,63.250,-23.000,965.63,965.42,9.88,1.50,36.22,56.60,0.00,21245.14,6.37
700836,atl,54.250,2.750,979.36,978.72,20.37,5.51,56.73,59.63,0.00,122315.45,9.97
700836,atl,52.250,-21.000,972.70,972.16,13.53,3.36,63.33,68.94,28527.55,215388.50,7.39
700836,atl,42.000,-62.500,1003.55,1002.90,11.66,2.74,43.64,46.74,0.00,0.00,4.65
700836,pac,51.000,239.500,1003.03,1002.44,14.51,3.46,38.69,49.35,0.00,0.00,28.80
700836,pac,49.500,183.500,978.72,978.12,15.06,4.27,59.23,59.23,0.00,111689.01,8.04
700836,pac,45.000,173.000,977.50,977.39,5.91,1.06,30.06,39.94,0.00,0.00,3.51
700836,pac,41.750,199.000,982.70,982.50,8.87,1.86,31.93,34.67,0.00,0.00,3.96
700842,atl,64.000,-27.250,967.50,967.35,9.84,1.65,48.50,67.64,3800.75,38396.88,8.87
700842,atl,62.750,-37.250,966.79,966.62,11.36,2.12,56.14,61.19,0.00,52254.02,10.26
700842,atl,55.500,3.000,980.33,979.61,16.46,4.41,69.53,70.13,26276.27,180068.88,22.02
700842,atl,53.000,-15.250,970.41,970.06,15.64,3.79,63.92,68.31,35806.19,275990.51,9.75
700842,atl,43.500,-57.500,996.50,995.48,15.33,3.70,49.02,52.65,0.00,3560.50,7.20
700842,pac,50.500,178.500,979.84,979.36,13.24,3.34,55.14,55.14,0.00,52120.51,6.46
700842,pac,43.250,207.250,984.05,983.63,8.38,1.63,40.49,49.93,0.00,0.00,4.86
700842,pac,42.250,198.500,980.14,979.87,10.36,2.44,40.53,40.53,0.00,0.00,5.01
700842,pac,42.000,171.000,975.66,975.47,7.49,1.22,40.55,50.54,0.00,3048.89,4.15
700842,pac,35.500,179.000,984.03,983.20,6.12,1.76,49.85,49.85,0.00,0.00,4.59
700848,atl,64.750,-29.750,970.44,970.17,11.00,1.88,53.44,58.10,0.00,23251.63,20.64
700848,atl,61.500,-40.250,966.39,966.22,15.63,3.08,64.51,66.78,27032.23,200339.53,21.26
700848,atl,53.750,-5.000,970.42,969.63,12.78,2.72,50.77,75.50,33456.34,91608.06,7.79
700848,atl,44.500,-53.000,993.16,992.59,16.28,4.06,52.08,52.44,0.00,6859.88,6.67
700848,pac,44.750,205.250,979.97,979.58,9.59,1.84,50.12,54.79,0.00,94945.31,5.86
700848,pac,44.500,210.000,980.35,979.78,12.48,2.67,50.78,54.11,0.00,105216.55,6.11
700848,pac,42.250,199.000,980.22,980.10,8.15,1.92,48.02,48.02,0.00,0.00,4.42
700848,pac,42.000,173.000,975.41,975.17,8.24,1.62,45.27,51.91,0.00,13730.27,4.66
700848,pac,37.000,184.250,974.54,972.68,13.32,3.82,56.26,59.01,0.00,61052.55,7.54
700854,atl,60.750,-36.000,966.93,966.71,15.49,3.31,65.90,67.26,15700.80,213126.13,12.07
700854,atl,54.250,-3.000,969.00,968.48,14.26,2.50,45.95,76.91,38758.08,104442.70,7.86
700854,atl,46.000,-47.500,988.70,988.08,16.38,4.07,58.96,58.96,0.00,52231.24,7.48
700854,pac,45.250,203.750,977.06,976.50,11.88,2.39,53.99,60.26,0.00,145596.93,6.27
700854,pac,41.750,175.250,974.84,974.60,8.68,1.83,44.69,55.59,0.00,59492.67,4.59
700854,pac,38.500,187.500,963.17,960.18,21.28,6.81,69.77,69.77,7303.15,185815.99,17.64
700860,atl,61.000,-36.250,967.20,967.04,17.92,4.18,59.84,59.99,0.00,141718.98,9.41
700860,atl,56.250,-0.250,972.41,972.08,15.08,3.21,70.67,71.28,24910.80,140966.10,14.87
700860,atl,48.000,-41.750,984.48,983.29,17.16,4.36,54.25,55.81,0.00,93441.88,8.60
700860,pac,46.250,202.750,973.14,972.79,14.53,3.73,61.80,61.80,0.00,153849.17,6.77
700860,pac,41.500,179.500,976.99,976.86,6.83,1.15,39.99,56.00,0.00,19009.46,3.74
700860,pac,40.000,215.750,988.85,988.64,5.92,1.09,38.81,59.82,0.00,53340.44,6.19
700860,pac,39.000,191.000,958.16,956.84,23.49,7.52,79.48,79.48,41622.14,208210.59,12.29
700866,atl,61.500,-38.750,967.48,967.24,19.05,4.46,53.57,61.66,0.00,108508.65,14.95
700866,atl,60.750,-8.750,986.95,986.58,6.15,1.77,39.26,46.81,0.00,0.00,4.51
700866,atl,55.250,5.500,975.70,975.31,15.76,3.42,61.17,62.33,0.00,69757.12,17.81
700866,atl,50.250,-35.000,978.51,977.26,18.34,4.84,60.71,60.71,0.00,187268.54,9.08
700866,pac,46.250,199.250,969.81,969.41,11.39,2.60,52.41,59.53,0.00,94169.97,5.54
700866,pac,41.500,219.500,983.53,982.81,14.03,3.69,59.23,64.22,581.00,133423.52,7.22
700866,pac,41.000,182.750,977.76,977.69,5.33,0.98,37.82,57.39,0.00,30712.54,3.92
700866,pac,39.750,195.500,957.76,956.55,19.95,5.83,72.22,72.22,26349.61,212974.00,8.37
700872,atl,62.000,-11.250,990.37,990.08,5.03,1.59,33.32,33.32,0.00,0.00,5.73
700872,atl,60.750,-40.500,965.97,965.44,22.10,5.22,59.00,65.67,10644.41,153727.54,15.20
700872,atl,55.000,7.000,979.86,979.32,14.53,3.23,51.18,52.34,0.00,10686.94,9.92
700872,atl,52.500,-29.250,969.98,968.78,24.28,7.26,72.49,72.49,32735.12,244722.03,14.89
700872,pac,47.500,217.000,979.42,979.22,12.87,2.47,51.76,57.89,0.00,101135.48,6.17
700872,pac,40.500,199.750,958.77,958.25,15.93,4.21,68.95,68.95,18054.62,206354.04,6.91
700878,atl,63.500,-15.000,990.39,990.14,4.14,1.15,35.86,35.86,0.00,0.00,3.91
700878,atl,60.250,-39.500,968.60,967.96,20.57,5.09,62.89,64.29,3209.65,195622.86,17.56
700878,atl,58.250,-78.500,975.23,974.78,23.94,5.90,45.68,51.23,0.00,4446.21,8.44
700878,atl,55.000,-23.250,962.32,961.59,29.69,8.79,81.27,81.27,82096.55,346094.14,18.28
700878,atl,54.750,8.500,983.82,983.23,13.42,3.15,47.98,52.82,0.00,8844.23,5.03
700878,pac,49.500,214.000,975.30,974.90,11.65,2.67,50.17,56.17,0.00,81092.88,5.57
700878,pac,45.250,195.750,964.64,964.29,9.83,2.10,43.81,45.78,0.00,0.00,4.97
700878,pac,42.000,203.250,957.99,957.47,15.38,4.08,65.82,65.82,7118.82,181451.19,6.00
700884,atl,66.000,-47.500,987.82,986.82,8.27,1.88,40.81,49.72,0.00,0.00,17.21
700884,atl,65.000,-52.750,991.53,988.44,5.79,2.16,44.11,44.11,0.00,0.00,16.00
700884,atl,60.000,-37.500,975.46,975.05,17.09,4.31,59.40,60.25,0.00,174845.75,9.31
700884,atl,58.750,-75.000,979.05,978.03,19.95,4.73,46.24,48.84,0.00,0.00,6.41
700884,atl,57.000,-18.250,959.46,958.62,31.59,8.94,83.04,83.04,138131.25,385046.50,17.26
700884,pac,44.750,196.000,963.55,963.17,10.17,2.04,36.25,44.14,0.00,0.00,5.15
700884,pac,43.500,206.500,957.36,956.81,13.93,3.58,57.15,57.15,0.00,56966.05,5.57
700890,atl,69.000,-47.750,990.16,989.34,10.31,2.74,45.30,46.92,0.00,0.00,25.04
700890,atl,65.000,-53.500,991.58,991.28,4.83,1.81,37.35,37.35,0.00,0.00,9.87
700890,atl,65.000,-46.500,990.51,990.11,4.60,1.10,27.61,41.75,0.00,0.00,10.15
700890,atl,60.250,-61.250,988.52,988.44,7.84,2.19,47.78,49.30,0.00,0.00,11.21
700890,atl,60.250,-35.250,982.39,981.97,12.73,3.23,57.20,57.61,0.00,158542.47,10.11
700890,atl,59.250,-72.750,984.55,983.80,15.56,3.40,40.95,49.30,0.00,0.00,11.21
700890,atl,57.750,-13.250,959.08,958.40,30.79,7.93,89.40,89.40,187899.11,353474.58,13.85
700890,pac,45.500,209.500,957.09,956.81,12.77,3.07,53.47,53.47,0.00,13520.03,5.60
700890,pac,44.750,195.750,965.05,964.73,9.79,2.04,37.01,40.96,0.00,0.00,4.42
700890,pac,40.250,161.000,991.78,991.08,7.55,2.08,45.27,48.99,0.00,0.00,4.64
700896,atl,68.500,-54.000,994.80,994.58,6.64,1.54,40.73,43.08,0.00,0.00,27.12
700896,atl,61.000,-58.750,988.33,987.88,10.01,2.53,43.54,51.04,0.00,716.64,7.74
700896,atl,61.000,-34.500,988.83,988.43,8.70,2.28,51.06,53.28,0.00,45316.93,9.14
700896,atl,60.000,-68.750,992.47,992.20,9.05,1.73,46.26,51.04,0.00,716.64,7.74
700896,atl,58.500,-8.500,960.18,959.82,28.19,6.80,86.14,86.14,133368.39,210858.34,10.79
700896,atl,34.250,-73.250,1003.45,1002.42,11.86,3.62,54.10,54.10,0.00,3809.66,6.60
700896,pac,47.500,211.750,955.76,955.40,12.40,3.11,50.82,50.82,0.00,10121.41,5.58
700896,pac,44.500,196.000,967.30,967.02,8.48,1.93,45.10,45.10,0.00,0.00,4.05
700896,pac,40.500,164.750,989.01,988.17,9.17,2.48,47.24,49.47,0.00,0.00,5.37
700902,atl,68.750,-49.250,995.53,995.28,7.02,1.56,32.94,41.60,0.00,0.00,17.94
700902,atl,65.500,-26.750,992.44,992.22,5.99,1.54,42.55,43.69,0.00,0.00,9.93
700902,atl,62.000,-57.000,988.83,988.17,10.98,2.55,44.22,48.36,0.00,0.00,6.83
700902,atl,62.000,-40.000,992.01,991.80,5.91,1.81,38.61,49.50,0.00,0.00,6.78
700902,atl,61.500,-32.750,991.64,991.29,6.46,1.62,49.88,49.88,0.00,0.00,4.15
700902,atl,58.750,-6.000,961.62,960.95,25.71,5.73,69.71,77.73,51137.48,216850.55,9.65
700902,atl,45.750,-70.750,1003.94,1003.66,10.39,2.44,32.78,34.64,0.00,0.00,12.29
700902,atl,37.750,-68.250,999.21,996.56,11.51,3.15,68.47,68.47,1230.25,58733.03,8.06
700902,atl,35.250,-70.500,999.65,998.75,11.22,3.14,53.10,68.47,1230.25,41453.06,8.06
700902,pac,50.750,206.750,958.86,958.67,8.30,1.48,34.01,50.84,0.00,886.48,4.53
700902,pac,50.000,213.250,956.35,956.16,11.73,2.64,46.14,46.14,0.00,0.00,5.08
700902,pac,40.750,165.500,982.78,981.39,12.58,3.81,47.38,55.37,0.00,29010.17,9.06
700908,atl,68.500,-50.000,997.62,997.07,5.71,0.93,34.58,41.58,0.00,0.00,11.36
700908,atl,68.250,2.750,988.54,988.20,6.10,1.41,34.00,34.00,0.00,0.00,5.33
700908,atl,63.250,-56.000,989.81,988.99,12.26,3.14,48.63,48.63,0.00,0.00,9.33
700908,atl,62.500,-34.250,991.95,991.72,8.63,1.41,43.05,46.33,0.00,0.00,11.31
700908,atl,58.250,-2.500,968.04,967.60,21.73,4.45,58.84,65.99,4445.91,236720.71,10.07
700908,atl,40.750,-65.750,986.55,984.40,19.43,5.66,69.10,69.10,5895.81,199573.09,12.04
700908,pac,51.750,213.250,957.00,956.89,10.48,1.97,42.99,42.99,0.00,0.00,4.40
700908,pac,41.250,172.000,983.33,982.72,8.85,2.07,38.35,55.23,0.00,4787.39,6.59
700908,pac,40.500,167.000,980.68,979.67,13.37,3.73,55.23,55.23,0.00,18784.80,6.89
700914,atl,67.250,2.000,985.00,984.70,6.92,1.80,32.69,32.69,0.00,0.00,5.11
700914,atl,64.250,-57.250,993.02,992.19,11.99,3.31,47.83,47.83,0.00,0.00,8.47
700914,atl,63.000,-30.500,993.02,992.76,8.69,1.56,48.12,53.12,0.00,32377.76,7.48
700914,atl,57.250,2.250,973.24,972.99,18.21,3.96,59.74,62.56,0.00,165276.28,9.92
700914,atl,44.250,-62.750,976.42,975.08,24.48,6.29,69.09,69.09,30019.86,195839.48,8.51
700914,pac,53.750,214.500,957.24,957.04,11.31,2.23,40.39,40.39,0.00,0.00,4.03
700914,pac,42.250,173.500,979.15,978.42,10.06,2.43,39.37,58.82,0.00,10873.29,5.22
700914,pac,40.250,169.500,978.41,977.50,12.55,3.26,60.41,60.41,0.00,72243.10,5.22
700920,atl,66.000,4.000,982.74,982.35,7.79,2.21,38.62,38.62,0.00,0.00,4.65
700920,atl,63.750,-57.500,999.05,998.70,10.31,2.98,43.61,43.61,0.00,0.00,7.83
700920,atl,63.750,-26.250,998.01,997.88,6.14,1.00,48.74,54.14,0.00,46707.25,5.12
700920,atl,56.500,7.000,978.12,977.71,15.65,3.51,55.42,58.70,0.00,84201.36,6.95
700920,atl,49.250,-60.500,971.29,970.34,28.21,6.75,64.11,67.63,13123.00,146688.55,13.34
700920,pac,55.250,214.500,958.77,958.52,11.92,2.20,35.22,47.45,0.00,0.00,4.96
700920,pac,42.000,173.500,979.05,978.28,10.63,2.45,44.65,51.71,0.00,4886.10,6.47
700926,atl,66.000,-31.000,1003.55,1003.10,6.00,1.63,29.00,37.44,0.00,0.00,13.74
700926,atl,64.500,8.000,980.99,979.96,7.42,2.94,39.92,39.92,0.00,0.00,7.85
700926,atl,63.750,-56.750,1003.09,1002.85,6.11,2.03,34.41,37.85,0.00,0.00,8.85
700926,atl,53.750,-56.750,974.98,974.46,21.62,4.74,64.07,64.07,465.06,166817.08,8.64
700926,atl,51.250,-59.500,975.13,973.94,18.99,3.75,52.14,63.81,0.00,73074.69,9.24
700926,pac,63.000,232.250,994.94,993.21,6.74,2.62,21.48,26.60,0.00,0.00,29.74
700926,pac,58.250,231.000,988.82,986.90,4.02,2.19,39.60,40.68,0.00,0.00,33.52
700926,pac,57.000,214.750,960.95,960.85,14.06,2.02,38.19,46.94,0.00,0.00,28.01
700926,pac,55.000,239.750,996.99,995.33,5.21,1.86,42.47,45.49,0.00,0.00,33.52
700926,pac,42.750,179.750,978.03,977.60,8.29,2.07,35.92,45.09,0.00,0.00,4.20
700932,atl,68.250,5.500,979.59,978.98,12.15,3.37,43.63,46.77,0.00,0.00,6.06
700932,atl,56.250,-57.750,972.30,971.93,21.22,4.51,59.69,59.69,0.00,71873.64,9.62
700932,pac,63.000,232.750,989.50,987.59,9.07,3.27,35.86,35.86,0.00,0.00,24.32
700932,pac,60.000,213.500,961.78,961.12,20.95,4.27,55.26,55.26,0.00,2318.31,39.25
700932,pac,42.500,180.500,976.60,976.33,9.39,2.09,40.77,52.93,0.00,5455.54,5.07
700938,atl,68.500,-80.000,1003.05,1002.88,5.78,1.45,20.90,23.71,0.00,0.00,7.23
700938,atl,67.000,8.250,980.94,980.05,11.74,3.55,45.14,46.94,0.00,0.00,7.20
700938,atl,57.000,-58.750,964.13,963.38,26.69,6.89,72.67,72.67,15216.51,124552.99,12.11
700938,pac,63.250,232.500,985.16,983.09,10.03,3.60,30.15,33.43,0.00,0.00,22.56
700938,pac,61.500,216.750,966.62,963.54,17.41,4.55,38.39,42.09,0.00,0.00,37.33
700938,pac,60.750,212.500,965.60,964.74,17.92,3.97,43.02,45.56,0.00,0.00,37.33
700938,pac,46.250,225.500,988.67,988.44,6.12,1.51,29.44,32.20,0.00,0.00,3.19
700938,pac,42.250,184.750,976.78,976.70,8.49,1.38,41.09,52.60,0.00,9088.25,5.38
700944,atl,68.250,-78.750,998.21,997.93,7.40,1.99,28.45,28.45,0.00,0.00,6.39
700944,atl,61.500,-57.000,967.34,966.61,23.23,4.93,68.04,78.05,87244.98,374155.41,13.70
700944,atl,58.250,-57.500,963.74,962.67,28.23,7.82,78.05,78.05,73117.32,323131.37,13.70
700944,atl,50.000,4.250,1004.17,1003.98,7.32,1.58,35.75,41.62,0.00,0.00,11.11
700944,pac,63.500,232.750,982.26,979.59,10.38,3.57,31.31,32.99,0.00,0.00,23.95
700944,pac,61.750,216.500,969.40,966.53,14.71,3.94,42.33,42.33,0.00,0.00,32.80
700944,pac,60.500,212.000,971.36,970.74,12.33,2.32,46.11,47.62,0.00,0.00,32.80
700944,pac,48.000,228.250,983.58,983.29,11.38,2.70,41.30,48.71,0.00,0.00,7.79
700944,pac,43.250,189.000,976.46,976.30,8.34,1.65,38.86,48.34,0.00,0.00,3.85
700950,atl,67.750,-50.750,973.88,973.39,17.90,4.32,73.35,74.76,46611.82,359290.40,30.51
700950,atl,65.000,-56.500,969.57,969.04,19.21,4.71,73.35,75.17,71718.60,355835.14,15.82
700950,pac,61.500,218.250,971.03,968.34,12.54,2.78,40.94,40.94,0.00,0.00,24.31
700950,pac,60.500,213.500,972.59,971.94,10.23,2.07,40.94,47.64,0.00,0.00,27.41
700950,pac,51.000,229.000,982.74,982.42,10.83,3.14,49.68,52.73,0.00,6287.88,7.97
700950,pac,44.250,193.500,976.95,976.68,8.40,1.72,38.95,41.10,0.00,0.00,3.16
700956,atl,66.250,-46.500,986.18,985.71,7.80,2.73,66.02,67.77,13404.28,273486.98,21.78
700956,atl,65.250,-54.750,977.49,977.01,15.59,3.98,67.77,67.77,13404.28,152682.04,21.78
700956,atl,43.750,7.750,1003.80,1002.61,6.73,2.02,41.09,41.58,0.00,0.00,8.91
700956,pac,62.000,222.500,971.49,970.31,12.99,3.27,36.05,36.05,0.00,0.00,24.43
700956,pac,61.500,217.750,972.70,970.56,10.42,2.32,36.05,36.05,0.00,0.00,23.42
700956,pac,60.500,212.500,975.43,975.14,8.02,1.50,37.10,43.06,0.00,0.00,24.45
700956,pac,53.250,229.750,985.39,984.67,6.55,2.02,42.19,56.16,0.00,5294.28,8.52
700956,pac,46.750,201.750,977.19,976.91,7.70,1.47,33.60,41.71,0.00,0.00,3.16
700962,atl,68.750,-54.000,978.30,977.86,13.56,4.47,53.95,53.95,0.00,20970.03,14.10
700962,atl,43.750,9.000,1002.91,1002.33,6.48,1.67,37.68,41.30,0.00,0.00,9.50
700962,pac,64.000,232.750,977.54,974.70,10.08,3.30,27.14,32.24,0.00,0.00,25.13
700962,pac,61.750,222.750,974.03,973.04,10.69,2.71,34.33,37.96,0.00,0.00,25.13
700962,pac,61.500,217.750,976.13,974.44,7.89,1.65,34.33,34.33,0.00,0.00,18.66
700962,pac,59.750,211.750,976.47,975.93,8.67,1.61,40.16,40.16,0.00,0.00,21.66
700962,pac,47.750,208.500,976.85,976.56,7.40,1.58,30.88,38.12,0.00,0.00,2.98
700968,atl,43.750,8.750,1004.65,1004.37,4.96,1.30,32.36,44.81,0.00,0.00,10.12
700968,pac,64.250,228.000,979.26,977.89,10.60,4.15,23.89,31.08,0.00,0.00,26.70
700968,pac,61.750,217.250,981.33,979.55,6.44,1.45,30.93,31.08,0.00,0.00,21.04
700968,pac,60.500,212.000,979.78,979.40,8.51,1.45,34.12,34.43,0.00,0.00,21.04
700968,pac,58.000,209.750,979.69,979.16,6.77,1.57,39.64,43.81,0.00,0.00,12.21
700968,pac,49.000,213.750,971.95,971.53,11.19,2.71,33.50,42.10,0.00,0.00,3.99
700974,atl,68.250,-36.000,983.08,982.00,10.64,3.78,38.51,45.89,0.00,0.00,16.16
700974,pac,64.250,229.500,983.99,982.51,9.00,4.23,27.71,27.71,0.00,0.00,25.79
700974,pac,59.500,171.750,1004.97,1004.91,7.36,1.74,35.86,35.87,0.00,0.00,3.93
700974,pac,58.750,209.500,976.92,975.88,11.93,3.30,43.73,50.48,0.00,418.05,20.54
700974,pac,50.750,217.000,969.70,969.31,12.67,2.85,36.42,44.76,0.00,0.00,5.69
700974,pac,41.250,180.000,1001.90,1001.78,4.62,0.82,26.75,31.24,0.00,0.00,2.68
700980,atl,36.750,3.250,1002.01,1001.48,5.21,1.28,41.69,41.69,0.00,0.00,5.30
700980,atl,36.250,6.250,1001.71,1001.30,4.63,0.93,38.21,41.69,0.00,0.00,5.30
700980,pac,64.000,230.250,990.67,989.66,6.48,3.68,21.88,21.88,0.00,0.00,24.84
700980,pac,59.500,174.000,1003.70,1003.46,8.65,2.05,35.48,35.48,0.00,0.00,4.69
700980,pac,59.000,208.500,975.41,973.92,14.92,3.86,52.69,54.34,0.00,2932.00,24.66
700980,pac,54.750,220.500,966.61,965.98,15.17,3.80,47.52,58.96,0.00,14726.37,10.08
700980,pac,41.500,181.000,1002.83,1002.70,5.74,1.08,29.08,31.85,0.00,0.00,2.82
700986,atl,66.500,-54.250,996.72,996.21,4.39,1.56,36.93,48.25,0.00,0.00,12.71
700986,atl,37.000,3.250,1000.86,1000.58,5.15,1.41,49.25,49.25,0.00,0.00,5.19
700986,pac,59.250,173.000,1002.22,1002.00,9.56,2.43,44.11,44.11,0.00,0.00,5.63
700986,pac,57.750,219.500,962.90,961.91,18.61,4.64,54.94,63.96,0.00,21258.84,20.24
700986,pac,41.750,182.500,1003.13,1003.03,5.97,1.13,25.91,35.51,0.00,0.00,2.85
700992,atl,68.000,-33.000,971.12,970.51,17.08,3.99,58.96,59.76,0.00,159013.35,9.40
700992,atl,36.750,1.000,999.50,998.09,7.06,2.62,52.39,52.39,0.00,7961.42,8.01
700992,pac,60.500,212.750,965.41,964.97,21.39,3.96,50.18,56.55,0.00,6347.80,45.40
700992,pac,60.250,218.000,966.09,964.95,17.06,4.33,51.50,51.50,0.00,1179.53,27.85
700992,pac,59.750,176.250,1002.13,1001.84,8.82,2.01,38.45,38.45,0.00,0.00,7.24
700992,pac,42.500,186.750,1004.23,1003.97,5.61,1.36,29.29,29.44,0.00,0.00,2.89
700998,atl,67.250,-36.750,969.85,968.94,22.54,5.13,74.79,75.37,45049.89,205795.84,15.69
700998,atl,36.500,0.750,995.05,994.09,8.50,2.59,56.70,56.70,0.00,26819.17,8.29
700998,atl,33.000,4.000,992.84,992.42,7.91,2.11,27.39,41.87,0.00,0.00,7.86
700998,pac,62.000,222.500,975.08,974.10,15.38,3.26,35.40,37.41,0.00,0.00,28.30
700998,pac,61.500,216.750,974.21,971.24,12.70,2.65,38.77,38.77,0.00,0.00,40.36
700998,pac,59.750,175.250,1001.62,1001.38,7.93,2.00,37.68,37.68,0.00,0.00,8.36
700998,pac,58.750,181.000,1001.62,1001.46,7.43,1.51,37.68,37.68,0.00,0.00,5.36
700998,pac,58.750,211.000,968.18,967.58,19.56,3.84,59.47,70.48,2943.26,85759.67,40.36
701004,atl,65.000,-38.000,972.26,971.35,22.63,6.05,79.67,79.67,37724.62,261849.31,19.10
701004,atl,37.000,5.000,987.82,987.54,12.81,2.21,55.62,57.61,0.00,74052.70,9.00
701004,pac,61.750,225.000,976.89,976.41,16.95,3.93,30.18,30.48,0.00,0.00,32.13
701004,pac,59.750,174.500,1000.99,1000.77,6.23,1.79,36.93,38.50,0.00,0.00,7.97
701004,pac,59.000,181.500,1001.88,1001.62,6.32,1.37,38.50,38.50,0.00,0.00,5.07
701004,pac,58.500,210.750,973.06,972.28,18.68,4.17,53.09,63.42,0.00,121808.40,30.23
701004,pac,55.250,162.000,989.02,988.49,11.02,2.98,40.96,40.99,0.00,0.00,11.43
701010,atl,64.250,-36.500,973.95,973.36,20.55,4.45,78.21,78.21,36052.97,209367.05,18.01
701010,atl,38.000,3.500,984.27,983.58,16.60,3.89,64.43,64.91,4093.54,96825.55,16.68
701010,pac,63.750,227.500,981.07,980.53,18.44,6.94,31.82,31.82,0.00,0.00,31.20
701010,pac,57.500,212.000,978.41,977.43,15.78,3.25,51.03,55.59,0.00,119022.03,15.64
701010,pac,56.750,163.000,983.62,983.12,15.23,4.22,46.05,46.05,0.00,0.00,12.34
701010,pac,55.000,188.500,1003.12,1002.91,4.19,1.18,31.03,33.16,0.00,0.00,3.15
701016,atl,64.000,-34.000,976.13,975.70,17.99,3.19,61.97,73.53,22211.76,93728.87,19.10
701016,atl,39.750,5.750,981.80,981.46,19.33,3.85,68.06,71.33,14446.47,142527.55,21.12
701016,pac,64.000,229.250,988.75,986.75,14.07,6.23,24.44,24.44,0.00,0.00,28.96
701016,pac,58.500,240.000,993.13,992.75,6.37,1.72,26.55,28.97,0.00,0.00,19.70
701016,pac,57.000,164.000,982.18,981.54,15.34,4.11,53.53,53.53,0.00,11158.18,13.74
701016,pac,57.000,215.250,982.50,981.82,12.93,2.41,46.54,51.16,0.00,12280.31,9.88
701016,pac,52.500,195.250,1002.86,1002.67,4.26,1.16,31.78,34.54,0.00,0.00,4.32
701016,pac,45.750,200.250,1002.86,1002.32,6.19,1.72,34.48,34.72,0.00,0.00,3.09
701022,atl,63.750,-32.250,974.64,974.32,18.33,3.10,53.60,72.10,18293.84,82214.13,18.64
701022,atl,41.000,6.500,982.89,982.46,17.48,4.18,63.92,63.92,0.00,108634.47,15.75
701022,pac,58.500,219.250,985.53,985.25,12.31,2.69,40.52,44.14,0.00,0.00,18.27
701022,pac,57.500,165.500,982.39,981.77,15.16,3.84,50.99,51.74,0.00,14690.31,12.70
701022,pac,46.750,204.250,998.83,998.18,8.78,2.50,36.27,38.12,0.00,0.00,5.03
701028,atl,63.250,-30.750,973.77,973.47,18.10,3.47,56.50,60.87,0.00,43531.72,14.80
701028,atl,42.250,7.000,988.89,988.06,12.78,3.57,50.42,52.22,0.00,5794.30,11.66
701028,pac,59.250,217.750,989.09,988.65,10.93,2.42,31.91,39.00,0.00,0.00,19.81
701028,pac,57.750,167.250,983.69,983.24,13.68,3.26,48.16,48.16,0.00,0.00,10.31
701028,pac,47.500,209.250,990.44,989.63,13.04,3.39,41.97,45.40,0.00,0.00,6.43
701028,pac,44.750,162.250,990.23,988.89,14.36,3.88,72.65,72.65,46790.21,200547.00,7.16
701034,atl,63.250,-28.750,973.64,973.48,16.23,3.02,53.18,61.21,0.00,53708.79,9.79
701034,atl,48.750,-14.000,1001.41,1001.06,5.04,1.56,36.68,36.68,0.00,0.00,3.35
701034,atl,43.250,7.750,993.42,992.84,9.65,2.99,50.61,50.61,0.00,1706.95,11.46
701034,pac,59.500,211.000,993.60,993.12,10.97,1.78,35.14,48.87,0.00,0.00,27.92
701034,pac,59.000,217.000,992.80,992.59,8.69,1.69,29.41,36.47,0.00,0.00,18.32
701034,pac,58.500,169.500,984.83,984.47,11.50,2.60,42.42,42.42,0.00,0.00,9.41
701034,pac,48.500,168.000,984.70,984.14,15.51,4.14,67.84,67.84,14232.00,160820.49,6.51
701034,pac,48.500,214.250,986.27,985.53,13.20,3.02,47.74,53.35,0.00,16506.21,8.49
701034,pac,47.750,211.750,986.25,985.79,14.89,3.67,53.35,53.35,0.00,31952.92,8.49
701040,atl,63.250,-27.250,973.07,972.93,15.27,2.82,55.44,62.87,0.00,71480.18,9.19
701040,atl,60.750,-49.500,1002.46,1002.27,4.38,1.17,39.72,54.05,0.00,5153.79,11.72
701040,atl,51.750,7.750,997.28,997.13,5.38,0.86,22.96,34.26,0.00,0.00,4.08
701040,atl,48.250,-12.250,999.35,998.93,5.84,1.81,39.90,39.90,0.00,0.00,3.86
701040,atl,46.000,7.250,998.88,997.60,4.26,1.52,42.70,42.70,0.00,0.00,12.67
701040,pac,64.000,228.500,1001.98,1001.54,9.11,4.11,16.78,20.24,0.00,0.00,21.18
701040,pac,63.250,232.250,1003.07,1002.16,7.88,3.27,18.54,24.32,0.00,0.00,21.18
701040,pac,59.500,210.500,996.23,995.69,10.55,1.93,36.56,45.99,0.00,0.00,27.54
701040,pac,59.250,170.250,984.74,984.48,9.99,2.16,31.58,40.01,0.00,0.00,7.81
701040,pac,58.750,214.250,996.39,996.31,7.90,1.05,28.13,36.56,0.00,0.00,19.70
701040,pac,51.750,173.500,982.87,982.56,13.15,3.20,54.39,55.39,0.00,100917.51,5.64
701040,pac,48.250,214.750,981.82,981.58,15.64,3.73,60.53,65.97,4988.87,166808.37,7.81
701040,pac,47.000,221.750,980.65,980.02,13.41,3.17,64.29,64.29,1044.15,142823.77,7.50
701046,atl,63.500,-26.750,972.24,972.09,14.87,2.76,54.68,67.13,6789.20,84840.24,8.54
701046,atl,53.750,5.000,997.09,997.00,5.31,1.02,27.17,39.71,0.00,0.00,3.60
701046,atl,48.250,-10.250,996.41,995.53,7.85,2.46,44.54,44.54,0.00,0.00,5.07
701046,pac,64.000,229.250,1004.29,1003.27,8.28,3.74,16.43,21.81,0.00,0.00,21.22
701046,pac,63.250,232.250,1004.37,1003.42,8.08,3.36,16.44,24.54,0.00,0.00,21.22
701046,pac,59.500,169.750,983.21,982.94,9.00,1.84,26.81,38.99,0.00,0.00,6.80
701046,pac,59.250,214.000,997.72,997.60,9.37,1.65,32.70,36.07,0.00,0.00,20.77
701046,pac,54.500,177.750,979.94,979.61,12.32,2.95,43.86,49.41,0.00,0.00,4.74
701046,pac,48.500,222.250,972.07,971.07,18.78,4.39,63.13,63.13,0.00,167239.79,7.24
701052,atl,63.750,-27.750,972.65,972.51,15.16,3.16,60.39,68.33,17895.59,135284.34,10.43
701052,atl,55.000,5.500,996.97,996.89,6.31,1.37,38.17,40.09,0.00,0.00,5.60
701052,atl,48.250,-8.000,997.61,996.54,8.42,2.68,42.34,42.34,0.00,0.00,5.99
701052,pac,59.000,167.250,981.80,981.71,7.76,1.73,27.84,35.17,0.00,0.00,6.43
701052,pac,58.750,214.500,998.34,998.12,7.41,1.34,31.60,35.99,0.00,0.00,18.41
701052,pac,56.500,180.250,973.16,972.45,16.29,4.53,46.45,46.77,0.00,0.00,6.25
701052,pac,51.250,165.000,979.97,979.38,12.36,3.51,57.29,58.42,0.00,125511.12,6.56
701052,pac,49.500,221.750,969.79,969.35,19.17,4.15,55.21,62.65,0.00,187654.16,8.28
701058,atl,63.250,-29.000,973.17,972.99,14.48,3.09,59.70,71.57,12992.80,121199.84,9.54
701058,atl,61.750,-46.250,993.06,992.46,6.81,1.81,44.59,47.43,0.00,0.00,10.23
701058,atl,56.250,5.500,997.66,997.59,5.71,1.50,35.75,35.75,0.00,0.00,5.43
701058,atl,47.750,-5.250,998.45,997.29,9.62,3.02,46.14,46.14,0.00,0.00,6.74
701058,atl,36.500,-58.250,1003.65,1003.47,7.71,1.48,31.07,45.40,0.00,0.00,4.54
701058,pac,59.750,213.250,997.17,996.86,9.48,2.01,34.62,34.62,0.00,0.00,23.92
701058,pac,59.000,168.250,980.38,980.22,5.77,1.38,27.21,39.93,0.00,0.00,6.78
701058,pac,58.250,182.750,963.15,962.52,24.76,6.87,58.22,58.22,0.00,128085.41,10.06
701058,pac,53.000,166.250,971.17,969.68,16.63,5.00,56.37,57.21,0.00,200913.10,9.52
701058,pac,48.250,221.500,973.26,972.93,14.73,3.04,67.20,67.20,6616.92,312317.14,7.34
701058,pac,46.500,225.250,974.09,973.90,11.09,1.46,49.21,64.17,1598.25,98296.87,6.94
701064,atl,61.750,-30.500,973.47,973.35,14.37,2.84,53.80,60.20,0.00,80435.84,6.36
701064,atl,57.000,5.750,999.98,999.87,5.25,1.43,30.28,30.43,0.00,0.00,5.09
701064,atl,47.500,-1.750,1003.32,1002.57,8.20,2.69,40.78,40.78,0.00,0.00,4.86
701064,pac,59.750,213.000,996.22,995.90,6.99,1.59,25.49,29.45,0.00,0.00,21.56
701064,pac,59.500,185.500,959.03,958.29,26.87,6.95,62.12,62.12,0.00,196043.24,9.17
701064,pac,54.250,175.500,975.31,974.59,6.42,2.01,50.12,60.25,0.00,87975.72,6.53
701064,pac,53.500,166.500,970.24,968.78,16.08,5.52,65.63,65.63,3303.71,148829.40,10.57
701064,pac,47.250,226.500,974.42,974.24,12.30,2.02,38.28,67.93,9459.00,95739.88,6.81
701070,atl,62.500,-21.750,974.89,974.17,12.44,3.07,43.35,63.28,0.00,31974.97,8.11
701070,atl,61.250,-28.750,974.71,974.57,13.29,2.18,45.53,62.89,0.00,53026.86,7.44
701070,atl,57.250,6.250,1003.77,1003.65,4.68,1.35,31.44,31.44,0.00,0.00,4.00
701070,atl,38.000,-55.000,1003.51,1003.35,6.83,1.36,35.44,38.51,0.00,0.00,4.32
701070,pac,60.500,185.250,954.50,953.65,27.07,7.24,63.75,63.75,0.00,141366.94,12.20
701070,pac,60.000,213.000,994.68,994.46,4.89,1.04,23.45,27.40,0.00,0.00,19.84
701070,pac,54.250,239.000,997.98,996.63,4.87,1.37,28.75,35.38,0.00,0.00,15.02
701070,pac,53.000,168.500,971.49,970.00,14.70,5.09,69.44,69.44,16566.12,183520.45,10.43
701070,pac,47.750,227.750,977.37,977.24,12.18,2.09,46.36,53.25,0.00,14010.95,7.47
701076,atl,63.750,-23.000,973.97,972.89,16.47,4.06,54.37,71.10,9659.11,132004.29,6.92
701076,atl,38.750,-53.500,1001.49,1001.32,7.91,1.49,28.90,37.50,0.00,0.00,4.21
701076,pac,61.750,231.000,998.14,997.26,6.63,2.46,13.83,17.07,0.00,0.00,18.50
701076,pac,60.750,182.750,952.50,951.47,25.12,6.33,65.21,66.00,7268.05,129299.76,13.19
701076,pac,58.000,220.500,992.80,992.42,4.19,0.96,28.49,32.99,0.00,0.00,19.04
701076,pac,52.500,172.250,972.77,971.71,12.91,4.23,67.37,67.37,9673.84,217245.32,8.95
701076,pac,49.000,227.750,980.72,980.62,12.09,2.23,47.00,53.56,0.00,17213.29,7.49
701082,atl,64.000,-25.250,974.82,974.21,17.59,4.40,62.94,73.00,31937.32,119166.65,7.45
701082,atl,39.000,-52.000,998.93,998.75,8.24,1.56,30.92,39.33,0.00,0.00,3.71
701082,pac,64.500,228.750,995.69,994.35,8.78,3.50,17.08,17.15,0.00,0.00,18.34
701082,pac,63.250,232.250,995.72,994.71,8.74,3.50,17.08,17.15,0.00,0.00,18.34
701082,pac,61.750,217.750,991.70,989.81,4.26,1.37,22.90,22.90,0.00,0.00,19.13
701082,pac,60.000,186.000,955.76,955.51,17.00,2.74,51.09,57.95,0.00,79236.71,10.76
701082,pac,59.750,181.000,953.56,952.48,21.04,5.08,58.11,59.81,0.00,87452.87,10.98
701082,pac,58.500,221.000,991.49,991.10,4.16,1.33,21.73,22.18,0.00,0.00,19.13
701082,pac,54.750,197.750,962.33,962.06,11.68,2.17,69.98,71.00,15712.97,127051.62,9.12
701082,pac,48.750,228.000,985.18,985.07,11.16,2.19,36.71,46.36,0.00,0.00,6.69
701088,atl,64.000,-27.250,975.41,974.73,18.87,5.15,61.16,70.18,15866.05,110758.98,11.15
701088,atl,39.500,-51.000,996.43,996.25,10.25,2.06,37.28,41.82,0.00,0.00,4.15
701088,pac,64.500,229.500,993.72,992.38,7.16,3.07,17.60,17.60,0.00,0.00,18.90
701088,pac,62.750,233.750,992.73,991.62,7.99,3.18,16.25,20.47,0.00,0.00,18.90
701088,pac,58.500,182.250,957.08,956.46,16.88,3.90,63.33,63.33,0.00,143347.99,9.07
701088,pac,57.000,202.750,953.64,953.21,16.53,3.37,55.24,70.51,14376.49,88744.62,15.83
701088,pac,48.750,229.500,989.47,989.37,9.72,2.05,36.24,37.87,0.00,0.00,5.84
701094,atl,63.750,-28.750,975.72,975.19,18.74,5.47,54.98,61.23,0.00,68047.95,10.99
701094,atl,39.750,-78.000,994.64,993.71,9.16,2.38,40.60,40.60,0.00,0.00,6.10
701094,atl,39.500,-49.500,995.27,995.15,9.73,1.88,38.50,41.50,0.00,0.00,4.74
701094,pac,65.000,227.500,992.94,990.54,4.75,2.16,20.01,20.57,0.00,0.00,18.99
701094,pac,62.750,233.750,992.50,991.28,6.49,2.80,19.73,21.79,0.00,0.00,18.99
701094,pac,58.250,201.000,950.10,949.59,15.17,3.52,60.25,62.89,0.00,70333.68,19.53
701094,pac,57.250,185.000,959.21,958.83,13.89,3.15,63.92,63.92,0.00,178752.81,6.89
701094,pac,57.000,209.750,952.20,951.55,18.35,4.44,61.09,62.89,0.00,267408.82,14.91
701094,pac,49.500,230.500,995.73,995.65,6.43,1.53,33.81,33.87,0.00,0.00,6.47
701100,atl,63.250,-28.750,976.86,976.26,17.43,4.96,55.17,55.17,0.00,38508.02,9.24
701100,atl,42.000,-32.750,1003.87,1003.01,7.75,2.48,42.60,42.60,0.00,0.00,5.02
701100,atl,41.250,-77.000,990.79,990.12,12.67,2.80,39.40,44.00,0.00,0.00,6.73
701100,atl,39.500,-48.250,996.11,996.01,8.80,1.57,41.28,42.23,0.00,0.00,4.69
701100,pac,63.250,233.500,991.02,989.83,5.85,2.54,21.34,25.15,0.00,0.00,19.17
701100,pac,58.500,210.250,951.59,950.94,16.02,3.95,65.59,65.59,1557.17,54238.38,17.33
701100,pac,58.250,200.000,950.50,949.84,13.26,3.39,37.47,65.59,787.32,9860.23,12.94
701106,atl,67.500,-22.000,985.97,985.26,15.17,4.01,67.08,67.08,2810.22,30258.96,27.20
701106,atl,63.000,-29.500,978.72,978.02,15.47,4.40,52.88,52.88,0.00,8389.98,8.09
701106,atl,43.250,-30.250,1001.47,1000.79,8.23,2.48,39.24,39.24,0.00,0.00,4.08
701106,atl,42.500,-77.000,990.12,989.26,14.26,3.32,37.56,43.33,0.00,0.00,6.88
701106,atl,38.250,-47.250,996.81,996.75,6.75,1.10,39.46,41.35,0.00,0.00,3.96
701106,pac,59.250,208.250,951.27,950.52,12.67,2.73,54.50,54.50,0.00,389.30,15.87
701106,pac,58.000,200.250,951.46,950.81,11.09,2.58,33.96,54.50,0.00,1751.97,8.49
701112,atl,62.750,-11.000,984.26,983.39,13.24,3.93,51.48,51.48,0.00,1061.47,6.73
701112,atl,62.500,-29.500,979.57,978.81,15.15,4.59,46.34,46.34,0.00,0.00,7.71
701112,atl,44.000,-28.750,1002.93,1002.65,5.94,1.49,33.23,41.11,0.00,0.00,3.32
701112,atl,42.750,-76.500,996.39,995.94,9.90,2.23,38.34,39.76,0.00,0.00,5.96
701112,atl,41.500,-41.000,999.18,999.11,5.23,0.90,39.34,39.34,0.00,0.00,3.91
701112,pac,62.750,208.750,957.83,955.00,10.93,2.67,32.09,38.47,0.00,0.00,21.14
701112,pac,62.500,221.500,967.52,966.33,9.10,2.08,38.47,38.47,0.00,0.00,26.11
701112,pac,61.750,206.000,957.85,956.29,8.96,1.84,30.33,34.59,0.00,0.00,14.03
701112,pac,60.500,209.000,957.82,957.30,8.41,1.68,33.05,38.49,0.00,0.00,18.46
701112,pac,57.750,200.750,954.93,954.38,10.21,2.17,29.36,51.82,0.00,5515.93,6.64
701118,atl,65.250,-13.500,977.05,975.64,18.47,5.40,51.00,51.00,0.00,4859.02,9.19
701118,atl,61.500,-28.500,978.82,978.11,15.21,4.92,51.97,51.97,0.00,5781.14,8.60
701118,atl,45.750,-21.250,1000.96,1000.45,8.68,2.34,50.46,50.46,0.00,2204.70,5.42
701118,atl,44.750,-67.750,998.93,998.61,7.68,1.58,38.03,40.08,0.00,0.00,4.54
701118,atl,40.000,-34.000,997.51,997.22,6.14,1.28,53.59,53.59,0.00,15774.93,3.36
701118,atl,38.500,-69.750,997.80,997.55,4.13,0.83,29.45,40.57,0.00,0.00,2.56
701118,pac,65.000,227.750,973.53,970.15,10.15,2.86,31.82,35.53,0.00,0.00,23.57
701118,pac,64.250,213.000,964.82,963.32,9.98,2.29,36.03,36.03,0.00,0.00,24.14
701118,pac,63.000,209.000,964.12,961.51,7.12,1.65,34.06,36.03,0.00,0.00,14.04
701118,pac,57.750,201.250,959.62,959.21,9.59,1.95,34.29,45.47,0.00,0.00,7.53
701118,pac,44.000,160.000,996.14,995.08,14.74,3.91,60.97,60.97,0.00,68345.36,6.52
701124,atl,66.750,-17.750,975.35,973.91,21.23,5.74,53.96,53.96,0.00,12434.49,21.77
701124,atl,61.750,-42.750,997.40,996.78,6.69,2.18,46.36,46.36,0.00,0.00,15.55
701124,atl,61.000,-25.500,980.45,979.57,12.63,4.08,51.00,51.00,0.00,3875.49,6.92
701124,atl,47.000,-17.500,998.75,998.05,11.18,3.10,50.47,51.09,0.00,2166.57,6.32
701124,atl,43.000,-29.000,993.89,993.43,11.79,2.84,49.82,50.95,0.00,1179.61,4.34
701124,atl,37.250,-68.750,995.30,995.17,7.21,1.36,37.06,46.10,0.00,0.00,3.68
701124,pac,65.750,219.750,974.47,973.76,7.87,2.07,29.54,38.08,0.00,0.00,23.88
701124,pac,65.000,214.000,972.56,971.26,7.41,1.52,38.08,38.08,0.00,0.00,23.88
701124,pac,65.000,227.000,978.64,975.60,5.39,1.58,30.95,30.95,0.00,0.00,16.26
701124,pac,64.250,234.000,979.43,976.47,8.48,2.48,30.63,33.72,0.00,0.00,16.26
701124,pac,58.000,201.750,966.60,966.19,7.81,1.54,38.63,39.42,0.00,0.00,9.40
701124,pac,46.000,165.250,987.82,986.32,19.70,5.63,58.84,58.84,0.00,83152.34,7.73
701130,atl,67.000,-23.750,975.21,974.40,20.59,6.11,63.27,63.27,0.00,19157.05,20.29
701130,atl,64.250,-4.250,985.69,984.71,13.14,3.32,43.69,56.44,0.00,8371.49,6.19
701130,atl,61.000,-23.000,981.38,980.84,10.71,3.40,49.70,49.70,0.00,0.00,5.33
701130,atl,60.750,-39.500,995.01,994.81,6.26,1.78,45.71,45.71,0.00,0.00,13.23
701130,atl,48.750,-14.000,994.72,993.97,12.07,3.28,50.46,55.22,0.00,27615.20,6.32
701130,atl,44.750,-24.500,990.46,989.44,13.92,3.69,57.62,57.62,0.00,60560.85,5.65
701130,atl,37.750,-67.000,991.64,991.46,9.27,1.87,46.94,46.94,0.00,0.00,5.39
701130,atl,36.250,-31.250,1001.75,1000.69,4.92,1.69,47.64,49.85,0.00,0.00,3.94
701130,pac,64.500,212.500,975.63,973.42,5.47,1.38,33.36,33.36,0.00,0.00,18.48
701130,pac,64.500,233.500,983.80,980.84,4.03,1.65,29.42,29.42,0.00,0.00,12.79
701130,pac,59.000,207.250,970.54,970.29,7.50,1.27,29.60,38.40,0.00,0.00,11.20
701130,pac,46.750,170.000,981.86,980.76,21.97,6.42,62.94,63.13,0.00,245590.41,12.43
701136,atl,67.000,-10.250,982.77,982.51,14.64,3.26,48.08,48.08,0.00,0.00,6.61
701136,atl,66.500,-29.000,981.15,979.68,14.95,4.79,59.06,59.06,0.00,14415.32,16.62
701136,atl,60.750,-20.000,985.09,984.69,7.52,2.35,46.21,46.21,0.00,0.00,4.19
701136,atl,51.250,-9.500,991.34,990.68,13.16,3.48,56.18,60.82,0.00,66508.97,7.60
701136,atl,45.250,-20.750,990.05,989.04,15.32,4.19,63.64,63.64,0.00,175167.47,7.43
701136,atl,39.750,-64.250,987.66,987.44,11.70,2.08,39.20,49.63,0.00,0.00,5.15
701136,pac,59.000,207.000,976.14,975.88,6.37,1.07,31.58,35.91,0.00,0.00,11.59
701136,pac,58.750,238.000,993.38,992.64,6.69,2.02,39.88,44.12,0.00,0.00,9.49
701136,pac,46.750,177.750,980.77,979.62,19.53,4.93,65.48,70.68,50284.04,209205.31,8.20
701142,atl,67.500,-13.750,981.25,980.79,15.60,3.46,46.67,52.16,0.00,2744.14,14.09
701142,atl,65.500,-33.250,985.04,983.97,12.02,3.53,48.63,48.63,0.00,0.00,17.94
701142,atl,60.500,-16.750,985.72,985.40,6.40,1.94,44.53,44.53,0.00,0.00,3.84
701142,atl,53.500,-6.000,986.35,985.85,14.09,3.85,48.20,57.33,0.00,28763.06,7.73
701142,atl,46.750,-14.500,990.48,989.58,13.33,3.18,62.34,62.34,0.00,232869.74,6.38
701142,atl,42.750,-62.750,984.98,984.80,12.07,2.18,39.06,44.74,0.00,0.00,5.21
701142,pac,63.750,209.750,981.30,979.35,5.70,1.37,33.00,33.00,0.00,0.00,13.69
701142,pac,60.250,205.500,980.36,979.95,5.80,1.30,28.81,34.77,0.00,0.00,10.82
701142,pac,53.750,223.000,992.02,991.59,6.59,1.43,45.00,47.53,0.00,0.00,7.58
701142,pac,46.500,182.750,980.65,980.43,17.37,4.26,60.69,68.69,29489.09,210228.41,9.78
701142,pac,41.500,219.750,1001.38,1000.94,6.17,1.59,49.98,50.67,0.00,1095.24,4.30
701148,atl,68.500,1.250,994.65,994.27,6.95,1.77,36.24,37.95,0.00,0.00,3.98
701148,atl,67.250,-19.000,980.13,979.34,17.55,4.99,63.72,63.72,0.00,55932.54,19.33
701148,atl,64.250,-36.000,988.77,988.03,9.03,2.70,40.01,60.64,0.00,4507.41,12.77
701148,atl,60.250,-13.000,986.43,986.16,5.52,1.56,39.35,39.35,0.00,0.00,3.57
701148,atl,59.500,-1.500,987.09,986.85,8.75,2.05,54.63,57.02,0.00,68083.14,9.32
701148,atl,54.750,-2.750,986.12,985.68,12.04,2.78,54.32,56.14,0.00,110959.63,6.56
701148,atl,46.250,-12.750,991.31,990.19,16.32,4.40,66.63,66.63,3872.39,224801.26,8.87
701148,atl,43.750,-61.500,981.44,981.22,13.57,2.42,45.36,49.03,0.00,0.00,6.43
701148,pac,64.500,212.000,985.12,983.99,6.28,1.74,30.10,31.55,0.00,0.00,13.73
701148,pac,61.750,206.250,984.45,983.82,5.38,1.42,27.52,31.92,0.00,0.00,12.69
701148,pac,58.250,230.250,997.41,996.75,5.24,2.10,48.62,50.05,0.00,454.22,10.46
701148,pac,58.000,237.000,1002.79,1001.74,4.32,1.75,49.64,49.64,0.00,0.00,11.52
701148,pac,56.000,223.500,991.72,991.37,7.78,2.14,48.62,50.05,0.00,454.22,7.38
701148,pac,54.750,206.250,985.26,985.11,5.10,1.17,27.38,29.17,0.00,0.00,3.82
701148,pac,46.250,190.000,976.68,975.99,17.25,3.66,52.06,67.11,29371.82,127800.97,8.00
701148,pac,43.750,222.000,1001.91,1001.24,6.13,1.69,46.78,46.78,0.00,0.00,3.85
701154,atl,68.750,-2.250,991.11,990.69,6.73,1.79,36.86,38.81,0.00,0.00,5.17
701154,atl,66.000,-25.500,980.49,980.26,16.99,4.69,70.12,70.12,12283.07,50778.22,17.57
701154,atl,63.000,-37.500,990.88,990.41,6.96,2.07,42.27,50.29,0.00,961.39,13.36
701154,atl,62.000,-0.250,978.52,978.13,13.43,3.55,56.78,56.78,0.00,49462.02,11.19
701154,atl,50.750,-3.250,990.27,989.55,10.99,2.98,57.96,59.16,0.00,77062.62,8.77
701154,atl,47.250,-7.750,989.88,988.56,17.45,5.18,64.49,64.49,2180.92,135854.74,16.35
701154,atl,45.000,-60.250,976.22,975.90,16.13,2.86,43.31,49.08,0.00,0.00,7.19
701154,pac,64.500,212.500,988.70,987.39,5.21,1.54,34.40,34.40,0.00,0.00,12.64
701154,pac,61.750,206.500,988.28,987.67,4.41,1.44,34.40,34.40,0.00,0.00,11.75
701154,pac,58.750,231.250,999.55,998.63,5.35,1.85,48.51,59.17,0.00,14136.33,14.21
701154,pac,55.250,207.000,986.50,986.33,6.12,1.47,30.48,30.71,0.00,0.00,4.45
701154,pac,45.750,192.000,974.59,974.16,18.85,4.58,64.62,73.27,63432.28,205757.04,8.67
701154,pac,44.250,223.750,1000.16,999.77,8.38,2.30,55.69,55.69,0.00,16443.15,5.45
701160,atl,64.000,-30.250,984.62,984.27,15.28,4.23,63.00,63.00,0.00,40383.33,11.08
701160,atl,63.250,0.250,970.61,969.52,18.54,5.53,52.21,52.21,0.00,1772.13,9.67
701160,atl,48.250,-3.250,989.40,988.18,18.68,5.70,67.39,67.39,3132.43,70094.12,12.08
701160,atl,46.000,-59.000,972.83,972.46,18.27,3.55,47.91,58.36,0.00,4139.77,11.41
701160,pac,55.750,208.500,988.33,988.18,7.78,1.77,34.10,34.10,0.00,0.00,6.05
701160,pac,45.750,225.250,996.59,995.79,10.13,2.83,51.04,51.04,0.00,1639.28,5.23
701160,pac,44.500,197.250,973.16,972.85,18.00,2.82,64.56,70.69,79712.11,251300.72,8.70
701166,atl,66.750,-9.250,983.87,983.31,7.69,2.32,43.07,47.65,0.00,0.00,8.14
701166,atl,64.250,2.750,967.74,966.92,19.67,6.03,60.49,60.49,0.00,28282.68,10.39
701166,atl,62.000,-33.500,989.69,989.17,13.17,3.74,54.13,54.13,0.00,16623.10,9.02
701166,atl,60.500,-18.250,989.92,989.88,4.14,0.66,28.37,39.26,0.00,0.00,5.75
701166,atl,49.500,0.750,990.04,989.34,18.09,5.74,65.62,65.62,998.61,23665.37,11.94
701166,atl,46.750,-59.250,970.28,969.63,19.66,4.18,47.15,51.92,0.00,1958.35,7.58
701166,pac,58.000,208.500,990.15,989.91,10.23,2.03,34.90,37.11,0.00,0.00,15.70
701166,pac,49.000,226.000,995.14,994.64,10.53,2.88,49.08,60.53,0.00,5428.29,5.66
701166,pac,43.250,200.750,973.53,973.32,17.25,2.58,57.09,73.04,75676.77,256705.38,9.45
701166,pac,42.750,164.500,991.00,988.71,15.68,4.89,61.56,61.56,0.00,113726.93,14.63
701172,atl,65.750,-9.500,985.77,985.24,7.03,1.99,35.51,43.42,0.00,0.00,7.46
701172,atl,65.750,6.750,969.74,968.91,19.14,5.52,61.64,61.64,0.00,37119.49,8.86
701172,atl,60.250,-32.750,996.95,996.61,9.23,2.69,42.61,42.61,0.00,0.00,4.71
701172,atl,60.000,-77.750,1000.90,1000.71,8.80,2.17,32.58,32.66,0.00,0.00,3.43
701172,atl,59.750,-16.000,990.47,990.42,5.32,0.87,26.21,38.07,0.00,0.00,5.07
701172,atl,55.000,6.750,994.27,993.93,6.76,1.53,35.38,46.95,0.00,0.00,5.92
701172,atl,51.750,4.750,994.64,994.49,11.41,2.81,48.54,50.04,0.00,506.98,10.30
701172,atl,46.500,-58.750,970.77,970.07,17.25,3.87,49.05,49.06,0.00,0.00,7.33
701172,pac,59.250,208.500,991.82,991.31,12.16,2.92,41.37,43.73,0.00,0.00,16.88
701172,pac,52.000,162.000,979.16,978.61,21.16,5.68,64.17,64.17,475.76,126080.69,12.12
701172,pac,50.250,226.750,992.02,991.34,14.12,3.72,51.45,54.06,0.00,31214.71,6.75
701172,pac,45.250,168.750,982.71,979.95,21.08,7.06,63.55,63.55,0.00,148872.20,14.84
701172,pac,42.250,203.500,975.56,975.33,14.26,2.21,54.65,74.64,85218.50,209399.44,7.96
701178,atl,59.500,-75.750,1003.06,1002.86,6.91,1.78,30.38,30.38,0.00,0.00,3.00
701178,atl,59.500,-10.250,990.05,989.96,4.85,0.97,27.11,34.65,0.00,0.00,3.03
701178,atl,58.500,-30.500,1001.70,1001.33,5.41,1.80,36.51,36.51,0.00,0.00,3.09
701178,atl,55.000,8.000,993.95,993.71,7.75,1.72,33.66,40.09,0.00,0.00,5.32
701178,atl,46.750,-57.500,969.99,969.36,15.67,3.70,49.28,49.28,0.00,0.00,5.65
701178,pac,60.750,209.750,993.38,992.89,13.21,3.56,48.06,48.06,0.00,0.00,22.99
701178,pac,52.750,163.500,975.75,975.42,21.93,5.45,64.44,64.44,900.24,94266.40,17.80
701178,pac,52.000,227.250,990.82,990.07,17.79,4.80,66.76,68.22,3406.83,132801.21,10.63
701178,pac,48.000,172.000,978.98,977.70,20.94,6.70,69.56,69.56,19773.47,229655.25,10.11
701178,pac,41.250,206.500,979.44,979.32,10.70,1.68,56.40,72.42,94362.78,189303.61,6.96
701184,atl,63.500,-78.750,1003.42,1003.28,7.86,1.67,24.05,24.77,0.00,0.00,3.43
701184,atl,60.000,-6.500,991.20,991.01,4.25,1.03,23.44,27.94,0.00,0.00,2.36
701184,atl,47.500,-56.500,971.77,971.17,13.26,2.91,43.06,43.06,0.00,0.00,4.80
701184,pac,62.500,208.750,998.83,996.51,10.87,3.23,39.92,51.30,0.00,1580.45,22.21
701184,pac,60.250,234.750,1002.85,1001.73,5.37,1.25,23.47,31.05,0.00,0.00,8.67
701184,pac,59.750,228.500,1002.22,1001.83,4.06,1.14,20.81,39.56,0.00,0.00,8.59
701184,pac,54.000,227.750,993.42,992.41,18.22,6.46,61.92,62.05,0.00,67164.29,14.52
701184,pac,53.500,164.750,976.42,976.20,19.52,4.27,60.58,60.58,0.00,46401.03,19.90
701184,pac,50.750,174.000,978.36,977.00,19.62,5.99,63.84,63.84,0.00,206869.72,9.45
701184,pac,43.750,212.750,982.83,982.52,9.66,2.05,54.40,55.49,0.00,41681.78,6.43
701184,pac,40.250,210.000,982.43,982.31,8.04,1.31,50.99,67.94,24418.12,119623.48,5.24
701190,atl,66.750,5.750,988.83,988.72,8.15,1.88,41.91,41.91,0.00,0.00,4.35
701190,atl,63.000,-77.250,1003.88,1003.64,7.83,1.73,24.88,26.70,0.00,0.00,3.50
701190,atl,59.750,-5.250,991.60,991.50,4.09,0.91,27.37,31.72,0.00,0.00,3.08
701190,atl,48.500,-56.500,972.25,972.01,11.04,2.02,35.02,40.73,0.00,0.00,4.79
701190,pac,65.000,215.500,1004.62,1003.23,6.86,1.86,30.04,31.64,0.00,0.00,21.40
701190,pac,61.500,235.500,1002.69,1001.27,6.59,1.17,25.48,34.83,0.00,0.00,11.86
701190,pac,54.500,165.250,978.74,978.39,16.35,3.43,46.54,58.97,0.00,4060.65,15.74
701190,pac,53.250,173.750,974.30,973.01,22.10,6.39,59.17,59.17,0.00,145772.75,8.35
701190,pac,44.500,214.250,981.76,981.21,14.20,3.19,56.51,58.59,0.00,126630.83,6.86
701190,pac,40.000,213.250,984.37,984.23,7.12,1.20,44.68,62.71,0.00,55587.78,4.82
701196,atl,65.750,4.500,990.72,990.60,8.01,1.89,42.50,42.50,0.00,0.00,4.41
701196,atl,48.750,-58.500,973.56,973.44,10.69,1.74,39.97,45.62,0.00,0.00,7.38
701196,pac,61.250,236.250,1003.14,1002.44,7.93,2.02,28.59,38.48,0.00,0.00,12.57
701196,pac,55.000,171.750,975.44,974.59,20.41,5.26,50.60,53.68,0.00,36865.65,7.20
701196,pac,44.000,210.250,983.17,982.89,14.12,2.83,46.23,50.94,0.00,22333.37,6.08
701196,pac,40.500,215.750,986.27,986.10,6.02,1.05,37.49,54.90,0.00,4995.85,4.26
701202,atl,65.000,3.500,991.11,991.01,7.59,1.78,42.67,42.67,0.00,0.00,4.25
701202,atl,55.500,5.500,990.39,990.22,5.31,1.15,22.80,33.41,0.00,0.00,2.95
701202,atl,49.250,-57.750,973.18,973.01,9.60,1.56,36.37,47.78,0.00,0.00,5.85
701202,pac,56.500,168.500,974.05,973.34,23.12,5.25,53.09,53.09,0.00,16765.55,18.17
701202,pac,52.250,183.750,998.65,998.12,9.16,2.40,53.52,53.52,0.00,19709.83,4.97
701202,pac,42.250,210.750,987.08,986.86,10.87,2.27,57.51,57.92,0.00,207356.71,5.36
701202,pac,41.000,217.750,987.14,987.00,6.38,1.13,35.86,52.21,0.00,7210.05,4.50
701208,atl,64.250,3.750,991.84,991.75,6.92,1.55,42.40,42.40,0.00,0.00,4.14
701208,atl,55.500,6.000,989.91,989.69,6.78,1.54,23.82,32.42,0.00,0.00,3.06
701208,atl,52.750,-42.250,986.92,986.33,8.71,2.32,39.66,46.23,0.00,0.00,4.90
701208,atl,49.750,-58.500,975.07,974.99,9.57,1.68,35.59,45.36,0.00,0.00,5.70
701208,atl,40.500,-51.250,982.41,982.03,8.37,2.12,54.45,55.51,0.00,99876.61,4.35
701208,pac,56.750,164.750,977.13,976.62,22.25,5.53,55.29,55.29,0.00,15709.64,19.52
701208,pac,54.250,182.500,999.43,998.91,9.58,2.60,55.36,55.36,0.00,56331.35,6.03
701208,pac,44.250,223.750,987.29,986.83,9.68,2.19,43.61,46.15,0.00,0.00,4.92
701208,pac,41.250,218.000,987.32,987.20,5.40,0.77,35.50,50.30,0.00,1203.23,4.30
701208,pac,40.000,213.500,987.17,986.83,9.68,2.25,57.58,57.58,0.00,201489.37,5.35
701214,atl,63.000,3.000,992.45,992.37,6.49,1.56,44.76,44.76,0.00,0.00,4.17
701214,atl,55.250,7.500,990.01,989.71,6.96,1.49,26.68,32.49,0.00,0.00,3.11
701214,atl,49.500,-59.500,975.20,975.09,9.82,1.92,42.84,43.45,0.00,0.00,6.71
701214,atl,44.000,9.000,1002.43,1001.69,5.71,2.02,54.83,54.83,0.00,4505.20,10.54
701214,atl,43.000,-48.000,978.05,977.38,10.53,2.96,57.12,57.30,0.00,109464.72,6.52
701214,pac,56.750,179.000,998.84,998.18,9.12,2.29,55.50,55.50,0.00,96320.93,5.95
701214,pac,56.000,164.750,981.83,980.79,18.90,4.58,53.68,57.13,0.00,43735.13,21.45
701214,pac,45.250,221.000,985.39,984.87,10.48,2.44,48.77,48.77,0.00,0.00,4.88
701214,pac,38.750,218.250,987.80,987.37,8.92,2.20,59.22,59.22,0.00,176284.85,5.53
701220,atl,61.500,3.000,994.45,994.38,6.25,1.55,40.06,40.06,0.00,0.00,4.12
701220,atl,54.750,7.750,991.22,990.99,7.01,1.50,29.31,36.49,0.00,0.00,3.75
701220,atl,49.250,-60.250,977.20,976.98,9.63,2.03,41.46,41.46,0.00,0.00,7.05
701220,atl,46.250,-46.000,974.35,973.41,13.72,4.08,57.01,57.01,0.00,49744.93,10.84
701220,atl,43.750,9.750,1000.64,1000.21,6.57,2.02,50.09,50.09,0.00,562.86,15.69
701220,pac,55.500,164.750,986.49,985.08,17.07,4.42,54.79,54.79,0.00,45368.12,17.29
701220,pac,47.000,223.250,985.55,984.90,11.11,2.54,40.86,41.43,0.00,0.00,4.88
701220,pac,44.750,219.000,986.01,985.78,8.83,1.93,43.19,43.19,0.00,0.00,4.80
701220,pac,38.750,222.500,986.01,985.48,10.30,2.77,62.80,62.80,0.00,143408.97,5.31
701226,atl,60.000,3.500,996.40,996.30,5.53,1.38,40.74,40.74,0.00,0.00,4.17
701226,atl,54.000,8.250,992.23,991.98,6.37,1.40,35.61,35.61,0.00,0.00,4.30
701226,atl,49.500,-45.500,972.81,972.29,14.60,3.88,62.47,62.47,0.00,64820.15,8.92
701226,atl,48.750,-60.500,979.76,979.53,8.30,1.74,41.56,41.56,0.00,0.00,6.47
701226,atl,45.250,0.500,1003.80,1003.13,5.20,1.64,39.19,41.15,0.00,0.00,11.48
701226,atl,43.750,9.500,1000.68,1000.46,4.34,1.67,45.33,45.33,0.00,0.00,16.97
701226,pac,55.000,166.250,990.71,989.76,14.96,3.57,48.09,49.58,0.00,0.00,16.79
701226,pac,46.750,220.750,985.42,984.94,10.89,2.70,38.89,40.92,0.00,0.00,4.21
701226,pac,40.000,226.500,987.87,987.55,10.72,2.84,61.91,61.91,0.00,106016.03,5.58
701232,atl,59.000,4.000,997.62,997.52,5.31,1.24,38.79,44.76,0.00,0.00,4.04
701232,atl,51.500,-46.000,974.50,974.29,13.83,3.42,58.96,58.96,0.00,69318.73,7.44
701232,atl,43.500,-49.000,986.34,985.38,6.95,1.88,52.36,52.99,0.00,56182.58,4.47
701232,atl,43.500,7.750,995.96,995.57,8.99,2.07,49.90,59.77,0.00,3395.58,10.39
701232,pac,54.500,168.000,997.33,996.66,11.42,2.71,42.97,43.87,0.00,0.00,12.45
701232,pac,47.500,204.500,1003.03,1002.72,4.07,0.98,28.19,30.61,0.00,0.00,2.43
701232,pac,46.250,219.750,987.40,986.90,9.58,2.52,32.44,35.49,0.00,0.00,3.91
701232,pac,43.000,229.000,988.36,988.17,10.20,2.36,53.92,54.39,0.00,56655.42,5.86
701238,atl,52.750,-48.000,973.46,972.76,14.08,3.20,50.26,59.49,0.00,26980.88,5.83
701238,atl,46.500,-45.000,983.94,982.82,7.63,2.22,51.15,56.12,0.00,90131.76,4.73
701238,atl,43.250,9.750,983.57,981.14,20.62,5.74,63.69,65.50,4589.70,137923.66,22.22
701238,pac,54.000,170.000,1000.76,1000.22,9.12,2.25,38.79,42.17,0.00,0.00,4.48
701238,pac,48.000,204.000,1002.52,1002.13,5.14,1.21,28.52,36.96,0.00,0.00,2.57
701238,pac,45.750,220.250,991.49,991.11,7.31,1.95,35.20,35.20,0.00,0.00,3.67
701238,pac,45.500,230.750,989.96,989.78,11.65,2.62,51.25,51.25,0.00,4977.06,7.91
701238,pac,40.500,164.500,992.06,991.12,16.42,3.77,54.45,58.59,0.00,90062.15,8.75
701238,pac,32.000,197.250,1002.38,1001.78,11.03,2.82,57.05,57.05,0.00,8410.41,6.37
701244,atl,61.750,-76.250,1003.34,1003.08,4.01,0.84,17.92,34.36,0.00,0.00,9.05
701244,atl,56.500,-28.250,1000.11,999.79,7.33,1.93,46.98,47.52,0.00,0.00,4.21
701244,atl,54.750,-46.750,976.98,976.21,13.38,3.24,59.09,71.23,20153.76,122938.87,6.35
701244,atl,51.750,-54.500,977.13,976.72,10.73,2.62,36.76,43.35,0.00,0.00,6.46
701244,atl,50.750,-42.750,978.80,977.28,11.21,3.45,50.33,53.39,0.00,16197.47,6.62
701244,pac,54.000,172.250,1003.30,1002.98,6.94,1.72,30.88,36.11,0.00,0.00,3.60
701244,pac,50.750,223.250,996.41,996.31,4.35,0.88,24.93,30.92,0.00,0.00,3.38
701244,pac,48.500,203.750,1002.55,1002.23,5.21,1.25,30.92,34.47,0.00,0.00,2.71
701244,pac,47.500,231.500,993.39,993.14,10.77,2.78,47.33,47.33,0.00,0.00,8.34
701244,pac,45.750,221.500,994.46,994.09,6.66,1.90,39.76,39.76,0.00,0.00,3.77
701244,pac,41.500,168.750,988.33,987.78,17.65,3.88,62.24,62.24,0.00,142405.31,9.19
701244,pac,40.500,166.250,988.10,987.49,16.94,4.00,60.28,62.24,0.00,130101.40,9.19
701244,pac,31.500,199.000,996.00,994.95,15.24,4.53,66.58,66.58,3283.84,120540.22,11.38
701250,atl,60.000,-68.500,999.20,999.03,6.37,2.03,31.90,31.90,0.00,0.00,8.13
701250,atl,55.250,-49.250,976.33,975.55,13.23,3.38,59.91,69.86,19346.20,97111.49,9.92
701250,atl,55.250,-21.250,1002.74,1002.39,7.14,1.87,34.42,37.80,0.00,0.00,3.51
701250,atl,53.250,-42.250,974.76,973.43,15.38,5.04,52.21,52.21,0.00,9169.98,10.62
701250,atl,50.250,-53.500,979.02,978.87,9.24,1.83,37.12,40.64,0.00,0.00,6.33
701250,pac,54.500,173.500,1003.62,1003.38,5.88,1.47,24.68,30.68,0.00,0.00,2.52
701250,pac,52.250,222.250,997.64,997.39,5.60,1.52,31.62,31.62,0.00,0.00,2.82
701250,pac,49.500,216.250,999.65,999.55,4.07,1.03,29.31,30.98,0.00,0.00,2.52
701250,pac,49.000,204.000,1001.73,1001.40,5.83,1.52,32.78,34.15,0.00,0.00,2.80
701250,pac,49.000,231.000,996.59,996.21,9.20,2.33,41.78,42.79,0.00,0.00,8.44
701250,pac,46.000,224.000,999.13,998.97,4.86,1.42,38.89,38.89,0.00,0.00,3.72
701250,pac,42.250,170.500,982.72,982.02,18.27,4.28,60.48,60.68,0.00,131871.85,10.99
701256,atl,61.750,-71.250,1000.65,1000.46,6.07,1.90,36.52,36.52,0.00,0.00,6.43
701256,atl,57.250,6.250,999.06,998.86,5.36,0.96,38.59,44.35,0.00,0.00,4.60
701256,atl,55.250,-44.000,975.07,974.25,16.33,4.49,54.18,70.40,17984.95,79185.05,7.77
701256,atl,55.000,-52.250,980.18,979.66,9.57,2.10,46.33,60.64,0.00,18292.79,7.13
701256,atl,53.000,-14.250,1004.92,1004.57,7.39,2.00,36.08,36.08,0.00,0.00,3.59
701256,atl,50.750,-46.750,980.76,980.49,6.93,1.61,43.97,49.18,0.00,0.00,7.75
701256,pac,52.750,221.000,998.63,998.24,6.42,1.85,36.75,36.75,0.00,0.00,3.34
701256,pac,50.750,196.500,1004.13,1003.76,7.29,1.74,33.99,35.52,0.00,0.00,3.83
701256,pac,50.250,215.250,1000.66,1000.27,4.32,1.12,27.70,36.01,0.00,0.00,3.32
701256,pac,50.250,230.500,1000.45,999.98,6.98,1.93,30.63,31.52,0.00,0.00,9.01
701256,pac,49.000,205.000,1001.79,1001.51,5.70,1.50,32.43,32.43,0.00,0.00,2.41
701256,pac,43.250,173.000,980.68,980.07,18.29,4.28,60.91,61.48,0.00,144127.78,11.14
701262,atl,67.500,-35.500,1004.35,1002.97,7.27,3.51,36.65,36.65,0.00,0.00,23.55
701262,atl,63.000,-74.000,1001.06,1000.81,7.11,1.67,31.85,41.01,0.00,0.00,7.43
701262,atl,56.250,-46.250,973.95,973.30,16.92,5.03,73.37,73.37,22313.21,77202.37,17.38
701262,atl,53.750,-53.250,980.80,980.56,8.61,1.72,41.48,53.44,0.00,2909.29,6.21
701262,pac,53.250,220.000,999.65,999.23,7.02,1.97,33.69,33.69,0.00,0.00,3.30
701262,pac,51.750,230.250,1004.80,1004.24,4.34,1.51,28.34,28.34,0.00,0.00,7.75
701262,pac,50.750,215.250,1001.03,1000.49,4.92,1.22,32.20,33.69,0.00,0.00,3.30
701262,pac,43.250,175.500,978.11,977.46,16.22,3.12,61.85,70.09,19029.26,218694.91,9.10
701262,pac,41.000,179.500,978.51,977.89,14.64,2.99,55.95,64.92,1188.26,232397.07,8.03
701268,atl,68.000,-36.250,1001.99,1000.85,7.83,3.90,28.75,31.29,0.00,0.00,23.07
701268,atl,63.750,-75.250,1001.45,1001.26,7.97,1.90,39.15,41.63,0.00,0.00,7.23
701268,atl,57.500,-79.250,1002.99,1002.82,5.45,1.36,25.74,30.47,0.00,0.00,3.85
701268,atl,55.250,-49.250,974.04,973.49,15.87,4.75,49.18,59.23,0.00,16892.11,7.37
701268,atl,53.500,-30.250,992.48,991.17,7.33,2.46,42.44,42.44,0.00,0.00,7.26
701268,pac,54.000,219.500,999.07,998.82,8.61,2.26,36.02,36.02,0.00,0.00,4.56
701268,pac,50.250,211.250,1001.00,1000.69,5.74,1.29,28.68,31.14,0.00,0.00,2.77
701268,pac,44.500,174.500,975.50,974.54,17.85,4.70,59.07,59.07,0.00,106037.81,7.38
701268,pac,43.250,179.500,976.03,975.13,16.44,3.80,58.20,58.92,0.00,135134.37,7.38
701274,atl,67.000,-71.750,1001.68,1001.48,8.38,2.40,35.61,38.65,0.00,0.00,11.45
701274,atl,56.750,-79.250,1004.46,1004.36,5.46,1.33,28.19,32.04,0.00,0.00,3.99
701274,atl,56.750,-40.500,984.17,984.09,6.09,1.14,53.14,58.18,0.00,19413.84,8.88
701274,atl,56.750,-27.750,989.25,988.58,11.31,3.37,47.88,47.88,0.00,0.00,6.65
701274,atl,54.250,-50.000,976.89,976.38,14.18,3.86,38.45,43.14,0.00,0.00,5.83
701274,atl,37.000,-51.250,1004.76,1004.57,4.02,1.01,43.72,43.72,0.00,0.00,2.71
701274,atl,34.500,-74.500,1003.41,1003.20,6.54,1.75,34.63,35.38,0.00,0.00,4.81
701274,pac,54.750,218.750,998.35,998.04,10.33,2.44,32.14,38.57,0.00,0.00,10.37
701274,pac,45.250,173.250,975.63,974.47,15.02,3.66,52.31,57.57,0.00,89198.39,6.93
701274,pac,45.250,178.000,973.41,972.54,17.42,4.10,57.67,57.67,0.00,183733.23,6.93
701280,atl,67.500,-70.000,1000.09,999.26,8.43,2.68,34.75,37.34,0.00,0.00,11.99
701280,atl,61.000,-29.000,983.26,982.67,17.22,4.66,54.91,56.32,0.00,52292.04,8.47
701280,atl,53.250,-47.750,980.40,979.89,12.80,3.07,40.44,42.40,0.00,0.00,4.87
701280,atl,35.250,-73.250,1000.97,1000.57,8.74,2.31,42.52,42.52,0.00,0.00,4.65
701280,pac,55.750,218.250,998.48,998.18,11.42,2.36,42.05,46.08,0.00,0.00,28.26
701280,pac,48.750,222.250,997.26,996.48,10.38,2.75,41.04,41.72,0.00,0.00,4.33
701280,pac,46.500,174.750,973.23,972.65,16.80,4.06,58.72,58.72,0.00,154844.82,6.34
701286,atl,63.000,-33.000,979.63,978.69,18.63,4.95,58.43,58.43,0.00,37058.99,10.89
701286,atl,62.000,-53.000,990.48,990.41,5.91,1.16,29.55,35.88,0.00,0.00,8.70
701286,atl,55.000,-43.000,981.68,981.43,10.18,1.93,35.52,51.16,0.00,1981.35,4.02
701286,atl,39.250,-43.250,1003.56,1003.14,5.95,1.45,42.64,47.11,0.00,0.00,3.05
701286,atl,36.250,-72.500,995.78,994.73,12.25,3.40,56.16,56.16,0.00,9463.98,7.74
701286,pac,56.500,218.000,999.71,999.45,11.85,2.14,41.04,41.04,0.00,0.00,28.44
701286,pac,50.500,222.750,992.43,991.81,14.23,3.88,38.65,40.17,0.00,0.00,6.25
701286,pac,47.000,171.000,972.97,972.28,17.35,4.03,62.40,62.40,0.00,204637.70,7.44
701286,pac,40.500,160.250,988.44,988.21,9.45,2.24,57.88,64.36,1221.75,221040.86,5.05
701292,atl,63.500,-35.500,981.22,980.39,15.29,4.37,64.45,64.45,329.64,66319.73,10.78
701292,atl,56.750,-18.000,997.22,996.84,9.55,2.61,37.44,48.08,0.00,0.00,5.22
701292,atl,56.250,-41.250,983.19,983.05,9.20,1.97,42.18,43.90,0.00,0.00,5.02
701292,atl,41.250,-37.000,1003.63,1002.86,6.84,1.78,42.58,53.73,0.00,1847.41,4.40
701292,atl,36.000,-71.750,991.51,990.09,15.60,4.43,64.54,64.54,1256.28,35418.38,11.19
701292,pac,58.750,216.750,1000.86,1000.29,16.36,4.01,38.52,46.43,0.00,0.00,36.30
701292,pac,51.250,224.500,988.94,988.21,18.16,4.69,54.24,54.24,0.00,14846.56,8.33
701292,pac,47.250,173.750,975.97,975.51,11.84,2.40,47.76,56.18,0.00,24677.26,5.63
701292,pac,45.750,167.500,975.31,974.81,15.64,3.71,60.94,60.94,0.00,205154.66,6.89
701292,pac,38.750,166.750,985.81,985.47,4.80,1.21,46.69,61.06,0.00,38371.92,3.50
701298,atl,63.500,-37.750,981.99,981.38,12.63,4.28,59.90,59.90,0.00,26777.68,12.05
701298,atl,62.500,-53.000,991.34,991.30,5.12,0.89,33.25,40.63,0.00,0.00,9.14
701298,atl,61.750,-67.500,1000.92,1000.57,4.72,1.83,41.34,42.14,0.00,0.00,7.53
701298,atl,58.750,-15.750,993.57,993.11,11.55,3.28,48.49,48.49,0.00,0.00,6.07
701298,atl,56.250,-37.750,983.16,982.99,9.99,2.04,39.74,40.66,0.00,0.00,4.56
701298,atl,45.500,-30.250,1000.64,1000.16,6.19,1.69,39.28,40.45,0.00,0.00,4.10
701298,atl,36.000,-68.750,991.10,990.67,13.76,3.13,60.54,60.54,0.00,98649.86,7.32
701298,pac,59.500,216.000,1001.02,1000.20,17.53,4.87,40.43,49.69,0.00,0.00,37.68
701298,pac,51.750,226.250,989.35,988.51,18.83,5.27,52.53,52.53,0.00,15195.85,8.32
701298,pac,47.250,172.500,977.35,977.05,11.43,2.22,48.04,56.06,0.00,67329.21,5.37
701298,pac,43.250,166.000,978.58,978.17,11.88,2.91,62.26,62.28,0.00,240755.82,6.19
701298,pac,38.750,171.250,980.65,980.27,5.85,1.38,41.17,55.59,0.00,19611.51,3.01
701298,pac,31.750,217.000,1001.27,1001.18,8.48,1.35,33.60,44.55,0.00,0.00,3.72
701304,atl,62.250,-54.500,993.18,993.08,6.21,1.32,30.19,36.08,0.00,0.00,7.80
701304,atl,61.250,-67.250,1002.92,1002.59,4.19,1.64,39.07,39.07,0.00,0.00,6.93
701304,atl,60.000,-13.750,991.46,991.12,12.70,3.78,47.00,49.79,0.00,0.00,6.99
701304,atl,57.250,-35.000,982.84,982.62,11.44,2.40,38.07,41.55,0.00,0.00,5.05
701304,atl,38.500,-65.250,988.39,988.17,14.92,3.16,55.97,63.12,0.00,90977.88,8.24
701304,pac,59.500,215.750,1001.55,1000.64,17.64,4.66,40.49,45.58,0.00,0.00,37.68
701304,pac,52.250,227.500,994.06,993.32,15.50,4.62,54.09,54.09,0.00,19377.29,6.61
701304,pac,48.750,173.750,980.26,979.89,11.67,2.48,47.88,54.12,0.00,41816.52,5.32
701304,pac,45.000,170.000,980.81,980.68,7.87,1.51,52.95,55.71,0.00,146901.95,5.35
701304,pac,40.000,175.000,976.00,975.75,9.02,2.38,40.72,46.82,0.00,0.00,6.45
701304,pac,33.000,218.000,998.44,998.24,9.80,1.70,39.65,47.32,0.00,0.00,4.31
701310,atl,62.000,-54.750,993.15,992.95,7.46,1.71,29.54,32.38,0.00,0.00,8.79
701310,atl,61.000,-11.250,990.45,990.08,11.74,3.35,42.74,45.23,0.00,0.00,6.59
701310,atl,58.000,-32.750,983.47,983.27,10.81,2.32,43.85,45.94,0.00,0.00,4.84
701310,atl,41.000,-56.000,988.02,985.80,13.15,3.36,62.81,62.81,0.00,12328.89,9.12
701310,atl,38.750,-61.750,985.47,985.23,14.38,2.81,60.76,60.76,0.00,177151.80,7.01
701310,pac,59.500,216.250,1002.58,1001.89,17.31,4.85,41.22,42.90,0.00,0.00,35.14
701310,pac,57.000,222.750,1002.54,1002.06,10.56,2.77,35.83,38.44,0.00,0.00,34.34
701310,pac,52.500,229.500,999.47,998.81,12.67,3.77,45.55,45.55,0.00,0.00,7.03
701310,pac,48.000,172.000,981.31,980.96,10.45,2.49,50.89,55.46,0.00,96199.26,5.20
701310,pac,41.250,176.000,971.50,970.81,10.60,2.71,46.63,46.63,0.00,0.00,7.12
701310,pac,34.500,219.500,998.21,998.05,11.07,1.97,41.94,44.84,0.00,0.00,4.86
701316,atl,65.750,-52.250,995.05,994.35,5.93,1.94,31.22,33.12,0.00,0.00,7.06
701316,atl,62.500,-9.750,988.84,988.43,11.02,3.07,42.85,43.97,0.00,0.00,6.68
701316,atl,61.500,-55.250,993.85,993.66,7.56,1.97,29.83,29.83,0.00,0.00,6.99
701316,atl,58.500,-30.250,985.62,985.45,9.09,1.80,46.01,47.94,0.00,0.00,4.76
701316,atl,55.750,-14.750,985.32,984.72,11.83,3.12,44.63,44.78,0.00,0.00,4.78
701316,atl,44.000,-56.500,980.22,978.27,18.16,4.66,60.64,60.64,0.00,53045.56,10.16
701316,pac,59.500,217.000,1003.98,1003.47,17.92,5.42,40.38,40.71,0.00,0.00,30.65
701316,pac,57.750,223.000,1004.97,1004.09,12.15,3.36,34.16,34.54,0.00,0.00,30.65
701316,pac,44.500,179.500,968.69,967.99,14.09,3.15,45.61,47.47,0.00,0.00,6.80
701316,pac,35.750,220.750,997.98,997.84,11.44,2.00,54.78,55.33,0.00,56352.91,6.02
701322,atl,68.500,-49.250,997.63,997.25,4.09,1.51,27.55,29.83,0.00,0.00,7.71
701322,atl,64.500,-79.000,1000.91,1000.61,8.91,2.31,27.68,33.09,0.00,0.00,4.69
701322,atl,61.750,-55.250,994.40,994.19,7.64,2.12,28.78,28.78,0.00,0.00,4.50
701322,atl,58.500,-11.500,976.76,975.82,15.35,4.27,44.53,54.38,0.00,6060.94,6.98
701322,atl,45.000,-56.250,976.84,975.98,18.14,4.38,51.91,58.56,0.00,44025.08,9.78
701322,pac,45.750,179.250,966.06,965.54,14.82,3.49,51.66,51.66,0.00,10216.01,6.02
701322,pac,36.250,221.500,997.04,996.83,12.06,2.19,59.04,59.17,0.00,138723.05,6.79
701328,atl,64.000,-75.500,1000.97,1000.63,7.21,1.75,32.06,34.97,0.00,0.00,4.98
701328,atl,62.250,-55.500,995.08,994.93,7.07,2.01,30.42,30.42,0.00,0.00,5.27
701328,atl,60.500,-10.750,967.76,966.34,20.71,5.53,47.19,54.41,0.00,24480.71,10.05
701328,atl,45.250,-52.000,975.43,975.28,15.61,2.62,59.23,59.67,0.00,166064.99,6.71
701328,pac,46.000,180.250,964.96,964.54,15.09,3.57,51.42,51.42,0.00,7113.04,7.08
701328,pac,39.500,223.500,996.53,996.21,13.21,2.88,61.32,61.32,0.00,201829.43,6.66
701328,pac,35.750,222.500,996.08,995.94,10.13,2.01,55.44,60.78,0.00,135016.67,5.93
701334,atl,69.000,-28.000,994.57,992.88,5.11,2.22,39.87,39.87,0.00,0.00,32.28
701334,atl,68.500,-31.250,995.35,993.15,5.18,2.31,39.87,39.87,0.00,0.00,32.28
701334,atl,67.250,-34.500,996.06,995.01,4.70,2.17,39.87,39.87,0.00,0.00,32.28
701334,atl,66.750,-65.750,998.40,996.94,4.08,1.61,18.36,24.45,0.00,0.00,10.65
701334,atl,63.750,-72.750,1000.32,1000.08,6.28,1.29,30.51,31.14,0.00,0.00,7.93
701334,atl,63.750,-55.250,994.07,993.87,6.87,2.03,31.67,33.38,0.00,0.00,6.26
701334,atl,61.500,-10.750,963.13,962.07,23.38,6.08,48.33,52.18,0.00,2839.57,11.68
701334,atl,48.500,-50.250,970.69,970.53,17.10,2.61,55.18,57.22,0.00,133783.51,8.42
701334,pac,50.500,179.000,964.35,964.13,16.28,3.11,51.75,52.46,0.00,41442.37,7.37
701334,pac,39.500,223.250,995.40,995.03,14.17,3.04,59.97,59.97,0.00,238632.71,7.33
701334,pac,35.750,223.750,995.92,995.75,9.91,2.01,51.11,57.83,0.00,92569.30,6.09
701340,atl,66.750,-65.750,998.44,996.66,4.33,1.46,28.78,35.85,0.00,0.00,11.97
701340,atl,66.250,-35.750,997.35,996.79,5.33,2.30,32.62,35.48,0.00,0.00,21.29
701340,atl,65.750,-56.000,993.71,993.43,7.80,2.32,35.85,35.85,0.00,0.00,11.97
701340,atl,62.500,-66.000,998.44,997.94,4.39,1.36,34.58,34.58,0.00,0.00,9.45
701340,atl,61.500,-10.750,964.04,963.06,23.56,6.17,50.36,50.36,0.00,1492.68,12.43
701340,atl,51.250,-50.500,964.54,964.34,20.84,3.75,59.33,59.93,0.00,135495.81,9.72
701340,pac,50.500,179.500,967.14,966.99,14.12,2.27,54.40,60.10,0.00,83942.53,7.00
701340,pac,39.250,222.750,992.74,992.16,14.92,3.22,59.32,63.13,0.00,277190.57,6.45
701346,atl,66.750,-66.000,998.71,996.98,4.16,1.30,35.47,35.47,0.00,0.00,12.10
701346,atl,66.750,-56.250,993.39,993.12,7.86,2.16,35.47,35.47,0.00,0.00,12.10
701346,atl,60.500,-8.750,967.77,967.07,21.99,5.85,52.02,52.02,0.00,11190.19,6.98
701346,atl,52.500,-51.000,958.61,958.34,23.64,4.80,63.52,63.52,0.00,275380.62,11.11
701346,pac,55.000,180.250,968.12,968.03,15.99,2.57,53.45,59.33,0.00,193782.61,7.13
701346,pac,38.250,222.000,991.40,990.96,15.85,3.48,59.77,65.43,1718.29,264738.53,6.42
701352,atl,66.750,-66.000,998.26,996.36,4.34,1.31,40.90,40.90,0.00,0.00,12.59
701352,atl,60.250,-6.250,972.25,971.62,21.14,5.36,47.76,53.27,0.00,6014.81,7.25
701352,atl,52.750,-50.500,957.44,957.12,25.16,5.47,69.34,70.83,38060.04,372321.00,12.33
701352,atl,33.250,-76.750,1004.82,1003.72,8.14,2.01,43.15,43.15,0.00,0.00,5.90
701352,pac,56.250,179.250,969.89,969.48,19.60,3.95,55.04,57.67,0.00,191264.72,8.22
701352,pac,37.000,221.250,990.82,990.42,15.19,3.34,61.74,62.33,0.00,221477.73,5.88
701358,atl,60.000,-4.250,975.91,975.05,21.05,5.55,49.30,51.94,0.00,5687.32,7.00
701358,atl,52.500,-48.750,958.40,957.91,25.86,6.45,72.55,72.55,155223.91,490694.24,10.02
701358,atl,35.250,-74.000,998.10,996.64,13.01,3.06,64.76,64.76,649.93,11057.81,6.35
701358,pac,55.750,179.750,973.36,972.77,18.04,3.85,55.79,55.79,0.00,125046.20,7.70
701358,pac,35.500,220.750,992.27,991.86,14.12,3.21,57.36,59.73,0.00,175732.70,5.29
701364,atl,68.500,-0.750,997.41,997.18,7.47,1.67,26.19,31.96,0.00,0.00,3.23
701364,atl,66.750,-72.000,999.10,998.54,5.98,1.80,27.44,47.40,0.00,0.00,11.38
701364,atl,59.750,-3.000,981.52,980.95,19.71,5.16,52.26,52.39,0.00,19660.43,13.01
701364,atl,53.000,-46.000,962.56,961.81,24.61,6.42,68.34,68.34,93261.29,407179.17,11.38
701364,atl,47.500,-30.000,996.98,996.80,5.23,1.08,44.93,47.13,0.00,0.00,4.18
701364,atl,37.500,-70.500,991.50,991.08,17.52,4.15,61.31,61.31,0.00,123483.58,8.00
701364,pac,55.250,181.500,980.47,980.11,15.81,3.56,48.83,48.93,0.00,0.00,6.57
701364,pac,34.250,220.250,991.99,991.70,13.28,3.09,50.74,58.69,0.00,71870.75,4.82
701370,atl,66.250,-72.000,998.92,998.66,5.48,1.52,26.51,45.30,0.00,0.00,11.48
701370,atl,59.000,-1.500,986.54,985.77,18.44,4.71,53.59,53.59,0.00,9401.15,14.49
701370,atl,56.750,-50.750,967.99,967.26,19.93,4.25,67.77,67.77,16167.30,360021.79,9.56
701370,atl,54.750,-44.500,966.08,965.31,21.94,5.79,64.08,64.08,916.61,298127.79,9.77
701370,atl,50.250,-28.750,990.26,989.77,8.57,2.12,43.66,43.66,0.00,0.00,4.60
701370,atl,39.250,-67.250,983.93,982.22,21.13,5.63,67.54,67.54,11871.25,187231.94,13.17
701370,pac,55.500,184.000,987.41,986.94,14.25,3.18,43.10,44.38,0.00,0.00,5.71
701370,pac,39.250,160.250,989.48,988.10,12.02,3.19,61.43,61.43,0.00,223936.22,9.39
701370,pac,33.000,220.250,992.44,992.16,13.07,3.10,41.26,51.29,0.00,2510.59,4.20
701376,atl,58.500,-1.000,990.78,989.99,17.68,4.88,50.60,51.02,0.00,1612.18,13.61
701376,atl,57.250,-50.000,969.11,968.46,21.18,4.37,64.30,64.30,1683.51,368916.98,14.36
701376,atl,57.250,-45.750,969.24,968.58,20.21,4.63,61.75,64.30,1683.51,254338.93,14.59
701376,atl,52.750,-28.500,987.74,987.22,10.76,3.01,40.98,43.22,0.00,0.00,5.00
701376,atl,41.250,-61.000,986.03,984.78,17.70,4.35,62.81,63.53,0.00,180416.22,8.32
701376,pac,56.250,186.500,996.51,996.04,11.73,2.72,42.50,42.50,0.00,0.00,4.46
701376,pac,43.750,163.000,992.47,991.43,11.97,3.21,54.25,54.25,0.00,44682.94,6.11
701376,pac,35.500,162.750,997.76,997.27,8.68,2.36,60.19,60.19,0.00,65443.03,7.54
701376,pac,32.500,220.250,990.81,990.55,12.14,2.95,39.54,39.54,0.00,0.00,4.93
701382,atl,69.000,-56.000,985.62,985.19,12.23,2.92,56.79,56.79,0.00,44484.65,12.59
701382,atl,59.250,-33.000,989.21,988.90,7.21,1.45,38.56,44.45,0.00,0.00,5.02
701382,atl,58.250,-49.500,963.86,963.69,25.11,6.09,67.28,76.42,32995.85,323257.07,23.21
701382,atl,57.250,-0.750,995.35,994.61,15.05,4.02,45.03,49.86,0.00,0.00,10.86
701382,atl,56.250,-29.250,987.93,987.36,9.83,2.64,43.63,43.63,0.00,0.00,5.02
701382,atl,40.750,-61.250,984.79,984.27,13.62,3.12,60.87,60.87,0.00,183022.82,6.93
701382,pac,57.250,188.250,1004.02,1003.69,9.34,2.18,34.33,34.33,0.00,0.00,3.63
701382,pac,54.000,160.250,987.81,987.24,13.02,3.88,52.42,52.42,0.00,2309.09,13.93
701382,pac,47.000,164.750,995.29,994.68,10.74,3.01,50.72,50.72,0.00,3242.54,4.97
701382,pac,37.250,165.750,995.15,993.55,11.51,3.19,66.29,66.29,2468.63,61035.84,11.17
701382,pac,32.750,219.750,992.65,992.34,12.14,2.91,44.03,44.03,0.00,0.00,5.61
701382,pac,32.250,194.500,1003.99,1003.54,4.67,1.10,43.24,43.24,0.00,0.00,3.19
701388,atl,62.250,-37.750,985.30,984.87,9.98,3.34,67.94,69.46,17382.92,88907.97,17.45
701388,atl,58.750,-49.500,962.07,961.42,26.03,7.19,67.20,67.20,21810.21,304090.58,13.67
701388,atl,55.750,0.000,1000.24,999.56,12.57,3.15,36.05,44.06,0.00,0.00,5.73
701388,atl,50.750,-22.500,1000.59,1000.38,5.94,1.35,27.50,35.97,0.00,0.00,3.29
701388,atl,44.750,-50.250,986.53,985.77,14.32,3.55,54.62,57.07,0.00,52172.46,6.00
701388,atl,41.500,-57.000,986.81,986.36,11.58,2.45,53.63,55.40,0.00,107736.55,5.50
701388,pac,57.000,161.750,992.21,991.01,13.71,3.58,51.93,51.93,0.00,1952.05,18.89
701388,pac,38.250,168.500,1000.71,1000.30,8.80,2.37,64.71,64.71,1820.60,98032.35,8.66
701388,pac,34.250,195.000,1003.42,1002.74,4.57,1.10,41.90,41.90,0.00,0.00,3.36
701388,pac,33.750,168.750,998.92,997.89,9.47,2.62,59.88,64.29,608.95,55144.09,8.66
701388,pac,33.000,218.250,993.05,992.45,11.78,2.88,48.85,48.85,0.00,0.00,4.83
701394,atl,60.250,-51.500,957.29,956.29,28.24,8.21,72.38,72.38,20784.59,280083.38,12.82
701394,atl,54.250,1.000,1003.92,1003.46,10.13,2.40,31.29,36.28,0.00,0.00,4.26
701394,atl,51.750,-20.250,1003.96,1003.83,5.67,1.25,32.91,35.60,0.00,0.00,3.27
701394,atl,47.750,-44.750,984.65,983.61,14.63,3.95,54.88,55.33,0.00,52612.06,6.99
701394,pac,59.000,163.500,999.63,998.94,11.63,3.39,47.19,47.19,0.00,0.00,14.48
701394,pac,38.250,169.500,999.70,999.35,9.49,2.20,62.38,62.38,0.00,198994.16,9.11
701394,pac,36.000,194.500,1002.43,1002.02,4.80,1.08,45.29,45.29,0.00,0.00,3.55
701394,pac,34.500,170.750,995.71,994.69,10.78,2.96,53.41,55.83,0.00,97857.09,9.11
701394,pac,33.500,217.000,994.84,994.31,11.94,3.03,46.27,47.80,0.00,0.00,4.14
701394,pac,32.500,196.500,1002.47,1001.53,4.28,1.18,41.05,45.29,0.00,0.00,3.55
701400,atl,61.750,-54.500,957.52,956.31,28.14,8.00,70.59,70.59,18255.58,210349.32,11.81
701400,atl,50.250,-41.750,981.07,980.31,16.97,4.49,57.18,57.18,0.00,45026.39,8.77
701400,atl,40.500,-52.750,994.81,994.34,9.12,2.06,52.78,53.68,0.00,27368.33,4.12
701400,pac,35.000,171.000,992.53,991.34,13.50,3.77,54.48,54.48,0.00,50218.22,6.73
701400,pac,34.000,195.750,999.72,999.12,5.39,1.45,41.40,41.40,0.00,0.00,3.38
701400,pac,33.750,215.750,996.55,996.05,9.91,2.45,40.92,44.95,0.00,0.00,3.19
701406,atl,68.750,-60.000,968.83,968.11,16.69,3.86,54.31,69.09,4442.37,41959.63,14.75
701406,atl,63.000,-56.000,959.27,957.87,27.23,8.16,76.49,76.49,32349.51,209824.54,12.64
701406,atl,53.000,-38.500,974.97,974.20,21.26,5.79,64.37,64.37,3622.85,140517.05,9.71
701406,pac,35.250,194.750,999.11,998.78,5.41,1.29,38.36,38.36,0.00,0.00,3.34
701406,pac,34.750,170.750,990.90,990.09,12.92,3.69,60.90,60.90,0.00,71294.35,5.84
701406,pac,34.000,214.500,1000.22,999.92,8.66,2.16,40.37,44.14,0.00,0.00,3.14
701412,atl,64.750,-57.500,964.91,963.63,24.56,7.65,73.20,73.20,24440.56,117473.66,13.68
701412,atl,55.750,-36.500,971.07,970.10,24.57,6.63,69.32,69.82,28418.33,154719.64,9.25
701412,pac,34.250,198.500,998.60,998.14,6.76,1.83,43.28,43.28,0.00,0.00,3.58
701412,pac,34.250,213.500,1003.01,1002.76,6.74,1.68,37.86,38.51,0.00,0.00,2.75
701412,pac,33.750,170.500,992.40,991.69,10.49,2.85,57.96,57.96,0.00,65633.28,4.70
701418,atl,66.750,-58.750,972.74,971.35,19.67,6.08,68.58,68.58,5428.77,42974.92,15.24
701418,atl,58.250,-35.750,968.94,968.00,24.41,6.22,58.89,61.75,0.00,118736.67,7.37
701418,atl,49.000,-79.500,980.65,980.09,16.91,3.42,38.90,57.01,0.00,23294.44,9.17
701418,atl,46.500,-34.250,996.87,996.44,6.75,1.49,37.38,42.68,0.00,0.00,3.81
701418,pac,35.500,197.750,998.29,997.91,7.24,1.97,36.13,36.13,0.00,0.00,3.72
701418,pac,32.250,170.750,993.77,993.39,6.87,1.86,48.61,48.61,0.00,0.00,3.53
701424,atl,66.000,-62.250,988.66,988.03,7.80,2.97,45.88,57.19,0.00,16683.93,16.66
701424,atl,60.500,-37.000,968.35,967.42,23.61,5.83,53.43,54.19,0.00,68815.42,9.36
701424,atl,51.750,-27.000,992.57,992.27,8.22,2.03,36.25,38.67,0.00,0.00,4.23
701424,atl,50.750,-76.000,985.58,985.02,14.62,3.13,29.34,37.50,0.00,0.00,4.95
701424,pac,36.000,196.000,999.33,999.21,4.06,0.91,34.11,34.63,0.00,0.00,2.95
701430,atl,66.500,-60.500,993.15,992.72,4.08,2.13,36.36,37.16,0.00,0.00,16.41
701430,atl,61.000,-39.750,966.39,965.25,22.96,5.70,67.48,67.48,1810.99,138244.42,14.17
701430,atl,56.250,-24.750,985.63,985.29,10.64,2.64,46.82,46.82,0.00,0.00,5.34
701430,atl,52.000,-73.000,989.19,988.80,11.68,2.44,26.74,38.06,0.00,0.00,4.62
701430,atl,49.500,-63.500,993.66,993.43,11.26,2.57,52.62,52.62,0.00,4628.58,11.60
701430,pac,49.250,232.000,1003.92,1003.52,11.52,2.22,30.36,38.64,0.00,0.00,18.55
701430,pac,41.500,176.500,998.70,998.62,4.55,0.86,29.28,35.36,0.00,0.00,3.20
701430,pac,41.000,161.000,993.57,992.87,5.78,1.16,42.40,51.48,0.00,12678.39,3.67
701430,pac,35.500,161.750,993.76,992.41,7.12,2.36,61.09,61.09,0.00,9533.55,6.69
701436,atl,61.250,-27.000,976.84,976.26,14.59,3.92,54.36,54.36,0.00,78055.57,11.14
701436,atl,61.000,-41.250,970.07,968.77,19.22,4.95,58.77,58.77,0.00,155187.78,13.47
701436,atl,54.000,-70.250,991.92,991.76,9.35,2.19,23.30,29.29,0.00,0.00,3.98
701436,atl,50.750,-59.000,992.46,991.52,11.08,2.72,44.95,50.55,0.00,1583.54,6.61
701436,pac,48.250,232.500,1003.75,1003.37,11.47,1.88,33.57,39.06,0.00,0.00,19.36
701436,pac,42.500,163.000,992.88,992.55,6.79,1.66,45.10,47.59,0.00,0.00,3.34
701436,pac,42.000,176.500,998.41,998.34,4.20,0.81,29.11,38.80,0.00,0.00,3.39
701436,pac,36.000,165.000,992.01,990.49,7.99,2.39,59.18,59.18,0.00,13199.55,8.19
701436,pac,31.250,191.750,982.94,982.31,8.56,2.28,39.76,46.56,0.00,0.00,4.83
701442,atl,64.250,-33.250,969.81,968.82,19.09,5.30,71.06,71.06,11948.60,151313.94,19.11
701442,atl,60.500,-39.750,972.83,972.13,14.38,4.02,61.10,61.10,0.00,213706.73,13.48
701442,atl,54.750,-69.000,995.50,994.60,6.60,1.83,29.43,29.88,0.00,0.00,5.59
701442,atl,53.000,-55.750,988.21,987.77,11.12,2.87,37.03,51.36,0.00,2415.83,4.45
701442,pac,47.500,233.500,1003.62,1003.24,11.46,1.85,33.59,33.59,0.00,0.00,14.91
701442,pac,36.750,168.000,988.53,987.74,8.44,2.37,62.32,62.32,0.00,30432.90,6.69
701442,pac,31.750,191.750,980.55,979.83,9.15,2.61,46.85,46.85,0.00,0.00,5.55
701448,atl,64.250,-39.500,964.63,963.41,21.85,5.38,66.68,73.03,30050.42,105468.71,19.66
701448,atl,54.250,-53.750,986.51,985.72,10.92,3.01,38.81,39.84,0.00,0.00,6.98
701448,atl,54.250,-48.250,986.79,986.23,10.14,2.69,56.04,57.48,0.00,60206.32,5.04
701448,pac,47.000,234.750,1002.45,1001.94,9.29,1.80,31.56,31.56,0.00,0.00,13.86
701448,pac,42.250,168.000,988.50,987.95,8.01,2.24,54.04,55.21,0.00,18291.51,5.68
701448,pac,36.750,171.000,989.98,989.47,7.00,1.88,60.54,60.54,0.00,30107.10,5.69
701448,pac,31.250,192.500,979.52,979.00,9.40,2.69,46.41,46.41,0.00,0.00,5.21
701454,atl,62.250,-42.500,967.31,966.47,18.25,4.94,56.30,56.30,0.00,27210.39,21.24
701454,atl,56.000,-43.500,983.27,982.42,7.48,2.16,48.32,56.30,0.00,25187.44,12.77
701454,pac,49.250,232.500,1000.90,1000.57,12.71,2.93,36.02,40.64,0.00,0.00,18.01
701454,pac,43.500,168.500,986.99,986.34,9.13,2.36,47.57,55.94,0.00,5349.32,4.69
701454,pac,36.750,173.500,986.75,986.34,9.48,2.94,69.53,69.53,3030.14,61029.65,10.07
701460,atl,64.500,-47.500,973.64,972.58,14.18,4.10,47.50,47.50,0.00,0.00,26.88
701460,atl,61.750,-41.750,973.85,973.35,12.41,3.22,48.49,48.49,0.00,0.00,26.88
701460,pac,49.250,233.000,997.86,997.28,12.84,3.27,37.38,43.22,0.00,0.00,16.73
701460,pac,44.250,168.500,985.93,985.07,11.54,3.37,52.83,52.83,0.00,7249.80,7.08
701460,pac,38.000,175.250,988.56,987.30,7.31,2.34,64.73,64.73,1841.26,40153.19,8.40
701460,pac,34.000,200.500,980.68,980.64,5.73,0.73,24.15,47.77,0.00,0.00,4.04
701460,pac,33.250,178.750,990.96,990.46,4.75,1.35,47.56,60.94,0.00,9982.95,3.38
701466,atl,65.500,-47.750,978.75,978.21,10.88,2.72,37.97,39.54,0.00,0.00,21.86
701466,atl,64.500,-52.250,984.78,984.47,5.80,1.37,37.97,38.15,0.00,0.00,21.86
701466,atl,61.750,-41.500,976.71,976.35,11.31,2.82,44.14,44.14,0.00,0.00,14.20
701466,atl,61.500,-34.750,981.44,980.97,9.88,2.04,44.27,45.59,0.00,0.00,12.20
701466,pac,49.250,233.250,994.67,994.20,13.22,3.37,41.24,46.38,0.00,0.00,16.16
701466,pac,48.750,162.750,990.59,990.24,10.44,2.13,43.86,46.07,0.00,0.00,4.49
701466,pac,46.000,167.500,989.02,988.38,10.49,2.79,42.42,42.51,0.00,0.00,4.37
701466,pac,44.500,239.000,998.16,997.28,4.14,1.24,31.47,34.00,0.00,0.00,11.98
701466,pac,39.250,176.000,989.70,989.07,7.07,2.06,56.49,56.49,0.00,16345.24,5.02
701466,pac,36.000,200.750,979.74,979.65,7.70,1.08,49.19,59.70,0.00,47622.15,6.50
701466,pac,33.000,181.000,988.42,987.80,6.19,1.81,48.59,48.59,0.00,0.00,3.55
701472,atl,66.250,-47.750,984.46,983.74,7.98,2.29,41.27,41.27,0.00,0.00,14.52
701472,atl,64.000,-51.750,988.74,988.46,4.44,1.12,37.89,41.27,0.00,0.00,14.52
701472,atl,63.750,-34.500,981.90,981.40,11.45,2.99,41.24,43.21,0.00,0.00,6.57
701472,atl,61.750,-41.250,980.59,980.23,10.45,2.90,44.41,44.41,0.00,0.00,10.40
701472,pac,58.500,219.500,1001.28,1001.07,12.51,2.81,35.94,43.48,0.00,0.00,16.27
701472,pac,54.250,224.500,1002.81,1002.69,5.04,1.03,41.52,47.18,0.00,0.00,10.51
701472,pac,49.250,233.500,990.11,989.57,12.35,3.09,49.16,50.55,0.00,5707.63,12.81
701472,pac,47.750,165.000,992.57,992.07,10.35,2.39,40.24,44.88,0.00,0.00,4.06
701472,pac,37.250,200.750,976.52,976.36,10.93,1.94,55.96,63.22,0.00,125539.39,5.87
701472,pac,32.500,182.250,989.14,988.66,4.80,1.30,52.78,52.78,0.00,7230.08,5.51
701478,atl,69.000,-53.250,990.31,989.91,6.77,1.96,34.03,35.46,0.00,0.00,12.80
701478,atl,65.250,-53.250,991.59,991.40,4.06,1.21,31.88,34.03,0.00,0.00,7.91
701478,atl,64.500,-37.000,979.82,978.99,13.21,3.51,55.91,55.91,0.00,10556.63,13.84
701478,atl,61.750,-40.500,981.27,980.91,11.07,2.91,50.61,55.91,0.00,9285.03,11.52
701478,pac,56.250,220.250,993.07,992.64,13.81,2.61,65.09,65.09,793.07,46438.85,27.00
701478,pac,49.250,160.500,993.90,993.49,11.84,2.85,48.02,48.35,0.00,0.00,8.59
701478,pac,48.750,234.500,987.34,986.97,10.99,3.08,46.79,48.16,0.00,0.00,12.72
701478,pac,48.000,237.500,987.56,987.09,8.24,2.33,36.37,47.19,0.00,0.00,12.72
701478,pac,37.750,201.500,978.10,977.88,10.40,1.81,56.14,58.80,0.00,152818.30,5.84
701484,atl,69.000,-53.250,992.80,992.40,6.23,1.71,33.09,39.02,0.00,0.00,10.32
701484,atl,64.500,-40.250,980.32,979.46,13.15,3.08,36.54,52.20,0.00,3796.47,11.14
701484,pac,55.000,219.500,987.34,986.97,15.10,3.12,63.05,65.02,409.51,148335.16,21.91
701484,pac,48.500,239.250,990.89,990.13,7.35,1.61,36.68,43.78,0.00,0.00,26.25
701484,pac,38.750,203.250,979.30,979.13,10.73,2.33,52.48,58.02,0.00,97285.58,5.58
701484,pac,38.250,194.750,980.67,980.55,6.69,1.26,55.42,58.86,0.00,139344.85,3.97
701490,atl,68.250,-18.500,995.03,994.86,8.65,1.85,46.01,46.24,0.00,0.00,13.78
701490,atl,62.500,-42.500,982.61,982.41,12.87,3.08,45.04,48.64,0.00,0.00,12.40
701490,atl,42.750,-51.750,996.25,995.01,19.50,5.66,53.10,55.33,0.00,22968.39,10.36
701490,pac,53.250,222.500,984.09,983.50,15.40,3.22,51.57,65.15,415.21,58156.69,9.25
701490,pac,48.250,239.500,999.08,998.11,6.40,1.72,46.51,46.51,0.00,0.00,24.90
701490,pac,39.500,204.500,981.15,980.96,9.38,2.13,52.71,52.71,0.00,42294.36,4.68
701490,pac,39.250,201.750,981.13,980.98,7.76,1.52,52.57,54.97,0.00,73589.43,4.68
701490,pac,37.500,192.000,979.02,978.90,5.96,1.20,48.56,54.91,0.00,70496.26,3.41
701490,pac,32.000,195.500,978.67,977.49,6.80,2.17,46.77,52.44,0.00,17006.58,6.17
701496,atl,62.000,-41.500,986.74,986.55,13.38,2.88,48.41,53.62,0.00,71685.82,14.68
701496,atl,45.250,-46.500,993.70,992.99,20.36,5.02,62.02,62.46,0.00,182959.54,10.21
701496,pac,53.000,223.750,983.00,982.24,17.11,3.66,50.40,58.26,0.00,40631.25,13.90
701496,pac,39.250,200.500,979.61,979.45,6.20,1.32,48.12,48.14,0.00,0.00,4.15
701496,pac,38.500,223.500,990.79,990.26,7.91,2.02,51.26,51.26,0.00,3590.53,4.39
701496,pac,37.750,191.500,978.74,978.65,6.14,1.22,45.27,49.26,0.00,0.00,3.36
701496,pac,33.500,197.500,977.95,977.35,5.64,1.82,48.26,49.49,0.00,0.00,4.68
701496,pac,33.500,202.500,979.91,979.28,6.16,1.76,47.50,48.26,0.00,0.00,4.24
701502,atl,62.500,-40.000,990.48,990.30,13.15,2.76,50.14,50.79,0.00,8886.72,13.83
701502,atl,47.000,-44.000,989.54,988.69,21.46,5.60,71.74,71.74,33621.22,306564.75,11.56
701502,pac,52.750,225.000,981.63,980.71,17.64,3.43,51.56,51.78,0.00,2228.86,19.14
701502,pac,39.750,225.750,990.36,989.64,7.35,2.00,52.30,52.30,0.00,4137.31,3.88
701502,pac,39.000,200.500,978.80,978.68,5.93,1.27,50.52,50.52,0.00,1745.21,3.79
701502,pac,37.750,190.750,980.65,980.51,6.39,1.36,47.49,48.91,0.00,0.00,3.37
701502,pac,36.250,206.250,977.45,976.27,7.64,2.17,50.43,50.43,0.00,629.12,4.71
701502,pac,34.750,199.500,978.27,977.81,5.27,1.70,46.36,47.18,0.00,0.00,3.66
701508,atl,66.500,-30.500,999.63,999.42,5.94,1.62,37.75,44.27,0.00,0.00,7.12
701508,atl,63.250,-38.250,997.52,997.40,9.99,2.04,45.60,45.60,0.00,0.00,13.94
701508,atl,49.000,-41.500,989.58,988.95,20.26,5.58,66.28,66.28,5627.36,193888.94,10.85
701508,pac,53.000,226.250,981.09,980.17,15.87,3.69,49.80,49.80,0.00,0.00,21.34
701508,pac,38.250,210.000,974.38,973.61,9.19,2.47,55.05,55.05,0.00,22751.21,6.62
701508,pac,37.750,194.750,981.67,981.55,4.51,0.92,44.62,44.80,0.00,0.00,3.07
701508,pac,35.500,201.250,979.49,979.08,4.80,1.35,39.77,43.60,0.00,0.00,2.56
701514,atl,67.500,-29.250,1003.27,1003.06,4.05,1.08,35.19,37.52,0.00,0.00,7.39
701514,atl,60.250,-40.750,1000.80,1000.66,6.68,1.79,51.58,51.58,0.00,6318.86,11.71
701514,atl,51.750,-39.000,990.49,989.99,17.98,4.88,62.40,62.40,0.00,63229.45,9.39
701514,pac,45.500,221.250,970.57,970.51,7.20,1.24,38.17,43.80,0.00,0.00,4.25
701514,pac,38.750,160.000,975.26,974.40,23.00,6.34,69.19,69.19,32351.43,203804.35,8.77
701514,pac,36.500,203.750,980.59,980.17,6.30,1.39,43.25,43.25,0.00,0.00,3.03
701520,atl,59.500,-32.250,995.62,995.22,11.07,2.64,49.52,49.52,0.00,0.00,5.01
701520,atl,54.000,-36.250,995.89,995.36,14.45,3.95,52.64,52.64,0.00,10125.39,7.82
701520,pac,48.750,226.250,958.41,958.03,13.65,2.75,52.34,57.71,0.00,71556.22,6.00
701520,pac,39.250,162.000,975.73,974.85,23.15,6.05,60.46,60.81,0.00,215028.89,9.17
701520,pac,37.500,206.250,980.31,980.04,8.14,2.05,44.31,44.85,0.00,0.00,2.91
701526,atl,62.000,-29.750,990.56,990.14,13.76,3.27,48.98,50.14,0.00,2451.31,5.82
701526,atl,53.500,-79.000,966.74,965.58,25.00,5.69,56.28,56.28,0.00,9992.60,9.39
701526,pac,51.500,228.500,949.46,948.82,21.08,4.62,58.95,58.95,0.00,59406.81,20.92
701526,pac,39.250,163.000,974.25,973.53,23.24,6.16,65.61,65.61,12802.36,267743.36,9.34
701526,pac,37.750,210.000,984.27,983.60,7.73,2.10,45.40,48.95,0.00,0.00,3.07
701526,pac,35.500,195.500,992.44,992.38,4.10,0.73,31.54,37.92,0.00,0.00,2.26
701532,atl,64.250,-26.000,983.32,982.60,18.53,4.84,54.65,54.65,0.00,101620.83,11.35
701532,atl,56.000,-76.000,971.65,971.02,21.92,4.30,52.94,62.76,0.00,101542.84,10.26
701532,atl,35.250,-37.250,1001.06,1000.63,13.79,3.39,50.82,50.82,0.00,2448.20,5.77
701532,pac,56.000,213.750,965.63,965.48,8.63,1.45,42.96,57.15,0.00,4816.40,13.30
701532,pac,53.250,229.750,948.58,946.86,21.75,5.59,53.48,53.48,0.00,6128.93,26.38
701532,pac,38.750,164.250,978.72,978.10,19.43,4.96,66.14,66.14,19615.36,287007.56,8.46
701532,pac,38.250,214.250,988.99,988.44,6.30,1.65,46.90,49.63,0.00,0.00,3.22
701538,atl,67.250,-19.250,977.94,977.34,21.17,5.22,63.50,63.50,0.00,86510.47,14.70
701538,atl,57.000,-75.500,972.32,971.40,21.86,4.89,55.71,60.91,0.00,102917.35,8.80
701538,atl,37.000,-37.750,991.85,990.93,20.60,5.45,61.86,62.15,0.00,126360.88,10.26
701538,pac,59.500,217.500,964.09,963.67,14.03,4.28,57.17,57.17,0.00,6434.13,30.71
701538,pac,58.250,221.500,962.34,961.16,13.36,3.88,57.17,57.17,0.00,6434.13,25.98
701538,pac,56.000,214.000,964.05,963.96,8.59,1.37,44.94,56.37,0.00,9736.15,13.78
701538,pac,53.250,238.250,964.11,962.24,14.03,4.89,49.14,52.22,0.00,2452.36,31.61
701538,pac,38.500,216.750,994.57,994.33,4.09,1.09,40.34,45.50,0.00,0.00,3.05
701538,pac,38.000,214.250,994.56,994.24,4.42,1.23,40.22,40.34,0.00,0.00,2.84
701538,pac,37.750,167.000,979.76,978.97,17.27,4.33,70.90,70.90,69893.92,291292.13,7.66
701544,atl,67.750,-29.000,997.94,997.61,11.26,3.57,53.01,55.51,0.00,21401.97,18.99
701544,atl,59.250,-69.000,976.70,976.23,13.54,1.90,47.50,56.44,0.00,16584.74,14.60
701544,atl,57.500,-74.500,975.77,975.42,19.60,4.29,55.15,55.84,0.00,57339.56,9.23
701544,atl,55.750,-61.750,976.42,975.73,15.53,3.57,54.40,58.66,0.00,77533.39,9.13
701544,atl,37.500,-39.000,984.10,982.26,29.14,8.50,75.05,75.05,33685.40,263539.06,14.80
701544,pac,56.750,214.750,964.17,964.04,11.21,1.44,43.58,51.89,0.00,1626.55,18.94
701544,pac,54.000,239.500,977.02,975.57,5.74,2.47,53.50,54.09,0.00,5275.21,26.97
701544,pac,38.500,216.250,994.35,993.99,4.39,1.32,35.95,40.20,0.00,0.00,2.58
701544,pac,37.500,169.500,983.12,982.50,15.57,3.90,60.44,63.24,0.00,217691.91,5.37
701550,atl,67.500,-24.500,1001.78,1001.40,8.29,2.27,43.08,54.62,0.00,10490.90,17.00
701550,atl,60.750,-69.750,973.58,973.38,16.08,2.08,47.62,61.49,0.00,36043.20,13.64
701550,atl,59.750,-61.250,971.21,970.71,19.17,4.17,59.54,61.08,0.00,169087.09,12.87
701550,atl,38.000,-40.500,985.52,984.63,26.29,7.53,65.95,65.95,9919.05,285478.25,12.16
701550,pac,57.250,215.000,964.70,964.52,12.67,1.87,46.05,49.15,0.00,0.00,19.93
701550,pac,42.000,228.000,994.62,994.25,4.51,1.31,38.09,39.12,0.00,0.00,2.98
701550,pac,37.500,171.500,983.58,982.88,14.33,3.60,51.94,59.67,0.00,193333.48,6.28
701556,atl,63.000,-66.750,969.35,968.13,22.51,4.95,75.09,75.09,15217.80,67473.06,31.87
701556,atl,38.000,-41.500,987.34,986.53,25.59,7.41,67.59,67.59,11521.12,223606.63,10.30
701556,pac,57.500,214.250,964.16,964.03,14.32,2.38,51.98,51.98,0.00,3524.06,21.40
701556,pac,56.000,223.500,970.52,970.18,9.38,2.04,45.80,48.14,0.00,0.00,21.40
701556,pac,44.250,234.250,994.26,993.94,4.88,1.39,38.29,40.53,0.00,0.00,5.34
701556,pac,36.750,173.500,986.00,985.44,13.10,3.35,58.96,58.96,0.00,181253.56,5.83
701562,atl,62.000,-71.000,973.11,972.54,21.04,4.44,44.50,50.86,0.00,323.53,8.36
701562,atl,38.250,-41.000,989.66,988.96,21.94,6.34,60.49,60.49,0.00,114392.43,8.22
701562,pac,59.250,212.750,963.64,963.13,18.76,3.75,56.02,56.02,0.00,9348.97,35.41
701562,pac,35.750,176.250,986.10,985.37,12.75,3.44,61.39,61.39,0.00,202317.94,5.97
701568,atl,65.250,-72.750,984.17,983.62,15.36,3.78,36.97,51.12,0.00,553.87,14.27
701568,atl,61.750,-69.500,985.85,985.14,13.36,3.25,55.90,55.90,0.00,9586.35,9.52
701568,atl,39.000,-41.500,996.15,995.47,17.12,4.82,55.29,55.29,0.00,41877.97,6.10
701568,atl,35.500,-2.750,1003.75,1003.44,6.74,1.55,37.39,40.11,0.00,0.00,6.76
701568,pac,59.500,211.750,962.52,961.98,20.61,4.12,53.85,55.29,0.00,7488.44,38.00
701568,pac,56.500,237.500,985.61,985.15,8.16,2.45,32.74,32.74,0.00,0.00,27.17
701568,pac,35.250,179.250,989.00,988.35,10.35,2.61,54.30,54.30,0.00,70393.89,4.34
701574,atl,67.750,7.750,972.95,972.64,22.68,4.51,61.50,70.50,44256.74,253941.74,9.70
701574,atl,65.500,-74.250,989.54,988.99,13.19,3.57,36.01,36.01,0.00,0.00,10.11
701574,atl,61.750,-67.750,993.68,993.01,8.52,2.52,49.74,49.74,0.00,0.00,8.28
701574,atl,58.250,-48.750,1001.08,1000.67,12.59,3.32,58.59,59.69,0.00,73567.34,21.30
701574,atl,39.000,-41.250,997.89,997.31,15.77,4.31,53.36,53.36,0.00,13394.46,5.40
701574,atl,36.000,-3.250,1002.08,1001.74,7.03,1.59,34.19,41.44,0.00,0.00,9.14
701574,atl,32.250,5.500,1004.17,1004.04,4.41,0.97,35.76,37.05,0.00,0.00,5.75
701574,pac,59.750,211.750,964.28,963.81,18.65,3.18,51.28,51.28,0.00,1162.07,37.82
701574,pac,56.500,237.250,990.70,989.45,5.21,2.15,30.19,30.19,0.00,0.00,28.91
701574,pac,35.000,182.000,991.15,990.69,8.83,2.07,53.92,53.92,0.00,46227.69,3.82
701580,atl,65.750,-74.250,994.17,993.73,9.93,2.86,32.28,32.28,0.00,0.00,8.51
701580,atl,64.500,-54.750,995.44,995.17,13.10,2.06,68.56,72.44,38553.46,123148.33,25.69
701580,atl,63.750,-49.250,997.81,996.39,15.30,5.12,72.44,72.44,38553.46,151623.16,25.69
701580,atl,62.250,-65.250,998.62,998.13,4.44,1.67,46.91,46.91,0.00,0.00,10.21
701580,atl,39.000,-41.000,1002.76,1002.33,14.15,3.78,49.87,49.87,0.00,0.00,5.54
701580,atl,36.250,-3.500,1004.60,1004.12,4.51,1.09,32.13,39.76,0.00,0.00,8.55
701580,atl,35.750,6.000,1003.49,1002.71,5.41,1.14,40.15,42.67,0.00,0.00,3.63
701580,pac,58.500,210.000,966.15,965.84,13.01,2.23,41.18,56.37,0.00,2889.07,24.72
701580,pac,34.500,185.250,995.02,994.68,7.10,1.64,48.12,51.58,0.00,5269.36,3.00
701586,atl,66.000,-73.500,998.90,998.64,5.94,1.96,25.08,25.25,0.00,0.00,7.27
701586,atl,56.000,-78.750,996.98,996.18,14.02,3.79,45.12,45.12,0.00,0.00,6.31
701586,atl,38.750,3.000,1001.27,1001.02,7.40,1.64,42.33,43.91,0.00,0.00,9.46
701586,atl,38.500,-40.500,1001.98,1001.58,14.06,3.67,52.11,54.16,0.00,25832.14,5.22
701586,atl,37.250,6.750,1000.47,1000.17,7.19,1.47,42.82,48.63,0.00,0.00,5.63
701586,atl,35.250,-73.750,1003.05,1001.84,13.69,3.93,46.00,49.44,0.00,0.00,8.28
701586,pac,58.500,209.000,963.36,962.67,15.15,3.46,50.36,52.51,0.00,2081.72,21.31
701586,pac,45.000,239.750,999.30,998.22,4.80,1.46,35.87,42.03,0.00,0.00,9.33
701586,pac,41.500,161.750,996.02,994.73,6.02,2.33,58.05,58.05,0.00,7033.78,6.30
701586,pac,34.000,187.750,995.82,995.54,7.41,1.66,46.50,49.97,0.00,0.00,3.56
701592,atl,40.000,6.250,998.05,997.67,9.76,1.80,51.12,52.92,0.00,8541.20,15.18
701592,atl,39.000,2.250,997.33,997.05,8.98,2.43,46.50,48.60,0.00,0.00,9.34
701592,atl,38.250,-40.250,1004.41,1004.04,13.24,3.33,44.59,52.19,0.00,8367.18,4.36
701592,atl,36.500,-72.000,1001.69,1001.03,15.86,4.22,44.99,54.93,0.00,26260.37,6.75
701592,pac,64.500,228.000,993.91,992.32,6.50,3.25,20.28,22.22,0.00,0.00,19.43
701592,pac,63.000,232.500,994.28,993.12,8.20,3.99,21.01,27.21,0.00,0.00,32.65
701592,pac,58.750,214.000,965.89,965.37,12.99,2.15,44.11,48.39,0.00,0.00,26.19
701592,pac,58.500,208.500,964.26,962.97,14.27,3.35,54.30,54.30,0.00,2081.72,20.89
701592,pac,42.500,164.250,996.51,995.62,5.55,2.17,28.65,29.24,0.00,0.00,5.05
701592,pac,35.250,164.250,1001.70,1001.44,4.50,1.11,40.87,42.89,0.00,0.00,2.97
701592,pac,33.750,190.250,997.89,997.59,6.39,1.43,43.74,49.43,0.00,0.00,3.03
701598,atl,68.250,-36.250,1004.60,1003.45,7.25,3.14,38.97,51.85,0.00,560.16,17.41
701598,atl,64.500,-39.000,1004.98,1004.53,11.67,3.14,38.05,47.62,0.00,0.00,17.41
701598,atl,48.250,-6.000,1003.31,1003.04,9.92,2.59,50.47,50.47,0.00,2959.63,5.08
701598,atl,40.750,5.250,993.14,992.35,11.24,2.63,60.69,60.69,0.00,39864.07,18.43
701598,atl,38.250,1.750,994.20,993.87,9.53,2.88,47.35,54.94,0.00,4630.14,9.83
701598,atl,38.000,-40.250,1004.11,1003.80,12.51,3.13,43.70,49.58,0.00,0.00,4.60
701598,atl,37.750,-70.750,999.79,999.32,17.09,4.23,54.72,57.67,0.00,33079.21,8.10
701598,pac,64.750,227.500,990.87,989.01,8.33,3.49,20.46,23.62,0.00,0.00,22.37
701598,pac,63.000,232.500,991.61,990.73,9.75,4.14,20.46,26.07,0.00,0.00,28.70
701598,pac,59.750,211.250,964.38,963.48,16.27,3.15,42.45,56.61,0.00,2499.77,27.12
701598,pac,58.000,235.500,992.10,988.76,5.74,2.46,32.46,35.30,0.00,0.00,29.59
701598,pac,37.250,167.250,993.87,993.50,6.41,1.77,38.53,46.55,0.00,0.00,3.65
701598,pac,33.250,194.000,1000.70,1000.56,5.63,1.20,43.17,43.17,0.00,0.00,2.67
701604,atl,65.250,-39.000,998.50,997.90,14.69,4.60,57.52,57.52,0.00,6931.46,21.07
701604,atl,46.750,-9.750,1003.84,1003.57,9.40,2.23,54.13,54.13,0.00,25149.87,6.02
701604,atl,42.500,-12.500,1003.64,1003.07,6.75,1.61,39.80,46.99,0.00,0.00,3.93
701604,atl,40.500,5.000,992.96,992.10,9.79,2.39,53.42,53.42,0.00,7458.11,14.91
701604,atl,37.750,-70.500,997.86,997.27,17.55,4.20,60.18,60.18,0.00,50078.84,8.09
701604,pac,66.000,192.500,991.62,991.49,9.32,1.94,40.94,41.01,0.00,0.00,8.53
701604,pac,64.750,227.500,988.06,985.83,9.85,3.60,21.86,24.42,0.00,0.00,26.13
701604,pac,63.250,232.750,989.75,988.02,10.46,4.10,21.86,24.42,0.00,0.00,26.13
701604,pac,58.250,210.000,967.22,966.97,13.42,2.82,47.40,57.03,0.00,2917.82,20.89
701604,pac,43.500,166.000,988.11,987.91,5.76,1.41,27.55,28.18,0.00,0.00,3.02
701604,pac,40.500,160.750,989.06,987.76,5.73,2.10,51.36,51.36,0.00,4143.81,8.43
701604,pac,38.750,169.500,985.96,984.37,9.48,2.82,45.32,48.15,0.00,0.00,6.10
701604,pac,33.750,197.250,1001.58,1001.47,5.91,1.17,38.02,39.00,0.00,0.00,2.27
701610,atl,68.500,-32.000,992.39,991.56,15.23,3.83,35.77,59.15,0.00,9429.24,20.59
701610,atl,67.500,-35.250,992.97,992.06,15.79,4.55,58.59,61.76,0.00,21839.23,21.86
701610,atl,42.250,9.750,994.83,994.50,8.27,1.85,44.35,52.29,0.00,8426.65,11.03
701610,atl,40.500,-12.250,998.27,997.86,9.42,2.41,41.29,43.14,0.00,0.00,3.91
701610,atl,39.750,5.250,993.42,992.83,9.07,2.45,50.46,50.46,0.00,1224.10,8.50
701610,atl,38.000,-70.000,994.33,993.55,19.75,5.04,62.17,62.17,0.00,123791.96,8.60
701610,pac,64.750,227.250,987.73,985.44,9.39,3.23,25.42,25.68,0.00,0.00,26.31
701610,pac,64.250,193.250,991.12,990.83,8.43,1.84,42.43,42.43,0.00,0.00,8.04
701610,pac,63.500,233.000,989.52,988.32,9.90,3.94,22.61,26.99,0.00,0.00,26.31
701610,pac,59.000,189.250,994.79,994.51,4.34,1.31,34.57,36.73,0.00,0.00,3.20
701610,pac,58.250,211.000,970.36,970.11,13.20,2.56,48.04,58.03,0.00,3333.03,22.45
701610,pac,44.750,166.000,982.56,982.38,8.21,2.03,33.45,39.69,0.00,0.00,3.74
701610,pac,40.500,172.500,977.03,975.73,13.78,4.03,49.88,49.88,0.00,0.00,6.76
701610,pac,34.500,200.500,1004.11,1004.01,5.81,1.10,38.80,38.80,0.00,0.00,2.46
701616,atl,67.250,-32.750,991.99,991.61,15.07,3.98,50.07,61.36,0.00,16656.72,22.09
701616,atl,42.500,9.750,995.24,994.99,7.83,1.36,34.62,42.78,0.00,0.00,18.74
701616,atl,40.250,-11.000,994.03,993.54,13.55,3.65,44.86,49.30,0.00,0.00,5.57
701616,atl,37.250,-69.250,994.14,993.39,19.79,5.30,66.70,66.70,24328.30,226714.22,7.42
701616,pac,64.750,227.250,986.48,984.08,10.29,3.48,23.35,23.35,0.00,0.00,27.34
701616,pac,64.500,221.750,986.18,984.01,6.70,2.38,22.33,25.24,0.00,0.00,27.34
701616,pac,63.500,233.000,989.19,986.50,8.83,3.35,23.35,24.73,0.00,0.00,27.34
701616,pac,63.250,193.500,993.42,993.04,7.13,1.81,44.21,46.12,0.00,0.00,5.96
701616,pac,58.750,212.000,974.47,974.26,13.46,2.50,52.89,56.02,0.00,8669.42,22.49
701616,pac,58.250,192.000,991.51,991.12,7.09,2.09,35.44,36.50,0.00,0.00,4.93
701616,pac,42.750,172.750,978.28,977.70,9.91,2.08,53.72,54.05,0.00,26658.35,3.97
701616,pac,40.250,178.750,982.64,982.15,9.33,2.42,47.10,53.72,0.00,11644.44,5.41
701616,pac,35.250,203.250,1004.98,1004.85,5.65,1.17,34.28,36.26,0.00,0.00,2.25
701622,atl,66.750,-31.000,993.61,993.47,11.60,2.77,47.17,47.17,0.00,0.00,24.26
701622,atl,66.500,-37.000,993.99,993.36,12.12,3.82,48.66,48.84,0.00,0.00,24.26
701622,atl,59.250,-49.250,1001.76,1001.58,8.04,1.45,35.01,51.85,0.00,3628.11,11.82
701622,atl,42.500,10.000,996.21,995.98,7.11,1.26,26.87,33.87,0.00,0.00,16.28
701622,atl,40.250,-12.250,990.81,990.08,15.76,4.14,51.81,51.81,0.00,6408.72,8.11
701622,atl,36.750,-68.000,993.39,992.48,18.30,4.73,58.63,59.75,0.00,209626.64,6.72
701622,pac,64.750,227.500,988.31,986.06,8.95,3.14,20.14,22.77,0.00,0.00,25.70
701622,pac,63.500,233.250,988.99,987.02,8.83,3.26,20.14,26.96,0.00,0.00,25.70
701622,pac,59.250,212.750,979.17,978.97,13.14,2.44,53.99,55.46,0.00,2771.57,28.49
701622,pac,57.500,195.250,990.99,990.51,7.40,2.20,38.29,38.29,0.00,0.00,5.33
701622,pac,43.500,173.500,971.76,971.02,13.80,3.31,61.79,61.79,0.00,237147.20,5.52
701622,pac,42.750,180.750,974.56,973.71,12.51,3.25,46.80,53.53,0.00,4638.86,6.57
701628,atl,66.500,-28.750,997.16,997.01,6.52,1.77,30.26,40.71,0.00,0.00,12.85
701628,atl,62.000,-42.750,994.33,993.48,9.01,2.22,38.58,39.42,0.00,0.00,9.65
701628,atl,38.250,-12.500,994.82,994.22,13.12,3.34,54.38,54.38,0.00,38291.37,5.86
701628,atl,36.500,-66.500,993.71,992.93,16.94,4.31,55.81,55.90,0.00,154404.59,5.91
701628,pac,64.750,227.500,991.17,989.06,7.98,3.19,23.42,24.34,0.00,0.00,24.15
701628,pac,63.000,234.500,992.18,990.79,6.83,2.52,24.34,28.88,0.00,0.00,24.15
701628,pac,59.750,213.500,984.33,984.03,12.16,2.52,45.14,47.58,0.00,0.00,28.08
701628,pac,57.500,198.750,991.33,990.84,7.03,2.28,36.46,43.52,0.00,0.00,10.48
701628,pac,44.750,180.750,967.53,966.56,14.61,3.66,45.24,59.05,0.00,22582.31,6.81
701628,pac,43.000,175.750,968.88,968.43,15.14,3.59,68.09,68.09,22649.55,323595.01,7.10
701634,atl,69.000,-53.500,1002.96,1002.56,6.20,1.47,35.27,40.88,0.00,0.00,6.95
701634,atl,66.750,-26.250,998.71,998.57,4.25,1.09,24.68,36.83,0.00,0.00,15.07
701634,atl,60.500,-42.750,990.67,990.10,13.08,2.60,43.06,51.38,0.00,6508.98,8.86
701634,atl,36.250,-9.750,996.42,995.69,10.61,2.66,52.26,52.26,0.00,8835.01,5.88
701634,atl,36.000,-65.250,993.90,993.22,16.10,4.08,51.38,53.91,0.00,27189.26,5.69
701634,pac,64.750,222.250,995.30,994.11,5.28,2.36,17.05,20.53,0.00,0.00,22.84
701634,pac,64.750,227.750,994.41,992.53,6.88,3.16,19.56,20.14,0.00,0.00,22.84
701634,pac,63.000,234.250,995.19,993.67,5.90,2.30,20.56,22.30,0.00,0.00,22.84
701634,pac,62.250,225.500,996.08,994.85,4.16,0.88,20.83,26.54,0.00,0.00,22.84
701634,pac,60.250,213.750,989.81,989.43,9.18,2.08,43.99,43.99,0.00,0.00,22.22
701634,pac,57.250,201.750,992.65,992.28,5.91,1.53,40.76,45.39,0.00,0.00,8.28
701634,pac,47.750,164.750,985.18,984.82,7.81,1.90,47.65,48.59,0.00,0.00,3.87
701634,pac,45.000,179.500,965.02,964.30,15.14,3.34,45.81,70.64,26785.49,120260.65,7.56
701640,atl,69.000,-53.000,1003.43,1003.09,5.75,1.59,41.49,42.39,0.00,0.00,5.55
701640,atl,62.500,-38.000,984.85,983.80,15.76,3.84,43.36,47.26,0.00,0.00,8.43
701640,atl,42.750,10.000,1004.10,1003.84,5.02,1.08,25.93,31.76,0.00,0.00,14.16
701640,atl,37.500,-1.000,1002.13,1001.85,4.29,0.91,31.61,57.05,0.00,1895.17,8.11
701640,atl,36.250,-6.000,998.59,997.66,8.49,2.49,57.05,57.05,0.00,1895.17,8.11
701640,atl,35.750,-64.000,995.78,995.19,14.60,3.63,51.80,53.63,0.00,55298.15,5.09
701640,pac,64.750,228.000,998.79,997.04,5.26,2.70,20.13,21.18,0.00,0.00,19.87
701640,pac,63.000,234.000,998.77,997.12,4.86,2.20,20.87,28.04,0.00,0.00,19.87
701640,pac,62.250,216.500,997.69,996.05,4.60,0.98,29.87,33.55,0.00,0.00,17.79
701640,pac,62.000,225.750,999.96,998.95,4.19,1.03,22.17,30.10,0.00,0.00,19.87
701640,pac,61.750,206.250,994.17,993.06,6.32,2.21,25.51,35.88,0.00,0.00,17.79
701640,pac,61.250,212.750,997.19,996.22,4.57,0.56,31.49,45.17,0.00,0.00,17.79
701640,pac,48.000,163.500,984.46,983.53,11.32,3.33,49.02,51.14,0.00,5500.02,5.15
701640,pac,43.250,185.250,963.96,963.69,12.77,2.58,65.41,71.57,70628.41,201373.11,6.59
701646,atl,62.500,-37.750,979.61,978.53,19.49,4.94,58.14,58.14,0.00,27923.05,10.78
701646,atl,36.500,-3.250,998.84,997.47,8.13,2.26,46.67,46.67,0.00,0.00,6.56
701646,atl,35.500,-63.000,995.10,994.51,14.20,3.47,48.25,48.85,0.00,0.00,4.76
701646,pac,65.500,220.250,1001.86,1001.05,4.11,1.78,19.67,33.11,0.00,0.00,18.86
701646,pac,64.750,229.250,1002.74,1000.05,4.33,2.34,21.82,21.82,0.00,0.00,21.53
701646,pac,63.000,234.250,1002.71,1001.66,4.61,2.26,23.14,24.08,0.00,0.00,21.53
701646,pac,58.250,207.750,992.41,992.06,9.39,2.54,49.77,49.77,0.00,0.00,11.23
701646,pac,48.250,161.250,981.88,980.63,14.76,4.15,52.36,52.67,0.00,40293.14,6.11
701646,pac,44.250,189.000,961.96,961.31,12.18,2.66,54.30,63.24,0.00,130525.70,6.24
701652,atl,62.000,-36.750,979.22,978.17,18.25,4.66,61.62,71.41,13483.64,52214.47,10.66
701652,atl,37.250,0.000,999.26,998.51,8.59,2.34,52.21,52.21,0.00,4370.30,6.87
701652,atl,35.000,-62.750,997.01,996.59,12.82,3.01,44.90,46.62,0.00,0.00,3.79
701652,pac,62.750,209.000,995.75,993.30,7.77,1.96,36.65,48.63,0.00,0.00,21.52
701652,pac,62.500,215.000,995.63,993.75,11.33,2.95,48.42,49.00,0.00,0.00,21.52
701652,pac,62.000,211.250,995.74,994.18,9.31,2.07,48.42,49.00,0.00,0.00,21.52
701652,pac,51.000,193.250,962.40,962.01,15.09,3.27,61.70,61.70,0.00,185128.77,8.88
701652,pac,45.750,191.500,959.44,958.95,12.72,2.59,44.88,56.20,0.00,24838.05,5.01
701658,atl,61.750,-36.000,977.89,977.05,17.91,4.80,61.35,68.85,5768.25,73664.66,10.40
701658,atl,38.000,2.250,999.03,998.52,8.81,2.78,50.85,50.85,0.00,617.16,6.59
701658,atl,34.000,-62.250,998.58,998.28,10.81,2.61,40.41,42.34,0.00,0.00,3.40
701658,pac,65.750,219.500,1000.29,999.53,9.86,2.91,27.58,53.36,0.00,737.47,17.77
701658,pac,62.500,216.750,999.22,995.91,9.42,2.79,53.36,53.36,0.00,1109.16,17.77
701658,pac,52.000,194.250,960.24,959.71,14.82,3.32,58.84,58.84,0.00,134313.25,8.98
701658,pac,47.000,193.750,960.16,959.92,11.46,2.17,47.10,49.23,0.00,0.00,5.13
701664,atl,63.750,-14.000,987.81,987.20,10.56,2.67,38.14,45.32,0.00,0.00,5.05
701664,atl,61.000,-34.750,979.17,978.60,15.46,3.86,50.76,56.23,0.00,12864.88,7.39
701664,atl,38.500,4.500,1000.58,999.95,8.71,2.38,45.36,45.36,0.00,0.00,7.03
701664,atl,33.000,-61.250,1001.05,1000.69,9.55,2.40,39.39,39.47,0.00,0.00,2.87
701664,pac,65.250,220.750,1004.63,1004.09,7.46,1.96,29.11,61.43,0.00,8388.62,26.15
701664,pac,56.250,198.000,962.79,962.40,16.98,3.59,52.79,52.89,0.00,52382.07,15.58
701664,pac,53.250,196.000,962.28,961.89,12.21,2.54,50.87,52.79,0.00,38333.50,7.06
701664,pac,47.500,195.750,962.57,962.34,10.90,2.26,41.54,45.71,0.00,0.00,4.27
701670,atl,65.750,-13.750,984.26,983.85,12.81,2.90,49.81,49.82,0.00,0.00,6.88
701670,atl,60.000,-32.500,977.85,977.46,14.26,3.35,48.64,51.89,0.00,4298.82,5.57
701670,atl,38.750,6.000,999.73,999.13,8.60,2.36,48.11,48.11,0.00,0.00,5.56
701670,atl,32.250,-60.250,1001.98,1001.69,8.76,2.17,36.73,37.39,0.00,0.00,2.56
701670,pac,65.500,219.750,1003.66,1002.01,7.70,2.22,52.89,64.93,344.81,11603.10,24.03
701670,pac,53.750,197.750,962.04,961.62,12.90,3.04,46.75,50.19,0.00,415.21,6.60
701670,pac,38.750,163.750,989.94,989.52,6.47,1.69,62.43,62.43,0.00,147902.06,4.01
701676,atl,67.000,-16.000,982.57,982.01,15.19,3.85,55.68,61.06,0.00,103400.03,11.23
701676,atl,62.000,-45.250,997.22,996.29,9.63,2.67,55.27,56.13,0.00,37096.14,16.66
701676,atl,59.500,-29.750,977.79,977.51,12.79,3.11,44.27,46.17,0.00,0.00,4.90
701676,atl,38.750,7.500,1002.65,1002.25,6.44,1.57,42.52,44.14,0.00,0.00,4.34
701676,atl,31.500,-59.750,1003.33,1003.06,8.20,1.99,36.38,36.45,0.00,0.00,2.39
701676,pac,57.750,199.250,963.58,963.01,14.84,3.42,50.67,50.67,0.00,420.88,12.15
701676,pac,39.000,170.750,984.65,984.01,10.58,3.06,61.63,61.63,0.00,146503.10,4.88
701676,pac,37.500,161.250,989.30,987.93,6.83,2.39,58.58,58.58,0.00,92844.66,8.21
701682,atl,67.000,-18.750,980.30,979.48,15.47,4.11,73.20,73.20,33669.71,175743.12,17.63
701682,atl,62.000,-13.750,983.49,983.39,6.01,1.42,51.81,51.81,0.00,2158.86,5.24
701682,atl,61.500,-47.000,996.69,995.66,12.57,3.99,58.92,58.92,0.00,61273.35,13.45
701682,atl,59.500,-27.500,977.30,977.01,11.58,2.82,42.04,46.34,0.00,0.00,4.06
701682,atl,41.750,4.250,1004.96,1004.63,4.40,1.09,44.45,44.45,0.00,0.00,13.59
701682,atl,38.750,9.750,1003.43,1002.95,6.12,1.65,37.29,44.00,0.00,0.00,6.37
701682,pac,62.000,196.500,963.55,962.99,18.71,3.99,46.88,53.37,0.00,2366.75,18.57
701682,pac,39.500,177.500,981.00,979.73,10.68,3.03,58.24,58.24,0.00,73664.57,5.96
701682,pac,34.500,200.750,991.56,991.05,8.33,2.32,61.50,65.79,11824.64,171731.98,4.41
701688,atl,66.250,-21.000,983.88,983.08,9.86,2.83,76.14,76.14,60103.73,166589.54,18.32
701688,atl,64.250,-11.750,984.37,984.15,7.49,1.84,45.65,47.48,0.00,0.00,5.63
701688,atl,59.500,-26.000,978.94,978.69,10.01,2.29,35.86,44.13,0.00,0.00,3.82
701688,atl,59.250,-45.000,998.10,997.93,8.42,1.73,52.15,52.81,0.00,30975.26,13.55
701688,pac,64.000,192.500,962.29,961.53,23.20,5.72,56.48,56.48,0.00,9539.51,12.80
701688,pac,52.500,211.500,975.22,974.83,15.02,3.52,56.13,60.14,0.00,127977.40,6.97
701688,pac,52.000,205.000,976.70,976.60,8.02,1.52,38.18,38.18,0.00,0.00,4.52
701688,pac,40.750,160.750,989.88,989.50,9.52,2.55,51.14,51.20,0.00,4748.69,4.62
701688,pac,39.750,180.250,979.48,978.41,8.64,2.10,53.05,57.64,0.00,42839.99,4.32
701688,pac,34.000,205.750,995.49,995.30,5.66,0.98,57.07,59.36,0.00,83330.51,3.94
701688,pac,33.750,203.000,995.28,994.97,6.35,1.57,59.36,59.36,0.00,124030.23,3.94
701694,atl,59.250,-25.250,979.42,979.23,9.98,2.21,36.55,43.33,0.00,0.00,3.59
701694,atl,58.000,-42.750,997.84,997.68,5.32,1.15,38.41,51.87,0.00,3849.20,11.78
701694,pac,65.500,189.750,968.62,967.11,18.95,4.51,56.01,58.56,0.00,25669.90,14.10
701694,pac,56.000,209.250,971.15,970.52,19.74,4.24,54.71,61.87,0.00,134227.07,15.18
701694,pac,40.500,185.250,977.48,977.18,8.26,1.50,43.48,61.19,0.00,49935.26,4.74
701694,pac,36.000,214.750,1000.03,999.78,4.71,1.14,42.61,55.31,0.00,3242.31,6.08
701694,pac,32.750,209.500,997.91,997.76,4.98,0.92,49.95,55.29,0.00,41707.03,3.27
701694,pac,32.750,215.250,999.74,998.64,5.49,1.37,55.31,55.31,0.00,5258.40,6.08
701700,atl,67.500,-36.250,1001.71,1000.46,8.67,3.21,43.73,53.75,0.00,30682.63,14.62
701700,atl,58.750,-24.500,981.13,980.93,10.06,2.27,36.50,38.90,0.00,0.00,4.03
701700,atl,50.500,-6.500,994.63,994.38,6.86,1.81,42.25,42.25,0.00,0.00,4.47
701700,atl,41.000,-63.750,1004.24,1004.10,5.14,1.18,28.08,28.56,0.00,0.00,2.94
701700,pac,64.500,185.250,979.64,979.26,8.43,1.97,39.75,47.44,0.00,0.00,8.78
701700,pac,58.250,207.750,973.51,972.95,19.09,5.14,67.96,86.28,14167.32,83054.42,16.05
701700,pac,41.250,188.500,973.19,973.00,9.78,1.88,52.65,54.29,0.00,25351.31,4.28
701700,pac,32.000,212.000,998.68,998.52,5.57,0.96,36.95,53.00,0.00,6735.65,5.86
701706,atl,58.500,-22.750,982.37,982.28,8.98,1.91,37.33,37.67,0.00,0.00,3.45
701706,atl,52.250,-6.000,993.07,992.64,6.91,1.97,39.04,43.96,0.00,0.00,4.61
701706,atl,49.000,-40.750,1002.87,1002.43,4.19,1.12,38.93,38.93,0.00,0.00,3.04
701706,atl,42.000,-62.000,996.68,996.21,8.70,2.13,35.56,35.74,0.00,0.00,4.04
701706,pac,62.500,205.750,982.45,981.92,11.32,2.94,55.53,55.53,0.00,2842.45,17.48
701706,pac,61.000,180.750,982.64,982.28,5.85,1.94,37.66,37.66,0.00,0.00,4.76
701706,pac,59.000,173.000,986.20,985.94,5.59,1.46,40.31,43.59,0.00,0.00,6.35
701706,pac,43.250,194.250,968.80,968.51,13.08,2.54,47.57,60.52,0.00,23365.77,6.66
701706,pac,33.500,215.750,1000.07,999.80,6.59,1.63,49.39,49.39,0.00,0.00,4.07
701712,atl,65.500,-9.750,992.75,992.43,6.56,1.87,32.63,44.00,0.00,0.00,10.81
701712,atl,58.250,-20.500,983.51,983.33,8.53,1.83,34.62,34.68,0.00,0.00,3.55
701712,atl,53.500,-5.500,992.71,992.09,7.21,2.27,39.55,39.55,0.00,0.00,4.63
701712,atl,49.250,-33.250,997.20,996.07,7.40,2.17,50.51,50.51,0.00,1531.05,4.61
701712,atl,43.250,-59.750,992.91,992.58,10.78,2.47,40.27,42.27,0.00,0.00,4.83
701712,pac,63.250,207.000,986.07,985.64,10.45,2.84,41.74,45.77,0.00,0.00,15.98
701712,pac,61.750,181.500,984.15,983.37,7.79,2.90,35.23,35.45,0.00,0.00,8.35
701712,pac,58.250,174.250,986.68,986.30,5.39,1.33,33.54,44.84,0.00,0.00,7.81
701712,pac,53.500,182.750,985.45,984.71,4.28,1.40,30.98,30.98,0.00,0.00,3.81
701712,pac,46.000,197.500,964.14,963.43,19.23,4.74,52.91,61.47,0.00,89128.55,8.69
701712,pac,31.250,215.000,1001.33,1001.24,5.36,0.86,30.36,40.04,0.00,0.00,3.45
701718,atl,67.500,-9.000,994.03,993.66,7.04,1.95,31.17,55.15,0.00,8786.14,10.07
701718,atl,58.750,-20.000,983.10,982.82,8.76,1.94,29.73,33.53,0.00,0.00,3.35
701718,atl,57.500,-77.000,1003.88,1003.70,9.50,2.00,33.52,38.68,0.00,0.00,4.38
701718,atl,55.250,-5.500,992.61,992.00,6.12,1.83,34.51,42.77,0.00,0.00,4.09
701718,atl,49.750,-27.250,990.65,989.78,9.85,2.76,54.58,54.69,0.00,28026.68,4.80
701718,atl,45.000,-58.250,987.67,987.14,13.50,3.42,46.86,46.86,0.00,0.00,6.58
701718,atl,37.750,-59.750,989.49,988.75,12.05,3.41,55.93,55.93,0.00,75997.74,7.63
701718,pac,64.750,207.750,993.30,992.94,7.04,1.75,40.44,42.41,0.00,0.00,14.01
701718,pac,63.000,182.500,987.21,986.80,8.33,2.86,40.08,40.08,0.00,0.00,6.73
701718,pac,58.000,174.500,987.77,987.38,5.87,1.58,36.99,40.47,0.00,0.00,6.94
701718,pac,54.750,184.750,985.23,984.42,5.61,1.83,36.83,36.83,0.00,0.00,4.26
701718,pac,47.750,198.500,959.39,958.24,24.09,6.53,58.06,60.61,0.00,105229.67,12.78
701718,pac,41.500,188.750,983.53,982.66,6.07,1.97,37.25,49.96,0.00,0.00,4.37
701724,atl,59.000,-19.500,983.99,983.87,8.29,1.76,25.12,46.86,0.00,0.00,4.23
701724,atl,58.250,-75.750,1003.02,1002.88,9.04,1.80,32.33,33.11,0.00,0.00,3.95
701724,atl,57.000,-72.500,1003.14,1002.98,7.65,1.42,25.09,32.52,0.00,0.00,4.24
701724,atl,50.500,-22.000,983.45,982.89,13.46,3.38,53.46,54.84,0.00,43402.49,5.38
701724,atl,46.000,-57.500,984.27,983.69,13.96,3.48,37.60,42.64,0.00,0.00,6.85
701724,atl,38.000,-57.000,987.98,987.24,11.59,3.18,54.82,54.82,0.00,44974.31,6.28
701724,pac,64.750,181.500,993.23,992.53,7.31,2.64,41.59,41.59,0.00,0.00,7.44
701724,pac,64.750,211.500,1001.99,1001.45,4.84,1.76,43.33,43.33,0.00,0.00,15.84
701724,pac,63.250,235.250,1004.78,1004.17,8.46,2.83,34.19,34.19,0.00,0.00,20.27
701724,pac,58.000,174.000,989.48,989.14,7.20,1.85,37.95,37.95,0.00,0.00,6.32
701724,pac,56.000,185.000,986.12,985.08,6.15,2.11,42.88,42.88,0.00,0.00,6.54
701724,pac,50.000,200.500,957.60,957.06,26.30,6.58,65.06,65.06,2050.73,206325.53,12.67
701724,pac,41.500,190.250,987.92,986.92,5.17,2.17,50.59,50.59,0.00,1159.77,6.28
701724,pac,38.000,198.750,986.07,985.67,6.77,1.34,45.02,45.31,0.00,0.00,3.91
701730,atl,59.000,-74.750,1002.55,1002.41,8.49,1.70,31.11,31.24,0.00,0.00,4.26
701730,atl,59.000,-19.250,984.43,984.31,7.96,1.60,35.09,49.68,0.00,0.00,4.77
701730,atl,51.250,-17.000,975.32,974.14,18.11,4.69,54.67,55.99,0.00,122729.62,7.34
701730,atl,47.250,-56.750,980.78,980.25,13.19,2.93,33.88,49.51,0.00,0.00,8.07
701730,atl,38.500,-54.000,986.61,986.04,10.60,2.87,58.28,58.28,0.00,32505.49,5.73
701730,pac,66.000,180.000,997.23,996.34,6.39,2.20,27.14,27.36,0.00,0.00,6.71
701730,pac,57.250,173.250,992.54,992.36,6.76,1.68,36.20,36.20,0.00,0.00,5.14
701730,pac,57.250,184.750,986.43,984.92,7.51,2.41,41.78,41.78,0.00,0.00,7.05
701730,pac,53.000,202.000,959.27,958.81,26.83,6.13,63.70,63.70,0.00,204984.20,12.07
701730,pac,40.750,192.250,991.50,990.86,4.70,1.83,58.03,58.03,0.00,9432.31,5.07
701730,pac,40.500,202.500,983.82,983.20,9.93,2.43,37.53,44.38,0.00,0.00,4.43
701736,atl,58.750,-18.750,986.29,986.15,7.02,1.41,39.97,47.95,0.00,0.00,4.66
701736,atl,51.750,-13.000,968.35,967.81,23.46,6.20,70.05,70.34,27366.19,207960.43,10.21
701736,atl,51.000,-59.000,978.28,977.98,14.59,2.40,53.25,59.98,0.00,59327.89,6.75
701736,atl,42.500,-50.750,986.74,986.50,7.91,1.60,40.40,52.47,0.00,4233.41,5.93
701736,atl,39.500,-51.000,986.81,986.19,10.12,2.55,52.47,52.47,0.00,5451.31,5.93
701736,pac,57.500,183.250,986.21,984.61,9.80,3.18,47.87,47.87,0.00,0.00,8.17
701736,pac,55.750,201.750,965.86,965.32,24.12,5.68,67.30,72.01,9629.43,186554.26,12.42
701736,pac,42.000,203.500,982.39,981.03,11.83,3.43,46.13,46.13,0.00,0.00,8.12
701742,atl,58.000,-18.000,988.66,988.61,5.00,0.93,40.82,45.70,0.00,0.00,5.18
701742,atl,53.000,-62.000,972.44,972.29,17.97,2.85,49.97,66.55,10122.49,76183.43,10.86
701742,atl,51.750,-7.750,966.40,965.70,25.23,5.45,72.13,72.13,27952.69,280948.95,9.31
701742,pac,60.500,199.750,975.75,975.34,18.10,3.29,44.61,64.97,353.83,13839.02,18.46
701742,pac,56.750,182.750,987.75,986.32,11.39,3.85,55.52,55.52,0.00,6225.20,9.17
701742,pac,43.500,160.000,980.54,979.72,14.26,3.64,55.09,59.96,0.00,59027.69,6.46
701742,pac,42.500,204.500,983.52,982.30,12.63,3.89,54.91,54.91,0.00,28062.87,7.98
701748,atl,53.500,-64.750,969.74,969.50,18.90,3.81,39.79,53.05,0.00,5213.04,9.40
701748,atl,53.000,-5.500,966.70,965.56,24.74,5.43,53.05,61.03,0.00,153754.56,7.28
701748,pac,61.500,198.500,984.17,983.99,13.45,3.17,42.57,56.71,0.00,2122.97,17.82
701748,pac,55.750,184.000,991.52,990.29,11.54,3.73,47.42,47.42,0.00,0.00,6.43
701748,pac,49.750,209.000,990.52,990.20,9.14,2.35,37.40,40.94,0.00,0.00,4.79
701748,pac,45.500,163.250,975.89,974.88,17.30,4.66,59.53,59.53,0.00,73982.63,7.19
701748,pac,45.500,207.250,987.54,986.86,12.15,3.48,49.96,52.99,0.00,9047.11,7.05
701748,pac,45.250,207.250,987.54,986.86,12.12,3.56,50.95,52.99,0.00,9047.11,7.05
701748,pac,38.500,205.250,996.82,996.43,4.83,1.46,41.10,52.99,0.00,3413.89,3.66
701754,atl,53.750,-66.750,968.68,967.93,19.88,5.17,46.27,47.89,0.00,0.00,11.47
701754,atl,53.750,-4.500,968.92,968.22,20.86,4.30,43.68,54.32,0.00,59836.14,6.53
701754,atl,46.750,-44.750,988.46,987.96,10.97,2.68,52.58,53.07,0.00,12516.75,5.33
701754,pac,64.000,196.750,989.93,989.56,10.86,2.65,34.52,37.55,0.00,0.00,6.55
701754,pac,54.750,186.000,997.02,995.98,9.88,3.16,39.50,39.50,0.00,0.00,5.77
701754,pac,48.000,160.500,974.72,974.10,11.47,2.44,51.39,51.95,0.00,26319.38,5.94
701754,pac,46.500,208.250,989.10,988.45,12.48,3.64,43.46,48.44,0.00,0.00,7.32
701754,pac,37.500,206.000,1001.27,1001.00,4.32,1.16,29.90,39.88,0.00,0.00,2.64
701760,atl,54.500,-2.750,972.45,972.31,17.63,3.22,43.41,57.03,0.00,16152.03,5.67
701760,atl,54.250,-68.000,975.20,974.02,16.38,4.49,45.43,45.43,0.00,0.00,10.66
701760,atl,50.000,-46.000,990.49,989.89,11.88,3.09,57.13,57.13,0.00,133776.34,6.54
701760,pac,64.250,195.500,994.40,993.63,8.80,2.74,35.88,36.11,0.00,0.00,5.43
701760,pac,64.000,209.500,998.62,998.06,4.52,1.64,35.00,50.14,0.00,383.46,12.83
701760,pac,56.500,209.750,992.66,992.43,9.89,2.20,37.90,51.08,0.00,1156.23,12.83
701760,pac,54.000,188.750,1000.54,1000.06,8.05,2.34,39.91,39.91,0.00,0.00,4.60
701760,pac,49.750,161.000,969.80,969.04,15.90,3.83,56.71,56.71,0.00,84666.90,8.82
701760,pac,48.250,209.250,989.68,989.17,13.42,3.99,46.44,46.44,0.00,0.00,7.05
701760,pac,38.500,208.500,1002.73,1002.44,5.08,1.35,29.40,33.91,0.00,0.00,2.30
701766,atl,58.250,-71.000,979.29,978.99,14.45,3.33,38.89,39.63,0.00,0.00,8.59
701766,atl,55.750,-1.750,973.32,972.99,16.56,3.07,49.55,58.99,0.00,58967.98,5.58
701766,atl,53.500,-49.250,993.21,992.69,10.94,2.89,59.38,61.46,0.00,248186.55,6.37
701766,atl,50.500,-44.750,992.88,992.17,11.98,3.21,54.67,56.78,0.00,110776.44,6.39
701766,pac,64.500,196.000,998.09,997.10,6.15,2.18,33.62,35.63,0.00,0.00,5.45
701766,pac,58.500,210.000,993.20,992.81,10.00,2.47,46.47,48.65,0.00,0.00,11.75
701766,pac,53.500,192.000,1003.82,1003.46,6.31,1.74,35.21,35.21,0.00,0.00,3.34
701766,pac,51.250,210.250,994.17,993.96,11.79,3.15,47.97,47.97,0.00,0.00,5.23
701772,atl,63.250,-74.000,988.10,987.53,12.36,2.47,40.07,49.61,0.00,0.00,7.31
701772,atl,59.500,-73.500,984.48,983.82,13.60,3.63,35.92,38.50,0.00,0.00,6.38
701772,atl,56.000,-2.500,976.30,976.03,14.83,2.71,47.20,53.96,0.00,20024.18,5.22
701772,atl,48.500,-40.000,998.12,997.45,9.80,2.86,50.09,54.38,0.00,13429.71,5.29
701772,atl,44.500,-34.000,999.43,998.99,7.82,2.18,40.44,42.79,0.00,0.00,3.70
701772,atl,44.000,-53.000,1000.08,999.67,4.70,1.65,40.58,40.58,0.00,0.00,4.29
701772,atl,41.250,-48.250,1000.61,1000.24,4.23,1.10,33.66,38.11,0.00,0.00,2.62
701772,pac,65.000,214.000,994.66,993.72,7.09,1.87,35.85,50.68,0.00,374.65,17.15
701772,pac,60.750,209.500,993.21,992.87,9.81,2.92,50.68,50.68,0.00,374.65,17.15
701772,pac,48.750,161.250,965.85,965.60,16.55,3.26,52.20,54.76,0.00,39924.19,9.62
701778,atl,60.250,-75.500,987.98,987.32,12.06,3.14,30.43,39.32,0.00,0.00,4.73
701778,atl,56.250,-1.750,978.88,978.62,12.90,2.32,40.45,46.42,0.00,0.00,5.18
701778,atl,49.250,-40.750,999.11,998.59,8.69,2.51,44.43,47.22,0.00,0.00,4.86
701778,atl,45.250,-33.250,995.98,995.47,9.14,2.65,43.06,43.06,0.00,0.00,4.63
701778,atl,44.750,-52.000,1000.70,1000.09,5.90,2.40,40.66,40.66,0.00,0.00,5.67
701778,atl,43.000,-47.250,1000.21,999.78,4.71,1.50,37.30,37.30,0.00,0.00,4.73
701778,atl,41.500,-27.750,999.05,998.82,5.80,1.44,29.66,35.57,0.00,0.00,4.10
701778,atl,40.750,-43.000,999.43,999.18,4.87,1.37,31.41,37.30,0.00,0.00,3.42
701778,pac,65.250,215.250,993.66,992.97,6.75,1.41,37.61,40.47,0.00,0.00,24.25
701778,pac,63.250,234.750,1002.49,1001.52,8.95,3.27,30.37,31.17,0.00,0.00,21.82
701778,pac,62.500,210.750,993.45,992.05,8.71,2.82,37.61,48.56,0.00,0.00,24.25
701778,pac,49.750,163.500,964.98,964.84,15.23,2.81,50.76,56.27,0.00,9504.20,10.15
701778,pac,31.750,210.500,1002.22,1001.66,8.74,1.97,52.08,56.78,0.00,3185.28,4.48
701784,atl,61.750,-78.250,991.39,991.01,11.78,2.57,27.65,35.06,0.00,0.00,6.01
701784,atl,56.500,-1.750,981.13,980.84,11.65,2.13,38.72,42.52,0.00,0.00,4.33
701784,atl,49.250,-41.750,1000.52,1000.01,7.34,2.01,49.34,49.34,0.00,0.00,4.18
701784,atl,45.750,-33.000,993.23,992.41,10.62,3.33,47.16,47.16,0.00,0.00,6.03
701784,atl,42.000,-25.000,998.18,997.73,5.72,1.54,33.99,38.21,0.00,0.00,2.99
701784,atl,41.500,-42.000,996.40,995.74,7.40,2.24,45.41,45.41,0.00,0.00,4.82
701784,pac,63.250,234.750,998.12,996.59,9.36,3.17,34.79,34.79,0.00,0.00,21.88
701784,pac,62.750,216.500,995.58,994.18,8.31,2.26,47.98,47.98,0.00,0.00,30.70
701784,pac,62.250,212.750,995.47,995.00,10.21,3.21,47.98,56.70,0.00,3939.51,30.70
701784,pac,50.750,165.250,967.62,967.39,13.22,2.46,41.18,45.68,0.00,0.00,7.33
701784,pac,49.500,183.500,994.66,994.52,5.01,1.10,44.73,53.05,0.00,6731.85,4.84
701784,pac,40.000,172.250,990.59,990.25,4.66,1.38,41.41,41.98,0.00,0.00,2.56
701784,pac,33.000,209.250,999.28,998.70,12.39,3.04,45.25,45.25,0.00,0.00,6.03
701790,atl,56.750,-1.750,981.46,981.20,10.83,1.97,36.70,40.04,0.00,0.00,4.57
701790,atl,47.500,-79.000,988.95,988.48,12.98,3.15,32.77,39.52,0.00,0.00,7.90
701790,atl,46.250,-33.500,990.57,989.80,9.96,3.19,42.09,42.09,0.00,0.00,6.14
701790,atl,42.750,-69.750,997.61,997.39,6.11,1.38,39.91,45.64,0.00,0.00,4.16
701790,atl,42.500,-21.500,995.09,994.67,5.99,1.46,38.49,38.49,0.00,0.00,2.96
701790,atl,42.000,-39.500,993.85,993.33,6.58,1.93,47.98,47.98,0.00,0.00,4.37
701790,atl,35.750,-78.750,998.73,998.37,5.23,1.28,38.79,49.02,0.00,0.00,7.64
701790,pac,63.250,235.000,994.38,993.44,9.75,3.04,39.02,40.50,0.00,0.00,17.54
701790,pac,62.750,213.000,999.27,998.17,9.99,3.74,40.56,53.05,0.00,4346.21,22.46
701790,pac,51.500,165.500,968.84,968.60,12.39,2.35,35.34,43.06,0.00,0.00,6.48
701790,pac,42.250,176.250,985.33,984.22,7.39,2.33,39.29,42.02,0.00,0.00,6.87
701790,pac,33.750,209.000,1000.33,999.43,13.82,3.76,42.74,46.11,0.00,0.00,6.91
701796,atl,56.750,-2.000,983.59,983.42,9.95,1.72,31.48,41.46,0.00,0.00,4.04
701796,atl,48.250,-77.500,987.73,987.16,14.25,3.62,25.55,37.32,0.00,0.00,8.29
701796,atl,46.250,-34.500,989.28,988.74,9.56,2.78,47.54,47.54,0.00,0.00,5.52
701796,atl,44.250,-11.500,995.98,995.33,6.58,1.97,48.84,51.68,0.00,562.86,8.71
701796,atl,43.000,-66.500,992.79,992.27,10.58,2.47,41.99,50.92,0.00,596.29,6.68
701796,atl,43.000,-17.750,994.94,994.38,6.66,1.86,32.84,42.37,0.00,0.00,3.05
701796,atl,42.500,-39.000,990.32,989.92,8.77,2.00,44.56,44.56,0.00,0.00,5.46
701796,atl,36.750,-74.250,994.89,994.64,5.85,1.47,52.52,53.08,0.00,14148.61,3.86
701796,pac,52.250,165.250,972.72,972.55,10.77,2.10,34.45,45.84,0.00,0.00,7.89
701796,pac,45.750,180.750,979.45,978.79,11.19,2.98,52.50,52.50,0.00,1660.60,5.90
701796,pac,35.500,209.250,998.29,997.38,17.24,5.13,56.76,56.76,0.00,18856.60,8.88
701802,atl,56.750,-1.750,986.39,986.23,8.88,1.47,29.37,37.04,0.00,0.00,3.85
701802,atl,49.250,-76.500,986.95,986.34,13.55,3.45,29.09,37.87,0.00,0.00,7.53
701802,atl,46.000,-35.500,987.14,986.65,9.60,2.41,42.71,42.71,0.00,0.00,5.43
701802,atl,45.750,-5.250,995.91,995.26,6.23,1.79,51.57,51.57,0.00,562.86,13.30
701802,atl,44.250,-66.500,988.73,988.39,8.21,1.81,36.07,45.41,0.00,0.00,7.68
701802,atl,43.250,-16.250,996.20,995.72,5.00,1.43,35.02,36.37,0.00,0.00,3.33
701802,atl,42.500,-38.000,988.56,988.23,8.89,1.71,41.38,46.33,0.00,0.00,5.43
701802,atl,39.500,-26.750,994.71,994.43,4.10,1.09,35.71,35.71,0.00,0.00,2.61
701802,atl,39.250,-69.000,988.06,987.56,7.45,2.09,58.34,62.16,0.00,56139.10,4.39
701802,pac,62.500,237.500,998.27,997.88,6.37,1.86,43.03,43.03,0.00,0.00,11.71
701802,pac,52.500,165.250,974.42,974.28,9.98,1.99,39.55,45.85,0.00,0.00,7.31
701802,pac,49.250,182.250,971.60,971.02,16.76,4.29,51.57,52.09,0.00,12402.91,7.55
701802,pac,38.000,209.500,1004.75,1004.45,13.15,3.20,47.23,47.23,0.00,0.00,4.96
701808,atl,56.750,-1.750,990.07,989.89,8.26,1.37,30.81,36.75,0.00,0.00,3.54
701808,atl,50.750,-76.000,989.31,988.43,11.05,2.73,39.57,39.57,0.00,0.00,7.51
701808,atl,47.000,0.250,997.70,997.02,5.56,1.66,42.98,43.73,0.00,0.00,12.94
701808,atl,45.750,-65.000,983.25,983.06,10.22,2.06,53.38,53.38,0.00,8405.15,11.39
701808,atl,45.750,-35.750,991.03,990.66,6.50,1.60,41.87,41.87,0.00,0.00,4.10
701808,atl,44.000,-13.000,999.18,998.87,4.14,1.32,34.09,41.65,0.00,0.00,6.18
701808,atl,41.750,-63.500,983.08,982.41,9.07,1.70,58.45,62.22,0.00,59721.59,5.80
701808,atl,41.000,-37.250,988.92,988.55,10.67,2.51,52.32,52.41,0.00,40103.99,4.74
701808,pac,52.750,166.250,976.89,976.73,8.93,1.69,39.92,44.00,0.00,0.00,5.73
701808,pac,52.500,181.750,966.00,965.67,21.22,4.57,56.78,58.11,0.00,130821.18,7.58
701814,atl,56.750,-1.750,993.19,993.08,7.41,1.23,38.96,39.73,0.00,0.00,3.44
701814,atl,48.500,-31.000,991.15,990.85,7.85,1.82,39.08,39.08,0.00,0.00,4.17
701814,atl,48.000,6.000,999.46,999.00,4.58,1.79,51.69,51.69,0.00,1058.98,12.53
701814,atl,47.000,-63.750,973.62,973.38,13.54,2.61,50.67,59.74,0.00,31484.43,10.66
701814,atl,45.500,-60.000,973.37,973.12,14.26,2.66,59.74,59.74,0.00,35188.38,11.49
701814,atl,39.000,-35.000,990.62,990.31,8.82,2.36,51.90,51.90,0.00,32975.46,4.19
701814,pac,55.000,178.250,957.49,957.02,26.89,5.93,57.98,62.78,0.00,300959.33,8.62
701814,pac,43.000,190.750,998.69,998.31,7.75,1.85,50.06,52.62,0.00,14333.86,5.92
701820,atl,57.500,-35.750,1003.20,1002.59,9.61,2.95,46.92,53.96,0.00,10191.21,5.50
701820,atl,55.750,-1.000,998.73,998.68,6.00,0.96,35.57,44.94,0.00,0.00,3.16
701820,atl,49.750,-30.500,988.95,988.44,11.99,3.28,41.47,41.47,0.00,0.00,5.22
701820,atl,48.250,-63.000,964.75,964.11,17.00,3.58,47.57,69.60,496.73,6462.30,15.48
701820,atl,37.750,-32.500,994.58,994.32,6.85,1.97,44.79,48.93,0.00,0.00,3.14
701820,atl,35.500,-24.000,997.32,997.24,4.04,0.84,32.60,37.15,0.00,0.00,2.24
701820,pac,56.750,177.000,961.02,960.76,25.66,5.40,64.27,77.19,73184.99,348750.00,9.62
701820,pac,42.250,192.500,997.32,997.03,10.62,2.87,47.55,48.59,0.00,0.00,5.06
701826,atl,57.250,-39.250,1001.02,1000.84,7.94,2.53,57.31,62.66,0.00,54763.67,15.38
701826,atl,55.250,1.000,1002.46,1002.41,6.01,1.18,41.48,47.64,0.00,0.00,5.86
701826,atl,51.500,-30.500,987.66,986.57,14.35,4.28,45.68,45.68,0.00,0.00,7.05
701826,atl,49.250,-62.250,956.74,956.07,19.91,4.44,47.67,53.14,0.00,2402.66,8.04
701826,atl,36.500,-22.500,993.40,993.31,5.97,1.13,28.36,38.64,0.00,0.00,2.85
701826,atl,36.250,-30.000,996.65,996.54,4.80,1.24,44.78,47.64,0.00,0.00,2.83
701826,pac,58.250,173.000,962.70,962.48,25.31,5.24,76.81,76.81,22237.00,179431.50,21.08
701826,pac,44.500,194.500,996.96,996.40,11.86,3.48,45.33,47.62,0.00,0.00,4.89
701832,atl,52.750,-31.250,987.68,986.80,13.43,3.93,49.26,49.44,0.00,0.00,6.31
701832,atl,50.500,-55.500,960.86,960.20,13.72,3.19,51.94,54.99,0.00,78633.57,7.32
701832,atl,50.000,-63.000,957.01,956.18,19.44,4.25,50.46,54.34,0.00,15502.89,8.54
701832,atl,37.250,-21.750,993.59,993.35,7.45,1.57,30.97,36.64,0.00,0.00,3.84
701832,pac,59.500,171.000,971.48,970.85,20.37,4.77,49.44,55.18,0.00,1787.11,15.88
701832,pac,58.250,160.750,980.93,980.49,7.76,1.52,47.17,48.16,0.00,0.00,20.67
701832,pac,46.500,195.500,995.90,995.13,13.68,4.29,48.60,48.60,0.00,0.00,6.74
701832,pac,45.750,161.250,975.97,974.94,16.54,4.99,50.34,53.68,0.00,13543.68,10.96
701832,pac,40.500,197.000,1004.83,1004.56,5.84,1.53,45.50,45.50,0.00,0.00,3.75
701838,atl,51.750,-55.000,956.20,955.24,16.44,3.80,56.62,60.90,0.00,105318.87,7.06
701838,atl,37.000,-21.000,995.25,995.13,6.21,1.19,40.83,40.83,0.00,0.00,4.29
701838,pac,62.000,168.750,982.48,981.54,15.01,3.50,44.09,47.17,0.00,0.00,10.97
701838,pac,48.750,162.500,971.94,971.03,17.52,5.11,53.37,57.50,0.00,29086.32,11.05
701838,pac,48.500,195.750,996.00,995.25,14.10,4.27,50.72,50.72,0.00,2592.92,6.75
701844,atl,51.750,-56.250,953.12,952.43,18.70,4.44,52.43,63.58,0.00,49422.71,6.90
701844,atl,35.250,-18.500,998.60,998.40,6.97,1.09,30.30,40.45,0.00,0.00,3.94
701844,pac,50.250,195.750,997.64,996.87,13.93,3.80,41.79,41.79,0.00,0.00,6.00
701844,pac,50.000,163.000,968.71,968.04,20.92,5.54,57.99,59.58,0.00,114839.97,10.50
701850,atl,51.500,-56.250,952.26,951.94,18.52,4.05,56.54,56.54,0.00,23716.70,7.81
701850,atl,36.500,-17.500,998.74,998.54,7.03,1.43,32.85,36.27,0.00,0.00,2.69
701850,pac,65.500,162.500,1001.47,1001.20,6.24,1.73,25.20,33.01,0.00,0.00,10.79
701850,pac,52.250,195.250,1000.01,999.63,13.02,3.09,37.70,40.09,0.00,0.00,5.74
701850,pac,51.500,162.000,965.97,965.62,22.43,6.02,55.43,59.37,0.00,46937.43,11.31
701850,pac,37.750,200.250,1003.76,1003.29,9.66,2.72,44.36,45.08,0.00,0.00,4.24
701856,atl,50.750,-54.500,955.40,954.74,17.18,4.09,47.88,50.85,0.00,3674.25,6.83
701856,atl,36.250,-18.250,1003.59,1003.39,5.39,1.06,29.13,35.88,0.00,0.00,2.15
701856,pac,54.000,194.250,1003.09,1002.81,12.22,2.83,38.83,38.83,0.00,0.00,7.65
701856,pac,52.250,161.250,970.90,970.65,18.85,5.12,49.14,49.14,0.00,0.00,9.90
701856,pac,38.750,201.000,1000.27,999.64,11.79,3.56,51.94,51.94,0.00,2996.37,6.76
701862,atl,51.250,-52.000,957.82,956.91,16.14,4.00,44.00,45.80,0.00,0.00,5.46
701862,atl,35.250,-18.500,1003.94,1003.79,4.75,1.06,30.41,31.87,0.00,0.00,1.91
701862,pac,53.250,160.500,975.07,974.30,15.31,3.97,45.00,45.00,0.00,0.00,8.24
701862,pac,39.750,201.000,998.59,997.58,13.52,4.12,44.87,44.87,0.00,0.00,7.34
701862,pac,37.250,177.500,1001.62,1001.23,5.40,1.29,42.28,42.28,0.00,0.00,3.44
701868,atl,52.750,-51.500,958.52,957.53,17.64,4.65,44.72,44.93,0.00,0.00,7.04
701868,pac,40.250,200.500,993.95,992.71,16.01,4.80,53.60,53.60,0.00,18827.23,8.46
701868,pac,39.250,178.750,998.13,997.15,9.91,3.14,48.87,48.87,0.00,0.00,6.58
701868,pac,34.500,177.250,1001.63,1001.46,4.05,0.92,42.84,45.17,0.00,0.00,4.13
701874,atl,53.750,-52.250,959.36,958.41,17.61,4.69,41.32,41.32,0.00,0.00,6.85
701874,atl,50.750,-33.500,979.41,979.09,11.09,2.53,36.96,44.60,0.00,0.00,5.01
701874,pac,56.750,172.000,1001.64,1001.19,6.53,1.77,48.45,53.63,0.00,11806.84,6.29
701874,pac,41.000,179.500,997.57,996.64,9.90,3.17,49.81,49.81,0.00,0.00,6.91
701874,pac,39.750,199.500,990.68,989.15,17.32,5.35,52.60,52.60,0.00,20339.61,8.59
701874,pac,36.750,179.750,998.28,997.93,6.63,1.60,44.02,47.77,0.00,0.00,5.36
701880,atl,54.000,-53.750,963.98,963.40,16.14,4.39,41.30,42.15,0.00,0.00,5.71
701880,atl,53.000,-33.000,974.81,973.94,16.19,4.09,54.24,54.24,0.00,94971.34,6.39
701880,atl,41.000,-45.750,984.91,983.95,10.40,2.98,55.01,56.10,0.00,121433.28,6.75
701880,pac,43.000,178.750,995.75,994.98,12.44,3.88,49.06,49.06,0.00,0.00,6.76
701880,pac,42.000,169.500,999.74,998.60,4.89,1.80,43.14,43.14,0.00,0.00,6.37
701880,pac,39.000,200.000,988.19,986.77,16.70,5.07,47.62,47.62,0.00,0.00,7.08
701880,pac,38.250,180.500,998.22,997.98,6.72,1.70,48.72,48.72,0.00,0.00,5.29
701880,pac,32.250,165.750,998.89,998.68,4.26,0.68,38.06,44.70,0.00,0.00,2.59
701886,atl,58.500,-44.500,978.52,978.12,9.19,2.14,73.48,85.33,25700.76,66583.90,21.37
701886,atl,55.250,-34.750,974.83,973.83,15.09,4.08,54.87,54.87,0.00,180164.50,6.64
701886,atl,54.000,-54.750,965.73,965.08,14.36,3.84,41.08,41.08,0.00,0.00,4.77
701886,atl,43.750,-40.000,973.94,971.34,18.07,6.05,66.57,66.57,3912.20,163955.62,15.61
701886,pac,45.250,176.750,996.16,994.99,12.72,4.30,50.15,52.13,0.00,1694.85,7.42
701886,pac,43.250,169.750,1000.30,999.79,4.51,1.89,44.25,44.25,0.00,0.00,4.87
701886,pac,39.000,200.750,988.70,987.72,15.03,4.54,44.26,44.26,0.00,0.00,6.05
701886,pac,38.500,181.250,997.18,996.95,6.36,1.54,49.56,53.31,0.00,8661.34,4.53
701886,pac,31.250,169.250,994.66,994.52,5.00,0.72,44.59,48.95,0.00,0.00,2.86
701892,atl,59.250,-50.750,979.92,979.72,7.99,1.28,70.82,84.80,51716.48,106310.64,19.61
701892,atl,57.000,-37.500,979.54,978.72,12.26,3.09,56.12,65.06,386.38,159543.18,11.22
701892,atl,54.000,-55.000,970.17,969.65,12.11,3.18,32.77,35.58,0.00,0.00,4.51
701892,atl,46.500,-36.750,962.00,958.93,28.37,9.63,74.81,74.81,20456.05,172038.07,21.98
701892,pac,46.750,174.250,995.62,994.59,14.41,4.46,53.40,53.40,0.00,22701.03,6.89
701892,pac,40.000,201.250,993.39,992.92,9.78,2.48,40.63,40.63,0.00,0.00,3.97
701898,atl,59.500,-58.000,981.62,981.45,7.78,2.00,42.83,51.67,0.00,389.30,6.28
701898,atl,58.250,-44.750,980.27,979.30,9.43,2.30,91.45,95.44,60321.09,165681.10,30.96
701898,atl,53.750,-56.000,972.67,972.20,10.74,2.67,29.94,39.72,0.00,0.00,5.56
701898,atl,49.500,-34.250,960.60,959.42,27.47,8.84,72.12,72.12,18795.71,157409.97,14.27
701898,pac,48.750,171.000,998.53,997.70,13.55,3.86,51.27,51.27,0.00,4444.63,5.69
701898,pac,41.500,196.000,996.28,996.14,6.81,1.22,32.57,41.26,0.00,0.00,3.50
701898,pac,41.000,201.000,994.58,994.18,9.54,2.25,40.08,44.61,0.00,0.00,3.73
701898,pac,32.000,176.500,979.57,978.68,13.69,3.41,46.63,51.67,0.00,12265.55,6.40
701904,atl,59.000,-53.500,980.45,979.43,8.80,2.56,60.17,85.58,17077.56,54029.35,16.11
701904,atl,53.000,-56.250,975.88,975.53,9.69,2.15,26.65,41.05,0.00,0.00,5.01
701904,atl,51.750,-33.500,960.03,958.89,28.03,8.46,61.01,61.01,0.00,75929.27,12.57
701904,pac,49.750,168.250,1003.99,1003.75,9.19,2.24,48.10,48.10,0.00,0.00,3.96
701904,pac,42.500,200.000,995.50,995.13,9.47,2.07,36.35,43.99,0.00,0.00,4.16
701904,pac,42.000,194.750,995.23,994.93,6.79,1.45,33.45,36.80,0.00,0.00,3.55
701904,pac,33.250,180.000,974.81,973.05,15.27,3.92,59.50,59.50,0.00,93063.65,9.21
701910,atl,58.500,-61.250,981.95,981.52,11.58,2.75,44.38,51.02,0.00,383.46,6.92
701910,atl,54.000,-33.500,960.99,960.21,25.21,7.31,54.89,54.89,0.00,35758.14,10.29
701910,atl,52.250,-55.500,977.32,977.17,8.23,1.69,28.96,39.22,0.00,0.00,3.90
701910,atl,33.000,-60.000,1004.68,1003.60,5.94,1.92,57.23,57.23,0.00,6484.65,4.47
701910,pac,50.000,166.500,1004.34,1004.14,7.43,1.73,38.17,39.40,0.00,0.00,3.09
701910,pac,42.500,192.250,995.64,995.45,4.29,0.93,31.32,35.02,0.00,0.00,2.97
701910,pac,32.250,180.500,972.46,971.08,16.35,4.14,68.77,68.77,10550.82,225898.23,9.44
701916,atl,58.250,-65.500,985.32,984.94,13.20,3.52,50.32,50.32,0.00,772.77,8.75
701916,atl,56.500,-34.500,964.86,964.07,22.48,5.86,55.07,55.07,0.00,49479.16,7.33
701916,atl,52.500,-53.750,978.00,977.93,6.69,1.26,28.87,33.53,0.00,0.00,3.54
701916,atl,33.500,-53.750,1002.74,1001.67,6.36,1.83,61.97,61.97,0.00,11663.89,4.68
701916,pac,50.000,165.250,1004.21,1003.99,6.16,1.42,31.18,31.18,0.00,0.00,2.96
701916,pac,32.250,183.750,970.56,970.11,16.67,3.59,63.27,63.66,0.00,362226.27,8.64
701922,atl,66.750,-65.500,999.13,997.00,6.41,2.61,42.09,42.09,0.00,0.00,12.16
701922,atl,58.750,-38.000,967.32,966.66,21.61,5.28,59.64,75.11,4114.94,90694.19,15.65
701922,atl,57.500,-51.000,976.57,976.16,6.12,1.46,43.15,71.32,2212.40,17000.96,13.74
701922,atl,56.750,-68.000,991.93,991.61,8.37,2.17,37.46,44.16,0.00,0.00,7.29
701922,atl,56.250,-23.000,991.42,991.07,6.46,1.66,35.09,38.15,0.00,0.00,4.32
701922,atl,52.750,-53.000,977.44,977.39,5.29,0.95,28.29,32.28,0.00,0.00,3.17
701922,atl,34.500,-48.000,999.31,998.19,7.65,2.49,60.01,60.01,0.00,7723.47,4.36
701922,pac,34.250,187.500,969.25,969.01,15.28,2.67,61.56,68.36,19681.40,202961.81,7.85
701928,atl,59.750,-26.000,993.04,992.49,8.39,2.11,46.56,46.56,0.00,0.00,5.20
701928,atl,59.500,-42.500,974.67,973.83,13.92,3.77,80.57,80.57,48715.85,109748.92,19.79
701928,atl,56.750,-54.500,974.77,974.47,7.87,1.59,34.94,43.16,0.00,0.00,5.30
701928,atl,48.000,-22.500,995.39,994.87,6.42,1.92,47.00,47.00,0.00,0.00,4.22
701928,atl,35.500,-42.500,1001.47,1000.05,6.34,2.01,56.71,56.71,0.00,8238.76,4.74
701928,pac,36.750,190.250,970.47,970.15,12.76,2.27,56.29,61.52,0.00,89686.76,4.95
701934,atl,61.750,-32.000,993.24,992.72,10.34,2.24,51.43,64.25,326.59,71614.93,13.79
701934,atl,55.000,-57.250,975.44,975.23,9.94,2.30,44.55,44.55,0.00,0.00,5.83
701934,atl,50.500,-20.250,991.69,990.84,9.39,2.75,47.40,47.40,0.00,0.00,4.65
701934,atl,36.750,-37.750,1000.22,999.52,6.88,2.11,52.67,52.67,0.00,2492.78,3.86
701934,pac,38.500,192.250,969.21,968.90,13.45,2.56,44.51,56.26,0.00,32681.19,4.88
701940,atl,56.750,-57.750,980.54,980.30,7.52,1.64,39.38,40.64,0.00,0.00,5.52
701940,atl,54.000,-50.000,979.86,979.74,5.46,1.26,34.69,34.69,0.00,0.00,3.10
701940,atl,53.250,-20.500,988.68,988.32,10.88,2.83,46.81,46.81,0.00,0.00,5.52
701940,atl,53.000,-57.750,980.54,980.34,7.91,1.64,37.54,41.37,0.00,0.00,5.84
701940,atl,38.250,-33.000,1000.88,1000.26,6.99,1.87,47.02,47.02,0.00,0.00,4.05
701940,pac,39.750,193.500,968.63,968.30,13.66,2.61,42.18,52.34,0.00,5021.19,4.94
701946,atl,60.250,-60.250,983.66,983.08,12.40,3.25,38.39,48.12,0.00,0.00,9.23
701946,atl,56.000,-58.500,984.58,984.22,5.43,1.24,36.33,38.39,0.00,0.00,5.23
701946,atl,54.500,-52.000,980.13,979.78,7.30,1.85,33.52,35.06,0.00,0.00,4.30
701946,atl,54.500,-18.500,985.44,985.07,13.31,3.39,50.84,51.21,0.00,6578.01,5.72
701946,atl,45.250,-38.000,988.49,987.68,6.95,1.78,52.71,58.36,0.00,22310.02,4.54
701946,atl,40.250,-28.500,999.31,998.72,6.88,1.70,42.73,42.73,0.00,0.00,4.55
701946,pac,57.000,212.000,1001.97,1001.75,10.71,1.97,45.16,45.59,0.00,0.00,17.45
701946,pac,40.500,195.000,967.56,967.22,13.48,2.61,39.62,54.05,0.00,17387.32,4.63
701952,atl,68.750,-56.500,1002.75,1002.36,9.05,2.39,49.50,49.50,0.00,0.00,13.18
701952,atl,66.750,-65.750,1002.43,1000.58,5.71,1.96,30.04,37.92,0.00,0.00,13.18
701952,atl,60.250,-63.500,990.79,989.87,11.57,3.12,42.72,51.12,0.00,1141.59,10.47
701952,atl,55.250,-16.500,984.93,984.73,13.92,3.18,56.61,56.61,0.00,45821.41,6.22
701952,atl,54.000,-53.000,983.89,983.37,7.19,1.86,28.50,32.61,0.00,0.00,3.40
701952,atl,53.000,-45.750,985.33,985.15,4.68,0.99,26.80,32.07,0.00,0.00,3.11
701952,atl,48.000,-34.000,983.36,982.65,11.23,2.66,49.80,52.98,0.00,10952.32,5.09
701952,atl,44.500,-25.250,998.17,997.68,4.23,1.08,43.43,43.43,0.00,0.00,3.84
701952,pac,56.250,212.500,996.79,996.61,10.40,1.84,46.33,50.46,0.00,1188.21,11.29
701952,pac,41.000,196.750,967.34,967.07,13.05,2.51,45.29,54.27,0.00,38780.93,4.29
701958,atl,60.250,-66.500,996.57,995.85,10.33,2.84,44.19,44.19,0.00,0.00,8.42
701958,atl,56.750,0.000,991.78,991.47,8.71,2.12,33.21,39.99,0.00,0.00,6.37
701958,atl,56.000,-14.250,985.44,985.28,13.17,2.87,51.11,51.11,0.00,6448.78,5.48
701958,atl,54.000,-47.000,985.87,985.48,5.56,1.38,27.66,44.03,0.00,0.00,3.16
701958,atl,53.250,-53.000,987.40,987.02,5.27,1.34,26.03,27.66,0.00,0.00,3.16
701958,atl,52.250,-34.250,978.81,978.10,12.78,3.50,49.95,59.78,0.00,27077.27,6.17
701958,atl,46.250,-23.000,992.00,991.36,6.38,1.45,46.00,53.28,0.00,6397.82,5.06
701958,pac,55.250,211.250,993.81,993.73,7.81,1.43,47.83,52.75,0.00,9978.92,8.07
701958,pac,41.500,198.750,967.64,967.42,12.04,2.22,49.59,50.10,0.00,1845.38,4.30
701964,atl,59.500,-67.750,1004.65,1004.27,5.60,1.29,38.51,38.97,0.00,0.00,9.00
701964,atl,56.250,6.250,986.30,985.82,13.14,3.34,46.08,46.08,0.00,0.00,7.46
701964,atl,56.000,-13.750,987.06,986.92,10.66,2.59,45.12,45.57,0.00,0.00,4.37
701964,atl,54.750,-49.500,989.47,989.06,4.40,1.11,26.48,57.93,0.00,4822.22,3.37
701964,atl,54.000,-37.250,977.46,976.49,15.48,4.37,56.08,56.08,0.00,18921.16,5.93
701964,atl,48.500,-20.250,985.42,984.51,11.26,2.79,48.18,51.13,0.00,8389.97,4.77
701964,pac,42.250,201.250,966.99,966.88,10.73,1.92,41.35,49.29,0.00,0.00,4.16
701970,atl,55.500,-14.000,985.80,985.68,8.06,2.02,46.86,46.97,0.00,0.00,4.14
701970,atl,54.750,-40.500,977.46,976.70,17.33,5.10,51.49,55.46,0.00,8152.66,6.76
701970,atl,49.250,-18.500,979.20,978.27,15.28,4.58,64.10,64.10,522.08,108457.59,7.78
701970,atl,42.000,-51.250,991.20,990.72,8.16,1.62,47.15,56.06,0.00,37297.74,5.12
701970,atl,41.250,-55.250,990.00,989.66,9.09,2.45,59.81,60.18,0.00,82309.93,5.12
701970,pac,46.000,207.250,965.03,964.89,9.43,1.69,45.28,46.36,0.00,0.00,3.74
701976,atl,66.000,9.750,994.76,994.66,7.72,1.92,36.11,39.81,0.00,0.00,6.97
701976,atl,55.000,-42.500,981.27,980.64,15.64,4.37,49.94,60.69,0.00,23297.28,6.40
701976,atl,51.000,-11.250,976.02,975.09,13.79,3.11,58.97,66.55,5775.05,114513.05,8.15
701976,atl,44.000,-45.500,982.46,980.98,15.10,4.02,53.18,54.37,0.00,54696.52,8.38
701976,atl,42.000,-52.000,987.08,985.75,9.41,2.81,61.36,61.36,0.00,146116.17,9.14
701976,pac,46.250,208.000,963.45,963.30,9.44,1.70,38.30,45.15,0.00,0.00,3.92
701982,atl,65.250,9.500,991.22,991.08,8.27,2.51,36.62,36.62,0.00,0.00,6.76
701982,atl,55.500,-45.500,981.85,981.34,13.70,3.69,53.04,67.36,6004.67,60431.51,7.41
701982,atl,51.500,-7.500,974.53,974.15,14.47,3.32,57.23,58.27,0.00,94775.03,7.12
701982,atl,47.000,-43.250,975.77,974.14,16.54,4.15,48.66,66.77,5642.45,73372.76,10.08
701982,pac,47.750,210.000,964.13,963.99,9.02,1.54,36.18,42.21,0.00,0.00,4.06
701988,atl,64.500,8.000,990.96,990.79,6.20,1.73,28.77,33.09,0.00,0.00,6.05
701988,atl,56.250,-50.000,980.80,980.41,13.76,3.87,60.40,65.30,1589.13,91662.20,6.21
701988,atl,53.250,1.500,978.54,977.86,11.05,2.38,45.82,54.45,0.00,2534.91,6.33
701988,atl,50.750,-2.500,976.73,976.46,15.07,3.07,55.89,56.05,0.00,39820.38,7.07
701988,atl,48.750,-43.000,961.77,960.14,27.83,7.46,61.45,71.22,23297.39,157207.60,13.07
701988,pac,51.000,210.500,965.25,965.17,9.20,1.58,35.98,48.11,0.00,0.00,4.58
701994,atl,63.500,5.250,991.73,991.55,4.71,1.21,29.81,45.23,0.00,0.00,6.60
701994,atl,56.000,-55.750,980.16,979.87,16.62,3.97,52.02,53.96,0.00,12058.27,7.16
701994,atl,53.750,-10.500,997.94,997.63,4.07,1.40,35.72,40.43,0.00,0.00,4.96
701994,atl,51.750,3.250,978.37,977.97,14.16,3.14,47.84,49.06,0.00,0.00,5.50
701994,atl,50.250,-39.750,959.29,958.64,29.64,6.85,79.00,79.00,74544.41,385647.43,12.85
701994,atl,34.250,-70.750,1004.37,1003.72,7.45,1.86,54.50,56.55,0.00,65352.20,3.33
701994,pac,52.250,210.750,966.14,966.04,9.63,1.58,40.55,49.07,0.00,0.00,5.42
702000,atl,54.750,-59.250,984.80,984.57,15.04,3.45,43.26,48.63,0.00,0.00,7.91
702000,atl,52.500,-39.750,958.93,958.52,28.85,5.96,76.33,76.33,102464.25,398942.00,10.84
702000,atl,35.750,-65.750,996.56,995.09,10.76,2.82,63.94,63.94,0.00,82544.41,4.95
702000,pac,63.000,233.250,1004.42,1003.59,8.24,2.88,18.52,25.13,0.00,0.00,17.39
702000,pac,55.250,210.500,966.52,966.38,12.38,2.17,46.83,50.40,0.00,392.21,12.22
702006,atl,53.500,-61.000,988.45,988.25,11.89,2.85,36.28,38.39,0.00,0.00,7.71
702006,atl,53.000,-40.250,958.77,958.25,27.85,5.85,65.24,66.15,23868.35,367119.25,9.43
702006,atl,37.750,-60.500,987.93,986.35,14.07,4.04,66.07,66.07,1228.21,155625.88,6.95
702006,pac,63.000,233.000,1000.44,999.31,8.65,3.05,17.73,24.47,0.00,0.00,18.83
702006,pac,57.000,210.500,967.53,967.40,13.82,2.48,45.70,56.19,0.00,6202.57,22.68
702012,atl,55.500,-23.000,990.21,989.67,9.10,2.26,48.95,52.62,0.00,11056.55,6.27
702012,atl,53.750,-39.000,965.31,964.94,23.34,5.17,60.56,65.04,3853.40,249377.84,7.24
702012,atl,50.000,-62.750,992.81,992.40,8.25,1.76,29.65,33.03,0.00,0.00,5.94
702012,atl,40.250,-55.750,982.71,980.60,16.43,4.80,60.86,60.86,0.00,193937.39,10.48
702012,pac,63.000,233.000,997.48,996.15,8.83,3.41,21.34,28.00,0.00,0.00,17.86
702012,pac,58.000,210.000,969.38,969.13,13.70,2.54,44.37,56.46,0.00,4642.45,21.77
702012,pac,50.500,208.750,971.30,971.04,9.46,2.11,34.17,38.74,0.00,0.00,3.99
702012,pac,49.000,164.000,990.93,990.79,8.72,1.90,40.89,40.89,0.00,0.00,4.21
702018,atl,56.000,-20.000,989.72,988.89,9.23,2.24,46.34,46.34,0.00,0.00,6.46
702018,atl,55.250,-16.250,989.87,988.89,11.10,2.97,46.34,46.34,0.00,0.00,6.46
702018,atl,54.500,-39.250,973.05,972.63,18.59,3.94,58.57,61.69,0.00,227736.73,6.02
702018,atl,49.500,-63.000,992.59,992.27,6.93,1.50,27.67,32.33,0.00,0.00,6.26
702018,atl,43.250,-52.000,975.81,973.59,20.08,6.20,60.98,60.98,0.00,120993.19,13.46
702018,pac,63.250,232.750,995.20,993.41,9.75,3.76,30.92,30.92,0.00,0.00,22.29
702018,pac,58.500,209.500,970.41,969.99,13.93,2.74,39.68,47.54,0.00,0.00,28.86
702018,pac,51.750,209.250,969.64,969.38,11.06,2.80,41.31,41.31,0.00,0.00,4.52
702018,pac,50.750,163.750,987.66,987.51,9.65,1.93,38.43,38.60,0.00,0.00,4.59
702018,pac,41.500,161.000,989.28,988.77,8.32,2.13,52.64,58.00,0.00,58967.44,6.81
702024,atl,56.000,-14.000,989.45,988.61,11.34,2.84,50.01,50.01,0.00,443.24,5.53
702024,atl,54.750,-39.750,980.12,979.78,15.04,3.51,47.09,59.14,0.00,37564.42,5.77
702024,atl,49.250,-63.250,994.79,994.42,5.91,1.41,21.76,30.52,0.00,0.00,6.74
702024,atl,45.250,-48.500,978.85,976.92,15.88,4.83,54.55,56.09,0.00,82490.40,8.81
702024,pac,63.500,233.000,994.63,992.57,9.86,3.76,38.56,38.56,0.00,0.00,27.31
702024,pac,53.750,209.250,968.76,968.43,11.31,2.82,47.86,47.86,0.00,0.00,4.68
702024,pac,51.750,162.500,985.80,985.67,9.96,2.18,38.98,42.61,0.00,0.00,6.66
702024,pac,43.750,166.250,988.50,988.10,6.49,1.55,36.79,50.80,0.00,1181.78,5.01
702024,pac,43.000,216.000,979.80,979.39,8.36,2.03,42.37,51.11,0.00,3011.24,3.36
702030,atl,56.000,-13.000,987.67,986.96,12.84,3.23,49.20,49.20,0.00,0.00,5.75
702030,atl,54.500,-41.750,982.91,982.75,9.77,2.07,41.19,63.71,0.00,44287.97,5.76
702030,atl,48.750,-63.000,995.18,994.83,4.62,1.12,19.36,33.06,0.00,0.00,7.69
702030,atl,48.250,-44.250,975.67,974.15,16.51,5.53,67.21,67.21,10498.46,125910.14,13.51
702030,atl,38.750,-54.000,996.04,995.70,4.19,1.22,41.39,42.39,0.00,0.00,2.69
702030,pac,64.750,227.500,993.46,990.52,9.67,3.60,27.94,31.04,0.00,0.00,24.86
702030,pac,55.500,208.500,968.16,967.91,12.54,3.03,45.79,50.04,0.00,432.13,11.51
702030,pac,52.250,161.500,983.52,983.33,10.77,2.65,38.91,42.84,0.00,0.00,10.70
702030,pac,47.750,170.750,986.30,986.11,7.14,1.55,40.72,40.72,0.00,0.00,4.18
702030,pac,46.500,218.750,974.38,973.95,10.71,2.41,40.60,52.78,0.00,5674.38,6.15
702030,pac,44.250,172.000,986.19,985.92,7.61,1.16,32.18,53.00,0.00,4069.18,4.63
702036,atl,55.750,-11.750,991.58,990.76,11.62,3.43,44.97,44.97,0.00,0.00,6.07
702036,atl,54.750,-43.500,983.56,983.44,10.16,1.91,54.37,63.39,0.00,96466.65,9.27
702036,atl,53.750,2.500,993.31,992.68,9.11,2.43,34.77,41.89,0.00,0.00,4.54
702036,atl,51.250,-39.000,977.20,976.89,16.37,4.55,64.80,64.80,1505.62,112246.19,9.27
702036,atl,39.000,-54.000,994.13,993.65,5.59,1.48,36.87,55.16,0.00,3079.70,4.84
702036,atl,36.750,-58.750,994.37,994.30,5.54,1.08,37.42,49.90,0.00,0.00,4.84
702036,pac,64.750,227.250,994.06,991.59,9.10,3.37,25.49,30.23,0.00,0.00,26.07
702036,pac,56.750,207.750,967.35,967.13,12.54,3.19,44.02,45.76,0.00,0.00,13.62
702036,pac,52.750,160.500,984.18,983.75,9.83,2.51,38.44,46.92,0.00,0.00,12.85
702036,pac,51.500,220.500,966.54,966.23,14.24,2.90,46.88,55.38,0.00,18115.62,6.78
702036,pac,45.000,174.000,982.69,982.46,10.79,2.33,47.00,53.01,0.00,13961.53,5.36
702042,atl,55.500,-48.250,986.84,986.67,11.76,2.63,62.01,66.47,10898.88,66136.38,6.43
702042,atl,55.000,-9.000,995.89,995.41,9.51,3.05,44.28,44.40,0.00,0.00,4.99
702042,atl,53.750,5.500,991.80,991.15,10.61,2.73,35.88,44.72,0.00,0.00,4.61
702042,atl,53.500,-35.000,979.73,979.20,17.58,4.68,61.30,61.30,0.00,78912.95,7.52
702042,atl,53.000,-55.750,989.93,989.61,7.87,1.65,31.61,44.80,0.00,0.00,5.87
702042,atl,38.250,-54.500,988.49,988.35,9.46,1.83,51.28,54.28,0.00,37193.28,5.38
702042,pac,57.500,207.250,966.74,966.48,10.06,2.38,46.17,46.34,0.00,0.00,13.57
702042,pac,55.000,218.500,961.89,961.63,14.28,3.11,55.28,57.86,0.00,41740.48,15.10
702042,pac,50.250,168.750,985.41,985.09,7.95,1.89,45.19,46.62,0.00,0.00,3.57
702042,pac,45.250,176.500,979.43,978.77,13.04,3.31,52.93,56.97,0.00,131206.81,5.71
702048,atl,55.500,-53.000,991.22,990.98,11.76,2.63,55.95,55.95,0.00,27813.87,6.54
702048,atl,54.750,-30.750,985.06,984.64,16.17,3.83,58.00,58.00,0.00,64045.99,5.72
702048,atl,54.250,-4.750,1000.93,1000.64,5.93,1.98,35.19,35.35,0.00,0.00,3.76
702048,atl,53.750,8.500,994.76,994.34,8.92,2.27,30.05,32.30,0.00,0.00,4.39
702048,atl,39.750,-51.250,983.75,982.78,15.97,4.26,66.79,68.97,18081.14,239240.28,8.03
702048,pac,57.500,216.250,960.65,960.27,12.88,2.93,54.48,54.48,0.00,17611.72,13.46
702048,pac,50.000,169.500,986.57,986.12,8.12,2.12,41.34,47.56,0.00,0.00,4.02
702048,pac,45.250,178.500,980.08,979.42,11.76,3.03,56.66,56.66,0.00,111616.74,6.54
702048,pac,43.750,182.750,979.39,978.92,11.29,2.39,45.73,56.26,0.00,94112.67,6.38
702054,atl,67.500,-35.750,1004.97,1003.49,8.94,3.68,26.80,27.27,0.00,0.00,18.63
702054,atl,55.500,-23.750,989.23,988.75,12.22,2.72,54.84,54.84,0.00,34971.24,4.15
702054,atl,54.750,-57.250,992.61,992.36,11.78,2.67,49.54,49.54,0.00,0.00,6.58
702054,atl,54.000,-1.500,1002.31,1001.99,4.45,1.57,25.91,29.76,0.00,0.00,3.11
702054,atl,50.500,-63.250,994.08,993.59,9.65,2.02,35.07,40.51,0.00,0.00,5.44
702054,atl,43.250,-46.750,976.06,974.05,22.82,6.89,69.50,69.50,29706.52,280187.92,15.02
702054,pac,64.750,227.250,983.11,980.18,10.89,3.76,26.57,31.16,0.00,0.00,28.55
702054,pac,59.250,211.250,961.84,961.21,12.37,2.46,53.38,53.38,0.00,7341.26,20.27
702054,pac,50.750,167.750,988.49,988.00,7.71,1.86,38.28,43.34,0.00,0.00,3.79
702054,pac,44.000,184.250,976.71,975.93,12.39,2.88,53.39,55.28,0.00,105399.53,6.02
702060,atl,67.500,-35.500,1003.50,1001.85,10.68,4.33,36.34,36.91,0.00,0.00,23.98
702060,atl,55.500,-19.750,992.15,991.74,10.41,2.58,45.95,45.95,0.00,0.00,4.41
702060,atl,54.500,-12.250,994.22,993.57,8.07,2.05,41.98,45.95,0.00,0.00,4.41
702060,atl,54.500,-0.500,1000.52,1000.26,4.10,1.14,31.27,40.04,0.00,0.00,3.88
702060,atl,53.500,-59.750,994.28,993.98,11.29,2.69,42.85,44.69,0.00,0.00,7.33
702060,atl,49.750,-64.500,996.58,996.41,9.75,2.12,28.43,35.09,0.00,0.00,7.37
702060,atl,46.500,-43.000,971.84,970.99,27.76,7.70,80.44,80.71,93684.56,180618.66,14.10
702060,pac,64.000,233.000,988.15,984.84,8.47,2.75,25.24,34.41,0.00,0.00,29.74
702060,pac,62.500,208.750,966.07,964.63,15.73,3.85,39.33,53.65,0.00,368.73,20.09
702060,pac,62.500,221.000,975.06,973.34,12.66,3.61,53.65,53.65,0.00,1480.85,29.74
702060,pac,59.750,200.500,973.94,972.65,7.14,1.20,35.82,47.53,0.00,0.00,18.59
702060,pac,50.750,167.500,991.29,990.83,7.31,1.75,38.63,39.95,0.00,0.00,3.49
702060,pac,43.500,190.250,973.99,973.51,12.39,2.61,52.06,60.89,0.00,71245.73,5.46
702060,pac,38.500,173.500,997.02,996.60,5.76,1.52,46.44,48.55,0.00,0.00,3.52
702066,atl,67.250,-35.500,1003.08,999.97,9.42,3.84,42.09,42.09,0.00,0.00,24.88
702066,atl,53.000,-61.750,996.45,996.24,10.80,2.44,34.75,40.62,0.00,0.00,7.51
702066,atl,51.750,2.750,994.49,993.93,11.05,2.24,37.14,39.97,0.00,0.00,5.40
702066,atl,48.500,-37.750,973.01,972.43,24.87,5.60,81.49,81.49,128778.53,281358.60,15.64
702066,atl,48.250,-65.000,998.90,998.52,8.20,1.78,28.70,31.42,0.00,0.00,6.18
702066,pac,64.250,214.000,975.82,974.23,14.45,3.68,55.51,55.51,0.00,1730.07,26.48
702066,pac,64.000,233.500,989.40,986.35,7.66,2.55,30.63,35.04,0.00,0.00,28.60
702066,pac,61.750,206.250,972.58,971.22,10.81,3.15,46.38,55.51,0.00,1034.42,15.83
702066,pac,58.500,199.500,977.53,977.23,6.31,1.35,34.57,45.04,0.00,0.00,13.72
702066,pac,58.000,210.000,977.23,977.04,5.99,1.43,36.95,39.65,0.00,0.00,13.72
702066,pac,50.750,165.250,993.10,992.68,7.33,1.68,42.58,42.58,0.00,0.00,4.70
702066,pac,44.000,191.250,971.76,971.12,12.54,2.71,50.25,63.70,0.00,60511.14,6.12
702066,pac,37.750,180.500,992.63,991.87,5.79,1.93,53.19,60.87,0.00,83262.88,4.68
702072,atl,66.750,-36.500,1003.74,1000.85,7.72,3.21,53.96,53.96,0.00,1257.25,24.80
702072,atl,62.250,-45.000,1004.77,1004.08,5.48,1.85,35.67,53.96,0.00,942.94,15.30
702072,atl,52.750,-63.500,1001.01,1000.77,10.19,2.35,31.19,40.28,0.00,0.00,7.76
702072,atl,51.750,8.250,991.04,990.54,13.41,3.07,40.42,41.02,0.00,0.00,7.65
702072,atl,50.750,-33.000,972.24,971.88,23.41,5.25,67.63,78.17,127134.98,257619.67,9.26
702072,pac,65.250,219.750,986.14,984.75,10.54,3.16,37.16,37.16,0.00,0.00,27.32
702072,pac,64.500,214.750,984.69,983.90,9.74,2.31,37.16,41.97,0.00,0.00,25.36
702072,pac,64.250,233.250,993.05,990.12,5.18,1.89,27.55,30.40,0.00,0.00,23.33
702072,pac,60.000,208.250,979.78,979.25,7.21,2.07,41.97,41.97,0.00,0.00,12.95
702072,pac,58.000,198.250,980.63,980.43,6.08,1.44,28.73,40.81,0.00,0.00,5.04
702072,pac,51.000,161.500,996.09,995.65,7.71,2.05,40.63,40.63,0.00,0.00,8.24
702072,pac,46.750,177.000,990.18,989.70,5.96,1.58,40.21,43.73,0.00,0.00,2.82
702072,pac,45.000,196.750,973.82,973.36,9.14,1.95,42.04,48.15,0.00,0.00,3.89
702078,atl,66.500,-36.750,1002.23,999.94,6.71,2.59,50.38,50.38,0.00,314.31,20.15
702078,atl,62.250,-44.750,1001.83,1001.21,6.07,1.98,38.73,50.38,0.00,314.31,13.73
702078,atl,52.000,-26.500,973.75,973.37,19.33,3.73,68.53,77.56,122765.58,259781.83,7.92
702078,atl,49.750,-64.750,1004.65,1004.26,6.70,1.34,21.84,27.46,0.00,0.00,6.13
702078,pac,65.250,220.500,990.64,989.61,9.35,3.03,27.11,32.66,0.00,0.00,23.57
702078,pac,64.500,214.250,989.16,987.60,8.60,1.94,28.46,34.85,0.00,0.00,25.47
702078,pac,62.000,205.750,984.20,982.64,7.51,2.02,33.06,34.85,0.00,0.00,12.94
702078,pac,58.250,197.250,982.67,982.43,6.31,1.60,28.33,40.05,0.00,0.00,4.75
702078,pac,46.500,177.250,988.88,988.40,6.39,1.66,34.31,35.37,0.00,0.00,2.94
702078,pac,45.500,198.000,971.78,971.23,9.20,2.26,42.11,46.46,0.00,0.00,4.21
702084,atl,62.250,-47.000,1001.44,1000.43,7.75,2.40,31.03,37.00,0.00,0.00,10.46
702084,atl,53.250,-20.500,974.42,973.98,18.48,3.42,63.88,72.30,47062.05,223722.66,6.57
702084,pac,65.500,220.250,997.14,996.33,8.64,2.77,21.80,40.90,0.00,0.00,22.56
702084,pac,65.000,227.500,1000.94,998.10,4.96,2.09,25.17,28.74,0.00,0.00,18.31
702084,pac,64.500,212.750,994.87,992.69,7.80,2.09,39.47,40.90,0.00,0.00,21.88
702084,pac,63.250,235.250,1002.77,1001.37,4.52,1.69,26.50,26.84,0.00,0.00,16.11
702084,pac,51.000,204.250,972.48,972.14,10.52,2.48,34.77,45.64,0.00,0.00,4.70
702084,pac,46.000,177.250,986.91,986.41,7.67,1.99,40.02,40.76,0.00,0.00,3.60
702084,pac,45.250,198.250,970.26,969.70,9.42,2.54,45.13,45.13,0.00,0.00,4.87
702084,pac,38.750,161.000,1002.88,1001.93,5.17,1.72,51.62,51.62,0.00,3626.54,6.18
702084,pac,38.750,220.750,1002.51,1001.87,6.41,1.90,47.38,47.38,0.00,0.00,4.23
702090,atl,64.750,-30.000,1002.72,1002.45,4.04,1.20,33.73,36.90,0.00,0.00,11.93
702090,atl,64.500,-44.250,1002.52,1002.08,5.32,1.75,29.43,42.18,0.00,0.00,11.93
702090,atl,63.500,-48.000,1002.21,1001.73,7.03,1.67,33.47,42.18,0.00,0.00,10.20
702090,atl,55.250,-49.250,1001.75,1001.17,5.14,1.63,29.99,31.92,0.00,0.00,3.06
702090,atl,53.750,-15.500,975.22,974.87,17.81,3.57,58.02,63.62,0.00,199410.27,6.26
702090,atl,49.750,-52.000,1004.70,1004.24,4.63,1.70,29.47,29.77,0.00,0.00,4.41
702090,atl,47.000,-40.500,1001.12,1000.13,9.85,3.26,40.97,40.97,0.00,0.00,6.86
702090,pac,66.000,219.750,1003.87,1002.81,6.81,2.40,25.25,38.05,0.00,0.00,23.48
702090,pac,55.000,204.500,970.65,970.37,13.60,3.27,39.75,46.93,0.00,0.00,8.01
702090,pac,45.000,177.000,984.71,984.35,9.04,2.48,43.71,43.71,0.00,0.00,3.96
702090,pac,44.500,198.750,972.08,971.58,8.57,2.41,45.24,45.24,0.00,0.00,6.12
702090,pac,42.750,222.000,998.00,997.54,9.14,2.58,54.76,55.47,0.00,18080.41,5.50
702090,pac,41.250,204.250,973.16,972.52,10.83,2.49,51.64,56.65,0.00,115336.57,5.98
702090,pac,37.750,168.000,999.51,999.19,4.43,1.19,58.66,58.66,0.00,63594.17,6.49
702096,atl,67.750,-36.500,1002.99,1001.76,5.65,2.21,33.85,39.01,0.00,0.00,16.11
702096,atl,65.750,-27.500,1002.99,1002.83,5.61,1.97,39.96,41.64,0.00,0.00,16.11
702096,atl,64.250,-43.500,1001.01,1000.55,6.64,2.52,25.41,42.64,0.00,0.00,14.59
702096,atl,55.000,-50.500,1001.14,1000.62,7.03,2.00,32.96,32.96,0.00,0.00,3.83
702096,atl,54.250,-9.750,979.61,979.40,15.18,2.80,51.58,56.96,0.00,74880.28,6.24
702096,atl,48.750,-37.750,995.99,994.00,13.92,4.81,54.91,54.91,0.00,10438.74,11.16
702096,atl,32.500,-62.250,1004.65,1004.19,7.24,1.61,70.52,70.52,7358.21,38892.13,4.14
702096,pac,58.750,203.750,969.68,969.28,16.72,4.04,49.80,61.38,0.00,2247.87,19.83
702096,pac,44.750,204.250,970.73,970.56,11.60,2.02,36.52,51.52,0.00,2846.43,7.02
702096,pac,43.750,179.000,983.86,983.53,8.20,2.07,49.32,49.32,0.00,0.00,4.03
702102,atl,67.750,-36.750,1004.13,1003.07,5.40,1.70,41.74,43.72,0.00,0.00,24.52
702102,atl,65.250,-28.500,1003.70,1003.60,5.65,1.80,43.00,46.31,0.00,0.00,16.91
702102,atl,64.000,-43.250,999.27,997.57,7.97,3.04,29.58,44.40,0.00,0.00,24.52
702102,atl,54.500,-51.000,1001.00,1000.66,7.87,2.13,32.22,34.76,0.00,0.00,4.42
702102,atl,54.000,-4.750,984.22,984.00,12.50,2.40,45.94,51.13,0.00,7975.99,4.99
702102,atl,50.250,-35.000,991.35,990.60,16.37,5.24,64.13,64.13,1024.11,45190.01,10.79
702102,atl,34.750,-58.750,997.31,996.54,10.70,2.44,89.43,89.43,12884.17,58311.99,7.90
702102,pac,61.500,201.000,973.14,972.66,14.54,2.88,38.95,58.53,0.00,7472.44,22.80
702102,pac,46.000,205.750,971.24,970.89,13.57,2.66,41.34,55.55,0.00,7470.10,5.72
702102,pac,44.750,184.750,983.84,983.72,5.10,1.07,35.79,47.04,0.00,0.00,3.54
702102,pac,42.250,181.750,983.48,983.04,7.58,1.79,51.49,51.49,0.00,5895.82,3.61
702102,pac,37.250,189.750,988.19,987.39,6.47,2.02,58.11,58.11,0.00,42173.74,3.98
702108,atl,66.250,-29.500,1004.53,1004.20,8.04,2.48,52.95,52.95,0.00,17960.00,18.12
702108,atl,62.500,-44.750,999.72,997.54,8.75,3.06,25.45,44.67,0.00,0.00,23.07
702108,atl,53.750,0.750,991.00,990.81,10.66,1.94,41.52,46.33,0.00,0.00,4.68
702108,atl,53.000,-51.000,1003.95,1003.43,6.73,2.20,36.77,39.26,0.00,0.00,4.60
702108,atl,51.250,-32.250,988.27,987.71,18.56,5.54,62.34,62.34,0.00,80092.55,8.65
702108,atl,45.250,-23.000,1004.71,1003.96,8.54,2.45,37.34,39.05,0.00,0.00,3.90
702108,atl,38.750,-53.750,988.87,987.83,16.48,3.73,73.55,73.55,10487.62,80494.88,8.00
702108,pac,63.500,198.750,976.54,976.20,14.15,2.78,40.45,56.92,0.00,6760.29,15.92
702108,pac,63.500,207.250,981.19,980.32,10.76,2.47,57.56,57.56,0.00,7309.79,18.88
702108,pac,58.250,166.000,1003.91,1003.49,5.15,1.82,36.90,41.90,0.00,0.00,7.82
702108,pac,47.000,206.750,969.06,968.61,16.97,4.20,40.23,54.32,0.00,25949.02,6.15
702108,pac,41.500,185.500,982.32,982.03,6.97,1.54,43.29,44.69,0.00,0.00,3.32
702108,pac,38.750,195.750,982.34,981.46,9.91,2.87,59.92,59.92,0.00,84282.05,5.67
702114,atl,62.500,-44.500,1002.67,1001.33,6.34,1.71,26.92,42.80,0.00,0.00,14.93
702114,atl,53.250,3.250,996.40,996.17,9.36,1.73,38.71,43.83,0.00,0.00,4.33
702114,atl,52.250,-29.250,986.90,986.18,17.73,4.86,59.67,59.67,0.00,95690.38,7.29
702114,atl,52.000,-49.500,1003.93,1003.36,5.32,2.00,34.18,36.24,0.00,0.00,3.91
702114,atl,46.500,-19.250,1001.37,1000.80,9.66,2.80,38.28,38.54,0.00,0.00,4.04
702114,atl,40.500,-51.750,976.67,974.33,24.74,7.64,74.65,74.65,15222.34,213280.91,17.01
702114,pac,64.250,196.500,980.28,979.87,13.17,2.61,51.58,56.74,0.00,10776.03,13.94
702114,pac,64.250,210.000,987.70,987.15,6.36,2.01,47.73,47.73,0.00,0.00,18.79
702114,pac,58.000,165.500,1001.31,1000.85,5.48,1.96,36.61,40.19,0.00,0.00,6.81
702114,pac,48.250,207.750,971.32,970.98,14.73,3.63,43.66,47.16,0.00,0.00,5.41
702114,pac,41.250,189.250,982.90,982.70,5.79,1.21,36.27,42.62,0.00,0.00,2.76
702114,pac,41.000,200.750,977.88,976.00,13.34,4.52,58.64,58.64,0.00,53535.53,10.48
702120,atl,61.750,-39.500,1002.33,1001.90,5.16,1.85,37.63,43.04,0.00,0.00,7.04
702120,atl,53.500,-27.750,986.59,985.97,16.57,4.21,55.89,55.89,0.00,55381.36,5.99
702120,atl,53.000,4.750,1000.62,1000.35,8.33,1.67,36.22,39.89,0.00,0.00,3.55
702120,atl,51.500,-48.750,1002.36,1001.93,4.67,1.66,29.21,30.59,0.00,0.00,3.11
702120,atl,48.000,-15.000,998.41,997.97,10.99,3.11,45.20,45.20,0.00,0.00,4.42
702120,atl,41.250,-48.500,976.49,974.16,24.08,7.16,85.51,85.51,63396.67,360342.11,16.30
702120,pac,57.750,165.000,1000.10,999.69,5.44,2.03,41.22,41.22,0.00,0.00,6.61
702120,pac,50.750,207.250,974.93,974.84,10.56,2.09,39.68,44.71,0.00,0.00,5.47
702120,pac,43.500,204.500,977.95,975.50,12.65,4.64,62.01,62.01,0.00,79457.20,11.63
702120,pac,41.500,192.000,984.30,984.03,5.11,1.08,34.47,34.50,0.00,0.00,2.61
702126,atl,62.000,-39.000,999.43,999.01,6.91,2.50,45.78,45.78,0.00,0.00,8.97
702126,atl,54.250,-26.500,987.54,987.15,13.38,3.29,49.22,49.22,0.00,0.00,4.54
702126,atl,52.750,6.000,1004.36,1004.07,6.64,1.48,34.49,35.87,0.00,0.00,3.37
702126,atl,49.500,-11.000,992.93,992.20,14.06,4.18,46.24,46.53,0.00,0.00,7.26
702126,atl,42.750,-44.000,974.83,973.78,22.98,6.38,73.58,73.58,110925.52,353383.26,10.32
702126,pac,57.500,164.750,997.63,997.15,4.87,2.05,42.27,42.27,0.00,0.00,7.18
702126,pac,54.000,205.750,974.51,974.32,11.08,2.27,36.65,38.43,0.00,0.00,8.62
702126,pac,47.250,229.750,1001.88,1001.54,9.73,2.44,30.01,33.05,0.00,0.00,7.49
702126,pac,45.750,208.750,983.59,982.44,8.32,2.96,51.24,51.24,0.00,8260.54,5.50
702126,pac,44.750,194.000,986.03,985.84,4.53,0.98,28.09,34.70,0.00,0.00,2.48
702126,pac,41.750,194.500,985.87,985.52,5.33,1.16,37.92,41.93,0.00,0.00,3.62
702126,pac,38.500,198.500,986.98,986.46,7.09,2.12,47.88,49.36,0.00,0.00,4.31
702132,atl,62.500,-45.000,1004.87,1004.30,4.26,1.09,44.11,44.11,0.00,0.00,7.74
702132,atl,62.000,-38.000,999.13,998.71,6.38,2.27,44.11,46.27,0.00,0.00,7.74
702132,atl,54.750,-25.500,989.88,989.59,8.86,2.13,40.61,41.14,0.00,0.00,3.62
702132,atl,50.250,-7.750,988.80,987.90,18.71,6.04,55.82,55.82,0.00,34540.47,12.20
702132,atl,45.750,-38.750,966.25,965.57,26.87,6.99,63.60,67.48,11408.41,213748.57,12.73
702132,pac,57.500,165.000,995.66,995.29,5.20,2.19,39.48,39.48,0.00,0.00,6.36
702132,pac,55.250,205.500,974.30,974.12,11.18,2.55,46.53,46.53,0.00,0.00,8.19
702132,pac,48.750,211.500,980.74,979.91,10.86,3.47,42.28,42.28,0.00,0.00,6.55
702132,pac,41.250,161.750,963.96,963.36,18.69,4.89,66.58,75.71,49116.59,267448.50,10.89
702132,pac,41.250,167.000,966.33,965.86,14.42,2.86,58.06,67.37,1822.69,165091.44,10.89
702132,pac,40.500,202.250,989.57,988.57,6.22,2.01,55.78,55.78,0.00,28853.46,5.78
702138,atl,63.750,-36.500,998.33,998.06,7.97,2.35,54.01,54.01,0.00,3189.27,12.38
702138,atl,62.500,-44.500,1002.68,1001.77,4.06,1.32,34.87,46.88,0.00,0.00,10.10
702138,atl,50.000,-3.500,993.95,993.53,14.96,4.23,61.56,61.56,0.00,33237.23,9.01
702138,atl,47.250,-34.000,964.67,964.34,23.95,6.10,61.46,67.88,14994.61,225960.13,13.99
702138,pac,57.250,166.000,992.57,992.14,5.79,2.26,39.08,39.08,0.00,0.00,6.28
702138,pac,56.750,205.500,973.63,973.38,12.49,2.88,44.19,44.19,0.00,0.00,7.84
702138,pac,42.750,169.250,952.90,951.11,22.49,5.05,61.06,80.01,38441.24,216192.44,9.04
702138,pac,42.250,206.500,994.71,993.94,5.66,1.92,56.19,56.19,0.00,19289.94,5.21
702144,atl,51.750,1.250,1001.06,1000.82,8.99,1.49,37.34,49.33,0.00,0.00,5.49
702144,atl,50.250,-31.250,962.48,962.28,20.64,4.54,67.66,71.26,66044.52,186228.39,11.18
702144,atl,35.500,-74.750,1002.88,1000.67,13.76,3.97,47.72,52.47,0.00,11694.71,10.89
702144,pac,59.750,202.000,975.25,974.78,11.68,2.30,37.37,44.33,0.00,0.00,11.45
702144,pac,57.250,167.000,990.45,989.96,6.35,2.34,42.90,42.90,0.00,0.00,7.40
702144,pac,46.000,198.250,994.98,994.74,4.05,1.12,31.46,38.84,0.00,0.00,2.58
702144,pac,43.000,170.000,944.37,942.90,27.87,7.20,66.51,81.46,85300.98,361125.44,12.86
702150,atl,62.000,-45.250,998.64,997.61,4.68,1.53,41.39,41.49,0.00,0.00,11.18
702150,atl,52.500,-24.250,960.83,960.43,19.61,3.61,67.89,68.18,42872.16,250380.50,8.52
702150,atl,52.500,2.500,1003.70,1003.45,8.20,1.65,36.77,40.55,0.00,0.00,4.01
702150,atl,36.750,-73.000,992.74,991.31,22.63,7.00,70.11,70.11,11972.76,143074.16,14.98
702150,pac,62.250,205.000,976.96,976.25,10.61,2.01,39.38,45.57,0.00,0.00,14.35
702150,pac,61.750,200.500,976.27,976.00,11.81,2.44,34.91,45.05,0.00,0.00,14.35
702150,pac,58.000,168.000,987.64,986.88,8.74,3.04,41.29,41.29,0.00,0.00,8.58
702150,pac,42.500,173.000,945.12,943.77,24.25,5.54,80.98,80.98,214187.76,452483.30,10.37
702156,atl,55.000,-23.250,959.39,959.02,19.91,3.53,59.80,64.02,403.77,271728.22,7.04
702156,atl,37.250,-70.500,986.29,985.33,26.54,7.62,75.88,75.88,63909.03,313773.30,14.19
702156,pac,65.250,204.250,981.23,980.71,8.53,1.39,32.62,38.91,0.00,0.00,23.79
702156,pac,64.500,199.750,980.73,979.95,10.15,1.61,32.62,38.91,0.00,0.00,23.79
702156,pac,64.250,209.500,981.45,980.73,8.33,2.21,38.91,41.28,0.00,0.00,18.36
702156,pac,62.500,220.500,987.47,986.89,8.86,2.56,42.47,42.47,0.00,0.00,13.57
702156,pac,58.500,168.750,989.70,989.02,6.97,2.31,42.61,42.61,0.00,0.00,9.96
702156,pac,48.250,205.750,1003.19,1002.77,4.18,1.48,35.27,35.27,0.00,0.00,3.59
702156,pac,45.250,177.000,947.06,946.88,19.28,3.27,59.19,79.57,29628.50,305087.75,8.50
702162,atl,56.500,-24.250,956.51,956.13,21.42,4.03,54.70,67.98,15291.40,205595.58,7.49
702162,atl,38.250,-68.250,981.85,981.07,28.63,7.71,73.07,73.07,48776.93,433829.07,13.52
702162,pac,65.750,232.750,990.36,989.61,7.58,1.85,34.56,36.89,0.00,0.00,13.32
702162,pac,64.500,197.000,985.85,985.35,8.92,2.21,33.79,38.83,0.00,0.00,6.37
702162,pac,59.750,169.250,987.89,986.90,10.12,3.58,49.89,49.89,0.00,0.00,10.77
702162,pac,45.750,179.750,946.16,946.03,17.59,2.27,58.71,65.91,7510.54,325801.04,9.42
702168,atl,57.000,-25.250,957.22,956.91,20.70,3.94,50.40,57.55,0.00,33975.18,6.60
702168,atl,38.750,-66.000,979.08,978.39,29.72,7.75,71.18,71.18,75113.68,574456.30,11.32
702168,pac,52.000,160.500,990.15,990.07,5.29,1.61,41.16,41.16,0.00,0.00,6.81
702168,pac,46.000,180.250,947.71,947.55,16.93,2.39,52.32,75.28,52064.03,228658.05,8.19
702174,atl,57.750,-26.000,958.44,957.97,19.26,3.75,46.68,51.38,0.00,3318.81,6.23
702174,atl,39.250,-63.250,977.80,977.06,27.06,6.47,67.97,67.99,87410.94,506831.92,11.10
702174,pac,51.750,160.750,989.14,988.93,6.59,2.08,43.75,43.75,0.00,0.00,5.80
702174,pac,47.750,184.250,948.91,948.73,13.77,1.72,39.65,66.30,3346.98,63788.34,6.87
702180,atl,58.500,-27.250,962.38,961.83,17.41,3.33,46.80,55.80,0.00,37303.20,6.52
702180,atl,39.500,-60.500,973.74,972.99,27.54,6.55,68.04,68.85,108729.72,523430.61,8.87
702180,pac,52.000,161.750,988.11,987.75,7.50,2.50,45.81,45.81,0.00,0.00,6.23
702180,pac,49.250,184.500,950.49,950.25,12.92,1.84,27.02,53.91,0.00,15450.97,5.62
702186,atl,65.750,-52.250,1001.42,1000.36,10.14,3.12,43.54,43.54,0.00,0.00,18.27
702186,atl,59.500,-28.250,962.86,962.52,18.46,3.54,53.38,62.00,0.00,108537.31,7.93
702186,atl,39.500,-57.750,971.94,971.35,25.14,5.78,66.56,67.44,50184.97,492066.94,9.79
702186,pac,52.250,162.750,985.80,985.29,8.56,2.90,46.42,46.42,0.00,0.00,7.02
702186,pac,50.000,184.500,951.47,951.14,12.52,1.91,25.87,50.37,0.00,927.43,5.33
702192,atl,63.750,-53.500,1002.82,1002.57,6.60,1.90,37.10,37.77,0.00,0.00,15.16
702192,atl,59.500,-31.250,965.39,965.23,19.55,3.68,55.57,61.88,0.00,122431.47,7.44
702192,atl,39.750,-55.000,972.64,972.15,22.15,5.06,69.40,69.40,27668.23,474723.83,8.13
702192,pac,52.250,163.750,983.47,982.87,9.69,3.40,49.66,49.66,0.00,0.00,8.09
702192,pac,50.750,185.750,955.76,955.68,10.57,1.46,29.88,48.14,0.00,0.00,4.77
702198,atl,59.000,-33.250,966.40,966.09,20.29,3.98,53.51,63.08,0.00,169747.39,8.51
702198,atl,49.250,-8.750,996.88,996.59,5.40,1.30,47.66,47.66,0.00,0.00,3.63
702198,atl,39.750,-52.000,970.36,969.77,20.22,4.77,66.58,66.58,15403.76,345269.65,7.31
702198,pac,54.250,185.250,958.42,958.35,10.31,1.43,32.65,42.78,0.00,0.00,5.92
702198,pac,52.500,164.750,979.51,978.24,11.57,4.20,53.04,53.04,0.00,8071.64,10.45
702198,pac,47.250,202.250,984.75,984.43,5.02,1.33,38.05,41.96,0.00,0.00,4.11
702204,atl,58.500,-34.500,973.27,972.90,18.05,3.90,51.24,61.56,0.00,104956.47,7.36
702204,atl,51.750,-6.250,995.10,994.69,8.12,2.57,38.62,38.62,0.00,0.00,4.87
702204,atl,39.750,-48.000,970.30,969.70,17.33,4.13,61.10,61.54,0.00,279295.07,7.03
702204,pac,55.000,184.000,961.09,960.98,10.57,1.77,32.74,39.90,0.00,0.00,3.90
702204,pac,52.750,165.750,976.29,975.03,13.26,4.78,57.20,57.20,0.00,12612.62,11.59
702204,pac,50.250,203.500,984.80,984.11,5.40,1.88,41.82,43.06,0.00,0.00,4.42
702210,atl,58.250,-34.000,977.76,977.46,15.28,3.31,52.85,55.20,0.00,69222.08,5.84
702210,atl,58.250,-2.000,994.83,994.69,9.54,2.32,53.35,58.43,0.00,35164.14,16.69
702210,atl,54.000,-3.250,995.63,995.25,7.70,2.07,37.14,37.14,0.00,0.00,3.91
702210,atl,41.250,-44.000,968.86,968.25,14.99,3.32,54.44,57.65,0.00,127152.62,5.57
702210,pac,56.000,183.000,962.28,962.13,10.64,1.75,33.96,36.44,0.00,0.00,4.48
702210,pac,52.750,166.500,973.48,972.30,14.33,5.02,56.62,56.62,0.00,19956.86,11.68
702210,pac,39.250,198.000,986.96,986.78,5.66,1.10,40.51,47.81,0.00,0.00,5.52
702216,atl,59.500,-2.250,994.13,993.85,11.09,2.85,51.38,56.78,0.00,23838.98,18.37
702216,atl,58.500,-33.250,984.06,983.74,11.58,2.77,41.73,52.47,0.00,3448.07,4.88
702216,atl,43.500,-41.750,969.81,969.47,13.57,2.45,52.57,60.61,0.00,77430.00,7.29
702216,pac,57.000,181.250,966.31,966.24,10.52,1.87,36.20,44.21,0.00,0.00,5.19
702216,pac,53.000,167.500,971.59,970.38,14.94,4.79,60.04,60.04,0.00,25083.66,10.25
702216,pac,41.750,201.250,983.84,983.41,7.99,1.85,45.48,45.65,0.00,0.00,3.20
702216,pac,36.250,161.250,992.98,991.98,10.59,2.95,50.39,53.06,0.00,7645.95,4.81
702222,atl,63.500,-51.500,1001.30,1001.03,5.38,1.60,41.69,50.71,0.00,365.77,14.67
702222,atl,61.250,-55.500,1001.42,1001.00,5.35,1.30,26.96,44.30,0.00,0.00,8.90
702222,atl,60.250,-2.000,993.66,993.26,12.25,3.19,50.68,57.09,0.00,20594.48,19.61
702222,atl,59.500,-33.000,988.39,988.12,9.29,2.20,32.78,53.52,0.00,763.99,5.57
702222,atl,45.250,-40.000,968.89,968.47,13.92,2.56,50.54,56.81,0.00,88303.73,6.58
702222,pac,63.750,209.000,999.34,998.22,5.79,2.53,54.18,55.49,0.00,2913.99,19.13
702222,pac,57.750,179.500,967.56,967.48,11.19,2.24,35.33,50.34,0.00,1129.83,5.95
702222,pac,53.250,168.250,970.40,969.24,14.52,4.65,57.71,57.71,0.00,21581.46,8.77
702222,pac,45.000,202.250,980.56,980.17,10.36,2.42,42.27,42.27,0.00,0.00,4.18
702222,pac,37.000,166.500,988.43,987.44,11.23,3.01,48.68,51.41,0.00,9567.75,5.45
702228,atl,60.750,-56.000,1001.63,1001.22,5.12,1.52,30.35,37.42,0.00,0.00,8.61
702228,atl,60.750,-0.750,996.01,995.66,12.28,3.23,47.84,53.06,0.00,1635.16,16.52
702228,atl,46.750,-38.750,969.90,969.45,14.95,3.36,51.31,57.73,0.00,45291.26,6.08
702228,atl,35.500,-71.500,999.65,999.13,8.95,2.27,60.92,60.92,0.00,21463.04,5.50
702228,pac,64.250,209.750,1003.89,1002.81,4.04,1.56,44.53,44.53,0.00,0.00,16.35
702228,pac,60.000,175.750,971.44,970.99,12.15,2.83,46.65,46.65,0.00,0.00,12.35
702228,pac,53.000,169.000,970.86,969.98,14.20,4.37,54.04,54.04,0.00,9103.11,7.27
702228,pac,47.250,201.000,974.15,973.57,14.60,3.46,34.36,34.97,0.00,0.00,5.60
702228,pac,38.250,172.250,983.60,982.59,13.60,3.59,51.24,52.73,0.00,9402.32,6.27
702234,atl,61.000,0.750,998.04,997.61,12.15,3.51,48.30,48.30,0.00,0.00,13.76
702234,atl,60.500,-56.000,1001.08,1000.73,4.62,1.49,30.99,30.99,0.00,0.00,6.67
702234,atl,53.250,-38.500,975.36,975.07,9.92,2.04,37.75,43.64,0.00,0.00,4.32
702234,atl,48.000,-37.500,971.63,971.20,13.35,3.17,50.85,53.83,0.00,47682.36,6.93
702234,atl,38.000,-67.500,989.82,988.56,14.87,4.05,66.00,66.00,5588.71,95442.96,7.08
702234,pac,60.250,174.500,973.68,972.91,11.75,2.87,48.33,48.33,0.00,0.00,10.84
702234,pac,53.250,170.750,970.22,969.38,13.98,4.23,49.19,49.19,0.00,0.00,6.82
702234,pac,47.750,200.750,971.43,970.80,16.05,4.11,42.78,42.78,0.00,0.00,7.32
702234,pac,40.250,176.500,974.58,973.02,18.62,5.39,57.08,57.11,0.00,73530.09,11.79
702240,atl,61.250,2.000,1000.58,999.93,12.11,3.76,45.18,45.18,0.00,0.00,11.99
702240,atl,60.500,-56.000,1001.72,1001.35,4.54,1.45,31.89,37.51,0.00,0.00,7.36
702240,atl,49.500,-36.250,973.25,972.55,13.76,3.45,48.44,54.69,0.00,35291.70,6.96
702240,atl,40.000,-63.000,977.82,976.06,23.30,6.62,70.39,70.39,18130.73,258620.07,12.42
702240,pac,54.000,171.500,972.32,971.46,12.62,3.60,43.64,43.64,0.00,0.00,5.70
702240,pac,48.750,202.250,970.75,970.41,16.89,3.98,53.68,53.68,0.00,23878.16,8.03
702240,pac,41.500,179.500,959.45,957.95,31.60,9.77,77.38,77.38,26030.29,204227.20,18.89
702246,atl,61.250,3.250,1003.46,1002.77,10.86,3.41,40.34,40.34,0.00,0.00,12.21
702246,atl,50.250,-34.500,975.81,975.19,12.32,3.08,49.11,52.14,0.00,2671.90,6.59
702246,atl,42.000,-59.500,963.70,961.10,33.23,9.55,87.82,87.82,101602.15,431137.72,21.44
702246,pac,54.750,172.000,973.40,972.50,12.50,3.61,41.33,41.33,0.00,0.00,5.48
702246,pac,51.000,200.000,972.44,972.10,16.05,3.38,44.91,46.63,0.00,0.00,6.06
702246,pac,42.500,183.000,954.70,953.13,34.01,10.21,75.52,75.90,47840.27,286261.14,15.72
702246,pac,41.250,217.250,998.09,997.88,7.34,1.77,45.15,45.15,0.00,0.00,3.97
702246,pac,34.250,217.500,997.42,996.67,8.69,2.36,53.81,53.81,0.00,3191.90,3.82
702252,atl,57.000,-40.750,982.22,982.06,9.32,1.99,54.36,54.36,0.00,20607.87,9.01
702252,atl,51.250,-32.250,980.65,980.36,10.66,2.62,51.92,51.92,0.00,7525.50,6.04
702252,atl,43.000,-55.750,954.05,952.28,39.22,11.15,92.06,92.06,185391.06,598487.77,20.24
702252,pac,55.500,172.000,974.61,973.88,13.16,3.89,44.36,44.36,0.00,0.00,6.50
702252,pac,53.750,197.750,975.58,975.23,14.17,3.03,44.28,49.15,0.00,0.00,6.65
702252,pac,43.250,216.750,998.26,998.00,8.41,2.05,38.38,38.38,0.00,0.00,3.64
702252,pac,42.750,185.750,957.46,956.03,30.71,8.46,76.49,76.49,148116.96,407148.59,11.13
702252,pac,37.000,219.750,996.38,995.74,8.55,1.98,48.50,48.50,0.00,0.00,4.45
702258,atl,58.250,-23.500,985.97,985.60,8.46,1.68,28.91,47.69,0.00,0.00,5.59
702258,atl,56.750,-42.750,983.10,982.89,8.89,2.23,59.20,59.38,0.00,27655.52,14.87
702258,atl,44.750,-52.250,952.89,951.54,37.87,10.50,79.97,82.16,170590.16,413215.77,14.52
702258,pac,61.250,187.750,975.98,975.70,13.67,3.12,42.50,42.89,0.00,0.00,9.29
702258,pac,56.500,172.000,975.21,974.49,12.85,3.71,42.33,42.33,0.00,0.00,5.83
702258,pac,52.750,162.250,987.09,986.77,5.43,1.83,38.78,38.78,0.00,0.00,7.79
702258,pac,43.500,189.000,958.78,957.61,28.26,7.16,69.86,69.86,81121.88,333022.87,8.94
702258,pac,36.000,220.500,995.80,995.49,9.13,1.93,45.76,47.59,0.00,0.00,4.02
702264,atl,59.750,-23.500,986.16,985.80,10.28,2.14,35.38,57.27,0.00,20983.51,12.06
702264,atl,56.500,-44.250,983.92,983.58,8.69,2.69,54.23,55.29,0.00,19568.78,12.23
702264,atl,46.000,-48.750,958.35,956.92,30.68,7.94,71.13,76.90,108103.21,359410.48,11.15
702264,pac,63.750,183.000,978.09,977.50,15.27,3.94,44.00,44.00,0.00,0.00,14.20
702264,pac,57.500,171.750,977.03,976.29,13.08,3.67,44.40,44.40,0.00,0.00,7.11
702264,pac,52.750,162.500,987.06,986.51,6.83,2.10,35.35,35.35,0.00,0.00,9.00
702264,pac,44.250,191.000,961.25,960.18,26.76,6.64,54.44,64.50,3510.33,199567.43,7.85
702264,pac,35.500,162.500,1002.34,1001.73,5.41,1.74,45.82,46.26,0.00,0.00,4.07
702264,pac,34.500,222.250,994.01,993.76,9.29,2.17,48.26,48.26,0.00,0.00,4.05
702270,atl,60.750,-23.500,985.89,985.54,10.84,2.46,43.74,43.81,0.00,0.00,11.08
702270,atl,55.750,-46.000,982.11,981.75,7.03,2.22,47.98,55.14,0.00,14235.21,9.89
702270,atl,47.500,-46.250,960.16,959.17,26.66,6.42,68.06,72.87,98039.64,286295.22,8.81
702270,pac,65.250,180.500,982.02,980.84,13.92,4.01,38.87,41.67,0.00,0.00,10.48
702270,pac,58.500,171.000,979.94,979.29,12.90,3.57,42.04,42.04,0.00,0.00,7.52
702270,pac,53.000,163.750,987.07,986.57,7.34,2.18,34.35,34.35,0.00,0.00,8.34
702270,pac,44.750,192.250,964.23,963.28,24.89,6.24,53.69,59.87,0.00,177924.35,7.87
702270,pac,35.500,167.250,999.10,998.42,6.90,2.11,49.41,49.61,0.00,0.00,5.42
702270,pac,34.250,223.000,996.10,995.80,8.30,1.83,49.37,49.37,0.00,0.00,3.64
702276,atl,61.250,-23.500,989.36,989.03,9.56,2.00,31.97,44.50,0.00,0.00,6.37
702276,atl,48.750,-43.750,964.96,964.30,21.06,4.40,66.87,68.64,88667.21,285440.18,8.09
702276,pac,59.500,170.500,985.67,984.96,12.40,3.66,42.92,42.92,0.00,0.00,10.76
702276,pac,53.000,164.500,988.70,988.16,8.47,2.44,36.84,36.84,0.00,0.00,5.85
702276,pac,45.250,193.750,968.76,967.75,21.35,5.37,56.41,56.41,0.00,146306.50,6.64
702276,pac,39.250,161.750,1000.06,999.75,4.48,1.31,30.33,34.20,0.00,0.00,2.26
702276,pac,35.500,171.750,996.62,995.69,9.51,2.76,52.80,52.80,0.00,37155.97,5.72
702276,pac,31.500,227.500,994.46,993.97,7.80,1.90,41.45,44.56,0.00,0.00,3.12
702282,atl,61.750,-23.250,991.65,991.33,9.00,1.82,29.32,57.18,0.00,17622.07,7.36
702282,atl,50.250,-41.250,966.21,965.77,18.55,3.79,62.94,67.45,70877.34,231377.84,6.68
702282,atl,40.250,-61.750,1000.76,1000.14,8.01,2.28,50.82,50.82,0.00,7257.26,4.21
702282,pac,60.250,169.750,993.12,992.70,9.35,2.77,41.79,41.79,0.00,0.00,13.17
702282,pac,53.750,165.250,989.89,989.63,8.56,2.40,33.93,33.93,0.00,0.00,5.93
702282,pac,46.250,194.750,972.39,971.57,19.24,4.89,52.37,53.28,0.00,53164.57,5.96
702282,pac,39.750,164.500,997.54,996.65,6.13,1.90,35.35,40.24,0.00,0.00,3.77
702282,pac,36.500,176.500,990.20,989.15,13.84,4.34,59.68,59.68,0.00,109383.45,8.61
702282,pac,31.250,228.250,994.50,994.21,8.84,2.09,41.90,43.64,0.00,0.00,3.14
702288,atl,62.000,-22.500,994.07,993.80,8.18,1.68,36.86,54.66,0.00,19431.12,8.11
702288,atl,51.750,-39.750,970.60,970.29,15.41,3.13,61.81,61.81,0.00,218893.90,6.63
702288,atl,41.750,-58.000,994.11,992.91,12.81,3.81,54.61,54.61,0.00,51906.78,6.39
702288,pac,55.250,164.500,992.80,992.30,8.52,2.44,39.87,39.87,0.00,0.00,6.79
702288,pac,47.500,195.250,978.02,977.50,15.36,3.78,43.96,44.24,0.00,0.00,5.04
702288,pac,40.500,166.750,993.76,992.49,10.85,3.70,40.63,40.63,0.00,0.00,8.49
702288,pac,37.000,180.000,985.91,984.30,17.39,5.50,59.26,59.26,0.00,125998.24,13.16
702288,pac,31.250,228.500,991.67,991.39,9.77,2.34,43.96,44.75,0.00,0.00,3.27
702294,atl,62.500,-22.000,994.23,994.01,6.55,1.36,37.14,49.31,0.00,0.00,7.37
702294,atl,53.250,-38.250,971.90,971.57,13.71,2.88,56.67,59.82,0.00,185106.59,5.71
702294,atl,43.000,-54.250,986.19,984.16,16.19,5.05,56.17,56.98,0.00,71047.75,13.94
702294,pac,56.000,164.000,993.26,992.60,9.00,2.38,39.38,39.38,0.00,0.00,7.93
702294,pac,48.750,194.750,981.26,980.78,14.07,3.50,39.72,41.93,0.00,0.00,4.60
702294,pac,41.000,169.000,990.85,989.92,12.85,4.51,49.35,49.35,0.00,0.00,10.36
702294,pac,37.250,183.750,980.68,979.48,21.21,6.86,72.14,72.14,12371.29,196362.73,14.18
702300,atl,66.000,-1.250,1000.69,1000.55,6.08,1.11,27.52,44.45,0.00,0.00,3.93
702300,atl,55.000,-36.750,975.69,975.46,12.17,2.57,47.27,50.07,0.00,972.64,5.40
702300,atl,53.500,-46.500,978.04,977.91,8.89,1.84,42.43,56.27,0.00,18356.97,4.30
702300,atl,44.500,-50.250,976.90,974.93,20.36,6.73,67.08,67.08,2228.21,66761.30,17.58
702300,pac,56.750,163.500,997.14,996.72,6.95,1.49,39.26,42.23,0.00,0.00,8.63
702300,pac,50.500,194.000,984.60,984.20,12.57,3.05,40.47,40.47,0.00,0.00,4.41
702300,pac,41.500,171.250,989.68,988.86,14.30,4.86,58.18,58.18,0.00,31343.39,9.52
702300,pac,38.500,188.500,979.76,979.35,21.23,5.89,67.96,67.96,3678.45,199549.16,10.29
702300,pac,31.750,236.750,995.80,995.49,6.21,1.55,36.10,37.28,0.00,0.00,4.04
702306,atl,66.500,2.750,999.23,999.08,6.97,1.48,33.56,41.51,0.00,0.00,5.38
702306,atl,65.250,-11.250,996.39,996.18,7.72,1.87,38.30,43.99,0.00,0.00,5.19
702306,atl,56.750,-35.500,977.80,977.63,11.42,2.38,47.38,65.19,1592.02,22877.19,6.66
702306,atl,53.500,-48.500,977.65,977.44,7.73,1.56,34.88,54.13,0.00,10835.11,4.16
702306,atl,46.750,-46.750,970.13,969.40,20.40,6.35,67.17,67.17,7626.11,100326.10,12.78
702306,pac,58.750,166.250,998.00,997.56,7.34,1.81,41.53,44.77,0.00,0.00,10.07
702306,pac,57.750,162.750,998.28,997.99,7.11,1.31,44.77,44.77,0.00,0.00,10.07
702306,pac,52.250,191.750,986.15,985.85,11.77,2.59,40.97,40.97,0.00,0.00,4.69
702306,pac,41.750,174.000,987.52,986.73,15.41,5.20,63.44,63.44,0.00,57440.60,9.71
702306,pac,39.750,191.250,976.08,975.53,23.60,6.75,70.66,70.66,21312.80,222216.09,11.20
702306,pac,39.500,217.750,1001.61,1001.31,4.55,1.18,37.93,40.82,0.00,0.00,2.98
702306,pac,36.000,160.500,997.38,996.88,9.05,2.49,50.64,50.64,0.00,2549.28,3.95
702306,pac,34.250,215.500,1002.55,1002.25,4.29,1.31,48.47,48.47,0.00,0.00,4.56
702312,atl,67.000,6.250,998.02,997.73,7.42,1.61,31.50,41.07,0.00,0.00,7.97
702312,atl,65.750,-6.750,997.74,997.48,6.83,1.52,32.98,43.92,0.00,0.00,4.62
702312,atl,58.250,-33.750,982.80,982.66,10.13,2.08,43.42,57.73,0.00,22635.90,6.18
702312,atl,53.250,-49.000,976.18,975.91,7.95,1.46,32.99,50.55,0.00,3753.92,7.10
702312,atl,53.250,-14.500,1003.55,1003.36,4.79,1.35,35.64,38.50,0.00,0.00,4.15
702312,atl,49.500,-15.750,1004.69,1004.18,6.59,1.90,40.68,40.68,0.00,0.00,4.15
702312,atl,48.750,-44.500,966.23,965.71,20.27,5.89,62.74,62.74,0.00,203990.72,11.13
702312,atl,40.000,-39.750,995.81,995.34,5.91,1.60,48.85,50.71,0.00,1141.76,5.60
702312,pac,56.750,180.250,992.03,991.81,6.56,1.39,30.60,34.41,0.00,0.00,3.41
702312,pac,54.000,189.750,988.25,988.00,11.45,2.52,38.87,38.87,0.00,0.00,4.73
702312,pac,43.250,239.500,999.19,998.61,5.00,1.52,19.35,31.10,0.00,0.00,9.01
702312,pac,41.750,176.000,988.26,987.56,14.59,5.05,49.93,49.93,0.00,0.00,8.45
702312,pac,41.000,193.250,977.37,976.99,22.24,5.77,66.18,66.18,7770.71,160479.39,10.07
702312,pac,39.250,217.250,999.29,998.95,5.29,1.53,38.83,43.83,0.00,0.00,3.17
702312,pac,37.250,164.750,992.78,991.36,12.15,3.74,60.85,60.85,0.00,62877.62,6.41
702312,pac,33.500,217.250,997.75,997.25,6.43,2.05,47.63,47.63,0.00,0.00,4.72
702312,pac,33.500,236.250,994.84,994.53,5.11,1.24,33.63,33.63,0.00,0.00,7.76
702318,atl,66.250,-1.750,997.92,997.68,5.17,1.31,28.91,33.54,0.00,0.00,3.13
702318,atl,63.500,-50.750,992.07,991.67,8.09,2.32,48.17,49.78,0.00,0.00,13.99
702318,atl,60.000,-31.750,985.61,985.53,8.97,1.57,42.33,54.74,0.00,31217.10,6.73
702318,atl,55.500,-11.750,1000.44,1000.24,6.34,1.87,37.31,37.31,0.00,0.00,4.38
702318,atl,50.750,-42.750,960.44,959.96,21.49,5.89,66.84,66.84,12554.13,149694.52,10.49
702318,atl,41.750,-35.250,989.44,988.63,9.02,2.66,45.45,48.11,0.00,0.00,7.28
702318,pac,58.250,176.250,992.17,991.91,8.28,1.88,44.11,46.23,0.00,0.00,9.56
702318,pac,56.250,186.750,990.40,990.14,10.69,2.36,35.65,35.65,0.00,0.00,4.29
702318,pac,50.250,164.250,991.20,990.61,7.60,1.86,40.88,53.17,0.00,2534.52,9.00
702318,pac,42.000,195.000,978.56,978.23,21.46,5.21,64.77,64.77,583.22,151914.64,8.70
702318,pac,41.750,177.250,991.59,991.17,9.59,3.06,43.03,43.03,0.00,0.00,4.96
702318,pac,37.750,168.250,985.40,982.32,17.05,6.08,71.56,71.56,23642.34,198028.76,14.56
702318,pac,34.250,236.500,996.24,995.98,4.85,1.25,29.77,29.77,0.00,0.00,10.23
702318,pac,33.000,219.000,995.83,995.11,7.22,2.32,48.44,48.44,0.00,0.00,5.79
702324,atl,56.500,-9.500,1000.80,1000.52,6.50,1.87,38.20,38.20,0.00,0.00,4.13
702324,atl,52.750,-42.250,960.46,959.91,20.54,5.02,61.01,61.01,0.00,115030.42,8.07
702324,atl,44.250,-32.000,980.95,979.86,15.14,4.63,55.76,55.76,0.00,41821.79,13.51
702324,pac,59.250,171.000,992.79,992.11,10.39,2.76,47.04,47.04,0.00,0.00,9.83
702324,pac,58.250,183.000,995.48,995.35,7.69,1.57,32.36,35.46,0.00,0.00,3.55
702324,pac,45.000,235.000,998.81,998.67,5.04,1.36,36.59,36.98,0.00,0.00,14.05
702324,pac,43.500,195.000,982.39,982.04,18.25,4.31,58.94,58.94,0.00,34746.40,6.65
702324,pac,41.750,177.250,994.09,993.77,5.56,1.69,39.98,39.98,0.00,0.00,3.56
702324,pac,37.500,171.500,985.98,984.75,15.74,5.37,74.98,74.98,42327.97,217200.33,12.97
702324,pac,35.250,237.000,995.72,995.53,4.71,1.28,21.39,25.13,0.00,0.00,9.13
702324,pac,32.250,221.250,994.62,994.32,7.03,2.11,47.00,47.00,0.00,0.00,4.38
702330,atl,66.000,-12.500,994.40,994.11,6.24,1.45,32.54,36.27,0.00,0.00,3.95
702330,atl,54.250,-42.750,959.10,958.58,19.82,4.49,50.65,68.79,8118.45,74567.69,6.54
702330,atl,48.250,-30.500,971.66,969.22,18.21,5.79,68.82,68.82,1021.57,50113.10,14.65
702330,pac,60.000,169.500,995.66,995.21,9.80,2.57,40.08,40.08,0.00,0.00,9.29
702330,pac,49.000,160.750,982.56,981.77,19.24,5.54,59.07,59.07,0.00,51761.44,10.27
702330,pac,45.000,193.000,982.70,982.30,17.83,4.09,51.27,51.27,0.00,3351.64,5.90
702330,pac,37.000,176.500,987.24,986.90,12.93,3.80,71.45,71.45,34108.53,248234.87,6.77
702330,pac,32.500,224.500,994.53,994.22,6.82,1.79,48.85,48.85,0.00,0.00,3.38
702330,pac,32.250,203.250,997.02,996.49,6.05,1.50,39.65,44.19,0.00,0.00,3.76
702336,atl,66.750,-10.500,993.72,993.45,5.69,1.62,31.04,31.04,0.00,0.00,3.89
702336,atl,65.250,-1.750,993.22,993.01,6.92,1.53,30.42,41.89,0.00,0.00,4.16
702336,atl,54.750,-44.250,959.12,958.74,18.26,4.16,56.34,66.57,10119.88,72699.49,7.14
702336,atl,52.250,-30.750,965.99,963.95,18.89,5.77,69.09,71.64,29075.74,170409.05,12.79
702336,pac,61.250,168.000,1003.71,1003.41,8.41,2.11,35.98,35.98,0.00,0.00,15.73
702336,pac,50.250,161.250,984.63,983.57,18.53,5.00,55.91,56.57,0.00,49983.74,8.72
702336,pac,45.750,191.250,983.03,982.44,17.43,4.14,46.56,46.56,0.00,0.00,5.52
702336,pac,45.000,234.250,998.09,997.95,5.03,1.20,31.57,34.97,0.00,0.00,16.93
702336,pac,43.000,239.500,998.05,997.34,4.66,1.55,25.33,34.31,0.00,0.00,16.93
702336,pac,42.000,176.750,995.82,995.49,6.38,1.77,42.93,45.92,0.00,0.00,6.45
702336,pac,36.250,180.250,990.61,990.13,9.71,2.45,62.63,63.03,0.00,212630.20,6.45
702336,pac,35.250,184.500,992.30,992.00,6.45,1.33,53.87,61.61,0.00,65649.51,4.24
702336,pac,33.250,227.250,993.63,993.26,7.03,1.84,45.61,45.61,0.00,0.00,2.86
702342,atl,64.500,2.500,990.05,989.86,10.43,2.29,47.03,47.03,0.00,0.00,6.95
702342,atl,55.750,-33.000,958.97,957.59,19.66,5.70,60.42,60.42,0.00,137463.36,9.97
702342,atl,54.250,-45.250,957.21,956.85,17.11,3.97,50.42,59.49,0.00,15172.37,6.64
702342,pac,50.500,162.000,987.70,987.16,16.48,4.53,48.95,48.95,0.00,0.00,6.67
702342,pac,46.500,190.500,982.64,982.18,16.74,3.85,42.98,42.98,0.00,0.00,4.91
702342,pac,42.750,177.250,995.90,995.16,7.48,2.33,53.53,53.53,0.00,13599.73,5.52
702342,pac,35.500,188.500,988.15,987.41,9.08,2.16,46.26,58.51,0.00,33137.09,3.61
702342,pac,34.500,230.000,995.84,995.59,6.75,1.85,40.63,41.00,0.00,0.00,3.20
702342,pac,31.500,207.000,987.94,986.73,11.38,3.35,59.58,59.58,0.00,24412.98,9.20
702348,atl,64.750,6.000,989.79,989.42,11.20,2.70,42.56,42.56,0.00,0.00,7.24
702348,atl,58.250,-36.500,951.22,950.28,25.03,7.18,62.73,68.29,5836.46,146689.42,14.27
702348,atl,53.500,-44.750,957.31,956.97,15.57,3.53,49.53,49.53,0.00,0.00,6.02
702348,pac,51.750,161.750,992.68,992.32,13.53,3.87,44.57,44.57,0.00,0.00,9.27
702348,pac,47.250,189.500,982.69,982.28,15.92,3.70,41.48,41.63,0.00,0.00,4.68
702348,pac,43.500,177.250,997.10,996.36,6.75,2.40,55.37,55.37,0.00,20340.77,6.50
702348,pac,36.000,232.250,998.28,998.14,5.35,1.35,41.64,41.64,0.00,0.00,2.72
702348,pac,35.750,190.000,986.03,985.24,10.45,2.54,43.12,56.31,0.00,46337.24,5.23
702348,pac,31.000,208.750,984.67,984.08,13.06,4.15,64.43,64.43,1345.17,71314.70,7.97
702354,atl,60.000,-40.500,950.75,949.97,24.05,7.09,72.02,72.02,9377.28,125896.43,16.14
702354,atl,53.500,-42.500,958.54,958.22,13.54,3.01,52.19,52.28,0.00,33421.11,5.50
702354,pac,53.000,160.750,995.71,995.26,12.20,3.54,42.17,42.17,0.00,0.00,8.92
702354,pac,48.500,188.000,983.32,982.93,15.41,3.41,41.95,42.14,0.00,0.00,4.83
702354,pac,43.250,178.250,997.28,996.61,5.58,1.97,59.40,59.40,0.00,56865.48,6.35
702354,pac,37.500,233.750,1002.30,1002.18,4.46,1.06,34.34,37.22,0.00,0.00,4.94
702354,pac,35.750,191.750,984.63,984.22,10.77,2.42,51.75,52.69,0.00,24113.71,4.98
702354,pac,31.750,215.500,985.56,984.43,10.08,2.22,53.82,65.62,6787.99,70868.84,5.57
702360,atl,67.250,-73.000,990.43,990.26,4.10,1.11,26.35,39.71,0.00,0.00,9.47
702360,atl,60.000,-46.750,958.43,958.03,16.65,3.93,68.97,68.97,9524.73,71478.86,16.28
702360,pac,49.750,186.250,986.47,986.12,13.32,2.83,40.96,40.96,0.00,0.00,4.20
702360,pac,42.500,179.250,997.32,996.69,6.80,2.48,51.89,51.89,0.00,4044.67,6.23
702360,pac,39.750,161.250,993.18,991.47,17.13,5.56,64.42,64.42,1205.34,90968.34,10.80
702360,pac,36.750,193.500,983.51,983.18,11.43,2.67,48.51,54.62,0.00,18759.64,4.38
702360,pac,32.500,218.250,982.02,981.17,11.78,2.76,60.25,64.04,675.88,104965.44,6.07
702366,atl,65.750,-52.000,969.65,969.06,12.26,3.79,55.03,55.03,0.00,15470.34,11.86
702366,atl,58.000,-47.250,964.64,964.38,12.20,2.49,48.65,49.45,0.00,0.00,13.79
702366,atl,56.750,-39.000,966.57,966.37,10.32,2.04,40.15,43.93,0.00,0.00,9.00
702366,atl,42.250,-38.000,995.42,995.07,6.07,1.50,50.06,50.06,0.00,589.80,3.69
702366,pac,50.750,184.250,987.52,987.21,12.29,2.55,39.53,39.53,0.00,0.00,4.00
702366,pac,41.500,181.250,998.99,998.66,5.32,2.02,48.27,48.27,0.00,0.00,4.88
702366,pac,40.500,163.500,989.62,987.95,18.43,6.47,65.93,65.93,4863.28,100706.50,15.39
702366,pac,36.750,193.250,984.99,984.45,10.94,2.75,55.64,60.03,0.00,110435.62,6.62
702366,pac,36.500,171.000,1002.66,1001.73,6.73,2.17,53.87,53.87,0.00,34821.46,4.99
702366,pac,34.750,198.000,984.01,983.85,8.39,1.76,52.47,52.47,0.00,7769.81,3.25
702366,pac,34.250,221.250,982.90,982.44,10.85,2.31,49.41,60.21,0.00,87482.57,4.79
702372,atl,66.250,-31.250,985.36,984.31,8.39,2.55,57.79,57.79,0.00,24052.37,16.54
702372,atl,58.250,-39.250,970.76,970.53,10.13,1.94,34.00,37.49,0.00,0.00,9.23
702372,atl,57.000,-45.500,970.19,969.87,11.44,2.21,46.48,46.77,0.00,0.00,8.71
702372,atl,44.000,-33.750,993.59,992.98,9.15,2.28,53.64,53.64,0.00,16476.48,6.30
702372,atl,39.000,-78.500,997.60,997.38,8.32,1.82,28.75,31.24,0.00,0.00,5.49
702372,pac,52.750,222.750,1003.51,1003.30,7.32,2.13,41.53,41.53,0.00,0.00,5.93
702372,pac,51.750,183.000,990.38,990.17,10.45,2.23,36.25,36.55,0.00,0.00,3.30
702372,pac,40.500,166.250,993.34,992.37,15.06,4.83,70.58,70.58,20275.71,112787.66,11.76
702372,pac,37.000,175.500,1001.70,1000.82,6.81,2.25,45.06,46.11,0.00,0.00,4.04
702372,pac,36.500,224.250,982.45,981.96,9.73,1.97,39.77,50.84,0.00,1307.11,5.32
702372,pac,35.000,201.500,984.18,984.11,7.65,1.59,45.48,47.10,0.00,0.00,3.15
702378,atl,66.250,-17.750,996.10,995.96,4.13,0.82,35.50,41.28,0.00,0.00,10.01
702378,atl,59.000,-39.250,974.46,974.21,9.80,1.98,43.79,45.33,0.00,0.00,8.65
702378,atl,47.750,-28.250,988.12,987.64,12.93,3.30,63.98,63.98,0.00,94687.42,7.95
702378,atl,40.750,-73.250,994.91,994.72,7.90,1.67,34.25,35.14,0.00,0.00,4.93
702378,pac,53.750,219.000,1002.38,1001.70,7.09,2.27,43.15,43.15,0.00,0.00,5.26
702378,pac,53.000,181.500,990.04,989.86,10.40,2.22,34.25,34.65,0.00,0.00,3.37
702378,pac,40.750,170.000,992.81,991.94,12.41,3.78,68.86,68.86,15438.84,117645.54,6.66
702378,pac,39.250,227.250,982.84,982.00,9.97,2.42,39.97,47.56,0.00,0.00,5.27
702378,pac,36.750,180.500,1000.88,999.78,5.86,2.02,43.87,43.87,0.00,0.00,4.23
702378,pac,35.250,203.500,983.33,983.20,8.29,1.66,38.30,53.21,0.00,11162.08,3.48
702384,atl,67.500,-16.750,992.68,992.49,6.20,1.68,37.56,37.83,0.00,0.00,10.96
702384,atl,59.250,-39.000,979.50,979.34,9.13,1.95,45.17,45.17,0.00,0.00,6.56
702384,atl,50.500,-25.500,981.24,980.38,18.99,5.29,60.26,61.26,0.00,107132.20,9.76
702384,atl,43.250,-69.000,990.57,990.04,11.24,2.91,34.40,35.79,0.00,0.00,6.91
702384,pac,54.250,179.500,991.46,991.24,9.73,2.01,30.29,31.28,0.00,0.00,3.24
702384,pac,53.500,216.000,998.75,997.84,7.71,2.54,37.41,37.41,0.00,0.00,5.00
702384,pac,41.000,173.000,995.12,994.36,9.85,3.00,50.37,50.37,0.00,1782.41,4.68
702384,pac,39.750,228.250,982.03,981.59,9.71,2.43,41.15,44.12,0.00,0.00,5.28
702384,pac,36.500,185.250,1000.80,999.89,4.88,1.53,47.61,47.61,0.00,0.00,3.54
702384,pac,36.250,162.750,1003.34,1002.49,5.58,1.97,55.85,55.85,0.00,32803.67,6.24
702384,pac,35.500,211.750,983.44,983.10,6.32,1.53,33.75,37.28,0.00,0.00,2.77
702384,pac,35.000,206.500,983.47,983.28,7.18,1.33,38.20,51.45,0.00,7294.97,3.07
702390,atl,57.500,-37.000,983.08,982.95,9.09,1.89,34.94,41.00,0.00,0.00,4.17
702390,atl,52.750,-22.250,980.88,980.69,18.31,4.71,65.98,65.98,6405.63,141747.08,11.06
702390,atl,44.500,-67.000,984.28,983.54,14.48,3.82,37.65,37.65,0.00,0.00,9.58
702390,pac,56.000,167.500,995.26,995.05,6.74,1.55,39.42,49.73,0.00,0.00,5.10
702390,pac,55.500,178.000,992.76,992.63,9.66,1.94,31.18,34.29,0.00,0.00,3.62
702390,pac,52.750,214.250,996.39,995.72,7.60,2.45,32.73,32.73,0.00,0.00,3.83
702390,pac,42.000,228.750,985.61,985.49,6.55,1.39,32.09,41.13,0.00,0.00,3.86
702390,pac,41.500,175.500,995.45,994.54,8.44,2.63,40.09,40.09,0.00,0.00,4.51
702390,pac,41.250,192.000,997.46,997.32,4.52,1.11,27.68,30.77,0.00,0.00,2.68
702390,pac,36.500,166.250,1001.50,1000.90,4.47,1.60,49.92,49.92,0.00,0.00,3.79
702390,pac,36.250,213.000,982.74,982.36,6.50,1.57,33.72,38.86,0.00,0.00,3.23
702396,atl,57.500,-34.250,988.16,987.94,8.05,1.78,34.37,39.00,0.00,0.00,3.68
702396,atl,56.750,-19.750,979.70,979.45,18.74,4.51,60.95,63.48,0.00,101509.88,7.77
702396,atl,46.750,-64.250,979.61,978.99,16.06,3.91,44.59,44.59,0.00,0.00,6.95
702396,pac,61.750,211.250,1002.84,1001.49,8.78,2.15,22.10,24.78,0.00,0.00,20.94
702396,pac,61.000,207.000,1002.37,1001.45,8.30,2.28,22.10,26.62,0.00,0.00,20.94
702396,pac,60.500,218.750,1002.66,1001.54,6.45,2.68,23.66,25.19,0.00,0.00,19.55
702396,pac,57.000,175.750,995.43,995.30,9.47,1.73,30.86,51.52,0.00,3073.51,7.02
702396,pac,55.750,164.750,994.22,993.83,8.25,2.25,35.72,43.41,0.00,0.00,6.35
702396,pac,52.250,213.500,994.42,993.99,6.13,2.04,30.47,30.47,0.00,0.00,3.43
702396,pac,43.750,228.750,984.19,984.05,5.81,1.12,22.87,31.87,0.00,0.00,2.82
702396,pac,42.250,177.000,995.95,995.15,7.66,2.54,34.40,34.40,0.00,0.00,4.14
702396,pac,41.750,192.000,997.32,997.07,4.99,1.32,34.39,35.17,0.00,0.00,2.34
702396,pac,40.250,161.750,993.92,992.82,12.96,4.09,53.45,53.45,0.00,30337.82,7.79
702396,pac,37.250,170.250,999.51,999.02,4.89,1.77,44.55,44.55,0.00,0.00,3.36
702396,pac,37.000,221.750,981.25,980.70,6.62,1.63,43.31,47.56,0.00,0.00,4.23
702396,pac,36.750,214.000,981.25,980.87,6.82,1.51,36.68,42.17,0.00,0.00,3.05
702402,atl,67.000,-48.750,993.00,992.76,4.95,2.45,27.74,32.54,0.00,0.00,10.28
702402,atl,59.500,-17.500,978.21,978.03,20.15,4.86,54.27,60.13,0.00,94765.19,8.18
702402,atl,57.000,-30.500,992.95,992.74,6.19,1.53,42.04,43.16,0.00,0.00,3.46
702402,atl,49.250,-62.500,973.31,972.09,18.59,4.84,46.43,46.43,0.00,0.00,10.22
702402,pac,61.250,206.750,999.07,998.22,10.12,2.81,24.47,32.55,0.00,0.00,20.61
702402,pac,56.000,163.750,992.23,991.31,10.47,2.98,42.47,45.44,0.00,0.00,7.46
702402,pac,52.000,213.250,992.65,992.25,5.58,1.86,30.43,30.43,0.00,0.00,2.99
702402,pac,44.750,228.500,981.92,981.76,6.41,1.32,25.78,36.28,0.00,0.00,3.06
702402,pac,42.750,178.000,994.43,993.90,7.37,2.14,34.38,34.38,0.00,0.00,3.18
702402,pac,40.500,165.250,990.75,990.00,12.81,3.46,60.94,60.94,0.00,96965.35,6.92
702402,pac,38.250,224.000,979.73,978.88,7.51,1.87,42.65,46.51,0.00,0.00,4.25
702402,pac,36.500,215.000,983.33,983.05,7.18,1.69,42.94,49.11,0.00,0.00,4.21
702408,atl,68.750,-27.500,996.33,994.98,4.53,1.72,33.55,37.59,0.00,0.00,21.74
702408,atl,61.500,-16.250,979.17,978.87,20.08,4.80,58.56,59.94,0.00,96466.45,9.98
702408,atl,51.250,-60.250,970.28,968.98,18.14,5.00,57.14,57.14,0.00,21829.61,9.61
702408,pac,61.250,206.500,996.59,995.97,11.50,3.07,28.83,34.29,0.00,0.00,20.78
702408,pac,61.000,211.250,997.65,996.86,9.60,1.64,24.94,34.29,0.00,0.00,22.81
702408,pac,56.500,163.000,995.33,994.63,9.70,2.53,39.01,40.08,0.00,0.00,5.18
702408,pac,51.750,213.250,990.71,990.36,5.00,1.65,23.82,23.82,0.00,0.00,2.53
702408,pac,44.000,178.500,994.18,993.59,7.46,2.16,35.61,35.61,0.00,0.00,3.27
702408,pac,42.250,231.250,975.46,974.84,10.67,2.77,55.60,58.50,0.00,32985.66,8.01
702408,pac,41.500,167.750,988.30,987.90,14.33,3.43,64.99,64.99,1756.26,101012.21,8.49
702414,atl,63.250,-13.250,983.56,983.42,17.66,3.82,54.04,54.04,0.00,14719.02,9.87
702414,atl,56.000,-57.500,959.42,958.91,22.88,5.67,52.84,52.84,0.00,10912.77,11.99
702414,pac,61.000,206.750,994.36,993.71,11.77,3.09,34.37,36.14,0.00,0.00,21.31
702414,pac,57.500,162.250,997.49,997.02,10.49,2.44,42.80,42.80,0.00,0.00,5.93
702414,pac,45.250,177.750,991.73,991.35,7.78,2.04,41.61,41.61,0.00,0.00,4.14
702414,pac,45.000,232.250,973.11,972.57,12.28,3.01,45.71,47.79,0.00,0.00,7.74
702414,pac,42.250,170.250,985.72,985.30,13.86,3.21,59.61,59.61,0.00,140394.87,7.41
702420,atl,65.000,-10.000,989.04,988.85,15.47,3.62,48.30,48.30,0.00,0.00,10.98
702420,atl,59.000,-57.250,949.53,948.91,26.78,5.84,65.80,71.86,23075.10,288172.50,15.55
702420,pac,61.000,207.000,990.35,989.63,13.97,3.88,37.08,37.08,0.00,0.00,23.40
702420,pac,59.250,161.000,1002.07,1001.67,11.33,2.29,40.43,40.43,0.00,0.00,16.67
702420,pac,46.750,232.750,971.83,971.41,12.67,3.02,46.99,47.07,0.00,0.00,9.43
702420,pac,42.250,172.000,982.17,981.86,14.94,3.56,60.16,61.61,0.00,179776.21,6.59
702426,atl,66.500,-7.000,992.32,992.08,14.70,3.83,45.01,45.01,0.00,0.00,9.96
702426,atl,61.000,-57.750,944.57,943.78,27.36,6.68,72.96,85.62,49200.63,313202.78,19.32
702426,pac,59.250,210.000,986.31,985.92,11.38,1.99,37.85,39.48,0.00,0.00,22.58
702426,pac,48.250,233.250,974.04,973.49,12.47,2.76,37.17,38.88,0.00,0.00,9.78
702426,pac,43.000,175.000,980.47,980.25,12.93,2.63,54.81,58.00,0.00,123425.64,6.06
702426,pac,38.000,162.000,1000.12,999.62,9.16,3.07,65.97,65.97,3063.33,146755.51,9.44
702432,atl,68.250,-53.500,959.12,958.59,16.58,3.80,84.57,85.38,155507.62,326386.68,20.23
702432,atl,67.250,-4.500,997.41,997.17,11.89,3.14,37.46,40.58,0.00,0.00,4.45
702432,atl,63.750,-56.250,949.07,948.72,23.42,5.87,68.97,83.61,47303.61,293442.55,20.23
702432,atl,62.250,-42.000,975.05,974.28,7.23,2.26,75.20,84.31,57983.06,143975.85,14.57
702432,pac,58.500,209.000,984.78,984.36,8.95,1.70,40.51,40.51,0.00,0.00,17.67
702432,pac,51.000,229.750,978.03,977.73,9.46,2.14,36.97,36.97,0.00,0.00,12.44
702432,pac,47.250,162.000,996.74,995.94,10.09,3.15,49.24,49.24,0.00,0.00,6.99
702432,pac,44.000,177.750,981.55,981.34,10.72,1.82,42.09,55.55,0.00,18364.12,4.57
702432,pac,36.500,170.000,1000.45,999.80,5.66,1.49,57.18,60.35,0.00,117337.07,4.29
702438,atl,67.250,-3.000,1001.91,1001.75,8.11,2.26,29.82,42.17,0.00,0.00,3.68
702438,atl,65.750,-56.250,952.45,951.59,19.51,5.68,65.52,67.99,8983.38,90400.55,15.05
702438,atl,62.500,-42.250,972.14,971.56,7.65,2.57,42.17,66.49,5839.19,54407.00,13.19
702438,atl,62.000,-79.000,979.25,979.15,4.70,1.04,21.78,29.07,0.00,0.00,3.58
702438,atl,37.000,-11.500,1004.89,1004.63,8.19,1.81,51.71,51.71,0.00,3125.89,3.90
702438,pac,58.000,208.500,984.51,984.12,7.45,1.58,37.73,37.73,0.00,0.00,16.55
702438,pac,58.000,215.500,985.66,985.50,8.15,1.05,33.26,41.11,0.00,0.00,24.04
702438,pac,51.500,230.750,980.41,979.89,10.39,2.80,35.34,35.34,0.00,0.00,11.65
702438,pac,51.250,237.000,984.57,983.40,9.15,1.92,28.35,33.58,0.00,0.00,20.44
702438,pac,46.500,161.000,995.19,993.83,12.21,3.77,51.06,51.06,0.00,2676.76,8.60
702438,pac,45.000,179.500,981.00,980.79,9.24,1.55,42.51,51.12,0.00,12954.55,5.20
702438,pac,40.000,232.250,992.77,992.68,4.41,0.96,24.99,33.82,0.00,0.00,4.85
702444,atl,67.500,-56.500,957.51,956.20,15.82,5.13,53.88,53.88,0.00,11184.31,11.23
702444,atl,65.750,-33.250,981.31,980.95,7.28,1.77,51.63,57.79,0.00,34129.98,16.24
702444,atl,63.500,-41.000,975.61,975.42,6.03,2.50,40.69,50.44,0.00,877.82,15.82
702444,atl,36.500,-11.000,1003.76,1003.45,9.03,2.31,50.09,50.09,0.00,613.08,4.65
702444,pac,57.750,208.000,985.26,985.04,6.21,1.34,35.91,35.91,0.00,0.00,13.34
702444,pac,52.750,230.750,984.86,984.17,9.70,2.46,30.78,33.90,0.00,0.00,10.93
702444,pac,51.500,236.750,987.51,985.95,8.64,2.16,33.90,33.90,0.00,0.00,23.29
702444,pac,48.500,215.500,987.47,987.23,5.50,1.76,27.04,27.84,0.00,0.00,2.83
702444,pac,46.500,175.000,980.83,980.64,11.08,2.53,58.62,58.62,0.00,93840.88,6.20
702444,pac,46.000,180.000,981.23,981.03,8.63,1.48,54.77,58.62,0.00,52275.80,6.18
702444,pac,44.500,161.750,995.14,994.13,11.97,3.90,58.37,58.37,0.00,56497.98,8.13
702444,pac,41.500,234.250,991.20,991.11,5.45,1.24,23.84,36.84,0.00,0.00,5.78
702444,pac,38.000,198.000,991.97,991.14,8.48,2.62,54.08,54.08,0.00,27714.24,5.56
702450,atl,68.750,-56.000,964.89,963.45,12.23,4.41,59.23,59.23,0.00,13087.45,11.88
702450,atl,67.250,-32.000,979.44,979.01,7.53,1.89,49.05,56.24,0.00,1635.95,14.63
702450,atl,64.000,-40.250,976.49,976.20,6.66,2.57,38.83,39.42,0.00,0.00,10.89
702450,atl,54.750,-64.000,987.93,987.68,8.21,2.11,39.81,39.81,0.00,0.00,5.59
702450,atl,35.750,-10.250,1002.26,1002.01,8.66,2.37,49.77,49.77,0.00,0.00,4.29
702450,atl,31.000,-4.750,1002.54,1002.20,5.75,1.95,40.94,40.94,0.00,0.00,12.71
702450,pac,58.250,210.750,985.98,985.85,6.07,1.10,30.38,30.38,0.00,0.00,12.31
702450,pac,55.000,227.500,990.76,990.63,7.17,1.32,20.38,32.88,0.00,0.00,12.42
702450,pac,51.500,237.000,990.59,989.07,8.15,2.05,26.90,26.90,0.00,0.00,23.03
702450,pac,50.000,216.000,985.07,984.63,6.82,2.17,27.88,29.05,0.00,0.00,3.34
702450,pac,46.500,187.750,984.45,983.81,5.14,1.23,33.90,49.47,0.00,0.00,3.45
702450,pac,46.000,175.750,980.08,979.68,11.08,2.54,57.31,57.31,0.00,102602.06,5.69
702450,pac,43.500,235.750,992.84,992.61,4.62,1.05,24.43,31.22,0.00,0.00,5.90
702450,pac,38.750,203.250,989.42,988.44,10.20,3.18,58.62,58.62,0.00,44648.02,6.10
702456,atl,69.000,-35.750,977.80,977.18,6.49,2.17,30.77,47.66,0.00,0.00,13.12
702456,atl,64.250,-39.250,977.09,976.90,7.40,2.48,40.10,42.02,0.00,0.00,10.69
702456,atl,62.250,-51.500,981.13,980.95,4.10,1.41,28.36,37.53,0.00,0.00,9.18
702456,atl,35.000,-9.500,1001.34,1001.10,9.47,2.82,45.65,45.65,0.00,0.00,10.27
702456,atl,31.500,-4.250,1002.71,1001.97,5.30,1.98,27.78,36.57,0.00,0.00,12.90
702456,pac,59.000,212.750,986.30,986.13,7.20,1.63,37.19,37.19,0.00,0.00,17.54
702456,pac,51.500,238.000,990.43,989.77,9.08,2.16,23.28,23.28,0.00,0.00,24.69
702456,pac,51.250,216.750,982.72,982.09,8.78,2.98,36.22,36.22,0.00,0.00,4.04
702456,pac,46.750,191.500,986.26,986.02,4.11,0.95,36.16,40.14,0.00,0.00,2.39
702456,pac,46.250,177.000,980.47,980.28,10.80,2.16,50.34,52.15,0.00,12403.61,5.23
702456,pac,39.000,208.250,987.95,986.76,11.21,3.78,63.60,63.60,0.00,104651.65,7.71
702462,atl,64.500,-39.250,974.53,974.21,8.49,2.60,41.08,44.20,0.00,0.00,10.07
702462,atl,62.500,-51.000,979.85,979.42,4.35,1.67,36.68,45.25,0.00,0.00,10.07
702462,atl,57.000,-47.500,983.27,983.06,7.37,1.52,47.34,56.35,0.00,39357.67,7.87
702462,atl,35.750,-1.000,1001.80,1001.36,6.59,1.92,35.73,35.73,0.00,0.00,6.85
702462,atl,34.000,-8.250,1000.85,1000.49,8.18,2.78,47.75,47.75,0.00,0.00,7.44
702462,atl,33.250,-1.500,1001.60,1000.96,5.52,1.32,32.25,35.73,0.00,0.00,7.44
702462,atl,32.250,-70.500,999.44,998.70,11.22,2.86,51.42,51.42,0.00,649.93,7.15
702462,pac,59.250,212.500,986.02,985.72,7.21,1.71,41.37,41.37,0.00,0.00,18.36
702462,pac,58.250,208.500,986.06,985.86,4.79,0.94,31.15,41.37,0.00,0.00,11.98
702462,pac,52.250,217.250,981.16,980.68,9.55,3.13,35.47,35.47,0.00,0.00,4.53
702462,pac,50.750,238.750,992.58,992.25,8.16,1.28,14.50,22.12,0.00,0.00,23.94
702462,pac,45.500,178.500,979.44,979.21,10.95,2.34,43.51,56.23,0.00,32841.33,4.65
702462,pac,38.750,213.500,990.66,990.35,9.57,3.01,64.29,64.29,619.18,142426.19,6.44
702462,pac,35.500,161.750,994.22,992.99,13.36,3.82,56.81,61.36,0.00,134925.14,8.31
702468,atl,64.500,-39.250,973.65,973.44,8.31,2.36,42.32,42.32,0.00,0.00,8.76
702468,atl,62.500,-50.500,979.14,978.48,4.80,1.79,45.40,46.96,0.00,0.00,8.76
702468,atl,58.000,-43.000,977.72,977.34,8.93,2.08,45.87,50.02,0.00,443.24,8.76
702468,atl,34.500,-0.500,1001.84,1001.27,5.89,1.24,44.16,45.97,0.00,0.00,7.24
702468,atl,33.250,-69.500,994.87,994.04,13.88,3.65,57.16,59.81,0.00,58953.74,8.81
702468,atl,31.000,-5.250,1004.37,1003.98,5.13,1.46,45.74,45.74,0.00,0.00,12.73
702468,pac,64.500,227.750,1004.90,1003.91,4.61,2.18,14.29,20.76,0.00,0.00,14.07
702468,pac,58.250,207.750,984.89,984.53,5.38,1.21,31.23,31.23,0.00,0.00,13.20
702468,pac,53.500,218.000,980.19,979.81,10.13,3.13,37.49,37.49,0.00,0.00,4.53
702468,pac,47.250,195.500,983.43,983.07,5.55,1.76,30.69,31.52,0.00,0.00,3.13
702468,pac,45.250,180.750,979.94,979.47,9.71,2.30,45.09,48.66,0.00,0.00,4.02
702468,pac,42.500,200.500,987.00,986.44,5.58,1.55,36.65,43.69,0.00,0.00,3.81
702468,pac,38.750,221.750,993.49,993.22,5.66,1.14,55.46,61.12,0.00,75581.56,3.70
702468,pac,35.500,168.250,993.99,993.12,10.32,2.74,61.16,61.16,0.00,146024.18,5.85
702474,atl,62.250,-41.750,971.89,971.72,9.45,2.25,35.31,47.85,0.00,0.00,10.05
702474,atl,60.500,-37.000,972.45,972.22,10.91,1.96,46.24,47.73,0.00,0.00,10.05
702474,atl,50.250,-79.750,1003.52,1003.40,5.45,1.01,17.07,24.04,0.00,0.00,4.43
702474,atl,35.250,-67.500,991.41,990.86,15.30,3.53,59.06,59.06,0.00,61095.99,7.27
702474,atl,32.750,4.750,1000.80,1000.54,6.13,1.18,41.14,41.14,0.00,0.00,5.70
702474,pac,58.500,207.500,983.32,982.86,6.28,1.46,39.71,39.71,0.00,0.00,12.03
702474,pac,55.750,205.000,983.19,983.14,4.23,0.86,27.26,39.71,0.00,0.00,4.98
702474,pac,55.000,218.500,979.72,979.32,10.94,3.05,37.33,42.83,0.00,0.00,11.56
702474,pac,47.250,197.500,983.91,983.59,4.51,1.50,28.46,28.46,0.00,0.00,2.97
702474,pac,46.000,181.250,979.73,979.32,9.48,2.18,40.15,43.52,0.00,0.00,3.54
702474,pac,43.250,204.250,985.07,984.64,6.58,1.85,41.49,41.51,0.00,0.00,4.36
702474,pac,38.000,227.000,994.71,994.00,7.94,1.89,54.42,56.12,0.00,43454.56,3.38
702474,pac,36.250,175.500,989.51,988.14,10.17,2.85,61.42,61.42,0.00,144481.91,5.01
702480,atl,62.750,-35.250,970.36,970.01,13.27,2.53,41.02,51.49,0.00,10827.59,12.59
702480,atl,62.000,-40.250,972.60,972.42,11.12,2.34,47.54,49.15,0.00,0.00,12.59
702480,atl,59.250,-12.750,996.42,996.08,5.89,1.99,40.82,40.82,0.00,0.00,4.01
702480,atl,59.000,-77.000,997.63,997.23,7.80,2.21,40.49,40.49,0.00,0.00,4.77
702480,atl,53.500,-73.000,1001.16,1001.05,6.60,1.50,33.97,41.17,0.00,0.00,4.77
702480,atl,49.250,-12.000,1003.95,1003.50,6.42,2.01,38.12,38.12,0.00,0.00,3.21
702480,atl,35.750,-65.500,987.19,986.78,17.76,4.51,66.47,66.47,3168.91,111640.71,10.39
702480,atl,33.250,5.000,1001.29,1000.95,7.07,1.72,41.67,41.67,0.00,0.00,8.90
702480,pac,56.250,218.000,979.52,979.25,11.05,2.93,45.82,45.82,0.00,0.00,12.23
702480,pac,56.000,205.750,981.37,981.28,5.23,1.21,24.18,37.13,0.00,0.00,5.26
702480,pac,51.000,237.250,999.28,998.17,4.90,1.23,19.85,20.15,0.00,0.00,16.28
702480,pac,46.500,180.500,980.03,979.36,9.91,2.37,34.68,36.86,0.00,0.00,3.92
702480,pac,44.250,208.250,983.00,982.73,7.76,2.06,47.97,47.97,0.00,0.00,4.46
702480,pac,38.250,232.500,993.00,992.41,10.06,2.35,41.80,50.92,0.00,1266.03,6.37
702480,pac,37.500,182.500,983.48,982.31,12.31,3.55,66.86,66.86,26543.47,191125.55,6.49
702486,atl,66.500,-56.250,986.99,986.47,4.65,1.81,29.47,33.09,0.00,0.00,12.10
702486,atl,64.000,-35.000,966.98,966.27,16.84,3.96,47.91,48.98,0.00,0.00,9.75
702486,atl,61.000,-11.500,993.98,993.70,5.92,2.13,41.68,41.68,0.00,0.00,4.82
702486,atl,55.750,-67.750,993.29,993.01,10.57,2.85,39.10,39.10,0.00,0.00,7.15
702486,atl,50.500,-11.000,1001.73,1001.17,6.73,2.43,37.39,37.39,0.00,0.00,4.02
702486,atl,37.500,-62.500,984.09,983.87,17.94,3.80,59.15,62.06,0.00,197826.86,8.53
702486,atl,33.500,5.500,1001.07,1000.67,7.72,1.91,33.96,40.53,0.00,0.00,5.87
702486,pac,57.750,217.250,979.99,979.69,11.04,2.89,42.51,42.51,0.00,0.00,13.23
702486,pac,56.500,206.000,979.88,979.71,6.32,1.48,29.36,34.89,0.00,0.00,6.45
702486,pac,46.250,179.750,979.16,978.60,10.50,2.52,36.86,42.27,0.00,0.00,3.95
702486,pac,45.000,212.250,982.13,981.80,9.15,2.36,51.36,51.36,0.00,3992.76,4.60
702486,pac,39.250,187.500,972.15,970.14,19.47,6.14,63.97,63.97,0.00,224518.42,15.08
702486,pac,38.750,234.250,994.30,993.81,10.61,2.79,41.85,44.67,0.00,0.00,5.78
702492,atl,67.000,-65.500,990.99,989.29,4.31,1.77,31.60,31.60,0.00,0.00,12.40
702492,atl,67.000,-56.500,988.05,987.48,5.38,1.99,27.84,31.60,0.00,0.00,12.40
702492,atl,65.000,-35.250,970.79,970.33,14.95,3.18,44.87,46.57,0.00,0.00,14.40
702492,atl,63.250,-10.750,992.22,991.59,6.61,2.61,43.23,45.20,0.00,0.00,7.79
702492,atl,55.750,-62.250,989.21,988.69,11.68,3.03,44.49,46.71,0.00,0.00,10.77
702492,atl,51.500,-10.250,1001.26,1000.53,6.52,2.67,34.70,36.20,0.00,0.00,5.18
702492,atl,38.750,-59.250,981.27,981.03,17.87,3.97,59.70,59.70,0.00,272003.20,6.93
702492,atl,33.500,6.000,1004.57,1004.46,6.26,1.31,31.49,40.41,0.00,0.00,4.57
702492,pac,56.500,206.750,978.85,978.67,6.92,1.63,32.43,36.09,0.00,0.00,6.91
702492,pac,46.000,214.500,984.45,984.24,7.04,1.68,45.23,50.26,0.00,1139.49,3.72
702492,pac,45.500,180.000,979.50,979.01,10.30,2.27,36.82,39.71,0.00,0.00,3.65
702492,pac,40.000,191.500,965.32,964.30,23.47,7.63,70.63,70.63,30648.48,278313.23,15.40
702492,pac,38.500,236.250,999.60,999.36,5.71,1.58,36.38,44.35,0.00,0.00,8.64
702498,atl,67.500,-57.750,989.20,988.79,4.58,1.54,26.18,31.06,0.00,0.00,11.64
702498,atl,66.000,-10.250,990.35,989.89,6.80,2.35,40.36,43.63,0.00,0.00,7.81
702498,atl,65.250,-36.250,975.03,974.38,11.28,2.51,53.20,53.20,0.00,4617.93,16.91
702498,atl,57.500,-58.000,983.93,983.78,12.56,2.85,44.80,44.90,0.00,0.00,9.19
702498,atl,45.750,-51.250,981.38,980.95,11.77,2.75,44.34,54.38,0.00,28035.08,5.95
702498,atl,41.000,-55.500,976.78,976.26,17.94,4.32,58.19,58.33,0.00,232048.34,6.76
702498,pac,63.000,232.250,1003.53,1002.12,7.13,3.13,13.92,20.81,0.00,0.00,21.32
702498,pac,58.250,207.000,979.47,979.17,7.87,1.65,33.61,33.61,0.00,0.00,12.36
702498,pac,46.750,216.500,986.98,986.76,6.92,1.88,42.07,45.45,0.00,0.00,3.57
702498,pac,45.000,181.000,980.25,979.86,9.70,2.02,39.43,43.83,0.00,0.00,3.66
702498,pac,41.250,196.500,962.99,962.05,23.31,6.79,69.11,69.11,24985.48,236666.51,10.65
702504,atl,67.500,-31.750,980.27,980.11,8.96,1.91,31.68,37.89,0.00,0.00,18.06
702504,atl,67.000,-65.500,992.12,990.37,4.18,1.61,33.31,33.31,0.00,0.00,11.35
702504,atl,65.000,-39.250,980.96,980.61,6.85,2.03,47.24,47.24,0.00,0.00,18.06
702504,atl,58.250,-56.000,979.16,979.03,14.56,3.43,66.50,66.50,5764.40,64313.77,10.62
702504,atl,49.500,-46.250,975.59,975.06,13.10,3.23,52.40,61.24,0.00,84910.71,6.48
702504,atl,43.000,-51.000,975.22,974.07,16.26,4.23,57.77,58.27,0.00,192163.62,7.38
702504,pac,63.000,232.500,1002.32,1001.31,8.60,3.32,14.20,22.87,0.00,0.00,19.90
702504,pac,60.000,200.000,984.29,983.90,6.74,1.23,24.80,35.59,0.00,0.00,9.83
702504,pac,59.250,206.000,983.11,982.61,6.69,1.56,35.59,35.59,0.00,0.00,13.21
702504,pac,47.250,217.500,990.69,990.54,4.63,1.28,36.58,38.89,0.00,0.00,2.86
702504,pac,44.750,186.500,983.06,982.96,5.22,0.76,31.90,39.40,0.00,0.00,3.44
702504,pac,44.500,182.250,982.77,982.53,8.13,1.67,39.05,44.77,0.00,0.00,3.44
702504,pac,42.250,200.250,964.18,963.52,20.64,5.80,61.50,61.50,0.00,214619.16,10.00
702504,pac,41.250,160.250,996.05,995.54,5.79,1.61,45.01,47.75,0.00,0.00,4.13
702504,pac,34.250,168.000,999.63,998.86,5.58,1.76,42.31,42.31,0.00,0.00,3.14
702510,atl,69.000,-39.750,983.98,983.54,5.61,2.13,23.44,35.45,0.00,0.00,11.30
702510,atl,68.500,-23.250,983.76,983.10,7.89,2.10,32.80,35.08,0.00,0.00,11.41
702510,atl,67.000,-30.500,982.93,982.84,6.78,1.36,25.13,32.80,0.00,0.00,11.41
702510,atl,65.250,-39.500,983.48,983.21,4.11,1.22,35.65,35.65,0.00,0.00,11.30
702510,atl,56.000,-11.000,1000.54,1000.26,7.08,2.05,35.06,39.45,0.00,0.00,3.41
702510,atl,55.750,-50.750,974.24,974.11,7.73,1.03,50.73,69.19,26034.91,65657.63,11.20
702510,atl,52.500,-43.250,965.09,964.46,15.34,3.56,45.89,59.26,0.00,31032.01,6.16
702510,atl,46.500,-45.750,972.44,972.03,12.38,2.95,62.19,62.19,0.00,234276.23,6.61
702510,pac,63.000,233.000,1002.91,1001.32,8.57,3.15,15.59,23.56,0.00,0.00,20.47
702510,pac,61.250,205.250,986.53,986.06,6.96,1.53,29.79,35.72,0.00,0.00,12.46
702510,pac,60.750,199.750,985.36,985.04,7.25,1.36,25.98,35.72,0.00,0.00,10.86
702510,pac,44.750,187.750,982.46,982.37,5.55,0.83,33.42,41.62,0.00,0.00,3.09
702510,pac,43.750,203.750,962.86,962.46,20.07,5.20,60.08,60.08,0.00,173265.06,8.44
702510,pac,41.500,161.000,992.29,991.78,6.89,1.80,43.28,50.22,0.00,3668.10,3.13
702510,pac,40.500,166.250,992.80,992.26,4.49,1.37,45.31,45.31,0.00,0.00,3.13
702510,pac,34.500,172.250,996.39,995.57,5.37,1.77,38.36,38.36,0.00,0.00,3.75
702516,atl,67.750,-27.750,988.15,987.92,4.43,1.42,32.56,38.94,0.00,0.00,10.34
702516,atl,56.000,-40.750,958.92,958.43,16.79,3.97,45.66,60.02,0.00,20343.56,8.09
702516,pac,62.750,233.750,1004.34,1002.48,8.47,3.01,16.79,31.11,0.00,0.00,20.64
702516,pac,61.750,205.500,992.60,991.65,4.12,1.04,29.72,33.02,0.00,0.00,15.35
702516,pac,60.000,194.000,987.47,987.41,6.92,1.44,25.82,41.53,0.00,0.00,5.10
702516,pac,45.250,168.500,992.84,992.67,4.05,0.94,30.55,31.92,0.00,0.00,2.64
702516,pac,44.750,191.250,981.95,981.85,4.69,0.87,30.20,41.73,0.00,0.00,2.87
702516,pac,44.750,206.500,961.64,961.12,19.25,4.94,55.88,55.88,0.00,75069.82,7.32
702516,pac,43.250,233.750,1002.24,1001.43,8.16,2.39,40.73,40.73,0.00,0.00,6.22
702516,pac,41.000,169.500,989.97,989.41,5.69,1.66,41.71,41.71,0.00,0.00,2.94
702516,pac,34.750,175.250,996.18,995.62,4.07,1.27,41.82,41.82,0.00,0.00,2.66
702522,atl,58.250,-40.500,952.20,951.59,19.09,4.62,70.58,70.58,12925.07,77633.31,13.11
702522,pac,60.250,192.250,988.12,988.00,7.14,1.62,28.33,39.45,0.00,0.00,4.14
702522,pac,46.750,208.500,963.08,962.58,17.84,4.21,53.35,53.35,0.00,16518.70,6.33
702522,pac,44.750,193.000,981.64,981.52,5.06,1.11,32.32,45.01,0.00,0.00,3.24
702522,pac,41.000,171.000,987.29,986.89,6.31,1.63,37.71,44.42,0.00,0.00,3.03
702522,pac,34.500,181.750,993.82,993.49,4.16,1.16,41.39,41.39,0.00,0.00,2.52
702528,atl,60.000,-39.750,950.41,949.93,19.97,4.50,64.96,64.96,2955.60,81377.24,11.84
702528,atl,44.000,-78.000,1002.92,1002.26,7.94,2.38,33.33,37.01,0.00,0.00,6.56
702528,pac,60.750,190.000,990.37,990.27,6.49,1.53,26.82,36.73,0.00,0.00,4.07
702528,pac,49.000,209.750,964.99,964.49,15.62,3.67,49.69,49.69,0.00,0.00,5.35
702528,pac,44.750,195.500,980.34,980.18,5.79,1.31,29.35,45.27,0.00,0.00,2.78
702528,pac,41.500,175.250,986.06,985.74,6.63,1.40,37.70,41.94,0.00,0.00,2.53
702528,pac,35.000,187.250,991.27,991.00,4.39,1.32,40.54,41.56,0.00,0.00,2.55
702534,atl,61.250,-40.250,945.65,945.08,22.59,5.60,55.14,82.76,14363.51,159332.27,13.68
702534,atl,44.750,-74.500,1003.16,1002.60,6.59,1.97,32.09,32.19,0.00,0.00,3.99
702534,atl,41.750,-69.750,1004.74,1004.56,6.25,1.65,33.35,41.14,0.00,0.00,3.75
702534,pac,60.500,188.750,990.65,990.58,4.39,1.00,25.72,35.10,0.00,0.00,4.74
702534,pac,52.750,206.000,967.48,967.34,12.66,2.05,40.94,48.54,0.00,0.00,8.58
702534,pac,52.000,209.750,966.95,966.65,14.60,2.97,48.67,48.67,0.00,0.00,5.14
702534,pac,44.500,198.250,980.71,980.49,5.75,1.32,33.42,43.22,0.00,0.00,3.31
702534,pac,41.500,176.250,982.37,982.07,8.44,1.89,39.65,47.05,0.00,0.00,3.09
702534,pac,35.250,192.250,989.12,988.63,5.09,1.54,43.48,43.48,0.00,0.00,2.77
702540,atl,62.250,-40.000,942.94,941.39,27.66,6.89,65.05,66.03,11304.09,258450.27,22.33
702540,atl,43.250,-66.500,1000.37,999.96,8.86,2.32,34.87,39.46,0.00,0.00,3.35
702540,pac,56.500,204.000,970.47,970.09,13.17,2.45,41.62,51.85,0.00,4694.89,11.42
702540,pac,45.000,201.250,981.51,981.21,6.31,1.62,35.05,40.59,0.00,0.00,3.09
702540,pac,42.000,180.750,980.90,980.63,8.14,1.75,38.81,40.59,0.00,0.00,3.68
702540,pac,35.750,197.250,986.81,986.41,6.42,1.80,43.25,43.58,0.00,0.00,3.13
702546,atl,68.750,-45.250,958.43,957.60,14.12,3.79,48.17,48.17,0.00,0.00,28.33
702546,atl,63.750,-39.000,946.99,945.99,27.02,6.37,69.94,74.55,80139.05,258049.79,32.10
702546,atl,44.500,-62.000,995.84,995.24,11.98,2.98,46.38,50.00,0.00,578.77,5.44
702546,pac,59.000,201.000,972.97,972.54,12.31,2.56,45.95,63.71,0.00,5352.90,17.53
702546,pac,46.500,224.000,999.83,999.73,5.21,1.10,45.33,45.33,0.00,0.00,4.08
702546,pac,45.750,203.250,983.82,983.60,6.35,1.63,30.31,34.20,0.00,0.00,3.22
702546,pac,44.000,225.500,999.75,999.41,6.41,1.20,44.38,45.33,0.00,0.00,4.11
702546,pac,41.750,183.750,978.33,978.27,8.65,1.79,43.08,46.34,0.00,0.00,4.52
702546,pac,37.000,202.500,984.48,984.22,8.45,2.26,46.21,47.42,0.00,0.00,4.74
702552,atl,64.750,-39.750,953.95,952.51,26.24,7.49,67.97,71.92,81658.53,237436.47,28.78
702552,atl,46.000,-57.250,994.38,993.80,14.40,3.83,46.88,47.34,0.00,0.00,6.21
702552,pac,61.750,198.000,977.22,976.87,10.62,1.94,33.27,52.70,0.00,1067.48,15.55
702552,pac,61.500,204.750,979.28,978.87,11.47,2.46,54.07,54.07,0.00,1772.14,17.07
702552,pac,61.250,200.750,977.46,976.90,10.80,2.22,42.50,54.07,0.00,1772.14,17.07
702552,pac,49.750,192.000,982.96,982.70,5.99,1.81,38.09,38.09,0.00,0.00,3.64
702552,pac,49.250,223.750,999.15,998.86,7.07,1.90,40.95,41.61,0.00,0.00,4.06
702552,pac,47.750,206.500,986.16,986.00,7.55,1.96,36.99,37.45,0.00,0.00,3.71
702552,pac,45.500,227.250,999.76,999.58,7.60,1.78,42.94,42.94,0.00,0.00,4.19
702552,pac,42.000,186.500,973.75,973.28,12.50,3.00,48.98,48.98,0.00,0.00,6.04
702552,pac,38.250,206.500,978.80,978.35,14.42,4.37,51.66,51.66,0.00,2472.67,8.88
702558,atl,64.500,-39.250,962.55,961.56,23.54,6.47,66.17,73.40,66622.32,227751.20,28.83
702558,atl,47.500,-52.500,994.01,993.49,14.68,3.68,46.05,51.11,0.00,1648.80,5.77
702558,pac,64.000,192.000,978.74,978.44,11.08,2.34,27.35,35.22,0.00,0.00,7.17
702558,pac,63.500,207.500,986.38,984.94,9.03,2.84,50.78,50.79,0.00,1792.91,20.47
702558,pac,51.750,191.500,981.98,981.15,8.45,2.79,46.46,46.46,0.00,0.00,5.61
702558,pac,51.500,222.750,998.31,997.97,8.28,2.33,43.23,45.48,0.00,0.00,4.36
702558,pac,49.750,206.250,988.80,988.50,7.27,2.19,37.45,38.03,0.00,0.00,3.70
702558,pac,42.250,188.250,972.82,972.51,13.09,3.11,50.82,51.46,0.00,7008.58,7.43
702558,pac,39.500,209.000,978.68,978.03,15.06,4.44,51.11,51.11,0.00,6085.15,8.23
702558,pac,36.250,219.000,991.56,990.73,9.61,2.99,57.95,57.95,0.00,24553.15,5.04
702564,atl,67.250,-65.250,992.31,991.37,4.58,2.00,27.94,27.94,0.00,0.00,10.74
702564,atl,64.500,-39.000,970.71,969.68,19.73,5.29,56.20,64.89,3253.21,199750.84,19.51
702564,atl,50.000,-48.000,995.38,995.07,13.43,3.46,53.64,54.13,0.00,26899.73,5.78
702564,pac,65.000,190.000,983.73,983.32,9.71,2.19,34.98,36.87,0.00,0.00,5.63
702564,pac,64.500,210.250,996.01,995.06,5.01,2.29,41.24,41.24,0.00,0.00,14.03
702564,pac,53.750,221.750,996.10,995.60,11.30,3.20,43.56,43.56,0.00,0.00,7.16
702564,pac,53.000,191.500,983.13,982.01,10.12,3.44,50.81,50.81,0.00,459.66,7.33
702564,pac,51.500,205.250,991.25,990.94,6.94,2.18,35.72,35.72,0.00,0.00,3.83
702564,pac,41.750,189.750,973.75,973.61,13.89,3.17,57.74,57.74,0.00,93860.18,8.07
702564,pac,38.750,213.750,981.20,980.76,12.43,2.90,58.23,58.23,0.00,42769.90,6.08
702570,atl,67.000,-65.000,994.29,993.28,5.28,2.17,31.54,31.54,0.00,0.00,11.49
702570,atl,65.000,-39.000,974.30,973.34,17.31,4.88,55.18,64.45,356.83,162465.74,18.61
702570,atl,53.000,-42.500,993.52,992.86,13.05,3.54,54.94,55.79,0.00,32464.90,6.69
702570,atl,49.000,-75.750,1003.59,1003.34,7.30,1.50,27.21,31.80,0.00,0.00,4.39
702570,pac,59.250,173.500,993.41,992.72,4.31,1.48,29.04,29.04,0.00,0.00,6.60
702570,pac,56.000,192.250,986.25,985.59,10.65,3.28,48.37,48.37,0.00,0.00,5.80
702570,pac,55.500,220.750,993.26,992.67,14.43,4.18,45.94,46.42,0.00,0.00,16.91
702570,pac,52.250,204.000,992.15,991.82,5.73,1.87,38.69,39.33,0.00,0.00,6.17
702570,pac,44.000,161.500,987.27,986.90,11.75,3.52,51.77,51.77,0.00,5699.55,6.12
702570,pac,42.000,193.500,974.00,973.89,13.03,2.22,56.75,58.76,0.00,126288.76,6.96
702570,pac,41.750,219.000,980.89,980.15,15.30,3.54,49.24,55.77,0.00,32044.05,6.03
702576,atl,67.750,-31.750,982.61,982.39,7.69,1.62,54.45,55.06,0.00,113829.29,13.53
702576,atl,67.000,-65.250,997.60,996.27,4.57,1.92,39.28,39.28,0.00,0.00,12.20
702576,atl,65.000,-39.500,980.21,979.52,12.66,3.98,53.64,55.06,0.00,86140.89,16.54
702576,atl,57.250,-36.000,989.35,988.63,13.11,3.86,64.49,64.49,1237.08,125988.12,6.83
702576,atl,49.250,-73.000,1004.53,1004.25,7.66,1.50,21.54,28.33,0.00,0.00,4.80
702576,pac,59.500,175.000,993.98,993.24,5.52,1.88,31.78,31.78,0.00,0.00,5.63
702576,pac,58.750,191.500,989.47,988.79,11.46,3.60,43.41,43.41,0.00,0.00,5.87
702576,pac,56.750,221.000,996.08,995.42,12.65,4.17,47.93,47.93,0.00,0.00,11.00
702576,pac,45.500,164.000,984.42,984.17,13.11,3.78,48.61,48.61,0.00,0.00,7.55
702576,pac,44.000,217.250,975.72,974.89,17.76,4.32,42.81,51.21,0.00,7602.53,6.39
702576,pac,42.500,195.000,976.02,975.77,13.11,2.46,49.46,53.78,0.00,48076.05,5.99
702582,atl,64.500,-40.000,979.14,978.79,12.98,3.88,57.56,62.00,0.00,53896.46,18.37
702582,atl,61.500,-30.500,978.41,977.56,17.69,5.05,68.23,68.23,25593.54,276577.50,9.07
702582,atl,49.750,-70.250,1004.77,1004.47,7.72,1.51,20.95,25.20,0.00,0.00,4.46
702582,pac,60.750,191.250,990.36,989.44,12.22,4.35,38.06,38.06,0.00,0.00,7.53
702582,pac,60.000,178.000,994.46,993.79,5.99,2.24,33.69,33.69,0.00,0.00,4.53
702582,pac,57.500,221.250,1003.82,1003.34,5.93,2.09,35.93,35.93,0.00,0.00,10.39
702582,pac,46.750,166.000,979.01,978.67,15.84,4.36,50.66,50.66,0.00,1624.91,7.76
702582,pac,44.500,216.750,975.96,975.14,16.23,3.83,44.47,52.15,0.00,11394.69,5.52
702582,pac,43.250,195.750,976.79,976.56,13.26,2.41,46.92,57.64,0.00,34416.66,6.59
702582,pac,37.500,167.750,994.39,994.11,5.74,1.27,48.46,49.48,0.00,0.00,3.97
702588,atl,65.500,-27.000,963.50,962.05,29.58,9.20,76.90,76.90,41427.24,282840.20,20.63
702588,atl,65.000,-36.500,980.63,980.49,12.00,2.25,60.18,76.90,51961.49,206100.40,20.63
702588,pac,62.250,192.500,995.72,995.12,9.69,3.59,38.14,38.14,0.00,0.00,8.09
702588,pac,61.000,180.750,996.77,996.06,6.54,2.66,36.04,36.04,0.00,0.00,5.39
702588,pac,48.250,166.500,975.98,975.64,17.12,4.19,51.02,51.74,0.00,24940.22,7.89
702588,pac,45.750,219.000,978.99,978.31,12.89,2.82,47.06,47.06,0.00,0.00,5.45
702588,pac,43.000,195.750,979.54,979.35,13.39,2.46,43.79,55.25,0.00,70969.87,5.70
702588,pac,40.250,172.000,989.76,989.38,8.18,1.99,53.97,55.34,0.00,110171.97,5.04
702588,pac,31.500,166.750,996.80,995.30,6.60,1.95,61.64,61.64,0.00,17758.80,6.80
702594,atl,67.500,-25.500,960.40,957.52,33.52,10.74,81.62,81.62,69137.64,237117.73,28.25
702594,atl,51.750,-66.250,1004.07,1003.93,8.81,1.99,29.13,29.13,0.00,0.00,5.41
702594,atl,46.500,-42.750,1001.01,1000.45,12.58,2.67,45.81,45.81,0.00,0.00,4.64
702594,pac,62.250,183.000,1001.52,1000.85,4.10,2.00,30.43,30.43,0.00,0.00,3.67
702594,pac,49.500,166.500,972.66,972.38,17.83,3.92,50.01,57.48,0.00,50362.65,7.52
702594,pac,48.750,216.250,980.77,980.54,10.26,1.60,30.05,46.79,0.00,0.00,5.11
702594,pac,42.500,174.750,986.29,985.76,9.53,2.50,61.52,61.52,0.00,160851.15,5.86
702594,pac,42.250,197.250,983.42,983.29,11.17,1.95,42.70,54.72,0.00,56648.17,4.75
702600,atl,68.000,-23.750,975.72,972.34,20.04,6.64,82.65,82.65,20568.18,201242.15,22.77
702600,atl,67.250,-33.500,981.67,980.89,19.49,4.58,63.29,82.65,26595.42,176655.58,22.77
702600,atl,52.000,-64.750,1004.36,1004.05,9.31,2.44,31.44,31.44,0.00,0.00,5.85
702600,atl,50.250,-41.750,994.04,993.17,18.16,4.82,52.38,52.38,0.00,16223.22,8.65
702600,atl,37.500,-70.250,998.98,997.88,9.22,2.45,43.78,43.78,0.00,0.00,6.39
702600,pac,50.750,217.000,981.08,980.91,10.39,1.70,39.65,41.93,0.00,0.00,3.99
702600,pac,50.250,166.250,971.68,971.40,17.30,3.16,50.35,57.72,0.00,52614.31,7.11
702600,pac,40.750,218.500,983.22,982.23,8.62,2.41,50.79,50.79,0.00,1795.27,4.61
702600,pac,40.250,200.500,989.00,988.84,7.17,1.27,49.30,56.50,0.00,95534.22,4.12
702600,pac,40.000,177.500,983.43,982.74,13.43,3.32,60.82,68.18,5000.59,196929.57,7.54
702606,atl,66.250,-36.500,991.65,991.16,16.93,5.14,73.18,73.18,10984.26,63592.27,23.08
702606,atl,52.750,-40.500,988.25,986.90,20.71,5.78,44.85,47.69,0.00,0.00,10.54
702606,atl,52.250,-63.750,1003.62,1003.22,8.78,2.49,24.34,28.74,0.00,0.00,5.49
702606,atl,51.250,-58.500,1004.92,1004.57,4.48,1.10,20.61,25.68,0.00,0.00,5.49
702606,atl,38.750,-66.000,993.71,993.04,9.96,2.21,50.31,50.31,0.00,1826.85,5.64
702606,pac,52.250,215.500,982.04,981.91,10.46,1.85,37.73,39.69,0.00,0.00,3.88
702606,pac,51.000,166.250,969.30,969.10,17.64,2.85,53.94,58.13,0.00,78212.62,7.55
702606,pac,42.750,220.000,979.65,978.62,11.48,3.26,55.62,55.62,0.00,19601.48,5.58
702606,pac,42.500,179.500,974.08,971.94,20.32,6.53,66.73,66.73,6707.67,188050.93,11.45
702612,atl,65.500,-38.000,1003.01,1002.78,8.12,3.16,55.80,55.80,0.00,4608.76,17.45
702612,atl,62.250,-44.500,1004.11,1003.05,5.03,2.66,55.80,55.80,0.00,4608.76,15.07
702612,atl,57.750,-52.750,1003.41,1003.23,5.61,1.60,31.79,33.37,0.00,0.00,4.72
702612,atl,55.000,-38.250,981.34,980.26,26.05,7.84,57.84,57.84,0.00,77921.72,13.98
702612,atl,52.000,-62.500,1003.45,1003.17,7.09,1.95,24.35,29.21,0.00,0.00,5.34
702612,atl,42.750,-58.750,989.02,988.19,13.82,3.11,47.97,52.32,0.00,18024.63,7.31
702612,pac,53.000,214.250,982.35,982.24,10.39,1.94,32.48,36.33,0.00,0.00,3.97
702612,pac,52.750,164.250,971.19,970.91,18.29,3.45,57.46,57.46,0.00,45661.44,15.66
702612,pac,45.500,179.750,965.17,962.10,28.48,9.46,72.87,72.87,26814.39,143784.02,18.44
702612,pac,45.000,221.500,976.81,976.21,14.56,4.59,52.39,59.60,0.00,21907.16,9.37
702618,atl,63.000,-44.250,1001.26,1000.69,6.25,2.74,35.73,35.99,0.00,0.00,12.16
702618,atl,58.250,-54.500,1002.20,1001.79,6.82,2.06,38.54,38.54,0.00,0.00,4.75
702618,atl,58.250,-34.500,981.55,981.11,25.33,7.01,65.59,65.59,10800.28,193721.96,13.04
702618,atl,52.000,-61.750,1001.11,1000.77,5.81,1.65,22.64,32.79,0.00,0.00,4.90
702618,atl,44.750,-56.500,984.62,984.30,14.82,3.14,48.18,60.72,0.00,83958.40,7.04
702618,atl,37.750,-66.500,988.60,988.11,11.47,2.30,53.73,69.33,6270.82,161492.25,9.43
702618,pac,53.500,213.250,983.53,983.39,9.91,2.03,30.26,40.79,0.00,0.00,3.75
702618,pac,52.250,165.250,973.97,973.69,14.82,2.87,49.40,49.80,0.00,0.00,15.88
702618,pac,51.250,225.750,982.24,981.83,12.18,3.18,57.00,57.00,0.00,23290.80,9.07
702618,pac,47.500,179.750,964.36,962.26,27.93,8.98,63.94,63.94,0.00,142140.65,15.04
702618,pac,46.750,223.500,980.21,979.67,13.08,4.08,52.37,57.00,0.00,46242.50,8.51
702618,pac,37.000,221.500,995.90,995.77,4.28,0.90,33.82,43.83,0.00,0.00,2.45
702624,atl,63.750,-44.250,1004.18,1003.75,4.31,1.99,32.98,37.55,0.00,0.00,14.67
702624,atl,60.500,-30.750,982.38,982.04,25.14,6.65,70.04,70.04,32730.47,223410.99,12.84
702624,atl,58.000,-55.750,1001.64,1001.25,7.29,2.00,40.25,40.41,0.00,0.00,6.08
702624,atl,38.500,-63.500,983.23,982.18,15.95,3.73,75.92,77.66,78872.98,380882.47,9.77
702624,pac,54.500,164.500,979.88,979.74,11.92,1.99,37.39,45.71,0.00,0.00,18.37
702624,pac,53.750,213.000,984.71,984.54,9.14,2.01,31.40,34.30,0.00,0.00,3.62
702624,pac,52.000,224.750,982.34,981.98,13.05,3.26,47.56,48.39,0.00,0.00,7.27
702624,pac,49.000,179.000,965.47,963.48,27.50,8.44,58.77,58.77,0.00,155736.04,11.77
702624,pac,40.750,191.000,992.92,992.58,8.58,2.23,47.28,50.19,0.00,621.20,4.61
702624,pac,39.250,223.000,989.49,989.16,8.48,2.09,36.74,44.53,0.00,0.00,3.25
702630,atl,63.750,-28.250,985.22,984.98,22.37,5.03,64.59,69.59,32628.16,186372.61,12.14
702630,atl,62.250,-24.000,984.78,984.24,23.20,5.60,69.59,69.59,45996.37,247848.22,12.14
702630,atl,57.000,-59.000,1000.50,1000.20,6.83,1.97,43.04,43.04,0.00,0.00,9.02
702630,atl,42.000,-57.250,976.96,976.09,17.81,3.52,74.74,76.41,79063.77,297767.88,11.36
702630,pac,56.000,164.000,983.01,982.69,9.23,2.16,39.26,44.69,0.00,0.00,17.14
702630,pac,54.000,213.250,987.61,987.45,7.88,1.77,29.08,36.35,0.00,0.00,3.29
702630,pac,53.250,225.500,988.81,988.55,9.58,2.46,48.00,50.49,0.00,1405.92,12.91
702630,pac,50.000,179.000,969.22,967.74,24.92,7.45,55.46,57.42,0.00,126365.90,8.76
702630,pac,42.750,192.750,989.59,989.22,10.05,2.63,44.87,44.88,0.00,0.00,5.64
702630,pac,41.000,225.500,983.80,982.80,15.64,4.06,56.89,57.99,0.00,22972.26,10.11
702636,atl,65.250,-25.750,989.67,988.93,19.06,5.06,64.36,67.70,18016.05,241830.77,16.40
702636,atl,64.750,-16.750,987.52,986.47,21.28,3.93,73.14,73.14,38536.70,363095.48,9.28
702636,atl,56.750,-60.250,996.82,996.45,8.58,2.49,43.66,43.66,0.00,0.00,11.92
702636,atl,46.000,-54.000,971.43,970.47,21.81,5.37,63.75,66.43,15098.34,280548.83,9.69
702636,pac,54.750,213.750,991.25,991.13,6.83,1.39,25.37,29.90,0.00,0.00,3.10
702636,pac,50.750,179.000,976.63,975.46,20.66,6.04,51.58,55.57,0.00,69621.35,7.34
702636,pac,43.000,195.000,985.97,985.57,12.10,3.13,51.38,51.38,0.00,2841.64,5.25
702636,pac,42.000,225.250,976.85,975.56,21.86,6.53,64.57,64.57,589.80,83076.49,11.93
702642,atl,66.750,-8.750,984.23,983.69,23.70,5.00,59.11,65.82,5840.58,239369.31,9.45
702642,atl,51.500,-52.000,966.43,965.91,23.46,5.17,54.15,63.12,0.00,170711.79,10.96
702642,atl,45.250,-77.750,1000.61,1000.34,9.62,1.99,37.92,40.58,0.00,0.00,4.43
702642,pac,55.750,213.500,994.12,993.98,6.17,1.11,22.61,35.79,0.00,0.00,3.99
702642,pac,51.250,179.250,983.01,982.09,15.36,4.65,53.94,55.63,0.00,66774.82,5.57
702642,pac,49.500,163.750,974.49,973.87,10.82,2.90,45.24,57.44,0.00,3895.76,6.05
702642,pac,44.500,196.250,984.09,983.63,12.91,3.36,48.69,48.69,0.00,0.00,5.36
702642,pac,43.750,227.000,977.28,975.99,23.18,7.15,65.54,65.54,3384.07,91793.18,10.31
702642,pac,39.000,164.250,979.73,977.65,17.34,5.63,69.90,69.90,18251.33,136798.94,11.54
702648,atl,68.000,-2.250,983.43,983.13,21.93,4.72,56.67,58.22,0.00,199717.22,8.82
702648,atl,53.750,-51.250,962.42,962.23,28.15,6.08,74.36,77.67,117962.06,353362.97,13.44
702648,atl,44.500,-75.000,1001.80,1001.33,7.80,1.93,38.10,38.10,0.00,0.00,4.16
702648,pac,57.250,212.250,996.77,996.69,6.33,1.09,31.68,34.57,0.00,0.00,10.31
702648,pac,51.750,179.250,988.76,988.13,9.73,3.31,48.81,49.70,0.00,0.00,4.57
702648,pac,51.000,162.250,973.82,972.79,11.71,3.10,50.31,50.31,0.00,2384.13,7.68
702648,pac,48.000,169.000,978.06,977.59,9.07,2.39,48.85,49.80,0.00,0.00,5.03
702648,pac,46.000,227.000,981.89,980.68,19.13,5.59,58.16,58.16,0.00,36152.81,7.32
702648,pac,41.750,199.500,980.29,979.99,14.88,3.23,50.36,50.36,0.00,1134.92,8.09
702648,pac,41.500,170.000,978.38,976.32,17.48,5.63,71.85,71.85,12287.13,146821.52,11.26
702654,atl,68.250,4.500,982.84,982.49,19.89,4.12,55.27,56.79,0.00,174946.33,10.17
702654,atl,57.250,-52.000,962.04,961.62,29.20,7.09,77.93,82.02,131760.09,402844.56,12.06
702654,atl,44.500,-73.000,1002.75,1002.20,6.46,1.61,31.48,41.57,0.00,0.00,4.07
702654,atl,40.500,-65.000,999.61,999.13,9.78,2.41,58.28,60.77,0.00,81218.54,4.20
702654,pac,58.250,208.500,998.23,997.91,7.37,1.52,29.64,32.73,0.00,0.00,11.29
702654,pac,51.250,168.000,974.65,973.99,10.39,2.47,49.67,50.63,0.00,1419.31,5.30
702654,pac,50.500,160.000,972.89,972.13,13.92,3.44,53.33,54.89,0.00,23378.65,7.47
702654,pac,47.500,163.000,974.03,972.88,11.06,2.94,60.98,60.98,0.00,134232.37,7.47
702654,pac,47.500,227.500,984.06,983.02,18.54,5.39,51.45,51.45,0.00,3147.32,6.85
702654,pac,44.000,174.750,975.10,973.53,18.26,6.15,68.64,68.64,11914.24,153782.94,10.54
702654,pac,43.250,200.500,977.81,977.04,17.68,4.74,50.90,52.89,0.00,10043.19,7.66
702660,atl,60.750,-40.750,986.20,985.41,12.28,3.35,70.87,70.87,42011.38,380185.68,19.10
702660,atl,58.250,-50.000,971.83,971.19,26.47,7.29,69.80,69.80,54273.43,266590.52,19.10
702660,atl,42.750,-62.750,990.91,989.70,16.96,4.46,59.04,60.56,0.00,50137.89,7.87
702660,pac,58.500,209.000,1000.08,999.84,6.86,1.46,25.91,31.04,0.00,0.00,14.86
702660,pac,52.000,163.750,974.09,973.34,12.88,2.96,49.20,49.20,0.00,0.00,7.13
702660,pac,51.750,237.000,1004.04,1003.21,5.75,1.24,24.66,42.13,0.00,0.00,9.93
702660,pac,49.500,192.750,993.12,993.04,5.97,1.57,30.78,38.87,0.00,0.00,2.88
702660,pac,48.750,174.500,976.18,975.74,10.30,2.57,53.36,67.46,5979.61,25513.99,7.89
702660,pac,48.500,228.000,986.88,985.74,17.21,4.98,44.94,44.94,0.00,0.00,6.26
702660,pac,48.000,166.500,975.57,974.85,8.42,2.54,52.49,52.49,0.00,3152.28,6.41
702660,pac,46.750,177.750,973.84,972.71,16.57,5.02,67.46,67.46,5979.61,58221.20,7.89
702660,pac,42.750,201.500,977.70,976.78,18.31,4.68,64.62,64.62,2853.27,240457.94,8.85
702666,atl,65.250,-49.250,990.93,990.16,9.37,3.41,55.71,57.65,0.00,44208.40,18.75
702666,atl,63.750,-37.750,988.39,987.17,14.34,5.23,71.19,71.19,19627.25,292283.09,19.76
702666,atl,60.000,-46.750,983.57,981.84,21.08,6.90,67.59,67.59,6740.01,171093.01,19.76
702666,atl,45.500,-60.250,981.45,979.81,25.13,7.76,58.46,58.46,0.00,103724.22,14.56
702666,pac,59.250,212.750,1001.91,1001.69,6.86,1.27,22.74,23.54,0.00,0.00,14.43
702666,pac,51.250,161.750,971.91,971.23,14.97,3.79,50.70,50.70,0.00,2803.33,8.82
702666,pac,51.000,172.250,975.83,975.08,9.23,2.08,43.88,49.32,0.00,0.00,6.13
702666,pac,49.750,228.500,990.88,990.02,15.09,4.44,43.10,43.10,0.00,0.00,6.54
702666,pac,49.000,178.500,975.97,975.15,12.64,3.80,62.94,62.94,0.00,33415.55,6.69
702666,pac,42.250,204.250,978.31,977.32,18.77,4.69,65.18,65.18,4080.30,261482.51,9.05
702666,pac,36.500,164.500,984.61,983.69,11.04,2.78,58.63,60.70,0.00,167098.53,5.52
702672,atl,67.750,-36.250,1002.31,1001.37,4.09,0.88,56.84,58.89,0.00,97157.39,17.71
702672,atl,67.500,-17.750,1000.48,999.77,12.20,3.65,56.17,57.12,0.00,43861.25,17.71
702672,atl,66.000,-47.500,1001.47,1000.77,6.59,2.51,47.87,50.22,0.00,656.23,13.11
702672,atl,65.500,-30.500,997.60,996.63,12.40,3.65,58.89,58.89,0.00,221703.95,17.71
702672,atl,48.500,-58.750,984.86,983.84,23.76,7.03,58.09,66.43,496.73,95802.46,11.70
702672,atl,43.750,-66.000,1003.54,1002.84,4.31,1.63,32.16,32.16,0.00,0.00,3.85
702672,atl,36.750,-73.500,1004.35,1003.95,5.48,1.49,45.47,45.47,0.00,0.00,4.38
702672,pac,59.250,213.750,1003.40,1003.21,5.70,1.03,20.24,21.55,0.00,0.00,11.77
702672,pac,52.750,234.500,1004.44,1003.69,4.73,1.37,44.38,44.44,0.00,0.00,13.42
702672,pac,51.250,173.000,969.14,968.43,16.18,3.91,45.29,49.08,0.00,0.00,6.21
702672,pac,51.250,228.250,995.66,994.93,11.11,3.52,44.44,44.44,0.00,0.00,6.56
702672,pac,50.500,161.500,973.46,972.41,12.44,3.16,43.81,52.08,0.00,16379.31,9.91
702672,pac,42.250,207.000,981.49,980.53,16.12,3.76,61.92,65.72,18268.26,210167.95,5.83
702672,pac,38.000,170.000,983.89,983.22,10.51,2.71,57.24,57.24,0.00,104116.43,4.95
702678,atl,67.750,-10.250,998.29,997.59,9.51,2.60,44.47,47.61,0.00,0.00,6.62
702678,atl,66.250,-25.500,998.23,997.26,11.51,3.57,52.70,60.04,0.00,63375.44,15.51
702678,atl,65.750,-1.000,999.79,999.21,8.73,2.50,42.14,42.68,0.00,0.00,4.80
702678,atl,52.000,-58.000,987.52,986.70,20.22,5.16,51.39,56.13,0.00,30440.09,9.50
702678,atl,44.000,-64.250,1002.94,1002.20,4.41,1.41,28.55,28.55,0.00,0.00,3.89
702678,atl,37.250,-68.000,1002.44,1001.91,6.46,1.48,53.44,53.44,0.00,20608.84,3.12
702678,pac,59.250,219.500,1003.99,1003.89,5.73,1.09,17.92,17.94,0.00,0.00,11.01
702678,pac,52.500,227.500,999.03,998.53,9.19,3.02,42.48,42.48,0.00,0.00,5.71
702678,pac,52.000,171.500,965.26,964.53,18.78,5.22,44.04,47.48,0.00,0.00,7.68
702678,pac,50.000,161.000,973.19,972.56,12.11,2.79,46.16,54.55,0.00,48637.44,6.57
702678,pac,42.500,208.750,985.32,984.78,14.87,3.34,56.03,60.66,0.00,140110.82,5.89
702678,pac,40.000,175.000,980.95,980.20,11.21,3.02,51.49,53.53,0.00,12594.29,4.70
702684,atl,67.750,-4.000,993.96,993.32,8.40,2.64,39.73,42.90,0.00,0.00,4.32
702684,atl,66.750,-17.750,997.14,996.40,11.06,2.95,43.52,57.54,0.00,18270.02,13.85
702684,atl,65.000,8.500,994.35,993.38,8.83,3.35,48.29,48.29,0.00,0.00,9.38
702684,atl,55.250,-59.250,985.89,985.01,22.80,5.38,54.39,54.39,0.00,24256.98,10.46
702684,atl,40.250,-62.000,998.10,997.82,7.93,1.75,52.99,52.99,0.00,41823.41,4.40
702684,pac,59.250,220.250,1004.57,1004.38,6.97,1.50,18.88,21.43,0.00,0.00,13.07
702684,pac,53.750,226.250,1002.69,1002.41,6.25,2.09,39.24,39.24,0.00,0.00,6.53
702684,pac,52.750,170.500,967.64,966.84,17.09,4.74,49.29,49.29,0.00,0.00,7.20
702684,pac,49.000,161.250,975.82,975.48,10.42,2.12,44.47,52.86,0.00,64277.14,6.27
702684,pac,42.500,211.500,989.51,989.11,12.33,2.69,48.86,52.48,0.00,26845.25,4.76
702684,pac,42.250,179.500,977.11,975.82,14.56,4.15,51.22,55.60,0.00,28901.65,7.47
702690,atl,67.250,0.750,989.77,988.89,9.87,2.91,39.06,39.06,0.00,0.00,6.20
702690,atl,56.500,-60.750,984.71,984.12,22.49,5.44,59.34,59.34,0.00,55267.59,12.18
702690,atl,45.750,-55.250,987.14,985.87,15.53,4.19,60.05,60.05,0.00,25210.04,7.36
702690,pac,53.000,168.250,968.82,968.19,16.07,4.40,48.33,48.33,0.00,0.00,6.33
702690,pac,44.250,183.000,973.39,971.69,18.38,5.71,49.29,49.48,0.00,0.00,11.95
702690,pac,42.500,213.750,993.35,993.01,11.20,2.45,46.89,48.93,0.00,0.00,4.52
702696,atl,66.500,5.750,987.34,986.74,10.74,3.13,45.01,45.01,0.00,0.00,6.53
702696,atl,56.750,-61.500,988.63,988.07,17.15,4.46,57.85,57.85,0.00,4031.87,13.09
702696,atl,49.500,-54.250,979.50,978.90,18.64,4.74,50.99,50.99,0.00,2499.06,6.91
702696,pac,52.750,166.250,972.24,971.72,14.36,4.10,49.37,49.37,0.00,0.00,6.61
702696,pac,49.750,222.000,999.69,999.27,8.32,2.27,28.41,34.12,0.00,0.00,3.32
702696,pac,46.000,187.000,973.74,973.16,18.73,5.56,61.70,61.70,0.00,57579.65,9.96
702696,pac,42.750,215.500,995.65,995.33,9.95,2.24,39.10,44.10,0.00,0.00,3.24
702702,atl,55.000,-62.500,988.78,988.37,8.84,2.56,35.84,50.82,0.00,437.70,9.82
702702,atl,52.250,-54.750,968.95,968.20,21.92,5.95,51.97,59.38,0.00,93244.60,9.84
702702,pac,51.250,165.000,976.43,975.90,12.00,3.46,50.37,50.37,0.00,2336.07,6.38
702702,pac,50.250,221.500,1002.61,1002.25,7.04,2.10,25.13,25.95,0.00,0.00,2.79
702702,pac,48.500,190.750,973.90,973.44,18.74,4.59,55.29,55.29,0.00,25290.18,7.34
702702,pac,47.500,169.250,979.54,979.32,8.61,1.44,42.26,52.87,0.00,8391.89,5.09
702702,pac,42.250,216.750,998.75,998.50,8.91,1.95,31.75,37.49,0.00,0.00,2.70
702708,atl,55.250,-56.500,960.97,960.02,27.19,6.60,58.46,58.46,0.00,112626.38,11.63
702708,pac,51.250,192.000,975.70,975.30,16.82,3.56,51.79,51.79,0.00,14139.26,6.35
702708,pac,48.000,172.250,983.71,983.52,7.95,1.56,33.00,47.31,0.00,0.00,4.65
702708,pac,41.250,219.000,1001.71,1001.61,6.74,1.23,35.34,39.72,0.00,0.00,2.50
702708,pac,40.000,190.750,998.30,998.03,6.16,1.58,44.85,50.12,0.00,613.08,4.62
702714,atl,56.250,-56.500,952.82,952.27,31.09,7.45,67.58,73.21,22466.22,298180.76,13.07
702714,pac,52.750,191.000,976.43,976.05,13.91,2.72,46.93,46.94,0.00,0.00,6.69
702714,pac,47.750,174.750,986.85,986.59,7.20,1.52,46.03,51.31,0.00,11239.44,4.58
702714,pac,42.000,194.750,993.55,992.91,9.21,2.73,52.33,52.33,0.00,2354.84,4.49
702714,pac,40.500,222.250,1004.18,1004.13,5.62,1.01,31.22,35.56,0.00,0.00,2.81
702720,atl,57.750,-58.500,953.67,953.11,30.06,6.95,63.16,63.16,0.00,184689.28,13.17
702720,pac,54.000,190.250,976.73,976.45,12.76,2.46,44.08,44.08,0.00,0.00,5.48
702720,pac,45.000,198.250,981.62,980.32,16.69,5.28,50.09,50.09,0.00,1123.41,9.92
702720,pac,38.250,225.250,1004.33,1004.23,4.37,0.73,26.26,38.05,0.00,0.00,2.22
702726,atl,64.250,-49.000,980.05,978.73,13.99,6.05,81.96,81.96,81174.10,191453.82,21.42
702726,atl,58.000,-59.750,955.87,954.98,27.36,6.67,56.22,58.03,0.00,29209.79,11.26
702726,pac,54.750,189.750,975.69,975.47,13.88,2.74,40.54,41.15,0.00,0.00,5.15
702726,pac,46.750,201.250,974.74,973.34,21.46,6.81,65.66,65.66,1617.68,43512.31,15.81
702726,pac,36.500,227.750,1003.96,1003.81,4.56,0.98,29.60,37.06,0.00,0.00,2.28
702732,atl,68.250,-55.500,981.80,981.40,12.06,3.24,66.00,82.16,42356.10,88308.14,19.71
702732,atl,64.750,-48.750,981.19,980.62,9.60,4.19,82.16,82.16,71331.50,161230.97,15.84
702732,atl,61.250,-41.000,989.40,988.88,8.25,2.32,60.28,71.08,20862.99,64735.44,14.84
702732,atl,57.750,-59.500,961.45,960.34,23.12,6.11,51.67,54.59,0.00,7451.76,12.83
702732,atl,35.750,-71.250,1002.76,1001.93,11.43,2.62,52.26,52.26,0.00,1875.55,5.52
702732,pac,54.750,188.250,976.75,976.61,13.17,2.73,41.69,41.72,0.00,0.00,5.24
702732,pac,49.500,203.500,970.41,969.49,22.22,6.05,64.39,64.39,2068.33,86665.92,11.06
702732,pac,40.000,232.250,1003.34,1002.93,4.32,1.42,33.79,33.79,0.00,0.00,3.54
702732,pac,35.500,229.750,1002.50,1002.29,5.00,1.02,31.47,41.77,0.00,0.00,2.35
702738,atl,67.500,-48.000,978.68,977.94,13.49,4.33,70.37,70.37,45705.27,141616.02,14.50
702738,atl,67.000,-71.750,980.57,980.07,7.67,2.64,37.32,40.67,0.00,0.00,16.99
702738,atl,57.500,-57.250,966.31,965.01,19.87,5.20,55.81,55.81,0.00,41763.57,18.35
702738,atl,38.000,-66.000,999.06,997.84,12.92,3.63,54.43,54.43,0.00,6733.39,8.15
702738,atl,32.500,-73.000,1000.79,1000.50,7.02,1.12,51.88,53.21,0.00,13247.49,5.22
702738,atl,32.000,-70.750,1000.78,1000.00,6.80,1.40,53.21,53.21,0.00,13247.49,4.28
702738,pac,54.000,188.000,980.44,980.31,9.61,2.00,39.58,41.20,0.00,0.00,4.17
702738,pac,52.250,202.500,968.49,967.93,22.11,5.53,58.23,58.23,0.00,37210.56,8.65
702738,pac,40.250,232.000,1004.33,1004.00,4.20,1.34,32.02,34.50,0.00,0.00,4.50
702738,pac,36.000,234.000,1001.95,1001.74,6.46,1.49,38.38,38.63,0.00,0.00,3.86
702744,atl,68.750,-46.750,980.93,980.10,11.65,3.43,63.06,63.06,0.00,125418.38,17.82
702744,atl,67.250,-49.500,980.54,980.34,8.89,2.04,63.06,63.06,0.00,123634.69,9.80
702744,atl,67.000,-73.750,978.34,977.77,9.25,2.53,35.65,39.47,0.00,0.00,13.43
702744,atl,63.500,-66.750,978.54,978.27,6.88,1.62,38.11,49.62,0.00,0.00,16.84
702744,atl,62.500,-63.000,977.95,977.82,6.62,1.48,49.62,49.62,0.00,0.00,19.17
702744,atl,58.000,-54.000,971.68,970.65,17.30,4.55,52.79,52.79,0.00,25767.28,8.04
702744,atl,40.250,-62.000,995.98,994.40,14.73,4.54,52.89,54.02,0.00,11232.69,10.74
702744,atl,35.750,-64.750,998.06,996.91,8.45,2.16,74.40,74.40,7551.40,94376.68,6.27
702744,atl,33.500,-75.250,993.06,991.57,16.44,4.67,72.21,72.21,7704.38,197258.78,12.35
702744,pac,54.250,200.500,971.09,970.51,20.47,5.31,54.09,54.09,0.00,20265.56,8.50
702744,pac,47.250,162.500,976.68,975.78,15.09,3.58,49.11,55.02,0.00,53568.96,5.36
702744,pac,36.250,236.000,1000.71,1000.50,6.18,1.65,39.40,39.40,0.00,0.00,9.81
702750,atl,67.250,-75.000,976.15,975.77,9.37,2.50,28.12,35.18,0.00,0.00,12.78
702750,atl,66.500,-32.500,997.30,996.60,4.54,1.73,50.45,51.39,0.00,8197.65,11.48
702750,atl,64.000,-66.750,978.72,978.37,6.42,1.74,38.75,48.11,0.00,0.00,12.78
702750,atl,63.750,-63.000,978.79,978.57,6.06,1.58,38.75,48.11,0.00,0.00,13.17
702750,atl,59.250,-51.750,976.39,975.64,14.72,3.75,52.72,52.72,0.00,15131.81,7.55
702750,atl,42.250,-57.750,995.43,994.38,12.84,3.36,52.70,71.72,3044.75,19243.91,6.84
702750,atl,38.250,-60.250,995.04,994.16,10.44,2.57,71.72,71.72,6729.25,173715.24,6.38
702750,atl,34.750,-73.500,978.48,974.85,29.87,9.86,82.40,82.40,78421.09,361615.70,24.75
702750,pac,55.750,198.000,975.69,975.27,17.21,4.13,52.77,53.88,0.00,2946.13,8.35
702750,pac,48.750,165.750,975.42,974.80,14.06,3.66,47.79,47.79,0.00,0.00,5.78
702750,pac,48.000,215.500,1000.90,1000.61,4.70,1.41,33.56,33.56,0.00,0.00,3.17
702750,pac,36.250,237.000,1002.15,1001.90,5.26,1.57,38.57,38.57,0.00,0.00,7.58
702756,atl,67.250,-75.750,975.57,975.21,9.34,2.57,25.56,29.81,0.00,0.00,10.87
702756,atl,64.750,-59.250,979.89,979.49,6.97,1.44,37.86,44.28,0.00,0.00,10.87
702756,atl,64.000,-64.250,978.95,978.63,7.43,2.34,42.63,48.34,0.00,0.00,10.87
702756,atl,61.000,-51.500,979.52,978.95,12.28,3.28,49.76,49.76,0.00,0.00,8.76
702756,atl,44.750,-52.500,996.24,995.52,12.24,2.98,54.16,69.04,6455.02,51549.93,5.66
702756,atl,41.500,-55.250,996.70,996.34,9.86,2.03,69.21,69.40,17108.36,166661.50,4.92
702756,atl,35.250,-71.000,976.85,974.06,29.99,9.88,83.34,83.34,121770.70,515585.10,18.50
702756,pac,56.250,194.250,979.93,979.65,13.37,2.93,44.75,51.35,0.00,432.13,7.42
702756,pac,49.750,169.000,976.20,975.78,12.82,3.17,47.09,47.09,0.00,0.00,5.86
702756,pac,48.500,215.750,995.94,995.41,8.37,2.60,33.01,33.01,0.00,0.00,3.87
702756,pac,43.000,209.000,999.26,999.17,5.13,1.13,38.62,45.89,0.00,0.00,3.42
702762,atl,67.500,-76.750,976.38,976.07,8.70,2.46,27.80,30.15,0.00,0.00,6.81
702762,atl,66.000,-59.500,979.63,979.28,8.17,1.62,35.82,42.98,0.00,0.00,8.71
702762,atl,64.500,-63.000,979.45,979.10,7.85,2.35,42.53,45.16,0.00,0.00,6.84
702762,atl,63.000,-52.500,980.91,980.32,9.35,2.82,43.08,44.49,0.00,0.00,8.41
702762,atl,48.250,-46.750,995.99,995.37,11.07,3.08,48.84,55.83,0.00,8880.06,5.79
702762,atl,45.000,-48.750,996.63,996.25,10.18,2.22,56.24,60.86,0.00,101827.40,5.48
702762,atl,35.500,-68.000,981.08,979.41,24.21,7.14,71.92,71.92,59928.18,474103.92,10.14
702762,pac,56.750,192.000,981.94,981.78,11.21,2.36,41.12,42.87,0.00,0.00,5.61
702762,pac,51.000,172.000,974.15,973.76,12.51,2.88,48.48,48.48,0.00,0.00,5.17
702762,pac,50.250,214.250,995.02,994.32,9.47,3.00,34.40,35.91,0.00,0.00,4.64
702762,pac,42.500,212.500,1000.23,1000.05,5.98,1.54,42.25,43.59,0.00,0.00,3.19
702768,atl,68.000,-77.750,978.32,977.99,7.58,2.05,26.04,26.83,0.00,0.00,11.10
702768,atl,67.000,-59.000,979.81,979.56,9.04,1.54,32.78,38.67,0.00,0.00,11.92
702768,atl,66.000,-63.000,979.74,979.04,7.41,2.15,38.67,40.25,0.00,0.00,11.92
702768,atl,51.000,-40.250,993.08,992.31,12.83,3.55,48.83,51.62,0.00,2043.15,6.34
702768,atl,37.000,-64.500,981.67,980.61,22.62,6.20,62.13,62.13,0.00,387960.53,9.48
702768,pac,57.750,189.500,982.69,982.52,10.12,2.09,37.79,40.08,0.00,0.00,4.26
702768,pac,52.250,174.500,975.30,974.96,10.53,2.21,42.46,42.46,0.00,0.00,4.12
702768,pac,51.500,213.500,993.95,993.17,11.35,3.71,40.17,40.17,0.00,0.00,7.41
702768,pac,45.250,221.500,1002.22,1001.98,4.56,1.40,29.67,31.37,0.00,0.00,2.69
702768,pac,42.000,214.000,1000.45,1000.29,7.22,1.98,47.45,47.45,0.00,0.00,3.76
702774,atl,68.500,-60.750,978.84,978.53,8.45,1.78,30.50,38.51,0.00,0.00,16.27
702774,atl,68.250,-79.250,978.48,978.20,7.42,1.91,25.11,25.81,0.00,0.00,6.40
702774,atl,53.250,-33.750,988.59,987.30,15.04,4.38,49.89,51.09,0.00,486.32,6.81
702774,atl,38.250,-61.750,982.65,981.86,20.70,5.64,61.34,61.34,0.00,335610.07,8.21
702774,pac,58.250,187.000,982.30,982.12,9.34,1.80,33.78,41.38,0.00,0.00,4.37
702774,pac,53.500,172.750,975.74,975.58,9.90,1.46,39.21,42.40,0.00,0.00,3.79
702774,pac,53.250,212.750,995.83,995.27,11.46,3.56,43.57,43.57,0.00,0.00,5.70
702774,pac,46.000,221.000,1001.43,1001.21,6.20,1.80,27.63,27.63,0.00,0.00,3.20
702774,pac,40.750,218.000,1002.57,1002.44,6.63,1.47,48.96,48.96,0.00,0.00,3.88
702780,atl,67.250,-32.000,989.16,988.77,4.74,1.37,22.24,25.75,0.00,0.00,12.01
702780,atl,55.000,-28.500,982.03,980.48,20.21,6.25,55.36,55.36,0.00,34440.06,11.85
702780,atl,39.750,-58.250,984.18,983.43,19.34,5.17,60.12,60.22,0.00,198752.24,7.79
702780,pac,58.500,184.750,981.25,981.07,9.06,1.61,39.25,46.16,0.00,0.00,5.21
702780,pac,55.000,211.750,997.23,996.73,11.40,3.45,39.25,39.25,0.00,0.00,5.00
702780,pac,53.250,171.000,975.79,975.67,11.06,1.84,39.22,42.08,0.00,0.00,4.24
702780,pac,48.250,193.750,996.23,995.65,4.50,1.54,37.00,37.00,0.00,0.00,3.23
702780,pac,46.000,220.750,1000.34,1000.01,8.04,2.23,38.37,38.37,0.00,0.00,4.30
702780,pac,42.750,227.000,1001.16,1000.62,6.71,1.66,36.88,36.88,0.00,0.00,3.58
702786,atl,63.000,-40.000,987.89,987.66,6.15,1.60,42.43,42.43,0.00,0.00,8.18
702786,atl,56.000,-23.500,978.58,978.28,22.77,7.04,57.46,57.46,0.00,117903.93,12.48
702786,atl,52.750,-67.750,1000.19,999.90,5.17,1.48,24.68,24.68,0.00,0.00,4.71
702786,atl,41.250,-54.750,986.17,985.42,17.15,4.65,58.75,58.75,0.00,98141.00,7.72
702786,pac,56.750,210.500,999.66,999.17,9.67,3.05,40.99,41.09,0.00,0.00,8.98
702786,pac,53.250,171.250,975.40,975.27,11.59,1.96,47.92,47.92,0.00,0.00,5.05
702786,pac,50.000,198.250,998.00,997.46,4.53,1.38,29.51,30.32,0.00,0.00,2.77
702786,pac,45.500,221.750,1001.16,1000.95,8.86,2.06,43.68,43.68,0.00,0.00,5.14
702786,pac,44.500,226.500,999.89,999.31,8.43,2.08,35.04,41.12,0.00,0.00,4.23
702786,pac,43.250,190.000,1002.59,1002.30,4.98,1.39,37.85,38.91,0.00,0.00,3.10
702786,pac,38.000,161.000,993.14,991.75,10.73,3.21,52.93,52.93,0.00,3061.28,6.10
702792,atl,64.000,-36.000,987.67,987.56,7.99,1.83,43.60,44.20,0.00,0.00,10.47
702792,atl,56.000,-18.500,979.22,978.81,22.01,6.12,61.17,61.17,0.00,155548.64,11.20
702792,atl,53.000,-63.750,1000.40,1000.18,5.34,1.61,24.32,24.32,0.00,0.00,4.86
702792,atl,49.250,-47.250,987.16,986.70,12.47,2.93,37.40,38.63,0.00,0.00,4.79
702792,pac,58.250,209.500,1002.49,1002.11,6.13,2.31,46.96,47.25,0.00,0.00,10.04
702792,pac,53.500,171.500,978.06,977.96,10.45,1.71,48.92,51.50,0.00,13240.35,5.23
702792,pac,51.000,201.750,999.38,999.01,5.34,1.50,28.26,28.68,0.00,0.00,2.67
702792,pac,45.500,160.250,984.95,983.44,12.18,4.63,54.95,54.95,0.00,4924.96,13.42
702792,pac,45.000,225.000,997.73,997.39,10.23,2.28,37.51,48.54,0.00,0.00,4.87
702792,pac,44.500,193.250,1002.24,1001.96,5.79,1.49,42.15,46.04,0.00,0.00,3.76
702792,pac,40.000,165.500,986.30,984.15,15.50,4.92,54.87,54.87,0.00,29291.44,8.76
702798,atl,67.250,-65.250,988.50,987.16,5.08,1.92,28.80,28.80,0.00,0.00,12.82
702798,atl,65.000,-32.000,986.12,985.88,8.69,1.86,41.06,41.06,0.00,0.00,11.66
702798,atl,55.000,-13.500,982.64,982.36,18.73,4.59,61.21,61.21,0.00,78671.92,7.62
702798,atl,51.750,-42.500,982.35,981.51,14.05,3.51,42.22,42.22,0.00,0.00,6.31
702798,atl,32.750,5.750,1003.04,1002.73,5.72,1.74,36.38,36.38,0.00,0.00,5.31
702798,pac,54.750,173.500,980.12,980.02,8.86,1.46,43.04,47.74,0.00,0.00,4.60
702798,pac,52.000,204.250,1002.57,1002.33,4.45,1.09,26.87,30.04,0.00,0.00,2.87
702798,pac,46.250,162.000,981.41,979.39,12.90,4.95,59.63,59.63,0.00,14039.00,15.20
702798,pac,46.000,196.750,1001.64,1001.27,7.65,2.08,39.81,43.23,0.00,0.00,3.89
702798,pac,44.000,223.750,999.81,999.64,10.38,2.30,43.93,52.90,0.00,12127.22,4.88
702798,pac,42.250,169.000,977.15,974.06,21.11,6.90,59.28,59.28,0.00,72843.81,14.60
702804,atl,67.250,-65.500,990.55,989.19,4.10,1.69,26.04,26.04,0.00,0.00,12.11
702804,atl,66.750,-26.000,986.45,986.34,6.87,1.54,34.39,35.73,0.00,0.00,10.17
702804,atl,60.000,-50.750,992.50,992.23,4.77,1.37,33.41,34.26,0.00,0.00,4.84
702804,atl,54.250,-10.000,989.06,988.73,13.38,2.91,49.31,49.71,0.00,0.00,5.93
702804,atl,53.750,-38.000,977.73,977.03,16.30,4.12,41.93,52.09,0.00,4504.02,6.71
702804,atl,34.000,6.000,1000.35,999.79,7.87,1.68,42.22,43.54,0.00,0.00,5.33
702804,pac,60.000,180.750,984.47,984.30,10.02,2.10,45.88,45.88,0.00,0.00,10.19
702804,pac,56.500,205.750,1003.37,1003.19,4.23,0.96,28.06,30.68,0.00,0.00,5.38
702804,pac,54.500,171.250,982.90,982.83,8.00,1.42,42.08,43.20,0.00,0.00,3.93
702804,pac,47.250,200.500,1001.86,1001.67,8.79,2.38,43.27,43.27,0.00,0.00,5.43
702804,pac,46.250,163.750,981.29,979.83,12.75,5.00,59.90,59.90,0.00,27744.93,10.63
702804,pac,45.500,230.500,1001.51,1001.23,6.11,1.39,31.69,34.10,0.00,0.00,4.61
702804,pac,44.250,172.250,972.16,969.92,23.78,7.92,69.98,69.98,4472.75,138857.17,15.97
702804,pac,42.000,226.000,1002.43,1002.33,6.76,0.94,44.40,53.44,0.00,24961.33,4.85
702810,atl,68.000,-14.250,984.58,984.39,8.12,2.04,33.69,37.17,0.00,0.00,8.05
702810,atl,64.000,-3.750,991.21,990.93,4.39,1.46,30.69,40.42,0.00,0.00,3.83
702810,atl,60.750,-48.500,991.48,991.12,4.47,1.25,42.10,45.46,0.00,0.00,5.38
702810,atl,55.750,-33.000,971.45,970.75,18.95,4.94,54.13,54.13,0.00,37817.03,8.02
702810,atl,53.500,-6.750,992.85,992.70,8.53,1.89,40.19,40.81,0.00,0.00,3.97
702810,atl,45.750,-77.500,1001.05,1000.87,6.92,1.11,27.18,32.94,0.00,0.00,4.87
702810,atl,36.000,7.000,997.31,996.81,10.18,2.04,48.55,48.55,0.00,0.00,5.75
702810,pac,56.500,207.500,1003.64,1003.53,5.23,1.13,26.80,30.45,0.00,0.00,5.05
702810,pac,54.500,171.000,982.95,982.89,7.07,1.42,34.09,35.56,0.00,0.00,3.73
702810,pac,48.250,204.750,1002.25,1002.05,9.50,2.40,46.65,46.65,0.00,0.00,4.59
702810,pac,46.750,175.500,969.18,968.17,23.88,7.55,65.31,65.31,2139.95,141576.03,11.29
702810,pac,46.250,165.750,981.52,980.57,10.77,4.03,55.97,55.97,0.00,26636.06,8.11
702810,pac,45.500,231.250,1004.43,1004.30,4.93,1.04,29.11,29.11,0.00,0.00,5.55
702810,pac,45.250,234.000,1004.45,1004.31,4.54,0.88,29.11,29.11,0.00,0.00,8.98
702810,pac,38.500,227.000,1004.26,1003.77,8.31,2.36,54.18,54.18,0.00,21553.59,4.71
702816,atl,69.000,-12.750,982.13,981.77,9.36,2.99,31.94,31.94,0.00,0.00,6.11
702816,atl,66.500,-0.250,986.64,986.22,5.94,1.82,33.42,40.68,0.00,0.00,3.94
702816,atl,57.500,-29.250,967.02,966.38,20.98,5.63,63.57,63.57,0.00,119749.07,9.63
702816,atl,47.750,-74.500,999.77,999.62,6.58,1.36,19.18,27.96,0.00,0.00,4.44
702816,atl,36.250,7.250,996.83,996.60,11.33,2.25,52.76,52.76,0.00,15254.21,7.48
702816,pac,55.000,171.500,983.37,983.23,6.59,1.49,29.79,34.01,0.00,0.00,3.67
702816,pac,49.000,208.250,1002.57,1002.33,9.83,2.47,45.41,45.54,0.00,0.00,4.69
702816,pac,48.750,177.500,969.14,967.98,22.15,6.91,62.29,62.29,0.00,119046.89,9.01
702816,pac,46.250,167.750,982.53,981.76,10.37,3.76,52.62,52.62,0.00,14216.66,6.76
702822,atl,69.000,-12.500,983.20,982.86,7.12,2.40,34.75,34.75,0.00,0.00,5.80
702822,atl,67.750,3.000,981.90,981.27,8.81,2.67,37.65,45.15,0.00,0.00,5.28
702822,atl,61.250,-79.500,993.24,993.15,5.20,1.09,18.27,21.54,0.00,0.00,2.26
702822,atl,57.750,-25.750,960.60,960.06,25.58,6.86,65.30,66.29,5648.29,265914.61,11.77
702822,atl,48.500,-68.000,998.82,998.52,7.69,1.17,26.59,36.67,0.00,0.00,4.88
702822,atl,34.000,6.750,997.19,997.03,10.25,2.02,52.19,57.11,0.00,8306.42,9.76
702822,pac,55.250,171.750,982.25,982.14,6.75,1.59,32.53,37.41,0.00,0.00,4.28
702822,pac,50.500,180.250,970.80,970.01,19.97,5.68,58.59,58.59,0.00,71547.60,7.74
702822,pac,46.750,170.000,983.69,983.03,8.72,3.10,47.80,47.80,0.00,0.00,5.06
702828,atl,69.000,-12.500,986.60,986.33,4.84,1.90,31.01,31.01,0.00,0.00,4.33
702828,atl,68.500,6.750,980.15,979.25,11.03,3.26,40.99,42.55,0.00,0.00,6.07
702828,atl,61.750,-78.500,993.22,993.06,6.04,1.20,17.58,21.34,0.00,0.00,2.97
702828,atl,57.000,-21.750,962.70,962.39,23.18,5.50,78.78,78.78,187874.50,341748.97,9.90
702828,atl,50.250,-63.500,997.13,996.84,9.39,1.67,35.20,36.44,0.00,0.00,7.91
702828,pac,55.250,171.750,983.58,983.48,6.46,1.48,35.52,37.05,0.00,0.00,4.16
702828,pac,52.500,182.750,974.02,973.37,17.82,4.58,57.39,57.39,0.00,59095.09,6.88
702828,pac,47.500,172.000,986.51,986.02,7.29,2.45,45.77,45.77,0.00,0.00,4.20
702828,pac,36.000,178.500,1001.12,1000.25,5.69,1.65,41.41,41.41,0.00,0.00,3.65
702834,atl,66.000,-29.500,989.39,989.19,5.97,1.55,30.00,39.25,0.00,0.00,13.36
702834,atl,62.750,-77.000,993.53,993.45,6.67,1.21,22.64,25.21,0.00,0.00,2.91
702834,atl,55.250,-16.250,965.07,964.52,19.97,5.28,90.10,90.10,260352.48,365968.61,10.93
702834,atl,52.000,-60.250,993.53,993.32,9.70,1.79,33.88,40.87,0.00,0.00,5.08
702834,pac,55.750,171.750,984.43,984.31,6.41,1.45,36.09,38.32,0.00,0.00,4.51
702834,pac,55.250,185.000,976.61,976.14,16.29,3.57,49.70,49.70,0.00,0.00,6.28
702834,pac,48.250,174.000,987.20,986.77,6.97,2.24,39.37,39.37,0.00,0.00,3.87
702834,pac,41.000,186.500,999.70,999.12,6.05,1.64,38.34,41.09,0.00,0.00,3.62
702834,pac,38.250,183.250,999.24,998.52,7.01,1.94,41.12,41.12,0.00,0.00,3.62
702840,atl,66.500,-31.000,990.58,989.86,9.27,2.33,35.01,49.47,0.00,0.00,13.22
702840,atl,63.250,-76.000,993.70,993.53,7.57,1.64,17.44,21.81,0.00,0.00,2.82
702840,atl,62.500,-44.250,997.94,997.08,4.09,2.20,48.74,49.47,0.00,0.00,13.22
702840,atl,56.000,-54.750,988.51,988.31,11.88,2.60,37.49,38.29,0.00,0.00,5.65
702840,atl,53.750,-10.500,967.42,966.49,17.54,5.16,76.41,76.41,144227.45,277819.80,8.58
702840,pac,58.000,179.500,979.32,978.87,13.09,2.96,41.38,41.49,0.00,0.00,5.21
702840,pac,57.500,185.750,980.30,979.89,14.59,3.03,42.11,42.11,0.00,0.00,5.33
702840,pac,56.000,170.500,986.44,986.21,6.82,1.55,39.15,41.81,0.00,0.00,4.81
702840,pac,49.500,176.000,989.41,989.14,5.55,1.67,36.82,36.82,0.00,0.00,3.30
702840,pac,44.250,189.750,994.91,993.63,9.35,2.94,40.74,45.13,0.00,0.00,7.13
702846,atl,66.750,-31.750,992.38,991.45,8.13,2.13,33.75,36.81,0.00,0.00,9.85
702846,atl,63.500,-75.250,992.89,992.71,7.89,1.88,23.23,23.23,0.00,0.00,4.26
702846,atl,57.750,-52.750,978.56,977.64,17.48,4.28,55.17,55.17,0.00,48869.70,8.92
702846,atl,55.750,-1.000,975.00,974.79,6.59,1.06,27.95,41.28,0.00,0.00,4.83
702846,atl,52.750,-5.500,971.00,970.69,13.93,3.81,58.63,68.59,29810.47,187740.88,7.01
702846,pac,59.250,185.500,983.16,982.87,12.73,2.70,33.12,45.13,0.00,0.00,5.47
702846,pac,58.500,178.000,980.93,980.44,12.14,2.79,48.56,48.81,0.00,0.00,7.45
702846,pac,52.750,160.500,996.78,996.56,5.08,1.55,31.15,39.78,0.00,0.00,10.73
702846,pac,50.750,178.000,989.70,989.46,5.09,1.50,35.18,35.18,0.00,0.00,3.25
702846,pac,47.000,193.000,993.16,992.39,10.62,3.14,41.94,41.94,0.00,0.00,6.06
702846,pac,42.500,176.250,999.24,999.08,4.08,1.17,39.13,39.13,0.00,0.00,2.94
702852,atl,66.750,-32.000,995.18,994.51,4.59,1.48,34.61,39.32,0.00,0.00,9.69
702852,atl,64.750,-60.000,987.35,986.83,7.67,2.65,38.84,44.85,0.00,0.00,10.84
702852,atl,63.500,-74.250,992.82,992.61,7.04,1.80,28.33,28.34,0.00,0.00,3.98
702852,atl,58.250,-51.250,970.52,969.71,23.46,6.55,65.18,65.18,2971.55,227025.14,17.67
702852,atl,52.000,-2.250,974.94,974.57,12.94,3.27,49.79,60.20,0.00,25893.63,6.26
702852,pac,60.500,184.000,985.47,985.19,12.32,2.68,38.41,43.02,0.00,0.00,7.46
702852,pac,58.750,177.500,983.45,983.01,11.05,2.39,49.53,53.73,0.00,5778.18,8.20
702852,pac,52.000,161.750,996.86,996.45,5.33,1.59,36.60,42.50,0.00,0.00,9.49
702852,pac,52.000,196.750,990.31,990.00,12.26,3.02,41.97,41.97,0.00,0.00,5.24
702852,pac,43.500,179.000,998.52,998.13,6.41,2.00,41.57,41.92,0.00,0.00,3.69
702858,atl,65.250,-61.250,986.92,986.15,6.90,2.20,43.76,43.84,0.00,0.00,11.84
702858,atl,60.250,-40.250,971.31,970.06,16.80,4.95,62.25,64.42,412.36,59794.51,12.01
702858,atl,58.500,-47.000,972.50,971.71,20.83,6.01,69.20,69.20,47265.04,332224.35,12.01
702858,atl,52.000,1.000,979.31,979.00,11.04,2.67,38.68,38.68,0.00,0.00,4.12
702858,atl,43.750,9.750,996.85,996.44,4.19,1.47,37.16,37.16,0.00,0.00,9.72
702858,pac,58.500,175.750,984.40,983.89,10.23,2.14,49.86,49.86,0.00,0.00,9.69
702858,pac,55.000,199.250,987.59,987.11,13.87,3.34,43.45,44.22,0.00,0.00,7.90
702858,pac,44.250,181.250,997.97,997.60,7.59,2.31,44.58,44.58,0.00,0.00,5.58
702864,atl,66.750,-66.500,991.10,990.06,5.70,1.68,38.08,38.08,0.00,0.00,12.07
702864,atl,66.750,-49.000,987.12,986.49,7.12,2.13,40.73,44.49,0.00,0.00,9.72
702864,atl,66.250,-53.750,987.19,986.61,8.08,1.80,41.49,45.06,0.00,0.00,9.72
702864,atl,65.500,-62.500,989.69,989.28,6.41,2.15,38.08,41.49,0.00,0.00,12.07
702864,atl,63.500,6.750,997.10,997.03,6.39,1.92,28.51,29.01,0.00,0.00,7.97
702864,atl,60.750,-38.000,967.20,966.22,22.54,6.00,65.01,72.75,44804.79,221175.20,12.08
702864,atl,51.750,2.250,984.03,983.73,10.28,2.37,30.82,34.62,0.00,0.00,3.93
702864,pac,58.750,175.500,986.49,986.09,10.17,2.08,45.85,45.85,0.00,0.00,10.16
702864,pac,58.000,201.000,989.10,988.76,12.08,2.65,44.99,48.30,0.00,0.00,9.99
702864,pac,46.750,185.000,998.60,998.28,7.54,2.28,35.66,49.10,0.00,0.00,4.77
702870,atl,67.250,-71.500,993.68,993.31,5.45,1.78,24.02,34.07,0.00,0.00,10.07
702870,atl,67.000,-66.250,993.47,991.87,4.81,1.12,34.07,35.30,0.00,0.00,10.07
702870,atl,64.500,6.250,999.08,998.91,6.81,1.84,30.84,30.84,0.00,0.00,7.59
702870,atl,63.750,-27.500,971.40,970.53,16.88,3.23,56.45,69.18,9626.42,94986.17,12.11
702870,atl,61.000,-34.000,965.88,965.41,23.63,5.48,70.57,72.16,87894.98,310259.49,11.89
702870,atl,51.750,2.750,988.80,988.45,9.17,2.10,27.38,33.51,0.00,0.00,3.82
702870,pac,59.500,202.250,989.98,989.63,10.38,2.56,43.31,45.69,0.00,0.00,11.66
702870,pac,58.500,207.750,992.21,991.72,10.68,2.76,45.69,45.69,0.00,0.00,11.66
702870,pac,57.500,173.500,988.18,987.91,9.10,1.86,42.66,44.07,0.00,0.00,11.13
702870,pac,48.000,186.250,998.11,997.62,7.94,2.57,45.79,45.79,0.00,0.00,5.46
702876,atl,67.750,-60.500,995.31,994.67,6.12,2.20,38.74,38.74,0.00,0.00,8.12
702876,atl,67.000,-73.250,996.67,996.31,5.59,1.54,20.33,25.64,0.00,0.00,8.59
702876,atl,67.000,-65.500,995.96,994.32,5.98,1.52,36.38,38.74,0.00,0.00,8.59
702876,atl,65.250,5.250,1001.33,1001.21,5.53,1.31,31.83,31.83,0.00,0.00,8.36
702876,atl,62.000,-30.000,967.73,967.27,19.94,3.71,75.01,75.01,65591.25,359457.25,11.91
702876,atl,51.500,3.500,995.70,995.34,6.47,1.48,29.86,35.24,0.00,0.00,3.65
702876,atl,43.750,7.750,996.59,995.30,6.05,1.93,45.50,48.52,0.00,0.00,8.21
702876,pac,62.000,219.000,1000.94,999.58,5.77,1.30,40.91,45.22,0.00,0.00,11.59
702876,pac,60.750,202.750,992.70,992.23,8.48,2.21,37.02,45.24,0.00,0.00,9.12
702876,pac,59.250,210.750,994.32,993.54,8.63,2.75,45.24,45.24,0.00,0.00,9.12
702876,pac,56.500,173.250,991.83,991.67,7.19,1.50,31.43,41.21,0.00,0.00,3.46
702876,pac,49.250,190.250,1002.16,1001.97,6.19,1.63,45.98,45.98,0.00,0.00,4.07
702882,atl,68.750,-63.250,997.11,996.59,6.35,2.35,31.62,32.67,0.00,0.00,9.55
702882,atl,66.500,-74.500,999.34,999.18,4.65,1.14,19.49,27.06,0.00,0.00,9.55
702882,atl,63.750,-34.000,965.50,964.74,22.39,5.05,66.91,68.80,77435.64,214914.63,14.23
702882,atl,63.250,-27.750,967.11,966.68,18.67,3.18,68.80,68.80,98398.36,336488.90,13.03
702882,atl,60.750,-54.000,999.80,999.58,4.22,1.62,39.06,40.13,0.00,0.00,8.16
702882,atl,51.000,4.250,1001.18,1001.06,4.10,0.95,26.25,32.19,0.00,0.00,2.43
702882,atl,43.750,9.250,996.73,996.34,6.89,1.94,42.33,43.06,0.00,0.00,11.98
702882,atl,41.500,-79.250,1001.28,1000.90,7.78,1.64,40.33,40.33,0.00,0.00,4.14
702882,pac,64.250,213.000,997.50,996.43,7.80,2.15,26.33,27.48,0.00,0.00,12.23
702882,pac,62.500,202.000,994.78,994.67,7.86,1.88,32.67,35.09,0.00,0.00,8.16
702882,pac,60.000,213.000,994.46,993.71,9.43,2.90,44.51,44.51,0.00,0.00,8.21
702882,pac,55.250,174.250,993.90,993.74,6.63,1.56,34.02,34.02,0.00,0.00,2.60
702882,pac,50.750,192.750,1003.04,1002.76,5.90,1.58,40.92,42.18,0.00,0.00,3.70
702888,atl,69.000,-65.000,999.57,999.15,4.74,1.65,27.51,27.51,0.00,0.00,8.32
702888,atl,66.000,-74.500,1001.28,1001.13,4.04,0.88,16.43,27.51,0.00,0.00,8.32
702888,atl,64.500,-27.250,963.67,962.97,22.35,4.74,63.54,63.54,0.00,231194.35,19.16
702888,atl,61.250,-52.500,995.38,994.99,5.82,2.07,47.69,47.69,0.00,0.00,16.10
702888,atl,43.000,10.000,998.63,998.33,7.88,1.63,42.79,46.07,0.00,0.00,15.06
702888,atl,42.250,-75.000,999.91,999.43,6.67,1.29,35.81,43.04,0.00,0.00,5.66
702888,pac,64.250,214.750,997.64,997.27,7.82,2.23,22.59,26.22,0.00,0.00,11.82
702888,pac,63.250,199.000,998.26,997.87,6.80,1.51,33.20,39.97,0.00,0.00,8.72
702888,pac,63.250,203.500,997.81,997.42,6.28,1.62,33.20,36.67,0.00,0.00,8.72
702888,pac,62.000,218.750,998.24,997.48,7.90,1.01,34.07,42.02,0.00,0.00,11.82
702888,pac,61.250,223.500,998.60,998.10,9.42,1.93,30.89,37.85,0.00,0.00,11.29
702888,pac,60.250,214.750,997.91,997.30,6.50,1.74,42.02,42.02,0.00,0.00,8.72
702888,pac,54.750,176.250,997.80,997.46,5.48,1.39,27.58,28.65,0.00,0.00,2.52
702888,pac,51.750,195.750,1004.15,1003.94,6.15,1.65,34.46,39.42,0.00,0.00,3.35
702894,atl,65.250,-28.750,964.38,963.67,21.71,5.33,59.96,59.96,0.00,175945.36,17.77
702894,atl,61.250,-50.000,991.93,991.56,4.66,1.49,50.70,57.29,0.00,30755.68,16.15
702894,atl,44.000,-67.000,996.54,996.23,8.39,1.83,49.22,49.22,0.00,0.00,4.32
702894,pac,64.000,199.500,1000.68,1000.53,6.12,1.22,27.34,37.78,0.00,0.00,11.71
702894,pac,64.000,205.500,1000.69,1000.20,4.66,1.23,26.15,27.34,0.00,0.00,15.81
702894,pac,62.000,219.500,999.70,999.07,6.91,0.94,27.93,38.43,0.00,0.00,14.22
702894,pac,61.250,224.500,999.18,998.83,9.44,2.10,27.04,31.33,0.00,0.00,14.22
702894,pac,60.500,212.500,1000.34,999.88,4.72,1.36,38.43,38.43,0.00,0.00,9.33
702894,pac,59.000,169.500,1000.69,1000.46,7.37,1.74,38.66,38.66,0.00,0.00,8.34
702894,pac,58.250,173.500,1000.67,1000.53,5.01,0.80,38.66,38.66,0.00,0.00,7.37
702894,pac,57.250,185.250,1000.46,1000.37,4.12,0.79,25.23,25.23,0.00,0.00,2.36
702894,pac,55.000,179.250,999.91,999.53,4.93,1.21,28.34,29.10,0.00,0.00,2.36
702894,pac,35.750,162.500,996.74,996.01,13.79,3.43,58.12,58.12,0.00,70944.74,7.03
702900,atl,68.250,-76.750,1000.74,1000.53,4.01,1.19,22.41,23.06,0.00,0.00,6.47
702900,atl,66.000,-31.000,968.83,968.14,19.05,4.87,58.43,58.43,0.00,28972.47,17.67
702900,atl,45.750,-61.500,993.15,992.81,10.38,2.33,48.03,48.03,0.00,0.00,4.99
702900,pac,65.000,200.250,1003.72,1003.50,5.49,0.87,20.12,34.90,0.00,0.00,15.63
702900,pac,64.500,194.000,1004.16,1003.79,5.11,1.15,34.90,34.90,0.00,0.00,8.19
702900,pac,62.000,218.750,1002.03,1001.42,4.98,0.72,19.94,32.60,0.00,0.00,15.25
702900,pac,61.500,225.750,1002.41,1002.20,6.75,1.72,19.45,22.96,0.00,0.00,15.25
702900,pac,60.500,213.000,1001.93,1001.60,4.67,1.32,33.25,33.76,0.00,0.00,9.81
702900,pac,58.750,167.500,1003.29,1002.87,7.34,2.06,36.27,36.27,0.00,0.00,7.19
702900,pac,58.750,188.250,1001.83,1001.77,5.40,1.13,28.35,28.35,0.00,0.00,2.62
702900,pac,58.250,233.000,1004.97,1004.08,7.07,2.73,22.53,28.21,0.00,0.00,22.09
702900,pac,36.000,167.250,998.63,998.13,13.19,2.96,53.14,53.14,0.00,22553.71,5.65
702906,atl,67.000,-77.500,1001.06,1000.87,4.30,1.45,21.81,21.81,0.00,0.00,7.32
702906,atl,65.750,-35.750,971.77,971.22,17.93,3.47,59.56,59.56,0.00,18866.86,25.66
702906,atl,48.750,-53.000,992.08,991.67,11.66,2.86,42.77,42.77,0.00,0.00,5.65
702906,pac,61.500,226.250,1003.81,1003.39,5.15,1.58,15.91,18.38,0.00,0.00,13.78
702906,pac,60.500,190.500,1002.24,1002.13,5.84,1.36,22.26,26.45,0.00,0.00,3.17
702906,pac,60.000,214.500,1003.35,1003.12,4.15,1.16,28.79,30.05,0.00,0.00,9.65
702906,pac,58.750,166.500,1004.13,1003.57,7.50,2.27,35.50,35.50,0.00,0.00,7.61
702906,pac,57.000,234.500,1004.72,1004.35,7.50,2.49,17.53,32.37,0.00,0.00,18.61
702906,pac,54.250,229.000,1004.96,1004.67,4.89,1.07,32.37,38.52,0.00,0.00,10.95
702906,pac,36.750,168.750,998.66,998.12,12.91,2.99,48.26,48.26,0.00,0.00,5.89
702912,atl,66.000,-77.500,1001.70,1001.47,4.99,1.66,20.08,20.08,0.00,0.00,7.18
702912,atl,64.250,-39.750,977.27,977.06,14.81,3.22,43.71,59.38,0.00,46545.16,33.15
702912,atl,52.000,-45.000,991.94,991.59,11.51,2.82,52.34,52.34,0.00,21434.14,5.11
702912,atl,46.750,-58.000,996.50,996.20,7.31,1.58,31.40,46.17,0.00,0.00,4.05
702912,pac,61.500,193.000,1003.39,1003.12,5.94,1.58,23.55,29.84,0.00,0.00,3.67
702912,pac,61.500,225.250,1003.61,1003.40,4.34,1.58,12.76,18.08,0.00,0.00,9.18
702912,pac,57.750,187.500,1004.34,1004.08,5.48,1.16,25.67,27.97,0.00,0.00,2.48
702912,pac,57.000,234.500,1003.05,1002.31,7.78,2.67,17.72,29.44,0.00,0.00,12.71
702912,pac,53.750,220.750,1003.85,1003.33,6.62,1.99,38.15,38.15,0.00,0.00,4.29
702912,pac,37.500,171.750,1002.16,1001.69,10.90,2.36,48.18,48.18,0.00,0.00,5.05
702918,atl,65.250,-77.250,1002.12,1001.95,5.02,1.74,20.65,21.30,0.00,0.00,5.98
702918,atl,63.750,-34.750,977.97,977.85,13.95,2.58,46.32,54.94,0.00,8494.58,19.48
702918,atl,55.750,-33.250,990.96,990.62,8.07,2.20,50.06,50.06,0.00,448.75,5.31
702918,atl,53.750,-5.000,1004.60,1003.22,11.31,3.73,41.25,41.25,0.00,0.00,6.27
702918,atl,48.500,-51.750,995.52,995.40,8.06,1.46,35.81,45.52,0.00,0.00,4.47
702918,pac,62.500,194.750,1003.80,1003.55,6.02,1.71,26.44,26.71,0.00,0.00,3.28
702918,pac,57.250,234.750,1002.86,1002.23,7.36,2.53,16.11,32.54,0.00,0.00,12.98
702918,pac,54.000,223.500,1002.71,1002.35,7.05,2.07,36.36,36.36,0.00,0.00,3.82
702918,pac,38.250,175.500,1003.26,1002.88,9.59,2.05,46.29,46.29,0.00,0.00,5.00
702918,pac,36.750,171.250,1003.04,1002.83,7.22,1.52,44.70,46.29,0.00,0.00,5.00
702924,atl,64.750,-76.750,1002.71,1002.53,4.88,1.61,19.85,19.85,0.00,0.00,4.12
702924,atl,63.500,-35.750,979.48,979.32,13.36,2.41,44.92,55.66,0.00,23410.28,17.39
702924,atl,58.250,-25.250,988.62,988.37,8.97,2.37,49.74,51.89,0.00,7439.48,5.61
702924,atl,50.250,-48.500,992.26,992.02,11.88,2.47,38.53,47.85,0.00,0.00,6.03
702924,pac,63.500,196.500,1004.95,1004.70,5.78,1.68,23.42,23.93,0.00,0.00,3.00
702924,pac,56.000,235.250,1003.82,1003.59,5.84,1.58,28.88,30.50,0.00,0.00,12.41
702924,pac,54.000,225.250,1000.79,1000.51,7.87,2.44,37.17,37.17,0.00,0.00,5.39
702930,atl,64.750,-76.250,1003.50,1003.31,4.91,1.56,22.56,22.66,0.00,0.00,6.22
702930,atl,63.500,-36.500,980.29,980.16,12.34,1.99,36.47,51.25,0.00,1955.23,19.48
702930,atl,52.250,-41.500,990.10,989.55,11.70,2.61,50.41,57.84,0.00,28226.49,6.86
702930,pac,56.000,235.750,1003.35,1003.01,4.57,1.23,28.80,30.58,0.00,0.00,9.25
702930,pac,54.000,226.750,999.99,999.70,7.56,2.38,32.53,32.53,0.00,0.00,4.19
702930,pac,51.750,236.750,1004.46,1003.43,4.21,1.48,25.96,28.80,0.00,0.00,9.62
702936,atl,65.000,-27.500,982.24,982.13,7.37,1.35,36.13,37.12,0.00,0.00,12.86
702936,atl,64.500,-75.500,1004.52,1004.35,4.89,1.41,18.81,18.81,0.00,0.00,6.36
702936,atl,63.500,-37.500,980.24,980.06,12.49,2.15,37.12,56.50,0.00,6658.82,21.28
702936,atl,55.000,-33.000,986.61,985.90,10.62,2.64,52.55,53.81,0.00,19873.05,5.70
702936,pac,56.000,235.750,1000.30,999.75,4.20,1.07,21.62,28.29,0.00,0.00,8.00
702936,pac,54.000,228.750,999.09,998.76,6.06,1.95,34.95,34.95,0.00,0.00,6.28
702936,pac,51.500,238.000,998.18,997.22,7.12,2.52,29.87,32.91,0.00,0.00,10.27
702942,atl,67.500,-16.000,980.85,980.34,12.35,2.89,48.99,50.26,0.00,332.69,11.89
702942,atl,65.750,-26.500,981.05,980.91,6.56,1.33,36.47,41.52,0.00,0.00,11.89
702942,atl,64.500,-75.250,1004.33,1004.13,5.21,1.44,18.70,19.96,0.00,0.00,6.00
702942,atl,63.250,-37.500,978.49,978.30,14.60,2.38,41.52,62.92,0.00,39618.38,23.14
702942,atl,57.750,-25.500,982.89,982.26,9.85,2.49,50.53,51.12,0.00,2196.73,7.06
702942,atl,50.500,-78.500,982.19,981.58,16.90,3.76,38.06,40.04,0.00,0.00,7.41
702942,pac,59.750,214.000,1002.85,1002.76,4.03,1.11,26.70,26.70,0.00,0.00,6.64
702942,pac,56.000,235.750,999.10,998.61,4.54,1.30,14.76,31.32,0.00,0.00,7.95
702942,pac,55.000,229.500,998.88,998.68,5.81,1.24,31.60,31.60,0.00,0.00,7.20
702948,atl,62.750,-37.250,979.26,979.10,16.11,2.56,52.49,73.96,65017.03,128936.17,20.73
702948,atl,60.500,-19.500,977.05,976.39,12.24,3.16,50.63,56.97,0.00,25599.15,5.92
702948,atl,52.000,-77.750,982.96,982.10,19.03,4.71,52.39,52.39,0.00,5690.48,9.28
702948,atl,42.500,-70.500,992.09,991.55,9.33,2.45,40.01,40.01,0.00,0.00,8.88
702948,atl,38.750,-65.250,997.32,996.78,8.02,1.91,52.20,52.20,0.00,1219.97,5.38
702948,pac,59.500,215.000,1001.97,1001.83,4.68,1.16,24.41,26.67,0.00,0.00,7.06
702948,pac,55.500,232.500,999.54,999.30,5.48,1.09,24.50,28.30,0.00,0.00,10.45
702954,atl,63.500,-31.250,979.17,979.03,10.03,1.44,46.76,67.67,11435.03,88135.53,14.80
702954,atl,62.250,-16.000,970.70,969.91,15.97,4.68,61.63,61.63,0.00,136999.95,10.11
702954,atl,53.000,-74.250,984.61,984.13,17.41,3.52,48.66,60.31,0.00,43469.83,12.33
702954,atl,44.500,-68.500,984.30,983.83,12.46,3.38,49.54,49.54,0.00,0.00,8.02
702954,atl,42.250,-63.000,987.30,986.07,12.92,3.21,60.39,60.39,0.00,44598.30,9.19
702954,pac,59.500,215.750,1000.78,1000.55,5.37,1.23,18.36,27.83,0.00,0.00,8.15
702954,pac,56.000,234.000,1000.89,1000.74,5.47,1.61,24.78,28.10,0.00,0.00,7.94
702960,atl,65.750,-72.000,1004.16,1003.85,8.42,2.13,36.19,40.15,0.00,0.00,10.00
702960,atl,63.500,-28.250,978.66,978.52,8.64,1.41,41.87,58.91,0.00,51090.86,7.98
702960,atl,63.500,-11.750,969.62,969.22,16.92,4.72,59.34,59.34,0.00,84778.26,9.27
702960,atl,62.250,-64.750,999.45,999.20,9.67,2.22,39.51,42.61,0.00,0.00,8.32
702960,atl,52.750,-71.250,987.53,987.26,14.25,2.89,46.87,46.87,0.00,0.00,9.01
702960,atl,46.250,-65.750,979.88,979.58,15.33,3.05,49.86,65.68,1585.98,34270.62,16.43
702960,atl,46.000,-62.250,979.17,978.18,17.29,4.04,65.68,65.68,1585.98,55908.51,16.43
702960,pac,59.750,213.500,1000.71,1000.46,6.16,1.46,29.74,29.94,0.00,0.00,10.35
702960,pac,56.750,233.250,1000.19,999.94,6.69,2.23,27.47,27.47,0.00,0.00,8.58
702966,atl,65.500,-9.500,968.16,967.81,18.05,4.85,53.71,56.99,0.00,47649.06,8.54
702966,atl,64.500,-64.250,996.42,995.88,14.46,3.50,49.21,49.21,0.00,0.00,17.57
702966,atl,63.750,-23.500,979.22,979.13,5.68,1.09,33.04,49.12,0.00,0.00,4.55
702966,atl,49.250,-63.000,970.25,969.64,21.11,4.76,52.01,56.40,0.00,16394.09,13.69
702966,pac,59.500,213.250,1000.75,1000.50,7.15,1.55,30.33,34.84,0.00,0.00,10.09
702966,pac,57.250,233.500,1002.98,1002.57,5.96,2.26,14.51,15.92,0.00,0.00,9.56
702966,pac,47.500,217.000,1004.54,1004.28,7.47,1.49,31.52,43.49,0.00,0.00,4.00
702972,atl,68.000,-11.000,969.82,969.41,19.03,4.63,51.96,52.70,0.00,25566.45,7.90
702972,atl,66.750,-70.250,996.85,995.31,15.19,4.33,47.99,48.53,0.00,0.00,18.38
702972,atl,66.750,-67.250,996.75,995.19,14.67,3.66,47.99,53.41,0.00,3546.53,18.38
702972,atl,65.500,-62.500,995.13,994.10,14.33,3.39,55.01,55.01,0.00,11762.98,18.38
702972,atl,50.750,-63.000,968.96,968.29,20.11,4.16,55.13,55.13,0.00,56731.37,12.68
702972,pac,59.250,213.000,1001.81,1001.65,8.02,1.65,34.71,34.71,0.00,0.00,12.08
702972,pac,57.250,221.000,1001.35,1001.15,5.00,1.18,28.91,28.91,0.00,0.00,8.54
702972,pac,46.500,223.500,995.91,995.24,15.08,3.81,51.33,51.33,0.00,2202.29,5.61
702978,atl,67.000,-61.500,992.62,991.78,15.12,4.08,54.53,54.53,0.00,5019.71,13.38
702978,atl,66.750,-72.000,996.29,995.53,13.81,3.96,43.25,44.11,0.00,0.00,12.86
702978,atl,55.250,2.750,998.49,998.28,10.51,2.41,42.58,45.32,0.00,0.00,10.11
702978,atl,52.500,-61.500,970.07,969.73,18.85,3.88,52.85,62.34,0.00,56744.40,10.10
702978,pac,57.750,220.000,1001.36,1001.11,6.37,1.40,31.23,31.23,0.00,0.00,11.54
702978,pac,47.750,227.500,986.64,985.12,21.46,5.99,49.91,51.42,0.00,4395.04,9.09
702984,atl,68.500,-64.250,990.27,988.62,15.25,4.31,57.86,57.86,0.00,3603.29,16.77
702984,atl,66.250,-71.750,995.39,994.73,10.89,2.95,35.57,57.86,0.00,3603.29,13.68
702984,atl,60.750,-11.500,994.77,994.63,7.67,1.62,44.43,44.82,0.00,0.00,5.34
702984,atl,57.500,-57.000,966.19,965.94,23.00,5.20,75.00,75.00,50197.40,153794.92,13.68
702984,atl,57.000,3.500,996.03,995.70,12.12,3.34,51.44,51.44,0.00,4052.00,14.46
702984,pac,58.250,219.000,1001.64,1001.31,6.46,1.55,29.96,29.96,0.00,0.00,11.21
702984,pac,48.250,229.000,979.82,978.44,25.10,7.54,59.61,59.61,0.00,139452.21,13.53
702984,pac,38.000,167.750,1004.64,1004.16,4.12,1.29,32.95,40.82,0.00,0.00,3.14
702990,atl,68.500,-28.000,998.63,997.57,5.67,1.75,38.91,38.91,0.00,0.00,16.60
702990,atl,68.000,-31.250,998.63,998.01,5.13,1.93,38.91,38.91,0.00,0.00,16.60
702990,atl,60.250,-55.000,965.62,965.38,22.20,5.03,69.50,70.80,80324.93,248037.68,10.03
702990,atl,60.000,-8.500,1000.63,1000.46,6.49,1.67,35.85,40.28,0.00,0.00,3.26
702990,atl,58.250,2.500,997.66,997.21,10.71,3.24,54.98,54.98,0.00,8017.67,16.98
702990,pac,58.500,217.750,1000.73,1000.48,7.20,1.63,30.06,39.97,0.00,0.00,13.24
702990,pac,56.000,165.750,989.72,989.54,8.62,1.85,46.39,50.71,0.00,1711.68,6.36
702990,pac,48.500,233.000,981.75,980.85,20.72,5.65,63.83,63.83,0.00,109952.38,8.62
702990,pac,46.000,173.500,999.67,999.26,4.19,1.36,31.45,31.45,0.00,0.00,2.58
702996,atl,69.000,-54.500,973.12,972.87,19.40,4.14,58.71,58.71,0.00,43510.20,14.71
702996,atl,63.750,-54.250,973.54,972.99,13.02,3.50,59.41,61.47,0.00,132592.53,12.28
702996,atl,62.500,-42.500,986.55,986.01,4.04,1.62,44.65,51.62,0.00,4052.07,8.00
702996,atl,59.250,1.000,1003.61,1003.20,8.57,2.48,51.50,51.50,0.00,4720.98,14.77
702996,atl,58.500,-51.500,971.85,971.45,20.26,4.85,61.47,61.47,0.00,296408.93,8.45
702996,atl,49.500,4.500,1002.79,1002.51,6.74,1.58,25.99,31.78,0.00,0.00,14.18
702996,pac,58.500,215.000,999.96,999.66,8.98,1.73,33.55,43.44,0.00,0.00,12.67
702996,pac,57.500,162.750,985.84,985.43,12.03,2.36,53.82,58.46,0.00,40834.95,8.33
702996,pac,49.500,235.750,988.82,987.78,13.02,3.25,50.05,59.73,0.00,13278.30,7.61
702996,pac,48.250,175.750,996.79,996.26,7.02,1.97,31.52,35.35,0.00,0.00,3.86
703002,atl,65.750,-54.500,977.14,976.68,11.80,2.88,47.77,49.55,0.00,0.00,12.05
703002,atl,59.250,-48.000,976.97,976.27,17.72,5.00,56.33,56.33,0.00,99292.40,7.91
703002,atl,49.750,4.750,1003.21,1002.91,6.85,1.67,29.21,29.21,0.00,0.00,9.83
703002,atl,43.000,6.750,1003.08,1002.65,7.91,2.35,42.50,42.50,0.00,0.00,9.83
703002,atl,35.250,-77.000,1002.93,1002.46,10.29,2.85,59.79,59.79,0.00,30383.98,11.34
703002,pac,58.250,214.000,999.80,999.52,9.55,1.87,39.78,43.84,0.00,0.00,13.08
703002,pac,54.500,175.750,993.16,992.90,9.15,2.01,45.42,49.34,0.00,0.00,4.88
703002,pac,52.500,231.250,994.42,994.24,7.85,1.77,25.31,36.37,0.00,0.00,10.32
703002,pac,51.500,160.250,984.31,984.12,8.82,2.16,41.93,41.93,0.00,0.00,4.53
703002,pac,51.500,238.000,993.91,993.56,11.18,2.68,46.40,46.40,0.00,0.00,12.15
703008,atl,59.750,-46.000,984.88,984.06,14.04,4.33,56.87,56.87,0.00,33745.21,9.32
703008,atl,53.250,-34.250,1000.71,1000.26,6.53,2.02,40.21,40.21,0.00,0.00,4.00
703008,atl,47.500,9.500,1003.69,1002.70,5.93,1.59,31.76,44.60,0.00,0.00,11.15
703008,atl,43.750,6.500,999.11,997.98,10.85,3.21,44.60,44.60,0.00,0.00,9.70
703008,atl,37.500,-75.500,999.37,998.32,12.36,3.81,52.22,58.93,0.00,40505.25,9.23
703008,pac,57.750,214.000,999.49,999.32,8.60,1.67,37.25,41.03,0.00,0.00,11.67
703008,pac,56.250,174.750,990.34,990.01,11.89,2.64,51.35,51.85,0.00,32934.12,6.86
703008,pac,54.500,229.500,996.87,996.63,6.72,1.24,22.15,33.10,0.00,0.00,9.73
703008,pac,52.500,161.500,987.53,987.36,6.88,1.67,39.27,39.39,0.00,0.00,3.58
703008,pac,52.250,236.000,996.27,995.58,8.23,2.10,36.91,38.98,0.00,0.00,11.88
703014,atl,64.500,-35.250,988.41,987.97,10.39,2.54,37.78,54.27,0.00,14765.10,7.44
703014,atl,59.500,-41.500,989.57,989.19,10.96,3.08,54.53,54.53,0.00,51471.05,14.89
703014,atl,44.000,6.750,1000.67,999.75,7.71,1.93,43.96,46.12,0.00,0.00,11.01
703014,atl,39.250,-74.250,995.24,994.19,14.11,3.90,48.34,62.04,0.00,11039.43,6.75
703014,pac,58.000,172.250,989.43,988.89,11.42,2.79,60.64,60.64,0.00,82412.79,13.20
703014,pac,57.250,214.000,1000.13,999.98,7.54,1.35,36.07,41.50,0.00,0.00,11.49
703014,pac,54.500,228.750,997.24,997.03,6.87,1.34,19.19,21.37,0.00,0.00,8.13
703014,pac,53.500,162.750,987.87,987.70,6.17,1.51,33.78,35.34,0.00,0.00,4.62
703014,pac,52.000,237.500,998.38,997.83,7.09,2.11,26.14,28.70,0.00,0.00,13.38
703014,pac,47.500,229.500,999.41,999.14,5.00,1.38,34.85,37.37,0.00,0.00,3.73
703014,pac,44.000,236.000,1003.18,1002.51,4.59,1.48,47.31,47.31,0.00,0.00,5.89
703020,atl,66.250,-32.750,984.81,984.41,14.92,3.13,52.47,63.79,0.00,25203.04,12.23
703020,atl,65.250,-36.250,984.88,984.12,13.45,2.37,42.87,53.28,0.00,10986.68,16.70
703020,atl,60.250,-26.000,991.12,990.90,9.78,2.48,48.95,58.75,0.00,37080.48,10.35
703020,atl,47.500,9.750,1001.59,1000.59,8.93,2.33,39.03,40.72,0.00,0.00,13.86
703020,atl,44.500,6.250,1003.27,1001.70,5.55,1.39,43.42,43.42,0.00,0.00,13.86
703020,atl,41.250,-72.750,993.74,992.72,14.32,3.68,55.76,58.49,0.00,55988.68,11.32
703020,pac,58.500,171.250,990.86,990.11,10.41,2.74,58.65,58.65,0.00,30160.26,12.22
703020,pac,57.500,214.000,1000.53,1000.36,7.09,1.24,34.48,35.88,0.00,0.00,11.44
703020,pac,54.750,227.500,997.69,997.50,6.53,1.24,19.38,21.26,0.00,0.00,9.15
703020,pac,54.500,164.000,990.55,990.41,5.28,1.28,28.60,29.13,0.00,0.00,3.85
703020,pac,52.250,237.000,999.79,999.36,4.20,1.30,22.44,22.44,0.00,0.00,14.63
703020,pac,48.250,231.250,996.00,995.58,7.44,2.20,41.48,41.48,0.00,0.00,4.76
703026,atl,66.250,-39.500,982.32,982.05,15.83,4.81,52.19,53.89,0.00,7149.00,30.77
703026,atl,43.500,8.500,1004.56,1004.39,4.57,0.92,40.03,45.55,0.00,0.00,10.07
703026,atl,42.750,-71.250,991.74,991.05,13.98,3.12,42.36,57.75,0.00,12735.58,6.88
703026,pac,59.000,212.750,999.77,999.55,9.55,2.12,32.05,32.68,0.00,0.00,17.15
703026,pac,58.750,169.000,993.28,992.66,8.15,1.90,55.42,55.42,0.00,10830.30,11.66
703026,pac,57.250,187.000,997.52,996.91,8.73,2.25,45.86,50.21,0.00,1138.65,4.84
703026,pac,55.250,165.000,992.28,992.15,5.17,1.15,24.93,48.29,0.00,0.00,5.34
703026,pac,54.500,227.750,999.02,998.86,5.81,1.25,20.53,21.32,0.00,0.00,9.68
703026,pac,49.500,239.750,999.13,998.45,4.04,0.72,32.90,43.12,0.00,0.00,12.61
703026,pac,48.750,176.750,999.87,999.38,5.43,1.87,33.96,37.92,0.00,0.00,3.34
703026,pac,48.750,232.750,995.01,994.26,9.15,2.88,41.36,41.36,0.00,0.00,5.87
703026,pac,43.000,185.250,1000.04,999.25,9.90,2.60,39.56,43.79,0.00,0.00,5.53
703032,atl,67.500,-28.250,989.02,988.45,11.39,2.98,43.45,47.41,0.00,0.00,16.31
703032,atl,61.750,-36.500,986.19,985.97,17.36,3.14,64.60,70.17,38459.90,209657.42,20.41
703032,atl,56.750,-18.750,1004.16,1003.90,6.68,1.80,43.13,44.71,0.00,0.00,4.64
703032,atl,44.750,-67.750,989.06,988.58,14.49,2.73,47.92,59.90,0.00,39410.17,9.81
703032,atl,43.000,7.750,1004.97,1004.88,4.95,1.01,46.77,47.53,0.00,0.00,8.31
703032,pac,59.500,213.000,997.44,997.15,9.82,2.34,27.93,27.93,0.00,0.00,14.10
703032,pac,57.500,187.000,998.49,997.91,7.87,2.08,35.09,40.94,0.00,0.00,4.11
703032,pac,56.750,191.500,998.68,998.22,7.19,1.90,31.38,33.96,0.00,0.00,3.64
703032,pac,55.750,165.250,995.77,995.65,4.72,0.97,22.97,51.74,0.00,1961.05,4.93
703032,pac,54.750,227.500,1000.93,1000.75,4.43,0.98,24.30,26.28,0.00,0.00,8.22
703032,pac,54.000,199.500,999.26,999.14,5.05,1.20,29.42,32.14,0.00,0.00,3.64
703032,pac,50.000,177.500,999.82,999.15,5.43,2.00,39.09,39.09,0.00,0.00,3.99
703032,pac,49.250,234.000,997.97,997.63,6.64,2.02,42.43,42.43,0.00,0.00,7.68
703032,pac,45.250,188.250,991.91,990.84,14.73,3.82,44.81,51.43,0.00,14705.55,6.87
703038,atl,65.000,-17.500,1000.27,998.91,5.74,1.59,43.65,46.74,0.00,0.00,9.90
703038,atl,61.750,-32.750,987.20,986.78,15.30,3.54,48.72,61.64,0.00,87142.45,7.69
703038,atl,61.000,-17.000,1001.21,1000.98,7.09,1.96,46.74,46.74,0.00,0.00,9.90
703038,atl,47.000,-64.750,979.28,978.61,21.54,4.82,68.47,71.50,22375.89,99329.53,12.28
703038,atl,41.500,7.250,1004.35,1004.24,5.02,1.16,47.91,47.91,0.00,0.00,8.44
703038,pac,60.000,213.000,995.50,994.99,10.79,2.53,35.41,35.41,0.00,0.00,16.15
703038,pac,56.000,165.250,997.90,997.76,4.43,0.96,30.24,47.58,0.00,0.00,4.62
703038,pac,53.250,204.000,996.74,996.66,4.62,1.00,24.89,30.63,0.00,0.00,3.56
703038,pac,52.000,239.000,1001.10,1000.64,6.46,1.95,29.09,30.74,0.00,0.00,10.04
703038,pac,50.250,178.750,1001.89,1001.33,4.24,1.74,43.72,43.72,0.00,0.00,4.47
703038,pac,50.000,235.250,1001.65,1001.24,5.81,1.52,30.74,30.74,0.00,0.00,6.23
703038,pac,46.750,190.750,982.91,981.67,20.61,5.88,63.25,63.25,0.00,81006.71,11.57
703044,atl,64.750,-17.250,998.56,997.18,9.45,2.65,45.33,45.33,0.00,0.00,9.32
703044,atl,62.750,-30.000,990.44,989.69,13.16,3.35,44.90,48.70,0.00,0.00,6.04
703044,atl,49.000,-64.250,974.23,973.10,23.37,5.80,41.17,52.16,0.00,496.73,10.27
703044,pac,60.250,213.000,995.03,994.67,10.38,2.18,37.29,37.29,0.00,0.00,17.51
703044,pac,57.250,188.250,1001.13,1000.74,5.65,1.80,29.56,29.71,0.00,0.00,3.60
703044,pac,53.250,208.000,994.59,994.42,4.58,1.09,27.18,32.57,0.00,0.00,2.53
703044,pac,47.500,194.000,976.58,975.57,24.94,6.74,59.36,59.36,0.00,211707.22,10.83
703044,pac,42.750,162.000,962.75,961.15,32.41,9.31,77.19,77.19,59477.37,410478.35,16.68
703050,atl,67.250,-18.500,998.09,997.90,9.89,2.32,44.70,46.22,0.00,0.00,7.54
703050,atl,63.750,-29.000,991.43,990.78,13.24,3.53,48.06,48.06,0.00,0.00,6.28
703050,atl,50.000,-64.000,975.33,974.27,20.68,4.77,44.32,48.27,0.00,0.00,10.08
703050,pac,60.250,212.750,995.05,994.80,9.23,1.78,25.91,25.91,0.00,0.00,19.54
703050,pac,48.000,197.750,976.69,975.76,23.41,5.77,65.82,65.82,23251.42,307102.33,9.36
703050,pac,45.000,165.750,960.91,959.93,30.58,7.16,68.84,68.84,45138.81,490504.02,11.61
703056,atl,68.750,-20.750,998.02,997.59,11.33,2.67,46.20,46.32,0.00,0.00,11.61
703056,atl,64.250,-26.750,994.67,994.30,11.51,3.19,42.85,43.57,0.00,0.00,8.12
703056,atl,50.250,-62.750,978.85,978.23,18.82,4.55,46.98,46.98,0.00,0.00,8.61
703056,atl,31.000,-17.250,1003.84,1003.55,8.68,2.42,42.68,42.68,0.00,0.00,4.75
703056,pac,61.750,220.750,999.52,998.24,7.02,1.60,25.45,29.74,0.00,0.00,11.51
703056,pac,59.250,210.750,996.01,995.87,5.23,1.05,24.59,29.75,0.00,0.00,16.71
703056,pac,56.750,189.500,1004.20,1003.50,5.15,1.98,29.10,33.25,0.00,0.00,4.40
703056,pac,52.250,204.500,984.83,984.33,10.09,2.10,38.61,44.63,0.00,0.00,7.14
703056,pac,48.000,201.750,981.38,980.90,19.30,4.51,60.53,65.27,2748.77,296902.02,7.00
703056,pac,47.000,167.000,960.42,959.73,28.12,6.30,63.28,64.11,494.14,453180.44,10.69
703062,atl,64.750,-24.750,998.94,998.55,8.72,2.41,36.36,37.49,0.00,0.00,5.80
703062,atl,56.250,-59.000,984.43,984.20,15.66,3.04,52.91,52.91,0.00,412.36,9.92
703062,atl,50.000,-61.750,981.89,980.99,17.26,4.54,51.83,51.83,0.00,2527.26,10.51
703062,atl,31.500,-15.750,1000.47,1000.25,8.83,2.27,44.17,44.17,0.00,0.00,6.31
703062,pac,62.000,223.500,1000.90,1000.33,5.33,1.57,24.36,30.75,0.00,0.00,11.80
703062,pac,54.000,209.250,984.63,984.17,9.65,2.22,44.79,49.08,0.00,0.00,6.83
703062,pac,48.250,168.500,958.20,957.61,25.26,5.16,60.68,60.75,0.00,393197.88,8.79
703062,pac,48.250,207.000,985.17,984.92,14.85,3.27,54.93,59.79,0.00,168262.41,5.86
703062,pac,33.000,172.000,1004.48,1003.85,4.13,1.19,46.68,48.25,0.00,0.00,4.13
703068,atl,56.500,-59.250,985.74,985.56,15.20,2.99,58.75,58.75,0.00,9804.85,9.88
703068,atl,49.750,-60.250,986.43,985.59,14.79,3.91,57.19,57.19,0.00,12717.62,9.04
703068,atl,32.500,-15.000,999.82,999.57,9.06,2.12,39.02,39.02,0.00,0.00,5.12
703068,pac,56.000,214.000,983.04,982.68,11.20,2.40,37.55,41.81,0.00,0.00,7.25
703068,pac,49.750,170.000,956.76,956.37,23.90,4.37,58.55,65.33,4299.32,239263.75,8.01
703068,pac,49.500,211.500,987.61,987.52,11.04,2.09,50.72,52.05,0.00,13857.02,5.24
703074,atl,57.750,-48.250,993.06,992.85,6.92,1.35,39.88,41.00,0.00,0.00,13.86
703074,atl,56.000,-58.500,987.73,987.39,13.48,2.67,60.11,60.11,0.00,13183.35,11.11
703074,atl,50.000,-59.000,991.72,991.17,10.76,2.53,50.25,56.84,0.00,10674.47,7.79
703074,atl,33.000,-14.500,996.30,996.04,9.87,2.39,45.28,45.28,0.00,0.00,4.56
703074,pac,63.000,234.000,1003.98,1003.39,4.85,1.35,18.31,23.99,0.00,0.00,9.65
703074,pac,58.000,216.750,981.20,980.91,14.62,2.97,39.64,39.64,0.00,0.00,14.92
703074,pac,50.750,169.750,955.03,954.67,22.24,4.05,54.54,62.99,0.00,205294.18,6.99
703074,pac,40.750,184.750,998.13,997.61,6.64,1.81,58.68,61.06,0.00,56055.79,4.93
703080,atl,60.500,-51.500,993.25,992.90,11.68,1.72,48.40,50.81,0.00,3890.05,19.33
703080,atl,57.750,-57.500,991.73,991.50,14.14,2.98,65.02,65.02,1248.45,57596.52,9.17
703080,atl,49.250,-43.750,1003.03,1002.91,5.19,1.10,44.05,45.82,0.00,0.00,4.44
703080,atl,33.250,-14.250,994.62,994.29,11.49,2.88,42.33,42.33,0.00,0.00,4.84
703080,pac,59.250,216.500,982.70,982.15,14.85,4.12,43.06,43.97,0.00,0.00,15.92
703080,pac,51.000,169.000,955.90,955.59,20.83,3.72,49.19,60.04,0.00,189245.20,7.07
703086,atl,67.000,-48.750,1000.93,1000.42,14.28,4.42,46.13,46.13,0.00,0.00,15.28
703086,atl,61.500,-54.750,996.13,995.68,13.93,3.18,46.59,55.55,0.00,25964.12,9.07
703086,atl,58.250,-56.750,996.64,996.32,12.93,3.06,58.04,58.04,0.00,70344.28,8.19
703086,atl,51.750,-43.250,1001.83,1001.50,6.49,1.61,38.73,42.54,0.00,0.00,4.46
703086,atl,33.750,-13.750,992.30,991.95,12.28,2.95,43.24,44.37,0.00,0.00,5.73
703086,pac,59.750,216.000,985.68,984.69,14.27,3.96,40.58,40.76,0.00,0.00,17.17
703086,pac,58.750,237.250,998.96,998.68,6.01,1.62,32.14,37.24,0.00,0.00,9.78
703086,pac,50.750,169.000,954.39,954.12,20.86,3.60,47.62,63.97,0.00,181785.89,7.41
703092,atl,62.000,-55.500,1003.07,1002.73,11.42,3.14,44.79,45.83,0.00,0.00,7.00
703092,atl,57.000,-55.750,1003.23,1002.95,9.15,2.42,46.48,46.48,0.00,0.00,5.77
703092,atl,55.750,-42.250,1002.32,1001.99,8.33,2.05,37.98,41.97,0.00,0.00,7.27
703092,atl,34.250,-13.250,993.85,993.56,11.52,2.65,43.45,48.08,0.00,0.00,4.08
703092,atl,34.000,-2.750,1002.75,1002.26,4.43,1.55,42.64,42.64,0.00,0.00,7.08
703092,pac,60.000,216.000,991.33,990.38,10.27,2.85,34.49,34.61,0.00,0.00,16.13
703092,pac,59.500,228.750,995.99,995.49,4.58,1.05,18.65,28.02,0.00,0.00,12.44
703092,pac,58.000,237.750,997.60,996.39,6.45,1.52,33.29,33.29,0.00,0.00,8.41
703092,pac,50.500,169.750,956.23,955.96,19.43,3.39,52.81,61.95,0.00,137498.74,7.18
703098,atl,63.500,-47.750,1003.71,1003.12,10.40,2.98,39.44,46.27,0.00,0.00,14.43
703098,atl,52.500,-5.500,1004.18,1003.97,10.04,1.93,37.41,47.82,0.00,0.00,4.95
703098,atl,35.750,0.500,1002.06,1001.37,4.90,1.87,38.95,38.95,0.00,0.00,5.33
703098,atl,34.750,-13.000,994.36,994.01,10.96,2.62,36.67,41.72,0.00,0.00,3.37
703098,pac,61.500,226.000,999.46,998.74,4.84,0.82,20.53,29.07,0.00,0.00,14.58
703098,pac,61.000,218.500,996.30,994.79,6.21,1.95,24.20,28.84,0.00,0.00,14.58
703098,pac,58.000,240.000,998.02,997.47,7.15,1.70,34.41,34.41,0.00,0.00,8.71
703098,pac,57.250,237.750,998.01,997.41,5.97,1.72,34.41,34.41,0.00,0.00,11.51
703098,pac,56.250,200.750,984.55,984.05,11.51,2.96,41.52,43.92,0.00,0.00,7.72
703098,pac,50.500,171.250,958.03,957.75,17.71,3.21,51.67,56.37,0.00,115427.08,6.37
703104,atl,68.250,-49.500,1004.85,1004.08,15.58,4.19,53.33,53.33,0.00,36679.48,12.86
703104,atl,57.500,-80.000,1000.25,1000.04,12.03,2.31,37.56,38.23,0.00,0.00,5.50
703104,atl,50.750,-6.500,1001.35,1001.07,10.48,2.38,39.65,44.04,0.00,0.00,4.69
703104,atl,46.000,-79.250,997.81,997.55,9.41,1.81,35.87,36.19,0.00,0.00,5.92
703104,atl,36.500,1.500,1002.83,1002.30,4.84,1.84,30.67,30.67,0.00,0.00,5.55
703104,atl,34.500,-13.000,998.25,997.97,9.18,2.16,37.72,38.35,0.00,0.00,3.64
703104,pac,61.500,224.250,995.84,995.42,6.87,1.99,31.14,31.14,0.00,0.00,9.08
703104,pac,60.250,199.250,990.94,990.66,4.74,0.96,26.08,42.57,0.00,0.00,7.59
703104,pac,57.500,208.000,989.01,988.37,9.93,2.48,46.62,46.62,0.00,0.00,7.29
703104,pac,51.250,172.500,960.80,960.58,17.06,3.30,42.80,57.69,0.00,34061.22,6.38
703110,atl,49.250,-6.750,998.38,998.24,10.24,2.46,40.22,43.67,0.00,0.00,4.09
703110,atl,48.750,-75.750,993.00,992.80,12.45,2.76,33.69,40.49,0.00,0.00,7.80
703110,atl,37.250,2.500,1002.82,1002.43,4.32,1.54,24.02,27.98,0.00,0.00,5.04
703110,atl,34.250,-12.750,998.45,998.19,8.60,1.93,35.08,40.60,0.00,0.00,5.24
703110,atl,31.000,6.500,1002.73,1002.51,4.53,1.09,29.47,29.47,0.00,0.00,3.87
703110,pac,63.250,233.000,998.45,997.84,4.26,1.22,17.68,22.48,0.00,0.00,8.23
703110,pac,62.500,223.250,994.23,993.62,5.76,1.70,28.49,37.94,0.00,0.00,9.97
703110,pac,58.500,212.500,988.42,987.57,11.51,3.56,49.05,49.05,0.00,0.00,9.97
703110,pac,54.500,186.250,982.18,981.27,4.91,1.79,46.23,46.23,0.00,0.00,5.14
703110,pac,52.000,173.750,961.73,961.49,16.78,3.38,41.78,56.29,0.00,18142.94,5.55
703116,atl,50.250,-73.500,992.03,991.61,12.73,3.29,33.52,40.72,0.00,0.00,7.35
703116,atl,48.500,-7.750,997.98,997.84,10.23,2.43,41.51,41.89,0.00,0.00,3.99
703116,atl,34.250,-11.750,1000.92,1000.70,7.37,1.77,37.17,39.09,0.00,0.00,7.42
703116,pac,63.250,233.000,995.39,994.80,6.34,1.81,18.08,22.42,0.00,0.00,10.44
703116,pac,62.750,227.000,994.87,994.45,5.23,1.19,19.63,32.78,0.00,0.00,10.44
703116,pac,58.750,216.500,990.37,989.70,11.85,3.66,54.72,54.72,0.00,14153.89,10.04
703116,pac,57.250,188.000,981.28,980.61,9.61,3.07,42.11,42.11,0.00,0.00,6.66
703116,pac,52.500,174.750,964.22,963.96,16.63,3.67,46.53,50.26,0.00,3087.44,5.80
703116,pac,49.000,203.000,1000.17,999.62,8.50,2.64,43.89,46.42,0.00,0.00,4.40
703116,pac,42.000,160.250,990.95,989.65,7.68,2.75,66.77,66.77,3452.41,34883.17,12.07
703116,pac,40.500,163.250,990.02,989.09,9.54,2.57,54.78,66.77,3452.41,34883.17,12.07
703116,pac,38.500,168.750,995.08,994.19,8.20,2.25,57.23,57.23,0.00,89416.31,4.48
703122,atl,48.500,-69.500,991.46,991.18,14.22,2.85,42.43,53.83,0.00,4395.18,9.30
703122,atl,48.250,-8.500,997.79,997.57,9.60,2.09,45.48,45.48,0.00,0.00,4.44
703122,atl,35.250,-9.750,1000.77,1000.62,5.43,1.28,34.49,34.72,0.00,0.00,9.03
703122,atl,32.250,-3.250,1001.64,1001.41,4.50,1.44,30.42,34.49,0.00,0.00,9.94
703122,pac,62.750,234.000,996.53,995.77,6.16,1.73,19.61,21.43,0.00,0.00,9.84
703122,pac,59.500,189.250,984.20,983.65,9.33,2.94,30.47,34.15,0.00,0.00,4.89
703122,pac,58.750,220.500,996.04,995.69,8.97,2.78,46.50,46.50,0.00,0.00,7.28
703122,pac,53.000,176.000,966.42,966.18,15.12,3.27,49.09,49.09,0.00,0.00,5.63
703122,pac,53.000,192.000,986.28,985.85,7.17,2.56,46.39,46.39,0.00,0.00,5.37
703122,pac,51.250,205.000,994.83,993.83,11.15,3.63,39.14,39.14,0.00,0.00,5.73
703122,pac,41.500,167.000,984.34,983.28,10.62,2.81,69.43,75.14,15065.68,169911.20,13.70
703122,pac,40.750,174.250,989.35,988.66,8.78,2.18,61.43,61.43,0.00,182518.82,6.82
703128,atl,60.750,-78.750,999.50,999.35,9.64,1.39,28.25,49.15,0.00,0.00,5.00
703128,atl,49.500,-66.000,988.34,987.76,17.96,4.10,56.37,56.37,0.00,45250.90,10.62
703128,atl,47.250,-10.500,997.92,997.77,9.14,1.79,41.03,44.83,0.00,0.00,4.69
703128,pac,53.500,176.750,969.94,969.72,13.31,2.95,44.96,44.96,0.00,0.00,5.01
703128,pac,52.500,206.250,991.84,990.85,12.75,4.11,46.56,46.56,0.00,0.00,6.72
703128,pac,42.250,170.000,976.48,975.22,16.88,5.17,79.76,79.76,71271.47,248081.11,11.92
703134,atl,62.000,-79.500,1001.91,1001.84,7.76,0.93,29.20,42.87,0.00,0.00,4.81
703134,atl,50.750,-65.750,985.75,985.04,19.74,5.00,52.52,55.11,0.00,17259.56,11.46
703134,atl,46.750,-11.750,997.08,996.96,9.25,1.79,38.45,49.95,0.00,0.00,4.68
703134,atl,43.750,-3.750,999.30,998.98,4.18,0.99,34.73,34.73,0.00,0.00,9.06
703134,pac,54.500,178.000,971.60,971.44,12.65,2.70,37.79,45.39,0.00,0.00,5.17
703134,pac,53.750,207.250,990.79,989.96,13.39,4.32,45.31,45.31,0.00,0.00,6.96
703134,pac,44.750,176.750,972.13,971.29,14.98,3.53,61.83,75.52,45986.72,155913.64,11.65
703140,atl,61.500,-74.750,1001.51,1001.22,8.83,1.72,43.60,43.90,0.00,0.00,6.58
703140,atl,51.500,-64.500,990.62,989.59,17.91,4.27,52.26,52.26,0.00,3515.67,10.96
703140,atl,46.250,-13.500,998.90,998.62,9.80,2.07,46.20,47.47,0.00,0.00,4.29
703140,atl,44.750,-3.250,999.17,999.02,5.67,1.22,31.29,39.08,0.00,0.00,9.26
703140,pac,55.000,177.500,973.05,972.91,11.86,2.49,40.99,46.82,0.00,0.00,5.51
703140,pac,54.500,209.250,992.20,991.83,13.47,4.00,46.58,46.58,0.00,0.00,7.01
703140,pac,47.500,180.750,966.31,965.63,16.81,4.13,57.65,71.72,33555.59,129034.44,9.44
703146,atl,64.500,-79.750,1003.85,1003.71,8.93,1.63,30.28,36.42,0.00,0.00,5.33
703146,atl,52.500,-64.250,998.19,997.75,14.05,3.40,42.62,47.43,0.00,0.00,10.28
703146,atl,45.750,-3.000,998.59,998.26,6.60,1.27,29.54,46.58,0.00,0.00,9.55
703146,atl,45.000,-14.250,999.87,999.67,8.16,1.77,37.15,43.74,0.00,0.00,3.68
703146,atl,43.500,1.500,997.46,996.88,7.05,2.13,35.70,35.70,0.00,0.00,11.58
703146,pac,62.500,191.000,992.06,991.89,8.93,2.19,40.72,40.72,0.00,0.00,7.74
703146,pac,55.250,176.250,972.72,972.54,11.47,2.54,46.91,49.12,0.00,0.00,6.32
703146,pac,55.000,211.250,997.29,997.02,10.19,2.94,48.64,48.64,0.00,0.00,5.34
703146,pac,48.750,184.750,962.93,962.56,18.20,3.85,68.96,70.39,37597.73,216323.11,9.71
703152,atl,69.000,6.250,1001.55,1001.44,12.29,2.33,48.22,51.43,0.00,10371.65,7.47
703152,atl,46.500,0.750,997.92,997.53,8.26,1.81,29.10,45.11,0.00,0.00,10.95
703152,atl,46.250,-2.250,998.01,997.81,7.84,1.56,37.92,46.66,0.00,0.00,4.64
703152,atl,44.250,-14.500,1002.23,1002.12,6.38,1.37,37.39,41.37,0.00,0.00,3.37
703152,pac,56.000,221.750,1000.48,1000.37,8.62,1.97,37.38,41.26,0.00,0.00,11.19
703152,pac,53.500,186.000,960.80,960.26,17.08,3.30,52.00,59.10,0.00,51336.51,6.82
703152,pac,50.750,160.500,996.80,996.60,4.71,1.04,35.50,39.19,0.00,0.00,5.64
703152,pac,49.750,224.750,1003.46,1003.19,9.92,2.43,48.79,50.04,0.00,527.03,4.99
703158,atl,46.750,0.000,995.64,995.31,8.43,1.86,40.81,45.06,0.00,0.00,5.37
703158,atl,46.250,6.000,996.94,996.60,6.81,1.61,26.02,31.23,0.00,0.00,12.93
703158,atl,43.250,-14.000,1001.37,1001.26,5.33,1.17,30.42,41.27,0.00,0.00,3.16
703158,atl,37.250,-28.500,1001.60,1001.47,6.96,1.67,38.00,38.00,0.00,0.00,2.46
703158,pac,56.500,223.000,1004.66,1004.39,8.11,2.21,33.83,37.79,0.00,0.00,12.08
703158,pac,54.500,185.750,955.81,955.50,20.46,4.56,54.50,58.42,0.00,58666.95,7.34
703164,atl,47.250,9.500,994.39,992.78,8.44,2.17,28.02,37.82,0.00,0.00,9.39
703164,atl,46.750,0.500,995.02,994.65,7.09,1.69,32.19,39.20,0.00,0.00,5.75
703164,atl,37.250,-27.000,1001.72,1001.48,6.90,1.61,42.51,42.51,0.00,0.00,2.95
703164,pac,55.000,189.250,956.22,955.55,20.87,4.34,58.92,58.92,0.00,10069.01,8.46
703164,pac,50.500,161.500,997.07,996.84,4.75,1.21,36.48,38.36,0.00,0.00,6.23
703170,atl,46.750,1.500,994.26,993.83,5.58,1.37,31.17,36.61,0.00,0.00,6.43
703170,atl,46.000,-1.000,994.27,993.82,6.22,1.65,36.61,36.61,0.00,0.00,5.02
703170,atl,45.750,-51.500,1003.16,1002.26,10.36,2.62,32.71,37.68,0.00,0.00,5.63
703170,atl,37.000,-21.250,999.38,998.77,6.16,1.67,39.53,40.47,0.00,0.00,3.44
703170,atl,31.000,-4.750,1003.02,1002.60,5.37,1.87,25.55,30.67,0.00,0.00,10.66
703170,pac,57.750,191.000,958.33,957.68,20.17,4.25,50.14,52.69,0.00,17117.13,7.73
703170,pac,57.000,187.250,959.13,958.81,18.68,2.57,50.14,52.86,0.00,42738.76,7.73
703170,pac,50.250,162.250,996.76,996.42,4.43,1.25,37.68,37.68,0.00,0.00,5.99
703176,atl,69.000,1.000,990.09,988.99,21.09,5.56,63.44,63.44,0.00,163484.44,7.85
703176,atl,63.000,4.250,1002.10,1001.96,4.03,1.07,34.87,39.67,0.00,0.00,4.65
703176,atl,47.000,2.000,993.74,993.45,5.81,1.49,27.67,36.68,0.00,0.00,11.14
703176,atl,45.750,-52.750,1002.58,1001.97,11.78,2.93,39.77,39.77,0.00,0.00,6.32
703176,atl,36.750,-15.500,999.39,999.10,5.54,1.36,39.97,40.62,0.00,0.00,2.83
703176,atl,31.000,-4.500,1003.44,1003.06,4.90,2.02,22.39,29.62,0.00,0.00,8.59
703176,pac,59.750,189.000,961.73,961.09,20.53,4.22,47.25,50.64,0.00,3653.51,6.47
703182,atl,68.250,-2.500,992.47,991.93,20.49,5.48,59.30,59.30,0.00,154276.22,7.18
703182,atl,54.500,-4.250,997.95,997.33,5.26,1.61,32.90,35.96,0.00,0.00,3.64
703182,atl,47.250,2.750,992.72,992.48,5.49,1.60,27.49,27.49,0.00,0.00,12.84
703182,atl,44.750,-53.500,1001.69,1001.46,10.62,2.73,41.43,41.43,0.00,0.00,4.80
703182,atl,44.000,8.250,993.55,992.83,4.57,1.65,41.96,41.96,0.00,0.00,12.84
703182,atl,37.750,-9.750,994.76,994.47,7.08,1.68,37.75,39.02,0.00,0.00,5.87
703182,pac,62.250,219.000,1000.95,1000.17,7.73,2.66,42.14,42.14,0.00,0.00,15.13
703182,pac,60.250,186.500,963.90,963.39,20.57,4.48,50.43,51.41,0.00,12232.82,10.74
703188,atl,67.000,-7.000,996.86,996.10,18.77,5.33,57.04,58.96,0.00,67859.35,13.49
703188,atl,54.500,-4.500,995.05,994.35,6.89,2.05,29.83,31.90,0.00,0.00,4.03
703188,atl,48.250,4.750,993.13,992.80,4.88,1.21,27.92,31.69,0.00,0.00,10.11
703188,atl,44.000,-53.750,1000.01,999.64,12.23,3.34,44.94,45.56,0.00,0.00,5.45
703188,atl,38.750,-5.750,992.67,992.25,7.41,2.12,43.71,57.17,0.00,3161.19,7.86
703188,pac,65.750,227.500,1002.87,1000.71,7.60,2.22,28.68,29.23,0.00,0.00,15.78
703188,pac,60.250,185.500,967.71,967.05,19.42,4.34,47.86,50.68,0.00,359.81,10.71
703188,pac,39.250,182.250,1004.64,1003.14,10.61,3.19,59.88,59.88,0.00,53298.72,7.27
703194,atl,65.000,-11.750,1000.71,1000.07,14.30,4.20,60.29,60.29,0.00,9827.30,14.04
703194,atl,54.250,-4.750,993.36,992.77,7.16,2.02,28.93,34.34,0.00,0.00,3.19
703194,atl,49.500,5.500,994.28,993.98,4.79,1.05,22.24,29.83,0.00,0.00,6.33
703194,atl,42.750,-79.000,984.84,984.40,16.52,3.54,52.51,52.89,0.00,2271.65,10.03
703194,atl,42.500,-54.250,999.50,999.28,11.42,2.79,43.80,43.80,0.00,0.00,5.20
703194,atl,40.250,-2.250,991.24,990.33,7.23,1.85,40.00,42.68,0.00,0.00,5.32
703194,atl,39.500,-76.250,984.57,983.21,16.30,3.60,54.82,54.82,0.00,4112.25,10.03
703194,atl,31.000,-4.250,999.62,998.83,5.14,2.03,36.16,49.26,0.00,0.00,9.32
703194,pac,65.250,232.000,1002.57,1000.81,9.69,2.74,28.82,28.82,0.00,0.00,13.78
703194,pac,60.250,185.750,971.99,971.49,17.64,3.98,45.11,48.80,0.00,0.00,9.64
703194,pac,48.500,160.250,998.05,997.72,5.74,1.88,44.48,44.48,0.00,0.00,4.48
703194,pac,41.500,187.750,999.59,997.75,15.24,5.04,62.58,62.58,0.00,77971.97,9.82
703194,pac,41.250,169.750,1001.43,1000.35,7.39,2.54,47.37,47.37,0.00,0.00,5.15
703200,atl,63.000,-16.000,1003.77,1003.11,10.81,2.99,48.84,49.41,0.00,0.00,9.91
703200,atl,54.250,-4.500,993.47,992.83,7.13,1.94,28.67,39.01,0.00,0.00,3.99
703200,atl,51.000,6.250,996.81,996.64,5.54,1.21,26.93,39.42,0.00,0.00,7.69
703200,atl,42.250,-76.000,985.93,985.45,16.22,3.93,50.50,51.08,0.00,2305.94,11.97
703200,atl,41.500,-53.000,1000.71,1000.53,9.50,2.05,46.14,46.14,0.00,0.00,4.34
703200,atl,40.500,1.000,991.64,991.18,8.86,2.06,39.95,41.78,0.00,0.00,7.92
703200,pac,61.000,186.500,977.92,977.45,16.00,3.57,46.48,50.11,0.00,356.83,10.15
703200,pac,54.750,218.000,1001.15,1000.27,15.60,5.13,46.97,46.97,0.00,0.00,10.25
703200,pac,49.250,162.000,997.73,997.37,5.88,1.79,44.79,44.79,0.00,0.00,4.42
703200,pac,43.750,192.250,996.68,995.29,18.55,6.34,62.61,62.61,0.00,132734.03,12.48
703200,pac,42.000,173.000,999.05,997.95,8.69,2.80,41.85,48.45,0.00,0.00,6.09
703206,atl,54.500,-4.500,994.25,993.71,6.51,1.51,24.24,47.13,0.00,0.00,3.92
703206,atl,44.000,-77.250,993.29,992.34,13.07,3.46,46.27,47.39,0.00,0.00,9.26
703206,atl,41.750,-52.750,998.61,998.30,9.64,2.20,43.80,43.80,0.00,0.00,3.99
703206,atl,41.250,2.750,989.20,988.48,11.64,2.95,45.86,45.86,0.00,0.00,10.11
703206,atl,39.750,-70.750,986.47,985.80,14.51,3.42,51.34,53.71,0.00,29523.52,9.26
703206,pac,61.750,186.750,982.03,981.50,15.40,3.60,41.74,46.02,0.00,0.00,9.26
703206,pac,56.000,221.500,997.48,996.88,18.07,5.93,56.85,56.85,0.00,23985.79,13.13
703206,pac,50.250,163.500,996.16,995.65,6.21,1.74,46.61,46.61,0.00,0.00,4.08
703206,pac,46.250,196.250,995.08,994.54,20.34,6.68,65.55,65.55,2712.90,132208.90,12.26
703206,pac,43.250,176.750,995.43,994.62,10.84,3.33,45.24,47.34,0.00,0.00,6.83
703212,atl,56.000,-9.500,995.59,995.42,6.63,1.11,35.13,44.07,0.00,0.00,4.36
703212,atl,53.500,-18.500,996.81,996.70,4.74,0.84,25.08,31.32,0.00,0.00,3.03
703212,atl,41.750,-53.500,998.36,998.06,8.29,1.98,39.45,39.52,0.00,0.00,3.57
703212,atl,41.750,4.500,992.07,991.65,10.03,2.70,53.53,53.53,0.00,2869.13,12.04
703212,atl,39.750,-71.750,985.74,984.82,16.11,4.17,56.73,56.73,0.00,184986.53,8.03
703212,atl,38.500,-66.000,985.95,985.29,12.87,2.86,54.86,54.86,0.00,118492.78,7.15
703212,pac,62.750,186.500,987.99,987.53,13.37,3.42,37.34,37.86,0.00,0.00,8.74
703212,pac,57.000,225.500,1002.55,1001.52,11.90,3.70,54.40,54.40,0.00,18801.29,8.51
703212,pac,55.000,168.750,997.03,996.10,4.01,1.65,30.90,30.90,0.00,0.00,4.85
703212,pac,51.000,164.500,996.83,996.34,6.46,1.81,41.78,41.78,0.00,0.00,5.35
703212,pac,49.000,200.250,996.79,996.19,19.06,5.65,60.66,60.66,0.00,93657.46,9.64
703212,pac,44.750,180.250,988.60,987.41,15.38,4.60,55.54,55.54,0.00,11198.33,10.75
703218,atl,52.500,-18.250,993.95,993.87,5.41,1.02,23.89,32.52,0.00,0.00,2.83
703218,atl,47.500,8.500,999.37,998.89,4.98,1.48,24.67,37.46,0.00,0.00,10.84
703218,atl,42.500,-54.500,997.85,997.72,5.20,1.10,35.22,42.99,0.00,0.00,4.37
703218,atl,42.000,6.500,994.05,993.47,8.77,2.58,48.08,48.08,0.00,0.00,10.71
703218,atl,39.000,-67.000,985.21,984.37,12.86,2.51,61.21,61.21,0.00,152731.76,9.67
703218,atl,38.750,-63.000,985.17,984.46,11.15,2.41,53.91,55.67,0.00,20026.67,6.96
703218,atl,38.250,-70.750,985.12,984.54,16.53,4.25,61.22,61.22,0.00,303462.50,9.67
703218,pac,63.250,186.000,992.39,991.98,12.14,3.36,36.02,36.14,0.00,0.00,7.64
703218,pac,59.250,233.250,1004.82,1004.09,6.93,1.65,33.20,40.21,0.00,0.00,9.13
703218,pac,58.000,237.000,1003.96,1003.31,7.34,1.87,32.18,40.21,0.00,0.00,9.13
703218,pac,55.750,168.500,997.64,996.74,4.61,1.66,34.51,34.51,0.00,0.00,5.42
703218,pac,52.000,165.750,996.41,996.15,6.76,1.82,43.89,43.89,0.00,0.00,5.42
703218,pac,51.250,204.000,999.37,998.82,16.81,4.49,58.82,58.82,0.00,45753.77,6.96
703218,pac,47.000,164.500,1002.29,1001.31,4.58,1.99,49.29,49.29,0.00,0.00,5.59
703218,pac,46.250,184.250,984.74,984.24,18.49,4.73,67.59,67.59,7240.48,93358.51,10.46
703224,atl,50.500,-18.000,992.57,992.46,5.94,1.05,26.42,31.20,0.00,0.00,2.64
703224,atl,42.500,7.750,997.06,996.48,7.43,2.22,41.35,41.35,0.00,0.00,8.32
703224,atl,39.250,-59.500,984.55,983.81,10.04,2.33,50.00,59.05,0.00,23073.65,5.69
703224,atl,37.000,-67.250,985.00,984.77,14.17,2.73,61.95,63.58,0.00,425048.61,6.74
703224,pac,63.750,185.750,998.05,997.53,9.05,2.66,34.21,38.17,0.00,0.00,7.51
703224,pac,57.000,238.750,1002.94,1002.54,7.70,1.86,29.79,33.23,0.00,0.00,8.35
703224,pac,56.250,168.000,998.91,998.23,4.91,1.55,27.63,34.85,0.00,0.00,5.10
703224,pac,53.500,206.750,1003.52,1003.13,12.43,3.12,51.29,51.29,0.00,6298.53,5.00
703224,pac,52.750,164.250,997.20,996.79,6.66,1.78,34.85,34.85,0.00,0.00,5.10
703224,pac,47.750,187.750,979.65,979.13,22.40,5.65,66.58,68.74,36804.04,209462.21,11.17
703230,atl,50.750,-16.000,990.20,990.14,6.46,1.01,28.86,34.06,0.00,0.00,3.18
703230,atl,43.000,10.000,998.18,997.78,7.08,1.96,40.76,40.76,0.00,0.00,6.43
703230,atl,40.750,-55.250,982.09,981.48,11.28,2.37,42.76,42.76,0.00,0.00,4.97
703230,atl,35.750,-63.750,984.32,984.06,11.16,2.12,59.58,60.38,0.00,328801.49,6.08
703230,pac,64.250,185.250,1002.63,1002.13,6.97,2.03,29.41,37.06,0.00,0.00,6.56
703230,pac,53.250,163.500,995.66,995.15,7.33,1.91,36.92,36.92,0.00,0.00,5.81
703230,pac,52.750,160.250,995.82,995.11,7.61,1.93,36.92,36.92,0.00,0.00,5.81
703230,pac,49.000,192.500,979.97,979.62,21.90,4.50,69.76,74.71,60812.13,274680.65,10.87
703236,atl,51.000,-14.750,989.53,989.41,7.39,1.17,34.09,40.62,0.00,0.00,3.14
703236,atl,44.000,6.750,1002.20,1001.60,4.64,1.29,28.34,35.28,0.00,0.00,8.09
703236,atl,40.750,-56.250,982.05,981.74,8.62,1.53,38.40,49.75,0.00,0.00,5.16
703236,atl,37.750,-59.750,982.24,982.09,9.74,1.72,53.49,58.08,0.00,49111.86,4.11
703236,pac,52.750,160.500,992.90,992.41,8.99,2.40,45.15,45.15,0.00,0.00,6.60
703236,pac,51.000,168.750,996.33,995.77,4.80,1.86,40.10,40.10,0.00,0.00,4.03
703236,pac,50.750,196.000,981.19,980.96,19.59,3.61,56.72,66.41,16837.62,184190.25,8.46
703236,pac,41.500,162.500,972.56,971.00,24.37,6.50,67.88,67.88,49692.50,377415.44,13.57
703242,atl,51.750,-12.500,988.70,988.62,8.88,1.50,37.54,37.54,0.00,0.00,4.15
703242,atl,43.500,7.250,1003.72,1003.33,4.03,1.37,28.78,29.95,0.00,0.00,7.05
703242,atl,38.500,-55.750,979.68,979.36,9.60,2.19,50.37,54.92,0.00,25348.08,3.74
703242,pac,52.750,167.750,990.67,990.00,6.77,2.14,45.60,45.60,0.00,0.00,6.05
703242,pac,52.500,199.500,982.17,981.78,17.12,3.29,46.76,59.10,0.00,93425.06,6.72
703242,pac,51.750,160.000,990.16,989.58,9.27,2.56,42.91,42.91,0.00,0.00,6.74
703242,pac,43.000,167.500,961.27,960.15,31.53,8.78,79.23,79.23,159918.54,462307.45,17.01
703248,atl,52.750,-12.000,987.73,987.60,11.09,2.13,36.72,46.06,0.00,0.00,5.05
703248,atl,41.750,-59.750,983.93,983.80,10.77,2.14,54.30,54.63,0.00,88642.00,7.47
703248,atl,40.250,-53.000,980.10,979.77,8.06,1.79,43.67,47.51,0.00,0.00,3.97
703248,pac,54.000,164.250,986.09,985.02,10.53,3.33,50.64,50.64,0.00,1346.25,7.19
703248,pac,53.250,201.500,985.94,985.62,14.45,3.04,48.78,53.09,0.00,66925.39,5.59
703248,pac,46.250,173.000,957.52,956.60,32.30,7.77,71.26,78.15,176159.90,435358.10,14.92
703254,atl,53.750,-12.750,985.51,985.39,12.84,2.72,45.35,45.35,0.00,0.00,5.49
703254,atl,41.750,-51.500,978.24,977.90,8.88,1.89,39.36,39.55,0.00,0.00,4.78
703254,atl,40.000,-59.000,983.05,982.85,9.62,1.94,60.14,61.89,0.00,162387.29,5.70
703254,pac,56.750,196.500,993.17,993.04,7.39,1.66,35.10,37.10,0.00,0.00,5.93
703254,pac,54.000,205.750,990.44,990.29,11.58,2.43,43.64,51.77,0.00,20329.38,5.01
703254,pac,53.750,162.500,984.91,983.42,12.50,3.60,48.47,48.47,0.00,0.00,9.04
703254,pac,48.500,177.250,955.73,955.26,31.28,7.08,76.83,78.85,125284.08,422567.57,13.01
703260,atl,54.500,-13.000,986.28,986.12,13.23,2.85,43.43,46.28,0.00,0.00,5.45
703260,atl,43.250,-50.000,978.61,978.28,10.48,1.95,34.89,50.73,0.00,3654.53,6.07
703260,atl,38.250,-57.000,983.58,983.32,8.90,1.88,55.58,58.94,0.00,180749.78,4.58
703260,pac,54.750,209.250,995.08,994.98,8.87,1.50,42.18,46.46,0.00,0.00,4.59
703260,pac,53.250,161.750,986.39,985.08,13.93,3.97,41.08,45.19,0.00,0.00,10.60
703260,pac,50.500,180.750,956.57,956.32,28.99,5.93,70.56,71.85,69336.29,378078.39,11.15
703266,atl,54.750,-13.500,986.52,986.38,12.70,2.51,47.06,50.61,0.00,1373.55,5.01
703266,atl,44.250,-50.500,978.96,978.69,11.99,2.28,43.11,50.60,0.00,5173.32,6.71
703266,pac,53.000,161.500,988.57,987.50,13.80,3.81,46.82,47.19,0.00,0.00,10.47
703266,pac,51.750,184.000,957.39,957.05,26.25,5.27,66.83,70.35,59344.92,280351.75,9.53
703272,atl,54.750,-14.250,987.29,987.09,12.19,2.41,44.60,45.78,0.00,0.00,4.83
703272,atl,44.500,-51.500,981.31,981.10,12.62,2.46,47.27,57.20,0.00,34523.68,7.29
703272,atl,40.000,-42.500,983.26,982.96,7.11,1.59,44.35,44.66,0.00,0.00,3.17
703272,pac,53.000,161.250,992.19,991.28,11.76,3.28,45.63,46.08,0.00,0.00,7.71
703272,pac,52.750,187.500,961.41,961.24,21.78,3.98,71.25,71.25,69376.60,251050.90,9.36
703278,atl,54.000,-13.750,987.20,987.02,10.72,2.19,42.40,42.40,0.00,0.00,4.06
703278,atl,44.000,-52.500,984.04,983.84,10.77,2.15,40.30,46.71,0.00,0.00,5.83
703278,atl,41.500,-40.750,979.17,978.90,9.67,2.15,40.68,43.49,0.00,0.00,3.90
703278,atl,38.250,-75.500,999.49,999.15,8.41,1.78,48.34,53.53,0.00,1281.31,4.37
703278,pac,54.000,191.250,962.36,962.07,20.34,3.81,65.80,65.87,5304.83,212713.30,8.50
703278,pac,53.250,160.250,995.02,994.07,10.22,2.55,38.61,40.64,0.00,0.00,6.82
703284,atl,54.000,-13.000,989.47,989.34,9.07,1.88,37.57,37.57,0.00,0.00,3.56
703284,atl,43.500,-52.750,989.31,989.15,8.39,1.56,43.36,43.79,0.00,0.00,5.16
703284,atl,42.250,-39.250,979.39,979.13,10.36,2.23,43.89,47.65,0.00,0.00,4.11
703284,atl,38.750,-72.500,995.41,994.08,12.84,3.94,54.50,54.50,0.00,4963.49,9.11
703284,pac,55.000,193.000,965.78,965.47,17.47,3.28,57.57,65.00,4273.89,145407.89,7.34
703284,pac,52.750,160.000,998.52,998.09,8.72,1.99,41.79,43.42,0.00,0.00,6.47
703290,atl,59.500,-12.500,993.16,992.97,8.67,1.76,42.82,49.20,0.00,0.00,5.18
703290,atl,54.250,-11.500,990.94,990.80,7.51,1.59,35.44,35.44,0.00,0.00,3.19
703290,atl,42.250,-37.750,978.25,977.98,10.82,2.29,47.30,47.55,0.00,0.00,4.82
703290,atl,38.500,-69.500,993.29,992.45,14.78,4.32,50.83,50.83,0.00,604.78,9.05
703290,pac,55.750,195.000,968.91,968.59,15.67,3.17,51.34,57.48,0.00,87926.94,6.02
703290,pac,51.750,161.250,999.73,999.62,7.91,1.82,47.67,47.67,0.00,0.00,6.98
703290,pac,37.750,180.250,1004.17,1002.64,11.42,3.16,59.69,59.69,0.00,13512.14,7.56
703296,atl,62.750,-33.500,1003.13,1002.74,9.37,2.48,39.29,56.41,0.00,10596.38,17.13
703296,atl,59.750,-14.500,992.00,991.72,8.90,2.21,46.84,50.49,0.00,1385.26,5.03
703296,atl,54.750,-10.750,991.32,991.17,7.28,1.71,30.29,31.45,0.00,0.00,4.36
703296,atl,44.500,-31.750,979.44,978.97,10.75,2.41,52.29,52.29,0.00,16330.57,5.52
703296,atl,42.000,-35.500,979.65,979.44,10.55,2.25,49.25,52.29,0.00,16330.57,5.37
703296,atl,37.500,-66.750,994.09,993.80,13.41,3.62,55.87,55.87,0.00,17153.31,8.00
703296,pac,64.250,213.750,993.93,993.23,7.47,1.82,28.32,38.48,0.00,0.00,12.55
703296,pac,63.000,221.500,994.81,994.38,7.74,2.47,24.49,38.48,0.00,0.00,12.42
703296,pac,56.500,196.250,973.54,973.22,13.79,2.88,47.41,53.87,0.00,59656.09,5.46
703296,pac,40.000,187.250,1001.89,1000.32,12.20,3.38,63.33,63.33,0.00,29268.66,9.52
703302,atl,61.250,-32.000,998.68,998.38,8.67,2.42,35.38,45.23,0.00,0.00,5.35
703302,atl,59.500,-15.500,989.82,989.62,8.18,2.01,40.51,46.10,0.00,0.00,4.61
703302,atl,56.000,-10.000,990.92,990.82,6.17,1.34,29.19,30.15,0.00,0.00,3.77
703302,atl,47.000,-17.250,984.31,983.70,9.04,2.31,43.76,52.22,0.00,3888.82,4.92
703302,atl,44.500,-31.250,977.80,977.39,11.44,2.42,53.71,53.71,0.00,41593.67,5.49
703302,atl,37.000,-60.000,994.39,993.86,7.95,1.79,42.18,49.77,0.00,0.00,4.90
703302,pac,64.000,213.750,993.06,992.36,6.92,1.59,26.72,33.37,0.00,0.00,13.25
703302,pac,63.500,233.500,1003.77,1003.44,4.84,0.92,22.57,25.89,0.00,0.00,10.75
703302,pac,63.000,220.750,994.67,994.29,6.30,1.80,18.18,34.96,0.00,0.00,10.75
703302,pac,57.000,196.750,976.24,975.96,12.08,2.62,44.17,48.53,0.00,0.00,4.97
703302,pac,42.250,193.000,999.41,998.78,11.63,3.17,58.42,58.42,0.00,10926.57,6.66
703308,atl,59.250,-30.250,997.20,996.98,6.52,1.74,38.70,41.53,0.00,0.00,3.83
703308,atl,59.250,-15.750,988.53,988.37,7.90,1.83,33.91,37.13,0.00,0.00,3.85
703308,atl,48.250,-13.250,985.01,984.10,10.08,2.84,38.82,51.19,0.00,1632.11,4.91
703308,atl,44.250,-31.000,980.22,979.82,12.18,2.87,52.89,52.89,0.00,25836.28,6.30
703308,atl,41.250,-44.750,995.33,995.11,4.34,1.04,37.97,37.97,0.00,0.00,3.27
703308,atl,36.500,-54.250,992.11,991.55,7.60,1.88,41.11,44.45,0.00,0.00,3.55
703308,pac,63.250,234.250,1003.02,1002.64,4.71,0.98,20.97,24.66,0.00,0.00,12.61
703308,pac,57.750,196.750,979.43,979.16,10.15,2.43,36.15,43.18,0.00,0.00,4.74
703308,pac,45.500,199.250,992.59,991.49,14.42,4.08,52.72,52.72,0.00,8210.42,6.96
703314,atl,59.750,-16.500,987.69,987.49,7.52,1.70,30.08,36.20,0.00,0.00,4.02
703314,atl,57.500,-29.000,994.77,994.59,5.36,1.35,41.92,41.92,0.00,0.00,3.79
703314,atl,49.750,-9.750,984.04,983.36,10.53,3.01,37.25,47.85,0.00,0.00,4.94
703314,atl,44.250,-30.500,981.73,981.05,12.42,3.54,53.08,53.08,0.00,13061.49,7.69
703314,atl,37.250,-50.750,988.87,987.88,8.93,2.34,35.48,42.77,0.00,0.00,4.48
703314,pac,58.250,196.000,979.02,978.75,9.73,2.29,32.81,36.07,0.00,0.00,5.35
703314,pac,47.750,203.750,988.42,987.56,15.38,4.39,44.32,44.32,0.00,0.00,7.03
703320,atl,60.000,-16.500,988.19,988.00,6.85,1.44,27.35,34.05,0.00,0.00,7.01
703320,atl,51.250,-6.750,984.18,983.46,11.31,3.34,36.37,39.41,0.00,0.00,5.37
703320,atl,46.250,-21.250,987.03,986.78,6.08,1.20,36.56,41.48,0.00,0.00,3.05
703320,atl,44.250,-28.500,985.74,985.42,10.75,3.09,48.71,48.71,0.00,0.00,7.11
703320,atl,37.500,-49.000,987.86,987.05,9.99,2.35,44.20,45.04,0.00,0.00,5.76
703320,pac,64.250,213.500,992.47,991.66,9.02,2.24,27.48,29.32,0.00,0.00,14.55
703320,pac,58.500,194.750,980.44,980.19,9.04,1.91,26.11,33.33,0.00,0.00,4.43
703320,pac,57.500,237.500,1002.13,1001.76,4.21,0.93,15.08,20.96,0.00,0.00,8.72
703320,pac,49.750,207.500,986.28,985.67,15.42,4.32,49.25,49.25,0.00,0.00,7.62
703326,atl,60.250,-16.250,988.49,988.34,6.05,1.24,33.66,35.60,0.00,0.00,6.68
703326,atl,52.500,-5.000,984.99,984.33,10.18,2.86,29.36,33.64,0.00,0.00,4.30
703326,atl,44.750,-25.750,986.74,986.48,9.78,2.54,50.96,50.96,0.00,2276.70,5.59
703326,atl,37.500,-48.000,985.12,984.54,10.72,2.69,47.56,47.56,0.00,0.00,7.02
703326,pac,64.500,212.500,994.00,992.97,8.35,1.92,26.30,26.30,0.00,0.00,15.34
703326,pac,58.500,193.500,980.14,979.88,9.77,2.11,28.14,44.96,0.00,0.00,3.99
703326,pac,52.500,211.500,983.64,983.20,16.08,4.27,52.62,52.62,0.00,17304.62,6.98
703332,atl,60.750,-16.000,989.54,989.42,6.13,1.27,28.04,28.04,0.00,0.00,5.33
703332,atl,54.250,-1.000,987.75,987.66,10.74,2.53,35.53,48.94,0.00,0.00,4.04
703332,atl,46.750,-21.000,985.87,985.55,11.09,2.60,40.90,47.46,0.00,0.00,4.70
703332,atl,38.250,-44.250,986.04,985.74,11.45,2.02,48.47,48.47,0.00,0.00,5.41
703332,pac,64.500,212.500,995.98,994.76,7.23,1.89,27.51,27.57,0.00,0.00,15.46
703332,pac,58.500,192.750,981.54,981.29,9.75,2.19,33.35,39.96,0.00,0.00,3.77
703332,pac,54.250,214.250,980.97,980.51,18.24,4.74,55.31,55.31,0.00,23306.43,6.75
703332,pac,41.500,164.500,993.21,992.22,12.50,3.41,52.44,52.44,0.00,5667.74,6.04
703338,atl,61.250,-16.000,990.39,990.30,5.60,1.13,24.29,37.28,0.00,0.00,4.94
703338,atl,56.000,0.250,987.73,987.29,11.80,3.14,51.68,55.08,0.00,16004.89,11.34
703338,atl,48.750,-17.500,983.28,982.58,12.68,3.12,36.59,42.72,0.00,0.00,5.38
703338,atl,39.000,-43.750,984.00,983.58,12.76,2.93,53.03,53.03,0.00,26738.68,6.41
703338,pac,64.500,212.750,997.85,996.79,5.58,1.58,20.45,29.21,0.00,0.00,17.03
703338,pac,58.500,192.750,981.00,980.77,10.44,2.40,34.07,39.63,0.00,0.00,4.51
703338,pac,56.000,215.750,979.47,978.96,19.75,4.94,53.05,53.70,0.00,54649.35,9.51
703338,pac,42.500,168.000,987.53,986.68,13.87,3.60,54.00,54.00,0.00,16181.22,6.23
703344,atl,62.000,-15.250,991.43,991.36,5.78,1.25,22.26,31.20,0.00,0.00,4.57
703344,atl,57.500,1.250,988.29,987.70,12.31,3.65,55.48,55.48,0.00,14618.82,18.58
703344,atl,50.250,-15.000,980.75,979.80,15.52,4.06,44.59,48.25,0.00,0.00,7.01
703344,atl,39.000,-44.500,985.83,985.12,12.41,3.11,54.89,54.89,0.00,47519.64,5.29
703344,atl,38.000,-54.250,994.49,994.28,7.90,1.64,50.76,50.76,0.00,5941.38,4.41
703344,pac,58.750,192.000,983.35,983.20,9.46,2.09,33.30,36.39,0.00,0.00,4.69
703344,pac,57.250,216.500,981.40,980.97,18.51,4.54,56.98,56.98,0.00,18094.42,16.70
703344,pac,43.250,169.000,984.36,983.54,14.42,3.95,48.12,48.12,0.00,0.00,6.10
703344,pac,42.750,174.000,986.93,986.07,12.27,2.84,51.49,53.95,0.00,7755.67,6.10
703350,atl,62.500,-16.000,992.26,992.17,5.37,1.07,19.99,33.09,0.00,0.00,4.19
703350,atl,61.000,-24.250,992.05,991.92,8.57,1.75,45.05,45.05,0.00,0.00,5.44
703350,atl,58.250,2.250,990.22,989.50,9.93,3.11,47.92,47.92,0.00,0.00,14.29
703350,atl,51.500,-13.750,975.71,973.98,20.43,5.85,52.94,54.28,0.00,56630.77,12.47
703350,atl,38.750,-45.000,985.02,984.54,11.60,2.91,52.09,52.09,0.00,28327.37,4.96
703350,atl,33.250,-52.250,992.40,992.09,6.95,1.89,55.67,56.95,0.00,65466.43,3.53
703350,pac,59.250,191.750,985.37,985.18,9.07,2.00,29.54,37.54,0.00,0.00,4.68
703350,pac,58.000,217.000,983.21,982.90,17.75,4.97,50.43,50.43,0.00,1694.82,13.86
703350,pac,52.250,203.750,994.84,994.29,6.74,2.18,50.99,50.99,0.00,1981.73,4.80
703350,pac,44.250,177.250,978.01,976.71,16.13,4.52,51.34,56.24,0.00,40993.94,6.90
703350,pac,42.750,170.000,979.43,978.35,16.82,5.27,59.17,59.17,0.00,80014.58,11.34
703356,atl,63.250,6.500,998.30,998.23,7.48,2.20,37.57,38.54,0.00,0.00,11.56
703356,atl,62.750,-16.500,994.80,994.69,5.01,0.87,21.33,36.51,0.00,0.00,4.00
703356,atl,61.500,-25.250,993.91,993.70,9.21,2.36,47.84,47.84,0.00,0.00,5.66
703356,atl,58.750,2.750,994.40,993.82,5.61,2.05,31.08,31.08,0.00,0.00,11.56
703356,atl,51.250,-11.000,975.75,974.23,23.63,7.12,68.63,68.63,8384.76,182440.51,12.61
703356,atl,39.000,-45.500,986.90,986.50,11.12,2.49,52.09,52.91,0.00,44804.89,4.41
703356,atl,33.250,-48.750,990.69,990.30,7.28,1.88,46.49,48.91,0.00,0.00,3.72
703356,pac,60.250,190.250,987.48,987.23,9.98,2.21,31.32,43.58,0.00,0.00,5.40
703356,pac,58.750,217.000,986.98,986.58,15.15,4.72,50.89,50.89,0.00,778.60,8.41
703356,pac,45.500,178.750,973.25,972.05,16.20,4.26,55.70,55.70,0.00,38322.76,7.26
703362,atl,64.750,6.500,997.60,997.40,8.45,2.32,35.68,35.68,0.00,0.00,9.15
703362,atl,61.250,-23.500,996.00,995.91,7.28,1.75,47.23,47.23,0.00,0.00,5.01
703362,atl,54.250,0.000,990.29,989.86,6.65,1.60,36.93,61.89,0.00,10228.03,9.49
703362,atl,52.000,-6.000,979.07,977.77,21.28,5.95,61.89,61.89,0.00,142117.93,9.49
703362,atl,38.000,-47.000,986.54,986.28,11.33,2.46,51.27,51.27,0.00,15470.84,4.83
703362,pac,61.250,186.500,989.79,989.45,10.96,2.60,43.22,49.90,0.00,0.00,10.57
703362,pac,58.750,218.250,991.90,991.02,12.81,4.42,46.51,46.51,0.00,0.00,10.46
703362,pac,53.250,210.000,1003.84,1003.71,4.29,1.52,43.73,43.73,0.00,0.00,4.25
703362,pac,48.000,184.500,967.95,966.66,17.88,4.87,53.61,56.28,0.00,64160.87,8.32
703362,pac,45.250,179.750,970.38,969.70,15.57,4.03,57.85,57.85,0.00,58274.55,8.55
703368,atl,65.250,7.250,998.68,998.49,7.37,2.05,31.05,33.45,0.00,0.00,8.28
703368,atl,61.000,-21.250,999.39,999.35,5.20,1.23,40.81,40.81,0.00,0.00,3.85
703368,atl,52.500,-2.000,984.54,983.76,16.83,4.37,58.23,58.23,0.00,46271.18,6.70
703368,atl,35.250,-47.000,986.64,986.30,11.73,2.66,46.81,50.70,0.00,4205.92,5.04
703368,pac,63.250,221.500,1001.32,1001.01,8.78,2.54,24.19,40.82,0.00,0.00,12.07
703368,pac,60.750,182.750,991.66,991.34,9.80,2.41,50.26,50.26,0.00,359.81,10.68
703368,pac,59.500,218.500,1001.43,1000.68,7.07,2.58,45.59,45.59,0.00,0.00,9.07
703368,pac,48.750,184.250,961.31,959.46,20.54,6.07,57.60,57.60,0.00,26709.99,11.85
703374,atl,65.750,8.250,999.15,998.99,6.28,1.67,26.59,26.59,0.00,0.00,6.42
703374,atl,64.750,-29.500,1001.41,1001.10,9.35,2.39,50.23,51.45,0.00,4740.93,14.04
703374,atl,53.750,2.750,986.88,986.72,13.86,3.22,45.26,45.26,0.00,0.00,5.46
703374,atl,36.500,-43.000,987.07,986.82,8.52,1.55,39.96,47.39,0.00,0.00,5.02
703374,pac,59.500,179.750,991.89,991.75,6.95,1.72,46.20,46.45,0.00,0.00,8.72
703374,pac,52.250,190.000,967.07,966.74,14.47,3.03,52.98,55.81,0.00,35361.39,7.13
703374,pac,48.250,185.750,960.07,958.77,20.23,5.71,58.20,58.20,0.00,68585.23,9.92
703374,pac,43.250,163.500,1000.92,1000.38,9.21,2.53,54.66,58.23,0.00,103092.60,3.81
703380,atl,64.750,-30.750,1003.57,1003.16,9.69,2.77,48.35,48.56,0.00,0.00,12.31
703380,atl,54.750,5.250,989.97,989.71,12.14,2.94,42.40,48.37,0.00,0.00,5.47
703380,atl,36.750,-41.750,989.40,989.21,8.33,1.67,44.66,48.30,0.00,0.00,4.54
703380,pac,53.500,188.500,965.04,964.82,14.75,3.00,51.75,52.42,0.00,25467.14,6.36
703380,pac,48.000,188.750,964.84,964.08,16.21,4.25,59.35,59.35,0.00,203452.88,7.99
703380,pac,42.000,169.000,998.89,998.24,10.24,2.67,61.59,64.67,4823.46,149295.48,4.58
703386,atl,64.500,-32.500,1004.12,1003.58,10.21,3.17,50.95,50.95,0.00,1602.31,9.99
703386,atl,55.000,8.000,993.12,992.69,10.49,2.69,42.37,42.37,0.00,0.00,4.96
703386,atl,38.250,-37.250,991.03,990.40,7.72,1.74,42.53,42.53,0.00,0.00,3.19
703386,pac,54.000,187.750,964.31,964.06,15.63,3.30,51.01,51.01,0.00,8367.65,6.42
703386,pac,41.250,175.250,996.89,996.31,10.04,2.60,62.30,62.30,0.00,145296.09,5.04
703392,atl,45.250,-30.250,993.73,993.41,8.76,1.84,34.26,36.90,0.00,0.00,4.57
703392,atl,40.500,-35.500,993.51,992.76,7.33,1.77,39.05,39.05,0.00,0.00,3.48
703392,pac,56.000,193.750,968.18,968.06,11.51,1.76,39.18,53.67,0.00,6385.39,5.92
703392,pac,54.250,187.500,967.81,967.50,13.90,2.94,52.35,52.35,0.00,13612.71,6.22
703392,pac,41.750,180.250,996.79,995.89,10.11,2.60,64.21,65.08,2994.25,127653.43,5.00
703398,atl,60.750,-28.500,1004.09,1003.90,7.11,1.95,32.87,37.48,0.00,0.00,4.37
703398,atl,49.000,-25.500,991.46,990.93,12.62,3.09,42.08,43.06,0.00,0.00,5.17
703398,atl,41.500,-34.750,992.07,991.25,8.51,2.15,32.99,35.29,0.00,0.00,3.62
703398,pac,57.000,192.500,969.72,969.51,12.35,1.97,36.64,46.43,0.00,0.00,5.36
703398,pac,43.500,185.750,996.21,995.65,8.84,2.37,59.41,59.41,0.00,53555.70,4.71
703404,atl,61.250,-28.500,1003.35,1003.05,8.01,1.89,32.10,37.43,0.00,0.00,4.74
703404,atl,59.000,8.250,998.94,998.68,8.65,2.17,37.56,37.56,0.00,0.00,5.98
703404,atl,49.750,-25.000,987.99,987.38,16.35,4.63,44.59,44.59,0.00,0.00,7.16
703404,atl,42.000,-33.750,995.62,995.12,8.27,2.09,32.34,32.54,0.00,0.00,3.01
703404,pac,57.500,191.000,973.71,973.45,12.53,2.19,34.09,50.34,0.00,462.37,5.25
703404,pac,46.000,190.500,995.31,994.56,8.79,2.53,57.82,57.82,0.00,47979.73,5.20
703410,atl,61.000,-26.750,1001.83,1001.64,7.38,1.72,34.12,34.12,0.00,0.00,3.45
703410,atl,58.000,10.000,1001.05,1000.76,8.34,1.96,39.97,39.97,0.00,0.00,5.10
703410,atl,50.250,-23.250,988.15,987.67,15.16,4.22,42.58,42.58,0.00,0.00,6.86
703410,atl,42.000,-32.250,996.74,996.34,8.13,1.94,32.15,35.91,0.00,0.00,3.15
703410,atl,40.750,-68.000,1004.16,1003.70,10.03,2.88,33.40,39.52,0.00,0.00,4.86
703410,pac,57.500,189.750,976.69,976.52,13.08,2.17,34.38,48.66,0.00,0.00,5.54
703416,atl,60.750,-25.500,1001.50,1001.34,6.15,1.25,30.73,30.73,0.00,0.00,5.09
703416,atl,52.250,-19.250,989.93,989.74,13.06,2.90,45.54,45.91,0.00,0.00,5.00
703416,atl,44.250,-28.750,1000.22,1000.14,6.26,1.22,28.26,32.59,0.00,0.00,3.28
703416,atl,41.250,-64.750,1002.41,1001.77,11.25,3.10,41.55,41.71,0.00,0.00,6.71
703416,pac,64.250,209.500,997.89,997.35,6.50,1.34,30.55,30.55,0.00,0.00,17.04
703416,pac,57.250,189.250,979.93,979.80,13.08,2.31,34.27,41.31,0.00,0.00,4.63
703422,atl,60.750,-24.250,998.62,998.56,5.99,1.03,33.36,36.00,0.00,0.00,5.55
703422,atl,55.000,-15.000,986.40,986.09,13.92,2.97,42.36,43.78,0.00,0.00,4.78
703422,atl,45.250,-25.750,1000.15,999.94,6.01,1.39,28.18,30.44,0.00,0.00,2.58
703422,atl,41.500,-60.250,1000.00,999.20,11.93,3.05,44.68,45.38,0.00,0.00,7.82
703422,pac,65.500,217.250,1002.99,1002.62,8.67,2.10,27.60,27.60,0.00,0.00,17.82
703422,pac,64.750,212.750,1002.17,1001.99,7.22,1.36,27.60,27.60,0.00,0.00,17.82
703422,pac,56.750,189.500,982.43,982.33,12.75,2.18,32.24,40.23,0.00,0.00,4.60
703422,pac,42.000,202.000,1002.36,1001.78,10.14,2.42,48.83,48.83,0.00,0.00,4.73
703428,atl,58.000,-12.000,983.33,982.93,16.63,4.07,46.58,47.77,0.00,0.00,7.82
703428,atl,46.000,-23.000,1001.56,1001.29,7.37,1.84,24.74,27.27,0.00,0.00,3.45
703428,atl,42.000,-56.500,998.24,997.29,12.39,3.31,45.22,45.22,0.00,0.00,7.65
703428,atl,36.500,-75.000,1002.70,1002.31,5.78,1.54,31.34,33.90,0.00,0.00,3.71
703428,pac,60.000,201.750,996.22,995.58,6.27,1.78,36.57,41.35,0.00,0.00,13.33
703428,pac,56.500,189.750,985.17,985.11,12.41,2.34,32.81,39.17,0.00,0.00,4.85
703428,pac,46.000,204.000,995.00,994.38,14.57,3.47,54.47,57.50,0.00,43106.08,6.16
703434,atl,59.500,-10.500,979.03,978.30,19.59,4.90,50.89,51.08,0.00,17317.98,7.64
703434,atl,46.750,-19.750,1003.20,1002.79,6.57,1.75,26.64,26.64,0.00,0.00,3.59
703434,atl,42.500,-53.500,995.98,995.22,12.30,3.33,43.76,43.95,0.00,0.00,7.05
703434,atl,38.000,-74.000,999.82,999.10,8.18,2.27,36.39,36.39,0.00,0.00,4.44
703434,pac,56.500,191.000,987.15,987.05,11.07,2.18,32.37,32.37,0.00,0.00,4.42
703434,pac,53.500,165.000,980.98,980.26,12.28,2.54,48.64,48.64,0.00,0.00,9.09
703434,pac,52.000,161.000,980.76,980.37,13.75,2.99,45.79,55.18,0.00,72127.78,9.09
703434,pac,49.750,204.750,989.93,989.45,16.34,4.08,51.29,54.93,0.00,78315.49,5.94
703440,atl,61.250,-10.000,976.37,975.29,23.25,6.23,54.78,54.78,0.00,75600.85,9.23
703440,atl,44.000,-48.500,994.63,993.55,12.52,3.53,47.50,47.50,0.00,0.00,6.72
703440,atl,38.250,-73.000,999.15,998.48,8.92,2.64,44.78,44.78,0.00,0.00,6.03
703440,atl,37.500,-68.750,999.28,998.68,8.54,1.89,44.78,44.78,0.00,0.00,5.90
703440,pac,56.750,191.500,988.34,988.20,9.14,2.01,29.22,29.70,0.00,0.00,3.16
703440,pac,53.500,205.250,986.67,986.11,17.59,4.48,54.85,55.22,0.00,94773.91,7.30
703440,pac,53.250,170.750,980.51,979.81,11.44,2.44,45.59,47.77,0.00,0.00,4.96
703446,atl,62.000,-10.250,969.57,968.08,29.31,8.63,64.62,64.62,704.66,79934.72,13.21
703446,atl,49.250,-10.250,1004.78,1004.30,5.95,1.74,29.12,29.12,0.00,0.00,3.54
703446,atl,46.500,-45.250,987.29,985.82,16.63,4.66,53.46,53.46,0.00,9804.58,9.08
703446,atl,38.250,-71.750,998.23,997.09,11.82,3.84,52.03,52.03,0.00,9010.24,8.86
703446,atl,37.750,-66.750,998.00,997.47,9.43,2.04,44.30,51.32,0.00,4785.25,8.04
703446,pac,57.500,191.250,987.09,986.94,6.71,1.63,25.88,26.48,0.00,0.00,2.93
703446,pac,56.500,205.250,983.85,983.24,18.53,4.73,52.59,60.80,0.00,103392.42,19.93
703446,pac,53.250,175.250,978.94,978.24,10.52,2.28,43.70,45.56,0.00,0.00,4.17
703446,pac,52.500,180.500,978.93,978.42,10.62,2.51,41.78,45.70,0.00,0.00,4.61
703446,pac,44.750,209.250,1003.10,1002.37,10.59,2.76,37.92,43.68,0.00,0.00,4.49
703452,atl,62.500,-8.500,970.20,968.81,29.78,8.36,62.12,62.12,0.00,82696.89,10.30
703452,atl,50.250,-5.000,1004.33,1003.52,6.85,2.14,38.12,38.12,0.00,0.00,5.23
703452,atl,49.250,-43.750,975.12,972.89,27.93,7.90,57.31,57.31,0.00,25129.70,15.10
703452,atl,40.000,-46.000,1000.63,1000.26,6.55,1.91,43.88,43.88,0.00,0.00,3.91
703452,atl,37.750,-64.250,995.93,995.36,11.80,2.67,50.92,52.46,0.00,15140.14,6.21
703452,pac,60.250,199.500,988.28,987.92,8.14,1.54,44.65,72.94,1430.29,12913.21,18.90
703452,pac,52.750,183.500,976.23,975.68,11.27,2.69,38.20,45.01,0.00,0.00,4.16
703452,pac,46.250,211.000,1000.15,999.41,13.08,3.61,44.89,44.89,0.00,0.00,7.17
703458,atl,63.000,-7.250,972.85,971.75,28.21,7.56,63.50,63.50,0.00,65192.82,11.41
703458,atl,55.750,4.500,999.80,999.62,4.88,1.55,33.21,33.92,0.00,0.00,7.14
703458,atl,51.500,-42.750,968.72,967.29,32.23,9.12,68.05,68.05,4889.33,145478.29,11.65
703458,atl,51.250,0.500,1000.80,999.92,8.70,2.85,44.09,44.09,0.00,0.00,7.31
703458,atl,41.250,-43.000,998.74,998.21,7.43,2.31,46.15,46.15,0.00,0.00,3.66
703458,atl,37.250,-60.000,995.85,995.36,10.32,2.16,56.13,62.07,0.00,42535.42,7.40
703458,atl,36.750,-64.250,995.84,995.36,13.34,3.45,62.07,62.07,0.00,92029.28,7.40
703458,pac,61.750,196.000,987.44,987.27,8.40,1.73,28.18,34.88,0.00,0.00,5.78
703458,pac,53.250,185.500,974.96,974.52,11.78,2.61,42.21,42.39,0.00,0.00,4.40
703458,pac,49.500,212.500,1001.26,1000.88,10.71,2.54,46.89,48.27,0.00,0.00,7.02
703464,atl,63.500,-5.500,977.33,976.50,25.71,6.73,60.59,60.59,0.00,39462.76,9.31
703464,atl,55.750,5.750,998.03,997.72,7.81,2.23,31.22,39.88,0.00,0.00,7.19
703464,atl,53.000,-43.000,966.32,965.01,32.73,9.03,58.04,61.26,0.00,207051.18,10.74
703464,atl,52.000,6.250,999.42,998.78,9.39,2.38,41.79,42.83,0.00,0.00,7.78
703464,atl,43.500,-39.250,1000.17,999.55,6.27,2.05,43.95,43.95,0.00,0.00,3.99
703464,atl,39.000,-42.000,1003.71,1003.50,5.18,1.31,46.53,46.53,0.00,0.00,3.68
703464,atl,37.000,-58.500,995.71,995.32,12.11,2.75,58.86,58.86,0.00,61782.38,7.04
703464,pac,64.000,208.500,1000.60,999.94,4.09,1.54,41.19,48.92,0.00,0.00,16.16
703464,pac,63.000,193.000,990.52,990.37,8.04,1.78,35.20,36.83,0.00,0.00,8.43
703464,pac,53.750,213.000,999.28,999.03,9.05,2.14,39.49,40.63,0.00,0.00,4.24
703464,pac,53.500,187.250,977.49,977.27,11.07,2.26,41.32,47.96,0.00,0.00,5.49
703470,atl,63.500,-3.500,981.25,980.54,23.01,5.97,57.27,57.27,0.00,46030.07,7.89
703470,atl,55.500,7.250,997.85,997.67,9.43,2.36,38.56,39.60,0.00,0.00,7.24
703470,atl,54.250,-42.750,966.65,965.56,30.05,7.54,54.36,59.07,0.00,124646.63,8.54
703470,atl,46.250,-36.250,999.01,998.39,5.11,1.65,44.58,44.58,0.00,0.00,4.05
703470,atl,41.000,-39.000,1000.81,1000.47,5.81,1.50,41.09,41.91,0.00,0.00,3.36
703470,atl,37.250,-50.500,992.88,992.35,11.51,2.71,54.00,62.18,0.00,28875.22,7.28
703470,pac,63.500,191.250,992.84,992.59,7.54,1.92,34.30,39.71,0.00,0.00,8.11
703470,pac,57.250,212.250,996.41,996.18,9.95,2.57,43.67,52.74,0.00,5795.75,9.72
703470,pac,53.750,189.000,982.89,982.87,7.80,1.36,36.17,44.12,0.00,0.00,4.69
703470,pac,43.750,162.250,995.92,995.35,11.68,2.91,42.66,42.68,0.00,0.00,4.18
703476,atl,64.000,-1.000,987.67,987.11,19.57,5.02,52.07,55.34,0.00,11117.19,6.80
703476,atl,55.750,-43.000,969.48,968.40,27.77,6.79,69.17,70.15,31772.22,149400.58,14.23
703476,atl,43.000,-37.000,1001.04,1000.79,5.77,1.42,40.97,41.94,0.00,0.00,3.65
703476,atl,38.750,-47.000,991.93,990.52,13.32,3.64,61.40,61.40,0.00,38072.52,9.60
703476,pac,59.000,210.500,997.45,997.01,6.57,2.20,46.30,51.66,0.00,1539.69,10.59
703476,pac,53.750,160.500,1002.51,1002.26,4.48,1.65,29.01,29.01,0.00,0.00,7.13
703476,pac,53.750,199.500,985.75,985.44,7.78,1.75,39.13,40.89,0.00,0.00,5.16
703476,pac,44.750,166.750,997.86,997.35,9.57,2.48,41.67,41.67,0.00,0.00,3.87
703482,atl,64.750,1.500,992.62,992.19,17.71,4.54,48.11,48.77,0.00,0.00,6.12
703482,atl,56.500,-43.500,972.42,971.61,24.64,6.40,71.90,73.50,28182.88,109707.84,15.24
703482,atl,40.000,-43.000,991.38,990.82,12.75,3.06,65.97,65.97,1808.00,58157.46,9.23
703482,pac,54.500,198.250,986.14,985.75,8.82,2.14,38.36,38.67,0.00,0.00,4.99
703482,pac,54.000,161.000,1001.98,1001.64,5.44,1.92,36.57,37.59,0.00,0.00,7.18
703482,pac,46.000,171.500,996.71,996.15,9.44,2.48,41.85,44.85,0.00,0.00,4.82
703488,atl,65.750,3.750,995.93,995.56,16.74,4.27,48.08,48.08,0.00,0.00,7.06
703488,atl,56.500,-43.750,977.47,976.77,20.47,5.63,67.12,68.06,11385.26,74868.70,14.61
703488,atl,43.500,-37.000,991.84,990.97,11.30,2.86,51.88,51.88,0.00,1128.03,5.12
703488,pac,65.500,217.750,1004.39,1004.01,7.60,1.54,38.04,38.04,0.00,0.00,16.48
703488,pac,64.500,213.250,1004.69,1004.47,5.20,0.99,38.04,38.04,0.00,0.00,15.11
703488,pac,54.250,161.250,1003.08,1002.69,5.93,2.15,39.20,45.37,0.00,0.00,8.51
703488,pac,54.250,196.500,985.66,985.05,10.45,2.85,29.71,33.17,0.00,0.00,4.24
703488,pac,48.250,204.750,993.07,992.62,6.44,1.79,43.06,43.06,0.00,0.00,3.40
703488,pac,47.250,176.500,996.15,995.71,8.27,2.00,45.90,46.34,0.00,0.00,4.96
703494,atl,66.750,-52.500,999.55,998.80,7.03,2.04,40.47,40.47,0.00,0.00,10.90
703494,atl,66.500,6.750,998.46,998.01,15.69,4.19,50.08,50.08,0.00,314.31,7.10
703494,atl,56.250,-43.250,981.85,981.38,15.61,4.42,59.14,61.39,0.00,31655.43,10.36
703494,atl,47.250,-34.000,989.79,989.14,10.69,2.71,48.30,49.36,0.00,0.00,4.64
703494,pac,54.500,161.750,1004.45,1004.02,5.29,2.00,37.95,45.60,0.00,0.00,7.39
703494,pac,54.000,196.000,985.40,985.03,10.05,2.75,27.21,35.57,0.00,0.00,4.97
703494,pac,49.000,207.250,991.72,991.31,7.05,1.99,35.23,35.46,0.00,0.00,3.08
703494,pac,47.750,182.750,993.33,992.84,8.27,2.04,51.78,51.78,0.00,11812.04,5.33
703500,atl,69.000,-50.750,1000.12,999.49,7.37,2.55,39.97,39.97,0.00,0.00,9.60
703500,atl,67.000,9.500,1001.78,1001.45,13.77,3.76,47.04,47.04,0.00,0.00,6.13
703500,atl,56.250,-31.250,989.19,988.83,9.99,2.75,46.70,47.33,0.00,0.00,5.20
703500,atl,55.750,-42.250,987.15,986.84,10.91,2.99,56.07,61.16,0.00,29906.25,6.39
703500,atl,50.750,-32.250,989.89,989.40,9.43,2.43,48.56,53.72,0.00,10853.20,5.08
703500,pac,54.500,195.000,984.77,984.54,9.27,2.44,34.37,34.37,0.00,0.00,5.06
703500,pac,50.000,208.000,993.11,992.83,4.89,1.41,33.18,35.75,0.00,0.00,2.59
703500,pac,48.000,189.000,989.92,989.47,8.09,1.96,52.13,54.60,0.00,50022.90,5.61
703500,pac,46.500,225.500,1002.58,1002.20,5.94,1.90,34.22,34.22,0.00,0.00,3.54
703506,atl,67.250,-50.250,998.93,998.65,6.14,2.43,30.35,32.50,0.00,0.00,8.14
703506,atl,59.750,-30.250,988.22,987.89,11.34,2.82,44.57,46.34,0.00,0.00,4.42
703506,atl,55.250,-41.750,987.86,987.58,10.17,2.63,48.66,55.79,0.00,17148.47,5.51
703506,atl,52.750,-31.250,988.40,988.00,9.78,2.47,47.32,48.85,0.00,0.00,5.01
703506,atl,39.750,-57.250,1004.03,1002.82,12.61,3.63,49.52,49.52,0.00,0.00,6.43
703506,pac,54.750,193.750,982.83,982.56,9.37,2.16,35.66,36.88,0.00,0.00,4.11
703506,pac,50.500,209.250,991.40,991.11,4.94,1.64,30.49,30.49,0.00,0.00,2.65
703506,pac,47.750,196.000,987.87,987.40,7.82,1.84,51.42,57.37,0.00,46518.43,5.20
703512,atl,67.000,-65.750,998.29,997.48,4.93,1.20,24.32,28.99,0.00,0.00,5.58
703512,atl,61.750,-68.000,998.55,998.34,8.42,2.25,37.27,37.27,0.00,0.00,5.35
703512,atl,61.500,-29.500,990.26,989.99,11.03,2.33,40.58,48.97,0.00,0.00,5.75
703512,atl,54.500,-40.500,989.86,989.69,9.05,2.10,44.57,51.74,0.00,2413.99,5.07
703512,atl,54.500,-31.250,984.93,984.32,13.18,3.62,48.02,50.46,0.00,7537.51,6.74
703512,atl,39.750,-55.000,998.85,997.55,17.25,4.97,64.17,64.17,591.98,19497.76,11.79
703512,pac,55.000,192.250,983.47,983.21,9.02,1.86,30.23,33.93,0.00,0.00,3.62
703512,pac,51.000,209.250,990.21,989.99,4.39,1.49,25.72,25.72,0.00,0.00,2.34
703512,pac,47.500,201.000,987.20,986.70,8.90,2.37,51.84,53.54,0.00,30911.83,4.72
703518,atl,62.750,-66.000,996.94,996.76,8.36,2.33,38.85,38.85,0.00,0.00,6.58
703518,atl,57.500,-32.250,976.74,975.64,18.75,5.35,50.81,50.81,0.00,5135.09,9.39
703518,atl,39.750,-51.750,995.58,995.16,18.39,5.20,61.88,61.88,0.00,135989.44,12.50
703518,pac,55.250,191.250,981.88,981.68,9.62,1.88,33.95,36.85,0.00,0.00,3.79
703518,pac,51.500,209.500,988.52,988.33,4.77,1.47,24.53,24.53,0.00,0.00,2.10
703518,pac,47.250,223.250,997.81,997.52,4.84,1.36,31.03,31.81,0.00,0.00,3.55
703518,pac,46.750,207.500,988.05,987.69,8.21,1.80,50.81,51.34,0.00,21262.02,4.83
703524,atl,67.000,-66.000,998.77,997.87,5.23,1.29,24.84,28.74,0.00,0.00,6.16
703524,atl,63.250,-64.250,998.36,998.01,6.86,1.94,35.29,35.29,0.00,0.00,6.95
703524,atl,59.750,-34.000,973.05,972.19,23.61,6.46,60.79,60.79,0.00,116274.06,10.12
703524,atl,43.750,-78.250,998.09,997.62,9.71,2.27,33.61,33.61,0.00,0.00,6.18
703524,atl,40.750,-48.500,994.20,993.79,19.65,5.27,70.71,70.71,24938.14,222919.17,11.47
703524,pac,55.500,190.750,981.05,980.91,9.23,1.67,28.50,39.49,0.00,0.00,3.95
703524,pac,52.250,209.500,989.17,988.98,4.10,1.20,23.57,26.12,0.00,0.00,2.35
703524,pac,48.250,223.750,993.75,993.29,6.90,1.95,32.15,32.64,0.00,0.00,3.76
703524,pac,46.500,212.250,986.62,986.09,9.67,2.42,47.64,52.88,0.00,15706.41,4.48
703530,atl,67.000,-65.750,998.61,997.73,4.43,1.16,29.61,29.74,0.00,0.00,6.30
703530,atl,65.000,-62.750,998.14,997.87,4.94,1.12,29.61,36.96,0.00,0.00,6.30
703530,atl,61.250,-34.500,968.79,968.22,27.76,7.65,63.98,65.60,1928.90,238311.28,9.65
703530,atl,44.750,-78.250,995.25,994.91,9.06,1.87,31.29,36.29,0.00,0.00,4.55
703530,atl,41.000,-45.500,993.06,992.59,20.27,4.71,63.82,64.73,596.29,180878.06,10.80
703530,pac,56.750,207.250,988.48,988.18,6.50,1.65,44.77,44.77,0.00,0.00,8.21
703530,pac,56.000,190.250,982.04,981.92,8.00,1.33,28.69,36.48,0.00,0.00,3.28
703530,pac,53.500,209.250,988.91,988.74,4.06,0.98,27.64,28.46,0.00,0.00,2.68
703530,pac,50.000,221.750,990.91,990.49,6.32,1.69,30.10,35.73,0.00,0.00,3.47
703530,pac,46.250,215.500,987.76,987.48,8.87,2.23,46.99,51.02,0.00,7978.62,4.35
703536,atl,69.000,-16.500,1000.98,1000.52,7.66,2.44,41.41,44.26,0.00,0.00,14.08
703536,atl,62.750,-33.250,971.75,970.73,27.49,7.45,60.54,63.55,0.00,172699.01,12.48
703536,atl,45.250,-76.000,995.12,994.68,7.16,1.68,30.41,33.46,0.00,0.00,4.63
703536,atl,43.750,-69.000,994.14,993.56,10.05,2.51,49.75,49.75,0.00,0.00,8.88
703536,atl,41.250,-44.000,995.93,995.62,17.76,3.67,64.12,64.12,567.46,169025.89,9.83
703536,pac,63.000,221.500,1001.95,1001.40,11.79,3.53,28.10,37.03,0.00,0.00,19.05
703536,pac,57.750,203.500,986.18,985.79,7.22,2.28,42.12,42.12,0.00,0.00,10.24
703536,pac,56.000,186.500,983.94,983.83,8.42,1.37,30.20,45.04,0.00,0.00,4.34
703536,pac,51.000,220.750,988.30,987.90,6.90,1.84,33.99,39.90,0.00,0.00,3.63
703536,pac,46.000,220.500,986.56,986.29,9.60,2.05,53.93,53.93,0.00,40494.54,4.66
703542,atl,66.000,-58.250,998.32,997.81,4.11,1.18,29.96,30.79,0.00,0.00,8.36
703542,atl,64.250,-32.500,976.30,975.27,26.22,7.30,60.48,60.48,0.00,111899.55,13.64
703542,atl,58.250,-78.000,988.29,987.77,15.32,3.92,38.11,38.11,0.00,0.00,5.64
703542,atl,44.500,-67.250,988.33,988.02,11.99,2.40,49.13,51.92,0.00,12769.05,7.91
703542,atl,39.750,-41.250,997.37,997.16,14.61,3.11,57.67,59.73,0.00,144630.20,5.84
703542,pac,62.750,220.500,1000.79,1000.33,9.67,2.75,25.80,37.16,0.00,0.00,21.86
703542,pac,58.250,199.500,985.28,984.62,6.87,2.08,37.66,37.66,0.00,0.00,5.34
703542,pac,55.500,186.500,985.36,985.27,7.50,1.15,36.49,45.47,0.00,0.00,4.05
703542,pac,53.750,196.500,986.05,985.99,4.42,0.77,31.17,41.42,0.00,0.00,3.34
703542,pac,52.500,219.500,985.97,985.76,7.82,2.19,34.56,37.42,0.00,0.00,3.80
703542,pac,46.500,222.750,985.34,985.04,9.83,2.28,53.66,54.38,0.00,59589.64,5.02
703548,atl,65.500,-30.250,984.47,983.73,22.54,6.64,56.95,56.95,0.00,91943.72,13.36
703548,atl,62.000,-42.250,999.29,999.04,6.90,2.46,43.07,48.05,0.00,0.00,10.79
703548,atl,59.500,-76.000,986.32,985.86,16.84,4.43,37.36,37.36,0.00,0.00,6.41
703548,atl,46.250,-64.250,982.58,982.36,17.57,3.62,58.55,59.94,0.00,129467.56,13.03
703548,atl,38.750,-39.000,1002.12,1001.76,11.86,2.59,49.54,50.08,0.00,615.13,4.20
703548,pac,58.500,196.750,987.43,987.16,5.29,1.46,37.33,37.33,0.00,0.00,5.54
703548,pac,55.500,186.750,987.14,987.07,6.18,0.95,32.79,44.84,0.00,0.00,3.78
703548,pac,53.750,217.500,984.58,984.49,6.67,1.63,33.99,33.99,0.00,0.00,3.35
703548,pac,47.000,226.750,983.76,983.35,9.70,1.92,54.20,59.45,0.00,100792.90,4.62
703554,atl,66.500,-28.750,990.95,989.76,18.50,5.84,54.16,54.16,0.00,38399.05,11.94
703554,atl,62.000,-41.500,1002.71,1002.52,8.79,2.77,37.47,43.07,0.00,0.00,12.97
703554,atl,60.500,-75.500,986.17,985.46,17.15,4.50,37.64,38.88,0.00,0.00,7.47
703554,atl,48.750,-63.500,980.23,979.37,18.10,4.50,64.44,67.05,1533.63,52963.34,15.32
703554,atl,37.750,-37.500,1004.07,1003.88,9.87,2.13,45.17,45.18,0.00,0.00,4.42
703554,pac,59.250,190.500,988.81,988.48,6.44,1.28,34.47,37.82,0.00,0.00,4.25
703554,pac,55.500,188.750,987.92,987.88,4.75,0.67,27.84,42.71,0.00,0.00,3.33
703554,pac,55.500,214.250,983.80,983.60,6.71,1.56,30.84,31.91,0.00,0.00,3.69
703554,pac,48.250,227.000,978.50,978.03,13.49,3.45,56.32,56.87,0.00,109750.80,5.40
703560,atl,67.000,-26.750,999.47,998.53,12.79,4.16,50.14,50.14,0.00,311.23,10.87
703560,atl,61.250,-74.500,990.25,989.44,14.71,3.42,39.16,39.16,0.00,0.00,7.69
703560,atl,50.500,-62.500,983.39,982.64,14.72,3.45,37.81,47.29,0.00,0.00,11.08
703560,pac,56.750,210.250,984.58,984.34,6.01,1.59,35.19,35.39,0.00,0.00,4.18
703560,pac,55.500,187.000,989.58,989.53,5.25,0.78,24.13,38.31,0.00,0.00,3.28
703560,pac,49.750,226.500,976.09,975.44,14.80,3.76,54.37,54.77,0.00,50348.70,5.88
703566,atl,67.750,-22.750,1003.49,1002.97,9.94,3.06,48.70,48.70,0.00,0.00,15.74
703566,atl,63.500,-74.000,991.58,991.15,14.93,3.51,39.07,45.52,0.00,0.00,9.68
703566,atl,53.000,-61.000,984.13,983.77,13.99,2.47,41.66,47.23,0.00,0.00,8.98
703566,pac,57.000,204.500,985.35,985.01,5.65,1.23,30.68,30.68,0.00,0.00,4.82
703566,pac,54.750,186.000,990.30,990.27,5.42,0.87,28.44,39.25,0.00,0.00,3.31
703566,pac,53.250,234.000,988.82,988.29,5.57,1.43,44.60,47.30,0.00,0.00,10.18
703566,pac,50.750,226.750,974.68,974.11,17.12,4.59,54.29,54.72,0.00,35580.54,6.73
703566,pac,49.500,161.750,989.18,988.23,12.49,3.48,42.91,42.91,0.00,0.00,5.96
703572,atl,68.250,-19.750,1004.65,1004.25,10.00,3.20,38.52,38.52,0.00,0.00,13.94
703572,atl,64.750,-74.750,994.26,993.91,13.44,3.08,41.62,41.62,0.00,0.00,12.74
703572,atl,55.750,-60.250,983.07,982.95,15.70,2.79,44.94,49.34,0.00,0.00,9.40
703572,pac,56.750,199.000,984.57,984.23,6.94,1.70,29.23,29.23,0.00,0.00,3.73
703572,pac,53.250,185.750,990.74,990.66,5.38,1.20,35.41,35.83,0.00,0.00,2.97
703572,pac,51.500,226.000,976.52,975.97,18.08,4.76,50.68,52.83,0.00,20422.98,6.10
703572,pac,48.500,163.000,996.64,996.18,6.72,1.98,38.23,44.79,0.00,0.00,4.20
703572,pac,47.500,172.750,990.30,989.54,10.46,2.79,48.09,50.40,0.00,4995.90,4.80
703578,atl,66.750,-78.500,997.03,996.57,13.63,3.28,34.96,36.61,0.00,0.00,11.06
703578,atl,58.250,-60.500,980.44,980.22,17.70,3.88,51.22,53.52,0.00,15365.49,17.44
703578,pac,62.750,209.000,990.46,989.42,6.47,1.56,28.67,30.39,0.00,0.00,10.12
703578,pac,56.250,197.250,982.15,981.64,8.73,2.30,31.22,31.22,0.00,0.00,3.49
703578,pac,52.750,186.750,989.17,989.04,4.30,1.10,27.66,32.41,0.00,0.00,2.18
703578,pac,52.500,225.750,980.55,979.95,16.94,4.59,55.61,55.61,0.00,54011.43,6.80
703578,pac,46.500,180.500,987.35,986.65,10.23,2.51,58.56,58.56,0.00,113079.94,4.66
703584,atl,59.500,-58.750,979.13,978.74,18.66,3.79,59.57,59.57,0.00,36881.87,21.72
703584,pac,63.000,215.750,991.49,991.12,7.43,1.52,23.05,29.53,0.00,0.00,14.82
703584,pac,63.000,232.500,1001.31,1000.10,5.41,1.72,20.29,20.35,0.00,0.00,13.79
703584,pac,62.500,219.000,991.36,991.06,8.13,1.60,15.82,27.80,0.00,0.00,14.82
703584,pac,55.750,196.250,980.05,979.45,10.32,2.80,29.49,31.50,0.00,0.00,3.98
703584,pac,53.750,226.250,986.92,986.43,13.47,3.80,52.90,52.90,0.00,10493.29,6.86
703584,pac,49.750,211.250,992.60,991.99,5.86,1.90,32.29,42.45,0.00,0.00,3.65
703584,pac,46.250,189.250,981.47,980.96,12.61,2.97,52.08,59.24,0.00,105259.83,4.88
703590,atl,61.500,-60.250,977.27,976.72,21.27,4.41,71.27,71.27,8863.36,100224.31,26.15
703590,pac,63.250,216.750,993.01,992.78,8.07,2.00,22.20,24.93,0.00,0.00,15.88
703590,pac,55.500,194.750,978.40,977.89,11.72,3.05,32.51,34.63,0.00,0.00,4.07
703590,pac,55.250,226.000,992.83,992.30,9.73,2.80,47.47,47.47,0.00,0.00,8.08
703590,pac,51.000,212.750,993.13,992.69,5.11,1.77,35.90,39.75,0.00,0.00,3.98
703590,pac,47.250,194.000,974.38,973.81,15.60,3.87,47.85,58.02,0.00,45896.37,7.15
703590,pac,45.000,160.000,993.86,993.43,9.87,2.10,37.84,39.79,0.00,0.00,3.24
703590,pac,42.000,219.250,1004.29,1003.43,8.65,2.48,51.59,51.59,0.00,4017.67,5.05
703596,atl,61.750,-61.500,976.43,975.82,25.93,7.06,81.74,81.74,27631.99,114014.80,32.25
703596,pac,63.000,233.000,1004.16,1003.53,4.56,1.41,12.71,21.73,0.00,0.00,17.30
703596,pac,62.750,218.500,996.49,996.18,6.86,1.52,17.36,28.27,0.00,0.00,17.30
703596,pac,55.250,193.250,979.57,979.30,10.98,2.80,38.26,40.58,0.00,0.00,4.53
703596,pac,48.500,197.500,967.03,966.63,19.30,4.64,57.42,58.43,0.00,81544.39,8.22
703596,pac,45.750,163.000,992.85,992.38,11.31,2.74,38.06,38.06,0.00,0.00,3.84
703596,pac,44.500,223.750,999.75,998.92,12.82,3.62,49.51,50.93,0.00,574.28,7.18
703602,atl,67.000,-51.750,997.77,997.07,8.35,2.59,59.34,59.34,0.00,80943.46,14.77
703602,atl,62.250,-59.000,982.03,980.76,23.86,6.78,70.85,70.85,45150.87,182712.57,19.37
703602,pac,63.750,215.500,1000.30,999.80,6.07,1.42,21.05,29.18,0.00,0.00,14.28
703602,pac,62.750,218.750,1000.19,999.88,6.16,1.29,22.84,29.18,0.00,0.00,14.28
703602,pac,54.500,192.000,982.90,982.66,8.96,2.27,38.45,39.11,0.00,0.00,4.82
703602,pac,48.250,199.250,965.68,965.42,20.37,4.54,59.12,59.12,0.00,173667.22,8.44
703602,pac,47.250,226.000,996.99,995.37,16.83,5.16,60.15,60.15,0.00,62164.49,8.56
703602,pac,46.500,166.250,990.02,989.41,12.16,3.26,46.48,46.48,0.00,0.00,4.67
703608,atl,67.000,-72.250,993.50,992.52,10.59,3.26,36.44,36.44,0.00,0.00,12.42
703608,atl,64.250,-57.750,987.43,985.96,20.86,6.08,62.18,62.18,0.00,186071.80,12.42
703608,pac,64.250,215.000,1001.71,1001.48,8.43,2.08,24.16,28.61,0.00,0.00,12.72
703608,pac,62.000,205.500,998.77,998.18,4.57,1.20,26.43,28.61,0.00,0.00,8.16
703608,pac,56.000,214.750,998.80,998.36,4.52,1.90,31.87,42.67,0.00,0.00,4.76
703608,pac,54.000,191.250,988.18,987.93,5.62,1.58,35.02,37.36,0.00,0.00,5.69
703608,pac,48.250,202.750,966.44,966.20,19.57,3.81,63.98,64.32,539.23,188926.74,7.64
703608,pac,48.250,227.250,1000.64,999.81,13.59,4.13,56.70,56.70,0.00,60278.85,7.13
703608,pac,47.500,168.250,987.03,986.29,14.07,3.68,46.03,47.18,0.00,0.00,4.86
703614,atl,66.750,-73.750,996.11,995.37,10.68,3.23,32.18,38.61,0.00,0.00,9.49
703614,atl,66.250,-59.000,989.85,988.81,19.41,5.85,55.13,55.13,0.00,55651.31,10.43
703614,pac,64.250,214.750,1004.66,1004.13,8.29,2.40,26.98,36.82,0.00,0.00,14.22
703614,pac,49.000,229.250,1003.71,1003.34,11.66,3.60,51.15,51.15,0.00,3419.90,5.78
703614,pac,48.750,205.000,969.45,969.15,17.78,3.66,57.05,61.43,0.00,142419.06,6.38
703614,pac,48.250,169.250,978.39,976.70,20.67,5.94,55.42,55.42,0.00,123348.47,9.14
703620,atl,69.000,-28.750,1001.44,1000.72,10.65,2.33,42.86,44.80,0.00,0.00,14.75
703620,atl,67.250,-60.500,995.42,994.09,15.38,4.97,59.56,59.56,0.00,18765.02,10.57
703620,atl,66.000,-74.500,1001.75,1001.26,9.39,2.93,34.00,37.71,0.00,0.00,10.57
703620,pac,49.250,206.500,974.30,974.00,14.99,3.04,44.43,54.84,0.00,99561.84,5.10
703620,pac,48.000,171.500,977.98,976.83,21.18,5.78,57.76,57.76,0.00,190051.62,8.67
703626,atl,68.750,-32.750,994.86,993.75,15.24,4.14,43.06,58.62,0.00,7312.19,14.84
703626,atl,68.750,-29.250,995.03,993.75,14.44,3.12,42.19,50.66,0.00,967.49,14.84
703626,atl,67.750,-62.000,999.82,998.68,11.94,3.97,37.94,39.01,0.00,0.00,9.06
703626,pac,60.000,182.500,999.20,998.92,9.81,2.42,44.75,44.75,0.00,0.00,7.31
703626,pac,49.500,207.750,979.14,978.90,13.58,2.87,43.54,51.20,0.00,16564.56,4.98
703626,pac,47.500,175.500,978.29,977.38,19.50,4.77,59.43,60.58,0.00,216567.38,6.63
703626,pac,46.000,221.000,990.40,989.67,10.45,2.68,47.25,47.25,0.00,0.00,4.86
703632,atl,67.250,-62.750,1004.80,1004.11,8.81,2.83,36.32,36.32,0.00,0.00,8.31
703632,atl,67.000,-31.500,995.16,994.68,14.54,3.92,55.69,58.63,0.00,47356.32,16.49
703632,atl,42.750,7.500,1004.53,1003.88,10.12,2.95,47.70,47.70,0.00,0.00,17.31
703632,pac,59.500,178.750,999.62,999.31,10.09,2.68,52.07,52.07,0.00,9610.56,9.32
703632,pac,49.750,209.500,984.63,984.44,11.36,2.50,40.15,48.30,0.00,0.00,4.33
703632,pac,47.250,179.750,979.63,979.12,17.52,3.96,58.23,60.59,0.00,168658.20,6.40
703632,pac,46.750,225.000,988.20,987.26,14.38,3.90,60.23,60.23,0.00,50026.65,6.75
703638,atl,69.000,-2.250,994.09,993.55,10.48,2.96,44.77,44.77,0.00,0.00,6.44
703638,atl,66.750,-28.250,996.92,996.39,9.66,2.35,52.09,53.89,0.00,20547.71,18.16
703638,atl,66.500,-35.250,998.69,997.95,8.86,2.61,52.09,52.09,0.00,17885.70,18.16
703638,atl,41.750,8.000,1002.43,1001.74,10.68,2.77,49.67,49.67,0.00,0.00,15.12
703638,pac,59.000,176.000,1001.73,1001.24,9.62,2.79,48.92,48.92,0.00,0.00,9.13
703638,pac,50.250,211.000,990.23,990.09,8.38,1.74,35.19,42.89,0.00,0.00,3.47
703638,pac,48.000,227.000,981.29,980.70,20.91,5.98,67.24,67.24,2652.34,99500.17,9.83
703638,pac,47.000,184.750,981.86,981.48,14.52,3.17,53.43,59.33,0.00,167637.24,5.36
703644,atl,67.750,-37.000,1000.29,999.17,7.50,2.19,36.37,38.16,0.00,0.00,11.01
703644,atl,66.500,-30.000,1001.66,1001.28,4.39,0.80,38.36,53.41,0.00,2470.36,11.01
703644,atl,41.000,8.250,1004.73,1004.29,8.39,2.18,49.37,50.23,0.00,2310.60,9.68
703644,pac,51.500,190.500,985.88,985.62,6.71,0.94,25.23,35.21,0.00,0.00,4.25
703644,pac,50.750,213.750,995.76,995.69,4.76,0.94,33.56,40.85,0.00,0.00,2.98
703644,pac,49.500,228.250,980.96,980.28,21.17,6.17,57.87,57.87,0.00,80828.71,9.47
703644,pac,47.250,189.250,984.20,983.97,11.12,2.55,52.06,54.52,0.00,37802.25,4.95
703650,atl,69.000,-40.750,1000.72,1000.16,8.79,3.02,37.01,41.19,0.00,0.00,12.56
703650,atl,64.750,-33.750,998.50,998.08,10.00,2.17,45.46,47.47,0.00,0.00,10.78
703650,pac,51.500,192.250,985.79,985.60,7.22,0.94,29.15,36.31,0.00,0.00,4.11
703650,pac,51.000,227.750,984.09,983.24,19.66,5.80,58.00,58.00,0.00,17296.54,8.13
703650,pac,47.750,193.250,984.30,984.08,9.95,2.35,46.50,50.72,0.00,3900.49,4.34
703656,atl,65.500,-32.000,995.61,994.83,12.20,3.11,45.45,49.14,0.00,0.00,10.48
703656,atl,38.500,-77.750,1004.65,1004.47,5.90,1.34,35.24,41.17,0.00,0.00,4.49
703656,pac,51.750,227.750,992.28,991.65,14.66,4.58,50.27,50.27,0.00,467.75,6.62
703656,pac,48.500,196.250,985.65,985.47,8.94,2.12,40.24,43.19,0.00,0.00,3.55
703662,atl,65.500,-32.500,991.43,990.55,15.84,4.03,54.71,54.71,0.00,5971.92,9.50
703662,pac,52.500,228.000,999.55,999.02,10.66,3.46,46.40,46.40,0.00,0.00,6.36
703662,pac,50.000,160.250,985.48,985.17,16.39,3.69,48.83,52.39,0.00,13959.61,6.79
703662,pac,49.000,198.500,987.06,986.85,8.76,2.10,32.52,34.99,0.00,0.00,2.83
703668,atl,65.000,-34.000,993.45,992.88,13.84,3.36,61.21,61.21,0.00,11952.86,10.74
703668,pac,51.500,161.000,979.15,978.51,20.45,4.95,54.21,55.77,0.00,68400.34,9.48
703668,pac,49.000,200.000,989.21,988.99,8.46,2.00,31.22,31.69,0.00,0.00,2.95
703674,atl,65.750,-26.500,997.74,997.56,6.60,1.33,46.87,58.22,0.00,9274.75,12.73
703674,atl,64.250,-36.000,992.26,991.31,14.30,3.78,58.22,58.22,0.00,9930.98,8.87
703674,pac,52.250,161.250,971.91,971.16,24.40,6.17,61.24,61.24,0.00,79062.52,13.78
703674,pac,48.500,201.250,991.47,991.32,8.00,1.84,33.84,33.84,0.00,0.00,3.10
703680,atl,66.500,-20.750,999.83,999.46,4.75,1.10,44.75,44.75,0.00,0.00,12.09
703680,atl,65.500,-13.500,998.83,998.62,5.11,1.56,30.73,38.73,0.00,0.00,4.34
703680,atl,63.250,-37.250,993.22,992.46,13.93,3.75,53.24,53.24,0.00,3946.43,10.31
703680,pac,52.500,162.750,970.73,969.98,22.54,5.44,48.21,57.75,0.00,14518.34,12.13
703680,pac,51.500,215.500,998.74,998.49,4.58,1.11,35.28,35.28,0.00,0.00,3.37
703680,pac,47.500,203.000,994.25,994.15,7.15,1.52,34.99,34.99,0.00,0.00,3.02
703686,atl,66.250,-9.000,998.31,997.89,4.90,1.46,28.87,31.66,0.00,0.00,4.52
703686,atl,61.500,-38.500,992.38,991.85,13.08,3.61,54.95,54.95,0.00,10859.44,11.26
703686,atl,57.500,-26.500,996.73,996.47,6.29,1.41,37.94,38.06,0.00,0.00,4.04
703686,pac,53.250,164.250,968.78,967.92,20.12,4.70,45.25,50.71,0.00,2944.04,10.50
703686,pac,49.000,216.750,995.32,995.03,6.96,1.49,33.85,45.92,0.00,0.00,4.51
703686,pac,47.000,207.000,995.82,995.74,4.97,0.80,26.95,35.07,0.00,0.00,3.18
703692,atl,60.500,-21.250,991.87,991.48,10.10,2.38,41.34,41.92,0.00,0.00,4.93
703692,atl,59.500,-38.000,993.76,993.03,10.88,2.69,51.11,51.11,0.00,3500.73,8.23
703692,atl,59.500,-25.500,990.66,989.96,9.14,2.08,35.48,41.77,0.00,0.00,4.93
703692,atl,59.000,-32.000,993.12,993.00,6.93,1.03,24.16,51.05,0.00,1571.73,7.10
703692,pac,53.500,166.000,967.38,966.68,17.99,4.18,45.44,53.14,0.00,38277.77,7.79
703692,pac,52.250,217.500,991.54,991.31,10.29,2.19,37.95,41.86,0.00,0.00,4.60
703698,atl,62.750,-20.000,989.47,988.72,11.01,2.60,39.83,39.98,0.00,0.00,10.36
703698,atl,60.750,-26.250,984.96,983.14,12.65,3.48,39.98,39.98,0.00,0.00,8.57
703698,pac,57.250,166.250,967.42,966.98,18.65,3.49,63.13,73.52,8477.02,83232.52,13.29
703698,pac,55.250,216.750,989.41,989.12,13.07,2.59,39.06,51.26,0.00,2888.88,10.36
703698,pac,54.250,168.750,965.57,965.04,16.36,3.61,48.80,54.77,0.00,35421.41,9.10
703704,atl,63.500,-22.500,988.25,987.91,12.02,2.65,44.22,53.52,0.00,10598.97,7.83
703704,atl,61.000,-27.250,983.56,982.05,14.54,3.90,52.56,52.56,0.00,2598.88,7.83
703704,pac,58.000,215.000,988.49,988.25,13.37,3.11,55.17,58.05,0.00,27002.01,15.84
703704,pac,56.500,164.500,966.27,965.53,19.73,4.36,58.01,63.63,0.00,32309.87,14.70
703704,pac,55.750,169.750,967.58,967.13,15.98,3.11,44.38,66.59,772.77,28248.48,9.97
703710,atl,64.500,-24.500,986.67,986.30,13.83,3.51,59.79,61.26,0.00,81717.53,8.16
703710,atl,60.250,-27.500,981.54,980.48,14.90,4.42,50.45,50.45,0.00,380.53,6.82
703710,pac,62.000,219.500,995.49,994.74,10.60,2.04,53.29,53.29,0.00,2693.00,23.73
703710,pac,59.250,212.500,986.01,985.65,15.17,3.63,53.29,53.29,0.00,2693.00,15.87
703710,pac,55.750,165.500,969.71,968.95,17.16,3.52,53.83,53.83,0.00,13560.04,15.26
703716,atl,64.500,-28.000,984.76,983.94,17.22,4.98,61.86,61.86,0.00,92547.97,13.25
703716,atl,59.500,-26.750,982.72,981.90,14.68,4.38,50.16,50.16,0.00,1188.23,7.00
703716,pac,60.000,211.750,990.15,989.50,11.04,2.68,43.11,48.58,0.00,0.00,13.10
703716,pac,57.500,186.500,987.84,987.45,7.86,1.79,36.30,41.35,0.00,0.00,4.30
703716,pac,56.000,165.500,975.93,975.60,15.53,3.58,47.80,52.19,0.00,1949.41,13.83
703716,pac,56.000,191.250,987.60,987.24,9.50,2.19,41.35,44.52,0.00,0.00,4.80
703722,atl,63.750,-29.250,982.94,982.09,17.03,4.85,54.28,58.91,0.00,63996.45,9.40
703722,atl,59.500,-24.500,983.88,982.96,12.64,3.98,49.49,49.49,0.00,0.00,6.69
703722,atl,51.500,-14.500,997.82,997.63,5.20,1.38,35.30,35.30,0.00,0.00,3.33
703722,atl,50.750,-58.750,1004.32,1003.97,6.38,1.13,23.98,31.02,0.00,0.00,3.49
703722,pac,63.500,218.750,995.39,994.56,9.43,2.31,46.85,47.07,0.00,0.00,18.67
703722,pac,62.750,211.000,991.97,990.76,9.71,2.43,37.24,40.73,0.00,0.00,13.88
703722,pac,56.750,194.500,985.36,984.91,11.07,2.61,36.49,40.52,0.00,0.00,5.54
703722,pac,55.500,166.250,980.64,980.06,13.79,3.12,46.42,52.15,0.00,1961.05,13.85
703728,atl,63.750,-28.750,983.32,982.68,16.72,4.59,56.17,58.26,0.00,50119.17,7.79
703728,atl,60.500,-22.500,989.47,989.10,7.22,2.14,40.39,43.42,0.00,0.00,6.12
703728,atl,52.500,-13.250,995.38,995.03,8.00,2.23,36.50,36.50,0.00,0.00,5.33
703728,atl,51.750,-53.250,1001.42,1001.29,8.40,1.55,32.81,38.30,0.00,0.00,4.71
703728,atl,46.000,-78.500,1003.50,1003.05,8.30,2.07,28.24,28.24,0.00,0.00,4.54
703728,pac,64.750,228.250,998.38,996.59,6.26,1.96,41.98,43.28,0.00,0.00,15.95
703728,pac,64.500,218.750,994.18,993.20,11.43,3.30,49.41,49.41,0.00,0.00,18.43
703728,pac,64.250,215.000,993.27,992.86,11.50,3.17,49.41,49.41,0.00,0.00,18.43
703728,pac,63.750,235.750,997.70,997.24,6.52,1.72,41.47,41.98,0.00,0.00,15.56
703728,pac,57.750,196.000,984.98,984.28,11.96,2.98,44.03,44.03,0.00,0.00,6.21
703728,pac,55.250,165.750,985.48,984.99,13.04,3.18,40.67,47.08,0.00,0.00,12.01
703728,pac,41.750,224.500,1003.97,1003.57,11.24,2.94,44.23,44.23,0.00,0.00,4.68
703734,atl,64.000,-29.500,983.07,982.72,16.76,4.68,52.46,56.65,0.00,24236.32,7.72
703734,atl,55.000,-12.000,993.84,993.41,8.85,2.44,45.95,45.95,0.00,0.00,5.25
703734,atl,52.500,-50.250,996.93,996.76,8.95,1.84,31.17,39.10,0.00,0.00,3.32
703734,atl,47.250,-76.000,1002.49,1002.19,8.55,2.04,26.09,30.15,0.00,0.00,4.24
703734,pac,64.750,219.750,998.14,997.53,8.66,2.61,43.73,43.73,0.00,0.00,18.04
703734,pac,64.500,214.500,997.64,997.12,7.77,2.10,43.73,43.73,0.00,0.00,18.04
703734,pac,58.500,197.250,983.61,982.96,13.63,3.77,45.38,45.38,0.00,0.00,6.70
703734,pac,54.750,165.750,990.35,989.92,11.88,2.91,39.93,43.51,0.00,0.00,10.85
703734,pac,46.250,178.500,1002.68,1001.60,9.14,2.85,50.90,50.90,0.00,4898.70,4.63
703734,pac,42.750,223.500,1000.02,998.70,16.16,4.50,57.41,57.41,0.00,33676.03,8.12
703740,atl,64.250,-30.750,984.82,984.32,15.14,4.37,55.47,55.47,0.00,21183.67,8.24
703740,atl,63.250,-20.500,991.84,991.56,4.69,0.88,33.71,48.55,0.00,0.00,5.46
703740,atl,61.500,-11.750,993.38,992.94,7.50,1.95,37.63,40.89,0.00,0.00,5.46
703740,atl,52.500,-46.000,993.35,993.26,9.93,1.68,38.37,43.71,0.00,0.00,4.68
703740,atl,48.250,-71.750,1002.35,1002.01,7.31,1.68,29.98,33.09,0.00,0.00,4.15
703740,pac,65.250,220.250,1002.76,1002.04,6.29,2.04,29.00,39.03,0.00,0.00,15.00
703740,pac,64.500,212.750,1001.12,999.67,5.16,1.56,39.03,39.03,0.00,0.00,14.17
703740,pac,64.250,232.000,1003.09,1001.33,4.42,1.83,28.12,28.90,0.00,0.00,15.46
703740,pac,62.250,237.750,1001.83,1001.17,4.42,1.60,28.90,28.90,0.00,0.00,15.46
703740,pac,59.750,197.750,985.42,984.99,13.44,3.64,45.09,45.09,0.00,0.00,7.47
703740,pac,54.000,166.500,995.83,995.43,10.75,2.60,43.37,43.74,0.00,0.00,9.07
703740,pac,47.500,184.000,996.84,995.89,12.85,4.15,53.85,54.26,0.00,53949.84,7.54
703740,pac,41.500,224.500,997.72,997.04,16.14,4.03,64.88,64.88,1740.77,87899.36,9.42
703746,atl,65.250,-12.250,990.60,990.33,9.28,2.23,38.46,44.64,0.00,0.00,4.62
703746,atl,64.500,-32.750,984.50,983.68,14.04,4.19,51.72,51.72,0.00,5392.00,10.63
703746,atl,53.000,-41.500,988.14,987.64,12.83,3.06,37.51,44.02,0.00,0.00,5.52
703746,atl,48.250,-68.000,1002.06,1001.79,6.20,1.14,38.48,40.65,0.00,0.00,4.06
703746,pac,61.250,197.250,986.50,986.07,13.22,3.24,41.10,41.10,0.00,0.00,6.76
703746,pac,48.750,188.750,990.71,990.44,14.88,4.61,56.23,56.23,0.00,25786.87,8.39
703746,pac,41.000,225.500,997.59,997.24,15.87,3.99,56.84,56.84,0.00,82927.47,8.17
703752,atl,68.250,-14.000,986.20,985.74,13.50,3.43,49.29,49.29,0.00,0.00,14.41
703752,atl,64.500,-33.250,985.68,984.93,12.85,4.08,53.27,53.27,0.00,5130.43,11.24
703752,atl,54.000,-37.750,985.51,984.90,14.02,3.42,40.59,41.25,0.00,0.00,5.15
703752,atl,46.750,-62.750,1001.28,1001.10,7.17,1.60,30.47,31.31,0.00,0.00,3.55
703752,pac,64.250,209.750,1001.04,1000.49,4.34,1.47,32.83,43.37,0.00,0.00,13.09
703752,pac,63.500,220.500,1004.95,1004.74,6.06,1.76,31.33,35.46,0.00,0.00,13.92
703752,pac,62.250,196.750,989.30,989.01,12.45,2.95,42.03,45.66,0.00,0.00,5.26
703752,pac,49.750,192.500,985.60,985.21,17.52,4.97,57.34,57.34,0.00,31606.31,8.76
703752,pac,42.000,227.500,994.80,994.16,16.13,3.87,50.05,53.48,0.00,29175.90,5.80
703758,atl,64.750,-33.000,984.96,984.18,12.16,4.16,51.33,51.33,0.00,3525.07,11.54
703758,atl,54.750,-36.000,984.63,984.24,12.66,2.94,40.81,41.82,0.00,0.00,4.78
703758,atl,46.500,-59.000,996.19,995.78,11.73,2.92,38.06,41.24,0.00,0.00,6.66
703758,atl,44.250,-5.250,1004.04,1003.88,8.45,1.77,37.99,37.99,0.00,0.00,9.56
703758,pac,65.500,217.000,1004.00,1003.68,6.05,1.57,24.84,25.21,0.00,0.00,13.57
703758,pac,63.500,196.250,991.25,990.95,12.52,3.09,40.44,44.94,0.00,0.00,5.96
703758,pac,50.500,195.000,982.26,981.76,18.15,4.78,53.34,53.34,0.00,15315.75,7.51
703758,pac,43.500,229.000,996.16,995.68,13.77,3.34,44.38,45.93,0.00,0.00,4.86
703764,atl,65.250,-32.000,988.49,988.03,8.40,3.21,44.24,44.24,0.00,0.00,8.60
703764,atl,62.750,-73.000,979.17,978.97,13.60,2.60,43.27,50.75,0.00,1179.53,6.74
703764,atl,55.750,-34.500,984.33,984.11,11.92,2.81,38.38,45.42,0.00,0.00,4.74
703764,atl,45.750,-51.500,992.43,992.01,13.69,3.04,42.68,46.67,0.00,0.00,6.44
703764,atl,43.500,-4.250,1004.30,1003.61,7.94,1.77,44.43,46.07,0.00,0.00,10.30
703764,pac,64.000,195.750,994.21,993.56,11.14,2.82,41.57,42.77,0.00,0.00,5.50
703764,pac,51.000,196.250,980.45,980.05,17.78,4.39,50.80,50.80,0.00,4585.67,6.87
703764,pac,49.000,227.250,997.85,997.65,7.76,1.95,32.29,38.54,0.00,0.00,4.78
703764,pac,45.000,230.500,998.09,997.82,10.30,2.46,44.49,48.24,0.00,0.00,4.47
703770,atl,66.500,-29.250,991.61,991.31,4.71,1.91,33.69,41.17,0.00,0.00,9.69
703770,atl,63.250,-71.250,979.69,979.57,12.46,2.52,36.39,51.31,0.00,1185.34,9.05
703770,atl,59.000,-31.000,984.85,984.62,11.00,2.42,42.09,47.16,0.00,0.00,4.81
703770,atl,46.000,-45.500,987.53,986.65,16.08,3.55,57.41,60.44,0.00,39003.25,7.06
703770,atl,31.250,-4.500,1004.63,1003.81,7.46,2.78,34.66,34.66,0.00,0.00,17.00
703770,pac,65.000,196.500,997.41,997.04,9.09,2.09,38.04,38.04,0.00,0.00,6.86
703770,pac,53.000,227.250,998.51,998.18,6.01,1.83,36.36,36.36,0.00,0.00,6.74
703770,pac,52.000,236.500,1000.15,999.56,6.40,2.44,28.58,35.05,0.00,0.00,11.95
703770,pac,50.500,197.000,981.34,981.02,15.82,3.84,49.34,49.34,0.00,0.00,6.19
703770,pac,48.250,207.000,989.65,989.07,9.56,2.55,47.77,47.77,0.00,0.00,4.31
703776,atl,63.250,-69.500,982.45,982.12,11.02,2.48,37.41,47.79,0.00,0.00,9.96
703776,atl,63.000,-60.250,982.31,982.14,10.07,2.52,38.92,52.53,0.00,1577.54,12.57
703776,atl,60.750,-29.250,986.20,985.97,10.65,2.32,42.74,52.61,0.00,4949.76,5.99
703776,atl,46.750,-40.500,986.15,985.36,16.00,3.52,53.95,61.68,0.00,71562.37,6.87
703776,atl,42.750,-78.500,994.54,993.67,9.98,2.48,45.36,45.36,0.00,0.00,8.42
703776,pac,64.500,194.750,1001.40,1000.94,4.62,1.11,32.79,32.79,0.00,0.00,3.80
703776,pac,62.250,224.000,997.26,996.97,6.27,1.79,22.05,22.09,0.00,0.00,8.34
703776,pac,59.000,228.000,996.94,996.38,4.85,1.42,27.81,35.33,0.00,0.00,6.67
703776,pac,56.000,226.500,997.59,997.03,4.48,1.48,35.33,35.33,0.00,0.00,6.48
703776,pac,54.750,236.750,997.37,997.03,6.69,1.79,27.15,32.66,0.00,0.00,8.06
703776,pac,50.000,207.500,980.60,979.50,15.46,4.67,48.41,48.41,0.00,0.00,7.46
703776,pac,49.500,161.250,989.13,988.79,12.99,2.73,45.04,45.50,0.00,0.00,4.68
703776,pac,49.500,198.750,983.93,983.70,12.51,2.92,51.43,52.31,0.00,11398.02,5.72
703782,atl,64.250,-57.000,982.08,981.87,11.26,2.94,44.16,44.16,0.00,0.00,8.91
703782,atl,63.500,-68.750,984.91,984.47,9.86,2.67,35.87,43.04,0.00,0.00,10.35
703782,atl,62.000,-27.750,987.36,987.11,10.11,2.26,38.00,48.00,0.00,0.00,8.53
703782,atl,46.250,-40.250,987.16,986.76,15.60,3.17,68.07,68.07,26597.76,217128.88,8.59
703782,pac,62.750,223.250,995.83,995.48,6.70,1.71,12.78,18.13,0.00,0.00,7.17
703782,pac,59.500,227.750,995.67,995.33,5.63,1.52,21.56,22.03,0.00,0.00,6.43
703782,pac,59.500,231.750,997.31,996.81,4.33,0.80,21.34,22.76,0.00,0.00,7.36
703782,pac,58.000,237.500,996.85,996.44,6.64,1.57,24.43,25.85,0.00,0.00,9.23
703782,pac,50.750,207.250,978.33,977.40,16.18,4.68,44.44,44.44,0.00,0.00,6.51
703782,pac,50.500,166.500,987.34,986.99,12.69,2.51,39.79,39.88,0.00,0.00,4.20
703788,atl,66.500,-24.250,989.37,989.10,9.73,2.00,36.47,42.86,0.00,0.00,13.62
703788,atl,66.000,-55.000,984.06,983.51,10.60,2.80,44.70,44.70,0.00,0.00,12.31
703788,atl,63.250,-67.750,987.06,986.68,9.25,2.69,42.02,42.02,0.00,0.00,12.31
703788,atl,62.250,-26.250,990.42,990.22,8.98,2.32,33.59,42.15,0.00,0.00,5.25
703788,atl,48.000,-77.500,991.84,991.59,7.62,1.47,30.99,41.02,0.00,0.00,6.35
703788,atl,44.750,-37.000,987.62,986.99,16.74,3.01,66.63,66.73,23670.31,212752.02,8.13
703788,pac,61.500,227.750,996.19,995.75,6.74,1.71,28.00,29.35,0.00,0.00,8.27
703788,pac,58.250,238.500,996.16,995.86,8.11,2.01,36.44,36.44,0.00,0.00,9.83
703788,pac,53.000,214.500,988.26,987.67,8.91,2.21,45.26,46.51,0.00,0.00,4.42
703788,pac,51.000,170.250,987.00,986.58,11.86,2.51,38.70,38.70,0.00,0.00,4.09
703788,pac,50.750,206.000,979.70,979.04,14.80,3.96,40.14,40.14,0.00,0.00,5.29
703794,atl,68.000,-51.500,985.81,985.60,9.20,2.65,40.51,43.01,0.00,0.00,8.06
703794,atl,63.000,-60.250,987.44,987.09,8.06,1.86,36.05,45.16,0.00,0.00,9.07
703794,atl,63.000,-23.500,992.12,992.00,8.77,2.41,40.62,40.62,0.00,0.00,7.50
703794,atl,50.250,-73.000,989.86,989.66,9.95,1.91,31.41,47.46,0.00,0.00,6.69
703794,atl,43.750,-36.750,990.67,989.80,15.87,3.44,58.30,58.30,0.00,161161.16,6.91
703794,pac,63.250,232.500,997.16,996.79,7.46,1.66,32.68,39.73,0.00,0.00,7.36
703794,pac,62.750,229.500,997.53,996.86,6.95,1.77,38.07,39.73,0.00,0.00,7.36
703794,pac,54.750,214.250,985.40,984.73,12.66,3.65,41.77,42.17,0.00,0.00,5.56
703794,pac,51.000,175.000,986.56,986.15,11.29,2.50,36.06,40.14,0.00,0.00,3.99
703794,pac,50.250,206.000,982.49,981.99,13.19,3.43,37.08,39.45,0.00,0.00,4.76
703800,atl,68.750,-17.750,992.46,992.32,7.52,1.55,35.21,37.02,0.00,0.00,13.68
703800,atl,67.000,-51.750,983.96,983.55,11.40,3.16,43.51,43.51,0.00,0.00,8.50
703800,atl,65.500,-55.000,984.22,983.73,11.11,2.73,43.51,43.51,0.00,0.00,8.56
703800,atl,55.500,-63.750,991.43,991.17,8.35,2.11,29.10,39.77,0.00,0.00,7.30
703800,atl,51.250,-70.000,990.61,990.26,9.89,2.21,34.22,43.00,0.00,0.00,8.01
703800,atl,49.500,-65.750,992.08,991.54,7.99,1.65,45.29,45.29,0.00,0.00,8.01
703800,atl,44.000,-79.750,998.64,998.37,7.33,2.01,38.31,38.31,0.00,0.00,4.66
703800,atl,43.500,-70.750,995.80,995.59,5.37,1.65,33.05,43.41,0.00,0.00,4.84
703800,atl,43.000,-35.500,995.57,994.71,14.31,3.27,56.42,57.12,0.00,118224.43,5.55
703800,pac,61.500,238.250,998.09,997.29,6.62,1.71,42.20,42.20,0.00,0.00,9.32
703800,pac,55.750,212.750,983.44,982.67,13.94,4.22,41.97,41.97,0.00,0.00,5.44
703800,pac,51.250,179.500,985.24,984.81,11.98,2.77,37.41,38.75,0.00,0.00,3.95
703800,pac,49.250,207.000,984.13,983.73,11.72,2.98,38.34,38.34,0.00,0.00,4.10
703806,atl,56.500,-58.500,991.76,991.55,8.14,1.77,42.35,42.56,0.00,0.00,7.48
703806,atl,52.750,-65.000,992.12,991.87,8.71,1.76,34.35,43.63,0.00,0.00,6.83
703806,atl,42.750,-35.500,997.85,997.22,13.63,3.14,48.72,53.11,0.00,25350.42,4.96
703806,pac,62.250,220.250,997.77,997.18,4.76,1.34,33.22,33.22,0.00,0.00,9.65
703806,pac,56.500,211.750,983.32,982.77,13.53,4.13,42.03,42.03,0.00,0.00,5.92
703806,pac,54.250,160.000,1003.95,1003.69,4.52,1.21,27.67,30.84,0.00,0.00,7.48
703806,pac,51.500,184.500,982.31,981.68,13.37,3.33,39.27,40.83,0.00,0.00,4.44
703806,pac,49.000,209.500,986.05,985.73,10.18,2.45,41.06,41.06,0.00,0.00,4.04
703806,pac,42.750,197.750,996.36,995.99,6.01,1.51,35.04,41.30,0.00,0.00,3.67
703812,atl,60.750,-51.250,992.84,992.67,7.77,1.90,37.83,40.85,0.00,0.00,11.44
703812,atl,51.750,-64.000,993.97,993.60,10.18,2.23,31.37,35.80,0.00,0.00,7.00
703812,atl,41.750,-37.000,1002.20,1001.65,12.40,2.85,45.58,46.34,0.00,0.00,4.01
703812,pac,63.000,222.500,997.88,997.48,6.75,2.10,34.88,34.88,0.00,0.00,10.53
703812,pac,58.000,171.000,1001.26,1000.98,4.19,1.18,28.71,31.19,0.00,0.00,5.70
703812,pac,56.500,210.000,984.90,984.48,11.64,3.56,38.35,38.35,0.00,0.00,5.33
703812,pac,53.500,161.250,1003.97,1003.89,4.97,1.35,31.81,33.57,0.00,0.00,6.75
703812,pac,51.500,188.250,981.14,980.58,14.12,3.74,44.27,44.27,0.00,0.00,5.84
703812,pac,50.000,225.500,1000.51,1000.09,6.84,1.96,47.98,50.28,0.00,456.95,6.13
703812,pac,49.250,212.250,988.15,987.92,8.18,1.92,41.55,41.55,0.00,0.00,3.77
703812,pac,41.500,203.250,995.39,995.03,7.74,1.97,37.24,40.10,0.00,0.00,3.90
703818,atl,55.250,-54.750,998.66,998.52,7.58,1.71,36.00,37.87,0.00,0.00,7.82
703818,atl,52.000,-61.750,996.30,995.72,10.64,3.21,31.62,34.03,0.00,0.00,8.28
703818,atl,40.500,-38.500,1004.34,1003.87,11.21,2.62,42.24,42.41,0.00,0.00,3.64
703818,pac,63.750,223.750,999.08,998.65,5.58,1.90,29.12,29.12,0.00,0.00,10.57
703818,pac,58.000,172.500,999.78,999.46,4.94,1.25,31.16,33.17,0.00,0.00,5.76
703818,pac,56.000,209.000,984.92,984.52,10.15,3.13,35.81,35.81,0.00,0.00,4.82
703818,pac,53.750,226.000,995.38,994.73,8.62,3.02,54.19,54.19,0.00,8794.49,6.97
703818,pac,51.000,192.250,982.39,982.09,11.70,2.96,43.94,43.94,0.00,0.00,4.79
703818,pac,50.250,214.750,989.57,989.45,7.09,1.61,42.69,42.69,0.00,0.00,3.83
703818,pac,42.000,206.750,996.30,995.99,6.43,1.70,38.06,39.60,0.00,0.00,3.42
703824,atl,64.750,-35.500,997.51,997.36,6.13,1.42,39.23,45.22,0.00,0.00,15.53
703824,atl,64.250,-42.750,996.53,995.39,7.06,1.92,41.12,42.37,0.00,0.00,15.53
703824,atl,57.500,-50.500,1003.10,1002.90,6.88,1.51,34.96,37.74,0.00,0.00,5.53
703824,atl,51.250,-59.750,1002.96,1002.45,7.86,2.03,29.06,33.58,0.00,0.00,6.98
703824,atl,45.250,-63.250,1004.05,1003.90,4.13,0.85,24.54,28.44,0.00,0.00,3.42
703824,pac,64.500,212.750,997.04,996.26,4.03,1.28,20.00,25.41,0.00,0.00,10.56
703824,pac,64.000,234.750,999.96,999.40,6.54,1.84,21.63,23.17,0.00,0.00,9.59
703824,pac,58.250,174.500,998.22,997.93,5.97,1.49,35.79,36.75,0.00,0.00,7.40
703824,pac,57.000,224.750,993.62,992.85,6.51,2.36,47.07,47.07,0.00,0.00,8.40
703824,pac,55.750,208.500,985.65,985.28,7.82,2.42,38.45,38.45,0.00,0.00,4.34
703824,pac,50.750,195.750,983.64,983.31,9.44,2.16,42.04,42.04,0.00,0.00,4.05
703824,pac,42.750,210.750,995.65,995.34,6.67,1.73,41.09,41.09,0.00,0.00,3.57
703830,atl,67.250,-34.500,994.58,993.31,6.17,2.20,39.43,39.45,0.00,0.00,12.18
703830,atl,64.250,-42.250,998.16,997.54,7.67,2.42,38.32,40.82,0.00,0.00,11.72
703830,atl,45.000,-56.500,1001.77,1001.48,7.49,1.77,36.53,37.12,0.00,0.00,5.02
703830,pac,62.250,235.750,998.60,998.44,6.01,1.08,31.15,39.45,0.00,0.00,9.27
703830,pac,62.000,224.500,994.37,994.02,6.82,1.86,37.98,39.45,0.00,0.00,10.49
703830,pac,61.500,228.250,995.17,994.41,7.16,1.65,39.45,39.45,0.00,0.00,10.49
703830,pac,58.500,175.750,998.24,997.98,6.05,1.63,41.81,41.81,0.00,0.00,8.21
703830,pac,55.750,207.750,985.28,984.93,6.39,2.05,32.53,32.53,0.00,0.00,4.09
703830,pac,50.750,198.000,981.62,981.30,9.60,2.29,43.55,43.55,0.00,0.00,4.56
703830,pac,44.000,214.500,995.37,994.98,6.90,1.98,42.32,42.33,0.00,0.00,3.80
703836,atl,67.250,-78.750,1004.73,1004.65,7.04,1.65,20.77,24.80,0.00,0.00,4.77
703836,atl,66.750,-34.000,996.19,995.53,7.41,2.82,35.18,43.38,0.00,0.00,18.33
703836,atl,62.500,-43.000,1000.64,999.31,10.66,3.25,46.81,46.81,0.00,0.00,12.41
703836,atl,47.750,-55.500,1000.07,999.66,10.68,2.36,39.51,39.51,0.00,0.00,4.75
703836,pac,63.750,226.000,996.08,995.58,6.37,2.37,31.69,31.69,0.00,0.00,10.27
703836,pac,62.250,236.000,997.16,996.41,7.35,1.76,29.87,31.69,0.00,0.00,8.47
703836,pac,60.250,175.250,999.23,998.27,8.60,3.25,48.06,48.06,0.00,0.00,9.68
703836,pac,55.500,206.000,983.77,983.58,4.92,1.43,32.70,32.70,0.00,0.00,4.27
703836,pac,50.500,204.250,977.73,977.35,10.27,2.19,45.65,48.55,0.00,0.00,4.83
703836,pac,46.250,217.750,991.20,990.70,8.07,2.31,42.85,42.85,0.00,0.00,5.19
703842,atl,68.500,-26.500,989.84,989.32,10.26,3.13,40.89,42.53,0.00,0.00,15.58
703842,atl,61.500,-42.750,1004.60,1003.48,10.17,3.12,44.10,50.94,0.00,952.17,13.38
703842,atl,50.250,-54.250,999.23,998.74,13.26,3.17,43.59,43.59,0.00,0.00,6.04
703842,pac,63.500,239.250,996.49,996.36,8.62,1.62,31.42,34.57,0.00,0.00,7.97
703842,pac,59.750,175.500,1001.03,1000.00,8.82,3.26,48.34,48.34,0.00,0.00,9.94
703842,pac,50.750,206.750,975.39,975.11,11.55,2.43,41.62,50.08,0.00,527.03,4.99
703848,atl,52.250,-54.000,998.84,998.34,15.30,4.22,43.22,43.26,0.00,0.00,7.26
703848,pac,64.500,213.000,996.53,995.93,4.69,1.19,18.42,30.49,0.00,0.00,11.23
703848,pac,63.250,237.250,998.66,998.29,4.88,1.13,29.87,30.70,0.00,0.00,10.88
703848,pac,59.250,176.500,1002.99,1002.45,8.60,3.12,39.99,39.99,0.00,0.00,6.38
703848,pac,51.000,208.750,973.59,973.35,12.05,2.59,39.18,45.69,0.00,0.00,4.52
703854,atl,54.250,-54.250,997.61,997.16,15.34,4.54,40.76,40.76,0.00,0.00,7.70
703854,pac,51.000,211.750,973.53,973.46,10.23,1.82,40.04,43.91,0.00,0.00,4.73
703860,atl,57.000,-53.500,997.34,997.11,14.61,3.85,43.98,43.98,0.00,0.00,7.09
703860,atl,46.250,-50.000,1004.81,1004.48,8.81,2.15,34.60,34.93,0.00,0.00,3.84
703860,pac,55.750,212.500,970.53,969.97,13.71,3.30,44.21,56.49,0.00,16649.54,6.98
703866,atl,65.250,9.250,976.42,976.34,10.40,2.81,41.61,51.69,0.00,5133.46,7.75
703866,atl,61.500,-52.000,998.55,998.22,12.20,2.93,53.05,53.05,0.00,7777.48,25.33
703866,atl,48.000,-49.500,1004.67,1004.43,9.63,2.52,33.23,33.23,0.00,0.00,4.31
703866,pac,54.750,211.500,968.65,967.97,14.22,3.67,46.16,47.07,0.00,0.00,6.74
703872,atl,68.500,-48.250,999.05,998.21,16.89,4.59,40.09,55.46,0.00,18236.64,31.26
703872,pac,54.250,212.250,968.87,968.25,14.62,3.87,45.10,45.10,0.00,0.00,5.71
703872,pac,44.000,163.250,996.68,996.51,12.47,2.73,50.81,50.81,0.00,2811.99,5.60
703878,atl,53.500,-49.500,1003.57,1003.22,10.70,2.78,34.30,34.30,0.00,0.00,4.19
703878,pac,53.750,213.500,971.40,970.77,13.96,3.70,42.69,42.69,0.00,0.00,4.76
703878,pac,47.000,172.000,993.97,993.44,10.10,2.21,35.91,42.26,0.00,0.00,5.52
703884,atl,66.000,8.000,985.70,985.11,8.56,2.43,49.69,52.92,0.00,2773.52,6.48
703884,atl,56.750,-49.500,1000.96,1000.65,13.10,3.13,35.54,41.46,0.00,0.00,11.43
703884,pac,62.000,220.250,983.25,982.76,7.98,2.07,39.40,41.57,0.00,0.00,13.68
703884,pac,58.500,236.000,989.23,988.26,8.20,2.56,37.73,43.80,0.00,0.00,8.58
703884,pac,53.500,215.250,975.68,975.31,13.14,3.36,38.41,39.28,0.00,0.00,4.99
703884,pac,48.250,175.500,990.41,989.94,11.86,2.75,41.26,42.19,0.00,0.00,4.57
703890,atl,64.500,-47.250,996.59,996.08,16.38,5.95,50.39,50.39,0.00,1052.49,29.46
703890,atl,64.500,6.750,992.93,992.78,4.87,1.33,58.39,58.39,0.00,61285.17,7.13
703890,pac,62.500,220.500,984.40,984.03,8.97,2.80,28.65,39.13,0.00,0.00,11.20
703890,pac,62.250,209.500,987.51,986.58,5.96,1.41,19.55,39.13,0.00,0.00,10.06
703890,pac,62.000,233.250,990.34,989.95,6.64,1.09,34.74,42.17,0.00,0.00,9.51
703890,pac,61.000,239.250,989.19,988.59,10.12,2.28,34.74,42.17,0.00,0.00,8.51
703890,pac,53.750,217.500,981.43,981.10,11.88,2.95,35.95,39.43,0.00,0.00,4.38
703890,pac,48.750,177.000,986.36,985.91,13.80,3.26,39.74,40.39,0.00,0.00,5.04
703896,atl,57.000,-79.250,988.03,987.12,24.17,6.57,48.78,48.93,0.00,0.00,8.29
703896,pac,63.250,222.000,986.55,985.67,9.99,3.42,33.06,33.73,0.00,0.00,13.29
703896,pac,62.500,213.250,990.74,990.40,4.18,0.82,29.50,32.39,0.00,0.00,13.29
703896,pac,62.250,236.250,989.95,989.43,7.38,1.30,38.41,38.41,0.00,0.00,8.49
703896,pac,62.000,209.500,990.89,990.29,4.23,1.11,25.30,32.39,0.00,0.00,12.00
703896,pac,54.500,218.750,986.38,986.03,11.05,2.65,34.10,37.79,0.00,0.00,4.13
703896,pac,48.750,179.000,982.73,982.33,15.81,3.86,43.15,43.15,0.00,0.00,6.36
703902,atl,56.500,-78.750,988.71,987.58,23.92,7.16,46.38,46.38,0.00,0.00,9.90
703902,pac,65.000,239.500,989.05,988.66,11.97,2.85,40.89,40.89,0.00,0.00,8.30
703902,pac,63.500,221.500,989.62,988.83,9.19,3.08,22.68,32.02,0.00,0.00,13.05
703902,pac,63.250,233.250,991.86,990.79,6.53,1.24,29.75,39.48,0.00,0.00,8.86
703902,pac,55.250,219.750,990.46,990.12,9.92,2.42,31.37,36.88,0.00,0.00,6.42
703902,pac,49.000,182.000,980.92,980.78,15.58,3.35,46.30,46.30,0.00,0.00,6.75
703908,atl,68.500,-36.000,1003.74,1002.83,8.24,2.72,35.85,35.85,0.00,0.00,18.91
703908,atl,56.750,-69.250,1003.36,1003.15,11.21,2.47,37.50,38.05,0.00,0.00,7.84
703908,atl,55.500,-77.250,999.07,997.64,15.28,4.40,44.98,44.98,0.00,0.00,6.26
703908,atl,43.750,7.250,994.16,992.82,10.10,2.89,49.52,49.52,0.00,0.00,15.90
703908,atl,42.250,9.750,993.82,993.19,9.27,1.60,49.52,49.52,0.00,0.00,15.90
703908,pac,63.500,226.500,995.19,994.32,5.94,2.17,25.18,28.86,0.00,0.00,11.46
703908,pac,63.250,222.750,994.55,994.27,6.55,2.29,20.30,32.77,0.00,0.00,11.46
703908,pac,63.250,233.500,995.83,994.58,4.26,0.94,28.86,39.19,0.00,0.00,9.70
703908,pac,58.000,212.000,994.00,993.74,4.44,1.27,25.54,32.77,0.00,0.00,7.14
703908,pac,56.000,220.750,993.62,993.39,8.36,2.24,32.83,32.83,0.00,0.00,7.21
703908,pac,52.750,169.750,1004.22,1003.82,4.48,1.34,35.81,38.54,0.00,0.00,3.73
703908,pac,49.250,185.000,978.40,978.23,15.24,2.85,47.79,50.05,0.00,534.38,6.61
703914,atl,67.500,-35.000,1001.51,999.93,10.02,3.23,43.74,46.65,0.00,0.00,16.59
703914,atl,41.250,1.750,1003.04,1002.44,4.51,1.88,44.25,46.84,0.00,0.00,12.81
703914,pac,63.750,226.500,998.22,997.63,5.35,1.97,24.47,28.04,0.00,0.00,10.83
703914,pac,57.000,221.000,997.94,997.77,5.37,1.75,34.78,34.78,0.00,0.00,10.12
703914,pac,51.250,191.000,977.06,976.86,11.61,1.93,44.42,50.33,0.00,501.87,5.90
703914,pac,43.750,238.500,1004.76,1004.21,5.93,1.81,32.65,34.57,0.00,0.00,9.05
703920,pac,63.750,216.750,997.20,996.84,5.08,1.70,24.36,31.49,0.00,0.00,11.51
703920,pac,52.000,194.000,973.94,973.61,12.13,2.46,45.56,45.56,0.00,0.00,5.47
703926,pac,54.750,202.000,966.42,966.05,16.54,3.91,50.71,50.71,0.00,1852.17,7.01
703932,atl,68.250,-29.750,991.75,990.88,19.54,5.82,70.47,70.47,6981.92,37790.06,18.36
703932,pac,55.000,203.000,962.72,962.25,18.01,4.35,45.97,59.32,0.00,3204.24,8.09
703932,pac,49.250,161.750,999.53,999.02,7.58,2.12,41.40,42.18,0.00,0.00,4.20
703932,pac,49.000,167.000,999.43,998.85,8.03,1.95,43.26,44.60,0.00,0.00,3.77
703938,atl,67.250,-27.250,1002.93,1002.36,8.41,1.84,51.52,52.15,0.00,1487.97,15.69
703938,atl,31.250,-70.250,1003.53,1003.18,5.46,1.26,36.02,41.11,0.00,0.00,2.99
703938,pac,55.750,204.750,963.64,963.10,17.11,4.08,47.65,47.65,0.00,0.00,6.79
703938,pac,49.000,162.250,1003.18,1002.79,4.51,1.43,27.73,33.24,0.00,0.00,3.62
703938,pac,48.500,176.000,998.60,997.87,9.77,2.57,45.15,45.45,0.00,0.00,4.12
703944,pac,56.750,205.750,968.87,968.35,14.11,3.34,44.92,44.92,0.00,0.00,7.03
703944,pac,47.750,181.000,1002.72,1002.07,6.94,2.04,43.94,47.14,0.00,0.00,3.86
703950,atl,34.250,-64.000,1000.88,1000.45,7.07,1.63,48.07,48.07,0.00,0.00,4.39
703950,atl,33.000,-67.250,1000.87,1000.67,5.09,1.04,39.25,48.07,0.00,0.00,4.39
703950,pac,63.500,217.500,984.65,984.46,7.95,2.07,34.27,39.97,0.00,0.00,13.56
703950,pac,57.750,206.500,972.19,971.64,12.74,3.10,40.65,42.74,0.00,0.00,10.46
703950,pac,46.500,164.000,1000.00,999.65,7.10,1.43,42.95,43.02,0.00,0.00,3.99
703950,pac,45.750,194.750,1002.12,1001.64,6.81,1.77,46.63,46.63,0.00,0.00,4.30
703956,atl,68.250,-79.750,992.73,992.48,13.21,2.45,35.34,39.39,0.00,0.00,7.83
703956,atl,37.000,-63.250,995.31,993.74,12.32,3.53,53.24,53.24,0.00,5515.63,7.32
703956,atl,32.500,-69.250,1000.28,1000.16,5.47,1.19,37.65,42.78,0.00,0.00,3.04
703956,pac,65.500,216.750,989.06,988.77,7.66,1.96,33.40,38.59,0.00,0.00,13.06
703956,pac,58.750,203.000,978.99,978.72,8.43,1.47,34.19,40.18,0.00,0.00,8.36
703956,pac,48.000,168.500,997.46,997.11,8.96,1.94,42.71,43.99,0.00,0.00,3.85
703956,pac,45.500,202.500,998.51,997.77,8.77,2.42,48.58,48.58,0.00,0.00,4.38
703962,atl,68.750,-78.750,992.90,992.62,13.45,2.80,38.98,43.21,0.00,0.00,8.93
703962,atl,68.000,-64.250,1000.85,1000.64,10.05,2.34,46.76,47.95,0.00,0.00,9.25
703962,atl,39.750,-63.250,991.02,989.04,16.84,5.14,53.24,53.24,0.00,7680.41,10.43
703962,atl,31.750,-67.000,998.69,998.56,6.05,1.23,37.99,38.54,0.00,0.00,5.84
703962,pac,65.750,232.250,996.24,995.47,8.43,1.97,31.49,41.85,0.00,0.00,11.18
703962,pac,65.500,217.500,993.57,993.15,5.00,1.30,26.06,34.00,0.00,0.00,12.95
703962,pac,59.250,202.250,983.02,982.85,7.54,1.33,33.86,37.09,0.00,0.00,8.55
703962,pac,49.500,174.250,994.00,993.59,10.62,2.37,39.52,41.89,0.00,0.00,3.82
703962,pac,46.250,208.000,993.61,992.49,12.67,3.59,50.74,50.74,0.00,2209.43,5.66
703962,pac,42.750,164.750,1003.29,1003.12,6.26,1.57,44.95,44.95,0.00,0.00,3.59
703968,atl,69.000,-79.000,995.22,994.97,13.05,3.12,41.59,41.80,0.00,0.00,8.89
703968,atl,67.250,-4.000,1003.36,1002.08,11.86,3.82,40.91,40.91,0.00,0.00,8.03
703968,atl,41.750,-64.750,987.76,985.82,19.54,5.77,63.99,63.99,0.00,71091.75,10.44
703968,pac,63.000,219.000,993.75,993.40,4.58,1.57,25.77,35.30,0.00,0.00,11.70
703968,pac,60.750,199.250,987.37,987.15,6.52,1.24,28.86,32.82,0.00,0.00,6.99
703968,pac,58.500,237.000,997.91,997.50,5.63,1.49,28.59,29.52,0.00,0.00,8.08
703968,pac,50.750,178.500,990.02,989.50,12.58,3.19,45.36,45.59,0.00,0.00,4.75
703968,pac,47.250,212.000,985.87,985.15,19.34,5.82,57.22,57.22,0.00,19346.05,10.09
703974,atl,68.500,-77.750,998.63,998.27,10.51,3.01,35.78,35.78,0.00,0.00,8.69
703974,atl,67.750,-0.250,999.37,998.67,14.56,4.79,55.25,55.25,0.00,10589.65,11.02
703974,atl,42.500,-66.500,987.39,986.17,17.55,4.59,49.98,53.70,0.00,1102.36,7.34
703974,atl,38.250,-61.500,992.70,992.37,7.52,1.78,34.85,45.77,0.00,0.00,4.65
703974,pac,64.000,217.250,994.78,994.51,5.63,1.46,19.78,25.52,0.00,0.00,11.86
703974,pac,61.250,198.750,989.78,989.56,6.12,1.44,22.61,23.79,0.00,0.00,6.04
703974,pac,60.500,238.250,995.83,995.57,7.88,1.87,29.93,35.65,0.00,0.00,8.51
703974,pac,51.250,182.000,985.78,985.05,14.22,3.83,40.04,41.99,0.00,0.00,5.58
703974,pac,47.750,215.250,985.76,985.12,20.28,5.81,60.02,60.02,0.00,50708.76,10.60
703980,atl,68.500,-60.000,1003.11,1002.99,8.54,2.16,44.06,44.06,0.00,0.00,12.03
703980,atl,68.250,-74.750,1003.83,1003.52,7.05,2.31,32.01,34.15,0.00,0.00,12.03
703980,atl,68.250,4.750,997.53,996.93,15.32,4.92,59.53,59.53,0.00,20173.61,11.40
703980,atl,41.750,-68.750,990.99,990.52,10.79,2.81,42.75,42.75,0.00,0.00,5.12
703980,atl,41.000,-61.250,990.32,989.21,12.04,2.81,47.22,48.49,0.00,0.00,5.63
703980,pac,64.750,218.000,997.97,997.68,6.81,2.11,20.35,21.27,0.00,0.00,9.52
703980,pac,64.500,212.750,998.35,998.09,4.69,1.08,17.69,21.27,0.00,0.00,9.52
703980,pac,61.500,198.000,993.29,993.13,5.05,1.26,18.74,22.31,0.00,0.00,4.94
703980,pac,51.250,184.750,984.46,983.86,14.31,3.82,47.38,47.38,0.00,0.00,6.29
703980,pac,48.750,217.750,984.65,983.91,20.52,5.44,62.77,62.77,0.00,69457.67,8.22
703986,atl,43.250,-64.250,991.06,990.27,12.24,2.68,45.82,48.98,0.00,0.00,7.96
703986,atl,39.750,-67.750,992.58,992.40,6.02,1.45,43.60,43.60,0.00,0.00,4.73
703986,atl,38.750,-78.750,1000.53,999.96,4.80,1.20,33.79,37.44,0.00,0.00,6.94
703986,atl,35.500,-64.500,995.12,993.68,6.57,2.01,71.81,71.81,4433.03,35695.21,5.62
703986,pac,65.000,219.000,1002.36,1002.05,5.43,1.59,24.52,27.73,0.00,0.00,11.66
703986,pac,51.500,191.500,982.86,982.24,14.20,3.20,48.71,53.91,0.00,34792.78,6.72
703986,pac,49.250,219.500,986.72,986.20,18.63,4.82,58.29,58.29,0.00,61708.55,7.10
703992,atl,42.250,-67.000,993.01,992.44,9.17,2.38,35.60,35.60,0.00,0.00,5.10
703992,atl,37.750,-61.000,994.97,992.95,7.37,2.22,56.03,56.03,0.00,23917.38,5.97
703992,atl,37.250,-78.000,1000.21,999.86,5.17,1.46,25.37,32.14,0.00,0.00,4.81
703992,pac,65.250,218.250,1004.81,1004.60,5.40,1.37,27.35,27.35,0.00,0.00,12.13
703992,pac,52.750,236.500,1004.40,1004.00,4.58,2.05,30.54,36.28,0.00,0.00,6.64
703992,pac,50.750,199.000,979.01,978.29,15.89,3.64,43.60,52.99,0.00,10528.14,5.78
703992,pac,50.000,221.750,987.82,987.40,16.79,4.16,57.20,57.20,0.00,51191.88,6.64
703998,atl,40.500,-60.500,991.76,989.41,10.88,3.25,47.98,50.29,0.00,1230.25,7.86
703998,atl,40.250,-67.000,997.10,996.73,5.10,1.49,35.86,47.04,0.00,0.00,6.96
703998,pac,53.750,236.750,1004.06,1003.64,5.17,1.80,31.48,38.72,0.00,0.00,7.75
703998,pac,51.000,223.500,990.83,990.43,13.31,3.44,50.77,50.77,0.00,3591.93,5.31
703998,pac,50.250,201.250,979.75,979.35,15.95,3.71,43.64,52.58,0.00,7476.18,7.01
704004,atl,41.000,-60.750,990.47,988.65,13.93,3.77,44.39,44.39,0.00,0.00,7.87
704004,pac,52.750,223.250,992.33,992.13,8.42,2.06,44.54,45.07,0.00,0.00,5.38
704004,pac,50.750,207.250,981.84,981.44,10.86,2.28,36.91,54.84,0.00,3644.54,6.61
704010,atl,66.000,-36.000,1000.98,1000.63,10.02,2.27,30.28,47.32,0.00,0.00,12.13
704010,atl,41.500,-59.750,992.93,991.84,13.59,3.37,40.47,40.89,0.00,0.00,5.89
704010,atl,39.250,-80.000,1003.21,1002.98,4.16,0.85,30.28,30.28,0.00,0.00,5.72
704010,pac,57.250,234.750,1004.89,1004.12,4.88,1.47,32.86,54.12,0.00,1745.22,7.36
704010,pac,50.500,214.750,981.32,980.74,10.29,2.19,32.94,37.46,0.00,0.00,4.01
704010,pac,45.250,164.000,984.74,984.33,15.55,3.24,45.80,51.65,0.00,15518.95,5.42
704016,atl,63.500,-31.750,995.53,995.35,12.89,1.79,44.11,65.90,2289.10,18842.95,19.39
704016,atl,42.250,-59.500,996.88,996.01,12.57,3.08,36.22,36.22,0.00,0.00,4.64
704016,atl,40.500,-79.750,1003.12,1002.87,5.02,1.10,25.37,26.06,0.00,0.00,4.96
704016,atl,36.750,-79.250,1002.90,1002.56,4.00,0.79,25.11,28.76,0.00,0.00,4.30
704016,pac,62.750,221.250,1000.46,1000.17,8.25,2.39,20.71,34.35,0.00,0.00,10.06
704016,pac,51.250,215.750,980.38,979.93,12.97,2.95,27.41,37.41,0.00,0.00,4.25
704016,pac,47.250,167.500,979.55,979.16,18.16,3.86,46.20,51.50,0.00,14627.36,5.68
704022,atl,64.000,-29.000,988.13,987.92,16.81,3.10,46.22,51.18,0.00,4845.73,10.88
704022,atl,42.250,-60.000,999.04,998.43,10.84,2.53,37.59,37.63,0.00,0.00,3.97
704022,atl,40.500,-79.500,1004.11,1003.98,5.05,1.22,22.15,25.13,0.00,0.00,3.74
704022,atl,36.750,-77.500,1004.36,1004.16,4.24,0.60,25.57,27.55,0.00,0.00,3.88
704022,atl,34.000,-5.000,1003.76,1003.24,5.04,1.41,38.89,38.89,0.00,0.00,8.89
704022,pac,63.250,218.000,1002.00,1001.76,6.92,2.07,18.54,32.88,0.00,0.00,9.13
704022,pac,50.750,215.750,982.23,981.94,12.89,2.88,32.83,43.69,0.00,0.00,4.67
704022,pac,49.750,172.500,976.25,975.94,19.01,3.68,47.90,52.19,0.00,21046.77,7.59
704028,atl,65.000,-28.750,985.41,985.08,19.93,4.20,63.19,64.62,877.82,76475.83,19.06
704028,atl,42.000,-58.250,1001.57,1001.30,10.18,2.02,37.05,37.05,0.00,0.00,4.58
704028,atl,33.000,-3.000,1003.76,1003.07,4.28,1.45,42.97,42.97,0.00,0.00,9.80
704028,pac,50.750,176.000,975.56,975.28,17.63,3.07,47.79,56.12,0.00,26481.63,6.87
704028,pac,49.750,217.250,985.61,985.24,11.80,2.67,40.04,46.04,0.00,0.00,4.14
704034,atl,64.750,-30.250,985.63,985.09,20.32,4.38,68.24,77.39,24886.34,100467.66,23.70
704034,atl,42.250,-57.250,1003.03,1002.83,9.72,1.94,31.69,36.32,0.00,0.00,4.20
704034,pac,51.750,180.500,974.93,974.75,15.90,2.79,43.88,51.36,0.00,9379.92,6.25
704034,pac,49.250,219.000,990.83,990.38,10.62,2.51,40.95,40.95,0.00,0.00,3.91
704040,atl,64.000,-30.500,989.70,989.44,17.00,4.03,68.65,73.40,28643.96,87472.14,13.00
704040,atl,42.750,-57.250,1004.32,1004.11,9.22,1.88,32.12,34.59,0.00,0.00,3.80
704040,pac,64.250,214.250,1004.89,1004.28,4.03,1.25,19.20,36.42,0.00,0.00,9.58
704040,pac,63.000,218.500,1004.54,1004.17,4.77,1.53,24.55,36.46,0.00,0.00,9.58
704040,pac,55.250,214.750,997.44,997.32,5.63,1.08,20.16,38.54,0.00,0.00,4.14
704040,pac,53.250,188.250,974.67,974.32,13.96,2.74,46.09,48.47,0.00,0.00,5.94
704040,pac,49.250,220.750,996.10,995.78,8.53,2.09,30.09,33.51,0.00,0.00,3.10
704046,atl,63.000,-29.750,991.33,991.03,14.73,3.52,58.16,61.95,0.00,58510.29,8.93
704046,atl,42.750,-57.250,1003.06,1002.90,8.35,1.68,29.69,31.55,0.00,0.00,3.37
704046,atl,31.000,6.250,1002.13,1001.68,7.22,1.81,26.22,30.18,0.00,0.00,4.83
704046,pac,63.250,217.000,1002.69,1002.39,5.25,1.58,23.65,39.80,0.00,0.00,8.68
704046,pac,53.500,190.500,974.29,974.01,13.09,2.49,45.67,45.67,0.00,0.00,5.61
704046,pac,49.250,222.000,1000.88,1000.75,6.12,1.48,27.16,31.04,0.00,0.00,2.57
704052,atl,65.750,-19.000,998.42,998.14,12.76,2.20,65.79,71.04,19876.84,84673.10,21.09
704052,atl,62.750,-27.500,996.45,996.09,11.36,2.23,39.49,60.37,0.00,38334.59,7.09
704052,atl,43.000,-55.000,1003.67,1003.48,8.36,1.60,29.63,31.52,0.00,0.00,3.71
704052,atl,31.250,8.500,1002.02,1001.69,6.75,1.75,40.01,40.01,0.00,0.00,5.08
704052,pac,62.750,218.000,1001.76,1001.55,4.98,1.47,38.72,38.72,0.00,0.00,8.50
704052,pac,54.000,193.750,973.99,973.87,11.73,2.26,37.76,41.66,0.00,0.00,5.20
704058,atl,66.750,-21.500,998.03,997.51,15.12,3.37,72.78,72.78,16778.41,67455.89,24.09
704058,atl,62.750,-24.250,999.46,999.17,8.96,1.91,39.58,56.99,0.00,6365.65,6.37
704058,atl,43.750,-54.750,1003.07,1002.83,7.79,1.57,24.88,30.59,0.00,0.00,3.23
704058,pac,62.750,219.000,1000.51,1000.24,4.31,1.55,39.26,40.15,0.00,0.00,8.90
704058,pac,53.500,195.750,975.18,975.01,9.99,1.62,35.95,45.36,0.00,0.00,5.20
704064,atl,66.250,-24.250,1000.71,1000.09,11.87,2.70,64.18,64.18,289.48,40165.76,22.67
704064,atl,44.000,-54.000,1003.54,1003.37,7.01,1.39,25.92,28.71,0.00,0.00,2.83
704064,pac,63.000,219.000,995.81,995.38,5.83,2.06,32.00,36.29,0.00,0.00,9.79
704064,pac,54.000,202.000,975.53,975.44,8.28,1.37,31.00,36.15,0.00,0.00,4.39
704064,pac,37.750,162.250,998.07,997.09,14.04,4.48,64.49,64.49,1228.21,58314.72,10.28
704064,pac,37.000,168.500,1001.24,1000.95,10.24,2.03,51.61,52.44,0.00,4995.49,5.81
704070,atl,66.000,-25.000,1002.11,1001.60,9.63,2.64,47.87,55.64,0.00,4393.14,18.56
704070,atl,44.750,-52.000,1002.31,1002.22,6.79,1.19,23.46,38.61,0.00,0.00,3.32
704070,pac,65.500,231.750,1002.07,1001.62,5.67,1.49,22.40,27.19,0.00,0.00,7.74
704070,pac,54.000,203.750,977.45,977.36,7.66,1.21,28.80,33.15,0.00,0.00,4.46
704070,pac,38.750,169.250,991.45,990.63,16.38,3.95,46.85,52.13,0.00,5021.19,7.48
704076,atl,61.000,-35.500,1003.63,1003.22,8.98,2.07,36.90,36.90,0.00,0.00,5.29
704076,atl,45.500,-51.000,1002.35,1002.31,7.60,1.22,29.51,37.68,0.00,0.00,4.57
704076,pac,65.250,232.500,1000.35,999.41,4.85,1.06,20.75,25.83,0.00,0.00,6.11
704076,pac,54.250,205.750,979.97,979.88,6.75,1.00,29.29,35.67,0.00,0.00,4.19
704076,pac,40.250,173.000,983.78,982.34,21.27,5.87,52.99,52.99,0.00,38165.84,11.32
704082,atl,62.500,-31.250,1000.62,1000.33,10.20,2.34,41.48,41.48,0.00,0.00,4.27
704082,atl,47.000,-49.000,1000.81,1000.55,9.76,1.78,34.54,40.09,0.00,0.00,5.20
704082,pac,63.250,235.750,998.29,998.02,4.75,1.40,22.82,29.17,0.00,0.00,6.90
704082,pac,54.750,207.000,983.53,983.47,5.99,0.85,28.41,34.01,0.00,0.00,3.58
704082,pac,41.500,176.000,978.28,977.24,24.59,6.88,66.95,66.95,8905.52,197594.01,11.27
704088,atl,64.250,-24.250,996.97,996.32,13.12,3.09,48.62,48.62,0.00,0.00,7.65
704088,atl,47.750,-49.250,999.81,999.48,11.15,2.21,39.96,40.27,0.00,0.00,5.21
704088,atl,34.500,-79.750,1003.74,1003.59,5.64,1.30,31.88,33.96,0.00,0.00,6.86
704088,pac,63.750,237.250,997.68,997.37,4.95,1.80,30.03,30.03,0.00,0.00,5.47
704088,pac,63.000,218.750,991.36,991.04,6.38,2.04,30.51,36.33,0.00,0.00,9.60
704088,pac,55.250,208.250,987.67,987.62,5.08,0.66,25.25,33.97,0.00,0.00,3.15
704088,pac,42.000,179.000,971.85,970.89,29.40,8.06,67.80,67.80,12355.19,309917.69,11.35
704094,atl,66.500,-17.250,994.85,994.59,15.51,3.71,43.15,43.26,0.00,0.00,9.06
704094,atl,63.500,-56.500,1003.76,1003.65,9.80,2.47,36.43,36.43,0.00,0.00,6.30
704094,atl,47.750,-48.500,998.02,997.75,10.96,2.20,40.62,42.06,0.00,0.00,5.46
704094,atl,34.500,-78.500,1003.31,1003.04,5.83,1.31,38.72,39.27,0.00,0.00,5.50
704094,pac,63.000,219.250,993.70,993.41,5.97,1.92,19.85,27.94,0.00,0.00,8.80
704094,pac,62.000,204.000,992.44,992.33,4.05,0.81,18.79,24.17,0.00,0.00,7.41
704094,pac,42.500,183.500,975.97,975.08,22.97,5.33,64.60,64.60,5882.66,311610.82,8.03
704100,atl,68.500,-14.500,992.33,992.00,18.37,4.67,44.74,44.74,0.00,0.00,10.24
704100,atl,63.750,-54.750,1002.30,1002.09,11.70,3.25,46.51,46.51,0.00,0.00,7.45
704100,atl,48.250,-47.750,998.71,998.54,10.83,2.04,43.00,43.24,0.00,0.00,5.79
704100,atl,35.500,-77.250,1003.59,1003.46,5.33,0.99,36.41,42.92,0.00,0.00,3.82
704100,pac,56.000,213.000,995.84,995.80,4.39,0.60,19.68,29.66,0.00,0.00,3.39
704100,pac,43.750,188.000,978.77,977.70,18.51,4.37,55.26,55.98,0.00,120437.28,5.96
704106,atl,63.750,-53.750,1000.14,999.78,12.16,3.66,49.31,49.31,0.00,0.00,9.01
704106,atl,48.750,-46.500,998.55,998.44,9.72,1.72,42.61,43.62,0.00,0.00,5.25
704106,atl,36.000,-76.000,1002.20,1001.61,5.90,1.02,35.46,44.73,0.00,0.00,5.63
704106,atl,31.000,-4.750,1000.85,1000.34,8.34,2.64,31.18,34.06,0.00,0.00,19.45
704106,pac,64.500,212.750,998.33,998.14,4.54,1.00,18.25,23.72,0.00,0.00,7.65
704106,pac,52.250,236.750,1003.22,1002.92,4.70,1.92,34.31,34.31,0.00,0.00,6.64
704106,pac,45.000,192.500,981.83,981.44,15.00,3.60,52.19,52.19,0.00,14536.90,6.15
704112,atl,63.750,-53.250,1000.25,999.71,11.63,3.80,51.00,51.00,0.00,1748.13,8.93
704112,atl,49.000,-45.250,999.84,999.73,8.40,1.24,39.38,44.72,0.00,0.00,4.69
704112,atl,36.500,-74.750,1002.65,1002.44,5.26,0.79,34.70,34.70,0.00,0.00,3.57
704112,pac,64.500,209.500,997.97,997.39,4.61,0.99,21.20,21.83,0.00,0.00,9.97
704112,pac,64.500,213.500,997.85,997.35,5.50,1.30,21.83,21.83,0.00,0.00,9.97
704112,pac,63.750,217.750,998.20,997.83,5.64,1.51,21.83,25.77,0.00,0.00,9.97
704112,pac,63.250,222.250,999.52,999.04,5.12,1.57,22.88,25.77,0.00,0.00,9.40
704112,pac,58.250,238.000,999.65,999.42,4.66,1.27,21.67,23.08,0.00,0.00,8.78
704112,pac,52.000,237.000,1001.56,1000.76,5.76,2.55,32.45,32.45,0.00,0.00,9.41
704112,pac,49.750,199.750,984.54,984.10,10.21,2.35,36.24,44.79,0.00,0.00,4.14
704118,atl,64.250,-37.000,1002.09,1001.74,5.59,1.43,30.89,42.08,0.00,0.00,7.62
704118,atl,63.500,-52.000,1001.55,1001.04,8.09,2.84,47.21,47.21,0.00,0.00,6.58
704118,atl,63.250,-30.500,1002.37,1002.03,8.54,1.87,42.08,42.08,0.00,0.00,5.06
704118,atl,59.000,-70.500,1004.91,1004.68,8.45,1.90,31.75,31.75,0.00,0.00,4.76
704118,atl,51.500,-40.000,997.94,997.78,8.54,1.57,41.01,47.76,0.00,0.00,4.70
704118,atl,38.000,-73.250,1002.83,1002.70,5.86,0.97,27.98,36.18,0.00,0.00,5.08
704118,pac,64.500,213.250,999.95,999.46,4.28,0.87,16.36,23.65,0.00,0.00,9.59
704118,pac,64.000,217.000,999.94,999.52,4.76,1.18,16.36,25.78,0.00,0.00,9.59
704118,pac,50.500,201.250,984.41,984.07,10.43,2.40,35.02,42.44,0.00,0.00,4.09
704124,atl,66.250,-25.250,1002.39,1001.94,7.74,2.02,46.80,46.80,0.00,0.00,8.92
704124,atl,64.750,-37.250,1001.46,1000.86,5.70,1.69,30.86,40.89,0.00,0.00,8.36
704124,atl,56.250,-61.500,1003.65,1003.51,9.69,2.28,31.97,32.18,0.00,0.00,5.83
704124,atl,52.500,-40.250,998.06,997.96,8.51,1.65,39.53,44.39,0.00,0.00,3.99
704124,atl,39.500,-73.250,1004.40,1004.28,4.87,1.11,27.48,34.86,0.00,0.00,6.11
704124,atl,31.750,0.750,997.85,997.70,6.88,1.69,33.90,35.60,0.00,0.00,6.50
704124,pac,52.500,205.000,985.60,985.45,9.55,1.87,30.08,39.14,0.00,0.00,3.64
704130,atl,68.500,-20.500,1004.09,1003.82,5.29,1.46,39.51,46.50,0.00,0.00,7.17
704130,atl,65.000,-38.000,1001.20,1000.58,5.60,1.66,26.45,26.45,0.00,0.00,10.99
704130,atl,54.250,-39.000,997.02,996.86,8.56,1.99,37.31,43.37,0.00,0.00,3.65
704130,atl,53.750,-56.250,1002.98,1002.68,8.47,2.09,30.72,34.03,0.00,0.00,5.52
704130,atl,39.500,-6.500,1004.42,1003.93,5.75,0.90,26.80,40.58,0.00,0.00,5.27
704130,atl,36.500,-80.000,1003.46,1003.20,4.02,0.93,30.38,32.43,0.00,0.00,5.14
704130,atl,32.500,4.750,992.86,992.66,9.22,1.49,33.48,45.32,0.00,0.00,11.69
704130,pac,53.500,206.750,986.88,986.75,8.70,1.61,31.47,38.18,0.00,0.00,3.29
704136,atl,58.500,-36.000,998.39,998.19,8.15,1.85,42.35,42.35,0.00,0.00,4.34
704136,atl,53.000,-52.750,1004.93,1004.62,6.05,1.81,32.84,32.84,0.00,0.00,4.84
704136,atl,51.750,-39.250,999.28,999.17,5.16,0.98,30.42,37.74,0.00,0.00,3.83
704136,atl,49.250,-35.000,998.19,998.10,7.25,1.55,44.90,47.20,0.00,0.00,4.45
704136,atl,33.500,6.000,993.33,992.89,9.98,2.55,40.46,43.03,0.00,0.00,8.54
704136,pac,64.500,213.250,1000.04,999.55,4.46,0.98,20.02,34.84,0.00,0.00,10.83
704136,pac,54.000,207.750,986.78,986.70,9.11,1.70,27.35,36.35,0.00,0.00,4.26
704142,atl,59.000,-35.500,998.10,997.91,7.34,1.69,41.86,42.69,0.00,0.00,4.18
704142,atl,51.500,-35.250,995.45,995.26,8.54,1.59,40.00,43.74,0.00,0.00,4.30
704142,atl,38.250,-79.500,1002.83,1002.52,4.62,1.30,17.40,23.74,0.00,0.00,3.03
704142,atl,37.750,5.750,996.40,995.50,6.99,1.95,44.72,44.72,0.00,0.00,7.30
704142,pac,54.250,209.000,985.04,984.94,10.17,1.73,31.34,41.79,0.00,0.00,4.05
704148,atl,53.750,-35.500,996.49,996.31,9.17,2.06,41.56,42.27,0.00,0.00,4.09
704148,atl,46.250,-28.000,1002.45,1002.09,5.73,1.54,44.71,44.71,0.00,0.00,3.62
704148,atl,38.500,5.750,995.87,994.80,8.09,2.47,46.33,46.33,0.00,0.00,5.54
704148,atl,37.750,-79.750,1004.22,1003.93,4.05,1.15,26.55,26.55,0.00,0.00,4.73
704148,pac,55.500,210.750,985.17,985.07,10.63,1.62,29.31,40.13,0.00,0.00,4.88
704148,pac,46.750,161.750,1000.06,999.90,12.06,2.43,44.35,44.35,0.00,0.00,5.04
704154,atl,58.500,-35.500,996.20,996.04,10.77,2.34,43.36,43.36,0.00,0.00,4.24
704154,atl,48.250,-28.500,1001.27,1001.01,5.86,1.60,42.59,42.59,0.00,0.00,4.05
704154,atl,38.750,6.250,993.08,991.84,10.95,3.56,52.44,52.44,0.00,1232.29,7.21
704154,atl,36.250,-74.000,1004.05,1003.93,4.05,0.81,33.16,33.16,0.00,0.00,2.49
704154,pac,56.750,211.000,987.47,987.38,8.76,1.46,29.10,41.86,0.00,0.00,4.97
704154,pac,48.000,169.250,1001.60,1001.22,10.09,2.21,41.41,41.41,0.00,0.00,4.48
704160,atl,62.250,-36.500,996.38,996.07,13.29,3.23,43.15,44.94,0.00,0.00,6.91
704160,atl,50.250,-29.500,1003.19,1002.89,5.99,1.48,37.52,37.52,0.00,0.00,3.48
704160,atl,38.500,7.250,993.33,992.18,12.10,3.60,52.11,52.11,0.00,1839.24,6.72
704160,atl,37.500,-72.500,1003.03,1002.86,4.59,1.25,27.91,28.63,0.00,0.00,2.28
704160,pac,64.250,213.500,994.26,993.54,6.81,1.25,23.86,37.91,0.00,0.00,10.27
704160,pac,63.500,207.000,993.69,993.14,5.86,1.22,23.64,31.74,0.00,0.00,8.34
704160,pac,62.750,220.000,993.76,993.54,7.70,2.39,36.85,37.91,0.00,0.00,9.11
704160,pac,57.000,211.000,991.81,991.70,6.89,1.29,29.77,37.91,0.00,0.00,5.26
704160,pac,48.000,174.500,1001.91,1001.43,9.95,2.24,39.57,39.57,0.00,0.00,4.18
704160,pac,39.250,238.250,1004.17,1003.94,8.99,2.49,39.93,41.63,0.00,0.00,7.56
704166,atl,64.250,-39.000,995.02,994.62,14.25,3.48,42.53,50.02,0.00,295.73,18.05
704166,atl,51.750,-30.250,1004.35,1004.11,6.25,1.69,37.64,37.64,0.00,0.00,3.06
704166,atl,46.000,-24.000,1004.08,1003.68,4.94,1.35,42.41,42.41,0.00,0.00,4.02
704166,atl,42.750,-21.500,1004.27,1003.98,4.81,1.16,36.33,42.41,0.00,0.00,4.02
704166,atl,38.000,-72.250,1001.75,1001.57,5.18,1.19,28.54,32.89,0.00,0.00,3.20
704166,atl,38.000,9.500,992.91,991.80,10.85,3.08,49.97,49.97,0.00,0.00,6.36
704166,pac,64.500,213.250,996.52,995.91,6.34,1.30,17.70,27.94,0.00,0.00,10.17
704166,pac,64.000,235.250,1002.14,1001.74,5.34,1.77,32.41,32.41,0.00,0.00,6.51
704166,pac,57.000,211.000,994.67,994.56,6.24,1.27,30.59,34.84,0.00,0.00,6.80
704166,pac,48.000,180.250,999.52,999.01,10.50,2.43,35.04,38.78,0.00,0.00,4.33
704172,atl,66.500,-45.000,999.05,998.76,12.42,3.24,46.91,46.91,0.00,0.00,16.54
704172,atl,38.000,-73.750,1002.00,1001.77,6.04,1.37,31.43,33.26,0.00,0.00,3.23
704172,atl,38.000,-70.250,1002.09,1001.95,4.48,0.94,28.26,32.48,0.00,0.00,2.89
704172,pac,56.750,213.000,995.14,995.05,7.53,1.50,31.95,39.17,0.00,0.00,5.43
704172,pac,54.000,224.500,1001.90,1001.51,5.86,1.62,39.03,39.03,0.00,0.00,7.62
704172,pac,48.000,185.250,996.12,995.59,11.62,2.72,34.94,42.15,0.00,0.00,4.32
704178,atl,68.500,-47.750,1002.86,1002.27,9.41,2.54,45.30,48.71,0.00,0.00,16.89
704178,atl,42.250,-19.250,1003.98,1003.74,5.35,1.17,36.37,36.37,0.00,0.00,3.60
704178,atl,37.750,-68.250,1002.04,1001.88,4.23,0.78,26.41,31.76,0.00,0.00,2.99
704178,pac,64.500,212.750,999.81,999.61,4.57,1.12,19.35,33.00,0.00,0.00,9.55
704178,pac,63.000,203.000,998.39,998.24,4.02,0.90,19.54,20.43,0.00,0.00,7.30
704178,pac,57.250,213.000,994.54,994.43,7.08,1.57,32.08,34.34,0.00,0.00,8.21
704178,pac,57.250,223.250,998.82,998.19,5.70,1.74,41.46,41.46,0.00,0.00,10.26
704178,pac,48.250,189.500,992.82,992.19,12.24,2.89,36.08,40.90,0.00,0.00,4.58
704184,atl,61.500,-68.250,1004.56,1004.29,5.62,1.53,36.74,36.74,0.00,0.00,5.15
704184,atl,42.500,-19.750,1004.18,1003.93,5.49,1.21,34.92,34.92,0.00,0.00,3.61
704184,atl,40.500,-15.500,1004.23,1004.06,5.89,1.31,34.13,35.48,0.00,0.00,3.61
704184,atl,36.750,-69.750,1002.16,1002.06,5.10,0.96,31.56,39.82,0.00,0.00,2.95
704184,pac,63.000,218.250,996.26,995.43,6.55,1.68,27.01,30.37,0.00,0.00,12.90
704184,pac,62.250,215.000,995.25,994.26,5.42,1.36,25.74,27.01,0.00,0.00,12.90
704184,pac,57.750,213.250,995.09,995.00,6.30,1.40,36.54,36.54,0.00,0.00,12.90
704184,pac,53.750,237.000,1003.14,1002.66,6.84,2.07,32.28,32.28,0.00,0.00,8.78
704184,pac,48.500,192.750,991.62,991.09,11.57,2.60,39.10,42.41,0.00,0.00,4.25
704190,atl,67.250,-65.000,1001.18,1000.03,5.36,1.44,37.34,37.34,0.00,0.00,8.13
704190,atl,61.500,-64.250,1003.12,1002.92,6.07,1.54,33.62,35.07,0.00,0.00,6.80
704190,atl,49.500,-41.750,999.04,998.01,11.86,3.33,45.66,45.66,0.00,0.00,7.09
704190,atl,45.500,-40.500,999.17,998.47,9.89,2.50,39.41,39.41,0.00,0.00,4.36
704190,atl,41.000,-14.750,1001.38,1001.22,6.79,1.69,37.21,37.21,0.00,0.00,3.74
704190,atl,40.250,-60.500,1002.00,1001.77,6.42,1.37,38.47,38.51,0.00,0.00,3.32
704190,atl,36.500,-68.750,1000.88,1000.81,5.71,1.08,32.56,35.55,0.00,0.00,2.69
704190,pac,62.750,214.000,996.28,995.56,5.24,1.05,21.39,33.65,0.00,0.00,10.40
704190,pac,62.500,220.500,995.81,995.13,7.82,2.37,26.54,33.65,0.00,0.00,10.40
704190,pac,58.250,211.000,997.17,997.07,4.51,1.15,31.52,35.01,0.00,0.00,6.23
704190,pac,58.250,238.500,1000.37,1000.01,7.96,1.88,22.83,27.06,0.00,0.00,7.41
704190,pac,49.000,195.750,989.81,989.44,11.44,2.64,38.12,41.28,0.00,0.00,4.10
704196,atl,67.000,-80.000,996.54,996.38,11.27,2.21,39.73,39.73,0.00,0.00,6.59
704196,atl,48.750,-40.500,993.09,992.47,15.64,4.00,55.20,55.20,0.00,17438.72,8.14
704196,atl,47.750,-36.500,992.45,991.81,14.54,3.15,52.66,55.20,0.00,17438.72,8.14
704196,atl,41.000,-15.000,1001.07,1000.80,7.43,1.78,36.82,36.82,0.00,0.00,4.25
704196,atl,40.500,-61.500,1000.66,1000.34,7.99,1.82,42.06,42.06,0.00,0.00,4.32
704196,atl,36.500,-67.250,1000.45,1000.33,5.88,0.96,33.40,36.57,0.00,0.00,2.84
704196,pac,65.250,227.750,1003.22,1002.15,4.30,0.97,21.11,25.83,0.00,0.00,6.43
704196,pac,64.000,217.750,998.36,998.15,7.19,1.87,23.34,31.95,0.00,0.00,11.16
704196,pac,60.500,238.000,999.41,999.20,8.43,1.67,19.03,25.69,0.00,0.00,8.39
704196,pac,49.000,196.750,989.22,989.01,11.80,2.71,41.87,41.87,0.00,0.00,4.96
704202,atl,65.750,-69.750,999.68,999.44,6.25,1.08,23.35,32.44,0.00,0.00,6.52
704202,atl,65.250,-77.250,999.09,998.93,9.05,1.66,37.67,41.41,0.00,0.00,5.20
704202,atl,50.000,-35.750,981.85,980.10,24.35,6.77,56.89,56.89,0.00,36741.75,10.53
704202,atl,40.750,-62.000,1000.00,999.81,8.29,2.03,42.51,42.51,0.00,0.00,4.48
704202,atl,39.750,-12.500,999.98,999.84,6.83,1.11,36.61,37.46,0.00,0.00,3.46
704202,atl,37.000,-65.000,999.48,999.34,6.00,1.08,30.91,35.55,0.00,0.00,3.03
704202,atl,31.250,-4.750,1003.94,1003.50,4.53,1.43,32.16,36.45,0.00,0.00,11.25
704202,pac,64.750,219.250,1000.37,1000.11,7.41,1.88,28.81,33.60,0.00,0.00,10.77
704202,pac,64.500,214.000,1001.00,1000.28,6.01,1.21,26.84,26.84,0.00,0.00,10.77
704202,pac,48.000,199.250,990.92,990.81,10.61,2.00,48.82,48.82,0.00,0.00,5.51
704208,atl,64.000,-74.750,1002.43,1002.26,6.78,1.05,31.79,36.86,0.00,0.00,4.95
704208,atl,61.250,-69.250,1000.02,999.89,6.30,1.65,35.49,35.49,0.00,0.00,4.32
704208,atl,55.750,-64.750,1003.75,1003.31,4.10,0.99,23.88,25.58,0.00,0.00,4.52
704208,atl,49.750,-34.000,982.52,981.01,22.58,5.65,62.21,62.21,0.00,112680.48,8.92
704208,atl,40.500,-11.250,999.78,999.36,7.56,1.65,31.32,32.51,0.00,0.00,3.22
704208,atl,37.500,-62.250,998.54,998.34,6.33,1.11,30.26,36.80,0.00,0.00,4.17
704208,atl,36.000,0.250,1004.36,1004.03,4.27,1.60,27.21,30.58,0.00,0.00,6.95
704208,atl,31.250,-4.500,1004.63,1004.18,4.75,2.02,29.31,30.58,0.00,0.00,12.15
704208,pac,66.000,222.000,1003.86,1003.35,6.80,1.59,29.74,35.43,0.00,0.00,10.28
704208,pac,47.750,202.000,992.20,992.10,9.52,1.58,45.15,53.20,0.00,31541.18,4.98
704214,atl,61.250,-67.500,998.02,997.66,8.75,2.31,35.08,35.08,0.00,0.00,4.14
704214,atl,55.750,-61.000,1000.59,1000.33,6.54,1.26,22.66,33.00,0.00,0.00,4.44
704214,atl,50.250,-32.750,981.08,980.00,22.60,5.48,61.06,61.06,0.00,155696.10,7.86
704214,atl,39.500,-10.750,1000.01,999.83,6.52,1.29,32.14,34.50,0.00,0.00,2.80
704214,atl,38.250,-60.500,996.99,996.90,6.31,1.07,31.77,32.35,0.00,0.00,3.42
704214,atl,37.500,2.250,1001.87,1001.55,6.01,2.12,31.85,31.85,0.00,0.00,8.17
704214,atl,31.250,-4.250,1004.28,1003.81,4.62,1.91,28.14,31.87,0.00,0.00,8.71
704214,pac,50.000,208.250,994.44,994.20,9.77,1.89,42.74,42.74,0.00,0.00,4.69
704214,pac,47.000,204.750,994.68,994.58,8.02,1.36,34.88,51.48,0.00,7729.92,4.51
704214,pac,45.000,167.000,989.79,989.30,11.46,2.56,40.94,42.89,0.00,0.00,5.20
704214,pac,41.250,162.250,988.49,987.91,13.96,3.35,58.04,58.04,0.00,56160.28,6.60
704220,atl,61.750,-68.000,1000.94,1000.59,8.49,2.06,32.79,32.79,0.00,0.00,5.53
704220,atl,56.500,-59.750,998.37,998.12,9.02,1.60,34.14,42.34,0.00,0.00,5.53
704220,atl,51.000,-32.750,983.45,982.58,21.13,4.91,50.27,52.81,0.00,12912.66,6.27
704220,atl,39.750,-58.750,994.99,994.90,7.40,1.20,31.59,33.00,0.00,0.00,3.40
704220,atl,39.250,-8.500,1002.28,1002.14,4.93,0.87,26.39,32.71,0.00,0.00,3.89
704220,atl,39.250,2.750,1002.72,1002.25,4.05,1.66,34.55,38.22,0.00,0.00,6.58
704220,atl,32.250,0.500,1003.69,1003.39,4.17,1.16,39.64,42.92,0.00,0.00,6.86
704220,pac,51.250,207.500,995.98,995.70,11.05,2.27,38.52,39.98,0.00,0.00,4.50
704220,pac,46.250,207.500,996.98,996.90,6.14,1.04,36.36,45.72,0.00,0.00,4.03
704220,pac,45.750,168.750,987.28,986.84,13.44,2.99,40.38,42.34,0.00,0.00,5.30
704220,pac,44.750,213.500,997.08,996.62,8.79,1.91,40.03,40.72,0.00,0.00,4.42
704226,atl,61.250,-69.750,1003.56,1003.18,7.70,1.77,36.95,36.95,0.00,0.00,5.60
704226,atl,58.250,-59.000,999.25,999.09,9.52,1.88,40.90,42.10,0.00,0.00,5.47
704226,atl,50.250,-34.000,986.95,986.36,17.20,3.98,47.55,47.55,0.00,0.00,5.13
704226,atl,46.500,-69.000,1000.60,1000.19,5.78,1.38,30.94,32.14,0.00,0.00,6.85
704226,atl,43.500,0.750,1001.14,1000.65,4.28,0.94,29.50,29.50,0.00,0.00,6.67
704226,atl,42.250,-5.250,1000.99,1000.61,4.41,1.05,22.04,24.70,0.00,0.00,6.67
704226,atl,40.750,-56.500,993.59,993.48,7.45,1.26,33.09,33.44,0.00,0.00,3.29
704226,atl,33.500,3.750,999.51,999.12,5.55,1.81,37.16,37.16,0.00,0.00,10.33
704226,pac,51.500,206.250,1001.40,1001.22,9.48,1.77,33.69,36.46,0.00,0.00,3.90
704226,pac,48.250,175.000,987.95,987.46,11.60,2.62,46.30,48.36,0.00,0.00,5.23
704226,pac,46.000,214.000,995.04,994.52,11.45,2.58,43.40,45.12,0.00,0.00,4.76
704232,atl,61.500,-61.250,1002.37,1002.17,11.48,2.99,41.29,41.81,0.00,0.00,5.85
704232,atl,49.000,-32.000,991.52,991.23,12.03,2.77,40.18,42.00,0.00,0.00,4.46
704232,atl,46.750,-67.250,999.96,999.78,5.27,1.31,25.35,26.56,0.00,0.00,4.12
704232,atl,44.000,-0.750,1001.62,1001.22,5.18,1.04,23.84,32.92,0.00,0.00,4.09
704232,atl,42.250,3.500,1001.39,1000.87,4.59,1.34,32.92,32.92,0.00,0.00,5.27
704232,atl,41.750,-55.250,992.67,992.60,8.10,1.34,33.16,38.10,0.00,0.00,4.02
704232,atl,33.250,6.000,1000.20,999.87,6.44,2.08,34.80,34.80,0.00,0.00,6.64
704232,pac,49.750,177.000,988.02,987.59,12.07,2.89,41.69,44.53,0.00,0.00,4.57
704232,pac,47.000,212.500,992.16,991.45,14.95,3.88,43.91,46.11,0.00,0.00,5.13
704232,pac,44.250,220.000,997.61,996.75,10.00,2.59,54.37,54.37,0.00,11515.40,5.00
704238,atl,48.500,-30.250,992.23,992.03,9.54,2.23,35.83,39.90,0.00,0.00,4.09
704238,atl,46.000,-67.750,998.59,998.19,6.08,1.57,24.49,28.36,0.00,0.00,4.43
704238,atl,44.250,-0.750,1000.59,1000.17,5.91,1.35,25.75,27.25,0.00,0.00,4.03
704238,atl,42.750,3.250,1000.11,999.75,4.83,1.04,27.25,27.25,0.00,0.00,6.06
704238,atl,42.500,-54.500,990.98,990.82,8.17,1.37,34.57,37.27,0.00,0.00,3.99
704238,atl,33.500,8.500,998.05,997.80,8.13,2.14,33.05,35.23,0.00,0.00,10.80
704238,pac,50.250,178.000,987.64,987.34,12.06,2.74,40.10,42.78,0.00,0.00,4.69
704238,pac,46.500,218.500,995.55,994.69,11.51,2.89,53.98,53.98,0.00,20430.17,6.19
704238,pac,45.500,212.500,993.12,992.28,14.49,3.71,54.11,54.11,0.00,19881.98,5.70
704244,atl,48.250,-29.000,993.67,993.46,8.23,1.84,27.72,39.32,0.00,0.00,3.87
704244,atl,44.750,1.500,1001.40,1001.26,5.16,1.19,26.63,30.18,0.00,0.00,7.93
704244,atl,44.250,-67.500,997.42,997.07,6.00,1.54,35.16,35.16,0.00,0.00,4.34
704244,atl,43.250,-54.500,989.58,989.39,9.22,1.72,36.10,37.59,0.00,0.00,4.31
704244,atl,42.250,-26.500,998.61,998.19,5.17,1.55,37.94,37.94,0.00,0.00,3.00
704244,atl,42.000,1.500,1000.90,1000.31,4.81,0.83,30.18,36.91,0.00,0.00,4.56
704244,pac,50.750,180.750,988.39,988.38,11.10,1.70,38.60,41.76,0.00,0.00,4.66
704244,pac,43.750,214.500,992.43,991.48,13.61,3.20,50.84,51.03,0.00,10958.50,5.72
704250,atl,48.250,-27.750,992.95,992.77,8.66,1.85,29.01,35.47,0.00,0.00,3.99
704250,atl,44.500,2.000,1001.63,1001.33,4.76,1.23,29.15,35.26,0.00,0.00,7.47
704250,atl,44.000,-54.250,989.28,989.05,9.06,1.86,34.40,34.40,0.00,0.00,4.50
704250,atl,43.250,-22.500,996.66,996.18,6.12,1.81,36.34,36.34,0.00,0.00,2.81
704250,atl,41.500,1.000,1001.67,1001.05,4.24,1.10,35.26,35.26,0.00,0.00,7.47
704250,atl,40.750,-65.500,997.04,996.78,4.06,1.11,34.37,36.75,0.00,0.00,3.46
704250,pac,51.000,184.000,987.65,987.55,10.78,1.56,39.81,42.28,0.00,0.00,4.21
704250,pac,47.750,219.750,998.35,997.89,7.47,1.85,37.36,37.36,0.00,0.00,4.40
704250,pac,42.500,217.000,995.19,994.46,11.85,2.99,48.61,48.61,0.00,0.00,4.75
704256,atl,48.250,-26.000,993.24,993.13,8.69,1.62,27.98,41.84,0.00,0.00,4.50
704256,atl,44.750,-54.250,990.72,990.53,7.87,1.63,31.92,32.14,0.00,0.00,3.83
704256,atl,44.250,-19.250,995.51,994.79,7.26,2.09,33.65,33.65,0.00,0.00,3.65
704256,atl,40.250,-62.500,995.97,995.71,4.95,1.40,39.74,39.74,0.00,0.00,3.67
704256,pac,51.500,184.750,985.96,985.68,12.44,2.26,39.87,43.43,0.00,0.00,4.81
704256,pac,48.000,218.750,998.32,997.96,7.69,1.83,28.82,28.82,0.00,0.00,3.33
704256,pac,41.750,220.250,996.94,996.62,10.79,2.75,50.52,50.52,0.00,1788.86,4.51
704262,atl,48.250,-24.000,991.74,991.55,8.42,1.59,29.92,40.82,0.00,0.00,4.14
704262,atl,48.250,-23.750,991.74,991.55,8.39,1.58,29.92,40.82,0.00,0.00,4.14
704262,atl,45.750,-55.000,989.86,989.73,7.37,1.60,30.01,33.05,0.00,0.00,4.96
704262,atl,45.250,-17.000,993.12,992.34,8.08,2.23,37.33,38.30,0.00,0.00,3.62
704262,atl,40.250,-58.500,991.65,991.27,7.00,2.02,44.75,44.75,0.00,0.00,3.27
704262,pac,52.250,185.000,983.09,982.71,14.58,2.83,42.85,48.65,0.00,0.00,5.64
704262,pac,50.250,219.500,998.87,998.64,8.37,1.69,30.76,30.76,0.00,0.00,2.95
704262,pac,41.750,223.750,1001.72,1001.49,8.45,2.10,41.79,41.79,0.00,0.00,3.84
704268,atl,49.500,-23.000,992.24,992.07,10.11,2.09,42.24,43.95,0.00,0.00,4.21
704268,atl,46.250,-56.500,991.12,990.99,6.73,1.26,26.48,47.01,0.00,0.00,7.93
704268,atl,46.000,-15.250,994.41,993.98,7.58,1.99,43.55,43.55,0.00,0.00,3.42
704268,atl,44.250,6.250,1001.45,1000.50,4.07,1.19,27.47,28.65,0.00,0.00,10.20
704268,atl,41.750,-55.000,988.07,987.26,9.48,2.71,45.69,45.69,0.00,0.00,5.54
704268,pac,52.000,184.750,982.92,982.62,15.80,3.15,51.96,53.08,0.00,49586.48,6.37
704268,pac,52.000,217.500,999.02,998.93,8.40,1.77,35.91,35.91,0.00,0.00,3.51
704268,pac,43.250,226.750,1003.17,1003.02,7.19,1.78,37.61,37.74,0.00,0.00,3.12
704274,atl,49.750,-24.500,993.32,993.08,10.01,2.16,40.13,40.13,0.00,0.00,4.49
704274,atl,46.250,-13.750,994.98,994.51,7.20,1.76,42.80,42.80,0.00,0.00,3.40
704274,atl,44.750,-78.250,998.70,998.35,4.74,1.25,33.86,33.86,0.00,0.00,5.36
704274,atl,43.500,-53.000,987.09,985.97,10.04,2.71,38.90,41.83,0.00,0.00,5.90
704274,pac,53.750,214.250,997.90,997.63,9.43,2.34,37.06,37.06,0.00,0.00,3.77
704274,pac,51.250,186.250,985.26,985.06,14.55,3.15,47.94,52.91,0.00,14980.32,5.90
704280,atl,49.000,-24.500,994.66,994.33,9.67,2.06,36.13,40.14,0.00,0.00,3.80
704280,atl,46.750,-12.750,997.22,996.87,6.70,1.64,33.70,39.91,0.00,0.00,3.41
704280,atl,45.000,-52.750,988.08,987.30,10.70,2.49,35.18,36.69,0.00,0.00,4.51
704280,atl,44.250,-78.250,998.14,997.90,5.32,1.37,29.23,31.86,0.00,0.00,5.23
704280,atl,43.750,-1.750,999.31,998.93,4.91,1.09,32.14,38.21,0.00,0.00,7.04
704280,pac,54.250,213.000,997.85,997.45,9.21,2.44,35.40,35.40,0.00,0.00,3.47
704280,pac,51.500,187.750,988.50,988.22,12.66,2.84,41.84,48.04,0.00,0.00,4.82
704286,atl,48.500,-23.500,994.91,994.47,8.95,2.06,39.22,39.87,0.00,0.00,3.66
704286,atl,45.750,-53.250,987.57,986.93,11.83,2.68,37.26,40.07,0.00,0.00,4.92
704286,atl,43.500,-75.750,998.74,998.52,4.75,1.17,16.74,24.63,0.00,0.00,4.28
704286,atl,42.000,3.000,998.58,998.21,5.62,1.30,29.28,36.67,0.00,0.00,4.74
704286,pac,55.000,212.500,998.44,998.10,8.60,2.36,32.89,32.89,0.00,0.00,3.62
704286,pac,51.750,189.250,990.63,990.19,11.25,2.78,38.92,43.53,0.00,0.00,3.97
704286,pac,49.750,165.250,987.91,987.42,9.08,2.25,36.48,36.76,0.00,0.00,4.21
704286,pac,40.000,161.750,996.60,996.06,7.54,2.15,49.61,52.24,0.00,2460.49,4.07
704292,atl,47.750,-22.250,996.60,996.31,8.35,1.89,36.72,36.72,0.00,0.00,3.96
704292,atl,45.250,-54.000,990.29,989.92,10.72,2.34,39.26,45.23,0.00,0.00,4.91
704292,atl,44.500,-75.000,999.57,999.20,5.09,1.29,20.42,21.19,0.00,0.00,3.10
704292,atl,41.750,1.750,999.80,999.44,5.04,1.34,35.30,38.72,0.00,0.00,8.66
704292,atl,41.250,4.750,1000.29,1000.16,5.06,1.10,32.42,37.20,0.00,0.00,9.01
704292,pac,56.250,211.750,999.14,998.81,7.74,2.31,32.11,32.11,0.00,0.00,3.56
704292,pac,52.000,190.250,992.43,992.01,9.56,2.61,38.94,39.94,0.00,0.00,3.72
704292,pac,50.500,169.000,987.15,986.70,7.69,1.83,31.22,32.03,0.00,0.00,3.41
704292,pac,42.750,167.250,992.98,992.62,7.53,2.01,55.66,55.94,0.00,68042.63,4.37
704298,atl,69.000,5.500,1002.51,1002.28,13.24,3.61,44.38,46.14,0.00,0.00,6.66
704298,atl,47.250,-19.250,997.56,997.43,7.42,1.29,33.89,38.26,0.00,0.00,3.78
704298,atl,44.250,-52.500,993.66,993.44,8.08,1.81,40.64,44.50,0.00,0.00,3.90
704298,atl,44.250,-44.500,997.41,997.23,4.26,0.88,32.16,37.77,0.00,0.00,2.53
704298,atl,42.500,-74.000,999.11,998.78,5.08,1.30,28.63,29.64,0.00,0.00,4.57
704298,atl,41.250,7.500,1000.67,1000.42,4.80,1.39,36.55,36.55,0.00,0.00,6.68
704298,pac,57.500,210.250,999.23,998.96,7.28,2.30,33.83,33.83,0.00,0.00,6.10
704298,pac,52.250,191.500,995.11,994.91,6.31,1.81,38.72,38.72,0.00,0.00,3.31
704298,pac,51.250,171.500,983.24,982.84,8.82,2.08,27.49,31.15,0.00,0.00,3.08
704304,atl,68.500,3.500,999.03,998.58,16.24,4.41,49.85,49.85,0.00,0.00,7.71
704304,atl,51.750,6.500,1001.42,1001.32,4.74,0.99,18.99,19.31,0.00,0.00,1.99
704304,atl,47.500,-15.500,997.68,997.54,7.90,1.59,38.12,38.12,0.00,0.00,3.56
704304,atl,47.000,-43.250,995.72,995.52,8.69,1.95,36.33,36.64,0.00,0.00,3.96
704304,atl,46.000,-72.500,1000.98,1000.35,6.43,2.18,29.73,29.86,0.00,0.00,6.35
704304,atl,44.250,-49.500,997.13,996.97,5.37,1.25,32.80,43.82,0.00,0.00,2.33
704304,pac,52.250,173.250,981.68,981.35,10.18,2.33,32.77,33.62,0.00,0.00,3.44
704304,pac,49.000,179.500,985.21,984.93,8.25,1.67,44.29,49.84,0.00,0.00,4.25
704310,atl,67.750,4.000,998.30,998.00,14.60,3.80,47.26,47.26,0.00,0.00,6.61
704310,atl,52.500,6.250,1000.53,1000.39,5.10,1.15,17.53,23.22,0.00,0.00,2.12
704310,atl,48.250,-75.250,1002.48,1001.95,5.81,1.32,32.40,32.40,0.00,0.00,6.62
704310,atl,47.750,-45.000,993.83,993.54,10.33,2.21,39.30,41.25,0.00,0.00,4.37
704310,atl,47.000,-13.250,997.36,997.25,7.57,1.47,31.67,34.88,0.00,0.00,3.16
704310,atl,46.000,-9.500,997.87,997.45,7.14,1.37,36.70,36.70,0.00,0.00,5.75
704310,pac,63.750,198.750,1002.06,1001.86,5.98,0.94,16.82,30.53,0.00,0.00,10.37
704310,pac,63.000,204.000,1002.35,1002.08,5.30,1.24,30.53,30.53,0.00,0.00,10.37
704310,pac,54.750,210.000,1003.46,1003.28,4.20,1.05,25.75,28.77,0.00,0.00,3.56
704310,pac,53.000,174.250,983.36,983.18,9.84,2.24,33.88,36.57,0.00,0.00,3.65
704310,pac,51.000,184.000,982.20,981.81,11.25,2.68,38.47,44.88,0.00,0.00,4.12
704316,atl,67.250,6.000,998.18,997.84,12.66,3.51,44.92,47.85,0.00,0.00,5.98
704316,atl,53.000,7.250,1000.49,1000.27,4.72,1.19,23.53,25.00,0.00,0.00,2.65
704316,atl,47.000,-47.250,994.51,994.25,10.68,2.47,42.14,45.58,0.00,0.00,4.62
704316,atl,46.500,-7.500,998.54,997.90,7.00,1.59,33.80,43.50,0.00,0.00,5.42
704316,atl,45.000,-42.000,994.41,993.65,7.20,1.49,33.99,42.54,0.00,0.00,3.96
704316,pac,53.500,175.250,988.88,988.63,7.41,1.72,37.70,39.27,0.00,0.00,3.53
704316,pac,52.250,187.250,982.11,981.49,12.32,2.97,44.06,44.06,0.00,0.00,3.89
704316,pac,51.250,220.250,1001.60,1000.92,11.62,3.21,35.48,35.48,0.00,0.00,5.60
704316,pac,38.250,161.000,998.36,997.60,9.48,2.40,45.80,50.57,0.00,619.18,5.84
704322,atl,67.500,8.500,998.22,997.60,11.25,3.13,45.17,46.43,0.00,0.00,5.52
704322,atl,61.250,9.500,1001.20,1000.86,5.17,1.59,36.79,36.81,0.00,0.00,8.03
704322,atl,54.250,8.500,1000.65,1000.53,4.18,0.98,20.02,32.56,0.00,0.00,2.57
704322,atl,47.250,-5.750,997.89,997.39,7.77,2.20,35.21,35.60,0.00,0.00,3.49
704322,atl,46.250,-77.250,1000.85,1000.29,6.79,1.12,29.70,37.40,0.00,0.00,6.92
704322,atl,45.750,-47.750,996.72,996.43,8.71,2.14,38.47,45.70,0.00,0.00,4.49
704322,atl,45.750,-41.250,993.65,993.04,8.48,1.69,29.41,46.11,0.00,0.00,4.95
704322,pac,54.000,174.250,993.94,993.65,5.71,1.42,30.08,30.75,0.00,0.00,2.42
704322,pac,53.250,220.500,998.55,998.07,12.48,3.26,36.60,37.54,0.00,0.00,5.81
704322,pac,52.750,190.000,984.71,984.07,11.70,2.77,44.52,44.65,0.00,0.00,4.23
704322,pac,40.250,166.000,994.34,993.50,11.94,3.24,48.76,48.76,0.00,0.00,6.68
704328,atl,68.250,10.000,1000.00,999.27,10.42,2.90,44.73,44.73,0.00,0.00,4.84
704328,atl,60.750,9.250,1001.27,1001.08,5.06,1.38,32.13,32.28,0.00,0.00,5.93
704328,atl,55.750,9.000,1000.06,999.97,5.56,1.28,29.55,32.28,0.00,0.00,3.14
704328,atl,47.500,-78.750,1001.80,1001.61,7.61,1.56,29.32,30.90,0.00,0.00,4.05
704328,atl,47.000,-4.250,1000.29,999.96,7.63,2.19,36.20,36.20,0.00,0.00,4.42
704328,atl,45.750,-40.000,993.79,993.50,8.50,1.53,36.36,43.00,0.00,0.00,4.38
704328,pac,55.750,217.250,994.63,994.38,10.67,2.40,43.83,43.83,0.00,0.00,12.68
704328,pac,54.000,174.000,997.15,996.88,4.76,1.17,25.38,25.38,0.00,0.00,2.17
704328,pac,52.750,193.250,988.13,987.68,10.56,2.53,42.99,42.99,0.00,0.00,4.14
704328,pac,42.000,170.250,992.90,992.04,13.18,3.55,47.21,47.21,0.00,0.00,7.11
704334,atl,59.250,-26.000,1004.29,1003.99,13.00,3.37,61.14,61.14,0.00,44367.60,7.99
704334,atl,48.250,-76.500,1001.48,1001.19,8.70,1.70,21.78,28.20,0.00,0.00,4.26
704334,atl,46.750,-37.250,991.46,991.35,9.13,1.43,41.82,41.82,0.00,0.00,4.43
704334,atl,46.750,-1.750,1002.07,1001.85,6.82,1.92,34.42,36.02,0.00,0.00,4.66
704334,pac,56.750,213.500,990.42,990.07,10.01,2.36,45.55,50.89,0.00,2413.99,6.41
704334,pac,54.000,172.750,998.08,997.86,4.28,1.00,20.45,23.60,0.00,0.00,2.25
704334,pac,53.000,198.250,992.59,992.26,7.40,1.74,41.61,41.65,0.00,0.00,3.90
704334,pac,51.500,211.250,992.39,992.23,6.19,1.31,36.94,37.34,0.00,0.00,3.39
704334,pac,43.750,174.000,988.70,988.08,14.70,3.75,51.63,51.63,0.00,11480.95,6.35
704340,atl,60.000,9.250,998.06,997.85,8.12,2.10,42.97,42.97,0.00,0.00,8.59
704340,atl,58.750,-26.250,1002.03,1001.81,12.71,3.14,56.18,56.18,0.00,24186.05,6.96
704340,atl,48.500,-78.000,1002.36,1001.97,7.65,1.53,24.72,26.50,0.00,0.00,3.44
704340,atl,47.500,-36.000,990.59,990.50,10.08,1.58,43.33,44.25,0.00,0.00,4.74
704340,pac,62.750,213.500,1002.99,1002.56,4.29,1.10,44.76,48.31,0.00,0.00,7.30
704340,pac,62.500,218.750,1003.82,1002.92,5.04,1.52,39.93,48.31,0.00,0.00,10.03
704340,pac,56.750,210.250,990.01,989.68,9.91,2.84,44.54,48.31,0.00,0.00,7.30
704340,pac,52.000,216.500,989.87,989.68,9.50,1.92,37.44,41.51,0.00,0.00,3.90
704340,pac,46.250,177.750,985.26,984.83,15.19,3.77,49.88,51.94,0.00,9106.34,6.65
704346,atl,68.250,9.250,1003.09,1002.90,8.31,2.00,42.05,42.05,0.00,0.00,5.01
704346,atl,58.750,-26.500,1000.11,999.86,11.92,2.82,52.19,52.19,0.00,30235.26,6.77
704346,atl,50.000,-30.000,988.86,988.46,11.55,2.43,48.74,48.74,0.00,0.00,5.72
704346,atl,48.750,-34.000,988.90,988.76,11.39,2.08,48.74,48.74,0.00,0.00,5.72
704346,atl,48.500,-76.500,1002.44,1002.19,6.55,1.27,26.88,29.46,0.00,0.00,4.95
704346,pac,62.500,219.500,1004.05,1003.69,6.09,1.82,21.69,29.78,0.00,0.00,9.54
704346,pac,56.000,209.250,994.69,994.42,7.94,2.54,34.43,40.87,0.00,0.00,7.58
704346,pac,52.500,219.000,991.47,991.38,10.30,1.95,32.42,37.87,0.00,0.00,4.00
704346,pac,47.250,180.000,978.60,978.26,19.78,5.18,62.51,62.51,0.00,127312.16,9.04
704352,atl,59.000,-26.250,999.10,998.93,10.42,2.28,52.00,54.22,0.00,27525.40,7.01
704352,atl,50.500,-30.750,986.50,985.96,12.30,2.83,55.26,55.26,0.00,30596.90,5.97
704352,atl,49.500,-75.500,1004.01,1003.80,5.65,1.09,21.74,25.13,0.00,0.00,3.71
704352,pac,64.250,213.750,1004.82,1004.14,7.68,1.76,26.49,26.49,0.00,0.00,11.86
704352,pac,63.000,205.500,1004.84,1004.64,4.69,1.22,21.32,31.88,0.00,0.00,7.43
704352,pac,62.750,219.250,1002.05,1001.69,9.01,2.79,23.08,26.49,0.00,0.00,11.86
704352,pac,59.750,233.500,1003.88,1003.64,4.53,1.24,24.75,24.75,0.00,0.00,7.68
704352,pac,57.750,238.000,1002.59,1002.19,4.63,1.23,23.12,24.75,0.00,0.00,6.73
704352,pac,55.500,208.750,1001.89,1001.51,4.02,1.55,32.30,32.30,0.00,0.00,4.34
704352,pac,53.250,219.750,994.66,994.53,9.58,1.98,32.39,36.05,0.00,0.00,3.87
704352,pac,49.250,183.000,975.39,975.28,19.63,4.06,64.99,65.73,3172.01,156705.23,9.10
704358,atl,51.750,-78.500,1003.42,1003.24,6.93,1.31,18.67,25.04,0.00,0.00,2.75
704358,atl,49.750,-30.750,984.73,984.31,12.04,2.88,55.03,55.03,0.00,29714.08,5.93
704358,atl,42.250,-66.750,1003.08,1002.92,6.46,1.28,32.83,37.14,0.00,0.00,5.33
704358,pac,51.750,224.250,999.67,999.60,5.69,0.94,30.49,35.48,0.00,0.00,3.19
704358,pac,51.500,185.500,970.87,970.69,20.64,3.86,54.70,66.64,15840.33,138919.32,7.92
704358,pac,48.250,229.500,999.17,999.01,6.15,1.49,32.28,35.02,0.00,0.00,3.12
704364,atl,55.250,-25.000,988.29,987.88,8.87,1.88,37.13,47.49,0.00,0.00,4.32
704364,atl,52.250,-79.250,1003.63,1003.48,6.21,1.16,21.91,26.02,0.00,0.00,2.92
704364,atl,48.500,-29.500,985.97,985.55,11.74,2.61,47.06,47.06,0.00,0.00,6.50
704364,atl,45.750,-66.250,1001.11,1000.91,9.31,1.88,42.82,45.06,0.00,0.00,11.04
704364,pac,52.750,189.250,970.21,969.89,19.39,3.29,57.55,60.94,0.00,175569.49,6.89
704364,pac,48.000,231.000,997.75,997.41,7.14,1.79,27.19,35.68,0.00,0.00,3.02
704370,atl,57.250,-24.250,988.82,988.57,8.87,1.56,31.06,42.78,0.00,0.00,5.14
704370,atl,52.250,-26.000,986.30,986.10,9.79,2.11,38.33,42.04,0.00,0.00,4.17
704370,atl,49.750,-73.000,1002.06,1001.63,4.29,0.82,25.30,39.29,0.00,0.00,4.22
704370,atl,47.500,-65.250,1000.95,1000.70,9.21,2.14,46.94,47.96,0.00,0.00,9.80
704370,pac,54.250,190.750,970.48,970.16,18.22,3.15,52.22,56.62,0.00,96133.77,7.33
704370,pac,47.750,231.250,1000.22,999.96,6.26,1.53,29.83,37.35,0.00,0.00,2.88
704376,atl,60.250,-29.500,991.20,991.00,14.70,2.72,56.56,60.02,0.00,144088.64,7.85
704376,atl,54.500,-24.750,986.94,986.68,10.32,2.39,35.06,39.78,0.00,0.00,4.13
704376,atl,51.250,-73.500,1001.52,1001.37,4.76,0.90,20.31,36.02,0.00,0.00,3.15
704376,atl,48.750,-64.500,1003.32,1003.09,6.74,1.47,50.13,50.13,0.00,514.57,8.77
704376,pac,55.750,191.500,972.68,972.33,17.40,3.44,39.86,50.53,0.00,3685.36,7.70
704382,atl,59.500,-32.250,989.06,988.75,15.86,3.39,56.52,58.45,0.00,153269.13,7.97
704382,atl,56.500,-24.500,987.12,986.74,10.12,2.42,35.86,36.23,0.00,0.00,4.35
704382,atl,54.750,-78.750,1000.70,1000.49,5.67,1.03,19.88,26.19,0.00,0.00,2.95
704382,atl,52.750,-74.000,1000.03,999.85,5.58,1.07,21.44,32.22,0.00,0.00,2.91
704382,atl,48.500,-62.500,1003.66,1003.45,5.63,1.23,41.46,41.46,0.00,0.00,10.42
704382,atl,45.250,-60.250,1002.83,1002.36,8.27,2.13,39.53,42.36,0.00,0.00,8.97
704382,pac,56.750,191.500,974.90,974.60,16.21,3.30,34.30,45.00,0.00,0.00,6.67
704382,pac,48.000,160.000,977.45,976.98,20.88,5.87,50.64,50.64,0.00,2544.91,9.09
704382,pac,42.750,163.000,987.64,987.14,10.69,2.84,52.98,53.40,0.00,20536.42,6.14
704388,atl,58.250,-33.750,991.38,991.00,14.21,2.99,62.35,63.22,0.00,138513.23,7.83
704388,atl,58.000,-25.250,990.34,989.96,9.87,2.14,32.84,38.78,0.00,0.00,4.17
704388,atl,55.250,-78.250,1000.60,1000.45,5.73,0.94,22.38,30.41,0.00,0.00,3.46
704388,atl,54.250,-72.500,1000.08,1000.04,6.86,1.29,25.70,34.01,0.00,0.00,3.94
704388,atl,48.000,-60.000,1002.99,1002.72,7.81,1.85,43.53,43.53,0.00,0.00,9.35
704388,pac,57.500,191.250,979.30,979.01,14.31,3.17,33.91,40.46,0.00,0.00,4.58
704388,pac,48.250,162.250,974.81,974.33,21.93,5.62,56.58,56.58,0.00,51856.29,9.52
704394,atl,59.750,-30.000,992.35,991.96,11.45,1.93,38.08,52.75,0.00,13221.09,5.83
704394,atl,56.750,-34.750,991.75,991.44,14.12,3.31,56.01,57.72,0.00,132653.87,7.52
704394,atl,56.000,-76.500,999.88,999.66,7.08,1.41,33.10,39.06,0.00,0.00,3.66
704394,atl,51.250,-63.750,1002.26,1001.86,4.42,0.97,22.50,30.59,0.00,0.00,5.27
704394,atl,50.000,-59.500,1001.10,1000.86,7.88,1.78,30.59,39.51,0.00,0.00,5.54
704394,pac,57.750,191.250,982.98,982.63,12.73,2.82,36.76,38.85,0.00,0.00,3.68
704394,pac,48.000,165.500,974.79,974.36,19.27,4.05,56.06,56.06,0.00,78311.63,7.66
704400,atl,59.250,-33.250,995.18,994.96,11.84,2.08,45.30,54.68,0.00,33904.50,6.65
704400,atl,56.250,-80.000,1001.32,1001.15,5.40,0.92,24.64,35.08,0.00,0.00,3.43
704400,atl,55.000,-33.750,993.92,993.38,12.58,3.27,46.83,49.23,0.00,0.00,5.90
704400,atl,51.500,-57.750,1001.03,1000.70,8.56,1.77,35.27,36.10,0.00,0.00,4.42
704400,pac,58.250,191.500,987.12,986.82,11.23,2.62,34.17,37.72,0.00,0.00,4.10
704400,pac,49.250,169.750,973.62,973.25,18.03,3.83,46.57,49.76,0.00,0.00,5.72
704406,atl,60.250,-23.250,1001.90,1001.67,4.96,1.02,23.08,33.90,0.00,0.00,6.08
704406,atl,58.500,-35.500,996.28,996.06,10.77,2.25,47.61,53.94,0.00,22733.07,6.14
704406,atl,54.250,-32.000,995.17,994.81,10.31,2.68,42.10,42.62,0.00,0.00,3.99
704406,atl,52.500,-55.750,998.15,997.82,10.57,2.44,33.74,33.74,0.00,0.00,4.51
704406,atl,44.500,-15.250,1004.63,1004.49,4.71,1.04,22.00,24.43,0.00,0.00,2.25
704406,pac,59.250,191.750,989.20,988.96,9.75,2.22,30.06,33.63,0.00,0.00,4.40
704406,pac,49.250,173.250,975.90,975.70,14.72,2.77,46.51,46.95,0.00,0.00,5.31
704412,atl,62.000,-26.750,1004.06,1003.81,6.21,1.02,27.44,51.15,0.00,973.64,6.96
704412,atl,58.000,-36.750,998.80,998.61,8.77,2.03,48.04,53.31,0.00,15436.65,5.40
704412,atl,54.250,-31.500,998.85,998.66,7.75,1.83,39.22,39.22,0.00,0.00,3.25
704412,atl,53.250,-55.750,997.15,996.79,12.09,2.87,34.97,36.31,0.00,0.00,4.85
704412,atl,46.000,-14.250,1001.55,1001.10,8.16,2.04,29.04,29.04,0.00,0.00,3.03
704412,pac,60.000,191.750,991.98,991.79,8.03,1.88,33.06,33.40,0.00,0.00,4.53
704412,pac,50.250,177.750,977.97,977.83,12.15,1.95,41.35,47.70,0.00,0.00,4.82
704418,atl,57.250,-37.750,998.78,998.60,7.55,1.77,45.67,51.59,0.00,4296.59,4.95
704418,atl,54.500,-31.500,999.97,999.83,5.87,1.28,34.19,34.57,0.00,0.00,3.10
704418,atl,52.750,-56.000,999.99,999.79,9.69,2.31,36.83,36.83,0.00,0.00,4.89
704418,atl,50.500,-41.750,1002.07,1001.60,5.43,1.68,35.10,37.65,0.00,0.00,3.91
704418,atl,47.500,-13.750,999.86,999.56,9.08,2.41,32.59,32.59,0.00,0.00,4.43
704418,pac,66.000,165.250,1002.54,1002.31,5.21,1.51,18.29,33.59,0.00,0.00,6.69
704418,pac,53.500,182.750,979.08,978.74,10.63,2.02,36.48,39.62,0.00,0.00,3.91
704424,atl,56.750,-38.750,998.83,998.70,6.94,1.68,43.93,48.13,0.00,0.00,4.76
704424,atl,51.750,-55.000,1003.66,1003.45,7.33,1.66,25.58,27.79,0.00,0.00,4.14
704424,atl,51.500,-14.250,1001.94,1001.57,7.51,2.01,39.22,39.60,0.00,0.00,3.92
704424,atl,50.500,-37.250,998.64,997.92,7.30,2.11,38.69,39.53,0.00,0.00,3.77
704424,atl,48.000,-12.750,1003.12,1002.74,6.32,1.76,39.60,39.60,0.00,0.00,3.92
704424,atl,45.250,-5.000,1004.67,1004.24,6.62,1.93,32.34,36.78,0.00,0.00,9.83
704424,pac,65.250,234.250,1004.78,1004.58,7.25,2.35,26.59,26.59,0.00,0.00,7.87
704424,pac,54.500,184.500,981.09,980.92,10.31,2.01,35.67,35.67,0.00,0.00,3.86
704424,pac,52.000,238.250,1004.27,1003.81,6.03,1.72,20.74,20.75,0.00,0.00,8.47
704430,atl,55.750,-39.250,996.41,996.25,6.99,1.53,44.85,45.96,0.00,0.00,5.35
704430,atl,54.750,-34.250,997.03,996.94,4.14,0.52,20.64,32.43,0.00,0.00,4.04
704430,atl,54.500,-15.500,1001.52,1001.17,6.55,1.87,37.58,37.58,0.00,0.00,4.02
704430,atl,50.750,-34.000,994.45,993.74,8.54,2.39,41.11,42.13,0.00,0.00,4.23
704430,atl,48.250,-11.500,1004.39,1004.12,4.71,1.41,39.88,39.88,0.00,0.00,3.69
704430,atl,47.500,-6.000,1002.83,1002.22,7.60,2.05,31.57,39.63,0.00,0.00,4.46
704430,pac,55.250,187.750,982.24,982.20,9.88,1.34,36.32,36.79,0.00,0.00,4.19
704436,atl,60.750,-24.250,999.16,998.64,7.80,2.20,32.95,33.29,0.00,0.00,7.34
704436,atl,51.750,-30.000,992.05,991.44,10.03,2.76,41.79,42.88,0.00,0.00,4.83
704436,pac,56.000,189.250,983.49,983.46,9.69,1.30,34.84,37.58,0.00,0.00,4.09
704442,atl,62.250,-29.250,994.95,993.85,11.27,3.45,35.39,41.06,0.00,0.00,7.42
704442,atl,53.000,-27.500,990.16,989.72,11.09,2.96,43.80,43.80,0.00,0.00,5.46
704442,pac,57.500,190.250,983.21,983.07,10.86,1.68,31.85,42.55,0.00,0.00,4.42
704442,pac,48.750,160.750,1001.87,1001.45,8.30,2.40,33.40,37.35,0.00,0.00,3.71
704448,atl,62.500,-33.500,993.54,992.17,12.60,4.18,44.65,44.65,0.00,0.00,7.76
704448,atl,54.000,-26.250,990.53,990.20,11.00,2.75,41.93,41.98,0.00,0.00,5.28
704448,pac,58.000,190.000,983.67,983.42,11.79,2.23,36.28,37.35,0.00,0.00,3.79
704448,pac,48.250,164.250,1002.88,1002.45,8.90,2.51,36.12,40.38,0.00,0.00,3.90
704454,atl,62.250,-37.250,991.09,990.14,13.28,4.59,52.06,52.06,0.00,2104.97,9.21
704454,atl,56.000,-26.000,990.57,990.44,9.99,2.07,38.71,42.05,0.00,0.00,4.42
704454,pac,58.500,189.250,984.56,984.38,11.96,2.44,39.13,39.44,0.00,0.00,4.14
704454,pac,47.500,169.500,1004.62,1004.22,8.21,2.08,38.01,40.35,0.00,0.00,3.55
704460,atl,61.000,-40.500,994.69,994.36,7.97,2.77,48.90,48.90,0.00,0.00,8.68
704460,atl,58.000,-27.250,991.14,990.80,9.79,2.16,32.69,37.58,0.00,0.00,4.03
704460,pac,58.750,188.250,986.95,986.67,11.64,2.46,40.31,40.31,0.00,0.00,4.12
704466,atl,63.500,-49.500,998.14,997.61,7.37,2.52,48.94,51.21,0.00,365.77,12.33
704466,atl,59.250,-28.250,992.12,991.72,9.65,2.25,32.46,34.39,0.00,0.00,3.58
704466,pac,58.750,188.500,988.08,987.76,11.75,2.60,38.51,38.51,0.00,0.00,3.77
704472,atl,66.750,-51.500,999.21,998.48,8.01,2.76,35.15,35.15,0.00,0.00,7.60
704472,atl,66.750,-17.500,1004.64,1004.51,5.73,1.56,35.78,37.81,0.00,0.00,8.87
704472,atl,59.750,-29.750,995.17,994.73,8.08,1.91,28.15,31.24,0.00,0.00,3.14
704472,atl,45.500,-67.500,999.75,999.42,4.42,1.20,20.82,24.91,0.00,0.00,3.99
704472,atl,43.750,-42.750,1004.21,1003.72,6.40,1.90,32.26,33.12,0.00,0.00,3.23
704472,pac,59.250,189.000,990.48,990.20,11.48,2.72,33.19,35.03,0.00,0.00,3.36
704478,atl,60.000,-30.750,995.56,995.18,8.00,1.93,29.26,29.26,0.00,0.00,2.86
704478,atl,45.250,-67.000,999.47,999.27,4.30,1.15,24.20,24.74,0.00,0.00,3.26
704478,atl,44.250,-41.000,1002.53,1002.08,6.19,1.84,31.33,31.99,0.00,0.00,2.71
704478,atl,42.750,-78.500,1004.26,1003.79,4.48,1.24,32.24,35.51,0.00,0.00,3.66
704478,atl,31.500,8.500,1000.62,1000.31,8.78,2.10,30.99,32.77,0.00,0.00,9.11
704478,pac,63.500,220.750,1004.59,1004.31,7.30,2.20,18.31,19.14,0.00,0.00,9.98
704478,pac,60.250,188.750,992.42,992.13,10.41,2.43,26.72,31.01,0.00,0.00,3.43
704484,atl,67.250,-80.000,996.40,996.32,8.20,1.46,23.52,32.32,0.00,0.00,4.22
704484,atl,60.750,-31.000,998.05,997.79,7.71,1.75,26.01,32.06,0.00,0.00,3.39
704484,atl,45.000,-60.000,999.11,998.90,4.02,0.86,23.65,28.16,0.00,0.00,2.47
704484,atl,44.500,-39.250,1004.37,1004.04,5.37,1.47,28.91,29.38,0.00,0.00,2.74
704484,atl,31.500,9.250,1001.19,1000.99,7.90,1.81,37.35,40.91,0.00,0.00,7.31
704484,pac,64.000,219.500,1004.78,1004.62,6.80,2.05,20.20,21.36,0.00,0.00,12.96
704484,pac,60.750,187.250,994.13,993.86,9.68,2.27,29.75,29.75,0.00,0.00,3.49
704484,pac,43.500,201.000,999.01,998.50,12.15,3.11,36.87,36.87,0.00,0.00,4.83
704490,atl,67.000,-77.750,995.73,995.59,8.39,1.87,28.88,35.65,0.00,0.00,4.58
704490,atl,62.000,-31.500,1000.89,1000.71,7.56,1.52,24.95,48.19,0.00,0.00,5.03
704490,atl,48.500,-57.250,998.93,998.40,4.02,1.26,23.43,23.73,0.00,0.00,5.67
704490,atl,45.250,-37.500,1003.98,1003.65,5.36,1.50,28.01,31.19,0.00,0.00,3.00
704490,pac,61.250,185.750,995.31,995.14,9.05,2.12,29.56,29.56,0.00,0.00,3.76
704490,pac,51.250,164.000,998.62,998.30,8.70,1.97,35.54,36.16,0.00,0.00,3.38
704490,pac,45.500,203.500,993.53,992.88,15.86,4.27,42.27,42.27,0.00,0.00,7.16
704496,atl,67.500,-77.500,996.41,996.26,8.19,1.81,24.91,32.50,0.00,0.00,4.81
704496,atl,46.000,-35.500,1004.95,1004.63,4.98,1.34,25.94,28.60,0.00,0.00,2.54
704496,atl,45.750,-55.000,998.89,998.78,4.66,0.95,20.03,21.40,0.00,0.00,2.95
704496,pac,64.250,235.500,1004.89,1004.59,6.51,1.79,22.77,23.33,0.00,0.00,10.28
704496,pac,63.750,221.250,1004.07,1003.72,7.47,2.18,26.90,29.30,0.00,0.00,13.57
704496,pac,61.750,183.500,996.81,996.67,8.07,1.88,26.48,28.78,0.00,0.00,3.48
704496,pac,51.500,169.500,999.67,999.41,7.55,1.56,27.32,32.78,0.00,0.00,3.11
704496,pac,46.250,205.000,986.01,984.90,21.27,5.69,56.80,56.80,0.00,24702.90,10.09
704502,atl,68.000,-77.750,997.48,997.36,7.65,1.71,26.12,31.37,0.00,0.00,5.30
704502,atl,47.000,-34.250,1003.89,1003.69,4.98,1.27,26.35,29.43,0.00,0.00,2.76
704502,atl,46.000,-49.500,998.38,998.27,4.88,1.01,23.03,28.12,0.00,0.00,2.26
704502,pac,62.000,181.750,997.49,997.33,7.15,1.70,24.49,24.49,0.00,0.00,2.90
704502,pac,51.500,173.500,1000.15,999.94,6.36,1.32,26.19,31.70,0.00,0.00,3.02
704502,pac,47.000,207.250,981.51,980.65,23.27,5.93,62.81,62.81,0.00,99847.95,10.12
704508,atl,64.250,-76.750,1000.61,1000.45,5.30,0.79,24.38,28.08,0.00,0.00,3.30
704508,atl,48.000,-33.750,1003.95,1003.80,5.32,1.17,29.41,30.62,0.00,0.00,2.86
704508,atl,47.250,-46.250,997.89,997.72,6.77,1.54,26.21,27.55,0.00,0.00,2.29
704508,pac,62.000,180.250,998.46,998.33,6.48,1.45,23.67,23.67,0.00,0.00,2.67
704508,pac,49.000,182.000,1002.30,1002.07,7.65,1.75,36.44,40.06,0.00,0.00,4.35
704508,pac,48.750,208.750,978.14,977.47,23.93,5.47,61.50,61.50,0.00,161091.08,9.52
704514,atl,49.000,-33.500,1003.28,1003.13,4.85,1.06,27.65,29.37,0.00,0.00,2.78
704514,atl,48.500,-44.250,996.68,996.39,8.77,1.91,29.34,30.34,0.00,0.00,2.95
704514,pac,62.000,178.000,998.94,998.82,5.64,1.20,23.07,23.77,0.00,0.00,2.49
704514,pac,50.000,208.250,977.49,976.83,22.86,4.94,61.03,61.16,0.00,162486.25,7.47
704514,pac,48.000,186.500,1001.48,1001.14,8.04,2.04,34.62,39.20,0.00,0.00,3.88
704520,atl,67.250,-78.500,1002.33,1002.27,5.64,1.19,27.59,29.08,0.00,0.00,3.86
704520,atl,49.750,-43.000,994.71,994.10,12.57,3.03,35.83,38.63,0.00,0.00,4.78
704520,pac,50.500,209.250,977.46,976.91,21.98,5.00,58.41,58.42,0.00,134268.57,6.61
704520,pac,46.500,191.000,1002.39,1001.98,8.05,2.12,36.85,38.12,0.00,0.00,3.86
704526,atl,67.000,-77.750,1001.31,1001.14,7.58,1.86,30.59,31.20,0.00,0.00,4.81
704526,atl,50.500,-42.500,993.06,992.24,14.76,3.98,44.86,44.86,0.00,0.00,6.47
704526,pac,54.500,162.500,965.99,965.28,18.00,4.52,52.05,53.39,0.00,32443.01,15.26
704526,pac,51.500,209.500,979.36,978.86,19.86,4.44,48.02,54.21,0.00,56493.67,5.79
704526,pac,45.250,195.250,1002.87,1002.51,6.58,1.82,35.85,36.64,0.00,0.00,3.23
704532,atl,67.250,-77.250,1000.99,1000.63,9.36,2.35,36.60,36.60,0.00,0.00,5.69
704532,atl,55.000,-29.000,1000.58,1000.44,8.42,1.68,32.81,33.01,0.00,0.00,3.51
704532,atl,50.250,-41.000,995.92,995.30,13.92,3.75,46.51,46.51,0.00,0.00,5.95
704532,pac,55.750,164.250,957.53,956.57,23.93,6.34,54.97,61.19,0.00,135914.13,9.83
704532,pac,52.250,209.500,982.50,982.07,17.66,3.91,43.30,49.97,0.00,0.00,5.11
704532,pac,44.750,199.000,1004.28,1003.94,4.82,1.45,34.28,35.64,0.00,0.00,3.25
704538,atl,56.000,-30.000,999.40,999.24,8.83,1.63,30.48,33.14,0.00,0.00,4.29
704538,atl,52.000,-34.250,999.26,998.96,8.46,1.69,40.62,48.35,0.00,0.00,5.17
704538,atl,50.500,-37.750,999.28,998.83,11.39,2.89,48.42,48.42,0.00,0.00,5.24
704538,pac,55.250,166.250,958.54,957.65,21.76,5.41,53.70,58.18,0.00,140669.16,10.18
704538,pac,53.000,209.750,985.38,984.92,16.34,3.63,42.43,45.85,0.00,0.00,4.73
704544,atl,60.000,-77.000,1002.71,1002.33,9.42,2.42,42.64,42.64,0.00,0.00,3.93
704544,atl,56.500,-29.750,1000.56,1000.50,7.88,1.23,31.11,38.63,0.00,0.00,3.95
704544,pac,63.000,219.750,1004.81,1004.56,7.28,2.43,27.69,37.20,0.00,0.00,11.68
704544,pac,54.750,169.750,962.23,961.72,18.32,3.94,57.87,57.96,0.00,120950.25,6.50
704544,pac,54.000,209.500,988.76,988.40,14.72,3.35,36.84,41.24,0.00,0.00,4.33
704550,atl,61.250,-70.500,997.67,997.33,13.21,3.22,37.53,37.53,0.00,0.00,4.81
704550,atl,57.750,-29.750,1001.11,1001.02,7.89,1.39,28.14,34.39,0.00,0.00,3.44
704550,pac,64.750,213.000,1003.39,1003.20,5.37,1.25,28.43,32.96,0.00,0.00,12.48
704550,pac,64.000,217.500,1003.11,1002.75,7.87,2.41,27.55,33.06,0.00,0.00,12.48
704550,pac,55.250,209.000,991.36,991.07,12.53,2.93,34.91,37.88,0.00,0.00,4.54
704550,pac,54.250,175.250,965.05,964.79,14.88,2.90,56.76,60.25,0.00,145752.83,6.10
704556,atl,62.500,-68.000,995.52,994.87,15.06,3.76,40.61,40.61,0.00,0.00,8.97
704556,atl,58.500,-30.000,1003.05,1002.86,7.95,1.63,26.30,32.44,0.00,0.00,3.67
704556,pac,64.750,212.750,1002.48,1001.84,4.91,1.33,28.72,45.57,0.00,0.00,12.19
704556,pac,64.750,217.250,1002.57,1002.20,7.77,2.44,27.21,41.80,0.00,0.00,12.63
704556,pac,56.250,208.000,992.88,992.67,9.00,2.19,35.02,39.50,0.00,0.00,7.89
704556,pac,54.500,181.500,968.09,967.91,10.56,2.12,49.09,55.65,0.00,52330.87,5.18
704562,atl,63.000,-67.750,993.76,992.95,16.34,4.27,46.28,46.66,0.00,0.00,9.37
704562,atl,59.250,-30.000,1004.04,1003.91,7.61,1.55,28.09,30.31,0.00,0.00,3.64
704562,pac,66.000,217.000,1002.67,1002.37,7.04,2.02,31.57,38.68,0.00,0.00,10.90
704562,pac,54.500,186.500,969.12,969.01,9.44,1.80,43.49,51.31,0.00,3929.71,4.94
704568,atl,62.250,-65.250,994.18,993.47,14.91,4.22,49.31,49.31,0.00,0.00,7.77
704568,pac,55.000,190.750,970.89,970.82,8.55,1.27,40.67,43.04,0.00,0.00,4.04
704574,atl,62.500,-61.250,993.96,992.72,13.95,3.81,45.77,45.77,0.00,0.00,8.30
704574,atl,60.750,-30.750,1004.40,1004.25,8.58,1.58,28.69,41.62,0.00,0.00,5.27
704574,pac,55.250,193.500,971.87,971.78,8.32,1.13,36.24,42.05,0.00,0.00,3.77
704580,atl,63.000,-59.250,994.67,993.96,12.07,3.48,40.59,40.99,0.00,0.00,7.04
704580,atl,60.750,-29.250,1005.00,1004.80,8.64,1.84,30.11,33.70,0.00,0.00,3.94
704580,pac,65.750,229.750,1004.72,1003.81,4.97,1.29,22.50,25.46,0.00,0.00,7.17
704580,pac,65.500,232.250,1004.71,1003.81,5.70,1.44,21.47,25.34,0.00,0.00,7.17
704580,pac,57.250,191.500,973.88,973.76,8.60,1.50,29.42,32.88,0.00,0.00,3.36
704580,pac,55.000,197.000,973.56,973.42,8.34,1.44,35.58,37.86,0.00,0.00,3.67
704586,atl,68.000,-52.000,1000.49,1000.24,7.00,1.68,32.29,36.83,0.00,0.00,6.70
704586,atl,63.750,-57.000,996.34,995.74,9.46,3.12,39.62,39.62,0.00,0.00,5.79
704586,atl,54.500,-70.750,1002.79,1002.23,9.14,2.59,38.38,38.38,0.00,0.00,6.97
704586,pac,64.500,234.750,1002.94,1002.73,5.53,1.62,25.72,32.21,0.00,0.00,7.34
704586,pac,64.000,237.750,1002.96,1002.78,5.99,1.49,25.72,32.76,0.00,0.00,7.34
704586,pac,56.250,191.500,976.80,976.70,8.14,1.37,35.74,43.34,0.00,0.00,4.33
704586,pac,55.500,198.500,975.13,975.01,7.96,1.50,29.65,34.52,0.00,0.00,3.56
704592,atl,66.250,-67.000,1002.21,1001.88,4.47,1.09,24.55,30.64,0.00,0.00,6.44
704592,atl,65.000,-56.500,998.55,998.05,8.12,2.67,37.55,37.55,0.00,0.00,6.01
704592,atl,55.750,-64.000,1003.41,1002.69,7.11,2.04,33.06,33.06,0.00,0.00,5.79
704592,pac,63.000,238.000,1000.57,1000.17,5.29,1.55,29.81,29.81,0.00,0.00,7.05
704592,pac,55.500,199.000,978.16,977.69,7.21,1.40,25.20,39.96,0.00,0.00,3.24
704598,atl,66.500,-67.500,1001.16,1000.87,5.48,1.53,22.12,28.56,0.00,0.00,6.12
704598,atl,66.250,-57.500,1000.12,999.68,7.06,2.24,35.82,35.82,0.00,0.00,6.12
704598,atl,56.500,-57.750,1003.60,1003.34,7.24,1.77,23.69,26.95,0.00,0.00,5.18
704598,atl,55.000,-63.000,1003.60,1003.27,6.63,1.72,24.13,25.63,0.00,0.00,6.10
704598,pac,66.000,230.250,999.84,999.36,4.02,1.20,15.75,25.18,0.00,0.00,6.61
704598,pac,55.250,200.500,979.49,979.32,7.24,1.37,24.65,35.57,0.00,0.00,3.46
704598,pac,42.000,160.250,1001.44,999.84,20.87,6.71,55.11,55.11,0.00,19035.21,12.80
704604,atl,67.250,-57.750,1002.45,1001.99,6.52,2.00,33.25,33.25,0.00,0.00,8.03
704604,atl,66.750,-67.500,1002.93,1002.68,4.99,1.28,25.28,29.51,0.00,0.00,4.79
704604,atl,57.250,-55.500,1002.75,1002.51,8.31,2.07,27.15,29.92,0.00,0.00,5.42
704604,atl,54.250,-63.000,1002.00,1001.61,8.88,2.47,30.42,31.16,0.00,0.00,6.13
704604,pac,58.000,213.500,986.17,985.92,4.30,1.29,43.85,48.84,0.00,0.00,8.29
704604,pac,54.750,201.500,982.10,982.00,6.72,1.20,28.09,34.88,0.00,0.00,3.10
704604,pac,43.500,162.750,999.82,999.02,22.91,6.96,53.57,53.57,0.00,25109.84,10.66
704610,atl,69.000,-72.750,1003.91,1003.78,4.18,1.13,24.41,24.41,0.00,0.00,3.13
704610,atl,67.250,-68.250,1004.64,1004.25,4.01,0.76,21.97,24.41,0.00,0.00,3.27
704610,atl,58.250,-54.500,1002.98,1002.78,7.98,1.85,31.31,35.90,0.00,0.00,5.05
704610,atl,53.250,-61.250,1002.22,1001.67,8.39,2.27,34.74,36.01,0.00,0.00,5.86
704610,pac,54.250,203.250,984.11,984.05,5.80,1.02,26.37,34.77,0.00,0.00,2.88
704610,pac,44.750,165.250,999.90,999.26,20.64,5.79,50.55,50.55,0.00,3342.29,8.75
704616,atl,56.250,-56.500,1001.43,1001.13,9.55,2.58,36.29,36.29,0.00,0.00,7.10
704616,pac,63.500,234.500,993.11,992.61,4.06,1.03,20.62,26.49,0.00,0.00,6.02
704616,pac,62.750,214.500,988.46,987.72,5.09,1.05,28.21,31.53,0.00,0.00,8.79
704616,pac,62.250,219.750,988.43,988.08,5.70,1.58,27.60,29.14,0.00,0.00,8.08
704616,pac,61.750,204.750,989.02,988.76,4.09,1.00,27.45,29.98,0.00,0.00,8.79
704616,pac,58.500,238.500,992.40,991.99,4.81,1.64,36.02,43.24,0.00,0.00,6.93
704616,pac,53.500,205.500,987.56,987.52,5.00,0.79,23.97,31.28,0.00,0.00,3.08
704616,pac,45.750,167.750,1001.07,1000.42,18.78,4.85,49.26,49.26,0.00,0.00,6.91
704622,atl,56.500,-55.750,1000.53,1000.29,10.08,2.71,36.66,36.66,0.00,0.00,4.87
704622,pac,64.250,207.750,990.53,990.30,7.70,1.19,26.05,32.31,0.00,0.00,9.87
704622,pac,64.250,214.250,988.94,988.24,8.83,1.89,28.93,30.86,0.00,0.00,9.59
704622,pac,62.500,220.000,988.56,988.12,7.07,1.94,16.45,28.35,0.00,0.00,8.29
704622,pac,62.000,238.250,991.92,991.65,4.80,0.80,12.72,23.11,0.00,0.00,7.17
704622,pac,61.750,204.750,990.47,989.97,4.47,0.99,21.40,24.80,0.00,0.00,6.85
704622,pac,53.250,209.000,988.92,988.86,4.81,0.70,20.89,27.46,0.00,0.00,2.29
704622,pac,46.500,170.250,1000.38,999.86,17.05,4.04,45.58,45.58,0.00,0.00,5.46
704628,atl,56.500,-54.750,1000.35,1000.09,10.86,2.90,41.71,41.71,0.00,0.00,5.49
704628,atl,42.000,-36.500,1004.54,1004.30,11.27,2.45,38.21,39.24,0.00,0.00,4.17
704628,pac,64.000,215.000,991.45,990.69,8.69,2.23,27.56,28.68,0.00,0.00,8.19
704628,pac,63.500,206.000,992.21,992.10,7.44,1.53,27.56,27.56,0.00,0.00,8.12
704628,pac,62.750,220.250,991.59,991.39,7.56,2.21,16.20,28.21,0.00,0.00,8.19
704628,pac,53.500,212.750,991.18,991.06,5.37,1.05,20.97,24.42,0.00,0.00,2.02
704628,pac,47.000,172.500,999.83,999.35,16.24,3.69,45.19,45.19,0.00,0.00,5.13
704634,atl,56.750,-53.750,999.02,998.77,11.07,3.08,42.73,42.73,0.00,0.00,5.83
704634,atl,49.500,-49.250,1004.70,1004.57,5.55,1.69,31.61,35.28,0.00,0.00,2.93
704634,atl,46.000,-36.500,1004.50,1003.57,10.04,2.45,37.12,38.97,0.00,0.00,4.18
704634,atl,32.250,-7.500,1004.50,1003.26,6.22,1.68,31.88,32.93,0.00,0.00,10.26
704634,pac,64.000,216.500,992.19,991.85,9.35,2.61,29.63,30.61,0.00,0.00,12.11
704634,pac,63.250,205.250,993.74,993.61,7.42,1.81,26.28,29.01,0.00,0.00,8.46
704634,pac,53.750,212.750,993.56,993.44,5.22,1.05,18.02,21.35,0.00,0.00,1.78
704634,pac,52.250,237.000,1002.48,1002.23,4.54,2.63,47.50,47.50,0.00,0.00,10.44
704634,pac,47.000,174.250,999.04,998.59,14.66,3.32,47.59,47.59,0.00,0.00,4.53
704640,atl,57.000,-77.500,993.48,993.17,10.35,2.44,31.34,39.52,0.00,0.00,4.32
704640,atl,56.750,-52.250,999.02,998.79,9.47,2.73,39.69,39.69,0.00,0.00,4.74
704640,atl,49.250,-46.750,1003.95,1003.84,6.16,1.81,36.80,36.80,0.00,0.00,3.11
704640,atl,47.000,-35.500,1004.98,1004.69,9.40,2.26,36.67,38.33,0.00,0.00,4.70
704640,pac,63.750,217.500,993.99,993.29,9.12,2.47,31.12,31.12,0.00,0.00,12.76
704640,pac,63.000,204.500,994.81,994.24,8.04,1.93,27.58,27.58,0.00,0.00,10.69
704640,pac,63.000,222.500,993.24,992.85,9.72,2.83,31.12,31.12,0.00,0.00,12.76
704640,pac,62.000,238.750,995.88,995.62,5.09,1.07,28.75,30.19,0.00,0.00,6.31
704640,pac,52.500,237.750,1000.73,1000.24,5.13,2.45,48.76,48.76,0.00,0.00,9.81
704640,pac,51.500,217.000,996.90,996.78,5.42,1.03,22.40,26.56,0.00,0.00,2.15
704640,pac,46.750,176.000,999.55,999.21,12.78,2.84,42.40,45.55,0.00,0.00,3.94
704646,atl,59.250,-53.750,998.05,997.85,7.06,1.95,36.45,36.45,0.00,0.00,3.41
704646,atl,56.500,-71.750,990.38,989.99,12.35,2.86,32.73,36.62,0.00,0.00,4.51
704646,atl,51.500,-37.750,1003.85,1003.66,4.63,0.99,23.13,37.12,0.00,0.00,3.62
704646,atl,49.750,-44.500,1001.32,1001.13,6.59,1.90,37.01,37.01,0.00,0.00,3.14
704646,atl,44.500,-45.750,1003.63,1003.29,8.42,2.30,44.44,44.44,0.00,0.00,4.59
704646,pac,63.000,223.000,997.06,996.86,7.69,2.25,22.84,24.97,0.00,0.00,10.96
704646,pac,62.750,203.250,997.29,996.88,7.44,1.69,24.80,24.80,0.00,0.00,8.00
704646,pac,52.000,218.000,998.90,998.69,5.53,1.19,17.24,24.66,0.00,0.00,1.87
704646,pac,46.250,178.250,998.96,998.66,11.44,2.52,41.12,41.83,0.00,0.00,3.63
704652,atl,67.250,-50.500,1000.94,1000.62,8.15,2.29,39.57,41.13,0.00,0.00,8.20
704652,atl,63.250,-48.500,1000.93,1000.39,4.36,1.88,41.13,41.13,0.00,0.00,11.84
704652,atl,61.000,-55.250,995.90,995.69,6.08,1.74,37.30,41.13,0.00,0.00,5.32
704652,atl,56.500,-66.500,988.20,987.66,12.73,3.45,33.91,33.91,0.00,0.00,6.12
704652,atl,50.500,-43.000,1000.19,999.93,8.11,2.49,38.56,38.56,0.00,0.00,4.16
704652,atl,45.750,-42.500,1003.40,1002.88,8.84,2.41,42.19,42.19,0.00,0.00,4.31
704652,pac,64.250,215.000,1001.02,1000.76,6.62,1.66,20.06,24.21,0.00,0.00,9.64
704652,pac,64.000,221.250,1000.94,1000.80,6.74,1.89,18.79,24.21,0.00,0.00,9.64
704652,pac,63.000,203.000,1000.37,1000.19,6.63,1.49,22.62,24.64,0.00,0.00,6.56
704652,pac,52.000,218.000,1002.51,1002.41,4.41,0.91,22.13,27.12,0.00,0.00,2.16
704652,pac,46.000,180.500,1000.12,999.84,9.68,2.13,38.18,38.48,0.00,0.00,2.92
704658,atl,67.250,-50.500,999.30,999.03,7.10,2.08,40.00,42.07,0.00,0.00,9.09
704658,atl,64.000,-58.250,995.07,994.89,6.67,1.99,35.29,37.06,0.00,0.00,9.06
704658,atl,63.500,-48.250,999.74,999.07,4.90,2.19,42.07,42.07,0.00,0.00,10.84
704658,atl,55.750,-61.000,990.00,989.39,9.95,2.42,31.03,31.09,0.00,0.00,5.70
704658,atl,52.750,-76.000,997.88,997.63,5.02,1.11,34.67,40.27,0.00,0.00,4.81
704658,atl,51.000,-41.750,1000.51,1000.30,8.06,2.45,38.65,42.32,0.00,0.00,4.49
704658,pac,64.250,215.750,1002.51,1002.23,6.35,1.66,22.14,22.97,0.00,0.00,10.21
704658,pac,64.250,222.500,1002.77,1002.36,6.24,1.51,19.26,23.77,0.00,0.00,10.21
704658,pac,63.000,203.750,1002.76,1002.49,5.39,1.27,24.97,25.35,0.00,0.00,6.53
704658,pac,46.000,182.750,999.90,999.68,8.77,1.87,34.33,36.22,0.00,0.00,2.85
704664,atl,67.500,-50.750,1000.48,1000.29,6.35,1.57,41.94,41.94,0.00,0.00,8.32
704664,atl,65.250,-59.000,994.99,994.67,8.28,2.28,35.47,39.15,0.00,0.00,9.46
704664,atl,56.500,-58.250,990.27,989.83,10.59,2.94,33.82,33.82,0.00,0.00,5.66
704664,atl,52.250,-40.000,1002.08,1001.77,8.27,2.30,35.62,40.01,0.00,0.00,3.91
704664,pac,64.500,202.500,1003.85,1003.58,6.92,1.27,27.15,30.21,0.00,0.00,9.19
704664,pac,63.750,218.500,1002.80,1002.63,7.35,2.08,28.74,28.74,0.00,0.00,12.52
704664,pac,63.000,223.250,1002.80,1002.52,7.20,1.89,23.40,28.74,0.00,0.00,12.52
704664,pac,62.250,228.750,1004.12,1003.64,4.92,0.98,22.34,23.40,0.00,0.00,9.67
704664,pac,46.250,184.500,1001.11,1000.93,7.85,1.66,30.54,31.20,0.00,0.00,2.79
704670,atl,66.500,-59.000,996.63,996.43,7.62,1.96,34.66,38.77,0.00,0.00,9.02
704670,atl,66.000,-66.500,999.16,998.82,6.86,1.53,33.40,38.77,0.00,0.00,9.02
704670,atl,57.000,-57.000,989.67,989.24,11.67,3.44,35.77,35.77,0.00,0.00,5.71
704670,atl,54.000,-39.250,1003.60,1003.44,6.15,1.74,35.20,38.74,0.00,0.00,3.73
704670,atl,50.750,-64.500,995.85,995.40,7.99,1.69,32.35,36.94,0.00,0.00,5.01
704670,atl,37.500,4.500,1004.18,1003.99,6.46,2.01,29.65,29.65,0.00,0.00,7.49
704670,pac,46.750,186.500,1001.49,1001.36,7.25,1.46,27.07,27.86,0.00,0.00,2.72
704676,atl,68.250,-61.500,999.05,998.74,7.25,2.29,36.29,36.29,0.00,0.00,7.77
704676,atl,63.500,-48.000,1001.59,1001.23,4.05,1.92,38.45,38.45,0.00,0.00,10.10
704676,atl,57.250,-55.500,989.13,988.96,13.36,3.64,38.83,38.83,0.00,0.00,6.32
704676,atl,50.250,-61.250,996.43,996.09,7.97,1.89,36.89,36.89,0.00,0.00,5.50
704676,atl,41.500,-62.250,1004.04,1003.75,6.42,1.58,40.19,46.06,0.00,0.00,4.31
704676,pac,47.500,188.750,1002.39,1002.31,6.65,1.23,26.20,27.47,0.00,0.00,2.66
704682,atl,68.750,-61.750,1000.85,1000.54,5.67,2.11,33.55,33.55,0.00,0.00,7.52
704682,atl,66.500,-67.500,1003.46,1003.22,4.75,1.23,33.55,33.55,0.00,0.00,7.52
704682,atl,63.250,-48.250,999.89,999.57,4.98,2.00,39.68,39.68,0.00,0.00,10.78
704682,atl,58.000,-54.000,989.73,989.43,13.52,3.42,41.89,41.89,0.00,0.00,5.31
704682,atl,50.250,-56.500,998.76,998.45,5.56,1.54,34.67,34.67,0.00,0.00,4.87
704682,atl,49.750,-60.000,998.64,998.45,6.26,1.52,34.30,36.23,0.00,0.00,4.87
704682,atl,43.000,-57.500,998.57,997.81,9.04,2.66,38.98,41.76,0.00,0.00,4.75
704682,pac,49.000,190.500,1003.34,1003.29,6.12,0.98,22.80,29.06,0.00,0.00,2.72
704688,atl,59.500,-52.750,992.70,992.54,12.26,2.91,46.14,49.19,0.00,0.00,13.19
704688,atl,44.250,-54.500,991.51,990.59,15.29,4.73,43.68,43.68,0.00,0.00,7.23
704688,pac,50.500,192.000,1004.17,1004.10,5.77,0.94,23.21,27.02,0.00,0.00,2.53
704694,atl,63.750,-48.750,996.59,995.94,8.99,2.60,50.86,50.86,0.00,3807.95,12.18
704694,atl,61.750,-53.750,993.35,993.01,11.82,2.71,48.91,50.86,0.00,3807.95,11.98
704694,atl,45.750,-52.750,984.67,983.77,20.05,5.73,54.02,54.02,0.00,10167.55,7.21
704694,atl,42.250,8.250,1003.59,1002.99,8.87,2.45,42.11,42.11,0.00,0.00,7.39
704694,pac,51.250,193.250,1003.95,1003.88,6.02,1.07,25.96,26.53,0.00,0.00,2.38
704694,pac,48.000,160.500,971.86,971.58,24.55,5.00,56.66,59.17,0.00,125349.11,8.69
704700,atl,67.500,-50.250,997.63,997.20,9.22,2.33,46.46,51.34,0.00,1388.28,9.32
704700,atl,63.500,-55.500,993.72,993.23,12.99,3.70,46.27,51.34,0.00,2089.94,9.15
704700,atl,47.250,-52.500,980.55,979.19,24.52,7.20,51.63,51.63,0.00,6691.93,10.42
704700,atl,41.250,8.000,1004.15,1003.43,8.14,2.32,45.72,45.72,0.00,0.00,8.96
704700,pac,51.750,194.250,1003.73,1003.63,6.03,1.17,25.75,25.75,0.00,0.00,2.54
704700,pac,48.750,163.500,967.28,966.75,28.64,6.16,64.00,64.00,531.94,219545.32,9.95
704706,atl,65.250,-56.750,996.82,996.36,11.42,3.88,46.33,46.33,0.00,0.00,8.97
704706,atl,47.500,-52.750,980.77,979.38,23.51,6.61,45.95,48.27,0.00,0.00,9.29
704706,pac,52.000,195.250,1003.23,1003.12,5.97,1.21,24.68,24.89,0.00,0.00,2.64
704706,pac,49.250,165.500,967.62,966.78,27.89,6.28,62.06,62.06,0.00,222882.63,8.31
704712,atl,67.500,-57.000,1002.65,1002.05,9.82,3.39,58.69,58.69,0.00,7579.50,10.86
704712,atl,47.750,-53.000,983.35,982.37,20.16,5.30,49.83,51.06,0.00,1464.19,7.96
704712,pac,53.500,196.500,1002.73,1002.65,5.34,0.97,22.23,24.62,0.00,0.00,2.76
704712,pac,49.250,167.750,971.98,971.17,25.06,5.96,59.26,59.37,0.00,178851.75,7.18
704718,atl,47.500,-53.500,983.56,982.94,17.36,4.47,47.17,48.01,0.00,0.00,7.30
704718,pac,55.500,202.500,1000.84,1000.70,7.51,1.37,33.72,41.28,0.00,0.00,8.23
704718,pac,49.000,170.750,976.39,975.65,21.07,5.02,54.15,54.62,0.00,121058.21,6.84
704724,atl,68.250,6.000,1002.96,1002.91,7.67,1.53,26.40,28.58,0.00,0.00,3.94
704724,atl,47.250,-53.500,984.49,983.93,15.26,3.84,45.16,47.04,0.00,0.00,6.63
704724,pac,56.500,200.000,1000.05,999.85,6.45,1.29,31.03,47.08,0.00,0.00,6.55
704724,pac,48.250,174.250,981.47,980.93,16.96,4.01,55.06,55.06,0.00,73432.67,6.05
704730,atl,66.500,6.500,1003.38,1003.32,6.77,1.25,24.04,24.91,0.00,0.00,3.92
704730,atl,47.250,-53.500,985.29,984.60,13.51,3.37,40.12,44.42,0.00,0.00,5.92
704730,atl,47.250,-42.500,998.36,998.07,5.34,1.25,35.74,35.74,0.00,0.00,3.54
704730,pac,57.000,200.000,999.91,999.79,6.47,1.44,26.44,43.65,0.00,0.00,8.94
704730,pac,48.000,178.000,983.84,983.47,13.99,3.14,51.38,51.38,0.00,14539.66,5.51
704736,atl,65.250,7.500,1004.38,1004.30,5.75,1.24,21.40,25.08,0.00,0.00,5.93
704736,atl,47.250,-53.500,987.31,986.81,11.17,2.70,35.37,40.24,0.00,0.00,4.64
704736,pac,48.250,182.000,985.08,984.88,11.84,2.40,48.03,48.03,0.00,0.00,4.73
704742,atl,60.000,9.750,1004.75,1004.57,4.51,1.11,29.28,35.32,0.00,0.00,4.22
704742,atl,47.500,-53.750,987.27,986.99,9.74,2.23,35.57,38.77,0.00,0.00,3.32
704742,atl,31.000,4.750,1003.55,1003.22,6.04,1.46,23.78,28.84,0.00,0.00,6.07
704742,pac,49.250,186.000,986.03,985.94,10.05,1.69,45.01,45.01,0.00,0.00,4.27
704748,atl,60.750,9.250,1003.40,1002.98,6.32,2.01,25.37,29.81,0.00,0.00,6.95
704748,atl,47.750,-53.750,988.39,988.23,9.10,2.01,31.00,35.18,0.00,0.00,2.99
704748,atl,32.250,6.250,1002.05,1001.79,7.66,1.79,41.86,41.86,0.00,0.00,7.30
704748,pac,52.250,188.500,985.72,985.65,9.05,1.39,25.44,40.64,0.00,0.00,3.91
704754,atl,59.000,8.250,1003.71,1003.22,6.71,2.12,32.33,32.33,0.00,0.00,7.29
704754,atl,50.000,-38.500,1001.32,1001.06,7.23,1.68,34.60,37.89,0.00,0.00,3.84
704754,atl,48.000,-53.250,990.30,990.04,8.60,2.03,29.80,29.80,0.00,0.00,3.71
704754,atl,32.500,8.500,1000.16,999.73,8.15,1.94,41.52,41.52,0.00,0.00,12.33
704754,pac,54.250,190.250,985.76,985.66,9.23,1.49,26.46,35.81,0.00,0.00,4.90
704760,atl,48.500,-52.500,993.53,993.35,7.41,1.82,24.74,24.74,0.00,0.00,2.72
704760,atl,39.000,-61.750,996.64,996.15,5.07,1.14,36.20,36.20,0.00,0.00,2.53
704760,atl,31.750,6.500,1001.76,1001.57,6.77,1.22,27.64,40.22,0.00,0.00,12.03
704760,pac,55.750,190.250,986.23,986.05,10.09,1.87,24.31,34.88,0.00,0.00,4.75
704766,atl,69.000,-2.250,997.24,996.93,15.26,2.69,49.83,51.12,0.00,3668.51,7.36
704766,atl,49.500,-52.750,995.22,995.04,5.83,1.41,23.22,24.18,0.00,0.00,2.24
704766,atl,39.500,-58.250,994.43,993.89,6.76,1.62,42.19,42.19,0.00,0.00,3.37
704766,atl,31.000,8.000,1002.22,1001.90,6.42,1.50,28.60,33.79,0.00,0.00,9.93
704766,pac,56.000,190.250,987.71,987.52,9.79,1.80,21.00,30.91,0.00,0.00,4.31
704772,atl,68.250,-1.250,997.87,997.76,14.14,2.27,48.01,49.84,0.00,0.00,6.88
704772,atl,50.000,-53.750,996.72,996.61,4.95,1.15,22.37,25.10,0.00,0.00,2.34
704772,atl,41.000,-53.250,995.06,994.64,7.77,2.01,49.80,49.80,0.00,0.00,3.74
704772,pac,57.250,188.500,989.60,989.44,9.52,1.70,22.53,27.14,0.00,0.00,3.03
704778,atl,67.250,-0.250,997.84,997.70,12.98,2.32,48.62,52.18,0.00,10289.63,6.98
704778,atl,51.250,-61.500,999.04,998.86,5.05,0.83,24.50,30.71,0.00,0.00,4.41
704778,atl,48.750,-56.250,997.47,997.13,4.05,1.07,23.59,23.59,0.00,0.00,3.05
704778,atl,44.750,-46.750,996.37,996.05,8.94,2.04,53.10,53.10,0.00,3432.09,4.40
704778,pac,57.500,187.500,991.68,991.43,9.48,1.72,24.94,26.30,0.00,0.00,3.10
704784,atl,66.750,0.000,997.80,997.68,13.11,2.47,45.41,49.62,0.00,0.00,6.86
704784,atl,51.750,-54.750,1000.59,1000.47,4.40,0.93,18.35,24.07,0.00,0.00,2.50
704784,atl,50.250,-63.750,1000.48,1000.20,5.91,1.35,24.65,27.52,0.00,0.00,4.25
704784,atl,48.000,-43.250,995.37,994.66,12.44,3.22,45.33,45.33,0.00,0.00,6.29
704784,pac,57.500,187.750,994.91,994.69,8.88,1.62,23.57,30.36,0.00,0.00,3.04
704784,pac,52.250,240.000,1000.16,999.20,9.02,3.72,31.09,31.09,0.00,0.00,14.07
704790,atl,66.000,0.000,997.63,997.48,12.60,2.41,39.16,51.54,0.00,7572.48,6.11
704790,atl,50.750,-41.000,994.37,993.49,14.43,4.13,43.93,43.93,0.00,0.00,7.09
704790,atl,50.000,-62.750,1000.61,1000.27,5.44,1.25,21.42,23.21,0.00,0.00,3.40
704790,pac,57.250,187.750,997.67,997.51,8.50,1.60,21.99,28.80,0.00,0.00,2.89
704796,atl,65.250,-1.000,999.17,999.02,11.78,2.35,33.90,56.83,0.00,17490.39,5.75
704796,atl,53.250,-40.000,996.81,995.77,14.37,4.07,48.58,48.58,0.00,0.00,6.52
704796,atl,49.500,-62.750,1001.96,1001.69,5.32,1.20,22.36,23.54,0.00,0.00,3.11
704796,atl,39.500,-55.750,1004.52,1004.40,4.25,0.95,35.13,35.13,0.00,0.00,2.33
704796,pac,56.750,187.500,1000.82,1000.70,8.00,1.51,25.61,28.32,0.00,0.00,2.71
704802,atl,64.750,-1.250,1000.19,1000.02,10.50,2.06,35.09,53.11,0.00,4071.07,5.07
704802,atl,55.750,-40.750,997.93,996.87,16.15,4.75,49.86,53.23,0.00,8663.39,9.85
704802,atl,40.750,-55.250,1003.78,1003.58,4.84,1.23,33.65,40.55,0.00,0.00,2.43
704802,atl,31.250,-4.750,1004.76,1004.03,5.39,2.14,32.45,34.82,0.00,0.00,16.87
704802,pac,56.000,187.500,1003.04,1002.97,7.30,1.38,23.92,27.46,0.00,0.00,2.73
704808,atl,64.250,-1.750,1001.20,1001.09,9.07,1.64,34.29,53.75,0.00,6729.50,5.46
704808,atl,57.500,-43.250,997.76,996.65,16.93,5.18,65.11,68.44,2704.58,63763.42,21.49
704808,atl,56.000,-49.750,1003.24,1003.08,6.34,1.23,46.82,64.16,395.11,28067.41,8.66
704808,atl,42.250,-50.250,1004.74,1004.47,5.62,1.48,36.39,48.09,0.00,0.00,3.14
704814,atl,63.500,-2.500,1001.23,1001.18,8.21,1.47,40.25,52.42,0.00,24925.20,5.20
704814,atl,58.250,-47.500,997.26,996.23,15.01,4.57,68.21,74.94,11628.21,59732.14,28.25
704814,atl,47.750,-41.750,1003.93,1003.51,5.96,1.74,28.62,30.09,0.00,0.00,3.30
704814,atl,44.750,-45.750,1004.39,1004.15,4.90,1.28,30.09,51.51,0.00,2310.60,4.44
704814,atl,42.000,-49.000,1004.01,1003.21,6.00,1.64,51.51,51.51,0.00,2310.60,4.44
704820,atl,63.000,-3.250,1002.58,1002.51,7.40,1.39,36.74,49.62,0.00,0.00,4.71
704820,atl,62.750,9.250,1003.71,1002.97,4.86,1.57,33.74,33.74,0.00,0.00,5.10
704820,atl,58.250,-52.000,994.43,993.28,16.35,5.23,53.45,53.62,0.00,14003.10,18.15
704820,atl,50.000,-39.000,999.35,998.69,9.89,2.96,31.41,32.13,0.00,0.00,4.90
704826,atl,61.750,-4.000,1003.60,1003.55,6.29,1.13,39.57,47.91,0.00,0.00,4.16
704826,atl,57.750,-55.000,995.64,994.58,15.56,4.82,35.69,39.27,0.00,0.00,5.68
704826,atl,51.500,-36.250,997.82,997.07,10.33,3.10,27.16,29.37,0.00,0.00,5.56
704826,atl,48.750,-54.500,1003.99,1003.43,4.05,1.16,23.75,23.75,0.00,0.00,3.83
704832,atl,60.500,-5.000,1003.78,1003.73,6.16,1.23,34.60,44.25,0.00,0.00,3.79
704832,atl,56.750,-56.250,996.53,995.71,14.64,4.37,41.81,41.81,0.00,0.00,5.61
704832,atl,52.750,-33.500,995.22,994.79,11.54,3.04,32.71,35.15,0.00,0.00,4.89
704832,pac,54.500,163.000,1001.41,1001.02,4.37,1.02,25.70,33.20,0.00,0.00,7.51
704838,atl,59.500,-4.750,1003.99,1003.92,4.97,1.05,30.02,39.00,0.00,0.00,3.16
704838,atl,55.250,-56.750,998.34,997.53,12.45,3.67,40.12,40.12,0.00,0.00,6.07
704838,atl,54.750,-31.750,992.39,992.07,12.67,2.86,39.69,40.25,0.00,0.00,4.73
704838,atl,31.000,6.750,1000.99,1000.53,7.84,1.90,27.24,31.63,0.00,0.00,7.27
704838,pac,54.750,167.000,998.78,998.57,7.86,1.96,26.14,26.26,0.00,0.00,4.03
704844,atl,56.750,-32.500,989.23,988.47,15.94,3.85,46.73,46.73,0.00,0.00,6.11
704844,atl,53.500,-56.250,1002.48,1002.12,8.60,2.36,34.96,36.07,0.00,0.00,6.12
704844,atl,31.750,8.500,1001.77,1001.57,6.87,1.77,37.24,37.24,0.00,0.00,8.44
704844,pac,55.250,169.750,997.81,997.55,9.91,2.45,28.58,28.58,0.00,0.00,3.59
704850,atl,57.500,-34.000,983.51,982.59,20.67,5.55,50.41,50.41,0.00,1313.10,7.16
704850,atl,31.750,9.000,1002.42,1001.87,4.57,1.25,34.06,37.27,0.00,0.00,8.74
704850,pac,55.750,170.750,996.60,996.32,10.25,2.44,28.12,28.34,0.00,0.00,3.35
704856,atl,57.500,-34.250,982.90,981.96,21.45,5.81,47.20,48.44,0.00,0.00,6.58
704856,atl,48.000,-14.750,1004.69,1004.42,5.86,1.55,28.80,30.19,0.00,0.00,3.23
704856,pac,56.000,170.750,996.03,995.73,10.15,2.40,31.65,32.05,0.00,0.00,3.64
704862,atl,57.750,-35.000,983.15,982.38,20.80,5.45,44.41,49.93,0.00,0.00,6.85
704862,atl,54.500,-17.750,1000.03,999.60,5.99,1.92,38.04,38.04,0.00,0.00,4.09
704862,pac,57.000,204.250,1003.73,1003.40,8.87,2.07,38.39,43.47,0.00,0.00,9.97
704862,pac,56.250,170.500,994.84,994.52,10.20,2.44,32.68,33.97,0.00,0.00,3.88
704868,atl,57.750,9.750,999.47,999.22,4.62,1.01,23.71,37.30,0.00,0.00,5.80
704868,atl,57.500,-37.750,985.34,984.60,19.66,5.07,50.93,54.17,0.00,6333.26,6.58
704868,atl,54.000,-14.750,999.09,998.40,7.40,2.38,37.77,37.77,0.00,0.00,4.08
704868,pac,58.000,206.500,1004.12,1003.79,7.83,1.80,32.67,44.18,0.00,0.00,10.25
704868,pac,56.000,169.750,993.11,992.86,10.88,2.61,36.32,36.32,0.00,0.00,4.12
704874,atl,63.000,0.750,999.39,999.26,5.39,0.93,21.96,29.40,0.00,0.00,4.03
704874,atl,63.000,7.000,999.23,998.97,5.90,1.27,29.40,29.40,0.00,0.00,4.03
704874,atl,56.500,-39.250,988.35,987.67,17.97,4.77,51.10,51.10,0.00,2451.21,6.38
704874,atl,54.000,-12.250,996.85,996.07,8.85,2.90,40.26,40.26,0.00,0.00,4.99
704874,pac,64.500,209.000,1002.09,1001.77,5.53,1.38,26.11,37.17,0.00,0.00,7.76
704874,pac,64.500,212.250,1002.20,1001.77,5.73,1.41,26.11,38.44,0.00,0.00,7.76
704874,pac,59.000,208.750,1004.54,1004.22,6.00,1.73,36.92,44.63,0.00,0.00,7.76
704874,pac,55.750,169.250,992.89,992.63,10.44,2.52,34.46,34.63,0.00,0.00,4.05
704880,atl,64.000,4.250,999.02,998.87,6.10,1.17,26.25,30.83,0.00,0.00,4.61
704880,atl,63.500,0.750,998.91,998.81,5.24,0.87,23.88,29.48,0.00,0.00,4.61
704880,atl,55.500,-39.250,992.64,992.05,15.64,4.10,44.31,45.24,0.00,0.00,5.23
704880,atl,54.250,-10.000,996.40,995.60,8.64,2.69,40.27,40.27,0.00,0.00,4.08
704880,pac,65.750,207.750,999.27,999.01,6.87,1.56,23.17,28.86,0.00,0.00,9.73
704880,pac,65.500,216.250,998.65,998.39,7.47,1.22,26.16,33.25,0.00,0.00,15.30
704880,pac,63.500,220.000,998.56,998.41,8.19,2.12,35.76,35.76,0.00,0.00,15.30
704880,pac,55.250,169.250,993.38,993.12,9.88,2.31,33.84,34.23,0.00,0.00,3.69
704886,atl,65.500,-9.000,997.97,997.79,7.41,1.55,30.75,32.47,0.00,0.00,4.99
704886,atl,63.250,8.500,999.98,999.80,4.42,1.02,24.88,24.88,0.00,0.00,5.79
704886,atl,54.750,-39.250,994.61,994.13,13.86,3.64,36.97,39.03,0.00,0.00,4.29
704886,atl,54.250,-7.500,997.53,997.17,7.21,2.16,34.97,38.83,0.00,0.00,3.44
704886,atl,50.000,-2.250,1000.60,1000.12,7.36,2.04,37.39,38.72,0.00,0.00,4.39
704886,pac,65.250,223.000,996.68,996.36,8.01,1.60,24.53,35.52,0.00,0.00,14.34
704886,pac,65.250,232.500,998.42,998.10,6.87,1.49,20.53,26.63,0.00,0.00,7.60
704886,pac,54.750,170.000,994.21,993.99,9.26,2.08,31.70,33.11,0.00,0.00,3.24
704892,atl,65.750,-12.750,998.46,998.29,7.39,1.52,32.62,35.80,0.00,0.00,4.48
704892,atl,63.750,-18.000,998.66,998.38,6.73,1.48,35.80,35.80,0.00,0.00,4.48
704892,atl,60.250,8.750,1000.34,999.92,5.12,2.09,31.72,31.72,0.00,0.00,8.80
704892,atl,54.500,-39.000,997.81,997.39,11.91,3.23,32.15,33.33,0.00,0.00,3.57
704892,atl,54.250,-5.250,1000.06,999.82,6.68,1.81,38.41,41.13,0.00,0.00,3.63
704892,atl,50.500,-77.500,1002.05,1001.74,7.74,2.25,34.96,35.85,0.00,0.00,9.95
704892,atl,50.250,1.000,1002.41,1002.01,6.31,1.76,41.49,41.49,0.00,0.00,4.47
704892,pac,64.750,223.000,997.99,997.13,6.68,1.70,22.35,28.56,0.00,0.00,13.04
704892,pac,64.500,234.250,995.93,995.58,8.42,1.89,21.58,23.40,0.00,0.00,6.63
704892,pac,54.500,171.250,995.10,994.90,9.14,1.95,26.93,30.67,0.00,0.00,3.24
704898,atl,66.500,-77.250,988.59,988.41,11.51,2.68,40.20,40.56,0.00,0.00,9.06
704898,atl,66.500,-15.000,999.27,999.10,6.62,1.51,33.40,36.46,0.00,0.00,4.30
704898,atl,63.250,-20.500,997.49,997.33,8.03,1.99,36.46,36.46,0.00,0.00,4.30
704898,atl,59.500,8.750,1002.47,1002.12,4.34,2.02,30.41,30.41,0.00,0.00,7.04
704898,atl,54.000,-39.500,999.67,999.29,10.34,2.83,29.93,30.56,0.00,0.00,3.55
704898,atl,53.000,-72.000,1001.82,1001.43,6.46,1.91,29.48,32.57,0.00,0.00,7.14
704898,atl,53.000,-2.250,1003.38,1003.14,5.77,1.32,35.96,35.96,0.00,0.00,3.69
704898,atl,51.000,3.250,1003.27,1003.02,5.94,1.44,34.56,35.96,0.00,0.00,3.69
704898,atl,47.750,-79.500,1001.87,1001.03,9.26,2.52,32.57,41.49,0.00,0.00,8.98
704898,atl,47.250,-34.250,1004.37,1004.05,6.25,1.90,28.23,28.79,0.00,0.00,3.79
704898,pac,64.250,225.250,998.87,998.07,5.51,1.44,30.76,31.83,0.00,0.00,11.96
704898,pac,63.000,235.500,994.59,994.39,7.93,1.67,30.91,31.93,0.00,0.00,8.32
704898,pac,54.500,172.000,995.85,995.65,9.03,1.89,25.64,35.72,0.00,0.00,3.45
704898,pac,44.000,171.500,1004.20,1004.00,4.89,1.07,27.80,28.63,0.00,0.00,2.56
