season,t,ok
2004,917496,1
2004,917502,1
2004,917508,1
2004,917514,1
2004,917520,1
2004,917526,1
2004,917532,1
2004,917538,1
2004,917544,1
2004,917550,1
2004,917556,1
2004,917562,1
2004,917568,1
2004,917574,1
2004,917580,1
2004,917586,1
2004,917592,1
2004,917598,1
2004,917604,1
2004,917610,1
2004,917616,1
2004,917622,1
2004,917628,1
2004,917634,1
2004,917640,1
2004,917646,1
2004,917652,1
2004,917658,1
2004,917664,1
2004,917670,1
2004,917676,1
2004,917682,1
2004,917688,1
2004,917694,1
2004,917700,1
2004,917706,1
2004,917712,1
2004,917718,1
2004,917724,1
2004,917730,1
2004,917736,1
2004,917742,1
2004,917748,1
2004,917754,1
2004,917760,1
2004,917766,1
2004,917772,1
2004,917778,1
2004,917784,1
2004,917790,1
2004,917796,1
2004,917802,1
2004,917808,1
2004,917814,1
2004,917820,1
2004,917826,1
2004,917832,1
2004,917838,1
2004,917844,1
2004,917850,1
2004,917856,1
2004,917862,1
2004,917868,1
2004,917874,1
2004,917880,1
2004,917886,1
2004,917892,1
2004,917898,1
2004,917904,1
2004,917910,1
2004,917916,1
2004,917922,1
2004,917928,1
2004,917934,1
2004,917940,1
2004,917946,1
2004,917952,1
2004,917958,1
2004,917964,1
2004,917970,1
2004,917976,1
2004,917982,1
2004,917988,1
2004,917994,1
2004,918000,1
2004,918006,1
2004,918012,1
2004,918018,1
2004,918024,1
2004,918030,1
2004,918036,1
2004,918042,1
2004,918048,1
2004,918054,1
2004,918060,1
2004,918066,1
2004,918072,1
2004,918078,1
2004,918084,1
2004,918090,1
2004,918096,1
2004,918102,1
2004,918108,1
2004,918114,1
2004,918120,1
2004,918126,1
2004,918132,1
2004,918138,1
2004,918144,1
2004,918150,1
2004,918156,1
2004,918162,1
2004,918168,1
2004,918174,1
2004,918180,1
2004,918186,1
2004,918192,1
2004,918198,1
2004,918204,1
2004,918210,1
2004,918216,1
2004,918222,1
2004,918228,1
2004,918234,1
2004,918240,1
2004,918246,1
2004,918252,1
2004,918258,1
2004,918264,1
2004,918270,1
2004,918276,1
2004,918282,1
2004,918288,1
2004,918294,1
2004,918300,1
2004,918306,1
2004,918312,1
2004,918318,1
2004,918324,1
2004,918330,1
2004,918336,1
2004,918342,1
2004,918348,1
2004,918354,1
2004,918360,1
2004,918366,1
2004,918372,1
2004,918378,1
2004,918384,1
2004,918390,1
2004,918396,1
2004,918402,1
2004,918408,1
2004,918414,1
2004,918420,1
2004,918426,1
2004,918432,1
2004,918438,1
2004,918444,1
2004,918450,1
2004,918456,1
2004,918462,1
2004,918468,1
2004,918474,1
2004,918480,1
2004,918486,1
2004,918492,1
2004,918498,1
2004,918504,1
2004,918510,1
2004,918516,1
2004,918522,1
2004,918528,1
2004,918534,1
2004,918540,1
2004,918546,1
2004,918552,1
2004,918558,1
2004,918564,1
2004,918570,1
2004,918576,1
2004,918582,1
2004,918588,1
2004,918594,1
2004,918600,1
2004,918606,1
2004,918612,1
2004,918618,1
2004,918624,1
2004,918630,1
2004,918636,1
2004,918642,1
2004,918648,1
2004,918654,1
2004,918660,1
2004,918666,1
2004,918672,1
2004,918678,1
2004,918684,1
2004,918690,1
2004,918696,1
2004,918702,1
2004,918708,1
2004,918714,1
2004,918720,1
2004,918726,1
2004,918732,1
2004,918738,1
2004,918744,1
2004,918750,1
2004,918756,1
2004,918762,1
2004,918768,1
2004,918774,1
2004,918780,1
2004,918786,1
2004,918792,1
2004,918798,1
2004,918804,1
2004,918810,1
2004,918816,1
2004,918822,1
2004,918828,1
2004,918834,1
2004,918840,1
2004,918846,1
2004,918852,1
2004,918858,1
2004,918864,1
2004,918870,1
2004,918876,1
2004,918882,1
2004,918888,1
2004,918894,1
2004,918900,1
2004,918906,1
2004,918912,1
2004,918918,1
2004,918924,1
2004,918930,1
2004,918936,1
2004,918942,1
2004,918948,1
2004,918954,1
2004,918960,1
2004,918966,1
2004,918972,1
2004,918978,1
2004,918984,1
2004,918990,1
2004,918996,1
2004,919002,1
2004,919008,1
2004,919014,1
2004,919020,1
2004,919026,1
2004,919032,1
2004,919038,1
2004,919044,1
2004,919050,1
2004,919056,1
2004,919062,1
2004,919068,1
2004,919074,1
2004,919080,1
2004,919086,1
2004,919092,1
2004,919098,1
2004,919104,1
2004,919110,1
2004,919116,1
2004,919122,1
2004,919128,1
2004,919134,1
2004,919140,1
2004,919146,1
2004,919152,1
2004,919158,1
2004,919164,1
2004,919170,1
2004,919176,1
2004,919182,1
2004,919188,1
2004,919194,1
2004,919200,1
2004,919206,1
2004,919212,1
2004,919218,1
2004,919224,1
2004,919230,1
2004,919236,1
2004,919242,1
2004,919248,1
2004,919254,1
2004,919260,1
2004,919266,1
2004,919272,1
2004,919278,1
2004,919284,1
2004,919290,1
2004,919296,1
2004,919302,1
2004,919308,1
2004,919314,1
2004,919320,1
2004,919326,1
2004,919332,1
2004,919338,1
2004,919344,1
2004,919350,1
2004,919356,1
2004,919362,1
2004,919368,1
2004,919374,1
2004,919380,1
2004,919386,1
2004,919392,1
2004,919398,1
2004,919404,1
2004,919410,1
2004,919416,1
2004,919422,1
2004,919428,1
2004,919434,1
2004,919440,1
2004,919446,1
2004,919452,1
2004,919458,1
2004,919464,1
2004,919470,1
2004,919476,1
2004,919482,1
2004,919488,1
2004,919494,1
2004,919500,1
2004,919506,1
2004,919512,1
2004,919518,1
2004,919524,1
2004,919530,1
2004,919536,1
2004,919542,1
2004,919548,1
2004,919554,1
2004,919560,1
2004,919566,1
2004,919572,1
2004,919578,1
2004,919584,1
2004,919590,1
2004,919596,1
2004,919602,1
2004,919608,1
2004,919614,1
2004,919620,1
2004,919626,1
2004,919632,1
2004,919638,1
2004,919644,1
2004,919650,1
2004,919656,1
2004,919662,1
2004,919668,1
2004,919674,1
2004,919680,1
2004,919686,1
2004,919692,1
2004,919698,1
2004,919704,1
2004,919710,1
2004,919716,1
2004,919722,1
2004,919728,1
2004,919734,1
2004,919740,1
2004,919746,1
2004,919752,1
2004,919758,1
2004,919764,1
2004,919770,1
2004,919776,1
2004,919782,1
2004,919788,1
2004,919794,1
2004,919800,1
2004,919806,1
2004,919812,1
2004,919818,1
2004,919824,1
2004,919830,1
2004,919836,1
2004,919842,1
2004,919848,1
2004,919854,1
2004,919860,1
2004,919866,1
2004,919872,1
2004,919878,1
2004,919884,1
2004,919890,1
2004,919896,1
2004,919902,1
2004,919908,1
2004,919914,1
2004,919920,1
2004,919926,1
2004,919932,1
2004,919938,1
2004,919944,1
2004,919950,1
2004,919956,1
2004,919962,1
2004,919968,1
2004,919974,1
2004,919980,1
2004,919986,1
2004,919992,1
2004,919998,1
2004,920004,1
2004,920010,1
2004,920016,1
2004,920022,1
2004,920028,1
2004,920034,1
2004,920040,1
2004,920046,1
2004,920052,1
2004,920058,1
2004,920064,1
2004,920070,1
2004,920076,1
2004,920082,1
2004,920088,1
2004,920094,1
2004,920100,1
2004,920106,1
2004,920112,1
2004,920118,1
2004,920124,1
2004,920130,1
2004,920136,1
2004,920142,1
2004,920148,1
2004,920154,1
2004,920160,1
2004,920166,1
2004,920172,1
2004,920178,1
2004,920184,1
2004,920190,1
2004,920196,1
2004,920202,1
2004,920208,1
2004,920214,1
2004,920220,1
2004,920226,1
2004,920232,1
2004,920238,1
2004,920244,1
2004,920250,1
2004,920256,1
2004,920262,1
2004,920268,1
2004,920274,1
2004,920280,1
2004,920286,1
2004,920292,1
2004,920298,1
2004,920304,1
2004,920310,1
2004,920316,1
2004,920322,1
2004,920328,1
2004,920334,1
2004,920340,1
2004,920346,1
2004,920352,1
2004,920358,1
2004,920364,1
2004,920370,1
2004,920376,1
2004,920382,1
2004,920388,1
2004,920394,1
2004,920400,1
2004,920406,1
2004,920412,1
2004,920418,1
2004,920424,1
2004,920430,1
2004,920436,1
2004,920442,1
2004,920448,1
2004,920454,1
2004,920460,1
2004,920466,1
2004,920472,1
2004,920478,1
2004,920484,1
2004,920490,1
2004,920496,1
2004,920502,1
2004,920508,1
2004,920514,1
2004,920520,1
2004,920526,1
2004,920532,1
2004,920538,1
2004,920544,1
2004,920550,1
2004,920556,1
2004,920562,1
2004,920568,1
2004,920574,1
2004,920580,1
2004,920586,1
2004,920592,1
2004,920598,1
2004,920604,1
2004,920610,1
2004,920616,1
2004,920622,1
2004,920628,1
2004,920634,1
2004,920640,1
2004,920646,1
2004,920652,1
2004,920658,1
2004,920664,1
2004,920670,1
2004,920676,1
2004,920682,1
2004,920688,1
2004,920694,1
2004,920700,1
2004,920706,1
2004,920712,1
2004,920718,1
2004,920724,1
2004,920730,1
2004,920736,1
2004,920742,1
2004,920748,1
2004,920754,1
2004,920760,1
2004,920766,1
2004,920772,1
2004,920778,1
2004,920784,1
2004,920790,1
2004,920796,1
2004,920802,1
2004,920808,1
2004,920814,1
2004,920820,1
2004,920826,1
2004,920832,1
2004,920838,1
2004,920844,1
2004,920850,1
2004,920856,1
2004,920862,1
2004,920868,1
2004,920874,1
2004,920880,1
2004,920886,1
2004,920892,1
2004,920898,1
2004,920904,1
2004,920910,1
2004,920916,1
2004,920922,1
2004,920928,1
2004,920934,1
2004,920940,1
2004,920946,1
2004,920952,1
2004,920958,1
2004,920964,1
2004,920970,1
2004,920976,1
2004,920982,1
2004,920988,1
2004,920994,1
2004,921000,1
2004,921006,1
2004,921012,1
2004,921018,1
2004,921024,1
2004,921030,1
2004,921036,1
2004,921042,1
2004,921048,1
2004,921054,1
2004,921060,1
2004,921066,1
2004,921072,1
2004,921078,1
2004,921084,1
2004,921090,1
2004,921096,1
2004,921102,1
2004,921108,1
2004,921114,1
2004,921120,1
2004,921126,1
2004,921132,1
2004,921138,1
2004,921144,1
2004,921150,1
2004,921156,1
2004,921162,1
2004,921168,1
2004,921174,1
2004,921180,1
2004,921186,1
2004,921192,1
2004,921198,1
2004,921204,1
2004,921210,1
2004,921216,1
2004,921222,1
2004,921228,1
2004,921234,1
2004,921240,1
2004,921246,1
2004,921252,1
2004,921258,1
2004,921264,1
2004,921270,1
2004,921276,1
2004,921282,1
2004,921288,1
2004,921294,1
2004,921300,1
2004,921306,1
2004,921312,1
2004,921318,1
2004,921324,1
2004,921330,1
2004,921336,1
2004,921342,1
2004,921348,1
2004,921354,1
2004,921360,1
2004,921366,1
2004,921372,1
2004,921378,1
2004,921384,1
2004,921390,1
2004,921396,1
2004,921402,1
2004,921408,1
2004,921414,1
2004,921420,1
2004,921426,1
2004,921432,1
2004,921438,1
2004,921444,1
2004,921450,1
2004,921456,1
2004,921462,1
2004,921468,1
2004,921474,1
2004,921480,1
2004,921486,1
2004,921492,1
2004,921498,1
2004,921504,1
2004,921510,1
2004,921516,1
2004,921522,1
2004,921528,1
2004,921534,1
2004,921540,1
2004,921546,1
2004,921552,1
2004,921558,1
2004,921564,1
2004,921570,1
2004,921576,1
2004,921582,1
2004,921588,1
2004,921594,1
2004,921600,1
2004,921606,1
2004,921612,1
2004,921618,1
2004,921624,1
2004,921630,1
2004,921636,1
2004,921642,1
2004,921648,1
2004,921654,1
2004,921660,1
2004,921666,1
2004,921672,1
2004,921678,1
2004,921684,1
2004,921690,1
2004,921696,1
2004,921702,1
2004,921708,1
2004,921714,1
2004,921720,1
2004,921726,1
2004,921732,1
2004,921738,1
2004,921744,1
2004,921750,1
2004,921756,1
2004,921762,1
2004,921768,1
2004,921774,1
2004,921780,1
2004,921786,1
2004,921792,1
2004,921798,1
2004,921804,1
2004,921810,1
2004,921816,1
2004,921822,1
2004,921828,1
2004,921834,1
2004,921840,1
2004,921846,1
2004,921852,1
2004,921858,1
2004,921864,1
2004,921870,1
2004,921876,1
2004,921882,1
2004,921888,1
2004,921894,1
2004,921900,1
2004,921906,1
2004,921912,1
2004,921918,1
2004,921924,1
2004,921930,1
2004,921936,1
2004,921942,1
2004,921948,1
2004,921954,1
2004,921960,1
2004,921966,1
2004,921972,1
2004,921978,1
2004,921984,1
2004,921990,1
2004,921996,1
2004,922002,1
2004,922008,1
2004,922014,1
2004,922020,1
2004,922026,1
2004,922032,1
2004,922038,1
2004,922044,1
2004,922050,1
2004,922056,1
2004,922062,1
2004,922068,1
2004,922074,1
2004,922080,1
2004,922086,1
2004,922092,1
2004,922098,1
2004,922104,1
2004,922110,1
2004,922116,1
2004,922122,1
2004,922128,1
2004,922134,1
2004,922140,1
2004,922146,1
2004,922152,1
2004,922158,1
2004,922164,1
2004,922170,1
2004,922176,1
2004,922182,1
2004,922188,1
2004,922194,1
2004,922200,1
2004,922206,1
2004,922212,1
2004,922218,1
2004,922224,1
2004,922230,1
2004,922236,1
2004,922242,1
2004,922248,1
2004,922254,1
2004,922260,1
2004,922266,1
2004,922272,1
2004,922278,1
2004,922284,1
2004,922290,1
2004,922296,1
2004,922302,1
2004,922308,1
2004,922314,1
2004,922320,1
2004,922326,1
2004,922332,1
2004,922338,1
2004,922344,1
2004,922350,1
2004,922356,1
2004,922362,1
2004,922368,1
2004,922374,1
2004,922380,1
2004,922386,1
2004,922392,1
2004,922398,1
2004,922404,1
2004,922410,1
2004,922416,1
2004,922422,1
2004,922428,1
2004,922434,1
2004,922440,1
2004,922446,1
2004,922452,1
2004,922458,1
2004,922464,1
2004,922470,1
2004,922476,1
2004,922482,1
2004,922488,1
2004,922494,1
2004,922500,1
2004,922506,1
2004,922512,1
2004,922518,1
2004,922524,1
2004,922530,1
2004,922536,1
2004,922542,1
2004,922548,1
2004,922554,1
2004,922560,1
2004,922566,1
2004,922572,1
2004,922578,1
2004,922584,1
2004,922590,1
2004,922596,1
2004,922602,1
2004,922608,1
2004,922614,1
2004,922620,1
2004,922626,1
2004,922632,1
2004,922638,1
2004,922644,1
2004,922650,1
2004,922656,1
2004,922662,1
2004,922668,1
2004,922674,1
2004,922680,1
2004,922686,1
2004,922692,1
2004,922698,1
2004,922704,1
2004,922710,1
2004,922716,1
2004,922722,1
2004,922728,1
2004,922734,1
2004,922740,1
2004,922746,1
2004,922752,1
2004,922758,1
2004,922764,1
2004,922770,1
2004,922776,1
2004,922782,1
2004,922788,1
2004,922794,1
2004,922800,1
2004,922806,1
2004,922812,1
2004,922818,1
2004,922824,1
2004,922830,1
2004,922836,1
2004,922842,1
2004,922848,1
2004,922854,1
2004,922860,1
2004,922866,1
2004,922872,1
2004,922878,1
2004,922884,1
2004,922890,1
2004,922896,1
2004,922902,1
2004,922908,1
2004,922914,1
2004,922920,1
2004,922926,1
2004,922932,1
2004,922938,1
2004,922944,1
2004,922950,1
2004,922956,1
2004,922962,1
2004,922968,1
2004,922974,1
2004,922980,1
2004,922986,1
2004,922992,1
2004,922998,1
2004,923004,1
2004,923010,1
2004,923016,1
2004,923022,1
2004,923028,1
2004,923034,1
2004,923040,1
2004,923046,1
2004,923052,1
2004,923058,1
2004,923064,1
2004,923070,1
2004,923076,1
2004,923082,1
2004,923088,1
2004,923094,1
2004,923100,1
2004,923106,1
2004,923112,1
2004,923118,1
2004,923124,1
2004,923130,1
2004,923136,1
2004,923142,1
2004,923148,1
2004,923154,1
2004,923160,1
2004,923166,1
2004,923172,1
2004,923178,1
2004,923184,1
2004,923190,1
2004,923196,1
2004,923202,1
2004,923208,1
2004,923214,1
2004,923220,1
2004,923226,1
2004,923232,1
2004,923238,1
2004,923244,1
2004,923250,1
2004,923256,1
2004,923262,1
2004,923268,1
2004,923274,1
2004,923280,1
2004,923286,1
2004,923292,1
2004,923298,1
2004,923304,1
2004,923310,1
2004,923316,1
2004,923322,1
2004,923328,1
2004,923334,1
2004,923340,1
2004,923346,1
2004,923352,1
2004,923358,1
2004,923364,1
2004,923370,1
2004,923376,1
2004,923382,1
2004,923388,1
2004,923394,1
2004,923400,1
2004,923406,1
2004,923412,1
2004,923418,1
2004,923424,1
2004,923430,1
2004,923436,1
2004,923442,1
2004,923448,1
2004,923454,1
2004,923460,1
2004,923466,1
2004,923472,1
2004,923478,1
2004,923484,1
2004,923490,1
2004,923496,1
2004,923502,1
2004,923508,1
2004,923514,1
2004,923520,1
2004,923526,1
2004,923532,1
2004,923538,1
2004,923544,1
2004,923550,1
2004,923556,1
2004,923562,1
2004,923568,1
2004,923574,1
2004,923580,1
2004,923586,1
2004,923592,1
2004,923598,1
2004,923604,1
2004,923610,1
2004,923616,1
2004,923622,1
2004,923628,1
2004,923634,1
2004,923640,1
2004,923646,1
2004,923652,1
2004,923658,1
2004,923664,1
2004,923670,1
2004,923676,1
2004,923682,1
2004,923688,1
2004,923694,1
2004,923700,1
2004,923706,1
2004,923712,1
2004,923718,1
2004,923724,1
2004,923730,1
2004,923736,1
2004,923742,1
2004,923748,1
2004,923754,1
2004,923760,1
2004,923766,1
2004,923772,1
2004,923778,1
2004,923784,1
2004,923790,1
2004,923796,1
2004,923802,1
2004,923808,1
2004,923814,1
2004,923820,1
2004,923826,1
2004,923832,1
2004,923838,1
2004,923844,1
2004,923850,1
2004,923856,1
2004,923862,1
2004,923868,1
2004,923874,1
2004,923880,1
2004,923886,1
2004,923892,1
2004,923898,1
2004,923904,1
2004,923910,1
2004,923916,1
2004,923922,1
2004,923928,1
2004,923934,1
2004,923940,1
2004,923946,1
2004,923952,1
2004,923958,1
2004,923964,1
2004,923970,1
2004,923976,1
2004,923982,1
2004,923988,1
2004,923994,1
2004,924000,1
2004,924006,1
2004,924012,1
2004,924018,1
2004,924024,1
2004,924030,1
2004,924036,1
2004,924042,1
2005,926256,1
2005,926262,1
2005,926268,1
2005,926274,1
2005,926280,1
2005,926286,1
2005,926292,1
2005,926298,1
2005,926304,1
2005,926310,1
2005,926316,1
2005,926322,1
2005,926328,1
2005,926334,1
2005,926340,1
2005,926346,1
2005,926352,1
2005,926358,1
2005,926364,1
2005,926370,1
2005,926376,1
2005,926382,1
2005,926388,1
2005,926394,1
2005,926400,1
2005,926406,1
2005,926412,1
2005,926418,1
2005,926424,1
2005,926430,1
2005,926436,1
2005,926442,1
2005,926448,1
2005,926454,1
2005,926460,1
2005,926466,1
2005,926472,1
2005,926478,1
2005,926484,1
2005,926490,1
2005,926496,1
2005,926502,1
2005,926508,1
2005,926514,1
2005,926520,1
2005,926526,1
2005,926532,1
2005,926538,1
2005,926544,1
2005,926550,1
2005,926556,1
2005,926562,1
2005,926568,1
2005,926574,1
2005,926580,1
2005,926586,1
2005,926592,1
2005,926598,1
2005,926604,1
2005,926610,1
2005,926616,1
2005,926622,1
2005,926628,1
2005,926634,1
2005,926640,1
2005,926646,1
2005,926652,1
2005,926658,1
2005,926664,1
2005,926670,1
2005,926676,1
2005,926682,1
2005,926688,1
2005,926694,1
2005,926700,1
2005,926706,1
2005,926712,1
2005,926718,1
2005,926724,1
2005,926730,1
2005,926736,1
2005,926742,1
2005,926748,1
2005,926754,1
2005,926760,1
2005,926766,1
2005,926772,1
2005,926778,1
2005,926784,1
2005,926790,1
2005,926796,1
2005,926802,1
2005,926808,1
2005,926814,1
2005,926820,1
2005,926826,1
2005,926832,1
2005,926838,1
2005,926844,1
2005,926850,1
2005,926856,1
2005,926862,1
2005,926868,1
2005,926874,1
2005,926880,1
2005,926886,1
2005,926892,1
2005,926898,1
2005,926904,1
2005,926910,1
2005,926916,1
2005,926922,1
2005,926928,1
2005,926934,1
2005,926940,1
2005,926946,1
2005,926952,1
2005,926958,1
2005,926964,1
2005,926970,1
2005,926976,1
2005,926982,1
2005,926988,1
2005,926994,1
2005,927000,1
2005,927006,1
2005,927012,1
2005,927018,1
2005,927024,1
2005,927030,1
2005,927036,1
2005,927042,1
2005,927048,1
2005,927054,1
2005,927060,1
2005,927066,1
2005,927072,1
2005,927078,1
2005,927084,1
2005,927090,1
2005,927096,1
2005,927102,1
2005,927108,1
2005,927114,1
2005,927120,1
2005,927126,1
2005,927132,1
2005,927138,1
2005,927144,1
2005,927150,1
2005,927156,1
2005,927162,1
2005,927168,1
2005,927174,1
2005,927180,1
2005,927186,1
2005,927192,1
2005,927198,1
2005,927204,1
2005,927210,1
2005,927216,1
2005,927222,1
2005,927228,1
2005,927234,1
2005,927240,1
2005,927246,1
2005,927252,1
2005,927258,1
2005,927264,1
2005,927270,1
2005,927276,1
2005,927282,1
2005,927288,1
2005,927294,1
2005,927300,1
2005,927306,1
2005,927312,1
2005,927318,1
2005,927324,1
2005,927330,1
2005,927336,1
2005,927342,1
2005,927348,1
2005,927354,1
2005,927360,1
2005,927366,1
2005,927372,1
2005,927378,1
2005,927384,1
2005,927390,1
2005,927396,1
2005,927402,1
2005,927408,1
2005,927414,1
2005,927420,1
2005,927426,1
2005,927432,1
2005,927438,1
2005,927444,1
2005,927450,1
2005,927456,1
2005,927462,1
2005,927468,1
2005,927474,1
2005,927480,1
2005,927486,1
2005,927492,1
2005,927498,1
2005,927504,1
2005,927510,1
2005,927516,1
2005,927522,1
2005,927528,1
2005,927534,1
2005,927540,1
2005,927546,1
2005,927552,1
2005,927558,1
2005,927564,1
2005,927570,1
2005,927576,1
2005,927582,1
2005,927588,1
2005,927594,1
2005,927600,1
2005,927606,1
2005,927612,1
2005,927618,1
2005,927624,1
2005,927630,1
2005,927636,1
2005,927642,1
2005,927648,1
2005,927654,1
2005,927660,1
2005,927666,1
2005,927672,1
2005,927678,1
2005,927684,1
2005,927690,1
2005,927696,1
2005,927702,1
2005,927708,1
2005,927714,1
2005,927720,1
2005,927726,1
2005,927732,1
2005,927738,1
2005,927744,1
2005,927750,1
2005,927756,1
2005,927762,1
2005,927768,1
2005,927774,1
2005,927780,1
2005,927786,1
2005,927792,1
2005,927798,1
2005,927804,1
2005,927810,1
2005,927816,1
2005,927822,1
2005,927828,1
2005,927834,1
2005,927840,1
2005,927846,1
2005,927852,1
2005,927858,1
2005,927864,1
2005,927870,1
2005,927876,1
2005,927882,1
2005,927888,1
2005,927894,1
2005,927900,1
2005,927906,1
2005,927912,1
2005,927918,1
2005,927924,1
2005,927930,1
2005,927936,1
2005,927942,1
2005,927948,1
2005,927954,1
2005,927960,1
2005,927966,1
2005,927972,1
2005,927978,1
2005,927984,1
2005,927990,1
2005,927996,1
2005,928002,1
2005,928008,1
2005,928014,1
2005,928020,1
2005,928026,1
2005,928032,1
2005,928038,1
2005,928044,1
2005,928050,1
2005,928056,1
2005,928062,1
2005,928068,1
2005,928074,1
2005,928080,1
2005,928086,1
2005,928092,1
2005,928098,1
2005,928104,1
2005,928110,1
2005,928116,1
2005,928122,1
2005,928128,1
2005,928134,1
2005,928140,1
2005,928146,1
2005,928152,1
2005,928158,1
2005,928164,1
2005,928170,1
2005,928176,1
2005,928182,1
2005,928188,1
2005,928194,1
2005,928200,1
2005,928206,1
2005,928212,1
2005,928218,1
2005,928224,1
2005,928230,1
2005,928236,1
2005,928242,1
2005,928248,1
2005,928254,1
2005,928260,1
2005,928266,1
2005,928272,1
2005,928278,1
2005,928284,1
2005,928290,1
2005,928296,1
2005,928302,1
2005,928308,1
2005,928314,1
2005,928320,1
2005,928326,1
2005,928332,1
2005,928338,1
2005,928344,1
2005,928350,1
2005,928356,1
2005,928362,1
2005,928368,1
2005,928374,1
2005,928380,1
2005,928386,1
2005,928392,1
2005,928398,1
2005,928404,1
2005,928410,1
2005,928416,1
2005,928422,1
2005,928428,1
2005,928434,1
2005,928440,1
2005,928446,1
2005,928452,1
2005,928458,1
2005,928464,1
2005,928470,1
2005,928476,1
2005,928482,1
2005,928488,1
2005,928494,1
2005,928500,1
2005,928506,1
2005,928512,1
2005,928518,1
2005,928524,1
2005,928530,1
2005,928536,1
2005,928542,1
2005,928548,1
2005,928554,1
2005,928560,1
2005,928566,1
2005,928572,1
2005,928578,1
2005,928584,1
2005,928590,1
2005,928596,1
2005,928602,1
2005,928608,1
2005,928614,1
2005,928620,1
2005,928626,1
2005,928632,1
2005,928638,1
2005,928644,1
2005,928650,1
2005,928656,1
2005,928662,1
2005,928668,1
2005,928674,1
2005,928680,1
2005,928686,1
2005,928692,1
2005,928698,1
2005,928704,1
2005,928710,1
2005,928716,1
2005,928722,1
2005,928728,1
2005,928734,1
2005,928740,1
2005,928746,1
2005,928752,1
2005,928758,1
2005,928764,1
2005,928770,1
2005,928776,1
2005,928782,1
2005,928788,1
2005,928794,1
2005,928800,1
2005,928806,1
2005,928812,1
2005,928818,1
2005,928824,1
2005,928830,1
2005,928836,1
2005,928842,1
2005,928848,1
2005,928854,1
2005,928860,1
2005,928866,1
2005,928872,1
2005,928878,1
2005,928884,1
2005,928890,1
2005,928896,1
2005,928902,1
2005,928908,1
2005,928914,1
2005,928920,1
2005,928926,1
2005,928932,1
2005,928938,1
2005,928944,1
2005,928950,1
2005,928956,1
2005,928962,1
2005,928968,1
2005,928974,1
2005,928980,1
2005,928986,1
2005,928992,1
2005,928998,1
2005,929004,1
2005,929010,1
2005,929016,1
2005,929022,1
2005,929028,1
2005,929034,1
2005,929040,1
2005,929046,1
2005,929052,1
2005,929058,1
2005,929064,1
2005,929070,1
2005,929076,1
2005,929082,1
2005,929088,1
2005,929094,1
2005,929100,1
2005,929106,1
2005,929112,1
2005,929118,1
2005,929124,1
2005,929130,1
2005,929136,1
2005,929142,1
2005,929148,1
2005,929154,1
2005,929160,1
2005,929166,1
2005,929172,1
2005,929178,1
2005,929184,1
2005,929190,1
2005,929196,1
2005,929202,1
2005,929208,1
2005,929214,1
2005,929220,1
2005,929226,1
2005,929232,1
2005,929238,1
2005,929244,1
2005,929250,1
2005,929256,1
2005,929262,1
2005,929268,1
2005,929274,1
2005,929280,1
2005,929286,1
2005,929292,1
2005,929298,1
2005,929304,1
2005,929310,1
2005,929316,1
2005,929322,1
2005,929328,1
2005,929334,1
2005,929340,1
2005,929346,1
2005,929352,1
2005,929358,1
2005,929364,1
2005,929370,1
2005,929376,1
2005,929382,1
2005,929388,1
2005,929394,1
2005,929400,1
2005,929406,1
2005,929412,1
2005,929418,1
2005,929424,1
2005,929430,1
2005,929436,1
2005,929442,1
2005,929448,1
2005,929454,1
2005,929460,1
2005,929466,1
2005,929472,1
2005,929478,1
2005,929484,1
2005,929490,1
2005,929496,1
2005,929502,1
2005,929508,1
2005,929514,1
2005,929520,1
2005,929526,1
2005,929532,1
2005,929538,1
2005,929544,1
2005,929550,1
2005,929556,1
2005,929562,1
2005,929568,1
2005,929574,1
2005,929580,1
2005,929586,1
2005,929592,1
2005,929598,1
2005,929604,1
2005,929610,1
2005,929616,1
2005,929622,1
2005,929628,1
2005,929634,1
2005,929640,1
2005,929646,1
2005,929652,1
2005,929658,1
2005,929664,1
2005,929670,1
2005,929676,1
2005,929682,1
2005,929688,1
2005,929694,1
2005,929700,1
2005,929706,1
2005,929712,1
2005,929718,1
2005,929724,1
2005,929730,1
2005,929736,1
2005,929742,1
2005,929748,1
2005,929754,1
2005,929760,1
2005,929766,1
2005,929772,1
2005,929778,1
2005,929784,1
2005,929790,1
2005,929796,1
2005,929802,1
2005,929808,1
2005,929814,1
2005,929820,1
2005,929826,1
2005,929832,1
2005,929838,1
2005,929844,1
2005,929850,1
2005,929856,1
2005,929862,1
2005,929868,1
2005,929874,1
2005,929880,1
2005,929886,1
2005,929892,1
2005,929898,1
2005,929904,1
2005,929910,1
2005,929916,1
2005,929922,1
2005,929928,1
2005,929934,1
2005,929940,1
2005,929946,1
2005,929952,1
2005,929958,1
2005,929964,1
2005,929970,1
2005,929976,1
2005,929982,1
2005,929988,1
2005,929994,1
2005,930000,1
2005,930006,1
2005,930012,1
2005,930018,1
2005,930024,1
2005,930030,1
2005,930036,1
2005,930042,1
2005,930048,1
2005,930054,1
2005,930060,1
2005,930066,1
2005,930072,1
2005,930078,1
2005,930084,1
2005,930090,1
2005,930096,1
2005,930102,1
2005,930108,1
2005,930114,1
2005,930120,1
2005,930126,1
2005,930132,1
2005,930138,1
2005,930144,1
2005,930150,1
2005,930156,1
2005,930162,1
2005,930168,1
2005,930174,1
2005,930180,1
2005,930186,1
2005,930192,1
2005,930198,1
2005,930204,1
2005,930210,1
2005,930216,1
2005,930222,1
2005,930228,1
2005,930234,1
2005,930240,1
2005,930246,1
2005,930252,1
2005,930258,1
2005,930264,1
2005,930270,1
2005,930276,1
2005,930282,1
2005,930288,1
2005,930294,1
2005,930300,1
2005,930306,1
2005,930312,1
2005,930318,1
2005,930324,1
2005,930330,1
2005,930336,1
2005,930342,1
2005,930348,1
2005,930354,1
2005,930360,1
2005,930366,1
2005,930372,1
2005,930378,1
2005,930384,1
2005,930390,1
2005,930396,1
2005,930402,1
2005,930408,1
2005,930414,1
2005,930420,1
2005,930426,1
2005,930432,1
2005,930438,1
2005,930444,1
2005,930450,1
2005,930456,1
2005,930462,1
2005,930468,1
2005,930474,1
2005,930480,1
2005,930486,1
2005,930492,1
2005,930498,1
2005,930504,1
2005,930510,1
2005,930516,1
2005,930522,1
2005,930528,1
2005,930534,1
2005,930540,1
2005,930546,1
2005,930552,1
2005,930558,1
2005,930564,1
2005,930570,1
2005,930576,1
2005,930582,1
2005,930588,1
2005,930594,1
2005,930600,1
2005,930606,1
2005,930612,1
2005,930618,1
2005,930624,1
2005,930630,1
2005,930636,1
2005,930642,1
2005,930648,1
2005,930654,1
2005,930660,1
2005,930666,1
2005,930672,1
2005,930678,1
2005,930684,1
2005,930690,1
2005,930696,1
2005,930702,1
2005,930708,1
2005,930714,1
2005,930720,1
2005,930726,1
2005,930732,1
2005,930738,1
2005,930744,1
2005,930750,1
2005,930756,1
2005,930762,1
2005,930768,1
2005,930774,1
2005,930780,1
2005,930786,1
2005,930792,1
2005,930798,1
2005,930804,1
2005,930810,1
2005,930816,1
2005,930822,1
2005,930828,1
2005,930834,1
2005,930840,1
2005,930846,1
2005,930852,1
2005,930858,1
2005,930864,1
2005,930870,1
2005,930876,1
2005,930882,1
2005,930888,1
2005,930894,1
2005,930900,1
2005,930906,1
2005,930912,1
2005,930918,1
2005,930924,1
2005,930930,1
2005,930936,1
2005,930942,1
2005,930948,1
2005,930954,1
2005,930960,1
2005,930966,1
2005,930972,1
2005,930978,1
2005,930984,1
2005,930990,1
2005,930996,1
2005,931002,1
2005,931008,1
2005,931014,1
2005,931020,1
2005,931026,1
2005,931032,1
2005,931038,1
2005,931044,1
2005,931050,1
2005,931056,1
2005,931062,1
2005,931068,1
2005,931074,1
2005,931080,1
2005,931086,1
2005,931092,1
2005,931098,1
2005,931104,1
2005,931110,1
2005,931116,1
2005,931122,1
2005,931128,1
2005,931134,1
2005,931140,1
2005,931146,1
2005,931152,1
2005,931158,1
2005,931164,1
2005,931170,1
2005,931176,1
2005,931182,1
2005,931188,1
2005,931194,1
2005,931200,1
2005,931206,1
2005,931212,1
2005,931218,1
2005,931224,1
2005,931230,1
2005,931236,1
2005,931242,1
2005,931248,1
2005,931254,1
2005,931260,1
2005,931266,1
2005,931272,1
2005,931278,1
2005,931284,1
2005,931290,1
2005,931296,1
2005,931302,1
2005,931308,1
2005,931314,1
2005,931320,1
2005,931326,1
2005,931332,1
2005,931338,1
2005,931344,1
2005,931350,1
2005,931356,1
2005,931362,1
2005,931368,1
2005,931374,1
2005,931380,1
2005,931386,1
2005,931392,1
2005,931398,1
2005,931404,1
2005,931410,1
2005,931416,1
2005,931422,1
2005,931428,1
2005,931434,1
2005,931440,1
2005,931446,1
2005,931452,1
2005,931458,1
2005,931464,1
2005,931470,1
2005,931476,1
2005,931482,1
2005,931488,1
2005,931494,1
2005,931500,1
2005,931506,1
2005,931512,1
2005,931518,1
2005,931524,1
2005,931530,1
2005,931536,1
2005,931542,1
2005,931548,1
2005,931554,1
2005,931560,1
2005,931566,1
2005,931572,1
2005,931578,1
2005,931584,1
2005,931590,1
2005,931596,1
2005,931602,1
2005,931608,1
2005,931614,1
2005,931620,1
2005,931626,1
2005,931632,1
2005,931638,1
2005,931644,1
2005,931650,1
2005,931656,1
2005,931662,1
2005,931668,1
2005,931674,1
2005,931680,1
2005,931686,1
2005,931692,1
2005,931698,1
2005,931704,1
2005,931710,1
2005,931716,1
2005,931722,1
2005,931728,1
2005,931734,1
2005,931740,1
2005,931746,1
2005,931752,1
2005,931758,1
2005,931764,1
2005,931770,1
2005,931776,1
2005,931782,1
2005,931788,1
2005,931794,1
2005,931800,1
2005,931806,1
2005,931812,1
2005,931818,1
2005,931824,1
2005,931830,1
2005,931836,1
2005,931842,1
2005,931848,1
2005,931854,1
2005,931860,1
2005,931866,1
2005,931872,1
2005,931878,1
2005,931884,1
2005,931890,1
2005,931896,1
2005,931902,1
2005,931908,1
2005,931914,1
2005,931920,1
2005,931926,1
2005,931932,1
2005,931938,1
2005,931944,1
2005,931950,1
2005,931956,1
2005,931962,1
2005,931968,1
2005,931974,1
2005,931980,1
2005,931986,1
2005,931992,1
2005,931998,1
2005,932004,1
2005,932010,1
2005,932016,1
2005,932022,1
2005,932028,1
2005,932034,1
2005,932040,1
2005,932046,1
2005,932052,1
2005,932058,1
2005,932064,1
2005,932070,1
2005,932076,1
2005,932082,1
2005,932088,1
2005,932094,1
2005,932100,1
2005,932106,1
2005,932112,1
2005,932118,1
2005,932124,1
2005,932130,1
2005,932136,1
2005,932142,1
2005,932148,1
2005,932154,1
2005,932160,1
2005,932166,1
2005,932172,1
2005,932178,1
2005,932184,1
2005,932190,1
2005,932196,1
2005,932202,1
2005,932208,1
2005,932214,1
2005,932220,1
2005,932226,1
2005,932232,1
2005,932238,1
2005,932244,1
2005,932250,1
2005,932256,1
2005,932262,1
2005,932268,1
2005,932274,1
2005,932280,1
2005,932286,1
2005,932292,1
2005,932298,1
2005,932304,1
2005,932310,1
2005,932316,1
2005,932322,1
2005,932328,1
2005,932334,1
2005,932340,1
2005,932346,1
2005,932352,1
2005,932358,1
2005,932364,1
2005,932370,1
2005,932376,1
2005,932382,1
2005,932388,1
2005,932394,1
2005,932400,1
2005,932406,1
2005,932412,1
2005,932418,1
2005,932424,1
2005,932430,1
2005,932436,1
2005,932442,1
2005,932448,1
2005,932454,1
2005,932460,1
2005,932466,1
2005,932472,1
2005,932478,1
2005,932484,1
2005,932490,1
2005,932496,1
2005,932502,1
2005,932508,1
2005,932514,1
2005,932520,1
2005,932526,1
2005,932532,1
2005,932538,1
2005,932544,1
2005,932550,1
2005,932556,1
2005,932562,1
2005,932568,1
2005,932574,1
2005,932580,1
2005,932586,1
2005,932592,1
2005,932598,1
2005,932604,1
2005,932610,1
2005,932616,1
2005,932622,1
2005,932628,1
2005,932634,1
2005,932640,1
2005,932646,1
2005,932652,1
2005,932658,1
2005,932664,1
2005,932670,1
2005,932676,1
2005,932682,1
2005,932688,1
2005,932694,1
2005,932700,1
2005,932706,1
2005,932712,1
2005,932718,1
2005,932724,1
2005,932730,1
2005,932736,1
2005,932742,1
2005,932748,1
2005,932754,1
2005,932760,1
2005,932766,1
2005,932772,1
2005,932778,1
2005,932784,1
2005,932790,1
2005,932796,1
2005,932802,1
2021,1066512,1
2021,1066518,1
2021,1066524,1
2021,1066530,1
2021,1066536,1
2021,1066542,1
2021,1066548,1
2021,1066554,1
2021,1066560,1
2021,1066566,1
2021,1066572,1
2021,1066578,1
2021,1066584,1
2021,1066590,1
2021,1066596,1
2021,1066602,1
2021,1066608,1
2021,1066614,1
2021,1066620,1
2021,1066626,1
2021,1066632,1
2021,1066638,1
2021,1066644,1
2021,1066650,1
2021,1066656,1
2021,1066662,1
2021,1066668,1
2021,1066674,1
2021,1066680,1
2021,1066686,1
2021,1066692,1
2021,1066698,1
2021,1066704,1
2021,1066710,1
2021,1066716,1
2021,1066722,1
2021,1066728,1
2021,1066734,1
2021,1066740,1
2021,1066746,1
2021,1066752,1
2021,1066758,1
2021,1066764,1
2021,1066770,1
2021,1066776,1
2021,1066782,1
2021,1066788,1
2021,1066794,1
2021,1066800,1
2021,1066806,1
2021,1066812,1
2021,1066818,1
2021,1066824,1
2021,1066830,1
2021,1066836,1
2021,1066842,1
2021,1066848,1
2021,1066854,1
2021,1066860,1
2021,1066866,1
2021,1066872,1
2021,1066878,1
2021,1066884,1
2021,1066890,1
2021,1066896,1
2021,1066902,1
2021,1066908,1
2021,1066914,1
2021,1066920,1
2021,1066926,1
2021,1066932,1
2021,1066938,1
2021,1066944,1
2021,1066950,1
2021,1066956,1
2021,1066962,1
2021,1066968,1
2021,1066974,1
2021,1066980,1
2021,1066986,1
2021,1066992,1
2021,1066998,1
2021,1067004,1
2021,1067010,1
2021,1067016,1
2021,1067022,1
2021,1067028,1
2021,1067034,1
2021,1067040,1
2021,1067046,1
2021,1067052,1
2021,1067058,1
2021,1067064,1
2021,1067070,1
2021,1067076,1
2021,1067082,1
2021,1067088,1
2021,1067094,1
2021,1067100,1
2021,1067106,1
2021,1067112,1
2021,1067118,1
2021,1067124,1
2021,1067130,1
2021,1067136,1
2021,1067142,1
2021,1067148,1
2021,1067154,1
2021,1067160,1
2021,1067166,1
2021,1067172,1
2021,1067178,1
2021,1067184,1
2021,1067190,1
2021,1067196,1
2021,1067202,1
2021,1067208,1
2021,1067214,1
2021,1067220,1
2021,1067226,1
2021,1067232,1
2021,1067238,1
2021,1067244,1
2021,1067250,1
2021,1067256,1
2021,1067262,1
2021,1067268,1
2021,1067274,1
2021,1067280,1
2021,1067286,1
2021,1067292,1
2021,1067298,1
2021,1067304,1
2021,1067310,1
2021,1067316,1
2021,1067322,1
2021,1067328,1
2021,1067334,1
2021,1067340,1
2021,1067346,1
2021,1067352,1
2021,1067358,1
2021,1067364,1
2021,1067370,1
2021,1067376,1
2021,1067382,1
2021,1067388,1
2021,1067394,1
2021,1067400,1
2021,1067406,1
2021,1067412,1
2021,1067418,1
2021,1067424,1
2021,1067430,1
2021,1067436,1
2021,1067442,1
2021,1067448,1
2021,1067454,1
2021,1067460,1
2021,1067466,1
2021,1067472,1
2021,1067478,1
2021,1067484,1
2021,1067490,1
2021,1067496,1
2021,1067502,1
2021,1067508,1
2021,1067514,1
2021,1067520,1
2021,1067526,1
2021,1067532,1
2021,1067538,1
2021,1067544,1
2021,1067550,1
2021,1067556,1
2021,1067562,1
2021,1067568,1
2021,1067574,1
2021,1067580,1
2021,1067586,1
2021,1067592,1
2021,1067598,1
2021,1067604,1
2021,1067610,1
2021,1067616,1
2021,1067622,1
2021,1067628,1
2021,1067634,1
2021,1067640,1
2021,1067646,1
2021,1067652,1
2021,1067658,1
2021,1067664,1
2021,1067670,1
2021,1067676,1
2021,1067682,1
2021,1067688,1
2021,1067694,1
2021,1067700,1
2021,1067706,1
2021,1067712,1
2021,1067718,1
2021,1067724,1
2021,1067730,1
2021,1067736,1
2021,1067742,1
2021,1067748,1
2021,1067754,1
2021,1067760,1
2021,1067766,1
2021,1067772,1
2021,1067778,1
2021,1067784,1
2021,1067790,1
2021,1067796,1
2021,1067802,1
2021,1067808,1
2021,1067814,1
2021,1067820,1
2021,1067826,1
2021,1067832,1
2021,1067838,1
2021,1067844,1
2021,1067850,1
2021,1067856,1
2021,1067862,1
2021,1067868,1
2021,1067874,1
2021,1067880,1
2021,1067886,1
2021,1067892,1
2021,1067898,1
2021,1067904,1
2021,1067910,1
2021,1067916,1
2021,1067922,1
2021,1067928,1
2021,1067934,1
2021,1067940,1
2021,1067946,1
2021,1067952,1
2021,1067958,1
2021,1067964,1
2021,1067970,1
2021,1067976,1
2021,1067982,1
2021,1067988,1
2021,1067994,1
2021,1068000,1
2021,1068006,1
2021,1068012,1
2021,1068018,1
2021,1068024,1
2021,1068030,1
2021,1068036,1
2021,1068042,1
2021,1068048,1
2021,1068054,1
2021,1068060,1
2021,1068066,1
2021,1068072,1
2021,1068078,1
2021,1068084,1
2021,1068090,1
2021,1068096,1
2021,1068102,1
2021,1068108,1
2021,1068114,1
2021,1068120,1
2021,1068126,1
2021,1068132,1
2021,1068138,1
2021,1068144,1
2021,1068150,1
2021,1068156,1
2021,1068162,1
2021,1068168,1
2021,1068174,1
2021,1068180,1
2021,1068186,1
2021,1068192,1
2021,1068198,1
2021,1068204,1
2021,1068210,1
2021,1068216,1
2021,1068222,1
2021,1068228,1
2021,1068234,1
2021,1068240,1
2021,1068246,1
2021,1068252,1
2021,1068258,1
2021,1068264,1
2021,1068270,1
2021,1068276,1
2021,1068282,1
2021,1068288,1
2021,1068294,1
2021,1068300,1
2021,1068306,1
2021,1068312,1
2021,1068318,1
2021,1068324,1
2021,1068330,1
2021,1068336,1
2021,1068342,1
2021,1068348,1
2021,1068354,1
2021,1068360,1
2021,1068366,1
2021,1068372,1
2021,1068378,1
2021,1068384,1
2021,1068390,1
2021,1068396,1
2021,1068402,1
2021,1068408,1
2021,1068414,1
2021,1068420,1
2021,1068426,1
2021,1068432,1
2021,1068438,1
2021,1068444,1
2021,1068450,1
2021,1068456,1
2021,1068462,1
2021,1068468,1
2021,1068474,1
2021,1068480,1
2021,1068486,1
2021,1068492,1
2021,1068498,1
2021,1068504,1
2021,1068510,1
2021,1068516,1
2021,1068522,1
2021,1068528,1
2021,1068534,1
2021,1068540,1
2021,1068546,1
2021,1068552,1
2021,1068558,1
2021,1068564,1
2021,1068570,1
2021,1068576,1
2021,1068582,1
2021,1068588,1
2021,1068594,1
2021,1068600,1
2021,1068606,1
2021,1068612,1
2021,1068618,1
2021,1068624,1
2021,1068630,1
2021,1068636,1
2021,1068642,1
2021,1068648,1
2021,1068654,1
2021,1068660,1
2021,1068666,1
2021,1068672,1
2021,1068678,1
2021,1068684,1
2021,1068690,1
2021,1068696,1
2021,1068702,1
2021,1068708,1
2021,1068714,1
2021,1068720,1
2021,1068726,1
2021,1068732,1
2021,1068738,1
2021,1068744,1
2021,1068750,1
2021,1068756,1
2021,1068762,1
2021,1068768,1
2021,1068774,1
2021,1068780,1
2021,1068786,1
2021,1068792,1
2021,1068798,1
2021,1068804,1
2021,1068810,1
2021,1068816,1
2021,1068822,1
2021,1068828,1
2021,1068834,1
2021,1068840,1
2021,1068846,1
2021,1068852,1
2021,1068858,1
2021,1068864,1
2021,1068870,1
2021,1068876,1
2021,1068882,1
2021,1068888,1
2021,1068894,1
2021,1068900,1
2021,1068906,1
2021,1068912,1
2021,1068918,1
2021,1068924,1
2021,1068930,1
2021,1068936,1
2021,1068942,1
2021,1068948,1
2021,1068954,1
2021,1068960,1
2021,1068966,1
2021,1068972,1
2021,1068978,1
2021,1068984,1
2021,1068990,1
2021,1068996,1
2021,1069002,1
2021,1069008,1
2021,1069014,1
2021,1069020,1
2021,1069026,1
2021,1069032,1
2021,1069038,1
2021,1069044,1
2021,1069050,1
2021,1069056,1
2021,1069062,1
2021,1069068,1
2021,1069074,1
2021,1069080,1
2021,1069086,1
2021,1069092,1
2021,1069098,1
2021,1069104,1
2021,1069110,1
2021,1069116,1
2021,1069122,1
2021,1069128,1
2021,1069134,1
2021,1069140,1
2021,1069146,1
2021,1069152,1
2021,1069158,1
2021,1069164,1
2021,1069170,1
2021,1069176,1
2021,1069182,1
2021,1069188,1
2021,1069194,1
2021,1069200,1
2021,1069206,1
2021,1069212,1
2021,1069218,1
2021,1069224,1
2021,1069230,1
2021,1069236,1
2021,1069242,1
2021,1069248,1
2021,1069254,1
2021,1069260,1
2021,1069266,1
2021,1069272,1
2021,1069278,1
2021,1069284,1
2021,1069290,1
2021,1069296,1
2021,1069302,1
2021,1069308,1
2021,1069314,1
2021,1069320,1
2021,1069326,1
2021,1069332,1
2021,1069338,1
2021,1069344,1
2021,1069350,1
2021,1069356,1
2021,1069362,1
2021,1069368,1
2021,1069374,1
2021,1069380,1
2021,1069386,1
2021,1069392,1
2021,1069398,1
2021,1069404,1
2021,1069410,1
2021,1069416,1
2021,1069422,1
2021,1069428,1
2021,1069434,1
2021,1069440,1
2021,1069446,1
2021,1069452,1
2021,1069458,1
2021,1069464,1
2021,1069470,1
2021,1069476,1
2021,1069482,1
2021,1069488,1
2021,1069494,1
2021,1069500,1
2021,1069506,1
2021,1069512,1
2021,1069518,1
2021,1069524,1
2021,1069530,1
2021,1069536,1
2021,1069542,1
2021,1069548,1
2021,1069554,1
2021,1069560,1
2021,1069566,1
2021,1069572,1
2021,1069578,1
2021,1069584,1
2021,1069590,1
2021,1069596,1
2021,1069602,1
2021,1069608,1
2021,1069614,1
2021,1069620,1
2021,1069626,1
2021,1069632,1
2021,1069638,1
2021,1069644,1
2021,1069650,1
2021,1069656,1
2021,1069662,1
2021,1069668,1
2021,1069674,1
2021,1069680,1
2021,1069686,1
2021,1069692,1
2021,1069698,1
2021,1069704,1
2021,1069710,1
2021,1069716,1
2021,1069722,1
2021,1069728,1
2021,1069734,1
2021,1069740,1
2021,1069746,1
2021,1069752,1
2021,1069758,1
2021,1069764,1
2021,1069770,1
2021,1069776,1
2021,1069782,1
2021,1069788,1
2021,1069794,1
2021,1069800,1
2021,1069806,1
2021,1069812,1
2021,1069818,1
2021,1069824,1
2021,1069830,1
2021,1069836,1
2021,1069842,1
2021,1069848,1
2021,1069854,1
2021,1069860,1
2021,1069866,1
2021,1069872,1
2021,1069878,1
2021,1069884,1
2021,1069890,1
2021,1069896,1
2021,1069902,1
2021,1069908,1
2021,1069914,1
2021,1069920,1
2021,1069926,1
2021,1069932,1
2021,1069938,1
2021,1069944,1
2021,1069950,1
2021,1069956,1
2021,1069962,1
2021,1069968,1
2021,1069974,1
2021,1069980,1
2021,1069986,1
2021,1069992,1
2021,1069998,1
2021,1070004,1
2021,1070010,1
2021,1070016,1
2021,1070022,1
2021,1070028,1
2021,1070034,1
2021,1070040,1
2021,1070046,1
2021,1070052,1
2021,1070058,1
2021,1070064,1
2021,1070070,1
2021,1070076,1
2021,1070082,1
2021,1070088,1
2021,1070094,1
2021,1070100,1
2021,1070106,1
2021,1070112,1
2021,1070118,1
2021,1070124,1
2021,1070130,1
2021,1070136,1
2021,1070142,1
2021,1070148,1
2021,1070154,1
2021,1070160,1
2021,1070166,1
2021,1070172,1
2021,1070178,1
2021,1070184,1
2021,1070190,1
2021,1070196,1
2021,1070202,1
2021,1070208,1
2021,1070214,1
2021,1070220,1
2021,1070226,1
2021,1070232,1
2021,1070238,1
2021,1070244,1
2021,1070250,1
2021,1070256,1
2021,1070262,1
2021,1070268,1
2021,1070274,1
2021,1070280,1
2021,1070286,1
2021,1070292,1
2021,1070298,1
2021,1070304,1
2021,1070310,1
2021,1070316,1
2021,1070322,1
2021,1070328,1
2021,1070334,1
2021,1070340,1
2021,1070346,1
2021,1070352,1
2021,1070358,1
2021,1070364,1
2021,1070370,1
2021,1070376,1
2021,1070382,1
2021,1070388,1
2021,1070394,1
2021,1070400,1
2021,1070406,1
2021,1070412,1
2021,1070418,1
2021,1070424,1
2021,1070430,1
2021,1070436,1
2021,1070442,1
2021,1070448,1
2021,1070454,1
2021,1070460,1
2021,1070466,1
2021,1070472,1
2021,1070478,1
2021,1070484,1
2021,1070490,1
2021,1070496,1
2021,1070502,1
2021,1070508,1
2021,1070514,1
2021,1070520,1
2021,1070526,1
2021,1070532,1
2021,1070538,1
2021,1070544,1
2021,1070550,1
2021,1070556,1
2021,1070562,1
2021,1070568,1
2021,1070574,1
2021,1070580,1
2021,1070586,1
2021,1070592,1
2021,1070598,1
2021,1070604,1
2021,1070610,1
2021,1070616,1
2021,1070622,1
2021,1070628,1
2021,1070634,1
2021,1070640,1
2021,1070646,1
2021,1070652,1
2021,1070658,1
2021,1070664,1
2021,1070670,1
2021,1070676,1
2021,1070682,1
2021,1070688,1
2021,1070694,1
2021,1070700,1
2021,1070706,1
2021,1070712,1
2021,1070718,1
2021,1070724,1
2021,1070730,1
2021,1070736,1
2021,1070742,1
2021,1070748,1
2021,1070754,1
2021,1070760,1
2021,1070766,1
2021,1070772,1
2021,1070778,1
2021,1070784,1
2021,1070790,1
2021,1070796,1
2021,1070802,1
2021,1070808,1
2021,1070814,1
2021,1070820,1
2021,1070826,1
2021,1070832,1
2021,1070838,1
2021,1070844,1
2021,1070850,1
2021,1070856,1
2021,1070862,1
2021,1070868,1
2021,1070874,1
2021,1070880,1
2021,1070886,1
2021,1070892,1
2021,1070898,1
2021,1070904,1
2021,1070910,1
2021,1070916,1
2021,1070922,1
2021,1070928,1
2021,1070934,1
2021,1070940,1
2021,1070946,1
2021,1070952,1
2021,1070958,1
2021,1070964,1
2021,1070970,1
2021,1070976,1
2021,1070982,1
2021,1070988,1
2021,1070994,1
2021,1071000,1
2021,1071006,1
2021,1071012,1
2021,1071018,1
2021,1071024,1
2021,1071030,1
2021,1071036,1
2021,1071042,1
2021,1071048,1
2021,1071054,1
2021,1071060,1
2021,1071066,1
2021,1071072,1
2021,1071078,1
2021,1071084,1
2021,1071090,1
2021,1071096,1
2021,1071102,1
2021,1071108,1
2021,1071114,1
2021,1071120,1
2021,1071126,1
2021,1071132,1
2021,1071138,1
2021,1071144,1
2021,1071150,1
2021,1071156,1
2021,1071162,1
2021,1071168,1
2021,1071174,1
2021,1071180,1
2021,1071186,1
2021,1071192,1
2021,1071198,1
2021,1071204,1
2021,1071210,1
2021,1071216,1
2021,1071222,1
2021,1071228,1
2021,1071234,1
2021,1071240,1
2021,1071246,1
2021,1071252,1
2021,1071258,1
2021,1071264,1
2021,1071270,1
2021,1071276,1
2021,1071282,1
2021,1071288,1
2021,1071294,1
2021,1071300,1
2021,1071306,1
2021,1071312,1
2021,1071318,1
2021,1071324,1
2021,1071330,1
2021,1071336,1
2021,1071342,1
2021,1071348,1
2021,1071354,1
2021,1071360,1
2021,1071366,1
2021,1071372,1
2021,1071378,1
2021,1071384,1
2021,1071390,1
2021,1071396,1
2021,1071402,1
2021,1071408,1
2021,1071414,1
2021,1071420,1
2021,1071426,1
2021,1071432,1
2021,1071438,1
2021,1071444,1
2021,1071450,1
2021,1071456,1
2021,1071462,1
2021,1071468,1
2021,1071474,1
2021,1071480,1
2021,1071486,1
2021,1071492,1
2021,1071498,1
2021,1071504,1
2021,1071510,1
2021,1071516,1
2021,1071522,1
2021,1071528,1
2021,1071534,1
2021,1071540,1
2021,1071546,1
2021,1071552,1
2021,1071558,1
2021,1071564,1
2021,1071570,1
2021,1071576,1
2021,1071582,1
2021,1071588,1
2021,1071594,1
2021,1071600,1
2021,1071606,1
2021,1071612,1
2021,1071618,1
2021,1071624,1
2021,1071630,1
2021,1071636,1
2021,1071642,1
2021,1071648,1
2021,1071654,1
2021,1071660,1
2021,1071666,1
2021,1071672,1
2021,1071678,1
2021,1071684,1
2021,1071690,1
2021,1071696,1
2021,1071702,1
2021,1071708,1
2021,1071714,1
2021,1071720,1
2021,1071726,1
2021,1071732,1
2021,1071738,1
2021,1071744,1
2021,1071750,1
2021,1071756,1
2021,1071762,1
2021,1071768,1
2021,1071774,1
2021,1071780,1
2021,1071786,1
2021,1071792,1
2021,1071798,1
2021,1071804,1
2021,1071810,1
2021,1071816,1
2021,1071822,1
2021,1071828,1
2021,1071834,1
2021,1071840,1
2021,1071846,1
2021,1071852,1
2021,1071858,1
2021,1071864,1
2021,1071870,1
2021,1071876,1
2021,1071882,1
2021,1071888,1
2021,1071894,1
2021,1071900,1
2021,1071906,1
2021,1071912,1
2021,1071918,1
2021,1071924,1
2021,1071930,1
2021,1071936,1
2021,1071942,1
2021,1071948,1
2021,1071954,1
2021,1071960,1
2021,1071966,1
2021,1071972,1
2021,1071978,1
2021,1071984,1
2021,1071990,1
2021,1071996,1
2021,1072002,1
2021,1072008,1
2021,1072014,1
2021,1072020,1
2021,1072026,1
2021,1072032,1
2021,1072038,1
2021,1072044,1
2021,1072050,1
2021,1072056,1
2021,1072062,1
2021,1072068,1
2021,1072074,1
2021,1072080,1
2021,1072086,1
2021,1072092,1
2021,1072098,1
2021,1072104,1
2021,1072110,1
2021,1072116,1
2021,1072122,1
2021,1072128,1
2021,1072134,1
2021,1072140,1
2021,1072146,1
2021,1072152,1
2021,1072158,1
2021,1072164,1
2021,1072170,1
2021,1072176,1
2021,1072182,1
2021,1072188,1
2021,1072194,1
2021,1072200,1
2021,1072206,1
2021,1072212,1
2021,1072218,1
2021,1072224,1
2021,1072230,1
2021,1072236,1
2021,1072242,1
2021,1072248,1
2021,1072254,1
2021,1072260,1
2021,1072266,1
2021,1072272,1
2021,1072278,1
2021,1072284,1
2021,1072290,1
2021,1072296,1
2021,1072302,1
2021,1072308,1
2021,1072314,1
2021,1072320,1
2021,1072326,1
2021,1072332,1
2021,1072338,1
2021,1072344,1
2021,1072350,1
2021,1072356,1
2021,1072362,1
2021,1072368,1
2021,1072374,1
2021,1072380,1
2021,1072386,1
2021,1072392,1
2021,1072398,1
2021,1072404,1
2021,1072410,1
2021,1072416,1
2021,1072422,1
2021,1072428,1
2021,1072434,1
2021,1072440,1
2021,1072446,1
2021,1072452,1
2021,1072458,1
2021,1072464,1
2021,1072470,1
2021,1072476,1
2021,1072482,1
2021,1072488,1
2021,1072494,1
2021,1072500,1
2021,1072506,1
2021,1072512,1
2021,1072518,1
2021,1072524,1
2021,1072530,1
2021,1072536,1
2021,1072542,1
2021,1072548,1
2021,1072554,1
2021,1072560,1
2021,1072566,1
2021,1072572,1
2021,1072578,1
2021,1072584,1
2021,1072590,1
2021,1072596,1
2021,1072602,1
2021,1072608,1
2021,1072614,1
2021,1072620,1
2021,1072626,1
2021,1072632,1
2021,1072638,1
2021,1072644,1
2021,1072650,1
2021,1072656,1
2021,1072662,1
2021,1072668,1
2021,1072674,1
2021,1072680,1
2021,1072686,1
2021,1072692,1
2021,1072698,1
2021,1072704,1
2021,1072710,1
2021,1072716,1
2021,1072722,1
2021,1072728,1
2021,1072734,1
2021,1072740,1
2021,1072746,1
2021,1072752,1
2021,1072758,1
2021,1072764,1
2021,1072770,1
2021,1072776,1
2021,1072782,1
2021,1072788,1
2021,1072794,1
2021,1072800,1
2021,1072806,1
2021,1072812,1
2021,1072818,1
2021,1072824,1
2021,1072830,1
2021,1072836,1
2021,1072842,1
2021,1072848,1
2021,1072854,1
2021,1072860,1
2021,1072866,1
2021,1072872,1
2021,1072878,1
2021,1072884,1
2021,1072890,1
2021,1072896,1
2021,1072902,1
2021,1072908,1
2021,1072914,1
2021,1072920,1
2021,1072926,1
2021,1072932,1
2021,1072938,1
2021,1072944,1
2021,1072950,1
2021,1072956,1
2021,1072962,1
2021,1072968,1
2021,1072974,1
2021,1072980,1
2021,1072986,1
2021,1072992,1
2021,1072998,1
2021,1073004,1
2021,1073010,1
2021,1073016,1
2021,1073022,1
2021,1073028,1
2021,1073034,1
2021,1073040,1
2021,1073046,1
2021,1073052,1
2021,1073058,1
2022,1075272,1
2022,1075278,1
2022,1075284,1
2022,1075290,1
2022,1075296,1
2022,1075302,1
2022,1075308,1
2022,1075314,1
2022,1075320,1
2022,1075326,1
2022,1075332,1
2022,1075338,1
2022,1075344,1
2022,1075350,1
2022,1075356,1
2022,1075362,1
2022,1075368,1
2022,1075374,1
2022,1075380,1
2022,1075386,1
2022,1075392,1
2022,1075398,1
2022,1075404,1
2022,1075410,1
2022,1075416,1
2022,1075422,1
2022,1075428,1
2022,1075434,1
2022,1075440,1
2022,1075446,1
2022,1075452,1
2022,1075458,1
2022,1075464,1
2022,1075470,1
2022,1075476,1
2022,1075482,1
2022,1075488,1
2022,1075494,1
2022,1075500,1
2022,1075506,1
2022,1075512,1
2022,1075518,1
2022,1075524,1
2022,1075530,1
2022,1075536,1
2022,1075542,1
2022,1075548,1
2022,1075554,1
2022,1075560,1
2022,1075566,1
2022,1075572,1
2022,1075578,1
2022,1075584,1
2022,1075590,1
2022,1075596,1
2022,1075602,1
2022,1075608,1
2022,1075614,1
2022,1075620,1
2022,1075626,1
2022,1075632,1
2022,1075638,1
2022,1075644,1
2022,1075650,1
2022,1075656,1
2022,1075662,1
2022,1075668,1
2022,1075674,1
2022,1075680,1
2022,1075686,1
2022,1075692,1
2022,1075698,1
2022,1075704,1
2022,1075710,1
2022,1075716,1
2022,1075722,1
2022,1075728,1
2022,1075734,1
2022,1075740,1
2022,1075746,1
2022,1075752,1
2022,1075758,1
2022,1075764,1
2022,1075770,1
2022,1075776,1
2022,1075782,1
2022,1075788,1
2022,1075794,1
2022,1075800,1
2022,1075806,1
2022,1075812,1
2022,1075818,1
2022,1075824,1
2022,1075830,1
2022,1075836,1
2022,1075842,1
2022,1075848,1
2022,1075854,1
2022,1075860,1
2022,1075866,1
2022,1075872,1
2022,1075878,1
2022,1075884,1
2022,1075890,1
2022,1075896,1
2022,1075902,1
2022,1075908,1
2022,1075914,1
2022,1075920,1
2022,1075926,1
2022,1075932,1
2022,1075938,1
2022,1075944,1
2022,1075950,1
2022,1075956,1
2022,1075962,1
2022,1075968,1
2022,1075974,1
2022,1075980,1
2022,1075986,1
2022,1075992,1
2022,1075998,1
2022,1076004,1
2022,1076010,1
2022,1076016,1
2022,1076022,1
2022,1076028,1
2022,1076034,1
2022,1076040,1
2022,1076046,1
2022,1076052,1
2022,1076058,1
2022,1076064,1
2022,1076070,1
2022,1076076,1
2022,1076082,1
2022,1076088,1
2022,1076094,1
2022,1076100,1
2022,1076106,1
2022,1076112,1
2022,1076118,1
2022,1076124,1
2022,1076130,1
2022,1076136,1
2022,1076142,1
2022,1076148,1
2022,1076154,1
2022,1076160,1
2022,1076166,1
2022,1076172,1
2022,1076178,1
2022,1076184,1
2022,1076190,1
2022,1076196,1
2022,1076202,1
2022,1076208,1
2022,1076214,1
2022,1076220,1
2022,1076226,1
2022,1076232,1
2022,1076238,1
2022,1076244,1
2022,1076250,1
2022,1076256,1
2022,1076262,1
2022,1076268,1
2022,1076274,1
2022,1076280,1
2022,1076286,1
2022,1076292,1
2022,1076298,1
2022,1076304,1
2022,1076310,1
2022,1076316,1
2022,1076322,1
2022,1076328,1
2022,1076334,1
2022,1076340,1
2022,1076346,1
2022,1076352,1
2022,1076358,1
2022,1076364,1
2022,1076370,1
2022,1076376,1
2022,1076382,1
2022,1076388,1
2022,1076394,1
2022,1076400,1
2022,1076406,1
2022,1076412,1
2022,1076418,1
2022,1076424,1
2022,1076430,1
2022,1076436,1
2022,1076442,1
2022,1076448,1
2022,1076454,1
2022,1076460,1
2022,1076466,1
2022,1076472,1
2022,1076478,1
2022,1076484,1
2022,1076490,1
2022,1076496,1
2022,1076502,1
2022,1076508,1
2022,1076514,1
2022,1076520,1
2022,1076526,1
2022,1076532,1
2022,1076538,1
2022,1076544,1
2022,1076550,1
2022,1076556,1
2022,1076562,1
2022,1076568,1
2022,1076574,1
2022,1076580,1
2022,1076586,1
2022,1076592,1
2022,1076598,1
2022,1076604,1
2022,1076610,1
2022,1076616,1
2022,1076622,1
2022,1076628,1
2022,1076634,1
2022,1076640,1
2022,1076646,1
2022,1076652,1
2022,1076658,1
2022,1076664,1
2022,1076670,1
2022,1076676,1
2022,1076682,1
2022,1076688,1
2022,1076694,1
2022,1076700,1
2022,1076706,1
2022,1076712,1
2022,1076718,1
2022,1076724,1
2022,1076730,1
2022,1076736,1
2022,1076742,1
2022,1076748,1
2022,1076754,1
2022,1076760,1
2022,1076766,1
2022,1076772,1
2022,1076778,1
2022,1076784,1
2022,1076790,1
2022,1076796,1
2022,1076802,1
2022,1076808,1
2022,1076814,1
2022,1076820,1
2022,1076826,1
2022,1076832,1
2022,1076838,1
2022,1076844,1
2022,1076850,1
2022,1076856,1
2022,1076862,1
2022,1076868,1
2022,1076874,1
2022,1076880,1
2022,1076886,1
2022,1076892,1
2022,1076898,1
2022,1076904,1
2022,1076910,1
2022,1076916,1
2022,1076922,1
2022,1076928,1
2022,1076934,1
2022,1076940,1
2022,1076946,1
2022,1076952,1
2022,1076958,1
2022,1076964,1
2022,1076970,1
2022,1076976,1
2022,1076982,1
2022,1076988,1
2022,1076994,1
2022,1077000,1
2022,1077006,1
2022,1077012,1
2022,1077018,1
2022,1077024,1
2022,1077030,1
2022,1077036,1
2022,1077042,1
2022,1077048,1
2022,1077054,1
2022,1077060,1
2022,1077066,1
2022,1077072,1
2022,1077078,1
2022,1077084,1
2022,1077090,1
2022,1077096,1
2022,1077102,1
2022,1077108,1
2022,1077114,1
2022,1077120,1
2022,1077126,1
2022,1077132,1
2022,1077138,1
2022,1077144,1
2022,1077150,1
2022,1077156,1
2022,1077162,1
2022,1077168,1
2022,1077174,1
2022,1077180,1
2022,1077186,1
2022,1077192,1
2022,1077198,1
2022,1077204,1
2022,1077210,1
2022,1077216,1
2022,1077222,1
2022,1077228,1
2022,1077234,1
2022,1077240,1
2022,1077246,1
2022,1077252,1
2022,1077258,1
2022,1077264,1
2022,1077270,1
2022,1077276,1
2022,1077282,1
2022,1077288,1
2022,1077294,1
2022,1077300,1
2022,1077306,1
2022,1077312,1
2022,1077318,1
2022,1077324,1
2022,1077330,1
2022,1077336,1
2022,1077342,1
2022,1077348,1
2022,1077354,1
2022,1077360,1
2022,1077366,1
2022,1077372,1
2022,1077378,1
2022,1077384,1
2022,1077390,1
2022,1077396,1
2022,1077402,1
2022,1077408,1
2022,1077414,1
2022,1077420,1
2022,1077426,1
2022,1077432,1
2022,1077438,1
2022,1077444,1
2022,1077450,1
2022,1077456,1
2022,1077462,1
2022,1077468,1
2022,1077474,1
2022,1077480,1
2022,1077486,1
2022,1077492,1
2022,1077498,1
2022,1077504,1
2022,1077510,1
2022,1077516,1
2022,1077522,1
2022,1077528,1
2022,1077534,1
2022,1077540,1
2022,1077546,1
2022,1077552,1
2022,1077558,1
2022,1077564,1
2022,1077570,1
2022,1077576,1
2022,1077582,1
2022,1077588,1
2022,1077594,1
2022,1077600,1
2022,1077606,1
2022,1077612,1
2022,1077618,1
2022,1077624,1
2022,1077630,1
2022,1077636,1
2022,1077642,1
2022,1077648,1
2022,1077654,1
2022,1077660,1
2022,1077666,1
2022,1077672,1
2022,1077678,1
2022,1077684,1
2022,1077690,1
2022,1077696,1
2022,1077702,1
2022,1077708,1
2022,1077714,1
2022,1077720,1
2022,1077726,1
2022,1077732,1
2022,1077738,1
2022,1077744,1
2022,1077750,1
2022,1077756,1
2022,1077762,1
2022,1077768,1
2022,1077774,1
2022,1077780,1
2022,1077786,1
2022,1077792,1
2022,1077798,1
2022,1077804,1
2022,1077810,1
2022,1077816,1
2022,1077822,1
2022,1077828,1
2022,1077834,1
2022,1077840,1
2022,1077846,1
2022,1077852,1
2022,1077858,1
2022,1077864,1
2022,1077870,1
2022,1077876,1
2022,1077882,1
2022,1077888,1
2022,1077894,1
2022,1077900,1
2022,1077906,1
2022,1077912,1
2022,1077918,1
2022,1077924,1
2022,1077930,1
2022,1077936,1
2022,1077942,1
2022,1077948,1
2022,1077954,1
2022,1077960,1
2022,1077966,1
2022,1077972,1
2022,1077978,1
2022,1077984,1
2022,1077990,1
2022,1077996,1
2022,1078002,1
2022,1078008,1
2022,1078014,1
2022,1078020,1
2022,1078026,1
2022,1078032,1
2022,1078038,1
2022,1078044,1
2022,1078050,1
2022,1078056,1
2022,1078062,1
2022,1078068,1
2022,1078074,1
2022,1078080,1
2022,1078086,1
2022,1078092,1
2022,1078098,1
2022,1078104,1
2022,1078110,1
2022,1078116,1
2022,1078122,1
2022,1078128,1
2022,1078134,1
2022,1078140,1
2022,1078146,1
2022,1078152,1
2022,1078158,1
2022,1078164,1
2022,1078170,1
2022,1078176,1
2022,1078182,1
2022,1078188,1
2022,1078194,1
2022,1078200,1
2022,1078206,1
2022,1078212,1
2022,1078218,1
2022,1078224,1
2022,1078230,1
2022,1078236,1
2022,1078242,1
2022,1078248,1
2022,1078254,1
2022,1078260,1
2022,1078266,1
2022,1078272,1
2022,1078278,1
2022,1078284,1
2022,1078290,1
2022,1078296,1
2022,1078302,1
2022,1078308,1
2022,1078314,1
2022,1078320,1
2022,1078326,1
2022,1078332,1
2022,1078338,1
2022,1078344,1
2022,1078350,1
2022,1078356,1
2022,1078362,1
2022,1078368,1
2022,1078374,1
2022,1078380,1
2022,1078386,1
2022,1078392,1
2022,1078398,1
2022,1078404,1
2022,1078410,1
2022,1078416,1
2022,1078422,1
2022,1078428,1
2022,1078434,1
2022,1078440,1
2022,1078446,1
2022,1078452,1
2022,1078458,1
2022,1078464,1
2022,1078470,1
2022,1078476,1
2022,1078482,1
2022,1078488,1
2022,1078494,1
2022,1078500,1
2022,1078506,1
2022,1078512,1
2022,1078518,1
2022,1078524,1
2022,1078530,1
2022,1078536,1
2022,1078542,1
2022,1078548,1
2022,1078554,1
2022,1078560,1
2022,1078566,1
2022,1078572,1
2022,1078578,1
2022,1078584,1
2022,1078590,1
2022,1078596,1
2022,1078602,1
2022,1078608,1
2022,1078614,1
2022,1078620,1
2022,1078626,1
2022,1078632,1
2022,1078638,1
2022,1078644,1
2022,1078650,1
2022,1078656,1
2022,1078662,1
2022,1078668,1
2022,1078674,1
2022,1078680,1
2022,1078686,1
2022,1078692,1
2022,1078698,1
2022,1078704,1
2022,1078710,1
2022,1078716,1
2022,1078722,1
2022,1078728,1
2022,1078734,1
2022,1078740,1
2022,1078746,1
2022,1078752,1
2022,1078758,1
2022,1078764,1
2022,1078770,1
2022,1078776,1
2022,1078782,1
2022,1078788,1
2022,1078794,1
2022,1078800,1
2022,1078806,1
2022,1078812,1
2022,1078818,1
2022,1078824,1
2022,1078830,1
2022,1078836,1
2022,1078842,1
2022,1078848,1
2022,1078854,1
2022,1078860,1
2022,1078866,1
2022,1078872,1
2022,1078878,1
2022,1078884,1
2022,1078890,1
2022,1078896,1
2022,1078902,1
2022,1078908,1
2022,1078914,1
2022,1078920,1
2022,1078926,1
2022,1078932,1
2022,1078938,1
2022,1078944,1
2022,1078950,1
2022,1078956,1
2022,1078962,1
2022,1078968,1
2022,1078974,1
2022,1078980,1
2022,1078986,1
2022,1078992,1
2022,1078998,1
2022,1079004,1
2022,1079010,1
2022,1079016,1
2022,1079022,1
2022,1079028,1
2022,1079034,1
2022,1079040,1
2022,1079046,1
2022,1079052,1
2022,1079058,1
2022,1079064,1
2022,1079070,1
2022,1079076,1
2022,1079082,1
2022,1079088,1
2022,1079094,1
2022,1079100,1
2022,1079106,1
2022,1079112,1
2022,1079118,1
2022,1079124,1
2022,1079130,1
2022,1079136,1
2022,1079142,1
2022,1079148,1
2022,1079154,1
2022,1079160,1
2022,1079166,1
2022,1079172,1
2022,1079178,1
2022,1079184,1
2022,1079190,1
2022,1079196,1
2022,1079202,1
2022,1079208,1
2022,1079214,1
2022,1079220,1
2022,1079226,1
2022,1079232,1
2022,1079238,1
2022,1079244,1
2022,1079250,1
2022,1079256,1
2022,1079262,1
2022,1079268,1
2022,1079274,1
2022,1079280,1
2022,1079286,1
2022,1079292,1
2022,1079298,1
2022,1079304,1
2022,1079310,1
2022,1079316,1
2022,1079322,1
2022,1079328,1
2022,1079334,1
2022,1079340,1
2022,1079346,1
2022,1079352,1
2022,1079358,1
2022,1079364,1
2022,1079370,1
2022,1079376,1
2022,1079382,1
2022,1079388,1
2022,1079394,1
2022,1079400,1
2022,1079406,1
2022,1079412,1
2022,1079418,1
2022,1079424,1
2022,1079430,1
2022,1079436,1
2022,1079442,1
2022,1079448,1
2022,1079454,1
2022,1079460,1
2022,1079466,1
2022,1079472,1
2022,1079478,1
2022,1079484,1
2022,1079490,1
2022,1079496,1
2022,1079502,1
2022,1079508,1
2022,1079514,1
2022,1079520,1
2022,1079526,1
2022,1079532,1
2022,1079538,1
2022,1079544,1
2022,1079550,1
2022,1079556,1
2022,1079562,1
2022,1079568,1
2022,1079574,1
2022,1079580,1
2022,1079586,1
2022,1079592,1
2022,1079598,1
2022,1079604,1
2022,1079610,1
2022,1079616,1
2022,1079622,1
2022,1079628,1
2022,1079634,1
2022,1079640,1
2022,1079646,1
2022,1079652,1
2022,1079658,1
2022,1079664,1
2022,1079670,1
2022,1079676,1
2022,1079682,1
2022,1079688,1
2022,1079694,1
2022,1079700,1
2022,1079706,1
2022,1079712,1
2022,1079718,1
2022,1079724,1
2022,1079730,1
2022,1079736,1
2022,1079742,1
2022,1079748,1
2022,1079754,1
2022,1079760,1
2022,1079766,1
2022,1079772,1
2022,1079778,1
2022,1079784,1
2022,1079790,1
2022,1079796,1
2022,1079802,1
2022,1079808,1
2022,1079814,1
2022,1079820,1
2022,1079826,1
2022,1079832,1
2022,1079838,1
2022,1079844,1
2022,1079850,1
2022,1079856,1
2022,1079862,1
2022,1079868,1
2022,1079874,1
2022,1079880,1
2022,1079886,1
2022,1079892,1
2022,1079898,1
2022,1079904,1
2022,1079910,1
2022,1079916,1
2022,1079922,1
2022,1079928,1
2022,1079934,1
2022,1079940,1
2022,1079946,1
2022,1079952,1
2022,1079958,1
2022,1079964,1
2022,1079970,1
2022,1079976,1
2022,1079982,1
2022,1079988,1
2022,1079994,1
2022,1080000,1
2022,1080006,1
2022,1080012,1
2022,1080018,1
2022,1080024,1
2022,1080030,1
2022,1080036,1
2022,1080042,1
2022,1080048,1
2022,1080054,1
2022,1080060,1
2022,1080066,1
2022,1080072,1
2022,1080078,1
2022,1080084,1
2022,1080090,1
2022,1080096,1
2022,1080102,1
2022,1080108,1
2022,1080114,1
2022,1080120,1
2022,1080126,1
2022,1080132,1
2022,1080138,1
2022,1080144,1
2022,1080150,1
2022,1080156,1
2022,1080162,1
2022,1080168,1
2022,1080174,1
2022,1080180,1
2022,1080186,1
2022,1080192,1
2022,1080198,1
2022,1080204,1
2022,1080210,1
2022,1080216,1
2022,1080222,1
2022,1080228,1
2022,1080234,1
2022,1080240,1
2022,1080246,1
2022,1080252,1
2022,1080258,1
2022,1080264,1
2022,1080270,1
2022,1080276,1
2022,1080282,1
2022,1080288,1
2022,1080294,1
2022,1080300,1
2022,1080306,1
2022,1080312,1
2022,1080318,1
2022,1080324,1
2022,1080330,1
2022,1080336,1
2022,1080342,1
2022,1080348,1
2022,1080354,1
2022,1080360,1
2022,1080366,1
2022,1080372,1
2022,1080378,1
2022,1080384,1
2022,1080390,1
2022,1080396,1
2022,1080402,1
2022,1080408,1
2022,1080414,1
2022,1080420,1
2022,1080426,1
2022,1080432,1
2022,1080438,1
2022,1080444,1
2022,1080450,1
2022,1080456,1
2022,1080462,1
2022,1080468,1
2022,1080474,1
2022,1080480,1
2022,1080486,1
2022,1080492,1
2022,1080498,1
2022,1080504,1
2022,1080510,1
2022,1080516,1
2022,1080522,1
2022,1080528,1
2022,1080534,1
2022,1080540,1
2022,1080546,1
2022,1080552,1
2022,1080558,1
2022,1080564,1
2022,1080570,1
2022,1080576,1
2022,1080582,1
2022,1080588,1
2022,1080594,1
2022,1080600,1
2022,1080606,1
2022,1080612,1
2022,1080618,1
2022,1080624,1
2022,1080630,1
2022,1080636,1
2022,1080642,1
2022,1080648,1
2022,1080654,1
2022,1080660,1
2022,1080666,1
2022,1080672,1
2022,1080678,1
2022,1080684,1
2022,1080690,1
2022,1080696,1
2022,1080702,1
2022,1080708,1
2022,1080714,1
2022,1080720,1
2022,1080726,1
2022,1080732,1
2022,1080738,1
2022,1080744,1
2022,1080750,1
2022,1080756,1
2022,1080762,1
2022,1080768,1
2022,1080774,1
2022,1080780,1
2022,1080786,1
2022,1080792,1
2022,1080798,1
2022,1080804,1
2022,1080810,1
2022,1080816,1
2022,1080822,1
2022,1080828,1
2022,1080834,1
2022,1080840,1
2022,1080846,1
2022,1080852,1
2022,1080858,1
2022,1080864,1
2022,1080870,1
2022,1080876,1
2022,1080882,1
2022,1080888,1
2022,1080894,1
2022,1080900,1
2022,1080906,1
2022,1080912,1
2022,1080918,1
2022,1080924,1
2022,1080930,1
2022,1080936,1
2022,1080942,1
2022,1080948,1
2022,1080954,1
2022,1080960,1
2022,1080966,1
2022,1080972,1
2022,1080978,1
2022,1080984,1
2022,1080990,1
2022,1080996,1
2022,1081002,1
2022,1081008,1
2022,1081014,1
2022,1081020,1
2022,1081026,1
2022,1081032,1
2022,1081038,1
2022,1081044,1
2022,1081050,1
2022,1081056,1
2022,1081062,1
2022,1081068,1
2022,1081074,1
2022,1081080,1
2022,1081086,1
2022,1081092,1
2022,1081098,1
2022,1081104,1
2022,1081110,1
2022,1081116,1
2022,1081122,1
2022,1081128,1
2022,1081134,1
2022,1081140,1
2022,1081146,1
2022,1081152,1
2022,1081158,1
2022,1081164,1
2022,1081170,1
2022,1081176,1
2022,1081182,1
2022,1081188,1
2022,1081194,1
2022,1081200,1
2022,1081206,1
2022,1081212,1
2022,1081218,1
2022,1081224,1
2022,1081230,1
2022,1081236,1
2022,1081242,1
2022,1081248,1
2022,1081254,1
2022,1081260,1
2022,1081266,1
2022,1081272,1
2022,1081278,1
2022,1081284,1
2022,1081290,1
2022,1081296,1
2022,1081302,1
2022,1081308,1
2022,1081314,1
2022,1081320,1
2022,1081326,1
2022,1081332,1
2022,1081338,1
2022,1081344,1
2022,1081350,1
2022,1081356,1
2022,1081362,1
2022,1081368,1
2022,1081374,1
2022,1081380,1
2022,1081386,1
2022,1081392,1
2022,1081398,1
2022,1081404,1
2022,1081410,1
2022,1081416,1
2022,1081422,1
2022,1081428,1
2022,1081434,1
2022,1081440,1
2022,1081446,1
2022,1081452,1
2022,1081458,1
2022,1081464,1
2022,1081470,1
2022,1081476,1
2022,1081482,1
2022,1081488,1
2022,1081494,1
2022,1081500,1
2022,1081506,1
2022,1081512,1
2022,1081518,1
2022,1081524,1
2022,1081530,1
2022,1081536,1
2022,1081542,1
2022,1081548,1
2022,1081554,1
2022,1081560,1
2022,1081566,1
2022,1081572,1
2022,1081578,1
2022,1081584,1
2022,1081590,1
2022,1081596,1
2022,1081602,1
2022,1081608,1
2022,1081614,1
2022,1081620,1
2022,1081626,1
2022,1081632,1
2022,1081638,1
2022,1081644,1
2022,1081650,1
2022,1081656,1
2022,1081662,1
2022,1081668,1
2022,1081674,1
2022,1081680,1
2022,1081686,1
2022,1081692,1
2022,1081698,1
2022,1081704,1
2022,1081710,1
2022,1081716,1
2022,1081722,1
2022,1081728,1
2022,1081734,1
2022,1081740,1
2022,1081746,1
2022,1081752,1
2022,1081758,1
2022,1081764,1
2022,1081770,1
2022,1081776,1
2022,1081782,1
2022,1081788,1
2022,1081794,1
2022,1081800,1
2022,1081806,1
2022,1081812,1
2022,1081818,1
2023,1084032,1
2023,1084038,1
2023,1084044,1
2023,1084050,1
2023,1084056,1
2023,1084062,1
2023,1084068,1
2023,1084074,1
2023,1084080,1
2023,1084086,1
2023,1084092,1
2023,1084098,1
2023,1084104,1
2023,1084110,1
2023,1084116,1
2023,1084122,1
2023,1084128,1
2023,1084134,1
2023,1084140,1
2023,1084146,1
2023,1084152,1
2023,1084158,1
2023,1084164,1
2023,1084170,1
2023,1084176,1
2023,1084182,1
2023,1084188,1
2023,1084194,1
2023,1084200,1
2023,1084206,1
2023,1084212,1
2023,1084218,1
2023,1084224,1
2023,1084230,1
2023,1084236,1
2023,1084242,1
2023,1084248,1
2023,1084254,1
2023,1084260,1
2023,1084266,1
2023,1084272,1
2023,1084278,1
2023,1084284,1
2023,1084290,1
2023,1084296,1
2023,1084302,1
2023,1084308,1
2023,1084314,1
2023,1084320,1
2023,1084326,1
2023,1084332,1
2023,1084338,1
2023,1084344,1
2023,1084350,1
2023,1084356,1
2023,1084362,1
2023,1084368,1
2023,1084374,1
2023,1084380,1
2023,1084386,1
2023,1084392,1
2023,1084398,1
2023,1084404,1
2023,1084410,1
2023,1084416,1
2023,1084422,1
2023,1084428,1
2023,1084434,1
2023,1084440,1
2023,1084446,1
2023,1084452,1
2023,1084458,1
2023,1084464,1
2023,1084470,1
2023,1084476,1
2023,1084482,1
2023,1084488,1
2023,1084494,1
2023,1084500,1
2023,1084506,1
2023,1084512,1
2023,1084518,1
2023,1084524,1
2023,1084530,1
2023,1084536,1
2023,1084542,1
2023,1084548,1
2023,1084554,1
2023,1084560,1
2023,1084566,1
2023,1084572,1
2023,1084578,1
2023,1084584,1
2023,1084590,1
2023,1084596,1
2023,1084602,1
2023,1084608,1
2023,1084614,1
2023,1084620,1
2023,1084626,1
2023,1084632,1
2023,1084638,1
2023,1084644,1
2023,1084650,1
2023,1084656,1
2023,1084662,1
2023,1084668,1
2023,1084674,1
2023,1084680,1
2023,1084686,1
2023,1084692,1
2023,1084698,1
2023,1084704,1
2023,1084710,1
2023,1084716,1
2023,1084722,1
2023,1084728,1
2023,1084734,1
2023,1084740,1
2023,1084746,1
2023,1084752,1
2023,1084758,1
2023,1084764,1
2023,1084770,1
2023,1084776,1
2023,1084782,1
2023,1084788,1
2023,1084794,1
2023,1084800,1
2023,1084806,1
2023,1084812,1
2023,1084818,1
2023,1084824,1
2023,1084830,1
2023,1084836,1
2023,1084842,1
2023,1084848,1
2023,1084854,1
2023,1084860,1
2023,1084866,1
2023,1084872,1
2023,1084878,1
2023,1084884,1
2023,1084890,1
2023,1084896,1
2023,1084902,1
2023,1084908,1
2023,1084914,1
2023,1084920,1
2023,1084926,1
2023,1084932,1
2023,1084938,1
2023,1084944,1
2023,1084950,1
2023,1084956,1
2023,1084962,1
2023,1084968,1
2023,1084974,1
2023,1084980,1
2023,1084986,1
2023,1084992,1
2023,1084998,1
2023,1085004,1
2023,1085010,1
2023,1085016,1
2023,1085022,1
2023,1085028,1
2023,1085034,1
2023,1085040,1
2023,1085046,1
2023,1085052,1
2023,1085058,1
2023,1085064,1
2023,1085070,1
2023,1085076,1
2023,1085082,1
2023,1085088,1
2023,1085094,1
2023,1085100,1
2023,1085106,1
2023,1085112,1
2023,1085118,1
2023,1085124,1
2023,1085130,1
2023,1085136,1
2023,1085142,1
2023,1085148,1
2023,1085154,1
2023,1085160,1
2023,1085166,1
2023,1085172,1
2023,1085178,1
2023,1085184,1
2023,1085190,1
2023,1085196,1
2023,1085202,1
2023,1085208,1
2023,1085214,1
2023,1085220,1
2023,1085226,1
2023,1085232,1
2023,1085238,1
2023,1085244,1
2023,1085250,1
2023,1085256,1
2023,1085262,1
2023,1085268,1
2023,1085274,1
2023,1085280,1
2023,1085286,1
2023,1085292,1
2023,1085298,1
2023,1085304,1
2023,1085310,1
2023,1085316,1
2023,1085322,1
2023,1085328,1
2023,1085334,1
2023,1085340,1
2023,1085346,1
2023,1085352,1
2023,1085358,1
2023,1085364,1
2023,1085370,1
2023,1085376,1
2023,1085382,1
2023,1085388,1
2023,1085394,1
2023,1085400,1
2023,1085406,1
2023,1085412,1
2023,1085418,1
2023,1085424,1
2023,1085430,1
2023,1085436,1
2023,1085442,1
2023,1085448,1
2023,1085454,1
2023,1085460,1
2023,1085466,1
2023,1085472,1
2023,1085478,1
2023,1085484,1
2023,1085490,1
2023,1085496,1
2023,1085502,1
2023,1085508,1
2023,1085514,1
2023,1085520,1
2023,1085526,1
2023,1085532,1
2023,1085538,1
2023,1085544,1
2023,1085550,1
2023,1085556,1
2023,1085562,1
2023,1085568,1
2023,1085574,1
2023,1085580,1
2023,1085586,1
2023,1085592,1
2023,1085598,1
2023,1085604,1
2023,1085610,1
2023,1085616,1
2023,1085622,1
2023,1085628,1
2023,1085634,1
2023,1085640,1
2023,1085646,1
2023,1085652,1
2023,1085658,1
2023,1085664,1
2023,1085670,1
2023,1085676,1
2023,1085682,1
2023,1085688,1
2023,1085694,1
2023,1085700,1
2023,1085706,1
2023,1085712,1
2023,1085718,1
2023,1085724,1
2023,1085730,1
2023,1085736,1
2023,1085742,1
2023,1085748,1
2023,1085754,1
2023,1085760,1
2023,1085766,1
2023,1085772,1
2023,1085778,1
2023,1085784,1
2023,1085790,1
2023,1085796,1
2023,1085802,1
2023,1085808,1
2023,1085814,1
2023,1085820,1
2023,1085826,1
2023,1085832,1
2023,1085838,1
2023,1085844,1
2023,1085850,1
2023,1085856,1
2023,1085862,1
2023,1085868,1
2023,1085874,1
2023,1085880,1
2023,1085886,1
2023,1085892,1
2023,1085898,1
2023,1085904,1
2023,1085910,1
2023,1085916,1
2023,1085922,1
2023,1085928,1
2023,1085934,1
2023,1085940,1
2023,1085946,1
2023,1085952,1
2023,1085958,1
2023,1085964,1
2023,1085970,1
2023,1085976,1
2023,1085982,1
2023,1085988,1
2023,1085994,1
2023,1086000,1
2023,1086006,1
2023,1086012,1
2023,1086018,1
2023,1086024,1
2023,1086030,1
2023,1086036,1
2023,1086042,1
2023,1086048,1
2023,1086054,1
2023,1086060,1
2023,1086066,1
2023,1086072,1
2023,1086078,1
2023,1086084,1
2023,1086090,1
2023,1086096,1
2023,1086102,1
2023,1086108,1
2023,1086114,1
2023,1086120,1
2023,1086126,1
2023,1086132,1
2023,1086138,1
2023,1086144,1
2023,1086150,1
2023,1086156,1
2023,1086162,1
2023,1086168,1
2023,1086174,1
2023,1086180,1
2023,1086186,1
2023,1086192,1
2023,1086198,1
2023,1086204,1
2023,1086210,1
2023,1086216,1
2023,1086222,1
2023,1086228,1
2023,1086234,1
2023,1086240,1
2023,1086246,1
2023,1086252,1
2023,1086258,1
2023,1086264,1
2023,1086270,1
2023,1086276,1
2023,1086282,1
2023,1086288,1
2023,1086294,1
2023,1086300,1
2023,1086306,1
2023,1086312,1
2023,1086318,1
2023,1086324,1
2023,1086330,1
2023,1086336,1
2023,1086342,1
2023,1086348,1
2023,1086354,1
2023,1086360,1
2023,1086366,1
2023,1086372,1
2023,1086378,1
2023,1086384,1
2023,1086390,1
2023,1086396,1
2023,1086402,1
2023,1086408,1
2023,1086414,1
2023,1086420,1
2023,1086426,1
2023,1086432,1
2023,1086438,1
2023,1086444,1
2023,1086450,1
2023,1086456,1
2023,1086462,1
2023,1086468,1
2023,1086474,1
2023,1086480,1
2023,1086486,1
2023,1086492,1
2023,1086498,1
2023,1086504,1
2023,1086510,1
2023,1086516,1
2023,1086522,1
2023,1086528,1
2023,1086534,1
2023,1086540,1
2023,1086546,1
2023,1086552,1
2023,1086558,1
2023,1086564,1
2023,1086570,1
2023,1086576,1
2023,1086582,1
2023,1086588,1
2023,1086594,1
2023,1086600,1
2023,1086606,1
2023,1086612,1
2023,1086618,1
2023,1086624,1
2023,1086630,1
2023,1086636,1
2023,1086642,1
2023,1086648,1
2023,1086654,1
2023,1086660,1
2023,1086666,1
2023,1086672,1
2023,1086678,1
2023,1086684,1
2023,1086690,1
2023,1086696,1
2023,1086702,1
2023,1086708,1
2023,1086714,1
2023,1086720,1
2023,1086726,1
2023,1086732,1
2023,1086738,1
2023,1086744,1
2023,1086750,1
2023,1086756,1
2023,1086762,1
2023,1086768,1
2023,1086774,1
2023,1086780,1
2023,1086786,1
2023,1086792,1
2023,1086798,1
2023,1086804,1
2023,1086810,1
2023,1086816,1
2023,1086822,1
2023,1086828,1
2023,1086834,1
2023,1086840,1
2023,1086846,1
2023,1086852,1
2023,1086858,1
2023,1086864,1
2023,1086870,1
2023,1086876,1
2023,1086882,1
2023,1086888,1
2023,1086894,1
2023,1086900,1
2023,1086906,1
2023,1086912,1
2023,1086918,1
2023,1086924,1
2023,1086930,1
2023,1086936,1
2023,1086942,1
2023,1086948,1
2023,1086954,1
2023,1086960,1
2023,1086966,1
2023,1086972,1
2023,1086978,1
2023,1086984,1
2023,1086990,1
2023,1086996,1
2023,1087002,1
2023,1087008,1
2023,1087014,1
2023,1087020,1
2023,1087026,1
2023,1087032,1
2023,1087038,1
2023,1087044,1
2023,1087050,1
2023,1087056,1
2023,1087062,1
2023,1087068,1
2023,1087074,1
2023,1087080,1
2023,1087086,1
2023,1087092,1
2023,1087098,1
2023,1087104,1
2023,1087110,1
2023,1087116,1
2023,1087122,1
2023,1087128,1
2023,1087134,1
2023,1087140,1
2023,1087146,1
2023,1087152,1
2023,1087158,1
2023,1087164,1
2023,1087170,1
2023,1087176,1
2023,1087182,1
2023,1087188,1
2023,1087194,1
2023,1087200,1
2023,1087206,1
2023,1087212,1
2023,1087218,1
2023,1087224,1
2023,1087230,1
2023,1087236,1
2023,1087242,1
2023,1087248,1
2023,1087254,1
2023,1087260,1
2023,1087266,1
2023,1087272,1
2023,1087278,1
2023,1087284,1
2023,1087290,1
2023,1087296,1
2023,1087302,1
2023,1087308,1
2023,1087314,1
2023,1087320,1
2023,1087326,1
2023,1087332,1
2023,1087338,1
2023,1087344,1
2023,1087350,1
2023,1087356,1
2023,1087362,1
2023,1087368,1
2023,1087374,1
2023,1087380,1
2023,1087386,1
2023,1087392,1
2023,1087398,1
2023,1087404,1
2023,1087410,1
2023,1087416,1
2023,1087422,1
2023,1087428,1
2023,1087434,1
2023,1087440,1
2023,1087446,1
2023,1087452,1
2023,1087458,1
2023,1087464,1
2023,1087470,1
2023,1087476,1
2023,1087482,1
2023,1087488,1
2023,1087494,1
2023,1087500,1
2023,1087506,1
2023,1087512,1
2023,1087518,1
2023,1087524,1
2023,1087530,1
2023,1087536,1
2023,1087542,1
2023,1087548,1
2023,1087554,1
2023,1087560,1
2023,1087566,1
2023,1087572,1
2023,1087578,1
2023,1087584,1
2023,1087590,1
2023,1087596,1
2023,1087602,1
2023,1087608,1
2023,1087614,1
2023,1087620,1
2023,1087626,1
2023,1087632,1
2023,1087638,1
2023,1087644,1
2023,1087650,1
2023,1087656,1
2023,1087662,1
2023,1087668,1
2023,1087674,1
2023,1087680,1
2023,1087686,1
2023,1087692,1
2023,1087698,1
2023,1087704,1
2023,1087710,1
2023,1087716,1
2023,1087722,1
2023,1087728,1
2023,1087734,1
2023,1087740,1
2023,1087746,1
2023,1087752,1
2023,1087758,1
2023,1087764,1
2023,1087770,1
2023,1087776,1
2023,1087782,1
2023,1087788,1
2023,1087794,1
2023,1087800,1
2023,1087806,1
2023,1087812,1
2023,1087818,1
2023,1087824,1
2023,1087830,1
2023,1087836,1
2023,1087842,1
2023,1087848,1
2023,1087854,1
2023,1087860,1
2023,1087866,1
2023,1087872,1
2023,1087878,1
2023,1087884,1
2023,1087890,1
2023,1087896,1
2023,1087902,1
2023,1087908,1
2023,1087914,1
2023,1087920,1
2023,1087926,1
2023,1087932,1
2023,1087938,1
2023,1087944,1
2023,1087950,1
2023,1087956,1
2023,1087962,1
2023,1087968,1
2023,1087974,1
2023,1087980,1
2023,1087986,1
2023,1087992,1
2023,1087998,1
2023,1088004,1
2023,1088010,1
2023,1088016,1
2023,1088022,1
2023,1088028,1
2023,1088034,1
2023,1088040,1
2023,1088046,1
2023,1088052,1
2023,1088058,1
2023,1088064,1
2023,1088070,1
2023,1088076,1
2023,1088082,1
2023,1088088,1
2023,1088094,1
2023,1088100,1
2023,1088106,1
2023,1088112,1
2023,1088118,1
2023,1088124,1
2023,1088130,1
2023,1088136,1
2023,1088142,1
2023,1088148,1
2023,1088154,1
2023,1088160,1
2023,1088166,1
2023,1088172,1
2023,1088178,1
2023,1088184,1
2023,1088190,1
2023,1088196,1
2023,1088202,1
2023,1088208,1
2023,1088214,1
2023,1088220,1
2023,1088226,1
2023,1088232,1
2023,1088238,1
2023,1088244,1
2023,1088250,1
2023,1088256,1
2023,1088262,1
2023,1088268,1
2023,1088274,1
2023,1088280,1
2023,1088286,1
2023,1088292,1
2023,1088298,1
2023,1088304,1
2023,1088310,1
2023,1088316,1
2023,1088322,1
2023,1088328,1
2023,1088334,1
2023,1088340,1
2023,1088346,1
2023,1088352,1
2023,1088358,1
2023,1088364,1
2023,1088370,1
2023,1088376,1
2023,1088382,1
2023,1088388,1
2023,1088394,1
2023,1088400,1
2023,1088406,1
2023,1088412,1
2023,1088418,1
2023,1088424,1
2023,1088430,1
2023,1088436,1
2023,1088442,1
2023,1088448,1
2023,1088454,1
2023,1088460,1
2023,1088466,1
2023,1088472,1
2023,1088478,1
2023,1088484,1
2023,1088490,1
2023,1088496,1
2023,1088502,1
2023,1088508,1
2023,1088514,1
2023,1088520,1
2023,1088526,1
2023,1088532,1
2023,1088538,1
2023,1088544,1
2023,1088550,1
2023,1088556,1
2023,1088562,1
2023,1088568,1
2023,1088574,1
2023,1088580,1
2023,1088586,1
2023,1088592,1
2023,1088598,1
2023,1088604,1
2023,1088610,1
2023,1088616,1
2023,1088622,1
2023,1088628,1
2023,1088634,1
2023,1088640,1
2023,1088646,1
2023,1088652,1
2023,1088658,1
2023,1088664,1
2023,1088670,1
2023,1088676,1
2023,1088682,1
2023,1088688,1
2023,1088694,1
2023,1088700,1
2023,1088706,1
2023,1088712,1
2023,1088718,1
2023,1088724,1
2023,1088730,1
2023,1088736,1
2023,1088742,1
2023,1088748,1
2023,1088754,1
2023,1088760,1
2023,1088766,1
2023,1088772,1
2023,1088778,1
2023,1088784,1
2023,1088790,1
2023,1088796,1
2023,1088802,1
2023,1088808,1
2023,1088814,1
2023,1088820,1
2023,1088826,1
2023,1088832,1
2023,1088838,1
2023,1088844,1
2023,1088850,1
2023,1088856,1
2023,1088862,1
2023,1088868,1
2023,1088874,1
2023,1088880,1
2023,1088886,1
2023,1088892,1
2023,1088898,1
2023,1088904,1
2023,1088910,1
2023,1088916,1
2023,1088922,1
2023,1088928,1
2023,1088934,1
2023,1088940,1
2023,1088946,1
2023,1088952,1
2023,1088958,1
2023,1088964,1
2023,1088970,1
2023,1088976,1
2023,1088982,1
2023,1088988,1
2023,1088994,1
2023,1089000,1
2023,1089006,1
2023,1089012,1
2023,1089018,1
2023,1089024,1
2023,1089030,1
2023,1089036,1
2023,1089042,1
2023,1089048,1
2023,1089054,1
2023,1089060,1
2023,1089066,1
2023,1089072,1
2023,1089078,1
2023,1089084,1
2023,1089090,1
2023,1089096,1
2023,1089102,1
2023,1089108,1
2023,1089114,1
2023,1089120,1
2023,1089126,1
2023,1089132,1
2023,1089138,1
2023,1089144,1
2023,1089150,1
2023,1089156,1
2023,1089162,1
2023,1089168,1
2023,1089174,1
2023,1089180,1
2023,1089186,1
2023,1089192,1
2023,1089198,1
2023,1089204,1
2023,1089210,1
2023,1089216,1
2023,1089222,1
2023,1089228,1
2023,1089234,1
2023,1089240,1
2023,1089246,1
2023,1089252,1
2023,1089258,1
2023,1089264,1
2023,1089270,1
2023,1089276,1
2023,1089282,1
2023,1089288,1
2023,1089294,1
2023,1089300,1
2023,1089306,1
2023,1089312,1
2023,1089318,1
2023,1089324,1
2023,1089330,1
2023,1089336,1
2023,1089342,1
2023,1089348,1
2023,1089354,1
2023,1089360,1
2023,1089366,1
2023,1089372,1
2023,1089378,1
2023,1089384,1
2023,1089390,1
2023,1089396,1
2023,1089402,1
2023,1089408,1
2023,1089414,1
2023,1089420,1
2023,1089426,1
2023,1089432,1
2023,1089438,1
2023,1089444,1
2023,1089450,1
2023,1089456,1
2023,1089462,1
2023,1089468,1
2023,1089474,1
2023,1089480,1
2023,1089486,1
2023,1089492,1
2023,1089498,1
2023,1089504,1
2023,1089510,1
2023,1089516,1
2023,1089522,1
2023,1089528,1
2023,1089534,1
2023,1089540,1
2023,1089546,1
2023,1089552,1
2023,1089558,1
2023,1089564,1
2023,1089570,1
2023,1089576,1
2023,1089582,1
2023,1089588,1
2023,1089594,1
2023,1089600,1
2023,1089606,1
2023,1089612,1
2023,1089618,1
2023,1089624,1
2023,1089630,1
2023,1089636,1
2023,1089642,1
2023,1089648,1
2023,1089654,1
2023,1089660,1
2023,1089666,1
2023,1089672,1
2023,1089678,1
2023,1089684,1
2023,1089690,1
2023,1089696,1
2023,1089702,1
2023,1089708,1
2023,1089714,1
2023,1089720,1
2023,1089726,1
2023,1089732,1
2023,1089738,1
2023,1089744,1
2023,1089750,1
2023,1089756,1
2023,1089762,1
2023,1089768,1
2023,1089774,1
2023,1089780,1
2023,1089786,1
2023,1089792,1
2023,1089798,1
2023,1089804,1
2023,1089810,1
2023,1089816,1
2023,1089822,1
2023,1089828,1
2023,1089834,1
2023,1089840,1
2023,1089846,1
2023,1089852,1
2023,1089858,1
2023,1089864,1
2023,1089870,1
2023,1089876,1
2023,1089882,1
2023,1089888,1
2023,1089894,1
2023,1089900,1
2023,1089906,1
2023,1089912,1
2023,1089918,1
2023,1089924,1
2023,1089930,1
2023,1089936,1
2023,1089942,1
2023,1089948,1
2023,1089954,1
2023,1089960,1
2023,1089966,1
2023,1089972,1
2023,1089978,1
2023,1089984,1
2023,1089990,1
2023,1089996,1
2023,1090002,1
2023,1090008,1
2023,1090014,1
2023,1090020,1
2023,1090026,1
2023,1090032,1
2023,1090038,1
2023,1090044,1
2023,1090050,1
2023,1090056,1
2023,1090062,1
2023,1090068,1
2023,1090074,1
2023,1090080,1
2023,1090086,1
2023,1090092,1
2023,1090098,1
2023,1090104,1
2023,1090110,1
2023,1090116,1
2023,1090122,1
2023,1090128,1
2023,1090134,1
2023,1090140,1
2023,1090146,1
2023,1090152,1
2023,1090158,1
2023,1090164,1
2023,1090170,1
2023,1090176,1
2023,1090182,1
2023,1090188,1
2023,1090194,1
2023,1090200,1
2023,1090206,1
2023,1090212,1
2023,1090218,1
2023,1090224,1
2023,1090230,1
2023,1090236,1
2023,1090242,1
2023,1090248,1
2023,1090254,1
2023,1090260,1
2023,1090266,1
2023,1090272,1
2023,1090278,1
2023,1090284,1
2023,1090290,1
2023,1090296,1
2023,1090302,1
2023,1090308,1
2023,1090314,1
2023,1090320,1
2023,1090326,1
2023,1090332,1
2023,1090338,1
2023,1090344,1
2023,1090350,1
2023,1090356,1
2023,1090362,1
2023,1090368,1
2023,1090374,1
2023,1090380,1
2023,1090386,1
2023,1090392,1
2023,1090398,1
2023,1090404,1
2023,1090410,1
2023,1090416,1
2023,1090422,1
2023,1090428,1
2023,1090434,1
2023,1090440,1
2023,1090446,1
2023,1090452,1
2023,1090458,1
2023,1090464,1
2023,1090470,1
2023,1090476,1
2023,1090482,1
2023,1090488,1
2023,1090494,1
2023,1090500,1
2023,1090506,1
2023,1090512,1
2023,1090518,1
2023,1090524,1
2023,1090530,1
2023,1090536,1
2023,1090542,1
2023,1090548,1
2023,1090554,1
2023,1090560,1
2023,1090566,1
2023,1090572,1
2023,1090578,1
2023,1090584,1
2023,1090590,1
2023,1090596,1
2023,1090602,1
2024,1092816,1
2024,1092822,1
2024,1092828,1
2024,1092834,1
2024,1092840,1
2024,1092846,1
2024,1092852,1
2024,1092858,1
2024,1092864,1
2024,1092870,1
2024,1092876,1
2024,1092882,1
2024,1092888,1
2024,1092894,1
2024,1092900,1
2024,1092906,1
2024,1092912,1
2024,1092918,1
2024,1092924,1
2024,1092930,1
2024,1092936,1
2024,1092942,1
2024,1092948,1
2024,1092954,1
2024,1092960,1
2024,1092966,1
2024,1092972,1
2024,1092978,1
2024,1092984,1
2024,1092990,1
2024,1092996,1
2024,1093002,1
2024,1093008,1
2024,1093014,1
2024,1093020,1
2024,1093026,1
2024,1093032,1
2024,1093038,1
2024,1093044,1
2024,1093050,1
2024,1093056,1
2024,1093062,1
2024,1093068,1
2024,1093074,1
2024,1093080,1
2024,1093086,1
2024,1093092,1
2024,1093098,1
2024,1093104,1
2024,1093110,1
2024,1093116,1
2024,1093122,1
2024,1093128,1
2024,1093134,1
2024,1093140,1
2024,1093146,1
2024,1093152,1
2024,1093158,1
2024,1093164,1
2024,1093170,1
2024,1093176,1
2024,1093182,1
2024,1093188,1
2024,1093194,1
2024,1093200,1
2024,1093206,1
2024,1093212,1
2024,1093218,1
2024,1093224,1
2024,1093230,1
2024,1093236,1
2024,1093242,1
2024,1093248,1
2024,1093254,1
2024,1093260,1
2024,1093266,1
2024,1093272,1
2024,1093278,1
2024,1093284,1
2024,1093290,1
2024,1093296,1
2024,1093302,1
2024,1093308,1
2024,1093314,1
2024,1093320,1
2024,1093326,1
2024,1093332,1
2024,1093338,1
2024,1093344,1
2024,1093350,1
2024,1093356,1
2024,1093362,1
2024,1093368,1
2024,1093374,1
2024,1093380,1
2024,1093386,1
2024,1093392,1
2024,1093398,1
2024,1093404,1
2024,1093410,1
2024,1093416,1
2024,1093422,1
2024,1093428,1
2024,1093434,1
2024,1093440,1
2024,1093446,1
2024,1093452,1
2024,1093458,1
2024,1093464,1
2024,1093470,1
2024,1093476,1
2024,1093482,1
2024,1093488,1
2024,1093494,1
2024,1093500,1
2024,1093506,1
2024,1093512,1
2024,1093518,1
2024,1093524,1
2024,1093530,1
2024,1093536,1
2024,1093542,1
2024,1093548,1
2024,1093554,1
2024,1093560,1
2024,1093566,1
2024,1093572,1
2024,1093578,1
2024,1093584,1
2024,1093590,1
2024,1093596,1
2024,1093602,1
2024,1093608,1
2024,1093614,1
2024,1093620,1
2024,1093626,1
2024,1093632,1
2024,1093638,1
2024,1093644,1
2024,1093650,1
2024,1093656,1
2024,1093662,1
2024,1093668,1
2024,1093674,1
2024,1093680,1
2024,1093686,1
2024,1093692,1
2024,1093698,1
2024,1093704,1
2024,1093710,1
2024,1093716,1
2024,1093722,1
2024,1093728,1
2024,1093734,1
2024,1093740,1
2024,1093746,1
2024,1093752,1
2024,1093758,1
2024,1093764,1
2024,1093770,1
2024,1093776,1
2024,1093782,1
2024,1093788,1
2024,1093794,1
2024,1093800,1
2024,1093806,1
2024,1093812,1
2024,1093818,1
2024,1093824,1
2024,1093830,1
2024,1093836,1
2024,1093842,1
2024,1093848,1
2024,1093854,1
2024,1093860,1
2024,1093866,1
2024,1093872,1
2024,1093878,1
2024,1093884,1
2024,1093890,1
2024,1093896,1
2024,1093902,1
2024,1093908,1
2024,1093914,1
2024,1093920,1
2024,1093926,1
2024,1093932,1
2024,1093938,1
2024,1093944,1
2024,1093950,1
2024,1093956,1
2024,1093962,1
2024,1093968,1
2024,1093974,1
2024,1093980,1
2024,1093986,1
2024,1093992,1
2024,1093998,1
2024,1094004,1
2024,1094010,1
2024,1094016,1
2024,1094022,1
2024,1094028,1
2024,1094034,1
2024,1094040,1
2024,1094046,1
2024,1094052,1
2024,1094058,1
2024,1094064,1
2024,1094070,1
2024,1094076,1
2024,1094082,1
2024,1094088,1
2024,1094094,1
2024,1094100,1
2024,1094106,1
2024,1094112,1
2024,1094118,1
2024,1094124,1
2024,1094130,1
2024,1094136,1
2024,1094142,1
2024,1094148,1
2024,1094154,1
2024,1094160,1
2024,1094166,1
2024,1094172,1
2024,1094178,1
2024,1094184,1
2024,1094190,1
2024,1094196,1
2024,1094202,1
2024,1094208,1
2024,1094214,1
2024,1094220,1
2024,1094226,1
2024,1094232,1
2024,1094238,1
2024,1094244,1
2024,1094250,1
2024,1094256,1
2024,1094262,1
2024,1094268,1
2024,1094274,1
2024,1094280,1
2024,1094286,1
2024,1094292,1
2024,1094298,1
2024,1094304,1
2024,1094310,1
2024,1094316,1
2024,1094322,1
2024,1094328,1
2024,1094334,1
2024,1094340,1
2024,1094346,1
2024,1094352,1
2024,1094358,1
2024,1094364,1
2024,1094370,1
2024,1094376,1
2024,1094382,1
2024,1094388,1
2024,1094394,1
2024,1094400,1
2024,1094406,1
2024,1094412,1
2024,1094418,1
2024,1094424,1
2024,1094430,1
2024,1094436,1
2024,1094442,1
2024,1094448,1
2024,1094454,1
2024,1094460,1
2024,1094466,1
2024,1094472,1
2024,1094478,1
2024,1094484,1
2024,1094490,1
2024,1094496,1
2024,1094502,1
2024,1094508,1
2024,1094514,1
2024,1094520,1
2024,1094526,1
2024,1094532,1
2024,1094538,1
2024,1094544,1
2024,1094550,1
2024,1094556,1
2024,1094562,1
2024,1094568,1
2024,1094574,1
2024,1094580,1
2024,1094586,1
2024,1094592,1
2024,1094598,1
2024,1094604,1
2024,1094610,1
2024,1094616,1
2024,1094622,1
2024,1094628,1
2024,1094634,1
2024,1094640,1
2024,1094646,1
2024,1094652,1
2024,1094658,1
2024,1094664,1
2024,1094670,1
2024,1094676,1
2024,1094682,1
2024,1094688,1
2024,1094694,1
2024,1094700,1
2024,1094706,1
2024,1094712,1
2024,1094718,1
2024,1094724,1
2024,1094730,1
2024,1094736,1
2024,1094742,1
2024,1094748,1
2024,1094754,1
2024,1094760,1
2024,1094766,1
2024,1094772,1
2024,1094778,1
2024,1094784,1
2024,1094790,1
2024,1094796,1
2024,1094802,1
2024,1094808,1
2024,1094814,1
2024,1094820,1
2024,1094826,1
2024,1094832,1
2024,1094838,1
2024,1094844,1
2024,1094850,1
2024,1094856,1
2024,1094862,1
2024,1094868,1
2024,1094874,1
2024,1094880,1
2024,1094886,1
2024,1094892,1
2024,1094898,1
2024,1094904,1
2024,1094910,1
2024,1094916,1
2024,1094922,1
2024,1094928,1
2024,1094934,1
2024,1094940,1
2024,1094946,1
2024,1094952,1
2024,1094958,1
2024,1094964,1
2024,1094970,1
2024,1094976,1
2024,1094982,1
2024,1094988,1
2024,1094994,1
2024,1095000,1
2024,1095006,1
2024,1095012,1
2024,1095018,1
2024,1095024,1
2024,1095030,1
2024,1095036,1
2024,1095042,1
2024,1095048,1
2024,1095054,1
2024,1095060,1
2024,1095066,1
2024,1095072,1
2024,1095078,1
2024,1095084,1
2024,1095090,1
2024,1095096,1
2024,1095102,1
2024,1095108,1
2024,1095114,1
2024,1095120,1
2024,1095126,1
2024,1095132,1
2024,1095138,1
2024,1095144,1
2024,1095150,1
2024,1095156,1
2024,1095162,1
2024,1095168,1
2024,1095174,1
2024,1095180,1
2024,1095186,1
2024,1095192,1
2024,1095198,1
2024,1095204,1
2024,1095210,1
2024,1095216,1
2024,1095222,1
2024,1095228,1
2024,1095234,1
2024,1095240,1
2024,1095246,1
2024,1095252,1
2024,1095258,1
2024,1095264,1
2024,1095270,1
2024,1095276,1
2024,1095282,1
2024,1095288,1
2024,1095294,1
2024,1095300,1
2024,1095306,1
2024,1095312,1
2024,1095318,1
2024,1095324,1
2024,1095330,1
2024,1095336,1
2024,1095342,1
2024,1095348,1
2024,1095354,1
2024,1095360,1
2024,1095366,1
2024,1095372,1
2024,1095378,1
2024,1095384,1
2024,1095390,1
2024,1095396,1
2024,1095402,1
2024,1095408,1
2024,1095414,1
2024,1095420,1
2024,1095426,1
2024,1095432,1
2024,1095438,1
2024,1095444,1
2024,1095450,1
2024,1095456,1
2024,1095462,1
2024,1095468,1
2024,1095474,1
2024,1095480,1
2024,1095486,1
2024,1095492,1
2024,1095498,1
2024,1095504,1
2024,1095510,1
2024,1095516,1
2024,1095522,1
2024,1095528,1
2024,1095534,1
2024,1095540,1
2024,1095546,1
2024,1095552,1
2024,1095558,1
2024,1095564,1
2024,1095570,1
2024,1095576,1
2024,1095582,1
2024,1095588,1
2024,1095594,1
2024,1095600,1
2024,1095606,1
2024,1095612,1
2024,1095618,1
2024,1095624,1
2024,1095630,1
2024,1095636,1
2024,1095642,1
2024,1095648,1
2024,1095654,1
2024,1095660,1
2024,1095666,1
2024,1095672,1
2024,1095678,1
2024,1095684,1
2024,1095690,1
2024,1095696,1
2024,1095702,1
2024,1095708,1
2024,1095714,1
2024,1095720,1
2024,1095726,1
2024,1095732,1
2024,1095738,1
2024,1095744,1
2024,1095750,1
2024,1095756,1
2024,1095762,1
2024,1095768,1
2024,1095774,1
2024,1095780,1
2024,1095786,1
2024,1095792,1
2024,1095798,1
2024,1095804,1
2024,1095810,1
2024,1095816,1
2024,1095822,1
2024,1095828,1
2024,1095834,1
2024,1095840,1
2024,1095846,1
2024,1095852,1
2024,1095858,1
2024,1095864,1
2024,1095870,1
2024,1095876,1
2024,1095882,1
2024,1095888,1
2024,1095894,1
2024,1095900,1
2024,1095906,1
2024,1095912,1
2024,1095918,1
2024,1095924,1
2024,1095930,1
2024,1095936,1
2024,1095942,1
2024,1095948,1
2024,1095954,1
2024,1095960,1
2024,1095966,1
2024,1095972,1
2024,1095978,1
2024,1095984,1
2024,1095990,1
2024,1095996,1
2024,1096002,1
2024,1096008,1
2024,1096014,1
2024,1096020,1
2024,1096026,1
2024,1096032,1
2024,1096038,1
2024,1096044,1
2024,1096050,1
2024,1096056,1
2024,1096062,1
2024,1096068,1
2024,1096074,1
2024,1096080,1
2024,1096086,1
2024,1096092,1
2024,1096098,1
2024,1096104,1
2024,1096110,1
2024,1096116,1
2024,1096122,1
2024,1096128,1
2024,1096134,1
2024,1096140,1
2024,1096146,1
2024,1096152,1
2024,1096158,1
2024,1096164,1
2024,1096170,1
2024,1096176,1
2024,1096182,1
2024,1096188,1
2024,1096194,1
2024,1096200,1
2024,1096206,1
2024,1096212,1
2024,1096218,1
2024,1096224,1
2024,1096230,1
2024,1096236,1
2024,1096242,1
2024,1096248,1
2024,1096254,1
2024,1096260,1
2024,1096266,1
2024,1096272,1
2024,1096278,1
2024,1096284,1
2024,1096290,1
2024,1096296,1
2024,1096302,1
2024,1096308,1
2024,1096314,1
2024,1096320,1
2024,1096326,1
2024,1096332,1
2024,1096338,1
2024,1096344,1
2024,1096350,1
2024,1096356,1
2024,1096362,1
2024,1096368,1
2024,1096374,1
2024,1096380,1
2024,1096386,1
2024,1096392,1
2024,1096398,1
2024,1096404,1
2024,1096410,1
2024,1096416,1
2024,1096422,1
2024,1096428,1
2024,1096434,1
2024,1096440,1
2024,1096446,1
2024,1096452,1
2024,1096458,1
2024,1096464,1
2024,1096470,1
2024,1096476,1
2024,1096482,1
2024,1096488,1
2024,1096494,1
2024,1096500,1
2024,1096506,1
2024,1096512,1
2024,1096518,1
2024,1096524,1
2024,1096530,1
2024,1096536,1
2024,1096542,1
2024,1096548,1
2024,1096554,1
2024,1096560,1
2024,1096566,1
2024,1096572,1
2024,1096578,1
2024,1096584,1
2024,1096590,1
2024,1096596,1
2024,1096602,1
2024,1096608,1
2024,1096614,1
2024,1096620,1
2024,1096626,1
2024,1096632,1
2024,1096638,1
2024,1096644,1
2024,1096650,1
2024,1096656,1
2024,1096662,1
2024,1096668,1
2024,1096674,1
2024,1096680,1
2024,1096686,1
2024,1096692,1
2024,1096698,1
2024,1096704,1
2024,1096710,1
2024,1096716,1
2024,1096722,1
2024,1096728,1
2024,1096734,1
2024,1096740,1
2024,1096746,1
2024,1096752,1
2024,1096758,1
2024,1096764,1
2024,1096770,1
2024,1096776,1
2024,1096782,1
2024,1096788,1
2024,1096794,1
2024,1096800,1
2024,1096806,1
2024,1096812,1
2024,1096818,1
2024,1096824,1
2024,1096830,1
2024,1096836,1
2024,1096842,1
2024,1096848,1
2024,1096854,1
2024,1096860,1
2024,1096866,1
2024,1096872,1
2024,1096878,1
2024,1096884,1
2024,1096890,1
2024,1096896,1
2024,1096902,1
2024,1096908,1
2024,1096914,1
2024,1096920,1
2024,1096926,1
2024,1096932,1
2024,1096938,1
2024,1096944,1
2024,1096950,1
2024,1096956,1
2024,1096962,1
2024,1096968,1
2024,1096974,1
2024,1096980,1
2024,1096986,1
2024,1096992,1
2024,1096998,1
2024,1097004,1
2024,1097010,1
2024,1097016,1
2024,1097022,1
2024,1097028,1
2024,1097034,1
2024,1097040,1
2024,1097046,1
2024,1097052,1
2024,1097058,1
2024,1097064,1
2024,1097070,1
2024,1097076,1
2024,1097082,1
2024,1097088,1
2024,1097094,1
2024,1097100,1
2024,1097106,1
2024,1097112,1
2024,1097118,1
2024,1097124,1
2024,1097130,1
2024,1097136,1
2024,1097142,1
2024,1097148,1
2024,1097154,1
2024,1097160,1
2024,1097166,1
2024,1097172,1
2024,1097178,1
2024,1097184,1
2024,1097190,1
2024,1097196,1
2024,1097202,1
2024,1097208,1
2024,1097214,1
2024,1097220,1
2024,1097226,1
2024,1097232,1
2024,1097238,1
2024,1097244,1
2024,1097250,1
2024,1097256,1
2024,1097262,1
2024,1097268,1
2024,1097274,1
2024,1097280,1
2024,1097286,1
2024,1097292,1
2024,1097298,1
2024,1097304,1
2024,1097310,1
2024,1097316,1
2024,1097322,1
2024,1097328,1
2024,1097334,1
2024,1097340,1
2024,1097346,1
2024,1097352,1
2024,1097358,1
2024,1097364,1
2024,1097370,1
2024,1097376,1
2024,1097382,1
2024,1097388,1
2024,1097394,1
2024,1097400,1
2024,1097406,1
2024,1097412,1
2024,1097418,1
2024,1097424,1
2024,1097430,1
2024,1097436,1
2024,1097442,1
2024,1097448,1
2024,1097454,1
2024,1097460,1
2024,1097466,1
2024,1097472,1
2024,1097478,1
2024,1097484,1
2024,1097490,1
2024,1097496,1
2024,1097502,1
2024,1097508,1
2024,1097514,1
2024,1097520,1
2024,1097526,1
2024,1097532,1
2024,1097538,1
2024,1097544,1
2024,1097550,1
2024,1097556,1
2024,1097562,1
2024,1097568,1
2024,1097574,1
2024,1097580,1
2024,1097586,1
2024,1097592,1
2024,1097598,1
2024,1097604,1
2024,1097610,1
2024,1097616,1
2024,1097622,1
2024,1097628,1
2024,1097634,1
2024,1097640,1
2024,1097646,1
2024,1097652,1
2024,1097658,1
2024,1097664,1
2024,1097670,1
2024,1097676,1
2024,1097682,1
2024,1097688,1
2024,1097694,1
2024,1097700,1
2024,1097706,1
2024,1097712,1
2024,1097718,1
2024,1097724,1
2024,1097730,1
2024,1097736,1
2024,1097742,1
2024,1097748,1
2024,1097754,1
2024,1097760,1
2024,1097766,1
2024,1097772,1
2024,1097778,1
2024,1097784,1
2024,1097790,1
2024,1097796,1
2024,1097802,1
2024,1097808,1
2024,1097814,1
2024,1097820,1
2024,1097826,1
2024,1097832,1
2024,1097838,1
2024,1097844,1
2024,1097850,1
2024,1097856,1
2024,1097862,1
2024,1097868,1
2024,1097874,1
2024,1097880,1
2024,1097886,1
2024,1097892,1
2024,1097898,1
2024,1097904,1
2024,1097910,1
2024,1097916,1
2024,1097922,1
2024,1097928,1
2024,1097934,1
2024,1097940,1
2024,1097946,1
2024,1097952,1
2024,1097958,1
2024,1097964,1
2024,1097970,1
2024,1097976,1
2024,1097982,1
2024,1097988,1
2024,1097994,1
2024,1098000,1
2024,1098006,1
2024,1098012,1
2024,1098018,1
2024,1098024,1
2024,1098030,1
2024,1098036,1
2024,1098042,1
2024,1098048,1
2024,1098054,1
2024,1098060,1
2024,1098066,1
2024,1098072,1
2024,1098078,1
2024,1098084,1
2024,1098090,1
2024,1098096,1
2024,1098102,1
2024,1098108,1
2024,1098114,1
2024,1098120,1
2024,1098126,1
2024,1098132,1
2024,1098138,1
2024,1098144,1
2024,1098150,1
2024,1098156,1
2024,1098162,1
2024,1098168,1
2024,1098174,1
2024,1098180,1
2024,1098186,1
2024,1098192,1
2024,1098198,1
2024,1098204,1
2024,1098210,1
2024,1098216,1
2024,1098222,1
2024,1098228,1
2024,1098234,1
2024,1098240,1
2024,1098246,1
2024,1098252,1
2024,1098258,1
2024,1098264,1
2024,1098270,1
2024,1098276,1
2024,1098282,1
2024,1098288,1
2024,1098294,1
2024,1098300,1
2024,1098306,1
2024,1098312,1
2024,1098318,1
2024,1098324,1
2024,1098330,1
2024,1098336,1
2024,1098342,1
2024,1098348,1
2024,1098354,1
2024,1098360,1
2024,1098366,1
2024,1098372,1
2024,1098378,1
2024,1098384,1
2024,1098390,1
2024,1098396,1
2024,1098402,1
2024,1098408,1
2024,1098414,1
2024,1098420,1
2024,1098426,1
2024,1098432,1
2024,1098438,1
2024,1098444,1
2024,1098450,1
2024,1098456,1
2024,1098462,1
2024,1098468,1
2024,1098474,1
2024,1098480,1
2024,1098486,1
2024,1098492,1
2024,1098498,1
2024,1098504,1
2024,1098510,1
2024,1098516,1
2024,1098522,1
2024,1098528,1
2024,1098534,1
2024,1098540,1
2024,1098546,1
2024,1098552,1
2024,1098558,1
2024,1098564,1
2024,1098570,1
2024,1098576,1
2024,1098582,1
2024,1098588,1
2024,1098594,1
2024,1098600,1
2024,1098606,1
2024,1098612,1
2024,1098618,1
2024,1098624,1
2024,1098630,1
2024,1098636,1
2024,1098642,1
2024,1098648,1
2024,1098654,1
2024,1098660,1
2024,1098666,1
2024,1098672,1
2024,1098678,1
2024,1098684,1
2024,1098690,1
2024,1098696,1
2024,1098702,1
2024,1098708,1
2024,1098714,1
2024,1098720,1
2024,1098726,1
2024,1098732,1
2024,1098738,1
2024,1098744,1
2024,1098750,1
2024,1098756,1
2024,1098762,1
2024,1098768,1
2024,1098774,1
2024,1098780,1
2024,1098786,1
2024,1098792,1
2024,1098798,1
2024,1098804,1
2024,1098810,1
2024,1098816,1
2024,1098822,1
2024,1098828,1
2024,1098834,1
2024,1098840,1
2024,1098846,1
2024,1098852,1
2024,1098858,1
2024,1098864,1
2024,1098870,1
2024,1098876,1
2024,1098882,1
2024,1098888,1
2024,1098894,1
2024,1098900,1
2024,1098906,1
2024,1098912,1
2024,1098918,1
2024,1098924,1
2024,1098930,1
2024,1098936,1
2024,1098942,1
2024,1098948,1
2024,1098954,1
2024,1098960,1
2024,1098966,1
2024,1098972,1
2024,1098978,1
2024,1098984,1
2024,1098990,1
2024,1098996,1
2024,1099002,1
2024,1099008,1
2024,1099014,1
2024,1099020,1
2024,1099026,1
2024,1099032,1
2024,1099038,1
2024,1099044,1
2024,1099050,1
2024,1099056,1
2024,1099062,1
2024,1099068,1
2024,1099074,1
2024,1099080,1
2024,1099086,1
2024,1099092,1
2024,1099098,1
2024,1099104,1
2024,1099110,1
2024,1099116,1
2024,1099122,1
2024,1099128,1
2024,1099134,1
2024,1099140,1
2024,1099146,1
2024,1099152,1
2024,1099158,1
2024,1099164,1
2024,1099170,1
2024,1099176,1
2024,1099182,1
2024,1099188,1
2024,1099194,1
2024,1099200,1
2024,1099206,1
2024,1099212,1
2024,1099218,1
2024,1099224,1
2024,1099230,1
2024,1099236,1
2024,1099242,1
2024,1099248,1
2024,1099254,1
2024,1099260,1
2024,1099266,1
2024,1099272,1
2024,1099278,1
2024,1099284,1
2024,1099290,1
2024,1099296,1
2024,1099302,1
2024,1099308,1
2024,1099314,1
2024,1099320,1
2024,1099326,1
2024,1099332,1
2024,1099338,1
2024,1099344,1
2024,1099350,1
2024,1099356,1
2024,1099362,1
2025,1101576,1
2025,1101582,1
2025,1101588,1
2025,1101594,1
2025,1101600,1
2025,1101606,1
2025,1101612,1
2025,1101618,1
2025,1101624,1
2025,1101630,1
2025,1101636,1
2025,1101642,1
2025,1101648,1
2025,1101654,1
2025,1101660,1
2025,1101666,1
2025,1101672,1
2025,1101678,1
2025,1101684,1
2025,1101690,1
2025,1101696,1
2025,1101702,1
2025,1101708,1
2025,1101714,1
2025,1101720,1
2025,1101726,1
2025,1101732,1
2025,1101738,1
2025,1101744,1
2025,1101750,1
2025,1101756,1
2025,1101762,1
2025,1101768,1
2025,1101774,1
2025,1101780,1
2025,1101786,1
2025,1101792,1
2025,1101798,1
2025,1101804,1
2025,1101810,1
2025,1101816,1
2025,1101822,1
2025,1101828,1
2025,1101834,1
2025,1101840,1
2025,1101846,1
2025,1101852,1
2025,1101858,1
2025,1101864,1
2025,1101870,1
2025,1101876,1
2025,1101882,1
2025,1101888,1
2025,1101894,1
2025,1101900,1
2025,1101906,1
2025,1101912,1
2025,1101918,1
2025,1101924,1
2025,1101930,1
2025,1101936,1
2025,1101942,1
2025,1101948,1
2025,1101954,1
2025,1101960,1
2025,1101966,1
2025,1101972,1
2025,1101978,1
2025,1101984,1
2025,1101990,1
2025,1101996,1
2025,1102002,1
2025,1102008,1
2025,1102014,1
2025,1102020,1
2025,1102026,1
2025,1102032,1
2025,1102038,1
2025,1102044,1
2025,1102050,1
2025,1102056,1
2025,1102062,1
2025,1102068,1
2025,1102074,1
2025,1102080,1
2025,1102086,1
2025,1102092,1
2025,1102098,1
2025,1102104,1
2025,1102110,1
2025,1102116,1
2025,1102122,1
2025,1102128,1
2025,1102134,1
2025,1102140,1
2025,1102146,1
2025,1102152,1
2025,1102158,1
2025,1102164,1
2025,1102170,1
2025,1102176,1
2025,1102182,1
2025,1102188,1
2025,1102194,1
2025,1102200,1
2025,1102206,1
2025,1102212,1
2025,1102218,1
2025,1102224,1
2025,1102230,1
2025,1102236,1
2025,1102242,1
2025,1102248,1
2025,1102254,1
2025,1102260,1
2025,1102266,1
2025,1102272,1
2025,1102278,1
2025,1102284,1
2025,1102290,1
2025,1102296,1
2025,1102302,1
2025,1102308,1
2025,1102314,1
2025,1102320,1
2025,1102326,1
2025,1102332,1
2025,1102338,1
2025,1102344,1
2025,1102350,1
2025,1102356,1
2025,1102362,1
2025,1102368,1
2025,1102374,1
2025,1102380,1
2025,1102386,1
2025,1102392,1
2025,1102398,1
2025,1102404,1
2025,1102410,1
2025,1102416,1
2025,1102422,1
2025,1102428,1
2025,1102434,1
2025,1102440,1
2025,1102446,1
2025,1102452,1
2025,1102458,1
2025,1102464,1
2025,1102470,1
2025,1102476,1
2025,1102482,1
2025,1102488,1
2025,1102494,1
2025,1102500,1
2025,1102506,1
2025,1102512,1
2025,1102518,1
2025,1102524,1
2025,1102530,1
2025,1102536,1
2025,1102542,1
2025,1102548,1
2025,1102554,1
2025,1102560,1
2025,1102566,1
2025,1102572,1
2025,1102578,1
2025,1102584,1
2025,1102590,1
2025,1102596,1
2025,1102602,1
2025,1102608,1
2025,1102614,1
2025,1102620,1
2025,1102626,1
2025,1102632,1
2025,1102638,1
2025,1102644,1
2025,1102650,1
2025,1102656,1
2025,1102662,1
2025,1102668,1
2025,1102674,1
2025,1102680,1
2025,1102686,1
2025,1102692,1
2025,1102698,1
2025,1102704,1
2025,1102710,1
2025,1102716,1
2025,1102722,1
2025,1102728,1
2025,1102734,1
2025,1102740,1
2025,1102746,1
2025,1102752,1
2025,1102758,1
2025,1102764,1
2025,1102770,1
2025,1102776,1
2025,1102782,1
2025,1102788,1
2025,1102794,1
2025,1102800,1
2025,1102806,1
2025,1102812,1
2025,1102818,1
2025,1102824,1
2025,1102830,1
2025,1102836,1
2025,1102842,1
2025,1102848,1
2025,1102854,1
2025,1102860,1
2025,1102866,1
2025,1102872,1
2025,1102878,1
2025,1102884,1
2025,1102890,1
2025,1102896,1
2025,1102902,1
2025,1102908,1
2025,1102914,1
2025,1102920,1
2025,1102926,1
2025,1102932,1
2025,1102938,1
2025,1102944,1
2025,1102950,1
2025,1102956,1
2025,1102962,1
2025,1102968,1
2025,1102974,1
2025,1102980,1
2025,1102986,1
2025,1102992,1
2025,1102998,1
2025,1103004,1
2025,1103010,1
2025,1103016,1
2025,1103022,1
2025,1103028,1
2025,1103034,1
2025,1103040,1
2025,1103046,1
2025,1103052,1
2025,1103058,1
2025,1103064,1
2025,1103070,1
2025,1103076,1
2025,1103082,1
2025,1103088,1
2025,1103094,1
2025,1103100,1
2025,1103106,1
2025,1103112,1
2025,1103118,1
2025,1103124,1
2025,1103130,1
2025,1103136,1
2025,1103142,1
2025,1103148,1
2025,1103154,1
2025,1103160,1
2025,1103166,1
2025,1103172,1
2025,1103178,1
2025,1103184,1
2025,1103190,1
2025,1103196,1
2025,1103202,1
2025,1103208,1
2025,1103214,1
2025,1103220,1
2025,1103226,1
2025,1103232,1
2025,1103238,1
2025,1103244,1
2025,1103250,1
2025,1103256,1
2025,1103262,1
2025,1103268,1
2025,1103274,1
2025,1103280,1
2025,1103286,1
2025,1103292,1
2025,1103298,1
2025,1103304,1
2025,1103310,1
2025,1103316,1
2025,1103322,1
2025,1103328,1
2025,1103334,1
2025,1103340,1
2025,1103346,1
2025,1103352,1
2025,1103358,1
2025,1103364,1
2025,1103370,1
2025,1103376,1
2025,1103382,1
2025,1103388,1
2025,1103394,1
2025,1103400,1
2025,1103406,1
2025,1103412,1
2025,1103418,1
2025,1103424,1
2025,1103430,1
2025,1103436,1
2025,1103442,1
2025,1103448,1
2025,1103454,1
2025,1103460,1
2025,1103466,1
2025,1103472,1
2025,1103478,1
2025,1103484,1
2025,1103490,1
2025,1103496,1
2025,1103502,1
2025,1103508,1
2025,1103514,1
2025,1103520,1
2025,1103526,1
2025,1103532,1
2025,1103538,1
2025,1103544,1
2025,1103550,1
2025,1103556,1
2025,1103562,1
2025,1103568,1
2025,1103574,1
2025,1103580,1
2025,1103586,1
2025,1103592,1
2025,1103598,1
2025,1103604,1
2025,1103610,1
2025,1103616,1
2025,1103622,1
2025,1103628,1
2025,1103634,1
2025,1103640,1
2025,1103646,1
2025,1103652,1
2025,1103658,1
2025,1103664,1
2025,1103670,1
2025,1103676,1
2025,1103682,1
2025,1103688,1
2025,1103694,1
2025,1103700,1
2025,1103706,1
2025,1103712,1
2025,1103718,1
2025,1103724,1
2025,1103730,1
2025,1103736,1
2025,1103742,1
2025,1103748,1
2025,1103754,1
2025,1103760,1
2025,1103766,1
2025,1103772,1
2025,1103778,1
2025,1103784,1
2025,1103790,1
2025,1103796,1
2025,1103802,1
2025,1103808,1
2025,1103814,1
2025,1103820,1
2025,1103826,1
2025,1103832,1
2025,1103838,1
2025,1103844,1
2025,1103850,1
2025,1103856,1
2025,1103862,1
2025,1103868,1
2025,1103874,1
2025,1103880,1
2025,1103886,1
2025,1103892,1
2025,1103898,1
2025,1103904,1
2025,1103910,1
2025,1103916,1
2025,1103922,1
2025,1103928,1
2025,1103934,1
2025,1103940,1
2025,1103946,1
2025,1103952,1
2025,1103958,1
2025,1103964,1
2025,1103970,1
2025,1103976,1
2025,1103982,1
2025,1103988,1
2025,1103994,1
2025,1104000,1
2025,1104006,1
2025,1104012,1
2025,1104018,1
2025,1104024,1
2025,1104030,1
2025,1104036,1
2025,1104042,1
2025,1104048,1
2025,1104054,1
2025,1104060,1
2025,1104066,1
2025,1104072,1
2025,1104078,1
2025,1104084,1
2025,1104090,1
2025,1104096,1
2025,1104102,1
2025,1104108,1
2025,1104114,1
2025,1104120,1
2025,1104126,1
2025,1104132,1
2025,1104138,1
2025,1104144,1
2025,1104150,1
2025,1104156,1
2025,1104162,1
2025,1104168,1
2025,1104174,1
2025,1104180,1
2025,1104186,1
2025,1104192,1
2025,1104198,1
2025,1104204,1
2025,1104210,1
2025,1104216,1
2025,1104222,1
2025,1104228,1
2025,1104234,1
2025,1104240,1
2025,1104246,1
2025,1104252,1
2025,1104258,1
2025,1104264,1
2025,1104270,1
2025,1104276,1
2025,1104282,1
2025,1104288,1
2025,1104294,1
2025,1104300,1
2025,1104306,1
2025,1104312,1
2025,1104318,1
2025,1104324,1
2025,1104330,1
2025,1104336,1
2025,1104342,1
2025,1104348,1
2025,1104354,1
2025,1104360,1
2025,1104366,1
2025,1104372,1
2025,1104378,1
2025,1104384,1
2025,1104390,1
2025,1104396,1
2025,1104402,1
2025,1104408,1
2025,1104414,1
2025,1104420,1
2025,1104426,1
2025,1104432,1
2025,1104438,1
2025,1104444,1
2025,1104450,1
2025,1104456,1
2025,1104462,1
2025,1104468,1
2025,1104474,1
2025,1104480,1
2025,1104486,1
2025,1104492,1
2025,1104498,1
2025,1104504,1
2025,1104510,1
2025,1104516,1
2025,1104522,1
2025,1104528,1
2025,1104534,1
2025,1104540,1
2025,1104546,1
2025,1104552,1
2025,1104558,1
2025,1104564,1
2025,1104570,1
2025,1104576,1
2025,1104582,1
2025,1104588,1
2025,1104594,1
2025,1104600,1
2025,1104606,1
2025,1104612,1
2025,1104618,1
2025,1104624,1
2025,1104630,1
2025,1104636,1
2025,1104642,1
2025,1104648,1
2025,1104654,1
2025,1104660,1
2025,1104666,1
2025,1104672,1
2025,1104678,1
2025,1104684,1
2025,1104690,1
2025,1104696,1
2025,1104702,1
2025,1104708,1
2025,1104714,1
2025,1104720,1
2025,1104726,1
2025,1104732,1
2025,1104738,1
2025,1104744,1
2025,1104750,1
2025,1104756,1
2025,1104762,1
2025,1104768,1
2025,1104774,1
2025,1104780,1
2025,1104786,1
2025,1104792,1
2025,1104798,1
2025,1104804,1
2025,1104810,1
2025,1104816,1
2025,1104822,1
2025,1104828,1
2025,1104834,1
2025,1104840,1
2025,1104846,1
2025,1104852,1
2025,1104858,1
2025,1104864,1
2025,1104870,1
2025,1104876,1
2025,1104882,1
2025,1104888,1
2025,1104894,1
2025,1104900,1
2025,1104906,1
2025,1104912,1
2025,1104918,1
2025,1104924,1
2025,1104930,1
2025,1104936,1
2025,1104942,1
2025,1104948,1
2025,1104954,1
2025,1104960,1
2025,1104966,1
2025,1104972,1
2025,1104978,1
2025,1104984,1
2025,1104990,1
2025,1104996,1
2025,1105002,1
2025,1105008,1
2025,1105014,1
2025,1105020,1
2025,1105026,1
2025,1105032,1
2025,1105038,1
2025,1105044,1
2025,1105050,1
2025,1105056,1
2025,1105062,1
2025,1105068,1
2025,1105074,1
2025,1105080,1
2025,1105086,1
2025,1105092,1
2025,1105098,1
2025,1105104,1
2025,1105110,1
2025,1105116,1
2025,1105122,1
2025,1105128,1
2025,1105134,1
2025,1105140,1
2025,1105146,1
2025,1105152,1
2025,1105158,1
2025,1105164,1
2025,1105170,1
2025,1105176,1
2025,1105182,1
2025,1105188,1
2025,1105194,1
2025,1105200,1
2025,1105206,1
2025,1105212,1
2025,1105218,1
2025,1105224,1
2025,1105230,1
2025,1105236,1
2025,1105242,1
2025,1105248,1
2025,1105254,1
2025,1105260,1
2025,1105266,1
2025,1105272,1
2025,1105278,1
2025,1105284,1
2025,1105290,1
2025,1105296,1
2025,1105302,1
2025,1105308,1
2025,1105314,1
2025,1105320,1
2025,1105326,1
2025,1105332,1
2025,1105338,1
2025,1105344,1
2025,1105350,1
2025,1105356,1
2025,1105362,1
2025,1105368,1
2025,1105374,1
2025,1105380,1
2025,1105386,1
2025,1105392,1
2025,1105398,1
2025,1105404,1
2025,1105410,1
2025,1105416,1
2025,1105422,1
2025,1105428,1
2025,1105434,1
2025,1105440,1
2025,1105446,1
2025,1105452,1
2025,1105458,1
2025,1105464,1
2025,1105470,1
2025,1105476,1
2025,1105482,1
2025,1105488,1
2025,1105494,1
2025,1105500,1
2025,1105506,1
2025,1105512,1
2025,1105518,1
2025,1105524,1
2025,1105530,1
2025,1105536,1
2025,1105542,1
2025,1105548,1
2025,1105554,1
2025,1105560,1
2025,1105566,1
2025,1105572,1
2025,1105578,1
2025,1105584,1
2025,1105590,1
2025,1105596,1
2025,1105602,1
2025,1105608,1
2025,1105614,1
2025,1105620,1
2025,1105626,1
2025,1105632,1
2025,1105638,1
2025,1105644,1
2025,1105650,1
2025,1105656,1
2025,1105662,1
2025,1105668,1
2025,1105674,1
2025,1105680,1
2025,1105686,1
2025,1105692,1
2025,1105698,1
2025,1105704,1
2025,1105710,1
2025,1105716,1
2025,1105722,1
2025,1105728,1
2025,1105734,1
2025,1105740,1
2025,1105746,1
2025,1105752,1
2025,1105758,1
2025,1105764,1
2025,1105770,1
2025,1105776,1
2025,1105782,1
2025,1105788,1
2025,1105794,1
2025,1105800,1
2025,1105806,1
2025,1105812,1
2025,1105818,1
2025,1105824,1
2025,1105830,1
2025,1105836,1
2025,1105842,1
2025,1105848,1
2025,1105854,1
2025,1105860,1
2025,1105866,1
2025,1105872,1
2025,1105878,1
2025,1105884,1
2025,1105890,1
2025,1105896,1
2025,1105902,1
2025,1105908,1
2025,1105914,1
2025,1105920,1
2025,1105926,1
2025,1105932,1
2025,1105938,1
2025,1105944,1
2025,1105950,1
2025,1105956,1
2025,1105962,1
2025,1105968,1
2025,1105974,1
2025,1105980,1
2025,1105986,1
2025,1105992,1
2025,1105998,1
2025,1106004,1
2025,1106010,1
2025,1106016,1
2025,1106022,1
2025,1106028,1
2025,1106034,1
2025,1106040,1
2025,1106046,1
2025,1106052,1
2025,1106058,1
2025,1106064,1
2025,1106070,1
2025,1106076,1
2025,1106082,1
2025,1106088,1
2025,1106094,1
2025,1106100,1
2025,1106106,1
2025,1106112,1
2025,1106118,1
2025,1106124,1
2025,1106130,1
2025,1106136,1
2025,1106142,1
2025,1106148,1
2025,1106154,1
2025,1106160,1
2025,1106166,1
2025,1106172,1
2025,1106178,1
2025,1106184,1
2025,1106190,1
2025,1106196,1
2025,1106202,1
2025,1106208,1
2025,1106214,1
2025,1106220,1
2025,1106226,1
2025,1106232,1
2025,1106238,1
2025,1106244,1
2025,1106250,1
2025,1106256,1
2025,1106262,1
2025,1106268,1
2025,1106274,1
2025,1106280,1
2025,1106286,1
2025,1106292,1
2025,1106298,1
2025,1106304,1
2025,1106310,1
2025,1106316,1
2025,1106322,1
2025,1106328,1
2025,1106334,1
2025,1106340,1
2025,1106346,1
2025,1106352,1
2025,1106358,1
2025,1106364,1
2025,1106370,1
2025,1106376,1
2025,1106382,1
2025,1106388,1
2025,1106394,1
2025,1106400,1
2025,1106406,1
2025,1106412,1
2025,1106418,1
2025,1106424,1
2025,1106430,1
2025,1106436,1
2025,1106442,1
2025,1106448,1
2025,1106454,1
2025,1106460,1
2025,1106466,1
2025,1106472,1
2025,1106478,1
2025,1106484,1
2025,1106490,1
2025,1106496,1
2025,1106502,1
2025,1106508,1
2025,1106514,1
2025,1106520,1
2025,1106526,1
2025,1106532,1
2025,1106538,1
2025,1106544,1
2025,1106550,1
2025,1106556,1
2025,1106562,1
2025,1106568,1
2025,1106574,1
2025,1106580,1
2025,1106586,1
2025,1106592,1
2025,1106598,1
2025,1106604,1
2025,1106610,1
2025,1106616,1
2025,1106622,1
2025,1106628,1
2025,1106634,1
2025,1106640,1
2025,1106646,1
2025,1106652,1
2025,1106658,1
2025,1106664,1
2025,1106670,1
2025,1106676,1
2025,1106682,1
2025,1106688,1
2025,1106694,1
2025,1106700,1
2025,1106706,1
2025,1106712,1
2025,1106718,1
2025,1106724,1
2025,1106730,1
2025,1106736,1
2025,1106742,1
2025,1106748,1
2025,1106754,1
2025,1106760,1
2025,1106766,1
2025,1106772,1
2025,1106778,1
2025,1106784,1
2025,1106790,1
2025,1106796,1
2025,1106802,1
2025,1106808,1
2025,1106814,1
2025,1106820,1
2025,1106826,1
2025,1106832,1
2025,1106838,1
2025,1106844,1
2025,1106850,1
2025,1106856,1
2025,1106862,1
2025,1106868,1
2025,1106874,1
2025,1106880,1
2025,1106886,1
2025,1106892,1
2025,1106898,1
2025,1106904,1
2025,1106910,1
2025,1106916,1
2025,1106922,1
2025,1106928,1
2025,1106934,1
2025,1106940,1
2025,1106946,1
2025,1106952,1
2025,1106958,1
2025,1106964,1
2025,1106970,1
2025,1106976,1
2025,1106982,1
2025,1106988,1
2025,1106994,1
2025,1107000,1
2025,1107006,1
2025,1107012,1
2025,1107018,1
2025,1107024,1
2025,1107030,1
2025,1107036,1
2025,1107042,1
2025,1107048,1
2025,1107054,1
2025,1107060,1
2025,1107066,1
2025,1107072,1
2025,1107078,1
2025,1107084,1
2025,1107090,1
2025,1107096,1
2025,1107102,1
2025,1107108,1
2025,1107114,1
2025,1107120,1
2025,1107126,1
2025,1107132,1
2025,1107138,1
2025,1107144,1
2025,1107150,1
2025,1107156,1
2025,1107162,1
2025,1107168,1
2025,1107174,1
2025,1107180,1
2025,1107186,1
2025,1107192,1
2025,1107198,1
2025,1107204,1
2025,1107210,1
2025,1107216,1
2025,1107222,1
2025,1107228,1
2025,1107234,1
2025,1107240,1
2025,1107246,1
2025,1107252,1
2025,1107258,1
2025,1107264,1
2025,1107270,1
2025,1107276,1
2025,1107282,1
2025,1107288,1
2025,1107294,1
2025,1107300,1
2025,1107306,1
2025,1107312,1
2025,1107318,1
2025,1107324,1
2025,1107330,1
2025,1107336,1
2025,1107342,1
2025,1107348,1
2025,1107354,1
2025,1107360,1
2025,1107366,1
2025,1107372,1
2025,1107378,1
2025,1107384,1
2025,1107390,1
2025,1107396,1
2025,1107402,1
2025,1107408,1
2025,1107414,1
2025,1107420,1
2025,1107426,1
2025,1107432,1
2025,1107438,1
2025,1107444,1
2025,1107450,1
2025,1107456,1
2025,1107462,1
2025,1107468,1
2025,1107474,1
2025,1107480,1
2025,1107486,1
2025,1107492,1
2025,1107498,1
2025,1107504,1
2025,1107510,1
2025,1107516,1
2025,1107522,1
2025,1107528,1
2025,1107534,1
2025,1107540,1
2025,1107546,1
2025,1107552,1
2025,1107558,1
2025,1107564,1
2025,1107570,1
2025,1107576,1
2025,1107582,1
2025,1107588,1
2025,1107594,1
2025,1107600,1
2025,1107606,1
2025,1107612,1
2025,1107618,1
2025,1107624,1
2025,1107630,1
2025,1107636,1
2025,1107642,1
2025,1107648,1
2025,1107654,1
2025,1107660,1
2025,1107666,1
2025,1107672,1
2025,1107678,1
2025,1107684,1
2025,1107690,1
2025,1107696,1
2025,1107702,1
2025,1107708,1
2025,1107714,1
2025,1107720,1
2025,1107726,1
2025,1107732,1
2025,1107738,1
2025,1107744,1
2025,1107750,1
2025,1107756,1
2025,1107762,1
2025,1107768,1
2025,1107774,1
2025,1107780,1
2025,1107786,1
2025,1107792,1
2025,1107798,1
2025,1107804,1
2025,1107810,1
2025,1107816,1
2025,1107822,1
2025,1107828,1
2025,1107834,1
2025,1107840,1
2025,1107846,1
2025,1107852,1
2025,1107858,1
2025,1107864,1
2025,1107870,1
2025,1107876,1
2025,1107882,1
2025,1107888,1
2025,1107894,1
2025,1107900,1
2025,1107906,1
2025,1107912,1
2025,1107918,1
2025,1107924,1
2025,1107930,1
2025,1107936,1
2025,1107942,1
2025,1107948,1
2025,1107954,1
2025,1107960,1
2025,1107966,1
2025,1107972,1
2025,1107978,1
2025,1107984,1
2025,1107990,1
2025,1107996,1
2025,1108002,1
2025,1108008,1
2025,1108014,1
2025,1108020,1
2025,1108026,1
2025,1108032,1
2025,1108038,1
2025,1108044,1
2025,1108050,1
2025,1108056,1
2025,1108062,1
2025,1108068,1
2025,1108074,1
2025,1108080,1
2025,1108086,1
2025,1108092,1
2025,1108098,1
2025,1108104,1
2025,1108110,1
2025,1108116,1
2025,1108122,1
2002,899952,1
2002,899958,1
2002,899964,1
2002,899970,1
2002,899976,1
2002,899982,1
2002,899988,1
2002,899994,1
2002,900000,1
2002,900006,1
2002,900012,1
2002,900018,1
2002,900024,1
2002,900030,1
2002,900036,1
2002,900042,1
2002,900048,1
2002,900054,1
2002,900060,1
2002,900066,1
2002,900072,1
2002,900078,1
2002,900084,1
2002,900090,1
2002,900096,1
2002,900102,1
2002,900108,1
2002,900114,1
2002,900120,1
2002,900126,1
2002,900132,1
2002,900138,1
2002,900144,1
2002,900150,1
2002,900156,1
2002,900162,1
2002,900168,1
2002,900174,1
2002,900180,1
2002,900186,1
2002,900192,1
2002,900198,1
2002,900204,1
2002,900210,1
2002,900216,1
2002,900222,1
2002,900228,1
2002,900234,1
2002,900240,1
2002,900246,1
2002,900252,1
2002,900258,1
2002,900264,1
2002,900270,1
2002,900276,1
2002,900282,1
2002,900288,1
2002,900294,1
2002,900300,1
2002,900306,1
2002,900312,1
2002,900318,1
2002,900324,1
2002,900330,1
2002,900336,1
2002,900342,1
2002,900348,1
2002,900354,1
2002,900360,1
2002,900366,1
2002,900372,1
2002,900378,1
2002,900384,1
2002,900390,1
2002,900396,1
2002,900402,1
2002,900408,1
2002,900414,1
2002,900420,1
2002,900426,1
2002,900432,1
2002,900438,1
2002,900444,1
2002,900450,1
2002,900456,1
2002,900462,1
2002,900468,1
2002,900474,1
2002,900480,1
2002,900486,1
2002,900492,1
2002,900498,1
2002,900504,1
2002,900510,1
2002,900516,1
2002,900522,1
2002,900528,1
2002,900534,1
2002,900540,1
2002,900546,1
2002,900552,1
2002,900558,1
2002,900564,1
2002,900570,1
2002,900576,1
2002,900582,1
2002,900588,1
2002,900594,1
2002,900600,1
2002,900606,1
2002,900612,1
2002,900618,1
2002,900624,1
2002,900630,1
2002,900636,1
2002,900642,1
2002,900648,1
2002,900654,1
2002,900660,1
2002,900666,1
2002,900672,1
2002,900678,1
2002,900684,1
2002,900690,1
2002,900696,1
2002,900702,1
2002,900708,1
2002,900714,1
2002,900720,1
2002,900726,1
2002,900732,1
2002,900738,1
2002,900744,1
2002,900750,1
2002,900756,1
2002,900762,1
2002,900768,1
2002,900774,1
2002,900780,1
2002,900786,1
2002,900792,1
2002,900798,1
2002,900804,1
2002,900810,1
2002,900816,1
2002,900822,1
2002,900828,1
2002,900834,1
2002,900840,1
2002,900846,1
2002,900852,1
2002,900858,1
2002,900864,1
2002,900870,1
2002,900876,1
2002,900882,1
2002,900888,1
2002,900894,1
2002,900900,1
2002,900906,1
2002,900912,1
2002,900918,1
2002,900924,1
2002,900930,1
2002,900936,1
2002,900942,1
2002,900948,1
2002,900954,1
2002,900960,1
2002,900966,1
2002,900972,1
2002,900978,1
2002,900984,1
2002,900990,1
2002,900996,1
2002,901002,1
2002,901008,1
2002,901014,1
2002,901020,1
2002,901026,1
2002,901032,1
2002,901038,1
2002,901044,1
2002,901050,1
2002,901056,1
2002,901062,1
2002,901068,1
2002,901074,1
2002,901080,1
2002,901086,1
2002,901092,1
2002,901098,1
2002,901104,1
2002,901110,1
2002,901116,1
2002,901122,1
2002,901128,1
2002,901134,1
2002,901140,1
2002,901146,1
2002,901152,1
2002,901158,1
2002,901164,1
2002,901170,1
2002,901176,1
2002,901182,1
2002,901188,1
2002,901194,1
2002,901200,1
2002,901206,1
2002,901212,1
2002,901218,1
2002,901224,1
2002,901230,1
2002,901236,1
2002,901242,1
2002,901248,1
2002,901254,1
2002,901260,1
2002,901266,1
2002,901272,1
2002,901278,1
2002,901284,1
2002,901290,1
2002,901296,1
2002,901302,1
2002,901308,1
2002,901314,1
2002,901320,1
2002,901326,1
2002,901332,1
2002,901338,1
2002,901344,1
2002,901350,1
2002,901356,1
2002,901362,1
2002,901368,1
2002,901374,1
2002,901380,1
2002,901386,1
2002,901392,1
2002,901398,1
2002,901404,1
2002,901410,1
2002,901416,1
2002,901422,1
2002,901428,1
2002,901434,1
2002,901440,1
2002,901446,1
2002,901452,1
2002,901458,1
2002,901464,1
2002,901470,1
2002,901476,1
2002,901482,1
2002,901488,1
2002,901494,1
2002,901500,1
2002,901506,1
2002,901512,1
2002,901518,1
2002,901524,1
2002,901530,1
2002,901536,1
2002,901542,1
2002,901548,1
2002,901554,1
2002,901560,1
2002,901566,1
2002,901572,1
2002,901578,1
2002,901584,1
2002,901590,1
2002,901596,1
2002,901602,1
2002,901608,1
2002,901614,1
2002,901620,1
2002,901626,1
2002,901632,1
2002,901638,1
2002,901644,1
2002,901650,1
2002,901656,1
2002,901662,1
2002,901668,1
2002,901674,1
2002,901680,1
2002,901686,1
2002,901692,1
2002,901698,1
2002,901704,1
2002,901710,1
2002,901716,1
2002,901722,1
2002,901728,1
2002,901734,1
2002,901740,1
2002,901746,1
2002,901752,1
2002,901758,1
2002,901764,1
2002,901770,1
2002,901776,1
2002,901782,1
2002,901788,1
2002,901794,1
2002,901800,1
2002,901806,1
2002,901812,1
2002,901818,1
2002,901824,1
2002,901830,1
2002,901836,1
2002,901842,1
2002,901848,1
2002,901854,1
2002,901860,1
2002,901866,1
2002,901872,1
2002,901878,1
2002,901884,1
2002,901890,1
2002,901896,1
2002,901902,1
2002,901908,1
2002,901914,1
2002,901920,1
2002,901926,1
2002,901932,1
2002,901938,1
2002,901944,1
2002,901950,1
2002,901956,1
2002,901962,1
2002,901968,1
2002,901974,1
2002,901980,1
2002,901986,1
2002,901992,1
2002,901998,1
2002,902004,1
2002,902010,1
2002,902016,1
2002,902022,1
2002,902028,1
2002,902034,1
2002,902040,1
2002,902046,1
2002,902052,1
2002,902058,1
2002,902064,1
2002,902070,1
2002,902076,1
2002,902082,1
2002,902088,1
2002,902094,1
2002,902100,1
2002,902106,1
2002,902112,1
2002,902118,1
2002,902124,1
2002,902130,1
2002,902136,1
2002,902142,1
2002,902148,1
2002,902154,1
2002,902160,1
2002,902166,1
2002,902172,1
2002,902178,1
2002,902184,1
2002,902190,1
2002,902196,1
2002,902202,1
2002,902208,1
2002,902214,1
2002,902220,1
2002,902226,1
2002,902232,1
2002,902238,1
2002,902244,1
2002,902250,1
2002,902256,1
2002,902262,1
2002,902268,1
2002,902274,1
2002,902280,1
2002,902286,1
2002,902292,1
2002,902298,1
2002,902304,1
2002,902310,1
2002,902316,1
2002,902322,1
2002,902328,1
2002,902334,1
2002,902340,1
2002,902346,1
2002,902352,1
2002,902358,1
2002,902364,1
2002,902370,1
2002,902376,1
2002,902382,1
2002,902388,1
2002,902394,1
2002,902400,1
2002,902406,1
2002,902412,1
2002,902418,1
2002,902424,1
2002,902430,1
2002,902436,1
2002,902442,1
2002,902448,1
2002,902454,1
2002,902460,1
2002,902466,1
2002,902472,1
2002,902478,1
2002,902484,1
2002,902490,1
2002,902496,1
2002,902502,1
2002,902508,1
2002,902514,1
2002,902520,1
2002,902526,1
2002,902532,1
2002,902538,1
2002,902544,1
2002,902550,1
2002,902556,1
2002,902562,1
2002,902568,1
2002,902574,1
2002,902580,1
2002,902586,1
2002,902592,1
2002,902598,1
2002,902604,1
2002,902610,1
2002,902616,1
2002,902622,1
2002,902628,1
2002,902634,1
2002,902640,1
2002,902646,1
2002,902652,1
2002,902658,1
2002,902664,1
2002,902670,1
2002,902676,1
2002,902682,1
2002,902688,1
2002,902694,1
2002,902700,1
2002,902706,1
2002,902712,1
2002,902718,1
2002,902724,1
2002,902730,1
2002,902736,1
2002,902742,1
2002,902748,1
2002,902754,1
2002,902760,1
2002,902766,1
2002,902772,1
2002,902778,1
2002,902784,1
2002,902790,1
2002,902796,1
2002,902802,1
2002,902808,1
2002,902814,1
2002,902820,1
2002,902826,1
2002,902832,1
2002,902838,1
2002,902844,1
2002,902850,1
2002,902856,1
2002,902862,1
2002,902868,1
2002,902874,1
2002,902880,1
2002,902886,1
2002,902892,1
2002,902898,1
2002,902904,1
2002,902910,1
2002,902916,1
2002,902922,1
2002,902928,1
2002,902934,1
2002,902940,1
2002,902946,1
2002,902952,1
2002,902958,1
2002,902964,1
2002,902970,1
2002,902976,1
2002,902982,1
2002,902988,1
2002,902994,1
2002,903000,1
2002,903006,1
2002,903012,1
2002,903018,1
2002,903024,1
2002,903030,1
2002,903036,1
2002,903042,1
2002,903048,1
2002,903054,1
2002,903060,1
2002,903066,1
2002,903072,1
2002,903078,1
2002,903084,1
2002,903090,1
2002,903096,1
2002,903102,1
2002,903108,1
2002,903114,1
2002,903120,1
2002,903126,1
2002,903132,1
2002,903138,1
2002,903144,1
2002,903150,1
2002,903156,1
2002,903162,1
2002,903168,1
2002,903174,1
2002,903180,1
2002,903186,1
2002,903192,1
2002,903198,1
2002,903204,1
2002,903210,1
2002,903216,1
2002,903222,1
2002,903228,1
2002,903234,1
2002,903240,1
2002,903246,1
2002,903252,1
2002,903258,1
2002,903264,1
2002,903270,1
2002,903276,1
2002,903282,1
2002,903288,1
2002,903294,1
2002,903300,1
2002,903306,1
2002,903312,1
2002,903318,1
2002,903324,1
2002,903330,1
2002,903336,1
2002,903342,1
2002,903348,1
2002,903354,1
2002,903360,1
2002,903366,1
2002,903372,1
2002,903378,1
2002,903384,1
2002,903390,1
2002,903396,1
2002,903402,1
2002,903408,1
2002,903414,1
2002,903420,1
2002,903426,1
2002,903432,1
2002,903438,1
2002,903444,1
2002,903450,1
2002,903456,1
2002,903462,1
2002,903468,1
2002,903474,1
2002,903480,1
2002,903486,1
2002,903492,1
2002,903498,1
2002,903504,1
2002,903510,1
2002,903516,1
2002,903522,1
2002,903528,1
2002,903534,1
2002,903540,1
2002,903546,1
2002,903552,1
2002,903558,1
2002,903564,1
2002,903570,1
2002,903576,1
2002,903582,1
2002,903588,1
2002,903594,1
2002,903600,1
2002,903606,1
2002,903612,1
2002,903618,1
2002,903624,1
2002,903630,1
2002,903636,1
2002,903642,1
2002,903648,1
2002,903654,1
2002,903660,1
2002,903666,1
2002,903672,1
2002,903678,1
2002,903684,1
2002,903690,1
2002,903696,1
2002,903702,1
2002,903708,1
2002,903714,1
2002,903720,1
2002,903726,1
2002,903732,1
2002,903738,1
2002,903744,1
2002,903750,1
2002,903756,1
2002,903762,1
2002,903768,1
2002,903774,1
2002,903780,1
2002,903786,1
2002,903792,1
2002,903798,1
2002,903804,1
2002,903810,1
2002,903816,1
2002,903822,1
2002,903828,1
2002,903834,1
2002,903840,1
2002,903846,1
2002,903852,1
2002,903858,1
2002,903864,1
2002,903870,1
2002,903876,1
2002,903882,1
2002,903888,1
2002,903894,1
2002,903900,1
2002,903906,1
2002,903912,1
2002,903918,1
2002,903924,1
2002,903930,1
2002,903936,1
2002,903942,1
2002,903948,1
2002,903954,1
2002,903960,1
2002,903966,1
2002,903972,1
2002,903978,1
2002,903984,1
2002,903990,1
2002,903996,1
2002,904002,1
2002,904008,1
2002,904014,1
2002,904020,1
2002,904026,1
2002,904032,1
2002,904038,1
2002,904044,1
2002,904050,1
2002,904056,1
2002,904062,1
2002,904068,1
2002,904074,1
2002,904080,1
2002,904086,1
2002,904092,1
2002,904098,1
2002,904104,1
2002,904110,1
2002,904116,1
2002,904122,1
2002,904128,1
2002,904134,1
2002,904140,1
2002,904146,1
2002,904152,1
2002,904158,1
2002,904164,1
2002,904170,1
2002,904176,1
2002,904182,1
2002,904188,1
2002,904194,1
2002,904200,1
2002,904206,1
2002,904212,1
2002,904218,1
2002,904224,1
2002,904230,1
2002,904236,1
2002,904242,1
2002,904248,1
2002,904254,1
2002,904260,1
2002,904266,1
2002,904272,1
2002,904278,1
2002,904284,1
2002,904290,1
2002,904296,1
2002,904302,1
2002,904308,1
2002,904314,1
2002,904320,1
2002,904326,1
2002,904332,1
2002,904338,1
2002,904344,1
2002,904350,1
2002,904356,1
2002,904362,1
2002,904368,1
2002,904374,1
2002,904380,1
2002,904386,1
2002,904392,1
2002,904398,1
2002,904404,1
2002,904410,1
2002,904416,1
2002,904422,1
2002,904428,1
2002,904434,1
2002,904440,1
2002,904446,1
2002,904452,1
2002,904458,1
2002,904464,1
2002,904470,1
2002,904476,1
2002,904482,1
2002,904488,1
2002,904494,1
2002,904500,1
2002,904506,1
2002,904512,1
2002,904518,1
2002,904524,1
2002,904530,1
2002,904536,1
2002,904542,1
2002,904548,1
2002,904554,1
2002,904560,1
2002,904566,1
2002,904572,1
2002,904578,1
2002,904584,1
2002,904590,1
2002,904596,1
2002,904602,1
2002,904608,1
2002,904614,1
2002,904620,1
2002,904626,1
2002,904632,1
2002,904638,1
2002,904644,1
2002,904650,1
2002,904656,1
2002,904662,1
2002,904668,1
2002,904674,1
2002,904680,1
2002,904686,1
2002,904692,1
2002,904698,1
2002,904704,1
2002,904710,1
2002,904716,1
2002,904722,1
2002,904728,1
2002,904734,1
2002,904740,1
2002,904746,1
2002,904752,1
2002,904758,1
2002,904764,1
2002,904770,1
2002,904776,1
2002,904782,1
2002,904788,1
2002,904794,1
2002,904800,1
2002,904806,1
2002,904812,1
2002,904818,1
2002,904824,1
2002,904830,1
2002,904836,1
2002,904842,1
2002,904848,1
2002,904854,1
2002,904860,1
2002,904866,1
2002,904872,1
2002,904878,1
2002,904884,1
2002,904890,1
2002,904896,1
2002,904902,1
2002,904908,1
2002,904914,1
2002,904920,1
2002,904926,1
2002,904932,1
2002,904938,1
2002,904944,1
2002,904950,1
2002,904956,1
2002,904962,1
2002,904968,1
2002,904974,1
2002,904980,1
2002,904986,1
2002,904992,1
2002,904998,1
2002,905004,1
2002,905010,1
2002,905016,1
2002,905022,1
2002,905028,1
2002,905034,1
2002,905040,1
2002,905046,1
2002,905052,1
2002,905058,1
2002,905064,1
2002,905070,1
2002,905076,1
2002,905082,1
2002,905088,1
2002,905094,1
2002,905100,1
2002,905106,1
2002,905112,1
2002,905118,1
2002,905124,1
2002,905130,1
2002,905136,1
2002,905142,1
2002,905148,1
2002,905154,1
2002,905160,1
2002,905166,1
2002,905172,1
2002,905178,1
2002,905184,1
2002,905190,1
2002,905196,1
2002,905202,1
2002,905208,1
2002,905214,1
2002,905220,1
2002,905226,1
2002,905232,1
2002,905238,1
2002,905244,1
2002,905250,1
2002,905256,1
2002,905262,1
2002,905268,1
2002,905274,1
2002,905280,1
2002,905286,1
2002,905292,1
2002,905298,1
2002,905304,1
2002,905310,1
2002,905316,1
2002,905322,1
2002,905328,1
2002,905334,1
2002,905340,1
2002,905346,1
2002,905352,1
2002,905358,1
2002,905364,1
2002,905370,1
2002,905376,1
2002,905382,1
2002,905388,1
2002,905394,1
2002,905400,1
2002,905406,1
2002,905412,1
2002,905418,1
2002,905424,1
2002,905430,1
2002,905436,1
2002,905442,1
2002,905448,1
2002,905454,1
2002,905460,1
2002,905466,1
2002,905472,1
2002,905478,1
2002,905484,1
2002,905490,1
2002,905496,1
2002,905502,1
2002,905508,1
2002,905514,1
2002,905520,1
2002,905526,1
2002,905532,1
2002,905538,1
2002,905544,1
2002,905550,1
2002,905556,1
2002,905562,1
2002,905568,1
2002,905574,1
2002,905580,1
2002,905586,1
2002,905592,1
2002,905598,1
2002,905604,1
2002,905610,1
2002,905616,1
2002,905622,1
2002,905628,1
2002,905634,1
2002,905640,1
2002,905646,1
2002,905652,1
2002,905658,1
2002,905664,1
2002,905670,1
2002,905676,1
2002,905682,1
2002,905688,1
2002,905694,1
2002,905700,1
2002,905706,1
2002,905712,1
2002,905718,1
2002,905724,1
2002,905730,1
2002,905736,1
2002,905742,1
2002,905748,1
2002,905754,1
2002,905760,1
2002,905766,1
2002,905772,1
2002,905778,1
2002,905784,1
2002,905790,1
2002,905796,1
2002,905802,1
2002,905808,1
2002,905814,1
2002,905820,1
2002,905826,1
2002,905832,1
2002,905838,1
2002,905844,1
2002,905850,1
2002,905856,1
2002,905862,1
2002,905868,1
2002,905874,1
2002,905880,1
2002,905886,1
2002,905892,1
2002,905898,1
2002,905904,1
2002,905910,1
2002,905916,1
2002,905922,1
2002,905928,1
2002,905934,1
2002,905940,1
2002,905946,1
2002,905952,1
2002,905958,1
2002,905964,1
2002,905970,1
2002,905976,1
2002,905982,1
2002,905988,1
2002,905994,1
2002,906000,1
2002,906006,1
2002,906012,1
2002,906018,1
2002,906024,1
2002,906030,1
2002,906036,1
2002,906042,1
2002,906048,1
2002,906054,1
2002,906060,1
2002,906066,1
2002,906072,1
2002,906078,1
2002,906084,1
2002,906090,1
2002,906096,1
2002,906102,1
2002,906108,1
2002,906114,1
2002,906120,1
2002,906126,1
2002,906132,1
2002,906138,1
2002,906144,1
2002,906150,1
2002,906156,1
2002,906162,1
2002,906168,1
2002,906174,1
2002,906180,1
2002,906186,1
2002,906192,1
2002,906198,1
2002,906204,1
2002,906210,1
2002,906216,1
2002,906222,1
2002,906228,1
2002,906234,1
2002,906240,1
2002,906246,1
2002,906252,1
2002,906258,1
2002,906264,1
2002,906270,1
2002,906276,1
2002,906282,1
2002,906288,1
2002,906294,1
2002,906300,1
2002,906306,1
2002,906312,1
2002,906318,1
2002,906324,1
2002,906330,1
2002,906336,1
2002,906342,1
2002,906348,1
2002,906354,1
2002,906360,1
2002,906366,1
2002,906372,1
2002,906378,1
2002,906384,1
2002,906390,1
2002,906396,1
2002,906402,1
2002,906408,1
2002,906414,1
2002,906420,1
2002,906426,1
2002,906432,1
2002,906438,1
2002,906444,1
2002,906450,1
2002,906456,1
2002,906462,1
2002,906468,1
2002,906474,1
2002,906480,1
2002,906486,1
2002,906492,1
2002,906498,1
2003,908712,1
2003,908718,1
2003,908724,1
2003,908730,1
2003,908736,1
2003,908742,1
2003,908748,1
2003,908754,1
2003,908760,1
2003,908766,1
2003,908772,1
2003,908778,1
2003,908784,1
2003,908790,1
2003,908796,1
2003,908802,1
2003,908808,1
2003,908814,1
2003,908820,1
2003,908826,1
2003,908832,1
2003,908838,1
2003,908844,1
2003,908850,1
2003,908856,1
2003,908862,1
2003,908868,1
2003,908874,1
2003,908880,1
2003,908886,1
2003,908892,1
2003,908898,1
2003,908904,1
2003,908910,1
2003,908916,1
2003,908922,1
2003,908928,1
2003,908934,1
2003,908940,1
2003,908946,1
2003,908952,1
2003,908958,1
2003,908964,1
2003,908970,1
2003,908976,1
2003,908982,1
2003,908988,1
2003,908994,1
2003,909000,1
2003,909006,1
2003,909012,1
2003,909018,1
2003,909024,1
2003,909030,1
2003,909036,1
2003,909042,1
2003,909048,1
2003,909054,1
2003,909060,1
2003,909066,1
2003,909072,1
2003,909078,1
2003,909084,1
2003,909090,1
2003,909096,1
2003,909102,1
2003,909108,1
2003,909114,1
2003,909120,1
2003,909126,1
2003,909132,1
2003,909138,1
2003,909144,1
2003,909150,1
2003,909156,1
2003,909162,1
2003,909168,1
2003,909174,1
2003,909180,1
2003,909186,1
2003,909192,1
2003,909198,1
2003,909204,1
2003,909210,1
2003,909216,1
2003,909222,1
2003,909228,1
2003,909234,1
2003,909240,1
2003,909246,1
2003,909252,1
2003,909258,1
2003,909264,1
2003,909270,1
2003,909276,1
2003,909282,1
2003,909288,1
2003,909294,1
2003,909300,1
2003,909306,1
2003,909312,1
2003,909318,1
2003,909324,1
2003,909330,1
2003,909336,1
2003,909342,1
2003,909348,1
2003,909354,1
2003,909360,1
2003,909366,1
2003,909372,1
2003,909378,1
2003,909384,1
2003,909390,1
2003,909396,1
2003,909402,1
2003,909408,1
2003,909414,1
2003,909420,1
2003,909426,1
2003,909432,1
2003,909438,1
2003,909444,1
2003,909450,1
2003,909456,1
2003,909462,1
2003,909468,1
2003,909474,1
2003,909480,1
2003,909486,1
2003,909492,1
2003,909498,1
2003,909504,1
2003,909510,1
2003,909516,1
2003,909522,1
2003,909528,1
2003,909534,1
2003,909540,1
2003,909546,1
2003,909552,1
2003,909558,1
2003,909564,1
2003,909570,1
2003,909576,1
2003,909582,1
2003,909588,1
2003,909594,1
2003,909600,1
2003,909606,1
2003,909612,1
2003,909618,1
2003,909624,1
2003,909630,1
2003,909636,1
2003,909642,1
2003,909648,1
2003,909654,1
2003,909660,1
2003,909666,1
2003,909672,1
2003,909678,1
2003,909684,1
2003,909690,1
2003,909696,1
2003,909702,1
2003,909708,1
2003,909714,1
2003,909720,1
2003,909726,1
2003,909732,1
2003,909738,1
2003,909744,1
2003,909750,1
2003,909756,1
2003,909762,1
2003,909768,1
2003,909774,1
2003,909780,1
2003,909786,1
2003,909792,1
2003,909798,1
2003,909804,1
2003,909810,1
2003,909816,1
2003,909822,1
2003,909828,1
2003,909834,1
2003,909840,1
2003,909846,1
2003,909852,1
2003,909858,1
2003,909864,1
2003,909870,1
2003,909876,1
2003,909882,1
2003,909888,1
2003,909894,1
2003,909900,1
2003,909906,1
2003,909912,1
2003,909918,1
2003,909924,1
2003,909930,1
2003,909936,1
2003,909942,1
2003,909948,1
2003,909954,1
2003,909960,1
2003,909966,1
2003,909972,1
2003,909978,1
2003,909984,1
2003,909990,1
2003,909996,1
2003,910002,1
2003,910008,1
2003,910014,1
2003,910020,1
2003,910026,1
2003,910032,1
2003,910038,1
2003,910044,1
2003,910050,1
2003,910056,1
2003,910062,1
2003,910068,1
2003,910074,1
2003,910080,1
2003,910086,1
2003,910092,1
2003,910098,1
2003,910104,1
2003,910110,1
2003,910116,1
2003,910122,1
2003,910128,1
2003,910134,1
2003,910140,1
2003,910146,1
2003,910152,1
2003,910158,1
2003,910164,1
2003,910170,1
2003,910176,1
2003,910182,1
2003,910188,1
2003,910194,1
2003,910200,1
2003,910206,1
2003,910212,1
2003,910218,1
2003,910224,1
2003,910230,1
2003,910236,1
2003,910242,1
2003,910248,1
2003,910254,1
2003,910260,1
2003,910266,1
2003,910272,1
2003,910278,1
2003,910284,1
2003,910290,1
2003,910296,1
2003,910302,1
2003,910308,1
2003,910314,1
2003,910320,1
2003,910326,1
2003,910332,1
2003,910338,1
2003,910344,1
2003,910350,1
2003,910356,1
2003,910362,1
2003,910368,1
2003,910374,1
2003,910380,1
2003,910386,1
2003,910392,1
2003,910398,1
2003,910404,1
2003,910410,1
2003,910416,1
2003,910422,1
2003,910428,1
2003,910434,1
2003,910440,1
2003,910446,1
2003,910452,1
2003,910458,1
2003,910464,1
2003,910470,1
2003,910476,1
2003,910482,1
2003,910488,1
2003,910494,1
2003,910500,1
2003,910506,1
2003,910512,1
2003,910518,1
2003,910524,1
2003,910530,1
2003,910536,1
2003,910542,1
2003,910548,1
2003,910554,1
2003,910560,1
2003,910566,1
2003,910572,1
2003,910578,1
2003,910584,1
2003,910590,1
2003,910596,1
2003,910602,1
2003,910608,1
2003,910614,1
2003,910620,1
2003,910626,1
2003,910632,1
2003,910638,1
2003,910644,1
2003,910650,1
2003,910656,1
2003,910662,1
2003,910668,1
2003,910674,1
2003,910680,1
2003,910686,1
2003,910692,1
2003,910698,1
2003,910704,1
2003,910710,1
2003,910716,1
2003,910722,1
2003,910728,1
2003,910734,1
2003,910740,1
2003,910746,1
2003,910752,1
2003,910758,1
2003,910764,1
2003,910770,1
2003,910776,1
2003,910782,1
2003,910788,1
2003,910794,1
2003,910800,1
2003,910806,1
2003,910812,1
2003,910818,1
2003,910824,1
2003,910830,1
2003,910836,1
2003,910842,1
2003,910848,1
2003,910854,1
2003,910860,1
2003,910866,1
2003,910872,1
2003,910878,1
2003,910884,1
2003,910890,1
2003,910896,1
2003,910902,1
2003,910908,1
2003,910914,1
2003,910920,1
2003,910926,1
2003,910932,1
2003,910938,1
2003,910944,1
2003,910950,1
2003,910956,1
2003,910962,1
2003,910968,1
2003,910974,1
2003,910980,1
2003,910986,1
2003,910992,1
2003,910998,1
2003,911004,1
2003,911010,1
2003,911016,1
2003,911022,1
2003,911028,1
2003,911034,1
2003,911040,1
2003,911046,1
2003,911052,1
2003,911058,1
2003,911064,1
2003,911070,1
2003,911076,1
2003,911082,1
2003,911088,1
2003,911094,1
2003,911100,1
2003,911106,1
2003,911112,1
2003,911118,1
2003,911124,1
2003,911130,1
2003,911136,1
2003,911142,1
2003,911148,1
2003,911154,1
2003,911160,1
2003,911166,1
2003,911172,1
2003,911178,1
2003,911184,1
2003,911190,1
2003,911196,1
2003,911202,1
2003,911208,1
2003,911214,1
2003,911220,1
2003,911226,1
2003,911232,1
2003,911238,1
2003,911244,1
2003,911250,1
2003,911256,1
2003,911262,1
2003,911268,1
2003,911274,1
2003,911280,1
2003,911286,1
2003,911292,1
2003,911298,1
2003,911304,1
2003,911310,1
2003,911316,1
2003,911322,1
2003,911328,1
2003,911334,1
2003,911340,1
2003,911346,1
2003,911352,1
2003,911358,1
2003,911364,1
2003,911370,1
2003,911376,1
2003,911382,1
2003,911388,1
2003,911394,1
2003,911400,1
2003,911406,1
2003,911412,1
2003,911418,1
2003,911424,1
2003,911430,1
2003,911436,1
2003,911442,1
2003,911448,1
2003,911454,1
2003,911460,1
2003,911466,1
2003,911472,1
2003,911478,1
2003,911484,1
2003,911490,1
2003,911496,1
2003,911502,1
2003,911508,1
2003,911514,1
2003,911520,1
2003,911526,1
2003,911532,1
2003,911538,1
2003,911544,1
2003,911550,1
2003,911556,1
2003,911562,1
2003,911568,1
2003,911574,1
2003,911580,1
2003,911586,1
2003,911592,1
2003,911598,1
2003,911604,1
2003,911610,1
2003,911616,1
2003,911622,1
2003,911628,1
2003,911634,1
2003,911640,1
2003,911646,1
2003,911652,1
2003,911658,1
2003,911664,1
2003,911670,1
2003,911676,1
2003,911682,1
2003,911688,1
2003,911694,1
2003,911700,1
2003,911706,1
2003,911712,1
2003,911718,1
2003,911724,1
2003,911730,1
2003,911736,1
2003,911742,1
2003,911748,1
2003,911754,1
2003,911760,1
2003,911766,1
2003,911772,1
2003,911778,1
2003,911784,1
2003,911790,1
2003,911796,1
2003,911802,1
2003,911808,1
2003,911814,1
2003,911820,1
2003,911826,1
2003,911832,1
2003,911838,1
2003,911844,1
2003,911850,1
2003,911856,1
2003,911862,1
2003,911868,1
2003,911874,1
2003,911880,1
2003,911886,1
2003,911892,1
2003,911898,1
2003,911904,1
2003,911910,1
2003,911916,1
2003,911922,1
2003,911928,1
2003,911934,1
2003,911940,1
2003,911946,1
2003,911952,1
2003,911958,1
2003,911964,1
2003,911970,1
2003,911976,1
2003,911982,1
2003,911988,1
2003,911994,1
2003,912000,1
2003,912006,1
2003,912012,1
2003,912018,1
2003,912024,1
2003,912030,1
2003,912036,1
2003,912042,1
2003,912048,1
2003,912054,1
2003,912060,1
2003,912066,1
2003,912072,1
2003,912078,1
2003,912084,1
2003,912090,1
2003,912096,1
2003,912102,1
2003,912108,1
2003,912114,1
2003,912120,1
2003,912126,1
2003,912132,1
2003,912138,1
2003,912144,1
2003,912150,1
2003,912156,1
2003,912162,1
2003,912168,1
2003,912174,1
2003,912180,1
2003,912186,1
2003,912192,1
2003,912198,1
2003,912204,1
2003,912210,1
2003,912216,1
2003,912222,1
2003,912228,1
2003,912234,1
2003,912240,1
2003,912246,1
2003,912252,1
2003,912258,1
2003,912264,1
2003,912270,1
2003,912276,1
2003,912282,1
2003,912288,1
2003,912294,1
2003,912300,1
2003,912306,1
2003,912312,1
2003,912318,1
2003,912324,1
2003,912330,1
2003,912336,1
2003,912342,1
2003,912348,1
2003,912354,1
2003,912360,1
2003,912366,1
2003,912372,1
2003,912378,1
2003,912384,1
2003,912390,1
2003,912396,1
2003,912402,1
2003,912408,1
2003,912414,1
2003,912420,1
2003,912426,1
2003,912432,1
2003,912438,1
2003,912444,1
2003,912450,1
2003,912456,1
2003,912462,1
2003,912468,1
2003,912474,1
2003,912480,1
2003,912486,1
2003,912492,1
2003,912498,1
2003,912504,1
2003,912510,1
2003,912516,1
2003,912522,1
2003,912528,1
2003,912534,1
2003,912540,1
2003,912546,1
2003,912552,1
2003,912558,1
2003,912564,1
2003,912570,1
2003,912576,1
2003,912582,1
2003,912588,1
2003,912594,1
2003,912600,1
2003,912606,1
2003,912612,1
2003,912618,1
2003,912624,1
2003,912630,1
2003,912636,1
2003,912642,1
2003,912648,1
2003,912654,1
2003,912660,1
2003,912666,1
2003,912672,1
2003,912678,1
2003,912684,1
2003,912690,1
2003,912696,1
2003,912702,1
2003,912708,1
2003,912714,1
2003,912720,1
2003,912726,1
2003,912732,1
2003,912738,1
2003,912744,1
2003,912750,1
2003,912756,1
2003,912762,1
2003,912768,1
2003,912774,1
2003,912780,1
2003,912786,1
2003,912792,1
2003,912798,1
2003,912804,1
2003,912810,1
2003,912816,1
2003,912822,1
2003,912828,1
2003,912834,1
2003,912840,1
2003,912846,1
2003,912852,1
2003,912858,1
2003,912864,1
2003,912870,1
2003,912876,1
2003,912882,1
2003,912888,1
2003,912894,1
2003,912900,1
2003,912906,1
2003,912912,1
2003,912918,1
2003,912924,1
2003,912930,1
2003,912936,1
2003,912942,1
2003,912948,1
2003,912954,1
2003,912960,1
2003,912966,1
2003,912972,1
2003,912978,1
2003,912984,1
2003,912990,1
2003,912996,1
2003,913002,1
2003,913008,1
2003,913014,1
2003,913020,1
2003,913026,1
2003,913032,1
2003,913038,1
2003,913044,1
2003,913050,1
2003,913056,1
2003,913062,1
2003,913068,1
2003,913074,1
2003,913080,1
2003,913086,1
2003,913092,1
2003,913098,1
2003,913104,1
2003,913110,1
2003,913116,1
2003,913122,1
2003,913128,1
2003,913134,1
2003,913140,1
2003,913146,1
2003,913152,1
2003,913158,1
2003,913164,1
2003,913170,1
2003,913176,1
2003,913182,1
2003,913188,1
2003,913194,1
2003,913200,1
2003,913206,1
2003,913212,1
2003,913218,1
2003,913224,1
2003,913230,1
2003,913236,1
2003,913242,1
2003,913248,1
2003,913254,1
2003,913260,1
2003,913266,1
2003,913272,1
2003,913278,1
2003,913284,1
2003,913290,1
2003,913296,1
2003,913302,1
2003,913308,1
2003,913314,1
2003,913320,1
2003,913326,1
2003,913332,1
2003,913338,1
2003,913344,1
2003,913350,1
2003,913356,1
2003,913362,1
2003,913368,1
2003,913374,1
2003,913380,1
2003,913386,1
2003,913392,1
2003,913398,1
2003,913404,1
2003,913410,1
2003,913416,1
2003,913422,1
2003,913428,1
2003,913434,1
2003,913440,1
2003,913446,1
2003,913452,1
2003,913458,1
2003,913464,1
2003,913470,1
2003,913476,1
2003,913482,1
2003,913488,1
2003,913494,1
2003,913500,1
2003,913506,1
2003,913512,1
2003,913518,1
2003,913524,1
2003,913530,1
2003,913536,1
2003,913542,1
2003,913548,1
2003,913554,1
2003,913560,1
2003,913566,1
2003,913572,1
2003,913578,1
2003,913584,1
2003,913590,1
2003,913596,1
2003,913602,1
2003,913608,1
2003,913614,1
2003,913620,1
2003,913626,1
2003,913632,1
2003,913638,1
2003,913644,1
2003,913650,1
2003,913656,1
2003,913662,1
2003,913668,1
2003,913674,1
2003,913680,1
2003,913686,1
2003,913692,1
2003,913698,1
2003,913704,1
2003,913710,1
2003,913716,1
2003,913722,1
2003,913728,1
2003,913734,1
2003,913740,1
2003,913746,1
2003,913752,1
2003,913758,1
2003,913764,1
2003,913770,1
2003,913776,1
2003,913782,1
2003,913788,1
2003,913794,1
2003,913800,1
2003,913806,1
2003,913812,1
2003,913818,1
2003,913824,1
2003,913830,1
2003,913836,1
2003,913842,1
2003,913848,1
2003,913854,1
2003,913860,1
2003,913866,1
2003,913872,1
2003,913878,1
2003,913884,1
2003,913890,1
2003,913896,1
2003,913902,1
2003,913908,1
2003,913914,1
2003,913920,1
2003,913926,1
2003,913932,1
2003,913938,1
2003,913944,1
2003,913950,1
2003,913956,1
2003,913962,1
2003,913968,1
2003,913974,1
2003,913980,1
2003,913986,1
2003,913992,1
2003,913998,1
2003,914004,1
2003,914010,1
2003,914016,1
2003,914022,1
2003,914028,1
2003,914034,1
2003,914040,1
2003,914046,1
2003,914052,1
2003,914058,1
2003,914064,1
2003,914070,1
2003,914076,1
2003,914082,1
2003,914088,1
2003,914094,1
2003,914100,1
2003,914106,1
2003,914112,1
2003,914118,1
2003,914124,1
2003,914130,1
2003,914136,1
2003,914142,1
2003,914148,1
2003,914154,1
2003,914160,1
2003,914166,1
2003,914172,1
2003,914178,1
2003,914184,1
2003,914190,1
2003,914196,1
2003,914202,1
2003,914208,1
2003,914214,1
2003,914220,1
2003,914226,1
2003,914232,1
2003,914238,1
2003,914244,1
2003,914250,1
2003,914256,1
2003,914262,1
2003,914268,1
2003,914274,1
2003,914280,1
2003,914286,1
2003,914292,1
2003,914298,1
2003,914304,1
2003,914310,1
2003,914316,1
2003,914322,1
2003,914328,1
2003,914334,1
2003,914340,1
2003,914346,1
2003,914352,1
2003,914358,1
2003,914364,1
2003,914370,1
2003,914376,1
2003,914382,1
2003,914388,1
2003,914394,1
2003,914400,1
2003,914406,1
2003,914412,1
2003,914418,1
2003,914424,1
2003,914430,1
2003,914436,1
2003,914442,1
2003,914448,1
2003,914454,1
2003,914460,1
2003,914466,1
2003,914472,1
2003,914478,1
2003,914484,1
2003,914490,1
2003,914496,1
2003,914502,1
2003,914508,1
2003,914514,1
2003,914520,1
2003,914526,1
2003,914532,1
2003,914538,1
2003,914544,1
2003,914550,1
2003,914556,1
2003,914562,1
2003,914568,1
2003,914574,1
2003,914580,1
2003,914586,1
2003,914592,1
2003,914598,1
2003,914604,1
2003,914610,1
2003,914616,1
2003,914622,1
2003,914628,1
2003,914634,1
2003,914640,1
2003,914646,1
2003,914652,1
2003,914658,1
2003,914664,1
2003,914670,1
2003,914676,1
2003,914682,1
2003,914688,1
2003,914694,1
2003,914700,1
2003,914706,1
2003,914712,1
2003,914718,1
2003,914724,1
2003,914730,1
2003,914736,1
2003,914742,1
2003,914748,1
2003,914754,1
2003,914760,1
2003,914766,1
2003,914772,1
2003,914778,1
2003,914784,1
2003,914790,1
2003,914796,1
2003,914802,1
2003,914808,1
2003,914814,1
2003,914820,1
2003,914826,1
2003,914832,1
2003,914838,1
2003,914844,1
2003,914850,1
2003,914856,1
2003,914862,1
2003,914868,1
2003,914874,1
2003,914880,1
2003,914886,1
2003,914892,1
2003,914898,1
2003,914904,1
2003,914910,1
2003,914916,1
2003,914922,1
2003,914928,1
2003,914934,1
2003,914940,1
2003,914946,1
2003,914952,1
2003,914958,1
2003,914964,1
2003,914970,1
2003,914976,1
2003,914982,1
2003,914988,1
2003,914994,1
2003,915000,1
2003,915006,1
2003,915012,1
2003,915018,1
2003,915024,1
2003,915030,1
2003,915036,1
2003,915042,1
2003,915048,1
2003,915054,1
2003,915060,1
2003,915066,1
2003,915072,1
2003,915078,1
2003,915084,1
2003,915090,1
2003,915096,1
2003,915102,1
2003,915108,1
2003,915114,1
2003,915120,1
2003,915126,1
2003,915132,1
2003,915138,1
2003,915144,1
2003,915150,1
2003,915156,1
2003,915162,1
2003,915168,1
2003,915174,1
2003,915180,1
2003,915186,1
2003,915192,1
2003,915198,1
2003,915204,1
2003,915210,1
2003,915216,1
2003,915222,1
2003,915228,1
2003,915234,1
2003,915240,1
2003,915246,1
2003,915252,1
2003,915258,1
2003,915264,1
2003,915270,1
2003,915276,1
2003,915282,1
