t,basin,lat,lon,p,pmin,depth,lap,g300,g500,a64,a50,gradmax
864888,atl,62.250,-33.250,985.15,984.55,17.42,4.39,54.51,59.14,0.00,29909.00,8.73
864888,atl,57.000,-20.000,985.38,984.97,12.89,3.33,35.49,37.93,0.00,0.00,4.88
864888,atl,55.500,-65.000,1001.65,1001.38,4.92,1.21,17.28,19.44,0.00,0.00,2.85
864888,atl,41.750,-28.250,1001.12,1000.17,8.52,2.50,41.93,41.93,0.00,0.00,6.68
864888,pac,56.750,208.750,969.23,968.90,18.91,3.71,50.32,61.13,0.00,154231.82,11.25
864888,pac,43.750,209.250,1001.02,1000.11,8.77,2.95,46.44,46.44,0.00,0.00,5.50
864894,atl,61.750,-46.750,1000.17,999.00,4.74,1.95,37.44,53.11,0.00,2374.24,9.79
864894,atl,61.750,-36.750,986.31,985.62,16.23,4.75,53.11,60.23,0.00,31957.95,9.79
864894,atl,58.250,-21.000,986.72,986.43,12.85,3.31,37.02,41.82,0.00,0.00,4.83
864894,atl,54.750,-63.750,1001.64,1001.49,4.42,1.16,18.42,18.42,0.00,0.00,3.46
864894,atl,52.750,-54.750,1001.31,1001.21,4.85,1.09,23.64,27.63,0.00,0.00,2.67
864894,atl,42.000,-25.250,1000.00,999.13,9.02,2.62,38.05,38.05,0.00,0.00,5.22
864894,atl,31.500,-73.000,989.86,985.87,22.76,8.84,72.40,72.40,13897.67,66708.25,18.04
864894,pac,58.000,208.250,973.42,973.12,14.75,3.14,45.61,56.81,0.00,18926.17,12.62
864894,pac,45.750,212.750,998.74,997.61,9.74,3.27,45.73,45.73,0.00,0.00,6.38
864900,atl,61.750,-47.000,999.59,998.09,6.06,2.10,47.31,49.82,0.00,0.00,9.85
864900,atl,60.750,-37.500,990.28,989.61,12.54,3.67,49.82,54.16,0.00,7230.68,9.85
864900,atl,60.000,-23.250,990.73,990.39,11.42,2.81,36.86,45.91,0.00,0.00,10.49
864900,atl,53.250,-53.500,1000.45,1000.31,5.30,1.21,23.23,26.41,0.00,0.00,2.78
864900,atl,41.750,-23.500,1001.41,1000.80,9.51,2.62,44.89,44.89,0.00,0.00,6.34
864900,atl,32.250,-72.000,987.48,982.86,24.78,9.37,71.36,71.36,11822.59,65650.69,18.96
864900,pac,66.000,227.000,996.42,995.84,5.91,0.99,28.24,35.33,0.00,0.00,6.13
864900,pac,65.750,176.250,1001.25,1001.15,5.46,1.44,29.17,29.17,0.00,0.00,4.13
864900,pac,58.750,237.000,1003.81,1003.46,6.93,1.77,25.16,25.74,0.00,0.00,6.26
864900,pac,58.250,206.500,978.90,978.63,10.40,2.11,39.47,50.44,0.00,374.65,9.83
864900,pac,48.000,215.750,995.62,994.80,11.15,3.78,43.22,43.22,0.00,0.00,6.47
864906,atl,63.500,-49.000,1001.76,1001.47,6.42,2.01,39.68,48.94,0.00,0.00,8.92
864906,atl,61.000,-26.000,995.13,994.83,9.24,2.29,39.97,42.08,0.00,0.00,9.68
864906,atl,60.000,-37.500,992.17,991.55,12.03,3.51,48.94,52.71,0.00,1678.63,8.92
864906,atl,53.250,-51.750,1000.96,1000.86,4.85,1.13,19.91,23.34,0.00,0.00,2.54
864906,atl,51.500,-48.250,1000.81,1000.55,4.69,1.19,22.48,25.32,0.00,0.00,2.28
864906,atl,47.500,-42.000,1003.17,1002.78,6.01,1.61,38.04,38.04,0.00,0.00,3.62
864906,atl,42.500,-20.750,1001.61,1001.11,10.01,3.07,43.14,43.14,0.00,0.00,7.20
864906,atl,32.500,-71.000,983.49,976.04,28.32,10.95,74.53,74.53,18305.90,70649.41,27.80
864906,pac,65.250,234.750,996.23,996.15,7.57,1.80,36.38,36.38,0.00,0.00,6.81
864906,pac,64.250,179.250,1000.56,1000.41,4.49,1.20,27.56,27.56,0.00,0.00,4.25
864906,pac,57.500,204.750,982.96,982.85,8.80,1.45,37.58,42.76,0.00,0.00,8.85
864906,pac,50.000,218.250,991.59,990.39,13.26,4.43,46.69,46.69,0.00,0.00,9.31
864912,atl,65.500,-52.750,1003.58,1003.22,9.10,2.73,38.60,39.12,0.00,0.00,8.43
864912,atl,62.000,-29.500,999.14,998.73,9.04,1.92,33.85,56.88,0.00,10703.70,6.75
864912,atl,59.500,-36.750,995.25,994.71,11.21,3.23,44.92,45.23,0.00,0.00,9.41
864912,atl,59.500,-15.500,1004.22,1004.12,6.10,1.01,36.94,40.28,0.00,0.00,6.38
864912,atl,52.000,-46.750,1001.64,1001.41,5.09,1.37,25.90,25.90,0.00,0.00,2.60
864912,atl,49.000,-38.750,1000.47,999.50,8.75,2.63,44.76,44.76,0.00,0.00,5.14
864912,atl,42.000,-19.000,1004.18,1003.93,9.20,2.59,44.48,44.48,0.00,0.00,5.11
864912,atl,33.500,-69.500,981.02,974.20,30.40,11.64,80.43,80.43,29761.51,86083.96,26.04
864912,pac,64.250,203.750,988.48,988.35,5.37,1.24,41.71,41.71,0.00,0.00,15.91
864912,pac,58.750,203.500,987.04,986.80,7.32,1.70,37.62,41.71,0.00,0.00,10.81
864912,pac,52.500,221.250,986.92,985.51,16.29,5.22,52.40,52.40,0.00,4834.20,12.23
864918,atl,60.250,-17.000,1003.96,1003.78,6.86,1.30,39.86,44.96,0.00,0.00,8.35
864918,atl,59.250,-36.250,996.70,996.25,10.58,2.80,38.87,46.39,0.00,0.00,7.43
864918,atl,52.000,-45.500,1002.22,1001.94,4.78,1.42,28.10,31.16,0.00,0.00,3.22
864918,atl,50.250,-36.250,995.91,994.41,11.63,3.65,47.05,47.05,0.00,0.00,6.56
864918,atl,42.250,-17.000,1003.92,1003.54,9.22,2.77,42.54,42.54,0.00,0.00,4.77
864918,atl,34.250,-68.000,980.72,973.77,30.29,11.58,85.10,85.10,31385.04,85913.88,26.69
864918,pac,65.500,202.750,989.91,989.67,5.58,1.05,20.45,32.29,0.00,0.00,11.98
864918,pac,65.000,160.500,998.00,997.56,7.37,1.93,24.57,30.22,0.00,0.00,7.15
864918,pac,58.750,202.500,989.33,989.00,6.68,1.80,33.85,36.43,0.00,0.00,8.00
864918,pac,54.500,223.250,981.43,979.59,18.95,6.23,60.11,60.11,0.00,34351.64,13.42
864918,pac,39.000,238.250,1003.88,1002.84,7.63,2.39,35.06,35.06,0.00,0.00,20.04
864924,atl,60.750,-17.500,1004.43,1004.09,7.72,1.68,41.34,41.64,0.00,0.00,8.27
864924,atl,59.000,-36.000,998.63,998.24,9.99,2.64,39.84,49.63,0.00,0.00,6.55
864924,atl,51.500,-79.750,1000.09,999.93,4.99,1.04,20.27,23.77,0.00,0.00,2.83
864924,atl,50.500,-34.750,994.34,992.36,13.50,4.14,46.76,46.76,0.00,0.00,9.37
864924,atl,35.500,-65.750,978.44,970.21,32.32,12.19,88.85,88.85,41027.71,107430.25,29.09
864924,pac,58.750,202.250,991.47,991.15,5.87,1.80,30.26,32.66,0.00,0.00,6.55
864924,pac,58.250,236.750,992.47,992.30,6.47,1.82,47.65,47.65,0.00,0.00,6.20
864924,pac,57.000,189.500,998.24,997.91,6.28,1.70,33.85,36.96,0.00,0.00,3.59
864924,pac,56.500,225.750,989.02,987.78,10.77,3.97,54.24,54.24,0.00,8773.45,9.92
864924,pac,54.750,213.250,994.57,994.45,4.55,1.09,32.91,35.24,0.00,0.00,2.97
864924,pac,39.000,238.250,1004.39,1003.63,6.67,2.09,34.83,34.92,0.00,0.00,20.79
864930,atl,61.500,-18.750,1004.59,1004.04,7.60,1.94,29.97,33.29,0.00,0.00,7.37
864930,atl,58.750,-36.000,1000.07,999.68,8.94,2.40,35.28,46.29,0.00,0.00,5.18
864930,atl,50.500,-78.250,999.04,998.81,5.17,1.17,27.27,28.31,0.00,0.00,2.97
864930,atl,50.500,-32.250,993.75,993.07,13.81,4.04,47.14,47.14,0.00,0.00,7.34
864930,atl,37.250,-63.000,977.99,970.77,32.52,12.08,100.10,100.10,48172.69,115254.39,24.40
864930,pac,59.000,202.000,993.27,992.98,4.73,1.60,27.71,28.11,0.00,0.00,5.41
864930,pac,56.000,192.750,997.49,997.24,6.31,1.74,33.09,36.52,0.00,0.00,3.57
864936,atl,62.000,-19.750,1004.52,1004.02,8.01,2.47,36.73,36.73,0.00,0.00,5.73
864936,atl,58.500,-36.000,1002.26,1001.90,8.33,2.27,33.90,40.46,0.00,0.00,4.43
864936,atl,51.500,-78.250,999.16,999.04,5.66,1.17,20.70,22.24,0.00,0.00,2.60
864936,atl,51.000,-28.500,993.85,993.53,14.66,3.90,44.26,44.26,0.00,0.00,6.67
864936,atl,39.750,-60.000,969.06,962.32,41.39,15.10,96.78,96.78,50878.72,151438.84,26.20
864936,pac,59.250,201.750,994.93,994.65,4.50,1.33,27.97,29.24,0.00,0.00,6.80
864936,pac,55.250,196.250,998.43,998.24,5.38,1.31,31.83,36.58,0.00,0.00,3.38
864936,pac,46.750,161.000,1002.91,1002.65,6.23,1.42,36.01,36.01,0.00,0.00,3.27
864936,pac,46.500,187.250,1003.72,1003.10,10.84,3.22,42.47,42.63,0.00,0.00,5.18
864936,pac,39.000,238.250,1000.46,999.51,7.80,2.37,31.47,37.56,0.00,0.00,19.09
864942,atl,62.500,-21.250,1004.60,1004.20,6.87,2.19,38.15,38.15,0.00,0.00,7.12
864942,atl,57.750,-36.250,1002.88,1002.64,7.92,2.16,32.32,40.78,0.00,0.00,4.26
864942,atl,51.500,-77.500,998.29,997.99,7.90,1.71,24.93,24.93,0.00,0.00,3.83
864942,atl,51.500,-25.750,992.18,991.70,15.20,3.81,47.00,47.00,0.00,0.00,6.56
864942,atl,41.750,-57.750,961.22,953.95,49.32,18.02,96.11,96.11,66506.43,168046.10,36.26
864942,pac,66.000,173.000,1001.06,1000.96,4.61,0.91,21.69,26.00,0.00,0.00,5.55
864942,pac,59.250,201.000,996.98,996.74,4.26,1.09,19.25,28.29,0.00,0.00,5.65
864942,pac,54.750,199.500,999.22,999.13,4.65,0.96,31.64,32.79,0.00,0.00,3.60
864942,pac,48.000,164.750,1001.34,1001.08,6.66,1.41,39.55,42.88,0.00,0.00,3.92
864942,pac,45.250,191.500,1003.12,1002.61,10.18,2.75,39.79,40.00,0.00,0.00,4.83
864942,pac,39.250,238.000,1001.61,1000.40,7.46,2.21,30.62,37.55,0.00,0.00,21.24
864948,atl,57.000,-35.750,1004.17,1003.91,7.05,1.98,29.48,35.54,0.00,0.00,3.76
864948,atl,52.250,-79.250,997.41,997.00,9.79,2.38,26.09,26.97,0.00,0.00,3.45
864948,atl,52.000,-23.750,992.68,992.34,14.30,3.21,48.26,48.56,0.00,0.00,5.50
864948,atl,43.250,-55.000,964.97,958.89,47.46,16.90,85.68,85.68,76198.55,230215.33,28.07
864948,pac,62.750,163.500,1002.73,1002.50,4.35,1.47,27.31,27.31,0.00,0.00,5.32
864948,pac,54.250,201.750,1000.44,1000.34,4.39,0.89,28.15,32.64,0.00,0.00,2.65
864948,pac,48.750,170.500,999.61,999.29,8.98,1.76,41.28,50.23,0.00,531.94,4.63
864948,pac,46.000,162.250,1002.46,1002.30,4.71,0.99,34.86,39.08,0.00,0.00,2.87
864948,pac,44.000,195.750,1003.01,1002.38,10.01,2.74,45.59,45.59,0.00,0.00,4.51
864948,pac,37.000,239.500,1002.79,1002.16,4.81,1.58,14.87,30.35,0.00,0.00,19.83
864954,atl,63.500,-24.750,1004.53,1004.20,5.64,1.70,34.61,34.61,0.00,0.00,5.34
864954,atl,56.500,-34.750,1004.72,1004.50,5.69,1.69,30.11,33.28,0.00,0.00,2.82
864954,atl,51.750,-21.500,991.75,991.52,13.81,2.92,48.04,48.04,0.00,0.00,5.49
864954,atl,44.000,-52.000,972.79,968.69,40.15,13.57,73.53,73.53,37533.85,230647.47,20.36
864954,pac,61.750,173.000,1001.47,1001.37,4.96,1.29,26.07,26.07,0.00,0.00,4.36
864954,pac,54.000,203.250,1001.45,1001.37,4.18,0.83,26.20,26.49,0.00,0.00,2.67
864954,pac,48.500,177.000,997.47,996.96,11.16,2.55,44.79,46.71,0.00,0.00,5.83
864954,pac,43.250,199.500,1002.62,1002.08,9.31,2.49,39.93,39.93,0.00,0.00,4.40
864960,atl,63.750,-26.000,1004.49,1004.24,5.95,1.95,30.67,30.67,0.00,0.00,3.79
864960,atl,51.500,-80.000,1001.19,1000.84,6.42,1.90,27.41,27.41,0.00,0.00,3.19
864960,atl,51.250,-18.750,992.27,991.99,12.60,2.63,48.95,48.95,0.00,0.00,5.28
864960,atl,44.500,-48.500,980.05,977.03,33.10,10.36,71.05,71.05,15722.82,204574.61,13.87
864960,pac,62.000,175.500,1000.14,1000.05,6.27,1.57,28.50,28.50,0.00,0.00,3.57
864960,pac,53.250,203.250,1003.12,1003.09,4.00,0.81,25.13,25.13,0.00,0.00,2.06
864960,pac,48.000,179.250,997.32,996.99,10.37,2.51,42.52,48.51,0.00,0.00,4.85
864960,pac,43.250,203.000,1001.51,1000.95,9.56,2.65,39.02,39.02,0.00,0.00,4.44
864960,pac,36.500,240.000,1001.70,1000.65,4.29,1.50,21.64,26.63,0.00,0.00,24.57
864966,atl,51.500,-16.000,991.73,991.54,11.55,2.12,47.47,48.18,0.00,0.00,4.87
864966,atl,51.250,-79.250,1003.30,1003.12,5.11,1.39,22.59,24.89,0.00,0.00,2.70
864966,atl,44.750,-44.750,982.23,980.21,28.63,8.22,68.99,68.99,13445.96,221592.72,10.99
864966,atl,34.500,-79.000,998.27,998.04,12.75,3.98,55.33,55.33,0.00,39530.63,6.60
864966,pac,63.250,180.250,998.60,998.40,7.88,1.92,26.37,27.76,0.00,0.00,5.58
864966,pac,61.000,172.250,1001.18,1000.72,4.94,1.42,26.40,27.76,0.00,0.00,5.58
864966,pac,51.750,204.750,1003.96,1003.88,4.08,0.82,21.13,27.99,0.00,0.00,2.13
864966,pac,46.500,184.500,998.09,997.66,10.07,2.23,44.23,46.69,0.00,0.00,5.87
864966,pac,43.750,206.000,1000.70,1000.04,9.58,2.69,39.19,39.19,0.00,0.00,4.46
864966,pac,39.000,238.250,1004.08,1003.06,5.45,1.74,30.04,36.69,0.00,0.00,20.06
864972,atl,53.750,-17.750,994.10,993.79,9.86,2.25,40.08,42.52,0.00,0.00,4.53
864972,atl,52.000,-13.500,993.82,993.62,9.77,1.79,35.62,43.06,0.00,0.00,4.53
864972,atl,45.000,-41.250,983.41,982.02,26.31,7.09,66.35,66.35,5476.10,287695.13,10.23
864972,atl,35.250,-77.250,1001.40,1001.15,11.24,3.04,51.30,51.30,0.00,9647.24,6.59
864972,pac,64.500,182.000,997.60,997.33,9.92,2.85,31.04,31.04,0.00,0.00,4.95
864972,pac,44.500,208.500,1000.08,999.62,8.97,2.35,44.59,44.59,0.00,0.00,4.46
864972,pac,43.750,192.000,998.73,998.18,10.59,2.66,43.51,43.51,0.00,0.00,5.29
864978,atl,52.500,-12.000,995.21,994.99,7.77,1.44,37.32,40.46,0.00,0.00,3.58
864978,atl,52.000,-71.000,1004.21,1004.05,5.39,1.05,26.00,30.92,0.00,0.00,3.94
864978,atl,45.000,-37.250,981.73,980.75,25.04,6.41,66.39,66.39,6390.43,316680.36,9.26
864978,atl,36.500,-75.000,1003.34,1003.08,9.18,2.38,49.80,49.80,0.00,0.00,4.71
864978,pac,65.000,182.000,996.40,995.54,11.07,3.27,36.00,36.00,0.00,0.00,6.20
864978,pac,46.250,211.750,997.91,997.22,9.88,2.61,46.08,46.08,0.00,0.00,4.82
864978,pac,41.750,197.500,998.87,998.09,9.71,2.72,42.29,42.29,0.00,0.00,4.47
864984,atl,59.250,-4.750,1002.05,1001.94,5.70,1.34,33.15,40.08,0.00,0.00,3.53
864984,atl,54.000,-15.500,998.04,997.99,5.64,1.03,34.72,38.51,0.00,0.00,2.95
864984,atl,52.750,-10.000,997.77,997.65,5.44,1.08,37.45,38.51,0.00,0.00,2.99
864984,atl,52.250,-69.250,1003.06,1002.79,6.76,1.73,28.28,28.28,0.00,0.00,3.44
864984,atl,51.250,0.250,1000.15,999.95,5.10,1.27,27.86,29.89,0.00,0.00,2.42
864984,atl,45.500,-32.750,978.97,978.24,25.62,6.22,72.73,72.73,33367.44,364452.47,10.32
864984,atl,37.500,-72.000,1003.86,1003.58,8.34,2.32,45.66,45.66,0.00,0.00,4.03
864984,pac,65.500,181.500,996.70,995.79,10.81,3.13,32.85,32.85,0.00,0.00,5.73
864984,pac,48.250,213.250,993.61,992.94,12.79,3.48,47.12,47.12,0.00,0.00,5.63
864984,pac,40.500,202.000,999.23,998.54,8.43,2.37,39.51,39.51,0.00,0.00,4.46
864990,atl,60.250,-6.500,1001.49,1001.38,5.73,1.27,26.79,34.44,0.00,0.00,3.43
864990,atl,55.000,-18.750,997.97,997.84,4.23,1.04,24.90,33.05,0.00,0.00,2.83
864990,atl,52.500,-69.000,1001.25,1000.98,7.68,2.08,23.19,25.29,0.00,0.00,3.00
864990,atl,52.250,1.500,998.86,998.49,6.44,1.72,30.61,32.61,0.00,0.00,3.05
864990,atl,46.250,-29.000,973.24,972.57,27.29,6.74,73.88,73.88,57029.85,387341.00,11.52
864990,atl,44.250,8.250,1003.03,1002.23,6.73,2.67,37.03,38.60,0.00,0.00,16.35
864990,atl,42.500,-62.750,1002.33,1001.51,6.03,1.62,42.22,42.22,0.00,0.00,4.71
864990,atl,39.750,-66.750,1002.54,1001.85,7.71,1.86,48.89,48.89,0.00,0.00,4.87
864990,pac,65.500,181.500,998.46,997.79,8.92,2.44,29.10,29.10,0.00,0.00,4.52
864990,pac,50.000,213.500,989.36,988.88,15.60,4.12,49.05,49.05,0.00,0.00,6.69
864990,pac,40.000,206.500,999.56,998.71,7.28,2.05,36.93,36.93,0.00,0.00,3.71
864996,atl,60.500,-8.000,1002.51,1002.45,4.77,0.90,28.27,29.87,0.00,0.00,3.16
864996,atl,52.750,1.750,1000.28,999.98,6.29,1.60,29.43,34.17,0.00,0.00,3.30
864996,atl,52.000,-68.500,1001.61,1001.36,6.79,1.95,26.74,30.93,0.00,0.00,4.18
864996,atl,47.000,-25.750,971.91,971.44,26.77,6.42,75.50,75.50,97167.48,428357.15,10.89
864996,atl,42.250,-61.500,995.05,994.29,11.34,2.73,51.12,51.12,0.00,2317.27,5.03
864996,pac,65.250,182.250,1001.21,1000.76,7.49,1.96,26.63,26.63,0.00,0.00,4.21
864996,pac,51.500,213.000,985.90,985.37,17.83,4.48,48.96,48.96,0.00,0.00,7.25
864996,pac,40.000,211.250,999.89,999.00,6.72,1.75,38.83,38.83,0.00,0.00,3.26
865002,atl,53.000,2.500,1002.11,1001.88,5.91,1.50,32.15,35.76,0.00,0.00,2.82
865002,atl,51.500,-65.750,1000.98,1000.59,4.16,1.14,31.41,32.29,0.00,0.00,4.76
865002,atl,47.250,-21.750,971.62,971.22,24.37,5.99,69.31,69.31,50284.14,403035.38,10.36
865002,atl,45.000,-57.250,985.41,984.76,17.05,4.24,51.96,51.96,0.00,6840.82,5.24
865002,pac,65.000,182.750,1002.79,1002.43,6.23,1.65,26.15,26.15,0.00,0.00,4.07
865002,pac,51.750,211.250,982.34,981.58,19.97,4.97,54.06,54.06,0.00,47412.75,8.14
865002,pac,41.000,216.000,1000.48,999.76,6.39,1.73,39.30,39.30,0.00,0.00,3.23
865008,atl,52.750,3.500,1004.09,1003.91,5.19,1.47,23.99,25.66,0.00,0.00,2.72
865008,atl,49.250,-17.500,969.19,968.35,24.21,5.49,61.60,63.28,0.00,306640.82,9.36
865008,atl,47.250,-54.750,975.76,974.32,23.87,6.15,56.85,56.85,0.00,20854.33,8.50
865008,pac,50.750,211.500,980.71,980.12,19.83,4.86,53.97,53.97,0.00,23917.53,7.31
865008,pac,42.750,220.500,1001.20,1000.72,5.33,1.58,43.45,43.45,0.00,0.00,3.40
865014,atl,51.500,-16.250,965.35,964.44,25.15,5.52,54.04,57.94,0.00,211197.12,7.37
865014,atl,51.000,-77.000,999.65,999.47,5.71,1.58,31.21,31.21,0.00,0.00,4.08
865014,atl,48.750,-53.500,967.41,966.03,28.56,7.64,62.49,62.49,0.00,97074.34,9.80
865014,pac,50.500,214.000,979.68,978.74,19.34,5.00,54.83,54.83,0.00,41637.31,7.32
865020,atl,65.000,-10.000,1003.08,1002.96,5.95,1.74,31.47,31.47,0.00,0.00,7.13
865020,atl,52.750,-16.500,966.09,965.34,24.79,5.12,46.71,57.18,0.00,118573.06,7.04
865020,atl,48.750,-52.250,964.90,963.78,29.56,7.38,63.14,63.14,0.00,246204.73,10.48
865020,pac,55.750,212.500,988.72,988.44,9.17,2.41,39.91,48.05,0.00,0.00,6.24
865020,pac,51.250,216.250,980.64,980.04,17.46,4.67,45.70,50.60,0.00,6666.66,6.31
865020,pac,39.500,161.000,973.15,970.00,30.05,9.84,80.21,80.21,50112.95,181805.84,16.17
865026,atl,66.000,-10.750,1002.53,1002.32,6.86,2.06,27.98,33.24,0.00,0.00,6.85
865026,atl,58.250,-80.000,999.06,998.91,4.92,0.80,18.20,29.93,0.00,0.00,4.00
865026,atl,53.250,-16.250,968.42,967.70,22.77,4.77,47.38,54.49,0.00,82535.58,6.85
865026,atl,52.750,-70.500,997.92,997.67,4.18,0.86,32.44,32.44,0.00,0.00,3.59
865026,atl,49.250,-49.000,966.50,965.48,26.30,6.04,60.77,60.77,0.00,206013.16,8.46
865026,pac,55.500,212.000,988.34,988.14,8.91,2.45,41.15,43.40,0.00,0.00,5.83
865026,pac,52.250,218.250,982.86,982.54,15.66,4.14,45.29,47.59,0.00,0.00,5.97
865026,pac,42.500,162.750,969.67,968.02,32.52,9.98,78.45,78.45,65712.87,236514.33,14.20
865032,atl,66.000,-10.750,1003.71,1003.56,5.29,1.52,28.92,36.39,0.00,0.00,5.87
865032,atl,54.250,-71.250,997.74,997.51,5.01,1.03,20.33,27.03,0.00,0.00,3.56
865032,atl,53.000,-15.250,973.82,973.28,18.66,3.99,46.65,57.39,0.00,56109.09,5.98
865032,atl,51.250,-69.000,997.60,997.24,4.83,1.34,27.03,27.03,0.00,0.00,3.56
865032,atl,50.000,-47.000,970.13,969.12,23.56,5.39,53.29,56.12,0.00,144226.75,6.78
865032,pac,62.250,209.500,994.10,993.53,5.19,1.14,23.01,34.13,0.00,0.00,7.96
865032,pac,62.000,220.500,993.60,992.86,5.10,1.99,33.85,34.13,0.00,0.00,8.21
865032,pac,61.750,162.000,1004.47,1004.14,5.51,1.55,32.46,32.46,0.00,0.00,7.57
865032,pac,58.250,187.500,1004.42,1004.12,4.71,1.63,28.86,28.86,0.00,0.00,2.59
865032,pac,58.000,213.000,991.09,990.78,5.30,1.69,37.62,41.13,0.00,0.00,7.96
865032,pac,53.750,220.250,984.47,983.99,15.38,4.19,46.45,46.45,0.00,0.00,5.99
865032,pac,45.500,164.500,968.30,966.90,32.53,9.37,72.29,72.29,37768.45,246389.75,13.78
865038,atl,54.250,-71.500,997.23,997.02,5.96,1.40,19.56,23.40,0.00,0.00,2.95
865038,atl,52.750,-13.250,978.70,978.36,14.60,3.10,46.81,52.69,0.00,27358.82,4.97
865038,atl,51.500,-67.750,996.76,996.32,5.79,1.54,25.63,25.63,0.00,0.00,3.18
865038,atl,50.000,-44.250,974.05,973.37,19.92,4.59,56.90,57.74,0.00,155404.75,7.20
865038,atl,40.250,0.750,1004.73,1004.38,4.68,1.36,24.42,24.91,0.00,0.00,7.12
865038,pac,66.000,227.250,997.37,997.07,7.56,1.61,34.83,34.83,0.00,0.00,5.81
865038,pac,63.000,221.250,993.91,993.60,4.59,1.61,17.55,28.04,0.00,0.00,10.84
865038,pac,58.750,236.500,1002.11,1001.50,5.36,1.54,29.33,32.42,0.00,0.00,6.85
865038,pac,58.250,212.250,992.45,992.19,4.47,1.44,30.36,35.24,0.00,0.00,7.51
865038,pac,55.750,221.250,986.02,985.60,14.31,3.98,47.62,47.62,0.00,0.00,10.84
865038,pac,48.250,166.250,961.97,960.08,36.72,10.75,75.47,75.47,41796.93,218343.76,15.54
865044,atl,54.000,-72.250,998.40,998.13,5.94,1.46,22.72,23.66,0.00,0.00,2.72
865044,atl,53.500,-11.250,983.24,983.00,11.12,2.32,42.60,43.77,0.00,0.00,4.39
865044,atl,51.750,-68.000,997.92,997.67,5.65,1.49,26.01,27.59,0.00,0.00,3.23
865044,atl,50.500,-40.500,977.54,976.76,18.24,4.06,58.37,58.86,0.00,125671.73,5.87
865044,atl,41.000,2.250,1004.33,1004.09,5.06,1.36,29.55,35.63,0.00,0.00,5.70
865044,pac,65.750,229.250,995.94,995.52,6.99,1.58,28.82,36.15,0.00,0.00,4.28
865044,pac,65.500,218.000,994.54,994.38,5.26,1.09,20.19,21.60,0.00,0.00,6.30
865044,pac,64.500,212.750,994.88,994.67,4.33,0.78,18.90,21.60,0.00,0.00,6.30
865044,pac,57.750,212.000,992.95,992.46,5.75,1.56,27.76,31.69,0.00,0.00,6.17
865044,pac,57.500,221.000,989.33,988.92,10.55,3.41,52.33,52.33,0.00,412.36,11.03
865044,pac,50.000,168.000,962.20,960.15,35.55,9.74,67.10,67.10,14200.35,193651.69,11.87
865050,atl,56.000,-15.750,984.31,984.21,7.54,1.25,29.49,36.23,0.00,0.00,3.52
865050,atl,55.250,-11.000,984.15,984.03,9.00,1.69,35.15,41.54,0.00,0.00,4.27
865050,atl,50.750,-67.250,999.30,999.19,4.22,1.13,26.26,26.26,0.00,0.00,3.25
865050,atl,50.750,-37.500,980.09,979.39,16.73,3.74,55.93,57.36,0.00,121779.96,5.54
865050,atl,40.000,5.250,1004.04,1003.78,4.29,0.83,30.45,32.78,0.00,0.00,10.58
865050,pac,65.750,217.000,994.37,994.26,4.61,0.99,21.87,24.94,0.00,0.00,7.56
865050,pac,65.750,230.000,994.30,994.01,6.43,1.32,25.40,38.22,0.00,0.00,6.90
865050,pac,64.750,212.000,994.52,994.38,4.56,0.86,20.06,24.94,0.00,0.00,7.56
865050,pac,58.250,220.000,991.86,991.24,8.32,2.56,42.51,42.51,0.00,0.00,8.86
865050,pac,57.500,213.500,994.22,993.91,5.76,1.30,28.20,32.68,0.00,0.00,6.91
865050,pac,51.000,169.000,963.78,961.64,33.00,9.01,59.19,59.19,0.00,183877.58,10.37
865056,atl,56.500,-11.750,983.07,982.90,8.85,1.65,31.47,33.99,0.00,0.00,5.21
865056,atl,51.000,-33.750,982.64,982.11,14.80,3.43,49.56,52.63,0.00,32285.95,4.89
865056,atl,40.000,7.750,1004.74,1004.38,4.90,1.10,38.73,44.57,0.00,0.00,5.11
865056,atl,39.000,-77.500,1001.74,1001.52,4.38,1.23,28.39,30.99,0.00,0.00,5.15
865056,pac,65.750,224.500,993.79,993.32,4.26,0.65,20.63,29.58,0.00,0.00,7.18
865056,pac,65.500,230.500,993.93,993.56,4.83,0.84,25.65,29.38,0.00,0.00,7.18
865056,pac,57.750,215.250,996.26,996.01,4.60,1.17,28.05,31.13,0.00,0.00,7.99
865056,pac,50.750,170.000,966.74,964.81,31.16,8.36,55.48,55.48,0.00,137194.46,9.16
865062,atl,57.500,-12.250,981.23,981.00,8.58,1.64,28.58,32.31,0.00,0.00,3.92
865062,atl,51.000,-28.750,984.36,984.20,10.54,2.32,48.70,51.29,0.00,12469.86,4.61
865062,atl,40.750,-72.750,999.29,998.90,4.71,0.93,30.55,34.73,0.00,0.00,2.91
865062,pac,65.750,223.000,994.74,994.31,4.04,0.81,18.24,25.17,0.00,0.00,5.83
865062,pac,58.250,216.250,997.05,996.77,4.30,1.42,24.78,25.28,0.00,0.00,6.71
865062,pac,50.000,172.250,973.15,971.98,25.74,6.57,56.89,56.89,0.00,144876.27,8.46
865068,atl,58.000,-13.500,980.89,980.66,8.37,1.68,29.29,47.02,0.00,0.00,3.76
865068,atl,41.250,-70.250,997.41,997.11,6.07,1.16,34.41,37.36,0.00,0.00,3.09
865068,pac,58.500,216.000,997.96,997.64,4.18,1.45,29.53,29.53,0.00,0.00,7.19
865068,pac,49.750,176.500,979.68,978.92,19.90,4.96,58.31,58.31,0.00,63584.12,6.76
865068,pac,36.500,240.000,1004.29,1003.71,5.11,1.63,26.64,33.23,0.00,0.00,18.79
865074,atl,58.500,-13.250,980.37,980.13,8.63,1.70,32.47,51.37,0.00,353.83,4.17
865074,atl,43.750,-68.000,996.54,996.39,6.31,1.09,41.42,41.42,0.00,0.00,3.70
865074,atl,34.250,-79.000,1003.68,1003.07,5.30,1.40,34.65,35.68,0.00,0.00,5.92
865074,pac,49.500,181.000,984.04,983.55,15.37,3.74,51.14,51.14,0.00,3092.46,5.18
865074,pac,39.500,238.000,1004.44,1003.62,6.61,1.94,34.92,34.92,0.00,0.00,14.76
865080,atl,57.500,-14.500,980.73,980.57,8.17,1.58,31.02,43.02,0.00,0.00,4.18
865080,atl,45.000,-67.750,996.70,996.43,6.89,1.52,24.39,35.68,0.00,0.00,3.72
865080,pac,54.750,220.500,1000.77,1000.59,4.86,1.06,23.46,30.12,0.00,0.00,6.35
865080,pac,51.250,187.500,985.68,985.46,10.88,1.65,39.92,45.17,0.00,0.00,4.90
865080,pac,39.750,237.750,1000.18,998.95,8.53,2.77,38.55,38.55,0.00,0.00,19.47
865086,atl,60.250,-11.750,981.15,981.01,9.94,2.01,56.53,58.68,0.00,72016.23,13.16
865086,atl,57.000,-13.750,981.05,980.97,7.98,1.48,36.76,46.59,0.00,0.00,4.86
865086,atl,45.750,-67.750,995.98,995.65,7.48,1.76,27.61,33.69,0.00,0.00,4.23
865086,atl,45.500,-64.500,996.28,995.97,7.15,1.28,33.69,36.09,0.00,0.00,4.23
865086,pac,65.000,161.250,1004.98,1004.64,4.40,1.29,23.94,30.35,0.00,0.00,3.97
865086,pac,55.500,223.000,1000.43,1000.29,4.69,1.26,27.47,27.47,0.00,0.00,6.68
865086,pac,53.000,193.500,981.49,981.34,12.30,2.10,38.16,46.41,0.00,0.00,6.45
865086,pac,39.750,237.750,1001.64,1000.72,7.96,2.51,39.90,39.90,0.00,0.00,14.77
865092,atl,60.000,-12.250,982.27,982.06,10.26,2.58,58.66,60.57,0.00,72163.97,6.45
865092,atl,57.750,-4.000,983.60,983.30,4.44,0.74,19.68,32.37,0.00,0.00,2.90
865092,atl,47.750,-63.250,995.22,994.77,9.82,2.42,37.54,37.54,0.00,0.00,4.27
865092,pac,53.750,196.250,977.83,977.66,14.29,2.80,43.50,45.46,0.00,0.00,6.86
865092,pac,50.250,222.750,1001.58,1001.25,4.25,1.26,34.61,34.61,0.00,0.00,3.01
865092,pac,39.500,237.750,1003.73,1003.24,6.30,1.83,39.41,39.41,0.00,0.00,10.13
865098,atl,63.500,8.500,990.83,990.70,4.82,1.35,22.95,36.92,0.00,0.00,5.42
865098,atl,58.750,-11.750,984.55,984.39,8.54,2.10,50.67,54.10,0.00,19254.43,6.50
865098,atl,58.000,-2.500,983.59,983.40,5.33,0.94,18.35,33.69,0.00,0.00,2.78
865098,atl,49.000,-63.500,995.16,994.50,10.20,2.77,39.37,39.37,0.00,0.00,5.29
865098,pac,54.000,197.500,975.61,975.38,16.30,3.31,46.37,48.42,0.00,0.00,7.25
865098,pac,50.750,226.750,1001.95,1001.44,5.33,1.58,35.61,35.61,0.00,0.00,4.50
865104,atl,65.000,8.250,989.54,989.44,5.50,1.31,32.44,35.95,0.00,0.00,4.23
865104,atl,59.000,-1.500,985.45,985.41,4.11,0.62,19.18,29.37,0.00,0.00,3.21
865104,atl,49.750,-64.500,995.55,994.62,10.95,3.10,37.61,37.61,0.00,0.00,6.01
865104,pac,54.500,199.750,974.37,974.20,17.24,3.27,48.58,53.24,0.00,30646.53,7.53
865104,pac,52.000,230.000,1002.24,1001.72,4.24,1.96,38.54,38.54,0.00,0.00,8.10
865110,atl,50.500,-57.750,999.15,998.50,7.87,1.94,34.12,34.22,0.00,0.00,4.92
865110,atl,49.750,-66.000,996.43,995.53,10.63,2.72,34.24,35.23,0.00,0.00,5.34
865110,pac,54.000,203.500,974.89,974.66,16.59,2.98,52.55,52.86,0.00,37069.35,7.73
865116,atl,52.750,-54.500,1000.75,1000.37,9.99,2.64,42.37,42.37,0.00,0.00,6.00
865116,atl,48.750,-64.500,999.32,999.20,7.78,1.31,27.72,34.26,0.00,0.00,5.14
865116,pac,54.750,207.000,976.58,976.16,14.97,2.83,44.90,51.54,0.00,4844.80,5.75
865122,atl,65.750,-6.750,987.04,986.85,11.28,2.69,47.03,47.03,0.00,0.00,9.03
865122,atl,62.500,-1.250,986.40,986.32,4.43,0.70,14.69,40.35,0.00,0.00,3.94
865122,atl,53.500,-54.500,1000.61,999.86,10.47,3.12,41.53,41.53,0.00,0.00,5.59
865122,atl,47.000,-65.000,999.95,999.81,6.96,1.29,26.98,35.80,0.00,0.00,4.67
865122,pac,55.250,210.000,978.68,978.26,14.49,2.87,42.64,49.23,0.00,0.00,6.54
865128,atl,66.250,1.250,987.44,987.32,6.49,0.99,43.83,49.19,0.00,0.00,7.02
865128,atl,65.250,-8.750,987.20,986.93,11.85,3.09,51.66,51.66,0.00,3136.96,8.73
865128,atl,54.250,-54.000,1002.04,1001.48,10.24,3.20,45.52,45.52,0.00,0.00,6.10
865128,atl,48.750,-53.500,1004.14,1003.98,4.86,1.22,37.84,37.84,0.00,0.00,3.38
865128,atl,47.000,-62.750,1001.82,1001.65,6.37,1.18,24.20,29.55,0.00,0.00,4.28
865128,pac,62.250,219.750,993.21,992.76,5.09,1.32,42.21,44.41,0.00,0.00,12.10
865128,pac,56.250,213.250,982.55,982.25,13.25,2.90,39.67,44.45,0.00,0.00,6.21
865134,atl,64.250,-9.500,985.46,985.06,12.58,3.27,52.08,52.08,0.00,11308.69,9.28
865134,atl,54.750,-54.000,1001.46,1001.08,10.53,3.12,38.83,40.68,0.00,0.00,5.92
865134,atl,47.250,-62.000,1003.18,1003.06,6.29,1.28,30.55,30.55,0.00,0.00,3.63
865134,pac,62.750,218.750,993.33,992.90,6.02,1.65,24.73,38.15,0.00,0.00,8.39
865134,pac,62.500,214.250,993.10,992.61,4.67,0.84,35.91,38.15,0.00,0.00,8.38
865134,pac,57.500,215.500,986.88,986.57,11.47,2.91,38.42,39.68,0.00,0.00,8.39
865140,atl,66.750,10.000,988.26,988.17,5.64,0.97,37.01,42.48,0.00,0.00,6.75
865140,atl,64.000,-10.250,985.14,984.55,14.03,3.52,57.70,57.70,0.00,24258.90,13.21
865140,atl,63.000,-79.500,984.43,984.25,14.92,3.47,45.95,45.95,0.00,0.00,6.23
865140,atl,55.250,-53.250,1002.05,1001.80,10.44,2.90,42.31,44.16,0.00,0.00,4.99
865140,atl,55.000,-47.000,1003.96,1003.81,8.75,1.52,43.94,45.06,0.00,0.00,4.75
865140,atl,46.750,-62.500,1004.96,1004.84,6.35,1.38,32.99,32.99,0.00,0.00,3.27
865140,pac,63.000,210.750,995.43,995.12,4.81,1.23,25.08,34.82,0.00,0.00,6.92
865140,pac,63.000,218.000,995.43,994.81,5.88,1.47,19.09,36.53,0.00,0.00,8.04
865140,pac,61.000,236.500,1001.05,1000.86,4.74,1.06,27.97,34.16,0.00,0.00,8.63
865140,pac,60.000,198.000,996.78,996.69,4.84,0.80,24.54,27.56,0.00,0.00,3.45
865140,pac,58.500,217.250,991.92,991.72,9.21,2.64,36.53,39.32,0.00,0.00,8.10
865146,atl,64.000,-78.000,980.07,979.44,18.68,4.79,47.49,47.49,0.00,0.00,7.52
865146,atl,63.000,-11.500,983.94,983.27,15.85,3.95,66.68,66.68,2026.47,36891.36,18.15
865146,atl,56.000,-53.000,1003.10,1002.92,9.04,2.67,41.95,46.87,0.00,0.00,4.58
865146,atl,56.000,-44.750,1004.02,1003.63,9.44,2.16,50.52,50.52,0.00,406.64,11.03
865146,pac,62.750,212.750,998.55,998.32,4.18,0.93,24.79,27.07,0.00,0.00,5.50
865146,pac,62.500,219.000,998.64,998.31,5.29,1.03,24.70,30.50,0.00,0.00,6.91
865146,pac,60.750,239.500,1001.97,1001.76,4.66,0.80,32.79,36.53,0.00,0.00,8.82
865146,pac,59.500,197.500,998.81,998.70,5.08,0.92,25.12,28.95,0.00,0.00,3.01
865146,pac,58.750,217.500,997.31,997.00,6.83,1.90,30.35,35.34,0.00,0.00,6.91
865152,atl,65.000,-77.500,978.11,977.57,20.21,5.31,46.75,48.62,0.00,0.00,7.77
865152,atl,64.250,-1.500,989.50,989.37,5.85,0.90,36.77,46.43,0.00,0.00,6.38
865152,atl,61.250,-12.250,985.25,984.61,15.51,3.96,61.43,63.78,0.00,56233.50,18.45
865152,atl,56.500,-53.000,1003.22,1002.91,8.94,2.82,47.03,48.67,0.00,0.00,4.03
865152,atl,56.250,5.500,992.30,992.00,4.48,1.58,33.64,33.64,0.00,0.00,4.33
865152,atl,48.250,-79.750,1004.89,1004.76,4.89,1.45,21.90,29.31,0.00,0.00,3.99
865152,atl,45.000,8.250,997.88,997.43,4.55,1.25,32.68,34.18,0.00,0.00,8.35
865152,pac,62.750,213.750,999.13,998.79,4.57,1.03,22.66,25.69,0.00,0.00,8.33
865152,pac,62.000,220.750,998.88,998.55,6.45,1.59,27.69,35.99,0.00,0.00,8.33
865152,pac,56.000,163.500,999.91,999.79,7.10,1.70,32.97,38.58,0.00,0.00,8.42
865158,atl,65.500,-76.000,978.56,977.97,19.89,5.44,52.64,52.64,0.00,5191.94,8.37
865158,atl,64.750,-1.000,992.81,992.66,5.72,1.09,38.95,44.11,0.00,0.00,5.76
865158,atl,59.250,-11.250,988.13,987.25,12.47,3.65,53.72,57.35,0.00,54660.36,6.50
865158,atl,57.500,6.500,990.16,989.66,5.41,1.86,34.27,34.27,0.00,0.00,4.92
865158,atl,57.000,-52.500,1002.26,1001.89,9.19,3.08,46.11,46.11,0.00,0.00,4.39
865158,atl,56.250,-4.750,992.93,992.64,4.20,1.03,39.90,52.47,0.00,3270.31,6.28
865158,pac,63.000,221.500,1000.90,1000.65,6.59,1.98,19.92,28.58,0.00,0.00,7.56
865158,pac,61.250,199.250,1001.03,1000.92,4.44,0.74,18.77,25.65,0.00,0.00,3.96
865158,pac,57.250,166.500,999.29,999.13,7.32,1.75,34.08,34.54,0.00,0.00,5.91
865164,atl,66.500,-76.000,980.91,980.25,18.00,4.90,46.10,46.10,0.00,0.00,8.76
865164,atl,59.000,6.000,992.16,991.73,4.26,1.46,31.61,31.61,0.00,0.00,5.53
865164,atl,57.500,-51.500,1004.13,1003.80,8.43,2.73,48.67,48.67,0.00,0.00,6.55
865164,atl,57.250,-10.000,991.79,991.03,10.89,3.34,49.59,49.59,0.00,0.00,5.35
865164,atl,46.500,-72.500,1004.81,1004.44,6.40,1.54,23.78,27.84,0.00,0.00,3.73
865164,pac,63.000,221.000,1002.36,1002.16,5.58,1.55,17.53,24.60,0.00,0.00,7.26
865164,pac,61.750,200.250,1002.82,1002.72,4.09,0.71,13.29,25.52,0.00,0.00,4.73
865164,pac,58.500,168.500,1000.48,1000.26,7.07,2.10,34.30,35.88,0.00,0.00,4.43
865164,pac,54.250,226.000,1002.83,1001.84,9.93,3.45,45.16,45.16,0.00,0.00,6.58
865170,atl,68.000,-77.250,983.45,982.94,15.51,4.28,42.46,42.46,0.00,0.00,7.13
865170,atl,60.250,5.250,993.94,993.83,4.01,1.42,25.39,25.39,0.00,0.00,6.06
865170,atl,55.000,-7.750,995.29,994.81,8.04,2.32,47.14,47.14,0.00,0.00,4.72
865170,atl,46.250,-49.000,1004.52,1004.35,5.53,1.23,35.79,41.13,0.00,0.00,3.42
865170,atl,44.750,-69.750,1004.66,1004.56,5.86,1.37,28.39,29.58,0.00,0.00,4.65
865170,pac,63.250,221.500,1003.21,1003.04,4.46,1.15,17.55,24.77,0.00,0.00,5.80
865170,pac,59.750,168.500,1000.34,999.71,6.33,2.08,32.51,34.36,0.00,0.00,4.84
865176,atl,69.000,-78.500,986.20,985.60,13.61,3.79,40.42,40.42,0.00,0.00,8.29
865176,atl,47.000,-47.750,1001.89,1001.45,7.14,1.51,38.52,41.75,0.00,0.00,3.88
865176,pac,63.250,223.250,1002.36,1002.25,5.39,1.50,16.17,22.18,0.00,0.00,10.21
865176,pac,62.250,228.000,1002.62,1002.36,4.52,0.77,16.80,22.98,0.00,0.00,10.21
865176,pac,60.500,169.000,1001.74,1001.15,5.29,1.70,34.97,35.12,0.00,0.00,5.54
865176,pac,58.250,237.000,1000.10,999.40,6.53,1.85,38.65,40.38,0.00,0.00,8.15
865182,atl,50.250,-46.000,997.31,997.13,9.90,2.21,41.00,41.00,0.00,0.00,4.59
865182,atl,44.000,9.000,992.62,991.92,7.10,2.65,54.96,54.96,0.00,8516.27,15.71
865182,pac,60.750,173.250,1003.31,1002.75,5.58,1.83,30.86,30.86,0.00,0.00,3.91
865188,atl,58.250,10.000,984.83,984.20,8.99,2.36,25.77,37.00,0.00,0.00,4.19
865188,atl,54.750,5.750,988.36,987.97,6.08,1.41,42.34,42.34,0.00,0.00,4.27
865188,atl,51.250,-43.750,992.88,992.73,13.29,2.88,46.69,47.08,0.00,0.00,5.46
865188,atl,44.750,8.250,992.20,991.82,7.44,2.80,49.99,49.99,0.00,0.00,16.81
865188,pac,50.500,163.250,1002.62,1002.35,5.38,1.17,32.29,32.29,0.00,0.00,3.30
865194,atl,59.250,-79.000,996.59,996.36,11.19,2.86,35.21,35.21,0.00,0.00,4.76
865194,atl,58.250,8.750,987.86,987.38,5.47,1.21,29.11,33.99,0.00,0.00,4.93
865194,atl,54.000,-42.250,986.64,986.48,18.56,3.76,47.72,57.25,0.00,38658.75,8.63
865194,atl,52.750,4.750,988.81,988.49,8.30,2.55,54.42,54.42,0.00,7556.18,5.63
865194,atl,44.250,9.500,992.47,991.96,8.46,2.80,53.39,53.39,0.00,5628.60,17.22
865194,pac,52.250,166.250,999.73,999.59,6.45,1.21,38.04,38.31,0.00,0.00,3.83
865200,atl,59.500,-75.500,1000.74,1000.50,8.54,2.07,35.81,35.81,0.00,0.00,3.92
865200,atl,56.000,-42.000,983.60,983.05,22.91,5.32,67.96,67.96,28277.48,222769.24,16.85
865200,atl,51.750,7.000,988.76,988.40,8.05,2.20,49.29,49.29,0.00,0.00,5.82
865200,pac,56.000,169.250,996.20,995.93,9.54,2.34,39.84,41.89,0.00,0.00,4.23
865206,atl,59.500,-75.000,1003.62,1003.38,6.80,1.91,29.24,29.73,0.00,0.00,3.46
865206,atl,56.250,-43.000,981.41,980.54,24.28,6.40,72.34,72.57,46467.59,216824.89,20.17
865206,pac,57.250,170.500,992.29,991.87,11.46,3.03,40.44,40.44,0.00,0.00,5.44
865212,atl,57.250,7.500,983.49,982.88,9.15,2.02,31.51,45.18,0.00,0.00,4.53
865212,atl,56.500,-42.000,980.38,979.67,27.77,7.44,80.49,80.49,66320.07,235009.44,17.49
865212,atl,55.750,-23.000,1001.81,1001.28,8.17,2.39,37.58,40.51,0.00,0.00,4.37
865212,pac,58.750,172.250,989.42,989.02,13.51,3.25,37.86,41.30,0.00,0.00,5.45
865212,pac,45.750,172.250,1003.56,1002.89,8.65,2.36,44.13,44.13,0.00,0.00,4.34
865218,atl,56.250,5.750,985.67,985.25,8.47,2.07,49.18,51.62,0.00,3263.50,5.78
865218,atl,56.000,-41.500,983.11,982.22,26.29,7.08,66.21,70.02,28620.23,180890.05,14.29
865218,atl,55.500,-18.250,1000.62,999.69,8.82,2.64,37.77,37.77,0.00,0.00,4.93
865218,pac,61.500,175.000,985.77,985.39,16.95,3.46,40.36,45.67,0.00,0.00,7.26
865224,atl,64.000,7.750,988.14,987.97,5.96,1.26,26.09,38.45,0.00,0.00,4.41
865224,atl,55.750,-40.250,987.23,986.25,23.61,6.25,63.36,63.36,0.00,153815.00,7.63
865224,atl,55.000,-14.000,1001.05,1000.36,7.19,2.25,37.77,37.77,0.00,0.00,3.63
865224,atl,54.750,6.250,988.84,988.60,6.70,1.70,47.77,47.77,0.00,0.00,6.52
865224,pac,64.500,176.000,982.06,981.56,19.59,4.86,48.35,50.77,0.00,326.59,8.32
865230,atl,64.250,6.500,985.87,985.79,6.68,1.01,35.51,46.84,0.00,0.00,5.38
865230,atl,64.250,6.750,985.87,985.79,6.51,1.03,32.78,46.84,0.00,0.00,5.23
865230,atl,63.250,-0.250,984.33,984.10,11.85,2.70,43.05,46.42,0.00,0.00,5.54
865230,atl,55.500,-39.750,987.70,986.54,22.71,6.19,56.23,56.23,0.00,97291.73,7.58
865230,atl,54.500,-10.000,1001.31,1000.86,4.79,1.61,34.27,34.77,0.00,0.00,3.24
865230,pac,65.750,175.250,982.39,981.82,16.45,3.83,36.93,44.45,0.00,0.00,7.66
865230,pac,58.250,164.750,997.05,996.90,4.55,1.22,32.25,32.25,0.00,0.00,5.18
865230,pac,45.000,220.000,999.39,998.65,16.79,4.63,62.95,62.95,0.00,33143.17,8.76
865236,atl,62.500,-2.750,979.54,978.83,17.64,4.99,51.09,51.09,0.00,7309.43,8.40
865236,atl,55.000,-39.250,990.70,989.75,19.77,5.35,55.31,55.31,0.00,32434.11,7.31
865236,pac,59.250,167.500,994.50,993.91,7.13,2.32,35.31,35.31,0.00,0.00,5.48
865236,pac,51.500,161.500,998.31,997.70,9.53,2.59,44.01,46.96,0.00,0.00,5.69
865236,pac,45.750,220.750,994.17,993.22,20.92,6.02,67.07,67.07,4816.66,89560.48,10.96
865242,atl,61.500,-2.750,976.87,976.01,20.54,5.77,63.59,63.59,0.00,108643.86,9.51
865242,atl,55.000,-37.750,991.77,991.06,17.37,4.49,49.19,50.60,0.00,426.52,5.52
865242,atl,45.500,-42.000,1003.42,1003.01,6.94,1.90,40.56,42.32,0.00,0.00,4.11
865242,pac,60.000,169.000,993.47,992.65,7.70,2.33,33.07,33.07,0.00,0.00,6.79
865242,pac,56.000,184.000,1004.62,1004.34,7.43,2.35,38.25,38.25,0.00,0.00,4.06
865242,pac,52.500,166.250,995.80,995.00,11.48,3.13,50.09,50.09,0.00,488.94,7.39
865242,pac,45.750,220.750,992.53,991.58,23.12,6.76,68.45,68.45,8495.74,174694.34,12.47
865248,atl,60.500,-2.500,978.69,978.08,19.54,5.31,59.36,59.36,0.00,108477.72,8.26
865248,atl,55.250,-36.250,993.77,993.30,13.77,3.31,40.02,46.45,0.00,0.00,5.19
865248,atl,53.500,-70.250,1004.78,1004.58,6.33,1.84,34.08,34.08,0.00,0.00,5.26
865248,atl,46.500,-38.750,998.85,998.13,8.39,2.03,41.39,43.56,0.00,0.00,4.11
865248,pac,60.250,170.500,993.73,993.25,7.24,1.91,27.90,30.21,0.00,0.00,4.30
865248,pac,59.000,187.250,1003.65,1003.51,4.76,1.24,36.40,39.81,0.00,0.00,4.07
865248,pac,53.250,171.000,996.05,995.08,11.61,3.45,45.84,46.32,0.00,0.00,5.64
865248,pac,45.250,221.000,992.68,991.77,22.15,6.44,64.16,64.16,541.64,146112.31,8.36
865254,atl,59.250,-69.500,1002.19,1002.02,5.29,1.26,33.58,34.50,0.00,0.00,7.07
865254,atl,59.000,-0.750,981.67,981.14,16.00,4.31,55.29,55.29,0.00,31236.50,8.96
865254,atl,55.250,-35.500,993.56,993.25,10.50,2.32,34.06,46.91,0.00,0.00,4.95
865254,atl,53.750,-67.250,1001.38,1000.82,8.43,2.62,41.64,41.64,0.00,0.00,8.90
865254,atl,47.000,-36.750,993.74,993.29,9.31,2.11,43.56,49.37,0.00,0.00,4.71
865254,pac,60.000,172.250,993.99,993.68,6.69,1.71,28.97,31.45,0.00,0.00,3.33
865254,pac,54.250,175.750,995.76,994.95,10.97,3.19,43.04,43.04,0.00,0.00,5.13
865254,pac,44.250,221.750,994.40,993.55,20.41,5.96,55.01,55.01,0.00,76250.26,7.21
865260,atl,61.750,-79.500,1000.29,1000.17,7.89,1.47,32.82,38.87,0.00,0.00,4.11
865260,atl,59.500,-68.000,1002.69,1002.55,5.42,1.30,32.43,32.43,0.00,0.00,7.16
865260,atl,59.500,10.000,985.91,985.67,5.95,1.49,27.20,34.10,0.00,0.00,4.05
865260,atl,57.250,1.750,985.02,984.31,13.96,3.82,53.83,53.83,0.00,11341.13,7.12
865260,atl,53.750,-64.750,998.86,998.44,9.94,2.97,42.06,42.06,0.00,0.00,8.25
865260,atl,50.250,-62.000,1000.10,999.72,9.18,2.10,38.87,42.06,0.00,0.00,8.25
865260,atl,48.000,-34.000,988.72,988.23,11.48,2.79,52.93,52.93,0.00,14181.41,6.45
865260,pac,59.250,176.250,993.57,993.49,7.71,1.48,36.27,39.06,0.00,0.00,5.02
865260,pac,56.000,180.250,992.87,992.23,11.95,3.31,40.24,40.24,0.00,0.00,5.14
865260,pac,43.500,223.500,996.22,995.37,17.14,4.90,49.71,49.71,0.00,0.00,6.14
865266,atl,62.000,-77.750,1001.78,1001.65,7.11,1.30,27.87,37.69,0.00,0.00,7.22
865266,atl,59.000,9.500,988.77,988.57,5.91,1.13,29.70,34.88,0.00,0.00,4.28
865266,atl,55.500,4.750,989.09,988.67,11.31,3.02,50.57,50.57,0.00,1359.94,5.76
865266,atl,53.000,-30.250,982.55,982.43,11.82,2.18,45.41,47.48,0.00,0.00,7.22
865266,atl,50.500,-59.000,992.89,992.10,13.35,3.36,45.52,48.63,0.00,0.00,6.45
865266,pac,64.000,192.750,997.29,997.16,4.93,1.44,26.86,27.68,0.00,0.00,3.78
865266,pac,58.000,182.750,987.46,986.53,14.36,3.83,40.46,40.46,0.00,0.00,5.06
865266,pac,43.750,225.250,998.68,997.98,14.56,4.05,42.69,44.64,0.00,0.00,4.74
865272,atl,62.500,-77.500,1003.69,1003.46,6.93,1.14,30.22,39.90,0.00,0.00,5.11
865272,atl,54.250,7.500,991.41,991.06,10.71,2.72,45.14,45.14,0.00,0.00,5.52
865272,atl,54.000,-30.500,977.65,977.48,14.37,2.49,47.44,51.92,0.00,3880.06,6.91
865272,atl,50.750,-55.750,988.54,987.65,16.16,4.37,47.99,47.99,0.00,0.00,7.64
865272,pac,65.500,193.000,994.41,994.21,6.05,1.77,34.14,34.14,0.00,0.00,4.69
865272,pac,58.750,184.000,983.79,982.94,16.71,4.55,41.42,41.91,0.00,0.00,6.10
865272,pac,44.250,226.250,999.32,998.69,13.37,3.66,39.04,42.28,0.00,0.00,4.67
865278,atl,68.750,9.750,991.22,990.86,18.67,4.76,50.15,50.15,0.00,745.20,8.58
865278,atl,55.250,-30.250,973.03,972.89,17.27,2.76,53.04,60.28,0.00,47029.92,7.57
865278,atl,50.500,-55.000,985.18,984.39,17.26,4.56,52.34,52.34,0.00,6232.64,8.54
865278,pac,59.500,186.250,982.46,981.75,16.28,4.37,39.83,41.45,0.00,0.00,5.37
865278,pac,44.500,227.000,999.19,998.69,13.26,3.61,40.75,40.75,0.00,0.00,5.06
865284,atl,69.000,7.750,991.23,990.27,21.30,5.97,49.89,51.34,0.00,4514.72,9.83
865284,atl,56.750,-28.750,971.56,971.43,19.98,3.20,48.06,65.84,5011.10,105558.37,9.45
865284,atl,50.000,-52.750,985.20,984.92,15.79,3.84,48.05,48.27,0.00,0.00,7.51
865284,pac,59.750,188.000,981.66,980.95,16.16,4.36,35.02,40.01,0.00,0.00,4.92
865284,pac,49.250,160.750,979.12,978.58,23.74,5.89,71.66,71.66,45748.49,331003.62,12.35
865284,pac,45.000,198.250,1003.06,1002.58,10.98,2.96,48.02,48.09,0.00,0.00,5.02
865284,pac,44.250,227.500,997.88,997.37,13.65,3.63,43.84,43.84,0.00,0.00,5.72
865290,atl,68.750,7.250,991.95,991.07,21.01,5.85,48.37,48.37,0.00,0.00,8.06
865290,atl,57.750,-28.750,972.61,972.34,19.89,3.36,48.20,63.79,0.00,155616.08,8.11
865290,atl,49.500,-48.750,985.36,985.19,12.21,2.32,43.64,45.04,0.00,0.00,5.79
865290,pac,60.250,190.000,981.43,981.00,14.52,3.82,34.23,34.23,0.00,0.00,4.52
865290,pac,50.000,167.750,974.94,974.25,23.09,5.15,74.34,74.34,74869.84,322688.22,12.10
865290,pac,46.250,201.750,1001.94,1001.43,10.34,2.82,46.09,46.94,0.00,0.00,4.52
865290,pac,44.250,229.000,999.27,998.83,12.43,3.20,41.45,41.45,0.00,0.00,4.37
865296,atl,69.000,7.250,996.10,995.43,18.80,5.00,40.88,43.96,0.00,0.00,6.13
865296,atl,58.750,-27.250,975.10,974.86,19.32,3.98,47.19,57.60,0.00,71707.54,7.61
865296,atl,56.750,-36.750,980.85,980.28,12.26,3.21,61.35,65.08,3558.88,223389.08,7.34
865296,atl,52.500,-38.750,983.52,982.90,8.73,2.09,51.10,56.05,0.00,14372.94,6.17
865296,pac,61.000,191.500,981.34,980.95,12.61,3.33,35.37,35.37,0.00,0.00,4.47
865296,pac,52.500,238.500,1003.38,1003.09,7.50,2.30,26.34,30.35,0.00,0.00,10.69
865296,pac,50.500,175.250,969.99,969.02,22.66,4.92,70.59,70.59,40843.28,281726.41,10.66
865296,pac,47.250,205.000,1000.00,999.59,10.18,2.93,46.47,46.47,0.00,0.00,4.16
865296,pac,45.000,230.750,1001.17,1000.80,10.33,2.66,36.68,37.11,0.00,0.00,3.50
865302,atl,63.250,-47.750,1004.97,1003.42,4.62,2.47,49.90,64.60,1563.02,47208.69,17.41
865302,atl,60.000,-25.250,978.65,978.33,18.10,3.84,50.13,56.77,0.00,60228.79,10.38
865302,atl,55.500,-40.250,978.55,977.95,15.23,3.89,64.35,65.54,7215.16,215342.90,7.72
865302,atl,54.500,-36.250,980.48,980.08,10.78,1.75,36.98,64.35,1268.29,65163.94,7.72
865302,pac,61.750,192.500,981.77,981.45,11.08,2.98,29.54,30.94,0.00,0.00,4.19
865302,pac,53.500,238.000,1004.36,1003.84,6.79,2.24,25.41,29.05,0.00,0.00,8.07
865302,pac,51.000,181.750,966.39,965.85,21.87,4.71,69.62,69.62,47794.04,207699.06,9.36
865302,pac,48.500,208.000,1000.32,999.99,8.51,2.42,40.13,40.13,0.00,0.00,3.60
865302,pac,45.750,232.250,1002.77,1002.46,9.55,2.64,36.94,36.94,0.00,0.00,4.23
865308,atl,61.250,-25.000,983.42,983.15,15.51,3.45,59.78,60.13,0.00,23641.64,12.16
865308,atl,55.750,-35.250,981.59,981.12,10.59,2.39,47.51,62.51,0.00,40522.79,5.57
865308,atl,54.000,-42.500,981.70,981.12,13.85,3.66,63.81,63.81,0.00,159869.03,7.47
865308,pac,62.500,193.000,982.71,982.39,10.01,2.78,31.57,31.57,0.00,0.00,4.18
865308,pac,51.500,186.250,965.07,964.64,21.69,4.59,64.93,66.11,12622.25,183277.64,9.31
865308,pac,49.250,211.000,1001.61,1001.42,6.91,1.91,34.74,35.31,0.00,0.00,3.41
865308,pac,46.000,233.750,1004.54,1004.21,8.35,2.58,35.68,35.68,0.00,0.00,4.81
865314,atl,61.000,-27.250,985.50,985.26,12.65,2.57,43.92,50.42,0.00,1303.27,9.63
865314,atl,56.750,-35.000,983.98,983.53,10.51,2.53,41.64,54.86,0.00,14122.78,4.79
865314,atl,52.750,-42.750,983.23,982.68,13.96,3.47,55.26,55.80,0.00,104498.94,6.94
865314,pac,65.000,161.250,986.82,986.51,7.73,1.73,23.33,38.59,0.00,0.00,4.34
865314,pac,63.500,193.500,985.29,985.08,8.12,2.37,34.34,34.34,0.00,0.00,4.16
865314,pac,62.000,219.250,999.88,999.09,4.34,2.17,33.12,33.12,0.00,0.00,12.06
865314,pac,52.750,190.000,965.64,965.29,20.24,4.26,62.88,64.36,1497.91,190670.77,8.89
865314,pac,50.250,213.500,1004.28,1004.11,5.72,1.66,30.69,31.91,0.00,0.00,3.27
865320,atl,61.500,-27.250,987.91,987.53,12.04,2.39,39.49,53.67,0.00,16355.65,6.65
865320,atl,56.750,-35.500,987.31,986.92,9.31,2.02,43.39,49.91,0.00,0.00,4.51
865320,atl,51.750,-42.000,985.83,985.33,13.80,3.37,47.80,47.90,0.00,0.00,5.79
865320,pac,64.750,193.500,988.43,988.32,5.45,1.65,29.83,29.83,0.00,0.00,3.72
865320,pac,64.500,164.500,986.85,986.59,6.98,1.64,30.10,37.12,0.00,0.00,4.42
865320,pac,62.500,221.250,999.74,999.42,5.16,2.40,32.21,32.83,0.00,0.00,18.25
865320,pac,53.000,192.250,967.76,967.67,17.88,3.15,59.45,59.76,0.00,200384.72,7.83
865326,atl,65.750,-13.000,997.66,997.42,9.56,2.27,41.13,52.59,0.00,1235.65,6.03
865326,atl,62.500,-26.750,989.71,989.37,12.06,2.43,52.03,54.67,0.00,44263.27,6.60
865326,atl,57.250,-34.750,989.56,989.27,8.25,1.69,42.16,45.19,0.00,0.00,4.18
865326,atl,56.000,-78.000,992.32,991.75,14.61,3.54,43.66,43.66,0.00,0.00,5.56
865326,atl,51.500,-40.000,988.49,988.06,12.18,2.75,47.60,47.60,0.00,0.00,5.28
865326,pac,63.000,169.250,986.42,986.08,7.03,1.53,28.16,30.44,0.00,0.00,3.88
865326,pac,55.000,194.500,969.65,969.56,16.83,2.94,61.60,61.60,0.00,124622.00,7.68
865332,atl,67.500,-9.750,1001.55,1001.32,8.54,2.03,32.87,41.72,0.00,0.00,6.19
865332,atl,64.250,-26.250,991.88,991.61,12.96,3.22,54.01,54.01,0.00,27519.66,6.69
865332,atl,60.000,-30.250,991.52,991.35,8.82,1.68,35.84,45.99,0.00,0.00,4.53
865332,atl,55.500,-74.750,995.49,995.25,11.07,2.33,36.21,39.26,0.00,0.00,4.43
865332,atl,51.500,-38.000,992.76,992.48,11.88,2.77,45.37,45.37,0.00,0.00,4.35
865332,pac,61.500,174.250,986.39,986.10,8.03,2.12,26.38,26.38,0.00,0.00,4.31
865332,pac,56.000,196.500,973.42,973.34,15.08,2.63,53.42,56.43,0.00,34783.54,7.70
865338,atl,69.000,-7.750,1004.42,1004.18,6.18,1.44,29.08,35.80,0.00,0.00,3.84
865338,atl,65.000,-27.500,989.98,989.50,15.60,4.07,57.92,57.92,0.00,49834.77,14.65
865338,atl,56.750,-69.500,998.11,998.01,7.38,1.03,27.97,38.95,0.00,0.00,6.01
865338,atl,52.250,-36.000,995.59,995.32,11.01,2.66,41.67,42.66,0.00,0.00,4.03
865338,pac,61.500,177.500,985.71,985.31,8.95,2.60,30.13,30.13,0.00,0.00,5.41
865338,pac,57.000,198.500,976.50,976.42,13.74,2.50,50.70,53.07,0.00,20196.74,6.68
865338,pac,47.000,168.500,997.71,997.05,8.56,2.59,38.92,38.92,0.00,0.00,4.08
865344,atl,65.000,-28.500,991.37,990.78,15.33,4.01,55.62,55.62,0.00,22300.46,15.67
865344,atl,55.000,-63.250,999.06,998.99,6.48,1.16,23.46,29.42,0.00,0.00,5.36
865344,atl,53.250,-34.250,1000.13,999.86,9.86,2.57,34.75,34.75,0.00,0.00,3.23
865344,pac,61.500,180.000,987.94,987.69,7.37,2.39,33.09,33.09,0.00,0.00,5.12
865344,pac,58.250,200.000,982.62,982.47,10.08,1.90,44.32,50.33,0.00,440.48,10.12
865344,pac,47.750,172.500,991.93,990.90,12.00,3.74,41.20,41.20,0.00,0.00,5.65
865350,atl,68.750,-12.750,994.30,993.77,14.39,3.43,39.31,49.30,0.00,0.00,13.32
865350,atl,66.750,-20.000,997.47,997.15,9.21,1.56,49.30,49.52,0.00,0.00,16.04
865350,atl,65.000,-28.750,994.26,993.57,14.34,4.09,49.52,49.52,0.00,0.00,16.03
865350,atl,54.250,-57.500,997.46,997.38,9.12,1.83,32.05,32.58,0.00,0.00,4.14
865350,atl,54.000,-33.250,1002.86,1002.63,9.41,2.51,29.70,29.70,0.00,0.00,3.30
865350,pac,62.250,200.000,987.43,987.27,6.43,1.38,26.36,39.37,0.00,0.00,12.77
865350,pac,61.250,183.000,991.75,991.44,5.38,1.80,30.73,30.73,0.00,0.00,3.51
865350,pac,59.000,202.250,987.70,987.61,8.13,1.70,43.37,46.44,0.00,0.00,8.18
865350,pac,48.500,176.000,987.99,986.97,14.52,4.39,44.98,44.98,0.00,0.00,6.67
865356,atl,66.500,-19.500,1002.54,1002.36,6.77,1.26,42.08,42.94,0.00,0.00,13.52
865356,atl,64.750,-26.750,1000.25,999.89,10.97,3.41,41.51,41.51,0.00,0.00,11.33
865356,atl,53.500,-55.000,995.42,995.21,11.86,2.43,37.43,37.43,0.00,0.00,4.81
865356,pac,66.000,200.500,991.11,991.04,5.29,1.03,19.21,24.49,0.00,0.00,5.93
865356,pac,49.500,178.250,987.08,986.60,15.34,4.36,42.84,49.87,0.00,0.00,6.65
865362,atl,53.750,-53.500,994.07,993.84,13.28,3.07,41.10,42.27,0.00,0.00,5.70
865362,pac,50.000,180.000,987.04,986.58,15.39,3.96,40.29,43.94,0.00,0.00,5.66
865368,atl,53.750,-51.750,996.17,995.97,13.56,2.92,42.38,47.97,0.00,0.00,6.63
865368,atl,50.000,-80.000,998.50,997.94,9.33,2.32,33.69,33.69,0.00,0.00,4.15
865368,pac,50.250,181.000,988.55,988.10,14.66,3.44,41.47,43.59,0.00,0.00,5.29
865374,atl,54.000,-49.750,996.66,996.04,14.35,3.29,47.86,47.86,0.00,0.00,7.20
865374,atl,51.250,-76.500,998.26,998.04,9.90,2.19,40.13,40.13,0.00,0.00,5.78
865374,pac,50.500,182.000,990.08,989.70,13.74,3.09,40.14,40.14,0.00,0.00,4.45
865380,atl,53.750,-47.750,997.05,996.62,14.66,3.32,44.08,44.08,0.00,0.00,6.66
865380,atl,52.750,-74.500,997.55,997.37,10.16,2.10,29.68,33.87,0.00,0.00,5.00
865380,pac,50.500,183.000,992.22,991.89,12.41,2.74,37.58,37.77,0.00,0.00,3.99
865386,atl,54.000,-73.250,996.61,996.24,10.67,2.07,30.87,34.15,0.00,0.00,4.24
865386,atl,52.250,-43.000,999.34,999.21,10.03,1.37,36.13,43.51,0.00,0.00,4.96
865386,pac,50.500,184.250,994.39,994.09,10.88,2.47,34.82,37.54,0.00,0.00,3.65
865392,atl,55.500,-74.000,995.83,995.59,12.91,2.40,32.29,34.98,0.00,0.00,4.45
865392,atl,52.500,-40.250,1001.28,1001.15,8.31,1.24,31.99,45.13,0.00,0.00,4.72
865392,pac,50.500,185.250,997.52,997.25,9.25,2.13,32.92,37.74,0.00,0.00,3.28
865398,atl,56.250,-75.500,994.19,993.96,15.32,3.28,37.65,37.65,0.00,0.00,5.04
865398,atl,55.750,-36.000,1003.00,1002.62,8.31,1.69,38.30,38.30,0.00,0.00,4.33
865398,atl,54.500,-42.750,1003.26,1003.05,8.16,1.66,34.62,38.80,0.00,0.00,4.15
865398,atl,53.000,-37.500,1002.77,1002.66,6.58,0.81,30.01,42.94,0.00,0.00,4.33
865398,atl,35.500,-58.250,1003.94,1003.70,7.34,1.57,37.68,44.01,0.00,0.00,5.52
865398,pac,54.250,185.500,1002.00,1001.85,4.21,0.88,20.70,28.04,0.00,0.00,2.43
865398,pac,51.000,186.500,1001.47,1001.34,6.62,1.45,28.90,32.40,0.00,0.00,2.58
865404,atl,56.250,-75.500,993.45,993.27,16.13,3.41,38.09,39.58,0.00,0.00,5.18
865404,atl,56.250,-37.500,1003.76,1003.37,8.13,1.66,32.56,41.95,0.00,0.00,4.60
865404,atl,52.500,-31.750,1002.42,1001.96,8.16,1.93,36.77,36.77,0.00,0.00,3.40
865404,atl,35.250,-58.000,1003.53,1003.34,6.89,1.32,43.11,43.75,0.00,0.00,4.36
865404,pac,62.000,171.500,984.69,984.30,6.26,1.50,39.66,39.80,0.00,0.00,6.28
865404,pac,57.250,172.750,985.12,984.83,8.29,2.13,41.28,41.59,0.00,0.00,4.42
865404,pac,56.250,194.000,1004.11,1003.94,5.60,1.38,28.21,33.43,0.00,0.00,5.82
865410,atl,56.500,-73.750,993.77,993.67,15.69,3.19,41.58,41.58,0.00,0.00,5.21
865410,atl,53.750,-29.750,1000.47,999.80,9.47,2.42,38.21,38.21,0.00,0.00,4.75
865410,atl,36.750,-58.000,1001.92,1001.60,7.29,1.69,33.33,37.15,0.00,0.00,3.01
865410,pac,59.000,176.000,977.10,976.68,12.07,2.75,47.03,47.03,0.00,0.00,6.59
865416,atl,56.750,-29.750,1000.42,1000.24,10.20,1.78,34.93,43.41,0.00,0.00,4.92
865416,atl,56.500,-72.500,994.98,994.77,14.39,2.91,35.10,39.94,0.00,0.00,4.79
865416,atl,44.000,-66.500,1004.12,1003.83,4.22,1.15,25.02,33.78,0.00,0.00,4.21
865416,atl,37.000,-58.500,1002.09,1001.85,5.99,1.28,29.23,41.80,0.00,0.00,2.53
865416,pac,61.250,176.500,969.77,969.16,15.39,3.68,52.37,55.06,0.00,13455.59,7.41
865422,atl,57.250,-29.500,999.83,999.63,10.89,1.95,38.89,42.51,0.00,0.00,5.18
865422,atl,56.250,-72.000,995.10,994.69,12.96,2.80,32.86,36.60,0.00,0.00,4.43
865422,atl,50.500,-58.750,1000.57,1000.18,7.49,1.99,39.58,48.26,0.00,0.00,6.00
865422,atl,44.250,-64.250,1001.17,1000.77,4.45,1.21,36.08,48.26,0.00,0.00,3.95
865422,atl,37.500,-58.000,1001.12,1001.00,4.91,1.05,30.82,36.65,0.00,0.00,2.75
865422,pac,61.750,177.250,964.84,963.92,17.72,4.38,52.86,55.42,0.00,98390.80,8.35
865428,atl,57.500,-29.000,1002.16,1001.97,10.55,1.98,31.39,44.23,0.00,0.00,5.01
865428,atl,56.500,-71.250,995.18,994.92,11.62,2.58,32.11,32.66,0.00,0.00,4.46
865428,atl,50.000,-58.500,998.08,997.84,6.72,1.51,31.55,35.04,0.00,0.00,4.45
865428,atl,46.000,-60.250,997.86,997.52,5.90,1.28,33.30,33.30,0.00,0.00,4.24
865428,atl,33.500,-65.000,1003.93,1003.56,4.02,1.30,34.60,34.60,0.00,0.00,2.61
865428,pac,62.000,179.000,961.77,960.87,19.52,4.44,58.61,58.61,0.00,184500.19,8.58
865434,atl,57.000,-57.750,994.53,994.12,11.56,2.99,57.92,57.92,0.00,52158.46,6.56
865434,atl,56.750,-69.250,995.21,995.01,8.34,1.87,30.46,32.42,0.00,0.00,3.48
865434,atl,51.000,-57.250,993.59,993.20,8.04,1.93,36.60,37.51,0.00,0.00,4.46
865434,atl,33.500,-63.000,1003.87,1003.56,4.64,1.46,35.13,35.13,0.00,0.00,2.58
865434,pac,62.750,182.500,961.27,960.88,20.57,4.29,60.56,60.56,0.00,195966.97,8.28
865434,pac,45.250,166.750,1003.64,1002.94,8.86,2.43,47.63,47.63,0.00,0.00,5.94
865440,atl,59.750,-60.000,992.40,992.05,12.81,2.85,57.65,60.04,0.00,120977.89,6.51
865440,atl,57.000,-67.500,994.20,993.99,6.19,1.40,27.23,30.30,0.00,0.00,3.06
865440,atl,51.250,-55.750,990.96,990.55,9.22,1.95,38.10,40.75,0.00,0.00,4.62
865440,pac,63.750,181.250,963.60,962.97,19.28,3.92,55.30,55.30,0.00,123448.31,8.01
865440,pac,47.000,174.000,1000.85,1000.34,8.59,2.50,39.17,39.26,0.00,0.00,3.66
865446,atl,61.500,-63.500,987.45,987.04,15.05,3.28,54.72,62.35,0.00,67255.78,8.08
865446,atl,54.750,-53.750,990.03,989.94,9.92,1.82,54.99,64.22,398.01,104849.46,7.21
865446,atl,48.250,-12.500,1004.86,1004.41,4.71,1.09,24.11,28.74,0.00,0.00,2.13
865446,pac,66.000,216.000,999.99,999.79,4.15,1.27,25.08,36.68,0.00,0.00,7.54
865446,pac,64.250,181.750,966.60,966.23,18.72,4.23,50.65,50.65,0.00,10922.38,7.16
865446,pac,48.750,179.500,996.64,995.99,9.93,2.92,38.57,38.57,0.00,0.00,4.99
865452,atl,62.500,-65.500,987.69,987.20,13.31,2.66,54.13,55.97,0.00,53088.93,14.93
865452,atl,53.250,-79.750,1000.85,1000.39,5.32,1.45,27.29,27.29,0.00,0.00,3.56
865452,atl,52.250,-51.750,987.45,987.06,13.77,3.00,40.62,52.24,0.00,3908.66,6.44
865452,atl,49.250,-12.500,1003.00,1002.56,5.92,1.22,27.07,31.80,0.00,0.00,3.39
865452,pac,64.500,180.500,972.44,972.12,16.53,3.72,46.21,46.21,0.00,0.00,6.53
865452,pac,51.250,185.000,991.95,991.22,11.41,3.29,44.81,44.81,0.00,0.00,5.89
865458,atl,63.500,-71.250,986.02,985.66,13.11,2.63,40.81,44.88,0.00,0.00,19.69
865458,atl,53.750,-49.750,983.74,983.30,18.42,4.81,63.69,63.69,0.00,99408.21,11.95
865458,atl,49.750,-13.000,1000.22,999.89,6.41,1.29,25.87,35.38,0.00,0.00,2.91
865458,pac,64.000,177.250,977.98,977.62,13.08,2.49,34.82,39.53,0.00,0.00,6.13
865458,pac,62.500,180.750,978.06,977.94,11.47,2.04,39.53,39.53,0.00,0.00,5.22
865458,pac,54.500,190.000,985.45,984.59,13.93,3.97,47.94,47.94,0.00,0.00,6.98
865464,atl,64.750,-73.250,986.41,986.31,12.86,2.62,33.03,39.18,0.00,0.00,11.62
865464,atl,56.750,-50.250,985.39,984.88,20.17,4.97,73.94,76.64,64203.04,240184.75,12.67
865464,atl,47.250,-15.250,999.83,999.73,4.74,0.80,25.22,31.79,0.00,0.00,2.35
865464,pac,62.250,181.250,980.74,980.62,9.85,1.82,30.82,36.86,0.00,0.00,5.34
865464,pac,58.000,193.500,977.36,976.30,19.22,5.94,54.81,54.81,0.00,28090.96,10.65
865464,pac,57.750,237.750,1000.54,1000.24,5.78,1.57,24.38,25.96,0.00,0.00,7.08
865470,atl,66.250,-77.250,986.14,985.88,13.04,2.86,30.70,38.99,0.00,0.00,10.02
865470,atl,58.000,-50.000,987.86,987.21,21.58,5.87,75.58,76.73,59772.96,188937.10,27.33
865470,atl,45.000,-13.500,997.21,997.16,5.23,0.84,30.53,36.41,0.00,0.00,2.60
865470,pac,61.000,182.500,982.65,982.56,8.01,1.35,31.31,38.57,0.00,0.00,4.64
865470,pac,61.000,196.500,971.89,970.53,24.03,7.67,64.21,64.21,389.30,53507.63,15.20
865476,atl,68.000,-65.750,998.15,997.71,4.41,1.19,42.44,42.44,0.00,0.00,7.33
865476,atl,66.750,-79.750,985.73,985.36,12.95,2.97,29.47,33.41,0.00,0.00,5.92
865476,atl,60.250,-53.000,995.88,995.35,15.32,3.99,67.51,75.91,36980.01,122155.27,22.49
865476,atl,43.250,-10.750,996.06,995.93,7.19,1.32,39.50,42.65,0.00,0.00,5.35
865476,pac,64.250,199.250,978.20,977.54,18.83,5.38,59.51,59.51,0.00,22298.93,20.71
865476,pac,60.750,184.500,986.86,986.74,6.88,1.20,27.35,38.00,0.00,0.00,4.65
865482,atl,62.500,-55.250,1000.89,1000.50,12.05,3.72,63.23,65.93,1055.49,57828.05,9.10
865482,atl,44.750,-9.250,993.02,992.67,8.28,1.64,31.94,43.07,0.00,0.00,6.79
865482,pac,60.750,186.500,989.91,989.81,7.38,1.30,26.02,37.84,0.00,0.00,4.20
865488,atl,45.750,-7.000,990.19,989.81,11.39,2.67,37.58,38.99,0.00,0.00,7.97
865488,atl,38.500,-39.000,1004.71,1003.55,9.88,3.43,44.67,44.67,0.00,0.00,5.75
865488,pac,62.000,219.500,1002.10,1001.42,5.37,2.51,40.24,40.24,0.00,0.00,18.17
865488,pac,60.250,190.250,992.76,992.55,9.11,2.01,36.92,40.77,0.00,0.00,4.22
865494,atl,46.250,-7.750,985.62,984.64,14.85,4.11,41.72,41.72,0.00,0.00,8.24
865494,atl,39.250,-36.750,1001.14,1000.02,10.91,3.73,46.51,46.51,0.00,0.00,5.90
865494,pac,64.500,233.750,998.66,998.28,5.88,1.75,28.42,28.42,0.00,0.00,5.96
865494,pac,62.250,220.500,999.80,999.45,6.73,2.87,55.01,55.01,0.00,368.73,13.45
865494,pac,61.250,193.000,994.77,994.57,8.91,2.12,35.54,37.53,0.00,0.00,4.10
865500,atl,46.000,-6.500,984.35,983.20,16.79,5.06,52.12,52.12,0.00,6537.98,8.91
865500,atl,40.000,-33.500,998.15,996.29,13.60,4.86,48.40,48.40,0.00,0.00,7.23
865500,atl,31.250,-50.750,1002.09,1001.48,8.48,2.44,37.94,40.57,0.00,0.00,3.99
865500,pac,61.750,194.750,997.61,997.45,8.09,1.97,36.04,36.04,0.00,0.00,4.25
865500,pac,61.750,236.250,997.34,996.87,7.91,1.88,37.49,37.91,0.00,0.00,11.86
865506,atl,46.500,-5.000,984.98,983.47,16.51,5.25,56.44,56.44,0.00,29585.37,8.79
865506,atl,40.500,-30.250,996.39,995.07,14.07,5.10,50.05,50.05,0.00,594.14,8.31
865506,atl,31.750,-50.000,1000.60,999.94,8.78,2.49,40.46,40.46,0.00,0.00,3.76
865512,atl,46.750,-2.250,987.62,986.60,15.38,5.09,50.93,50.93,0.00,5459.42,7.45
865512,atl,40.750,-27.250,997.66,996.73,13.23,4.68,54.95,54.95,0.00,15464.65,7.68
865512,atl,38.750,-42.750,1004.00,1003.59,7.16,1.83,37.42,38.49,0.00,0.00,3.52
865512,atl,32.750,-48.500,1002.45,1001.64,7.76,2.14,46.34,46.34,0.00,0.00,3.50
865512,pac,60.000,238.000,1001.88,1001.40,4.02,1.11,35.09,35.09,0.00,0.00,8.81
865518,atl,52.250,0.250,996.07,995.90,5.05,1.11,21.43,25.18,0.00,0.00,4.95
865518,atl,47.750,-78.500,998.80,998.36,7.75,1.91,39.65,39.65,0.00,0.00,4.78
865518,atl,47.750,0.250,990.72,989.53,12.02,4.01,41.93,41.93,0.00,0.00,6.13
865518,atl,41.000,-23.250,997.91,996.98,12.71,4.23,53.27,53.27,0.00,11307.90,5.56
865518,atl,40.750,-38.000,1002.67,1002.27,6.87,1.99,41.91,41.91,0.00,0.00,5.45
865518,atl,34.000,-46.750,1000.37,999.65,8.62,2.49,46.83,46.83,0.00,0.00,4.01
865524,atl,58.250,-7.000,1003.09,1002.89,4.64,1.17,32.41,33.40,0.00,0.00,3.94
865524,atl,49.000,-75.000,995.10,994.69,9.61,2.51,26.23,32.10,0.00,0.00,4.29
865524,atl,48.750,2.000,995.14,994.46,8.82,2.79,38.15,38.15,0.00,0.00,5.42
865524,atl,41.250,-19.250,998.79,997.37,13.78,4.41,46.29,46.29,0.00,0.00,7.37
865524,atl,36.250,-43.750,1003.79,1003.34,7.61,1.92,47.34,47.34,0.00,0.00,3.52
865524,pac,48.750,178.250,1004.13,1003.76,11.74,3.00,40.68,42.03,0.00,0.00,5.98
865530,atl,59.000,-8.500,1003.01,1002.87,6.02,1.46,37.03,37.03,0.00,0.00,3.48
865530,atl,55.000,-23.750,1004.39,1003.94,4.07,1.21,19.76,19.76,0.00,0.00,2.26
865530,atl,49.500,-71.750,991.85,991.38,10.26,2.65,34.19,38.10,0.00,0.00,4.95
865530,atl,49.500,3.750,998.13,997.86,6.16,1.80,29.36,29.36,0.00,0.00,5.18
865530,atl,41.000,-15.500,998.02,996.61,15.28,5.14,50.43,50.43,0.00,1780.25,7.56
865530,atl,38.250,-40.500,1002.91,1002.13,9.08,2.76,51.43,51.43,0.00,1240.38,4.50
865530,pac,49.250,180.750,1001.73,1001.32,13.32,3.63,40.84,40.84,0.00,0.00,6.20
865536,atl,59.250,-8.500,1003.27,1003.18,6.21,1.47,40.24,40.24,0.00,0.00,3.80
865536,atl,59.000,-22.500,1004.20,1003.89,5.60,1.35,36.32,36.32,0.00,0.00,4.19
865536,atl,55.250,-22.000,1001.51,1000.73,6.31,1.81,30.29,30.29,0.00,0.00,4.19
865536,atl,51.000,-69.000,991.37,991.15,9.56,2.03,35.98,41.70,0.00,0.00,5.20
865536,atl,50.500,5.250,999.93,999.73,4.84,1.36,30.64,30.64,0.00,0.00,4.09
865536,atl,41.500,-33.750,1004.67,1003.80,7.35,2.04,51.50,53.04,0.00,10818.37,4.71
865536,atl,40.750,-11.750,1000.71,999.93,13.20,4.39,50.78,50.78,0.00,1788.86,6.52
865536,pac,49.500,182.500,999.83,999.31,14.81,4.16,42.42,42.42,0.00,0.00,7.20
865542,atl,59.750,-9.000,1002.42,1002.32,7.27,1.78,43.65,43.65,0.00,0.00,4.66
865542,atl,55.500,-20.500,1000.35,999.98,6.71,1.90,29.68,29.68,0.00,0.00,3.97
865542,atl,53.250,-69.000,990.01,989.85,9.66,1.80,39.38,43.36,0.00,0.00,5.05
865542,atl,51.250,6.500,1000.91,1000.72,4.01,1.05,23.70,23.70,0.00,0.00,2.76
865542,atl,42.750,-29.250,1002.05,1000.46,9.38,3.01,48.51,53.83,0.00,11273.39,5.79
865542,atl,40.000,-9.000,1004.30,1003.26,9.65,3.18,42.59,42.59,0.00,0.00,4.95
865542,pac,49.250,184.500,998.84,998.48,15.00,4.14,46.18,46.18,0.00,0.00,7.30
865548,atl,60.000,-10.500,1002.85,1002.70,7.41,1.97,45.26,45.26,0.00,0.00,5.09
865548,atl,58.250,-24.000,1003.22,1003.00,6.42,1.46,32.64,40.26,0.00,0.00,3.50
865548,atl,55.500,-19.000,1000.53,1000.31,6.05,1.60,30.58,30.58,0.00,0.00,2.73
865548,atl,54.750,-68.500,988.54,988.43,10.78,1.97,34.14,39.05,0.00,0.00,7.14
865548,atl,43.000,-25.000,1003.54,1002.36,9.13,2.98,51.53,51.53,0.00,565.17,6.14
865548,atl,32.000,-40.000,1004.08,1002.13,12.14,4.63,58.55,58.55,0.00,11156.60,9.63
865548,pac,49.250,187.250,999.28,999.10,14.17,3.61,44.27,44.27,0.00,0.00,6.30
865548,pac,48.500,200.000,1003.53,1003.11,9.58,2.59,35.20,35.20,0.00,0.00,4.01
865554,atl,60.000,-12.500,1001.73,1001.52,7.48,1.85,46.14,46.14,0.00,0.00,4.92
865554,atl,58.000,-23.500,1002.44,1002.25,6.76,1.47,37.85,38.89,0.00,0.00,3.92
865554,atl,55.750,-68.500,988.00,987.93,10.63,1.97,34.34,35.22,0.00,0.00,9.42
865554,atl,55.750,-17.000,999.86,999.76,5.43,1.35,29.12,32.26,0.00,0.00,2.63
865554,atl,43.000,-20.500,1003.20,1002.52,8.44,2.53,41.97,41.97,0.00,0.00,6.08
865554,atl,33.750,-39.250,1001.83,999.25,14.38,5.58,55.84,55.84,0.00,12247.13,11.53
865554,pac,51.250,205.000,1000.39,999.89,12.89,3.15,37.70,37.70,0.00,0.00,5.20
865554,pac,49.750,190.250,999.37,999.02,13.55,3.44,43.95,43.95,0.00,0.00,6.91
865560,atl,57.500,-69.500,988.37,988.13,11.92,2.07,32.82,42.28,0.00,0.00,7.73
865560,atl,57.250,-23.000,1002.46,1002.37,6.57,1.28,36.81,39.79,0.00,0.00,4.47
865560,atl,55.750,-15.500,1000.02,999.95,4.59,0.92,24.02,33.68,0.00,0.00,3.01
865560,atl,50.750,-17.500,1001.60,1001.33,4.41,1.10,27.44,29.75,0.00,0.00,3.10
865560,atl,48.500,-14.250,1001.29,1000.97,5.06,1.25,29.75,30.02,0.00,0.00,3.10
865560,atl,44.500,-13.250,1002.20,1001.94,7.11,1.51,30.87,40.58,0.00,0.00,3.97
865560,atl,34.750,-38.500,1002.99,1000.58,14.82,5.66,56.23,56.23,0.00,8902.49,10.07
865560,pac,53.000,207.250,996.31,995.82,14.97,3.81,43.29,43.29,0.00,0.00,6.09
865560,pac,49.750,192.750,999.79,999.68,13.10,3.38,45.70,45.70,0.00,0.00,7.10
865566,atl,58.500,-70.500,987.83,987.46,11.63,2.11,40.45,43.91,0.00,0.00,8.66
865566,atl,55.750,-14.500,998.75,998.68,4.32,0.76,24.64,37.39,0.00,0.00,3.82
865566,atl,55.000,-61.500,988.78,988.63,10.70,1.94,44.46,49.93,0.00,0.00,6.02
865566,atl,49.250,-12.500,996.04,995.08,8.01,2.14,33.45,39.63,0.00,0.00,4.51
865566,atl,45.500,-10.250,998.06,997.65,7.98,1.86,35.53,39.04,0.00,0.00,7.23
865566,atl,35.750,-37.250,1003.86,1001.74,13.52,4.87,56.47,56.47,0.00,6943.74,9.97
865566,atl,35.000,-52.500,1004.34,1003.45,6.52,1.91,39.75,39.75,0.00,0.00,5.83
865566,pac,54.000,209.250,995.20,994.90,14.64,3.48,44.13,44.13,0.00,0.00,5.67
865566,pac,49.500,197.500,1001.61,1001.37,10.46,2.33,43.07,45.79,0.00,0.00,4.96
865572,atl,59.250,-72.750,987.09,986.70,11.96,1.96,41.69,43.10,0.00,0.00,8.18
865572,atl,56.750,-60.000,987.84,987.64,13.22,2.69,50.89,51.01,0.00,10291.60,6.70
865572,atl,47.500,-8.750,993.09,992.43,11.19,2.96,40.28,45.56,0.00,0.00,6.54
865572,atl,35.250,-51.750,1003.93,1003.03,6.98,2.13,41.82,41.82,0.00,0.00,5.15
865572,pac,54.750,209.750,993.29,992.97,14.02,3.33,44.36,47.76,0.00,0.00,5.74
865572,pac,48.500,164.000,1003.03,1002.42,12.24,3.04,37.44,38.32,0.00,0.00,4.88
865578,atl,59.750,-77.250,986.04,985.91,13.30,2.42,42.24,43.58,0.00,0.00,4.81
865578,atl,58.250,-60.750,986.05,985.75,13.56,2.89,52.51,52.51,0.00,22626.68,6.02
865578,atl,48.750,-7.000,988.07,986.87,14.81,4.10,46.32,50.01,0.00,499.30,7.31
865578,atl,39.000,-49.500,1002.85,1002.60,5.52,1.42,32.15,41.71,0.00,0.00,3.70
865578,atl,36.750,-34.500,1004.88,1002.26,13.91,5.13,55.05,55.05,0.00,4918.94,10.84
865578,pac,55.500,210.250,990.42,990.12,16.06,3.78,47.30,51.13,0.00,3212.89,6.78
865578,pac,48.500,164.250,1000.08,999.45,15.19,4.01,41.07,41.07,0.00,0.00,5.71
865584,atl,60.000,-78.250,986.43,986.24,12.73,2.43,43.34,43.88,0.00,0.00,4.72
865584,atl,59.750,-68.750,987.76,987.46,9.22,1.69,43.51,46.70,0.00,0.00,9.16
865584,atl,59.500,-62.000,986.14,985.69,13.06,2.96,50.71,50.71,0.00,3740.55,9.16
865584,atl,49.500,-5.750,982.86,981.48,19.78,5.84,51.70,52.30,0.00,14637.92,11.06
865584,atl,40.000,-48.250,1002.98,1002.70,5.58,1.28,32.92,38.68,0.00,0.00,3.32
865584,pac,55.500,210.500,987.19,986.74,17.77,4.46,60.74,60.74,0.00,36181.79,8.60
865584,pac,47.250,164.000,1000.84,1000.31,13.20,3.29,42.48,42.48,0.00,0.00,5.68
865584,pac,46.250,171.750,1000.37,999.57,10.66,2.82,50.61,50.61,0.00,524.56,5.40
865590,atl,60.000,-78.750,985.18,984.96,11.92,2.26,41.08,45.35,0.00,0.00,4.55
865590,atl,60.000,-68.750,985.07,984.76,10.48,2.16,46.87,47.25,0.00,0.00,10.61
865590,atl,50.000,-5.000,982.58,981.35,19.43,5.23,49.20,49.20,0.00,0.00,7.84
865590,atl,47.500,-43.750,1000.59,1000.07,8.31,2.33,40.86,40.86,0.00,0.00,4.59
865590,pac,55.500,212.250,986.41,986.12,17.31,4.17,53.93,53.93,0.00,18180.67,8.00
865590,pac,47.750,169.750,996.17,994.75,15.05,4.18,54.01,54.01,0.00,4598.35,8.61
865590,pac,45.750,165.000,999.87,999.47,11.57,2.64,44.68,54.01,0.00,4598.35,8.61
865596,atl,61.000,-60.500,989.59,989.31,9.31,1.94,47.20,55.69,0.00,7365.74,10.09
865596,atl,60.250,-70.250,985.15,984.84,10.86,2.40,47.79,48.62,0.00,0.00,10.09
865596,atl,59.750,-79.250,985.11,984.83,11.93,2.23,40.05,42.91,0.00,0.00,4.47
865596,atl,50.000,-41.500,1001.64,1001.11,8.67,2.50,48.19,48.19,0.00,0.00,5.88
865596,atl,50.000,-5.000,984.32,983.47,18.56,4.77,43.39,45.08,0.00,0.00,5.88
865596,atl,43.500,-43.750,1002.73,1002.58,6.89,1.53,28.62,35.75,0.00,0.00,3.14
865596,pac,55.750,215.000,986.89,986.51,15.95,3.51,48.47,48.47,0.00,0.00,6.27
865596,pac,47.500,168.000,994.55,993.26,17.00,4.78,55.14,55.14,0.00,16838.91,7.99
865596,pac,46.500,178.000,1002.90,1002.63,7.61,1.80,48.47,48.59,0.00,0.00,4.68
865602,atl,61.750,-61.750,990.94,990.47,9.60,2.31,43.56,48.67,0.00,0.00,8.62
865602,atl,58.750,-42.000,1003.73,1003.24,8.41,2.75,50.51,50.51,0.00,1173.72,18.01
865602,atl,51.750,-39.500,999.37,998.69,11.11,3.41,50.82,50.82,0.00,2365.51,5.99
865602,atl,49.750,-4.250,987.11,986.47,16.41,3.98,44.83,44.83,0.00,0.00,5.32
865602,atl,44.750,-41.000,1002.07,1001.97,7.97,1.67,33.39,34.61,0.00,0.00,3.38
865602,pac,56.750,216.500,987.91,987.60,15.94,3.37,42.89,43.37,0.00,0.00,9.08
865602,pac,46.750,167.750,993.64,992.86,16.67,4.42,51.05,51.05,0.00,7698.02,6.48
865602,pac,45.250,182.500,1001.27,1000.77,10.20,2.17,42.09,44.76,0.00,0.00,5.03
865608,atl,53.500,-37.500,999.61,999.06,11.71,3.70,47.10,47.10,0.00,0.00,5.90
865608,atl,49.500,-3.500,989.31,988.70,15.17,3.63,36.44,43.75,0.00,0.00,4.52
865608,atl,47.500,-37.500,1000.48,1000.33,10.26,2.47,42.22,42.22,0.00,0.00,4.62
865608,pac,57.000,216.250,989.23,988.86,15.31,3.38,44.43,44.43,0.00,0.00,10.32
865608,pac,47.000,183.750,998.28,997.68,13.96,3.37,50.51,50.51,0.00,1024.11,6.32
865608,pac,45.750,167.500,993.35,992.64,15.77,4.15,46.76,47.22,0.00,0.00,6.10
865614,atl,61.000,-69.000,995.33,995.10,7.10,1.78,40.61,50.17,0.00,332.69,6.95
865614,atl,54.750,-36.250,997.80,997.34,12.40,3.73,46.55,46.55,0.00,0.00,5.35
865614,atl,49.750,-35.250,998.62,998.34,11.22,3.07,48.60,48.60,0.00,0.00,4.99
865614,atl,49.250,-3.500,991.68,991.09,13.75,3.20,33.95,42.35,0.00,0.00,4.04
865614,atl,48.000,-78.000,1001.85,1001.64,4.61,1.39,34.95,45.07,0.00,0.00,4.90
865614,atl,45.750,-75.250,1001.58,1001.46,5.23,0.81,23.48,45.07,0.00,0.00,4.90
865614,atl,43.500,-79.000,1002.19,1001.68,6.08,1.60,45.07,45.23,0.00,0.00,4.56
865614,pac,56.500,217.500,991.19,990.88,14.57,3.23,43.01,44.59,0.00,0.00,13.41
865614,pac,48.250,185.250,1000.03,999.45,13.23,3.35,53.31,53.31,0.00,13385.63,6.69
865614,pac,45.000,168.250,994.04,993.47,14.45,3.77,46.10,46.10,0.00,0.00,5.17
865620,atl,56.500,-34.750,998.74,998.27,12.59,3.83,45.71,45.71,0.00,0.00,5.76
865620,atl,51.500,-32.500,1000.83,1000.58,10.33,2.73,47.10,47.10,0.00,0.00,5.22
865620,atl,48.000,-3.250,994.81,994.25,12.55,2.98,33.87,46.16,0.00,0.00,4.22
865620,atl,47.250,-71.250,996.77,996.36,7.88,1.15,25.66,36.39,0.00,0.00,4.95
865620,pac,64.250,160.750,1002.23,1002.07,12.60,3.10,39.93,39.93,0.00,0.00,11.72
865620,pac,57.000,233.000,1001.34,1000.88,4.73,1.32,21.72,30.81,0.00,0.00,8.61
865620,pac,55.750,219.000,993.41,993.02,13.59,3.13,41.03,41.04,0.00,0.00,13.34
865620,pac,55.000,237.750,1002.38,1002.12,5.79,0.86,23.17,34.06,0.00,0.00,8.61
865620,pac,49.000,187.000,1003.36,1002.76,11.01,2.86,43.39,43.39,0.00,0.00,4.71
865620,pac,44.750,168.500,997.00,996.54,12.84,3.26,40.91,42.56,0.00,0.00,4.30
865626,atl,58.500,-34.000,996.21,995.55,14.96,4.56,48.87,48.87,0.00,0.00,6.42
865626,atl,52.500,-30.250,1002.37,1002.04,9.05,2.59,41.50,42.31,0.00,0.00,4.64
865626,atl,48.750,-67.500,989.21,988.79,12.15,2.33,40.85,44.09,0.00,0.00,5.73
865626,atl,47.000,-2.000,997.52,997.14,10.74,2.64,38.56,46.46,0.00,0.00,4.60
865626,pac,55.250,220.250,996.00,995.68,12.23,2.90,37.97,40.69,0.00,0.00,8.78
865626,pac,54.750,240.000,1001.19,1000.80,6.56,1.19,28.81,29.30,0.00,0.00,9.10
865626,pac,44.000,168.500,998.49,998.12,11.31,2.85,38.67,41.27,0.00,0.00,4.27
865632,atl,60.000,-34.500,992.76,991.66,18.93,5.56,54.42,54.42,0.00,9966.81,9.36
865632,atl,54.250,-80.000,998.25,998.04,9.23,2.15,38.34,38.34,0.00,0.00,4.20
865632,atl,49.250,-65.000,982.18,981.61,17.23,3.51,45.53,45.53,0.00,0.00,7.71
865632,atl,46.250,-0.500,999.21,998.70,10.10,2.68,39.40,42.24,0.00,0.00,5.63
865632,pac,56.500,237.000,1001.63,1001.24,5.24,1.25,18.18,27.14,0.00,0.00,10.86
865632,pac,54.250,221.250,999.51,999.27,10.01,2.52,41.09,42.39,0.00,0.00,4.70
865632,pac,51.750,238.750,999.52,998.98,4.77,1.50,26.94,27.33,0.00,0.00,6.52
865632,pac,42.750,168.250,1001.36,1001.09,9.16,2.22,41.36,41.36,0.00,0.00,3.63
865632,pac,39.500,181.750,1002.74,1000.64,8.23,2.47,55.55,55.55,0.00,2402.21,10.08
865638,atl,60.000,-35.500,990.88,989.60,20.92,6.32,51.16,51.16,0.00,1132.77,10.30
865638,atl,52.750,-79.000,1000.03,999.81,7.28,1.88,33.74,33.74,0.00,0.00,3.86
865638,atl,51.500,-64.500,971.47,970.28,24.45,5.88,52.02,52.02,0.00,3999.55,7.65
865638,atl,46.000,1.250,1001.16,1000.75,8.01,2.19,30.20,38.68,0.00,0.00,6.16
865638,pac,53.250,223.500,1001.46,1001.25,8.24,2.05,37.96,38.89,0.00,0.00,3.37
865638,pac,52.000,238.750,998.28,997.81,6.20,1.36,30.11,30.11,0.00,0.00,6.83
865638,pac,43.000,184.500,1001.61,1000.07,10.19,3.16,48.96,48.96,0.00,0.00,6.84
865638,pac,41.000,168.750,1002.31,1002.06,7.43,1.85,43.70,43.70,0.00,0.00,3.31
865644,atl,59.000,-33.000,997.07,995.74,16.40,4.74,53.33,53.33,0.00,16786.70,7.13
865644,atl,58.750,-25.000,1003.99,1003.68,7.31,1.55,32.91,52.22,0.00,2457.02,7.06
865644,atl,52.750,-64.250,969.13,968.70,23.70,5.19,51.58,56.38,0.00,22589.33,8.87
865644,atl,45.750,3.250,1002.88,1002.32,6.44,1.80,34.64,35.98,0.00,0.00,5.56
865644,pac,52.250,225.500,1002.52,1002.33,6.61,1.72,35.40,35.76,0.00,0.00,3.88
865644,pac,51.750,238.750,997.76,997.31,7.37,1.74,26.76,27.17,0.00,0.00,10.34
865644,pac,46.000,187.250,1001.37,1000.70,11.57,3.13,42.65,42.65,0.00,0.00,6.00
865644,pac,41.500,176.250,1001.52,1001.19,7.25,1.55,35.39,39.09,0.00,0.00,3.73
865650,atl,59.000,-22.250,1001.69,1001.08,10.66,2.29,33.49,51.89,0.00,5078.74,5.39
865650,atl,57.750,-29.250,1002.25,1001.45,11.79,3.35,51.89,51.89,0.00,9728.14,5.89
865650,atl,53.750,-63.500,970.42,970.02,20.64,4.09,51.48,53.85,0.00,12655.46,9.32
865650,pac,51.500,227.500,1003.37,1003.13,5.97,1.67,33.83,33.83,0.00,0.00,3.96
865650,pac,48.250,189.750,1001.04,1000.59,12.57,3.22,38.62,38.62,0.00,0.00,4.89
865650,pac,42.250,176.250,1000.62,999.96,9.13,2.06,41.17,41.17,0.00,0.00,4.96
865656,atl,59.250,-20.750,1000.49,999.91,13.16,3.06,35.19,43.61,0.00,0.00,4.68
865656,atl,54.500,-62.000,973.45,973.22,17.12,2.91,39.78,47.40,0.00,0.00,8.45
865656,pac,51.000,229.250,1004.48,1004.28,5.03,1.53,30.03,30.03,0.00,0.00,5.83
865656,pac,49.250,192.250,1001.89,1001.52,11.45,3.00,36.24,36.24,0.00,0.00,4.34
865656,pac,41.250,175.250,1000.55,1000.39,10.61,2.08,48.84,48.84,0.00,0.00,4.91
865656,pac,34.500,160.750,1004.29,1003.28,7.03,2.14,49.75,49.75,0.00,0.00,5.17
865662,atl,58.250,-20.750,1003.17,1002.95,10.93,2.45,38.42,41.16,0.00,0.00,4.67
865662,atl,54.750,-61.000,974.26,974.08,14.83,2.60,37.37,44.22,0.00,0.00,5.86
865662,atl,39.000,-14.500,1004.77,1004.28,10.20,3.15,40.61,40.61,0.00,0.00,6.22
865662,pac,51.250,197.750,1001.26,1000.83,9.78,2.22,35.72,35.82,0.00,0.00,3.82
865662,pac,41.500,179.500,999.21,999.03,10.97,2.44,40.88,41.83,0.00,0.00,5.27
865662,pac,34.500,163.250,1003.26,1002.60,7.94,2.36,49.38,49.38,0.00,0.00,6.92
865668,atl,55.000,-58.750,976.24,976.03,12.67,2.20,35.34,43.48,0.00,0.00,5.00
865668,atl,39.000,-13.000,1004.28,1003.54,11.09,3.54,51.14,51.14,0.00,1190.43,8.38
865668,pac,52.250,200.750,997.83,997.31,10.23,2.40,32.99,33.26,0.00,0.00,4.07
865668,pac,41.750,180.250,999.93,999.41,11.39,2.65,42.22,44.56,0.00,0.00,5.99
865668,pac,34.000,164.000,1004.79,1004.31,7.76,2.01,45.83,45.83,0.00,0.00,4.44
865674,atl,56.250,-57.500,977.82,977.69,11.48,1.83,35.44,44.73,0.00,0.00,5.08
865674,atl,54.000,-13.250,1004.52,1004.18,8.34,1.75,35.77,37.77,0.00,0.00,3.32
865674,atl,39.000,-11.250,1003.01,1002.41,10.97,3.66,46.86,46.86,0.00,0.00,7.02
865674,pac,53.250,203.750,994.27,993.90,11.51,2.81,35.27,35.95,0.00,0.00,4.66
865674,pac,41.500,184.250,1003.12,1002.81,8.67,1.55,40.37,41.64,0.00,0.00,4.86
865674,pac,40.750,181.250,1003.37,1003.26,9.43,2.03,41.64,41.64,0.00,0.00,4.86
865680,atl,60.000,-41.750,996.13,995.56,9.42,3.03,64.82,65.34,1816.94,47598.51,16.23
865680,atl,56.750,-56.500,980.05,979.92,11.34,1.87,32.53,39.62,0.00,0.00,4.58
865680,atl,52.750,-12.500,1004.41,1004.24,8.56,1.92,33.96,36.78,0.00,0.00,3.51
865680,atl,39.000,-9.250,1004.23,1003.78,9.46,3.08,44.45,44.45,0.00,0.00,5.45
865680,pac,54.250,205.500,991.53,991.22,11.68,2.91,34.09,36.43,0.00,0.00,4.62
865686,atl,61.000,-41.000,994.20,993.72,9.75,3.28,54.28,58.75,0.00,38216.79,12.05
865686,atl,57.250,-55.500,980.06,979.93,11.30,2.01,30.69,36.36,0.00,0.00,5.18
865686,atl,50.500,-10.750,1002.74,1002.61,7.78,1.52,37.27,37.27,0.00,0.00,3.92
865686,atl,39.250,-6.750,1003.73,1003.40,6.84,2.13,35.57,35.57,0.00,0.00,7.46
865686,pac,55.250,206.500,988.84,988.38,12.34,3.06,39.02,39.02,0.00,0.00,5.19
865692,atl,61.750,-40.500,993.62,992.94,9.93,3.30,54.24,54.24,0.00,19383.75,14.12
865692,atl,57.750,-54.500,981.69,981.57,11.27,2.14,32.66,37.60,0.00,0.00,4.55
865692,atl,47.500,-8.500,1003.07,1002.99,5.67,1.02,32.94,42.31,0.00,0.00,3.20
865692,atl,38.500,-1.500,1004.50,1003.64,4.53,1.24,40.54,40.54,0.00,0.00,7.58
865692,pac,56.250,207.250,986.39,985.95,13.53,3.33,46.55,46.55,0.00,0.00,6.33
865698,atl,62.250,-39.750,994.94,994.53,6.54,2.01,60.57,60.57,0.00,18449.87,13.82
865698,atl,58.000,-54.500,983.12,982.98,11.30,2.18,36.90,40.11,0.00,0.00,5.03
865698,atl,46.250,-8.000,1002.59,1002.43,5.34,0.92,30.09,42.66,0.00,0.00,3.97
865698,atl,38.750,0.500,1002.23,1001.77,4.58,1.26,39.94,39.94,0.00,0.00,5.18
865698,pac,56.750,205.500,984.29,983.41,15.77,3.82,60.47,60.47,0.00,6093.75,9.52
865704,atl,65.250,-52.000,994.64,994.35,7.10,2.02,44.63,51.04,0.00,616.28,11.81
865704,atl,63.750,-39.000,996.57,996.24,6.16,1.81,58.31,58.31,0.00,13373.16,18.97
865704,atl,58.000,-54.750,985.60,985.46,11.66,2.28,36.35,37.30,0.00,0.00,5.44
865704,pac,56.250,204.500,983.90,982.85,16.02,3.71,52.62,54.00,0.00,30123.69,9.36
865704,pac,55.750,222.750,994.24,993.60,9.82,2.81,49.85,56.66,0.00,4977.28,13.70
865704,pac,52.250,160.000,1003.21,1003.07,8.99,1.75,41.45,42.25,0.00,0.00,5.33
865710,atl,68.750,-51.750,994.77,994.53,11.36,2.62,48.76,52.94,0.00,11552.31,9.66
865710,atl,66.000,-32.250,998.77,998.22,8.50,2.31,44.09,52.84,0.00,329.64,14.92
865710,atl,65.500,-52.250,995.43,995.29,6.73,1.85,50.34,52.94,0.00,11872.77,11.55
865710,atl,57.250,-54.500,987.39,987.25,11.22,2.25,35.74,42.93,0.00,0.00,6.28
865710,atl,42.750,7.250,1002.05,1001.92,4.14,0.93,29.73,33.97,0.00,0.00,5.79
865710,pac,54.750,205.250,984.74,984.16,15.67,3.66,56.62,56.76,0.00,107114.50,9.76
865710,pac,53.750,161.000,999.23,998.99,10.83,2.32,39.80,44.86,0.00,0.00,6.78
865716,atl,69.000,-52.750,997.41,997.15,9.32,2.36,46.26,49.39,0.00,0.00,8.74
865716,atl,67.000,-31.500,1001.11,1000.50,6.48,1.73,40.80,51.57,0.00,329.64,9.06
865716,atl,65.000,-52.250,998.61,998.46,5.74,1.81,46.79,49.39,0.00,0.00,8.74
865716,atl,56.750,-52.500,991.21,990.99,9.53,1.91,33.22,44.29,0.00,0.00,5.40
865716,pac,55.000,162.750,996.67,996.53,11.97,2.47,40.06,45.34,0.00,0.00,8.48
865716,pac,55.000,217.500,989.62,988.94,8.74,2.20,42.45,42.45,0.00,0.00,7.27
865716,pac,53.500,207.250,986.43,985.82,14.91,3.70,47.75,52.47,0.00,27436.30,7.04
865722,atl,68.750,-52.250,1001.41,1001.07,6.04,1.80,41.80,44.13,0.00,0.00,6.63
865722,atl,56.500,-51.250,994.43,994.18,8.13,1.64,38.27,45.94,0.00,0.00,5.45
865722,atl,40.500,1.000,1002.20,1001.80,4.85,1.15,35.30,37.62,0.00,0.00,5.53
865722,pac,56.750,165.500,995.77,995.59,12.18,2.48,38.37,41.61,0.00,0.00,9.90
865722,pac,56.750,217.750,984.84,983.62,14.62,3.85,50.31,50.31,0.00,432.13,13.41
865722,pac,52.750,210.000,988.90,988.53,12.69,3.16,47.04,47.04,0.00,0.00,5.09
865728,atl,58.750,-41.250,997.29,997.17,5.05,1.07,32.50,32.50,0.00,0.00,5.88
865728,atl,56.500,-50.250,998.55,998.39,6.68,1.31,42.84,43.52,0.00,0.00,4.96
865728,atl,42.250,5.000,1001.98,1001.86,6.35,1.58,35.28,39.26,0.00,0.00,6.20
865728,pac,58.000,168.000,997.96,997.74,9.50,2.03,36.25,42.49,0.00,0.00,6.59
865728,pac,58.000,216.000,985.31,984.29,14.91,3.82,48.53,48.53,0.00,0.00,15.77
865728,pac,52.500,213.500,991.32,991.07,10.14,2.34,42.78,43.98,0.00,0.00,4.16
865734,atl,59.500,-40.500,997.55,997.47,5.55,1.16,34.31,34.31,0.00,0.00,7.99
865734,atl,44.000,5.500,1001.89,1001.39,6.76,1.59,35.21,35.21,0.00,0.00,8.17
865734,atl,31.250,5.750,1003.94,1003.80,4.78,1.06,21.95,27.83,0.00,0.00,7.37
865734,pac,58.500,175.000,1001.29,1000.98,9.26,2.06,39.40,39.56,0.00,0.00,4.00
865734,pac,57.250,213.500,989.26,988.95,13.75,3.22,41.59,43.41,0.00,0.00,8.96
865740,atl,60.750,-32.000,998.13,998.00,7.99,1.65,34.71,36.61,0.00,0.00,3.42
865740,atl,52.250,-50.000,1004.68,1004.61,6.49,1.37,42.06,45.53,0.00,0.00,4.61
865740,atl,42.500,-48.750,1004.91,1004.52,5.53,1.46,50.17,50.17,0.00,572.02,4.98
865740,atl,33.250,8.000,1004.72,1004.56,5.29,1.47,38.66,41.20,0.00,0.00,6.71
865740,pac,55.500,213.750,991.23,990.81,12.82,2.69,40.96,43.43,0.00,0.00,5.83
865746,atl,62.750,-31.250,996.70,996.24,10.85,2.51,33.70,35.52,0.00,0.00,3.51
865746,atl,46.500,-44.000,1000.20,999.41,7.74,2.28,38.11,41.40,0.00,0.00,4.81
865746,pac,58.750,164.250,997.37,997.17,6.64,2.07,37.31,48.07,0.00,0.00,7.21
865746,pac,54.750,219.000,991.86,991.71,12.56,2.34,43.37,43.82,0.00,0.00,8.25
865752,atl,64.500,-31.750,995.96,995.65,13.69,3.39,38.93,38.93,0.00,0.00,9.70
865752,atl,48.500,-43.250,996.40,995.83,11.47,3.17,47.83,47.83,0.00,0.00,6.47
865752,pac,61.250,166.000,995.77,995.36,7.80,2.49,37.10,38.79,0.00,0.00,5.82
865752,pac,57.000,237.500,1003.99,1003.19,5.88,1.25,26.83,30.32,0.00,0.00,11.60
865752,pac,54.750,222.250,993.63,993.31,11.81,2.69,41.27,41.27,0.00,0.00,10.04
865752,pac,53.750,236.250,1003.78,1003.17,5.12,2.26,36.25,36.25,0.00,0.00,11.03
865758,atl,65.000,-29.500,996.82,996.56,13.79,3.54,43.71,43.71,0.00,0.00,10.55
865758,atl,49.750,-43.750,990.59,989.40,15.28,4.23,47.62,50.17,0.00,529.49,8.64
865758,pac,56.250,223.000,993.35,992.65,12.73,3.38,39.08,39.08,0.00,0.00,10.67
865764,atl,66.000,-27.250,998.99,998.72,13.82,3.82,47.63,47.63,0.00,0.00,10.86
865764,atl,49.750,-44.000,987.72,986.52,18.07,5.12,59.35,59.35,0.00,68819.77,11.34
865764,pac,56.500,222.500,994.36,993.60,12.41,3.22,39.15,39.15,0.00,0.00,13.90
865770,atl,66.750,-24.250,1003.22,1002.59,10.77,3.26,37.41,37.41,0.00,0.00,10.61
865770,atl,60.000,-80.000,988.00,987.79,11.92,2.51,30.46,35.07,0.00,0.00,4.25
865770,atl,51.000,-42.750,986.48,985.95,18.76,5.03,58.60,58.60,0.00,170994.83,9.04
865770,pac,56.500,223.250,996.59,995.90,10.92,3.02,33.91,33.91,0.00,0.00,14.56
865776,atl,61.000,-75.750,986.19,985.94,10.97,2.01,39.17,39.44,0.00,0.00,4.61
865776,atl,53.000,-41.000,989.83,989.50,15.72,3.40,52.06,52.06,0.00,25018.07,7.27
865776,atl,35.250,-44.000,1004.29,1003.45,8.16,2.41,45.76,45.76,0.00,0.00,5.34
865776,pac,57.000,223.500,999.53,998.82,8.73,2.56,31.26,31.26,0.00,0.00,11.25
865776,pac,51.750,238.000,1003.51,1002.96,4.47,1.81,29.65,29.65,0.00,0.00,7.74
865776,pac,45.000,232.500,1004.94,1004.59,5.88,2.11,36.79,36.79,0.00,0.00,7.23
865782,atl,62.000,-70.500,981.86,981.68,11.41,2.11,33.32,42.76,0.00,0.00,5.78
865782,atl,58.250,-37.250,990.44,989.84,14.16,3.46,50.58,50.58,0.00,804.65,7.10
865782,atl,36.500,-42.500,1003.48,1002.99,9.02,2.63,46.97,46.97,0.00,0.00,5.85
865782,pac,57.250,223.250,1003.41,1002.73,7.11,1.99,36.65,36.65,0.00,0.00,13.81
865782,pac,46.000,233.750,1004.52,1004.13,6.63,2.52,39.18,39.18,0.00,0.00,5.39
865788,atl,62.750,-65.750,979.48,979.25,12.22,2.04,39.93,47.78,0.00,0.00,6.72
865788,atl,58.250,-36.250,989.45,989.09,16.64,4.12,49.59,49.95,0.00,0.00,7.97
865788,atl,37.250,-42.000,1004.78,1004.00,9.45,2.63,47.93,47.93,0.00,0.00,5.74
865788,pac,55.500,176.750,1001.35,1000.94,11.35,2.99,35.72,35.91,0.00,0.00,5.01
865788,pac,47.250,235.000,1004.08,1003.49,6.35,2.32,37.25,37.25,0.00,0.00,6.06
865794,atl,65.250,-63.000,977.79,977.60,13.17,2.17,46.76,54.08,0.00,17579.43,8.70
865794,atl,62.250,-27.500,990.45,989.94,12.77,2.64,46.84,47.38,0.00,0.00,11.40
865794,pac,57.000,179.500,998.30,997.98,13.24,3.41,37.82,37.82,0.00,0.00,6.41
865794,pac,51.750,236.250,1003.34,1002.37,7.90,1.99,33.99,37.36,0.00,0.00,8.68
865800,atl,68.000,-63.750,977.61,977.49,13.67,2.55,49.35,56.11,0.00,12864.16,9.49
865800,atl,63.250,-21.500,989.14,988.53,14.02,2.96,43.02,43.33,0.00,0.00,9.46
865800,atl,63.250,-17.750,988.96,988.53,12.88,2.44,39.15,43.33,0.00,0.00,9.46
865800,pac,59.500,180.250,995.41,995.14,15.19,3.31,42.27,42.27,0.00,0.00,5.80
865800,pac,52.250,237.000,1001.63,1001.01,11.24,3.97,34.70,34.70,0.00,0.00,9.97
865806,atl,65.000,-2.250,985.90,985.29,13.17,3.07,44.37,63.42,0.00,38628.67,8.03
865806,atl,63.500,-12.250,987.90,987.32,11.73,2.88,52.86,52.86,0.00,3750.56,12.30
865806,atl,36.750,-38.750,1000.75,999.10,12.57,3.90,55.78,55.78,0.00,21075.86,6.47
865806,atl,33.750,-44.250,1004.92,1004.68,4.89,1.14,33.53,41.40,0.00,0.00,3.07
865806,pac,60.750,181.750,994.67,994.55,15.64,3.17,46.58,46.58,0.00,0.00,6.39
865812,atl,66.500,7.500,982.71,981.81,15.27,4.49,53.64,57.49,0.00,19507.19,8.45
865812,atl,40.500,-39.750,1000.98,999.82,14.64,4.54,57.46,57.46,0.00,30851.77,7.65
865812,atl,38.000,-45.250,1003.92,1003.41,8.67,2.15,54.14,54.14,0.00,15573.05,5.83
865812,pac,62.250,182.750,996.03,995.82,14.57,2.99,37.18,45.57,0.00,0.00,7.15
865818,atl,62.000,-40.250,1002.21,1001.96,8.42,1.78,39.07,39.76,0.00,0.00,13.60
865818,atl,43.500,-40.500,1002.04,1000.57,15.03,4.56,50.84,50.84,0.00,2265.26,7.24
865818,atl,36.500,-45.750,1003.11,1002.87,9.64,2.33,50.34,52.26,0.00,9576.23,5.69
865818,pac,63.000,184.000,997.79,997.51,13.07,3.07,37.94,41.38,0.00,0.00,6.40
865818,pac,49.500,163.500,990.55,989.98,16.17,3.87,43.23,53.50,0.00,16853.01,7.08
865824,atl,63.250,-38.000,994.60,994.44,13.26,3.16,47.29,51.70,0.00,9014.98,19.05
865824,atl,36.750,-44.250,1002.92,1002.63,10.15,1.89,50.51,50.51,0.00,3679.83,5.25
865824,pac,63.500,186.000,1001.58,1001.31,10.33,2.66,34.01,37.34,0.00,0.00,4.00
865824,pac,52.000,167.750,988.12,987.46,17.89,4.49,43.56,56.06,0.00,21405.61,7.28
865830,atl,64.000,-35.500,985.31,985.03,17.69,3.56,60.78,60.78,0.00,48399.80,18.49
865830,atl,37.250,-44.250,1001.88,1001.74,10.31,1.88,43.77,50.73,0.00,1219.97,5.12
865830,pac,64.000,187.750,1004.41,1004.18,7.84,2.01,29.83,30.23,0.00,0.00,4.00
865830,pac,54.500,172.500,986.73,986.13,18.71,4.54,45.58,52.40,0.00,8965.74,6.89
865836,atl,64.750,-32.250,980.19,979.94,19.02,3.58,49.92,68.62,5026.69,32053.59,20.94
865836,atl,39.250,-44.500,1002.78,1002.62,11.13,1.79,49.23,50.20,0.00,1170.85,6.87
865836,pac,56.750,177.000,985.24,984.79,20.26,5.10,45.59,49.00,0.00,0.00,8.10
865836,pac,46.500,216.750,1000.71,1000.04,12.27,3.01,40.31,43.66,0.00,0.00,5.55
865842,atl,64.500,-29.750,979.75,979.53,16.31,3.18,56.53,68.63,2539.12,106167.96,24.24
865842,atl,60.500,-59.000,1004.31,1004.08,4.43,0.95,26.75,34.84,0.00,0.00,4.57
865842,atl,55.000,-13.750,1003.48,1002.87,5.91,2.03,40.73,41.29,0.00,0.00,3.78
865842,atl,39.750,-44.500,1001.49,1001.34,11.34,1.97,48.29,48.65,0.00,0.00,5.31
865842,pac,63.250,164.500,1000.12,999.68,4.73,0.87,27.63,33.36,0.00,0.00,8.41
865842,pac,58.500,181.500,986.12,985.65,18.57,4.79,45.16,45.59,0.00,0.00,6.80
865842,pac,46.500,218.250,997.69,997.03,13.06,3.28,44.06,44.06,0.00,0.00,6.49
865848,atl,66.500,-60.000,996.23,996.07,7.26,1.80,33.99,35.30,0.00,0.00,6.24
865848,atl,65.250,-37.000,994.17,993.53,7.13,2.63,59.76,59.76,0.00,29936.61,21.47
865848,atl,64.250,-14.750,984.02,983.65,8.66,1.46,36.77,53.10,0.00,21548.55,4.90
865848,atl,63.250,-22.250,984.11,983.88,10.39,1.93,57.94,57.94,0.00,178476.40,5.66
865848,atl,62.000,-54.250,1000.99,1000.79,5.45,1.39,31.57,39.36,0.00,0.00,8.26
865848,atl,40.250,-44.750,1003.48,1003.36,10.32,1.86,42.21,42.67,0.00,0.00,4.52
865848,pac,65.750,163.000,999.15,998.94,5.56,1.46,19.66,23.86,0.00,0.00,9.02
865848,pac,61.750,160.000,1000.92,1000.61,4.90,1.65,34.95,34.95,0.00,0.00,11.45
865848,pac,60.250,185.750,987.53,987.15,16.27,4.15,45.21,48.56,0.00,0.00,5.48
865848,pac,46.500,219.500,993.34,992.82,14.53,3.75,42.73,42.73,0.00,0.00,7.21
865854,atl,66.250,-58.750,995.04,994.92,7.76,1.64,39.70,40.28,0.00,0.00,8.02
865854,atl,64.250,-50.250,995.52,995.10,7.56,2.06,38.57,39.72,0.00,0.00,11.08
865854,atl,64.000,-13.250,983.86,983.72,9.21,1.50,44.12,57.38,0.00,48567.85,6.83
865854,atl,62.000,-42.750,1000.30,999.74,4.13,1.43,40.14,40.14,0.00,0.00,11.08
865854,atl,41.750,-70.000,1004.97,1004.55,9.99,2.44,36.50,39.02,0.00,0.00,4.56
865854,atl,40.500,-44.000,1003.88,1003.79,8.99,1.50,38.02,39.11,0.00,0.00,3.48
865854,pac,62.000,175.000,995.20,994.68,4.98,1.71,38.49,38.49,0.00,0.00,6.36
865854,pac,62.000,189.250,987.66,987.21,14.76,3.74,45.74,47.33,0.00,0.00,6.24
865854,pac,46.000,220.000,990.35,989.75,15.66,4.13,50.29,50.29,0.00,1078.46,8.82
865860,atl,66.500,-48.250,991.46,990.94,11.65,3.85,34.58,37.42,0.00,0.00,19.70
865860,atl,63.000,-3.750,985.12,984.82,7.66,1.60,33.90,50.54,0.00,775.69,4.70
865860,atl,61.750,-40.750,999.30,998.79,7.53,2.00,40.02,40.02,0.00,0.00,19.70
865860,pac,65.000,181.250,991.72,991.55,5.79,0.79,24.35,40.41,0.00,0.00,5.74
865860,pac,64.000,191.250,987.36,986.90,13.78,3.51,42.16,42.16,0.00,0.00,7.51
865860,pac,44.750,221.000,988.83,988.31,14.82,3.93,58.13,58.13,0.00,31697.73,7.28
865866,atl,68.750,-46.500,996.07,995.18,8.43,3.18,33.50,33.50,0.00,0.00,9.25
865866,atl,62.500,-38.500,993.53,993.09,14.41,3.86,47.96,50.07,0.00,389.30,15.00
865866,atl,61.750,0.500,986.10,985.78,6.85,1.23,32.34,46.64,0.00,0.00,5.19
865866,atl,58.750,9.000,987.17,987.05,5.55,1.38,39.54,39.54,0.00,0.00,3.51
865866,pac,66.000,191.500,986.73,986.38,11.56,2.70,41.68,41.68,0.00,0.00,5.80
865866,pac,65.500,181.750,987.42,987.26,8.31,1.36,25.66,42.97,0.00,0.00,5.67
865866,pac,53.500,194.500,1002.25,1002.03,7.75,1.56,35.11,37.37,0.00,0.00,4.63
865866,pac,47.500,225.250,989.93,989.73,13.00,1.72,41.92,53.89,0.00,27871.51,6.68
865866,pac,44.250,223.500,990.28,989.84,11.62,2.69,46.50,46.50,0.00,0.00,5.17
865872,atl,64.000,-34.250,985.70,984.92,21.09,5.56,61.81,61.81,0.00,17645.37,17.56
865872,atl,60.750,4.500,987.69,987.52,5.31,0.84,29.35,47.14,0.00,0.00,4.79
865872,pac,66.000,181.250,986.23,986.01,9.05,1.73,29.88,39.02,0.00,0.00,5.45
865872,pac,56.500,199.250,994.64,994.40,10.96,2.19,42.50,42.50,0.00,0.00,7.39
865872,pac,54.750,166.000,1001.57,1000.99,9.06,2.36,43.30,43.30,0.00,0.00,6.49
865872,pac,48.500,225.500,987.69,987.34,14.86,2.59,47.16,56.77,0.00,41541.10,6.43
865878,atl,64.500,-31.750,978.32,977.54,24.84,6.81,66.67,66.67,3848.59,100274.21,16.04
865878,atl,42.000,-63.250,1004.90,1004.46,10.37,2.21,46.26,46.26,0.00,0.00,5.26
865878,pac,58.250,201.000,990.14,989.54,12.11,2.94,51.07,51.07,0.00,1683.51,11.30
865878,pac,55.500,171.500,996.65,995.78,10.04,2.99,46.55,46.55,0.00,0.00,4.64
865878,pac,49.000,225.250,987.97,987.69,14.33,2.86,48.02,49.39,0.00,0.00,7.00
865884,atl,65.250,-27.500,977.57,977.01,22.79,6.23,58.93,58.93,0.00,112901.10,12.16
865884,atl,65.000,-38.750,994.67,994.23,8.58,3.05,55.22,56.82,0.00,60549.92,19.00
865884,atl,42.250,-62.250,1004.45,1004.04,11.68,2.89,45.61,45.61,0.00,0.00,6.18
865884,pac,65.250,198.250,993.45,993.30,4.44,1.35,28.10,28.10,0.00,0.00,7.65
865884,pac,56.750,206.000,988.65,987.58,14.32,3.70,54.26,54.26,0.00,8653.55,8.63
865884,pac,56.250,176.750,991.33,990.59,12.00,3.45,45.49,46.15,0.00,0.00,5.32
865884,pac,49.250,226.500,989.90,989.63,12.42,2.20,44.56,44.56,0.00,0.00,6.11
865890,atl,65.750,-25.500,976.54,975.81,20.98,5.68,60.50,60.50,0.00,109244.02,17.68
865890,atl,41.500,-62.250,1004.52,1004.08,10.92,2.77,50.76,50.76,0.00,1711.51,6.01
865890,pac,57.750,182.500,987.29,986.71,12.65,3.68,45.48,45.48,0.00,0.00,5.21
865890,pac,57.000,208.500,985.40,984.46,17.01,4.88,57.10,57.10,0.00,53697.92,7.94
865890,pac,51.750,226.750,991.07,990.59,12.21,2.96,40.34,42.17,0.00,0.00,8.05
865896,atl,68.250,-15.250,982.72,982.39,14.21,3.06,61.72,61.72,0.00,63215.81,18.71
865896,atl,65.750,-24.250,977.59,976.92,18.13,4.94,60.48,61.72,0.00,74642.42,18.71
865896,pac,59.500,186.250,982.93,982.35,14.67,4.31,43.42,43.42,0.00,0.00,5.53
865896,pac,57.000,210.000,985.59,984.82,16.92,4.83,60.54,60.54,0.00,76952.97,8.58
865896,pac,52.500,227.250,992.01,991.75,10.62,2.95,39.42,39.42,0.00,0.00,9.06
865902,atl,65.250,-23.500,978.09,977.22,14.77,4.10,58.14,65.94,4396.29,79000.41,20.87
865902,atl,42.250,-58.000,1004.73,1004.60,9.43,2.01,41.84,41.84,0.00,0.00,4.27
865902,pac,61.500,187.250,981.44,980.79,14.60,4.33,44.39,44.55,0.00,0.00,5.93
865902,pac,56.000,212.500,987.45,986.69,15.22,4.14,57.06,57.06,0.00,75329.61,6.66
865902,pac,54.250,227.500,993.51,992.97,8.66,2.55,36.31,36.84,0.00,0.00,8.74
865908,atl,66.750,-19.500,980.44,980.25,12.35,2.64,66.28,66.28,7565.20,81726.36,20.40
865908,atl,42.500,-56.750,1004.01,1003.88,10.03,2.17,39.78,39.78,0.00,0.00,4.51
865908,pac,62.750,187.750,980.80,980.20,15.71,4.64,46.07,46.07,0.00,0.00,6.82
865908,pac,55.500,215.500,989.70,988.90,12.95,3.54,55.85,55.85,0.00,55643.09,5.78
865908,pac,55.250,228.000,995.76,995.40,6.53,1.66,28.83,33.16,0.00,0.00,7.41
865914,atl,66.750,-13.250,980.92,980.85,9.53,1.09,45.78,64.91,1925.95,62779.30,8.56
865914,atl,66.250,-35.750,994.50,994.12,8.84,2.84,55.53,56.92,0.00,11765.58,25.01
865914,atl,43.250,-55.500,1002.85,1002.69,10.10,2.28,36.48,36.48,0.00,0.00,4.42
865914,pac,63.500,186.500,980.34,979.69,16.42,5.03,47.51,47.51,0.00,0.00,7.23
865914,pac,54.750,219.000,993.21,992.80,11.27,3.01,51.73,51.73,0.00,12610.37,5.47
865920,atl,66.500,-10.500,981.02,980.98,8.44,1.13,29.58,56.92,0.00,23124.00,7.09
865920,atl,64.500,-37.500,997.51,997.39,8.51,2.67,57.69,57.69,0.00,8966.97,22.11
865920,atl,57.750,5.250,997.95,997.67,5.23,1.53,29.97,35.38,0.00,0.00,5.64
865920,atl,44.500,-53.000,1003.26,1003.07,10.65,2.29,40.29,40.29,0.00,0.00,4.50
865920,pac,64.000,186.500,982.32,981.53,15.57,4.69,45.54,45.54,0.00,0.00,7.24
865920,pac,57.250,237.250,1001.45,1000.20,4.59,1.27,18.77,25.74,0.00,0.00,8.06
865920,pac,54.000,222.750,999.19,999.00,8.87,2.34,48.81,48.81,0.00,0.00,4.83
865926,atl,67.500,-31.250,1000.31,1000.12,4.93,1.89,39.62,51.65,0.00,5524.63,23.52
865926,atl,66.250,-8.000,980.40,980.33,7.68,1.11,29.63,49.19,0.00,0.00,5.79
865926,atl,64.500,-36.500,1000.23,1000.12,8.02,2.10,52.54,52.54,0.00,2005.24,23.52
865926,atl,58.250,9.500,995.58,995.37,5.66,1.58,31.19,37.00,0.00,0.00,3.66
865926,atl,45.500,-51.500,1003.18,1002.81,10.93,2.47,36.88,36.93,0.00,0.00,4.67
865926,pac,64.750,186.250,984.78,984.32,13.96,4.10,41.19,41.19,0.00,0.00,6.45
865926,pac,53.250,226.250,1003.08,1002.86,7.52,2.27,42.85,42.85,0.00,0.00,4.62
865932,atl,66.000,-5.000,982.18,982.15,6.40,0.85,28.38,43.52,0.00,0.00,6.21
865932,atl,64.750,-36.500,1003.60,1003.44,8.07,2.26,50.71,50.71,0.00,665.37,24.80
865932,pac,65.750,185.250,987.43,987.04,12.98,3.53,33.83,33.83,0.00,0.00,5.18
865932,pac,53.250,179.500,1002.12,1001.94,4.15,1.09,33.79,34.57,0.00,0.00,2.45
865938,pac,66.000,182.500,989.01,988.66,11.77,2.99,30.50,30.50,0.00,0.00,5.98
865938,pac,53.750,182.500,999.97,999.65,5.16,1.43,32.09,34.18,0.00,0.00,2.63
865938,pac,50.000,197.750,1003.50,1003.16,6.67,1.68,39.88,39.88,0.00,0.00,3.81
865944,pac,65.750,180.250,991.82,991.41,10.04,2.48,26.60,29.85,0.00,0.00,7.34
865944,pac,54.500,185.500,998.05,997.70,6.12,1.70,32.21,33.92,0.00,0.00,2.76
865944,pac,52.250,203.000,1000.11,999.86,7.75,1.81,37.94,40.41,0.00,0.00,3.71
865950,atl,68.750,5.000,984.13,983.68,4.67,0.37,35.05,51.66,0.00,6740.33,7.40
865950,pac,65.750,179.000,994.04,993.68,8.88,2.20,27.30,28.46,0.00,0.00,7.88
865950,pac,64.500,194.500,998.91,998.65,4.44,1.18,34.21,36.15,0.00,0.00,5.81
865950,pac,54.750,188.000,996.96,996.55,6.99,2.01,33.09,36.81,0.00,0.00,4.18
865950,pac,54.250,207.000,995.63,995.31,9.92,2.28,37.53,39.16,0.00,0.00,4.43
865956,atl,68.500,-1.750,985.18,984.74,11.42,2.99,50.58,50.58,0.00,2633.46,6.66
865956,pac,65.750,193.000,999.56,999.34,4.97,1.31,33.45,33.45,0.00,0.00,3.95
865956,pac,65.250,177.750,997.96,997.65,7.06,1.85,22.90,27.50,0.00,0.00,7.27
865956,pac,56.500,202.500,992.44,992.23,7.87,1.69,38.25,45.07,0.00,0.00,8.68
865956,pac,56.000,209.000,989.84,989.41,12.60,3.00,45.07,45.07,0.00,0.00,8.68
865956,pac,55.250,191.000,997.54,997.41,5.70,1.60,41.06,41.06,0.00,0.00,3.94
865962,atl,67.250,0.250,987.38,987.02,10.23,2.84,50.03,50.03,0.00,311.23,5.94
865962,atl,52.750,-22.250,1002.07,1001.22,10.09,2.81,47.07,47.07,0.00,0.00,5.25
865962,pac,65.000,177.250,1000.97,1000.68,5.11,1.31,20.58,24.55,0.00,0.00,6.24
865962,pac,57.750,209.000,980.65,979.51,18.60,5.04,58.31,58.31,0.00,28656.03,9.21
865962,pac,55.500,193.250,998.10,997.96,4.46,1.30,45.15,45.15,0.00,0.00,4.97
865962,pac,50.500,160.500,996.37,995.88,11.01,2.83,49.74,58.03,0.00,25293.90,9.49
865968,atl,53.750,-17.250,996.33,995.28,13.18,3.35,40.39,41.35,0.00,0.00,6.44
865968,pac,58.750,208.500,971.95,969.84,24.20,7.04,66.42,66.42,1560.09,59215.58,13.03
865968,pac,51.000,164.750,992.92,992.47,12.24,2.79,38.05,55.09,0.00,5270.23,5.57
865974,atl,55.000,-13.000,989.65,988.71,16.46,3.96,42.86,42.86,0.00,0.00,6.06
865974,pac,59.750,208.750,975.05,973.97,19.47,5.18,54.43,54.43,0.00,5821.06,11.48
865974,pac,51.500,170.750,992.00,991.43,11.73,2.58,40.01,50.91,0.00,1508.18,5.45
865980,atl,56.000,-9.750,984.78,983.78,19.49,5.28,49.48,49.48,0.00,0.00,8.31
865980,pac,62.250,218.500,992.24,990.74,4.74,1.04,35.30,38.25,0.00,0.00,12.14
865980,pac,60.250,208.500,981.36,980.45,13.52,3.20,38.25,46.55,0.00,0.00,10.00
865980,pac,52.000,162.750,992.71,992.53,6.01,1.65,37.22,37.25,0.00,0.00,12.03
865980,pac,52.000,177.000,991.84,991.33,11.24,2.44,41.95,50.85,0.00,6192.40,5.34
865986,atl,56.500,-7.750,982.13,980.61,19.71,5.79,51.34,51.34,0.00,13407.05,9.12
865986,atl,56.000,-2.500,988.90,988.50,12.93,2.25,43.29,51.34,0.00,12201.50,9.12
865986,pac,64.250,213.250,989.88,988.94,6.10,1.42,25.97,29.76,0.00,0.00,9.29
865986,pac,59.000,212.000,986.63,986.37,11.08,2.41,49.65,49.65,0.00,0.00,10.05
865986,pac,52.750,181.750,991.13,990.72,9.88,2.18,37.00,46.42,0.00,0.00,5.01
865986,pac,52.500,166.000,988.78,988.34,9.29,2.33,41.01,41.01,0.00,0.00,6.24
865992,atl,57.000,1.000,987.56,987.00,11.81,2.84,46.92,57.55,0.00,6620.44,10.79
865992,atl,56.250,-7.250,982.09,980.08,19.28,6.37,64.93,64.93,841.76,44163.26,12.80
865992,pac,65.250,232.250,994.98,993.62,5.86,1.26,28.47,31.10,0.00,0.00,7.53
865992,pac,64.250,214.750,991.54,991.24,4.83,1.20,18.95,35.35,0.00,0.00,9.87
865992,pac,59.500,212.500,990.57,990.21,8.70,2.15,48.51,48.51,0.00,0.00,9.87
865992,pac,53.500,188.500,991.10,990.70,9.96,2.08,36.64,45.87,0.00,0.00,5.69
865992,pac,52.750,168.750,986.08,985.31,11.08,2.66,40.44,41.36,0.00,0.00,4.82
865998,atl,67.750,0.750,992.63,992.44,8.14,1.79,43.32,43.32,0.00,0.00,4.32
865998,atl,57.750,3.750,985.94,984.82,11.15,2.82,48.05,48.05,0.00,0.00,10.61
865998,atl,55.000,-6.000,985.62,984.30,15.68,5.35,63.34,63.34,0.00,33885.91,11.34
865998,pac,65.250,232.500,994.13,993.22,4.57,0.83,24.46,26.92,0.00,0.00,7.42
865998,pac,59.500,214.250,993.29,992.86,8.48,2.39,47.89,47.89,0.00,0.00,8.96
865998,pac,58.750,237.000,996.93,995.86,8.05,2.17,30.31,39.33,0.00,0.00,9.47
865998,pac,54.250,194.000,991.18,990.77,9.19,2.10,35.37,42.71,0.00,0.00,5.11
865998,pac,53.750,177.000,984.41,983.80,10.46,2.39,39.03,39.03,0.00,0.00,4.36
866004,atl,67.250,-0.250,991.76,991.39,8.80,2.27,40.55,40.55,0.00,0.00,5.05
866004,atl,64.750,-27.250,1004.98,1004.76,9.33,2.32,33.05,35.02,0.00,0.00,9.78
866004,atl,58.000,5.000,985.94,984.89,10.40,2.63,41.14,42.88,0.00,0.00,6.90
866004,atl,57.500,10.000,987.87,987.67,8.24,1.65,39.68,41.04,0.00,0.00,6.90
866004,atl,53.750,-3.000,991.83,990.53,11.90,3.95,53.97,53.97,0.00,6391.77,8.84
866004,pac,66.000,192.250,997.76,997.58,6.90,1.47,38.40,40.00,0.00,0.00,3.93
866004,pac,60.000,214.250,997.41,996.84,5.89,1.82,43.65,43.65,0.00,0.00,6.92
866004,pac,55.000,183.000,981.17,980.55,12.48,3.04,41.41,41.41,0.00,0.00,4.83
866010,atl,66.500,-0.500,990.40,990.01,8.72,2.40,42.03,42.03,0.00,0.00,6.01
866010,atl,63.750,-23.250,1002.91,1002.54,8.25,2.09,36.69,36.69,0.00,0.00,4.09
866010,atl,57.750,7.250,985.71,984.69,9.95,2.49,49.53,49.53,0.00,0.00,6.49
866010,pac,65.500,191.250,998.24,998.10,5.81,1.22,32.73,38.66,0.00,0.00,5.04
866010,pac,55.250,185.000,980.05,979.42,13.14,3.28,47.55,47.55,0.00,0.00,5.08
866016,atl,65.000,1.250,991.71,991.45,6.07,1.70,47.01,47.01,0.00,0.00,5.60
866016,atl,63.250,-15.000,1001.13,1000.72,5.57,1.77,30.92,38.14,0.00,0.00,7.63
866016,atl,51.250,-80.000,1003.57,1003.02,8.62,2.24,32.91,32.91,0.00,0.00,4.36
866016,atl,45.250,-51.500,1002.27,1002.05,7.80,1.30,26.49,41.24,0.00,0.00,4.39
866016,pac,57.250,194.000,983.16,982.55,9.90,2.53,41.11,41.11,0.00,0.00,5.66
866016,pac,54.750,186.000,981.36,980.99,12.49,3.07,42.59,42.59,0.00,0.00,4.85
866022,atl,67.250,7.250,991.51,991.36,5.75,1.00,31.80,43.45,0.00,0.00,4.51
866022,atl,62.750,-12.500,998.96,998.60,6.21,1.95,39.33,39.33,0.00,0.00,8.90
866022,atl,52.500,-76.000,1002.60,1002.24,7.91,1.87,24.37,27.60,0.00,0.00,3.95
866022,atl,47.750,-48.000,998.79,998.28,10.59,2.22,44.75,44.75,0.00,0.00,5.05
866022,atl,45.500,-51.250,999.31,999.11,7.33,1.19,33.27,41.23,0.00,0.00,4.29
866022,atl,38.750,-46.500,1000.02,998.27,9.09,2.71,63.64,63.64,0.00,33643.24,6.61
866022,pac,58.500,208.000,986.87,986.31,9.37,2.59,41.37,47.95,0.00,0.00,8.95
866022,pac,57.750,196.250,984.60,984.03,7.98,2.07,37.46,40.25,0.00,0.00,5.66
866022,pac,54.000,187.250,980.46,980.18,14.51,3.52,47.14,47.14,0.00,0.00,6.62
866028,atl,68.000,9.250,992.74,992.63,5.77,1.33,33.51,33.51,0.00,0.00,4.20
866028,atl,62.500,-9.250,998.16,997.68,6.28,1.97,39.49,39.49,0.00,0.00,8.40
866028,atl,53.250,-70.750,1002.04,1001.71,6.78,1.72,22.80,22.80,0.00,0.00,4.83
866028,atl,48.750,-48.500,995.65,995.36,10.98,2.55,41.68,44.36,0.00,0.00,5.94
866028,atl,45.000,-43.750,991.63,990.99,13.19,3.53,63.68,63.68,0.00,58704.44,7.31
866028,pac,59.500,210.500,988.26,987.39,8.07,2.55,46.04,46.69,0.00,0.00,9.89
866028,pac,52.750,190.250,979.61,979.43,15.20,3.31,51.36,51.36,0.00,10160.15,7.61
866034,atl,67.500,7.250,993.21,993.13,6.39,1.34,31.45,32.61,0.00,0.00,4.59
866034,atl,62.250,-6.250,997.15,996.78,6.39,1.89,40.28,40.28,0.00,0.00,6.31
866034,atl,47.750,-44.250,981.48,979.62,19.61,4.88,58.83,59.12,0.00,45503.27,8.99
866034,pac,63.500,209.250,991.27,990.15,7.01,1.63,26.08,34.35,0.00,0.00,9.52
866034,pac,53.750,195.250,980.08,979.85,12.59,2.26,45.59,50.50,0.00,977.87,6.62
866040,atl,67.500,8.250,993.08,992.97,6.71,1.50,30.06,30.71,0.00,0.00,6.58
866040,atl,61.750,-4.000,996.26,996.08,7.14,2.15,43.11,43.11,0.00,0.00,6.35
866040,atl,52.000,-79.250,986.59,985.88,16.20,3.84,43.74,43.74,0.00,0.00,6.66
866040,atl,48.750,-44.000,976.83,975.40,22.04,5.61,49.99,49.99,0.00,0.00,10.24
866040,pac,64.250,214.500,995.53,994.89,6.00,1.67,33.83,37.29,0.00,0.00,14.90
866040,pac,57.000,198.000,981.85,981.77,9.96,1.78,41.02,42.34,0.00,0.00,5.16
866046,atl,67.000,9.250,992.82,992.73,6.71,1.61,29.58,30.23,0.00,0.00,5.74
866046,atl,62.000,3.500,995.17,994.82,5.48,1.12,32.18,42.00,0.00,0.00,5.44
866046,atl,61.500,0.000,994.98,994.89,7.13,1.84,42.00,42.00,0.00,0.00,5.44
866046,atl,52.500,-71.750,988.34,987.58,10.75,2.30,35.96,36.93,0.00,0.00,6.06
866046,atl,52.000,-77.750,988.03,987.74,15.07,3.72,43.61,43.61,0.00,0.00,8.90
866046,atl,49.500,-42.250,973.70,972.37,21.28,5.51,57.34,57.34,0.00,10368.97,8.36
866046,pac,58.000,199.500,982.22,982.03,9.83,1.85,36.51,39.54,0.00,0.00,6.70
866052,atl,61.750,3.500,995.25,995.08,7.08,1.55,39.62,40.99,0.00,0.00,4.82
866052,atl,52.500,-73.500,991.29,990.80,11.21,2.29,33.40,35.91,0.00,0.00,5.24
866052,atl,52.000,-67.000,990.29,989.82,7.42,1.65,31.64,33.33,0.00,0.00,5.07
866052,atl,49.500,-39.750,973.15,972.40,20.24,5.45,50.02,50.02,0.00,512.05,7.71
866052,pac,63.500,208.750,989.47,988.05,8.19,2.05,29.27,34.89,0.00,0.00,13.34
866052,pac,58.250,200.500,982.63,982.43,9.42,1.86,34.40,34.87,0.00,0.00,6.75
866058,atl,52.750,-56.000,988.46,988.34,7.48,1.56,28.74,36.10,0.00,0.00,5.06
866058,atl,51.250,-63.750,987.79,987.37,8.67,2.17,37.14,38.27,0.00,0.00,5.47
866058,atl,50.000,-36.000,974.21,973.65,16.20,4.31,50.84,50.84,0.00,8760.25,6.26
866058,pac,58.750,201.250,982.69,982.47,8.71,1.66,28.87,32.32,0.00,0.00,7.47
866058,pac,57.500,215.000,992.95,992.73,6.29,1.71,43.78,44.51,0.00,0.00,11.36
866058,pac,51.250,162.500,998.37,997.94,11.32,3.01,42.58,42.58,0.00,0.00,9.56
866064,atl,56.000,-30.750,979.69,979.18,12.46,2.71,52.00,56.52,0.00,72712.72,8.28
866064,atl,53.250,-73.500,1000.94,1000.47,6.67,1.86,30.16,30.16,0.00,0.00,4.23
866064,atl,52.250,-53.750,986.64,986.49,8.11,1.40,27.25,38.86,0.00,0.00,3.72
866064,atl,50.500,-32.000,977.28,976.82,12.65,3.40,50.77,50.77,0.00,506.98,5.30
866064,pac,64.500,212.750,989.24,988.49,7.65,1.60,32.45,67.87,1480.85,7421.93,10.05
866064,pac,62.500,221.000,990.47,988.95,10.76,3.03,73.55,73.55,2241.91,18913.37,10.13
866064,pac,60.250,201.500,984.16,984.03,7.29,1.25,25.25,34.87,0.00,0.00,7.34
866064,pac,50.500,170.750,1001.16,1000.65,8.47,2.09,39.83,39.83,0.00,0.00,3.97
866070,atl,56.250,-31.000,975.04,974.61,12.50,2.96,52.60,53.06,0.00,40949.42,8.91
866070,atl,53.500,-75.000,999.78,999.30,8.79,2.29,27.54,27.54,0.00,0.00,3.32
866070,atl,51.500,-27.750,976.89,976.63,10.43,2.63,48.84,49.03,0.00,0.00,5.06
866070,atl,51.250,-51.000,984.75,984.63,8.16,1.39,28.77,40.82,0.00,0.00,4.13
866070,pac,64.250,213.000,988.23,987.55,7.12,1.51,39.11,72.53,2221.28,11923.50,12.02
866070,pac,62.500,200.750,985.65,985.39,8.01,1.46,30.33,37.88,0.00,0.00,7.99
866070,pac,62.500,220.750,988.42,987.15,10.96,3.09,74.66,74.66,5660.71,32969.53,16.35
866070,pac,48.750,178.000,1000.89,1000.28,7.85,2.15,37.08,37.08,0.00,0.00,4.14
866076,atl,58.500,-26.000,971.27,970.68,17.95,4.60,57.91,57.91,0.00,131590.70,10.04
866076,atl,53.000,-76.500,998.75,998.32,10.84,2.67,33.35,33.35,0.00,0.00,3.87
866076,atl,51.000,-47.500,984.10,983.86,8.96,1.96,33.67,39.50,0.00,0.00,3.19
866076,pac,65.500,232.000,991.01,988.47,9.70,2.08,43.33,45.62,0.00,0.00,11.20
866076,pac,65.000,226.500,990.07,987.86,9.01,2.05,44.26,45.62,0.00,0.00,11.20
866076,pac,64.750,223.000,989.44,987.98,9.06,2.31,44.26,45.62,0.00,0.00,12.91
866076,pac,64.500,213.500,991.21,990.42,5.47,1.36,34.46,45.15,0.00,0.00,12.91
866076,pac,62.250,199.000,988.48,988.41,7.67,1.36,27.18,38.93,0.00,0.00,8.44
866076,pac,47.250,183.750,999.82,999.32,8.06,2.10,36.73,36.73,0.00,0.00,3.46
866082,atl,58.750,-26.250,968.52,967.95,18.64,4.65,55.95,56.48,0.00,112075.78,9.16
866082,atl,53.500,-35.500,981.14,980.86,6.28,1.42,37.06,38.24,0.00,0.00,3.35
866082,atl,52.000,-74.500,1000.97,1000.88,7.27,1.39,34.21,34.93,0.00,0.00,4.24
866082,pac,64.500,213.250,995.81,994.82,4.25,0.96,32.70,36.47,0.00,0.00,13.37
866082,pac,63.000,197.750,990.90,990.82,8.69,1.53,35.29,51.07,0.00,961.38,4.56
866082,pac,50.500,166.000,1000.21,999.94,7.86,1.59,28.71,42.52,0.00,0.00,3.23
866082,pac,45.750,189.750,998.30,997.74,8.86,2.26,36.23,36.23,0.00,0.00,4.18
866088,atl,59.000,-25.000,968.31,967.96,18.23,4.21,62.36,62.36,0.00,141484.98,7.98
866088,atl,53.250,-33.000,981.00,980.77,6.56,1.38,34.40,42.39,0.00,0.00,3.45
866088,atl,50.750,-61.000,997.42,997.23,6.45,1.37,28.05,38.36,0.00,0.00,3.94
866088,pac,64.500,213.250,997.66,996.83,5.94,1.62,37.91,37.91,0.00,0.00,15.32
866088,pac,64.000,210.000,997.72,996.83,4.73,1.03,37.91,37.91,0.00,0.00,13.08
866088,pac,63.250,197.000,993.33,993.08,8.77,1.57,37.28,48.36,0.00,0.00,5.05
866088,pac,50.500,170.000,996.68,996.45,11.18,2.59,39.90,44.25,0.00,0.00,5.23
866088,pac,45.750,192.750,995.40,994.68,10.05,2.62,39.40,40.74,0.00,0.00,4.20
866094,atl,59.750,-23.500,966.85,966.52,18.37,4.21,59.56,59.56,0.00,126411.15,10.48
866094,atl,50.500,-62.500,996.12,995.90,8.26,1.62,28.39,37.17,0.00,0.00,4.45
866094,pac,65.250,219.000,1001.01,1000.06,6.23,1.78,31.73,31.73,0.00,0.00,12.66
866094,pac,64.500,212.500,999.30,999.11,6.13,1.76,31.73,31.73,0.00,0.00,12.66
866094,pac,63.250,196.000,995.92,995.67,8.13,1.47,41.18,47.44,0.00,0.00,4.93
866094,pac,61.500,192.250,996.35,996.26,7.82,1.27,43.83,47.44,0.00,0.00,5.17
866094,pac,47.500,178.250,995.15,994.95,9.80,2.15,46.16,46.16,0.00,0.00,4.39
866094,pac,45.750,197.000,993.31,992.70,11.10,2.89,42.94,44.98,0.00,0.00,5.56
866100,atl,62.000,-44.250,999.59,997.71,4.57,2.09,35.60,41.36,0.00,0.00,10.59
866100,atl,60.500,-22.500,966.59,966.23,18.09,4.28,58.24,58.49,0.00,98150.98,13.51
866100,atl,50.250,-62.500,996.45,996.18,8.60,1.80,29.33,33.20,0.00,0.00,4.10
866100,pac,65.500,220.500,1003.00,1002.42,6.43,1.76,18.49,28.11,0.00,0.00,11.70
866100,pac,65.000,227.250,1004.91,1003.36,4.55,1.44,21.14,22.14,0.00,0.00,9.39
866100,pac,64.750,214.250,1003.33,1002.91,4.75,1.23,28.11,28.11,0.00,0.00,11.70
866100,pac,60.500,191.000,997.90,997.83,7.71,1.34,39.22,44.12,0.00,0.00,4.07
866100,pac,47.000,185.250,991.51,991.42,11.18,2.59,49.54,49.54,0.00,0.00,5.01
866100,pac,46.500,199.000,988.71,988.13,11.81,3.18,44.45,47.61,0.00,0.00,5.93
866106,atl,61.750,-44.000,998.48,997.61,4.37,1.62,33.98,38.49,0.00,0.00,8.87
866106,atl,61.000,-21.000,964.59,964.34,17.46,3.85,52.32,52.32,0.00,16772.59,12.08
866106,atl,50.000,-62.250,997.67,997.51,7.46,1.56,28.88,29.40,0.00,0.00,4.51
866106,atl,49.250,-56.250,998.37,998.17,4.27,0.73,23.55,27.70,0.00,0.00,3.31
866106,pac,58.250,190.250,998.43,998.35,7.00,1.43,39.73,39.78,0.00,0.00,3.87
866106,pac,46.750,200.250,984.97,984.68,10.71,2.48,41.91,46.28,0.00,0.00,5.79
866106,pac,46.250,218.000,1003.68,1003.38,6.24,1.85,37.03,37.03,0.00,0.00,3.17
866106,pac,45.750,191.250,987.82,987.67,10.76,2.66,52.67,54.73,0.00,51880.14,5.05
866112,atl,61.500,-19.000,963.25,963.01,17.40,3.83,47.01,53.39,0.00,2557.52,9.89
866112,atl,61.250,-44.500,998.89,998.27,4.18,1.39,31.39,39.12,0.00,0.00,8.56
866112,atl,49.500,-35.750,996.85,996.46,4.35,1.00,32.82,33.25,0.00,0.00,2.27
866112,atl,49.250,-62.250,1000.42,1000.31,7.07,1.44,26.84,26.84,0.00,0.00,4.01
866112,pac,57.250,191.250,999.01,998.88,6.02,1.27,35.88,37.26,0.00,0.00,3.59
866112,pac,49.000,218.500,999.82,999.59,5.90,1.78,35.81,35.81,0.00,0.00,3.31
866112,pac,47.250,201.750,979.72,979.58,11.57,1.98,32.81,50.92,0.00,1008.87,5.57
866118,atl,62.250,-16.000,961.05,960.80,17.04,3.67,46.71,59.10,0.00,30258.78,10.58
866118,atl,61.250,-46.750,997.76,996.53,4.45,1.45,27.92,36.05,0.00,0.00,10.09
866118,atl,48.250,-62.000,1001.47,1001.39,6.14,1.20,23.95,25.86,0.00,0.00,3.98
866118,pac,56.250,192.500,999.44,999.35,4.24,0.90,34.71,36.98,0.00,0.00,3.32
866118,pac,51.500,218.500,996.17,996.05,6.79,1.86,36.37,36.37,0.00,0.00,3.31
866118,pac,44.750,203.750,976.57,976.04,12.12,2.41,55.32,58.88,0.00,42693.33,5.01
866124,atl,66.500,-11.500,961.44,961.30,17.77,2.62,52.85,68.98,16505.44,127425.13,11.26
866124,atl,63.750,-11.500,961.68,961.48,14.84,2.78,54.30,57.20,0.00,41079.42,11.26
866124,atl,61.750,-43.500,995.35,994.51,4.40,1.49,40.83,42.45,0.00,0.00,11.31
866124,atl,47.750,-60.500,1002.50,1002.37,5.58,1.14,26.45,28.36,0.00,0.00,3.30
866124,pac,53.250,218.000,992.96,992.87,6.67,1.63,33.76,33.76,0.00,0.00,3.98
866124,pac,46.000,206.000,969.47,968.94,16.23,3.33,49.75,54.21,0.00,60438.60,5.89
866130,atl,67.750,-63.500,988.82,988.74,5.20,1.38,39.73,40.91,0.00,0.00,6.85
866130,atl,67.250,-11.000,958.86,958.79,20.05,3.02,57.17,76.48,39978.59,165008.24,10.63
866130,atl,60.500,-41.500,993.36,993.09,5.22,1.47,30.87,42.89,0.00,0.00,11.62
866130,pac,55.250,217.000,991.72,991.62,7.09,1.55,40.25,43.07,0.00,0.00,8.73
866130,pac,53.000,175.750,1004.42,1004.04,8.14,1.80,33.37,44.73,0.00,0.00,5.11
866130,pac,46.500,207.500,967.75,967.18,16.83,3.41,56.45,59.21,0.00,157680.07,6.43
866130,pac,41.750,168.000,1002.38,1001.47,10.49,2.98,50.74,50.74,0.00,576.53,6.66
866136,atl,67.750,-11.000,958.54,958.42,20.67,3.62,64.47,70.16,36776.80,236461.38,11.67
866136,atl,64.500,-35.500,990.23,989.75,5.62,1.80,42.80,43.91,0.00,0.00,17.08
866136,atl,62.000,-44.000,992.98,991.44,4.62,1.56,43.89,43.89,0.00,0.00,10.79
866136,atl,56.500,-4.500,988.72,988.24,5.32,1.34,39.48,52.56,0.00,2284.21,5.30
866136,atl,45.750,-47.500,1002.03,1001.54,4.30,1.31,40.95,42.23,0.00,0.00,3.25
866136,pac,53.000,177.250,1000.63,1000.44,9.27,2.33,37.21,41.46,0.00,0.00,4.97
866136,pac,47.250,208.750,965.52,965.10,16.92,3.39,56.27,62.60,0.00,170782.49,6.60
866136,pac,42.750,173.750,996.25,995.36,12.31,3.36,55.32,55.32,0.00,38622.82,5.80
866142,atl,67.750,-10.500,957.02,956.80,20.52,4.07,65.44,72.56,52119.95,193855.13,10.90
866142,atl,64.250,-35.500,989.07,988.84,6.07,1.92,38.32,38.32,0.00,0.00,17.01
866142,atl,62.250,-44.250,991.04,989.56,4.26,1.89,37.09,38.32,0.00,0.00,9.64
866142,atl,59.500,2.250,983.21,982.87,5.62,1.40,43.53,51.01,0.00,1285.18,5.66
866142,atl,47.250,-43.500,995.02,993.87,8.39,2.84,52.10,52.10,0.00,1593.37,7.61
866142,pac,62.000,195.750,995.90,995.63,8.48,2.07,34.95,40.03,0.00,0.00,6.75
866142,pac,52.500,178.250,998.01,997.88,8.24,1.90,39.34,42.81,0.00,0.00,4.44
866142,pac,48.000,210.000,964.88,964.45,16.68,3.27,54.03,62.26,0.00,132009.09,6.63
866142,pac,44.000,179.250,988.74,987.74,15.32,4.21,56.81,56.81,0.00,57092.12,7.06
866148,atl,67.500,-7.750,959.35,959.06,17.84,3.53,57.36,65.67,2476.65,128534.76,9.01
866148,atl,63.750,-32.250,988.42,988.04,5.72,1.77,30.40,35.89,0.00,0.00,10.10
866148,atl,63.500,9.500,978.04,977.75,6.34,1.61,33.82,41.29,0.00,0.00,9.27
866148,atl,62.500,-44.500,990.13,989.12,4.15,2.14,34.32,35.89,0.00,0.00,11.16
866148,atl,48.750,-38.750,991.85,990.46,9.87,3.08,63.17,63.17,0.00,67946.58,9.45
866148,pac,62.750,192.500,992.08,991.46,12.93,3.56,46.59,47.28,0.00,0.00,6.87
866148,pac,52.250,182.500,995.84,995.49,5.67,1.80,39.84,40.50,0.00,0.00,4.70
866148,pac,49.250,211.250,967.14,966.79,14.62,2.91,44.32,54.38,0.00,47391.59,5.96
866148,pac,44.500,183.000,982.98,981.89,16.55,4.39,55.68,57.62,0.00,83648.32,8.10
866154,atl,67.750,-57.750,986.01,985.92,6.90,1.53,42.09,44.36,0.00,0.00,10.91
866154,atl,67.750,-5.000,959.72,959.44,17.32,3.64,56.12,58.91,0.00,112971.10,8.58
866154,atl,66.750,-79.000,984.71,984.60,10.24,2.24,43.35,52.99,0.00,4275.95,7.33
866154,atl,65.500,-60.750,986.13,985.74,5.86,1.99,44.36,44.36,0.00,0.00,7.63
866154,atl,64.000,-32.750,988.13,987.81,5.73,1.93,31.99,31.99,0.00,0.00,8.24
866154,atl,51.250,-30.500,986.07,985.21,12.08,3.00,68.44,68.45,12096.08,183244.95,6.61
866154,pac,62.750,190.250,989.63,989.06,13.70,3.80,51.13,51.13,0.00,674.49,6.69
866154,pac,52.250,183.000,993.21,992.95,5.56,1.86,42.52,42.52,0.00,0.00,5.12
866154,pac,50.750,212.000,969.98,969.71,13.29,2.58,41.77,52.90,0.00,12514.64,5.71
866154,pac,45.250,186.750,978.79,977.57,17.01,4.85,49.38,58.67,0.00,58255.41,8.65
866160,atl,68.500,-3.250,961.71,961.30,16.01,3.25,52.99,54.24,0.00,61005.74,6.74
866160,atl,67.750,-57.500,986.20,986.05,6.90,1.59,39.26,39.26,0.00,0.00,11.44
866160,atl,65.750,-76.250,982.61,982.34,11.47,2.62,50.95,51.56,0.00,18215.73,7.65
866160,atl,63.750,-34.000,989.73,989.50,4.42,1.66,32.92,32.92,0.00,0.00,8.52
866160,atl,52.750,-25.500,979.13,978.09,15.86,4.21,58.72,58.82,0.00,161512.78,7.77
866160,pac,62.250,189.500,987.11,986.67,11.43,2.95,47.09,48.53,0.00,0.00,6.65
866160,pac,55.750,207.500,973.71,973.42,9.85,2.09,40.80,40.98,0.00,0.00,7.17
866160,pac,52.750,212.250,973.69,973.52,10.69,2.08,37.51,40.37,0.00,0.00,3.97
866160,pac,46.000,190.000,973.46,971.73,19.24,5.96,53.79,53.79,0.00,34471.22,10.79
866160,pac,44.500,228.000,994.70,994.17,8.08,1.75,46.50,48.06,0.00,0.00,4.50
866166,atl,67.500,-58.000,987.06,986.94,5.71,1.44,36.83,36.83,0.00,0.00,10.61
866166,atl,64.250,-72.250,981.98,981.81,11.13,2.26,42.91,51.60,0.00,5531.90,7.53
866166,atl,54.750,-14.250,970.33,969.02,19.25,4.91,58.66,72.82,27319.35,162523.78,8.70
866166,pac,61.750,189.500,984.57,984.32,8.98,2.07,43.08,47.50,0.00,0.00,6.23
866166,pac,56.750,207.250,973.87,973.38,9.80,2.12,36.11,38.15,0.00,0.00,8.26
866166,pac,52.000,184.750,991.56,991.33,4.23,1.42,42.24,42.24,0.00,0.00,4.12
866166,pac,46.500,193.500,972.65,970.88,19.06,6.30,58.77,58.77,0.00,70153.40,12.23
866166,pac,46.500,228.750,993.35,992.69,9.40,2.55,47.53,47.53,0.00,0.00,4.88
866172,atl,68.000,-58.000,989.18,988.94,5.41,1.47,28.71,45.28,0.00,0.00,10.17
866172,atl,64.000,-65.750,982.63,982.24,9.23,2.19,45.28,45.28,0.00,0.00,7.87
866172,atl,63.000,-71.750,981.63,981.41,12.73,2.75,39.47,48.35,0.00,0.00,7.87
866172,atl,55.000,-10.750,965.24,964.55,21.23,5.28,59.90,67.44,9205.92,146846.66,9.40
866172,pac,58.000,207.250,972.53,971.97,10.81,2.45,41.18,46.28,0.00,0.00,10.82
866172,pac,47.250,229.750,995.45,995.11,8.60,2.32,40.71,41.41,0.00,0.00,4.39
866172,pac,47.000,197.250,975.91,974.82,15.52,5.02,61.33,61.33,0.00,69445.99,10.09
866178,atl,68.750,-58.500,992.92,992.66,4.11,1.16,23.68,41.57,0.00,0.00,10.20
866178,atl,61.750,-70.000,982.16,981.84,12.77,3.18,47.30,47.30,0.00,0.00,7.17
866178,atl,57.750,-2.000,965.22,964.84,17.11,3.78,56.84,56.84,0.00,49551.85,8.56
866178,pac,63.750,197.000,977.99,977.77,5.13,0.53,23.50,46.50,0.00,0.00,6.74
866178,pac,59.250,206.750,971.90,971.11,10.71,2.64,44.54,51.27,0.00,374.65,11.72
866178,pac,50.000,208.000,979.92,979.27,9.84,2.64,43.61,48.26,0.00,0.00,4.22
866178,pac,50.000,229.250,1000.93,1000.72,4.79,1.25,36.58,42.26,0.00,0.00,10.08
866178,pac,47.750,202.000,981.49,980.82,10.88,3.33,59.26,59.26,0.00,57474.96,5.92
866178,pac,47.000,231.000,1001.07,1000.63,7.41,2.07,42.26,42.26,0.00,0.00,4.56
866184,atl,62.500,-57.500,987.37,987.10,7.48,1.87,35.60,39.91,0.00,0.00,7.23
866184,atl,61.250,-67.250,983.75,983.31,12.15,3.14,46.57,48.17,0.00,0.00,7.35
866184,atl,58.500,0.250,962.25,961.87,18.47,4.26,56.99,56.99,0.00,18324.95,10.08
866184,pac,64.000,192.750,977.52,977.45,6.50,0.78,28.82,48.48,0.00,0.00,6.49
866184,pac,62.250,205.750,972.38,971.74,9.25,2.25,33.21,38.94,0.00,0.00,10.17
866184,pac,52.500,211.750,975.26,974.32,14.20,4.22,46.34,46.34,0.00,0.00,7.64
866190,atl,68.500,-11.000,974.60,974.44,14.56,2.97,57.01,65.90,2951.60,92254.34,9.83
866190,atl,63.250,-57.500,987.62,987.26,7.94,2.05,42.02,44.74,0.00,0.00,7.78
866190,atl,61.000,-66.750,984.59,984.25,12.56,3.25,46.58,46.58,0.00,0.00,6.29
866190,atl,58.750,1.250,962.70,962.39,17.59,4.53,55.99,55.99,0.00,45868.60,8.85
866190,pac,64.750,191.250,977.82,977.75,7.82,1.01,33.54,46.51,0.00,0.00,8.50
866190,pac,64.750,204.500,975.80,975.60,5.92,1.36,44.48,44.48,0.00,0.00,16.53
866190,pac,64.250,209.500,974.96,974.40,7.57,2.35,44.48,44.48,0.00,0.00,16.53
866190,pac,54.250,214.750,974.24,973.72,16.44,4.70,50.50,50.50,0.00,3247.36,8.49
866196,atl,67.750,-11.000,978.48,978.31,11.62,2.76,49.29,63.89,0.00,58125.56,8.51
866196,atl,62.500,-55.000,989.03,988.78,6.75,1.49,38.80,48.71,0.00,0.00,7.74
866196,atl,59.750,-66.750,987.41,987.01,11.89,2.97,46.72,47.86,0.00,0.00,8.74
866196,atl,57.750,4.000,965.83,965.36,16.09,4.17,61.49,61.49,0.00,123547.01,8.97
866196,atl,43.750,9.000,1002.27,1001.66,5.30,1.91,43.75,43.75,0.00,0.00,12.61
866196,pac,65.250,198.750,978.40,978.35,5.55,1.11,21.26,36.96,0.00,0.00,6.43
866196,pac,59.500,167.000,992.27,991.66,7.24,1.93,35.40,40.69,0.00,0.00,7.23
866196,pac,56.500,218.000,974.31,974.03,16.32,4.04,53.08,60.23,0.00,8740.18,8.71
866202,atl,67.000,-10.000,981.12,980.94,8.21,1.94,44.48,62.18,0.00,23080.34,9.01
866202,atl,63.250,7.500,972.32,972.12,10.19,1.99,39.07,45.69,0.00,0.00,10.73
866202,atl,60.500,-49.750,988.81,988.63,5.28,1.27,31.90,36.56,0.00,0.00,10.31
866202,atl,59.000,-61.250,991.93,991.83,4.70,0.75,27.10,38.94,0.00,0.00,5.21
866202,atl,58.500,-66.000,992.61,992.08,9.27,2.02,37.53,42.95,0.00,0.00,5.93
866202,atl,58.250,-43.000,988.99,988.90,6.03,1.24,33.93,43.74,0.00,0.00,10.31
866202,atl,57.500,7.500,969.21,968.93,15.16,4.01,64.77,64.77,1299.17,79941.88,9.24
866202,pac,66.000,196.500,979.06,978.94,7.06,1.32,27.89,35.23,0.00,0.00,4.73
866202,pac,59.750,160.750,990.87,989.61,9.18,2.64,37.75,37.75,0.00,0.00,11.29
866202,pac,59.750,168.500,989.68,988.87,7.81,2.18,37.27,37.75,0.00,0.00,8.29
866202,pac,58.250,221.000,978.17,977.85,13.45,3.64,51.47,57.16,0.00,2866.45,8.61
866202,pac,40.000,163.500,964.19,962.00,38.17,10.81,82.69,82.69,183481.94,566063.35,14.69
866208,atl,65.000,6.000,973.58,973.41,10.20,2.15,38.70,40.93,0.00,0.00,10.24
866208,atl,55.250,-38.500,981.19,980.38,13.62,3.15,56.10,58.65,0.00,67889.48,5.74
866208,pac,65.750,229.750,980.88,980.32,4.06,0.77,19.60,31.02,0.00,0.00,6.26
866208,pac,62.500,223.250,981.33,980.96,7.59,1.69,32.60,50.50,0.00,813.28,13.05
866208,pac,59.750,169.250,989.62,989.02,7.04,1.76,37.13,37.13,0.00,0.00,8.58
866208,pac,41.250,167.000,953.21,951.28,46.51,13.53,85.69,85.69,253878.05,593350.21,21.18
866214,atl,67.000,2.500,974.51,974.32,10.25,2.02,33.23,35.91,0.00,0.00,6.84
866214,atl,57.500,-35.000,968.36,967.62,22.57,5.48,54.32,55.40,0.00,64497.53,8.99
866214,pac,65.250,239.000,980.10,979.96,5.84,1.08,20.44,38.67,0.00,0.00,9.30
866214,pac,59.750,173.750,989.59,989.18,5.61,1.35,37.09,37.09,0.00,0.00,6.15
866214,pac,42.250,170.500,948.76,946.56,47.79,13.94,92.89,92.89,306346.01,663661.73,22.53
866220,atl,68.750,-1.250,974.92,974.72,11.71,2.13,29.24,34.57,0.00,0.00,4.01
866220,atl,59.000,-34.000,963.07,962.28,25.61,6.34,66.60,66.60,14068.61,376437.69,9.19
866220,pac,59.750,173.750,990.15,989.62,5.55,1.28,34.64,34.64,0.00,0.00,7.73
866220,pac,59.750,179.250,990.00,989.41,5.56,1.24,28.91,36.01,0.00,0.00,5.31
866220,pac,58.750,207.500,1000.81,1000.61,5.68,1.71,32.08,32.68,0.00,0.00,11.21
866220,pac,43.250,175.500,947.95,945.25,44.91,12.16,99.68,99.68,348046.15,616708.73,18.26
866226,atl,59.500,-30.250,963.53,962.75,22.38,5.37,69.33,69.73,42439.75,444796.94,10.32
866226,atl,54.000,-47.000,994.17,993.76,6.20,1.90,48.21,51.64,0.00,5188.24,5.64
866226,pac,60.750,182.000,989.34,988.88,6.41,1.47,29.13,36.03,0.00,0.00,4.50
866226,pac,59.750,173.750,990.00,989.57,5.53,1.34,33.80,33.80,0.00,0.00,7.20
866226,pac,59.000,210.000,1003.88,1003.52,6.60,2.17,40.11,40.11,0.00,0.00,11.18
866226,pac,45.250,179.750,948.54,946.00,41.03,10.60,69.78,83.37,247974.38,530567.45,13.60
866232,atl,60.500,-13.250,969.37,968.45,13.11,3.29,50.42,56.18,0.00,91397.60,6.65
866232,atl,59.250,-30.000,964.18,963.57,21.62,6.01,76.40,76.40,121178.67,332901.49,8.88
866232,pac,61.500,182.250,990.77,990.50,6.10,1.19,24.06,32.08,0.00,0.00,4.70
866232,pac,59.750,174.250,990.41,990.09,6.03,1.51,32.88,32.88,0.00,0.00,6.52
866232,pac,50.500,224.750,995.26,994.61,17.60,4.96,45.80,45.80,0.00,0.00,8.36
866232,pac,46.250,182.750,952.52,950.39,35.57,9.21,73.37,73.37,74758.09,517512.45,13.70
866238,atl,61.250,-11.750,963.41,962.84,14.83,3.98,59.11,59.11,0.00,105110.12,5.93
866238,atl,58.500,-29.000,966.07,965.49,18.86,5.62,73.76,73.76,49049.44,262237.81,8.93
866238,pac,62.000,182.000,990.71,990.47,6.12,1.20,22.61,33.33,0.00,0.00,4.59
866238,pac,59.750,174.500,990.67,990.33,5.63,1.51,33.33,33.33,0.00,0.00,4.77
866238,pac,52.250,225.750,988.12,987.09,22.26,6.15,52.03,52.03,0.00,11102.61,10.72
866238,pac,47.500,187.000,957.34,955.71,30.71,7.61,65.35,65.38,10220.51,469007.72,9.82
866238,pac,38.750,163.000,997.64,996.76,14.52,3.87,57.52,58.22,0.00,59401.45,7.15
866244,atl,69.000,-56.750,1000.12,999.97,4.08,1.36,24.73,30.72,0.00,0.00,8.00
866244,atl,61.500,-9.500,960.24,959.80,16.34,4.65,58.88,58.88,0.00,71399.96,7.49
866244,atl,60.250,-17.000,970.53,970.00,6.24,1.25,52.77,58.88,0.00,109649.15,7.49
866244,atl,58.000,-27.000,969.24,968.63,15.40,4.42,66.20,66.20,4660.72,212276.48,7.57
866244,pac,61.000,178.750,990.38,990.20,5.42,1.25,32.95,32.95,0.00,0.00,5.08
866244,pac,53.500,226.750,978.52,976.22,28.14,8.44,65.67,65.67,927.43,56812.44,21.58
866244,pac,52.500,163.000,999.45,999.06,4.82,1.33,37.13,37.13,0.00,0.00,6.65
866244,pac,48.750,190.500,963.30,961.99,25.66,6.30,58.49,61.58,0.00,331773.62,8.18
866244,pac,38.750,167.250,997.41,996.81,13.72,3.47,65.99,65.99,2410.67,93304.80,8.24
866250,atl,68.250,-18.500,972.64,972.32,12.23,3.82,54.39,54.39,0.00,7316.06,14.44
866250,atl,67.500,-31.750,983.57,983.46,7.41,2.10,42.47,54.39,0.00,7581.87,20.95
866250,atl,66.000,-36.250,983.59,983.16,9.45,2.86,53.26,53.58,0.00,5252.73,20.95
866250,atl,61.500,-6.250,960.99,960.56,15.52,3.85,59.95,59.95,0.00,53479.36,5.80
866250,atl,57.500,-24.000,971.50,970.97,14.30,4.14,65.94,65.94,6526.52,227367.80,7.48
866250,pac,60.750,178.750,990.56,990.40,4.17,0.93,32.61,36.23,0.00,0.00,5.31
866250,pac,55.500,226.750,981.71,980.07,24.15,6.99,64.90,64.90,440.48,55363.83,17.64
866250,pac,53.500,236.750,998.04,997.50,7.94,2.54,41.58,53.37,0.00,900.24,11.95
866250,pac,52.000,167.500,998.53,998.14,4.76,1.37,37.29,37.29,0.00,0.00,2.72
866250,pac,49.750,194.000,967.54,966.52,22.88,5.53,60.55,60.83,0.00,260493.62,7.48
866250,pac,39.250,170.750,995.13,994.20,13.98,3.66,60.36,60.36,0.00,64357.16,9.25
866256,atl,67.500,-21.250,977.46,976.99,10.46,3.55,51.39,51.39,0.00,843.38,14.30
866256,atl,64.500,-38.500,986.22,985.92,9.37,2.85,50.39,50.39,0.00,332.69,17.80
866256,atl,61.750,-3.750,961.08,960.61,14.32,3.61,47.92,48.59,0.00,0.00,5.22
866256,atl,59.500,-80.000,983.12,982.99,9.08,1.50,35.92,45.08,0.00,0.00,4.77
866256,pac,56.500,226.500,990.92,990.07,14.33,3.62,47.02,48.13,0.00,0.00,13.08
866256,pac,50.750,197.250,973.71,972.90,19.37,4.76,56.86,56.86,0.00,183737.84,6.45
866256,pac,39.500,174.500,991.31,990.34,16.74,4.60,57.20,57.20,0.00,58552.96,9.29
866262,atl,66.250,-24.250,983.69,983.08,8.13,2.80,45.46,45.46,0.00,0.00,12.80
866262,atl,61.750,-1.250,960.80,960.43,13.98,3.61,42.00,44.02,0.00,0.00,4.78
866262,atl,61.250,-40.000,988.94,988.60,11.50,3.02,56.62,56.62,0.00,20391.88,16.49
866262,atl,60.500,-70.500,986.86,986.71,6.77,1.30,32.72,32.72,0.00,0.00,5.48
866262,atl,59.250,-62.000,987.86,987.78,9.15,1.77,32.15,37.73,0.00,0.00,5.46
866262,pac,59.750,186.500,984.43,984.19,9.40,2.14,41.76,46.43,0.00,0.00,4.30
866262,pac,59.500,217.750,1001.23,1000.89,5.00,2.16,36.10,36.10,0.00,0.00,13.38
866262,pac,58.250,230.250,997.27,996.80,7.45,1.86,39.81,39.81,0.00,0.00,10.08
866262,pac,57.250,226.500,998.01,997.72,7.84,1.75,39.81,39.81,0.00,0.00,13.38
866262,pac,56.000,191.000,983.61,983.36,9.52,2.31,47.21,50.52,0.00,4752.30,4.80
866262,pac,51.500,201.000,978.88,978.25,17.54,4.27,51.78,51.78,0.00,46761.99,6.45
866262,pac,40.000,178.250,989.83,988.88,17.56,4.56,53.30,56.98,0.00,67523.43,9.28
866268,atl,65.500,-26.000,989.14,988.56,7.56,2.62,40.18,42.85,0.00,0.00,11.63
866268,atl,62.000,-36.750,993.99,993.83,7.56,1.56,51.07,54.01,0.00,25085.52,10.13
866268,atl,61.500,1.250,962.87,962.57,12.76,3.38,41.45,41.76,0.00,0.00,5.62
866268,atl,60.000,-68.000,990.86,990.67,5.88,1.13,31.48,32.14,0.00,0.00,5.15
866268,atl,59.750,-58.500,989.55,989.35,9.35,1.90,33.01,38.27,0.00,0.00,4.59
866268,atl,35.500,-47.750,1001.56,1001.23,11.47,2.50,49.20,52.50,0.00,6610.17,5.03
866268,pac,61.500,185.500,984.61,984.22,11.39,2.73,39.84,43.24,0.00,0.00,5.54
866268,pac,59.250,170.250,996.77,996.57,4.04,1.15,26.34,28.92,0.00,0.00,6.71
866268,pac,52.500,204.000,983.80,983.23,15.92,3.93,49.95,49.95,0.00,0.00,5.75
866268,pac,40.000,181.500,990.12,989.48,15.64,3.48,61.25,65.89,7269.68,103580.08,8.25
866274,atl,64.750,-27.500,992.39,991.93,8.18,2.68,41.17,41.17,0.00,0.00,10.34
866274,atl,61.500,3.500,964.98,964.59,11.77,2.96,42.24,43.94,0.00,0.00,6.20
866274,atl,60.000,-56.500,992.64,992.26,8.02,1.79,37.07,37.07,0.00,0.00,3.71
866274,atl,38.500,-46.500,995.55,994.59,17.37,4.72,49.87,49.87,0.00,0.00,8.66
866274,pac,63.250,184.000,983.97,983.40,13.16,3.20,41.93,41.93,0.00,0.00,7.75
866274,pac,53.250,206.500,988.96,988.48,13.86,3.27,40.85,44.56,0.00,0.00,4.53
866274,pac,40.750,184.500,989.09,988.47,16.68,4.06,65.45,65.45,4722.40,133093.22,9.63
866280,atl,64.250,-28.250,995.94,995.59,7.73,2.60,37.13,37.13,0.00,0.00,8.63
866280,atl,63.250,7.750,969.14,968.88,7.08,1.51,27.24,38.32,0.00,0.00,4.35
866280,atl,61.000,4.750,968.96,968.50,9.75,2.00,39.36,47.40,0.00,0.00,4.36
866280,atl,60.250,-57.500,998.59,998.23,6.09,1.40,35.43,35.69,0.00,0.00,3.28
866280,atl,60.000,-65.750,999.70,999.53,5.57,1.15,27.42,32.90,0.00,0.00,4.26
866280,atl,49.750,-67.000,1000.55,1000.36,6.20,1.31,31.65,34.88,0.00,0.00,4.03
866280,atl,40.000,-45.750,988.45,987.04,24.13,6.89,61.40,61.40,0.00,72929.33,12.55
866280,pac,65.000,179.500,985.17,984.21,14.14,3.50,38.42,38.42,0.00,0.00,9.23
866280,pac,59.250,172.250,995.62,995.46,4.15,1.17,26.61,31.33,0.00,0.00,6.01
866280,pac,54.000,208.250,993.45,993.06,12.51,2.91,38.39,39.30,0.00,0.00,4.34
866280,pac,41.500,189.000,988.76,988.24,16.45,3.70,60.49,65.80,5402.58,101428.42,8.20
866286,atl,63.250,-27.500,999.22,998.94,5.62,2.03,34.13,34.15,0.00,0.00,7.26
866286,atl,60.250,-57.250,1002.27,1001.95,5.82,1.30,30.52,32.83,0.00,0.00,3.26
866286,atl,49.750,-65.000,1000.09,999.93,7.08,1.53,27.55,31.20,0.00,0.00,4.57
866286,atl,42.500,-44.250,984.85,984.15,26.83,7.58,69.09,69.09,7503.78,135345.32,14.65
866286,pac,65.750,174.250,985.43,984.00,15.28,4.10,39.97,45.95,0.00,0.00,10.87
866286,pac,54.750,209.000,996.05,995.72,11.80,2.69,33.77,41.41,0.00,0.00,4.92
866286,pac,42.500,162.500,999.53,999.28,13.14,4.01,44.52,46.81,0.00,0.00,7.42
866286,pac,41.750,191.750,989.88,989.73,16.56,3.89,62.12,62.12,0.00,133477.52,8.63
866292,atl,45.250,-42.750,983.18,982.32,29.01,7.73,63.50,63.50,0.00,198830.22,10.78
866292,atl,41.750,-67.500,1000.49,1000.37,5.82,0.98,35.38,38.58,0.00,0.00,5.21
866292,atl,40.750,-64.000,1000.71,1000.51,5.55,1.13,38.58,38.58,0.00,0.00,2.95
866292,pac,65.500,169.750,989.34,988.79,14.00,3.83,31.59,43.32,0.00,0.00,11.72
866292,pac,59.500,181.500,994.37,993.95,7.36,2.19,39.72,40.06,0.00,0.00,4.20
866292,pac,55.500,209.500,997.68,997.40,10.88,2.58,38.93,38.93,0.00,0.00,4.53
866292,pac,43.000,166.500,1001.17,1000.74,11.65,3.25,52.23,52.23,0.00,2857.81,5.68
866292,pac,42.750,197.250,991.67,991.48,13.70,2.50,49.30,60.35,0.00,82323.47,7.39
866298,atl,67.500,-7.500,988.78,988.58,6.47,1.17,41.10,47.75,0.00,0.00,8.43
866298,atl,47.500,-41.250,981.81,980.71,28.61,7.42,60.98,60.98,0.00,169123.99,9.17
866298,atl,42.500,-62.750,994.39,994.01,9.62,2.11,40.90,42.12,0.00,0.00,4.81
866298,atl,40.500,-65.750,994.21,993.80,9.33,1.96,46.00,46.00,0.00,0.00,4.57
866298,pac,64.500,166.500,995.48,994.99,9.41,2.30,33.10,36.82,0.00,0.00,10.70
866298,pac,61.250,182.500,992.97,992.33,9.34,2.92,39.71,39.71,0.00,0.00,4.75
866298,pac,56.000,209.250,998.31,998.08,9.50,2.29,39.42,39.42,0.00,0.00,4.69
866298,pac,44.000,202.250,991.97,991.66,12.02,2.49,43.84,53.46,0.00,15364.71,5.23
866298,pac,43.500,170.000,1000.69,999.97,11.53,3.10,42.11,42.29,0.00,0.00,6.01
866304,atl,48.750,-39.750,983.40,982.03,27.29,7.14,57.15,58.33,0.00,148700.02,7.39
866304,atl,41.250,-63.250,988.79,988.28,13.35,2.90,53.46,53.46,0.00,26571.02,6.01
866304,pac,62.250,164.250,1000.61,1000.04,6.01,1.56,28.30,42.70,0.00,0.00,12.85
866304,pac,62.250,182.000,992.50,991.78,11.02,3.40,38.24,38.24,0.00,0.00,5.96
866304,pac,55.500,208.500,997.55,997.41,7.34,1.70,30.67,41.34,0.00,0.00,5.07
866304,pac,49.500,212.500,987.66,986.93,12.67,3.31,37.84,42.06,0.00,0.00,5.64
866304,pac,44.500,173.750,999.26,998.53,12.63,3.60,51.14,51.14,0.00,6677.60,6.89
866310,atl,49.250,-37.750,986.44,985.57,24.02,6.32,54.98,54.98,0.00,70835.69,8.36
866310,atl,44.000,-62.500,982.04,981.42,18.94,3.96,46.85,50.06,0.00,585.42,6.80
866310,pac,63.250,182.000,991.48,990.85,11.75,3.80,36.21,36.21,0.00,0.00,6.77
866310,pac,59.750,165.750,1002.01,1001.75,4.11,0.77,29.30,41.10,0.00,0.00,8.85
866310,pac,50.500,214.250,983.50,982.90,14.85,3.68,40.99,44.38,0.00,0.00,6.08
866310,pac,45.750,177.500,997.12,996.16,13.53,3.91,50.22,50.22,0.00,539.23,8.47
866316,atl,49.500,-34.500,992.79,991.86,19.09,4.89,54.67,54.67,0.00,29514.83,6.52
866316,atl,45.250,-64.500,979.42,978.50,22.71,5.37,56.56,56.56,0.00,20735.12,8.22
866316,pac,64.000,182.000,993.49,992.90,10.51,3.29,40.78,40.78,0.00,0.00,6.94
866316,pac,52.500,217.250,981.06,980.58,16.89,3.75,45.01,47.13,0.00,0.00,7.80
866316,pac,47.250,180.750,995.36,994.61,13.90,4.01,52.15,52.15,0.00,16128.17,7.60
866322,atl,64.250,9.000,988.31,988.18,6.51,1.32,28.12,39.06,0.00,0.00,4.51
866322,atl,50.000,-31.250,996.63,995.91,15.02,3.82,48.66,48.66,0.00,0.00,4.62
866322,atl,44.500,-65.750,980.70,979.72,20.24,4.95,56.65,56.65,0.00,23009.51,9.04
866322,pac,64.750,181.250,994.34,993.52,10.45,3.17,38.96,38.96,0.00,0.00,7.76
866322,pac,60.000,185.000,998.50,997.77,4.36,1.61,32.48,37.44,0.00,0.00,4.66
866322,pac,53.250,217.250,979.96,979.51,17.97,4.05,45.32,50.00,0.00,0.00,7.81
866322,pac,48.750,184.000,992.99,992.31,14.90,4.25,54.75,54.75,0.00,22499.12,7.83
866322,pac,37.000,177.500,1004.71,1004.23,6.45,1.50,36.55,36.94,0.00,0.00,3.40
866328,atl,63.250,7.000,988.57,988.22,7.49,1.73,31.68,33.20,0.00,0.00,4.94
866328,atl,53.000,-20.500,1004.39,1004.06,7.31,1.73,32.63,37.62,0.00,0.00,3.54
866328,atl,50.000,-28.000,1001.25,1000.88,11.48,2.89,40.86,40.86,0.00,0.00,4.18
866328,atl,43.500,-64.750,985.54,984.44,16.48,4.16,47.38,47.60,0.00,0.00,6.46
866328,pac,64.750,180.250,996.55,995.30,9.39,2.71,33.97,36.83,0.00,0.00,6.35
866328,pac,62.000,186.000,996.67,995.51,6.99,2.35,36.83,36.83,0.00,0.00,5.97
866328,pac,61.000,178.000,999.12,998.69,4.31,1.34,29.52,36.83,0.00,0.00,6.64
866328,pac,52.500,219.250,981.41,981.12,16.51,3.09,53.32,53.32,0.00,11872.60,7.62
866328,pac,50.500,187.250,989.15,988.54,16.95,4.95,49.16,52.15,0.00,3039.34,7.69
866328,pac,40.250,184.500,1000.91,1000.11,8.17,2.14,40.00,40.00,0.00,0.00,3.47
866334,atl,52.500,-18.250,1002.60,1002.29,6.97,1.63,32.58,36.78,0.00,0.00,3.80
866334,atl,52.500,-14.000,1002.31,1001.98,7.22,1.63,38.33,41.66,0.00,0.00,3.80
866334,atl,49.750,-24.250,1003.69,1003.55,8.24,1.95,39.43,39.43,0.00,0.00,3.59
866334,atl,43.750,-64.500,989.28,988.27,14.45,3.56,39.14,44.08,0.00,0.00,5.31
866334,pac,64.500,179.250,997.97,996.93,8.62,2.27,31.22,35.76,0.00,0.00,7.27
866334,pac,63.750,185.750,995.14,993.72,9.40,2.91,35.76,35.76,0.00,0.00,6.72
866334,pac,60.750,178.500,998.87,998.61,4.15,1.25,31.75,34.05,0.00,0.00,6.72
866334,pac,52.500,190.500,986.74,986.25,17.38,4.74,53.61,53.61,0.00,11204.18,7.24
866334,pac,52.000,221.500,983.92,983.76,15.61,2.82,58.26,58.32,0.00,55567.23,6.90
866334,pac,41.000,187.250,997.16,996.20,11.42,3.43,48.58,48.58,0.00,0.00,6.84
866334,pac,36.500,188.000,998.17,996.54,11.41,3.05,60.32,60.32,0.00,13193.85,6.72
866340,atl,61.000,5.000,991.87,991.71,5.27,0.96,29.95,31.90,0.00,0.00,3.89
866340,atl,52.000,-10.250,999.38,998.98,7.96,1.83,36.12,42.67,0.00,0.00,3.93
866340,atl,51.750,-5.500,999.52,999.15,7.78,1.92,45.63,45.86,0.00,0.00,4.37
866340,atl,43.000,-65.250,993.76,993.23,12.20,2.87,42.86,42.86,0.00,0.00,4.71
866340,pac,65.000,183.750,996.87,995.85,9.60,2.97,36.25,36.25,0.00,0.00,7.45
866340,pac,55.000,193.250,985.84,985.30,17.00,4.38,53.29,53.29,0.00,16627.95,8.22
866340,pac,51.500,223.750,988.74,988.50,13.95,2.64,49.86,53.22,0.00,41609.51,5.72
866340,pac,41.750,189.750,993.02,991.63,14.15,4.20,65.79,65.79,1729.58,43316.51,12.28
866340,pac,38.250,193.500,992.10,990.69,15.86,4.40,64.98,64.98,1818.51,87290.70,7.58
866346,atl,60.750,4.500,992.30,992.20,4.77,0.95,24.03,29.83,0.00,0.00,4.17
866346,atl,51.250,-2.000,994.27,993.68,9.59,2.09,42.72,43.37,0.00,0.00,5.18
866346,atl,42.250,-64.250,995.02,994.66,10.18,2.23,42.33,42.80,0.00,0.00,4.75
866346,pac,64.750,181.750,999.19,998.44,8.10,2.50,39.52,39.52,0.00,0.00,8.05
866346,pac,59.750,217.500,1003.69,1003.32,6.34,2.28,25.68,35.48,0.00,0.00,16.44
866346,pac,57.750,194.500,982.01,981.18,19.16,4.85,47.03,47.38,0.00,0.00,9.25
866346,pac,51.250,226.000,993.14,992.75,13.92,2.93,42.58,51.76,0.00,7632.62,5.61
866346,pac,41.000,196.250,981.40,977.95,24.98,6.90,59.18,66.10,5910.92,173752.41,14.29
866352,atl,59.250,4.500,992.19,992.08,4.16,0.88,25.23,29.72,0.00,0.00,5.81
866352,atl,51.250,3.500,987.22,986.53,13.15,3.48,45.92,48.34,0.00,0.00,5.33
866352,atl,42.000,-62.250,996.49,996.15,8.78,1.62,38.34,41.70,0.00,0.00,4.69
866352,pac,60.000,194.500,979.83,978.80,20.65,5.29,50.78,50.78,0.00,2783.09,10.24
866352,pac,51.500,227.000,997.50,997.21,13.11,3.01,44.08,48.60,0.00,0.00,5.74
866352,pac,42.500,198.000,978.87,976.93,25.80,6.86,58.01,62.58,0.00,155734.32,10.65
866358,atl,58.750,4.000,992.58,992.47,4.08,0.93,29.22,30.27,0.00,0.00,6.94
866358,atl,51.250,8.750,981.78,980.89,16.08,4.53,51.06,56.05,0.00,5609.43,10.98
866358,atl,44.750,-60.750,995.11,994.95,10.83,1.67,37.59,44.63,0.00,0.00,5.60
866358,pac,61.750,192.500,977.85,976.96,23.05,5.85,52.26,52.26,0.00,7068.46,9.21
866358,pac,51.250,228.000,1002.51,1002.26,11.76,2.83,37.54,43.66,0.00,0.00,4.76
866358,pac,42.750,200.750,982.37,981.15,22.59,5.94,60.91,60.91,0.00,95170.94,9.41
866364,atl,59.750,2.250,995.69,995.62,4.78,0.95,28.73,30.35,0.00,0.00,5.29
866364,atl,55.750,-23.000,1004.62,1003.98,8.42,1.95,33.10,37.83,0.00,0.00,3.86
866364,atl,45.500,-61.750,994.84,994.69,11.97,2.41,45.77,46.12,0.00,0.00,5.74
866364,atl,44.250,7.750,1003.00,1002.08,5.09,2.05,47.85,48.36,0.00,0.00,14.67
866364,pac,62.250,189.500,976.47,975.24,26.57,7.10,55.15,55.15,0.00,24194.82,8.49
866364,pac,43.000,204.500,987.32,986.60,17.25,4.16,55.58,55.58,0.00,69843.92,7.02
866370,atl,59.500,0.500,997.42,997.35,5.67,1.21,29.87,29.87,0.00,0.00,5.95
866370,atl,54.750,-17.750,1000.18,999.52,9.21,2.38,39.06,39.17,0.00,0.00,4.30
866370,atl,46.250,-61.500,994.14,993.99,11.36,2.28,45.61,45.61,0.00,0.00,6.24
866370,atl,44.000,8.000,1003.21,1002.47,7.08,2.45,41.46,41.46,0.00,0.00,15.46
866370,pac,62.000,188.500,977.59,976.44,26.79,7.11,54.06,56.74,0.00,67044.61,10.25
866370,pac,43.750,208.500,990.61,990.00,14.10,2.99,46.49,49.83,0.00,0.00,5.29
866376,atl,58.750,0.500,998.59,998.52,5.20,1.29,30.11,30.11,0.00,0.00,4.80
866376,atl,54.250,-14.000,994.35,993.73,12.17,3.12,41.03,41.23,0.00,0.00,6.28
866376,atl,47.750,-61.750,994.77,994.54,12.08,2.64,37.91,43.42,0.00,0.00,5.40
866376,atl,43.750,8.000,1004.06,1003.60,7.58,2.64,38.23,38.23,0.00,0.00,17.76
866376,pac,62.250,187.500,980.63,979.52,26.21,7.03,56.42,58.56,0.00,97133.86,10.51
866376,pac,48.000,193.000,1004.70,1004.18,7.69,2.42,36.48,37.89,0.00,0.00,4.09
866376,pac,47.500,208.500,990.77,990.54,14.14,2.69,44.63,44.98,0.00,0.00,5.28
866382,atl,54.000,-11.250,988.05,987.30,14.98,3.89,49.54,49.54,0.00,0.00,7.25
866382,atl,48.250,-63.250,994.88,994.39,11.02,2.53,29.13,29.13,0.00,0.00,4.30
866382,pac,61.500,187.000,984.51,983.55,23.75,6.51,61.82,61.82,0.00,66784.92,9.38
866382,pac,49.250,195.750,1001.78,1001.04,9.69,3.34,38.87,38.87,0.00,0.00,5.76
866382,pac,48.250,209.750,992.46,992.33,12.37,2.40,39.08,44.12,0.00,0.00,5.40
866388,atl,52.750,-8.000,984.89,984.44,15.73,3.59,54.39,54.39,0.00,18863.95,7.33
866388,atl,48.500,-64.500,994.73,994.35,10.99,2.69,29.80,29.80,0.00,0.00,4.22
866388,atl,43.250,-48.750,1003.87,1003.23,5.09,1.46,38.91,38.91,0.00,0.00,4.00
866388,pac,60.750,188.000,990.46,989.64,19.84,5.45,50.52,50.52,0.00,4671.56,7.37
866388,pac,53.500,161.750,1001.76,999.99,13.99,5.05,47.44,47.44,0.00,0.00,11.46
866388,pac,49.750,197.500,998.50,997.44,12.33,4.36,54.93,54.93,0.00,3500.24,9.97
866388,pac,48.250,213.750,992.44,992.30,10.97,1.75,37.94,41.48,0.00,0.00,4.93
866394,atl,53.000,-5.250,981.00,980.39,16.52,3.85,54.63,54.63,0.00,23988.92,6.11
866394,atl,49.500,-54.750,1002.06,1001.93,4.62,0.82,30.05,43.23,0.00,0.00,4.05
866394,atl,48.250,-65.250,995.76,995.46,8.57,1.93,23.80,30.63,0.00,0.00,3.81
866394,atl,46.000,-49.250,1001.43,1001.01,6.25,1.89,35.41,38.65,0.00,0.00,3.89
866394,pac,60.500,189.500,994.93,994.20,16.74,4.74,44.94,44.94,0.00,0.00,5.96
866394,pac,53.750,165.500,1000.82,1000.26,15.37,4.95,52.67,52.67,0.00,6642.05,8.35
866394,pac,49.750,199.000,994.36,993.22,15.12,5.25,62.44,62.44,0.00,32763.07,11.68
866394,pac,49.750,214.750,991.38,991.20,10.83,1.96,38.64,42.76,0.00,0.00,4.45
866400,atl,52.750,-2.500,981.42,981.21,15.03,2.85,53.98,57.33,0.00,37277.18,5.75
866400,atl,48.750,-50.250,1002.03,1001.56,7.47,1.90,36.38,43.36,0.00,0.00,4.36
866400,atl,48.250,-65.250,997.96,997.67,7.03,1.48,20.50,25.45,0.00,0.00,3.75
866400,pac,61.250,190.750,999.25,998.62,13.99,4.03,39.74,39.74,0.00,0.00,5.66
866400,pac,53.500,169.750,1000.63,999.91,15.81,4.39,48.86,48.86,0.00,0.00,7.34
866400,pac,52.250,211.500,989.44,989.29,10.85,2.05,38.75,39.81,0.00,0.00,4.14
866400,pac,49.000,201.000,992.21,991.41,14.77,4.71,60.38,60.38,0.00,78279.51,9.28
866406,atl,53.750,0.500,981.86,981.73,14.34,2.72,44.34,53.50,0.00,7422.40,5.78
866406,atl,51.500,-52.750,1001.34,1000.99,8.82,1.99,42.70,42.71,0.00,0.00,4.69
866406,atl,48.750,-65.250,998.59,998.38,5.68,1.13,20.02,24.25,0.00,0.00,4.02
866406,pac,62.000,191.000,1002.87,1002.26,11.36,3.33,39.41,39.41,0.00,0.00,4.98
866406,pac,54.000,209.000,986.57,986.39,13.98,2.61,42.24,51.31,0.00,1756.36,6.35
866406,pac,53.250,174.250,1000.92,1000.61,13.65,3.07,41.86,43.39,0.00,0.00,5.52
866406,pac,48.250,203.500,990.74,990.08,14.73,4.49,61.30,61.30,0.00,143832.70,7.94
866412,atl,53.750,-59.250,1001.75,1001.55,8.25,1.39,40.91,43.08,0.00,0.00,5.77
866412,atl,53.750,3.500,985.29,985.00,11.82,2.71,42.63,43.93,0.00,0.00,4.76
866412,atl,49.000,-64.750,999.59,999.33,4.63,0.99,17.21,22.51,0.00,0.00,4.23
866412,atl,45.250,-55.000,1001.90,1001.18,4.24,1.46,30.29,30.29,0.00,0.00,4.32
866412,pac,62.500,190.500,1004.87,1004.42,9.51,2.81,34.73,37.34,0.00,0.00,6.53
866412,pac,54.750,206.750,985.29,985.14,15.28,3.06,52.04,52.04,0.00,4421.32,10.56
866412,pac,53.750,178.500,1001.23,1001.10,11.34,2.48,36.60,40.82,0.00,0.00,4.92
866412,pac,48.000,206.250,990.37,989.89,13.93,3.94,56.85,57.41,0.00,123099.49,6.67
866418,atl,63.750,4.500,995.76,995.68,6.13,1.24,26.55,38.73,0.00,0.00,6.53
866418,atl,53.500,4.750,987.57,987.28,10.02,2.46,38.58,38.58,0.00,0.00,4.03
866418,atl,49.000,-65.000,999.70,999.53,4.04,0.86,17.57,25.90,0.00,0.00,4.00
866418,atl,49.000,-47.750,1004.20,1003.91,5.84,1.60,45.78,45.78,0.00,0.00,4.20
866418,atl,46.750,-54.500,1000.00,998.92,5.01,1.78,31.64,31.64,0.00,0.00,4.81
866418,atl,40.000,-34.250,1002.80,1002.20,8.59,2.35,38.37,40.36,0.00,0.00,4.13
866418,pac,54.750,205.500,986.46,986.11,13.96,3.20,51.98,51.98,0.00,18443.53,10.68
866418,pac,53.500,183.000,1001.37,1001.10,8.71,1.88,35.78,40.51,0.00,0.00,4.55
866418,pac,48.750,162.250,996.30,995.73,9.24,2.45,54.96,54.96,0.00,10313.46,7.11
866418,pac,48.500,209.500,992.36,992.10,11.61,2.85,53.45,54.22,0.00,110462.77,5.13
866418,pac,40.750,167.000,1004.04,1003.40,6.02,1.60,33.97,53.64,0.00,4912.80,5.30
866418,pac,37.500,166.250,1004.29,1002.85,8.60,2.49,53.64,53.64,0.00,4912.80,5.30
866424,atl,63.750,4.750,994.19,994.01,7.44,1.65,31.45,41.32,0.00,0.00,7.93
866424,atl,54.000,7.500,989.59,989.08,8.90,2.18,33.77,33.77,0.00,0.00,3.75
866424,atl,51.000,-50.000,1001.77,1001.43,7.89,1.85,44.92,44.92,0.00,0.00,4.70
866424,atl,48.250,-53.750,1000.93,1000.52,4.51,1.26,25.74,36.61,0.00,0.00,3.17
866424,atl,40.250,-33.250,1004.37,1003.82,8.37,2.18,47.24,47.24,0.00,0.00,3.80
866424,pac,54.000,205.750,989.59,989.00,11.19,2.92,49.62,50.63,0.00,1497.91,8.10
866424,pac,53.000,187.250,1002.51,1002.12,6.10,1.57,34.07,40.33,0.00,0.00,3.39
866424,pac,49.250,166.000,989.42,988.22,13.53,3.53,57.15,57.15,0.00,11229.64,6.49
866424,pac,37.250,170.250,1003.54,1002.28,9.04,2.89,48.76,48.76,0.00,0.00,5.02
866430,atl,63.750,4.500,992.99,992.83,8.10,1.86,33.60,38.54,0.00,0.00,8.64
866430,atl,54.250,9.750,990.19,989.86,8.12,1.99,29.73,29.73,0.00,0.00,3.28
866430,atl,52.500,-53.000,998.53,998.24,8.73,2.00,39.90,39.90,0.00,0.00,4.37
866430,atl,40.250,-32.500,1002.97,1002.50,8.86,2.50,49.85,49.85,0.00,0.00,4.76
866430,pac,58.500,199.750,997.22,996.98,6.30,1.50,33.54,41.77,0.00,0.00,9.53
866430,pac,52.750,208.000,991.64,991.17,10.67,2.90,51.02,51.02,0.00,19702.34,5.68
866430,pac,50.000,167.000,983.15,982.11,16.15,4.00,53.36,58.89,0.00,98977.20,6.92
866430,pac,49.500,172.750,981.60,980.55,16.97,4.30,58.89,58.89,0.00,63669.35,6.92
866430,pac,36.750,173.500,1003.51,1002.78,8.46,2.66,42.80,42.80,0.00,0.00,4.19
866436,atl,63.250,3.250,992.72,992.59,8.61,2.04,36.18,36.18,0.00,0.00,9.29
866436,atl,62.500,-24.000,1004.84,1004.64,10.43,2.23,44.57,49.29,0.00,0.00,7.14
866436,atl,53.500,-55.500,995.77,995.39,10.32,2.45,35.99,35.99,0.00,0.00,3.92
866436,atl,44.250,8.000,1000.65,999.93,5.79,2.01,47.26,47.26,0.00,0.00,11.56
866436,atl,40.250,-32.500,1002.24,1001.56,11.11,3.62,50.43,50.43,0.00,1747.43,5.88
866436,pac,58.750,199.000,999.92,999.76,4.24,0.94,30.00,35.88,0.00,0.00,6.87
866436,pac,54.000,221.000,999.52,998.98,4.59,0.84,26.18,42.91,0.00,0.00,7.16
866436,pac,53.000,210.500,991.88,991.50,10.61,3.13,56.10,56.10,0.00,44524.25,5.63
866436,pac,50.500,173.000,971.18,969.48,24.11,6.11,56.54,62.96,0.00,235244.00,8.02
866436,pac,36.000,176.250,1003.65,1003.19,7.73,2.19,38.88,38.88,0.00,0.00,3.33
866442,atl,63.250,3.750,992.11,991.99,8.25,1.95,35.17,35.17,0.00,0.00,7.72
866442,atl,61.500,-21.000,1000.05,999.90,10.92,2.59,49.16,49.16,0.00,0.00,7.63
866442,atl,53.750,-58.000,994.72,994.51,9.44,2.06,34.35,34.76,0.00,0.00,4.33
866442,atl,44.500,8.500,1001.46,1000.66,6.81,2.38,45.90,45.90,0.00,0.00,14.98
866442,atl,39.750,-32.000,1001.88,1001.29,10.62,3.47,49.95,49.95,0.00,0.00,6.96
866442,pac,55.000,220.000,998.25,997.58,5.76,1.08,30.96,40.81,0.00,0.00,10.52
866442,pac,53.750,211.250,992.89,992.38,10.08,2.88,45.49,46.09,0.00,0.00,4.07
866442,pac,49.750,173.750,968.12,967.07,25.70,6.35,60.10,67.63,18732.21,271026.48,8.20
866442,pac,35.250,179.000,1003.29,1003.06,6.88,1.66,36.71,37.84,0.00,0.00,2.70
866448,atl,63.750,4.250,991.47,991.25,8.17,1.97,32.77,35.69,0.00,0.00,8.44
866448,atl,60.000,-16.500,995.61,995.46,11.07,2.29,43.63,45.26,0.00,0.00,8.45
866448,atl,53.500,-60.000,994.68,994.41,8.60,1.71,36.11,39.10,0.00,0.00,5.40
866448,atl,39.250,-31.250,1003.14,1002.64,10.54,3.33,43.88,43.88,0.00,0.00,5.27
866448,atl,38.750,-60.000,1004.61,1004.27,4.54,1.17,41.54,41.54,0.00,0.00,2.85
866448,atl,37.000,-66.250,1004.83,1004.54,4.72,1.27,39.00,40.71,0.00,0.00,2.96
866448,pac,55.750,219.000,997.73,996.97,6.76,1.50,40.23,40.32,0.00,0.00,8.40
866448,pac,53.750,211.750,994.21,993.79,10.77,3.01,43.11,46.15,0.00,0.00,4.76
866448,pac,49.250,177.250,969.66,968.47,22.90,5.98,55.57,55.57,0.00,153117.47,7.02
866448,pac,36.500,182.750,1001.73,1000.88,6.47,1.97,36.25,38.83,0.00,0.00,5.25
866454,atl,64.000,4.500,990.26,989.98,8.73,2.25,28.23,39.07,0.00,0.00,7.95
866454,atl,59.000,-11.250,992.36,991.96,10.66,2.48,44.44,45.12,0.00,0.00,4.72
866454,atl,52.000,-62.000,993.46,993.36,7.57,1.32,32.24,38.22,0.00,0.00,5.18
866454,atl,44.000,-43.250,1003.14,1001.69,6.78,2.42,48.94,48.94,0.00,0.00,5.88
866454,atl,40.750,-56.000,1000.17,999.87,6.11,1.62,46.48,46.97,0.00,0.00,3.26
866454,atl,38.000,-30.500,1003.92,1003.57,8.31,2.44,39.98,39.98,0.00,0.00,3.17
866454,atl,36.750,-23.000,1004.38,1003.94,6.97,2.02,46.26,46.26,0.00,0.00,4.09
866454,pac,56.250,217.000,998.32,997.66,7.94,1.92,36.97,37.17,0.00,0.00,8.45
866454,pac,52.500,214.250,998.43,998.15,9.91,2.51,48.54,48.54,0.00,0.00,5.09
866454,pac,50.000,180.500,972.83,972.22,19.09,5.11,55.93,55.93,0.00,19921.69,7.19
866454,pac,36.000,185.000,1002.85,1002.43,5.40,1.70,40.56,40.56,0.00,0.00,3.78
866460,atl,64.500,4.750,990.96,990.60,8.92,2.41,32.52,36.10,0.00,0.00,6.71
866460,atl,58.250,-6.000,992.53,991.97,10.11,2.46,47.52,47.52,0.00,0.00,4.62
866460,atl,57.500,-42.000,996.32,995.80,8.75,2.32,53.67,53.67,0.00,6734.20,11.71
866460,atl,50.250,-63.500,993.52,993.31,7.91,1.53,30.26,36.11,0.00,0.00,4.82
866460,atl,45.250,-40.000,1001.78,1000.59,7.05,2.49,44.45,44.45,0.00,0.00,5.48
866460,atl,42.750,-50.750,995.82,995.18,8.42,2.39,48.10,48.10,0.00,0.00,4.58
866460,pac,55.000,215.500,1003.15,1002.46,6.92,1.59,35.37,43.16,0.00,0.00,4.54
866460,pac,52.750,220.000,1002.06,1001.86,8.25,1.35,39.51,51.03,0.00,1500.48,4.79
866460,pac,51.750,183.250,975.58,975.03,15.48,4.18,45.15,45.15,0.00,0.00,5.46
866460,pac,46.250,163.000,975.28,973.76,16.37,3.99,49.87,61.10,0.00,62547.55,8.58
866466,atl,64.750,4.750,991.72,991.27,9.66,2.77,38.88,38.88,0.00,0.00,5.68
866466,atl,58.000,-42.000,992.95,992.19,9.95,2.95,55.48,55.48,0.00,11487.04,12.01
866466,atl,57.000,-36.000,995.20,994.53,9.23,2.20,38.91,53.90,0.00,5147.98,6.69
866466,atl,57.000,1.750,992.83,992.29,10.92,2.62,44.01,48.48,0.00,0.00,4.99
866466,atl,52.750,-56.250,993.71,993.57,4.72,0.74,24.06,42.34,0.00,0.00,5.31
866466,atl,47.000,-37.250,997.50,996.19,7.57,2.53,46.15,46.15,0.00,0.00,5.45
866466,atl,45.000,-46.500,991.29,990.73,8.70,2.40,48.71,48.71,0.00,0.00,3.95
866466,pac,53.750,185.000,977.64,977.22,12.94,3.19,41.56,44.21,0.00,0.00,4.57
866466,pac,53.250,174.000,984.08,983.91,4.27,0.67,33.45,53.67,0.00,33883.27,5.81
866466,pac,50.500,222.000,1004.80,1004.67,8.44,1.67,46.52,46.52,0.00,0.00,3.90
866466,pac,47.250,169.250,972.73,972.02,12.53,2.74,49.37,63.62,0.00,55521.13,8.51
866466,pac,45.500,164.250,970.62,970.15,17.80,4.40,64.85,64.90,5666.08,238928.21,8.51
866472,atl,65.250,-49.500,1002.93,1002.45,4.50,1.70,35.41,35.41,0.00,0.00,10.80
866472,atl,64.250,4.750,994.48,994.24,9.46,2.78,44.74,44.74,0.00,0.00,5.92
866472,atl,58.000,-43.750,992.33,991.67,7.58,2.37,49.63,49.63,0.00,0.00,10.81
866472,atl,57.750,-35.250,994.57,993.73,7.46,2.04,44.27,44.54,0.00,0.00,6.35
866472,atl,56.750,6.500,992.01,991.15,13.59,3.57,47.57,48.45,0.00,0.00,6.38
866472,atl,50.500,-42.250,986.88,986.53,7.54,1.80,32.75,45.82,0.00,0.00,5.88
866472,atl,49.500,-35.750,991.19,990.42,8.25,2.28,42.66,50.28,0.00,1085.68,5.07
866472,atl,47.500,-41.750,985.66,984.54,10.58,2.74,45.82,51.13,0.00,2722.58,5.88
866472,pac,58.000,180.000,978.47,978.28,14.75,3.01,55.03,55.03,0.00,107381.35,7.16
866472,pac,48.750,172.000,965.15,963.89,15.84,4.15,45.36,55.10,0.00,18107.56,8.41
866472,pac,48.250,199.250,993.79,993.37,12.16,3.29,49.15,49.15,0.00,0.00,5.00
866478,atl,63.750,6.500,997.40,997.17,8.87,2.66,43.39,43.39,0.00,0.00,9.66
866478,atl,52.000,-42.000,977.37,976.23,12.49,3.43,47.27,48.58,0.00,0.00,7.80
866478,atl,50.000,-38.000,977.59,976.55,13.74,3.22,48.58,59.45,0.00,19992.27,7.80
866478,atl,31.750,-71.750,987.99,986.84,17.97,4.77,66.69,66.69,1285.06,182664.05,9.34
866478,pac,58.250,178.000,977.11,976.84,13.31,2.98,57.53,58.04,0.00,86158.69,13.48
866478,pac,50.250,200.250,993.28,992.75,13.58,3.87,45.16,45.16,0.00,0.00,5.46
866478,pac,49.000,173.500,961.90,961.21,16.47,4.20,47.78,48.71,0.00,0.00,8.45
866484,atl,64.250,8.750,1001.93,1001.77,7.25,2.15,33.45,33.45,0.00,0.00,5.69
866484,atl,53.500,-35.000,971.97,971.50,14.27,3.14,51.89,58.47,0.00,10893.63,8.08
866484,atl,52.250,-41.750,973.07,971.51,14.32,4.07,51.96,51.96,0.00,2333.39,9.50
866484,atl,34.500,-67.250,988.13,987.30,17.58,4.63,77.26,77.26,11470.18,200397.95,12.13
866484,pac,51.250,200.250,998.65,998.29,8.22,2.44,44.33,44.33,0.00,0.00,4.90
866484,pac,49.250,175.750,960.83,960.28,16.02,3.90,48.45,50.52,0.00,1918.94,6.53
866490,atl,55.000,-35.250,963.32,962.32,19.31,4.71,51.34,52.40,0.00,27494.47,8.54
866490,atl,37.250,-62.000,983.36,981.42,21.46,6.31,78.61,78.61,12939.45,231178.30,17.27
866490,pac,50.000,177.500,961.19,960.81,14.90,3.43,48.87,52.41,0.00,3828.04,5.31
866496,atl,54.750,-35.750,961.00,960.09,20.32,5.16,60.91,60.91,0.00,150456.43,8.74
866496,atl,38.250,-57.750,983.41,981.86,21.54,6.26,80.45,80.45,28339.09,268158.30,14.80
866496,pac,50.750,178.750,962.82,962.51,14.15,3.28,45.74,57.07,0.00,44516.94,5.54
866496,pac,40.750,225.500,1004.94,1003.54,9.18,2.90,53.31,53.31,0.00,9526.75,7.07
866502,atl,58.000,-32.750,965.35,964.94,13.07,2.89,56.06,58.28,0.00,59419.36,7.39
866502,atl,57.750,-21.500,971.64,971.39,10.04,2.17,56.22,59.90,0.00,67116.08,6.91
866502,atl,53.000,-33.250,962.68,961.64,18.14,4.63,61.90,61.90,0.00,332814.52,8.58
866502,atl,39.750,-52.750,978.64,977.34,24.72,7.53,84.36,84.36,74986.62,309441.74,18.51
866502,pac,55.750,174.250,967.43,967.15,15.65,3.00,55.95,57.46,0.00,233213.20,7.85
866502,pac,51.250,180.000,964.35,963.94,13.99,3.19,47.95,55.94,0.00,65548.81,5.01
866502,pac,39.750,230.750,1002.97,1001.23,11.67,3.74,50.01,50.01,0.00,598.43,8.63
866508,atl,61.250,-24.250,962.29,961.34,17.39,3.52,60.54,64.86,341.79,112070.37,16.29
866508,atl,59.250,-32.000,963.43,963.16,13.64,2.75,51.90,53.93,0.00,49577.46,7.90
866508,atl,54.500,-26.500,965.89,965.51,10.74,2.12,58.13,61.20,0.00,108094.86,6.68
866508,atl,41.000,-47.250,976.13,975.28,25.42,7.45,80.66,80.66,68417.69,320551.82,14.78
866508,pac,54.750,173.250,968.94,968.42,15.64,3.68,57.80,57.80,0.00,252930.10,7.30
866508,pac,51.750,181.500,967.08,966.72,12.86,3.05,43.65,46.73,0.00,0.00,4.36
866508,pac,40.000,234.500,998.98,997.41,14.47,4.79,48.33,48.33,0.00,0.00,8.63
866514,atl,62.500,-28.000,953.01,951.72,24.34,5.93,59.62,74.45,66371.79,183489.47,9.87
866514,atl,42.500,-41.750,971.62,970.53,25.46,7.43,81.95,81.95,96121.58,366508.68,15.45
866514,pac,53.250,175.500,970.38,969.76,13.14,3.18,59.21,59.21,0.00,206725.93,6.93
866514,pac,53.000,182.250,969.43,969.04,11.55,2.74,40.31,53.38,0.00,2397.35,5.95
866520,atl,68.750,-59.000,993.53,992.91,6.48,2.25,49.08,49.08,0.00,0.00,9.61
866520,atl,63.500,-30.250,949.61,948.34,26.36,7.15,76.22,83.58,62410.17,132304.17,15.66
866520,atl,44.250,-36.000,968.76,968.10,25.39,7.25,81.22,81.22,119520.84,418369.58,13.93
866520,pac,58.500,175.750,974.70,974.00,12.41,3.07,43.40,43.40,0.00,0.00,8.32
866520,pac,54.000,181.750,971.24,970.96,11.38,2.39,37.43,53.91,0.00,18589.62,5.80
866526,atl,68.250,-56.750,989.05,988.78,4.02,1.56,46.74,46.74,0.00,0.00,16.52
866526,atl,64.500,-34.000,949.55,948.32,27.52,7.55,72.00,77.68,38057.89,131870.24,20.53
866526,atl,61.250,-20.000,970.33,970.16,5.93,1.27,32.40,39.22,0.00,0.00,4.82
866526,atl,46.750,-30.000,964.79,964.43,25.40,6.65,84.62,84.62,150042.92,422377.50,13.49
866526,pac,58.000,172.750,974.60,974.29,13.38,3.64,42.95,46.80,0.00,0.00,7.01
866526,pac,55.000,181.000,973.44,973.29,10.75,2.35,35.52,44.14,0.00,0.00,4.56
866526,pac,52.000,201.750,995.32,995.18,6.86,1.56,44.84,50.21,0.00,434.92,6.39
866532,atl,65.250,-37.750,955.25,952.51,25.14,6.37,78.70,78.70,19378.99,105746.25,22.22
866532,atl,62.500,-20.250,976.46,976.25,5.51,1.36,24.99,32.29,0.00,0.00,4.24
866532,atl,50.000,-24.750,964.93,964.59,23.55,5.15,78.06,79.55,122966.57,326676.92,12.92
866532,pac,57.250,172.500,976.36,975.92,12.03,2.93,45.10,45.36,0.00,0.00,5.41
866532,pac,56.500,179.500,977.64,977.45,8.42,1.59,31.93,39.42,0.00,0.00,3.91
866532,pac,37.000,161.000,990.00,989.28,15.71,3.74,62.37,62.37,0.00,75327.19,9.62
866538,atl,69.000,-53.000,977.88,977.49,7.76,0.87,45.41,63.45,0.00,57848.33,33.66
866538,atl,64.500,-44.750,965.18,963.68,15.34,4.41,63.45,63.45,0.00,73590.99,33.66
866538,atl,63.000,-20.250,980.25,980.05,4.31,1.04,20.14,25.52,0.00,0.00,3.20
866538,atl,61.500,-41.750,963.97,963.73,18.29,4.52,60.17,62.80,0.00,169483.75,29.65
866538,atl,53.250,-20.250,963.26,963.12,23.16,4.80,72.70,74.43,98926.33,243600.77,10.16
866538,pac,57.000,172.000,976.96,976.54,12.53,3.01,46.18,46.18,0.00,0.00,5.67
866538,pac,47.000,210.000,1000.56,1000.27,8.13,1.83,45.65,46.09,0.00,0.00,5.10
866538,pac,37.500,165.500,987.63,986.70,17.36,4.47,70.04,70.04,11039.37,241431.00,10.49
866544,atl,61.750,-40.750,969.24,969.07,16.85,4.15,58.87,58.87,0.00,84657.84,18.78
866544,atl,55.250,-14.250,961.14,960.52,26.12,5.30,72.86,72.86,92674.32,331021.32,10.99
866544,pac,57.500,200.000,997.21,996.97,6.07,1.32,52.70,52.70,0.00,2032.94,12.01
866544,pac,57.000,173.000,977.55,977.24,13.48,3.16,45.88,45.88,0.00,0.00,5.33
866544,pac,47.250,212.000,997.03,996.51,12.01,3.12,47.54,47.54,0.00,0.00,5.82
866544,pac,37.750,170.750,986.17,985.38,18.95,4.93,77.26,77.26,33172.88,348642.82,11.51
866550,atl,68.750,-48.750,984.94,984.46,4.92,1.25,35.91,40.10,0.00,0.00,10.87
866550,atl,68.500,-54.750,982.87,982.48,7.49,2.03,40.47,44.26,0.00,0.00,10.87
866550,atl,61.750,-40.000,973.51,973.23,14.50,3.74,61.40,61.71,0.00,101191.59,15.01
866550,atl,58.250,-11.500,957.53,956.76,26.98,5.84,76.70,76.70,102496.15,322163.37,11.08
866550,pac,57.500,174.500,979.10,978.77,12.81,2.82,41.12,42.46,0.00,0.00,4.59
866550,pac,49.750,213.250,995.22,994.70,13.65,3.57,52.72,52.72,0.00,25579.59,5.85
866550,pac,39.000,177.000,983.15,982.41,21.52,4.90,81.98,82.00,63121.53,382401.40,11.45
866556,atl,68.500,-55.000,986.80,986.30,6.20,2.00,39.75,40.52,0.00,0.00,7.77
866556,atl,65.000,-56.250,989.15,989.02,5.62,1.55,40.52,40.52,0.00,0.00,8.90
866556,atl,62.000,-38.250,977.38,977.12,11.80,2.57,57.80,62.94,0.00,105192.80,17.34
866556,atl,60.250,-9.500,955.65,954.86,28.55,6.93,82.20,82.20,126151.87,346165.66,12.05
866556,pac,58.000,175.000,982.42,982.09,11.70,2.50,38.86,40.67,0.00,0.00,4.42
866556,pac,52.750,212.000,994.77,994.18,13.12,3.29,48.19,48.19,0.00,0.00,5.07
866556,pac,39.500,181.750,979.14,978.73,24.92,5.76,79.47,79.47,95940.85,461074.18,12.05
866562,atl,64.000,-55.250,992.77,992.69,5.47,1.79,44.03,45.29,0.00,0.00,8.78
866562,atl,62.250,-7.250,956.50,955.84,28.10,6.69,72.64,72.64,79566.36,405789.17,11.37
866562,pac,58.500,175.250,984.89,984.56,10.67,2.45,39.57,39.68,0.00,0.00,4.27
866562,pac,54.250,210.750,992.71,992.06,14.57,4.01,46.92,46.92,0.00,0.00,5.52
866562,pac,40.250,186.250,975.34,974.92,28.38,6.28,83.42,83.42,148202.66,525328.65,12.22
866568,atl,67.250,-37.750,977.38,976.40,13.00,3.54,51.12,51.64,0.00,3448.61,23.43
866568,atl,64.000,-6.250,958.32,957.67,28.00,6.76,69.36,69.36,6425.53,365836.48,10.78
866568,pac,58.750,175.500,989.03,988.78,7.76,1.94,38.36,38.36,0.00,0.00,3.77
866568,pac,55.250,209.500,995.22,994.63,13.43,3.81,42.18,43.57,0.00,0.00,5.25
866568,pac,53.750,161.250,983.25,982.77,8.94,2.10,41.54,41.54,0.00,0.00,11.93
866568,pac,46.750,224.750,1000.27,999.75,10.11,2.75,47.64,47.64,0.00,0.00,4.37
866568,pac,40.500,189.750,973.57,973.25,29.26,6.02,84.08,84.08,224523.30,576770.06,13.28
866574,atl,65.750,-6.750,959.21,958.58,29.22,7.07,59.73,60.52,0.00,306540.53,10.13
866574,pac,59.500,175.250,990.28,990.15,5.49,1.31,31.59,31.65,0.00,0.00,3.60
866574,pac,56.250,208.000,998.75,998.31,11.71,3.46,39.94,40.76,0.00,0.00,5.81
866574,pac,55.000,163.500,981.76,981.27,7.63,2.50,36.14,36.14,0.00,0.00,8.83
866574,pac,46.500,227.250,999.15,998.38,12.04,3.10,47.72,47.72,0.00,0.00,5.66
866574,pac,40.750,193.000,972.25,971.90,29.95,5.88,77.60,83.56,254698.20,540960.43,12.01
866580,atl,67.250,-10.500,966.28,965.78,26.78,6.06,55.38,57.20,0.00,152135.87,9.27
866580,atl,64.250,-38.250,979.42,979.31,14.86,2.68,53.02,60.99,0.00,47717.16,27.23
866580,pac,57.000,207.500,1003.56,1003.04,8.84,2.70,43.40,43.40,0.00,0.00,6.05
866580,pac,55.000,164.000,980.04,979.69,6.49,2.00,38.49,38.49,0.00,0.00,5.26
866580,pac,52.500,162.000,980.24,980.06,6.54,1.36,38.49,47.66,0.00,0.00,5.26
866580,pac,49.500,165.000,979.75,979.15,10.29,2.04,54.76,54.76,0.00,77317.22,5.60
866580,pac,46.500,228.000,996.99,996.02,14.72,4.05,57.28,57.28,0.00,23960.73,7.20
866580,pac,40.750,195.000,975.45,974.94,26.27,5.09,68.53,74.45,179333.52,403705.43,9.73
866586,atl,68.000,-16.750,973.67,973.11,24.08,5.62,67.77,70.60,6067.31,160922.04,21.36
866586,atl,62.750,-36.250,981.22,981.04,14.00,1.78,52.83,65.28,1963.95,139757.72,23.81
866586,atl,58.000,8.750,1004.45,1004.24,6.06,2.07,33.13,33.75,0.00,0.00,4.98
866586,atl,48.500,-30.000,1004.19,1002.97,12.09,3.40,41.88,41.88,0.00,0.00,7.81
866586,pac,52.250,168.000,968.11,967.55,15.78,3.31,45.32,52.06,0.00,27409.01,5.59
866586,pac,45.250,229.250,999.82,999.37,14.36,3.97,55.27,55.27,0.00,23144.34,7.39
866586,pac,40.750,196.750,979.97,979.43,22.12,4.46,52.01,65.63,17413.54,285193.08,7.21
866586,pac,37.250,164.250,1002.51,1001.59,7.62,2.45,60.78,60.78,0.00,21825.46,5.43
866592,atl,67.500,-24.250,981.78,981.27,19.09,4.79,81.85,81.85,34231.68,116499.28,27.04
866592,atl,63.000,-36.000,983.54,983.35,12.06,1.59,44.25,68.72,13918.57,86287.35,12.04
866592,atl,58.250,10.000,1005.00,1004.39,7.67,2.59,34.41,34.41,0.00,0.00,4.65
866592,atl,50.250,-25.500,1000.42,999.53,14.55,4.22,53.19,53.19,0.00,7794.08,8.61
866592,pac,54.250,169.500,956.73,955.60,23.39,5.73,49.12,54.70,0.00,30819.89,10.67
866592,pac,43.500,230.750,1004.22,1003.46,11.37,3.22,48.04,48.04,0.00,0.00,6.45
866592,pac,40.000,197.500,983.21,982.79,19.37,4.14,48.85,58.42,0.00,115012.85,6.45
866592,pac,38.750,169.250,1004.01,1003.21,7.20,2.44,52.55,52.55,0.00,9205.55,5.62
866598,atl,66.750,-4.750,1001.36,1001.20,6.54,1.22,33.32,36.51,0.00,0.00,4.21
866598,atl,65.750,-33.000,981.83,980.84,17.58,3.78,69.65,74.16,15456.26,102192.11,24.40
866598,atl,63.000,-36.250,982.16,982.06,13.29,1.29,35.11,69.65,7286.94,79210.49,16.24
866598,atl,52.500,-20.750,991.85,991.05,19.13,5.76,57.41,57.41,0.00,45572.05,12.64
866598,pac,55.250,171.750,949.96,949.17,27.80,6.79,62.02,62.02,0.00,172284.48,11.71
866598,pac,40.000,174.750,1003.08,1002.05,8.54,2.86,52.86,52.86,0.00,7758.11,5.22
866598,pac,39.500,199.000,988.19,987.84,16.13,3.60,52.65,53.91,0.00,95522.51,5.16
866604,atl,61.250,-37.250,985.86,985.64,13.89,1.82,45.72,61.51,0.00,97857.17,11.96
866604,atl,53.750,-16.500,983.59,982.64,26.81,8.36,70.41,70.41,18746.79,130110.81,16.49
866604,pac,56.500,172.750,948.53,947.95,29.41,7.09,62.02,62.02,0.00,297324.30,10.69
866604,pac,39.750,200.500,991.85,991.52,12.98,2.83,44.92,45.24,0.00,0.00,4.33
866610,atl,60.750,-35.750,990.91,990.64,12.93,1.92,37.97,52.30,0.00,34974.45,10.36
866610,atl,54.000,-12.250,982.24,981.30,27.45,8.07,69.72,69.72,23431.10,196076.33,13.18
866610,pac,59.000,213.750,1001.92,1001.69,8.99,1.94,30.77,30.77,0.00,0.00,17.21
866610,pac,57.500,173.750,950.62,949.94,28.16,6.91,64.38,64.38,1313.10,299536.99,9.65
866610,pac,46.750,211.250,1001.72,1001.33,8.37,2.31,43.83,43.83,0.00,0.00,6.22
866610,pac,40.000,202.000,993.68,993.33,11.78,2.58,40.59,41.81,0.00,0.00,3.94
866616,atl,60.500,-35.000,994.82,994.66,12.01,1.65,31.33,50.69,0.00,668.41,9.06
866616,atl,54.750,-9.500,981.51,980.06,26.29,7.63,70.47,70.47,17690.86,180650.94,10.31
866616,atl,47.500,-64.250,1004.55,1004.35,8.14,1.99,58.36,58.36,0.00,36204.42,7.66
866616,pac,58.750,214.750,999.89,999.72,8.79,1.71,31.24,32.36,0.00,0.00,14.98
866616,pac,58.500,174.500,956.12,955.36,25.18,6.39,57.89,59.60,0.00,167170.52,7.52
866616,pac,47.750,214.000,1001.32,1000.97,7.23,1.95,36.21,40.76,0.00,0.00,4.71
866616,pac,40.750,204.000,994.43,994.24,10.63,2.12,37.24,39.88,0.00,0.00,3.75
866622,atl,60.000,-33.750,996.11,995.97,10.98,1.62,31.45,49.44,0.00,0.00,7.71
866622,atl,55.250,-7.500,985.97,985.01,20.83,5.70,61.03,61.03,0.00,99668.51,7.80
866622,atl,50.000,-60.750,998.95,998.47,9.22,2.50,43.56,48.84,0.00,0.00,8.79
866622,pac,59.500,175.250,960.60,959.95,23.19,6.02,53.57,56.02,0.00,99057.81,6.96
866622,pac,59.000,216.250,1000.17,1000.08,7.33,1.34,31.16,31.39,0.00,0.00,15.91
866622,pac,48.250,216.250,1001.34,1001.04,5.98,1.54,30.94,38.54,0.00,0.00,3.30
866622,pac,42.000,206.250,995.19,994.95,10.21,1.96,37.26,39.39,0.00,0.00,3.44
866628,atl,59.500,-31.000,997.03,996.74,9.37,1.57,33.18,41.67,0.00,0.00,4.38
866628,atl,57.750,-80.000,978.00,977.90,15.14,2.61,63.04,63.51,0.00,122359.66,9.87
866628,atl,55.000,-5.250,990.42,989.62,17.12,4.79,51.92,51.92,0.00,4492.89,7.03
866628,atl,52.250,-56.500,995.70,995.50,9.44,2.20,41.56,45.52,0.00,0.00,5.52
866628,atl,46.750,-27.500,1002.93,1001.74,12.38,3.73,49.32,49.32,0.00,0.00,5.55
866628,pac,60.750,175.750,968.76,968.18,19.69,5.21,48.59,49.89,0.00,0.00,6.18
866628,pac,59.250,211.500,1002.95,1002.81,4.71,1.09,24.32,27.41,0.00,0.00,17.68
866628,pac,56.750,237.750,1001.97,1001.21,7.78,2.00,35.41,35.41,0.00,0.00,13.09
866628,pac,56.250,220.250,1001.18,1000.87,5.41,1.35,27.47,27.47,0.00,0.00,13.01
866628,pac,48.750,160.500,974.01,973.35,16.32,4.15,58.23,58.23,0.00,77406.30,9.65
866628,pac,48.750,220.750,1001.07,1000.76,5.80,1.34,39.18,39.51,0.00,0.00,3.13
866628,pac,42.750,208.500,996.69,996.54,9.54,2.02,36.05,36.70,0.00,0.00,3.01
866634,atl,59.750,-29.000,996.70,996.46,8.92,1.53,29.59,42.39,0.00,0.00,4.64
866634,atl,58.750,-8.250,998.31,998.13,7.62,2.06,37.72,40.43,0.00,0.00,4.37
866634,atl,57.250,-77.000,980.03,979.63,15.00,3.78,59.79,59.79,0.00,77566.71,9.73
866634,atl,56.500,-60.750,989.94,989.85,6.90,1.21,33.66,38.10,0.00,0.00,3.99
866634,atl,54.750,-2.750,994.53,993.87,12.91,3.63,47.12,47.12,0.00,0.00,6.06
866634,atl,48.250,-21.250,996.34,994.83,15.55,4.70,52.75,52.75,0.00,2590.42,9.28
866634,pac,62.000,162.000,981.72,981.36,6.23,1.68,28.75,28.75,0.00,0.00,13.00
866634,pac,62.000,169.250,981.60,980.99,6.14,0.81,32.49,40.78,0.00,0.00,6.98
866634,pac,62.000,176.250,976.94,976.27,15.10,3.90,40.78,40.78,0.00,0.00,5.07
866634,pac,55.750,222.000,1002.53,1002.17,4.40,1.34,22.69,22.69,0.00,0.00,9.26
866634,pac,51.500,164.250,963.21,962.16,23.55,5.64,62.16,64.94,2570.34,158852.82,9.07
866634,pac,50.000,226.750,999.25,999.00,8.77,1.89,44.78,53.72,0.00,2669.44,7.07
866634,pac,43.750,211.000,998.90,998.79,8.36,1.76,30.23,30.93,0.00,0.00,3.03
866634,pac,42.000,172.250,988.15,986.32,13.13,3.99,53.64,53.64,0.00,9341.18,9.49
866640,atl,59.750,-69.250,989.38,989.02,5.62,1.12,40.92,46.61,0.00,0.00,6.86
866640,atl,59.500,-29.500,1000.30,1000.19,6.66,1.29,32.37,36.37,0.00,0.00,3.05
866640,atl,59.250,-10.000,995.53,995.06,9.58,2.83,35.59,38.84,0.00,0.00,4.13
866640,atl,58.000,-22.500,1000.30,1000.18,4.39,0.90,29.01,36.74,0.00,0.00,2.99
866640,atl,57.500,-75.000,983.48,983.13,13.51,3.39,55.33,56.69,0.00,65345.20,7.81
866640,atl,57.500,-59.000,987.20,987.07,10.29,1.99,45.58,51.23,0.00,6637.58,5.22
866640,atl,55.000,-0.500,995.52,995.02,11.23,3.12,39.98,39.98,0.00,0.00,5.16
866640,atl,48.500,-14.750,994.75,993.48,14.92,4.21,51.37,51.37,0.00,10044.76,6.84
866640,pac,63.500,170.750,987.25,986.98,5.36,0.91,28.51,37.49,0.00,0.00,5.44
866640,pac,63.500,177.250,985.94,985.62,10.55,2.84,37.49,37.49,0.00,0.00,4.87
866640,pac,52.750,164.500,960.31,959.48,24.75,6.13,66.88,66.88,6614.40,240147.38,14.70
866640,pac,51.000,230.250,995.40,994.61,11.47,2.97,50.16,56.86,0.00,10628.68,8.04
866640,pac,47.500,174.500,982.67,982.23,10.54,2.55,59.35,59.35,0.00,74871.88,6.85
866640,pac,43.750,212.500,999.40,999.27,8.03,1.62,29.87,31.51,0.00,0.00,2.62
866646,atl,59.500,-11.500,993.10,992.40,12.04,3.39,42.28,47.76,0.00,0.00,5.83
866646,atl,58.250,-58.500,982.18,981.82,14.23,2.94,60.42,66.17,7861.58,55752.09,6.56
866646,atl,57.250,-72.750,986.64,986.11,10.28,2.41,47.14,52.27,0.00,1761.90,6.61
866646,atl,55.500,0.750,993.75,993.22,11.78,3.38,39.45,39.45,0.00,0.00,5.63
866646,atl,48.250,-11.000,993.77,993.04,14.27,4.04,52.98,54.28,0.00,27928.64,7.19
866646,pac,65.000,177.000,990.71,990.47,7.42,2.14,32.11,32.11,0.00,0.00,4.02
866646,pac,53.750,166.500,960.46,959.83,23.18,5.39,63.50,63.50,0.00,248459.35,17.07
866646,pac,51.750,237.500,999.95,998.85,8.48,2.06,49.57,49.57,0.00,0.00,9.97
866646,pac,51.500,232.250,1000.75,1000.34,7.16,1.49,49.40,49.57,0.00,0.00,9.93
866646,pac,50.000,178.500,976.44,975.69,16.17,4.29,75.05,75.05,15938.69,131846.92,7.18
866646,pac,44.000,213.250,1001.06,1000.97,8.66,1.75,33.63,34.43,0.00,0.00,3.61
866652,atl,59.000,-12.500,992.66,991.96,14.13,3.81,47.77,49.05,0.00,0.00,6.66
866652,atl,58.750,-60.500,978.13,977.98,16.97,3.97,52.29,60.00,0.00,43137.46,7.52
866652,atl,56.250,1.000,992.94,992.45,12.24,3.60,42.10,42.10,0.00,0.00,8.56
866652,atl,47.750,-5.750,996.90,996.39,11.39,2.86,44.42,46.85,0.00,0.00,5.16
866652,pac,54.250,167.500,963.64,963.20,18.86,4.46,57.72,57.94,0.00,169130.87,16.70
866652,pac,54.250,176.000,968.81,968.34,14.46,3.01,55.87,65.51,4525.83,111071.23,7.71
866652,pac,43.750,214.000,1001.10,1001.02,8.87,1.77,38.27,38.73,0.00,0.00,4.21
866658,atl,58.500,-61.250,976.67,975.94,16.79,3.80,38.86,47.40,0.00,0.00,8.34
866658,atl,58.000,-13.000,993.81,993.24,14.26,3.93,48.31,49.33,0.00,0.00,5.65
866658,atl,56.750,0.500,991.17,990.65,13.41,4.17,45.81,45.81,0.00,0.00,9.09
866658,atl,47.250,-2.750,998.34,997.72,9.91,2.72,50.35,55.31,0.00,14419.95,4.72
866658,pac,56.000,177.000,963.69,963.04,20.30,4.94,56.76,56.92,0.00,86990.16,7.43
866658,pac,43.500,215.000,1002.45,1002.34,7.91,1.52,38.76,39.46,0.00,0.00,3.94
866664,atl,59.250,-65.750,982.64,981.97,12.21,2.34,36.01,44.94,0.00,0.00,7.12
866664,atl,58.500,-61.500,979.92,979.08,14.83,3.28,37.27,47.01,0.00,0.00,5.57
866664,atl,56.750,-12.500,999.53,999.13,10.33,2.67,41.75,45.57,0.00,0.00,4.99
866664,atl,56.750,-0.500,990.54,989.83,14.14,4.43,48.00,48.00,0.00,0.00,7.51
866664,atl,47.250,0.500,1000.62,1000.28,7.14,1.91,40.45,40.45,0.00,0.00,8.10
866664,pac,56.500,174.250,960.78,960.08,23.20,5.35,48.90,58.64,0.00,40598.71,7.75
866664,pac,48.250,195.250,993.02,992.64,10.63,2.72,48.01,48.01,0.00,0.00,4.66
866664,pac,43.000,216.250,1001.77,1001.70,6.72,1.08,37.31,41.09,0.00,0.00,3.56
866670,atl,59.000,-61.750,980.93,980.37,14.20,2.93,41.41,41.41,0.00,0.00,5.67
866670,atl,56.000,-0.750,991.08,990.10,13.33,4.06,43.58,43.58,0.00,0.00,5.98
866670,atl,55.250,-11.500,1003.72,1003.37,6.80,1.84,39.55,40.56,0.00,0.00,5.13
866670,atl,51.250,2.250,996.15,995.71,6.21,1.58,37.97,42.50,0.00,0.00,4.77
866670,pac,56.500,172.000,962.94,962.30,20.68,4.77,53.45,54.06,0.00,32480.41,6.18
866670,pac,50.250,197.000,988.08,987.23,13.53,3.74,52.44,52.44,0.00,13926.11,6.39
866670,pac,43.250,222.250,999.72,999.53,6.71,1.26,32.18,35.69,0.00,0.00,3.47
866676,atl,59.500,-62.500,983.04,982.62,13.93,3.09,44.30,44.38,0.00,0.00,4.97
866676,atl,54.750,-0.750,995.64,994.80,10.22,2.85,35.36,36.68,0.00,0.00,5.32
866676,atl,50.750,4.500,996.37,995.93,7.21,1.87,36.62,38.53,0.00,0.00,4.46
866676,pac,56.250,171.750,963.58,963.04,20.20,4.82,50.89,50.89,0.00,3124.75,5.89
866676,pac,51.500,198.500,985.53,984.53,15.09,4.65,56.25,56.25,0.00,18581.55,6.50
866676,pac,44.500,223.250,993.76,993.46,10.34,2.28,31.71,37.27,0.00,0.00,3.35
866682,atl,60.000,-63.500,985.96,985.59,12.79,2.83,37.02,39.61,0.00,0.00,5.03
866682,atl,53.250,0.750,999.80,999.21,7.81,2.06,29.90,33.18,0.00,0.00,3.91
866682,atl,51.000,9.500,998.99,998.85,5.98,1.33,32.40,36.35,0.00,0.00,6.15
866682,atl,43.750,9.000,1003.47,1003.02,5.32,2.01,41.54,41.54,0.00,0.00,14.70
866682,pac,56.750,171.500,963.35,962.93,21.12,4.92,50.37,52.38,0.00,10577.87,6.92
866682,pac,51.500,200.250,985.77,984.77,15.51,4.83,61.63,61.63,0.00,51552.67,8.19
866682,pac,49.500,206.500,992.26,991.57,9.92,2.77,48.90,61.63,0.00,25679.13,8.19
866682,pac,46.750,224.750,990.24,989.97,11.40,2.46,36.31,38.48,0.00,0.00,4.41
866682,pac,33.750,162.750,1002.72,1000.12,8.88,2.95,58.07,58.07,0.00,11711.37,8.96
866688,atl,61.000,-37.000,1002.59,1001.76,15.61,4.31,57.20,63.35,0.00,70063.20,12.11
866688,atl,60.750,-65.500,990.86,990.53,9.84,1.94,30.50,35.80,0.00,0.00,5.74
866688,atl,60.500,-77.500,995.02,994.96,5.23,1.01,25.91,28.60,0.00,0.00,3.58
866688,atl,51.750,2.750,1003.20,1002.78,6.75,1.86,32.40,32.40,0.00,0.00,3.27
866688,pac,57.000,169.000,966.06,965.71,19.26,4.50,52.13,55.62,0.00,9331.27,7.06
866688,pac,51.000,203.000,986.98,985.99,15.31,4.35,64.25,64.25,998.61,69292.42,8.13
866688,pac,50.750,207.750,990.27,989.56,10.90,2.54,53.93,64.25,998.61,51866.64,8.13
866688,pac,47.750,226.250,986.88,986.74,11.70,2.46,37.68,44.59,0.00,0.00,5.36
866688,pac,36.000,168.000,995.30,992.00,13.36,4.66,86.67,86.67,18859.71,114971.06,11.36
866694,atl,61.500,-40.000,999.20,998.47,14.74,5.31,64.34,64.34,716.64,67105.12,12.65
866694,atl,61.250,-66.000,992.29,992.00,9.19,1.83,31.33,35.11,0.00,0.00,4.97
866694,atl,60.750,-78.500,994.26,994.14,5.70,1.23,23.41,27.19,0.00,0.00,3.70
866694,atl,48.250,-77.250,995.64,995.48,9.40,1.94,22.04,33.94,0.00,0.00,5.14
866694,pac,56.250,166.500,966.46,966.11,17.25,4.15,50.44,50.91,0.00,1219.93,9.46
866694,pac,50.500,228.000,986.10,985.83,11.48,2.24,42.02,45.28,0.00,0.00,10.23
866694,pac,50.250,175.500,979.71,979.33,7.78,1.99,48.61,49.29,0.00,0.00,4.97
866694,pac,50.000,207.250,988.24,987.81,15.59,4.13,57.38,57.38,0.00,69495.54,6.93
866694,pac,49.000,230.750,986.07,985.72,12.78,2.39,45.28,45.28,0.00,0.00,8.02
866694,pac,42.250,173.750,988.39,986.85,10.37,2.47,69.95,75.66,46142.14,136757.22,17.93
866694,pac,39.000,174.000,984.97,980.71,19.56,6.44,75.66,75.66,54087.45,232622.87,17.93
866700,atl,61.500,-67.250,993.74,993.52,8.02,1.76,30.79,35.07,0.00,0.00,6.00
866700,atl,61.500,-40.000,1000.35,999.33,12.38,4.34,60.42,60.42,0.00,35556.42,13.61
866700,atl,60.750,-78.750,993.77,993.63,6.36,1.42,26.81,27.39,0.00,0.00,3.20
866700,atl,54.000,-28.750,1004.59,1004.32,8.39,2.29,43.20,45.46,0.00,0.00,4.67
866700,atl,49.000,-74.250,993.45,993.24,10.13,2.16,28.98,31.22,0.00,0.00,5.25
866700,atl,41.500,-65.500,1001.31,1000.95,6.71,1.62,46.22,46.22,0.00,0.00,4.90
866700,pac,55.250,165.250,966.72,966.19,15.66,3.79,47.55,47.55,0.00,0.00,12.18
866700,pac,53.500,177.750,972.61,972.13,11.09,2.90,46.21,46.80,0.00,0.00,5.07
866700,pac,50.750,227.500,986.75,986.33,10.27,2.19,32.82,41.61,0.00,0.00,9.68
866700,pac,49.500,220.000,993.12,992.68,4.61,1.29,39.81,43.24,0.00,0.00,3.85
866700,pac,49.250,210.000,991.76,991.20,13.34,3.26,53.72,54.02,0.00,60503.31,5.47
866700,pac,46.250,178.500,979.62,978.01,12.26,3.78,67.24,77.14,16740.62,123039.32,12.65
866700,pac,42.000,180.000,983.11,980.69,18.49,5.84,81.10,81.10,60295.79,311552.61,12.65
866706,atl,62.250,-70.500,995.40,995.23,6.93,1.40,31.70,36.76,0.00,0.00,7.26
866706,atl,62.000,-39.750,1003.14,1002.37,9.61,3.27,53.73,58.01,0.00,20119.47,11.29
866706,atl,60.750,-78.750,994.75,994.63,6.06,1.30,27.49,28.46,0.00,0.00,3.15
866706,atl,56.250,-28.750,1001.18,1000.67,10.96,3.00,47.58,47.58,0.00,0.00,5.21
866706,atl,49.750,-71.250,991.21,990.92,10.58,2.22,31.92,38.47,0.00,0.00,5.59
866706,atl,43.750,-63.500,993.79,992.84,8.94,2.37,55.62,55.62,0.00,13840.47,5.59
866706,pac,56.000,177.000,966.78,966.09,13.62,3.44,41.75,45.56,0.00,0.00,5.26
866706,pac,54.500,165.250,966.98,966.50,13.83,3.33,43.00,48.88,0.00,0.00,10.91
866706,pac,51.000,227.250,988.17,987.66,11.16,2.31,31.94,40.61,0.00,0.00,10.86
866706,pac,50.750,181.500,969.98,968.77,15.24,4.85,68.12,68.12,14844.63,139589.35,9.00
866706,pac,47.750,212.750,996.52,996.28,11.52,2.68,51.34,51.34,0.00,14041.58,5.35
866706,pac,46.500,185.000,980.12,978.70,17.61,5.52,77.05,77.05,50443.49,271901.27,9.16
866712,atl,62.750,-71.000,997.41,997.18,6.59,1.41,32.64,36.45,0.00,0.00,11.07
866712,atl,60.750,-79.500,996.72,996.65,6.01,1.21,29.25,30.48,0.00,0.00,3.21
866712,atl,58.000,-28.750,998.42,997.78,14.17,3.90,53.27,53.27,0.00,44153.33,6.69
866712,atl,50.750,-68.750,989.61,989.37,12.30,2.89,41.00,41.00,0.00,0.00,5.66
866712,atl,45.000,-59.750,989.31,988.40,12.54,3.53,53.65,54.79,0.00,24308.13,6.04
866712,pac,57.250,174.500,961.99,961.26,16.72,3.96,52.27,53.20,0.00,14415.01,7.94
866712,pac,53.750,166.500,968.16,967.71,10.98,2.71,42.37,48.94,0.00,0.00,8.36
866712,pac,51.750,236.750,996.77,995.67,8.22,2.02,36.75,37.46,0.00,0.00,22.11
866712,pac,51.250,188.250,973.02,972.02,20.53,6.47,67.35,67.35,11172.09,219372.36,10.25
866712,pac,51.250,227.500,988.35,987.71,12.60,3.09,42.98,43.58,0.00,0.00,10.75
866712,pac,46.500,216.000,999.68,999.46,8.81,1.81,47.82,47.88,0.00,0.00,4.41
866712,pac,42.750,162.000,997.13,996.00,7.63,2.61,55.80,55.80,0.00,50349.56,5.43
866718,atl,60.750,-80.000,998.81,998.74,5.83,1.06,27.57,29.81,0.00,0.00,3.03
866718,atl,60.250,-30.250,997.53,996.65,16.46,4.33,56.89,56.89,0.00,120875.50,7.31
866718,atl,50.750,-66.500,987.59,986.84,13.12,3.35,43.57,47.99,0.00,0.00,5.46
866718,atl,46.500,-56.500,984.76,983.78,14.91,3.99,46.21,52.63,0.00,3259.44,6.16
866718,pac,59.500,217.750,1002.44,1002.29,8.63,2.46,24.85,28.54,0.00,0.00,14.66
866718,pac,57.750,171.000,958.20,957.55,19.52,4.78,65.72,65.72,2321.22,58448.02,14.65
866718,pac,55.500,188.500,968.08,966.91,20.40,6.18,57.46,57.46,0.00,73091.73,9.14
866718,pac,51.500,227.750,990.81,990.11,13.68,3.69,44.27,44.27,0.00,0.00,9.24
866718,pac,51.500,237.250,1000.15,998.86,8.52,2.03,33.10,46.76,0.00,0.00,26.50
866724,atl,62.000,-34.000,997.19,996.25,20.59,5.36,61.62,61.62,0.00,135042.71,10.37
866724,atl,49.500,-60.500,984.86,984.25,12.83,3.04,52.56,55.46,0.00,24631.64,6.31
866724,atl,48.750,-53.750,981.99,981.41,16.45,3.97,51.32,53.70,0.00,32873.17,5.85
866724,pac,59.000,218.250,1003.47,1003.32,8.37,2.20,25.21,27.59,0.00,0.00,18.52
866724,pac,58.500,186.250,963.15,961.71,22.88,6.73,55.96,55.96,0.00,32581.94,11.48
866724,pac,58.250,221.000,1003.47,1003.07,8.34,1.95,25.28,27.59,0.00,0.00,18.00
866724,pac,56.750,168.250,956.45,955.38,20.97,5.63,53.86,53.86,0.00,26052.99,10.93
866724,pac,51.750,228.250,994.81,994.18,13.41,3.86,43.70,43.70,0.00,0.00,9.52
866724,pac,45.750,178.000,987.07,985.09,12.51,4.15,65.76,65.76,18150.06,165630.07,7.87
866730,atl,62.500,-38.750,995.25,994.13,21.21,7.05,67.80,67.80,4382.60,100323.77,14.48
866730,atl,51.000,-55.000,971.74,970.71,23.80,5.93,53.86,61.46,0.00,104670.32,9.23
866730,pac,60.250,183.250,962.94,962.00,23.06,6.65,56.59,56.59,0.00,30541.71,12.51
866730,pac,57.500,220.500,1004.93,1004.77,6.82,1.42,26.48,27.11,0.00,0.00,17.56
866730,pac,56.000,168.000,957.77,956.47,19.80,5.75,56.15,56.15,0.00,16127.60,11.94
866730,pac,52.000,228.500,997.81,997.25,12.66,3.65,40.76,40.76,0.00,0.00,9.06
866730,pac,48.250,184.250,978.91,976.66,18.22,6.33,68.29,68.29,26963.71,174719.06,14.52
866736,atl,62.000,-39.500,999.19,998.34,15.78,5.78,58.74,58.85,0.00,74378.50,12.90
866736,atl,51.500,-41.250,986.99,986.48,13.82,3.56,57.26,57.26,0.00,67182.65,7.31
866736,atl,51.000,-54.000,968.71,967.83,26.90,6.64,61.56,63.21,0.00,182626.96,10.47
866736,pac,61.000,178.000,968.22,967.66,18.96,5.21,59.00,59.00,0.00,29043.71,10.48
866736,pac,55.250,168.250,963.21,962.31,17.61,4.97,47.51,48.84,0.00,0.00,9.94
866736,pac,52.500,228.500,999.70,999.16,11.12,3.25,38.25,38.25,0.00,0.00,8.01
866736,pac,50.250,189.250,976.33,975.66,20.99,7.15,73.91,73.91,22284.02,173469.95,12.27
866742,atl,62.000,-40.250,1004.17,1003.05,7.75,3.82,47.97,56.55,0.00,12876.64,11.55
866742,atl,51.500,-50.500,969.47,968.38,24.56,5.82,66.46,66.46,13578.44,287677.34,9.38
866742,pac,55.000,171.000,966.80,966.05,16.75,4.42,51.72,55.43,0.00,59236.05,7.05
866742,pac,52.750,229.500,1001.27,1000.59,9.69,2.99,35.92,35.92,0.00,0.00,10.18
866742,pac,51.750,193.000,975.87,974.88,21.27,6.83,65.08,65.08,4434.26,86488.13,10.49
866742,pac,41.000,235.000,1003.91,1002.64,6.25,1.94,37.50,37.50,0.00,0.00,10.68
866748,atl,52.750,-47.500,970.53,969.82,23.50,5.37,65.42,65.42,6369.15,289632.44,8.22
866748,pac,55.250,173.750,973.80,973.10,15.42,4.03,46.80,49.63,0.00,0.00,5.71
866748,pac,53.000,230.500,1003.45,1002.63,6.70,1.96,39.65,39.65,0.00,0.00,9.93
866748,pac,52.750,195.500,974.51,973.63,22.02,6.75,56.56,56.56,0.00,57485.72,8.87
866754,atl,54.250,-45.250,971.42,970.72,23.33,5.03,56.69,66.49,19146.52,245121.14,7.99
866754,pac,61.000,219.500,1003.63,1002.17,5.09,2.96,17.12,21.95,0.00,0.00,25.25
866754,pac,55.250,176.000,979.39,978.76,13.45,3.48,44.87,44.87,0.00,0.00,4.60
866754,pac,53.750,197.250,975.13,974.33,20.24,5.91,51.23,51.23,0.00,4797.39,7.00
866760,atl,55.250,-44.000,978.40,977.80,18.45,3.94,45.77,62.74,0.00,109721.08,6.62
866760,pac,61.000,219.750,1003.81,1001.63,4.62,2.95,23.12,27.28,0.00,0.00,24.51
866760,pac,55.500,177.500,983.76,983.29,11.17,2.96,38.40,38.40,0.00,0.00,3.49
866760,pac,54.250,198.250,978.53,977.85,16.77,4.56,49.45,49.45,0.00,0.00,5.66
866766,atl,55.750,-42.500,981.05,980.63,15.97,3.45,52.31,61.52,0.00,73445.69,7.49
866766,atl,39.750,-62.500,1003.37,1002.78,9.64,2.28,57.20,57.20,0.00,17436.30,4.95
866766,pac,55.500,178.250,985.30,984.96,8.85,2.32,26.53,29.79,0.00,0.00,2.81
866766,pac,54.500,200.000,980.42,979.88,14.61,3.81,47.21,47.21,0.00,0.00,4.89
866766,pac,47.750,175.750,989.06,988.64,6.97,1.75,58.48,58.48,0.00,65978.86,5.69
866772,atl,56.250,-40.000,983.90,983.56,14.16,3.02,43.62,52.49,0.00,12291.65,5.14
866772,atl,41.500,-54.250,1000.48,999.68,12.49,3.18,50.02,51.63,0.00,1727.34,6.08
866772,pac,55.500,178.250,986.07,985.83,6.53,1.78,25.34,30.21,0.00,0.00,2.75
866772,pac,55.250,201.750,981.26,980.86,12.93,3.28,41.82,42.88,0.00,0.00,4.26
866772,pac,51.250,215.500,996.15,995.80,7.37,1.78,36.79,40.77,0.00,0.00,3.81
866772,pac,49.000,161.750,969.14,968.63,19.71,4.65,67.80,71.96,45269.83,187653.44,8.15
866772,pac,48.500,184.500,988.66,988.14,8.10,2.05,53.21,53.29,0.00,90363.97,5.00
866778,atl,60.500,-48.250,993.45,993.26,7.61,1.86,51.53,52.03,0.00,10337.75,10.95
866778,atl,57.500,-36.750,985.50,985.23,12.91,2.48,45.34,46.91,0.00,0.00,5.52
866778,atl,42.750,-51.250,995.67,995.00,13.97,3.42,52.92,57.59,0.00,39691.32,6.18
866778,pac,56.000,202.750,981.54,981.11,11.25,2.88,34.22,36.44,0.00,0.00,7.21
866778,pac,53.500,217.000,991.94,991.55,9.07,2.33,38.27,40.61,0.00,0.00,4.17
866778,pac,50.750,167.500,968.89,968.53,17.19,3.42,60.13,68.31,10478.08,174605.87,7.84
866778,pac,48.250,193.500,989.74,989.15,8.11,2.01,51.54,52.59,0.00,72167.26,5.03
866784,atl,62.500,-51.000,994.74,994.53,9.84,2.53,52.08,52.46,0.00,9870.74,9.39
866784,atl,59.000,-33.750,988.38,988.18,11.51,2.28,43.29,43.46,0.00,0.00,5.88
866784,atl,43.500,-48.250,991.70,991.47,15.66,3.49,52.37,52.52,0.00,25848.72,7.65
866784,pac,56.750,203.000,981.87,981.51,9.06,2.37,33.18,33.18,0.00,0.00,5.78
866784,pac,56.000,217.000,986.42,985.96,11.86,2.98,47.88,53.14,0.00,6093.87,16.44
866784,pac,51.500,173.000,969.07,968.96,15.43,2.81,62.20,68.03,19706.44,184598.08,6.77
866784,pac,47.500,204.500,988.90,988.28,10.95,2.79,51.84,57.51,0.00,71631.37,5.44
866790,atl,62.500,-52.000,996.44,996.21,7.84,2.07,42.25,44.84,0.00,0.00,10.03
866790,atl,60.750,-33.250,989.29,989.15,11.32,1.91,37.83,52.28,0.00,653.17,8.25
866790,atl,60.000,-48.750,996.41,996.24,5.51,1.23,37.06,45.08,0.00,0.00,10.03
866790,atl,46.000,-43.250,983.75,982.89,18.54,4.30,65.45,65.45,1683.96,141533.06,8.82
866790,pac,58.000,214.750,981.30,980.67,13.00,3.43,47.86,56.41,0.00,7319.52,17.84
866790,pac,57.750,200.500,980.94,980.59,6.54,1.69,29.60,31.30,0.00,0.00,5.64
866790,pac,52.750,178.750,968.70,968.60,14.27,2.57,49.82,66.20,4600.88,104725.98,6.39
866790,pac,47.750,211.250,989.17,988.64,10.64,2.63,48.41,52.66,0.00,18160.13,5.65
866796,atl,68.250,-55.750,998.73,998.42,11.97,2.82,45.95,45.95,0.00,0.00,11.55
866796,atl,61.500,-35.750,990.24,990.09,10.91,1.99,44.28,55.78,0.00,13975.64,9.70
866796,atl,59.750,-48.750,997.96,997.88,4.18,0.85,33.65,42.61,0.00,0.00,9.79
866796,atl,48.500,-41.250,973.74,971.99,24.77,6.50,58.13,61.97,0.00,202780.89,14.41
866796,pac,59.250,212.000,977.11,976.27,12.83,3.67,55.86,55.86,0.00,3863.85,18.13
866796,pac,58.250,198.500,976.62,976.26,5.20,1.47,23.96,24.96,0.00,0.00,5.31
866796,pac,53.000,184.250,970.72,970.60,11.69,1.99,50.50,65.85,6104.11,120548.48,6.05
866796,pac,48.750,216.500,989.10,988.61,9.90,2.39,43.72,53.87,0.00,11833.58,4.85
866802,atl,68.750,-57.250,998.48,998.12,10.87,2.47,42.29,42.29,0.00,0.00,11.69
866802,atl,62.000,-34.750,989.95,989.88,9.82,1.77,51.86,60.53,0.00,26701.53,8.81
866802,atl,50.250,-39.500,962.84,961.08,30.67,9.09,74.29,74.29,18215.12,291863.90,18.69
866802,pac,65.000,227.000,999.92,997.38,4.61,1.99,27.28,27.28,0.00,0.00,13.88
866802,pac,61.750,210.250,978.00,977.30,9.57,2.21,36.29,36.29,0.00,0.00,17.41
866802,pac,58.750,197.000,973.33,973.05,5.02,1.49,24.23,25.29,0.00,0.00,4.61
866802,pac,53.750,198.250,970.13,969.71,8.29,1.79,45.09,56.33,0.00,30793.92,4.73
866802,pac,50.750,221.250,986.26,985.70,11.55,2.95,54.48,54.48,0.00,24101.83,5.31
866808,atl,65.750,-52.000,999.09,998.52,5.94,1.40,33.15,36.69,0.00,0.00,10.19
866808,atl,52.750,-35.500,963.22,962.83,26.46,6.83,71.99,71.99,46307.95,339081.50,12.89
866808,pac,65.000,227.250,995.34,992.96,6.62,2.29,23.13,25.07,0.00,0.00,16.01
866808,pac,63.750,209.250,980.54,979.15,6.85,1.95,38.55,38.55,0.00,0.00,16.04
866808,pac,63.250,233.000,998.60,997.78,6.23,2.44,21.79,22.73,0.00,0.00,16.01
866808,pac,59.250,167.750,1000.68,1000.37,4.05,1.49,31.39,35.36,0.00,0.00,6.39
866808,pac,58.750,196.000,974.11,973.86,5.10,1.46,23.40,25.21,0.00,0.00,3.51
866808,pac,58.000,237.000,1002.97,1001.38,4.06,2.06,27.35,27.35,0.00,0.00,14.03
866808,pac,54.250,203.000,969.28,969.01,9.04,1.85,38.67,50.21,0.00,993.45,4.25
866808,pac,54.250,203.250,969.28,969.01,9.10,1.88,38.67,50.21,0.00,993.45,4.25
866808,pac,53.750,224.250,977.06,976.16,17.55,5.00,60.99,62.83,0.00,51977.71,11.00
866814,atl,55.750,-32.500,961.27,960.80,24.50,5.93,69.65,70.47,52574.02,226428.23,10.11
866814,atl,49.000,-79.750,1001.67,1001.38,9.83,1.95,21.54,38.80,0.00,0.00,4.56
866814,pac,64.750,227.250,991.52,989.55,6.14,1.96,20.50,24.95,0.00,0.00,16.95
866814,pac,63.500,233.000,993.20,991.50,7.38,2.84,23.33,25.71,0.00,0.00,16.95
866814,pac,59.500,169.000,999.45,999.02,5.76,2.23,31.67,34.27,0.00,0.00,7.26
866814,pac,58.500,195.750,976.16,975.95,4.83,1.37,24.32,30.71,0.00,0.00,3.41
866814,pac,56.250,223.750,971.46,969.93,15.55,4.61,56.40,65.71,437.70,16793.75,18.93
866814,pac,54.500,205.750,967.60,967.37,10.00,2.19,34.73,46.43,0.00,0.00,3.88
866820,atl,57.750,-29.500,961.75,961.43,22.88,5.09,72.87,72.87,67046.36,266531.28,10.14
866820,atl,49.750,-76.250,1003.16,1002.89,8.94,1.87,29.25,29.25,0.00,0.00,6.12
866820,pac,63.250,233.000,988.68,987.70,6.44,2.13,23.44,29.46,0.00,0.00,16.44
866820,pac,59.500,170.000,998.79,998.09,7.82,2.93,38.06,38.06,0.00,0.00,7.13
866820,pac,58.250,196.250,978.96,978.77,4.65,1.21,27.87,35.70,0.00,0.00,3.89
866820,pac,57.500,222.750,970.82,969.64,9.65,2.58,41.78,41.78,0.00,0.00,12.78
866820,pac,54.250,207.500,968.89,968.74,9.41,2.05,40.34,46.86,0.00,0.00,4.52
866826,atl,61.250,-29.750,960.42,960.02,23.90,4.49,63.18,66.84,6018.20,219127.46,9.65
866826,atl,50.250,-74.250,1003.66,1003.40,7.20,1.62,22.61,26.96,0.00,0.00,3.79
866826,pac,64.250,192.500,983.11,982.83,8.40,1.54,31.46,48.27,0.00,0.00,6.52
866826,pac,63.250,232.500,983.78,982.91,6.72,2.15,16.49,30.82,0.00,0.00,15.87
866826,pac,59.750,169.750,1000.30,999.47,7.89,2.82,38.67,38.67,0.00,0.00,8.43
866826,pac,55.000,223.250,968.31,967.98,9.13,1.95,34.13,38.13,0.00,0.00,10.97
866826,pac,54.250,219.250,968.74,968.52,6.39,1.03,31.22,39.72,0.00,0.00,5.18
866826,pac,53.250,162.000,1003.47,1003.31,4.40,1.24,35.34,35.34,0.00,0.00,4.06
866832,atl,63.000,-23.000,962.61,962.10,22.08,3.77,61.09,76.46,70984.70,367136.12,10.59
866832,pac,64.000,192.750,984.58,984.34,8.42,1.57,33.52,46.65,0.00,0.00,5.57
866832,pac,59.500,170.000,1001.88,1001.28,7.07,2.31,35.36,35.36,0.00,0.00,9.51
866832,pac,59.500,174.500,1001.95,1001.40,4.78,1.54,35.36,38.23,0.00,0.00,9.51
866832,pac,57.750,236.750,980.01,978.67,4.36,1.48,28.72,28.72,0.00,0.00,13.14
866832,pac,56.500,223.500,967.29,966.82,8.66,2.20,31.54,31.54,0.00,0.00,9.88
866832,pac,53.500,162.250,1003.31,1002.92,4.92,1.46,35.30,35.30,0.00,0.00,4.91
866838,atl,63.500,-23.000,964.91,964.58,20.51,4.03,67.05,70.07,56307.51,324117.76,8.91
866838,atl,44.500,-62.750,1002.45,1002.30,7.73,1.62,56.11,58.89,0.00,21728.83,5.32
866838,pac,63.250,192.750,985.83,985.73,8.17,1.66,36.11,43.65,0.00,0.00,5.37
866838,pac,62.750,232.500,977.71,976.50,6.21,2.09,12.51,25.04,0.00,0.00,14.91
866838,pac,59.250,170.500,1003.39,1002.96,5.15,1.61,30.73,30.73,0.00,0.00,9.16
866838,pac,57.250,222.750,967.96,967.43,8.06,2.13,35.39,35.39,0.00,0.00,9.03
866838,pac,55.000,170.750,1003.77,1003.41,4.64,1.36,33.24,36.62,0.00,0.00,3.32
866838,pac,53.750,163.250,1002.96,1002.38,5.61,1.94,36.70,36.70,0.00,0.00,5.60
866844,atl,68.000,-10.250,972.96,972.59,15.47,3.80,54.28,60.09,0.00,128471.51,6.16
866844,atl,63.250,-79.750,997.31,997.18,8.33,1.60,31.63,32.36,0.00,0.00,4.66
866844,atl,63.250,-22.250,969.12,968.53,20.52,4.80,57.14,60.83,0.00,232098.17,8.01
866844,atl,61.000,-42.250,997.15,996.98,8.53,2.98,46.48,46.48,0.00,0.00,13.63
866844,atl,47.250,-58.000,998.50,998.22,11.28,2.23,58.59,58.59,0.00,23833.37,6.13
866844,pac,62.750,193.500,987.31,987.21,7.20,1.45,36.38,42.89,0.00,0.00,7.02
866844,pac,62.250,232.250,978.23,977.52,4.47,1.67,11.45,21.78,0.00,0.00,12.47
866844,pac,59.500,217.500,971.57,971.41,6.94,1.62,27.81,33.79,0.00,0.00,9.44
866844,pac,57.750,222.250,969.83,969.09,7.52,2.20,31.34,31.34,0.00,0.00,9.44
866844,pac,57.000,237.000,977.60,976.76,4.10,1.37,29.02,31.28,0.00,0.00,9.55
866844,pac,56.250,175.250,1003.09,1002.76,4.90,1.27,35.33,36.26,0.00,0.00,2.83
866844,pac,54.000,164.250,1003.87,1003.09,5.67,2.18,38.70,38.70,0.00,0.00,5.24
866850,atl,66.500,-36.750,993.83,992.92,7.38,3.05,49.80,49.80,0.00,0.00,20.50
866850,atl,65.000,-13.250,976.10,975.91,12.81,2.55,53.83,53.83,0.00,71381.86,6.80
866850,atl,63.250,-76.250,998.09,997.98,7.09,1.27,26.58,29.32,0.00,0.00,3.60
866850,atl,63.250,-20.250,974.51,974.13,17.86,4.45,48.19,52.98,0.00,94099.05,7.60
866850,atl,61.000,-40.500,997.95,997.72,8.15,2.60,50.34,50.34,0.00,1972.66,15.46
866850,atl,59.750,-74.500,998.77,998.68,5.28,0.94,26.70,30.47,0.00,0.00,3.33
866850,atl,51.000,-53.250,993.44,993.09,14.25,3.32,53.07,54.67,0.00,3036.80,6.20
866850,pac,62.500,194.250,988.15,988.04,6.56,1.26,35.47,44.90,0.00,0.00,4.47
866850,pac,59.500,217.250,973.58,973.46,7.04,1.54,24.31,37.35,0.00,0.00,9.47
866850,pac,57.750,222.750,973.46,972.53,6.02,1.68,28.35,30.21,0.00,0.00,9.47
866850,pac,44.500,160.250,999.77,998.73,12.26,4.28,55.17,55.17,0.00,15024.63,11.03
866856,atl,69.000,-31.750,995.27,993.40,5.60,1.51,32.91,44.96,0.00,0.00,23.50
866856,atl,67.250,-7.250,979.44,979.26,10.69,2.39,47.43,47.48,0.00,0.00,9.33
866856,atl,67.000,-36.750,993.43,992.79,9.21,3.14,49.12,49.12,0.00,0.00,23.50
866856,atl,63.250,-16.750,979.72,979.25,15.14,3.86,49.49,49.49,0.00,0.00,10.70
866856,atl,62.250,-71.250,998.38,998.23,6.19,1.07,22.63,26.60,0.00,0.00,3.67
866856,atl,52.500,-50.250,989.40,989.01,14.58,3.43,45.46,57.33,0.00,22457.06,5.46
866856,pac,63.000,196.750,988.74,988.61,5.53,0.90,36.75,45.18,0.00,0.00,5.53
866856,pac,59.000,215.500,975.53,975.43,7.31,1.41,31.10,42.48,0.00,0.00,9.00
866856,pac,55.000,226.750,978.43,978.34,4.52,1.02,30.43,34.66,0.00,0.00,5.51
866856,pac,46.750,164.750,1000.02,998.25,13.22,4.49,44.32,44.32,0.00,0.00,10.86
866862,atl,67.500,-36.500,992.65,991.57,8.96,2.84,41.93,44.66,0.00,0.00,14.93
866862,atl,66.750,-32.000,994.35,993.92,5.68,1.04,31.39,44.66,0.00,0.00,14.93
866862,atl,64.750,-38.000,993.56,993.29,7.27,1.93,44.66,44.66,0.00,0.00,14.93
866862,atl,61.500,-43.250,995.61,995.17,4.35,1.38,34.09,44.66,0.00,0.00,14.93
866862,atl,61.250,-65.750,996.69,996.63,6.11,1.16,29.95,29.95,0.00,0.00,3.94
866862,atl,54.000,-46.750,985.14,984.71,13.32,2.93,37.01,44.31,0.00,0.00,5.18
866862,pac,62.500,195.750,988.68,988.45,6.34,1.29,38.93,45.40,0.00,0.00,4.47
866862,pac,59.000,215.750,976.66,976.55,7.50,1.58,30.92,39.58,0.00,0.00,8.51
866862,pac,48.750,169.250,1002.92,1001.98,10.24,3.29,42.26,42.26,0.00,0.00,4.87
866868,atl,67.750,-36.500,994.01,992.89,6.36,1.91,29.51,34.40,0.00,0.00,9.18
866868,atl,64.500,-34.000,993.28,993.15,5.94,1.42,32.32,34.40,0.00,0.00,9.18
866868,atl,62.250,-13.500,994.65,994.03,8.83,2.66,47.42,47.42,0.00,0.00,5.74
866868,atl,61.000,-60.000,992.64,992.56,6.81,1.56,36.03,36.03,0.00,0.00,6.45
866868,atl,55.750,-43.000,979.38,978.83,13.99,3.36,39.88,44.41,0.00,0.00,5.57
866868,pac,59.000,215.500,978.30,978.20,7.58,1.68,27.84,33.89,0.00,0.00,10.01
866868,pac,42.500,206.500,1003.89,1003.40,6.00,1.58,44.00,54.51,0.00,7153.27,3.93
866874,atl,65.250,-31.500,991.80,991.61,5.11,1.37,34.68,35.57,0.00,0.00,9.06
866874,atl,60.500,-57.250,988.77,988.63,6.67,1.56,35.66,39.93,0.00,0.00,8.21
866874,atl,57.250,-40.000,972.19,971.69,16.24,4.03,49.88,49.88,0.00,0.00,7.56
866874,pac,59.250,215.000,980.34,980.23,7.67,1.68,30.64,32.80,0.00,0.00,11.41
866874,pac,50.750,172.000,1001.70,1001.43,5.95,1.36,33.83,33.90,0.00,0.00,3.61
866874,pac,46.500,169.750,1003.37,1002.44,5.97,1.92,48.29,48.29,0.00,0.00,4.81
866874,pac,39.500,218.000,999.31,998.20,10.01,2.89,54.73,54.73,0.00,23467.39,5.32
866880,atl,66.500,0.000,999.63,999.23,6.12,1.87,37.22,42.42,0.00,0.00,4.08
866880,atl,60.250,-55.000,987.56,987.32,7.09,1.43,41.18,42.82,0.00,0.00,7.98
866880,atl,59.000,-35.750,965.56,964.89,19.79,4.43,51.17,55.46,0.00,32804.55,8.06
866880,pac,63.000,232.500,992.23,991.35,4.07,2.07,13.38,21.42,0.00,0.00,13.80
866880,pac,62.500,195.250,992.30,992.24,6.19,1.29,31.52,40.07,0.00,0.00,4.06
866880,pac,59.250,214.750,982.05,981.97,7.80,1.59,28.63,31.66,0.00,0.00,10.36
866880,pac,51.500,162.000,1001.35,1001.29,8.39,1.83,45.50,47.44,0.00,0.00,8.05
866880,pac,51.500,173.500,994.54,994.02,10.25,2.60,38.64,50.15,0.00,524.56,6.01
866880,pac,48.250,180.250,997.24,996.92,9.21,1.98,44.23,50.43,0.00,1590.88,6.02
866880,pac,40.750,224.000,988.79,986.59,15.47,4.66,58.28,58.28,0.00,30856.25,12.06
866886,atl,67.750,4.000,1000.15,999.79,6.73,2.16,33.96,43.37,0.00,0.00,5.73
866886,atl,60.000,-52.500,987.09,986.79,6.68,1.32,40.79,40.79,0.00,0.00,4.02
866886,atl,60.000,-33.750,960.13,959.82,21.34,4.78,56.45,67.70,4770.15,135514.23,10.55
866886,pac,63.250,232.500,994.62,993.77,4.36,2.15,15.05,20.31,0.00,0.00,13.67
866886,pac,61.500,194.000,991.77,991.69,6.31,1.33,31.70,42.90,0.00,0.00,4.41
866886,pac,59.250,214.250,983.79,983.69,7.98,1.60,28.46,32.65,0.00,0.00,10.72
866886,pac,50.000,185.000,984.05,982.85,16.23,4.21,53.94,55.21,0.00,31997.64,7.12
866886,pac,43.250,227.750,976.64,974.55,23.21,7.19,64.87,64.87,1137.21,54921.73,15.57
866892,atl,68.750,8.750,1001.82,1001.43,6.61,2.30,42.00,43.61,0.00,0.00,6.15
866892,atl,63.000,-25.000,958.41,957.43,20.67,3.89,58.05,68.35,665.37,135981.92,14.26
866892,atl,62.000,-31.250,958.84,958.55,20.52,4.22,58.05,71.45,15143.02,218897.51,9.19
866892,atl,59.750,-50.750,988.56,988.26,6.02,1.30,40.95,41.68,0.00,0.00,3.87
866892,pac,60.500,194.500,989.60,989.47,5.85,1.20,29.71,42.97,0.00,0.00,3.99
866892,pac,59.250,214.000,984.14,984.01,8.25,1.87,28.69,28.86,0.00,0.00,11.58
866892,pac,51.000,177.750,992.43,991.75,11.09,3.52,57.01,57.01,0.00,56207.77,6.76
866892,pac,50.500,188.500,972.34,971.20,22.20,6.53,56.96,58.06,0.00,191100.52,11.40
866892,pac,45.250,229.000,968.35,966.92,26.30,7.69,62.30,62.30,0.00,82252.40,11.63
866898,atl,64.000,-27.000,954.19,953.54,22.83,4.64,59.87,66.84,9316.98,199793.17,10.69
866898,pac,59.750,213.500,982.82,982.45,8.36,2.04,30.85,30.85,0.00,0.00,12.49
866898,pac,49.750,181.250,994.11,993.78,9.95,3.23,59.70,59.70,0.00,152152.93,7.14
866898,pac,49.750,194.000,970.08,969.82,19.38,4.56,67.21,67.21,18576.80,280730.42,9.03
866898,pac,46.250,229.750,967.51,966.03,27.05,7.65,62.71,62.71,0.00,119970.93,11.64
866904,atl,63.750,-28.750,956.98,956.39,20.41,4.80,62.26,70.98,39894.56,233016.11,14.75
866904,atl,48.250,-76.750,989.40,989.10,11.11,2.83,46.65,46.65,0.00,0.00,5.82
866904,pac,64.750,227.250,991.95,990.60,6.87,2.44,19.21,22.14,0.00,0.00,16.36
866904,pac,60.250,212.750,981.92,981.31,7.51,1.82,33.70,33.70,0.00,0.00,13.11
866904,pac,50.000,201.500,962.87,962.07,19.83,4.50,61.49,72.45,49385.93,151053.46,6.81
866904,pac,46.750,232.000,968.34,967.04,26.66,7.53,63.46,63.46,0.00,179702.35,10.79
866910,atl,66.000,-18.750,961.51,961.20,16.12,1.83,66.57,70.62,26781.21,163578.63,29.74
866910,atl,63.750,-26.500,957.82,957.60,18.86,4.45,67.65,70.62,53828.89,300341.20,8.62
866910,atl,49.250,-71.500,986.20,986.04,12.17,2.63,45.38,45.38,0.00,0.00,6.22
866910,pac,64.250,221.500,989.13,988.62,5.04,1.55,19.22,20.80,0.00,0.00,15.52
866910,pac,64.000,233.000,993.36,991.51,6.06,2.14,19.99,22.48,0.00,0.00,15.52
866910,pac,61.000,211.500,982.38,981.56,6.21,1.33,26.42,28.86,0.00,0.00,15.22
866910,pac,49.750,205.750,962.22,962.06,17.56,3.22,53.84,71.93,21578.75,148740.11,8.10
866910,pac,48.250,234.250,974.28,972.67,21.84,6.83,63.66,63.66,0.00,118714.43,11.65
866916,atl,66.750,-16.750,962.92,962.68,17.25,3.17,64.02,66.04,4415.16,142607.94,29.04
866916,atl,65.500,-39.000,977.27,976.86,9.05,2.56,45.50,54.22,0.00,15255.31,18.84
866916,atl,64.000,-24.500,962.58,962.10,16.11,3.82,60.64,63.76,0.00,274216.02,9.27
866916,atl,49.750,-65.500,985.66,985.41,11.93,2.01,35.20,46.79,0.00,0.00,8.70
866916,pac,64.500,222.000,988.90,988.32,5.21,1.74,18.71,20.95,0.00,0.00,16.72
866916,pac,64.000,233.000,992.90,991.20,5.57,1.94,20.18,24.39,0.00,0.00,16.72
866916,pac,52.500,238.000,987.23,986.80,6.77,1.49,43.39,57.09,0.00,3049.49,11.34
866916,pac,49.000,209.500,960.97,960.75,17.37,2.96,51.74,65.45,7587.52,158400.39,7.03
866922,atl,67.500,-16.750,964.93,964.65,17.54,3.30,66.57,66.57,3832.86,89175.28,26.39
866922,atl,51.500,-60.500,984.43,984.19,12.92,2.44,37.76,41.10,0.00,0.00,5.26
866922,pac,64.750,226.750,992.15,990.19,4.65,1.55,16.73,18.65,0.00,0.00,15.54
866922,pac,64.500,222.250,990.10,989.52,4.69,1.76,16.73,19.43,0.00,0.00,15.54
866922,pac,64.000,233.000,993.43,992.02,5.23,1.77,19.71,24.17,0.00,0.00,15.54
866922,pac,48.500,213.500,961.71,961.53,15.19,2.34,50.48,63.73,0.00,167407.11,6.22
866928,atl,68.000,-16.000,969.72,969.55,15.81,2.92,63.96,63.96,0.00,49691.33,21.74
866928,atl,52.750,-56.000,987.42,987.11,12.03,2.40,39.31,44.65,0.00,0.00,4.99
866928,pac,62.750,234.000,994.71,994.35,4.43,1.81,13.32,22.50,0.00,0.00,16.63
866928,pac,49.750,161.000,997.20,996.89,16.58,4.05,43.78,45.60,0.00,0.00,6.13
866928,pac,49.250,216.750,960.84,960.58,14.05,2.28,45.83,63.08,0.00,92178.57,5.57
866934,atl,68.750,-15.500,972.80,972.63,15.75,3.44,59.38,59.38,0.00,31590.68,18.01
866934,atl,67.000,-37.250,987.08,986.56,5.90,1.78,30.88,36.17,0.00,0.00,14.06
866934,atl,63.750,-45.500,987.87,987.29,8.15,2.40,22.65,39.39,0.00,0.00,11.74
866934,atl,61.250,-41.750,987.04,986.92,7.05,2.02,40.32,41.76,0.00,0.00,11.07
866934,atl,56.000,-44.750,989.85,989.01,8.49,2.22,44.52,47.96,0.00,0.00,9.47
866934,pac,62.500,233.000,992.90,992.32,4.48,2.04,11.78,18.41,0.00,0.00,17.34
866934,pac,51.000,163.500,994.01,993.82,17.34,3.71,43.53,47.42,0.00,0.00,8.68
866934,pac,49.750,218.750,960.66,960.42,13.77,2.24,45.12,56.26,0.00,61425.73,5.57
866940,atl,68.750,-15.500,978.68,978.42,12.62,3.18,55.59,55.59,0.00,13169.50,9.54
866940,atl,61.750,-39.250,986.72,986.59,7.64,1.86,40.32,51.62,0.00,4487.38,10.97
866940,atl,42.250,-53.250,1003.56,1003.18,4.96,1.29,36.23,45.36,0.00,0.00,3.79
866940,pac,63.000,239.750,994.68,994.51,4.88,1.17,22.21,25.28,0.00,0.00,14.31
866940,pac,52.750,165.250,990.83,990.64,18.43,3.89,54.72,54.72,0.00,4066.09,9.85
866940,pac,51.500,220.750,963.49,963.36,12.49,1.94,44.15,50.62,0.00,1563.73,5.35
866946,atl,68.500,-14.500,982.17,982.00,10.45,2.89,45.98,45.98,0.00,0.00,7.58
866946,atl,62.500,-37.000,989.12,988.99,7.20,1.61,34.90,41.20,0.00,0.00,11.38
866946,atl,59.750,-27.750,991.98,991.37,5.96,1.60,50.03,51.19,0.00,4429.95,4.70
866946,atl,53.500,-49.250,1000.44,1000.21,5.64,1.51,37.61,39.59,0.00,0.00,4.03
866946,atl,42.250,-51.500,999.37,999.13,7.12,1.65,52.61,56.60,0.00,8794.20,6.62
866946,pac,64.500,239.000,993.82,993.53,6.32,1.66,24.15,27.12,0.00,0.00,14.03
866946,pac,53.250,167.750,989.09,988.81,17.57,3.18,51.63,55.38,0.00,19633.30,9.55
866946,pac,52.500,221.250,965.37,965.26,13.16,2.09,49.15,49.15,0.00,0.00,5.84
866952,atl,68.500,-12.750,985.12,985.01,8.92,2.44,35.93,36.81,0.00,0.00,4.24
866952,atl,63.500,-11.750,990.26,990.02,4.92,1.40,32.54,42.87,0.00,0.00,4.24
866952,atl,63.250,-36.000,992.86,992.74,7.06,1.37,30.76,41.60,0.00,0.00,12.02
866952,atl,46.500,-46.500,995.89,995.67,8.23,1.49,40.84,61.99,0.00,41580.70,5.95
866952,pac,66.000,239.000,994.15,993.75,7.80,2.23,23.25,27.01,0.00,0.00,11.57
866952,pac,53.750,221.500,966.94,966.81,13.94,2.62,50.78,51.32,0.00,9657.68,7.55
866952,pac,53.500,168.250,987.57,987.34,16.90,3.19,53.31,56.04,0.00,50994.21,8.39
866952,pac,41.000,163.000,996.27,995.40,12.49,3.66,52.32,52.32,0.00,8189.15,8.70
866952,pac,36.750,172.250,1004.78,1003.90,4.33,1.44,54.78,54.78,0.00,7448.21,4.14
866958,atl,68.750,-10.000,987.46,987.35,7.59,2.02,30.19,34.64,0.00,0.00,4.21
866958,atl,64.000,-36.250,993.33,993.23,7.65,1.49,24.34,34.66,0.00,0.00,11.24
866958,atl,64.000,-8.250,991.92,991.68,4.14,1.09,28.88,34.42,0.00,0.00,6.93
866958,atl,59.750,-6.000,989.71,988.61,12.71,3.55,48.29,48.85,0.00,0.00,6.02
866958,atl,51.000,-42.250,989.60,989.49,10.33,1.64,53.91,58.75,0.00,46878.84,5.61
866958,pac,54.250,221.500,969.87,969.74,14.02,2.73,51.81,52.27,0.00,22856.66,14.71
866958,pac,53.000,168.750,986.35,986.22,15.06,2.93,51.47,52.45,0.00,11740.23,7.36
866958,pac,43.750,170.750,992.43,991.81,8.45,2.18,44.14,59.99,0.00,10413.17,9.00
866964,atl,64.500,-36.000,993.59,993.41,6.78,1.66,27.98,27.98,0.00,0.00,10.58
866964,atl,61.000,-40.250,994.02,993.95,4.24,1.35,36.89,36.89,0.00,0.00,9.59
866964,atl,59.750,-2.250,993.61,993.14,12.02,3.38,46.30,46.30,0.00,0.00,7.38
866964,atl,50.500,-43.250,978.14,977.51,21.39,5.04,64.72,67.34,15746.24,149752.39,9.61
866964,pac,62.500,194.500,997.66,997.58,5.03,1.15,41.83,47.35,0.00,0.00,6.67
866964,pac,55.500,221.750,973.25,973.13,14.28,3.05,51.99,51.99,0.00,10705.03,18.38
866964,pac,52.500,170.250,984.45,984.38,12.26,2.23,51.45,51.56,0.00,18692.98,6.49
866964,pac,46.250,175.500,984.09,983.69,9.08,2.38,40.57,50.52,0.00,565.17,5.61
866970,atl,58.250,1.750,1000.98,1000.78,9.55,2.29,45.80,45.80,0.00,0.00,8.86
866970,atl,51.500,-39.750,966.46,966.04,29.77,8.13,81.72,81.72,189660.06,594862.74,16.86
866970,atl,45.750,-75.750,1001.74,1001.40,6.04,1.30,31.49,34.39,0.00,0.00,6.92
866970,atl,41.000,-73.250,999.16,998.58,11.39,3.24,44.62,69.86,2464.57,11701.55,5.96
866970,pac,64.750,227.000,992.25,990.40,5.41,2.56,17.41,19.39,0.00,0.00,17.47
866970,pac,63.000,193.750,996.65,996.58,5.14,1.20,41.83,44.40,0.00,0.00,6.72
866970,pac,60.500,213.250,980.94,980.57,12.54,3.04,54.24,55.56,0.00,31396.43,21.10
866970,pac,57.500,221.500,976.88,976.16,13.74,3.55,54.84,54.84,0.00,25466.46,18.04
866970,pac,51.250,171.500,981.42,981.31,10.45,1.63,50.80,50.99,0.00,11639.56,7.13
866970,pac,49.750,179.500,973.41,973.10,12.20,2.97,42.16,49.14,0.00,0.00,4.89
866976,atl,57.500,-35.000,961.37,960.59,23.17,5.31,67.20,77.90,56338.73,244626.31,10.23
866976,atl,43.000,-71.000,993.67,992.84,15.38,4.21,66.24,66.24,578.77,28021.87,8.84
866976,pac,63.000,193.250,994.85,994.76,5.59,1.54,44.34,44.34,0.00,0.00,6.81
866976,pac,60.750,213.250,982.12,981.48,12.45,3.31,52.66,52.66,0.00,17050.03,18.86
866976,pac,60.750,219.250,980.45,978.20,13.66,3.34,45.52,55.03,0.00,7788.99,18.52
866976,pac,51.250,182.000,962.71,962.41,19.19,4.22,49.66,55.80,0.00,83553.69,7.44
866976,pac,45.250,228.500,1004.53,1004.39,4.84,1.07,26.70,29.54,0.00,0.00,2.40
866982,atl,58.000,-30.250,953.96,953.54,26.34,5.58,78.42,78.79,195850.75,409814.15,12.11
866982,atl,44.500,-69.000,989.14,988.61,17.44,4.40,47.66,60.29,0.00,17199.03,7.41
866982,pac,63.250,232.500,995.34,994.41,4.02,1.98,17.32,24.96,0.00,0.00,16.86
866982,pac,62.250,193.000,991.93,991.75,4.28,1.41,36.19,42.06,0.00,0.00,6.55
866982,pac,61.250,213.000,987.71,987.18,7.46,2.22,43.45,43.45,0.00,0.00,15.54
866982,pac,61.250,219.250,985.83,982.11,10.87,2.41,37.01,43.45,0.00,0.00,18.26
866982,pac,52.250,185.000,956.14,955.88,23.00,4.71,61.33,61.54,0.00,372886.43,8.51
866988,atl,61.500,-33.250,956.12,955.86,23.01,4.50,67.68,69.93,70181.31,362070.55,9.92
866988,atl,60.500,-27.250,952.83,952.62,24.00,3.98,67.81,73.95,170249.30,370025.46,9.83
866988,atl,46.000,-67.500,990.01,989.45,15.65,3.44,41.03,50.27,0.00,519.58,7.31
866988,pac,64.750,227.000,992.66,991.04,8.30,2.58,24.54,31.52,0.00,0.00,17.31
866988,pac,64.250,221.750,991.46,989.45,8.10,2.40,25.94,36.00,0.00,0.00,17.31
866988,pac,63.250,232.750,995.43,994.28,6.50,2.40,25.69,31.52,0.00,0.00,17.31
866988,pac,58.500,235.750,1000.49,998.85,4.86,1.64,30.74,31.65,0.00,0.00,11.02
866988,pac,52.500,188.750,956.24,955.98,20.31,3.41,62.75,63.52,0.00,431658.94,9.92
866994,atl,62.500,-24.000,951.94,951.67,23.90,4.48,59.80,68.93,24708.96,254960.82,8.87
866994,atl,48.000,-65.250,989.90,989.68,14.95,3.20,40.81,40.81,0.00,0.00,7.70
866994,pac,64.750,223.000,997.26,995.76,4.04,1.42,21.25,32.15,0.00,0.00,13.89
866994,pac,64.750,229.250,996.33,993.89,6.45,2.24,23.06,23.96,0.00,0.00,13.89
866994,pac,63.250,234.000,996.10,995.11,7.84,2.69,31.39,31.39,0.00,0.00,13.89
866994,pac,54.250,194.000,955.76,955.37,18.43,3.49,56.21,57.41,0.00,168028.14,7.52
867000,atl,65.500,-38.750,984.79,984.34,9.40,3.50,63.33,70.22,4908.53,95060.53,20.38
867000,atl,63.500,-22.250,956.51,956.11,21.61,3.84,53.83,77.48,40203.74,197716.75,8.77
867000,atl,49.500,-64.000,992.67,992.11,12.83,3.04,30.04,30.81,0.00,0.00,5.82
867000,pac,63.000,234.750,998.72,997.87,6.95,2.36,24.63,24.63,0.00,0.00,10.95
867000,pac,52.500,196.500,959.34,959.11,17.00,2.89,60.30,72.26,21485.71,329989.73,8.70
867006,atl,65.500,-20.000,961.94,961.73,20.79,3.34,74.54,78.02,57451.37,148263.54,28.41
867006,atl,49.750,-63.250,992.86,992.43,10.64,2.70,34.89,34.89,0.00,0.00,5.77
867006,atl,46.000,-56.750,996.59,996.46,6.44,1.35,47.52,47.52,0.00,0.00,4.57
867006,pac,57.000,201.750,962.56,962.22,13.89,2.76,48.02,57.71,0.00,35432.83,11.99
867006,pac,52.250,201.500,962.67,962.46,14.61,2.41,58.06,70.53,28560.65,228388.12,7.73
867012,atl,66.500,-34.000,986.61,986.06,8.21,1.99,55.10,72.90,10272.28,58825.84,27.65
867012,atl,66.500,-17.250,967.48,967.17,19.64,4.01,75.38,79.55,44032.66,119176.22,27.65
867012,atl,65.250,-39.000,987.75,987.53,11.94,3.70,47.85,54.94,0.00,3976.45,17.93
867012,atl,49.500,-61.750,992.34,992.11,9.57,2.08,37.05,37.05,0.00,0.00,5.85
867012,atl,49.000,-54.500,992.33,992.14,8.16,1.69,45.27,49.91,0.00,0.00,4.87
867012,pac,57.500,202.000,968.50,968.20,11.73,2.76,52.84,56.68,0.00,70753.05,15.82
867012,pac,52.500,206.500,966.46,966.30,12.57,2.24,47.71,64.48,1026.63,124770.26,6.21
867012,pac,33.750,240.000,1004.98,1004.20,5.87,1.67,43.01,43.01,0.00,0.00,7.15
867018,atl,67.250,-16.750,972.81,972.47,18.72,4.19,75.68,75.68,33319.62,122417.06,24.07
867018,atl,64.750,-39.500,989.97,989.82,11.45,2.93,43.41,44.18,0.00,0.00,15.08
867018,atl,51.250,-52.750,985.83,985.52,10.88,2.28,43.42,49.22,0.00,0.00,5.05
867018,atl,49.750,-59.250,989.85,989.54,8.20,1.47,39.36,40.40,0.00,0.00,5.32
867018,pac,52.750,210.250,968.36,968.20,11.87,2.18,44.36,56.62,0.00,70997.82,5.16
867018,pac,46.000,160.750,985.06,984.27,17.56,4.18,53.41,66.90,5033.00,138512.53,7.68
867024,atl,67.500,-16.000,979.35,979.04,16.34,4.07,69.70,69.70,10419.30,90658.60,17.44
867024,atl,64.250,-36.000,992.86,992.68,7.13,1.62,30.87,31.07,0.00,0.00,12.87
867024,atl,60.500,-43.250,992.26,992.05,5.70,1.25,31.99,42.96,0.00,0.00,12.87
867024,atl,54.000,-51.000,981.34,980.99,14.61,3.54,48.93,48.93,0.00,0.00,6.19
867024,atl,49.000,-59.750,991.96,991.73,8.92,2.07,37.85,37.85,0.00,0.00,5.57
867024,pac,53.000,212.750,970.23,970.12,11.65,2.03,41.02,52.22,0.00,20884.23,5.21
867024,pac,48.750,165.000,977.42,976.87,21.85,5.37,55.60,60.13,0.00,140270.10,8.77
867030,atl,68.000,-13.750,985.09,984.91,14.65,3.70,58.25,60.16,0.00,67471.40,9.65
867030,atl,61.500,-47.250,987.59,987.20,8.56,2.28,44.75,45.07,0.00,0.00,13.87
867030,atl,54.250,-50.250,978.78,978.23,15.30,3.98,53.84,53.84,0.00,14222.00,7.30
867030,pac,62.750,206.250,984.85,983.80,6.86,1.86,33.74,52.60,0.00,3073.54,15.85
867030,pac,52.750,215.500,971.87,971.79,11.07,1.83,38.43,51.03,0.00,11749.61,5.19
867030,pac,50.750,168.750,970.22,969.67,26.43,6.66,66.30,66.30,3576.78,271567.80,11.03
867036,atl,68.500,-11.250,991.49,991.33,11.98,2.95,47.34,47.42,0.00,0.00,6.38
867036,atl,58.750,-41.000,981.43,981.09,11.39,2.80,54.79,54.79,0.00,7483.84,12.26
867036,atl,57.500,-45.750,980.92,980.50,11.61,2.39,54.79,54.79,0.00,18439.33,12.15
867036,atl,54.250,-48.500,980.86,980.26,15.67,4.25,54.71,54.71,0.00,36373.82,8.12
867036,atl,47.000,-57.500,1002.68,1002.38,6.44,1.82,36.99,37.86,0.00,0.00,3.83
867036,pac,53.250,217.000,974.81,974.69,10.54,1.76,39.21,53.70,0.00,52452.37,5.30
867036,pac,51.750,171.500,968.22,967.42,27.16,7.17,69.29,69.29,31301.89,410654.59,11.81
867042,atl,61.750,-47.250,986.57,986.05,6.66,1.53,43.83,47.43,0.00,0.00,17.37
867042,atl,61.750,-37.750,977.05,976.22,16.62,4.83,53.33,53.83,0.00,18871.57,8.65
867042,atl,57.500,-45.500,981.92,981.07,12.77,3.17,49.94,54.28,0.00,17219.10,8.20
867042,pac,65.250,227.500,997.40,995.91,4.03,1.73,18.72,18.72,0.00,0.00,15.25
867042,pac,63.500,187.000,990.39,990.23,7.31,1.38,38.46,45.37,0.00,0.00,10.03
867042,pac,57.750,214.250,981.68,981.32,8.61,2.03,41.46,44.54,0.00,0.00,11.47
867042,pac,52.750,177.500,970.49,970.00,21.60,4.61,70.45,70.45,70288.33,359948.12,11.22
867042,pac,52.750,218.500,978.97,978.85,9.76,1.58,43.36,55.12,0.00,50497.45,5.42
867042,pac,35.750,224.500,1003.82,1002.63,7.01,1.97,57.21,57.21,0.00,8861.19,5.36
867048,atl,63.750,-36.750,971.08,969.90,24.13,7.68,67.08,67.08,2310.52,129911.07,13.83
867048,atl,58.000,-43.500,985.27,984.70,12.27,3.57,50.74,55.01,0.00,14476.05,8.06
867048,pac,65.750,219.500,994.66,994.02,4.01,1.40,18.23,19.43,0.00,0.00,17.33
867048,pac,65.000,227.750,997.50,995.79,4.47,1.98,17.10,19.37,0.00,0.00,15.52
867048,pac,63.750,184.500,987.48,987.16,10.29,2.43,47.50,49.01,0.00,0.00,10.42
867048,pac,58.250,213.000,984.07,983.70,8.72,2.23,37.55,38.22,0.00,0.00,9.84
867048,pac,55.000,187.750,973.15,972.60,13.76,3.12,49.28,60.98,0.00,73684.37,6.51
867048,pac,54.000,162.500,1004.55,1004.04,5.34,1.97,43.03,48.87,0.00,0.00,5.92
867048,pac,53.000,182.250,973.46,973.13,17.76,3.78,66.51,69.81,65493.41,229189.97,7.82
867048,pac,52.750,220.000,984.64,984.53,8.40,1.45,41.05,54.31,0.00,34915.44,4.88
867048,pac,37.000,227.750,993.67,991.66,13.52,3.71,54.96,65.39,1260.20,39241.21,9.61
867054,atl,64.250,-34.750,978.86,977.90,17.33,5.02,63.98,63.98,0.00,53136.74,11.07
867054,atl,59.000,-41.000,989.15,988.70,8.78,2.57,44.48,46.41,0.00,0.00,7.00
867054,atl,53.000,-36.250,1001.67,1001.20,5.63,1.38,49.09,57.47,0.00,20759.58,4.97
867054,atl,40.250,7.250,1004.80,1004.31,8.98,2.16,42.88,47.66,0.00,0.00,9.96
867054,pac,65.250,227.750,996.32,994.20,5.08,2.13,20.91,20.91,0.00,0.00,14.50
867054,pac,63.250,183.750,985.27,984.92,11.59,3.12,46.74,47.62,0.00,0.00,10.62
867054,pac,63.000,234.000,998.66,998.24,5.49,2.77,16.22,20.91,0.00,0.00,14.50
867054,pac,61.000,206.750,983.76,983.04,5.27,1.83,29.71,44.44,0.00,0.00,11.96
867054,pac,59.250,211.750,982.90,982.37,7.49,1.97,45.14,45.14,0.00,0.00,15.79
867054,pac,55.250,191.250,971.39,970.92,14.42,3.21,46.90,61.00,0.00,45295.48,6.23
867054,pac,55.250,199.750,974.04,973.12,11.17,2.80,47.27,50.29,0.00,481.06,7.51
867054,pac,53.250,221.250,988.83,988.76,6.74,1.14,39.72,46.82,0.00,0.00,4.57
867054,pac,38.750,230.250,988.61,987.14,17.21,4.53,51.70,52.41,0.00,17329.31,8.77
867060,atl,65.500,-39.500,990.65,990.27,6.84,1.54,50.11,50.11,0.00,631.70,9.30
867060,atl,65.500,-31.500,983.63,983.16,14.02,3.86,50.11,50.11,0.00,631.70,9.85
867060,atl,59.750,-38.250,992.27,991.90,6.46,1.86,44.50,44.50,0.00,0.00,5.74
867060,pac,65.250,227.750,996.31,994.40,4.38,1.84,22.46,22.46,0.00,0.00,17.62
867060,pac,63.000,183.500,985.47,985.15,12.11,3.47,44.84,44.84,0.00,0.00,8.98
867060,pac,63.000,234.250,997.92,997.41,6.55,2.99,17.85,22.46,0.00,0.00,17.62
867060,pac,61.000,206.250,980.67,979.93,5.50,1.66,41.62,41.62,0.00,0.00,10.62
867060,pac,55.500,203.000,970.37,969.51,12.06,3.26,43.68,44.73,0.00,0.00,7.14
867060,pac,55.000,197.000,974.98,974.83,9.51,1.53,41.57,53.73,0.00,24765.27,7.14
867060,pac,40.000,231.250,981.89,979.34,23.46,7.49,66.90,66.90,2979.26,95299.74,15.26
867066,atl,66.250,-30.250,982.16,981.66,14.82,4.30,49.63,49.63,0.00,0.00,9.91
867066,atl,65.250,-39.250,991.94,991.54,6.37,1.64,42.71,47.86,0.00,0.00,12.45
867066,pac,65.500,227.500,994.61,992.37,4.11,1.82,25.18,25.56,0.00,0.00,17.66
867066,pac,63.000,234.250,996.40,995.81,7.05,3.15,19.56,25.18,0.00,0.00,17.66
867066,pac,62.750,182.500,987.44,986.97,11.44,3.47,45.06,45.06,0.00,0.00,8.98
867066,pac,55.250,204.750,968.87,968.33,13.00,3.46,43.33,46.44,0.00,0.00,7.48
867066,pac,53.500,161.250,989.65,988.51,16.79,3.99,48.22,63.13,0.00,81488.98,9.28
867066,pac,40.750,233.250,987.97,986.37,19.25,6.39,61.23,62.38,0.00,69488.14,10.76
867072,atl,67.000,-11.500,988.22,987.53,13.24,3.42,58.60,58.60,0.00,45447.87,7.75
867072,atl,66.500,-28.000,985.71,985.12,13.67,4.11,44.52,46.44,0.00,0.00,10.44
867072,atl,65.250,-39.250,995.21,994.79,6.81,2.68,42.69,43.44,0.00,0.00,15.54
867072,atl,61.500,-42.250,994.91,994.69,12.70,3.14,41.17,45.39,0.00,0.00,15.54
867072,atl,57.000,-79.250,990.32,990.20,9.77,1.87,34.24,38.11,0.00,0.00,4.72
867072,atl,48.500,-77.750,993.46,993.21,9.33,1.99,31.99,37.60,0.00,0.00,6.32
867072,pac,63.000,234.250,995.25,994.62,6.69,2.96,19.55,24.22,0.00,0.00,18.30
867072,pac,62.250,182.500,989.71,989.28,9.79,3.01,49.72,49.72,0.00,0.00,9.04
867072,pac,56.000,210.250,967.74,967.35,12.79,2.64,41.80,48.56,0.00,0.00,7.17
867072,pac,54.750,164.000,986.41,985.51,18.83,5.28,57.20,62.89,0.00,121756.85,10.81
867072,pac,42.750,236.000,997.18,996.33,8.79,2.85,60.31,60.31,0.00,18455.09,9.71
867078,atl,67.750,-36.250,998.08,996.98,6.99,2.67,36.38,43.46,0.00,0.00,16.34
867078,atl,67.250,-23.250,994.00,993.22,8.55,2.93,45.84,45.84,0.00,0.00,9.84
867078,atl,62.000,-40.250,995.68,995.48,13.70,2.97,49.24,49.44,0.00,0.00,15.20
867078,atl,57.750,-77.250,988.40,988.21,8.90,1.78,33.43,38.72,0.00,0.00,5.13
867078,atl,50.000,-73.500,987.44,987.03,12.86,3.08,40.50,40.50,0.00,0.00,7.24
867078,atl,44.250,-36.250,1002.91,1001.76,11.73,2.75,49.61,49.61,0.00,0.00,6.02
867078,atl,37.000,-36.250,1004.30,1003.19,10.80,3.41,53.97,53.97,0.00,6261.67,6.28
867078,pac,63.000,234.250,993.23,992.41,6.92,3.02,19.67,25.56,0.00,0.00,16.22
867078,pac,61.250,183.750,990.53,990.22,8.14,2.42,45.99,45.99,0.00,0.00,6.15
867078,pac,55.500,210.250,969.17,969.06,12.33,2.55,51.69,51.71,0.00,12248.76,10.53
867078,pac,55.500,218.000,969.89,969.52,9.92,1.84,46.20,48.75,0.00,0.00,11.70
867078,pac,55.000,166.000,988.99,988.46,16.04,4.70,57.42,64.03,481.06,135890.64,10.74
867084,atl,68.500,-16.000,999.66,999.06,7.09,2.39,45.39,45.39,0.00,0.00,9.46
867084,atl,64.500,-36.750,997.62,997.48,13.15,3.23,54.84,54.84,0.00,5337.34,19.27
867084,atl,60.000,-78.750,987.08,986.87,9.01,1.69,33.44,45.33,0.00,0.00,4.55
867084,atl,51.250,-70.250,986.73,986.22,12.23,2.81,37.40,37.40,0.00,0.00,7.09
867084,atl,40.750,-34.000,996.34,994.19,17.24,4.83,66.85,66.85,3540.96,73812.64,10.27
867084,pac,65.250,192.500,990.37,990.18,7.66,1.32,42.07,43.22,0.00,0.00,7.51
867084,pac,63.000,234.250,993.03,992.26,6.51,2.80,19.40,24.13,0.00,0.00,16.83
867084,pac,60.500,186.250,991.24,990.88,6.72,1.84,37.22,40.42,0.00,0.00,5.46
867084,pac,56.250,217.250,968.51,968.13,12.60,2.44,51.72,53.00,0.00,17297.91,12.18
867084,pac,55.500,171.000,996.07,995.84,10.15,2.33,57.25,57.25,0.00,53990.28,7.41
867084,pac,55.000,180.500,996.27,995.82,6.99,1.82,51.42,54.06,0.00,69791.15,4.40
867090,atl,65.000,-33.500,998.86,998.68,14.28,2.50,45.50,64.27,332.69,20225.43,24.52
867090,atl,60.250,-78.500,986.59,986.40,9.04,1.46,26.42,43.27,0.00,0.00,5.22
867090,atl,54.500,-66.500,986.02,985.81,9.77,2.02,36.19,42.89,0.00,0.00,7.97
867090,atl,44.750,-35.500,980.28,977.51,30.53,8.58,68.76,68.76,17969.51,296361.39,10.42
867090,pac,64.750,191.750,991.53,991.28,7.63,1.34,38.25,44.39,0.00,0.00,8.03
867090,pac,63.000,234.000,991.71,991.07,6.69,2.81,19.34,26.23,0.00,0.00,15.31
867090,pac,60.250,189.250,991.28,990.84,6.38,1.61,33.19,38.49,0.00,0.00,4.54
867090,pac,56.000,214.250,967.33,967.01,15.34,3.47,52.70,59.85,0.00,147257.89,7.96
867090,pac,55.750,168.250,999.34,998.77,6.64,2.29,37.58,43.01,0.00,0.00,5.54
867090,pac,54.750,189.000,997.22,996.78,6.23,1.64,48.21,51.37,0.00,20330.39,4.25
867090,pac,49.750,160.000,989.30,988.61,12.92,3.25,37.73,56.26,0.00,11743.90,6.28
867096,atl,66.250,-28.750,1000.37,1000.15,14.43,2.70,42.79,57.68,0.00,3127.67,23.11
867096,atl,60.250,-77.250,987.52,987.40,8.39,1.10,30.65,40.47,0.00,0.00,5.09
867096,atl,59.000,-68.750,986.56,986.39,7.93,1.48,43.32,44.61,0.00,0.00,6.21
867096,atl,54.500,-62.750,986.27,986.06,9.70,1.67,40.59,56.17,0.00,23998.57,5.89
867096,atl,45.500,-36.750,970.46,966.85,41.30,13.15,74.48,74.48,98829.01,323815.03,22.13
867096,pac,64.750,227.750,991.11,990.16,4.49,1.71,14.59,20.78,0.00,0.00,15.35
867096,pac,64.250,191.250,994.42,994.13,7.35,1.34,33.24,41.93,0.00,0.00,7.03
867096,pac,63.000,233.500,991.17,990.59,5.70,2.40,17.66,24.80,0.00,0.00,15.35
867096,pac,60.000,192.250,993.69,993.21,6.13,1.80,35.73,36.26,0.00,0.00,3.69
867096,pac,54.750,215.250,968.45,967.84,16.05,3.92,64.83,64.83,2795.76,294798.72,8.51
867096,pac,53.750,234.750,987.93,987.40,5.02,1.41,34.71,38.51,0.00,0.00,8.14
867096,pac,51.500,161.000,983.18,981.63,15.53,4.58,58.46,58.46,0.00,31028.10,12.32
867102,atl,67.000,-25.500,1001.26,1000.89,15.07,3.12,50.32,50.32,0.00,572.71,18.20
867102,atl,60.250,-68.500,985.59,985.42,8.40,1.39,41.06,44.77,0.00,0.00,6.85
867102,atl,54.250,-59.750,983.78,983.55,12.14,2.47,47.39,52.25,0.00,18457.93,5.93
867102,atl,45.750,-37.250,973.73,971.17,35.74,11.46,66.43,66.43,25575.41,225324.73,16.21
867102,pac,64.500,227.750,990.63,989.87,5.66,2.22,14.85,16.17,0.00,0.00,16.36
867102,pac,64.000,191.500,997.46,997.15,6.52,1.37,36.17,38.09,0.00,0.00,5.99
867102,pac,63.000,233.000,990.91,990.42,6.06,2.50,15.16,21.60,0.00,0.00,16.36
867102,pac,59.750,195.750,996.62,996.20,4.25,1.47,38.17,39.19,0.00,0.00,3.49
867102,pac,54.250,167.500,980.79,980.15,15.65,2.81,56.69,70.06,8722.20,99075.40,10.17
867102,pac,54.250,219.000,970.36,969.84,15.85,3.45,62.62,62.79,0.00,259379.92,7.90
867102,pac,52.250,162.250,976.59,974.95,18.60,5.94,70.06,70.06,14576.34,195152.85,10.35
867108,atl,66.750,-23.500,1004.13,1003.84,15.14,3.41,59.65,59.65,0.00,31547.75,16.96
867108,atl,61.500,-67.000,985.30,985.16,10.21,1.70,39.47,49.28,0.00,0.00,9.20
867108,atl,57.000,-59.500,983.39,983.17,11.78,2.52,55.77,55.77,0.00,96113.64,5.52
867108,atl,46.500,-37.250,978.04,975.79,30.03,9.69,66.63,66.63,11520.25,146837.58,13.08
867108,pac,64.250,228.250,992.94,991.66,5.57,2.54,13.23,16.35,0.00,0.00,17.79
867108,pac,63.000,232.500,992.70,991.61,5.78,2.55,13.23,20.56,0.00,0.00,17.79
867108,pac,56.250,167.500,971.50,970.43,23.99,5.98,69.36,72.81,18417.71,219279.61,15.36
867108,pac,54.500,221.250,972.61,972.19,16.53,3.44,49.48,62.52,0.00,114028.88,12.84
867114,atl,62.500,-71.500,983.76,983.58,12.15,2.11,44.25,45.88,0.00,0.00,15.43
867114,atl,53.500,-55.750,983.73,983.54,10.99,2.48,46.11,50.94,0.00,2064.65,5.55
867114,atl,48.000,-37.250,978.92,977.06,24.65,8.03,62.76,62.76,0.00,88263.15,11.25
867114,pac,64.000,228.750,995.32,993.66,5.97,3.07,13.09,15.87,0.00,0.00,19.33
867114,pac,62.750,232.250,995.64,994.28,5.36,2.52,12.60,15.87,0.00,0.00,19.33
867114,pac,59.750,213.500,986.06,985.75,11.45,2.20,47.13,51.46,0.00,1191.12,27.23
867114,pac,55.750,166.500,966.76,965.73,26.39,6.72,62.23,68.23,19472.86,261206.21,13.15
867114,pac,54.500,222.500,978.23,977.95,15.51,2.99,49.56,63.36,0.00,108359.59,12.20
867120,atl,62.750,-74.750,983.68,983.45,14.30,2.70,42.89,46.08,0.00,0.00,6.24
867120,atl,53.750,-54.250,981.99,981.66,11.37,2.32,37.12,46.88,0.00,0.00,4.98
867120,atl,50.500,-38.250,979.62,978.41,20.48,6.22,61.58,61.58,0.00,80907.38,10.85
867120,pac,64.250,228.500,1000.65,999.15,5.39,2.86,11.64,16.48,0.00,0.00,19.58
867120,pac,62.500,232.500,1000.66,999.36,4.29,2.23,11.79,12.93,0.00,0.00,19.58
867120,pac,59.250,214.000,991.40,991.18,10.97,2.09,44.71,51.69,0.00,796.01,25.48
867120,pac,55.500,169.250,969.22,968.44,22.32,5.07,60.98,60.98,0.00,302869.00,8.97
867120,pac,53.500,224.750,984.39,984.07,14.83,3.29,59.59,59.59,0.00,195820.84,9.18
867126,atl,63.000,-77.000,984.97,984.69,14.50,2.88,44.46,46.47,0.00,0.00,7.14
867126,atl,54.500,-54.250,978.55,978.28,11.89,2.20,42.54,58.68,0.00,22410.79,5.22
867126,atl,53.500,-41.500,977.53,977.01,18.46,4.37,60.00,60.00,0.00,60108.00,9.40
867126,atl,39.250,0.750,1003.04,1002.75,8.15,1.87,42.11,42.44,0.00,0.00,9.59
867126,pac,57.000,172.750,967.36,966.93,22.48,4.71,58.03,59.92,0.00,209307.93,12.14
867126,pac,53.250,226.750,988.50,988.16,14.72,3.67,53.06,53.06,0.00,16045.09,8.93
867132,atl,63.250,-79.500,988.86,988.65,12.82,2.63,38.89,45.45,0.00,0.00,6.85
867132,atl,55.250,-49.250,971.88,971.39,17.61,3.25,64.36,82.17,44799.90,176622.51,9.85
867132,atl,39.000,0.500,1003.73,1003.49,5.85,1.17,39.44,46.83,0.00,0.00,9.67
867132,atl,38.750,7.250,1002.16,1001.76,7.19,1.47,40.15,47.71,0.00,0.00,7.97
867132,pac,57.750,174.250,969.47,968.84,21.14,4.66,57.00,59.10,0.00,101453.30,11.99
867132,pac,53.750,228.000,994.30,993.72,13.27,3.56,41.50,43.51,0.00,0.00,11.03
867138,atl,55.500,-54.250,964.96,964.29,21.67,4.31,50.51,74.22,22723.41,75724.54,8.32
867138,atl,40.500,6.000,998.49,998.01,10.22,2.38,49.00,49.00,0.00,0.00,14.00
867138,pac,58.000,176.500,970.53,970.11,20.12,4.68,58.78,58.78,0.00,199374.79,10.74
867138,pac,53.250,228.750,1002.52,1002.23,10.00,2.86,36.77,42.42,0.00,0.00,9.86
867144,atl,54.750,-56.250,963.02,962.14,25.40,5.97,54.16,54.16,0.00,41873.54,9.48
867144,atl,41.000,7.500,993.40,992.41,14.37,3.53,54.77,54.77,0.00,14810.62,17.28
867144,pac,58.500,180.500,975.06,974.54,17.97,4.08,62.49,62.49,0.00,201439.12,7.64
867150,atl,53.750,-55.250,965.27,963.79,23.89,5.90,51.48,52.58,0.00,7827.89,9.30
867150,atl,52.000,-38.500,993.25,992.49,8.87,2.53,54.63,54.63,0.00,11391.56,6.10
867150,atl,50.750,-78.000,996.93,996.60,9.39,2.38,30.04,30.04,0.00,0.00,4.16
867150,atl,41.000,7.750,992.63,991.91,12.63,3.34,47.97,47.97,0.00,0.00,11.44
867150,pac,63.750,193.500,982.13,981.83,9.74,2.21,30.51,34.43,0.00,0.00,6.55
867150,pac,60.500,170.750,995.45,994.97,4.92,1.49,38.54,51.32,0.00,1254.15,7.00
867150,pac,58.750,184.750,978.26,977.69,16.38,3.72,58.57,61.09,0.00,209762.63,6.62
867156,atl,68.500,-55.250,1004.32,1004.15,7.41,1.62,39.87,48.99,0.00,0.00,11.92
867156,atl,60.000,-66.750,990.91,990.33,6.54,2.14,33.22,33.22,0.00,0.00,4.72
867156,atl,55.250,-42.000,987.23,986.80,9.15,2.43,54.25,54.25,0.00,9905.33,5.84
867156,atl,53.500,-53.750,971.03,970.11,18.70,4.73,46.80,46.80,0.00,0.00,6.23
867156,atl,49.500,-73.000,998.27,997.79,7.65,2.13,33.53,33.53,0.00,0.00,5.25
867156,atl,41.500,9.250,993.73,993.27,11.30,2.86,44.46,45.83,0.00,0.00,17.33
867156,pac,64.500,194.000,984.09,983.65,8.88,2.01,32.17,35.48,0.00,0.00,5.86
867156,pac,61.500,169.250,997.94,997.59,7.20,2.02,32.08,34.71,0.00,0.00,13.59
867156,pac,59.750,209.250,987.68,987.13,9.64,2.77,50.39,50.39,0.00,383.46,14.32
867156,pac,59.000,190.250,983.06,982.66,13.55,3.19,59.47,60.44,0.00,191453.28,6.00
867156,pac,55.500,172.500,1001.99,1001.42,4.96,1.51,37.33,55.62,0.00,14460.76,6.45
867156,pac,52.250,171.250,1002.97,1001.96,10.75,3.25,56.47,56.47,0.00,32566.82,6.45
867162,atl,60.250,-68.750,992.86,992.19,6.62,2.32,34.05,34.05,0.00,0.00,4.69
867162,atl,57.250,-45.000,980.47,979.73,11.32,2.92,63.57,63.57,0.00,53880.14,19.53
867162,atl,53.750,-52.000,972.81,972.07,14.99,3.79,44.20,44.20,0.00,0.00,5.36
867162,pac,65.750,195.000,987.05,986.92,8.75,2.02,30.28,34.75,0.00,0.00,6.05
867162,pac,60.750,169.000,999.80,999.53,6.60,1.69,31.02,31.05,0.00,0.00,10.78
867162,pac,60.250,211.750,983.75,983.12,11.83,2.88,53.20,53.20,0.00,1931.92,15.54
867162,pac,59.250,196.250,987.92,987.67,10.47,2.67,53.60,61.36,0.00,123477.01,5.80
867162,pac,54.750,176.750,998.12,997.57,12.68,3.98,63.86,63.86,0.00,87711.71,8.29
867168,atl,60.000,-69.500,996.18,995.61,5.03,1.85,30.80,30.80,0.00,0.00,4.27
867168,atl,58.000,-49.500,975.99,974.84,13.81,3.56,52.13,53.10,0.00,8641.69,12.70
867168,atl,54.250,-50.500,975.48,975.11,12.84,2.85,42.06,47.08,0.00,0.00,6.76
867168,atl,43.750,9.750,999.92,999.58,8.87,2.00,52.34,52.34,0.00,9154.46,21.91
867168,atl,43.000,-42.250,1000.03,999.64,4.15,1.23,48.39,48.39,0.00,0.00,3.49
867168,pac,65.750,219.750,991.37,990.82,4.90,1.69,28.29,28.55,0.00,0.00,15.95
867168,pac,65.500,227.000,996.24,993.98,4.13,1.62,28.29,28.29,0.00,0.00,20.03
867168,pac,60.750,169.000,1001.37,1001.01,6.60,1.75,31.78,31.78,0.00,0.00,10.89
867168,pac,60.500,212.750,983.15,982.67,11.29,2.65,44.27,44.27,0.00,0.00,15.89
867168,pac,59.000,202.000,993.77,993.43,6.24,1.80,54.07,59.53,0.00,61604.00,10.55
867168,pac,57.250,180.250,996.43,995.90,11.68,3.35,61.03,61.03,0.00,85586.48,6.84
867174,atl,57.250,-52.750,974.97,974.42,14.04,3.04,37.62,47.69,0.00,0.00,5.31
867174,atl,55.250,-49.250,975.90,975.67,11.86,2.23,39.58,42.30,0.00,0.00,5.31
867174,atl,45.000,-36.250,995.48,994.91,7.14,2.01,48.95,48.95,0.00,0.00,3.98
867174,atl,44.750,-50.750,987.37,986.91,8.96,2.22,44.70,48.50,0.00,0.00,4.66
867174,atl,43.750,9.750,1002.20,1001.68,7.60,2.06,48.92,53.33,0.00,10273.49,23.03
867174,pac,65.500,227.250,993.94,991.86,5.13,1.72,25.57,29.90,0.00,0.00,19.61
867174,pac,65.250,220.750,991.05,990.83,4.70,1.64,25.57,25.57,0.00,0.00,15.61
867174,pac,61.750,217.250,985.73,984.22,9.22,2.17,30.70,40.79,0.00,0.00,14.90
867174,pac,60.500,213.250,985.89,985.61,10.15,2.17,42.49,48.62,0.00,0.00,14.90
867174,pac,60.250,169.000,1001.57,1001.14,7.25,2.04,33.27,33.27,0.00,0.00,8.55
867174,pac,58.500,182.750,995.52,994.72,10.78,3.20,63.14,63.14,0.00,114898.35,9.65
867174,pac,57.750,223.250,987.41,986.77,10.13,2.49,35.20,48.78,0.00,0.00,15.77
867174,pac,44.250,183.500,999.69,999.22,15.49,3.74,62.48,62.48,0.00,56974.69,7.62
867180,atl,59.250,-31.500,996.31,996.12,5.41,1.42,26.46,37.44,0.00,0.00,3.88
867180,atl,56.000,-52.750,976.05,975.55,13.27,2.63,41.01,45.81,0.00,0.00,6.10
867180,atl,51.250,-30.250,990.49,989.56,11.22,3.31,49.96,53.96,0.00,7358.61,6.34
867180,atl,46.000,-46.250,975.88,973.76,17.05,5.17,51.28,54.25,0.00,19180.82,11.23
867180,pac,65.250,227.500,993.95,991.89,5.61,1.60,22.68,29.50,0.00,0.00,18.31
867180,pac,61.000,219.500,989.39,988.00,7.61,1.53,30.71,46.77,0.00,0.00,12.08
867180,pac,60.250,169.250,1003.01,1002.55,7.62,2.20,33.11,33.11,0.00,0.00,7.89
867180,pac,60.000,214.500,989.36,989.01,10.54,2.40,54.33,55.13,0.00,33512.27,13.18
867180,pac,59.000,182.500,994.15,992.57,11.85,4.24,56.85,56.85,0.00,13900.23,10.20
867180,pac,58.250,224.500,989.81,989.48,7.78,1.95,37.87,37.87,0.00,0.00,14.00
867180,pac,46.750,189.000,985.92,984.70,23.99,6.44,57.88,67.37,12174.52,154987.69,9.78
867186,atl,68.500,-58.500,994.67,994.53,7.12,1.88,40.37,40.37,0.00,0.00,12.97
867186,atl,61.250,-33.750,992.69,992.44,6.13,1.52,23.53,32.87,0.00,0.00,4.60
867186,atl,55.250,-51.500,977.07,976.65,11.62,2.46,44.29,45.28,0.00,0.00,5.74
867186,atl,54.500,-29.500,984.03,982.83,13.54,4.34,46.98,51.37,0.00,6745.34,10.62
867186,atl,47.500,-42.750,966.91,965.90,21.30,5.82,71.98,71.98,12617.21,170024.91,15.22
867186,pac,65.000,227.500,995.35,993.58,5.68,1.63,21.10,26.69,0.00,0.00,16.97
867186,pac,63.000,233.750,996.38,995.91,5.55,2.26,19.27,24.57,0.00,0.00,16.97
867186,pac,60.000,169.500,1004.39,1004.08,8.06,2.32,35.89,35.89,0.00,0.00,7.95
867186,pac,59.750,217.000,992.73,992.35,8.90,2.22,46.13,47.37,0.00,0.00,10.22
867186,pac,59.000,184.500,991.02,989.93,13.77,5.12,57.42,57.42,0.00,17679.55,11.40
867186,pac,59.000,224.000,992.73,992.46,6.63,1.63,29.68,46.37,0.00,0.00,10.96
867186,pac,49.250,193.000,968.58,966.47,34.17,10.37,71.55,71.55,45550.02,358411.73,19.30
867192,atl,69.000,-60.000,995.64,995.34,6.27,1.97,34.65,38.53,0.00,0.00,11.37
867192,atl,68.500,-54.000,996.61,996.43,6.38,1.24,38.53,38.53,0.00,0.00,12.58
867192,atl,66.250,-70.750,996.28,995.94,5.16,2.10,31.60,34.65,0.00,0.00,11.37
867192,atl,62.000,-36.500,989.68,989.46,6.08,1.76,38.12,39.92,0.00,0.00,10.00
867192,atl,56.750,-28.750,983.77,983.18,11.53,3.63,46.74,53.95,0.00,12436.29,6.41
867192,atl,54.500,-49.750,979.96,979.74,7.70,1.76,48.13,49.99,0.00,0.00,5.06
867192,atl,49.000,-40.750,956.89,955.97,27.54,7.23,82.66,83.09,116684.79,331204.65,15.71
867192,pac,65.000,227.500,998.21,996.65,5.30,1.86,17.14,22.60,0.00,0.00,18.61
867192,pac,62.750,233.500,997.22,996.29,6.51,2.63,14.23,20.43,0.00,0.00,18.61
867192,pac,59.500,218.000,997.22,996.93,6.81,1.96,39.03,40.07,0.00,0.00,8.93
867192,pac,59.000,187.500,992.70,991.87,10.32,3.87,50.96,50.96,0.00,1609.31,8.03
867192,pac,58.750,224.000,997.77,997.36,5.15,1.28,35.06,40.07,0.00,0.00,8.09
867192,pac,57.000,237.250,998.32,997.04,4.29,1.34,19.37,22.12,0.00,0.00,10.78
867192,pac,55.250,178.250,1004.36,1003.86,4.34,1.60,48.38,48.38,0.00,0.00,4.86
867192,pac,50.750,197.000,959.01,957.50,39.06,11.43,82.91,82.91,67837.76,454705.64,16.65
867198,atl,66.000,-72.500,996.09,995.80,5.62,1.85,27.43,33.10,0.00,0.00,8.04
867198,atl,62.000,-39.250,985.36,985.12,5.29,1.68,42.14,55.08,0.00,4480.30,6.95
867198,atl,59.500,-29.500,983.05,982.79,7.83,2.14,39.37,42.36,0.00,0.00,5.29
867198,atl,51.000,-37.000,952.39,951.73,28.43,6.47,85.78,85.78,156864.72,414467.98,12.88
867198,pac,65.000,229.500,1000.91,998.62,5.09,1.67,15.76,20.54,0.00,0.00,15.82
867198,pac,62.750,233.500,998.72,997.57,7.09,2.71,13.50,18.07,0.00,0.00,15.82
867198,pac,59.250,190.000,992.00,991.38,9.67,3.35,48.38,48.38,0.00,0.00,6.18
867198,pac,59.250,218.500,999.90,999.59,4.35,1.58,26.81,26.81,0.00,0.00,7.12
867198,pac,56.750,237.500,1000.53,999.77,4.72,1.40,21.40,21.40,0.00,0.00,10.43
867198,pac,56.000,180.750,1003.55,1003.00,5.26,1.97,47.72,48.38,0.00,0.00,6.18
867198,pac,52.000,199.750,955.20,953.60,38.40,10.38,73.39,73.39,109860.61,462351.47,11.70
867198,pac,40.500,160.250,990.57,988.22,22.65,6.85,73.58,73.58,24859.70,175399.21,16.22
867204,atl,66.000,-74.000,995.73,995.39,6.12,1.74,21.86,28.41,0.00,0.00,6.54
867204,atl,63.500,-51.250,987.10,986.74,5.70,1.70,38.85,38.85,0.00,0.00,8.43
867204,atl,53.500,-36.500,953.29,952.82,25.05,5.28,67.56,76.60,78296.21,250505.20,9.50
867204,pac,64.750,229.500,1003.56,1001.69,4.38,1.70,12.79,16.66,0.00,0.00,17.27
867204,pac,62.500,234.000,1001.95,1000.35,6.19,2.36,15.74,17.41,0.00,0.00,17.27
867204,pac,59.000,192.000,991.86,991.42,8.57,3.02,44.17,44.17,0.00,0.00,5.11
867204,pac,56.000,183.000,1002.38,1001.53,7.16,2.76,46.22,46.22,0.00,0.00,6.17
867204,pac,52.000,203.500,956.32,954.95,33.42,8.49,69.91,71.56,91379.84,483447.28,10.54
867204,pac,42.500,165.000,980.95,978.53,30.07,9.28,68.87,68.87,16256.20,232385.14,15.36
867210,atl,66.250,-75.000,994.58,994.36,5.84,1.58,23.96,26.19,0.00,0.00,6.79
867210,atl,65.500,-52.750,984.86,984.54,7.88,2.44,42.23,42.23,0.00,0.00,8.73
867210,atl,55.000,-35.750,952.50,952.17,23.26,4.93,56.45,63.41,0.00,159625.49,7.71
867210,pac,62.500,234.000,1004.04,1002.29,5.01,2.09,17.57,19.23,0.00,0.00,11.79
867210,pac,58.500,193.750,993.61,993.29,6.17,2.20,42.54,49.67,0.00,0.00,11.32
867210,pac,52.500,207.500,957.89,956.93,28.53,6.87,69.02,71.72,96638.42,389753.89,9.10
867210,pac,43.750,169.250,978.39,977.35,30.85,9.10,66.61,66.61,15432.92,308002.37,14.04
867216,atl,68.250,-50.000,983.61,983.21,10.31,2.47,41.87,45.06,0.00,0.00,9.90
867216,atl,66.500,-77.000,992.79,992.67,5.98,1.52,22.72,26.31,0.00,0.00,6.27
867216,atl,56.750,-35.250,953.96,953.55,21.75,4.45,48.10,59.89,0.00,72966.23,6.65
867216,atl,54.500,-79.750,993.71,993.50,8.98,2.10,38.21,38.21,0.00,0.00,4.47
867216,pac,52.750,211.500,961.08,960.33,22.90,5.54,64.49,73.32,101938.53,314324.43,7.77
867216,pac,45.000,173.750,975.14,974.35,32.34,8.83,68.32,68.32,21627.08,332726.37,13.34
867222,atl,66.000,-79.750,990.46,990.32,6.56,1.60,21.19,21.53,0.00,0.00,3.21
867222,atl,58.000,-35.250,954.52,954.15,20.88,4.26,49.61,50.59,0.00,6689.88,6.09
867222,atl,55.750,-77.000,991.15,990.88,8.94,2.19,38.24,42.40,0.00,0.00,4.97
867222,atl,45.750,-74.250,998.44,997.75,6.88,1.69,35.73,36.11,0.00,0.00,6.66
867222,atl,44.500,-78.750,998.08,997.15,9.07,2.37,41.49,47.25,0.00,0.00,8.31
867222,pac,57.000,173.250,1003.43,1002.29,8.94,2.63,38.20,40.71,0.00,0.00,7.72
867222,pac,53.250,215.000,962.30,961.69,20.38,4.76,61.65,71.77,80259.03,229248.25,7.32
867222,pac,45.500,178.000,972.85,972.05,31.34,8.13,74.64,74.64,60580.18,367038.33,12.72
867228,atl,63.500,-49.500,974.05,973.59,8.65,2.99,44.33,45.76,0.00,0.00,11.38
867228,atl,58.750,-35.000,957.84,957.52,19.39,3.94,46.56,50.59,0.00,6719.88,5.77
867228,atl,56.250,-72.750,988.67,988.47,7.89,1.99,34.64,40.50,0.00,0.00,4.48
867228,atl,47.250,-69.500,992.49,991.78,10.36,2.32,39.23,54.47,0.00,1653.52,6.46
867228,pac,58.750,174.250,998.97,996.63,14.80,4.54,44.93,44.93,0.00,0.00,10.45
867228,pac,54.000,218.250,966.20,965.73,18.34,4.17,58.20,66.21,17200.99,182537.40,6.50
867228,pac,46.000,182.500,968.60,967.85,30.55,7.31,76.08,76.08,96572.31,410754.31,11.35
867234,atl,65.750,-52.250,974.29,973.11,8.51,2.73,44.09,47.58,0.00,0.00,10.52
867234,atl,62.500,-16.500,980.50,979.08,10.07,3.00,62.38,62.38,0.00,28761.08,7.86
867234,atl,59.500,-34.250,959.57,959.26,18.28,3.65,44.04,50.13,0.00,437.70,6.56
867234,atl,57.000,-66.750,986.28,986.20,5.23,0.94,37.68,44.19,0.00,0.00,4.00
867234,atl,50.000,-61.250,983.89,983.60,11.44,2.64,46.03,46.03,0.00,0.00,7.83
867234,pac,59.250,173.500,998.30,996.23,17.19,5.47,54.45,54.45,0.00,8883.71,11.77
867234,pac,55.000,220.250,970.17,969.80,17.33,3.74,50.13,58.13,0.00,86032.90,13.41
867234,pac,46.750,186.500,962.91,962.13,30.77,6.91,79.89,80.36,154728.03,432114.14,10.60
867240,atl,66.500,-18.250,974.31,973.87,13.80,3.71,56.26,57.57,0.00,26755.98,18.71
867240,atl,60.250,-32.500,961.83,961.60,16.98,3.38,47.21,49.33,0.00,0.00,5.54
867240,atl,51.750,-55.000,972.69,972.19,16.65,3.97,43.41,47.93,0.00,0.00,8.28
867240,pac,64.500,227.500,995.01,993.74,8.01,2.97,22.93,22.93,0.00,0.00,15.93
867240,pac,59.000,173.250,1000.02,998.22,17.62,5.38,52.85,52.85,0.00,9217.46,12.54
867240,pac,56.000,221.500,976.71,976.38,15.17,3.40,45.71,50.68,0.00,1911.02,14.93
867240,pac,47.250,189.750,961.37,960.64,28.55,6.11,83.21,83.21,185597.28,453948.93,9.71
867246,atl,68.750,-18.750,968.33,967.57,16.60,5.20,67.39,67.39,4393.14,42106.53,18.65
867246,atl,61.250,-30.250,962.71,962.50,15.24,3.02,45.26,49.50,0.00,0.00,5.34
867246,atl,53.250,-50.500,960.18,959.39,21.90,5.69,56.66,56.68,0.00,115288.74,8.99
867246,pac,64.750,227.500,996.03,994.73,7.31,2.51,23.36,24.51,0.00,0.00,14.77
867246,pac,58.500,174.000,1002.95,1001.73,15.58,4.66,48.17,48.17,0.00,0.00,10.37
867246,pac,57.000,221.750,983.88,983.45,12.59,2.92,40.85,43.01,0.00,0.00,13.42
867246,pac,56.750,237.500,1000.79,999.83,4.80,1.57,26.25,34.90,0.00,0.00,17.36
867246,pac,47.500,192.750,961.21,960.54,26.40,5.37,71.97,75.67,161583.08,434680.29,8.70
867252,atl,68.750,-53.750,975.86,975.33,7.62,2.12,40.08,44.64,0.00,0.00,11.33
867252,atl,65.000,-79.250,991.29,991.20,4.50,0.96,23.97,28.31,0.00,0.00,4.55
867252,atl,62.500,-29.000,964.11,963.91,13.30,2.65,45.27,49.30,0.00,0.00,5.58
867252,atl,53.750,-48.000,953.24,952.89,24.55,6.28,70.84,70.84,88011.06,316427.96,11.36
867252,pac,65.000,227.500,997.64,995.55,4.95,1.48,21.58,24.71,0.00,0.00,12.14
867252,pac,64.250,232.750,998.82,996.53,6.77,2.49,23.73,25.95,0.00,0.00,12.14
867252,pac,60.000,213.250,987.24,986.85,7.61,1.56,30.67,34.51,0.00,0.00,17.24
867252,pac,58.500,175.500,1002.57,1001.67,15.53,4.82,46.05,46.05,0.00,0.00,9.03
867252,pac,51.500,207.250,976.22,975.65,11.79,3.11,48.43,50.96,0.00,2035.06,5.47
867252,pac,48.250,196.250,964.84,964.39,22.31,4.60,65.93,67.80,59600.60,400720.85,7.01
867258,atl,68.750,-53.000,977.09,976.54,5.66,1.64,38.83,43.59,0.00,0.00,7.42
867258,atl,63.750,-28.000,964.79,964.63,12.06,2.73,43.83,44.57,0.00,0.00,9.18
867258,atl,53.750,-44.000,951.15,950.50,23.27,5.56,77.66,77.66,170143.21,325625.13,10.87
867258,pac,64.250,233.250,999.63,997.39,6.02,2.19,22.46,28.68,0.00,0.00,13.40
867258,pac,58.500,177.000,1001.69,1001.03,14.29,4.56,46.26,46.26,0.00,0.00,8.46
867258,pac,53.500,210.250,974.49,973.61,13.92,3.65,49.75,49.75,0.00,0.00,5.39
867258,pac,48.500,198.750,967.77,967.30,21.57,5.03,65.15,65.15,3203.83,279717.37,7.25
867264,atl,64.750,-28.500,965.50,965.29,9.95,2.91,43.75,44.14,0.00,0.00,10.05
867264,atl,61.250,-46.500,970.66,970.19,5.17,1.83,42.28,43.74,0.00,0.00,7.54
867264,atl,57.500,-36.750,955.56,954.99,11.99,2.74,45.96,48.36,0.00,0.00,5.68
867264,atl,53.500,-40.500,954.43,953.65,19.50,4.53,72.13,73.54,115087.93,324146.43,9.07
867264,pac,58.500,179.000,998.74,998.17,14.04,4.43,47.80,47.80,0.00,0.00,6.91
867264,pac,55.500,212.250,971.66,970.90,17.67,4.66,49.03,49.03,0.00,0.00,6.08
867264,pac,48.750,201.000,972.68,972.33,19.15,4.70,58.70,58.70,0.00,123691.79,7.40
867270,atl,59.500,-33.250,955.56,955.17,11.27,2.28,42.46,43.59,0.00,0.00,4.89
867270,atl,53.250,-35.750,956.39,955.86,17.52,4.00,66.20,71.49,114294.57,309104.28,7.98
867270,pac,58.500,181.250,995.98,995.54,12.83,3.82,47.76,47.76,0.00,0.00,6.70
867270,pac,57.250,213.250,970.36,969.91,19.70,4.86,50.30,52.23,0.00,2816.08,12.83
867270,pac,48.500,203.750,976.51,976.23,17.53,4.46,58.95,58.95,0.00,63465.01,8.58
867276,atl,62.500,-29.250,955.10,954.66,13.65,2.85,45.36,54.73,0.00,12612.20,7.31
867276,atl,54.000,-31.250,960.67,960.27,14.75,3.36,61.28,65.56,8209.42,248752.69,6.53
867276,atl,41.250,-58.750,1004.34,1003.29,11.47,3.30,51.62,51.62,0.00,2321.77,6.58
867276,pac,58.750,213.000,971.66,971.20,20.58,4.97,50.90,50.90,0.00,386.38,17.00
867276,pac,58.500,184.000,993.78,993.20,10.47,2.89,47.14,47.14,0.00,0.00,5.82
867276,pac,50.000,162.250,981.27,981.10,15.43,2.92,55.21,61.70,0.00,168547.72,7.09
867276,pac,49.250,175.500,981.04,980.14,13.81,3.65,55.47,55.47,0.00,35834.04,5.59
867276,pac,49.250,207.250,980.69,980.46,13.75,3.40,53.67,53.67,0.00,17925.77,6.43
867282,atl,62.750,-30.000,954.21,953.90,14.59,3.45,54.54,56.63,0.00,40827.93,7.16
867282,atl,55.750,-26.000,963.21,962.93,12.22,2.73,56.25,62.86,0.00,167206.65,6.08
867282,atl,41.500,-53.250,1002.40,1001.67,9.82,2.66,44.63,45.90,0.00,0.00,7.19
867282,pac,59.750,212.250,973.73,972.77,19.22,4.41,53.56,53.56,0.00,3965.59,34.69
867282,pac,58.750,186.500,990.69,990.18,10.00,2.76,46.19,46.19,0.00,0.00,5.37
867282,pac,50.000,210.500,981.42,981.15,12.08,2.90,51.33,54.58,0.00,35999.47,5.64
867282,pac,49.750,167.750,982.78,982.67,10.98,2.00,52.25,58.75,0.00,101786.70,5.23
867282,pac,49.750,179.500,974.99,973.96,16.41,4.42,53.90,53.90,0.00,74108.49,6.53
867282,pac,49.500,217.750,988.21,987.96,6.87,1.16,47.59,61.38,0.00,70179.23,5.49
867288,atl,68.750,-16.750,963.00,962.33,15.47,3.70,73.34,73.34,22024.72,120258.17,24.35
867288,atl,62.250,-27.750,957.37,956.90,13.10,3.20,44.60,54.87,0.00,18689.08,5.54
867288,atl,42.250,-46.750,1000.90,1000.35,9.24,2.35,43.70,45.96,0.00,0.00,4.64
867288,pac,65.000,219.750,989.71,988.27,5.15,1.65,25.75,36.81,0.00,0.00,25.31
867288,pac,60.500,212.000,978.71,978.07,12.97,3.03,51.23,52.76,0.00,2771.57,33.69
867288,pac,59.000,189.250,988.87,988.40,8.95,2.49,44.55,44.55,0.00,0.00,5.89
867288,pac,52.500,220.000,971.69,971.21,19.01,5.26,54.71,60.25,0.00,137105.84,10.89
867288,pac,51.750,214.000,981.34,981.30,8.04,1.32,48.14,52.11,0.00,29992.84,10.89
867288,pac,50.250,182.500,969.46,968.88,19.34,5.31,60.00,60.00,0.00,160613.18,6.94
867288,pac,49.250,172.500,984.61,984.45,7.94,1.62,52.03,57.94,0.00,96327.05,4.53
867294,atl,67.000,-37.250,972.52,971.62,4.50,1.51,47.07,51.32,0.00,5764.81,14.16
867294,atl,63.250,-45.750,974.90,974.01,5.18,1.37,27.64,40.40,0.00,0.00,9.20
867294,atl,63.250,-24.250,959.83,959.16,13.95,3.23,45.73,51.50,0.00,8435.68,5.70
867294,atl,60.750,-42.250,974.45,974.32,5.43,1.37,40.40,40.41,0.00,0.00,8.20
867294,atl,43.250,-38.500,997.56,996.23,9.79,2.69,59.25,59.25,0.00,13680.02,5.58
867294,atl,43.000,-43.000,997.29,996.78,8.74,2.02,52.06,59.25,0.00,16613.70,5.58
867294,pac,65.250,219.250,986.49,984.83,6.31,2.12,25.15,27.80,0.00,0.00,22.65
867294,pac,60.250,212.250,979.79,979.46,8.09,1.60,49.37,52.30,0.00,1586.23,26.71
867294,pac,59.000,191.500,987.12,986.51,8.22,2.57,42.88,42.88,0.00,0.00,6.99
867294,pac,55.250,221.750,961.85,960.76,27.04,8.08,68.97,69.21,11622.11,145251.22,15.97
867294,pac,50.250,186.250,969.20,968.67,17.81,4.44,57.42,57.42,0.00,137798.79,5.95
867300,atl,65.250,-44.500,975.25,974.58,5.79,1.97,18.87,38.64,0.00,0.00,10.41
867300,atl,64.500,-23.250,965.11,964.20,12.78,2.77,47.07,50.96,0.00,1727.52,5.32
867300,atl,60.750,-41.250,975.30,974.94,6.27,1.83,40.34,41.62,0.00,0.00,8.19
867300,atl,44.750,-36.250,993.50,993.08,9.76,2.14,58.52,58.52,0.00,67296.29,5.12
867300,pac,60.500,212.250,977.08,976.72,9.46,1.99,46.98,49.82,0.00,0.00,25.16
867300,pac,59.000,194.750,986.34,985.64,6.70,2.22,36.85,36.85,0.00,0.00,6.10
867300,pac,57.750,223.250,969.72,968.34,18.20,5.71,87.49,87.49,7467.83,57466.79,13.65
867300,pac,50.000,189.000,969.49,968.97,16.50,4.06,55.17,55.17,0.00,92243.78,5.05
867300,pac,49.750,197.500,977.30,976.67,9.03,2.15,48.92,49.79,0.00,0.00,4.79
867306,atl,67.250,-15.500,970.38,970.14,12.62,2.91,45.96,47.87,0.00,0.00,7.81
867306,atl,65.750,-44.500,978.78,978.26,4.24,1.66,21.19,39.62,0.00,0.00,9.35
867306,atl,64.750,-30.250,972.71,972.00,8.03,2.72,41.57,45.58,0.00,0.00,8.86
867306,atl,61.750,-62.500,988.19,987.71,4.49,1.49,34.46,35.64,0.00,0.00,5.17
867306,atl,61.500,-40.000,976.22,976.07,6.21,2.06,38.33,41.57,0.00,0.00,8.51
867306,atl,47.250,-31.250,986.51,985.81,12.22,3.01,59.45,59.45,0.00,115203.19,5.36
867306,pac,62.000,215.500,978.64,977.17,8.51,2.27,28.80,41.55,0.00,0.00,22.68
867306,pac,62.000,222.500,978.51,977.81,9.24,1.69,29.39,53.40,0.00,2027.47,16.10
867306,pac,61.750,212.500,978.47,977.17,9.23,3.20,31.97,44.86,0.00,0.00,22.68
867306,pac,49.750,191.500,971.14,970.68,15.37,3.75,52.62,57.03,0.00,77623.59,4.89
867312,atl,69.000,-12.500,975.89,975.71,11.49,2.82,39.17,43.32,0.00,0.00,6.25
867312,atl,64.500,-31.750,975.48,974.49,9.16,3.09,45.85,45.85,0.00,0.00,10.13
867312,atl,61.250,-41.000,976.83,976.49,7.62,2.70,38.38,38.38,0.00,0.00,9.91
867312,atl,60.750,-62.750,990.26,989.83,5.11,1.89,37.90,37.90,0.00,0.00,5.66
867312,atl,49.750,-27.000,982.98,982.17,13.07,3.32,58.21,60.62,0.00,81519.63,5.57
867312,pac,64.750,223.500,983.92,981.79,6.26,2.08,22.80,36.38,0.00,0.00,15.61
867312,pac,64.750,227.750,983.22,980.90,7.76,2.20,23.35,34.19,0.00,0.00,15.52
867312,pac,63.500,233.250,984.37,983.51,7.13,1.71,34.87,40.82,0.00,0.00,15.52
867312,pac,60.250,212.250,983.04,982.64,8.37,2.21,34.40,38.28,0.00,0.00,15.61
867312,pac,52.000,209.000,976.33,975.75,10.76,2.65,41.60,42.21,0.00,0.00,4.81
867312,pac,51.250,160.000,1004.50,1003.99,8.50,2.78,35.14,36.07,0.00,0.00,5.94
867312,pac,49.250,194.750,975.27,974.90,13.50,3.08,53.81,56.53,0.00,81000.42,4.76
867318,atl,64.750,-32.000,977.19,976.43,9.93,3.41,53.48,53.48,0.00,8347.28,7.50
867318,atl,61.000,-41.250,977.79,977.16,7.46,2.71,36.50,43.13,0.00,0.00,8.38
867318,atl,53.500,-22.250,976.22,975.34,16.61,4.35,50.21,54.40,0.00,22764.74,6.55
867318,pac,63.250,234.750,988.13,986.87,6.89,1.97,39.26,39.26,0.00,0.00,11.31
867318,pac,62.250,221.750,989.73,988.51,4.84,1.84,38.91,38.91,0.00,0.00,13.61
867318,pac,61.750,218.750,989.92,987.92,4.02,1.35,38.91,38.91,0.00,0.00,13.61
867318,pac,53.750,211.000,973.67,972.96,12.97,3.49,49.12,49.12,0.00,0.00,5.20
867318,pac,51.750,160.750,1004.43,1003.78,9.15,3.23,40.12,40.12,0.00,0.00,7.47
867318,pac,49.000,199.000,977.58,977.40,12.49,2.74,50.89,57.17,0.00,76315.38,5.01
867324,atl,64.750,-32.750,979.04,978.35,9.59,3.33,56.44,56.44,0.00,9857.42,7.56
867324,atl,63.250,-48.250,984.14,983.72,5.29,1.34,33.22,39.44,0.00,0.00,10.92
867324,atl,60.500,-41.500,980.19,979.30,6.49,2.46,39.44,39.44,0.00,0.00,6.30
867324,atl,56.750,-19.000,971.67,970.58,18.98,4.96,60.19,60.19,0.00,58584.88,8.03
867324,pac,64.250,232.750,993.92,992.36,4.24,1.46,24.92,34.33,0.00,0.00,11.04
867324,pac,54.000,211.000,970.55,969.88,13.88,3.72,51.15,51.15,0.00,3562.44,7.11
867324,pac,49.000,203.000,980.23,980.10,9.66,2.07,48.62,56.49,0.00,54386.15,4.39
867330,atl,64.500,-34.500,981.48,980.79,6.95,2.47,57.68,57.68,0.00,10501.36,9.10
867330,atl,60.500,-41.250,981.30,980.56,5.73,2.28,40.31,42.64,0.00,0.00,5.52
867330,atl,59.750,-17.750,964.31,962.89,23.44,6.55,54.04,54.04,0.00,51478.16,9.93
867330,pac,54.250,212.250,968.42,967.84,14.15,3.75,50.65,55.78,0.00,13614.01,6.66
867336,atl,64.000,-36.500,983.09,982.33,6.31,2.47,52.00,52.00,0.00,2566.76,8.50
867336,atl,61.500,-17.750,954.59,952.77,31.68,9.22,63.49,63.49,0.00,119303.75,14.94
867336,atl,60.500,-41.000,983.15,982.47,5.89,2.21,37.25,45.07,0.00,0.00,8.47
867336,pac,55.250,214.000,968.06,967.59,15.39,3.74,49.93,53.87,0.00,6955.76,7.08
867336,pac,52.750,197.500,994.70,994.46,4.29,1.63,41.12,45.66,0.00,0.00,7.68
867342,atl,63.500,-38.500,985.35,984.49,5.20,2.36,44.73,45.03,0.00,0.00,7.66
867342,atl,62.750,-15.500,954.61,953.31,30.84,8.45,73.24,73.24,37493.15,183554.86,12.53
867342,atl,60.500,-40.500,984.71,983.99,5.77,2.08,36.21,43.26,0.00,0.00,7.66
867342,atl,40.000,-46.250,1002.58,1002.04,5.22,1.31,48.53,48.57,0.00,0.00,3.61
867342,atl,39.000,-52.250,999.75,999.15,9.23,2.48,47.82,47.82,0.00,0.00,6.09
867342,pac,56.500,215.250,969.70,969.31,15.49,3.52,48.83,51.96,0.00,1199.79,13.97
867342,pac,52.000,166.250,1004.93,1004.50,5.54,1.80,36.22,36.22,0.00,0.00,3.55
867342,pac,41.750,163.750,973.17,972.22,32.16,8.99,83.37,83.37,160143.51,453825.91,15.96
867348,atl,63.750,-14.250,957.57,955.98,28.52,7.49,68.98,68.98,33864.95,273250.52,12.43
867348,atl,60.250,-40.500,987.05,986.30,6.17,1.97,38.10,38.10,0.00,0.00,8.95
867348,atl,39.500,-46.500,990.63,988.79,14.56,3.96,55.23,57.00,0.00,57824.36,9.23
867348,pac,58.250,214.750,969.72,969.35,18.20,4.28,49.17,58.20,0.00,10957.08,17.04
867348,pac,53.250,163.750,1002.47,1002.06,5.30,1.87,34.80,35.00,0.00,0.00,6.50
867348,pac,52.250,167.750,1002.38,1002.10,4.41,1.27,35.00,35.00,0.00,0.00,5.15
867348,pac,42.000,168.500,969.64,969.06,30.54,7.63,85.71,85.71,238132.17,509725.37,14.20
867354,atl,64.750,-11.250,961.38,959.95,24.92,6.37,63.33,66.12,15058.60,227724.74,13.01
867354,atl,60.500,-77.750,986.72,986.59,10.70,2.13,36.96,37.03,0.00,0.00,4.32
867354,atl,60.250,-40.250,988.56,988.10,6.35,1.98,32.16,32.16,0.00,0.00,7.14
867354,atl,40.750,-42.500,980.74,979.30,20.35,5.88,63.20,63.20,0.00,113898.95,13.95
867354,pac,64.000,233.250,991.05,989.25,6.04,2.05,22.45,27.41,0.00,0.00,15.94
867354,pac,59.750,212.750,969.97,969.31,21.81,4.84,58.53,61.71,0.00,19656.96,38.30
867354,pac,53.500,164.500,1000.32,999.81,4.92,1.86,33.75,34.86,0.00,0.00,6.59
867354,pac,43.750,174.500,968.53,968.33,26.10,5.48,75.68,82.52,154534.63,397333.56,12.20
867360,atl,66.000,-8.000,966.26,965.31,21.57,5.28,62.09,65.16,5325.41,193828.89,10.26
867360,atl,60.250,-40.500,990.73,990.25,6.56,2.02,36.72,36.72,0.00,0.00,7.16
867360,atl,60.000,-75.000,989.13,988.98,9.57,1.79,39.82,40.24,0.00,0.00,4.76
867360,atl,42.000,-38.250,969.58,966.76,28.29,9.23,96.95,96.95,88621.15,391110.14,22.89
867360,pac,64.000,233.500,991.26,989.78,4.68,1.57,20.75,26.98,0.00,0.00,14.47
867360,pac,62.250,221.500,985.67,983.42,6.23,1.56,42.69,42.69,0.00,0.00,22.86
867360,pac,60.500,211.750,976.77,975.67,18.78,4.69,61.85,61.85,0.00,10407.78,41.25
867360,pac,58.250,236.500,992.69,991.44,4.83,1.45,29.88,33.52,0.00,0.00,10.09
867360,pac,54.250,164.500,997.15,996.15,5.90,2.56,36.34,36.34,0.00,0.00,8.02
867360,pac,46.000,181.000,962.77,962.31,24.28,4.54,61.14,68.81,12970.09,174052.50,10.69
867360,pac,45.500,231.500,1003.37,1002.87,5.46,1.55,51.22,51.74,0.00,2105.18,6.60
867366,atl,67.000,-5.000,969.27,968.75,20.42,4.84,56.96,57.39,0.00,143884.58,8.43
867366,atl,63.250,-17.000,988.65,988.10,5.50,1.83,55.07,57.04,0.00,59554.17,11.29
867366,atl,61.500,-68.750,989.62,989.56,7.96,1.82,38.01,38.01,0.00,0.00,6.16
867366,atl,60.000,-40.750,990.36,989.77,6.79,2.09,38.04,38.04,0.00,0.00,6.14
867366,atl,45.000,-33.750,965.09,964.13,27.69,8.06,83.38,83.38,128692.48,415414.13,16.23
867366,pac,65.000,227.500,990.86,988.86,4.53,1.23,18.35,25.74,0.00,0.00,12.91
867366,pac,64.500,221.500,988.80,987.99,6.46,2.18,18.35,28.41,0.00,0.00,24.16
867366,pac,62.750,234.750,990.35,989.56,5.01,1.53,20.72,24.19,0.00,0.00,12.15
867366,pac,62.250,221.750,988.99,987.59,5.49,1.58,28.41,31.98,0.00,0.00,22.28
867366,pac,61.750,219.000,989.55,987.11,4.78,1.04,29.24,37.59,0.00,0.00,24.16
867366,pac,59.500,210.000,985.78,984.83,14.31,3.43,58.93,58.93,0.00,14861.17,35.07
867366,pac,55.000,164.500,994.95,993.71,6.71,2.97,36.94,36.94,0.00,0.00,8.46
867366,pac,52.000,236.250,999.93,999.25,4.39,1.88,57.83,58.71,0.00,15739.90,16.77
867366,pac,47.500,184.750,959.64,959.39,25.44,5.00,62.80,68.66,13560.74,255639.49,10.21
867372,atl,68.000,-1.000,974.41,973.90,17.87,4.05,50.04,54.76,0.00,31450.97,6.42
867372,atl,61.500,-66.750,989.29,989.08,9.37,2.37,46.21,46.21,0.00,0.00,6.94
867372,atl,59.250,-40.500,991.30,990.74,5.33,1.79,39.48,39.48,0.00,0.00,5.35
867372,atl,49.000,-30.000,964.52,963.55,26.24,6.71,71.71,71.71,98745.55,444893.21,12.88
867372,pac,64.500,222.750,993.04,991.73,5.06,2.07,17.56,26.33,0.00,0.00,20.30
867372,pac,62.750,234.750,991.99,990.99,4.13,1.54,22.83,23.70,0.00,0.00,12.84
867372,pac,59.250,210.250,991.10,990.33,11.23,2.55,45.92,45.92,0.00,0.00,28.12
867372,pac,55.750,164.500,991.31,989.72,9.76,3.79,37.24,37.24,0.00,0.00,9.71
867372,pac,48.000,189.750,959.90,959.67,24.10,3.78,65.87,74.95,88897.52,404715.90,10.94
867378,atl,61.500,-64.500,989.20,988.87,10.16,2.54,49.14,49.14,0.00,0.00,7.24
867378,atl,58.500,-40.250,989.48,989.13,4.53,1.59,41.86,41.86,0.00,0.00,7.10
867378,atl,55.250,-26.250,959.67,958.93,25.11,6.11,62.44,65.99,12079.12,290914.26,12.04
867378,pac,59.500,210.750,992.72,992.32,9.83,1.98,37.58,37.58,0.00,0.00,23.49
867378,pac,56.750,165.000,987.10,985.65,12.99,4.39,43.24,43.24,0.00,0.00,10.93
867378,pac,48.750,193.750,960.65,960.39,22.74,3.81,65.36,74.59,50865.87,439397.55,9.50
867384,atl,63.000,-61.750,989.99,989.81,10.30,2.83,45.98,46.89,0.00,0.00,8.01
867384,atl,56.750,-24.250,953.78,953.14,29.57,7.42,69.50,72.14,78390.43,358722.31,14.34
867384,pac,59.750,210.250,995.28,994.88,6.72,1.45,23.68,31.55,0.00,0.00,22.13
867384,pac,57.500,165.500,983.54,982.43,16.65,4.95,52.44,52.44,0.00,1677.84,10.18
867384,pac,57.250,186.500,996.70,996.25,6.65,2.58,46.19,46.19,0.00,0.00,5.99
867384,pac,49.500,197.000,964.31,964.04,20.82,3.83,59.16,72.06,27553.53,363955.32,7.73
867390,atl,64.500,-60.750,988.74,988.02,10.85,3.36,51.09,51.09,0.00,998.06,10.22
867390,atl,60.000,-20.000,954.13,953.90,28.08,5.11,81.53,81.53,132873.62,434494.70,23.98
867390,atl,38.000,-67.000,999.96,999.46,10.46,2.66,57.72,57.72,0.00,40181.16,5.45
867390,pac,64.750,221.250,1002.33,1000.57,4.39,1.82,17.04,25.87,0.00,0.00,14.34
867390,pac,58.250,166.750,982.65,982.10,17.72,5.06,48.92,48.92,0.00,0.00,10.73
867390,pac,56.750,185.500,999.41,998.99,5.60,2.40,41.91,41.91,0.00,0.00,5.43
867390,pac,50.000,200.250,968.22,968.12,19.48,3.55,57.93,64.23,1076.04,267475.48,7.39
867396,atl,65.500,-61.500,987.56,986.69,11.02,3.64,47.09,47.09,0.00,0.00,11.06
867396,atl,62.250,-15.750,958.57,958.13,23.63,4.67,73.23,73.23,111006.20,427780.35,20.13
867396,atl,61.250,-22.000,958.43,957.50,24.20,5.99,70.94,73.23,52192.13,318797.38,20.13
867396,atl,38.750,-60.250,995.62,994.39,12.57,3.48,59.70,59.70,0.00,60487.97,5.71
867396,pac,59.750,166.750,985.06,984.20,16.44,4.93,53.42,53.42,0.00,13247.48,13.00
867396,pac,51.500,204.250,973.50,973.39,16.34,2.60,59.09,59.85,0.00,97195.34,6.81
867396,pac,51.250,173.500,999.17,998.83,4.50,1.33,40.23,40.23,0.00,0.00,3.60
867402,atl,65.750,-61.750,986.88,986.53,8.26,2.49,43.28,44.88,0.00,0.00,10.99
867402,atl,65.250,-8.500,959.67,959.25,21.52,5.41,68.41,72.40,49923.90,259670.07,14.66
867402,atl,61.750,-18.500,962.50,960.96,21.83,6.11,69.41,72.40,48719.17,340183.54,14.66
867402,atl,54.750,-49.250,996.61,996.37,4.64,0.96,25.47,41.31,0.00,0.00,5.23
867402,atl,40.500,-53.500,990.40,988.96,13.99,3.84,61.71,61.71,0.00,180282.79,6.31
867402,pac,61.000,167.000,987.18,986.20,14.36,4.53,48.41,48.41,0.00,0.00,13.88
867402,pac,53.000,208.000,976.89,976.81,13.99,2.18,50.71,51.66,0.00,4361.52,6.82
867402,pac,51.750,175.750,998.21,997.89,5.70,1.61,42.36,42.36,0.00,0.00,4.08
867408,atl,67.000,-4.250,961.24,960.81,19.45,4.49,60.88,61.34,0.00,192553.02,6.60
867408,atl,62.250,-74.500,974.23,973.99,16.12,3.48,43.09,47.21,0.00,0.00,7.39
867408,atl,62.250,-13.500,969.40,967.61,17.23,5.19,72.43,72.43,69413.54,389232.26,10.72
867408,atl,55.000,-49.500,997.04,996.78,5.22,1.18,32.74,43.06,0.00,0.00,4.86
867408,atl,43.500,-46.500,983.40,982.41,18.37,4.75,72.85,72.85,26774.01,265237.51,7.94
867408,pac,62.750,168.750,992.97,992.32,10.40,3.40,41.16,50.28,0.00,1501.53,9.09
867408,pac,55.250,210.500,981.29,981.21,12.12,1.81,47.31,49.97,0.00,0.00,14.31
867408,pac,50.250,176.500,995.23,995.02,9.60,2.54,42.89,42.89,0.00,0.00,3.89
867414,atl,67.750,-1.250,960.77,960.41,18.93,4.21,59.12,61.21,0.00,147602.91,6.13
867414,atl,63.250,-17.750,982.53,981.99,8.12,2.52,45.43,57.34,0.00,31451.14,7.20
867414,atl,62.500,-69.750,973.06,972.70,15.33,3.80,43.36,47.37,0.00,0.00,7.68
867414,atl,47.250,-40.750,970.55,968.54,26.01,7.57,80.72,80.72,83228.19,264775.60,13.33
867414,pac,62.750,172.250,996.72,996.22,8.46,3.02,47.97,49.94,0.00,0.00,9.51
867414,pac,58.250,181.000,999.22,998.85,7.02,2.07,49.24,49.94,0.00,0.00,5.18
867414,pac,57.000,212.250,985.74,985.68,11.87,1.65,46.40,55.68,0.00,2511.12,15.78
867414,pac,52.500,160.000,992.37,992.20,5.04,1.45,32.76,32.76,0.00,0.00,9.40
867414,pac,51.250,178.250,992.27,991.95,11.37,2.97,41.08,46.86,0.00,0.00,5.16
867414,pac,40.250,161.000,998.94,998.10,7.18,1.86,49.77,50.63,0.00,615.13,4.32
867414,pac,34.250,203.250,1004.85,1004.05,10.37,2.77,64.41,64.41,638.76,44234.21,8.53
867420,atl,63.250,-16.250,988.74,988.26,7.16,2.20,44.07,47.96,0.00,0.00,6.48
867420,atl,63.000,-67.250,973.05,972.48,14.57,3.73,45.06,45.68,0.00,0.00,6.97
867420,atl,50.500,-36.750,964.07,961.64,27.99,7.61,68.79,78.22,128945.90,287367.13,16.52
867420,pac,63.750,174.500,1002.09,1001.73,5.77,2.20,43.22,47.83,0.00,0.00,12.55
867420,pac,59.500,180.500,999.50,998.89,8.20,2.56,49.84,49.84,0.00,0.00,5.38
867420,pac,58.500,211.750,989.51,989.30,14.07,2.41,48.20,56.88,0.00,3344.37,19.08
867420,pac,53.500,161.500,991.20,990.74,7.92,2.54,36.44,36.44,0.00,0.00,8.55
867420,pac,51.750,179.750,990.43,990.19,13.10,3.11,48.28,48.28,0.00,0.00,5.66
867420,pac,41.500,166.000,989.21,987.76,15.03,4.14,54.35,54.35,0.00,15964.65,7.97
867420,pac,36.000,206.000,1003.00,1002.03,12.05,3.21,59.81,59.81,0.00,41535.20,7.92
867426,atl,63.250,-65.000,973.45,973.08,13.86,3.33,43.66,43.66,0.00,0.00,9.78
867426,atl,63.000,-12.500,994.40,993.95,4.65,1.62,43.37,45.39,0.00,0.00,5.84
867426,atl,53.000,-35.500,951.19,948.64,36.20,10.97,75.72,75.72,50962.00,361733.64,20.69
867426,pac,60.750,179.750,1000.07,999.59,8.87,2.54,49.14,49.14,0.00,0.00,6.56
867426,pac,59.500,212.500,992.57,992.35,15.97,2.70,54.80,56.29,0.00,4389.21,35.27
867426,pac,54.750,162.500,991.12,990.30,9.08,3.16,39.78,39.78,0.00,0.00,9.38
867426,pac,53.000,180.750,987.69,987.46,15.07,3.60,48.72,49.61,0.00,0.00,5.81
867426,pac,42.250,170.000,980.74,978.03,21.68,6.87,65.89,65.89,1725.09,239654.70,12.96
867432,atl,64.000,-64.500,975.40,975.09,13.08,3.57,40.75,40.75,0.00,0.00,9.00
867432,atl,54.500,-32.750,954.32,952.87,31.63,9.40,77.15,77.15,71898.49,422362.95,13.70
867432,pac,61.500,179.000,1001.90,1001.61,8.38,2.50,48.23,48.23,0.00,0.00,7.10
867432,pac,60.250,212.500,995.86,995.22,17.06,3.46,48.06,56.01,0.00,3567.58,35.06
867432,pac,55.750,162.750,993.07,992.39,8.28,2.60,41.20,41.20,0.00,0.00,9.50
867432,pac,53.750,180.250,987.70,987.42,14.73,3.52,44.35,49.89,0.00,0.00,6.30
867432,pac,41.500,174.000,981.68,980.95,20.05,5.82,73.13,73.13,57736.17,318461.03,10.48
867432,pac,41.000,179.000,981.06,979.74,17.85,4.25,66.62,72.64,11275.28,196199.29,9.89
867438,atl,64.500,-63.000,978.11,977.83,10.59,2.84,39.89,43.53,0.00,0.00,10.32
867438,atl,57.000,-59.000,985.66,985.60,7.18,1.57,32.77,36.93,0.00,0.00,4.85
867438,atl,56.500,-29.500,959.20,958.52,24.28,6.12,70.47,70.47,50586.25,358578.53,8.93
867438,pac,60.750,212.750,999.82,999.46,16.05,3.85,45.54,58.69,0.00,7164.06,32.70
867438,pac,56.750,163.000,992.95,992.54,7.92,2.30,39.86,39.86,0.00,0.00,8.12
867438,pac,54.250,181.000,987.65,987.44,13.95,3.15,43.39,53.17,0.00,15048.32,6.04
867438,pac,41.750,182.000,974.35,972.79,23.08,5.84,62.68,62.85,0.00,234949.80,10.45
867444,atl,68.750,-62.500,981.24,980.78,10.40,2.02,34.52,41.19,0.00,0.00,9.30
867444,atl,67.000,-65.750,980.98,979.40,8.87,1.91,41.19,41.19,0.00,0.00,9.30
867444,atl,65.500,-62.750,981.34,980.94,8.28,2.05,41.19,41.19,0.00,0.00,9.30
867444,atl,59.750,-26.750,960.31,960.02,22.46,5.22,65.03,66.06,11775.62,188967.76,8.69
867444,atl,58.500,-55.750,985.52,985.47,8.89,1.88,45.19,45.19,0.00,0.00,7.04
867444,atl,34.500,-76.000,1003.14,1002.29,12.81,3.52,50.00,50.00,0.00,629.12,7.36
867444,pac,59.500,212.000,1003.44,1002.96,17.00,3.79,55.64,55.64,0.00,3982.90,29.73
867444,pac,57.750,163.500,992.91,992.31,8.52,2.46,37.21,37.21,0.00,0.00,11.50
867444,pac,55.500,181.250,990.44,990.30,11.98,2.55,40.59,51.68,0.00,1992.85,5.26
867444,pac,40.500,184.500,975.15,974.61,21.37,5.52,75.47,75.47,62742.50,390014.82,11.02
867450,atl,69.000,-66.250,981.71,981.24,10.23,2.55,32.64,37.01,0.00,0.00,12.47
867450,atl,61.750,-22.500,961.78,961.44,21.37,3.92,62.07,62.49,0.00,123822.60,9.59
867450,atl,59.500,-53.750,985.72,985.62,9.59,2.27,47.10,47.10,0.00,0.00,5.21
867450,atl,36.750,-72.000,1000.09,999.13,11.53,2.96,56.17,57.74,0.00,60004.80,8.21
867450,pac,58.750,177.500,992.03,991.90,9.83,1.91,38.04,50.87,0.00,1126.88,7.98
867450,pac,58.250,163.250,992.37,991.67,8.60,2.45,37.67,37.67,0.00,0.00,10.40
867450,pac,57.500,180.750,992.02,991.91,10.64,1.81,36.88,51.21,0.00,4993.35,6.03
867450,pac,45.000,188.750,981.19,980.40,18.12,4.09,61.58,63.35,0.00,315251.22,7.04
867450,pac,40.500,188.000,978.31,977.94,18.93,4.55,70.50,70.50,25837.62,396833.52,7.33
867456,atl,67.750,-64.750,984.98,984.67,8.14,1.99,34.52,38.55,0.00,0.00,12.49
867456,atl,62.750,-20.500,963.98,963.47,20.72,4.06,53.17,62.85,0.00,127582.98,10.69
867456,atl,60.000,-51.750,987.69,987.51,10.08,2.69,46.77,46.77,0.00,0.00,5.74
867456,atl,38.750,-66.750,997.98,996.95,11.45,2.77,53.30,58.98,0.00,31032.31,7.04
867456,pac,60.500,175.250,993.76,993.42,9.69,2.31,39.87,48.02,0.00,0.00,7.47
867456,pac,58.750,164.000,993.66,993.41,7.73,2.41,29.14,31.34,0.00,0.00,9.88
867456,pac,46.000,187.750,980.43,979.22,19.00,4.67,60.67,61.18,0.00,279824.33,8.55
867456,pac,41.750,161.250,997.57,995.50,6.92,2.53,51.43,51.43,0.00,1157.54,7.17
867456,pac,41.750,190.500,980.82,980.48,16.79,3.41,58.64,65.14,1740.67,354263.43,7.25
867462,atl,68.250,-77.500,987.81,987.54,9.11,2.46,35.33,37.08,0.00,0.00,9.43
867462,atl,63.000,-19.250,967.55,966.98,18.52,3.82,53.34,58.47,0.00,101350.26,11.37
867462,atl,60.750,-51.000,989.85,989.40,9.42,2.91,47.00,47.00,0.00,0.00,8.13
867462,atl,40.750,-63.750,991.86,991.07,14.83,3.70,53.39,64.54,596.29,75451.08,7.48
867462,pac,61.750,175.000,996.40,995.84,9.31,1.74,33.72,43.70,0.00,0.00,8.23
867462,pac,59.000,165.750,995.36,995.18,5.60,2.01,28.25,28.25,0.00,0.00,7.25
867462,pac,45.500,188.500,982.90,982.30,16.57,3.50,64.85,64.85,1655.89,295964.79,7.19
867462,pac,43.250,165.000,992.67,991.29,6.51,2.44,50.38,50.38,0.00,562.86,5.10
867462,pac,38.750,165.500,999.49,998.77,5.14,1.65,42.00,48.69,0.00,0.00,5.10
867468,atl,68.250,6.750,970.61,969.84,12.95,2.72,49.18,59.92,0.00,42310.43,8.56
867468,atl,67.000,-79.000,989.74,989.47,9.34,2.51,36.26,39.32,0.00,0.00,7.71
867468,atl,64.750,-10.250,973.68,973.34,11.74,2.90,47.53,49.84,0.00,0.00,11.16
867468,atl,63.500,-73.500,991.77,991.52,4.33,0.89,19.08,33.21,0.00,0.00,4.56
867468,atl,62.500,-18.000,973.00,972.34,16.39,3.53,56.27,56.27,0.00,42506.66,11.16
867468,atl,62.250,-67.000,992.36,992.03,5.59,1.86,39.78,39.78,0.00,0.00,5.36
867468,atl,62.000,-50.750,994.17,993.77,7.21,2.55,46.24,46.24,0.00,0.00,10.98
867468,atl,60.500,-77.250,992.21,991.99,6.26,1.47,30.86,37.40,0.00,0.00,3.63
867468,atl,43.250,-59.500,989.47,988.47,17.97,4.60,48.49,65.30,4075.73,45346.91,9.17
867468,pac,63.750,172.750,999.29,998.82,10.02,2.15,37.20,44.49,0.00,0.00,11.74
867468,pac,50.000,161.500,980.28,979.65,12.33,2.71,42.69,50.87,0.00,6555.02,8.06
867468,pac,46.000,190.250,985.06,984.74,15.48,3.19,56.97,56.97,0.00,217511.00,5.65
867468,pac,38.500,169.250,998.28,997.81,4.88,1.51,46.09,48.35,0.00,0.00,3.91
867474,atl,63.750,-73.500,992.86,992.55,4.90,0.92,18.54,31.28,0.00,0.00,5.32
867474,atl,63.500,-50.500,997.58,997.25,5.59,2.26,38.79,38.79,0.00,0.00,9.68
867474,atl,63.250,-66.500,993.79,993.61,5.36,1.50,31.54,32.11,0.00,0.00,5.32
867474,atl,62.250,-14.250,976.33,975.97,14.94,3.57,54.29,54.29,0.00,39217.48,11.58
867474,atl,60.250,-75.500,993.83,993.63,5.44,1.10,27.35,34.54,0.00,0.00,4.58
867474,atl,59.000,-42.750,1001.60,1000.98,4.28,1.63,41.17,41.17,0.00,0.00,6.66
867474,atl,54.500,-30.500,1002.14,1001.85,4.30,1.20,41.10,45.01,0.00,0.00,3.57
867474,atl,52.750,-26.000,1002.26,1001.88,6.29,1.74,45.01,48.08,0.00,0.00,4.41
867474,atl,45.250,-54.500,990.97,990.33,17.32,3.88,53.81,56.81,0.00,38343.14,6.90
867474,atl,40.750,-72.000,1003.70,1003.30,4.35,0.88,32.38,40.38,0.00,0.00,3.19
867474,pac,65.000,169.250,1002.79,1002.36,8.73,2.26,28.24,28.24,0.00,0.00,13.73
867474,pac,65.000,173.250,1003.69,1002.61,8.44,1.85,28.24,29.90,0.00,0.00,12.77
867474,pac,51.000,161.000,975.54,974.84,14.63,3.64,49.88,58.39,0.00,27729.89,9.21
867474,pac,48.250,188.500,986.48,986.30,14.37,3.14,50.33,50.42,0.00,1617.68,5.02
867474,pac,47.750,165.250,973.73,972.85,13.80,3.07,51.65,58.46,0.00,47579.18,6.31
867474,pac,37.500,174.000,995.46,994.70,7.54,2.41,43.65,45.59,0.00,0.00,4.31
867480,atl,65.750,-50.250,1001.01,1000.37,4.20,2.05,28.92,33.89,0.00,0.00,9.52
867480,atl,65.250,-66.250,996.55,996.37,4.51,1.29,27.19,34.21,0.00,0.00,8.75
867480,atl,63.750,-73.500,994.85,994.57,5.36,0.96,18.11,30.61,0.00,0.00,8.75
867480,atl,62.750,-8.500,979.71,979.45,11.24,2.95,52.76,52.76,0.00,16586.71,10.02
867480,atl,59.750,-41.500,1004.56,1003.86,4.81,1.97,38.20,38.20,0.00,0.00,9.52
867480,atl,53.000,-22.500,1001.02,1000.24,9.13,2.71,51.83,51.83,0.00,10493.26,4.95
867480,atl,47.250,-50.750,995.98,995.58,14.34,3.25,40.35,55.37,0.00,11272.81,5.39
867480,atl,41.000,-69.500,1001.17,1000.65,7.20,1.56,41.89,46.77,0.00,0.00,4.45
867480,pac,50.000,164.750,966.89,966.22,21.15,4.48,55.09,58.18,0.00,151662.33,8.17
867480,pac,50.000,186.750,988.92,988.64,11.34,2.77,44.73,44.73,0.00,0.00,4.02
867480,pac,38.500,176.250,993.25,992.55,6.74,2.26,43.29,43.29,0.00,0.00,4.38
867486,atl,67.500,-36.500,1003.24,1002.06,5.84,2.58,31.00,31.00,0.00,0.00,14.94
867486,atl,62.250,-70.750,996.32,995.89,5.81,1.48,36.35,42.31,0.00,0.00,4.91
867486,atl,53.000,-15.500,1000.75,999.71,9.46,2.70,53.95,54.06,0.00,30194.06,5.21
867486,atl,49.250,-46.000,1000.68,1000.41,11.42,2.29,38.32,44.81,0.00,0.00,4.75
867486,atl,43.000,-67.750,995.91,995.34,11.64,3.05,38.42,44.28,0.00,0.00,7.35
867486,pac,51.250,185.750,990.35,990.11,8.17,2.18,38.08,38.08,0.00,0.00,3.20
867486,pac,51.000,163.500,962.54,962.10,25.52,6.04,56.21,57.66,0.00,180071.95,12.21
867486,pac,40.000,178.000,989.95,989.41,6.47,1.90,41.40,41.83,0.00,0.00,3.71
867492,atl,62.750,-71.000,997.93,997.44,6.24,1.65,32.09,41.77,0.00,0.00,4.34
867492,atl,54.000,-9.000,1003.96,1003.49,4.78,1.17,38.56,48.04,0.00,0.00,5.79
867492,atl,51.000,-41.250,1003.98,1003.56,10.41,2.31,33.35,38.73,0.00,0.00,4.66
867492,atl,42.500,-62.250,988.21,987.50,15.74,3.64,51.61,55.88,0.00,33965.95,6.65
867492,pac,51.000,161.250,965.08,964.38,23.52,5.82,63.52,63.52,0.00,222378.46,12.86
867492,pac,49.750,172.500,977.93,977.71,7.64,1.60,44.98,48.84,0.00,0.00,4.62
867498,atl,68.000,-61.750,1003.78,1003.45,4.60,1.41,36.72,41.38,0.00,0.00,6.87
867498,atl,67.000,-75.250,1002.43,1002.30,4.06,0.75,19.74,27.02,0.00,0.00,4.20
867498,atl,65.500,-79.250,1002.69,1002.58,4.93,1.07,26.07,29.37,0.00,0.00,3.80
867498,atl,63.000,-70.250,1000.95,1000.64,5.35,1.32,32.08,36.87,0.00,0.00,3.93
867498,atl,45.250,-60.000,979.11,978.14,22.28,4.87,50.89,60.24,0.00,69911.89,8.56
867498,pac,51.750,170.500,972.79,972.26,10.97,2.58,49.18,49.18,0.00,0.00,5.57
867498,pac,50.000,161.500,966.29,965.61,20.22,5.14,63.92,63.92,0.00,224255.57,8.52
867498,pac,45.750,181.000,982.51,982.05,9.42,2.89,49.82,51.01,0.00,534.38,5.40
867504,atl,65.500,-78.750,1004.39,1004.22,5.50,1.24,22.27,25.63,0.00,0.00,3.37
867504,atl,55.250,1.500,999.30,999.08,5.83,1.47,36.21,41.74,0.00,0.00,4.54
867504,atl,47.000,-58.750,976.77,975.79,24.76,6.03,61.26,61.26,0.00,182917.29,10.64
867504,pac,49.250,163.750,968.07,967.40,17.61,4.23,62.23,62.23,0.00,158362.91,8.07
867510,atl,54.250,6.000,995.82,995.35,8.72,2.53,38.79,38.79,0.00,0.00,4.81
867510,atl,51.250,-54.750,977.16,976.57,22.20,5.34,57.26,57.26,0.00,58392.47,12.23
867510,atl,47.000,-55.750,978.20,977.39,23.00,6.36,70.42,70.42,30354.87,303323.10,11.87
867510,pac,52.250,162.750,967.53,966.88,16.66,4.12,54.09,54.09,0.00,6951.54,10.97
867510,pac,49.750,165.750,968.15,967.68,16.33,3.52,49.14,54.09,0.00,28817.56,7.46
867510,pac,46.500,186.250,993.09,992.73,6.97,2.08,51.08,51.08,0.00,3179.37,5.53
867516,atl,54.250,-52.750,979.46,979.07,19.79,4.31,65.36,65.36,6670.84,133990.62,11.91
867516,atl,50.750,-53.000,977.73,976.94,21.19,4.99,65.36,65.36,7200.33,148692.56,11.91
867516,pac,62.250,180.750,998.99,998.85,8.64,1.85,38.31,40.03,0.00,0.00,11.49
867516,pac,51.500,162.000,970.59,969.62,14.42,3.76,45.05,46.55,0.00,0.00,6.44
867516,pac,50.750,166.250,972.02,971.62,13.82,2.87,46.49,47.53,0.00,0.00,6.44
867516,pac,49.000,186.500,992.32,991.62,9.88,2.75,47.78,52.10,0.00,10065.11,5.74
867522,atl,56.500,-52.000,979.01,978.67,18.90,4.47,59.82,71.70,15821.75,204742.78,9.40
867522,atl,52.750,-48.250,978.66,978.41,15.20,2.32,59.45,70.62,22339.95,248686.25,9.25
867522,atl,50.250,-9.000,1003.78,1001.91,14.51,4.72,50.47,50.47,0.00,1008.87,8.13
867522,pac,51.500,185.750,991.17,990.50,11.90,3.21,48.73,51.14,0.00,9877.42,5.90
867522,pac,51.250,163.750,970.91,970.44,14.16,3.57,49.13,49.13,0.00,0.00,5.53
867528,atl,58.000,-45.000,974.85,974.03,17.96,3.44,74.44,80.97,33178.93,125304.29,32.73
867528,atl,48.750,-5.000,992.47,990.57,23.89,7.94,62.05,62.05,0.00,57383.02,15.53
867528,pac,54.250,185.250,990.04,989.42,15.10,4.29,50.43,50.43,0.00,10155.74,7.09
867528,pac,52.500,165.750,973.38,973.27,13.47,3.13,47.79,47.79,0.00,0.00,5.55
867534,atl,58.000,-47.000,969.97,968.67,20.86,4.09,63.71,81.34,28218.75,216030.13,24.65
867534,atl,46.500,-1.500,989.60,988.18,23.60,7.05,62.01,62.01,0.00,89526.18,9.82
867534,pac,57.500,183.000,991.42,990.87,14.16,4.01,51.20,51.47,0.00,7126.59,7.27
867534,pac,54.250,164.500,975.85,975.59,10.85,2.48,41.41,44.86,0.00,0.00,7.11
867534,pac,47.250,163.750,983.41,982.98,5.43,1.52,46.28,46.74,0.00,0.00,4.17
867540,atl,57.250,-45.000,973.09,972.19,18.75,4.36,62.15,66.65,16631.54,296308.05,11.94
867540,atl,45.500,1.250,993.18,992.08,18.18,5.55,57.96,58.14,0.00,59699.40,9.20
867540,pac,60.750,178.750,994.51,994.15,11.04,2.60,51.81,52.17,0.00,6687.88,6.84
867540,pac,54.750,163.250,979.87,979.64,7.33,1.74,32.73,38.53,0.00,0.00,6.81
867546,atl,64.500,-50.250,979.92,979.59,13.09,3.66,61.96,71.21,5646.76,103825.50,18.64
867546,atl,61.000,-46.000,979.28,978.80,8.72,2.11,56.01,63.41,0.00,133028.24,18.58
867546,atl,60.500,-39.750,973.71,973.60,12.71,2.23,52.89,78.56,8958.12,88730.65,18.64
867546,atl,43.500,4.250,998.51,997.97,10.53,1.99,44.41,51.83,0.00,1168.64,11.09
867546,pac,63.000,175.000,996.91,996.73,9.91,2.02,48.74,50.04,0.00,353.83,6.12
867546,pac,55.250,162.750,982.39,982.14,6.07,1.27,27.66,40.97,0.00,0.00,5.04
867546,pac,38.750,168.250,989.04,988.44,8.31,2.25,52.92,52.92,0.00,5400.71,4.78
867552,atl,65.500,-52.000,979.99,979.58,13.35,3.63,52.32,56.87,0.00,12058.42,11.35
867552,atl,62.250,-38.750,973.72,973.63,13.44,2.86,75.81,86.70,35115.89,86319.11,16.74
867552,atl,49.750,-48.250,1003.27,1002.26,12.79,3.81,50.35,50.35,0.00,501.87,5.86
867552,atl,42.500,9.750,996.23,995.91,9.88,2.19,42.28,51.75,0.00,1146.30,8.95
867552,pac,64.750,170.500,999.60,999.17,8.45,1.99,32.16,41.69,0.00,0.00,15.13
867552,pac,55.750,162.500,986.17,985.91,4.78,0.71,25.65,36.83,0.00,0.00,5.38
867552,pac,55.500,167.500,987.30,987.14,7.47,1.43,36.24,47.54,0.00,0.00,4.88
867552,pac,42.500,170.250,980.46,978.44,14.39,3.91,61.12,61.12,0.00,77197.25,6.94
867558,atl,69.000,-53.500,980.20,979.99,15.15,3.94,45.86,47.37,0.00,0.00,10.31
867558,atl,62.750,-38.500,973.21,972.84,14.61,3.31,75.58,80.83,29441.44,131029.56,16.29
867558,atl,50.750,-43.750,997.04,996.30,14.89,4.13,56.52,56.52,0.00,135046.61,8.06
867558,atl,42.750,10.000,994.44,993.87,13.05,2.45,44.36,61.24,0.00,23689.77,18.63
867558,pac,58.750,165.250,989.72,989.45,8.72,1.80,32.57,41.57,0.00,0.00,7.05
867558,pac,46.500,171.250,976.31,974.94,18.35,5.50,73.07,73.07,25502.59,281935.84,9.65
867564,atl,62.500,-38.500,974.08,973.50,16.01,3.92,64.94,69.49,10226.94,90658.16,11.90
867564,atl,52.500,-36.750,993.06,992.34,13.05,3.08,52.92,65.93,8106.47,118177.19,8.38
867564,atl,41.500,10.000,997.10,996.73,10.48,1.55,49.04,66.16,2873.64,53260.72,18.43
867564,pac,51.500,169.750,976.06,975.30,18.36,4.67,67.15,67.15,16366.16,243078.78,7.29
867564,pac,42.500,175.250,991.77,991.67,7.03,1.38,58.54,59.97,0.00,159244.01,6.62
867570,atl,62.000,-38.250,973.22,972.51,18.19,4.71,53.07,65.20,317.39,90587.71,10.62
867570,atl,54.500,-31.500,983.82,982.92,16.66,4.65,55.13,62.08,0.00,101228.47,7.47
867570,pac,54.750,166.000,975.81,975.47,17.18,4.31,56.59,59.53,0.00,114031.22,6.12
867570,pac,47.000,176.250,993.54,993.09,8.46,2.43,62.43,62.46,0.00,303957.19,6.15
867576,atl,62.250,-37.500,972.84,972.29,18.86,4.61,50.87,61.48,0.00,87155.80,12.31
867576,atl,57.000,-27.750,978.35,977.73,16.35,4.08,72.47,76.25,23566.25,193272.85,12.40
867576,pac,56.500,163.250,975.48,974.62,18.19,4.88,48.38,55.52,0.00,26394.78,10.35
867576,pac,43.250,179.000,993.38,993.16,9.78,2.21,54.33,55.45,0.00,65600.51,5.22
867582,atl,62.500,-37.500,972.43,972.01,19.06,4.57,51.85,64.93,2777.36,74713.77,14.45
867582,atl,59.500,-25.500,971.60,971.12,17.89,4.62,69.95,75.08,40570.55,160782.51,11.03
867582,atl,46.250,-72.750,999.36,998.92,9.17,1.81,37.30,48.57,0.00,0.00,6.29
867582,pac,49.000,161.000,990.83,990.69,6.04,1.23,27.67,35.76,0.00,0.00,3.32
867582,pac,45.250,178.250,991.91,991.62,11.68,2.76,51.97,51.97,0.00,27815.16,5.23
867588,atl,62.500,-38.500,975.61,975.10,17.85,4.35,44.31,67.32,16519.87,83926.58,16.58
867588,atl,61.000,-26.250,969.82,969.06,17.22,4.67,67.90,70.63,32165.14,187234.07,10.68
867588,atl,48.750,-68.250,990.10,989.74,11.84,2.15,39.21,54.35,0.00,4332.27,6.36
867588,pac,50.250,161.750,996.99,996.92,4.42,0.86,26.62,29.42,0.00,0.00,2.49
867588,pac,46.000,178.000,991.68,991.36,11.30,2.56,46.32,47.31,0.00,0.00,4.55
867594,atl,62.250,-40.000,982.10,981.25,13.08,3.58,57.64,66.17,4870.88,104642.97,18.73
867594,atl,62.250,-19.500,969.10,968.79,18.53,3.81,67.13,67.13,13388.85,213211.91,10.07
867594,atl,61.500,-26.750,969.22,968.56,17.38,4.02,60.77,65.61,3427.70,202995.57,8.88
867594,atl,51.000,-63.000,979.87,979.54,14.50,2.88,46.78,49.05,0.00,0.00,8.07
867594,pac,46.250,179.000,989.35,989.01,11.47,2.59,45.84,47.78,0.00,0.00,5.16
867600,atl,63.000,-80.000,999.76,999.64,4.11,0.91,22.08,22.08,0.00,0.00,2.98
867600,atl,63.000,-21.250,969.67,969.41,18.05,3.18,52.80,56.29,0.00,76712.73,8.68
867600,atl,62.000,-40.750,988.47,987.72,7.19,2.54,54.07,55.25,0.00,56015.76,15.20
867600,atl,61.000,-24.750,969.78,969.53,18.85,4.04,59.02,60.02,0.00,191000.98,8.68
867600,atl,53.000,-58.500,970.97,970.49,17.14,2.98,39.89,51.45,0.00,1477.15,8.48
867600,pac,47.000,180.000,987.73,987.43,11.76,2.78,46.85,46.85,0.00,0.00,4.99
867606,atl,63.000,-22.500,972.16,971.85,16.59,2.66,52.29,61.91,0.00,109437.74,9.25
867606,atl,60.750,-19.750,972.44,971.93,17.21,4.10,62.95,63.69,0.00,173071.81,9.25
867606,atl,55.500,-55.750,958.63,958.34,24.67,4.82,63.11,63.26,0.00,158125.54,10.84
867606,pac,47.750,181.000,988.45,988.20,9.76,2.28,46.51,46.67,0.00,0.00,4.27
867612,atl,66.500,-1.250,992.23,991.95,7.12,1.67,44.74,44.74,0.00,0.00,5.04
867612,atl,62.750,-22.750,978.00,977.74,12.44,2.31,50.18,60.00,0.00,69456.51,7.41
867612,atl,61.500,-15.750,975.07,974.23,16.58,4.37,59.43,61.37,0.00,162870.25,7.41
867612,atl,56.250,-53.500,950.05,949.72,27.47,5.49,73.61,73.61,95342.40,418370.58,14.71
867612,pac,48.500,189.500,990.00,989.71,8.03,1.75,38.59,44.79,0.00,0.00,3.88
867612,pac,48.500,199.250,992.38,991.97,9.55,2.43,41.97,41.97,0.00,0.00,3.79
867612,pac,48.250,184.250,989.91,989.72,8.03,1.68,46.03,46.03,0.00,0.00,3.92
867612,pac,37.750,161.750,1002.02,1001.37,7.62,2.31,44.20,44.39,0.00,0.00,4.24
867618,atl,68.250,-4.250,989.97,989.51,8.22,2.05,38.16,38.41,0.00,0.00,4.18
867618,atl,63.250,-25.000,984.54,984.25,5.53,1.72,45.41,50.85,0.00,1162.07,5.79
867618,atl,62.250,-13.250,976.94,975.80,16.44,4.63,49.07,55.56,0.00,96126.85,7.59
867618,atl,56.750,-51.750,946.63,945.84,28.02,6.00,76.44,81.82,294926.11,491773.47,13.42
867618,pac,53.000,163.000,999.09,998.64,5.81,1.80,29.89,29.89,0.00,0.00,4.42
867618,pac,52.500,222.750,1004.84,1004.51,10.00,2.23,37.98,41.40,0.00,0.00,5.57
867618,pac,50.250,198.750,989.68,989.26,10.37,2.38,44.14,44.36,0.00,0.00,3.93
867618,pac,49.250,191.750,990.55,990.13,8.01,1.78,42.78,45.71,0.00,0.00,3.84
867618,pac,38.250,165.500,999.25,998.24,9.52,3.01,49.65,49.65,0.00,0.00,6.23
867624,atl,62.500,-10.250,977.88,977.50,16.84,4.97,48.31,54.43,0.00,22474.76,7.64
867624,atl,55.750,-44.000,950.25,949.71,21.55,4.06,80.77,84.47,274467.31,384118.80,13.17
867624,pac,54.750,176.000,995.09,994.89,6.35,1.44,30.34,32.92,0.00,0.00,3.28
867624,pac,52.500,161.750,998.91,998.40,6.17,2.13,33.01,33.01,0.00,0.00,4.85
867624,pac,51.000,197.750,989.35,988.96,9.25,1.89,39.68,44.74,0.00,0.00,3.82
867624,pac,50.500,212.750,988.98,988.51,11.28,2.52,44.20,47.57,0.00,0.00,4.23
867624,pac,38.750,169.000,999.29,998.47,10.39,3.17,47.91,47.91,0.00,0.00,6.70
867630,atl,62.500,-6.000,980.95,980.60,14.01,3.60,50.35,50.68,0.00,3099.83,5.77
867630,atl,60.500,-46.000,950.85,949.96,18.36,4.00,78.29,78.29,145227.19,369826.55,16.70
867630,atl,57.750,-38.750,947.37,946.67,19.30,4.37,71.67,80.80,123792.59,261958.99,9.44
867630,pac,55.750,172.250,995.98,995.78,6.92,1.61,30.48,38.36,0.00,0.00,4.10
867630,pac,52.000,161.500,998.88,998.33,5.81,2.10,33.47,33.47,0.00,0.00,4.66
867630,pac,51.500,204.000,989.91,989.55,8.60,1.99,45.58,45.58,0.00,0.00,4.23
867630,pac,51.500,217.000,986.10,985.65,12.34,2.65,54.03,54.03,0.00,50079.34,5.37
867630,pac,51.250,197.250,990.78,990.46,7.86,1.62,44.09,45.36,0.00,0.00,3.86
867630,pac,39.250,172.750,998.64,997.96,10.68,3.10,47.48,47.48,0.00,0.00,6.51
867636,atl,69.000,-53.750,976.81,976.44,10.70,2.90,52.37,74.68,6754.18,50352.04,13.21
867636,atl,63.250,-2.250,984.33,984.09,9.81,2.21,45.33,46.31,0.00,0.00,7.13
867636,atl,60.500,-46.250,955.03,954.63,17.35,4.05,72.99,79.93,180766.08,428451.88,24.53
867636,atl,59.250,-36.250,948.09,947.53,19.51,4.35,56.69,75.62,77143.77,207820.31,9.88
867636,pac,56.250,170.250,997.84,997.61,6.31,1.37,29.46,39.40,0.00,0.00,4.43
867636,pac,52.750,223.250,984.25,983.61,17.88,3.65,54.40,54.70,0.00,51551.24,14.57
867636,pac,52.000,205.000,991.68,991.48,7.65,1.68,41.81,44.07,0.00,0.00,3.80
867636,pac,51.500,161.750,999.89,999.47,5.14,1.85,32.30,32.30,0.00,0.00,4.58
867636,pac,51.500,197.250,991.11,990.85,7.69,1.58,40.58,42.83,0.00,0.00,3.88
867636,pac,40.750,178.250,996.94,995.88,12.92,3.82,44.25,44.25,0.00,0.00,8.06
867642,atl,62.250,-49.000,960.04,958.97,17.12,4.41,75.52,75.52,39841.66,368987.28,20.69
867642,atl,60.250,-33.500,950.51,950.07,18.89,4.12,57.41,72.74,127709.53,203483.14,7.54
867642,pac,57.500,165.000,999.06,998.84,6.66,1.67,38.97,40.94,0.00,0.00,6.05
867642,pac,53.000,224.750,983.88,983.18,22.01,5.04,57.25,57.25,0.00,67086.08,30.45
867642,pac,52.250,204.750,992.68,992.53,8.23,1.73,38.20,38.54,0.00,0.00,3.74
867642,pac,51.750,197.250,991.92,991.69,7.40,1.56,36.32,41.03,0.00,0.00,3.76
867642,pac,51.500,162.250,1000.15,999.85,4.62,1.54,31.03,31.03,0.00,0.00,4.82
867642,pac,41.500,181.500,997.80,997.08,12.22,3.85,53.39,53.39,0.00,4051.37,8.35
867642,pac,31.000,164.000,992.06,990.59,6.08,1.72,58.60,66.28,2012.75,53811.68,5.12
867648,atl,64.250,-12.500,967.12,966.52,10.70,2.69,44.05,48.63,0.00,0.00,4.82
867648,atl,63.000,-50.500,964.94,964.34,15.34,4.39,62.57,62.57,0.00,191393.20,14.72
867648,atl,61.750,-30.750,953.90,953.58,17.93,3.19,56.85,67.08,46733.38,244154.30,8.11
867648,atl,42.750,-57.000,998.30,996.87,20.14,5.64,66.63,66.63,5802.89,190457.16,9.36
867648,pac,57.750,163.000,1000.70,1000.33,6.89,1.70,38.06,40.29,0.00,0.00,7.01
867648,pac,53.500,225.750,990.18,989.53,20.47,4.82,49.11,49.11,0.00,0.00,27.74
867648,pac,52.500,204.750,994.05,993.89,8.62,1.85,38.12,38.81,0.00,0.00,3.66
867648,pac,52.000,190.250,994.96,994.80,5.36,1.11,34.11,37.87,0.00,0.00,3.02
867648,pac,51.750,198.750,993.75,993.46,7.52,1.68,37.01,40.11,0.00,0.00,3.66
867648,pac,42.000,186.000,999.99,999.29,10.00,2.93,43.79,45.12,0.00,0.00,5.50
867648,pac,38.750,162.500,969.64,969.06,25.47,6.82,80.27,80.27,74629.31,396025.25,14.20
867648,pac,33.250,169.000,986.27,985.32,9.60,3.03,59.11,62.63,0.00,131968.84,5.09
867654,atl,65.500,-11.000,964.10,963.50,12.06,2.91,35.27,45.22,0.00,0.00,4.38
867654,atl,64.250,-52.500,967.73,967.44,14.31,4.37,48.28,50.21,0.00,1238.74,9.65
867654,atl,62.750,-37.750,958.82,958.50,15.46,3.54,61.15,65.57,6855.47,167403.38,12.73
867654,atl,62.250,-29.750,955.51,955.21,17.27,3.30,58.69,66.31,21883.86,246128.55,8.24
867654,atl,44.750,-51.000,991.71,990.16,21.69,6.23,59.33,71.28,27841.63,205528.17,10.18
867654,pac,58.500,161.250,1002.74,1002.25,7.08,1.42,35.95,37.58,0.00,0.00,14.90
867654,pac,56.500,183.250,995.89,995.33,9.77,2.18,45.79,45.79,0.00,0.00,5.02
867654,pac,53.500,227.500,996.55,995.79,18.55,5.15,43.78,43.78,0.00,0.00,25.53
867654,pac,53.000,205.750,995.41,995.11,9.64,2.16,36.19,38.25,0.00,0.00,3.38
867654,pac,52.000,190.500,997.44,997.28,4.82,1.18,30.86,33.15,0.00,0.00,2.56
867654,pac,42.750,191.000,1002.02,1001.48,8.27,2.20,39.06,41.40,0.00,0.00,4.26
867654,pac,40.000,165.750,963.05,962.65,29.26,7.35,81.29,81.29,136344.08,464549.56,16.03
867654,pac,36.000,173.250,980.94,979.44,11.71,3.73,57.16,64.72,1224.10,136700.76,7.52
867660,atl,68.000,-54.750,973.00,972.74,13.78,3.13,50.23,50.23,0.00,918.23,13.22
867660,atl,67.000,0.250,967.85,967.07,12.73,3.17,42.26,44.57,0.00,0.00,5.38
867660,atl,66.250,-11.250,962.48,961.94,13.72,3.38,37.01,50.07,0.00,280.08,6.90
867660,atl,64.750,-53.500,972.45,971.48,11.25,3.42,46.01,51.84,0.00,2605.94,11.14
867660,atl,62.500,-28.250,959.13,958.88,15.50,2.87,58.54,64.25,400.89,235292.14,6.34
867660,atl,46.500,-44.500,989.56,988.22,19.70,5.39,58.58,66.52,4435.27,207724.60,8.25
867660,pac,56.250,182.250,994.99,994.52,11.17,2.57,42.03,42.04,0.00,0.00,5.08
867660,pac,53.750,228.500,1002.82,1001.55,13.82,4.24,37.16,37.16,0.00,0.00,22.74
867660,pac,53.000,205.750,998.21,997.96,9.95,2.45,38.94,38.94,0.00,0.00,3.49
867660,pac,44.000,197.500,1004.58,1003.99,7.61,2.05,42.62,43.01,0.00,0.00,4.11
867660,pac,41.250,169.250,961.92,961.36,28.04,6.22,73.63,75.24,161474.97,482688.03,10.60
867660,pac,39.500,177.250,972.77,969.79,17.45,5.57,69.91,69.96,7208.61,295889.12,11.41
867666,atl,69.000,-56.000,975.78,975.28,12.12,3.10,47.57,49.97,0.00,0.00,13.48
867666,atl,68.250,0.000,967.44,966.47,12.73,3.51,44.86,44.86,0.00,0.00,5.84
867666,atl,66.500,-12.250,961.99,961.49,13.65,3.36,43.19,57.21,0.00,11290.83,7.13
867666,atl,65.250,-54.000,976.42,975.42,8.06,2.47,46.26,49.97,0.00,0.00,17.73
867666,atl,63.000,-28.750,959.79,959.53,14.60,3.35,61.74,61.74,0.00,233802.54,5.84
867666,atl,61.750,-40.250,961.19,960.25,17.63,5.17,59.47,59.47,0.00,158477.33,17.74
867666,atl,48.500,-36.500,982.34,980.85,19.72,5.48,59.33,59.33,0.00,249714.67,9.89
867666,pac,56.750,181.500,995.11,994.73,11.25,2.48,39.24,41.10,0.00,0.00,4.86
867666,pac,52.750,206.500,1000.52,1000.31,9.30,2.38,38.70,38.70,0.00,0.00,3.74
867666,pac,46.750,229.500,1003.31,1002.53,13.77,3.50,51.71,51.71,0.00,8124.41,7.45
867666,pac,45.250,202.000,1004.52,1003.94,7.95,2.34,42.53,43.24,0.00,0.00,4.75
867666,pac,43.000,178.250,967.62,965.70,19.70,5.53,72.34,72.34,17640.17,213105.48,9.93
867666,pac,41.750,171.750,963.86,963.35,25.13,5.61,75.63,79.60,200281.22,411440.47,9.35
867672,atl,66.750,-14.250,963.28,962.73,12.67,3.21,48.02,55.63,0.00,31660.19,8.82
867672,atl,65.000,-53.500,979.91,979.38,5.08,1.40,49.17,55.61,0.00,3208.39,25.04
867672,atl,63.250,-27.500,960.03,959.56,14.64,3.71,54.37,54.53,0.00,118119.11,6.24
867672,atl,61.250,-40.750,961.18,960.32,17.63,5.26,61.35,61.35,0.00,70463.68,25.04
867672,atl,50.500,-28.750,972.79,970.51,23.65,7.10,68.46,68.46,23379.74,305618.10,16.50
867672,pac,57.250,180.500,996.57,996.26,10.68,2.37,38.67,43.60,0.00,0.00,4.97
867672,pac,52.750,207.750,1003.51,1003.36,6.96,1.70,33.62,33.62,0.00,0.00,2.88
867672,pac,48.000,234.250,1000.14,998.89,15.73,4.21,51.29,59.07,0.00,19427.77,11.99
867672,pac,44.500,177.000,961.64,959.89,25.63,6.46,64.57,64.57,2171.36,144550.01,10.08
867678,atl,66.500,-17.000,964.94,964.51,10.77,2.56,57.93,58.75,0.00,66219.39,15.20
867678,atl,65.500,-53.000,978.27,977.40,7.06,2.26,39.73,49.87,0.00,0.00,24.35
867678,atl,63.750,-29.250,961.42,960.82,13.26,3.00,52.99,58.43,0.00,53720.17,8.58
867678,atl,60.500,-41.000,960.84,959.88,17.95,4.92,66.29,66.29,7530.27,158133.56,24.35
867678,atl,59.500,-78.750,998.65,998.45,4.29,1.17,28.90,29.07,0.00,0.00,4.41
867678,atl,52.500,-21.000,959.85,958.16,30.55,9.37,83.69,83.69,105633.59,430465.18,22.22
867678,pac,58.000,178.750,998.70,998.47,10.07,2.21,37.78,38.84,0.00,0.00,4.70
867678,pac,52.500,208.250,1004.73,1004.59,5.41,1.30,27.09,30.72,0.00,0.00,2.57
867678,pac,43.000,178.000,968.02,966.99,22.08,4.84,71.86,71.86,36499.52,359418.15,9.46
867684,atl,65.750,-52.750,981.79,980.32,5.26,1.58,41.15,46.41,0.00,0.00,14.03
867684,atl,64.250,-24.000,962.92,962.12,12.46,3.50,57.08,58.21,0.00,99012.56,5.93
867684,atl,60.250,-38.750,958.36,957.90,21.20,5.25,67.60,67.94,55147.59,223161.78,15.43
867684,atl,55.000,-14.000,951.25,950.69,33.70,9.62,86.21,86.21,169748.10,408398.99,19.27
867684,pac,58.000,177.000,1002.88,1002.75,7.77,1.54,29.23,43.12,0.00,0.00,5.85
867684,pac,43.750,183.250,973.70,973.17,16.09,2.88,53.97,65.17,4163.26,102842.99,6.64
867690,atl,66.500,-13.000,969.46,969.37,7.43,1.33,47.42,62.09,0.00,85601.63,7.99
867690,atl,66.000,-53.000,985.59,984.07,4.17,1.27,36.24,47.28,0.00,0.00,23.42
867690,atl,64.750,-24.500,964.49,963.64,12.82,3.89,61.76,62.09,0.00,132108.49,11.91
867690,atl,59.750,-37.000,955.36,954.71,25.66,7.03,82.55,85.27,156693.20,271869.50,15.82
867690,atl,56.750,-8.000,948.10,947.11,33.09,8.82,91.76,91.76,128372.59,380327.38,14.60
867690,pac,43.250,186.750,976.75,976.51,14.29,2.67,51.99,57.88,0.00,113724.37,5.21
867696,atl,68.500,-15.750,971.67,971.09,11.26,3.45,68.78,68.78,11892.30,125878.94,19.06
867696,atl,66.250,-12.500,972.31,972.18,5.74,1.01,42.93,68.78,9698.89,55505.47,9.30
867696,atl,64.500,-26.250,970.50,969.52,9.02,3.13,61.11,67.48,1699.33,114127.88,9.18
867696,atl,59.250,-35.250,959.14,958.55,24.97,6.85,78.90,78.98,206662.92,303502.40,10.39
867696,atl,58.250,-2.000,952.17,951.87,27.40,5.75,72.37,84.66,117160.46,310552.89,12.88
867696,atl,52.500,-24.500,987.74,987.15,5.43,2.03,55.38,55.38,0.00,58250.56,5.46
867696,pac,47.000,208.250,990.16,989.85,7.18,1.56,26.65,40.01,0.00,0.00,3.10
867696,pac,46.750,204.250,990.37,990.13,4.45,1.00,28.39,31.96,0.00,0.00,2.85
867696,pac,43.750,191.000,979.17,978.70,12.69,2.58,49.86,50.49,0.00,2898.31,4.45
867702,atl,67.500,-19.250,976.00,975.24,8.39,2.57,70.67,70.67,11785.21,95213.84,19.09
867702,atl,63.750,-29.750,972.07,971.10,9.07,2.92,62.66,62.66,0.00,74345.02,8.26
867702,atl,59.500,2.000,957.10,956.63,22.55,5.10,68.50,69.86,52299.77,215489.61,12.14
867702,atl,58.500,-31.750,961.46,960.92,23.33,6.56,68.32,73.92,149574.99,305680.25,9.60
867702,atl,52.500,-21.250,984.84,984.37,7.69,2.78,57.41,57.41,0.00,51299.85,7.79
867702,atl,42.500,-58.750,998.36,997.15,17.72,4.87,68.11,68.11,4680.86,164841.88,7.50
867702,pac,48.000,210.500,988.06,987.77,7.77,1.75,28.07,33.31,0.00,0.00,2.73
867702,pac,44.500,193.250,979.57,979.20,12.87,2.59,45.81,48.14,0.00,0.00,4.05
867708,atl,60.250,4.250,965.18,964.27,16.48,4.20,59.74,59.74,0.00,119949.22,9.15
867708,atl,58.500,-28.750,968.11,967.70,17.27,4.45,67.84,67.84,52950.41,199259.93,7.35
867708,atl,52.500,-17.250,986.12,985.67,6.96,2.47,58.22,58.22,0.00,29196.41,6.42
867708,atl,44.500,-54.000,990.84,988.98,22.00,6.19,65.47,65.47,3276.18,164388.15,8.95
867708,pac,61.750,211.500,1004.84,1004.07,10.10,2.59,25.61,35.05,0.00,0.00,16.83
867708,pac,61.250,207.000,1004.26,1003.01,8.80,2.63,24.99,35.05,0.00,0.00,16.83
867708,pac,48.750,212.000,986.16,985.73,7.91,2.06,32.29,32.29,0.00,0.00,2.90
867708,pac,44.750,196.000,981.07,980.94,11.49,2.30,42.30,45.91,0.00,0.00,3.90
867714,atl,63.750,6.250,972.41,972.18,9.54,2.45,34.88,43.93,0.00,0.00,9.80
867714,atl,61.250,-32.250,978.65,978.38,7.63,1.33,44.83,59.21,0.00,66931.66,6.65
867714,atl,58.500,-24.500,970.31,970.04,15.31,3.95,65.30,66.53,8650.72,143584.86,6.61
867714,atl,52.750,-13.750,986.95,986.58,6.68,2.45,54.76,54.76,0.00,10249.24,5.70
867714,atl,46.000,-49.000,985.68,984.05,21.69,6.06,59.91,67.99,21552.93,215483.08,9.82
867714,pac,61.000,206.750,999.42,998.44,12.22,3.65,35.07,35.07,0.00,0.00,19.56
867714,pac,59.500,210.000,999.37,998.92,8.20,1.19,23.73,35.07,0.00,0.00,19.56
867714,pac,49.500,213.000,984.91,984.46,7.75,2.11,34.93,35.13,0.00,0.00,2.95
867714,pac,49.500,224.500,986.36,986.23,7.85,1.33,31.79,41.68,0.00,0.00,3.73
867714,pac,45.500,198.500,982.06,981.95,10.18,1.95,34.50,39.85,0.00,0.00,3.40
867720,atl,64.250,5.750,975.42,975.23,8.34,2.28,41.69,41.69,0.00,0.00,9.42
867720,atl,63.000,-45.750,991.89,991.51,4.51,1.63,31.73,47.43,0.00,0.00,9.80
867720,atl,58.500,-22.000,971.34,971.01,15.22,3.80,51.32,51.37,0.00,16770.64,6.02
867720,atl,58.000,-78.250,995.93,995.63,8.11,1.97,21.42,22.59,0.00,0.00,5.23
867720,atl,53.000,-11.000,988.80,988.31,6.35,2.37,49.23,49.95,0.00,0.00,5.40
867720,atl,47.250,-43.000,976.09,974.53,26.52,7.45,73.97,73.97,100730.79,333698.03,13.30
867720,pac,59.250,210.000,994.02,993.56,10.78,1.89,32.38,43.05,0.00,0.00,18.19
867720,pac,51.000,160.500,989.67,989.12,14.28,3.40,42.62,47.82,0.00,0.00,8.80
867720,pac,50.250,214.000,984.50,984.10,7.64,2.03,32.86,32.86,0.00,0.00,3.06
867720,pac,50.250,230.500,983.82,983.46,11.75,2.42,39.35,44.52,0.00,0.00,12.56
867720,pac,46.250,201.500,983.67,983.53,8.51,1.54,36.67,39.25,0.00,0.00,3.00
867726,atl,64.750,6.250,975.52,975.34,8.87,2.43,36.15,36.15,0.00,0.00,9.13
867726,atl,63.000,-36.000,979.55,979.12,10.74,2.82,53.76,53.76,0.00,16548.23,8.52
867726,atl,59.250,-20.000,972.40,972.07,13.37,3.38,44.38,44.38,0.00,0.00,5.54
867726,atl,58.000,-77.500,993.97,993.75,8.85,1.96,21.97,26.53,0.00,0.00,3.17
867726,atl,47.000,-37.500,967.44,966.99,29.99,8.16,95.77,95.77,286984.05,500584.57,17.71
867726,pac,58.750,209.500,991.09,990.77,10.84,1.82,47.49,47.49,0.00,0.00,18.48
867726,pac,52.000,160.500,989.95,989.35,13.14,3.14,37.51,49.82,0.00,0.00,6.27
867726,pac,51.250,215.000,985.05,984.73,7.09,1.85,30.99,30.99,0.00,0.00,2.96
867726,pac,50.750,232.250,989.54,989.32,9.58,2.23,40.34,51.52,0.00,1011.42,12.98
867726,pac,47.250,204.250,985.02,984.97,7.39,1.34,32.29,33.16,0.00,0.00,2.76
867732,atl,65.250,7.250,977.20,977.09,9.51,2.69,33.48,34.12,0.00,0.00,8.31
867732,atl,62.250,-37.750,980.27,979.70,12.74,3.30,54.86,54.86,0.00,25119.01,10.52
867732,atl,59.500,-18.750,973.93,973.64,13.61,3.55,41.18,44.60,0.00,0.00,7.05
867732,atl,58.500,-77.000,992.91,992.70,10.04,2.41,26.25,32.22,0.00,0.00,3.90
867732,atl,46.500,-30.500,965.43,965.00,26.87,5.41,90.07,93.09,302303.75,535559.15,13.45
867732,pac,58.500,209.000,989.07,988.75,10.73,1.94,48.46,48.46,0.00,0.00,18.65
867732,pac,52.500,160.750,992.10,991.42,11.93,3.00,35.34,47.06,0.00,0.00,7.75
867732,pac,52.500,217.250,984.97,984.71,8.10,2.06,33.09,33.09,0.00,0.00,3.12
867732,pac,50.750,236.750,997.74,996.32,10.86,2.31,47.33,55.99,0.00,1590.92,16.74
867732,pac,50.000,239.750,997.09,995.78,13.65,2.44,47.43,55.99,0.00,4228.46,28.19
867738,atl,65.500,8.750,979.35,979.25,9.39,2.85,34.87,34.87,0.00,0.00,8.14
867738,atl,61.250,-38.000,982.08,981.61,11.77,2.75,52.80,52.80,0.00,34262.77,12.68
867738,atl,60.500,-18.250,977.19,976.82,11.62,3.02,44.93,44.93,0.00,0.00,8.07
867738,atl,59.000,-74.500,994.44,994.11,8.93,1.89,31.32,34.95,0.00,0.00,4.11
867738,atl,58.750,-68.500,995.57,995.46,6.87,1.18,29.80,39.98,0.00,0.00,4.55
867738,atl,46.250,-25.000,962.58,962.02,24.51,4.49,87.34,93.02,260791.76,507395.72,13.02
867738,pac,58.500,208.500,987.64,987.27,10.98,2.13,49.23,49.23,0.00,0.00,19.12
867738,pac,53.500,218.500,985.01,984.62,9.56,2.29,36.71,40.02,0.00,0.00,4.38
867738,pac,53.250,160.500,994.18,993.53,9.69,2.42,38.56,42.29,0.00,0.00,8.43
867738,pac,38.500,172.500,1002.17,1002.07,6.59,1.53,34.64,37.16,0.00,0.00,3.44
867738,pac,33.250,168.750,1002.20,1001.69,4.87,1.07,37.76,52.96,0.00,1350.12,6.24
867744,atl,61.750,-23.250,979.62,979.10,11.19,2.57,52.02,52.02,0.00,3163.47,8.94
867744,atl,60.000,-62.250,994.97,994.83,8.36,1.72,37.29,37.87,0.00,0.00,7.77
867744,atl,50.500,-19.750,966.39,965.75,18.83,4.25,67.41,81.19,58338.87,262068.47,10.21
867744,atl,46.500,-20.750,964.77,964.44,20.22,3.93,82.73,83.85,205732.62,363151.74,10.21
867744,pac,58.500,208.250,989.19,988.87,8.77,1.65,42.99,45.69,0.00,0.00,22.19
867744,pac,54.750,219.750,984.65,984.18,13.20,2.91,47.73,50.44,0.00,409.51,21.20
867744,pac,40.000,174.250,992.49,991.51,12.84,3.33,53.20,53.20,0.00,4143.81,5.32
867744,pac,31.500,173.500,996.31,995.00,9.66,2.72,58.89,58.89,0.00,32543.37,6.56
867750,atl,62.500,-38.500,985.40,985.17,9.48,2.52,59.09,59.09,0.00,71424.49,9.93
867750,atl,62.250,-28.000,977.18,976.46,15.59,3.96,51.28,59.09,0.00,54472.71,10.36
867750,atl,60.750,-59.750,992.68,992.50,9.56,2.27,39.33,42.83,0.00,0.00,8.67
867750,atl,51.500,-18.750,965.60,964.99,18.65,4.51,68.49,77.04,93943.00,273574.50,9.86
867750,atl,47.750,-17.250,966.31,966.11,16.16,2.79,78.10,78.10,204647.19,365622.51,9.65
867750,pac,58.500,208.500,989.34,989.14,9.04,1.93,40.92,40.92,0.00,0.00,21.75
867750,pac,55.750,220.750,985.84,985.27,16.29,3.51,51.40,51.40,0.00,409.51,28.10
867750,pac,54.750,164.500,998.12,997.82,7.80,1.76,32.92,34.18,0.00,0.00,7.90
867750,pac,42.500,175.750,985.78,984.18,17.15,4.69,51.31,51.31,0.00,3425.27,9.40
867750,pac,37.750,176.750,988.76,988.21,10.80,2.40,47.49,64.57,644.40,27628.97,14.34
867750,pac,33.750,177.500,986.13,983.38,15.47,4.57,64.94,64.94,1936.91,110539.88,14.34
867756,atl,64.000,-48.750,992.56,991.72,4.25,1.97,45.53,54.99,0.00,5552.70,14.21
867756,atl,62.500,-31.250,975.16,973.93,18.51,4.81,59.75,59.75,0.00,132488.38,10.85
867756,atl,60.000,-56.250,990.75,990.50,9.91,2.30,46.37,48.59,0.00,0.00,11.44
867756,atl,54.000,-16.750,967.28,966.86,17.65,4.12,57.47,71.84,19741.86,175225.56,8.61
867756,pac,58.750,208.000,990.37,990.02,10.25,2.30,38.09,38.09,0.00,0.00,20.99
867756,pac,56.500,222.000,989.34,988.64,16.55,4.05,52.33,52.33,0.00,819.01,27.70
867756,pac,54.500,162.500,997.69,997.32,8.84,2.09,35.47,39.68,0.00,0.00,7.49
867756,pac,44.750,176.250,981.35,980.20,19.50,5.47,60.10,60.10,0.00,172572.45,8.45
867756,pac,36.500,181.000,975.32,971.17,22.89,7.04,84.31,84.31,25539.78,345502.20,17.52
867762,atl,63.000,-33.500,973.04,972.18,19.97,5.43,67.26,67.26,21623.91,134826.02,12.31
867762,atl,62.000,-63.250,996.93,995.66,7.59,2.62,48.37,51.94,0.00,3102.73,12.74
867762,atl,56.250,-16.750,968.23,967.89,15.87,3.58,54.10,58.52,0.00,113636.23,7.24
867762,atl,53.000,-13.750,968.01,967.79,14.71,2.66,60.23,64.64,6583.10,193524.94,7.24
867762,pac,59.000,208.500,990.36,989.79,11.94,2.59,34.13,34.13,0.00,0.00,19.94
867762,pac,57.000,223.250,995.40,994.35,13.08,4.11,44.78,44.78,0.00,0.00,24.20
867762,pac,54.000,161.000,998.38,998.06,8.00,1.78,26.35,37.96,0.00,0.00,8.26
867762,pac,46.750,175.500,981.81,980.91,18.51,5.32,59.70,59.97,0.00,176423.92,9.34
867762,pac,39.500,182.500,967.31,965.05,28.04,8.50,82.30,82.30,52857.04,448253.24,13.20
867768,atl,62.250,-38.000,972.98,972.63,18.89,5.65,74.14,74.14,29256.85,94916.09,13.85
867768,atl,59.000,-18.500,965.72,965.24,17.36,4.30,54.04,56.63,0.00,41128.91,7.92
867768,atl,46.000,-77.750,996.46,995.75,11.71,3.12,45.35,48.46,0.00,0.00,11.19
867768,atl,40.250,-65.500,1001.41,1001.22,6.74,1.47,41.48,44.11,0.00,0.00,3.35
867768,pac,59.500,208.750,992.77,992.28,12.26,2.60,35.90,35.90,0.00,0.00,25.24
867768,pac,57.250,223.500,1004.65,1004.00,6.93,2.21,27.90,34.80,0.00,0.00,31.75
867768,pac,53.250,160.500,1001.73,1001.55,4.80,1.11,28.48,30.92,0.00,0.00,7.15
867768,pac,48.500,174.250,983.90,982.63,18.11,5.51,60.47,60.47,0.00,91860.80,9.43
867768,pac,40.750,182.500,961.56,959.43,31.86,9.34,81.68,81.68,171642.14,483823.16,13.06
867768,pac,39.000,188.250,981.17,978.96,11.42,3.13,69.47,78.85,20421.35,220834.79,11.32
867768,pac,35.750,190.500,984.22,981.99,14.11,4.12,78.85,78.85,16322.14,155596.41,10.58
867774,atl,65.750,-52.500,996.39,995.68,7.19,1.85,44.02,45.51,0.00,0.00,10.32
867774,atl,60.250,-37.500,977.81,977.28,12.56,3.17,50.51,59.91,0.00,21151.42,12.14
867774,atl,60.000,-21.250,960.25,959.57,18.45,4.53,49.20,55.22,0.00,4890.56,8.83
867774,atl,51.000,-26.000,981.90,981.15,10.12,2.70,59.62,61.09,0.00,228454.91,5.14
867774,atl,46.750,-74.500,993.92,993.43,10.80,3.11,31.19,40.13,0.00,0.00,10.84
867774,atl,41.750,-64.750,994.52,994.31,6.77,1.14,30.41,49.93,0.00,0.00,4.12
867774,atl,40.750,-71.250,993.09,992.50,4.77,1.45,32.00,37.13,0.00,0.00,3.41
867774,pac,60.000,209.250,996.60,995.99,11.20,2.61,34.76,38.95,0.00,0.00,24.50
867774,pac,50.000,173.000,986.20,984.94,17.14,5.14,58.94,58.94,0.00,64022.62,9.15
867774,pac,41.250,183.500,963.05,961.12,29.56,8.19,76.55,76.55,209607.08,427314.46,12.68
867774,pac,39.500,191.250,979.17,976.70,14.64,4.73,71.28,71.28,7755.90,157622.12,10.79
867780,atl,67.750,-52.750,1000.00,999.62,8.09,2.10,40.98,40.98,0.00,0.00,10.99
867780,atl,60.000,-21.500,956.83,956.23,21.56,5.12,58.38,58.38,0.00,69662.38,9.68
867780,atl,55.000,-69.500,995.37,994.75,11.64,3.34,24.70,26.27,0.00,0.00,7.91
867780,atl,51.250,-20.500,970.07,968.77,19.73,6.05,66.64,66.64,9688.44,301627.50,10.15
867780,atl,43.250,-67.500,986.48,986.14,7.76,1.79,31.58,43.06,0.00,0.00,7.91
867780,pac,59.250,210.000,1001.26,1000.97,7.21,1.22,28.25,46.45,0.00,0.00,21.99
867780,pac,51.000,171.250,986.14,984.38,19.23,5.97,58.90,58.90,0.00,46824.58,10.80
867780,pac,41.250,185.250,964.90,963.28,25.96,6.65,75.25,75.25,221045.20,385001.37,8.88
867780,pac,39.750,195.750,983.45,980.94,13.43,4.15,63.05,63.05,0.00,42686.82,11.24
867786,atl,59.750,-22.500,958.92,958.49,21.74,5.40,56.36,59.74,0.00,90999.05,10.24
867786,atl,51.250,-16.500,965.01,964.14,24.32,6.73,74.81,74.81,25460.28,366601.03,12.04
867786,atl,47.500,-63.000,978.92,978.72,12.82,2.54,52.30,59.92,0.00,3578.93,14.57
867786,pac,58.750,209.750,1000.61,1000.46,6.39,1.08,27.30,35.63,0.00,0.00,17.90
867786,pac,56.500,222.000,1002.16,1001.98,8.26,1.68,34.92,35.63,0.00,0.00,26.66
867786,pac,51.750,170.000,985.84,984.77,19.13,5.82,54.64,54.64,0.00,25794.42,7.42
867786,pac,48.500,225.500,998.97,998.64,10.90,2.76,37.14,37.74,0.00,0.00,4.41
867786,pac,43.000,194.750,980.47,978.93,12.72,4.04,58.23,58.23,0.00,65966.20,7.31
867786,pac,41.250,187.000,965.41,964.11,24.19,6.08,71.71,71.99,141566.99,298999.76,8.46
867786,pac,37.750,163.750,997.26,995.73,9.06,2.62,67.81,67.81,3069.49,34000.28,6.86
867792,atl,65.000,-11.750,980.28,979.93,12.33,2.72,45.15,54.41,0.00,31808.85,9.17
867792,atl,57.500,-23.250,966.09,965.59,18.62,5.31,63.10,63.10,0.00,188765.77,9.13
867792,atl,53.000,-14.250,966.69,965.96,20.38,5.41,66.01,66.01,5594.34,189390.98,8.49
867792,atl,49.500,-61.000,974.01,973.14,15.40,3.49,37.74,56.28,0.00,7827.93,9.48
867792,pac,59.750,215.000,996.44,996.15,11.67,2.43,25.66,37.48,0.00,0.00,28.32
867792,pac,58.250,221.500,998.16,997.77,10.78,2.62,37.48,37.48,0.00,0.00,24.57
867792,pac,53.250,168.000,988.14,987.04,17.96,5.17,51.00,51.30,0.00,18113.52,7.17
867792,pac,51.250,227.000,991.11,990.81,14.98,3.70,52.18,52.18,0.00,3784.77,10.19
867792,pac,41.500,188.500,969.50,968.30,19.18,4.68,57.87,66.21,25139.64,222438.47,6.09
867792,pac,39.250,169.000,995.49,993.23,10.71,3.53,56.56,56.56,0.00,12674.91,7.71
867798,atl,67.000,-9.000,986.47,986.19,14.42,3.41,42.52,47.23,0.00,0.00,5.57
867798,atl,55.000,-14.500,966.89,966.21,18.36,4.19,60.06,64.10,454.22,114460.46,8.32
867798,atl,54.500,-20.000,968.62,967.94,16.87,3.86,65.39,65.39,5967.39,289721.81,8.32
867798,atl,53.750,-57.000,969.09,968.69,18.57,3.73,59.29,63.95,0.00,170796.55,7.56
867798,pac,60.250,213.250,993.98,993.58,12.58,2.11,28.42,33.97,0.00,0.00,31.20
867798,pac,54.250,165.500,989.62,989.00,15.12,4.41,54.29,54.29,0.00,41878.43,8.38
867798,pac,53.000,228.750,985.79,984.49,17.77,5.22,51.63,51.63,0.00,935.50,12.52
867798,pac,41.500,189.750,970.99,970.01,18.46,4.40,60.91,66.94,32014.28,157944.63,6.71
867798,pac,39.750,172.500,993.79,991.31,10.27,4.05,62.05,62.05,0.00,24681.22,10.19
867804,atl,67.250,-9.000,995.44,994.99,9.50,2.54,43.48,45.56,0.00,0.00,6.04
867804,atl,56.500,-16.250,969.35,968.84,18.80,3.87,52.51,55.83,0.00,20964.49,8.93
867804,atl,56.250,-59.250,961.08,960.47,24.97,6.20,64.56,66.23,3731.16,164761.36,15.82
867804,atl,53.750,-16.000,969.16,968.21,18.35,4.44,59.89,60.26,0.00,147699.87,8.93
867804,atl,37.500,-8.500,994.48,992.97,13.22,4.48,61.81,61.81,0.00,53599.47,8.72
867804,pac,62.500,209.000,995.92,993.57,13.33,3.73,29.35,34.90,0.00,0.00,29.16
867804,pac,60.750,219.000,994.35,992.90,10.99,3.85,27.94,36.39,0.00,0.00,29.16
867804,pac,60.500,212.500,995.02,994.79,11.22,1.70,30.36,33.76,0.00,0.00,29.16
867804,pac,57.250,226.500,991.04,990.62,14.05,3.34,39.57,44.58,0.00,0.00,30.54
867804,pac,56.500,229.250,991.13,990.65,15.82,3.23,43.56,44.58,0.00,0.00,30.54
867804,pac,41.250,192.000,974.30,973.57,14.97,3.58,50.95,58.45,0.00,91491.15,5.56
867804,pac,39.250,176.250,997.29,995.97,6.82,2.87,59.54,59.54,0.00,20086.79,6.35
867810,atl,66.750,-9.750,1001.40,1001.02,4.45,1.52,36.54,39.02,0.00,0.00,6.02
867810,atl,57.250,-60.500,955.72,954.59,28.19,7.77,55.96,64.05,392.21,85178.89,19.57
867810,atl,55.000,-15.000,971.36,970.33,17.65,4.34,54.25,54.25,0.00,18182.63,8.40
867810,atl,50.500,-45.500,969.22,968.54,15.67,3.64,59.96,62.01,0.00,82052.54,7.24
867810,atl,39.000,-5.000,993.31,991.54,10.58,3.37,47.58,47.58,0.00,0.00,9.42
867810,pac,61.500,206.500,997.05,996.04,10.99,2.89,28.89,39.06,0.00,0.00,22.70
867810,pac,60.750,219.250,997.40,995.19,9.98,3.26,27.24,33.32,0.00,0.00,24.28
867810,pac,60.500,212.250,997.60,997.35,9.50,1.37,27.72,33.81,0.00,0.00,24.28
867810,pac,58.250,224.500,998.94,997.91,8.07,2.37,33.32,33.92,0.00,0.00,24.28
867810,pac,57.250,232.000,997.48,996.00,12.43,4.46,35.73,40.20,0.00,0.00,21.94
867810,pac,41.500,194.500,975.59,975.03,13.51,3.29,49.44,53.87,0.00,28804.19,4.90
867816,atl,58.250,-61.000,961.68,960.75,23.90,5.23,56.29,58.10,0.00,86715.67,15.57
867816,atl,55.500,-16.500,974.69,973.86,15.24,4.17,47.88,47.88,0.00,0.00,6.33
867816,atl,54.250,-43.500,957.18,956.04,23.66,6.25,61.31,65.36,15791.49,374234.67,8.53
867816,atl,43.750,0.500,1001.73,1001.43,4.02,1.19,32.72,38.31,0.00,0.00,14.78
867816,atl,40.750,-4.000,997.70,997.19,7.02,2.31,30.75,33.62,0.00,0.00,9.33
867816,pac,61.750,206.250,1000.54,999.35,10.17,2.79,27.37,42.34,0.00,0.00,16.98
867816,pac,48.250,205.000,988.64,988.47,5.70,1.10,29.10,39.70,0.00,0.00,3.49
867816,pac,46.750,208.750,988.49,988.32,7.43,1.20,45.65,53.63,0.00,10978.39,5.61
867816,pac,42.500,196.500,977.59,977.11,11.91,2.81,39.30,41.15,0.00,0.00,3.60
867816,pac,35.750,162.250,998.82,998.46,4.23,1.28,42.46,43.99,0.00,0.00,2.98
867822,atl,59.250,-67.250,968.99,967.75,23.37,5.94,55.95,56.88,0.00,28834.90,14.71
867822,atl,58.750,-62.000,969.12,968.23,18.99,3.50,56.36,57.22,0.00,65453.97,14.71
867822,atl,55.500,-41.750,956.09,955.11,23.10,5.77,78.23,78.23,190594.28,443690.64,10.06
867822,atl,55.000,-16.500,976.61,976.20,10.49,2.65,40.13,40.13,0.00,0.00,3.69
867822,atl,38.250,0.250,1000.42,1000.02,7.33,1.85,37.54,40.63,0.00,0.00,7.08
867822,pac,48.500,210.500,986.35,986.16,10.85,2.07,41.22,52.20,0.00,1016.50,5.59
867822,pac,43.000,197.500,980.59,980.18,11.83,2.80,33.16,35.74,0.00,0.00,3.34
867822,pac,40.250,170.750,994.17,993.50,6.33,1.75,45.74,45.74,0.00,0.00,4.30
867828,atl,59.000,-67.750,976.27,974.92,18.91,4.26,49.53,53.59,0.00,6869.18,13.18
867828,atl,58.750,-62.000,975.76,975.27,14.48,2.95,46.25,53.59,0.00,10866.51,13.18
867828,atl,56.250,-39.750,956.94,955.88,24.00,6.36,71.49,71.49,130516.86,341446.37,10.80
867828,atl,39.250,1.000,1003.90,1003.53,6.36,1.70,30.00,38.55,0.00,0.00,5.25
867828,pac,51.000,213.500,986.09,985.52,15.51,3.45,45.39,48.54,0.00,0.00,5.21
867828,pac,43.750,172.500,988.90,988.32,8.02,2.42,60.25,60.25,0.00,16839.33,4.55
867828,pac,42.750,198.000,985.17,984.77,11.00,2.64,32.96,34.82,0.00,0.00,4.08
867834,atl,58.750,-62.000,981.18,980.79,10.13,2.19,42.54,49.41,0.00,0.00,9.79
867834,atl,58.500,-68.750,982.12,981.42,15.24,3.36,44.78,49.41,0.00,0.00,9.79
867834,atl,56.750,-39.250,959.62,958.78,23.20,6.13,70.68,72.79,107611.10,371023.13,16.87
867834,atl,56.000,-16.500,969.26,969.11,9.87,1.36,49.51,58.24,0.00,109415.12,6.22
867834,atl,53.250,-14.250,968.96,968.16,14.11,3.37,57.94,59.70,0.00,247893.24,6.45
867834,atl,42.750,-50.500,1004.05,1003.24,7.77,2.27,49.40,52.04,0.00,9506.03,5.08
867834,pac,53.000,215.000,989.29,988.88,15.39,3.34,42.85,48.91,0.00,0.00,5.78
867834,pac,47.750,160.000,975.60,975.00,13.63,3.47,39.06,40.17,0.00,0.00,4.40
867834,pac,45.750,174.500,984.59,983.77,10.00,2.94,51.72,51.72,0.00,2192.74,5.42
867834,pac,42.750,205.250,992.80,992.51,7.59,1.79,49.19,50.01,0.00,583.22,4.45
867834,pac,42.000,199.000,990.66,990.31,9.25,2.18,37.96,37.96,0.00,0.00,3.92
867834,pac,41.250,177.000,989.96,989.30,7.61,2.21,49.93,51.72,0.00,2192.74,5.29
867840,atl,57.500,-70.250,990.43,989.95,11.43,2.38,42.00,49.53,0.00,0.00,12.34
867840,atl,57.250,-39.250,965.89,964.70,19.73,5.38,66.17,70.46,11602.71,378355.32,18.43
867840,atl,57.250,-14.750,967.40,967.31,10.74,1.44,35.13,56.52,0.00,55880.90,6.89
867840,atl,54.750,-11.250,965.40,964.75,15.97,3.77,59.06,59.06,0.00,174373.74,7.11
867840,atl,44.750,-43.250,1000.85,999.90,8.52,2.78,56.24,56.24,0.00,25827.73,7.64
867840,pac,55.000,217.750,995.78,995.61,14.75,2.98,51.44,53.77,0.00,34942.89,18.10
867840,pac,49.000,173.250,982.63,982.25,10.66,2.78,49.62,50.24,0.00,1031.66,4.71
867840,pac,47.750,161.000,977.17,976.84,12.08,3.12,41.98,41.98,0.00,0.00,4.05
867840,pac,45.250,206.500,994.80,994.37,10.15,2.71,39.63,39.63,0.00,0.00,4.02
867840,pac,42.750,179.750,989.77,989.32,8.17,2.66,45.92,45.92,0.00,0.00,4.35
867840,pac,41.250,200.500,996.43,996.19,7.28,1.77,38.62,38.62,0.00,0.00,3.35
867846,atl,58.500,-60.500,981.23,980.83,12.64,3.14,41.44,44.56,0.00,0.00,13.11
867846,atl,58.250,-15.000,966.44,966.36,10.71,1.46,34.95,58.88,0.00,70888.73,5.48
867846,atl,57.750,-40.250,967.12,965.67,19.65,5.41,70.55,71.59,13249.27,244769.10,18.99
867846,atl,56.000,-9.250,964.65,963.84,15.15,3.45,53.79,58.88,0.00,95135.95,6.65
867846,atl,47.000,-36.750,994.47,993.10,9.73,3.20,58.13,58.13,0.00,31442.30,5.77
867846,atl,42.250,-53.250,1004.05,1003.30,6.13,1.64,51.81,51.81,0.00,8647.79,3.48
867846,pac,58.500,210.500,1002.37,1002.05,9.58,2.16,43.67,45.27,0.00,0.00,14.78
867846,pac,57.000,217.500,1002.55,1002.35,12.07,1.84,55.85,55.85,0.00,6938.69,18.57
867846,pac,51.000,173.000,977.52,977.02,14.84,4.06,52.58,52.58,0.00,37772.81,5.91
867846,pac,48.000,162.750,977.35,977.05,10.59,2.65,44.75,44.75,0.00,0.00,4.01
867846,pac,47.250,207.250,1000.07,999.52,10.03,3.01,32.50,34.85,0.00,0.00,4.47
867846,pac,44.000,182.000,989.25,988.81,8.86,2.67,43.40,43.40,0.00,0.00,4.55
867846,pac,40.750,202.000,1002.57,1002.38,5.24,1.30,34.12,34.12,0.00,0.00,2.27
867852,atl,57.750,-43.500,967.89,966.56,19.67,5.60,74.89,74.89,24514.70,146646.15,22.06
867852,atl,57.250,-7.500,967.00,966.46,13.67,2.79,47.64,55.33,0.00,17687.13,5.91
867852,atl,57.000,-63.500,987.50,986.71,11.62,3.08,41.65,41.65,0.00,0.00,12.59
867852,atl,49.000,-29.750,989.74,988.37,10.95,3.70,60.49,60.49,0.00,95863.17,7.94
867852,atl,45.750,-53.500,1000.31,999.86,6.91,2.15,56.62,56.62,0.00,88114.09,5.40
867852,atl,44.250,-47.000,1000.87,1000.65,5.31,1.37,49.22,50.62,0.00,1104.71,3.59
867852,pac,52.500,172.000,975.22,974.54,17.17,4.78,51.65,51.65,0.00,5806.23,7.26
867852,pac,48.250,164.750,979.90,979.62,7.83,2.10,40.13,41.63,0.00,0.00,4.03
867852,pac,45.250,183.500,987.54,987.26,10.13,2.73,47.94,47.94,0.00,0.00,4.84
867852,pac,40.250,177.250,992.79,991.34,5.24,2.09,45.44,45.44,0.00,0.00,7.90
867858,atl,59.750,-17.000,969.32,969.21,9.74,1.57,48.93,51.03,0.00,11944.25,4.75
867858,atl,59.250,-6.250,968.70,968.54,12.58,2.38,40.55,46.34,0.00,0.00,5.03
867858,atl,57.500,-47.500,971.50,970.07,17.19,4.69,68.57,68.57,6912.88,106112.43,15.76
867858,atl,50.250,-23.000,985.62,984.23,11.84,4.11,64.38,64.38,501.87,154286.70,11.40
867858,atl,46.250,-49.000,994.45,992.75,8.17,2.96,59.17,65.24,2171.36,87850.55,7.84
867858,atl,46.250,-41.500,990.35,989.56,9.84,2.92,65.24,65.24,2171.36,109264.38,5.56
867858,pac,53.750,170.000,975.30,974.83,17.14,4.34,52.92,52.92,0.00,46173.80,6.86
867858,pac,46.250,185.000,986.04,985.71,11.73,2.99,53.60,53.60,0.00,10660.50,4.54
867858,pac,31.500,185.500,1003.28,1002.44,5.01,1.61,52.68,52.68,0.00,1331.68,4.11
867864,atl,60.750,-6.250,968.92,968.64,13.38,2.77,39.25,45.29,0.00,0.00,4.94
867864,atl,60.000,-21.500,969.82,969.47,11.76,2.62,52.43,52.43,0.00,22244.67,5.28
867864,atl,56.000,-51.500,976.55,974.86,17.95,5.48,53.13,53.13,0.00,10640.36,10.78
867864,atl,51.500,-12.500,984.68,983.82,11.36,3.32,59.67,63.36,0.00,206965.86,7.08
867864,atl,49.000,-35.000,978.89,976.80,15.47,4.83,64.22,64.22,1056.52,132084.74,10.58
867864,atl,46.750,-44.250,992.66,992.06,7.49,2.91,62.80,62.80,0.00,169795.51,7.31
867864,pac,54.250,166.750,976.98,976.64,16.07,3.85,56.53,56.53,0.00,73304.28,8.99
867864,pac,47.750,186.000,984.72,984.40,13.64,3.37,48.26,48.87,0.00,0.00,4.76
867870,atl,62.000,-7.500,968.58,968.37,13.83,2.77,33.88,47.52,0.00,0.00,7.63
867870,atl,59.750,-24.750,971.07,970.48,11.45,2.90,49.89,49.89,0.00,0.00,4.42
867870,atl,53.000,-53.250,986.88,985.59,16.60,4.99,58.35,58.35,0.00,27800.34,12.75
867870,atl,52.250,-5.000,984.11,982.75,12.16,3.76,52.01,54.61,0.00,26780.14,7.51
867870,atl,50.500,-30.750,965.49,962.96,23.56,7.76,84.59,84.59,58042.51,238903.85,20.15
867870,pac,53.250,164.500,975.73,975.21,15.49,3.97,66.29,66.29,4063.36,27409.72,10.00
867870,pac,49.750,185.500,986.23,985.83,12.98,3.09,51.07,52.18,0.00,21512.21,4.91
867870,pac,37.750,167.000,996.88,996.58,5.22,1.47,44.72,45.13,0.00,0.00,3.11
867876,atl,62.500,-8.750,970.71,970.45,14.25,3.03,37.36,48.46,0.00,0.00,10.72
867876,atl,59.500,-27.250,970.87,970.17,11.24,3.05,45.77,47.31,0.00,0.00,5.51
867876,atl,53.000,-25.500,958.58,958.03,25.64,8.37,89.10,89.10,89103.74,252155.51,17.20
867876,atl,52.500,1.750,988.75,988.21,12.46,3.73,52.63,52.95,0.00,11370.30,6.55
867876,atl,48.750,-51.750,1002.97,1001.62,9.88,3.24,57.96,57.96,0.00,15977.39,7.52
867876,atl,47.250,-35.000,991.99,991.65,6.01,1.87,54.04,55.23,0.00,91015.18,4.47
867876,atl,37.500,-77.250,1003.80,1003.17,8.17,1.65,55.15,55.15,0.00,11630.56,7.79
867876,pac,52.750,163.250,977.43,976.66,14.02,3.72,47.11,47.11,0.00,0.00,8.70
867876,pac,51.750,184.250,988.56,988.20,11.55,2.72,47.99,50.12,0.00,470.43,4.41
867876,pac,49.000,211.250,1004.43,1004.21,7.86,1.86,30.15,32.72,0.00,0.00,3.22
867876,pac,39.000,172.250,996.18,995.82,5.85,1.72,48.87,49.20,0.00,0.00,3.74
867882,atl,62.750,-9.500,972.86,972.56,12.12,2.66,44.35,45.61,0.00,0.00,12.22
867882,atl,58.250,-30.250,968.35,967.61,14.43,4.04,48.68,48.68,0.00,0.00,8.98
867882,atl,54.500,-20.500,955.86,955.24,24.90,7.41,87.55,87.55,128502.90,336254.29,13.88
867882,atl,52.250,6.750,996.89,996.43,8.75,2.69,38.95,47.87,0.00,0.00,5.88
867882,atl,40.250,-73.250,1000.15,998.85,11.97,2.97,57.19,57.19,0.00,73214.03,12.40
867882,pac,54.000,181.250,989.26,989.00,10.80,2.48,47.02,47.10,0.00,0.00,4.48
867882,pac,52.250,162.750,977.78,977.32,13.01,3.50,44.45,44.45,0.00,0.00,8.03
867882,pac,50.750,211.000,1001.45,1001.13,9.72,2.61,37.78,37.78,0.00,0.00,3.99
867882,pac,47.000,194.500,996.20,995.91,7.27,1.77,35.88,42.60,0.00,0.00,3.10
867882,pac,42.500,176.000,992.33,991.92,6.34,1.60,53.70,54.73,0.00,30817.07,4.40
867882,pac,41.250,201.250,997.47,997.20,7.70,1.79,41.27,41.27,0.00,0.00,3.89
867882,pac,36.500,164.500,989.48,988.54,9.21,2.27,51.96,62.25,0.00,54273.82,7.56
867888,atl,67.500,-36.750,998.85,996.83,5.37,2.78,37.16,46.42,0.00,0.00,21.93
867888,atl,56.500,-31.500,973.70,972.98,15.15,4.25,55.73,55.73,0.00,51362.61,7.23
867888,atl,56.250,-15.500,957.96,957.57,21.98,5.25,86.24,86.24,128704.99,315634.70,10.82
867888,atl,45.750,-31.750,995.70,995.22,5.65,1.71,44.01,44.01,0.00,0.00,3.39
867888,atl,42.000,-70.750,997.71,997.15,13.93,3.38,63.18,63.18,0.00,147828.91,8.93
867888,pac,55.250,178.750,989.12,988.78,11.06,2.26,43.40,45.82,0.00,0.00,4.90
867888,pac,52.250,162.000,981.42,981.04,10.32,2.93,36.62,36.62,0.00,0.00,6.80
867888,pac,51.750,211.000,1001.89,1001.55,8.38,2.41,36.72,36.72,0.00,0.00,3.71
867888,pac,47.000,196.500,997.38,997.00,7.19,1.78,35.53,36.23,0.00,0.00,2.69
867888,pac,44.500,178.000,989.82,989.06,7.40,2.42,46.00,48.51,0.00,0.00,4.58
867888,pac,42.250,203.750,995.10,994.59,10.50,2.87,40.52,40.52,0.00,0.00,4.30
867888,pac,37.750,169.000,984.45,983.04,12.00,3.27,53.99,63.32,0.00,91581.33,8.89
867894,atl,67.500,-36.000,999.37,998.06,7.28,3.42,36.21,44.95,0.00,0.00,19.07
867894,atl,62.500,-44.000,1003.93,1002.72,5.43,2.23,38.10,44.27,0.00,0.00,11.58
867894,atl,57.750,-10.500,959.08,958.69,20.26,4.48,82.72,82.72,84530.90,225214.10,9.43
867894,atl,55.250,-31.500,980.78,980.22,12.90,3.35,54.73,54.73,0.00,21303.60,5.77
867894,atl,51.750,-76.750,993.15,993.03,8.82,1.28,39.00,44.65,0.00,0.00,7.56
867894,atl,48.750,-78.750,993.27,992.63,9.91,2.49,26.35,40.45,0.00,0.00,7.56
867894,atl,44.750,-68.250,995.68,995.12,12.22,3.25,42.10,55.00,0.00,15196.44,7.50
867894,atl,44.500,-30.250,996.74,996.43,4.45,1.50,47.81,47.81,0.00,0.00,4.55
867894,atl,42.750,-23.000,996.33,996.03,5.47,1.18,52.80,52.80,0.00,13438.03,3.59
867894,pac,56.500,173.750,986.43,986.18,12.80,2.73,48.28,58.04,0.00,38147.12,8.08
867894,pac,52.750,211.750,1004.11,1003.83,6.69,1.95,30.87,30.87,0.00,0.00,2.92
867894,pac,52.000,160.500,982.35,981.75,9.07,2.51,34.39,42.33,0.00,0.00,6.62
867894,pac,45.750,179.000,988.78,988.34,5.83,1.86,38.16,46.16,0.00,0.00,4.28
867894,pac,44.000,204.500,994.17,993.64,12.98,3.54,39.29,39.29,0.00,0.00,4.49
867894,pac,39.250,173.000,978.41,976.46,14.43,4.04,58.63,68.54,6831.11,78184.65,10.34
867900,atl,67.500,-35.750,1000.71,998.12,8.93,4.15,39.22,39.22,0.00,0.00,28.37
867900,atl,62.250,-44.250,1004.87,1003.70,7.09,2.64,36.65,36.65,0.00,0.00,11.54
867900,atl,59.250,-5.750,965.16,964.85,17.03,3.31,60.61,71.90,7806.12,155877.07,8.08
867900,atl,57.500,-74.000,986.05,985.75,11.96,2.43,39.12,41.43,0.00,0.00,5.07
867900,atl,51.250,-31.250,987.84,987.35,13.20,3.43,51.37,51.68,0.00,9970.49,5.04
867900,atl,48.750,-64.750,995.13,994.59,9.16,2.02,50.57,58.00,0.00,13449.04,13.00
867900,atl,46.750,-18.750,993.43,992.54,7.84,2.08,50.71,50.71,0.00,2708.20,4.95
867900,pac,57.500,170.250,984.54,984.11,16.09,3.82,64.89,65.59,2321.22,50416.33,15.97
867900,pac,45.000,204.250,992.94,992.41,14.95,4.09,42.50,42.50,0.00,0.00,6.09
867900,pac,43.250,179.250,974.76,973.50,15.50,3.66,53.67,55.65,0.00,55708.30,10.82
867900,pac,40.750,176.500,974.08,972.52,15.99,4.42,55.62,55.62,0.00,18376.54,10.82
867906,atl,67.250,-36.250,1003.72,1002.09,7.88,3.59,36.80,37.31,0.00,0.00,25.60
867906,atl,60.250,0.000,973.98,973.80,12.86,2.46,54.91,57.38,0.00,67844.95,6.22
867906,atl,58.750,-71.500,979.69,979.53,10.72,1.74,28.99,43.86,0.00,0.00,7.64
867906,atl,49.000,-28.500,989.51,988.92,12.08,3.48,49.19,49.94,0.00,0.00,4.77
867906,atl,49.000,-16.500,989.45,988.00,10.19,2.87,44.01,48.24,0.00,0.00,7.95
867906,atl,40.500,-20.000,995.51,995.23,6.74,1.50,49.38,49.38,0.00,0.00,4.99
867906,pac,58.000,166.250,982.68,982.05,17.75,5.15,53.12,53.12,0.00,2306.61,13.41
867906,pac,49.000,162.500,986.03,985.94,4.59,0.58,25.52,41.73,0.00,0.00,3.43
867906,pac,46.250,179.750,967.91,966.77,20.31,4.97,50.44,61.04,0.00,26117.20,11.68
867906,pac,45.250,205.500,991.81,991.05,16.87,4.74,49.64,49.64,0.00,0.00,7.48
867906,pac,42.750,180.000,970.13,968.70,17.08,4.50,66.29,66.29,1731.83,49658.92,11.68
867912,atl,61.000,-68.750,973.44,973.32,12.71,1.94,36.84,55.84,0.00,2606.57,9.84
867912,atl,60.500,4.250,981.93,981.54,9.13,2.04,45.75,46.90,0.00,0.00,5.70
867912,atl,56.250,-60.500,977.10,977.01,11.12,1.81,50.25,53.52,0.00,27278.91,5.88
867912,atl,50.500,-14.500,988.08,987.13,11.48,3.39,50.46,52.98,0.00,9366.47,5.88
867912,atl,48.750,-25.750,991.51,990.84,9.88,3.20,43.66,48.04,0.00,0.00,4.90
867912,atl,43.500,-17.250,993.88,993.26,7.63,2.17,48.01,52.98,0.00,2122.86,3.99
867912,pac,58.500,163.750,989.51,988.99,13.60,3.65,56.06,56.06,0.00,3491.91,9.31
867912,pac,47.750,178.000,965.04,963.99,20.52,4.77,50.23,54.67,0.00,30755.23,8.04
867912,pac,47.000,206.750,992.09,991.23,16.12,4.16,45.16,45.16,0.00,0.00,5.61
867912,pac,35.000,166.000,990.44,990.11,7.55,1.89,50.71,52.32,0.00,29515.10,2.98
867912,pac,33.750,190.000,995.45,994.62,7.99,2.37,56.33,56.33,0.00,14174.62,4.52
867918,atl,63.750,7.750,989.36,989.09,4.03,1.13,20.76,31.79,0.00,0.00,4.71
867918,atl,62.250,-68.750,968.83,968.49,13.56,2.06,43.40,52.97,0.00,1950.34,20.76
867918,atl,59.750,-59.750,968.18,968.04,14.80,2.66,57.70,58.15,0.00,131439.05,8.13
867918,atl,52.000,-12.500,990.91,990.30,8.37,2.49,45.69,47.88,0.00,0.00,4.84
867918,atl,48.250,-24.750,992.43,991.40,10.55,3.99,60.16,60.16,0.00,13835.12,12.11
867918,atl,40.250,-17.750,992.99,992.59,8.31,2.03,45.98,51.45,0.00,555.88,4.71
867918,atl,35.750,-21.500,995.02,994.76,8.85,2.11,54.78,54.78,0.00,40564.24,5.37
867918,pac,49.000,207.000,993.86,993.11,14.94,3.72,41.59,41.59,0.00,0.00,4.59
867918,pac,48.250,178.750,961.36,960.71,22.87,5.30,54.53,57.87,0.00,88419.65,9.66
867918,pac,36.500,193.000,993.65,992.44,11.22,3.50,66.02,66.02,3121.94,42623.37,6.21
867918,pac,35.750,172.000,982.93,982.14,10.73,2.75,56.03,59.04,0.00,74977.46,5.67
867924,atl,63.250,-64.250,962.68,962.08,17.05,3.47,53.02,62.52,0.00,56158.52,20.76
867924,atl,55.500,-16.250,998.06,997.92,4.33,1.03,25.51,34.21,0.00,0.00,3.98
867924,atl,53.000,-10.750,994.01,993.26,7.71,2.32,43.04,46.90,0.00,0.00,4.63
867924,atl,46.250,-23.500,996.78,996.32,9.56,3.61,62.69,62.69,0.00,35227.72,8.84
867924,atl,40.500,-17.250,995.50,995.14,7.55,1.74,49.14,50.61,0.00,615.13,5.50
867924,atl,36.750,-19.250,994.55,994.24,10.51,2.68,54.80,54.80,0.00,16253.67,5.67
867924,pac,50.500,207.500,996.18,995.68,12.97,3.18,37.78,38.22,0.00,0.00,4.29
867924,pac,50.000,177.500,960.67,960.27,22.66,5.00,61.64,61.64,0.00,231706.09,9.84
867924,pac,39.250,195.750,991.82,990.46,13.67,4.75,63.17,63.17,0.00,42325.47,8.53
867924,pac,37.250,176.000,975.05,974.32,15.66,4.63,56.98,58.74,0.00,130066.59,9.16
867930,atl,64.500,-65.500,959.18,958.36,20.24,4.78,51.10,64.70,763.99,71359.23,25.06
867930,atl,54.250,-8.750,996.51,996.13,6.27,1.55,42.18,42.88,0.00,0.00,4.20
867930,atl,43.750,-22.750,1000.79,1000.42,6.73,2.46,55.64,55.64,0.00,32642.37,6.03
867930,atl,43.250,-15.250,996.07,995.46,7.97,1.97,48.07,48.07,0.00,0.00,3.87
867930,atl,38.000,-17.750,994.88,994.60,9.58,2.35,46.72,46.72,0.00,0.00,4.82
867930,pac,52.250,208.250,999.38,998.97,11.08,2.70,35.11,36.94,0.00,0.00,3.67
867930,pac,51.250,174.000,960.23,959.96,22.53,4.46,59.74,59.74,0.00,190782.54,6.99
867930,pac,41.750,197.500,993.41,992.27,12.54,4.25,56.23,56.23,0.00,15536.82,7.08
867930,pac,39.000,178.750,966.95,965.85,21.02,6.37,78.55,78.55,29504.80,271424.28,13.91
867936,atl,65.500,-75.500,960.81,960.20,22.13,4.08,59.61,63.08,0.00,37968.30,21.92
867936,atl,59.500,-42.500,990.75,990.33,8.74,2.34,59.85,67.94,11742.03,42762.55,17.15
867936,atl,57.000,0.000,998.01,997.90,5.40,0.84,36.62,37.31,0.00,0.00,4.40
867936,atl,55.750,-5.500,998.26,997.96,5.42,0.89,38.13,38.13,0.00,0.00,4.42
867936,atl,40.750,-16.250,998.30,998.01,8.68,1.88,42.40,44.70,0.00,0.00,3.59
867936,pac,54.000,209.000,1002.81,1002.50,9.55,2.08,31.77,43.90,0.00,0.00,7.67
867936,pac,51.750,170.500,962.71,962.37,21.13,3.83,50.56,52.76,0.00,66252.69,6.22
867936,pac,51.250,192.750,996.89,996.58,4.58,1.31,30.71,32.04,0.00,0.00,3.32
867936,pac,43.250,198.250,996.58,996.06,8.60,2.74,45.05,45.39,0.00,0.00,4.33
867936,pac,40.000,181.250,959.91,958.81,27.04,7.50,83.63,83.63,96625.34,433488.07,15.25
867942,atl,66.750,-66.500,976.89,975.46,6.12,1.26,49.20,49.20,0.00,0.00,18.19
867942,atl,64.750,-79.500,961.42,961.11,22.97,5.28,50.72,53.36,0.00,12221.02,9.92
867942,atl,60.500,-41.500,988.82,988.12,10.23,2.93,59.26,60.70,0.00,48749.42,13.06
867942,atl,58.000,5.750,995.82,995.58,6.22,1.26,36.63,36.63,0.00,0.00,3.78
867942,atl,57.500,0.250,996.61,996.45,5.46,0.79,35.61,36.63,0.00,0.00,3.80
867942,atl,41.500,-16.000,1001.39,1001.11,8.92,2.40,43.23,43.23,0.00,0.00,4.41
867942,pac,52.500,167.500,965.69,965.32,20.15,3.72,51.53,52.48,0.00,37487.83,7.36
867942,pac,51.500,195.000,999.11,998.77,5.01,1.67,27.63,27.63,0.00,0.00,3.19
867942,pac,42.000,182.500,956.61,955.90,29.43,7.96,84.94,84.94,112383.46,503968.47,14.02
867942,pac,39.750,189.750,977.68,976.98,8.82,2.47,54.68,76.36,11261.12,177110.24,10.80
867948,atl,67.000,-65.750,982.19,981.12,4.15,1.47,34.62,34.62,0.00,0.00,9.40
867948,atl,63.500,-47.000,990.30,989.52,6.36,2.21,60.22,60.75,0.00,68304.61,11.53
867948,atl,61.000,-41.000,986.60,986.00,12.13,3.57,52.96,58.25,0.00,29570.44,10.92
867948,pac,53.250,164.500,970.78,970.51,17.51,3.58,46.18,49.79,0.00,0.00,8.81
867948,pac,43.000,182.500,957.36,956.48,28.11,7.61,74.91,74.91,109645.29,415812.92,12.53
867948,pac,43.000,191.000,976.86,976.42,9.00,2.11,55.77,65.10,581.00,104252.76,7.85
867954,atl,67.500,-51.500,989.81,989.60,7.22,2.50,59.96,59.96,0.00,31056.15,12.78
867954,atl,67.250,-65.750,985.40,984.34,4.09,1.96,37.22,37.22,0.00,0.00,7.49
867954,atl,62.000,-40.500,983.80,982.96,14.28,4.21,55.05,59.36,0.00,46693.59,15.08
867954,atl,59.250,7.750,994.18,993.96,4.81,0.70,28.05,34.98,0.00,0.00,3.54
867954,pac,53.750,161.500,975.84,975.55,13.85,2.90,40.04,49.42,0.00,0.00,9.92
867954,pac,46.250,190.000,970.00,969.28,14.33,3.75,58.22,59.50,0.00,71444.06,7.69
867954,pac,43.500,184.250,958.26,957.45,25.41,6.59,76.85,76.89,134132.63,322964.95,9.48
867960,atl,67.250,-45.500,992.02,991.11,7.37,2.43,51.39,60.42,0.00,20615.51,20.39
867960,atl,62.500,-40.000,982.02,981.47,17.92,5.00,60.42,60.42,0.00,106854.04,20.39
867960,atl,56.750,-21.500,991.54,991.11,10.31,2.55,42.32,42.32,0.00,0.00,3.63
867960,atl,48.000,-77.250,1001.45,1001.20,9.33,2.57,27.80,45.35,0.00,0.00,7.22
867960,pac,44.250,185.750,957.93,957.23,25.08,5.80,63.91,69.17,63037.53,251386.95,8.45
867966,atl,63.000,-40.000,981.77,981.05,20.56,5.66,63.95,64.48,1470.85,164050.17,32.52
867966,atl,57.000,-19.750,989.63,989.18,12.24,3.11,49.22,49.22,0.00,0.00,5.29
867966,atl,49.250,-73.500,1000.72,1000.40,9.28,2.70,28.21,30.92,0.00,0.00,7.23
867966,pac,45.000,186.500,960.94,960.20,22.19,4.85,53.19,65.05,2341.69,200671.58,7.24
867972,atl,63.000,-40.000,987.36,987.03,18.81,5.43,64.34,64.34,1103.23,153356.71,36.55
867972,atl,56.500,-18.000,989.42,989.07,14.66,4.01,63.94,63.94,0.00,68626.35,9.19
867972,atl,54.000,-68.250,1000.61,1000.36,5.56,1.69,22.40,28.61,0.00,0.00,7.79
867972,atl,51.500,-69.750,1000.53,1000.29,8.31,2.30,30.78,36.82,0.00,0.00,7.79
867972,pac,50.750,201.750,986.90,986.44,9.84,2.53,37.12,39.27,0.00,0.00,4.18
867972,pac,45.250,186.000,963.45,962.80,21.44,4.70,57.94,67.72,59247.59,160288.63,7.41
867978,atl,63.000,-38.250,991.80,991.54,17.71,4.37,58.71,65.11,3105.66,130988.80,22.58
867978,atl,61.750,-80.000,976.29,975.59,18.51,4.64,40.38,40.38,0.00,0.00,6.84
867978,atl,55.500,-14.500,991.39,990.72,13.82,3.71,60.22,60.22,0.00,70146.38,7.60
867978,atl,54.250,-3.250,995.25,994.53,7.16,1.96,36.11,43.35,0.00,0.00,4.48
867978,atl,52.000,-66.000,998.78,998.57,9.84,2.47,41.16,46.14,0.00,0.00,8.70
867978,pac,53.000,200.250,986.64,986.14,9.87,2.50,42.90,42.90,0.00,0.00,6.79
867978,pac,44.250,188.000,966.15,965.76,19.64,4.06,55.88,63.74,0.00,217340.12,6.24
867984,atl,63.750,-36.250,996.61,996.35,14.83,3.27,49.49,58.92,0.00,54912.51,18.66
867984,atl,62.750,-60.500,999.57,999.31,7.46,2.19,40.65,41.42,0.00,0.00,7.24
867984,atl,62.500,-79.250,980.88,980.18,16.30,4.14,39.55,40.38,0.00,0.00,5.78
867984,atl,54.500,-11.250,993.99,993.49,12.11,3.27,55.00,55.00,0.00,55359.01,5.77
867984,atl,54.250,0.750,993.52,992.90,9.01,2.45,35.02,35.60,0.00,0.00,4.33
867984,atl,54.000,-59.500,998.62,998.32,9.34,1.56,41.57,44.51,0.00,0.00,9.78
867984,atl,53.000,-63.000,998.65,998.47,10.10,2.68,33.95,47.03,0.00,0.00,9.78
867984,pac,54.000,197.250,987.83,987.36,8.70,2.01,40.59,41.84,0.00,0.00,5.93
867984,pac,44.750,190.250,970.51,970.28,17.00,3.53,44.20,53.49,0.00,33020.02,4.79
867990,atl,64.500,-61.750,998.33,997.81,7.98,2.47,48.74,48.74,0.00,0.00,9.62
867990,atl,64.250,-34.750,1000.64,1000.32,11.27,2.51,45.00,50.27,0.00,1533.84,14.81
867990,atl,63.250,-79.000,984.09,983.55,14.92,3.93,40.70,40.70,0.00,0.00,5.88
867990,atl,57.250,-56.750,993.22,992.94,11.76,2.57,41.88,48.35,0.00,0.00,8.25
867990,atl,54.000,4.000,993.16,992.74,9.15,2.40,41.81,41.81,0.00,0.00,4.17
867990,atl,53.250,-8.000,997.69,997.04,8.98,2.34,47.38,48.55,0.00,0.00,4.48
867990,pac,57.500,208.500,996.46,995.96,8.38,1.67,41.01,41.01,0.00,0.00,11.70
867990,pac,54.750,197.000,990.79,990.43,8.65,1.88,39.83,44.54,0.00,0.00,4.72
867990,pac,44.750,191.000,974.96,974.68,15.37,3.27,43.29,50.44,0.00,1709.23,4.54
867996,atl,66.750,-66.500,1000.29,999.16,5.20,1.63,36.79,36.79,0.00,0.00,11.66
867996,atl,64.750,-32.000,1003.49,1003.25,9.61,2.59,43.70,44.31,0.00,0.00,8.19
867996,atl,64.250,-80.000,987.93,987.36,12.47,3.40,35.04,35.04,0.00,0.00,5.30
867996,atl,57.000,-53.250,983.26,982.86,18.39,3.32,54.43,56.30,0.00,62840.94,8.65
867996,atl,53.750,6.500,993.93,993.41,8.83,2.50,38.52,38.52,0.00,0.00,4.14
867996,atl,52.000,-4.000,1000.08,999.64,7.03,1.88,41.42,41.45,0.00,0.00,3.81
867996,pac,59.250,213.000,998.49,998.07,12.60,2.62,40.51,40.51,0.00,0.00,36.96
867996,pac,58.500,207.750,998.38,997.96,7.28,0.94,39.72,39.72,0.00,0.00,22.12
867996,pac,56.000,198.250,991.94,991.52,9.93,2.17,45.02,46.39,0.00,0.00,9.37
867996,pac,44.000,192.250,979.73,979.53,13.04,2.70,43.35,46.28,0.00,0.00,4.25
868002,atl,59.250,-54.500,972.62,972.08,24.96,5.70,66.02,66.02,8079.88,248494.11,12.40
868002,atl,53.500,8.500,994.57,994.19,8.26,2.41,31.85,31.85,0.00,0.00,3.84
868002,atl,50.750,0.000,1000.51,1000.21,6.50,1.86,37.76,37.76,0.00,0.00,4.02
868002,atl,44.000,7.750,1004.04,1003.40,5.53,1.82,36.93,36.93,0.00,0.00,11.08
868002,pac,60.000,213.500,1002.95,1002.52,11.95,2.48,30.64,38.63,0.00,0.00,37.32
868002,pac,56.750,199.500,992.34,991.91,10.47,2.30,37.82,43.25,0.00,0.00,11.14
868002,pac,43.500,194.000,982.38,982.18,11.69,2.48,43.76,46.52,0.00,0.00,4.16
868002,pac,41.750,164.750,987.02,986.55,6.67,1.52,43.41,48.87,0.00,0.00,4.71
868008,atl,60.000,-53.750,971.60,970.67,23.62,5.00,67.08,73.85,70829.15,357680.35,16.04
868008,atl,50.500,3.000,1001.91,1001.53,5.94,1.69,31.47,31.47,0.00,0.00,3.31
868008,atl,43.750,8.000,1002.52,1001.88,6.74,2.68,38.10,38.68,0.00,0.00,15.09
868008,pac,50.750,199.500,990.02,989.62,5.91,1.40,30.12,32.41,0.00,0.00,3.13
868008,pac,45.250,167.750,979.73,979.31,13.03,2.78,43.02,47.36,0.00,0.00,5.54
868008,pac,43.250,196.000,986.06,985.90,9.79,2.08,41.15,44.56,0.00,0.00,3.51
868014,atl,61.750,-41.250,984.82,983.50,12.45,3.76,68.93,69.15,27905.02,172523.90,14.47
868014,atl,60.250,-51.500,973.87,972.79,20.43,4.89,61.66,69.15,27905.02,328249.46,14.47
868014,atl,49.750,5.000,1002.74,1002.45,5.14,1.59,27.84,29.56,0.00,0.00,17.71
868014,atl,44.000,9.750,1001.83,1001.35,5.94,2.04,42.23,42.23,0.00,0.00,17.71
868014,pac,52.750,199.500,989.68,989.45,6.98,1.60,28.89,28.89,0.00,0.00,3.35
868014,pac,48.250,168.250,973.79,973.00,17.49,4.48,56.62,57.82,0.00,83251.89,6.91
868014,pac,43.250,198.250,990.19,990.04,8.02,1.69,35.12,38.18,0.00,0.00,3.29
868020,atl,62.750,-57.000,978.21,977.54,18.38,4.12,62.47,68.35,7251.92,232626.75,13.90
868020,atl,62.250,-41.000,986.95,986.42,9.62,2.51,70.79,72.32,21655.11,143808.20,14.96
868020,atl,61.500,-50.500,978.11,977.19,16.52,4.39,62.94,68.35,9498.20,302083.39,13.90
868020,atl,44.000,9.500,1003.53,1003.03,4.66,1.52,40.07,40.07,0.00,0.00,15.67
868020,atl,40.500,-6.500,1004.77,1004.07,9.48,2.96,42.53,42.53,0.00,0.00,6.93
868020,pac,54.750,199.250,989.00,988.82,7.94,1.72,32.96,38.01,0.00,0.00,5.85
868020,pac,49.750,169.000,975.69,974.80,16.18,4.45,60.41,60.41,0.00,234323.98,6.98
868020,pac,39.750,175.500,987.31,986.79,7.47,2.10,50.51,51.25,0.00,10519.92,4.22
868020,pac,39.000,162.500,985.51,984.40,7.56,2.34,49.84,49.84,0.00,0.00,6.71
868020,pac,33.750,172.750,995.84,995.08,4.24,1.52,57.34,57.34,0.00,25733.41,3.47
868026,atl,63.750,-53.750,982.15,981.65,14.13,2.69,60.11,61.05,0.00,144039.10,15.01
868026,atl,63.250,-40.000,988.58,988.26,8.17,2.00,74.46,74.99,17954.78,66089.53,19.14
868026,atl,63.000,-30.750,989.78,989.33,13.62,2.66,52.85,74.99,17954.78,70207.33,15.73
868026,atl,43.500,-72.250,999.77,999.23,10.34,2.50,47.73,50.17,0.00,553.54,6.58
868026,atl,41.000,-3.500,999.08,998.22,10.79,3.08,38.69,38.69,0.00,0.00,8.87
868026,pac,57.500,196.000,987.21,986.78,11.77,2.70,38.92,42.52,0.00,0.00,13.39
868026,pac,54.000,206.500,993.99,993.85,5.46,1.18,27.44,30.96,0.00,0.00,4.45
868026,pac,50.500,170.250,976.03,974.79,13.55,4.12,58.37,58.37,0.00,168806.85,6.01
868026,pac,47.000,178.750,979.07,978.78,9.13,2.31,40.90,43.34,0.00,0.00,4.15
868026,pac,42.000,179.750,982.78,982.35,7.68,1.97,48.89,48.89,0.00,0.00,4.17
868026,pac,40.250,166.500,978.95,977.97,11.44,3.65,60.20,60.20,0.00,63116.41,8.59
868032,atl,65.250,-33.000,987.74,986.83,14.87,4.00,76.35,76.35,16189.55,71192.59,19.13
868032,atl,64.750,-55.250,983.97,983.72,14.77,3.01,56.56,56.79,0.00,39707.58,15.70
868032,atl,64.000,-38.750,989.73,989.41,9.26,2.04,76.35,76.35,16189.55,66760.27,19.13
868032,atl,46.250,-66.500,995.96,995.01,12.54,2.68,59.06,59.06,0.00,77154.69,9.15
868032,atl,40.750,0.500,998.61,998.43,9.11,1.95,32.72,38.61,0.00,0.00,8.82
868032,pac,58.250,192.750,989.16,988.67,9.53,2.26,43.03,47.39,0.00,0.00,9.53
868032,pac,57.250,200.000,990.26,990.01,6.65,1.21,29.08,41.73,0.00,0.00,10.53
868032,pac,56.250,207.000,989.84,989.52,9.65,2.11,31.62,41.73,0.00,0.00,7.14
868032,pac,50.750,171.250,973.56,972.26,14.27,4.80,57.06,57.06,0.00,33216.68,7.24
868032,pac,48.000,182.250,976.26,975.94,10.10,2.30,37.68,42.52,0.00,0.00,4.24
868032,pac,41.250,171.000,976.06,975.21,13.19,4.32,66.25,66.25,8918.49,82396.22,9.66
868038,atl,67.750,-56.750,983.85,983.61,15.52,3.60,54.42,54.42,0.00,6704.78,11.65
868038,atl,66.000,-33.000,990.39,989.64,12.36,2.54,62.41,62.41,0.00,48175.30,13.62
868038,atl,64.500,-38.000,989.56,989.05,10.79,2.86,55.53,62.41,0.00,42319.10,14.01
868038,atl,49.500,-61.500,992.01,991.50,14.80,3.13,65.25,67.07,6166.99,164885.39,8.97
868038,atl,40.750,1.250,995.98,995.46,10.43,2.13,44.55,44.55,0.00,0.00,11.80
868038,pac,58.000,207.000,988.10,987.66,10.84,2.26,41.27,41.27,0.00,0.00,14.38
868038,pac,50.750,172.750,972.23,971.33,12.29,4.14,49.48,49.48,0.00,0.00,6.21
868038,pac,49.250,184.250,972.56,972.35,9.61,2.03,42.96,42.96,0.00,0.00,4.16
868038,pac,42.500,177.250,973.91,973.33,11.76,2.97,63.17,63.17,0.00,112628.80,7.31
868044,atl,68.250,-57.250,983.83,983.36,15.06,4.13,49.32,49.32,0.00,0.00,11.58
868044,atl,64.750,-37.250,993.88,993.28,8.29,2.75,42.32,46.59,0.00,0.00,14.02
868044,atl,54.000,-52.750,989.15,988.70,16.19,3.93,56.24,66.37,19638.11,149987.93,6.65
868044,atl,41.250,1.750,996.58,996.13,9.70,1.99,50.20,50.20,0.00,589.80,12.22
868044,pac,58.500,207.750,989.58,989.03,8.46,1.74,38.34,38.34,0.00,0.00,16.04
868044,pac,50.750,174.500,973.28,972.72,8.66,2.92,40.39,40.39,0.00,0.00,5.09
868044,pac,49.500,184.750,966.10,965.90,11.31,2.30,38.28,42.15,0.00,0.00,4.33
868044,pac,48.500,223.000,1004.30,1004.04,4.98,1.27,33.35,33.35,0.00,0.00,3.03
868050,atl,68.750,-57.750,984.36,983.66,14.65,4.77,44.96,44.96,0.00,0.00,10.20
868050,atl,68.500,-22.750,999.80,999.16,7.33,2.43,38.17,38.17,0.00,0.00,13.61
868050,atl,65.000,-36.500,996.06,995.50,6.58,2.11,36.46,37.01,0.00,0.00,9.64
868050,atl,56.500,-47.000,984.56,983.70,16.53,3.99,48.84,55.07,0.00,63270.87,5.94
868050,atl,42.500,5.750,997.36,996.93,7.71,1.73,42.82,47.71,0.00,0.00,19.29
868050,atl,40.750,3.000,997.58,997.28,8.12,1.76,47.71,47.71,0.00,0.00,15.20
868050,pac,59.000,207.750,990.40,989.87,5.59,1.18,31.32,31.48,0.00,0.00,17.98
868050,pac,50.750,176.000,973.98,973.68,5.78,2.03,39.25,40.93,0.00,0.00,5.45
868050,pac,50.750,186.750,959.09,958.62,16.19,3.45,41.84,48.00,0.00,0.00,6.24
868056,atl,69.000,-57.750,987.58,986.34,12.65,4.57,43.05,43.05,0.00,0.00,10.42
868056,atl,66.000,-31.500,996.09,995.82,5.07,1.11,31.61,32.61,0.00,0.00,11.58
868056,atl,59.000,-40.500,979.21,978.17,19.02,4.97,51.70,51.70,0.00,32459.39,9.45
868056,atl,47.500,-79.750,1004.74,1004.44,9.65,2.38,38.08,43.35,0.00,0.00,5.13
868056,atl,43.000,7.500,997.88,997.52,7.71,1.74,46.25,47.93,0.00,0.00,13.17
868056,pac,62.750,208.750,992.80,989.88,6.80,2.23,20.91,24.73,0.00,0.00,23.64
868056,pac,61.750,206.000,992.37,991.35,4.84,1.41,21.96,24.91,0.00,0.00,19.45
868056,pac,51.000,186.750,953.43,952.84,20.64,4.79,62.74,66.36,14065.89,121270.75,8.76
868062,atl,60.500,-35.500,971.22,970.41,23.49,6.45,60.18,60.18,0.00,121639.18,12.92
868062,atl,43.750,10.000,998.42,997.93,8.31,1.84,36.52,45.00,0.00,0.00,13.16
868062,atl,38.500,-15.000,1004.26,1003.76,10.39,2.26,67.21,69.69,23511.45,162979.37,5.60
868062,atl,38.250,-9.750,1003.54,1003.25,6.93,1.40,36.65,47.38,0.00,0.00,3.90
868062,pac,65.250,227.500,1003.37,1001.27,4.92,2.07,23.66,24.83,0.00,0.00,14.11
868062,pac,61.750,217.250,995.62,993.65,5.19,1.95,20.66,20.66,0.00,0.00,22.45
868062,pac,60.750,220.500,995.76,994.06,5.80,2.54,17.17,26.22,0.00,0.00,22.45
868062,pac,57.500,230.000,997.26,996.65,9.66,2.77,31.40,31.40,0.00,0.00,34.51
868062,pac,51.500,190.500,954.50,954.20,18.35,3.70,62.86,62.86,0.00,241028.81,8.09
868062,pac,48.000,229.250,1004.05,1003.93,5.70,1.25,30.31,39.84,0.00,0.00,4.36
868068,atl,62.750,-28.250,967.04,966.69,24.50,5.52,69.14,71.05,40614.32,201043.28,11.13
868068,pac,65.000,229.500,1002.32,1000.44,6.80,2.59,22.12,25.09,0.00,0.00,16.80
868068,pac,63.000,233.750,1003.49,1002.59,7.73,3.60,22.49,22.49,0.00,0.00,23.53
868068,pac,56.750,234.000,997.47,996.14,11.23,4.11,30.83,30.83,0.00,0.00,35.02
868068,pac,53.000,195.000,956.81,956.58,15.74,3.34,62.99,62.99,0.00,250849.49,7.85
868068,pac,51.000,162.250,982.52,982.22,5.86,1.63,47.27,49.04,0.00,0.00,6.00
868068,pac,47.750,231.000,1002.87,1002.69,6.62,1.89,31.53,37.29,0.00,0.00,5.59
868068,pac,41.500,171.250,983.89,983.53,4.14,1.18,44.05,44.05,0.00,0.00,2.90
868074,atl,63.500,-25.000,964.32,964.09,23.37,5.05,69.27,71.89,28339.10,215907.62,10.94
868074,pac,65.250,229.500,1001.91,1000.08,5.34,2.28,24.23,26.94,0.00,0.00,17.76
868074,pac,62.750,234.000,1001.78,1000.21,8.40,3.83,23.57,24.23,0.00,0.00,22.51
868074,pac,55.750,190.500,958.97,958.78,12.00,1.71,46.15,53.81,0.00,16223.57,5.50
868074,pac,55.250,196.750,958.27,958.04,13.73,2.40,55.14,57.53,0.00,155028.47,6.30
868074,pac,49.750,160.500,981.63,981.32,6.06,1.79,50.93,50.93,0.00,2370.82,5.05
868074,pac,48.250,232.750,1004.97,1004.74,4.75,1.67,33.74,34.00,0.00,0.00,7.56
868074,pac,41.750,186.000,987.61,986.74,5.97,2.08,45.44,45.44,0.00,0.00,4.59
868074,pac,37.250,169.500,980.93,980.49,6.66,1.71,56.31,59.65,0.00,103928.64,3.34
868080,atl,63.500,-17.750,964.46,963.99,20.83,3.55,69.64,69.64,15694.92,254138.15,7.54
868080,pac,62.750,234.250,1002.14,1000.53,7.63,3.48,20.17,23.61,0.00,0.00,17.84
868080,pac,58.250,235.500,1004.68,1002.50,5.25,2.59,24.43,24.43,0.00,0.00,20.46
868080,pac,56.500,196.750,960.99,960.77,12.07,2.01,52.17,52.26,0.00,64489.63,10.81
868080,pac,55.500,188.750,960.57,960.42,11.92,2.01,45.00,48.74,0.00,0.00,4.86
868080,pac,43.750,191.750,985.76,984.69,6.72,2.35,47.84,47.84,0.00,0.00,5.02
868080,pac,39.250,174.500,974.96,974.41,9.10,2.29,54.73,54.73,0.00,43867.30,4.73
868086,atl,64.000,-14.750,964.39,964.01,19.54,3.44,64.93,64.93,5432.93,275490.79,8.39
868086,atl,58.750,-58.500,996.16,995.07,12.09,3.97,43.91,43.91,0.00,0.00,7.52
868086,atl,55.750,-50.500,1002.37,1001.58,5.83,2.03,39.07,43.91,0.00,0.00,5.11
868086,pac,62.750,234.250,999.19,997.83,7.64,3.33,20.87,25.40,0.00,0.00,19.41
868086,pac,58.250,235.750,1002.36,1000.13,5.60,2.57,26.06,27.79,0.00,0.00,19.41
868086,pac,57.750,196.500,963.09,962.87,10.79,1.79,38.77,48.87,0.00,0.00,7.32
868086,pac,55.750,188.500,961.21,961.05,12.03,2.08,43.48,47.41,0.00,0.00,4.59
868086,pac,46.500,160.250,983.05,982.83,5.68,1.65,38.99,42.44,0.00,0.00,4.33
868086,pac,46.500,198.000,984.70,983.55,6.88,2.48,51.55,51.55,0.00,2130.20,4.92
868086,pac,41.250,178.250,965.65,963.76,14.59,4.33,58.90,58.90,0.00,74847.62,9.63
868092,atl,67.000,-65.750,1004.18,1002.32,4.88,1.96,26.45,26.45,0.00,0.00,11.00
868092,atl,66.000,-14.500,966.79,966.48,19.88,3.20,50.17,71.55,23877.76,199363.82,9.30
868092,atl,59.500,-60.250,987.27,985.80,17.47,5.52,51.22,51.22,0.00,1908.51,10.58
868092,atl,58.250,-50.250,993.09,991.65,8.41,2.61,53.64,53.64,0.00,4965.42,7.52
868092,pac,65.250,227.500,994.11,991.36,4.63,1.97,21.45,21.88,0.00,0.00,18.39
868092,pac,63.000,234.000,994.68,993.53,8.70,3.51,20.19,25.65,0.00,0.00,18.39
868092,pac,57.500,237.000,999.50,997.56,6.41,2.44,27.93,30.96,0.00,0.00,17.75
868092,pac,55.500,188.250,962.29,962.14,10.97,1.96,40.25,46.32,0.00,0.00,4.22
868092,pac,49.750,203.500,982.10,981.17,6.90,2.47,48.64,48.64,0.00,0.00,5.27
868092,pac,45.000,174.500,973.92,973.56,5.14,1.53,32.86,45.72,0.00,0.00,10.84
868092,pac,43.000,186.750,964.81,963.49,13.29,3.63,65.38,65.38,2272.12,191118.23,7.93
868092,pac,42.250,180.750,962.85,960.91,15.70,4.89,55.98,62.44,0.00,159901.29,12.06
868098,atl,67.000,-16.750,969.29,968.87,19.94,3.80,77.46,77.72,33814.25,145160.51,27.70
868098,atl,65.250,-37.000,989.41,989.24,5.67,1.63,45.47,45.47,0.00,0.00,14.36
868098,atl,62.750,-44.250,990.72,990.35,4.07,1.19,45.47,57.47,0.00,7169.85,13.12
868098,atl,59.750,-60.500,982.77,980.93,20.02,6.65,68.77,68.77,1574.64,18714.59,18.35
868098,atl,59.750,-49.250,987.52,986.56,8.71,2.47,57.47,57.47,0.00,12000.70,5.68
868098,atl,55.750,-34.000,996.37,995.71,7.22,1.99,51.82,51.82,0.00,26810.73,4.83
868098,pac,65.250,227.750,991.83,989.38,4.88,1.94,20.38,20.97,0.00,0.00,18.14
868098,pac,64.500,212.250,981.81,979.81,6.01,2.35,32.39,32.39,0.00,0.00,17.62
868098,pac,63.000,234.250,991.52,990.34,9.54,3.52,21.28,25.69,0.00,0.00,18.98
868098,pac,57.750,237.000,996.79,995.22,7.66,2.13,28.01,34.49,0.00,0.00,17.04
868098,pac,55.500,188.500,962.11,961.97,9.57,1.65,37.25,42.08,0.00,0.00,3.82
868098,pac,46.000,174.500,975.73,975.11,5.99,1.79,37.48,37.48,0.00,0.00,4.30
868098,pac,45.750,195.500,962.85,961.52,13.69,3.81,55.78,66.33,4444.70,196935.61,7.31
868098,pac,44.500,189.750,961.68,959.68,14.08,4.20,66.33,66.33,5014.45,338122.61,8.23
868098,pac,42.750,184.250,965.32,963.69,13.79,4.68,64.71,64.80,2285.51,256539.55,12.36
868104,atl,67.500,-36.750,986.85,986.32,6.80,1.79,38.79,47.83,0.00,0.00,22.47
868104,atl,67.500,-17.500,971.83,971.41,18.28,4.21,74.52,74.52,21663.56,88423.29,22.47
868104,atl,65.250,-36.000,986.84,986.63,4.33,0.70,35.76,41.02,0.00,0.00,13.16
868104,atl,62.750,-43.750,987.04,986.51,5.48,1.01,38.06,50.27,0.00,3916.28,10.78
868104,atl,61.500,-38.250,985.99,985.37,6.32,1.67,46.75,51.09,0.00,11846.09,9.26
868104,atl,60.250,-59.750,984.05,982.07,18.42,5.90,67.49,67.49,2359.06,26710.10,16.62
868104,atl,57.250,-26.000,990.93,990.12,8.42,2.27,55.48,55.48,0.00,55680.04,4.87
868104,atl,55.000,3.750,993.09,992.86,9.50,2.39,42.80,47.53,0.00,0.00,8.59
868104,pac,65.000,229.500,993.07,991.06,4.79,1.96,24.08,25.45,0.00,0.00,17.90
868104,pac,63.000,234.500,992.45,991.35,8.78,3.27,26.99,31.86,0.00,0.00,17.90
868104,pac,56.000,190.500,963.63,963.57,7.81,1.26,31.40,40.04,0.00,0.00,3.91
868104,pac,48.750,204.250,957.47,956.12,17.91,4.98,64.62,64.62,2580.40,131739.01,8.66
868104,pac,47.250,197.500,957.18,955.98,15.69,4.85,60.21,63.34,0.00,240391.39,8.58
868104,pac,46.250,175.000,978.70,978.10,6.28,1.97,40.62,40.62,0.00,0.00,5.01
868104,pac,44.250,191.500,969.82,969.13,9.27,2.77,70.65,70.65,21649.68,283193.41,8.22
868110,atl,67.750,-17.750,970.08,969.64,17.75,4.76,64.67,69.88,3862.67,53734.38,20.36
868110,atl,65.750,-9.250,976.16,976.06,10.62,1.86,41.67,53.36,0.00,2075.98,8.75
868110,atl,62.750,-34.500,982.19,981.31,7.63,2.04,50.86,56.39,0.00,88494.68,7.97
868110,atl,62.250,-51.250,989.58,989.45,4.60,0.81,39.17,53.47,0.00,2762.87,11.69
868110,atl,60.250,-59.250,984.50,982.55,18.13,5.70,59.96,59.96,0.00,27593.48,17.32
868110,atl,58.250,-18.000,981.70,980.56,11.99,3.44,64.19,64.19,858.66,214387.46,5.92
868110,atl,54.000,5.250,996.21,995.92,7.71,2.04,36.81,44.36,0.00,0.00,4.71
868110,pac,63.000,234.750,994.98,993.89,6.54,2.66,29.00,32.15,0.00,0.00,17.77
868110,pac,56.000,191.750,963.63,963.58,6.65,1.10,28.49,38.67,0.00,0.00,3.99
868110,pac,51.500,206.500,949.67,948.52,20.65,5.65,58.62,62.36,0.00,140046.83,8.50
868110,pac,48.500,201.750,957.65,957.32,14.19,4.22,67.15,67.15,5299.77,232280.41,9.16
868110,pac,46.250,176.000,980.28,979.81,6.18,1.97,40.32,40.32,0.00,0.00,4.04
868116,atl,68.250,-17.750,973.11,972.41,14.57,3.82,58.18,61.25,0.00,27612.90,15.75
868116,atl,67.750,-10.000,976.71,976.11,11.16,1.72,48.85,58.18,0.00,9068.52,9.75
868116,atl,64.000,-32.000,979.00,978.04,9.44,2.51,51.01,53.23,0.00,51588.98,10.21
868116,atl,59.750,-59.250,986.70,984.69,18.39,5.87,62.39,62.39,0.00,25176.28,17.40
868116,atl,58.500,-11.500,976.47,975.39,15.32,4.32,65.80,65.80,5979.66,177261.73,7.21
868116,pac,56.750,193.250,964.93,964.89,5.40,0.97,30.76,40.04,0.00,0.00,5.03
868116,pac,53.000,208.500,945.95,945.03,21.41,5.51,59.91,66.38,3023.96,142901.21,6.85
868116,pac,46.500,178.500,982.69,982.32,4.98,1.48,40.00,43.22,0.00,0.00,3.99
868122,atl,68.500,-17.000,973.41,972.91,13.35,3.19,54.03,58.60,0.00,12995.96,15.46
868122,atl,64.750,-30.750,974.36,973.18,11.87,3.25,42.77,50.22,0.00,1522.12,10.69
868122,atl,59.000,-58.250,991.96,990.16,15.02,4.64,60.01,60.01,0.00,37633.79,16.24
868122,atl,59.000,-5.250,976.85,976.25,13.34,3.40,63.78,63.78,0.00,65380.90,6.87
868122,pac,53.750,211.250,946.31,945.35,20.66,5.15,52.51,63.78,0.00,111382.59,7.00
868128,atl,68.750,-16.250,973.23,972.79,12.75,2.93,48.61,58.82,0.00,10750.05,16.03
868128,atl,65.500,-30.750,971.75,970.61,12.45,3.32,36.77,40.75,0.00,0.00,16.03
868128,atl,59.500,-1.250,977.10,976.77,13.33,3.30,56.89,57.34,0.00,37998.33,16.26
868128,atl,57.750,-56.500,997.71,995.93,11.73,3.79,56.94,56.94,0.00,29931.85,11.87
868128,pac,57.750,171.000,986.93,986.49,8.47,2.44,43.55,43.55,0.00,0.00,7.62
868128,pac,57.250,208.750,955.84,955.66,8.77,1.82,42.21,48.50,0.00,0.00,6.72
868128,pac,55.000,215.000,951.78,951.32,18.08,4.19,54.23,54.23,0.00,97392.12,6.78
868134,atl,68.750,-16.500,971.96,971.61,12.27,2.83,51.74,60.83,0.00,10310.82,17.10
868134,atl,65.250,-33.250,970.86,970.06,12.70,2.87,47.93,47.93,0.00,0.00,13.29
868134,atl,60.500,-0.500,976.34,975.49,11.43,3.04,54.10,55.38,0.00,23392.50,16.93
868134,atl,59.750,-21.500,975.54,974.05,9.94,3.21,67.91,67.91,72385.41,285738.41,9.05
868134,atl,56.250,-54.500,998.17,996.70,10.33,3.71,55.42,55.42,0.00,41608.28,10.28
868134,atl,50.000,-47.250,1003.45,1002.94,8.16,2.05,47.04,47.04,0.00,0.00,4.63
868134,pac,63.250,209.000,962.12,960.36,6.21,1.75,27.73,35.29,0.00,0.00,15.38
868134,pac,57.500,217.750,955.16,954.90,16.33,3.58,48.08,50.83,0.00,3595.00,14.57
868134,pac,57.000,172.500,987.08,986.82,7.79,2.17,44.36,44.36,0.00,0.00,5.76
868140,atl,69.000,-18.500,974.03,973.87,9.85,2.35,49.06,59.17,0.00,11111.84,17.22
868140,atl,65.250,-28.250,971.24,971.15,8.23,1.79,38.21,43.84,0.00,0.00,17.22
868140,atl,61.500,0.000,975.28,973.99,9.33,3.05,54.77,54.77,0.00,8935.06,14.37
868140,atl,60.500,-39.750,976.60,976.46,9.14,1.87,47.93,50.24,0.00,1554.27,13.17
868140,atl,60.000,-17.500,971.94,970.38,10.84,3.42,71.18,71.18,34860.66,292954.76,10.69
868140,atl,60.000,-12.750,973.40,972.54,9.86,2.11,70.51,71.18,34860.66,273471.56,10.69
868140,atl,57.250,8.250,981.42,980.41,12.53,4.00,51.43,51.43,0.00,5784.73,14.37
868140,atl,52.500,-37.750,991.18,990.61,8.32,2.38,59.11,59.11,0.00,71654.91,5.73
868140,pac,64.000,233.500,975.72,973.73,6.18,2.36,22.64,27.95,0.00,0.00,14.34
868140,pac,59.000,215.750,960.65,960.34,10.93,2.16,39.63,44.33,0.00,0.00,14.48
868140,pac,56.750,176.000,985.78,985.30,8.47,2.22,41.89,41.89,0.00,0.00,5.23
868146,atl,65.000,-30.750,968.25,968.10,9.45,1.93,40.92,41.86,0.00,0.00,11.89
868146,atl,62.750,0.250,972.23,971.17,10.18,2.88,51.55,51.55,0.00,2104.97,12.13
868146,atl,60.250,-8.500,970.90,970.20,10.88,2.81,71.53,71.53,21557.06,167278.63,7.67
868146,atl,60.000,-37.000,970.01,969.79,8.17,1.63,55.94,64.73,1594.91,73735.61,6.49
868146,atl,55.250,-29.000,974.60,974.00,10.81,2.92,63.96,63.96,0.00,184154.31,5.79
868146,pac,65.250,219.500,969.76,968.22,4.97,1.36,21.49,26.32,0.00,0.00,13.23
868146,pac,64.000,233.500,975.18,973.10,5.07,1.84,21.71,25.10,0.00,0.00,15.19
868146,pac,59.750,215.000,965.39,964.91,8.97,1.82,38.43,39.77,0.00,0.00,13.23
868146,pac,57.500,180.500,983.02,982.71,9.63,2.79,42.95,43.56,0.00,0.00,4.92
868146,pac,34.750,170.000,1003.45,1002.90,5.96,1.82,49.09,49.09,0.00,0.00,3.88
868152,atl,68.750,-10.000,976.02,975.62,8.32,2.42,44.95,44.95,0.00,0.00,5.27
868152,atl,64.250,-0.750,972.08,971.13,9.56,2.84,41.74,43.13,0.00,0.00,9.83
868152,atl,63.500,-32.750,965.26,965.19,8.96,1.18,49.18,49.18,0.00,0.00,9.66
868152,atl,61.250,-28.750,965.11,964.97,4.19,0.48,25.55,53.59,0.00,3731.17,10.50
868152,atl,60.250,-4.000,974.56,974.26,6.95,2.02,54.16,54.16,0.00,7677.34,5.80
868152,atl,57.500,-22.250,956.01,954.66,19.02,5.29,65.37,65.60,13427.88,304320.34,11.03
868152,pac,65.500,219.750,974.19,973.29,4.43,1.40,19.91,26.46,0.00,0.00,13.85
868152,pac,65.000,227.500,975.53,973.34,4.67,1.53,20.26,30.61,0.00,0.00,13.31
868152,pac,63.000,234.750,976.31,975.47,5.49,1.74,27.05,30.61,0.00,0.00,15.46
868152,pac,62.000,211.500,972.31,971.77,5.69,1.48,22.12,43.04,0.00,0.00,13.85
868152,pac,58.250,184.000,978.58,977.64,14.45,4.67,47.36,47.36,0.00,0.00,9.06
868152,pac,52.500,160.000,1000.28,999.98,4.05,1.54,32.19,32.19,0.00,0.00,7.16
868152,pac,47.750,203.000,990.32,990.17,6.14,1.22,40.32,47.15,0.00,0.00,3.87
868152,pac,35.500,175.000,1003.90,1003.38,6.92,2.11,47.34,47.34,0.00,0.00,5.43
868158,atl,65.250,-2.500,971.44,970.80,6.77,2.26,36.50,45.04,0.00,0.00,5.02
868158,atl,59.500,-17.750,933.95,932.51,32.81,10.06,89.95,89.95,115979.67,390502.01,21.25
868158,pac,65.000,227.500,979.01,977.10,4.25,1.42,20.84,29.44,0.00,0.00,11.53
868158,pac,63.000,234.750,977.58,976.74,6.55,2.19,31.75,31.75,0.00,0.00,14.56
868158,pac,62.500,216.000,977.98,976.53,5.33,1.25,26.24,39.40,0.00,0.00,15.98
868158,pac,61.750,211.750,977.36,976.57,7.02,1.94,37.58,39.95,0.00,0.00,15.98
868158,pac,59.250,188.000,976.96,975.74,15.69,5.17,56.93,56.93,0.00,15815.12,13.66
868158,pac,53.000,160.250,1000.17,999.72,4.14,1.61,31.91,31.91,0.00,0.00,7.51
868158,pac,47.750,208.000,987.96,987.14,10.94,2.77,47.33,60.92,0.00,25287.30,6.29
868158,pac,39.250,163.000,999.70,998.89,8.94,2.63,53.89,53.89,0.00,28353.37,5.48
868158,pac,37.000,180.750,1000.32,998.91,9.74,3.03,48.63,48.63,0.00,0.00,6.36
868164,atl,61.250,-13.250,927.41,926.46,35.26,9.81,94.55,94.55,127454.65,470387.14,15.19
868164,pac,64.750,229.750,983.35,981.57,4.71,1.62,21.74,25.10,0.00,0.00,14.02
868164,pac,63.000,234.500,982.55,981.34,5.50,1.82,29.05,33.53,0.00,0.00,14.02
868164,pac,62.500,216.000,985.03,983.28,4.78,1.59,27.38,34.49,0.00,0.00,17.26
868164,pac,62.000,211.750,984.55,983.71,6.47,2.31,32.85,38.98,0.00,0.00,17.26
868164,pac,61.750,219.500,985.51,983.56,4.45,1.66,28.63,32.85,0.00,0.00,13.38
868164,pac,60.750,190.750,979.88,978.59,14.22,4.92,49.09,50.68,0.00,406.64,11.65
868164,pac,53.500,160.750,1000.41,999.95,4.99,1.75,29.73,29.73,0.00,0.00,8.64
868164,pac,48.250,214.250,982.67,981.68,17.92,5.09,53.59,55.03,0.00,90108.42,8.35
868164,pac,40.000,166.000,999.37,998.53,10.52,3.32,51.72,53.92,0.00,34516.93,8.09
868164,pac,37.750,185.000,996.10,994.08,14.30,4.86,56.10,56.10,0.00,27847.80,12.79
868170,atl,62.500,-11.750,922.87,922.21,36.26,9.27,87.37,87.37,124504.32,423840.52,15.31
868170,atl,41.750,-72.750,1003.64,1002.92,11.03,2.44,49.36,52.74,0.00,6117.02,9.41
868170,pac,63.000,234.500,987.92,986.84,4.40,1.70,26.57,35.76,0.00,0.00,12.90
868170,pac,62.500,191.250,982.86,981.39,12.59,4.72,40.85,40.85,0.00,0.00,8.57
868170,pac,62.000,211.500,990.20,989.11,5.02,1.93,24.81,30.97,0.00,0.00,14.11
868170,pac,60.250,207.500,990.76,990.52,5.03,1.79,30.97,30.97,0.00,0.00,14.11
868170,pac,53.750,161.250,999.80,999.31,5.22,1.86,30.63,30.63,0.00,0.00,8.81
868170,pac,48.750,215.500,983.41,982.39,18.17,5.23,64.12,64.12,1068.76,133209.64,8.51
868170,pac,40.500,170.500,1000.24,999.92,9.88,2.59,54.07,54.07,0.00,23085.61,5.30
868170,pac,38.500,190.000,994.06,993.01,16.13,5.31,67.18,67.18,4272.97,71970.10,13.37
868176,atl,63.000,-11.750,924.70,924.06,33.96,8.12,74.88,76.94,63521.16,368077.83,13.38
868176,atl,45.000,-70.000,997.84,997.10,14.51,3.63,50.61,50.61,0.00,2164.13,9.07
868176,pac,64.000,190.000,987.61,986.47,11.15,3.89,36.56,36.56,0.00,0.00,6.85
868176,pac,62.750,234.500,992.49,991.63,4.19,1.58,26.66,32.97,0.00,0.00,11.52
868176,pac,61.750,206.250,993.69,992.70,4.60,1.79,27.83,27.83,0.00,0.00,11.21
868176,pac,54.000,161.750,999.97,999.54,5.15,1.79,35.20,35.20,0.00,0.00,9.30
868176,pac,48.000,220.500,989.35,989.11,13.00,2.86,65.26,65.26,5341.34,186818.77,6.65
868176,pac,41.250,173.000,1001.97,1001.74,9.00,2.37,45.05,48.76,0.00,0.00,3.83
868176,pac,40.000,196.000,991.29,990.75,16.90,4.65,62.25,62.25,0.00,119798.13,10.06
868182,atl,63.250,-11.250,929.06,928.56,29.45,6.96,63.16,74.64,11404.08,317093.76,12.46
868182,atl,47.500,-68.000,990.58,989.48,16.45,4.08,51.59,53.98,0.00,29530.95,12.09
868182,pac,65.000,188.500,991.98,990.96,8.59,2.81,28.32,30.76,0.00,0.00,5.30
868182,pac,63.750,211.500,995.38,993.37,4.62,1.44,26.53,26.53,0.00,0.00,10.61
868182,pac,59.750,186.250,996.41,996.15,4.53,1.35,32.99,34.18,0.00,0.00,3.38
868182,pac,54.250,162.500,999.20,998.83,4.93,1.80,38.66,38.66,0.00,0.00,8.12
868182,pac,49.500,230.500,989.08,988.42,10.90,2.46,38.67,61.09,0.00,22589.16,5.64
868182,pac,42.500,174.750,1001.37,1000.66,7.84,2.37,33.08,35.46,0.00,0.00,4.79
868182,pac,41.500,200.750,987.39,986.92,19.35,5.40,63.45,63.45,0.00,148077.24,10.88
868182,pac,36.750,161.000,988.60,987.32,18.45,4.99,74.10,74.10,30309.75,312166.57,12.09
868188,atl,63.500,-10.500,934.40,933.92,27.24,6.69,67.16,67.16,2713.09,253557.03,14.85
868188,atl,49.500,-65.000,985.70,985.08,16.83,3.74,50.41,54.15,0.00,14904.52,10.68
868188,pac,65.750,196.750,997.91,997.44,4.87,1.42,22.78,22.78,0.00,0.00,8.14
868188,pac,64.750,215.750,997.16,996.33,4.79,1.61,24.59,25.63,0.00,0.00,12.15
868188,pac,64.500,185.500,998.21,998.01,4.46,1.47,26.97,26.97,0.00,0.00,4.24
868188,pac,60.500,212.000,997.76,997.29,5.23,1.59,34.79,34.79,0.00,0.00,12.15
868188,pac,59.750,189.500,997.47,997.09,5.50,1.71,33.49,33.49,0.00,0.00,3.10
868188,pac,54.500,163.000,998.23,997.75,5.76,2.16,37.38,37.38,0.00,0.00,8.16
868188,pac,49.750,230.750,991.11,990.70,10.26,2.25,36.37,51.68,0.00,5401.94,6.05
868188,pac,43.250,174.500,997.47,996.87,7.23,2.29,36.06,44.47,0.00,0.00,5.09
868188,pac,42.750,204.750,980.92,980.03,22.84,6.20,65.46,65.46,9966.97,138281.50,11.77
868188,pac,37.500,166.250,984.16,982.27,20.70,6.30,87.72,87.72,86328.19,365539.42,16.45
868194,atl,63.500,-10.250,939.65,939.12,25.60,6.49,74.68,76.85,5716.42,205628.01,19.69
868194,atl,61.000,-38.250,992.45,992.11,5.54,1.53,49.33,50.14,0.00,400.89,12.18
868194,atl,51.500,-63.500,979.94,979.25,15.98,3.51,59.98,59.98,0.00,14021.51,7.51
868194,pac,65.250,220.250,999.10,998.27,4.47,1.54,14.05,21.74,0.00,0.00,14.60
868194,pac,61.000,193.000,998.35,997.80,5.47,1.89,25.59,30.87,0.00,0.00,4.46
868194,pac,60.500,212.500,999.02,997.81,6.46,2.02,37.94,37.94,0.00,0.00,15.05
868194,pac,54.500,163.500,997.84,997.28,5.64,2.17,37.35,37.35,0.00,0.00,7.62
868194,pac,49.000,231.500,997.53,997.28,7.14,1.70,36.92,41.82,0.00,0.00,6.31
868194,pac,43.250,207.750,979.29,978.86,22.76,5.95,63.21,63.21,0.00,152299.60,10.50
868194,pac,40.000,174.750,980.57,979.22,18.73,4.30,65.50,75.38,45173.51,273957.99,9.71
868200,atl,63.250,-9.000,948.02,947.48,21.92,5.58,62.89,63.77,0.00,100859.13,16.78
868200,atl,61.250,-38.750,991.98,991.53,5.66,1.51,38.39,38.53,0.00,0.00,10.37
868200,atl,53.250,-56.250,973.33,972.87,19.48,4.07,54.89,54.89,0.00,36236.25,6.83
868200,atl,51.750,-79.000,989.12,989.01,6.13,1.26,21.81,28.74,0.00,0.00,3.25
868200,pac,65.000,221.250,1000.99,1000.29,4.74,1.65,16.28,23.02,0.00,0.00,13.86
868200,pac,64.500,229.500,1001.28,1000.44,4.52,1.57,13.99,13.99,0.00,0.00,8.29
868200,pac,62.750,196.000,1000.88,1000.59,5.07,1.73,28.43,28.43,0.00,0.00,8.38
868200,pac,62.500,215.250,1001.49,1000.68,5.40,2.11,26.94,35.47,0.00,0.00,13.86
868200,pac,62.250,221.500,1001.22,1000.11,4.93,1.18,23.02,29.66,0.00,0.00,13.86
868200,pac,54.500,163.750,998.48,998.04,5.66,2.18,38.75,38.75,0.00,0.00,7.79
868200,pac,43.750,210.750,978.01,977.76,21.53,5.07,60.22,60.22,0.00,242622.94,10.24
868200,pac,41.750,179.000,974.51,973.52,21.64,5.20,65.25,65.25,7766.47,237938.54,11.82
868206,atl,63.250,-7.500,953.35,952.75,20.49,5.51,58.80,58.80,0.00,78752.50,13.29
868206,atl,61.750,-47.000,988.45,987.86,5.18,1.43,40.17,40.17,0.00,0.00,13.78
868206,atl,61.500,-39.500,986.47,985.95,6.04,1.97,29.04,29.39,0.00,0.00,8.09
868206,atl,54.500,-52.500,971.10,970.39,18.17,4.21,55.40,57.15,0.00,143731.45,8.02
868206,pac,65.000,227.500,1002.72,1001.22,5.23,1.46,13.23,16.39,0.00,0.00,8.70
868206,pac,64.750,196.750,1001.93,1001.43,5.39,1.68,28.32,28.32,0.00,0.00,6.68
868206,pac,64.750,223.500,1003.30,1001.91,4.31,1.58,14.54,20.70,0.00,0.00,10.40
868206,pac,64.750,229.750,1002.71,1001.22,5.29,1.58,13.23,14.15,0.00,0.00,8.70
868206,pac,54.250,164.000,999.15,998.74,5.11,2.02,40.57,40.57,0.00,0.00,7.48
868206,pac,44.000,213.750,977.22,976.89,20.51,4.51,60.88,65.01,2933.70,196996.15,7.77
868206,pac,43.250,182.250,970.98,970.29,22.65,5.24,66.37,66.39,14659.46,244999.41,10.02
868212,atl,63.250,-5.250,960.20,959.69,18.87,5.20,53.90,55.10,0.00,79265.65,8.39
868212,atl,61.500,-39.750,982.14,981.71,5.29,1.65,48.38,48.38,0.00,0.00,8.71
868212,atl,56.750,-41.250,973.01,972.30,11.81,3.03,44.49,50.95,0.00,2346.80,5.44
868212,pac,64.750,229.750,1004.88,1003.62,5.54,1.49,14.51,16.19,0.00,0.00,10.10
868212,pac,63.000,234.250,1004.66,1004.20,5.83,1.96,14.87,17.49,0.00,0.00,10.10
868212,pac,54.000,163.750,1001.44,1001.07,4.28,1.81,41.11,41.11,0.00,0.00,6.21
868212,pac,44.250,184.750,968.84,967.99,23.53,5.33,67.72,72.93,9305.86,383560.23,7.50
868212,pac,44.250,217.250,977.33,976.74,17.09,3.65,55.20,58.94,0.00,182667.54,6.23
868212,pac,42.750,163.750,986.56,985.89,13.59,3.53,60.41,60.41,0.00,141966.90,6.30
868218,atl,64.000,-2.250,964.54,964.11,17.74,4.75,57.60,61.93,0.00,76102.46,7.42
868218,atl,57.750,-34.750,969.41,968.66,13.18,3.04,43.66,44.57,0.00,0.00,5.21
868218,pac,53.500,164.250,1002.03,1001.71,4.24,1.77,39.96,39.96,0.00,0.00,5.08
868218,pac,47.750,225.750,979.68,978.98,11.75,2.61,56.44,59.21,0.00,35123.24,6.06
868218,pac,44.750,186.250,964.92,964.12,26.79,6.52,61.39,68.64,41906.78,371758.83,8.51
868218,pac,44.750,220.750,977.70,977.12,14.43,3.09,49.53,58.56,0.00,122841.72,5.38
868218,pac,44.000,163.750,978.71,976.93,20.16,5.79,76.24,76.24,23270.14,211312.63,8.69
868224,atl,69.000,-54.000,998.02,997.67,5.56,1.96,42.71,48.59,0.00,0.00,14.42
868224,atl,65.250,1.000,969.89,969.60,15.27,4.01,55.86,56.66,0.00,22610.78,10.15
868224,atl,58.000,-32.000,969.46,968.97,12.53,2.87,44.49,48.70,0.00,0.00,5.09
868224,pac,49.000,226.250,974.98,974.21,15.14,3.67,50.66,50.66,0.00,2462.90,6.42
868224,pac,44.500,188.750,969.16,968.60,22.91,5.02,67.62,67.62,43412.62,320072.30,7.12
868224,pac,44.000,168.750,989.53,989.20,7.87,1.58,47.65,60.68,0.00,50702.17,9.52
868224,pac,43.000,163.750,983.04,981.63,20.15,5.76,64.01,67.21,12583.58,240411.51,9.52
868230,atl,67.000,4.750,972.53,972.16,14.38,3.83,54.86,54.86,0.00,16684.95,8.35
868230,atl,58.750,-22.500,966.61,965.81,14.52,3.69,48.21,48.21,0.00,0.00,5.99
868230,atl,57.750,-30.250,970.89,970.67,10.17,2.26,47.50,48.21,0.00,0.00,5.93
868230,pac,49.000,225.750,976.07,975.43,15.44,3.93,51.23,51.23,0.00,3484.75,7.64
868230,pac,44.500,191.500,974.07,973.45,17.28,3.93,58.20,58.20,0.00,209812.38,5.23
868230,pac,43.750,173.000,987.71,987.32,7.44,1.57,32.55,44.50,0.00,0.00,4.78
868230,pac,42.000,178.000,986.28,985.52,7.04,2.04,43.97,50.68,0.00,1201.11,4.15
868230,pac,40.500,167.250,989.04,987.99,13.69,3.58,72.78,72.78,86374.00,349204.76,6.68
868236,atl,68.750,7.250,976.98,976.57,12.38,3.13,49.10,49.10,0.00,0.00,7.94
868236,atl,59.250,-21.750,965.08,964.58,15.69,4.03,49.84,49.84,0.00,0.00,6.59
868236,pac,54.250,170.000,1002.43,1002.27,5.67,1.59,30.80,31.26,0.00,0.00,3.80
868236,pac,48.000,227.750,982.37,981.98,12.76,2.90,46.00,46.00,0.00,0.00,5.48
868236,pac,45.250,193.250,977.78,977.19,13.98,3.41,50.68,50.68,0.00,8343.20,4.68
868236,pac,43.250,205.250,993.61,993.21,4.07,1.19,38.51,41.03,0.00,0.00,2.91
868236,pac,43.000,178.750,984.44,983.63,7.46,2.10,42.66,47.42,0.00,0.00,3.57
868236,pac,41.750,211.750,994.37,993.71,6.55,1.67,39.88,48.01,0.00,0.00,3.56
868236,pac,39.250,173.250,989.64,989.06,10.34,2.65,69.95,69.95,33879.15,270547.96,5.89
868242,atl,59.250,-19.500,963.29,963.04,15.96,3.65,49.13,53.78,0.00,19844.15,6.53
868242,pac,54.750,169.750,1000.15,999.85,8.32,2.39,35.80,35.80,0.00,0.00,5.42
868242,pac,50.250,229.750,987.86,987.63,10.83,2.18,34.05,46.20,0.00,0.00,8.06
868242,pac,46.250,193.500,976.28,975.42,13.97,3.64,52.87,52.87,0.00,19756.58,5.91
868242,pac,42.750,179.500,984.61,984.03,8.05,2.00,42.68,49.14,0.00,0.00,5.21
868242,pac,42.250,215.750,994.96,994.36,7.63,1.93,38.95,45.28,0.00,0.00,3.54
868242,pac,38.750,179.250,987.32,986.42,10.01,3.03,71.32,71.32,43206.59,304847.43,6.12
868248,atl,60.000,-16.750,962.43,962.27,16.77,3.69,57.52,60.05,0.00,46201.29,12.79
868248,pac,61.500,231.250,1003.98,1003.13,4.10,1.55,14.08,17.72,0.00,0.00,12.90
868248,pac,58.250,222.250,998.52,998.11,7.58,2.10,35.74,35.74,0.00,0.00,12.90
868248,pac,55.000,170.250,996.71,996.43,12.07,3.53,43.29,43.29,0.00,0.00,6.62
868248,pac,51.000,230.250,992.67,992.29,8.15,1.92,30.99,43.32,0.00,0.00,6.40
868248,pac,47.000,192.750,975.56,974.96,12.97,3.20,50.02,50.25,0.00,1520.95,5.31
868248,pac,42.750,219.500,994.20,993.65,9.13,2.44,42.32,42.32,0.00,0.00,3.96
868254,atl,60.500,-13.000,963.35,963.03,15.36,2.99,54.57,56.51,0.00,42815.68,11.30
868254,atl,49.250,-77.000,988.26,988.12,10.92,2.03,28.61,48.13,0.00,0.00,7.74
868254,pac,61.500,231.500,1004.66,1003.61,4.42,1.66,15.21,20.01,0.00,0.00,14.23
868254,pac,55.250,170.750,994.07,993.41,14.24,3.90,47.56,47.56,0.00,0.00,8.55
868254,pac,51.250,231.250,997.18,996.74,6.11,1.64,28.52,31.31,0.00,0.00,5.51
868254,pac,47.250,192.250,974.89,974.52,13.03,3.04,45.08,47.22,0.00,0.00,5.00
868254,pac,43.500,202.250,981.84,980.61,9.63,2.96,52.91,52.91,0.00,6223.72,5.57
868254,pac,43.000,222.500,996.22,995.92,8.64,2.28,43.30,43.30,0.00,0.00,3.97
868260,atl,61.500,-9.250,964.64,964.33,15.38,3.34,52.98,52.98,0.00,37917.22,9.91
868260,atl,50.500,-74.750,981.41,981.20,15.18,3.05,34.35,43.21,0.00,0.00,6.61
868260,pac,55.750,171.500,992.03,991.63,16.58,4.49,51.88,51.88,0.00,2659.44,7.89
868260,pac,54.750,238.250,1000.78,999.93,6.15,1.46,20.67,30.36,0.00,0.00,14.22
868260,pac,53.000,235.250,999.72,998.69,5.83,1.51,30.36,30.36,0.00,0.00,10.80
868260,pac,47.250,192.250,977.16,976.90,11.68,2.45,37.22,41.97,0.00,0.00,4.74
868260,pac,45.750,198.250,979.29,979.07,6.85,1.55,27.10,44.87,0.00,0.00,3.26
868260,pac,45.000,203.750,983.34,982.86,6.74,1.33,45.26,45.26,0.00,0.00,3.90
868260,pac,44.500,228.500,996.27,995.72,8.76,1.99,34.97,45.09,0.00,0.00,3.56
868266,atl,64.000,-35.250,993.93,993.45,5.49,1.50,46.89,48.89,0.00,0.00,22.27
868266,atl,63.250,-20.250,979.86,979.61,5.76,1.94,42.34,52.65,0.00,6723.53,10.36
868266,atl,63.250,-5.750,966.38,966.03,15.10,3.34,48.84,52.65,0.00,6723.53,10.36
868266,atl,52.500,-73.250,976.72,976.57,17.55,3.23,35.90,48.47,0.00,0.00,8.11
868266,pac,56.000,171.000,989.77,989.33,18.58,5.18,51.05,51.05,0.00,4269.98,10.37
868266,pac,55.000,239.250,999.13,997.96,8.88,2.46,24.63,26.65,0.00,0.00,13.29
868266,pac,47.000,193.000,981.57,981.35,9.16,1.58,36.73,41.10,0.00,0.00,4.17
868266,pac,47.000,198.500,979.91,979.62,8.27,1.79,28.05,41.57,0.00,0.00,3.49
868266,pac,46.000,206.500,982.03,981.67,9.52,1.97,40.51,48.12,0.00,0.00,5.02
868266,pac,45.000,230.000,997.11,996.82,8.44,1.79,32.88,39.21,0.00,0.00,4.20
868272,atl,64.750,-3.500,969.94,969.51,14.40,3.08,40.09,44.35,0.00,0.00,6.36
868272,atl,63.000,-32.750,993.73,993.56,5.93,1.64,37.90,49.49,0.00,0.00,11.50
868272,atl,63.000,-18.750,983.39,982.97,4.86,2.05,38.70,44.35,0.00,0.00,8.33
868272,atl,54.000,-71.750,976.29,976.09,17.73,3.55,39.71,47.41,0.00,0.00,7.55
868272,pac,56.250,170.750,989.83,989.44,19.10,5.22,54.70,54.70,0.00,28949.81,10.60
868272,pac,47.000,198.750,981.45,981.08,10.18,2.29,35.93,41.38,0.00,0.00,3.39
868272,pac,47.000,209.500,978.53,977.96,15.49,4.19,54.61,54.61,0.00,17336.28,7.18
868272,pac,46.250,231.750,998.11,997.93,6.73,1.37,27.92,39.51,0.00,0.00,4.09
868278,atl,66.250,-1.250,974.16,973.92,13.45,2.75,36.51,46.62,0.00,0.00,5.10
868278,atl,63.000,-16.500,986.33,985.85,4.18,1.95,36.57,41.71,0.00,0.00,6.94
868278,atl,62.500,-29.000,994.12,993.81,5.63,1.72,42.16,42.16,0.00,0.00,5.25
868278,atl,57.250,-15.500,990.96,990.71,4.36,1.07,32.75,38.78,0.00,0.00,3.10
868278,atl,54.250,-68.000,978.28,977.87,13.61,2.87,46.69,46.69,0.00,0.00,7.04
868278,pac,57.750,180.500,998.54,998.14,7.83,1.62,40.94,49.26,0.00,0.00,7.06
868278,pac,56.500,171.500,990.70,990.11,17.75,4.39,53.11,53.78,0.00,24955.61,9.91
868278,pac,48.000,208.500,981.44,980.64,13.79,4.07,51.83,51.83,0.00,10917.60,6.39
868278,pac,47.500,232.500,998.52,998.42,5.50,1.31,26.09,31.07,0.00,0.00,3.75
868278,pac,47.000,199.500,984.97,984.62,9.59,2.14,38.52,41.67,0.00,0.00,3.79
868278,pac,45.500,215.750,986.13,985.36,10.88,2.72,45.58,52.00,0.00,2306.12,4.38
868284,atl,67.750,0.750,979.84,979.59,12.72,2.59,40.90,41.48,0.00,0.00,4.64
868284,atl,67.250,-9.750,981.82,981.61,11.48,2.18,36.44,57.04,0.00,4798.97,6.85
868284,atl,62.000,-26.500,996.16,995.79,6.17,1.96,37.03,38.99,0.00,0.00,6.30
868284,atl,58.000,-59.000,980.93,980.78,9.71,1.84,37.91,41.56,0.00,0.00,5.67
868284,atl,54.750,-65.000,980.76,980.46,9.74,2.23,41.64,42.28,0.00,0.00,6.96
868284,atl,47.500,-21.250,1004.94,1004.68,7.88,1.84,52.17,53.64,0.00,31256.95,4.31
868284,pac,58.750,178.750,995.88,995.28,12.03,2.90,50.55,50.60,0.00,4653.67,10.92
868284,pac,57.500,184.750,997.64,997.23,9.19,2.05,42.27,48.62,0.00,0.00,6.87
868284,pac,56.500,171.250,990.08,989.49,17.31,4.52,49.27,50.60,0.00,3538.59,8.42
868284,pac,48.500,208.250,985.17,984.34,12.85,3.40,48.93,48.93,0.00,0.00,5.27
868284,pac,48.000,231.000,996.53,996.39,4.38,0.92,28.04,32.95,0.00,0.00,4.20
868284,pac,46.750,201.750,988.78,988.45,8.67,1.80,38.87,47.78,0.00,0.00,4.35
868284,pac,46.000,219.750,990.82,990.51,8.31,1.94,49.11,49.11,0.00,0.00,3.91
868290,atl,68.500,1.750,984.93,984.75,10.88,2.47,40.67,43.22,0.00,0.00,4.92
868290,atl,67.000,-13.750,982.18,981.77,16.56,4.07,46.45,60.59,0.00,32484.23,10.11
868290,atl,59.250,1.750,996.51,995.86,7.30,2.21,35.13,35.13,0.00,0.00,6.48
868290,atl,58.500,-57.250,978.24,978.09,11.08,2.01,39.97,46.18,0.00,0.00,5.19
868290,pac,59.250,176.000,991.44,990.50,15.47,3.69,58.03,58.03,0.00,57028.27,12.77
868290,pac,59.250,182.500,994.06,993.11,13.77,3.08,51.74,58.03,0.00,43979.08,12.09
868290,pac,56.500,171.500,988.22,987.75,15.81,4.21,48.24,58.03,0.00,23024.96,9.34
868290,pac,48.750,207.000,986.79,986.17,13.27,3.15,49.57,49.57,0.00,0.00,5.39
868290,pac,45.500,229.250,992.44,992.21,7.58,1.38,46.74,50.62,0.00,1116.44,3.83
868296,atl,66.000,-14.750,984.30,983.63,17.58,4.39,52.55,56.21,0.00,36329.34,9.68
868296,atl,61.500,4.250,998.14,997.15,5.59,1.83,43.92,43.92,0.00,0.00,6.49
868296,atl,59.250,-54.250,979.44,979.28,12.40,2.25,53.60,53.60,0.00,6129.17,11.22
868296,pac,60.500,181.250,993.79,992.94,14.02,3.36,55.77,59.68,0.00,36631.84,13.37
868296,pac,56.500,171.750,988.03,987.64,12.58,3.10,48.07,59.68,0.00,29671.99,7.75
868296,pac,48.750,205.750,988.60,988.10,14.40,3.64,47.59,47.59,0.00,0.00,5.59
868296,pac,46.750,163.750,978.34,978.02,16.28,3.75,57.94,57.94,0.00,111891.59,5.86
868296,pac,46.250,233.250,991.09,990.91,9.44,2.05,46.13,52.22,0.00,8957.08,7.76
868302,atl,64.500,-12.500,988.15,987.82,14.31,3.35,49.13,50.64,0.00,2872.53,11.12
868302,atl,59.500,-54.750,981.15,980.97,14.06,2.98,49.20,49.41,0.00,0.00,11.85
868302,atl,59.250,-41.750,989.57,989.05,7.03,1.94,66.48,66.48,1170.81,17746.08,25.14
868302,pac,57.750,173.250,986.41,986.13,12.73,3.35,53.29,53.29,0.00,17831.61,10.93
868302,pac,48.250,167.750,979.25,979.04,11.99,2.91,46.12,46.12,0.00,0.00,5.12
868302,pac,48.000,206.500,993.87,993.45,12.36,2.72,38.43,44.32,0.00,0.00,4.27
868302,pac,47.250,234.750,994.53,994.21,9.38,1.98,33.82,44.94,0.00,0.00,8.90
868302,pac,38.250,164.500,990.16,988.47,10.12,3.09,70.01,70.01,4861.14,192645.67,7.87
868308,atl,64.250,-9.750,991.02,990.71,12.97,3.37,43.62,48.07,0.00,0.00,6.10
868308,atl,60.000,-40.750,991.10,990.48,7.41,2.04,61.61,61.61,0.00,32491.03,15.89
868308,atl,58.250,-55.000,985.55,985.37,13.62,3.04,47.07,48.22,0.00,0.00,6.33
868308,pac,57.250,170.000,986.59,986.03,10.12,2.51,51.36,51.36,0.00,6243.19,8.90
868308,pac,52.250,174.750,979.54,979.22,10.81,2.44,45.23,48.00,0.00,0.00,5.63
868308,pac,49.500,232.250,999.88,999.62,7.34,1.65,36.20,36.20,0.00,0.00,10.74
868308,pac,47.750,208.500,998.81,998.54,10.94,2.38,39.29,41.66,0.00,0.00,3.83
868308,pac,41.500,170.750,984.47,983.33,10.63,2.84,71.43,71.43,36500.38,291258.71,6.21
868308,pac,37.500,163.250,989.43,988.66,8.19,2.11,49.75,61.51,0.00,96774.60,5.24
868314,atl,64.000,-6.250,992.79,992.37,12.00,3.37,43.77,45.89,0.00,0.00,5.21
868314,atl,60.750,-33.250,993.01,992.45,9.00,1.86,43.89,55.04,0.00,11397.15,6.57
868314,atl,60.000,-41.000,991.45,991.23,7.53,1.67,55.04,55.04,0.00,11765.88,14.26
868314,atl,58.250,-49.500,989.81,989.56,9.52,1.33,44.39,54.51,0.00,1890.85,14.26
868314,pac,53.750,176.250,977.12,976.92,10.34,2.31,35.70,45.34,0.00,0.00,4.91
868314,pac,47.500,210.750,1002.15,1001.84,10.85,2.40,36.41,40.15,0.00,0.00,3.50
868314,pac,47.250,171.000,980.10,980.00,4.25,1.02,37.39,50.99,0.00,541.64,3.65
868314,pac,45.250,176.500,979.65,979.02,9.90,2.59,63.57,68.87,8685.85,267289.69,6.42
868320,atl,64.000,-2.250,994.69,994.37,11.29,3.08,46.44,46.44,0.00,0.00,5.95
868320,atl,61.250,-30.750,994.25,993.69,7.28,1.47,41.18,45.32,0.00,0.00,6.48
868320,atl,61.000,-24.750,994.31,993.77,8.79,1.98,35.80,40.35,0.00,0.00,5.53
868320,atl,60.500,-41.000,991.70,991.51,8.63,2.23,52.76,52.76,0.00,1831.80,10.33
868320,atl,58.000,-47.500,993.53,993.26,7.57,1.05,35.75,52.76,0.00,1831.80,10.33
868320,pac,55.000,177.000,975.92,975.70,9.39,1.95,31.02,48.95,0.00,0.00,5.10
868320,pac,45.000,176.250,972.11,971.76,13.09,2.73,63.97,69.58,19041.86,204964.03,6.47
868326,atl,64.500,2.750,995.44,995.26,9.80,2.73,45.88,45.88,0.00,0.00,6.39
868326,atl,62.000,-24.750,992.38,991.81,8.87,2.09,41.13,41.13,0.00,0.00,7.84
868326,atl,60.250,-41.250,990.79,990.34,9.44,2.46,52.04,52.04,0.00,4713.20,12.49
868326,pac,56.250,176.500,973.08,972.93,10.13,1.97,44.14,55.89,0.00,32052.57,6.76
868326,pac,47.000,179.000,962.54,961.93,19.61,5.08,53.28,64.72,1046.63,169435.21,11.45
868332,atl,65.000,7.000,996.97,996.75,7.94,2.43,43.55,43.55,0.00,0.00,5.75
868332,atl,63.000,-26.750,990.22,989.72,9.88,2.54,41.01,41.74,0.00,0.00,9.11
868332,atl,62.250,-31.000,990.67,990.30,8.84,1.87,40.46,50.01,0.00,359.81,5.54
868332,atl,61.750,-15.000,994.25,993.65,8.11,2.53,41.74,41.74,0.00,0.00,9.11
868332,atl,59.500,-41.250,990.79,990.08,9.55,2.31,52.69,52.69,0.00,3291.86,12.03
868332,pac,56.500,175.750,970.80,970.67,10.10,1.95,59.75,59.75,0.00,70415.56,7.49
868332,pac,49.250,182.500,957.83,957.35,23.07,6.30,77.69,77.69,45288.09,326602.17,14.26
868338,atl,65.500,9.250,998.84,998.64,5.63,1.73,36.63,36.63,0.00,0.00,7.09
868338,atl,63.750,-29.500,987.56,987.14,11.66,3.18,44.35,44.35,0.00,0.00,7.11
868338,atl,62.000,-14.000,994.77,994.08,6.31,2.05,40.13,41.32,0.00,0.00,7.57
868338,atl,49.500,-20.750,1004.48,1004.06,7.47,2.04,42.90,42.90,0.00,0.00,4.64
868338,pac,56.000,171.750,969.37,968.91,15.67,3.92,55.18,55.18,0.00,108467.41,8.49
868338,pac,54.000,184.500,956.97,956.71,18.29,3.57,68.70,75.35,76652.25,178466.42,11.10
868338,pac,42.750,234.250,1003.82,1002.22,12.47,3.82,52.87,52.87,0.00,5199.93,9.31
868344,atl,63.750,-33.000,986.55,986.12,12.23,3.40,52.69,52.69,0.00,8817.72,9.95
868344,atl,62.750,-0.750,995.71,994.99,8.36,2.38,34.69,35.26,0.00,0.00,5.80
868344,atl,62.250,-14.250,995.87,995.38,4.05,1.39,37.76,37.76,0.00,0.00,6.48
868344,atl,61.750,-35.500,986.57,986.20,10.71,2.55,47.33,52.69,0.00,8817.72,8.07
868344,atl,60.750,-46.000,999.14,998.58,6.52,1.74,52.18,52.18,0.00,5356.69,12.73
868344,pac,57.250,186.750,958.35,958.03,17.33,3.24,49.47,67.38,6766.64,105989.13,8.33
868344,pac,57.000,189.500,958.41,957.99,18.75,3.40,64.34,76.25,28576.47,189581.04,9.65
868344,pac,55.000,172.000,970.88,970.45,16.38,4.54,57.62,57.62,0.00,55616.70,8.88
868344,pac,44.250,239.000,1002.24,1001.04,9.98,2.77,43.44,43.44,0.00,0.00,9.92
868350,atl,63.250,-36.250,985.78,985.30,12.38,3.57,56.60,56.60,0.00,24887.90,10.20
868350,atl,63.250,2.750,995.63,995.19,7.89,2.32,33.72,33.72,0.00,0.00,5.26
868350,atl,60.250,-35.500,985.93,985.60,10.22,2.32,47.26,54.86,0.00,12273.61,9.17
868350,atl,55.750,-13.000,992.07,991.69,9.50,2.51,50.28,50.28,0.00,1772.96,6.24
868350,pac,59.500,191.000,959.00,958.60,18.87,3.38,52.38,63.88,0.00,121157.46,8.08
868350,pac,54.750,175.750,973.04,972.61,14.44,3.71,56.41,56.41,0.00,59004.79,7.48
868356,atl,63.750,6.000,997.16,996.75,7.81,2.25,35.93,35.93,0.00,0.00,9.68
868356,atl,61.750,-24.000,990.14,990.07,4.62,0.79,40.67,40.67,0.00,0.00,9.79
868356,atl,59.500,-33.500,986.67,986.25,9.42,2.41,37.51,52.06,0.00,716.64,7.65
868356,atl,58.000,-11.000,986.13,984.93,13.10,3.86,45.22,45.22,0.00,0.00,5.99
868356,pac,61.500,193.750,963.75,963.48,18.10,3.19,43.81,54.38,0.00,46767.41,11.59
868356,pac,55.750,178.250,977.51,977.03,13.10,3.39,54.42,54.42,0.00,49380.15,6.31
868362,atl,64.250,8.750,997.64,997.03,8.02,2.75,30.48,30.48,0.00,0.00,12.89
868362,atl,62.750,-25.000,988.35,988.20,7.26,1.23,37.16,45.46,0.00,0.00,8.50
868362,atl,59.500,-30.750,986.05,985.54,8.31,2.18,38.95,38.95,0.00,0.00,4.57
868362,atl,59.000,-9.500,984.18,983.17,14.01,4.30,48.50,48.50,0.00,0.00,8.46
868362,pac,63.500,195.750,968.08,967.86,16.60,3.06,45.41,50.25,0.00,691.91,10.59
868362,pac,56.250,180.000,980.45,979.83,13.70,3.55,53.34,54.87,0.00,35482.25,5.97
868368,atl,64.500,9.750,997.92,997.02,7.20,2.73,33.31,35.14,0.00,0.00,13.24
868368,atl,60.000,-29.250,984.56,983.98,9.23,2.54,39.28,39.28,0.00,0.00,4.59
868368,atl,59.750,-5.250,986.41,986.01,12.72,3.36,52.13,52.13,0.00,4409.80,7.61
868368,atl,45.000,-24.500,1004.84,1003.94,7.51,2.07,51.58,51.58,0.00,6702.86,4.51
868368,pac,56.750,182.500,984.14,983.76,14.42,3.98,52.37,53.06,0.00,21358.95,6.55
868368,pac,41.500,167.000,1004.25,1003.72,8.57,2.24,53.02,53.02,0.00,15626.12,4.83
868374,atl,61.000,-28.000,982.45,982.00,10.04,2.47,36.25,41.56,0.00,0.00,5.40
868374,atl,60.750,0.000,987.46,987.33,11.68,2.91,51.21,51.21,0.00,7498.42,5.93
868374,atl,47.500,-20.250,1000.91,1000.29,8.05,2.23,53.60,53.60,0.00,21611.32,4.53
868374,pac,58.500,167.250,1000.70,1000.41,5.79,1.82,29.85,32.54,0.00,0.00,9.73
868374,pac,57.750,186.500,988.09,987.81,13.81,3.79,48.22,51.03,0.00,8005.86,5.98
868374,pac,43.750,171.250,999.04,997.99,11.97,3.47,56.17,57.16,0.00,33780.77,6.19
868374,pac,43.500,164.250,1001.78,1000.90,6.43,1.99,39.87,44.63,0.00,0.00,4.36
868380,atl,63.250,-34.000,981.93,981.48,12.90,2.71,63.38,63.38,0.00,74742.04,10.58
868380,atl,62.500,-11.250,993.12,992.64,4.12,1.30,32.76,42.35,0.00,0.00,4.65
868380,atl,62.250,-28.000,982.52,982.07,10.59,2.05,33.40,63.25,0.00,33008.53,7.73
868380,atl,62.000,1.750,989.08,988.83,10.39,2.39,44.82,45.60,0.00,0.00,6.13
868380,atl,50.750,-76.250,991.78,991.25,14.83,2.82,36.42,40.55,0.00,0.00,6.29
868380,atl,50.750,-14.500,999.59,999.05,9.27,2.59,52.28,52.28,0.00,1960.95,5.02
868380,pac,58.750,191.000,992.52,992.13,13.33,3.63,49.93,49.93,0.00,0.00,6.09
868380,pac,57.250,169.750,1002.68,1002.31,5.91,1.51,30.71,30.71,0.00,0.00,5.39
868380,pac,46.000,174.000,994.16,992.96,16.28,5.05,51.57,53.38,0.00,7690.29,7.39
868380,pac,43.250,165.750,1002.89,1001.82,7.52,2.62,47.18,47.18,0.00,0.00,6.90
868386,atl,63.250,-29.250,981.66,981.29,11.07,2.04,38.59,69.08,9412.80,66944.28,10.51
868386,atl,63.250,9.000,992.68,992.47,8.28,1.62,34.27,42.98,0.00,0.00,13.67
868386,atl,63.000,-36.500,979.55,979.08,14.27,3.28,69.08,69.08,9412.80,53176.10,13.58
868386,atl,62.000,2.750,991.11,990.80,8.55,2.30,42.98,42.98,0.00,0.00,7.06
868386,atl,53.250,-10.000,996.74,996.03,9.08,2.62,48.89,48.89,0.00,0.00,5.42
868386,atl,52.250,-72.000,989.06,988.37,15.04,3.47,31.64,42.78,0.00,0.00,7.95
868386,pac,59.750,195.250,995.78,995.49,12.37,3.60,42.38,42.38,0.00,0.00,6.11
868386,pac,57.750,170.250,1002.90,1002.60,7.68,1.93,33.50,33.50,0.00,0.00,6.40
868386,pac,47.750,176.750,991.93,991.26,17.52,5.09,53.43,53.43,0.00,13247.98,7.05
868392,atl,64.250,-31.750,982.63,982.18,11.91,2.70,63.54,63.54,0.00,70046.52,10.81
868392,atl,62.750,9.750,995.05,994.72,5.92,1.26,33.48,34.53,0.00,0.00,12.67
868392,atl,62.500,-38.500,980.09,979.58,14.24,3.55,62.35,63.54,0.00,34675.55,14.61
868392,atl,62.250,3.750,993.91,993.45,5.73,1.69,34.13,34.53,0.00,0.00,10.26
868392,atl,60.250,-31.000,983.52,983.33,7.92,1.56,46.61,50.46,0.00,10516.29,5.34
868392,atl,55.000,-4.250,995.40,994.59,9.03,2.59,46.88,46.88,0.00,0.00,5.38
868392,atl,53.000,-69.500,987.98,986.98,15.68,3.93,31.95,31.95,0.00,0.00,9.10
868392,pac,63.000,235.250,1000.12,999.62,4.28,1.83,20.17,25.59,0.00,0.00,17.43
868392,pac,60.750,199.250,999.90,999.72,11.26,3.17,41.50,41.50,0.00,0.00,6.12
868392,pac,58.500,171.500,1004.26,1003.98,8.88,2.11,36.99,36.99,0.00,0.00,7.84
868392,pac,50.000,179.500,989.48,989.03,20.62,5.31,50.41,50.41,0.00,514.57,6.98
868398,atl,62.500,-8.250,992.07,991.79,4.58,1.07,34.04,38.22,0.00,0.00,6.63
868398,atl,62.250,-39.500,980.80,979.85,14.22,3.57,63.20,72.18,8966.67,29280.36,20.22
868398,atl,62.250,4.250,992.35,991.66,4.84,1.26,29.12,29.12,0.00,0.00,11.46
868398,atl,60.500,-29.000,983.68,983.43,7.85,1.87,39.10,48.50,0.00,0.00,3.74
868398,atl,57.000,3.000,990.41,989.68,10.29,3.09,44.12,44.12,0.00,0.00,4.85
868398,atl,52.750,-65.250,986.88,986.38,12.91,2.93,30.59,33.45,0.00,0.00,7.61
868398,pac,63.000,204.750,1004.09,1003.93,7.26,1.90,28.30,40.72,0.00,0.00,12.21
868398,pac,52.000,182.250,987.57,987.18,21.99,5.27,48.96,52.22,0.00,5530.80,8.55
868404,atl,62.500,-7.750,991.66,991.38,4.97,1.25,33.86,40.71,0.00,0.00,6.28
868404,atl,62.250,-39.750,984.98,983.94,12.35,3.07,61.40,67.17,3851.62,29348.24,13.81
868404,atl,60.750,-28.500,988.13,987.98,6.14,1.21,38.78,43.78,0.00,0.00,3.43
868404,atl,58.000,-10.000,990.27,989.60,8.02,2.40,45.43,45.43,0.00,0.00,4.80
868404,atl,57.750,8.500,985.59,984.55,13.37,3.86,44.80,47.29,0.00,0.00,7.98
868404,atl,52.250,-60.500,984.52,983.98,11.34,2.19,30.32,42.02,0.00,0.00,6.56
868404,pac,53.000,184.750,987.74,987.33,22.49,5.43,60.87,65.54,1490.18,178215.25,9.43
868410,atl,67.000,8.500,993.60,993.26,5.99,1.71,28.05,38.85,0.00,0.00,12.97
868410,atl,65.000,-46.750,995.29,994.81,7.36,2.38,52.84,64.79,967.52,21859.90,18.88
868410,atl,62.000,-40.250,991.84,991.00,7.19,1.90,52.17,66.12,3518.93,26623.51,12.33
868410,atl,61.750,-47.000,993.91,992.93,5.14,1.75,39.78,51.26,0.00,1263.41,14.91
868410,atl,61.250,-28.250,992.87,992.77,4.91,0.78,32.90,39.45,0.00,0.00,4.30
868410,atl,60.750,-21.000,992.58,992.48,4.88,0.78,37.73,43.37,0.00,0.00,6.91
868410,atl,58.750,-7.750,988.50,987.93,9.89,3.06,45.83,47.12,0.00,0.00,5.95
868410,atl,53.500,-52.000,979.94,979.47,13.41,2.71,48.83,48.85,0.00,0.00,5.53
868410,atl,53.000,-56.500,980.34,979.98,12.58,2.30,37.93,48.43,0.00,0.00,6.75
868410,pac,53.500,188.500,990.03,989.81,20.42,4.66,62.02,63.62,0.00,182929.69,8.80
868416,atl,66.500,7.750,993.77,993.38,5.42,1.55,30.17,37.43,0.00,0.00,11.70
868416,atl,61.750,-47.750,991.97,990.92,6.17,2.19,40.55,50.59,0.00,1257.25,16.97
868416,atl,59.250,-3.750,991.10,991.00,7.83,1.88,44.01,46.55,0.00,0.00,6.35
868416,atl,55.500,-47.750,977.47,976.59,14.72,3.56,44.29,49.02,0.00,0.00,5.67
868416,atl,54.250,-53.750,978.99,978.49,14.24,3.14,44.29,44.29,0.00,0.00,6.28
868416,pac,54.500,194.000,993.52,993.36,17.34,3.44,56.54,60.75,0.00,157479.39,7.61
868416,pac,33.000,165.250,1004.95,1004.28,8.48,1.98,41.50,44.97,0.00,0.00,4.06
868422,atl,65.750,7.500,993.11,992.84,5.98,1.77,33.50,33.50,0.00,0.00,9.62
868422,atl,59.500,9.500,993.29,993.06,4.01,1.07,32.37,42.66,0.00,0.00,9.62
868422,atl,59.250,1.750,991.07,990.99,7.16,1.55,43.00,43.00,0.00,0.00,4.00
868422,atl,57.250,-45.500,975.03,974.08,16.41,4.18,51.28,53.69,0.00,6903.99,14.51
868422,pac,58.250,208.000,997.74,997.19,10.92,2.58,45.77,45.77,0.00,0.00,11.17
868422,pac,55.000,198.750,993.76,993.43,16.18,3.37,50.68,58.23,0.00,93505.64,7.28
868422,pac,33.250,166.750,1003.06,1002.47,8.64,2.26,42.11,46.37,0.00,0.00,4.74
868428,atl,64.750,7.500,994.43,994.14,5.78,1.83,30.40,30.40,0.00,0.00,10.91
868428,atl,58.500,5.000,992.62,992.42,7.06,1.51,37.13,37.13,0.00,0.00,3.38
868428,atl,58.000,-80.000,1003.39,1003.24,11.07,2.49,27.00,29.29,0.00,0.00,3.98
868428,atl,57.750,-44.250,973.76,972.78,18.82,5.15,60.03,60.03,0.00,29085.24,12.88
868428,pac,58.750,212.250,994.55,994.12,12.27,2.79,46.85,46.85,0.00,0.00,11.26
868428,pac,58.500,209.500,994.56,994.05,11.24,2.38,46.85,46.85,0.00,0.00,12.26
868428,pac,55.250,204.500,995.73,995.52,11.91,2.53,47.83,52.34,0.00,32129.43,5.99
868428,pac,35.000,171.250,1003.18,1002.41,11.53,2.58,52.38,52.38,0.00,7466.28,5.88
868434,atl,64.000,7.500,995.14,994.76,6.20,1.95,28.28,28.28,0.00,0.00,13.66
868434,atl,60.500,-39.000,977.12,976.67,16.01,3.54,52.82,58.85,0.00,63278.23,11.17
868434,atl,57.750,9.000,992.83,992.35,7.31,1.83,29.79,29.79,0.00,0.00,5.69
868434,atl,57.500,-77.250,1004.08,1003.71,10.99,2.45,29.85,35.71,0.00,0.00,4.39
868434,atl,52.250,0.750,998.84,998.64,8.36,2.35,50.46,50.46,0.00,488.94,5.84
868434,atl,39.250,-55.000,1002.53,1001.47,10.60,2.88,59.97,59.97,0.00,10225.95,8.72
868434,pac,59.250,215.750,989.33,988.46,15.87,3.83,48.50,48.50,0.00,0.00,17.19
868434,pac,35.500,172.250,1001.15,1000.59,12.18,2.69,51.68,61.13,0.00,40995.20,7.36
868440,atl,66.750,-49.250,992.56,991.93,9.18,2.87,41.78,41.78,0.00,0.00,11.36
868440,atl,63.250,7.000,997.25,996.74,5.61,1.58,28.04,28.04,0.00,0.00,14.97
868440,atl,61.000,-37.750,978.67,978.48,16.06,3.72,53.86,61.53,0.00,100758.16,10.33
868440,atl,52.000,4.500,994.60,993.56,11.65,3.51,42.36,43.51,0.00,0.00,5.80
868440,atl,40.500,-51.250,1002.10,1001.38,10.34,2.77,54.58,54.58,0.00,5332.03,8.19
868440,pac,59.250,214.750,988.24,987.73,15.05,3.17,38.63,41.33,0.00,0.00,18.08
868440,pac,36.500,173.500,1001.00,1000.69,13.94,3.03,54.68,60.45,0.00,66508.23,7.09
868446,atl,63.250,-30.500,979.57,979.25,16.15,2.97,55.12,57.45,0.00,73735.13,9.19
868446,atl,62.000,4.750,999.47,999.21,4.64,0.98,27.85,27.85,0.00,0.00,11.30
868446,atl,51.750,9.000,996.57,996.36,7.38,1.67,38.59,38.59,0.00,0.00,5.86
868446,atl,44.750,-46.250,1000.12,999.65,9.45,2.41,46.95,50.78,0.00,578.77,4.52
868446,pac,59.000,215.000,988.01,987.82,13.70,2.57,39.00,41.15,0.00,0.00,15.95
868446,pac,57.250,219.500,988.37,988.18,11.82,1.91,36.28,42.17,0.00,0.00,15.40
868446,pac,37.500,173.500,999.97,999.73,13.91,3.30,52.37,53.81,0.00,53043.45,5.57
868446,pac,33.500,160.500,1001.94,1001.47,8.50,1.99,38.49,45.06,0.00,0.00,4.32
868452,atl,63.500,-30.500,982.45,982.12,14.72,3.01,50.72,51.70,0.00,23628.27,8.41
868452,atl,46.750,-45.000,997.66,997.18,10.59,2.56,46.85,50.56,0.00,1006.31,3.77
868452,atl,43.500,8.250,1001.78,1000.99,9.49,3.33,53.91,53.91,0.00,9129.41,20.51
868452,pac,58.000,220.000,985.85,985.63,13.66,2.72,39.70,40.51,0.00,0.00,15.80
868452,pac,57.750,237.000,1003.99,1002.15,6.14,2.10,32.89,33.33,0.00,0.00,11.25
868452,pac,38.000,174.000,1002.68,1002.39,11.79,2.57,51.90,55.47,0.00,51011.95,4.72
868452,pac,34.250,162.000,1000.47,999.58,10.77,2.86,42.11,42.69,0.00,0.00,5.80
868458,atl,63.250,-21.750,986.50,986.15,11.31,2.03,47.88,51.67,0.00,5218.47,6.49
868458,atl,63.000,-30.000,986.52,986.32,11.85,2.76,51.67,51.67,0.00,5218.47,5.35
868458,atl,49.000,-44.250,992.67,992.19,12.75,3.11,40.01,45.43,0.00,0.00,4.38
868458,pac,58.250,220.000,984.78,984.32,13.97,3.21,35.37,35.37,0.00,0.00,17.63
868458,pac,38.750,174.000,1003.65,1003.43,10.40,2.27,49.24,53.33,0.00,47084.29,4.53
868458,pac,34.750,162.500,998.08,996.29,11.69,3.49,48.14,48.14,0.00,0.00,9.81
868464,atl,64.000,-22.500,992.57,992.46,8.69,1.15,42.91,43.42,0.00,0.00,4.74
868464,atl,63.250,-28.250,992.23,992.11,8.90,1.97,42.91,42.91,0.00,0.00,4.69
868464,atl,63.250,-17.000,992.69,992.40,8.22,1.67,43.42,43.42,0.00,0.00,4.61
868464,atl,50.750,-43.750,989.67,988.85,14.13,3.81,43.88,51.44,0.00,1051.58,6.05
868464,pac,58.500,220.000,985.27,984.58,13.79,3.45,33.54,33.54,0.00,0.00,18.52
868464,pac,55.500,239.000,998.30,997.20,7.89,1.90,35.76,38.57,0.00,0.00,18.94
868464,pac,54.500,235.750,998.03,997.59,6.34,1.63,34.60,37.84,0.00,0.00,16.58
868464,pac,35.000,163.000,999.20,997.51,10.90,3.44,50.54,50.54,0.00,634.94,8.40
868470,atl,63.500,-28.750,996.11,995.96,6.57,1.51,35.63,37.48,0.00,0.00,3.82
868470,atl,63.500,-14.000,996.67,996.44,7.41,1.81,38.16,38.16,0.00,0.00,3.43
868470,atl,62.000,-46.250,1001.91,1001.21,4.77,1.87,39.86,39.86,0.00,0.00,9.84
868470,atl,61.750,-37.500,998.02,997.84,4.59,1.53,33.86,35.64,0.00,0.00,5.51
868470,atl,55.000,3.250,1000.43,1000.18,6.49,1.38,31.35,37.41,0.00,0.00,3.99
868470,atl,52.250,-43.500,985.64,984.80,14.98,4.21,45.74,45.74,0.00,0.00,7.22
868470,pac,58.500,219.500,985.69,985.03,14.37,3.67,35.25,37.63,0.00,0.00,21.07
868470,pac,39.250,169.000,1002.88,1002.79,5.30,0.82,30.77,48.36,0.00,0.00,4.25
868470,pac,34.750,164.000,997.76,996.73,9.50,3.12,45.26,45.26,0.00,0.00,5.85
868476,atl,66.500,-21.000,1001.28,1001.13,5.05,1.19,29.11,32.74,0.00,0.00,9.47
868476,atl,64.250,-12.750,1001.31,1001.14,6.42,1.65,35.86,35.86,0.00,0.00,3.32
868476,atl,53.500,-43.000,981.13,979.96,17.03,4.97,50.32,50.32,0.00,459.66,9.74
868476,atl,51.500,8.750,1000.81,1000.66,6.68,1.12,26.75,39.85,0.00,0.00,5.20
868476,pac,58.750,218.500,987.35,986.62,15.61,4.09,42.61,47.53,0.00,0.00,24.66
868476,pac,41.250,168.250,1002.48,1002.36,6.67,1.26,36.12,49.33,0.00,0.00,4.75
868476,pac,34.500,166.000,1000.55,999.82,7.56,2.43,39.14,39.14,0.00,0.00,3.88
868482,atl,65.250,-12.250,1004.98,1004.85,4.84,1.29,30.20,30.20,0.00,0.00,3.51
868482,atl,55.750,-41.750,975.81,975.11,19.11,5.18,51.41,51.41,0.00,886.48,9.48
868482,atl,44.000,8.000,1001.24,1000.69,9.14,2.79,70.86,70.86,2667.01,16885.03,14.48
868482,atl,34.250,-40.250,1004.57,1004.18,5.39,1.57,43.44,43.44,0.00,0.00,5.25
868482,pac,59.000,216.750,989.30,988.61,17.53,4.26,42.70,56.47,0.00,21034.35,27.91
868482,pac,44.750,225.250,1000.08,999.78,7.71,1.82,50.35,51.77,0.00,10339.08,5.54
868482,pac,43.000,167.750,1000.86,1000.77,6.18,1.11,40.20,45.38,0.00,0.00,4.06
868482,pac,40.000,172.750,1001.66,1001.52,5.46,0.85,23.90,47.82,0.00,0.00,5.14
868482,pac,34.500,168.500,1002.62,1002.27,5.18,1.69,36.04,36.04,0.00,0.00,2.91
868488,atl,59.250,-40.750,970.77,970.48,21.73,4.94,61.57,61.57,0.00,183687.61,12.73
868488,atl,37.250,-37.250,1004.44,1004.05,6.72,1.70,45.13,48.80,0.00,0.00,4.76
868488,pac,59.000,215.750,991.20,990.90,17.98,3.84,48.46,56.23,0.00,23928.84,29.79
868488,pac,55.000,220.250,992.16,992.05,6.29,0.78,24.19,44.76,0.00,0.00,15.37
868488,pac,48.000,230.000,991.99,991.74,10.22,2.13,52.17,52.93,0.00,39862.31,7.46
868488,pac,44.000,168.750,1001.02,1000.85,5.87,1.07,32.18,47.59,0.00,0.00,4.59
868494,atl,62.250,-39.500,962.62,962.07,26.47,6.12,64.61,76.44,16720.61,246456.07,21.70
868494,atl,50.500,-49.500,1003.34,1003.08,5.42,1.27,38.61,45.07,0.00,0.00,5.16
868494,atl,38.750,-36.250,1002.58,1002.11,7.42,1.87,42.15,48.45,0.00,0.00,4.57
868494,pac,58.750,215.000,991.26,991.01,17.55,3.34,45.85,58.18,0.00,17673.12,29.70
868494,pac,50.250,231.250,986.98,986.52,10.97,2.45,54.48,62.86,0.00,65839.61,10.75
868494,pac,47.000,171.000,998.30,998.12,9.27,1.75,46.76,50.85,0.00,4933.59,5.20
868500,atl,64.500,-39.000,967.59,966.68,22.50,4.32,65.16,65.16,3399.71,230995.81,22.83
868500,atl,50.500,-49.500,1004.46,1004.09,7.66,1.89,40.06,44.03,0.00,0.00,4.64
868500,atl,40.000,-35.500,1000.97,1000.62,9.28,2.31,42.49,42.49,0.00,0.00,4.26
868500,atl,39.500,-49.250,1004.93,1004.62,5.94,1.49,40.76,40.76,0.00,0.00,4.13
868500,pac,58.000,215.000,991.11,990.97,14.98,2.21,42.94,60.73,0.00,16362.16,30.31
868500,pac,52.500,226.500,987.77,987.60,6.16,0.94,25.95,42.72,0.00,0.00,6.93
868500,pac,52.000,237.750,989.77,988.72,12.19,3.21,50.63,70.49,1019.04,14372.05,14.75
868500,pac,51.750,231.500,987.41,986.99,8.76,1.71,49.67,70.49,1019.04,7650.08,9.66
868500,pac,48.750,170.250,996.63,996.37,8.88,1.81,40.64,49.39,0.00,0.00,5.00
868506,atl,64.750,-39.500,972.16,971.69,21.97,4.42,63.75,70.18,30528.15,212459.91,27.85
868506,atl,50.250,-49.500,1003.99,1003.77,8.75,2.31,43.13,44.95,0.00,0.00,4.89
868506,atl,42.000,-34.750,996.37,995.89,11.65,2.99,43.68,43.68,0.00,0.00,6.10
868506,atl,41.750,-46.500,998.24,997.09,9.50,3.17,48.20,48.20,0.00,0.00,9.27
868506,pac,54.000,224.750,988.00,987.85,7.22,1.00,28.20,40.71,0.00,0.00,15.66
868506,pac,52.750,238.000,990.53,989.97,11.68,3.10,46.57,48.03,0.00,0.00,12.98
868506,pac,50.000,170.500,994.30,994.10,8.32,1.61,39.77,53.14,0.00,8836.15,5.02
868512,atl,64.000,-40.000,977.35,977.13,24.11,6.17,70.79,70.89,47470.74,259654.38,26.58
868512,atl,51.250,-47.000,1004.55,1004.37,7.86,1.91,48.77,48.77,0.00,0.00,5.57
868512,atl,44.750,-34.750,993.02,992.42,12.84,3.43,46.38,47.65,0.00,0.00,6.55
868512,atl,43.000,-45.000,993.67,992.10,12.04,4.26,57.41,57.41,0.00,12552.12,10.25
868512,pac,59.250,215.500,989.34,988.98,16.63,3.28,42.34,54.91,0.00,1987.13,31.33
868512,pac,55.000,222.000,988.63,988.45,7.70,1.19,28.05,40.57,0.00,0.00,19.75
868512,pac,52.000,238.750,996.15,995.57,7.25,2.40,48.13,48.13,0.00,0.00,14.51
868512,pac,51.250,170.000,993.19,993.05,7.16,1.35,39.75,51.50,0.00,15946.46,4.72
868512,pac,45.500,161.000,980.30,979.74,11.48,2.78,48.00,48.00,0.00,0.00,5.43
868512,pac,40.250,163.000,987.17,986.01,8.31,2.46,48.01,48.01,0.00,0.00,6.16
868518,atl,64.500,-38.000,982.99,982.55,21.04,4.94,63.95,63.95,0.00,238877.21,26.22
868518,atl,46.750,-34.500,988.66,987.73,13.59,3.85,49.63,52.17,0.00,5212.36,8.25
868518,atl,44.000,-43.750,987.27,986.42,14.61,4.82,60.74,60.74,0.00,23096.77,10.59
868518,pac,59.750,215.750,985.15,984.33,19.67,4.49,49.48,57.82,0.00,19675.50,32.81
868518,pac,47.250,161.000,975.23,974.62,12.37,2.55,45.42,57.71,0.00,61883.30,6.72
868524,atl,65.250,-37.000,990.59,990.22,15.07,3.55,54.19,54.86,0.00,104459.45,19.01
868524,atl,50.000,-34.750,983.83,982.90,17.32,5.01,54.77,54.77,0.00,64080.50,8.41
868524,atl,45.500,-43.000,984.80,983.78,14.99,4.84,63.81,63.81,0.00,20343.16,10.88
868524,atl,35.250,-48.500,1003.88,1003.09,4.51,1.22,36.52,36.72,0.00,0.00,3.37
868524,pac,59.500,215.250,983.03,982.67,21.43,4.17,50.24,59.59,0.00,34859.72,32.08
868524,pac,49.000,165.000,972.97,972.53,10.72,2.43,41.69,51.18,0.00,534.38,5.48
868524,pac,48.500,160.750,972.47,971.87,13.32,2.21,43.64,63.00,0.00,117228.54,7.29
868524,pac,34.000,170.500,1002.35,1001.41,4.64,1.52,46.20,46.20,0.00,0.00,3.31
868530,atl,65.000,-40.250,994.65,994.35,12.73,3.54,41.14,41.74,0.00,0.00,17.19
868530,atl,53.250,-35.000,984.24,983.60,16.86,4.90,55.59,55.59,0.00,85061.47,8.73
868530,atl,46.500,-42.250,979.47,978.47,18.43,5.81,61.21,61.21,0.00,37408.19,12.79
868530,atl,37.250,-42.000,1000.60,1000.43,4.32,1.09,45.75,45.75,0.00,0.00,3.18
868530,pac,59.500,214.500,979.96,979.42,24.12,4.96,53.33,60.26,0.00,40079.27,33.91
868530,pac,50.000,162.750,966.75,966.42,13.63,2.31,38.02,69.38,10170.17,67455.81,8.27
868530,pac,35.750,174.750,1000.21,999.41,5.00,1.64,44.37,44.37,0.00,0.00,3.77
868536,atl,63.000,-39.500,996.50,996.45,8.33,1.48,34.80,49.66,0.00,0.00,16.53
868536,atl,58.250,-31.000,992.72,992.22,9.94,2.75,47.81,48.85,0.00,0.00,5.29
868536,atl,54.500,-34.500,991.20,990.71,9.58,2.63,48.85,48.85,0.00,0.00,5.02
868536,atl,48.000,-42.000,980.79,980.13,18.00,5.07,56.87,56.87,0.00,135264.32,7.13
868536,atl,40.500,-37.500,997.97,997.80,5.73,1.47,48.55,55.47,0.00,8010.77,3.90
868536,pac,59.500,213.750,978.38,976.88,25.92,5.70,58.51,62.01,0.00,41597.67,38.02
868536,pac,50.000,162.000,962.46,962.18,17.05,2.98,50.21,70.70,29497.65,157522.54,8.70
868536,pac,44.500,181.000,993.63,993.37,4.34,1.18,36.32,41.25,0.00,0.00,4.25
868542,atl,69.000,-26.750,1000.49,1000.04,4.10,1.71,26.70,32.56,0.00,0.00,10.80
868542,atl,62.750,-44.750,995.16,994.29,11.26,2.89,42.08,47.48,0.00,0.00,14.27
868542,atl,62.000,-39.750,994.73,994.65,7.19,1.40,47.48,47.48,0.00,0.00,14.18
868542,atl,54.500,-35.000,991.93,991.69,8.28,2.34,42.74,54.13,0.00,6198.16,4.50
868542,atl,49.000,-42.000,983.92,982.94,15.23,3.99,64.78,64.78,1973.95,195025.31,6.85
868542,atl,43.750,-35.000,989.54,987.72,11.83,3.93,62.26,62.26,0.00,19509.10,10.02
868542,atl,34.750,-51.500,1003.41,1003.17,5.82,1.36,36.70,37.60,0.00,0.00,2.68
868542,pac,59.750,212.750,981.85,980.97,22.66,4.80,59.35,62.42,0.00,38358.66,46.23
868542,pac,58.000,220.500,983.90,983.66,12.49,2.30,42.16,46.81,0.00,0.00,27.91
868542,pac,52.000,163.500,958.83,958.59,16.78,2.81,48.05,66.52,1548.74,59992.86,13.66
868542,pac,46.750,184.500,989.23,988.86,7.19,1.51,37.72,40.01,0.00,0.00,5.12
868548,atl,62.750,-44.750,996.32,995.83,9.02,2.12,41.14,46.01,0.00,0.00,14.71
868548,atl,62.750,-39.000,994.05,993.96,7.71,1.25,31.87,46.01,0.00,0.00,10.64
868548,atl,61.000,-31.250,992.83,992.61,9.02,2.35,40.66,41.68,0.00,0.00,4.23
868548,atl,59.750,-76.750,1000.77,1000.44,15.20,3.40,45.84,45.84,0.00,0.00,5.58
868548,atl,48.250,-42.750,985.46,984.67,15.63,4.27,64.30,64.30,499.30,182991.23,9.12
868548,atl,48.000,-33.250,981.04,979.15,19.57,6.21,78.36,78.36,25959.28,151693.56,15.26
868548,atl,35.500,-46.000,1001.18,1000.86,6.56,1.69,44.46,46.55,0.00,0.00,3.13
868548,pac,59.500,217.750,981.16,980.74,17.29,3.72,38.72,52.36,0.00,1225.62,32.36
868548,pac,58.250,214.250,981.36,981.19,17.76,2.86,52.59,57.73,0.00,38106.58,32.36
868548,pac,54.250,179.750,985.22,985.05,7.71,1.62,58.49,60.93,0.00,228944.13,6.28
868548,pac,50.750,168.000,957.77,957.45,20.30,3.76,59.77,63.83,0.00,219769.45,9.52
868548,pac,50.250,163.500,959.09,958.62,18.83,3.35,60.67,63.47,0.00,285728.36,9.87
868548,pac,49.250,188.000,981.89,981.48,12.72,2.96,43.76,50.18,0.00,465.06,5.29
868554,atl,65.750,-28.500,991.55,991.29,11.75,3.54,48.03,48.03,0.00,0.00,14.85
868554,atl,64.250,-38.750,992.13,991.97,8.77,1.67,41.92,42.65,0.00,0.00,14.83
868554,atl,59.250,-70.500,998.37,997.97,14.66,3.44,40.19,42.10,0.00,0.00,5.66
868554,atl,52.000,-31.250,975.80,974.79,25.47,6.93,92.90,92.90,96039.64,339105.98,15.55
868554,atl,47.000,-42.500,988.20,987.35,15.94,4.59,68.05,68.05,4191.46,178222.83,9.46
868554,atl,39.000,-40.250,1001.45,1000.91,4.92,1.44,48.74,48.74,0.00,0.00,5.39
868554,pac,58.500,214.750,981.95,981.79,15.66,2.63,46.48,53.79,0.00,2788.91,30.17
868554,pac,51.500,166.750,957.14,956.83,20.75,3.86,54.11,61.85,0.00,183207.72,7.72
868554,pac,51.250,189.000,976.57,975.83,16.15,4.40,59.18,59.18,0.00,160034.70,8.48
868554,pac,37.750,160.750,1003.55,1002.82,4.56,1.54,54.01,54.01,0.00,17896.77,3.80
868560,atl,66.500,-29.250,994.14,993.62,7.44,2.28,51.47,51.47,0.00,578.97,17.63
868560,atl,64.500,-40.500,992.61,992.25,7.14,1.83,43.64,43.64,0.00,0.00,18.18
868560,atl,58.750,-66.750,999.67,999.05,12.26,2.90,35.13,38.18,0.00,0.00,5.77
868560,atl,58.000,-62.500,1000.53,1000.21,9.33,1.27,30.85,37.95,0.00,0.00,5.77
868560,atl,55.750,-31.250,967.40,967.13,31.37,8.89,74.09,74.09,67126.41,331303.73,17.84
868560,atl,47.000,-40.500,994.63,994.37,11.46,2.99,51.47,51.47,0.00,5916.46,5.27
868560,atl,33.500,-53.000,1004.45,1004.23,5.59,1.23,49.28,50.92,0.00,7617.36,4.77
868560,atl,33.000,-57.000,1004.80,1004.63,7.19,1.40,56.50,58.05,0.00,97327.43,5.04
868560,pac,64.500,227.250,997.53,996.37,13.70,4.78,22.23,28.16,0.00,0.00,27.85
868560,pac,59.250,212.750,984.68,984.34,15.07,3.09,46.23,51.30,0.00,1586.23,41.19
868560,pac,54.000,236.500,999.47,999.10,5.07,1.38,44.73,44.73,0.00,0.00,26.03
868560,pac,52.000,190.750,976.94,975.76,15.16,4.43,57.93,57.93,0.00,116332.10,7.85
868560,pac,51.500,166.250,962.49,962.21,18.15,3.45,47.99,59.23,0.00,136414.53,6.15
868560,pac,38.000,166.500,1000.07,998.88,6.99,2.50,62.61,62.61,0.00,87383.25,7.06
868566,atl,59.750,-28.500,967.93,967.47,27.89,6.98,74.70,78.58,96428.64,321219.69,14.04
868566,atl,57.000,-58.250,998.97,998.88,8.13,1.40,27.71,36.32,0.00,0.00,4.63
868566,atl,48.000,-38.750,992.36,992.17,13.07,3.00,44.56,63.47,0.00,36938.24,5.85
868566,atl,48.000,-34.500,992.61,991.30,13.54,3.00,63.47,63.47,0.00,55674.15,5.83
868566,atl,32.750,-51.750,1001.31,1001.13,6.91,1.19,51.75,53.44,0.00,27503.03,4.78
868566,pac,64.500,227.500,995.38,993.90,13.65,4.71,22.03,29.47,0.00,0.00,25.70
868566,pac,59.750,212.750,985.46,984.98,13.03,2.82,37.45,42.17,0.00,0.00,36.91
868566,pac,58.000,230.500,998.26,997.26,4.24,1.65,20.77,31.43,0.00,0.00,25.57
868566,pac,52.500,194.750,978.49,976.91,15.53,4.73,50.72,50.72,0.00,4117.93,9.10
868566,pac,51.250,166.750,965.04,964.80,17.55,3.41,49.97,54.16,0.00,82078.57,6.45
868566,pac,51.250,206.500,983.50,983.00,10.29,2.58,36.72,42.67,0.00,0.00,3.71
868566,pac,39.250,172.750,993.26,990.73,11.69,4.32,69.59,69.59,32048.07,148209.85,13.43
868572,atl,64.250,-32.500,973.08,972.59,18.23,3.46,61.71,69.49,12126.21,116313.82,13.56
868572,atl,63.750,-26.750,970.94,970.39,22.75,5.07,70.80,71.03,71907.30,282617.40,10.62
868572,atl,56.250,-55.000,999.59,999.49,6.26,1.24,27.94,37.47,0.00,0.00,5.25
868572,atl,52.000,-32.750,985.68,983.30,19.36,5.63,59.21,59.21,0.00,133687.66,13.04
868572,atl,33.750,-48.750,1002.20,1002.08,7.31,1.29,49.13,59.17,0.00,76370.69,5.40
868572,pac,64.750,227.500,998.01,996.05,10.55,3.60,22.06,27.16,0.00,0.00,25.22
868572,pac,60.750,211.750,986.35,985.74,12.20,2.90,37.69,41.39,0.00,0.00,37.46
868572,pac,56.750,237.000,1003.24,1001.75,4.69,1.87,22.99,44.92,0.00,0.00,21.78
868572,pac,53.000,199.000,981.34,979.73,14.02,4.47,47.73,47.73,0.00,0.00,10.15
868572,pac,52.500,213.750,985.52,985.14,8.98,2.08,36.45,41.37,0.00,0.00,3.82
868572,pac,51.500,167.250,969.65,969.39,17.15,3.26,49.11,55.53,0.00,78882.44,5.73
868572,pac,40.750,178.000,987.55,985.42,17.23,6.50,74.51,74.51,35576.27,141711.56,15.95
868578,atl,66.750,-39.000,978.20,977.04,16.31,4.10,53.12,53.12,0.00,1876.63,18.78
868578,atl,66.250,-27.000,978.69,978.11,12.91,3.31,63.84,63.84,0.00,89243.61,20.61
868578,atl,65.750,-33.500,977.08,976.20,14.67,2.69,53.12,63.84,0.00,38104.83,20.61
868578,atl,56.000,-55.000,1001.04,1000.94,6.55,1.42,33.40,49.86,0.00,0.00,6.95
868578,atl,55.000,-29.500,980.83,978.64,21.76,6.57,72.15,72.15,21931.96,301337.47,18.87
868578,atl,35.000,-47.000,1000.21,999.94,8.41,1.80,54.29,55.40,0.00,91379.42,5.58
868578,pac,65.250,219.750,996.12,994.64,6.83,2.19,27.44,36.18,0.00,0.00,22.87
868578,pac,64.750,227.750,999.46,996.57,7.55,2.66,22.43,29.91,0.00,0.00,22.74
868578,pac,61.750,211.750,988.22,986.82,10.04,3.03,38.26,42.95,0.00,0.00,33.85
868578,pac,53.750,220.000,986.87,986.51,9.53,2.10,38.68,39.56,0.00,0.00,6.29
868578,pac,53.250,203.750,984.42,983.19,11.12,3.29,39.45,41.06,0.00,0.00,12.54
868578,pac,51.750,167.500,973.48,973.21,16.86,3.00,49.76,54.45,0.00,57931.50,7.72
868578,pac,43.000,182.750,985.15,983.44,19.46,7.32,71.89,71.89,29884.52,144262.64,15.18
868584,atl,67.250,-40.250,978.67,978.23,15.20,4.61,45.68,56.50,0.00,7525.08,22.87
868584,atl,66.500,-32.500,979.38,978.50,9.76,1.75,45.68,50.69,0.00,332.69,22.87
868584,atl,61.500,-24.500,973.11,971.89,20.60,6.20,60.64,77.41,28318.08,258503.72,13.83
868584,atl,50.250,-50.250,1003.21,1003.06,7.03,1.58,37.00,37.00,0.00,0.00,3.22
868584,atl,36.000,-45.750,1001.39,1000.97,8.56,2.03,50.69,50.84,0.00,9605.52,4.68
868584,pac,65.250,219.750,994.76,993.16,6.61,2.18,27.57,32.80,0.00,0.00,22.73
868584,pac,63.000,233.750,1000.71,999.79,6.60,2.78,18.80,29.62,0.00,0.00,17.70
868584,pac,57.750,213.500,987.12,986.99,5.87,1.02,28.71,43.93,0.00,0.00,12.92
868584,pac,55.250,222.000,987.13,986.89,8.04,1.50,36.12,36.38,0.00,0.00,16.28
868584,pac,54.000,208.250,986.59,985.75,9.08,2.60,40.68,46.63,0.00,0.00,12.61
868584,pac,52.500,194.000,998.28,997.90,4.24,1.26,32.33,35.87,0.00,0.00,4.86
868584,pac,52.000,167.250,977.45,977.20,17.00,3.21,45.78,52.28,0.00,27332.62,7.96
868584,pac,45.000,186.500,984.89,983.64,20.72,7.66,68.94,68.94,17386.11,123135.35,14.72
868590,atl,66.250,-17.500,975.14,974.66,14.89,3.04,47.87,80.76,31489.65,94329.32,13.84
868590,atl,65.250,-34.000,979.60,979.43,10.63,1.57,44.91,60.99,0.00,84530.25,29.60
868590,atl,63.750,-19.500,974.68,974.12,18.29,4.81,82.06,82.06,109865.82,334446.59,13.84
868590,atl,50.750,-49.000,1003.22,1002.98,7.14,1.76,35.63,35.63,0.00,0.00,3.85
868590,atl,43.250,-38.000,1001.97,1001.54,8.91,2.27,55.96,58.27,0.00,65808.46,5.37
868590,pac,65.250,219.750,992.86,991.36,6.36,2.31,22.16,27.95,0.00,0.00,25.94
868590,pac,63.000,234.000,998.77,997.99,5.87,2.49,21.10,31.09,0.00,0.00,15.61
868590,pac,58.750,216.000,985.37,985.18,7.76,1.18,34.19,49.58,0.00,0.00,14.38
868590,pac,58.250,219.500,985.51,985.36,6.84,1.27,32.88,34.19,0.00,0.00,14.38
868590,pac,53.500,235.250,998.91,998.04,4.31,1.98,40.84,40.84,0.00,0.00,12.85
868590,pac,52.500,167.250,980.73,980.51,15.99,3.05,45.50,54.86,0.00,6845.82,8.18
868590,pac,46.250,190.250,986.29,985.02,21.27,7.46,67.87,67.87,12030.93,100903.12,12.34
868596,atl,68.750,-14.000,972.65,972.35,15.83,3.57,46.48,76.85,14128.60,59150.76,11.24
868596,atl,66.750,-31.500,984.03,983.75,8.73,1.37,44.27,63.81,0.00,46170.14,28.67
868596,atl,46.000,-36.000,1002.37,1001.85,8.75,2.15,56.32,56.34,0.00,86806.17,4.98
868596,pac,63.000,233.500,997.29,996.58,5.68,2.48,22.09,31.92,0.00,0.00,14.79
868596,pac,61.750,216.000,985.28,983.71,13.47,3.47,37.33,47.65,0.00,0.00,37.91
868596,pac,55.000,239.500,995.14,994.17,5.93,1.81,30.47,47.22,0.00,0.00,16.04
868596,pac,52.750,167.250,983.57,983.36,15.37,3.04,45.43,50.99,0.00,451.49,7.97
868596,pac,52.750,229.000,983.18,982.87,15.01,3.46,51.92,56.27,0.00,97133.39,8.84
868596,pac,47.250,194.000,992.75,991.49,17.80,5.84,63.27,63.27,0.00,146496.14,8.59
868596,pac,41.250,165.500,988.14,987.25,12.40,2.96,56.29,57.37,0.00,146081.99,7.45
868602,atl,67.750,-36.750,986.35,985.94,11.12,3.34,52.15,62.93,0.00,17381.71,21.95
868602,atl,67.500,-31.000,986.75,986.42,8.61,1.15,45.10,56.14,0.00,41789.61,21.95
868602,atl,49.250,-34.250,1000.43,1000.12,8.81,2.09,56.92,56.92,0.00,37905.16,4.67
868602,pac,63.250,232.750,995.40,994.60,6.28,2.48,24.87,33.07,0.00,0.00,15.21
868602,pac,61.500,217.500,985.10,983.23,15.03,4.01,42.74,48.98,0.00,0.00,32.95
868602,pac,54.000,235.250,984.69,984.09,13.08,2.99,49.82,54.99,0.00,4930.86,15.02
868602,pac,53.500,166.750,984.03,983.83,14.86,3.11,45.98,50.20,0.00,824.72,8.20
868602,pac,47.250,198.750,996.64,995.73,16.23,4.68,61.48,61.48,0.00,139094.58,7.58
868602,pac,43.500,170.750,985.89,984.93,14.82,4.03,59.61,68.41,8028.55,150945.87,8.23
868608,atl,57.750,-35.250,999.79,999.37,4.04,1.74,37.96,47.81,0.00,0.00,7.05
868608,atl,53.750,-29.750,1001.97,1001.70,7.52,1.94,51.24,52.43,0.00,51674.79,4.76
868608,pac,63.250,232.750,996.24,995.20,8.28,2.89,25.13,30.55,0.00,0.00,17.15
868608,pac,61.000,223.750,990.35,989.71,11.68,3.28,36.89,38.98,0.00,0.00,18.93
868608,pac,53.750,166.250,985.49,985.31,13.65,2.98,46.36,48.94,0.00,0.00,9.92
868608,pac,50.500,206.500,999.45,998.99,10.07,2.27,45.15,48.05,0.00,0.00,5.39
868608,pac,46.500,175.750,984.66,982.98,18.00,5.48,57.07,61.46,0.00,100936.16,11.05
868614,atl,66.750,-36.000,984.06,982.49,13.88,4.59,71.33,71.59,14271.30,46860.02,29.00
868614,atl,58.500,-22.500,997.29,996.92,7.55,2.15,52.39,52.39,0.00,75491.48,5.02
868614,pac,64.500,228.000,995.79,993.87,12.48,3.44,22.24,34.35,0.00,0.00,17.91
868614,pac,63.500,233.000,996.99,995.95,11.52,3.71,25.51,32.38,0.00,0.00,17.91
868614,pac,61.500,217.500,999.19,997.27,8.60,2.84,35.13,37.45,0.00,0.00,25.32
868614,pac,58.750,231.750,1002.15,1000.91,4.03,1.49,31.56,34.69,0.00,0.00,19.08
868614,pac,58.000,235.250,1001.94,999.73,5.34,2.20,27.48,43.79,0.00,0.00,19.08
868614,pac,54.250,166.250,987.10,986.93,12.52,2.75,51.79,55.65,0.00,17075.25,9.33
868614,pac,49.000,213.250,999.42,999.00,10.38,1.88,42.74,59.45,0.00,61969.89,5.91
868614,pac,48.750,180.750,983.57,983.00,22.36,6.81,67.42,67.42,14645.32,144347.31,9.99
868614,pac,47.250,219.500,998.75,997.97,13.10,3.60,53.13,53.13,0.00,20030.62,5.89
868620,atl,66.500,-24.750,977.04,975.75,12.41,3.35,54.86,54.86,0.00,13207.92,18.51
868620,atl,65.500,-33.000,979.30,979.08,15.52,2.94,83.66,84.95,37208.50,119957.22,28.37
868620,atl,61.000,-17.250,994.23,993.83,5.56,1.63,49.22,50.11,0.00,332.69,8.59
868620,pac,64.500,229.500,1003.25,1001.39,8.92,2.87,20.39,30.51,0.00,0.00,17.86
868620,pac,63.000,234.000,1001.73,1000.30,11.19,3.71,24.00,30.28,0.00,0.00,17.86
868620,pac,60.750,223.250,1002.74,1001.99,6.25,1.83,28.97,34.21,0.00,0.00,21.89
868620,pac,59.500,217.250,1000.74,1000.53,10.10,2.13,37.96,44.33,0.00,0.00,21.89
868620,pac,54.750,165.750,989.37,989.27,11.15,2.51,46.05,56.14,0.00,6382.50,9.30
868620,pac,50.750,186.000,989.54,988.67,18.95,5.08,55.95,55.95,0.00,88273.75,7.91
868620,pac,49.000,222.250,983.97,982.37,22.23,6.47,61.58,61.58,0.00,84202.00,9.36
868620,pac,43.000,166.250,986.92,986.45,10.43,2.75,47.98,47.98,0.00,0.00,4.10
868626,atl,67.000,-24.750,972.66,972.06,12.03,1.80,47.91,55.40,0.00,30782.82,17.91
868626,pac,59.750,217.500,998.21,997.52,12.09,2.68,41.28,44.41,0.00,0.00,24.68
868626,pac,55.750,165.250,989.39,989.26,11.92,2.85,39.52,61.29,0.00,18869.46,9.34
868626,pac,52.000,192.250,994.02,993.46,16.09,3.48,45.62,48.49,0.00,0.00,6.71
868626,pac,48.750,225.000,981.59,980.75,22.19,5.88,54.03,55.31,0.00,56788.57,8.21
868626,pac,46.000,171.000,983.57,982.29,13.68,4.00,53.93,53.93,0.00,15287.90,5.93
868632,atl,69.000,-17.750,971.93,971.71,10.71,1.96,48.32,48.32,0.00,0.00,13.43
868632,atl,67.250,-23.750,970.69,970.14,11.71,2.36,46.36,56.30,0.00,16349.96,16.11
868632,atl,65.500,-12.250,972.77,972.58,9.27,2.13,51.79,57.85,0.00,72569.64,5.80
868632,atl,62.500,-59.750,998.85,998.75,7.82,1.35,44.05,47.37,0.00,0.00,16.06
868632,pac,59.750,216.500,991.93,990.94,16.09,4.69,45.14,45.14,0.00,0.00,28.70
868632,pac,59.000,224.250,996.46,995.88,7.52,1.77,36.06,45.14,0.00,0.00,28.70
868632,pac,56.250,164.250,990.98,990.76,11.40,2.75,46.07,63.23,0.00,24755.41,9.28
868632,pac,52.500,195.250,993.81,993.30,11.76,2.59,42.99,42.99,0.00,0.00,6.28
868632,pac,48.250,174.750,978.93,976.99,19.11,6.23,56.93,56.93,0.00,18364.07,10.57
868632,pac,48.250,228.250,982.62,981.74,19.28,4.87,58.39,58.39,0.00,145418.15,6.94
868638,atl,65.500,-2.000,963.80,962.94,15.49,3.52,55.71,62.31,0.00,153013.44,7.09
868638,atl,64.750,-41.750,1002.55,1000.79,5.00,3.10,82.22,82.22,50123.73,155209.85,26.72
868638,atl,64.250,-59.000,997.60,997.47,10.02,2.64,49.57,49.57,0.00,0.00,22.60
868638,pac,60.750,219.000,990.05,988.19,14.22,4.33,35.20,39.47,0.00,0.00,28.65
868638,pac,60.000,224.000,993.10,991.87,9.53,2.20,34.98,38.16,0.00,0.00,28.65
868638,pac,57.250,163.250,992.63,992.26,12.42,2.80,57.17,62.23,0.00,29772.81,10.23
868638,pac,52.750,236.500,993.37,992.95,7.73,1.82,28.09,36.49,0.00,0.00,7.57
868638,pac,52.250,196.000,989.01,988.74,10.32,2.28,44.24,44.80,0.00,0.00,5.48
868638,pac,49.250,178.750,979.95,978.92,18.63,5.76,55.89,55.89,0.00,21495.82,8.86
868638,pac,47.500,231.750,987.43,986.87,16.28,4.45,58.71,58.71,0.00,90500.50,6.34
868644,atl,65.250,-58.250,998.23,997.76,12.17,3.38,48.33,48.33,0.00,0.00,21.83
868644,atl,62.500,-62.750,998.63,997.91,6.57,1.38,38.69,48.33,0.00,0.00,19.60
868644,atl,55.500,-76.750,994.92,994.64,6.65,1.83,31.08,36.14,0.00,0.00,4.65
868644,pac,60.750,219.250,990.99,989.34,10.28,3.41,28.01,34.21,0.00,0.00,29.19
868644,pac,59.500,224.500,993.05,992.45,7.06,1.74,34.21,34.21,0.00,0.00,29.19
868644,pac,58.000,235.000,997.88,995.91,4.37,1.98,17.10,24.89,0.00,0.00,17.76
868644,pac,57.750,162.000,996.90,996.37,11.19,1.97,52.07,59.74,0.00,24583.87,10.03
868644,pac,54.000,238.000,994.61,994.08,7.69,2.01,25.74,31.93,0.00,0.00,16.40
868644,pac,52.500,207.500,984.92,984.67,8.87,1.68,35.44,48.78,0.00,0.00,4.50
868644,pac,52.250,197.250,984.92,984.54,8.88,1.98,42.85,42.85,0.00,0.00,7.78
868644,pac,52.250,202.000,984.92,984.69,8.08,1.49,41.89,44.91,0.00,0.00,7.78
868644,pac,50.000,185.500,983.33,982.75,14.69,3.28,57.33,57.78,0.00,43216.54,5.96
868644,pac,47.750,235.000,993.33,992.88,11.94,3.54,46.17,47.92,0.00,0.00,6.41
868644,pac,44.500,163.000,989.09,988.46,10.91,2.80,35.28,45.51,0.00,0.00,7.13
868650,atl,66.500,-57.500,1002.34,1001.75,12.00,3.47,47.52,47.52,0.00,0.00,18.93
868650,atl,58.250,-74.500,994.82,994.50,7.44,2.12,31.20,32.56,0.00,0.00,5.95
868650,pac,64.000,228.500,993.52,992.74,12.81,4.58,19.48,24.26,0.00,0.00,18.04
868650,pac,59.000,212.750,987.45,987.19,8.02,1.89,36.23,36.23,0.00,0.00,27.26
868650,pac,58.000,235.500,997.39,995.02,4.77,2.28,20.74,25.56,0.00,0.00,19.76
868650,pac,52.750,211.250,977.22,976.96,9.42,1.76,35.43,43.46,0.00,0.00,4.41
868650,pac,51.500,199.000,980.15,979.83,9.41,2.02,42.74,44.05,0.00,0.00,6.90
868650,pac,48.250,237.500,1000.89,1000.55,6.13,1.50,46.78,46.78,0.00,0.00,8.24
868650,pac,46.750,165.250,984.09,983.43,15.29,4.06,43.05,48.18,0.00,0.00,7.46
868656,atl,61.250,-74.250,997.76,997.12,7.56,2.06,32.37,32.37,0.00,0.00,6.19
868656,atl,37.250,-70.250,1001.13,999.75,10.85,2.83,49.47,49.59,0.00,0.00,7.57
868656,pac,64.250,229.000,994.84,993.81,10.37,3.85,18.11,25.88,0.00,0.00,18.65
868656,pac,53.250,218.750,967.57,967.44,13.93,2.19,49.34,54.08,0.00,37639.33,6.68
868656,pac,48.000,168.500,977.97,976.97,21.73,5.70,56.22,56.22,0.00,126093.05,9.26
868662,atl,63.500,-76.000,998.73,998.19,10.51,2.22,38.74,39.80,0.00,0.00,10.20
868662,atl,39.250,-67.250,991.14,990.07,17.54,4.41,60.67,60.67,0.00,43514.21,7.95
868662,pac,58.750,163.250,1004.23,1004.09,8.22,1.77,48.37,48.37,0.00,0.00,14.71
868662,pac,55.250,220.250,958.28,958.08,17.87,3.23,62.62,64.98,437.70,97962.97,22.28
868662,pac,48.250,169.750,977.26,976.57,23.57,6.32,62.99,62.99,0.00,204204.25,8.80
868668,atl,65.500,-77.000,1000.31,999.93,13.57,3.16,39.26,39.91,0.00,0.00,16.50
868668,atl,39.750,-66.500,983.26,981.96,24.14,7.31,79.42,79.42,37245.35,247558.32,13.43
868668,pac,55.250,222.500,954.11,953.96,18.67,2.78,60.38,71.26,12374.96,85850.67,27.58
868668,pac,48.250,173.750,982.09,981.54,20.27,4.85,64.14,64.14,531.94,239982.58,7.37
868674,atl,66.250,-80.000,1000.29,999.97,14.01,3.32,38.85,38.85,0.00,0.00,11.32
868674,atl,38.250,-64.000,982.37,980.98,21.64,6.04,77.03,77.03,85631.56,325002.42,10.74
868674,pac,57.000,220.750,950.22,949.69,21.51,4.69,57.39,68.30,1318.65,17232.68,26.12
868674,pac,49.000,187.750,991.22,990.56,8.92,2.28,45.18,47.36,0.00,0.00,3.60
868674,pac,48.000,177.750,986.59,985.87,16.82,4.06,60.56,61.49,0.00,161747.06,5.69
868680,atl,38.000,-61.500,984.05,982.92,19.69,5.45,68.38,68.38,20243.53,348194.38,8.71
868680,pac,59.500,217.000,953.14,952.77,20.29,4.87,48.18,51.49,0.00,2018.73,32.97
868680,pac,58.250,221.500,950.88,949.76,20.65,5.42,50.10,50.10,0.00,418.05,32.13
868680,pac,47.750,181.500,990.49,989.98,15.55,3.84,53.25,54.78,0.00,87478.62,5.15
868680,pac,47.500,196.500,991.21,990.65,7.54,2.06,47.06,48.51,0.00,0.00,3.62
868686,atl,66.750,-66.500,1004.45,1003.31,7.63,2.24,28.63,33.02,0.00,0.00,17.17
868686,atl,64.500,-64.000,1004.52,1004.24,7.55,2.13,37.36,37.36,0.00,0.00,17.17
868686,atl,38.750,-59.750,984.47,983.49,18.86,4.92,59.03,59.03,0.00,207155.68,6.79
868686,pac,60.000,213.750,956.68,956.07,20.80,3.94,47.69,56.19,0.00,5577.83,43.25
868686,pac,47.000,185.750,994.89,994.54,13.14,3.33,51.09,53.16,0.00,37350.87,4.82
868686,pac,47.000,201.750,991.28,990.77,5.96,1.62,47.81,47.87,0.00,0.00,3.90
868692,atl,66.750,-65.750,1004.79,1002.85,6.70,1.73,31.89,32.97,0.00,0.00,14.11
868692,atl,40.000,-59.250,985.58,984.85,18.54,4.63,52.42,54.80,0.00,112651.16,5.69
868692,pac,64.250,227.500,973.90,972.39,12.95,5.01,22.21,28.74,0.00,0.00,28.37
868692,pac,63.250,232.500,977.65,976.56,9.78,3.07,22.21,34.00,0.00,0.00,28.37
868692,pac,61.750,225.750,973.69,972.51,9.52,1.83,33.67,36.87,0.00,0.00,28.37
868692,pac,59.000,210.250,962.27,961.40,19.73,4.02,53.22,71.50,3770.92,73530.63,38.59
868692,pac,46.500,194.000,999.30,999.02,6.72,1.64,47.75,52.44,0.00,28102.93,4.11
868692,pac,44.000,229.500,983.44,982.35,12.84,3.14,54.44,61.80,0.00,45937.79,5.83
868698,atl,41.250,-59.000,986.64,986.00,16.51,4.19,50.41,50.41,0.00,2395.60,6.20
868698,pac,64.500,227.750,976.71,974.72,11.61,4.88,21.61,23.32,0.00,0.00,26.20
868698,pac,63.250,232.500,977.94,976.56,10.41,3.43,17.96,28.18,0.00,0.00,26.20
868698,pac,58.000,210.250,965.39,963.91,17.81,3.52,55.35,69.83,2516.79,84975.47,20.40
868698,pac,58.000,236.250,981.72,979.57,4.92,1.55,28.81,28.81,0.00,0.00,12.06
868698,pac,46.250,234.000,977.11,975.85,16.76,4.43,57.36,65.24,572.02,80233.21,10.54
868698,pac,45.250,199.250,1001.69,1001.37,5.28,1.53,48.49,50.87,0.00,1718.32,3.30
868704,atl,60.000,4.250,991.74,991.48,6.62,1.84,42.92,44.24,0.00,0.00,4.71
868704,atl,42.500,-58.250,988.78,988.35,14.00,3.54,45.90,45.90,0.00,0.00,5.27
868704,pac,64.250,229.000,981.06,979.66,9.00,3.99,18.27,18.90,0.00,0.00,23.22
868704,pac,62.750,233.500,981.88,980.00,7.43,2.36,18.27,24.20,0.00,0.00,22.86
868704,pac,61.750,225.250,980.87,980.31,6.28,1.50,19.25,32.73,0.00,0.00,23.22
868704,pac,57.250,211.500,967.77,966.55,16.28,3.16,58.60,67.16,1259.81,76103.44,21.28
868704,pac,48.500,236.750,978.69,977.25,12.15,3.38,53.13,56.72,0.00,13567.97,12.25
868710,atl,51.750,9.250,991.74,991.42,6.75,1.61,29.13,38.98,0.00,0.00,4.62
868710,atl,44.500,-57.750,986.53,985.98,13.70,3.61,43.52,43.52,0.00,0.00,5.76
868710,atl,44.000,8.000,1002.92,1002.67,4.18,1.92,47.36,47.36,0.00,0.00,16.30
868710,pac,62.750,233.750,985.42,983.54,5.25,1.85,19.14,21.14,0.00,0.00,20.03
868710,pac,62.250,185.000,1003.04,1002.22,8.77,2.63,38.65,40.45,0.00,0.00,4.94
868710,pac,57.000,213.250,969.37,968.55,15.47,2.87,59.57,61.71,0.00,43650.00,23.48
868710,pac,53.250,236.000,980.78,980.45,5.91,1.61,28.17,42.20,0.00,0.00,7.11
868716,atl,47.000,-57.500,986.33,985.78,13.52,3.34,37.87,38.99,0.00,0.00,8.01
868716,atl,44.750,8.000,998.67,998.00,6.46,2.24,46.38,48.89,0.00,0.00,16.68
868716,pac,61.500,190.250,1002.17,1001.64,8.18,2.49,34.56,43.38,0.00,0.00,4.72
868716,pac,56.750,214.000,971.65,970.97,15.39,2.84,61.05,61.05,0.00,53488.49,16.55
868716,pac,54.750,237.000,984.25,984.02,4.78,1.33,22.38,32.58,0.00,0.00,9.55
868722,atl,50.500,-59.750,985.01,984.80,14.30,3.09,42.41,43.96,0.00,0.00,6.93
868722,pac,64.750,227.750,994.43,992.17,4.93,2.81,17.20,17.20,0.00,0.00,16.97
868722,pac,60.250,196.000,1001.22,1000.78,6.19,1.92,34.32,43.87,0.00,0.00,6.11
868722,pac,56.500,215.500,974.94,974.62,13.54,2.54,54.26,55.11,0.00,43744.23,18.70
868722,pac,48.250,233.500,989.37,989.27,6.03,1.54,35.97,45.25,0.00,0.00,5.42
868728,atl,52.000,-59.250,988.00,987.59,12.41,2.68,34.15,44.31,0.00,0.00,6.63
868728,atl,40.000,-52.250,1001.54,1001.26,4.46,1.05,40.08,40.87,0.00,0.00,2.26
868728,pac,64.750,227.750,997.56,995.61,5.34,2.73,17.31,17.43,0.00,0.00,16.56
868728,pac,56.750,216.500,979.77,979.61,11.43,1.80,53.32,53.32,0.00,29789.13,14.69
868728,pac,56.000,238.250,989.78,989.15,4.56,1.14,24.44,24.44,0.00,0.00,9.32
868734,atl,63.500,-58.750,991.41,991.07,16.11,4.29,48.68,52.30,0.00,14050.19,14.23
868734,atl,56.250,-58.000,991.37,991.05,10.88,2.50,48.26,48.26,0.00,0.00,8.29
868734,atl,53.750,-9.500,1002.37,1001.93,7.88,1.84,43.43,44.23,0.00,0.00,3.99
868734,atl,51.750,-59.250,990.56,989.96,10.75,2.38,32.62,43.10,0.00,0.00,7.72
868734,atl,40.750,-49.250,1000.49,1000.11,6.17,1.66,42.79,42.79,0.00,0.00,3.27
868734,atl,38.000,-74.750,1003.12,1002.92,7.22,1.47,46.58,46.58,0.00,0.00,5.60
868734,atl,37.750,-71.000,1003.05,1002.37,7.47,2.09,46.58,46.58,0.00,0.00,4.55
868734,pac,64.750,227.000,996.50,994.76,8.05,3.38,18.29,18.29,0.00,0.00,16.49
868734,pac,56.750,218.000,981.95,981.84,10.68,1.69,47.21,47.21,0.00,0.00,13.23
868734,pac,55.000,165.500,992.95,992.43,9.75,2.62,40.36,41.31,0.00,0.00,13.59
868734,pac,48.000,162.000,989.58,988.44,8.21,2.59,49.35,49.35,0.00,0.00,5.08
868734,pac,46.500,232.000,996.84,995.94,6.37,2.28,52.19,52.19,0.00,17529.94,5.86
868740,atl,67.000,-51.000,1000.39,998.93,10.75,1.60,56.09,56.66,0.00,47327.23,19.81
868740,atl,65.000,-58.500,991.78,991.22,14.21,3.89,56.09,57.08,0.00,59638.46,19.81
868740,atl,55.750,-57.000,993.67,993.46,10.51,2.31,49.57,49.57,0.00,0.00,6.47
868740,atl,51.250,-59.250,994.43,993.91,9.56,2.34,31.42,41.68,0.00,0.00,7.93
868740,atl,51.000,-4.750,999.48,998.81,8.60,2.11,49.84,49.84,0.00,0.00,4.22
868740,atl,46.000,-46.250,1000.04,999.89,6.07,1.44,31.22,36.39,0.00,0.00,3.47
868740,atl,38.000,-66.750,1001.24,1000.16,8.75,2.37,48.02,48.02,0.00,0.00,4.42
868740,pac,64.750,227.000,997.10,995.63,9.41,3.47,19.57,19.88,0.00,0.00,20.60
868740,pac,57.000,218.500,983.28,983.15,11.08,1.87,43.05,46.49,0.00,0.00,13.28
868740,pac,56.250,165.250,991.24,990.90,10.70,3.34,48.65,48.65,0.00,0.00,11.98
868740,pac,50.250,163.250,983.54,982.37,12.39,3.92,52.83,52.83,0.00,6669.29,6.44
868740,pac,49.000,234.000,993.27,991.63,8.12,2.80,46.11,46.11,0.00,0.00,7.75
868746,atl,69.000,-59.250,990.16,989.28,14.04,4.51,56.69,56.69,0.00,16646.91,10.35
868746,atl,66.000,6.750,987.88,987.74,9.80,1.85,44.11,45.94,0.00,0.00,6.33
868746,atl,56.000,-56.500,995.11,994.87,10.07,2.45,46.00,46.00,0.00,0.00,7.99
868746,atl,50.750,-47.000,998.13,997.95,6.13,1.49,36.00,36.00,0.00,0.00,3.44
868746,atl,50.500,-59.250,996.83,996.55,8.61,2.28,32.63,41.24,0.00,0.00,6.30
868746,atl,48.750,0.250,995.75,995.36,9.68,2.39,40.82,43.86,0.00,0.00,6.42
868746,atl,39.000,-61.750,998.89,997.65,9.53,2.86,46.26,46.26,0.00,0.00,6.40
868746,pac,64.750,227.500,998.02,996.70,10.17,3.47,18.45,20.63,0.00,0.00,20.40
868746,pac,57.750,219.000,983.47,983.28,13.05,2.38,41.90,47.89,0.00,0.00,21.88
868746,pac,52.000,165.000,978.30,977.66,15.40,4.66,57.21,57.21,0.00,42716.20,8.19
868746,pac,52.000,236.250,995.94,995.03,5.38,1.42,40.98,40.98,0.00,0.00,10.21
868752,atl,64.750,8.000,987.83,987.67,9.99,2.16,40.55,46.28,0.00,0.00,6.89
868752,atl,55.250,-55.500,995.24,994.93,10.37,2.47,44.58,44.58,0.00,0.00,6.84
868752,atl,55.000,-50.250,995.66,995.35,9.11,1.63,37.62,44.02,0.00,0.00,6.84
868752,atl,50.000,-58.500,1000.58,1000.24,6.90,1.94,32.52,38.85,0.00,0.00,6.14
868752,atl,48.000,4.500,994.18,993.92,8.59,2.54,42.20,42.20,0.00,0.00,15.56
868752,atl,40.250,-57.000,999.03,998.14,9.86,2.77,49.97,49.97,0.00,0.00,4.87
868752,pac,64.500,227.750,1000.17,999.27,9.52,3.35,15.23,18.00,0.00,0.00,19.21
868752,pac,62.250,232.000,1001.48,1001.06,4.70,1.60,15.23,18.00,0.00,0.00,19.21
868752,pac,58.250,217.500,985.43,985.26,14.72,2.68,45.90,52.10,0.00,4060.65,24.93
868752,pac,54.000,167.250,977.33,976.79,16.56,4.65,59.26,59.26,0.00,55280.85,7.93
868752,pac,53.500,237.500,995.58,995.24,5.72,1.62,31.36,31.36,0.00,0.00,12.00
868752,pac,46.750,162.000,982.09,981.20,13.37,4.41,63.74,63.74,0.00,23810.18,9.48
868758,atl,64.000,9.000,988.41,988.11,9.34,2.26,34.89,47.96,0.00,0.00,6.93
868758,atl,56.750,-52.500,992.10,991.82,12.87,2.37,47.06,48.24,0.00,0.00,7.38
868758,atl,47.250,7.250,992.87,992.37,7.39,2.25,36.19,51.73,0.00,5593.51,14.61
868758,atl,42.000,-52.500,995.78,994.59,11.68,3.23,52.25,52.25,0.00,7723.60,5.46
868758,pac,64.250,228.250,1001.63,1000.90,9.82,3.83,12.76,19.34,0.00,0.00,17.25
868758,pac,62.250,232.250,1002.59,1002.11,5.71,1.96,12.00,12.76,0.00,0.00,17.25
868758,pac,58.750,216.000,988.07,987.78,17.17,3.43,45.91,52.34,0.00,4441.46,26.05
868758,pac,56.250,169.500,978.77,978.23,16.99,3.94,52.15,64.22,1176.63,56577.36,9.79
868758,pac,48.500,165.000,978.54,977.81,14.45,4.67,54.58,54.58,0.00,18544.21,7.71
868758,pac,41.500,188.500,998.01,997.31,12.57,3.20,48.78,48.78,0.00,0.00,6.52
868764,atl,67.000,-51.500,1000.10,999.24,6.62,2.14,41.92,41.92,0.00,0.00,13.25
868764,atl,63.500,9.250,993.00,992.75,6.21,1.51,32.59,40.62,0.00,0.00,6.21
868764,atl,57.750,-54.000,988.46,988.08,16.30,3.77,50.77,52.31,0.00,15958.97,6.78
868764,atl,46.250,7.000,994.84,993.99,6.45,1.57,51.23,58.31,0.00,8312.41,10.56
868764,atl,44.750,-49.000,992.93,991.91,14.06,4.56,51.37,51.37,0.00,3304.69,9.08
868764,pac,64.000,228.500,1004.90,1003.80,8.72,3.82,15.97,16.67,0.00,0.00,16.86
868764,pac,59.250,215.000,988.80,988.17,20.82,4.92,44.55,52.16,0.00,4441.46,28.22
868764,pac,58.000,171.000,981.75,981.15,16.23,3.89,64.10,64.10,383.46,51191.80,13.78
868764,pac,49.500,167.750,978.35,977.79,14.39,4.35,53.49,53.49,0.00,12344.58,7.15
868764,pac,42.750,191.500,990.30,989.76,16.44,3.93,54.62,59.70,0.00,39774.45,7.95
868764,pac,41.750,239.500,997.97,996.63,11.55,2.95,60.71,61.78,0.00,20962.03,11.10
868770,atl,67.250,-35.000,1004.19,1002.74,4.63,3.12,39.21,39.21,0.00,0.00,18.06
868770,atl,58.000,-54.500,984.85,984.40,16.92,4.05,51.48,52.84,0.00,28416.15,6.72
868770,atl,56.750,6.500,995.30,995.19,6.73,1.42,35.34,45.32,0.00,0.00,4.33
868770,atl,52.250,-79.000,993.31,992.92,11.55,2.70,28.56,32.01,0.00,0.00,4.32
868770,atl,46.750,-46.250,989.87,988.93,14.97,4.80,45.84,46.55,0.00,0.00,10.48
868770,atl,44.000,8.750,992.71,991.25,10.31,2.58,50.28,50.28,0.00,553.54,11.14
868770,pac,59.000,214.500,991.27,990.77,19.95,4.63,47.21,51.77,0.00,3633.92,28.12
868770,pac,52.000,230.250,1000.44,1000.16,5.10,1.32,37.16,47.36,0.00,0.00,5.27
868770,pac,50.750,170.750,978.05,977.70,13.32,3.52,50.40,50.40,0.00,1531.10,6.71
868770,pac,43.750,193.250,981.50,980.71,19.83,5.03,54.27,57.13,0.00,72693.42,8.36
868776,atl,64.750,9.000,998.20,998.06,5.77,1.90,32.64,32.64,0.00,0.00,5.15
868776,atl,63.750,-48.500,993.32,992.86,8.08,2.25,47.62,47.62,0.00,0.00,14.68
868776,atl,58.000,-54.500,984.14,983.42,15.95,4.17,48.94,48.94,0.00,0.00,6.83
868776,atl,55.500,7.500,996.55,996.31,7.92,2.00,29.66,40.47,0.00,0.00,4.13
868776,atl,52.250,-76.750,997.23,996.85,9.51,2.39,39.41,39.41,0.00,0.00,4.95
868776,atl,49.000,-43.750,989.10,988.34,15.03,4.68,45.81,48.73,0.00,0.00,9.06
868776,atl,43.750,9.250,993.29,992.73,11.04,2.53,44.18,49.97,0.00,0.00,17.10
868776,atl,41.250,2.250,1001.83,1001.51,6.15,1.95,50.39,50.39,0.00,1155.30,13.37
868776,pac,59.000,213.750,996.15,995.66,16.71,3.86,51.14,51.79,0.00,3238.76,26.47
868776,pac,57.500,219.500,997.55,997.32,10.41,1.59,33.13,41.22,0.00,0.00,25.72
868776,pac,53.750,170.500,977.45,977.10,14.49,2.92,40.01,46.72,0.00,0.00,5.92
868776,pac,44.500,195.250,975.88,975.14,21.72,5.93,59.55,59.55,0.00,218380.37,8.29
868782,atl,69.000,-13.000,1002.36,1002.17,4.04,1.45,31.63,37.24,0.00,0.00,16.59
868782,atl,64.000,9.500,1000.34,1000.01,4.47,1.56,29.03,29.03,0.00,0.00,6.60
868782,atl,58.500,-53.750,982.15,981.43,15.43,4.11,46.55,46.55,0.00,0.00,7.34
868782,atl,55.000,8.250,998.30,998.01,7.70,1.98,27.54,34.92,0.00,0.00,3.04
868782,atl,54.250,-72.750,1000.53,1000.43,6.73,1.24,27.58,35.17,0.00,0.00,5.02
868782,atl,51.250,-41.500,988.06,987.56,13.44,4.07,43.54,43.54,0.00,0.00,8.35
868782,atl,47.500,-66.250,1000.04,999.74,6.41,1.36,24.15,31.64,0.00,0.00,4.04
868782,atl,43.750,9.500,993.21,992.56,11.28,2.61,50.82,55.90,0.00,18261.11,20.75
868782,pac,58.500,213.250,998.81,998.42,13.08,2.83,49.40,49.40,0.00,0.00,25.23
868782,pac,57.500,218.750,998.32,998.00,10.75,1.57,38.39,38.39,0.00,0.00,25.04
868782,pac,53.750,173.500,977.55,977.33,15.38,3.19,48.38,49.00,0.00,0.00,6.81
868782,pac,44.500,198.250,973.89,973.35,20.88,5.03,60.87,60.87,0.00,240979.84,7.13
868788,atl,63.500,-48.000,986.63,986.17,7.73,2.52,46.82,46.82,0.00,0.00,11.17
868788,atl,60.250,-41.500,990.15,989.76,5.52,1.74,43.43,46.82,0.00,0.00,11.17
868788,atl,59.000,-52.250,982.66,982.25,12.83,3.32,42.45,45.96,0.00,0.00,7.25
868788,atl,55.250,-69.750,1002.87,1002.77,5.08,1.22,27.33,31.84,0.00,0.00,5.19
868788,atl,54.750,8.750,1001.25,1000.99,7.11,2.07,27.53,28.81,0.00,0.00,2.94
868788,atl,53.750,-39.000,987.85,987.31,11.58,3.43,42.01,42.01,0.00,0.00,6.38
868788,atl,48.750,-63.000,998.83,998.59,6.81,1.86,27.42,27.56,0.00,0.00,3.54
868788,atl,43.500,9.750,992.18,991.48,12.33,2.62,48.56,54.16,0.00,32120.49,18.10
868788,pac,55.750,175.000,977.35,977.02,17.77,2.87,48.73,57.36,0.00,41043.58,7.78
868788,pac,55.000,217.000,999.40,999.24,5.14,0.92,18.69,38.53,0.00,0.00,3.53
868788,pac,44.250,201.000,974.42,973.80,18.67,4.09,60.13,60.13,0.00,288873.53,6.14
868794,atl,66.250,-48.500,983.43,983.02,9.25,2.80,42.75,42.75,0.00,0.00,12.04
868794,atl,63.500,-46.750,982.86,982.36,7.61,2.21,42.75,42.75,0.00,0.00,12.04
868794,atl,61.500,-41.250,984.77,984.41,6.87,2.10,41.13,42.75,0.00,0.00,9.02
868794,atl,59.750,-50.750,982.32,981.88,10.49,2.67,41.62,42.65,0.00,0.00,7.89
868794,atl,55.750,-37.000,987.53,987.33,9.19,2.56,41.77,42.45,0.00,0.00,5.48
868794,atl,54.000,8.750,1005.00,1004.78,5.85,1.75,30.93,30.93,0.00,0.00,2.80
868794,atl,49.500,-61.000,997.19,996.82,6.98,2.03,32.16,32.16,0.00,0.00,3.69
868794,pac,57.250,175.500,977.41,977.10,19.38,3.51,52.89,57.92,0.00,35215.88,11.86
868794,pac,44.000,204.000,974.92,974.45,16.51,3.38,58.91,60.71,0.00,275557.69,5.59
868794,pac,41.750,163.000,996.42,995.61,10.26,2.93,59.32,59.32,0.00,94892.22,6.57
868800,atl,64.500,-47.000,981.59,981.02,8.39,2.06,44.09,44.09,0.00,0.00,11.70
868800,atl,62.500,-41.000,983.29,982.77,6.30,1.68,35.92,44.09,0.00,0.00,9.90
868800,atl,60.500,-49.500,983.95,983.54,8.60,1.93,38.75,40.18,0.00,0.00,8.53
868800,atl,57.750,-34.500,986.72,986.54,8.54,2.36,44.30,44.30,0.00,0.00,5.24
868800,atl,49.500,-60.000,998.85,998.38,7.04,1.95,31.64,31.64,0.00,0.00,4.55
868800,atl,46.000,-54.750,998.02,997.81,8.29,1.74,42.99,47.78,0.00,0.00,5.07
868800,pac,58.750,176.000,979.61,979.35,19.95,4.28,55.04,55.04,0.00,16851.47,12.82
868800,pac,49.250,217.000,973.36,972.77,14.01,2.90,50.75,54.58,0.00,11628.18,5.65
868800,pac,48.250,161.000,981.93,981.16,19.27,5.45,66.58,66.58,7005.02,99717.16,12.62
868800,pac,44.750,209.000,974.71,974.58,12.03,2.20,53.07,54.86,0.00,84449.44,4.96
868806,atl,68.750,-47.250,981.13,980.64,10.06,2.50,40.03,40.03,0.00,0.00,13.50
868806,atl,64.000,-42.000,982.32,982.13,6.42,1.52,34.72,40.03,0.00,0.00,11.77
868806,atl,60.500,-47.250,986.63,986.17,6.94,1.38,37.12,41.05,0.00,0.00,9.98
868806,atl,59.750,-32.500,983.67,983.48,9.05,2.45,48.98,48.98,0.00,0.00,5.83
868806,atl,47.250,-52.000,991.10,990.48,13.45,3.42,47.86,47.86,0.00,0.00,5.54
868806,pac,60.000,178.250,981.06,980.69,18.41,4.41,47.56,50.71,0.00,841.76,12.56
868806,pac,51.750,219.500,969.56,969.12,17.49,3.52,53.91,59.97,0.00,71774.34,7.14
868806,pac,49.250,167.500,978.44,977.76,20.34,3.95,71.71,78.92,71134.09,238597.97,11.73
868806,pac,45.500,212.750,973.02,972.88,10.70,2.11,51.43,51.43,0.00,20673.79,5.15
868812,atl,63.000,-42.250,982.52,982.27,9.41,2.56,39.32,47.31,0.00,0.00,12.59
868812,atl,62.000,-29.500,981.23,981.04,11.47,2.64,50.10,51.20,0.00,2803.25,6.59
868812,atl,49.500,-50.250,987.35,986.33,17.00,4.54,43.94,44.77,0.00,0.00,6.43
868812,pac,60.750,181.250,985.29,984.60,15.30,3.66,46.66,46.66,0.00,0.00,9.72
868812,pac,59.750,170.750,995.13,994.91,6.17,1.91,37.90,39.30,0.00,0.00,10.18
868812,pac,53.500,219.000,967.33,967.00,19.07,4.48,61.25,61.25,0.00,166188.69,8.94
868812,pac,50.250,168.000,975.66,974.94,21.64,4.74,75.23,76.17,91047.37,216454.75,10.72
868812,pac,44.000,213.750,972.29,972.16,12.57,2.51,50.78,50.78,0.00,6198.33,5.58
868818,atl,66.750,-38.000,982.93,982.24,8.33,2.29,63.16,63.16,0.00,27968.77,22.83
868818,atl,64.500,-27.750,977.85,977.51,14.68,3.64,50.51,63.16,0.00,42722.74,16.34
868818,atl,63.500,-37.250,982.81,982.62,8.72,1.32,58.01,63.16,0.00,14069.79,18.66
868818,atl,50.750,-49.500,985.53,984.46,17.30,4.97,46.95,46.95,0.00,0.00,8.19
868818,pac,64.000,183.250,986.24,985.73,15.90,4.15,46.78,46.78,0.00,0.00,11.81
868818,pac,53.500,218.250,967.92,967.34,17.51,4.49,56.65,56.65,0.00,58096.47,7.72
868818,pac,50.500,173.750,975.83,975.34,19.11,3.16,71.20,73.22,99965.89,251075.39,8.37
868818,pac,44.250,216.250,972.52,972.36,12.78,2.61,46.88,49.43,0.00,0.00,5.95
868824,atl,67.000,-39.750,983.46,982.99,8.51,3.01,57.71,60.45,0.00,22759.12,15.59
868824,atl,66.250,-27.500,978.84,977.89,14.07,3.95,61.87,61.87,0.00,63575.57,18.69
868824,atl,61.750,-42.000,987.63,987.46,7.77,2.33,41.68,44.98,0.00,0.00,10.81
868824,atl,54.750,-42.250,990.88,990.18,9.08,2.52,42.72,43.91,0.00,0.00,4.56
868824,atl,50.750,-48.000,989.34,988.73,14.06,4.07,47.02,47.02,0.00,0.00,6.39
868824,atl,41.750,-43.750,1004.23,1003.80,5.99,1.66,41.86,41.86,0.00,0.00,3.64
868824,pac,64.000,189.000,989.96,989.45,12.71,3.12,40.89,40.89,0.00,0.00,11.68
868824,pac,54.000,218.500,970.85,970.59,15.19,3.49,48.17,55.32,0.00,6577.79,7.90
868824,pac,51.750,176.750,975.85,975.48,17.91,3.12,63.05,66.53,23901.63,172182.07,8.70
868824,pac,45.500,218.000,973.54,973.39,12.45,2.31,48.13,51.84,0.00,8026.16,6.70
868830,atl,68.500,-17.000,984.53,984.10,13.85,3.68,60.68,60.68,0.00,42291.33,17.97
868830,atl,66.500,-29.750,981.66,980.83,11.25,3.10,56.23,60.68,0.00,49365.49,17.97
868830,atl,61.000,-41.250,987.13,986.95,7.53,1.97,38.25,42.67,0.00,0.00,8.14
868830,atl,57.500,-38.500,989.23,988.60,7.77,1.95,42.44,45.72,0.00,0.00,8.08
868830,atl,51.000,-45.750,992.05,991.62,11.21,3.10,44.69,44.69,0.00,0.00,4.48
868830,pac,65.250,192.250,992.94,992.41,10.26,2.54,37.72,37.72,0.00,0.00,9.16
868830,pac,64.000,186.000,995.19,994.55,6.26,2.28,36.26,36.60,0.00,0.00,9.16
868830,pac,55.250,217.500,972.94,972.64,16.03,3.47,46.19,53.34,0.00,2866.54,18.96
868830,pac,53.000,179.000,976.74,976.58,15.09,2.60,45.72,62.57,0.00,95334.97,6.50
868830,pac,52.000,160.500,995.81,995.50,4.82,1.54,30.37,32.14,0.00,0.00,8.00
868830,pac,45.500,218.750,975.20,975.03,14.44,3.36,53.47,53.47,0.00,23589.05,7.15
868836,atl,66.750,-30.500,986.51,985.56,7.60,2.53,45.70,51.85,0.00,1365.77,14.50
868836,atl,61.500,-40.000,986.33,986.15,8.74,1.96,42.66,42.66,0.00,0.00,9.44
868836,atl,51.500,-43.250,995.78,995.43,9.22,2.60,43.51,43.51,0.00,0.00,4.38
868836,pac,58.250,235.000,1001.98,998.96,4.88,2.14,35.20,40.01,0.00,0.00,22.00
868836,pac,55.750,216.250,975.49,975.33,14.75,3.17,42.87,52.86,0.00,4083.60,18.83
868836,pac,54.500,180.250,978.58,978.36,12.43,2.08,37.57,54.38,0.00,19679.77,5.20
868836,pac,52.000,160.750,992.22,991.93,5.20,1.79,37.25,37.25,0.00,0.00,9.85
868836,pac,46.500,220.250,978.16,978.01,13.45,3.52,52.15,52.15,0.00,17713.75,6.81
868836,pac,45.000,166.000,977.85,977.07,14.94,3.44,51.88,61.50,0.00,141856.41,7.22
868842,atl,63.000,-31.750,985.64,985.32,9.13,1.88,37.28,44.62,0.00,0.00,8.53
868842,atl,62.000,-38.250,985.24,985.04,9.11,2.20,38.14,43.36,0.00,0.00,10.00
868842,atl,52.000,-40.750,999.23,998.98,6.73,2.05,44.89,44.89,0.00,0.00,4.22
868842,atl,39.750,-42.250,999.86,999.51,11.13,2.80,48.63,48.63,0.00,0.00,6.46
868842,pac,56.250,215.750,978.22,978.07,13.03,2.59,42.21,49.54,0.00,0.00,22.60
868842,pac,55.500,179.750,976.83,976.63,10.88,1.68,31.93,47.23,0.00,0.00,5.78
868842,pac,54.000,174.250,978.10,977.98,6.58,1.16,36.21,47.23,0.00,0.00,4.82
868842,pac,49.250,221.500,980.40,980.17,10.93,2.68,49.79,53.60,0.00,19249.45,8.58
868842,pac,47.250,171.250,969.64,968.74,15.35,3.56,50.43,62.80,0.00,84919.21,7.71
868842,pac,42.000,202.000,1003.07,1002.19,6.34,1.98,51.49,51.49,0.00,3483.75,4.40
868848,atl,65.000,-28.250,982.49,982.11,11.59,3.07,44.67,45.12,0.00,0.00,10.13
868848,atl,62.750,-37.000,984.88,984.59,10.16,2.54,42.13,46.13,0.00,0.00,10.64
868848,atl,55.000,-71.500,987.70,986.88,14.04,3.34,35.56,42.47,0.00,0.00,7.24
868848,atl,43.250,-72.250,1004.68,1004.15,6.03,1.92,37.40,43.56,0.00,0.00,9.30
868848,atl,40.250,-40.500,1001.87,1001.23,11.10,2.81,60.57,60.57,0.00,23685.13,8.67
868848,pac,56.750,215.500,980.33,980.14,11.87,2.22,36.57,44.37,0.00,0.00,18.21
868848,pac,52.500,160.500,987.95,987.23,5.45,2.09,41.75,41.75,0.00,0.00,11.50
868848,pac,50.750,222.250,982.16,981.71,10.75,2.53,46.78,54.02,0.00,15421.63,6.35
868848,pac,48.500,175.250,961.69,961.19,16.49,3.80,54.69,62.02,0.00,111891.81,8.34
868848,pac,41.250,205.750,1001.32,1000.48,7.92,2.52,52.87,52.87,0.00,8241.88,4.43
868854,atl,67.500,-20.500,981.52,980.89,12.27,2.63,50.34,50.34,0.00,557.02,14.06
868854,atl,66.250,-25.000,980.44,979.88,11.17,3.05,50.16,50.34,0.00,557.02,14.06
868854,atl,63.250,-35.000,983.57,983.06,11.32,2.80,45.27,49.83,0.00,0.00,10.46
868854,atl,56.000,-67.000,990.41,989.67,11.57,3.21,27.34,29.17,0.00,0.00,7.97
868854,atl,52.500,-79.250,990.57,988.85,16.14,4.66,55.74,55.74,0.00,8892.41,10.30
868854,atl,40.500,-39.750,1001.97,1000.90,11.54,3.50,59.32,59.32,0.00,29221.63,9.10
868854,pac,65.000,227.000,1001.97,1000.46,5.46,2.30,19.85,27.04,0.00,0.00,14.81
868854,pac,57.250,215.250,982.42,982.28,10.69,2.07,37.17,41.90,0.00,0.00,16.95
868854,pac,52.500,223.500,985.02,984.80,10.77,2.22,45.73,51.78,0.00,4696.24,7.07
868854,pac,52.250,160.750,986.85,986.08,5.25,2.07,45.17,45.78,0.00,0.00,10.15
868854,pac,51.500,180.500,954.49,954.27,15.99,3.17,55.95,64.37,514.57,105142.10,8.35
868854,pac,40.250,210.250,1002.74,1002.01,9.28,2.75,51.38,51.38,0.00,5417.66,4.25
868860,atl,67.250,-36.000,987.54,986.46,6.48,1.85,44.37,50.81,0.00,326.59,13.30
868860,atl,67.000,-65.500,1000.43,998.72,4.32,1.94,22.45,22.45,0.00,0.00,11.37
868860,atl,63.750,-32.500,983.10,982.71,11.97,2.95,49.85,52.51,0.00,28435.06,13.30
868860,atl,56.250,-64.250,990.83,990.38,9.21,2.23,25.00,38.12,0.00,0.00,5.77
868860,atl,49.750,-64.250,996.09,995.66,7.94,2.03,49.27,51.24,0.00,1066.32,10.00
868860,pac,65.000,227.750,998.60,996.30,8.72,2.98,27.66,27.66,0.00,0.00,15.25
868860,pac,58.000,214.250,984.93,984.73,9.75,2.08,37.17,37.17,0.00,0.00,25.20
868860,pac,53.000,184.000,949.43,949.29,17.64,3.20,51.46,61.32,0.00,88924.20,7.06
868860,pac,39.750,213.500,1003.61,1003.43,10.05,2.58,47.07,51.00,0.00,617.16,4.20
868866,atl,67.500,-36.000,988.64,987.48,7.21,2.72,48.55,51.97,0.00,1294.10,14.96
868866,atl,67.000,-65.750,999.18,997.21,4.91,1.98,21.49,21.49,0.00,0.00,11.10
868866,atl,64.750,-27.500,983.92,983.58,10.15,2.98,47.62,50.20,0.00,1135.71,6.18
868866,atl,59.500,-58.000,988.29,988.16,10.62,2.42,34.00,44.15,0.00,0.00,6.83
868866,pac,65.000,227.750,998.01,995.99,8.66,2.37,31.75,32.24,0.00,0.00,18.31
868866,pac,63.250,232.750,999.26,998.22,8.77,3.37,30.48,32.24,0.00,0.00,18.31
868866,pac,61.500,206.000,990.04,989.05,4.21,1.57,24.97,28.37,0.00,0.00,18.05
868866,pac,59.000,212.500,987.36,987.16,8.05,2.08,29.03,30.56,0.00,0.00,20.05
868866,pac,54.000,184.750,947.67,947.43,17.22,3.17,52.54,62.13,0.00,116562.22,6.38
868872,atl,67.500,-36.000,991.80,990.61,6.04,2.57,39.47,41.71,0.00,0.00,16.19
868872,atl,66.750,-65.500,999.79,997.88,4.12,1.56,26.46,26.46,0.00,0.00,10.45
868872,atl,66.500,-21.000,987.81,987.37,6.52,2.15,43.49,51.30,0.00,3217.39,10.18
868872,atl,60.500,-54.250,984.04,983.86,13.71,3.06,44.76,45.89,0.00,0.00,7.76
868872,pac,64.750,228.000,998.81,997.58,7.59,2.13,18.29,29.97,0.00,0.00,19.64
868872,pac,63.500,233.000,998.43,997.19,9.93,3.59,23.68,29.10,0.00,0.00,19.64
868872,pac,59.500,212.250,990.62,990.21,5.68,1.78,31.35,31.35,0.00,0.00,18.68
868872,pac,54.500,183.750,949.00,948.69,16.44,3.24,51.63,56.32,0.00,59050.94,5.97
868872,pac,37.500,174.250,999.40,998.66,5.03,1.51,44.55,44.55,0.00,0.00,4.01
868878,atl,67.500,-36.250,991.78,990.50,4.56,1.95,21.15,29.81,0.00,0.00,12.70
868878,atl,61.750,-50.500,982.40,981.74,13.09,2.87,46.65,52.68,0.00,4296.78,15.70
868878,atl,61.500,-40.250,990.86,990.59,6.44,1.48,46.15,49.78,0.00,0.00,15.70
868878,pac,64.750,227.750,1001.00,999.39,5.60,1.88,17.16,24.13,0.00,0.00,18.68
868878,pac,63.000,234.000,1000.36,999.12,9.11,3.14,20.63,28.02,0.00,0.00,18.68
868878,pac,54.750,186.000,947.63,947.46,16.75,2.71,55.17,60.27,0.00,110957.97,6.43
868878,pac,40.500,162.250,1000.98,1000.26,5.02,1.55,51.53,52.86,0.00,43710.32,3.85
868878,pac,37.750,180.250,996.95,995.96,5.92,1.93,49.03,49.35,0.00,0.00,3.94
868884,atl,67.750,-36.500,990.61,989.60,4.57,1.83,32.65,37.66,0.00,0.00,14.42
868884,atl,66.500,-54.000,990.92,990.65,7.60,1.90,40.54,40.54,0.00,0.00,10.72
868884,atl,65.250,-45.000,987.42,987.10,7.10,2.17,34.09,39.05,0.00,0.00,14.42
868884,atl,63.500,-34.500,989.18,988.62,8.93,2.45,45.96,50.41,0.00,781.51,14.42
868884,pac,64.750,229.750,1004.40,1002.54,4.65,1.68,17.47,21.76,0.00,0.00,15.63
868884,pac,63.000,234.250,1003.39,1002.39,7.58,2.65,22.80,27.00,0.00,0.00,15.63
868884,pac,54.750,186.000,948.27,948.09,16.64,2.77,49.43,54.82,0.00,75533.42,5.88
868884,pac,38.250,189.000,994.44,994.17,6.22,1.76,54.98,58.69,0.00,62859.61,4.57
868890,atl,69.000,-42.250,991.88,991.75,5.22,1.47,25.93,36.71,0.00,0.00,10.73
868890,atl,67.500,-36.250,990.00,988.83,5.22,1.45,38.63,45.31,0.00,0.00,10.73
868890,atl,66.500,-53.750,997.10,996.61,5.25,2.39,40.81,40.81,0.00,0.00,7.57
868890,atl,65.500,-25.500,983.64,982.91,14.09,3.78,55.20,56.46,0.00,55502.24,10.73
868890,atl,64.000,-42.250,993.51,993.08,4.94,1.40,41.70,51.47,0.00,1079.42,10.73
868890,atl,59.500,-79.000,1000.03,999.79,11.97,2.62,29.97,35.09,0.00,0.00,4.21
868890,pac,55.000,186.500,947.97,947.81,16.39,2.60,51.10,60.00,0.00,109356.15,6.22
868890,pac,48.750,216.000,986.00,985.46,11.03,2.61,46.32,49.67,0.00,0.00,5.45
868890,pac,39.000,197.750,990.89,990.17,8.78,2.23,58.79,63.59,0.00,135116.73,5.45
868896,atl,67.500,-35.000,993.85,992.35,4.85,1.60,50.32,65.57,335.73,9843.15,11.94
868896,atl,66.250,-18.000,977.42,976.89,16.69,4.24,67.27,67.27,659.28,129919.67,10.00
868896,atl,59.250,-77.500,1004.68,1004.49,10.85,2.40,28.01,29.59,0.00,0.00,5.28
868896,pac,56.000,185.750,950.04,949.90,16.52,2.71,44.47,55.68,0.00,50839.38,6.66
868896,pac,52.500,215.750,984.84,984.51,9.35,2.13,54.03,54.03,0.00,50563.11,5.44
868896,pac,44.000,203.000,982.70,982.47,6.69,1.49,44.23,61.47,0.00,13576.22,7.42
868896,pac,41.250,182.500,992.34,991.27,6.03,1.83,55.62,55.62,0.00,30718.98,4.09
868896,pac,41.000,205.750,979.68,977.93,16.15,4.31,61.47,61.47,0.00,187981.44,7.42
868902,atl,69.000,-31.500,997.18,993.81,4.15,2.06,46.25,62.64,0.00,9373.80,14.30
868902,atl,66.750,-6.500,969.03,968.19,16.36,3.76,58.84,61.30,0.00,115269.38,9.03
868902,atl,65.000,-34.500,998.07,997.56,7.81,2.17,65.31,70.49,2667.41,50648.01,16.76
868902,pac,56.250,184.500,950.76,950.61,16.47,2.98,44.79,52.92,0.00,14072.69,6.99
868902,pac,55.000,215.000,983.89,983.56,8.98,2.06,54.14,54.14,0.00,101296.72,5.53
868902,pac,43.250,211.500,968.86,965.82,25.08,7.65,69.55,69.55,15007.47,201467.50,14.42
868902,pac,42.000,188.250,987.29,985.30,8.68,2.94,57.38,57.38,0.00,71674.55,8.57
868908,atl,67.250,7.250,957.97,957.02,19.20,4.80,55.81,55.81,0.00,56570.10,11.09
868908,pac,56.250,183.750,953.47,953.29,15.96,3.14,44.87,49.94,0.00,0.00,6.15
868908,pac,55.500,218.250,985.60,985.12,10.90,2.91,60.74,60.74,0.00,174268.54,14.91
868908,pac,53.250,161.250,994.01,993.64,4.23,1.76,35.52,39.04,0.00,0.00,12.23
868908,pac,45.000,216.000,963.05,962.50,28.59,7.84,71.51,78.03,93400.45,320321.55,12.40
868908,pac,43.000,196.000,985.73,984.62,8.90,2.60,65.40,65.40,1722.84,96752.86,6.57
868914,atl,69.000,-27.750,1002.12,1000.05,4.78,1.68,59.42,59.42,0.00,25924.75,14.83
868914,atl,67.750,9.750,950.64,949.58,20.48,4.99,64.65,66.47,4211.63,113439.03,10.99
868914,atl,41.750,-58.000,1004.18,1003.87,8.17,1.96,41.32,41.32,0.00,0.00,3.92
868914,pac,56.750,218.000,986.96,986.58,9.50,2.75,59.94,59.94,0.00,51655.56,15.29
868914,pac,55.750,184.250,955.73,955.56,14.84,2.86,47.89,47.89,0.00,0.00,6.08
868914,pac,53.250,162.000,992.80,992.22,5.00,2.02,36.04,39.32,0.00,0.00,11.38
868914,pac,46.250,220.250,964.69,963.74,27.02,6.74,75.66,75.66,52871.52,238040.67,10.71
868914,pac,44.250,199.750,979.65,978.03,14.00,4.72,67.13,67.13,5179.77,122782.84,9.65
868920,atl,66.750,-28.250,1002.89,1002.57,9.39,1.95,59.80,59.80,0.00,85572.16,13.92
868920,atl,37.750,-56.250,1003.70,1003.25,5.56,1.26,38.11,42.39,0.00,0.00,3.42
868920,atl,33.000,-56.000,1003.51,1001.87,5.99,1.70,41.49,41.49,0.00,0.00,4.96
868920,pac,57.000,217.750,987.88,987.44,7.23,2.48,45.66,45.66,0.00,0.00,12.08
868920,pac,55.750,186.000,959.29,959.05,14.32,2.88,44.04,50.09,0.00,437.70,5.85
868920,pac,53.000,163.000,991.55,990.86,5.74,1.97,35.62,37.09,0.00,0.00,7.65
868920,pac,47.250,223.750,969.61,968.90,20.95,4.94,64.61,67.92,13213.94,242706.41,7.48
868920,pac,45.000,204.750,978.44,977.88,15.58,4.79,64.43,64.43,558.22,147259.86,7.81
868926,atl,35.250,-54.750,997.19,995.28,8.31,2.12,46.27,46.27,0.00,0.00,6.79
868926,pac,56.250,186.750,961.90,961.65,14.24,2.85,44.42,50.13,0.00,911.17,5.44
868926,pac,52.750,163.750,990.15,989.53,6.38,2.07,37.71,37.71,0.00,0.00,5.87
868926,pac,52.000,222.000,973.75,973.21,13.75,3.27,45.29,53.15,0.00,2817.23,6.32
868926,pac,51.750,222.000,973.75,973.21,13.67,3.15,45.29,53.15,0.00,1879.04,6.32
868926,pac,49.250,226.500,973.56,973.18,17.59,3.80,55.91,58.61,0.00,136061.14,6.70
868926,pac,45.750,208.750,980.20,979.78,13.62,3.96,70.33,70.33,17283.77,166291.87,7.37
868932,atl,67.500,1.500,975.35,975.08,9.77,1.85,51.41,55.56,0.00,75755.74,7.66
868932,atl,36.250,-55.500,991.80,990.58,12.86,3.21,49.71,53.87,0.00,55010.27,5.22
868932,pac,56.750,187.000,966.06,965.78,13.87,2.84,41.07,45.11,0.00,0.00,4.67
868932,pac,52.500,220.750,972.96,972.23,14.04,3.47,44.52,61.59,0.00,2322.62,6.34
868932,pac,46.000,213.500,984.71,984.35,9.45,2.64,63.93,63.93,0.00,150765.23,5.61
868938,atl,60.500,-47.250,1001.13,1000.75,8.30,2.00,33.78,36.62,0.00,0.00,16.48
868938,atl,35.500,-56.000,988.58,987.16,14.70,3.85,57.52,57.52,0.00,122753.20,7.14
868938,pac,57.500,187.250,967.84,967.70,14.12,2.99,36.23,42.77,0.00,0.00,5.00
868938,pac,53.000,221.000,970.50,970.07,16.44,3.83,47.92,58.33,0.00,9767.85,7.26
868938,pac,47.500,226.000,985.67,984.84,8.13,2.42,49.80,57.50,0.00,26228.34,5.60
868944,atl,63.500,-45.500,999.21,998.91,8.27,2.30,40.45,40.45,0.00,0.00,16.36
868944,atl,61.750,-37.750,1002.10,1001.92,6.10,1.88,40.45,40.45,0.00,0.00,16.36
868944,atl,34.250,-53.500,989.46,988.25,12.76,3.10,59.76,59.76,0.00,49769.98,6.72
868944,pac,65.000,227.000,998.74,996.92,5.70,1.77,33.46,33.46,0.00,0.00,10.99
868944,pac,58.000,187.500,971.52,971.31,13.17,2.71,37.29,37.80,0.00,0.00,4.66
868944,pac,54.000,220.500,971.73,971.44,17.29,4.16,52.02,52.02,0.00,14275.35,6.26
868944,pac,52.000,171.750,992.27,992.07,4.14,1.37,44.63,44.77,0.00,0.00,3.77
868944,pac,49.250,228.500,981.24,980.67,13.26,4.13,46.51,54.95,0.00,32866.15,6.62
868950,atl,65.750,-52.250,1002.73,1001.27,4.93,1.14,32.51,32.51,0.00,0.00,13.57
868950,atl,65.000,-44.500,997.42,997.07,7.63,2.45,49.61,49.75,0.00,0.00,13.57
868950,atl,63.000,-35.500,995.64,995.23,9.45,3.37,49.75,49.75,0.00,0.00,13.57
868950,atl,59.500,4.500,989.63,989.40,6.13,1.78,60.80,60.80,0.00,93019.54,7.38
868950,atl,35.250,-51.000,989.08,987.47,12.40,3.28,51.49,51.49,0.00,5762.03,6.13
868950,pac,65.000,226.250,996.36,994.44,5.70,1.41,34.72,35.65,0.00,0.00,11.84
868950,pac,58.750,187.500,973.01,972.78,13.30,2.73,37.71,37.71,0.00,0.00,4.45
868950,pac,55.250,219.500,974.33,974.06,15.85,3.54,51.38,52.50,0.00,18236.66,10.54
868950,pac,51.000,230.000,983.74,983.08,11.05,3.37,42.81,42.81,0.00,0.00,7.13
868950,pac,37.250,207.000,1004.73,1003.90,8.00,2.22,53.21,53.21,0.00,3676.38,5.57
868956,atl,67.750,-36.250,1000.15,999.19,4.18,1.40,51.55,52.58,0.00,15721.76,17.17
868956,atl,64.500,-43.750,998.38,998.08,5.27,1.53,49.39,52.58,0.00,15721.76,15.46
868956,atl,63.500,-36.000,989.54,988.57,13.18,4.31,52.58,52.58,0.00,15721.76,16.17
868956,atl,36.250,-50.750,992.87,991.77,11.12,2.78,42.81,42.81,0.00,0.00,4.30
868956,pac,65.000,226.250,995.63,993.40,5.47,1.13,32.08,35.23,0.00,0.00,9.70
868956,pac,59.250,187.250,975.55,975.38,13.40,2.72,32.52,39.36,0.00,0.00,4.39
868956,pac,56.000,218.500,977.16,976.87,14.71,3.58,51.05,51.18,0.00,9233.73,10.37
868956,pac,44.250,192.500,990.58,989.45,12.93,4.18,55.47,56.01,0.00,67269.98,5.85
868956,pac,38.250,214.250,999.82,999.17,11.77,2.93,47.08,47.08,0.00,0.00,5.05
868962,atl,64.250,-32.250,984.61,983.90,15.36,4.65,53.97,53.97,0.00,19429.72,16.39
868962,atl,36.250,-50.500,993.56,992.68,11.54,2.86,41.07,45.36,0.00,0.00,4.30
868962,pac,60.000,185.750,978.26,978.07,13.66,2.94,37.12,41.46,0.00,0.00,5.93
868962,pac,56.750,218.000,979.78,979.51,13.97,3.51,51.03,51.03,0.00,2662.19,10.67
868962,pac,45.000,195.500,986.68,986.13,15.60,5.01,59.69,59.69,0.00,40025.23,8.89
868962,pac,40.250,218.000,996.51,994.81,14.30,4.12,49.01,56.46,0.00,6028.75,8.61
868968,atl,67.500,-36.750,993.82,992.83,5.79,1.77,58.48,61.64,0.00,74955.01,19.11
868968,atl,65.500,-28.250,979.59,978.72,18.97,5.55,61.64,61.64,0.00,98584.70,19.11
868968,atl,60.750,-39.500,992.66,992.07,6.39,1.97,43.07,50.54,0.00,659.28,8.95
868968,atl,36.000,-49.000,996.00,995.44,11.62,2.78,40.78,41.33,0.00,0.00,3.95
868968,pac,65.500,227.500,996.89,994.93,5.26,1.29,29.03,36.53,0.00,0.00,9.99
868968,pac,60.000,184.750,981.99,981.68,12.34,2.76,43.91,47.04,0.00,0.00,5.72
868968,pac,58.000,216.750,983.20,982.74,12.13,3.00,46.65,46.65,0.00,0.00,10.91
868968,pac,45.500,198.750,984.10,983.23,17.40,5.41,60.93,60.93,0.00,57443.70,8.96
868968,pac,41.500,221.000,989.60,987.66,19.14,5.58,52.04,52.04,0.00,2898.22,11.53
868974,atl,67.500,-36.500,989.75,988.94,7.04,2.09,63.38,75.19,32630.38,84453.90,19.69
868974,atl,66.000,-26.750,975.22,974.20,19.11,5.63,75.19,75.19,44941.48,131387.15,19.69
868974,atl,64.500,-53.000,1000.39,1000.29,4.68,1.53,31.62,39.68,0.00,0.00,6.69
868974,atl,36.750,-47.750,997.70,997.19,11.31,2.65,37.00,40.42,0.00,0.00,3.36
868974,pac,65.500,227.250,997.12,995.42,4.56,1.21,25.84,37.47,0.00,0.00,12.39
868974,pac,60.000,184.750,983.87,983.49,11.82,2.76,41.91,46.15,0.00,0.00,5.56
868974,pac,59.250,215.500,985.36,984.85,11.24,2.95,42.32,42.32,0.00,0.00,9.50
868974,pac,49.500,162.250,994.45,994.01,7.88,1.82,38.36,39.41,0.00,0.00,4.34
868974,pac,45.750,201.250,985.67,985.19,16.35,4.71,58.76,58.76,0.00,88729.33,8.50
868974,pac,42.500,224.500,989.00,988.34,19.58,5.26,60.39,60.39,0.00,45312.29,10.83
868980,atl,65.500,-28.000,972.93,972.00,17.50,4.61,79.21,79.21,74585.97,134566.39,20.12
868980,atl,65.000,-53.500,999.70,999.33,6.37,2.34,37.41,39.35,0.00,0.00,6.34
868980,atl,64.000,-19.000,975.68,973.97,11.94,1.94,47.87,79.21,24896.14,38729.10,12.23
868980,atl,37.750,-46.500,1001.32,1000.83,10.90,2.50,35.59,38.74,0.00,0.00,3.84
868980,pac,65.500,227.500,998.24,996.64,4.28,1.29,22.98,33.62,0.00,0.00,17.58
868980,pac,60.500,184.250,988.20,987.96,10.38,2.47,41.93,41.93,0.00,0.00,7.41
868980,pac,60.250,214.000,988.51,988.01,10.23,2.85,41.91,41.91,0.00,0.00,10.70
868980,pac,46.000,204.750,987.70,987.20,14.48,3.55,59.20,59.20,0.00,66407.54,6.93
868980,pac,44.250,228.250,988.26,988.04,18.55,4.28,59.73,62.67,0.00,100191.04,7.40
868986,atl,67.500,-36.000,988.14,987.56,6.49,2.04,66.79,77.53,34461.33,98568.81,21.10
868986,atl,65.750,-14.500,964.25,963.86,20.82,4.38,55.58,80.17,55567.74,108418.45,10.85
868986,atl,64.750,-53.250,999.85,999.40,6.37,2.60,41.88,41.88,0.00,0.00,7.25
868986,atl,64.750,-27.750,969.76,968.79,17.32,5.66,74.40,79.91,65768.84,246159.73,15.66
868986,atl,62.500,-38.500,989.62,989.19,6.40,1.98,54.54,65.19,640.92,119308.24,12.34
868986,atl,38.500,-45.500,1002.77,1002.44,10.13,2.34,37.61,37.61,0.00,0.00,3.85
868986,pac,62.750,209.000,993.18,992.00,5.95,1.69,27.24,36.05,0.00,0.00,12.60
868986,pac,61.250,182.750,990.11,989.77,10.32,2.67,38.90,38.90,0.00,0.00,6.91
868986,pac,46.500,208.000,988.39,987.91,13.99,2.94,56.61,56.79,0.00,51707.31,5.79
868986,pac,45.500,231.750,988.93,988.79,17.51,3.91,49.98,55.08,0.00,41248.78,7.38
868992,atl,67.500,-36.250,987.84,986.34,7.93,3.06,38.33,63.01,0.00,41925.98,20.87
868992,atl,67.500,-14.000,950.74,949.88,31.20,8.40,77.79,78.16,79594.74,283907.43,17.18
868992,atl,65.000,-52.750,1002.00,1001.12,5.81,2.89,44.52,47.77,0.00,0.00,10.09
868992,atl,64.250,-24.000,971.28,970.73,12.36,4.17,63.04,77.66,35653.84,356170.98,14.11
868992,atl,62.500,-37.750,987.89,987.13,10.48,3.08,58.03,62.84,0.00,155396.76,13.00
868992,pac,65.500,227.500,999.92,998.66,4.33,1.32,20.00,25.31,0.00,0.00,15.04
868992,pac,64.250,214.500,998.22,997.59,4.30,1.64,38.61,38.61,0.00,0.00,12.49
868992,pac,63.000,234.250,1000.87,1000.06,6.22,2.14,22.57,25.13,0.00,0.00,15.04
868992,pac,61.500,182.000,991.28,990.86,10.16,2.74,35.71,35.99,0.00,0.00,7.05
868992,pac,52.750,160.750,983.38,982.11,11.34,3.40,43.06,43.06,0.00,0.00,9.96
868992,pac,50.250,170.500,987.16,986.74,8.18,1.89,37.42,38.97,0.00,0.00,3.57
868992,pac,48.750,209.000,986.86,986.61,14.30,2.88,37.09,50.95,0.00,7642.34,5.24
868992,pac,46.500,235.250,993.43,992.75,13.12,3.26,51.57,51.57,0.00,5542.33,7.61
868998,atl,68.000,-13.500,939.84,938.38,39.34,10.59,88.06,88.06,159894.81,318181.92,21.76
868998,atl,67.000,-36.000,986.58,985.00,9.34,2.98,42.44,52.07,0.00,2891.57,24.56
868998,atl,63.000,-36.750,987.29,986.56,10.94,2.64,52.07,61.19,0.00,109025.77,14.27
868998,pac,63.000,234.250,1001.86,1001.19,6.13,2.02,18.97,23.31,0.00,0.00,16.82
868998,pac,62.000,181.250,991.31,990.78,9.90,2.86,35.58,37.10,0.00,0.00,7.83
868998,pac,53.500,161.250,979.97,978.24,11.95,3.48,48.59,48.59,0.00,0.00,12.53
868998,pac,51.500,173.750,982.82,982.57,9.39,2.30,40.81,42.67,0.00,0.00,4.49
868998,pac,49.500,238.500,1002.47,1002.07,4.64,0.80,29.51,43.58,0.00,0.00,7.61
868998,pac,48.250,209.750,988.16,987.99,14.70,2.95,48.35,52.43,0.00,8255.82,6.32
869004,atl,68.250,-13.750,943.04,941.92,37.30,9.66,90.68,90.68,171745.03,314682.22,24.97
869004,pac,62.750,234.500,1004.67,1003.92,5.52,1.75,16.68,22.12,0.00,0.00,11.64
869004,pac,62.250,181.000,991.97,991.43,8.85,2.61,33.61,33.80,0.00,0.00,7.76
869004,pac,54.250,163.000,978.94,978.17,11.93,3.24,44.44,44.44,0.00,0.00,11.58
869004,pac,52.500,175.750,977.84,977.50,10.29,2.67,44.79,44.79,0.00,0.00,5.05
869004,pac,48.000,212.250,990.40,990.27,14.44,2.95,55.03,55.24,0.00,56902.01,6.86
869010,atl,68.000,-14.000,948.31,947.22,33.47,8.64,76.88,85.41,125907.82,273810.16,21.99
869010,atl,64.750,-34.750,986.62,986.05,9.37,1.32,51.64,60.25,0.00,55880.81,16.66
869010,pac,62.750,180.500,992.03,991.51,7.06,2.18,30.22,30.22,0.00,0.00,7.05
869010,pac,54.750,163.250,976.80,975.73,13.47,3.95,45.09,47.82,0.00,0.00,10.54
869010,pac,53.000,176.750,972.39,972.21,11.65,2.75,48.47,48.47,0.00,0.00,5.57
869010,pac,48.000,214.500,992.96,992.57,13.71,2.77,46.12,54.18,0.00,42280.29,5.23
869016,atl,67.500,-12.750,955.47,954.53,27.69,7.32,61.10,87.72,73342.21,150212.22,14.98
869016,atl,64.750,-33.000,990.11,989.67,6.15,0.78,36.21,73.08,2116.71,16358.97,17.40
869016,atl,64.500,-36.250,990.02,989.67,9.28,1.72,49.77,51.36,0.00,4438.42,20.68
869016,atl,34.500,-74.000,1002.58,1002.00,7.30,2.04,39.75,40.60,0.00,0.00,4.98
869016,pac,55.250,162.750,979.02,978.11,12.13,3.20,41.04,46.21,0.00,0.00,8.81
869016,pac,53.250,179.500,969.85,969.66,12.01,2.09,47.39,52.94,0.00,21051.67,6.72
869016,pac,52.500,185.750,966.06,965.46,17.42,4.08,52.94,56.98,0.00,86806.35,7.61
869016,pac,48.000,215.750,995.54,995.19,12.83,2.81,46.79,50.39,0.00,1644.05,4.54
869022,atl,67.250,-12.750,960.70,959.87,23.93,6.11,60.40,81.69,56928.06,140015.21,15.20
869022,atl,63.750,-37.500,990.43,990.30,11.33,2.37,37.69,47.16,0.00,0.00,19.82
869022,atl,36.250,-71.000,999.67,998.57,9.60,2.60,55.24,55.24,0.00,3741.10,7.51
869022,pac,54.500,188.000,960.86,960.51,20.39,4.63,60.34,62.80,0.00,131232.90,8.10
869022,pac,54.250,162.000,981.03,980.68,10.29,2.53,46.71,46.80,0.00,0.00,8.64
869022,pac,48.000,217.250,999.20,998.96,10.93,2.47,45.44,46.33,0.00,0.00,3.91
869028,atl,66.500,-12.000,965.00,964.03,20.64,5.35,47.92,80.25,30622.96,70920.38,11.25
869028,atl,40.000,-64.750,1000.38,1000.17,8.75,1.73,40.29,51.16,0.00,1219.97,6.25
869028,atl,37.750,-68.500,999.82,998.76,8.17,2.01,51.16,51.16,0.00,1219.97,6.25
869028,pac,55.500,188.750,959.57,959.22,20.45,4.34,60.44,60.44,0.00,94623.21,7.42
869028,pac,54.500,162.250,982.57,982.22,9.37,2.27,41.57,41.72,0.00,0.00,7.80
869028,pac,48.250,219.500,1002.25,1002.14,7.37,1.91,34.58,42.49,0.00,0.00,3.00
869028,pac,42.500,227.750,1002.21,1001.86,9.18,2.39,43.89,47.18,0.00,0.00,4.31
869034,atl,66.000,-10.750,968.29,967.39,17.10,4.29,46.58,75.49,7812.66,62863.77,9.15
869034,atl,39.000,-66.000,997.96,997.57,8.09,1.84,47.76,47.76,0.00,0.00,4.03
869034,pac,56.750,187.500,956.78,956.26,22.05,5.06,56.38,56.83,0.00,126967.24,7.98
869034,pac,54.250,162.000,983.45,983.03,9.14,2.35,41.98,41.98,0.00,0.00,7.66
869034,pac,44.000,228.500,997.72,997.00,11.76,3.11,40.62,48.99,0.00,0.00,5.38
869040,atl,65.250,-9.000,970.68,969.96,14.30,3.59,41.63,49.47,0.00,0.00,7.62
869040,atl,40.750,-63.250,996.38,996.04,9.86,2.21,43.05,48.88,0.00,0.00,4.72
869040,pac,56.750,186.250,957.73,957.18,20.49,4.40,51.94,60.67,0.00,129907.36,6.29
869040,pac,54.000,162.250,985.64,985.26,8.52,2.20,44.39,44.39,0.00,0.00,6.73
869040,pac,45.250,230.000,990.08,989.55,16.98,4.46,59.25,59.25,0.00,26765.96,8.00
869046,atl,64.250,-7.000,970.80,970.39,12.47,2.96,38.82,45.48,0.00,0.00,8.41
869046,atl,43.750,-60.000,993.20,992.80,11.29,2.43,41.19,43.62,0.00,0.00,5.53
869046,pac,57.000,187.000,958.03,957.57,19.37,4.16,52.89,56.46,0.00,124881.90,5.98
869046,pac,54.000,163.750,987.77,987.70,6.85,1.62,42.97,46.54,0.00,0.00,6.46
869046,pac,49.000,208.750,987.89,987.30,9.14,2.29,43.01,50.21,0.00,546.43,4.31
869046,pac,46.250,232.000,989.30,988.83,18.01,4.82,56.04,56.04,0.00,35918.84,8.86
869052,atl,63.250,-4.500,973.29,973.06,10.04,1.93,40.57,47.27,0.00,0.00,6.91
869052,atl,47.250,-58.250,990.63,990.10,15.05,3.78,47.97,47.97,0.00,0.00,6.56
869052,pac,57.250,187.500,959.04,958.67,18.76,4.12,49.51,53.97,0.00,62430.90,5.81
869052,pac,50.500,213.500,981.96,981.25,12.75,3.36,42.09,42.31,0.00,0.00,4.97
869052,pac,48.250,232.750,991.97,991.49,13.89,3.90,57.45,57.45,0.00,18151.31,8.34
869058,atl,62.500,-1.750,975.16,974.92,9.17,1.66,40.10,51.51,0.00,1489.73,6.41
869058,atl,57.250,7.000,980.11,979.66,6.90,1.80,32.41,42.41,0.00,0.00,6.10
869058,atl,47.750,-57.250,991.42,991.01,12.54,2.93,48.81,49.18,0.00,0.00,8.25
869058,pac,57.750,188.000,961.42,961.08,17.30,3.69,41.30,55.59,0.00,34574.97,5.16
869058,pac,54.750,239.250,1003.12,1002.02,4.89,1.25,27.34,34.87,0.00,0.00,9.76
869058,pac,52.000,215.750,978.84,977.95,13.42,3.66,43.48,43.48,0.00,0.00,5.93
869058,pac,49.500,232.250,996.43,995.73,7.88,2.20,47.91,47.91,0.00,0.00,8.44
869058,pac,39.250,163.000,993.27,992.50,11.37,3.52,55.18,55.18,0.00,21233.25,7.58
869064,atl,61.500,0.750,977.26,977.12,8.57,1.69,42.00,54.40,0.00,2782.54,6.22
869064,atl,57.750,9.000,976.26,975.78,8.48,2.25,28.76,40.80,0.00,0.00,5.33
869064,atl,52.750,-52.000,993.54,993.39,11.01,2.40,52.43,52.43,0.00,7128.12,7.98
869064,atl,47.000,-53.750,991.08,990.82,11.71,2.43,37.58,51.30,0.00,967.39,6.83
869064,pac,58.500,187.000,965.14,964.75,15.90,3.33,37.75,50.36,0.00,2692.50,4.64
869064,pac,53.250,216.500,974.35,973.31,15.16,4.20,50.82,50.82,0.00,1411.30,5.99
869064,pac,42.750,160.250,999.80,998.15,5.97,2.13,50.29,50.29,0.00,574.28,7.72
869064,pac,40.250,167.750,992.57,991.42,12.12,3.85,50.51,52.12,0.00,4180.42,6.88
869070,atl,58.250,9.000,976.11,975.51,9.00,2.44,31.66,40.79,0.00,0.00,4.39
869070,atl,57.500,-48.500,991.50,991.17,12.62,3.07,53.23,53.90,0.00,8279.88,20.26
869070,atl,49.750,-51.250,987.53,987.27,14.04,3.18,48.92,52.83,0.00,7531.97,7.49
869070,atl,32.750,-69.000,1000.65,999.95,8.20,1.80,45.87,45.87,0.00,0.00,4.12
869070,pac,59.000,186.000,967.70,967.30,15.81,3.36,36.07,46.77,0.00,0.00,5.41
869070,pac,54.000,216.500,970.01,969.27,17.79,5.11,51.68,51.68,0.00,7922.22,7.30
869070,pac,43.000,162.500,999.98,998.80,6.52,2.61,50.25,50.25,0.00,576.53,5.83
869070,pac,41.500,173.250,989.24,988.13,14.25,4.25,58.39,58.39,0.00,43203.47,7.12
869076,atl,58.000,8.500,980.14,979.68,9.44,2.34,28.73,52.14,0.00,5109.76,5.18
869076,atl,52.000,-49.750,982.33,981.96,18.79,4.84,55.12,55.12,0.00,42027.78,8.33
869076,atl,35.500,-65.750,992.57,991.64,14.53,3.49,52.00,52.32,0.00,14325.07,5.95
869076,pac,59.500,184.250,969.41,969.04,16.14,3.44,35.02,43.39,0.00,0.00,7.01
869076,pac,54.500,218.000,968.26,967.55,19.17,5.43,58.56,58.56,0.00,48990.94,8.49
869076,pac,49.000,228.500,984.41,983.44,13.19,3.48,49.75,52.74,0.00,4349.70,6.86
869076,pac,43.500,165.000,1004.32,1003.80,4.23,1.71,41.88,41.88,0.00,0.00,3.99
869076,pac,42.500,179.250,985.46,984.36,16.48,4.92,65.30,65.30,5832.13,118580.81,9.07
869082,atl,57.000,7.750,985.23,984.78,9.13,2.18,37.33,56.48,0.00,17224.29,5.11
869082,atl,54.750,-47.500,978.11,977.68,21.61,4.79,58.37,58.37,0.00,159061.87,10.13
869082,atl,37.250,-63.750,985.12,983.97,21.03,5.22,68.97,68.97,3723.91,252423.03,11.87
869082,pac,59.000,182.000,970.30,970.11,15.89,3.45,41.04,42.83,0.00,0.00,7.25
869082,pac,55.250,219.000,969.69,968.93,18.70,5.02,57.26,57.26,0.00,38564.72,12.54
869082,pac,51.750,230.500,977.65,975.29,17.21,5.20,54.85,55.09,0.00,22372.44,11.09
869082,pac,44.750,189.750,981.44,980.28,15.20,4.05,51.45,56.40,0.00,39742.22,7.54
869088,atl,63.750,7.000,996.67,996.54,4.94,1.41,32.25,46.00,0.00,0.00,4.45
869088,atl,56.000,-45.500,978.80,978.40,21.97,5.91,63.60,63.60,0.00,304071.11,14.15
869088,atl,55.250,7.500,989.38,988.95,9.73,2.42,41.77,48.91,0.00,0.00,4.75
869088,atl,38.750,-61.000,980.66,978.69,25.92,7.14,85.26,85.26,47822.01,450448.42,17.95
869088,pac,62.500,208.500,985.34,983.82,5.77,1.79,18.65,23.92,0.00,0.00,14.60
869088,pac,58.250,181.500,972.95,972.72,14.51,3.34,42.23,43.56,0.00,0.00,5.62
869088,pac,56.000,219.750,972.55,971.98,16.86,4.45,49.58,49.58,0.00,0.00,13.44
869088,pac,55.500,231.000,983.47,983.16,8.50,1.69,54.19,55.36,0.00,5169.23,11.66
869088,pac,54.000,233.750,983.38,982.64,11.46,2.96,55.36,55.36,0.00,5665.95,10.09
869088,pac,45.500,194.500,978.85,978.17,16.38,4.24,54.08,54.08,0.00,59007.84,8.26
869094,atl,63.750,7.250,998.99,998.78,4.91,1.35,39.81,42.94,0.00,0.00,4.06
869094,atl,62.000,-46.750,990.71,989.79,11.42,3.71,51.67,54.42,0.00,10313.17,21.25
869094,atl,59.500,-34.750,982.99,982.70,11.73,1.51,37.97,55.84,0.00,12340.15,10.17
869094,atl,53.250,8.750,993.72,993.26,7.80,1.87,39.62,45.77,0.00,0.00,4.90
869094,atl,41.750,-57.500,981.16,979.47,25.09,7.03,71.31,71.31,18292.08,376973.92,14.05
869094,pac,61.750,206.500,986.01,985.18,4.21,1.23,14.89,19.40,0.00,0.00,13.76
869094,pac,57.750,182.250,975.74,975.32,13.28,2.95,42.35,44.13,0.00,0.00,6.16
869094,pac,57.750,230.750,989.01,988.53,5.03,1.65,35.96,41.06,0.00,0.00,11.51
869094,pac,56.750,220.750,977.32,976.84,15.14,4.26,43.01,43.08,0.00,0.00,12.23
869094,pac,55.750,239.750,990.33,990.06,8.67,1.77,47.69,47.69,0.00,0.00,9.98
869094,pac,50.250,172.000,994.84,994.05,5.49,2.23,51.36,51.36,0.00,1960.95,5.63
869094,pac,46.250,200.500,978.69,978.12,15.82,3.53,50.43,63.97,0.00,76188.66,7.49
869100,atl,63.750,-46.250,993.18,992.60,10.83,3.51,48.40,63.03,0.00,19415.18,14.83
869100,atl,63.750,6.750,1000.63,1000.50,5.18,1.34,39.54,39.54,0.00,0.00,4.27
869100,atl,62.250,-37.250,984.78,984.55,13.25,3.11,61.92,63.45,0.00,41532.42,9.09
869100,atl,61.500,-31.500,985.02,984.86,13.00,1.70,41.65,63.45,0.00,55944.56,8.82
869100,atl,47.250,-54.250,981.58,980.84,24.92,5.78,64.42,64.42,1629.72,208528.09,9.97
869100,pac,64.500,227.250,995.92,994.44,4.04,1.81,13.00,21.05,0.00,0.00,11.69
869100,pac,63.000,209.000,988.35,986.47,5.02,1.46,18.53,18.53,0.00,0.00,13.46
869100,pac,59.000,212.500,987.19,986.98,4.41,0.94,20.95,34.59,0.00,0.00,13.46
869100,pac,57.750,221.250,983.25,982.53,12.28,3.86,40.18,40.18,0.00,0.00,14.27
869100,pac,57.500,183.500,978.24,977.68,12.83,3.15,46.50,46.50,0.00,0.00,5.56
869100,pac,51.000,175.750,993.98,993.33,5.91,2.51,55.64,55.64,0.00,13403.74,6.19
869100,pac,46.500,206.250,978.25,977.74,14.55,2.89,39.12,59.76,0.00,58177.72,6.73
869106,atl,63.750,-36.250,980.33,979.50,17.30,4.80,66.28,66.28,3186.19,29154.34,16.64
869106,atl,63.500,6.250,1001.62,1001.49,5.08,1.46,38.26,38.26,0.00,0.00,3.82
869106,atl,63.000,-43.250,992.30,991.57,7.60,1.36,50.38,66.28,2237.09,18507.90,12.66
869106,atl,59.250,-16.750,997.34,997.05,6.04,1.58,42.09,53.78,0.00,1391.29,9.76
869106,atl,50.750,-52.000,978.52,977.60,25.79,6.60,57.55,57.55,0.00,208301.21,10.29
869106,pac,64.750,227.750,995.99,994.71,5.42,2.27,15.19,18.89,0.00,0.00,13.68
869106,pac,63.250,232.500,997.89,997.01,4.20,1.67,14.40,20.46,0.00,0.00,13.68
869106,pac,63.000,209.000,989.77,987.96,4.62,1.36,17.49,22.89,0.00,0.00,13.31
869106,pac,59.750,218.000,989.35,988.97,5.93,1.46,33.95,39.65,0.00,0.00,13.31
869106,pac,59.250,212.750,989.03,988.80,4.65,1.08,22.03,23.51,0.00,0.00,13.31
869106,pac,58.500,221.500,988.99,988.02,8.25,2.67,39.65,39.65,0.00,0.00,13.31
869106,pac,57.750,185.500,979.49,978.98,12.31,3.22,49.86,49.86,0.00,0.00,5.64
869106,pac,51.750,180.250,992.72,992.34,5.92,2.59,59.15,59.15,0.00,31091.04,6.53
869106,pac,46.750,210.750,977.74,977.35,14.07,2.86,39.00,58.10,0.00,27963.98,6.09
869112,atl,65.250,-33.000,975.75,974.80,17.92,4.91,69.01,69.01,3771.74,51744.13,13.63
869112,atl,61.250,-42.250,986.52,986.06,7.66,2.41,39.43,54.55,0.00,2316.61,10.45
869112,atl,55.500,-43.500,986.47,985.48,12.37,3.28,50.08,56.70,0.00,70082.84,7.12
869112,atl,55.500,-9.250,1001.00,1000.79,6.31,1.42,32.23,32.23,0.00,0.00,4.03
869112,atl,52.000,-49.750,986.06,984.75,18.56,5.42,61.26,61.26,0.00,178021.43,10.48
869112,pac,64.750,227.750,997.60,996.11,4.76,1.75,17.19,19.89,0.00,0.00,12.96
869112,pac,63.250,233.250,998.94,998.17,4.39,1.43,15.55,19.89,0.00,0.00,12.96
869112,pac,58.000,187.750,981.95,981.47,11.31,3.14,47.60,47.60,0.00,0.00,5.00
869112,pac,49.000,175.750,997.84,997.24,5.31,2.05,38.82,39.03,0.00,0.00,4.18
869112,pac,47.250,219.500,975.60,975.01,12.33,2.62,44.24,49.98,0.00,0.00,4.23
869112,pac,39.750,169.250,1002.80,1002.49,5.15,1.39,35.30,38.28,0.00,0.00,3.89
869118,atl,66.750,-30.750,967.51,965.59,20.20,5.89,58.63,58.63,0.00,37871.00,15.13
869118,atl,62.000,-40.250,977.52,977.19,10.80,2.34,34.80,48.86,0.00,0.00,12.53
869118,atl,53.500,-46.000,990.71,989.99,10.77,3.22,60.29,60.29,0.00,70160.86,5.89
869118,atl,50.250,-3.250,1000.77,1000.59,7.64,1.46,24.42,33.14,0.00,0.00,3.58
869118,pac,65.000,227.500,997.84,996.13,4.70,1.53,16.30,17.37,0.00,0.00,12.30
869118,pac,63.000,234.000,998.34,997.69,4.88,1.46,16.20,17.77,0.00,0.00,12.30
869118,pac,58.750,190.000,982.72,982.25,12.12,3.47,42.83,44.04,0.00,0.00,4.86
869118,pac,51.000,179.250,994.23,993.07,6.30,2.54,43.33,43.33,0.00,0.00,4.59
869118,pac,48.250,222.000,974.34,973.74,12.97,2.76,45.69,45.69,0.00,0.00,4.78
869118,pac,41.750,173.000,996.81,996.59,6.58,1.57,36.60,41.06,0.00,0.00,3.09
869118,pac,37.250,179.750,997.96,997.70,6.98,1.61,45.45,47.96,0.00,0.00,3.74
869118,pac,36.500,175.750,998.34,997.85,5.88,1.39,47.96,50.13,0.00,633.02,3.40
869124,atl,67.500,-29.750,968.85,967.51,14.70,4.36,46.35,50.08,0.00,251.59,18.76
869124,atl,63.250,-28.750,973.96,973.41,8.85,2.27,51.52,51.52,0.00,11626.87,7.06
869124,atl,62.750,-38.750,971.94,971.68,13.56,2.96,46.14,53.74,0.00,19973.46,14.45
869124,atl,48.000,-2.500,1003.14,1002.95,7.25,1.20,25.86,35.02,0.00,0.00,3.40
869124,pac,62.750,234.250,997.99,997.44,4.01,1.28,14.65,18.40,0.00,0.00,10.61
869124,pac,59.500,190.750,985.14,984.44,11.90,3.23,39.41,42.16,0.00,0.00,4.99
869124,pac,56.750,178.750,993.47,993.25,5.36,1.53,33.85,41.06,0.00,0.00,3.46
869124,pac,51.000,226.500,975.58,974.87,12.56,2.89,42.60,42.60,0.00,0.00,8.93
869124,pac,47.750,222.250,976.19,975.81,12.86,2.83,42.00,43.73,0.00,0.00,5.08
869124,pac,43.250,174.750,984.53,983.68,14.34,4.09,47.63,47.95,0.00,0.00,7.72
869124,pac,39.750,181.500,985.70,985.05,11.72,2.74,58.12,62.75,0.00,58070.39,6.14
869130,atl,67.250,-29.750,971.11,970.29,9.77,1.94,39.24,42.81,0.00,0.00,19.01
869130,atl,66.250,-21.750,971.78,971.40,9.97,2.43,48.01,48.01,0.00,0.00,14.91
869130,atl,63.750,-36.000,968.33,968.12,14.23,2.86,58.00,58.00,0.00,17979.10,19.01
869130,pac,59.500,192.000,986.57,986.11,11.31,3.02,35.99,39.59,0.00,0.00,5.08
869130,pac,56.000,178.750,995.37,995.14,5.03,1.58,31.18,31.18,0.00,0.00,2.90
869130,pac,52.000,227.000,979.38,979.02,10.77,2.61,36.54,41.15,0.00,0.00,7.33
869130,pac,46.750,224.000,980.69,980.46,12.86,2.93,44.35,45.76,0.00,0.00,5.95
869130,pac,43.250,177.250,978.58,977.64,15.71,4.32,71.08,71.08,11261.50,187715.63,12.75
869130,pac,42.250,183.750,971.57,970.53,19.65,5.11,72.61,73.86,19789.75,164130.90,6.92
869136,atl,68.000,-17.500,972.73,972.18,8.22,1.84,44.23,49.62,0.00,0.00,11.58
869136,atl,64.250,-34.750,964.07,963.68,16.47,3.11,57.97,65.15,998.06,29364.32,20.39
869136,pac,59.250,194.000,989.81,989.50,9.40,2.58,35.43,35.43,0.00,0.00,3.99
869136,pac,52.750,227.250,982.71,982.17,9.43,2.65,38.03,38.03,0.00,0.00,6.66
869136,pac,46.750,227.250,985.41,985.25,11.30,2.37,49.61,49.61,0.00,0.00,5.07
869136,pac,43.750,184.250,962.24,961.15,25.37,5.64,67.66,88.25,74944.25,387985.54,10.53
869142,atl,64.500,-33.000,959.74,959.46,17.09,2.91,49.66,64.58,998.06,43835.10,22.34
869142,pac,60.000,214.000,991.16,990.98,6.01,1.65,30.25,30.25,0.00,0.00,10.33
869142,pac,59.750,218.250,990.90,990.49,5.49,1.60,19.97,30.25,0.00,0.00,10.33
869142,pac,59.250,196.500,990.92,990.61,8.23,2.23,30.09,30.09,0.00,0.00,3.57
869142,pac,53.750,227.750,985.99,985.64,8.44,2.29,38.71,38.71,0.00,0.00,7.45
869142,pac,44.000,184.500,957.95,957.34,28.43,6.10,69.48,82.85,122987.87,460628.27,9.12
869148,atl,66.500,-15.000,964.11,963.92,8.95,2.05,40.82,47.77,0.00,0.00,6.90
869148,atl,65.000,-31.500,958.57,958.35,16.89,2.88,50.00,72.71,10120.85,38411.42,21.64
869148,atl,39.000,-68.750,1001.47,1001.33,18.81,4.97,57.61,57.61,0.00,89925.34,9.62
869148,pac,59.750,213.500,991.09,990.82,6.58,1.79,30.27,30.27,0.00,0.00,12.00
869148,pac,59.250,198.750,991.86,991.57,7.25,2.09,28.12,28.12,0.00,0.00,3.69
869148,pac,54.750,227.750,988.71,988.27,7.91,1.99,32.57,35.20,0.00,0.00,6.21
869148,pac,42.750,187.250,962.62,962.19,22.36,4.48,65.54,73.32,89576.82,394796.81,6.98
869154,atl,68.500,-12.500,957.38,956.92,13.57,3.09,42.17,46.94,0.00,0.00,10.93
869154,atl,63.750,-30.750,956.95,956.69,16.01,3.30,53.59,75.73,7001.82,97271.57,20.58
869154,atl,39.750,-68.250,996.83,996.04,19.62,5.27,55.70,55.70,0.00,55901.52,9.39
869154,atl,31.250,-4.750,1003.81,1002.84,9.10,3.01,31.99,32.05,0.00,0.00,15.56
869154,pac,60.000,213.500,990.88,990.57,7.02,1.94,27.67,27.67,0.00,0.00,13.60
869154,pac,59.000,200.500,992.19,991.87,6.29,1.88,28.78,28.78,0.00,0.00,4.06
869154,pac,55.250,228.250,992.15,991.63,6.84,1.65,27.27,29.07,0.00,0.00,6.03
869154,pac,42.500,190.000,963.89,963.46,21.53,4.89,64.39,71.06,75737.78,225108.09,6.25
869160,atl,64.500,-28.000,955.84,955.58,14.31,3.28,43.94,53.91,0.00,11172.96,9.19
869160,atl,40.750,-67.000,993.40,992.79,19.85,4.84,57.79,57.79,0.00,87908.73,8.85
869160,pac,60.500,213.000,992.67,992.20,6.18,1.66,26.24,26.24,0.00,0.00,10.81
869160,pac,59.250,201.750,993.66,993.41,5.78,1.60,29.06,30.10,0.00,0.00,6.55
869160,pac,58.000,231.750,995.91,995.35,4.90,1.34,22.49,25.22,0.00,0.00,9.02
869160,pac,57.000,237.000,996.51,995.53,4.32,0.98,18.62,25.22,0.00,0.00,9.02
869160,pac,56.000,207.500,994.06,993.73,4.26,1.44,27.16,27.76,0.00,0.00,4.73
869160,pac,42.250,192.750,969.03,968.42,19.59,4.34,62.74,67.22,5474.31,245936.11,7.01
869166,atl,64.750,-26.750,953.89,953.53,12.87,3.19,41.93,46.66,0.00,0.00,8.11
869166,atl,42.500,-65.750,991.17,990.78,20.08,4.86,54.57,54.57,0.00,46089.76,7.56
869166,pac,63.000,209.250,996.79,995.65,4.12,1.02,20.93,22.70,0.00,0.00,9.21
869166,pac,59.250,202.500,995.62,995.36,5.14,1.38,29.52,29.52,0.00,0.00,5.44
869166,pac,58.250,232.000,999.97,999.37,4.77,1.68,21.46,22.42,0.00,0.00,10.43
869166,pac,57.000,209.500,993.70,993.41,5.87,1.88,29.39,29.39,0.00,0.00,4.14
869166,pac,57.000,237.500,999.75,999.25,5.39,1.27,21.46,22.41,0.00,0.00,10.43
869166,pac,47.250,205.500,983.40,983.19,7.08,1.48,44.17,46.15,0.00,0.00,4.05
869166,pac,41.500,195.750,973.71,973.42,17.92,3.86,69.31,70.19,27071.31,238064.31,6.68
869166,pac,38.500,161.000,993.94,993.20,16.42,3.88,57.47,57.47,0.00,90641.41,7.00
869172,atl,64.750,-27.250,955.15,954.91,12.46,3.00,44.68,46.82,0.00,0.00,7.75
869172,atl,44.000,-65.250,993.91,993.52,15.74,3.85,43.12,43.12,0.00,0.00,6.87
869172,atl,37.000,-66.250,1004.64,1004.40,4.97,1.19,47.89,48.12,0.00,0.00,2.68
869172,pac,64.250,214.000,1001.43,1000.40,4.95,1.70,26.26,28.74,0.00,0.00,10.94
869172,pac,59.250,202.000,999.44,999.19,4.75,1.39,31.60,31.60,0.00,0.00,6.19
869172,pac,58.250,210.250,995.51,995.28,7.22,2.38,33.71,33.71,0.00,0.00,6.01
869172,pac,57.000,237.750,1003.69,1003.14,5.53,1.67,28.75,28.75,0.00,0.00,8.95
869172,pac,48.500,209.250,981.41,981.16,10.18,2.21,40.84,44.65,0.00,0.00,4.24
869172,pac,41.250,200.250,980.56,980.40,13.96,2.60,61.62,62.85,0.00,187544.80,5.58
869172,pac,38.500,164.000,999.59,999.14,12.45,2.90,52.78,52.78,0.00,10059.17,5.32
869178,atl,64.500,-27.000,956.65,956.51,12.73,3.19,40.80,42.06,0.00,0.00,6.05
869178,atl,45.500,-64.250,995.67,995.27,11.10,2.56,41.33,41.33,0.00,0.00,6.54
869178,atl,38.750,-63.250,997.35,996.83,8.48,2.42,49.65,49.95,0.00,0.00,4.38
869178,pac,59.250,210.250,996.97,996.32,7.76,2.51,38.33,38.33,0.00,0.00,10.15
869178,pac,49.000,209.250,980.88,980.63,10.79,2.49,40.18,44.55,0.00,0.00,4.27
869178,pac,48.000,218.000,981.92,981.68,9.83,1.59,48.95,52.76,0.00,11033.40,6.83
869178,pac,41.250,205.000,982.95,982.76,11.94,2.35,55.78,63.52,0.00,109064.99,4.77
869178,pac,38.500,167.000,1002.63,1002.36,9.87,2.20,46.45,46.78,0.00,0.00,5.04
869184,atl,63.750,-27.000,960.44,960.24,13.73,3.65,45.64,45.64,0.00,0.00,5.68
869184,atl,41.000,-60.750,991.31,990.84,10.99,2.85,50.20,50.27,0.00,4258.29,7.00
869184,pac,61.750,210.250,1001.76,1001.26,6.83,2.05,31.88,31.88,0.00,0.00,13.27
869184,pac,49.750,219.750,977.01,976.61,13.85,2.83,53.55,54.04,0.00,68837.74,5.89
869184,pac,48.750,209.250,980.31,980.10,11.34,2.48,48.42,48.42,0.00,0.00,5.30
869190,atl,63.250,-25.250,964.39,964.16,12.59,3.05,45.88,47.01,0.00,0.00,5.86
869190,atl,43.750,-59.500,984.97,984.49,13.87,3.33,44.35,44.84,0.00,0.00,6.39
869190,pac,51.000,223.500,975.04,974.58,17.07,3.54,57.59,74.14,3882.67,126914.90,9.80
869190,pac,48.000,210.250,980.90,980.73,10.38,2.17,51.47,51.47,0.00,8308.02,5.53
869196,atl,63.000,-23.250,969.02,968.62,10.56,2.42,39.41,56.85,0.00,8392.76,5.96
869196,atl,45.500,-57.750,977.25,976.68,19.35,4.54,47.24,47.24,0.00,0.00,7.24
869196,pac,52.750,223.250,974.93,974.39,17.09,3.90,58.84,59.39,0.00,60156.69,10.11
869196,pac,46.250,218.000,982.16,981.86,5.24,1.03,34.02,45.59,0.00,0.00,3.90
869202,atl,63.250,-24.250,971.77,971.42,10.33,2.03,34.99,48.49,0.00,0.00,5.07
869202,atl,50.500,-29.750,1003.81,1003.36,4.58,1.45,44.69,46.45,0.00,0.00,4.35
869202,atl,46.000,-57.750,972.24,971.04,22.75,6.06,52.32,52.32,0.00,13492.33,9.16
869202,atl,31.250,4.500,1004.91,1004.65,4.97,0.99,24.59,26.67,0.00,0.00,4.90
869202,pac,53.750,221.250,975.00,974.38,15.98,3.87,51.73,51.73,0.00,7401.84,8.66
869208,atl,62.750,-23.750,976.10,975.90,9.04,1.55,35.15,46.10,0.00,0.00,5.05
869208,atl,45.750,-55.250,975.12,974.29,20.61,5.16,55.09,55.09,0.00,34310.22,8.21
869208,pac,54.500,220.000,978.17,977.83,13.51,3.25,48.20,49.39,0.00,0.00,12.59
869214,atl,62.750,-17.250,979.20,978.94,5.55,0.92,24.66,44.62,0.00,0.00,4.71
869214,atl,62.250,-10.000,978.41,978.31,6.87,1.15,35.39,48.09,0.00,0.00,4.71
869214,atl,47.000,-51.750,978.15,977.54,16.90,3.95,45.89,51.10,0.00,3474.48,6.82
869214,pac,55.750,218.750,981.11,980.78,12.61,3.11,49.76,49.76,0.00,0.00,14.53
869214,pac,52.750,218.750,981.47,981.31,9.01,1.66,40.75,41.71,0.00,0.00,6.07
869220,atl,62.500,-8.500,980.52,980.43,7.24,1.32,28.98,41.20,0.00,0.00,5.39
869220,atl,62.250,-24.250,985.56,985.38,6.17,1.28,31.38,39.15,0.00,0.00,5.39
869220,atl,53.250,-34.750,992.05,991.50,5.54,1.51,35.22,50.49,0.00,964.75,4.05
869220,atl,48.000,-49.250,982.68,982.21,14.54,3.28,45.48,47.18,0.00,0.00,6.05
869220,pac,57.000,217.000,983.35,982.85,12.54,3.03,40.44,40.44,0.00,0.00,13.55
869220,pac,54.000,223.000,985.17,984.95,8.18,1.18,38.62,40.17,0.00,0.00,18.65
869226,atl,68.250,-48.250,1002.52,1002.30,7.41,1.99,34.38,37.26,0.00,0.00,13.27
869226,atl,62.250,-23.000,988.86,988.66,4.90,1.10,28.13,42.19,0.00,0.00,4.52
869226,atl,62.000,-0.500,982.38,982.29,7.21,1.08,34.15,41.60,0.00,0.00,7.38
869226,atl,54.250,-28.500,993.60,993.16,4.78,1.35,37.04,45.24,0.00,0.00,3.97
869226,atl,50.500,-46.000,985.41,985.30,13.14,2.87,47.29,47.29,0.00,0.00,6.04
869226,atl,38.250,-77.750,997.54,997.46,4.96,0.85,33.11,46.24,0.00,0.00,5.48
869226,pac,58.000,215.000,984.42,983.67,14.70,3.32,39.22,48.09,0.00,0.00,16.13
869232,atl,66.750,-46.750,1004.58,1004.24,4.86,1.73,37.47,42.45,0.00,0.00,15.16
869232,atl,62.750,5.750,982.58,982.32,8.36,1.53,30.13,37.82,0.00,0.00,7.47
869232,atl,62.250,2.000,982.86,982.70,6.91,1.22,33.55,40.14,0.00,0.00,6.89
869232,atl,59.500,9.500,983.38,983.23,12.44,3.13,45.12,49.14,0.00,0.00,6.89
869232,atl,55.000,-17.000,996.45,996.04,4.86,1.27,45.17,45.17,0.00,0.00,4.44
869232,atl,52.500,-41.750,986.05,985.63,12.91,3.06,50.01,50.01,0.00,975.25,6.20
869232,atl,38.000,-74.750,993.87,993.64,8.10,1.70,50.09,50.09,0.00,1254.21,4.00
869232,pac,59.000,213.000,986.93,986.21,16.46,3.82,47.72,47.72,0.00,0.00,28.12
869238,atl,63.500,5.750,982.00,981.67,8.11,1.74,31.21,32.67,0.00,0.00,8.76
869238,atl,54.500,-38.250,982.99,982.55,14.73,3.39,51.49,51.95,0.00,6649.92,7.44
869238,atl,54.500,-4.500,996.25,995.63,5.87,1.70,41.44,42.89,0.00,0.00,5.42
869238,atl,41.000,-72.500,987.17,986.80,11.99,2.91,48.73,60.49,0.00,12275.74,8.18
869238,pac,59.000,211.500,990.58,989.70,15.73,3.48,50.15,59.51,0.00,8371.91,30.59
869244,atl,63.250,6.250,984.62,984.29,7.40,1.65,29.29,30.15,0.00,0.00,7.51
869244,atl,56.250,-34.750,982.11,981.58,16.05,3.68,49.39,49.39,0.00,0.00,7.23
869244,atl,53.750,6.000,997.30,996.77,7.04,1.85,48.61,48.61,0.00,0.00,7.33
869244,atl,43.000,-72.000,984.74,984.14,12.09,2.83,49.96,53.53,0.00,536.81,6.16
869244,pac,59.000,210.000,995.87,995.17,14.63,3.48,47.89,58.09,0.00,6301.83,29.92
869244,pac,53.750,211.000,1000.48,1000.36,7.17,1.61,37.58,47.98,0.00,0.00,4.76
869244,pac,53.000,160.500,977.48,977.05,10.48,2.36,46.72,50.36,0.00,2022.79,6.76
869244,pac,51.000,228.750,1004.06,1003.92,8.10,1.87,42.88,42.88,0.00,0.00,5.11
869250,atl,63.500,7.750,987.47,987.29,6.11,1.32,24.95,31.98,0.00,0.00,7.86
869250,atl,57.000,-31.500,980.98,980.60,16.39,3.45,57.87,60.14,0.00,55946.88,8.51
869250,atl,56.000,-65.250,1002.21,1002.03,5.82,1.52,21.97,28.19,0.00,0.00,3.74
869250,atl,45.750,-72.000,984.63,984.02,11.91,2.49,36.18,43.41,0.00,0.00,6.13
869250,pac,59.000,209.500,1002.21,1001.51,11.25,2.62,43.09,54.00,0.00,2516.79,28.33
869250,pac,54.250,162.000,981.27,980.84,10.15,2.51,45.16,47.73,0.00,0.00,7.97
869250,pac,53.750,211.500,1003.24,1003.17,7.18,1.44,31.29,42.13,0.00,0.00,3.57
869256,atl,68.000,-0.500,995.17,995.07,4.78,1.07,26.15,31.53,0.00,0.00,3.10
869256,atl,58.500,-21.750,979.99,979.23,14.48,3.16,47.26,51.42,0.00,1805.96,7.12
869256,atl,47.500,-72.250,985.84,985.31,12.59,2.30,30.05,42.66,0.00,0.00,7.04
869256,pac,55.250,162.500,985.60,985.36,9.38,2.37,39.82,42.04,0.00,0.00,6.14
869262,atl,68.000,-1.000,996.12,996.00,4.94,1.17,24.29,31.87,0.00,0.00,3.15
869262,atl,58.750,-21.500,975.34,974.74,18.38,4.21,54.79,54.79,0.00,24905.92,8.96
869262,atl,47.500,-73.750,986.79,986.51,11.79,2.35,27.22,28.96,0.00,0.00,5.15
869262,pac,56.000,163.000,988.06,987.82,9.32,2.40,39.59,40.84,0.00,0.00,7.69
869262,pac,38.500,222.500,998.15,996.39,17.00,5.02,59.95,59.95,0.00,70117.73,10.99
869268,atl,68.000,-2.000,997.47,997.36,4.60,1.12,32.45,32.45,0.00,0.00,3.23
869268,atl,58.750,-16.750,975.07,974.79,17.13,3.17,54.18,63.51,0.00,91005.38,7.96
869268,atl,51.000,-73.250,987.92,987.63,14.20,2.88,28.03,39.57,0.00,0.00,6.69
869268,pac,61.000,176.000,1002.32,1001.92,9.32,2.11,42.41,43.73,0.00,0.00,6.86
869268,pac,56.750,163.500,991.06,990.78,10.25,2.62,39.97,39.97,0.00,0.00,8.72
869268,pac,42.000,160.000,997.33,996.38,11.35,3.51,50.58,50.58,0.00,576.53,5.88
869268,pac,41.500,225.250,983.44,979.81,27.79,8.35,67.21,67.21,4039.97,192462.40,18.73
869274,atl,57.000,-11.250,973.30,973.09,13.68,1.99,36.44,65.39,1389.80,96791.90,7.93
869274,atl,52.750,-73.250,988.48,988.19,15.50,3.46,38.89,38.89,0.00,0.00,7.88
869274,pac,57.500,163.500,992.60,992.23,10.12,2.63,38.82,39.55,0.00,0.00,12.11
869274,pac,44.000,162.500,991.87,991.08,13.37,4.01,47.76,47.76,0.00,0.00,5.59
869274,pac,43.000,227.250,970.25,967.36,37.15,11.81,77.19,77.19,34770.74,316805.24,19.31
869280,atl,58.250,-1.250,975.83,975.40,10.01,2.20,51.50,52.84,0.00,7379.59,11.30
869280,atl,56.750,-9.250,973.43,973.34,12.58,1.79,34.98,55.39,0.00,67396.73,6.48
869280,atl,54.250,-72.750,992.37,991.89,14.45,3.45,33.24,37.63,0.00,0.00,6.78
869280,pac,58.250,164.000,997.40,997.00,8.33,2.29,33.68,34.29,0.00,0.00,8.25
869280,pac,46.000,164.250,988.37,987.81,14.78,4.10,47.13,59.00,0.00,17215.54,5.96
869280,pac,44.500,230.500,966.07,964.08,35.95,10.78,74.74,74.74,79069.93,321307.88,13.95
869286,atl,58.250,-2.000,972.98,972.55,11.09,2.34,49.54,56.17,0.00,1995.79,12.24
869286,atl,55.750,-7.500,973.81,973.69,11.13,1.40,38.84,61.90,0.00,66243.89,7.29
869286,atl,55.500,-71.500,995.25,994.48,11.72,2.57,30.50,33.80,0.00,0.00,5.57
869286,pac,59.250,164.500,1002.04,1001.85,5.67,1.51,28.74,29.15,0.00,0.00,13.25
869286,pac,48.500,165.500,983.81,983.44,16.79,4.10,50.97,52.06,0.00,20575.60,6.39
869286,pac,46.750,233.000,967.94,966.31,32.78,9.87,68.52,68.54,40066.04,262782.02,13.06
869292,atl,58.750,2.250,975.84,975.29,10.87,2.43,42.29,43.56,0.00,0.00,12.00
869292,atl,58.500,-66.500,997.43,997.10,9.97,1.72,36.88,50.91,0.00,1091.35,14.70
869292,atl,54.500,-3.000,974.44,974.28,10.45,1.83,45.43,45.43,0.00,0.00,5.47
869292,pac,51.250,163.750,979.88,979.27,19.42,4.57,52.74,56.26,0.00,60839.14,7.49
869292,pac,48.250,234.250,975.27,973.23,25.19,7.72,64.63,64.63,1066.32,159629.72,11.45
869292,pac,35.750,172.000,1003.33,1002.26,7.02,2.29,39.65,39.65,0.00,0.00,4.88
869298,atl,60.500,-66.250,997.33,996.98,11.31,2.61,54.61,54.61,0.00,2170.76,12.14
869298,atl,55.000,-0.750,974.85,974.40,10.76,2.22,35.68,49.73,0.00,0.00,5.31
869298,atl,43.000,2.750,999.97,999.10,4.15,1.65,38.68,43.50,0.00,0.00,14.08
869298,atl,37.000,-79.750,995.94,995.30,10.91,2.50,56.80,56.80,0.00,13814.30,8.60
869298,pac,52.500,161.250,972.61,971.77,23.32,6.73,56.90,56.90,0.00,37350.06,12.61
869298,pac,51.500,232.000,990.02,989.70,12.79,2.22,37.24,53.07,0.00,2552.63,10.07
869298,pac,49.500,235.750,989.15,988.17,13.55,3.35,53.07,56.65,0.00,5712.16,11.82
869298,pac,41.750,175.000,1003.07,1002.73,5.11,1.58,36.61,46.84,0.00,0.00,11.18
869298,pac,37.250,174.500,997.56,995.35,10.64,3.61,48.90,48.90,0.00,0.00,11.18
869304,atl,62.250,-63.000,1000.49,1000.09,9.32,1.95,43.65,46.60,0.00,0.00,13.92
869304,atl,55.000,-0.250,977.85,977.38,10.06,2.07,35.21,42.22,0.00,0.00,4.53
869304,atl,38.750,-77.500,991.11,990.59,14.74,3.34,50.81,56.20,0.00,25713.60,9.05
869304,pac,52.750,160.750,971.56,969.52,23.86,7.22,58.35,58.35,0.00,57332.68,12.94
869304,pac,52.000,236.500,995.03,994.60,10.37,2.29,45.57,48.33,0.00,0.00,9.86
869304,pac,43.250,176.250,1003.21,1002.65,6.05,1.65,34.41,39.29,0.00,0.00,9.34
869304,pac,38.250,176.750,997.89,995.67,10.80,3.51,59.69,59.69,0.00,3661.96,10.42
869310,atl,62.500,-62.500,1002.28,1001.91,8.08,1.86,43.71,46.03,0.00,0.00,15.11
869310,atl,54.750,0.500,979.56,979.30,9.78,2.07,33.13,45.88,0.00,0.00,6.46
869310,atl,43.250,6.250,994.76,993.89,5.65,1.89,39.23,51.56,0.00,531.94,11.50
869310,atl,40.500,-76.750,985.39,984.94,19.82,4.63,54.74,55.16,0.00,53262.58,10.55
869310,pac,53.500,160.500,974.21,972.00,19.24,6.05,50.90,50.90,0.00,5671.83,12.29
869310,pac,52.750,230.750,1001.45,1001.26,8.65,1.61,42.56,43.32,0.00,0.00,6.08
869310,pac,52.000,237.250,1000.77,1000.44,9.02,2.32,25.11,31.83,0.00,0.00,9.28
869310,pac,45.000,177.250,1002.14,1001.52,6.07,1.73,38.79,41.52,0.00,0.00,6.20
869310,pac,39.750,179.500,995.40,994.53,12.11,3.71,56.91,56.91,0.00,5992.69,7.43
869316,atl,64.250,-56.500,1004.28,1004.20,8.08,1.65,43.29,43.75,0.00,0.00,14.63
869316,atl,54.750,0.750,983.05,982.87,8.54,1.88,41.46,41.46,0.00,0.00,5.19
869316,atl,44.750,7.750,992.65,991.96,4.64,1.74,51.78,52.19,0.00,3216.98,15.96
869316,atl,43.500,-75.250,983.55,982.42,21.44,4.55,47.65,57.13,0.00,23769.39,10.15
869316,pac,48.250,162.250,979.35,978.60,18.13,6.10,69.16,69.16,10542.94,120142.12,11.49
869316,pac,42.250,181.000,992.23,991.45,14.47,4.00,48.91,48.91,0.00,0.00,5.99
869316,pac,33.250,184.750,1003.99,1003.11,4.77,1.53,42.42,42.42,0.00,0.00,4.04
869322,atl,54.500,1.750,985.88,985.67,7.10,1.58,42.12,42.12,0.00,0.00,4.59
869322,atl,50.250,1.500,987.31,987.13,6.05,1.08,30.39,41.22,0.00,0.00,3.63
869322,atl,45.250,-74.250,985.54,984.94,19.60,4.37,52.80,52.80,0.00,2802.74,8.21
869322,atl,44.750,8.000,991.06,990.57,5.70,2.19,38.95,47.13,0.00,0.00,13.92
869322,pac,49.500,163.000,977.35,976.38,20.01,6.38,61.57,61.57,0.00,55705.03,10.60
869322,pac,44.750,181.750,990.73,990.04,15.70,4.19,49.12,49.12,0.00,0.00,6.60
869322,pac,35.000,187.250,1003.90,1003.17,5.62,1.63,38.73,38.73,0.00,0.00,3.40
869328,atl,54.750,1.750,987.78,987.65,6.89,1.63,39.24,39.24,0.00,0.00,4.56
869328,atl,51.000,3.250,988.42,988.28,5.41,1.01,20.10,36.53,0.00,0.00,4.35
869328,atl,49.750,-71.500,991.08,990.25,17.36,4.10,35.37,43.28,0.00,0.00,9.61
869328,atl,44.250,8.500,992.61,992.05,5.41,1.99,46.57,46.57,0.00,0.00,11.28
869328,pac,50.250,163.000,978.34,977.47,19.17,5.88,54.28,54.28,0.00,10641.47,8.26
869328,pac,47.500,181.500,990.28,989.66,14.22,3.83,51.19,52.02,0.00,12324.20,5.90
869334,atl,54.000,1.500,988.41,988.33,6.88,1.56,38.10,38.10,0.00,0.00,4.52
869334,atl,53.250,-70.250,991.29,990.81,19.01,4.75,34.21,37.67,0.00,0.00,13.21
869334,atl,51.500,4.250,988.62,988.52,5.04,0.96,23.65,36.83,0.00,0.00,4.52
869334,pac,50.750,179.500,989.85,989.44,11.22,2.52,54.10,54.10,0.00,8598.21,5.67
869334,pac,50.500,162.500,980.76,980.01,17.14,5.20,49.76,49.76,0.00,0.00,6.36
869340,atl,54.750,-68.500,991.63,990.57,17.51,4.26,39.04,39.04,0.00,0.00,13.47
869340,atl,52.250,5.250,990.27,990.17,4.44,0.81,25.69,35.13,0.00,0.00,3.91
869340,atl,44.500,8.000,993.97,993.16,5.22,1.96,38.91,42.74,0.00,0.00,11.71
869340,pac,53.500,175.000,988.95,988.76,9.01,1.58,53.16,54.67,0.00,42112.04,5.15
869340,pac,50.000,163.750,984.16,983.55,14.48,4.11,47.50,47.50,0.00,0.00,5.45
869340,pac,48.500,189.000,999.89,999.46,7.98,2.10,47.85,51.14,0.00,946.21,4.98
869346,atl,56.500,-66.250,990.61,990.26,16.09,3.72,41.59,43.33,0.00,0.00,10.30
869346,atl,45.000,8.250,995.57,994.93,4.75,1.71,38.67,38.67,0.00,0.00,14.91
869346,pac,54.500,174.250,987.85,987.67,10.07,1.87,51.79,52.03,0.00,11175.99,5.35
869346,pac,49.250,166.000,986.58,986.23,11.93,3.42,50.98,50.98,0.00,5772.57,5.24
869352,atl,61.500,-64.250,992.46,992.23,16.02,3.07,47.74,47.74,0.00,0.00,10.98
869352,atl,44.250,8.750,997.46,997.02,5.51,1.94,39.94,39.94,0.00,0.00,12.48
869352,pac,55.500,172.750,988.29,988.11,10.27,1.90,49.49,52.04,0.00,7860.37,5.60
869352,pac,49.000,168.750,989.90,989.65,8.83,2.57,46.49,47.50,0.00,0.00,4.58
869358,atl,63.500,-62.500,993.98,993.48,12.89,2.64,46.61,48.41,0.00,0.00,18.30
869358,atl,58.500,-61.250,994.43,994.25,11.88,2.78,33.85,40.76,0.00,0.00,11.41
869358,atl,44.000,8.250,998.89,998.13,5.73,2.02,35.85,35.85,0.00,0.00,10.28
869358,pac,56.000,167.750,988.23,988.09,9.21,1.50,42.56,56.34,0.00,5435.60,8.11
869358,pac,49.250,171.000,992.03,991.83,5.70,1.73,39.91,39.99,0.00,0.00,3.64
869364,atl,68.500,-58.750,1002.41,1001.92,7.81,2.23,44.80,44.80,0.00,0.00,18.54
869364,atl,66.750,-66.500,1000.95,999.67,7.97,2.16,38.72,43.73,0.00,0.00,18.54
869364,atl,59.250,-60.250,995.15,994.89,12.02,2.67,39.19,40.94,0.00,0.00,9.80
869364,atl,44.250,7.750,999.93,998.78,6.01,2.08,41.60,41.60,0.00,0.00,8.29
869364,pac,55.500,165.000,989.21,989.07,6.96,1.35,26.33,51.21,0.00,3126.05,6.18
869364,pac,55.250,176.500,994.74,994.49,6.09,1.42,36.21,46.36,0.00,0.00,4.33
869370,atl,60.750,-60.750,993.54,993.12,13.99,2.79,41.54,45.01,0.00,0.00,14.06
869370,atl,44.250,8.250,1000.62,999.80,5.70,2.08,39.80,39.80,0.00,0.00,12.87
869370,atl,43.750,-36.250,1004.74,1004.61,5.16,0.97,33.41,34.02,0.00,0.00,2.56
869370,pac,54.750,164.000,988.25,988.12,4.64,1.06,28.89,35.28,0.00,0.00,5.76
869376,atl,61.750,-62.250,992.90,992.29,16.05,3.31,51.41,51.41,0.00,1150.38,15.46
869376,atl,44.250,-33.250,1003.93,1003.79,6.31,1.24,25.42,34.19,0.00,0.00,2.98
869376,atl,44.250,9.000,1001.70,1001.34,6.02,2.24,42.31,42.31,0.00,0.00,15.66
869376,pac,48.500,168.250,973.75,973.26,11.38,2.53,43.99,47.91,0.00,0.00,5.63
869382,atl,62.250,-64.750,990.55,989.15,18.70,4.57,56.13,56.13,0.00,10607.73,16.91
869382,atl,46.750,-17.500,1003.81,1003.07,5.73,1.67,36.74,36.74,0.00,0.00,3.19
869382,atl,44.500,-32.750,1001.90,1001.79,6.76,1.20,27.74,35.22,0.00,0.00,2.89
869382,atl,44.000,9.000,1002.73,1002.33,5.68,2.09,41.24,41.24,0.00,0.00,16.40
869382,pac,56.750,222.500,1004.18,1003.66,10.62,2.44,43.86,43.86,0.00,0.00,23.83
869382,pac,50.250,169.750,973.41,973.10,12.68,2.78,41.63,52.24,0.00,1362.67,5.23
869382,pac,47.000,214.500,1004.92,1004.53,8.97,2.28,32.88,36.35,0.00,0.00,4.14
869388,atl,63.000,-66.750,989.74,988.95,20.00,4.94,59.23,61.46,0.00,21415.63,21.39
869388,atl,46.250,-13.500,999.59,998.47,9.09,2.60,42.71,42.71,0.00,0.00,4.71
869388,atl,43.000,-31.000,1002.19,1002.11,6.16,0.87,27.88,34.50,0.00,0.00,3.65
869388,atl,42.500,-67.500,1003.98,1003.82,17.17,3.61,51.34,51.34,0.00,3877.01,7.82
869388,pac,54.750,220.250,1000.63,1000.42,7.95,1.34,34.05,42.77,0.00,0.00,18.86
869388,pac,51.750,170.500,975.71,975.53,13.16,2.58,38.81,50.14,0.00,1296.38,6.12
869388,pac,46.250,218.250,1000.07,999.80,10.12,2.46,38.77,42.86,0.00,0.00,4.47
869394,atl,64.000,-68.750,993.28,992.86,18.08,4.13,52.92,59.74,0.00,36298.70,14.67
869394,atl,62.500,3.000,999.13,998.88,10.52,2.15,41.76,42.40,0.00,0.00,6.55
869394,atl,57.750,1.750,998.14,997.88,5.41,1.10,34.74,34.84,0.00,0.00,4.00
869394,atl,54.250,3.250,998.14,998.02,5.70,0.98,33.66,34.84,0.00,0.00,3.78
869394,atl,47.000,-9.250,994.34,993.31,11.86,3.51,43.02,43.02,0.00,0.00,5.28
869394,atl,43.750,-66.000,999.29,998.59,21.73,5.36,57.73,57.73,0.00,34574.36,10.13
869394,atl,42.750,-27.750,1000.29,1000.20,6.00,0.98,28.85,32.95,0.00,0.00,2.97
869394,pac,54.750,221.750,997.63,997.52,9.04,1.40,35.64,42.52,0.00,0.00,19.17
869394,pac,54.500,171.000,976.43,976.24,14.74,2.58,37.15,50.36,0.00,400.89,6.93
869394,pac,45.750,222.250,995.99,995.62,11.44,2.79,41.89,43.42,0.00,0.00,4.05
869400,atl,68.000,-73.750,1000.55,1000.17,12.99,3.14,39.30,41.99,0.00,0.00,12.50
869400,atl,65.500,-70.250,1000.38,999.85,13.82,2.97,41.99,45.00,0.00,0.00,9.17
869400,atl,62.000,0.500,999.90,999.72,10.53,1.99,43.98,45.24,0.00,0.00,5.51
869400,atl,52.750,3.500,1000.75,1000.67,5.39,1.18,25.00,33.51,0.00,0.00,3.19
869400,atl,47.750,-7.250,990.31,989.01,14.79,4.38,46.63,46.63,0.00,0.00,7.89
869400,atl,44.750,-64.750,1001.09,1000.21,20.81,5.03,58.17,58.17,0.00,50525.53,11.21
869400,atl,42.750,-23.750,1000.80,1000.66,5.42,0.96,35.83,39.04,0.00,0.00,3.74
869400,pac,55.500,171.000,977.46,977.34,15.25,2.64,34.71,54.64,0.00,16239.52,7.38
869400,pac,54.750,223.000,996.27,996.19,8.45,1.37,31.40,40.02,0.00,0.00,17.34
869400,pac,46.250,225.500,990.63,989.82,13.31,3.30,38.53,43.66,0.00,0.00,4.84
869406,atl,68.500,-75.750,1004.88,1004.31,11.25,3.14,37.43,37.43,0.00,0.00,7.91
869406,atl,61.750,-1.000,1001.18,1001.02,9.86,2.09,34.53,43.53,0.00,0.00,7.02
869406,atl,48.000,-6.250,988.23,987.04,15.54,4.64,45.57,45.57,0.00,0.00,9.44
869406,atl,46.250,-63.250,1003.28,1002.73,19.46,4.58,58.42,58.42,0.00,32156.28,10.05
869406,atl,41.750,-20.250,998.82,998.61,5.28,1.13,37.24,41.96,0.00,0.00,3.51
869406,pac,59.500,217.500,1002.02,1001.86,6.58,2.09,26.89,35.63,0.00,0.00,16.78
869406,pac,56.000,171.250,980.18,979.99,13.53,2.29,40.23,54.39,0.00,4633.67,7.14
869406,pac,55.500,224.000,996.81,996.69,7.68,1.58,34.04,35.56,0.00,0.00,15.15
869406,pac,47.750,227.750,986.12,985.59,14.97,3.73,42.25,46.09,0.00,0.00,5.08
869412,atl,61.500,-1.750,1004.56,1004.32,8.55,2.15,37.32,40.32,0.00,0.00,6.90
869412,atl,48.250,-3.750,991.94,991.59,12.05,3.35,43.24,43.24,0.00,0.00,4.67
869412,atl,41.500,-18.250,999.95,999.63,5.59,1.24,36.40,39.35,0.00,0.00,3.61
869412,atl,41.250,-21.750,1000.10,999.78,5.54,1.25,40.88,42.48,0.00,0.00,3.63
869412,pac,59.250,210.750,998.44,998.14,10.62,2.43,46.24,46.24,0.00,0.00,14.55
869412,pac,56.000,170.500,983.11,982.94,13.26,2.83,46.54,53.08,0.00,1150.38,6.34
869412,pac,48.500,228.750,982.21,981.70,16.78,3.73,57.02,57.02,0.00,31841.55,8.50
869418,atl,49.000,-0.500,994.63,994.10,9.07,2.14,32.13,32.13,0.00,0.00,4.39
869418,atl,41.000,-17.000,998.23,997.98,5.53,1.22,37.17,46.38,0.00,0.00,4.32
869418,atl,40.500,-22.000,998.44,998.21,5.61,1.28,46.38,46.38,0.00,0.00,4.32
869418,atl,39.000,-58.500,1004.11,1003.66,8.13,2.06,42.68,47.19,0.00,0.00,3.62
869418,atl,38.250,-25.250,998.45,998.35,6.38,1.20,44.13,46.38,0.00,0.00,4.32
869418,pac,58.750,213.250,994.26,993.89,10.88,2.17,32.27,32.27,0.00,0.00,18.27
869418,pac,57.250,189.250,993.94,993.64,8.20,1.63,40.79,44.79,0.00,0.00,4.69
869418,pac,56.500,172.000,986.69,986.57,11.44,2.35,45.28,55.44,0.00,3427.69,7.82
869418,pac,48.250,229.500,981.63,980.82,18.71,4.54,58.44,58.44,0.00,75586.94,8.52
869418,pac,43.000,164.750,976.07,974.72,23.17,5.89,71.00,74.15,21504.73,199165.59,10.16
869424,atl,50.250,3.250,996.78,996.36,8.98,2.03,25.39,39.51,0.00,0.00,8.07
869424,atl,40.750,-16.000,999.00,998.79,5.00,1.03,36.71,44.36,0.00,0.00,3.73
869424,atl,39.000,-57.500,1001.85,1001.33,9.24,2.30,47.28,48.42,0.00,0.00,5.78
869424,atl,37.250,-23.750,997.42,997.27,7.69,1.57,49.86,50.07,0.00,591.98,4.37
869424,pac,59.000,216.750,990.37,990.09,10.17,2.41,38.74,38.74,0.00,0.00,15.86
869424,pac,58.000,231.250,997.22,996.60,7.00,2.72,25.58,25.58,0.00,0.00,18.56
869424,pac,56.750,171.000,989.54,989.43,9.84,1.92,43.72,60.46,0.00,12267.58,7.88
869424,pac,56.750,195.500,994.09,993.74,6.91,1.47,33.02,36.19,0.00,0.00,6.41
869424,pac,56.500,204.500,992.25,992.03,6.15,1.52,32.07,32.92,0.00,0.00,7.20
869424,pac,48.500,230.000,986.02,985.67,16.75,4.39,55.71,55.71,0.00,59520.05,7.79
869424,pac,45.000,169.250,974.31,973.55,23.94,6.13,54.84,58.31,0.00,185805.52,10.85
869430,atl,51.250,5.500,998.67,998.28,7.67,1.75,29.20,34.07,0.00,0.00,3.99
869430,atl,38.500,-56.500,997.44,996.60,10.07,2.54,46.40,59.97,0.00,2882.60,6.17
869430,atl,37.000,-22.000,993.66,993.42,8.66,1.90,48.00,48.00,0.00,0.00,4.03
869430,pac,59.000,212.000,989.17,988.84,8.78,1.60,30.90,31.14,0.00,0.00,16.55
869430,pac,58.000,232.500,999.22,998.29,5.22,2.21,29.44,29.44,0.00,0.00,18.03
869430,pac,56.500,168.500,989.34,989.25,8.87,1.84,47.55,61.32,0.00,23685.67,7.25
869430,pac,56.500,209.000,989.46,989.10,7.22,1.37,30.80,33.34,0.00,0.00,6.55
869430,pac,48.000,230.750,990.54,989.99,16.28,4.88,56.48,56.48,0.00,37841.32,7.31
869430,pac,47.250,173.750,972.95,972.33,23.48,6.10,55.47,56.19,0.00,118433.06,10.10
869436,atl,51.750,7.250,1003.00,1002.81,5.47,1.19,27.83,28.81,0.00,0.00,2.49
869436,atl,38.250,-54.750,994.31,993.07,11.30,2.71,57.71,57.71,0.00,25916.95,4.22
869436,atl,37.250,-19.750,994.33,994.17,8.47,1.74,46.07,46.07,0.00,0.00,4.19
869436,pac,63.250,232.500,1003.67,1002.55,4.34,1.53,20.63,24.65,0.00,0.00,13.25
869436,pac,59.250,213.000,988.23,987.82,9.66,1.88,29.22,33.68,0.00,0.00,17.70
869436,pac,58.250,240.000,1003.67,1003.04,5.78,1.33,26.75,26.75,0.00,0.00,13.87
869436,pac,57.250,236.750,1002.21,1000.98,5.24,1.67,25.31,26.75,0.00,0.00,13.87
869436,pac,56.500,168.750,990.27,990.07,8.94,1.95,50.75,60.12,0.00,31982.92,7.37
869436,pac,49.250,178.250,971.86,971.24,23.04,5.86,59.81,59.81,0.00,91569.27,9.86
869436,pac,47.750,231.750,992.73,992.19,15.61,4.91,49.20,49.20,0.00,0.00,6.89
869442,atl,66.250,-30.250,1002.66,1002.37,15.34,2.13,46.42,82.31,17970.80,64269.89,22.46
869442,atl,39.000,-54.500,990.42,989.77,12.99,3.03,49.66,52.31,0.00,1155.30,5.25
869442,atl,39.000,-16.750,991.10,990.96,9.33,1.95,43.99,44.70,0.00,0.00,4.07
869442,pac,59.750,213.750,988.60,988.26,10.37,1.94,37.75,37.75,0.00,0.00,16.32
869442,pac,56.750,167.000,990.89,990.64,9.75,2.39,56.36,57.04,0.00,38510.80,8.02
869442,pac,50.250,181.750,965.33,965.00,27.71,7.36,68.79,68.79,14760.85,205497.13,13.11
869442,pac,47.750,232.000,996.61,996.18,13.45,4.32,48.80,48.80,0.00,0.00,6.17
869448,atl,64.500,-27.000,999.34,999.18,12.82,2.50,51.34,56.10,0.00,19867.27,7.64
869448,atl,63.500,-16.000,1003.76,1003.49,5.40,1.18,32.20,38.93,0.00,0.00,3.72
869448,atl,41.000,-15.250,988.05,987.78,13.03,3.09,49.65,49.65,0.00,0.00,5.92
869448,atl,39.250,-53.750,992.64,992.08,10.85,2.29,49.82,50.10,0.00,623.20,4.40
869448,pac,61.750,224.000,993.00,992.42,11.35,3.21,47.12,47.12,0.00,0.00,16.68
869448,pac,61.250,217.750,989.32,988.25,12.05,2.53,47.12,47.12,0.00,0.00,16.68
869448,pac,60.250,213.250,989.62,989.30,9.70,2.10,46.43,47.12,0.00,0.00,16.68
869448,pac,56.500,163.750,991.93,991.61,10.64,2.80,49.98,51.73,0.00,4334.60,8.32
869448,pac,51.000,186.250,963.23,962.35,28.40,6.95,67.49,67.49,10626.14,269491.04,10.76
869448,pac,48.750,218.000,1001.48,1001.30,4.98,1.35,35.55,35.55,0.00,0.00,2.75
869448,pac,48.000,232.250,1000.18,999.78,10.01,3.52,45.38,45.38,0.00,0.00,5.66
869454,atl,64.000,-14.500,998.58,998.35,7.71,1.67,30.16,43.63,0.00,0.00,4.55
869454,atl,63.250,-24.750,996.19,996.04,12.02,2.26,44.15,50.13,0.00,746.25,6.01
869454,atl,41.750,-14.750,982.80,982.28,17.13,4.18,54.29,54.41,0.00,66854.96,9.19
869454,atl,39.000,-53.000,990.66,990.21,11.28,2.36,47.63,51.51,0.00,5259.89,5.16
869454,pac,61.500,217.750,990.78,987.71,11.71,2.95,50.18,50.18,0.00,368.73,17.66
869454,pac,61.250,213.000,993.96,992.90,6.42,1.66,50.18,50.18,0.00,368.73,17.66
869454,pac,56.500,163.000,992.53,991.96,10.89,2.60,48.05,48.05,0.00,0.00,9.43
869454,pac,51.250,190.750,964.73,963.88,25.68,5.99,62.25,63.10,0.00,250717.85,7.62
869454,pac,48.500,232.500,1004.19,1003.59,7.94,2.87,36.65,36.65,0.00,0.00,6.64
869460,atl,62.250,-21.750,993.84,993.68,10.90,1.84,45.57,51.60,0.00,16871.47,5.81
869460,atl,43.250,-15.000,980.28,979.67,21.97,5.63,58.48,62.84,0.00,103293.78,10.11
869460,atl,40.500,-54.500,992.83,992.51,10.44,2.29,50.49,52.75,0.00,5211.13,4.44
869460,atl,35.750,-73.250,1000.86,999.88,10.84,3.58,43.64,45.38,0.00,0.00,7.11
869460,pac,64.750,227.000,998.92,996.21,9.46,3.04,31.15,32.08,0.00,0.00,23.23
869460,pac,64.250,232.750,1002.24,999.39,8.24,2.78,31.15,32.08,0.00,0.00,23.23
869460,pac,62.250,222.250,996.11,994.67,10.07,3.07,46.32,46.32,0.00,0.00,23.23
869460,pac,54.250,162.250,995.99,995.76,8.42,1.85,37.47,42.93,0.00,0.00,12.37
869460,pac,51.250,195.500,971.39,971.06,18.73,4.06,60.12,60.98,0.00,202981.47,7.23
869466,atl,61.250,-18.500,990.92,990.79,9.84,1.63,40.49,49.66,0.00,0.00,5.37
869466,atl,44.000,-16.000,978.50,977.94,24.54,6.47,57.74,59.53,0.00,201461.54,10.17
869466,atl,41.250,-56.750,992.75,992.26,10.42,2.36,42.97,46.05,0.00,0.00,4.15
869466,atl,35.750,-71.500,997.06,995.92,11.68,3.84,45.22,45.22,0.00,0.00,8.00
869466,pac,64.750,227.250,1001.39,998.80,7.35,2.56,28.62,28.62,0.00,0.00,17.77
869466,pac,64.250,233.500,1003.46,1001.44,7.94,2.54,28.62,28.62,0.00,0.00,17.77
869466,pac,62.000,222.000,1000.04,999.21,5.68,1.93,36.75,36.75,0.00,0.00,17.72
869466,pac,54.750,203.000,974.06,973.75,13.74,2.56,46.06,49.16,0.00,0.00,8.80
869466,pac,54.500,163.250,996.96,996.73,8.12,1.81,38.48,43.02,0.00,0.00,9.61
869466,pac,52.000,201.500,973.97,973.87,14.08,2.42,59.42,59.42,0.00,91726.13,8.80
869472,atl,61.500,-16.000,989.25,989.11,9.77,1.44,32.52,50.52,0.00,359.81,5.33
869472,atl,43.500,-17.500,979.27,978.67,24.89,6.77,62.55,62.55,0.00,261334.26,9.73
869472,atl,41.750,-57.500,993.30,992.75,10.68,2.31,42.08,43.08,0.00,0.00,4.30
869472,atl,36.000,-69.750,994.03,992.79,12.46,4.04,59.80,59.80,0.00,13171.73,10.47
869472,pac,62.250,221.750,998.15,996.74,6.41,2.15,37.82,41.38,0.00,0.00,12.30
869472,pac,55.250,205.500,973.23,972.87,13.50,2.44,44.71,48.59,0.00,0.00,11.04
869472,pac,54.750,164.250,998.84,998.69,8.01,1.74,38.69,47.21,0.00,0.00,7.34
869478,atl,62.000,-16.250,986.56,986.46,10.14,1.43,28.85,42.01,0.00,0.00,6.61
869478,atl,42.500,-18.000,979.30,978.82,23.67,6.37,60.12,60.34,0.00,212467.63,8.41
869478,atl,42.000,-59.250,992.79,992.14,9.93,2.37,37.52,41.42,0.00,0.00,4.87
869478,atl,35.750,-67.750,991.48,990.27,12.77,4.26,60.40,60.40,0.00,26012.24,10.58
869478,pac,55.500,206.500,973.47,973.28,12.15,2.24,45.73,46.76,0.00,0.00,12.09
869478,pac,55.250,166.500,1000.99,1000.94,6.99,1.29,38.59,45.98,0.00,0.00,5.16
869478,pac,53.750,210.750,973.99,973.89,10.46,1.67,40.89,41.91,0.00,0.00,4.88
869484,atl,61.750,-18.000,985.29,985.11,9.76,1.59,33.82,46.12,0.00,0.00,6.24
869484,atl,42.500,-60.750,993.29,992.91,8.74,1.99,36.34,42.51,0.00,0.00,5.84
869484,atl,41.000,-18.000,982.77,982.31,21.05,5.41,58.63,58.63,0.00,148062.96,7.53
869484,atl,36.000,-65.000,990.39,989.72,11.48,3.75,57.19,57.19,0.00,34268.62,7.21
869484,pac,57.250,166.000,1004.72,1004.54,5.19,1.37,31.27,39.62,0.00,0.00,4.50
869484,pac,56.500,207.750,975.33,975.17,10.43,1.86,47.12,47.31,0.00,0.00,12.40
869484,pac,55.250,212.750,975.15,975.03,9.50,1.29,32.82,47.93,0.00,0.00,4.90
869490,atl,61.500,-18.500,984.92,984.74,8.83,1.54,33.09,52.30,0.00,634.78,6.71
869490,atl,42.250,-63.500,992.73,992.57,7.51,1.42,34.02,41.07,0.00,0.00,5.35
869490,atl,40.000,-16.750,983.87,983.43,18.98,4.65,56.70,56.70,0.00,85823.45,6.44
869490,atl,37.000,-62.250,987.70,986.96,11.68,3.64,53.52,53.52,0.00,23354.51,6.02
869490,atl,31.250,-4.750,1003.23,1002.96,5.18,1.90,31.08,31.08,0.00,0.00,11.33
869490,pac,58.250,208.500,974.73,974.61,12.04,2.33,54.80,54.80,0.00,2453.40,13.78
869490,pac,56.250,213.250,975.09,974.94,9.38,1.26,35.56,53.87,0.00,1934.84,6.72
869490,pac,45.250,162.250,1001.86,1001.69,6.94,1.81,36.17,37.05,0.00,0.00,3.29
869490,pac,40.250,161.000,1001.12,1001.00,5.85,1.13,32.66,38.14,0.00,0.00,3.96
869496,atl,61.250,-19.500,986.01,985.86,8.03,1.37,33.89,52.15,0.00,1309.34,6.53
869496,atl,58.250,-13.250,986.82,986.62,7.97,1.66,39.76,40.34,0.00,0.00,4.53
869496,atl,44.000,-5.000,1002.36,1002.15,4.55,1.57,32.09,39.46,0.00,0.00,9.09
869496,atl,39.500,-15.000,985.48,985.07,18.62,4.53,51.20,51.20,0.00,9245.03,5.88
869496,atl,38.500,-59.750,985.16,984.31,13.49,4.04,49.55,49.55,0.00,0.00,6.21
869496,atl,31.000,-4.750,1004.25,1003.81,5.96,2.44,27.38,27.38,0.00,0.00,14.01
869496,pac,57.500,212.750,977.13,977.04,8.77,1.37,38.28,52.54,0.00,833.26,13.18
869496,pac,47.000,164.000,995.70,995.46,9.49,2.14,39.97,44.84,0.00,0.00,4.30
869502,atl,60.500,-21.250,985.54,985.44,7.73,1.30,36.44,52.47,0.00,1355.03,7.41
869502,atl,60.250,-11.000,984.05,983.82,10.83,2.45,43.04,43.04,0.00,0.00,4.75
869502,atl,57.500,-18.000,985.68,985.45,7.03,1.53,42.76,46.45,0.00,0.00,4.66
869502,atl,45.500,-5.000,1001.71,1001.38,5.02,1.65,25.84,34.74,0.00,0.00,8.78
869502,atl,39.750,-58.250,982.92,982.15,14.63,4.03,48.52,48.52,0.00,0.00,5.89
869502,atl,39.500,-14.250,985.75,985.35,18.15,4.46,46.50,47.98,0.00,0.00,5.71
869502,pac,58.500,211.750,978.25,978.15,9.74,1.82,40.31,51.95,0.00,833.26,13.12
869502,pac,50.500,164.750,986.48,986.24,13.12,3.41,49.27,49.75,0.00,0.00,6.62
869508,atl,62.000,-11.500,982.88,982.64,12.80,3.00,45.39,45.39,0.00,0.00,8.82
869508,atl,60.000,-22.000,987.02,986.86,7.07,1.15,34.68,51.21,0.00,683.57,4.50
869508,atl,46.750,-5.250,1003.74,1003.48,4.32,1.67,28.04,28.65,0.00,0.00,5.85
869508,atl,40.750,-57.000,982.24,981.60,15.61,4.17,49.59,49.59,0.00,0.00,6.02
869508,atl,38.750,-13.750,991.23,990.96,15.35,3.62,47.83,47.83,0.00,0.00,4.77
869508,pac,58.750,210.750,981.47,981.22,10.28,1.98,41.15,53.56,0.00,1251.31,15.47
869508,pac,52.750,164.750,976.06,975.07,20.29,5.36,58.30,58.81,0.00,105372.46,10.17
869514,atl,63.250,-12.000,983.20,983.00,13.12,2.88,45.98,45.98,0.00,0.00,9.34
869514,atl,59.750,-22.250,988.09,987.98,6.48,1.02,31.22,50.36,0.00,344.81,4.71
869514,atl,41.500,-55.500,982.08,981.40,15.27,4.04,54.23,54.23,0.00,22613.24,5.65
869514,atl,38.250,-12.750,992.91,992.59,14.03,3.27,47.07,47.07,0.00,0.00,4.55
869514,atl,31.250,-2.750,1004.05,1003.74,4.30,1.12,24.08,26.74,0.00,0.00,10.24
869514,pac,57.250,211.000,984.61,984.13,10.14,2.07,44.97,57.45,0.00,3782.07,16.57
869514,pac,54.000,165.250,969.24,967.76,23.84,5.95,67.44,67.44,12621.20,337093.83,11.98
869520,atl,63.500,-13.000,985.58,985.37,10.96,2.12,38.26,47.95,0.00,0.00,8.41
869520,atl,59.250,-22.000,990.24,990.18,5.29,0.76,25.92,41.36,0.00,0.00,3.59
869520,atl,42.250,-53.500,983.18,982.55,13.74,3.56,47.07,47.07,0.00,0.00,4.61
869520,atl,37.750,-11.750,996.55,996.34,12.27,2.80,37.44,40.94,0.00,0.00,3.89
869520,pac,62.500,221.250,992.72,992.38,4.58,1.30,17.85,29.99,0.00,0.00,9.75
869520,pac,58.250,237.000,999.36,998.75,6.15,1.79,26.23,29.44,0.00,0.00,7.20
869520,pac,57.000,211.000,989.34,988.97,8.55,1.77,39.92,55.79,0.00,1672.19,15.41
869520,pac,54.250,166.250,966.08,965.23,26.02,6.57,63.60,63.60,0.00,330899.69,9.50
869520,pac,52.750,236.250,1001.73,1001.11,5.47,2.38,33.88,33.88,0.00,0.00,14.35
869526,atl,63.500,-13.500,986.67,986.47,9.80,1.87,33.45,60.80,0.00,13972.97,6.74
869526,atl,57.750,-14.750,990.95,990.81,5.59,1.18,35.90,40.56,0.00,0.00,3.64
869526,atl,43.500,-52.250,982.73,981.91,13.46,3.38,38.00,47.89,0.00,0.00,6.30
869526,atl,37.500,-11.750,996.96,996.77,11.84,2.77,37.31,39.02,0.00,0.00,4.10
869526,pac,63.000,221.250,995.97,995.56,4.36,1.19,13.45,24.28,0.00,0.00,12.20
869526,pac,61.750,210.500,995.43,995.09,6.42,2.24,31.17,41.28,0.00,0.00,18.92
869526,pac,58.250,236.750,1000.96,1000.29,5.30,1.43,20.65,25.47,0.00,0.00,6.83
869526,pac,57.000,211.250,994.40,994.15,6.77,1.58,36.78,49.79,0.00,0.00,13.26
869526,pac,53.750,168.250,963.00,962.11,27.44,7.31,68.37,68.37,39611.03,344920.71,9.66
869526,pac,41.750,230.250,1004.19,1003.65,6.68,1.75,42.04,44.57,0.00,0.00,4.13
869532,atl,66.250,-13.750,989.00,988.86,13.24,2.51,56.67,68.28,9566.57,89673.34,8.68
869532,atl,59.000,-13.000,992.32,992.07,5.83,1.20,33.84,39.73,0.00,0.00,3.71
869532,atl,48.000,-42.500,992.71,992.08,9.72,2.56,43.35,45.68,0.00,0.00,5.34
869532,atl,44.500,-52.000,982.30,981.40,15.19,3.92,44.90,51.74,0.00,3699.00,7.94
869532,atl,36.750,-11.750,1001.18,1000.99,10.23,2.32,39.02,39.02,0.00,0.00,3.68
869532,pac,64.250,220.000,1000.11,999.79,4.21,1.31,13.58,15.59,0.00,0.00,12.10
869532,pac,64.250,233.000,1002.18,1001.27,5.20,1.40,22.57,31.33,0.00,0.00,11.58
869532,pac,62.000,211.250,999.04,998.19,5.13,1.71,16.11,34.03,0.00,0.00,15.93
869532,pac,60.500,207.250,999.05,998.62,6.10,1.95,34.03,35.12,0.00,0.00,15.93
869532,pac,59.250,210.250,999.16,998.90,5.36,0.96,34.03,35.12,0.00,0.00,15.93
869532,pac,58.250,176.000,972.04,971.51,17.57,3.89,57.96,57.96,0.00,53779.97,12.41
869532,pac,53.500,171.000,964.60,963.76,25.42,6.62,64.82,64.82,3391.10,278590.55,8.97
869532,pac,47.750,235.000,1002.16,1001.54,6.83,2.07,47.88,48.44,0.00,0.00,8.51
869532,pac,44.250,232.750,1002.36,1001.96,6.33,1.72,48.44,48.44,0.00,0.00,6.73
869532,pac,42.250,226.250,1002.54,1002.20,6.50,1.54,40.62,42.07,0.00,0.00,3.43
869538,atl,66.750,-14.500,990.48,990.25,12.75,2.60,63.60,71.51,21995.70,111296.88,12.16
869538,atl,60.250,-11.750,993.59,993.37,5.87,1.20,34.86,38.75,0.00,0.00,4.71
869538,atl,48.750,-41.500,991.29,990.51,9.05,2.70,47.53,47.53,0.00,0.00,6.31
869538,atl,44.500,-52.500,982.31,981.28,14.69,3.89,53.84,53.84,0.00,6946.73,7.20
869538,atl,35.750,-11.500,1002.61,1002.38,9.07,2.11,39.50,40.33,0.00,0.00,3.29
869538,pac,64.750,221.250,1001.65,1001.06,4.20,1.51,11.13,18.05,0.00,0.00,11.97
869538,pac,63.000,234.500,1003.09,1002.67,4.84,0.93,25.22,29.63,0.00,0.00,11.97
869538,pac,61.500,206.250,997.86,996.80,5.41,2.10,18.75,25.50,0.00,0.00,11.96
869538,pac,58.000,175.000,970.17,969.71,19.32,4.31,61.70,61.70,0.00,38271.40,13.76
869538,pac,53.000,175.000,968.96,968.40,21.27,5.19,62.83,65.59,5945.16,335833.10,9.08
869538,pac,51.750,237.000,1000.85,999.96,7.28,2.48,36.54,42.76,0.00,0.00,13.28
869538,pac,42.500,227.500,1003.02,1002.80,7.79,2.00,32.75,39.48,0.00,0.00,3.33
869544,atl,67.250,-15.000,993.35,993.14,11.57,2.67,67.73,68.78,19905.88,126382.27,14.73
869544,atl,61.250,-10.250,995.80,995.61,6.46,1.31,33.84,38.62,0.00,0.00,4.17
869544,atl,50.750,-32.500,992.84,992.15,10.47,2.98,37.89,42.36,0.00,0.00,4.83
869544,atl,48.750,-40.500,991.98,991.33,7.49,2.08,47.09,47.09,0.00,0.00,4.65
869544,atl,44.250,-53.000,985.07,984.32,13.23,3.52,53.22,53.22,0.00,6429.51,6.16
869544,pac,58.750,191.250,980.50,980.05,9.44,2.19,40.82,41.55,0.00,0.00,7.16
869544,pac,57.250,175.500,972.99,972.57,18.36,4.01,58.65,61.57,0.00,51138.02,10.49
869544,pac,53.000,180.500,974.87,974.36,16.33,4.04,58.04,59.47,0.00,297084.63,7.05
869544,pac,42.500,229.250,1002.88,1002.76,8.29,2.08,40.04,40.04,0.00,0.00,3.69
869550,atl,67.500,-15.500,994.25,993.97,11.62,3.22,68.51,68.51,16967.03,116580.83,15.21
869550,atl,53.000,-28.750,990.23,989.39,12.49,3.67,39.66,41.96,0.00,0.00,4.94
869550,atl,47.000,-40.250,989.58,989.11,8.06,1.67,41.97,41.97,0.00,0.00,3.75
869550,atl,46.000,-44.000,989.29,989.12,6.87,1.33,37.71,41.97,0.00,0.00,3.75
869550,atl,43.500,-53.750,986.58,985.94,12.13,3.23,52.55,52.55,0.00,10930.45,5.98
869550,pac,59.750,193.750,978.57,977.99,9.82,2.58,29.63,36.26,0.00,0.00,5.57
869550,pac,58.750,202.000,984.21,983.60,6.96,1.43,38.72,43.23,0.00,0.00,10.46
869550,pac,56.500,178.250,977.11,976.60,15.07,2.81,55.72,57.04,0.00,61436.18,9.86
869550,pac,53.750,186.500,977.41,977.18,13.41,3.35,57.81,57.81,0.00,219201.39,6.66
869550,pac,42.750,230.750,1004.75,1004.59,7.46,1.84,37.50,39.82,0.00,0.00,5.90
869556,atl,67.500,-14.750,997.69,997.32,9.83,2.85,63.48,65.56,824.51,80971.44,12.53
869556,atl,63.250,-20.250,1001.35,1001.04,4.26,1.41,35.49,52.81,0.00,3567.38,6.35
869556,atl,55.250,-25.000,989.04,988.17,14.88,4.28,44.33,44.33,0.00,0.00,5.69
869556,atl,48.500,-38.250,990.74,990.03,8.56,2.13,43.32,43.32,0.00,0.00,4.56
869556,atl,47.000,-42.750,990.12,989.77,8.40,1.96,42.83,43.32,0.00,0.00,4.56
869556,atl,42.000,-54.000,991.08,990.59,9.82,2.27,50.60,50.60,0.00,3321.22,5.00
869556,atl,41.250,-49.500,990.37,990.25,5.58,0.97,24.17,49.38,0.00,0.00,4.36
869556,pac,61.000,194.750,979.25,978.75,9.47,2.64,31.77,41.27,0.00,0.00,6.84
869556,pac,60.500,203.250,985.49,985.37,4.09,0.67,44.70,44.70,0.00,0.00,12.58
869556,pac,58.000,207.750,982.25,981.62,11.81,3.40,43.86,43.86,0.00,0.00,11.02
869556,pac,56.000,189.000,979.11,978.81,10.08,2.00,49.36,55.06,0.00,40843.65,5.53
869562,atl,68.250,-13.250,1000.05,999.81,9.49,2.70,55.06,58.20,0.00,55417.14,7.38
869562,atl,57.250,-21.000,988.03,987.08,16.45,4.71,43.20,44.53,0.00,0.00,7.16
869562,atl,49.250,-37.000,991.59,991.02,7.37,1.84,41.09,41.09,0.00,0.00,5.10
869562,atl,47.250,-42.500,990.31,989.87,8.29,2.13,39.16,41.09,0.00,0.00,5.10
869562,atl,41.000,-48.250,991.61,991.48,5.23,1.00,30.36,42.79,0.00,0.00,3.64
869562,pac,62.500,194.750,980.07,979.58,9.76,2.73,32.85,41.75,0.00,0.00,7.31
869562,pac,59.000,208.750,978.83,977.95,12.48,4.03,42.20,45.36,0.00,0.00,10.93
869562,pac,56.750,192.500,978.88,978.22,10.79,2.88,45.78,49.20,0.00,0.00,4.90
869568,atl,69.000,-11.500,1002.70,1002.49,8.87,2.29,44.71,51.33,0.00,7135.39,6.37
869568,atl,60.000,-15.750,985.64,984.72,20.94,5.65,51.38,51.38,0.00,8564.60,9.01
869568,atl,46.750,-42.250,992.57,992.29,7.56,1.86,45.19,45.19,0.00,0.00,4.95
869568,atl,35.000,-79.500,998.94,998.60,9.57,2.09,49.81,51.53,0.00,6562.33,7.08
869568,pac,63.500,193.750,982.99,982.54,9.45,2.54,37.88,43.80,0.00,0.00,6.22
869568,pac,59.500,210.250,980.19,978.98,10.57,3.47,49.92,51.16,0.00,772.77,11.71
869568,pac,57.500,195.250,980.06,979.25,11.29,3.44,44.50,50.11,0.00,456.95,7.49
869574,atl,62.250,-11.500,981.12,980.22,25.55,7.32,53.39,53.96,0.00,54656.47,11.98
869574,atl,49.250,-35.500,992.07,992.02,6.97,1.03,27.75,48.98,0.00,0.00,4.07
869574,atl,35.500,-76.250,995.39,994.94,11.50,2.74,61.20,61.20,0.00,57463.36,6.41
869574,pac,64.250,193.000,984.66,984.15,9.65,2.41,37.01,39.85,0.00,0.00,6.87
869574,pac,60.750,209.250,982.11,981.74,6.95,2.05,39.02,39.02,0.00,0.00,8.21
869574,pac,58.500,197.500,981.75,981.03,9.86,3.52,46.02,46.02,0.00,0.00,8.26
869574,pac,53.750,183.000,1000.62,1000.03,5.77,1.88,48.57,48.57,0.00,0.00,5.71
869580,atl,64.750,-6.500,983.28,982.97,25.78,6.80,60.32,61.80,0.00,154427.06,9.08
869580,atl,52.750,-28.000,993.44,992.90,11.54,2.70,45.87,46.19,0.00,0.00,4.48
869580,atl,51.500,-34.500,993.64,993.58,8.07,1.37,34.14,42.49,0.00,0.00,3.70
869580,atl,37.750,-73.750,994.29,993.84,12.13,2.92,57.21,57.21,0.00,51891.72,5.92
869580,pac,64.250,192.750,988.75,988.24,7.31,1.76,35.01,36.23,0.00,0.00,5.69
869580,pac,64.000,210.500,985.60,984.91,5.41,1.34,22.73,27.06,0.00,0.00,10.85
869580,pac,59.000,199.750,985.36,984.26,8.38,3.30,48.07,48.07,0.00,0.00,9.06
869580,pac,53.250,186.250,1002.97,1002.15,5.35,1.84,46.38,46.38,0.00,0.00,5.43
869586,atl,67.250,-2.250,983.34,983.09,25.77,6.26,59.41,64.34,1189.12,189148.53,9.27
869586,atl,55.000,-26.000,992.70,991.72,13.77,3.67,42.10,42.61,0.00,0.00,6.57
869586,atl,53.000,-35.250,994.38,994.01,9.28,2.31,41.99,41.99,0.00,0.00,4.04
869586,atl,39.500,-70.250,990.78,990.18,14.11,3.10,57.74,57.74,0.00,37862.31,5.79
869586,pac,65.000,213.500,986.96,986.28,5.25,1.19,23.62,24.21,0.00,0.00,12.11
869586,pac,61.000,208.250,987.91,987.68,4.31,0.84,26.16,46.57,0.00,0.00,10.38
869586,pac,59.500,202.000,988.84,988.10,5.99,2.36,46.57,46.57,0.00,0.00,10.38
869586,pac,57.750,180.000,1001.23,1000.97,5.70,1.43,33.87,33.87,0.00,0.00,3.65
869592,atl,56.750,-24.500,993.19,992.14,15.72,4.76,49.30,49.30,0.00,0.00,9.16
869592,atl,53.750,-36.000,995.52,994.88,12.85,3.64,42.18,42.18,0.00,0.00,6.67
869592,atl,42.750,-67.500,984.43,983.82,20.51,4.73,52.29,56.02,0.00,45785.40,8.09
869592,pac,65.500,207.750,989.70,989.38,4.46,0.66,17.02,22.65,0.00,0.00,11.89
869592,pac,65.500,217.500,989.51,989.19,4.76,0.97,19.83,20.42,0.00,0.00,13.03
869592,pac,57.750,183.500,999.05,998.36,7.11,2.23,34.75,34.75,0.00,0.00,3.23
869598,atl,58.250,-21.750,995.59,994.78,14.68,4.42,44.97,44.97,0.00,0.00,7.59
869598,atl,54.500,-35.500,992.92,991.97,17.17,5.27,51.56,51.56,0.00,4514.84,10.07
869598,atl,44.000,-66.500,976.64,975.52,24.38,5.59,54.74,63.89,0.00,116360.32,11.97
869598,pac,66.000,206.000,990.93,990.80,5.18,1.07,19.93,20.89,0.00,0.00,10.67
869598,pac,58.000,186.250,995.70,994.39,10.12,3.51,45.73,45.73,0.00,0.00,8.37
869598,pac,48.500,186.750,1004.47,1003.87,8.04,2.06,50.61,52.24,0.00,11340.61,4.59
869604,atl,60.000,-18.000,1000.70,1000.17,13.26,3.70,45.31,47.20,0.00,0.00,6.64
869604,atl,55.000,-34.000,992.42,991.58,19.00,5.58,51.66,51.66,0.00,8800.15,9.61
869604,atl,44.750,-65.500,973.26,972.64,24.13,5.51,54.56,62.02,0.00,143313.49,10.89
869604,pac,64.250,236.500,997.47,996.93,4.10,1.19,17.41,20.22,0.00,0.00,8.24
869604,pac,60.250,212.250,994.08,993.80,6.44,1.58,38.07,38.88,0.00,0.00,10.22
869604,pac,58.250,188.750,995.32,993.34,11.57,3.99,53.17,53.17,0.00,1615.08,11.78
869604,pac,48.000,196.000,1000.66,1000.18,9.94,2.16,49.74,57.57,0.00,24594.80,4.73
869610,atl,56.250,-32.250,991.84,991.22,19.16,5.25,55.94,55.94,0.00,23239.38,8.95
869610,atl,46.000,-64.000,972.31,972.04,22.73,4.91,57.37,58.64,0.00,148943.78,10.43
869610,atl,33.250,5.750,1003.21,1003.05,5.84,1.60,24.38,24.38,0.00,0.00,8.34
869610,pac,64.000,236.750,1000.88,1000.65,4.15,1.14,18.61,23.61,0.00,0.00,8.45
869610,pac,62.750,215.750,997.15,996.53,4.15,0.69,25.70,34.92,0.00,0.00,10.07
869610,pac,60.750,211.750,995.58,995.04,7.03,1.84,38.39,39.23,0.00,0.00,10.07
869610,pac,57.750,190.500,997.93,995.79,11.18,3.79,55.82,55.82,0.00,4117.87,12.40
869610,pac,47.500,201.250,996.98,996.57,12.34,2.67,48.36,57.30,0.00,32073.23,4.57
869610,pac,44.000,218.500,997.23,995.41,17.19,5.36,59.62,59.62,0.00,18524.93,11.60
869616,atl,57.250,-30.000,992.73,992.37,17.38,4.24,53.61,53.61,0.00,14038.05,7.96
869616,atl,47.250,-62.000,977.06,976.79,18.16,3.86,45.08,51.63,0.00,4521.34,8.16
869616,atl,33.250,5.750,1003.57,1003.05,6.29,1.92,29.72,29.72,0.00,0.00,9.38
869616,pac,64.750,215.000,1000.31,1000.08,4.50,0.73,24.90,30.10,0.00,0.00,11.85
869616,pac,62.250,208.250,1000.99,1000.04,4.44,1.47,30.10,33.34,0.00,0.00,10.45
869616,pac,62.250,220.000,999.96,999.55,5.66,1.97,27.61,30.10,0.00,0.00,11.85
869616,pac,57.250,193.500,1001.85,1000.93,9.52,3.46,49.43,49.43,0.00,0.00,8.45
869616,pac,47.250,205.750,997.25,997.18,11.67,2.41,50.24,54.88,0.00,39487.04,5.72
869616,pac,46.000,162.000,964.37,963.66,25.93,5.32,59.42,67.83,10230.14,253777.45,9.92
869616,pac,45.500,221.750,985.24,984.40,25.11,7.67,70.01,70.01,7749.41,96366.25,14.63
869622,atl,61.000,-28.000,987.83,987.39,19.24,4.35,55.65,56.76,0.00,51360.18,8.03
869622,atl,49.000,-61.250,979.11,978.67,16.11,3.49,42.26,42.87,0.00,0.00,5.82
869622,atl,33.250,7.500,1003.26,1002.84,5.07,1.47,26.38,35.31,0.00,0.00,8.37
869622,pac,65.500,217.750,1003.88,1003.62,4.85,0.92,24.48,24.96,0.00,0.00,11.75
869622,pac,64.500,214.000,1003.67,1003.44,4.88,1.12,24.48,24.96,0.00,0.00,10.45
869622,pac,63.000,221.000,1004.06,1003.57,4.75,1.77,24.96,24.96,0.00,0.00,10.45
869622,pac,47.250,165.000,956.59,956.29,29.66,6.17,68.25,75.24,87463.91,406568.33,12.59
869622,pac,47.250,224.750,979.19,978.29,28.16,8.21,69.44,69.44,28749.79,218115.14,11.93
869622,pac,46.000,209.500,998.37,998.16,10.58,2.00,47.76,57.17,0.00,41143.03,5.25
869628,atl,62.250,-25.000,985.76,985.43,19.95,3.81,55.42,62.11,0.00,108064.74,9.63
869628,atl,49.750,-61.250,981.34,980.83,14.49,3.32,40.31,40.72,0.00,0.00,4.56
869628,atl,33.000,7.000,1003.71,1003.53,4.87,1.06,29.85,31.62,0.00,0.00,8.57
869628,pac,49.000,170.250,950.30,950.00,30.10,5.00,67.75,76.44,150532.66,492591.16,13.96
869628,pac,49.000,226.750,978.83,978.01,26.71,7.18,67.16,67.16,9501.24,215907.15,8.75
869628,pac,44.500,212.500,1000.11,999.94,9.23,1.68,44.90,53.22,0.00,29644.19,4.33
869634,atl,62.750,-19.250,984.20,983.84,18.45,3.21,57.87,65.46,619.37,173106.22,8.67
869634,atl,50.500,-60.500,984.63,984.30,11.47,2.45,40.48,40.48,0.00,0.00,5.26
869634,atl,32.250,8.000,1003.59,1003.45,4.03,1.01,23.25,23.51,0.00,0.00,8.01
869634,pac,50.250,174.500,947.53,947.36,28.46,4.56,69.54,77.37,114999.35,475280.65,12.51
869634,pac,50.250,228.250,982.26,981.65,24.46,6.67,60.69,60.69,0.00,112999.86,8.99
869634,pac,42.500,216.750,1002.41,1002.25,7.49,1.49,37.25,48.34,0.00,0.00,3.80
869640,atl,67.000,-18.000,983.47,982.60,25.19,5.74,86.10,86.10,117348.37,276283.24,23.56
869640,atl,51.000,-59.000,988.85,988.42,9.68,1.85,36.61,41.31,0.00,0.00,5.79
869640,pac,51.750,229.000,987.90,987.27,20.07,6.12,56.90,56.90,0.00,16365.77,8.74
869640,pac,50.750,180.750,947.46,947.22,24.25,3.05,56.20,77.66,98576.03,347809.37,11.32
869640,pac,40.000,219.000,1003.20,1003.04,7.11,1.29,47.52,49.21,0.00,0.00,3.43
869640,pac,37.750,227.000,1004.29,1003.20,6.94,1.80,47.32,47.32,0.00,0.00,4.45
869646,atl,66.250,-11.250,984.74,984.52,20.80,2.92,48.81,82.70,82623.88,169063.00,12.76
869646,atl,51.750,-58.250,990.86,990.61,9.06,1.52,29.09,41.31,0.00,0.00,6.34
869646,pac,53.000,230.000,996.84,995.42,14.24,4.44,51.22,51.22,0.00,475.76,7.99
869646,pac,51.500,183.750,946.73,946.40,23.99,3.69,50.64,74.38,37946.55,256841.17,9.57
869646,pac,40.250,228.750,999.47,998.59,11.46,3.33,44.96,44.96,0.00,0.00,7.10
869646,pac,38.500,225.000,1003.11,1002.77,6.34,0.96,34.77,44.90,0.00,0.00,7.10
869652,atl,67.000,-8.500,988.43,988.19,19.53,3.10,57.14,67.04,13235.39,155310.50,11.20
869652,atl,52.000,-57.500,994.69,994.42,7.69,1.34,28.88,43.58,0.00,0.00,6.90
869652,atl,47.500,-79.000,996.30,995.81,11.53,2.91,30.81,37.13,0.00,0.00,6.09
869652,pac,51.500,186.500,950.76,950.54,21.41,3.57,50.00,68.45,8380.50,194371.42,7.74
869652,pac,41.250,228.750,996.00,994.52,14.70,4.38,56.85,56.85,0.00,16677.99,9.23
869658,atl,67.250,-5.500,990.11,989.92,17.40,3.05,51.75,62.48,0.00,150563.07,15.24
869658,atl,52.500,-57.000,998.15,997.86,5.90,1.12,27.53,43.69,0.00,0.00,5.46
869658,atl,52.250,-47.500,1000.66,1000.41,4.67,1.11,33.67,33.67,0.00,0.00,3.23
869658,atl,45.750,-70.750,996.17,995.73,7.11,1.66,37.76,40.76,0.00,0.00,5.71
869658,pac,51.750,190.250,953.55,953.33,19.37,3.23,55.95,65.18,1044.15,148404.37,7.12
869658,pac,41.000,228.750,998.29,997.22,14.36,4.19,55.17,55.17,0.00,28212.09,8.11
869664,atl,67.750,-2.750,993.49,993.41,14.23,2.54,52.11,53.25,0.00,66627.98,6.94
869664,atl,53.750,-46.000,1000.36,999.95,7.46,1.65,33.31,45.74,0.00,0.00,3.64
869664,atl,45.000,-65.250,997.04,996.65,7.49,1.65,31.20,34.73,0.00,0.00,3.68
869664,pac,51.750,193.500,957.54,957.40,18.43,3.31,48.63,61.38,0.00,118926.32,6.56
869664,pac,40.500,229.000,1000.18,999.30,12.94,3.82,50.64,50.64,0.00,4700.88,6.15
869670,atl,55.750,-44.750,997.46,997.27,11.47,2.67,58.58,64.32,392.21,64530.72,13.38
869670,atl,46.250,-62.750,994.50,994.24,10.00,2.15,30.79,38.56,0.00,0.00,4.64
869670,pac,52.000,197.000,960.83,960.54,16.69,3.04,49.49,55.24,0.00,72110.55,5.88
869670,pac,49.250,160.250,996.73,996.02,11.25,2.67,38.88,44.00,0.00,0.00,4.49
869670,pac,39.250,229.500,1003.80,1003.11,10.48,3.14,47.20,47.20,0.00,0.00,4.57
869676,atl,57.250,-43.250,998.90,998.28,11.60,2.95,70.40,70.40,7472.22,67534.59,18.41
869676,atl,56.000,-54.000,1002.40,1002.08,8.07,2.19,47.85,59.90,0.00,3679.82,6.22
869676,atl,47.500,-61.750,994.22,993.62,11.89,2.84,36.19,36.19,0.00,0.00,5.76
869676,pac,52.500,199.250,966.29,966.03,14.33,2.69,47.93,51.92,0.00,9502.09,5.77
869676,pac,50.000,164.750,995.08,994.28,12.51,2.90,45.53,45.65,0.00,0.00,4.77
869676,pac,38.000,229.750,1003.91,1003.33,9.60,2.68,44.16,44.16,0.00,0.00,4.12
869682,atl,59.250,-39.750,997.69,997.13,14.10,3.63,60.95,60.95,0.00,29183.24,17.61
869682,atl,48.500,-61.250,993.60,992.57,13.07,3.96,41.20,41.81,0.00,0.00,6.83
869682,pac,53.000,201.250,970.48,970.27,13.01,2.52,49.10,52.51,0.00,13349.20,4.83
869682,pac,50.500,172.000,993.93,993.11,11.14,2.75,49.11,49.17,0.00,0.00,5.32
869688,atl,60.000,-38.250,995.37,994.91,16.67,4.95,59.06,59.06,0.00,83769.00,9.07
869688,atl,50.250,-54.750,1004.26,1004.08,5.51,1.13,31.12,36.45,0.00,0.00,6.45
869688,atl,49.000,-61.000,996.60,995.54,12.96,4.22,36.45,36.45,0.00,0.00,6.45
869688,pac,53.750,202.750,975.33,975.16,11.41,2.23,41.51,47.04,0.00,0.00,4.36
869688,pac,50.000,182.250,996.03,995.31,7.11,1.77,49.66,49.66,0.00,0.00,4.18
869694,atl,61.750,-33.250,996.88,996.48,13.99,3.15,48.92,53.45,0.00,32335.69,6.25
869694,atl,49.250,-60.750,999.49,998.69,10.66,3.11,27.89,29.65,0.00,0.00,4.81
869694,pac,56.250,196.750,979.43,979.23,7.68,1.36,35.71,40.59,0.00,0.00,4.21
869694,pac,54.250,203.750,976.90,976.74,11.13,2.24,41.51,42.80,0.00,0.00,4.65
869694,pac,38.750,167.750,1003.91,1003.47,8.46,2.43,42.76,46.82,0.00,0.00,3.88
869700,atl,63.000,-26.000,997.90,997.32,12.46,2.56,42.16,49.07,0.00,0.00,12.11
869700,atl,63.000,-18.000,999.21,998.38,9.10,2.36,49.07,49.07,0.00,0.00,12.11
869700,atl,49.500,-60.750,1001.78,1000.98,9.71,2.73,27.27,27.63,0.00,0.00,5.05
869700,pac,55.000,204.000,978.22,978.08,10.54,2.15,35.83,37.08,0.00,0.00,5.31
869700,pac,41.000,171.250,1002.37,1002.01,8.32,2.24,41.45,48.88,0.00,0.00,3.76
869706,atl,62.500,-15.250,998.25,997.68,8.15,2.05,48.40,48.40,0.00,0.00,12.61
869706,atl,62.500,-9.250,998.46,997.76,6.89,2.04,44.22,48.40,0.00,0.00,12.61
869706,atl,54.250,-53.500,1003.83,1003.66,9.64,1.78,34.02,36.77,0.00,0.00,5.93
869706,atl,49.750,-60.750,1004.35,1003.74,7.82,2.05,30.79,30.79,0.00,0.00,5.93
869706,pac,55.250,204.000,979.89,979.76,10.36,2.10,33.99,43.78,0.00,0.00,4.88
869706,pac,47.000,206.750,990.56,990.03,9.98,2.53,53.45,56.55,0.00,105219.06,4.46
869706,pac,44.500,161.000,981.70,981.23,15.31,3.56,44.11,52.02,0.00,1769.41,5.93
869706,pac,43.000,174.500,1000.37,1000.09,7.25,1.97,39.84,40.22,0.00,0.00,3.56
869712,atl,61.750,-1.250,995.90,995.48,7.14,2.23,39.59,40.01,0.00,0.00,5.06
869712,atl,58.250,-9.750,997.56,997.23,9.81,2.25,47.31,50.29,0.00,869.84,5.24
869712,atl,56.500,-51.000,1001.68,1001.23,12.65,2.85,39.98,39.98,0.00,0.00,5.47
869712,pac,55.500,203.750,984.95,984.80,9.45,1.92,39.30,47.65,0.00,0.00,5.12
869712,pac,48.250,164.750,968.19,967.68,24.30,5.42,57.32,58.84,0.00,89236.60,8.71
869712,pac,47.000,211.500,988.14,987.60,12.75,3.32,56.85,58.51,0.00,92440.25,5.58
869718,atl,61.500,2.000,993.79,993.26,6.93,2.17,37.49,38.93,0.00,0.00,5.20
869718,atl,58.250,-50.250,999.76,999.33,13.06,3.11,44.22,44.22,0.00,0.00,18.30
869718,atl,56.500,-3.000,995.04,994.62,9.48,1.91,42.36,49.75,0.00,0.00,5.31
869718,pac,54.750,204.250,990.50,990.40,8.51,1.80,42.13,46.91,0.00,0.00,5.13
869718,pac,50.500,166.750,950.21,949.29,37.83,9.53,74.42,74.42,69763.16,590204.44,15.29
869718,pac,46.750,215.250,986.88,986.49,14.31,3.40,59.96,59.96,0.00,135055.65,6.35
869724,atl,60.750,3.750,996.21,995.84,5.10,1.51,35.16,36.04,0.00,0.00,3.86
869724,atl,59.000,-50.500,999.28,998.80,14.09,3.67,41.98,42.11,0.00,0.00,12.88
869724,atl,55.250,1.500,995.44,995.28,9.11,1.81,33.28,44.32,0.00,0.00,4.81
869724,pac,64.500,212.000,1003.02,1002.39,5.06,1.22,19.27,19.27,0.00,0.00,15.02
869724,pac,53.750,205.250,996.72,996.56,6.41,1.56,35.35,38.85,0.00,0.00,4.05
869724,pac,51.500,169.750,939.40,938.75,43.75,10.89,87.64,87.64,386544.48,650345.90,20.39
869724,pac,46.750,217.250,984.40,984.19,16.00,3.60,58.51,58.75,0.00,93266.21,6.94
869730,atl,59.250,-50.250,1000.95,1000.29,13.55,3.93,38.84,38.84,0.00,0.00,8.57
869730,atl,54.250,4.250,996.27,996.19,8.14,1.64,35.85,38.18,0.00,0.00,4.04
869730,pac,53.000,175.500,939.29,938.36,39.23,7.82,93.42,93.42,371909.26,554267.15,15.36
869730,pac,46.500,220.250,984.60,984.44,15.85,3.05,55.30,56.74,0.00,60976.00,6.84
869736,atl,63.000,-32.000,1002.64,1002.00,12.68,3.74,40.00,40.00,0.00,0.00,5.59
869736,atl,59.000,-49.500,1004.19,1003.62,12.77,3.60,41.90,41.90,0.00,0.00,8.38
869736,atl,55.750,7.000,997.72,997.64,5.94,1.11,42.20,42.69,0.00,0.00,4.21
869736,atl,35.500,-78.000,1004.95,1004.74,7.71,1.37,49.36,50.82,0.00,1891.27,4.34
869736,pac,54.750,179.250,944.29,943.38,32.76,6.33,65.51,89.76,163326.09,427614.74,12.30
869736,pac,53.750,238.250,1002.32,1002.18,7.68,1.99,18.45,30.42,0.00,0.00,10.74
869736,pac,46.500,221.500,985.73,985.60,14.80,2.88,49.05,56.42,0.00,73555.39,6.00
869742,atl,69.000,1.750,986.94,986.80,11.75,1.97,38.39,47.18,0.00,0.00,5.51
869742,atl,63.000,-29.500,1001.43,1000.64,11.45,3.08,38.32,38.32,0.00,0.00,5.46
869742,atl,58.500,9.250,996.07,995.90,5.17,1.62,42.58,42.58,0.00,0.00,7.40
869742,atl,44.000,8.000,1004.91,1004.34,6.13,2.29,38.36,38.36,0.00,0.00,9.21
869742,atl,40.250,-74.500,1000.87,1000.30,11.69,2.88,48.66,59.18,0.00,20483.05,9.44
869742,pac,56.250,235.000,1004.58,1004.32,4.99,1.71,14.74,34.60,0.00,0.00,9.75
869742,pac,55.500,182.750,946.01,945.25,29.25,6.12,59.75,84.30,123226.82,285406.06,10.90
869742,pac,46.750,223.000,988.54,988.28,13.44,2.71,46.77,49.68,0.00,0.00,5.18
869748,atl,67.750,0.500,987.42,987.27,11.08,2.11,38.68,39.61,0.00,0.00,4.46
869748,atl,63.000,-23.000,1000.96,1000.59,9.57,2.38,41.11,41.11,0.00,0.00,9.51
869748,atl,58.750,-7.250,1003.66,1003.37,5.06,1.50,37.89,37.89,0.00,0.00,3.83
869748,atl,43.750,7.250,1004.68,1003.82,7.20,2.62,41.25,41.25,0.00,0.00,12.29
869748,atl,42.000,-73.500,993.38,992.58,17.42,4.42,60.56,60.56,0.00,70936.81,9.97
869748,pac,58.000,234.750,1004.07,1002.53,5.62,2.28,17.89,20.64,0.00,0.00,8.61
869748,pac,56.250,186.250,953.26,952.50,24.32,5.62,71.08,74.30,143452.05,249328.47,9.40
869748,pac,52.250,220.500,995.64,995.53,4.89,1.27,27.21,31.31,0.00,0.00,3.25
869748,pac,47.000,224.250,990.52,990.33,11.82,2.55,39.73,44.66,0.00,0.00,4.37
869754,atl,66.500,1.750,987.30,987.14,9.99,1.97,38.14,38.14,0.00,0.00,4.21
869754,atl,62.750,-23.000,1000.04,999.60,9.17,2.50,42.23,42.23,0.00,0.00,8.48
869754,atl,45.000,-73.250,987.05,986.23,22.22,5.34,52.06,61.61,0.00,34035.90,11.70
869754,atl,43.500,10.000,1004.78,1004.58,6.81,1.40,40.48,41.54,0.00,0.00,15.60
869754,pac,63.250,232.500,1004.83,1004.50,5.10,1.38,15.33,24.81,0.00,0.00,13.08
869754,pac,56.000,189.500,962.27,961.66,20.56,5.08,62.47,69.39,46578.96,298662.22,8.60
869754,pac,54.500,218.000,993.78,993.66,4.07,1.04,26.90,37.22,0.00,0.00,4.42
869754,pac,47.750,225.000,994.52,994.42,8.31,1.79,33.44,38.80,0.00,0.00,3.36
869760,atl,65.500,3.500,988.43,988.30,8.53,1.78,39.25,40.23,0.00,0.00,3.90
869760,atl,62.000,-22.500,999.02,998.86,8.59,2.35,41.67,41.67,0.00,0.00,7.06
869760,atl,58.000,4.750,996.23,995.67,4.53,1.74,30.04,31.35,0.00,0.00,3.83
869760,atl,56.750,-24.250,1003.12,1002.66,5.64,1.48,35.59,35.62,0.00,0.00,3.49
869760,atl,47.000,-74.750,985.92,985.18,22.46,5.62,47.79,48.37,0.00,0.00,10.06
869760,pac,62.500,234.000,1003.36,1002.44,4.11,0.97,18.67,21.73,0.00,0.00,10.97
869760,pac,60.250,176.500,983.12,982.46,11.33,2.78,37.69,44.54,0.00,0.00,7.91
869760,pac,56.000,193.000,971.26,970.69,17.35,4.71,64.24,64.24,451.49,203309.01,8.05
869760,pac,49.500,224.500,994.54,994.44,4.68,1.07,32.15,33.09,0.00,0.00,3.18
869766,atl,64.500,6.250,988.49,988.30,7.29,2.04,41.46,41.46,0.00,0.00,5.00
869766,atl,61.500,-22.000,995.64,995.50,8.97,2.28,40.59,40.59,0.00,0.00,6.88
869766,atl,57.500,-20.000,996.06,995.53,7.71,1.87,36.82,36.96,0.00,0.00,3.66
869766,atl,57.500,8.250,993.99,993.43,5.70,1.99,33.52,33.52,0.00,0.00,5.92
869766,atl,48.500,-74.500,988.06,987.52,18.41,4.71,40.71,40.71,0.00,0.00,8.43
869766,atl,31.250,-12.250,1004.88,1004.56,4.84,1.44,28.81,28.81,0.00,0.00,4.45
869766,pac,62.250,219.750,995.36,994.69,4.63,1.37,30.84,36.46,0.00,0.00,13.22
869766,pac,60.750,174.500,984.97,984.12,10.43,2.61,30.44,39.68,0.00,0.00,6.05
869766,pac,55.500,195.750,980.06,979.30,12.51,3.43,55.79,55.79,0.00,41182.00,6.47
869766,pac,52.750,211.000,985.28,985.09,4.95,1.09,32.40,38.80,0.00,0.00,2.89
869766,pac,46.500,218.750,985.25,984.59,10.26,2.75,56.71,56.71,0.00,46250.73,5.16
869766,pac,46.250,162.500,965.63,965.34,22.77,4.40,62.68,71.12,50990.86,415199.66,8.83
869772,atl,64.500,9.250,990.43,990.06,5.61,1.69,35.34,35.34,0.00,0.00,6.87
869772,atl,58.500,-16.750,989.83,989.31,11.67,2.70,34.75,45.55,0.00,0.00,4.72
869772,atl,52.750,-76.750,988.47,988.18,16.54,3.16,39.74,39.74,0.00,0.00,6.97
869772,pac,63.750,210.000,994.71,993.78,5.89,1.51,24.95,31.50,0.00,0.00,9.90
869772,pac,62.750,219.000,995.67,995.23,6.08,1.79,28.74,33.80,0.00,0.00,14.27
869772,pac,61.000,171.500,985.93,985.48,8.71,1.99,33.64,35.50,0.00,0.00,6.60
869772,pac,54.750,199.000,989.07,988.81,6.68,1.84,43.32,43.32,0.00,0.00,4.36
869772,pac,48.250,167.500,966.71,966.42,19.02,3.25,60.97,67.42,7162.90,312375.35,7.95
869772,pac,47.000,221.500,977.39,976.64,16.44,4.43,53.49,53.49,0.00,29712.22,7.22
869778,atl,59.500,-14.250,983.15,982.21,15.79,4.25,44.67,44.67,0.00,0.00,6.79
869778,atl,54.000,-77.000,988.81,988.52,16.15,3.06,39.97,44.99,0.00,0.00,6.62
869778,atl,35.000,-10.250,1004.12,1004.02,4.41,1.14,31.88,34.43,0.00,0.00,7.50
869778,atl,33.000,-4.000,1003.52,1001.84,5.54,1.67,39.23,51.00,0.00,623.20,8.60
869778,pac,64.500,212.250,995.93,995.24,7.50,1.77,23.85,29.93,0.00,0.00,15.84
869778,pac,61.500,170.250,986.13,985.84,7.72,1.82,36.87,37.67,0.00,0.00,9.93
869778,pac,50.500,172.500,965.42,965.29,17.21,2.85,56.98,57.73,0.00,176279.15,7.56
869778,pac,47.250,223.250,975.13,974.57,19.45,5.31,60.81,60.81,0.00,53617.34,9.15
869784,atl,60.000,-13.000,981.80,980.69,15.66,4.20,51.87,51.87,0.00,2277.30,7.55
869784,atl,54.500,-78.750,992.66,992.28,15.76,3.60,40.05,42.81,0.00,0.00,6.53
869784,pac,64.500,213.000,996.73,996.42,5.88,1.36,26.18,26.98,0.00,0.00,14.55
869784,pac,62.750,221.000,998.98,998.77,4.41,1.33,20.52,25.18,0.00,0.00,10.91
869784,pac,59.250,232.500,999.26,998.81,4.51,1.64,19.87,25.49,0.00,0.00,8.21
869784,pac,58.000,236.500,1000.63,1000.26,4.23,1.23,23.13,23.13,0.00,0.00,6.00
869784,pac,53.500,178.250,966.08,965.96,12.59,2.20,48.05,56.91,0.00,26125.49,7.49
869784,pac,48.250,224.500,974.83,974.06,20.92,5.64,56.34,56.34,0.00,28961.72,8.21
869790,atl,60.000,-11.750,979.39,978.70,16.39,4.15,55.85,55.85,0.00,12304.05,6.05
869790,atl,54.000,-79.500,997.00,996.55,13.62,3.38,39.17,41.62,0.00,0.00,5.38
869790,atl,42.250,-9.000,1004.75,1004.62,4.22,1.13,21.85,26.19,0.00,0.00,6.35
869790,atl,37.000,-9.000,1004.40,1004.15,4.66,1.06,33.20,34.01,0.00,0.00,5.96
869790,pac,63.250,221.250,999.45,999.10,4.10,1.35,18.38,25.65,0.00,0.00,12.49
869790,pac,54.750,183.750,964.04,963.92,10.10,1.59,40.01,51.01,0.00,1413.97,6.20
869790,pac,49.000,225.000,979.21,978.61,19.02,5.16,49.93,49.93,0.00,0.00,6.81
869796,atl,59.750,-10.500,978.66,978.15,17.56,4.61,50.02,50.02,0.00,368.73,6.81
869796,atl,58.750,-59.750,1000.27,1000.13,10.00,2.00,41.54,41.54,0.00,0.00,5.20
869796,atl,57.750,-66.750,1001.70,1001.47,7.83,1.59,39.90,40.94,0.00,0.00,5.69
869796,atl,53.000,-79.500,1003.34,1002.78,9.69,2.51,33.94,39.84,0.00,0.00,4.52
869796,atl,43.750,-4.250,1003.79,1003.55,5.10,1.26,35.83,35.83,0.00,0.00,7.33
869796,pac,64.750,227.500,999.81,997.81,5.42,1.82,15.68,17.23,0.00,0.00,12.87
869796,pac,56.250,189.000,961.36,961.12,10.72,1.99,25.81,39.39,0.00,0.00,4.06
869796,pac,49.500,225.250,985.32,984.85,15.51,4.11,43.71,43.71,0.00,0.00,4.72
869802,atl,59.750,-8.250,981.16,980.62,15.57,3.83,44.87,46.95,0.00,0.00,5.25
869802,atl,59.500,-56.000,997.25,996.98,11.76,2.38,44.98,49.42,0.00,0.00,5.95
869802,atl,45.250,-4.250,1000.78,1000.61,4.94,1.05,33.35,33.35,0.00,0.00,11.56
869802,pac,65.000,229.250,998.69,996.64,4.72,1.54,18.44,25.72,0.00,0.00,10.05
869802,pac,56.750,190.500,961.86,961.71,10.33,1.83,29.77,42.76,0.00,0.00,4.35
869802,pac,50.000,225.500,989.96,989.60,12.08,3.11,41.82,41.82,0.00,0.00,3.99
869808,atl,60.250,-55.000,996.03,995.82,12.84,2.82,56.67,56.67,0.00,14005.68,8.26
869808,atl,60.250,-6.000,983.80,983.33,14.43,3.51,45.49,45.49,0.00,0.00,4.85
869808,atl,47.500,-4.000,998.08,997.82,5.28,1.51,26.58,30.77,0.00,0.00,3.90
869808,pac,64.250,233.750,996.12,995.47,4.38,1.36,19.24,26.22,0.00,0.00,5.92
869808,pac,57.750,194.000,964.57,964.48,9.39,1.39,36.65,44.05,0.00,0.00,8.33
869808,pac,53.500,237.500,997.39,996.80,5.82,1.89,45.51,45.51,0.00,0.00,7.08
869808,pac,51.000,226.000,992.21,992.00,7.62,1.96,41.12,41.12,0.00,0.00,4.09
869814,atl,66.500,-79.500,1000.24,1000.18,9.02,1.87,27.33,32.13,0.00,0.00,5.39
869814,atl,60.750,-54.500,995.86,995.75,12.26,2.88,48.98,48.98,0.00,0.00,6.74
869814,atl,60.500,-4.500,985.02,984.53,13.86,3.73,39.83,40.50,0.00,0.00,4.94
869814,atl,58.750,-40.750,1001.00,1000.40,7.78,2.28,52.33,52.33,0.00,1176.63,14.68
869814,atl,49.250,-3.500,994.49,994.16,6.46,1.74,21.87,24.72,0.00,0.00,2.87
869814,pac,58.500,236.250,992.68,992.12,4.87,1.52,21.97,35.73,0.00,0.00,5.84
869814,pac,58.250,193.750,966.49,966.44,9.14,1.43,26.42,46.63,0.00,0.00,6.25
869814,pac,55.250,240.000,995.06,994.59,6.04,1.69,40.86,40.86,0.00,0.00,7.70
869814,pac,53.750,161.750,995.28,994.91,9.07,2.69,39.34,41.45,0.00,0.00,6.46
869814,pac,48.250,164.250,1000.23,999.79,8.06,2.29,53.92,53.92,0.00,58484.40,5.48
869820,atl,65.500,-76.500,999.85,999.72,9.25,2.09,26.02,32.65,0.00,0.00,8.24
869820,atl,60.750,-4.000,987.45,987.09,12.65,3.58,43.14,43.14,0.00,0.00,5.70
869820,atl,60.500,-54.000,998.08,997.93,11.15,2.73,37.89,37.89,0.00,0.00,6.54
869820,atl,59.250,-40.250,998.86,998.16,9.11,2.76,49.24,49.24,0.00,0.00,8.82
869820,atl,50.250,-2.750,994.39,994.01,6.34,1.65,28.73,28.93,0.00,0.00,2.85
869820,pac,60.500,237.000,987.59,987.34,6.80,1.46,26.13,27.76,0.00,0.00,9.19
869820,pac,58.500,193.000,969.68,969.60,8.93,1.44,25.06,48.05,0.00,0.00,4.94
869820,pac,54.250,162.250,995.55,994.68,10.80,3.45,38.68,42.29,0.00,0.00,10.53
869820,pac,48.500,167.250,1002.49,1002.06,5.78,1.86,50.44,50.44,0.00,2600.40,5.14
869826,atl,64.000,-74.000,1001.06,1000.91,8.13,1.89,27.29,31.49,0.00,0.00,6.04
869826,atl,60.750,-3.500,987.93,987.58,11.84,3.40,43.74,43.74,0.00,0.00,5.89
869826,atl,60.500,-52.750,1000.13,999.89,9.08,2.46,36.81,36.81,0.00,0.00,6.52
869826,atl,59.500,-39.250,996.98,996.47,10.07,3.18,44.62,46.24,0.00,0.00,6.62
869826,atl,58.250,-31.500,999.39,999.00,6.12,1.52,39.44,40.84,0.00,0.00,5.05
869826,atl,52.500,0.000,993.94,993.62,4.95,1.32,25.65,32.54,0.00,0.00,3.07
869826,atl,49.250,-61.750,1002.79,1002.48,9.51,2.04,39.44,39.44,0.00,0.00,6.34
869826,pac,62.000,238.000,983.30,983.04,8.40,2.11,28.10,39.16,0.00,0.00,9.82
869826,pac,58.750,191.000,971.81,971.71,9.49,1.51,25.83,47.35,0.00,0.00,4.58
869826,pac,58.000,209.000,978.82,978.68,4.74,0.89,39.06,39.06,0.00,0.00,8.54
869826,pac,54.000,162.250,998.32,997.66,9.27,2.94,41.33,44.18,0.00,0.00,13.29
869826,pac,53.250,225.500,982.60,982.17,10.27,2.76,50.56,52.18,0.00,9102.82,8.93
869832,atl,64.000,-54.750,1003.37,1003.22,6.26,1.90,29.14,31.88,0.00,0.00,4.89
869832,atl,61.750,-69.500,1003.89,1003.75,5.84,1.56,28.01,28.01,0.00,0.00,5.51
869832,atl,61.000,-3.250,988.01,987.73,11.21,3.33,42.20,42.20,0.00,0.00,5.72
869832,atl,60.000,-50.500,1003.44,1003.25,5.45,1.78,32.34,40.33,0.00,0.00,5.03
869832,atl,59.250,-38.000,997.82,997.52,9.84,3.04,43.66,43.66,0.00,0.00,6.33
869832,atl,56.500,-25.750,997.95,997.50,6.60,1.82,42.05,45.48,0.00,0.00,3.73
869832,atl,54.500,1.750,992.69,992.55,4.73,1.28,19.85,27.60,0.00,0.00,2.27
869832,atl,50.500,-61.000,1000.28,999.92,10.41,2.40,23.94,27.91,0.00,0.00,5.22
869832,atl,43.250,2.000,1002.15,1001.52,4.21,1.10,27.02,30.63,0.00,0.00,12.61
869832,pac,64.250,213.500,985.30,984.71,6.73,1.48,25.04,34.10,0.00,0.00,15.50
869832,pac,58.500,189.500,975.04,974.93,9.84,1.62,26.27,43.18,0.00,0.00,4.00
869832,pac,58.500,208.250,980.55,980.37,4.78,1.18,34.10,38.59,0.00,0.00,8.66
869832,pac,55.000,226.000,981.44,980.76,10.48,3.37,46.88,46.88,0.00,0.00,8.38
869832,pac,53.500,161.750,1001.42,1000.71,6.24,1.94,35.97,39.46,0.00,0.00,11.19
869832,pac,47.500,190.000,999.55,998.48,6.92,2.34,53.44,54.82,0.00,59510.91,5.21
869838,atl,65.250,-54.750,1002.73,1002.45,6.62,2.23,27.98,27.98,0.00,0.00,7.40
869838,atl,61.250,-3.500,987.07,986.79,11.09,3.33,46.93,46.93,0.00,0.00,5.94
869838,atl,61.000,-67.500,1004.12,1004.02,4.30,1.38,26.01,26.01,0.00,0.00,5.71
869838,atl,59.250,-36.000,998.91,998.65,7.76,2.15,43.98,43.98,0.00,0.00,5.58
869838,atl,56.500,3.500,990.46,990.20,5.41,1.46,23.98,23.98,0.00,0.00,3.65
869838,atl,54.750,-21.000,995.87,995.38,6.62,1.80,43.87,49.97,0.00,0.00,3.75
869838,atl,51.250,-60.500,996.77,996.47,10.57,2.75,27.22,29.39,0.00,0.00,5.39
869838,pac,63.750,214.000,984.82,984.39,6.67,1.51,26.87,27.26,0.00,0.00,11.85
869838,pac,63.250,218.000,985.08,984.58,5.86,1.45,21.13,27.26,0.00,0.00,9.44
869838,pac,62.500,223.250,985.46,984.96,4.78,1.41,15.64,24.55,0.00,0.00,9.14
869838,pac,62.000,204.500,982.42,982.13,4.40,0.91,19.03,25.57,0.00,0.00,6.30
869838,pac,59.000,207.750,981.99,981.76,4.19,1.06,26.40,36.63,0.00,0.00,5.43
869838,pac,58.250,189.000,977.82,977.72,9.68,1.61,32.13,40.26,0.00,0.00,3.75
869838,pac,56.500,226.250,983.38,982.90,7.40,2.31,41.47,41.47,0.00,0.00,7.33
869844,atl,66.250,-54.500,1002.20,1001.74,7.56,2.52,29.97,29.97,0.00,0.00,6.91
869844,atl,61.250,-4.500,987.83,987.49,10.60,3.14,43.81,43.81,0.00,0.00,5.77
869844,atl,59.500,-36.000,1001.54,1001.29,6.07,1.79,37.20,37.20,0.00,0.00,5.02
869844,atl,58.500,4.500,989.95,989.54,6.35,1.72,30.89,30.89,0.00,0.00,7.11
869844,atl,53.000,-55.000,994.92,994.61,9.40,2.11,30.63,34.08,0.00,0.00,5.30
869844,atl,52.000,-15.500,995.93,995.55,7.31,1.89,47.28,48.05,0.00,0.00,4.39
869844,atl,51.000,-59.500,995.10,994.73,11.27,3.09,36.85,38.68,0.00,0.00,5.53
869844,atl,41.750,3.250,1002.50,1002.16,6.39,1.54,40.97,43.65,0.00,0.00,15.01
869844,pac,59.250,213.000,983.79,983.58,4.57,0.77,24.97,41.44,0.00,0.00,4.33
869844,pac,57.000,192.000,982.07,981.99,8.19,1.39,35.10,46.10,0.00,0.00,4.22
869844,pac,49.750,165.750,999.63,999.26,6.81,1.45,32.37,39.76,0.00,0.00,3.46
869850,atl,67.750,-50.750,1001.81,1001.51,6.78,2.13,26.37,26.37,0.00,0.00,6.49
869850,atl,60.750,-4.500,988.27,987.90,10.23,2.88,42.95,42.95,0.00,0.00,5.29
869850,atl,54.000,-53.000,990.37,990.08,11.06,2.62,37.78,37.78,0.00,0.00,6.13
869850,atl,51.250,-12.750,996.09,995.77,7.59,1.83,45.65,48.94,0.00,0.00,4.00
869850,atl,42.500,5.500,998.96,998.70,9.05,3.02,43.84,43.84,0.00,0.00,14.50
869850,atl,32.750,6.250,1004.22,1003.85,4.26,1.35,36.72,36.72,0.00,0.00,6.06
869850,pac,62.750,197.750,987.49,987.23,6.17,1.08,25.49,47.82,0.00,0.00,5.93
869850,pac,62.250,208.000,984.71,984.22,6.78,1.29,20.14,30.31,0.00,0.00,9.83
869850,pac,62.250,225.500,987.53,986.82,6.67,1.47,13.45,33.82,0.00,0.00,15.14
869850,pac,59.250,212.250,984.78,984.60,5.23,0.97,34.01,41.24,0.00,0.00,6.93
869850,pac,57.250,193.500,984.80,984.69,6.96,1.41,36.91,44.35,0.00,0.00,4.02
869850,pac,50.750,171.000,997.27,996.60,7.66,2.07,33.47,37.67,0.00,0.00,3.66
869850,pac,50.750,204.250,993.85,993.27,9.12,2.72,57.10,57.10,0.00,157541.93,5.99
869856,atl,63.500,8.500,991.67,991.37,9.53,2.28,42.66,42.66,0.00,0.00,6.37
869856,atl,62.250,2.250,990.74,990.58,8.34,1.65,42.66,42.66,0.00,0.00,5.17
869856,atl,60.250,-3.500,990.09,989.72,9.35,2.51,41.88,41.88,0.00,0.00,5.50
869856,atl,55.250,-48.250,985.39,984.82,12.67,3.01,44.29,50.39,0.00,467.75,6.52
869856,atl,49.250,-8.000,996.72,996.41,8.19,1.79,47.98,49.76,0.00,0.00,4.14
869856,atl,42.250,6.750,996.21,995.06,11.60,3.95,60.04,60.04,0.00,15581.76,8.45
869856,atl,32.750,7.750,1004.91,1004.43,5.31,1.88,36.58,36.58,0.00,0.00,9.55
869856,pac,64.000,215.000,986.78,986.22,10.49,2.76,30.34,30.53,0.00,0.00,15.32
869856,pac,62.750,198.750,988.83,988.55,6.94,1.08,26.68,50.84,0.00,323.53,6.47
869856,pac,62.500,219.250,986.97,986.76,8.21,1.86,20.12,30.34,0.00,0.00,15.32
869856,pac,62.500,223.000,987.07,986.72,9.18,2.40,21.30,30.04,0.00,0.00,15.32
869856,pac,61.750,208.500,986.03,985.81,6.35,1.16,22.37,30.34,0.00,0.00,12.27
869856,pac,57.750,194.000,988.53,988.37,5.83,1.29,34.91,39.27,0.00,0.00,4.06
869856,pac,51.250,174.250,997.07,996.18,7.95,2.30,37.15,37.88,0.00,0.00,3.84
869856,pac,51.000,208.500,995.01,994.71,9.32,2.64,56.14,57.73,0.00,120156.79,5.92
869862,atl,64.750,9.750,993.71,993.37,8.28,1.81,41.88,41.91,0.00,0.00,6.46
869862,atl,62.500,1.500,990.56,990.32,9.27,2.41,41.91,41.91,0.00,0.00,4.44
869862,atl,55.750,-39.000,977.15,976.09,15.84,4.00,53.00,53.00,0.00,5595.23,6.28
869862,atl,55.500,-45.750,980.93,980.35,12.80,2.82,47.37,48.61,0.00,0.00,7.12
869862,atl,48.750,-7.500,996.93,996.76,9.53,2.18,49.50,49.50,0.00,0.00,4.15
869862,atl,43.000,8.250,996.10,994.67,9.50,2.97,50.46,50.46,0.00,576.53,7.69
869862,pac,62.500,198.750,989.41,988.98,7.61,1.28,30.22,51.71,0.00,2939.22,6.42
869862,pac,62.250,219.750,988.36,987.90,8.65,2.01,21.91,28.54,0.00,0.00,16.06
869862,pac,61.750,208.750,987.65,987.38,6.19,1.21,21.83,27.88,0.00,0.00,9.93
869862,pac,58.000,194.500,990.02,989.84,5.40,1.18,33.78,36.16,0.00,0.00,3.45
869862,pac,51.750,214.000,994.80,994.47,8.62,2.21,51.52,60.19,0.00,77581.28,5.70
869862,pac,51.500,178.250,996.39,995.44,8.49,2.55,43.42,43.42,0.00,0.00,5.32
869868,atl,66.500,-79.500,985.35,985.10,10.94,2.39,33.11,33.22,0.00,0.00,6.86
869868,atl,62.500,1.000,992.09,991.83,9.51,2.74,41.20,41.20,0.00,0.00,4.77
869868,atl,56.250,-40.250,971.36,970.09,18.91,5.06,55.73,55.73,0.00,54524.22,8.29
869868,atl,46.750,-5.750,1000.77,1000.53,8.76,2.13,48.13,48.13,0.00,0.00,4.24
869868,atl,44.000,9.250,998.71,997.71,5.62,1.70,44.58,44.58,0.00,0.00,11.50
869868,pac,63.000,218.250,991.49,991.02,8.65,2.34,21.33,28.17,0.00,0.00,18.50
869868,pac,62.750,225.500,993.17,992.55,8.88,2.22,18.47,27.14,0.00,0.00,18.50
869868,pac,62.500,198.750,990.52,990.17,8.80,1.65,31.75,52.74,0.00,3290.24,7.38
869868,pac,61.000,206.250,990.59,990.30,4.54,0.82,21.09,25.16,0.00,0.00,9.12
869868,pac,58.000,195.000,991.20,991.06,5.45,1.16,29.39,34.73,0.00,0.00,3.52
869868,pac,52.000,217.750,996.00,995.86,7.81,1.82,42.97,54.73,0.00,32513.14,4.91
869868,pac,51.750,186.500,997.29,996.90,6.52,1.48,47.62,48.57,0.00,0.00,7.14
869874,atl,66.750,-75.750,989.19,989.01,9.51,2.21,31.58,31.58,0.00,0.00,9.00
869874,atl,62.250,1.500,993.67,993.41,8.93,2.72,36.78,36.78,0.00,0.00,4.54
869874,atl,58.000,-36.000,972.26,971.55,16.03,3.46,56.59,58.38,0.00,92655.20,8.76
869874,atl,54.750,-39.500,969.25,968.24,19.95,5.12,58.38,58.38,0.00,153574.77,8.76
869874,atl,45.500,-3.750,1003.42,1003.11,7.10,1.99,50.27,50.27,0.00,558.22,5.73
869874,pac,63.250,218.750,993.82,993.46,8.66,2.50,23.09,29.36,0.00,0.00,19.28
869874,pac,63.000,226.250,995.89,995.39,8.61,2.14,18.94,25.24,0.00,0.00,19.28
869874,pac,62.250,199.000,992.42,992.11,8.67,1.59,36.98,50.23,0.00,332.69,8.07
869874,pac,61.500,205.750,992.16,992.01,5.39,1.08,20.21,34.16,0.00,0.00,10.12
869874,pac,57.750,196.000,992.42,992.30,5.40,1.21,26.64,33.80,0.00,0.00,3.55
869874,pac,53.250,221.750,997.49,997.25,6.29,1.44,33.61,46.25,0.00,0.00,4.98
869874,pac,51.250,194.500,997.29,997.11,5.82,1.21,44.55,53.83,0.00,2040.62,4.15
869874,pac,45.500,161.000,984.55,984.27,18.61,4.25,60.13,62.29,0.00,64277.68,6.37
869880,atl,66.750,-73.250,994.38,994.05,6.70,1.91,23.36,23.85,0.00,0.00,10.03
869880,atl,63.500,-63.000,996.70,996.54,4.76,1.23,25.06,31.88,0.00,0.00,10.03
869880,atl,62.500,3.000,996.51,996.33,7.14,2.34,31.06,31.06,0.00,0.00,5.22
869880,atl,59.500,-29.500,975.02,974.51,12.74,2.77,56.87,56.87,0.00,95317.73,6.68
869880,atl,53.500,-34.750,970.54,969.22,17.92,4.45,58.28,59.35,0.00,230001.41,7.32
869880,atl,43.250,7.500,1000.72,1000.24,6.27,1.92,37.22,37.22,0.00,0.00,6.15
869880,atl,37.500,-73.250,1002.74,999.42,15.18,5.16,53.81,53.81,0.00,7992.30,15.93
869880,pac,63.750,217.250,995.29,994.83,9.58,2.96,28.04,28.04,0.00,0.00,19.67
869880,pac,63.500,219.750,995.25,994.91,9.88,3.01,28.04,28.04,0.00,0.00,19.67
869880,pac,61.500,205.000,994.10,993.91,5.70,1.08,21.47,34.25,0.00,0.00,9.38
869880,pac,60.500,234.250,998.37,997.97,5.44,1.70,23.54,26.67,0.00,0.00,13.55
869880,pac,54.000,222.750,997.93,997.67,5.96,1.73,33.67,41.24,0.00,0.00,6.37
869880,pac,49.750,205.250,994.41,993.96,9.57,2.09,52.43,59.90,0.00,57944.95,4.73
869880,pac,48.250,164.500,981.36,980.78,21.99,4.89,52.68,52.99,0.00,63018.86,6.99
869886,atl,63.250,4.750,999.06,998.89,4.14,1.62,27.97,27.97,0.00,0.00,4.77
869886,atl,63.000,-58.000,997.79,997.69,4.44,1.32,28.70,33.35,0.00,0.00,5.46
869886,atl,60.250,-25.500,972.38,971.67,12.58,2.81,54.63,58.21,0.00,44819.25,8.76
869886,atl,54.250,-29.000,969.37,969.04,14.22,3.49,58.88,58.88,0.00,125993.24,6.87
869886,atl,42.750,7.750,1001.81,1001.42,6.22,1.75,37.92,37.99,0.00,0.00,7.90
869886,atl,38.000,-73.250,1001.51,999.32,16.39,5.35,50.05,50.05,0.00,600.55,9.66
869886,pac,63.750,216.750,998.35,997.82,8.80,2.71,22.04,24.82,0.00,0.00,21.16
869886,pac,63.250,221.000,997.98,997.72,9.54,2.93,22.04,24.68,0.00,0.00,21.16
869886,pac,61.500,202.750,996.95,996.73,6.54,1.01,18.41,35.79,0.00,0.00,9.65
869886,pac,54.500,222.750,997.15,996.98,5.49,1.69,31.44,32.02,0.00,0.00,7.94
869886,pac,50.750,167.000,981.11,980.39,21.82,5.02,57.51,57.51,0.00,74414.11,7.16
869886,pac,49.500,211.750,989.25,988.70,13.37,3.08,50.58,59.11,0.00,78942.06,5.23
869892,atl,62.000,-54.250,999.22,999.06,4.32,1.20,27.12,27.33,0.00,0.00,7.93
869892,atl,61.250,-18.500,972.86,972.35,12.27,2.65,55.46,55.46,0.00,37328.02,9.55
869892,atl,60.750,-25.500,970.66,970.20,13.20,3.21,55.46,55.46,0.00,74708.62,9.55
869892,atl,55.500,-24.500,968.67,968.18,12.90,3.49,54.18,54.18,0.00,61960.75,5.89
869892,atl,38.250,-73.500,1003.05,1000.98,14.61,4.75,45.43,45.43,0.00,0.00,8.47
869892,pac,64.000,216.000,1002.03,1001.57,7.76,2.45,24.87,24.87,0.00,0.00,23.53
869892,pac,63.250,221.500,1001.84,1001.54,8.02,2.42,20.31,24.12,0.00,0.00,23.53
869892,pac,62.500,202.000,999.62,999.32,8.77,1.64,35.32,41.93,0.00,0.00,10.81
869892,pac,61.250,233.250,1004.42,1003.94,4.46,1.70,12.80,16.21,0.00,0.00,19.21
869892,pac,54.750,222.250,995.75,995.57,5.01,1.46,32.29,43.22,0.00,0.00,7.84
869892,pac,52.500,167.750,982.29,981.65,20.82,4.96,58.51,58.77,0.00,115311.90,7.16
869892,pac,49.000,217.500,984.85,984.62,16.03,3.41,46.76,63.86,0.00,99764.24,7.88
869892,pac,36.750,163.250,1003.82,1003.26,5.55,1.47,41.25,41.25,0.00,0.00,3.04
869898,atl,62.000,-21.000,970.53,969.82,12.59,2.85,53.24,57.14,0.00,40045.55,9.69
869898,atl,58.750,-27.500,970.79,970.57,12.13,2.70,57.14,57.14,0.00,92508.61,7.01
869898,atl,57.250,-21.500,966.80,966.33,13.47,3.25,48.58,54.11,0.00,26314.64,6.82
869898,atl,38.250,-73.000,1004.94,1003.45,10.58,3.45,46.34,46.34,0.00,0.00,6.61
869898,pac,64.000,215.500,1004.48,1003.83,6.89,2.28,26.39,29.03,0.00,0.00,22.29
869898,pac,62.750,202.750,1001.42,1001.09,9.01,1.70,34.78,41.31,0.00,0.00,9.59
869898,pac,62.750,219.000,1004.58,1004.18,5.45,1.34,14.22,26.24,0.00,0.00,22.29
869898,pac,62.500,199.250,1001.80,1001.21,10.47,2.08,36.04,47.32,0.00,0.00,7.55
869898,pac,54.500,223.000,996.27,996.09,4.96,1.29,34.81,41.50,0.00,0.00,9.43
869898,pac,54.000,166.250,980.11,979.30,22.20,5.62,62.35,62.35,0.00,169368.87,9.66
869898,pac,48.500,223.750,984.78,984.35,15.92,3.25,48.05,62.41,0.00,49691.61,7.51
869898,pac,44.750,171.250,1000.93,1000.68,4.01,1.29,37.47,37.47,0.00,0.00,3.28
869898,pac,39.250,167.750,1001.61,1000.89,6.50,1.85,41.75,41.75,0.00,0.00,3.50
869904,atl,66.500,-79.250,981.86,981.49,14.59,3.00,41.50,42.45,0.00,0.00,9.07
869904,atl,64.500,-8.750,976.11,975.39,13.99,3.79,45.88,46.31,0.00,0.00,7.12
869904,atl,62.000,-44.750,998.96,998.17,4.17,1.53,30.53,34.00,0.00,0.00,6.55
869904,atl,58.500,-19.500,968.55,968.26,13.49,3.08,48.99,50.81,0.00,6654.00,5.65
869904,pac,64.250,215.250,1003.92,1003.62,8.75,2.94,25.79,28.67,0.00,0.00,18.86
869904,pac,62.500,220.250,1003.49,1003.21,7.09,1.64,11.06,24.59,0.00,0.00,20.97
869904,pac,62.000,204.750,1002.04,1001.82,7.30,1.31,20.71,29.50,0.00,0.00,8.34
869904,pac,55.250,221.750,998.53,998.42,4.50,1.43,30.15,36.21,0.00,0.00,7.58
869904,pac,54.750,163.750,974.51,973.06,25.50,7.41,64.64,64.97,4222.06,141385.39,13.63
869904,pac,49.000,226.750,983.88,983.44,17.43,3.71,48.96,58.48,0.00,59225.83,7.73
869904,pac,41.500,171.250,1001.30,1000.74,6.71,1.92,40.96,40.96,0.00,0.00,3.16
869910,atl,68.000,-75.250,983.03,982.76,13.98,3.88,34.34,35.75,0.00,0.00,10.39
869910,atl,66.250,-9.000,975.05,974.39,15.51,4.22,45.49,50.80,0.00,1173.54,7.09
869910,atl,62.250,-44.000,999.48,998.45,4.30,1.98,32.47,37.67,0.00,0.00,8.24
869910,atl,59.500,-17.000,969.58,969.38,13.71,3.02,50.60,50.60,0.00,1237.08,5.57
869910,atl,37.500,-69.000,1004.92,1004.18,8.54,2.76,47.95,47.95,0.00,0.00,4.77
869910,pac,62.500,219.750,1004.71,1004.37,7.03,1.73,14.77,23.34,0.00,0.00,18.10
869910,pac,62.250,204.750,1003.24,1002.84,7.95,1.67,21.30,28.83,0.00,0.00,7.73
869910,pac,58.750,208.250,1003.19,1003.02,4.31,1.07,33.83,33.83,0.00,0.00,7.73
869910,pac,55.000,163.000,974.07,971.76,22.89,5.91,54.85,63.75,0.00,78370.57,14.12
869910,pac,49.250,227.500,985.59,985.33,16.31,3.62,58.08,58.08,0.00,49300.32,6.61
869916,atl,68.250,-73.750,987.30,986.73,10.25,3.17,30.17,36.75,0.00,0.00,9.39
869916,atl,67.750,-10.000,975.57,975.15,17.02,4.36,51.29,53.26,0.00,49407.59,7.61
869916,atl,66.250,-62.250,991.77,990.90,6.99,1.68,36.75,38.31,0.00,0.00,8.24
869916,atl,62.500,-44.000,999.74,998.75,4.59,2.27,34.38,34.38,0.00,0.00,11.16
869916,atl,61.250,-14.250,973.96,973.79,11.70,2.62,49.15,49.15,0.00,0.00,7.61
869916,atl,38.000,-66.750,1004.19,1003.59,8.33,2.58,42.26,42.26,0.00,0.00,3.81
869916,pac,56.000,219.750,998.76,998.58,5.61,1.50,28.04,28.04,0.00,0.00,8.73
869916,pac,55.500,162.500,978.21,976.39,18.18,4.14,49.05,64.74,1981.34,74311.36,13.14
869916,pac,54.500,177.250,995.19,994.93,8.52,1.90,50.83,57.32,0.00,65431.78,5.53
869916,pac,49.000,229.500,988.21,988.05,15.13,3.20,57.16,57.16,0.00,61010.63,6.41
869922,atl,69.000,-56.000,993.76,993.62,6.41,1.45,31.49,34.53,0.00,0.00,9.58
869922,atl,68.750,-73.750,992.18,991.71,6.72,2.26,29.17,29.17,0.00,0.00,9.58
869922,atl,68.750,-10.250,974.97,974.67,17.73,4.36,56.72,56.72,0.00,78036.63,8.38
869922,atl,62.500,-12.000,975.95,975.69,11.12,2.76,41.57,43.94,0.00,0.00,8.81
869922,atl,44.250,-27.500,1001.37,1001.08,7.37,1.83,37.00,39.86,0.00,0.00,2.93
869922,atl,43.250,-62.000,1004.90,1004.82,4.68,1.02,28.56,29.13,0.00,0.00,6.28
869922,atl,38.750,-64.750,1002.68,1002.29,7.17,2.10,41.15,41.15,0.00,0.00,3.54
869922,pac,55.750,162.000,982.08,981.64,13.69,2.43,41.04,64.22,392.21,73274.60,12.62
869922,pac,55.500,220.250,999.38,999.18,5.05,1.24,30.68,30.68,0.00,0.00,10.44
869922,pac,49.250,231.250,991.86,991.65,12.63,2.94,50.15,50.15,0.00,1046.63,7.36
869928,atl,64.500,-41.750,999.66,998.63,4.68,2.14,42.60,42.60,0.00,0.00,14.31
869928,atl,64.250,-8.250,978.93,978.66,10.29,2.73,44.21,47.07,0.00,0.00,9.96
869928,atl,63.250,-17.500,987.15,986.77,4.37,1.23,44.05,44.21,0.00,0.00,9.96
869928,atl,60.000,-78.750,988.54,988.39,10.99,2.24,39.30,41.05,0.00,0.00,5.03
869928,atl,46.500,-63.750,1003.47,1003.36,4.33,1.05,31.70,31.70,0.00,0.00,5.95
869928,atl,44.500,-25.000,999.22,998.87,9.81,2.38,36.48,39.82,0.00,0.00,3.35
869928,atl,39.500,-62.750,1003.18,1002.93,6.28,1.78,38.03,38.03,0.00,0.00,3.01
869928,pac,61.250,209.750,1003.33,1003.13,6.69,1.29,30.24,30.56,0.00,0.00,14.45
869928,pac,57.250,171.750,989.90,989.43,12.22,2.67,67.50,68.66,11272.15,261009.91,13.17
869928,pac,56.250,161.250,985.84,985.57,11.30,1.69,49.50,61.08,0.00,98249.76,13.82
869928,pac,52.000,236.000,995.40,994.70,7.79,1.77,38.10,46.67,0.00,0.00,8.32
869928,pac,50.250,231.750,993.79,993.44,9.97,2.54,46.78,46.78,0.00,0.00,7.11
869928,pac,39.750,165.250,1001.81,999.72,10.87,4.05,53.84,53.84,0.00,12645.28,12.62
869934,atl,66.500,-36.250,1001.24,1000.36,4.82,2.06,46.56,46.56,0.00,0.00,16.44
869934,atl,62.500,-17.500,990.27,989.88,4.76,1.91,36.26,41.92,0.00,0.00,8.60
869934,atl,61.750,-78.250,985.29,985.05,13.50,2.96,36.04,37.12,0.00,0.00,4.69
869934,atl,61.250,-42.250,1002.64,1002.45,4.96,1.86,47.15,47.15,0.00,0.00,14.71
869934,atl,48.000,-63.000,999.77,999.63,5.56,1.26,36.83,36.83,0.00,0.00,7.29
869934,atl,45.500,-23.000,995.64,995.32,11.70,2.96,41.04,41.04,0.00,0.00,4.34
869934,atl,40.250,-60.500,1001.70,1001.56,5.81,1.52,37.38,37.38,0.00,0.00,3.18
869934,pac,58.750,211.000,1002.47,1002.30,5.07,1.20,29.08,29.40,0.00,0.00,8.09
869934,pac,57.750,170.750,989.85,989.14,11.86,2.93,66.21,66.21,3497.86,153930.60,14.00
869934,pac,52.500,235.250,997.47,997.06,8.06,1.71,34.22,37.09,0.00,0.00,7.35
869934,pac,50.750,231.500,996.53,996.26,8.17,2.07,37.09,37.09,0.00,0.00,6.38
869934,pac,41.000,169.000,995.64,993.80,14.78,5.36,61.48,61.48,0.00,43224.55,14.25
869934,pac,40.250,177.500,1004.02,1003.77,6.27,1.58,38.01,38.01,0.00,0.00,3.37
869940,atl,67.250,-33.500,1004.22,1003.30,4.25,2.14,51.44,51.44,0.00,628.63,15.09
869940,atl,63.000,-75.750,985.57,985.34,12.18,2.41,38.69,38.69,0.00,0.00,6.44
869940,atl,62.500,-17.000,992.87,992.18,6.36,2.50,38.58,38.58,0.00,0.00,9.79
869940,atl,49.750,-62.000,997.13,996.97,6.00,1.04,30.62,31.06,0.00,0.00,6.33
869940,atl,45.250,-22.750,994.93,994.67,13.25,3.33,45.90,45.90,0.00,0.00,5.42
869940,pac,58.000,170.500,992.11,991.27,10.45,2.91,56.89,56.89,0.00,47196.67,9.82
869940,pac,58.000,182.750,993.32,992.56,10.48,2.73,40.37,42.10,0.00,0.00,4.94
869940,pac,56.000,193.500,995.38,994.98,8.11,2.06,42.06,42.06,0.00,0.00,5.46
869940,pac,53.500,161.250,989.93,989.80,7.92,1.40,30.34,43.07,0.00,0.00,9.71
869940,pac,53.250,230.500,999.81,999.58,6.10,1.02,31.85,33.72,0.00,0.00,7.50
869940,pac,53.250,235.250,999.81,999.31,7.32,1.86,31.85,31.85,0.00,0.00,7.50
869940,pac,43.000,181.000,999.62,999.28,7.20,1.78,46.15,46.83,0.00,0.00,4.47
869940,pac,42.250,172.750,991.13,990.21,17.12,5.88,69.19,69.19,14641.84,117880.30,13.63
869946,atl,66.500,-72.250,985.17,984.86,12.50,3.24,36.83,39.76,0.00,0.00,12.47
869946,atl,62.250,-17.750,995.75,994.99,6.87,2.48,45.73,45.73,0.00,0.00,10.41
869946,atl,59.000,-63.000,992.07,991.70,5.71,1.32,28.79,36.62,0.00,0.00,5.72
869946,atl,45.000,-21.250,993.66,993.40,12.19,2.97,48.20,48.20,0.00,0.00,4.74
869946,pac,61.750,205.750,1001.16,1000.45,5.68,1.61,25.02,29.34,0.00,0.00,10.97
869946,pac,58.250,188.250,996.14,995.63,6.72,1.85,38.91,38.91,0.00,0.00,3.23
869946,pac,56.750,197.750,997.39,997.00,4.95,1.22,35.21,35.21,0.00,0.00,4.44
869946,pac,55.250,202.000,996.63,996.19,7.12,1.95,35.21,35.21,0.00,0.00,4.44
869946,pac,55.000,228.750,1003.70,1003.57,5.07,0.90,18.09,32.79,0.00,0.00,8.00
869946,pac,54.000,164.000,990.42,990.29,7.30,1.40,28.06,47.16,0.00,0.00,8.87
869946,pac,53.750,172.500,993.42,992.71,4.42,1.59,40.14,40.14,0.00,0.00,4.19
869946,pac,53.750,236.250,1003.51,1003.20,5.83,1.79,32.79,32.79,0.00,0.00,6.66
869946,pac,43.750,177.000,987.25,986.79,17.52,5.31,64.22,64.22,1164.22,136008.42,9.87
869952,atl,67.750,-71.500,987.60,986.93,10.54,3.02,35.81,35.89,0.00,0.00,9.37
869952,atl,67.000,-65.500,990.52,989.23,6.57,0.73,28.86,44.80,0.00,0.00,9.37
869952,atl,62.750,-10.000,1000.05,999.46,5.48,1.95,43.51,44.86,0.00,0.00,10.79
869952,atl,61.750,-17.750,1000.31,999.79,6.01,2.09,44.86,44.86,0.00,0.00,10.79
869952,atl,56.000,-60.250,992.91,992.84,8.23,1.94,34.97,36.57,0.00,0.00,10.35
869952,atl,50.500,-59.250,993.06,992.88,7.15,1.39,36.27,38.27,0.00,0.00,4.98
869952,atl,49.250,-17.000,996.32,995.96,8.09,2.03,35.96,42.44,0.00,0.00,4.31
869952,atl,48.000,-56.500,992.91,992.73,6.76,1.17,30.42,38.27,0.00,0.00,4.49
869952,atl,45.500,-19.000,996.17,996.00,8.77,1.87,44.33,44.33,0.00,0.00,3.58
869952,pac,64.250,213.750,1001.61,1000.47,9.68,2.83,30.15,30.62,0.00,0.00,16.38
869952,pac,62.250,220.250,1004.52,1003.94,7.21,1.67,23.14,27.34,0.00,0.00,16.38
869952,pac,62.000,206.250,999.54,998.90,4.84,1.12,28.37,29.83,0.00,0.00,11.49
869952,pac,56.000,172.500,990.30,989.17,10.02,2.63,41.84,51.70,0.00,5194.26,7.05
869952,pac,55.250,205.750,997.99,997.71,5.59,1.52,25.48,29.12,0.00,0.00,3.79
869952,pac,53.750,166.000,992.65,992.56,6.03,0.95,34.26,47.07,0.00,0.00,6.36
869952,pac,46.250,181.500,981.09,980.63,19.85,4.96,57.25,59.32,0.00,82979.29,8.63
869952,pac,43.750,235.000,1002.82,1002.20,8.12,2.27,38.62,45.02,0.00,0.00,6.05
869958,atl,69.000,-70.750,991.35,990.58,6.50,1.92,32.49,33.83,0.00,0.00,9.11
869958,atl,66.750,-65.000,990.66,989.63,7.48,1.59,30.78,44.65,0.00,0.00,9.11
869958,atl,61.250,-17.750,1002.84,1002.53,5.78,1.98,44.58,44.58,0.00,0.00,8.54
869958,atl,51.250,-16.250,991.04,990.25,10.95,2.94,36.56,38.03,0.00,0.00,4.93
869958,atl,48.250,-55.500,987.04,986.88,11.17,2.18,36.73,37.91,0.00,0.00,6.03
869958,pac,64.250,213.000,999.12,997.83,9.13,2.53,30.88,30.88,0.00,0.00,15.56
869958,pac,63.750,209.750,999.22,997.78,6.86,1.62,29.50,30.88,0.00,0.00,12.65
869958,pac,62.750,195.500,997.64,997.50,5.76,0.87,24.54,38.57,0.00,0.00,6.89
869958,pac,62.750,219.000,1001.39,1001.03,8.37,2.17,27.56,29.73,0.00,0.00,15.56
869958,pac,57.250,171.500,988.36,987.39,13.35,3.77,47.41,48.52,0.00,0.00,7.49
869958,pac,49.000,184.750,974.53,974.09,22.21,5.49,55.94,60.91,0.00,62451.08,8.73
869964,atl,66.750,-64.750,993.04,991.87,9.45,2.58,37.00,44.91,0.00,0.00,9.51
869964,atl,52.750,-16.250,989.61,988.89,12.39,3.25,36.86,38.50,0.00,0.00,4.69
869964,atl,49.250,-55.000,981.42,980.99,16.41,3.31,42.98,45.79,0.00,0.00,6.65
869964,pac,64.500,213.250,998.96,998.25,8.17,2.37,30.25,30.25,0.00,0.00,14.90
869964,pac,62.250,194.000,996.86,996.80,5.21,0.87,30.00,38.57,0.00,0.00,6.94
869964,pac,57.000,168.750,990.56,989.91,12.42,3.45,56.87,56.87,0.00,11425.92,7.14
869964,pac,50.500,187.500,972.82,972.51,21.36,4.84,56.61,56.61,0.00,116276.10,9.15
869970,atl,66.000,-62.750,997.71,996.99,9.64,2.72,45.56,45.92,0.00,0.00,12.26
869970,atl,53.750,-16.500,988.85,988.41,12.46,3.16,43.92,43.92,0.00,0.00,4.67
869970,atl,50.250,-56.250,979.01,978.58,19.48,4.15,49.28,51.74,0.00,2065.64,8.94
869970,pac,64.500,214.000,1000.02,999.49,6.05,1.89,32.26,32.26,0.00,0.00,15.31
869970,pac,56.250,167.250,991.07,990.68,12.46,3.76,52.50,52.50,0.00,1237.08,8.50
869970,pac,52.000,190.500,973.05,972.91,18.92,3.76,60.22,60.22,0.00,145468.25,7.64
869976,atl,54.500,-17.750,991.48,991.34,11.01,2.58,43.99,43.99,0.00,0.00,4.78
869976,atl,50.250,-57.750,981.49,980.71,20.76,5.06,52.22,52.22,0.00,36876.56,8.74
869976,atl,48.500,-15.250,994.70,994.60,4.30,0.68,24.15,33.85,0.00,0.00,3.36
869976,atl,46.500,-18.750,995.15,994.94,5.44,1.22,31.45,34.30,0.00,0.00,2.58
869976,atl,45.000,-40.000,1001.55,1001.42,4.21,1.03,31.57,32.02,0.00,0.00,2.61
869976,atl,45.000,-4.500,1002.97,1002.66,4.74,1.37,30.23,32.30,0.00,0.00,8.47
869976,atl,40.750,-45.500,999.10,998.63,5.93,1.73,46.26,46.26,0.00,0.00,5.89
869976,pac,64.500,213.250,997.54,995.91,5.12,1.53,33.67,49.26,0.00,0.00,15.01
869976,pac,55.500,167.000,993.90,993.21,10.89,2.97,48.88,48.88,0.00,0.00,7.75
869976,pac,54.000,194.250,972.15,971.97,16.84,3.57,52.13,54.90,0.00,77110.43,6.76
869982,atl,54.000,-19.750,991.58,991.46,10.02,2.15,42.14,52.24,0.00,5317.82,5.70
869982,atl,49.500,-58.250,985.99,985.04,18.86,4.67,51.02,54.02,0.00,19517.94,7.21
869982,atl,49.000,-15.500,992.83,992.49,4.95,0.89,23.96,33.02,0.00,0.00,3.41
869982,atl,42.250,-44.250,991.26,990.65,9.87,3.06,48.06,48.06,0.00,0.00,7.18
869982,pac,55.750,198.000,972.00,971.71,14.55,3.11,47.27,50.59,0.00,962.12,6.49
869982,pac,55.000,169.250,994.29,993.92,9.66,2.04,43.44,43.44,0.00,0.00,6.04
869988,atl,53.500,-22.250,992.22,992.07,10.01,2.22,39.97,49.56,0.00,0.00,5.38
869988,atl,49.250,-58.000,995.40,995.04,12.68,3.01,40.21,44.17,0.00,0.00,6.22
869988,atl,48.000,-15.500,992.53,992.36,7.33,1.70,34.76,34.76,0.00,0.00,3.03
869988,atl,43.500,-43.500,986.62,985.92,12.68,3.55,56.62,56.62,0.00,11821.99,9.16
869988,pac,61.750,199.500,974.03,973.85,12.64,2.50,33.68,37.27,0.00,0.00,12.27
869988,pac,57.750,201.250,974.59,974.41,11.89,2.41,42.27,53.31,0.00,4555.84,6.76
869988,pac,55.000,170.500,995.30,995.07,9.49,1.95,41.38,41.38,0.00,0.00,4.96
869994,atl,52.750,-24.500,991.85,991.68,8.69,1.93,32.19,48.09,0.00,0.00,5.17
869994,atl,49.250,-15.250,992.50,992.38,7.13,1.60,33.46,35.85,0.00,0.00,2.99
869994,atl,48.500,-56.750,1000.82,1000.52,6.38,1.80,38.02,40.33,0.00,0.00,6.50
869994,atl,44.750,-43.000,981.32,980.58,14.45,3.64,53.88,53.88,0.00,26991.77,7.58
869994,pac,64.250,210.500,979.78,979.01,8.19,1.81,36.39,45.29,0.00,0.00,17.82
869994,pac,62.500,199.000,975.74,975.45,12.29,2.51,36.30,42.32,0.00,0.00,10.50
869994,pac,55.250,172.000,995.55,995.32,9.32,1.97,40.84,40.84,0.00,0.00,4.71
870000,atl,52.250,-27.500,991.07,990.76,8.01,1.95,27.74,43.35,0.00,0.00,4.03
870000,atl,50.250,-15.000,994.54,994.35,6.86,1.67,31.29,31.29,0.00,0.00,2.87
870000,atl,45.500,-43.000,979.08,978.36,14.91,3.66,51.51,51.97,0.00,19274.22,6.04
870000,pac,65.500,217.250,982.07,981.29,9.52,1.94,39.53,39.53,0.00,0.00,17.67
870000,pac,65.000,213.000,981.45,981.10,8.37,1.61,39.53,39.53,0.00,0.00,17.67
870000,pac,64.000,203.250,981.04,980.94,9.08,1.47,30.50,35.89,0.00,0.00,17.46
870000,pac,63.000,222.250,984.22,983.87,8.90,2.69,39.11,43.12,0.00,0.00,16.91
870000,pac,55.500,173.000,997.52,997.32,8.39,1.83,37.95,37.95,0.00,0.00,4.01
870000,pac,33.500,176.250,998.84,996.72,17.10,4.74,68.89,68.89,1944.30,99727.32,9.06
870006,atl,51.750,-30.750,990.27,990.03,4.95,1.21,26.82,39.63,0.00,0.00,3.61
870006,atl,45.000,-44.500,975.09,974.49,15.98,3.99,51.62,52.61,0.00,24582.19,5.88
870006,pac,66.000,221.250,984.67,984.25,7.76,1.67,35.41,37.88,0.00,0.00,16.44
870006,pac,66.000,221.500,984.67,984.25,7.78,1.66,35.41,37.88,0.00,0.00,16.44
870006,pac,65.500,231.750,985.99,984.52,8.76,2.09,37.88,37.88,0.00,0.00,8.66
870006,pac,65.250,228.750,986.00,984.52,7.44,1.52,37.88,37.88,0.00,0.00,8.84
870006,pac,65.000,203.750,984.83,984.46,9.24,1.81,26.90,36.34,0.00,0.00,17.62
870006,pac,55.500,174.000,997.86,997.70,8.32,1.83,37.07,37.07,0.00,0.00,3.74
870006,pac,34.250,179.750,996.60,995.54,18.28,5.10,65.26,65.26,6408.28,104996.46,11.33
870012,atl,46.500,-34.250,981.36,980.97,6.47,1.58,35.80,40.37,0.00,0.00,3.18
870012,atl,43.250,-44.500,974.00,973.38,16.48,4.50,58.69,58.69,0.00,143171.02,7.05
870012,pac,66.000,223.750,990.85,990.35,4.18,1.10,27.11,30.32,0.00,0.00,14.99
870012,pac,64.500,234.000,987.60,986.50,7.85,2.04,32.18,32.18,0.00,0.00,7.97
870012,pac,59.500,213.500,993.59,993.08,9.57,2.62,49.19,53.78,0.00,14729.35,14.69
870012,pac,55.500,175.000,1000.18,1000.06,7.99,1.86,35.98,35.98,0.00,0.00,3.79
870012,pac,36.000,184.250,994.42,993.66,18.73,4.54,69.51,69.51,21397.88,160742.53,8.58
870018,atl,42.000,-41.750,974.36,973.18,14.54,3.81,56.08,57.78,0.00,230255.29,5.64
870018,pac,60.000,213.750,998.43,997.79,9.53,2.61,52.39,52.39,0.00,8386.94,15.05
870018,pac,55.500,176.500,1001.35,1001.16,7.25,1.71,35.45,35.45,0.00,0.00,3.58
870018,pac,36.250,187.250,992.74,991.81,20.20,5.46,78.85,78.85,42450.74,252368.28,10.36
870024,atl,49.000,-35.000,981.09,980.85,7.53,1.95,44.38,44.38,0.00,0.00,3.87
870024,atl,42.750,-37.750,975.32,974.23,13.18,3.59,50.52,55.15,0.00,53243.99,5.22
870024,pac,60.000,213.500,1003.84,1003.11,9.24,2.99,50.35,50.35,0.00,1612.20,14.21
870024,pac,57.250,237.500,1001.02,1000.19,4.43,1.61,23.51,26.51,0.00,0.00,7.05
870024,pac,55.750,178.000,1002.78,1002.62,6.70,1.68,33.30,33.30,0.00,0.00,3.50
870024,pac,36.250,190.250,995.11,994.36,19.06,5.35,70.95,70.95,23038.76,307547.44,9.17
870030,atl,49.250,-37.750,981.00,980.83,6.71,1.65,41.36,41.36,0.00,0.00,3.99
870030,atl,44.250,-35.250,973.90,972.68,13.82,4.00,50.16,55.12,0.00,15780.84,6.02
870030,pac,56.250,189.500,1002.35,1001.57,9.65,2.96,38.02,38.02,0.00,0.00,4.25
870030,pac,55.750,179.000,1003.43,1003.21,5.13,1.42,33.77,33.77,0.00,0.00,3.06
870030,pac,48.250,164.000,985.91,985.67,11.93,2.30,49.05,49.43,0.00,0.00,4.55
870030,pac,45.750,199.500,1001.99,1001.06,16.18,4.31,55.54,55.54,0.00,28085.24,6.91
870030,pac,36.000,193.000,997.18,996.30,18.18,5.19,70.85,70.85,31057.22,269408.83,8.63
870036,atl,49.250,-40.500,983.49,983.13,7.32,2.03,41.33,41.33,0.00,0.00,3.93
870036,atl,46.000,-33.000,975.69,974.76,14.62,4.32,54.57,54.57,0.00,23104.99,6.68
870036,pac,58.000,191.250,1001.51,1000.22,10.85,3.49,37.90,37.90,0.00,0.00,6.73
870036,pac,48.500,202.500,1000.37,999.47,18.47,5.11,54.79,54.79,0.00,12598.76,7.41
870036,pac,35.250,194.750,997.93,996.99,18.83,5.59,63.14,63.14,0.00,202103.91,8.64
870042,atl,49.000,-41.750,984.04,983.70,8.25,2.39,35.04,35.04,0.00,0.00,4.25
870042,atl,48.000,-31.250,976.76,976.09,14.27,4.08,46.32,48.69,0.00,0.00,5.41
870042,pac,59.250,192.750,1002.05,1001.26,10.23,3.32,35.07,35.07,0.00,0.00,5.96
870042,pac,51.000,205.750,994.76,993.36,24.30,7.19,53.36,53.36,0.00,40782.68,11.46
870042,pac,34.500,196.250,999.16,998.14,19.09,5.49,62.89,62.89,0.00,244074.57,8.24
870048,atl,49.750,-29.500,979.86,979.34,13.70,3.76,47.80,47.80,0.00,0.00,5.75
870048,atl,48.750,-41.500,986.18,985.73,8.12,2.41,33.63,33.63,0.00,0.00,4.71
870048,pac,60.500,193.750,1003.94,1003.54,8.29,2.64,30.45,32.71,0.00,0.00,6.70
870048,pac,52.500,163.750,975.11,974.23,16.56,3.94,60.10,66.98,1543.72,169042.70,9.18
870048,pac,52.250,209.750,982.81,981.43,34.73,10.54,74.87,74.87,26194.74,277838.03,17.18
870048,pac,49.000,162.000,973.58,972.02,22.75,6.05,69.11,69.11,55421.64,376598.23,9.89
870048,pac,34.000,196.250,1001.45,1000.57,17.50,4.92,60.33,60.33,0.00,154869.41,6.64
870054,atl,51.750,-27.750,982.01,981.56,11.99,3.15,46.19,46.19,0.00,0.00,5.53
870054,atl,48.750,-41.250,986.45,986.04,8.08,2.45,34.88,34.88,0.00,0.00,4.42
870054,pac,55.000,172.000,976.89,975.90,14.67,3.12,53.66,54.67,0.00,96947.95,6.39
870054,pac,52.750,215.500,980.90,979.42,35.33,9.32,75.78,75.78,66816.44,341208.56,12.82
870054,pac,50.250,167.750,974.26,973.18,20.88,4.94,68.36,68.36,50368.77,426410.66,8.83
870054,pac,33.250,195.500,1003.18,1002.15,16.23,4.62,49.91,49.91,0.00,0.00,5.99
870060,atl,54.000,-26.500,985.07,984.70,10.57,2.68,45.55,45.55,0.00,0.00,5.09
870060,atl,48.750,-40.500,987.88,987.45,8.76,2.70,39.88,39.88,0.00,0.00,4.60
870060,atl,44.500,-65.500,999.36,999.08,11.28,2.71,39.63,41.70,0.00,0.00,7.10
870060,pac,55.750,173.250,976.81,976.00,16.32,3.42,52.06,58.58,0.00,92667.94,6.88
870060,pac,52.500,173.000,977.95,977.52,16.28,3.15,60.76,62.31,0.00,261533.49,7.38
870060,pac,52.250,220.000,985.48,984.57,28.46,7.00,69.14,69.58,53881.29,307322.58,8.92
870066,atl,55.750,-26.000,985.41,985.06,10.13,2.58,43.01,43.01,0.00,0.00,4.51
870066,atl,48.750,-39.000,989.44,989.14,8.32,2.57,42.23,42.23,0.00,0.00,4.56
870066,atl,44.250,-62.250,990.19,989.09,15.92,4.28,45.09,47.78,0.00,0.00,6.04
870066,pac,59.750,190.000,984.63,983.94,13.86,3.30,43.52,49.80,0.00,0.00,7.01
870066,pac,54.750,177.750,978.09,977.85,15.85,2.85,57.64,60.81,0.00,163779.12,7.01
870066,pac,50.750,224.250,988.99,988.20,23.86,5.80,63.61,64.71,4613.48,254251.52,7.80
870072,atl,57.750,-25.500,986.02,985.72,9.48,2.32,39.32,39.32,0.00,0.00,4.23
870072,atl,49.250,-36.250,991.93,991.61,7.34,2.24,41.66,41.66,0.00,0.00,4.61
870072,atl,43.750,-60.750,984.69,983.42,19.62,5.13,58.39,58.39,0.00,37006.18,10.21
870072,pac,62.000,192.000,981.09,980.19,17.41,4.76,49.25,49.25,0.00,0.00,7.24
870072,pac,57.000,182.000,981.01,980.90,14.83,2.88,53.74,53.74,0.00,47321.66,5.54
870072,pac,48.750,227.500,993.33,992.73,19.40,4.79,58.78,58.80,0.00,193259.68,6.14
870078,atl,62.000,-10.250,997.92,997.61,4.16,1.18,27.64,30.17,0.00,0.00,3.92
870078,atl,59.250,-25.000,984.87,984.64,9.32,2.22,37.96,37.96,0.00,0.00,3.94
870078,atl,50.250,-33.000,994.31,994.11,5.59,1.66,44.60,44.60,0.00,0.00,3.84
870078,atl,43.250,-58.500,979.04,978.36,21.63,4.92,59.60,59.60,0.00,178242.57,9.36
870078,pac,63.500,192.500,979.62,978.96,18.48,5.12,48.40,48.40,0.00,0.00,8.29
870078,pac,58.750,186.250,982.62,982.43,13.60,3.03,48.08,49.90,0.00,0.00,5.43
870078,pac,46.250,229.750,996.61,996.16,16.95,4.00,56.74,56.74,0.00,159864.70,6.01
870084,atl,63.750,-7.500,996.09,995.85,5.15,1.50,34.35,34.35,0.00,0.00,3.40
870084,atl,61.500,-47.250,997.02,996.69,4.88,1.64,36.13,38.95,0.00,0.00,8.02
870084,atl,60.750,-24.000,985.47,985.24,9.08,2.08,34.40,34.79,0.00,0.00,3.87
870084,atl,42.750,-56.750,978.39,978.03,20.57,4.31,73.31,73.31,31958.63,291367.12,9.24
870084,pac,64.750,193.250,983.10,982.79,16.01,3.91,41.82,41.82,0.00,0.00,10.18
870084,pac,60.250,190.750,986.57,986.34,11.36,2.45,33.54,49.16,0.00,0.00,5.61
870084,pac,43.500,231.750,999.58,999.14,13.76,3.25,55.62,55.63,0.00,94665.83,4.85
870090,atl,65.250,-4.250,994.18,993.90,5.64,1.65,28.91,30.98,0.00,0.00,3.37
870090,atl,63.500,-48.250,996.77,996.38,7.27,1.80,43.85,48.22,0.00,0.00,13.84
870090,atl,61.750,-23.500,984.99,984.76,9.61,2.12,32.12,34.37,0.00,0.00,4.42
870090,atl,43.000,-54.250,977.24,976.94,18.78,3.68,62.95,65.53,25065.54,241760.11,8.14
870090,pac,66.000,192.500,985.33,985.00,14.85,3.86,42.43,42.43,0.00,0.00,9.74
870090,pac,60.000,212.250,1003.42,1002.50,5.22,2.15,41.11,41.11,0.00,0.00,13.03
870090,pac,41.250,233.250,1003.57,1003.25,11.23,2.71,50.23,50.23,0.00,1181.78,4.76
870096,atl,66.500,-2.250,994.11,993.90,4.59,1.13,32.39,32.39,0.00,0.00,3.19
870096,atl,62.500,-22.250,986.59,986.30,9.99,2.28,29.94,41.86,0.00,0.00,4.86
870096,atl,61.750,-47.500,999.58,999.09,5.87,1.58,37.79,45.96,0.00,0.00,12.26
870096,atl,43.750,-52.500,978.64,978.34,17.44,3.60,58.86,63.35,0.00,153347.17,7.00
870102,atl,63.500,-48.250,1000.23,999.94,7.95,2.06,42.44,47.42,0.00,0.00,15.13
870102,atl,62.750,-21.000,988.23,987.93,9.52,2.16,30.03,43.50,0.00,0.00,5.15
870102,atl,56.500,-7.250,1000.00,999.38,6.17,1.96,35.73,35.73,0.00,0.00,5.37
870102,atl,46.000,-50.000,977.95,977.67,17.41,3.26,53.62,55.83,0.00,72051.30,8.03
870102,pac,62.250,219.750,996.68,996.34,4.95,1.51,34.42,34.42,0.00,0.00,9.88
870108,atl,63.250,-47.000,1000.58,1000.17,8.30,2.51,32.29,44.11,0.00,0.00,16.75
870108,atl,63.000,-18.500,992.87,992.60,8.23,1.81,30.17,39.71,0.00,0.00,5.47
870108,atl,58.750,-0.250,996.96,996.64,7.64,2.01,33.04,45.45,0.00,0.00,5.75
870108,atl,48.000,-48.750,979.50,979.28,18.10,3.94,58.43,58.43,0.00,110972.96,8.14
870108,pac,61.250,236.500,997.11,996.82,4.95,1.27,20.56,27.10,0.00,0.00,8.74
870108,pac,61.000,208.500,998.63,998.36,5.25,1.36,35.84,39.53,0.00,0.00,8.83
870108,pac,60.250,212.250,998.83,998.63,4.35,1.01,35.84,38.88,0.00,0.00,8.87
870108,pac,53.250,162.500,1000.31,999.83,14.69,3.36,45.91,49.61,0.00,0.00,6.23
870108,pac,36.500,163.250,1004.84,1004.44,7.57,1.86,33.01,33.01,0.00,0.00,3.19
870114,atl,66.000,-46.750,999.19,998.96,9.06,3.14,27.84,43.32,0.00,0.00,14.09
870114,atl,63.750,-10.500,996.04,995.94,5.91,1.04,23.86,32.79,0.00,0.00,7.31
870114,atl,59.000,2.250,994.37,994.14,8.78,2.51,37.09,37.71,0.00,0.00,4.68
870114,atl,52.000,-45.750,980.74,980.32,16.32,3.73,50.53,50.53,0.00,5461.97,7.17
870114,pac,60.750,238.250,994.31,993.97,5.06,1.13,29.68,33.76,0.00,0.00,10.24
870114,pac,59.750,214.000,997.84,997.60,6.86,1.54,43.29,50.74,0.00,1185.34,11.47
870114,pac,55.000,165.000,1000.17,999.87,14.24,3.34,45.75,48.40,0.00,0.00,6.90
870114,pac,37.500,166.250,1004.45,1003.95,6.81,1.76,31.82,32.29,0.00,0.00,2.97
870120,atl,66.500,-1.750,998.70,998.59,4.35,0.92,32.90,32.90,0.00,0.00,4.22
870120,atl,57.750,6.750,994.99,994.68,8.94,2.50,42.79,42.79,0.00,0.00,5.53
870120,atl,55.750,-43.500,979.39,979.09,16.66,3.82,51.44,53.10,0.00,27678.89,7.34
870120,pac,61.750,225.000,993.90,993.35,4.27,1.29,22.04,29.35,0.00,0.00,9.45
870120,pac,60.500,231.000,992.65,992.48,4.81,1.11,29.35,39.42,0.00,0.00,8.08
870120,pac,58.750,220.250,996.97,996.82,4.22,0.95,32.34,42.09,0.00,0.00,9.45
870120,pac,57.750,237.750,992.39,991.93,5.90,1.43,39.42,39.42,0.00,0.00,7.53
870120,pac,56.500,167.250,1001.37,1001.13,12.41,2.87,44.75,44.75,0.00,0.00,6.60
870120,pac,42.250,173.500,1002.77,1002.62,10.71,1.85,47.87,49.07,0.00,0.00,5.02
870126,atl,58.750,-41.500,976.35,975.99,16.45,3.43,58.13,58.13,0.00,29294.43,10.95
870126,atl,51.500,-79.000,995.40,995.30,8.62,1.53,24.01,28.20,0.00,0.00,4.00
870126,atl,38.250,-43.250,1004.35,1003.91,5.80,1.44,36.99,36.99,0.00,0.00,2.67
870126,pac,58.500,221.500,996.09,995.86,5.91,1.37,37.27,43.18,0.00,0.00,8.30
870126,pac,58.250,237.250,993.31,993.17,5.00,1.18,29.74,34.54,0.00,0.00,6.72
870126,pac,57.750,170.000,1000.63,1000.39,11.81,2.53,48.64,48.64,0.00,0.00,7.42
870126,pac,44.250,176.500,998.28,998.09,12.55,2.44,46.96,48.98,0.00,0.00,5.38
870132,atl,61.000,-39.750,974.07,973.69,16.68,3.59,65.22,65.22,2056.36,48778.44,12.23
870132,atl,58.750,8.500,996.66,996.31,8.02,2.03,39.36,39.36,0.00,0.00,6.68
870132,atl,53.500,-76.750,995.21,995.13,7.65,1.33,29.35,29.35,0.00,0.00,3.56
870132,pac,58.000,172.000,1000.50,1000.45,10.36,2.05,44.21,44.21,0.00,0.00,7.84
870132,pac,57.750,222.500,997.19,997.00,6.61,1.54,41.15,43.64,0.00,0.00,10.79
870132,pac,57.250,237.500,995.89,995.58,4.15,1.15,26.44,26.44,0.00,0.00,6.95
870132,pac,46.500,180.250,993.35,993.06,14.78,3.04,49.43,53.82,0.00,10840.06,5.65
870138,atl,63.250,-47.750,981.52,980.38,12.23,3.05,50.68,66.51,656.23,30613.79,22.44
870138,atl,61.750,-38.500,972.20,971.89,16.36,3.91,57.02,70.69,9351.54,56300.30,12.46
870138,atl,54.750,-74.000,993.91,993.83,8.02,1.38,27.44,31.66,0.00,0.00,4.16
870138,atl,44.750,-38.250,1002.49,1001.61,8.89,2.16,44.62,44.62,0.00,0.00,4.30
870138,pac,56.750,173.750,998.02,997.98,8.17,1.52,39.04,40.29,0.00,0.00,4.96
870138,pac,56.750,223.250,999.89,999.71,6.35,1.38,37.91,43.17,0.00,0.00,13.61
870138,pac,56.500,237.750,996.99,996.87,4.41,1.07,26.51,32.09,0.00,0.00,9.00
870138,pac,52.000,237.000,997.66,996.80,5.84,2.24,33.01,33.01,0.00,0.00,14.38
870138,pac,49.500,184.250,989.96,989.76,15.16,2.89,54.32,55.19,0.00,38537.78,6.18
870144,atl,63.750,-33.000,974.23,974.02,14.55,3.03,60.52,65.23,1765.00,65130.68,15.74
870144,atl,63.000,-38.000,974.64,974.24,14.13,3.01,59.49,60.52,0.00,58655.62,15.74
870144,atl,55.750,-72.500,994.17,993.96,9.01,1.80,24.84,30.39,0.00,0.00,5.95
870144,atl,46.000,-36.500,1001.06,1000.36,11.41,2.79,53.36,53.36,0.00,4330.70,5.79
870144,pac,52.750,187.500,985.09,984.83,15.65,2.91,57.42,57.42,0.00,57641.67,9.13
870144,pac,52.250,237.500,994.10,993.44,7.46,2.67,32.64,32.64,0.00,0.00,8.86
870150,atl,65.250,-30.500,974.48,974.25,15.27,3.57,62.90,63.27,0.00,58071.40,20.17
870150,atl,56.500,-71.250,994.17,993.88,9.47,2.05,30.74,35.69,0.00,0.00,9.23
870150,atl,49.000,-63.250,999.72,999.53,6.49,1.54,34.05,35.42,0.00,0.00,5.81
870150,atl,49.000,-34.500,998.57,997.62,12.09,3.52,48.44,48.44,0.00,0.00,6.93
870150,pac,55.750,188.750,979.36,979.09,16.63,3.09,50.33,55.33,0.00,31734.06,7.22
870150,pac,52.250,237.250,997.75,997.39,5.65,1.95,29.00,29.00,0.00,0.00,7.33
870156,atl,68.500,-10.500,982.37,981.92,15.39,3.29,46.11,61.91,0.00,13235.86,10.08
870156,atl,65.500,-29.750,977.92,977.39,14.17,3.37,60.01,61.91,0.00,57504.67,21.33
870156,atl,57.000,-70.250,995.83,995.55,9.48,2.27,36.24,39.20,0.00,0.00,10.41
870156,atl,50.750,-32.000,1002.08,1001.65,8.75,2.52,41.57,43.97,0.00,0.00,5.22
870156,atl,49.250,-61.250,1000.00,999.77,6.12,1.48,29.17,31.11,0.00,0.00,4.70
870156,atl,48.250,-77.500,1000.96,1000.73,6.20,1.47,26.70,29.92,0.00,0.00,3.17
870156,pac,57.250,190.000,977.94,977.55,17.54,3.41,49.53,58.77,0.00,81542.73,6.49
870162,atl,67.500,-37.250,990.16,989.88,7.02,1.75,49.42,58.78,0.00,20532.19,16.89
870162,atl,65.750,-27.500,981.02,980.63,12.23,3.32,60.12,60.58,0.00,54981.85,16.89
870162,atl,57.250,-70.250,998.13,997.83,8.04,1.84,35.89,38.29,0.00,0.00,9.08
870162,atl,54.250,-65.750,998.66,998.31,4.50,1.18,28.46,35.89,0.00,0.00,5.72
870162,atl,51.750,-29.500,1003.75,1003.43,6.30,1.81,35.86,39.85,0.00,0.00,3.42
870162,atl,47.500,-74.000,1000.03,999.89,5.44,1.20,40.50,44.58,0.00,0.00,4.48
870162,atl,44.250,-71.000,1000.01,999.72,6.53,1.66,44.58,44.58,0.00,0.00,4.69
870162,pac,58.000,192.250,980.69,980.25,16.61,3.42,49.80,57.77,0.00,41834.02,9.01
870162,pac,56.000,202.000,986.12,985.35,13.89,3.14,51.15,53.82,0.00,4458.46,11.76
870168,atl,67.500,-36.250,994.06,993.26,7.24,1.85,49.23,54.92,0.00,18991.03,13.84
870168,atl,65.250,-28.500,983.51,983.20,12.65,3.70,54.92,54.92,0.00,36399.98,13.84
870168,atl,60.500,-40.500,996.13,995.91,6.36,1.46,40.38,40.38,0.00,0.00,11.02
870168,atl,53.500,-64.000,1000.23,999.79,4.50,1.15,19.78,29.52,0.00,0.00,3.24
870168,atl,45.250,-67.250,999.62,999.44,5.64,1.29,28.34,40.40,0.00,0.00,3.15
870168,pac,58.750,193.750,986.60,986.09,14.13,3.38,48.08,51.71,0.00,2651.16,8.11
870168,pac,56.500,205.000,990.61,990.08,11.38,2.82,47.22,50.61,0.00,2752.53,8.29
870168,pac,45.000,160.000,989.32,989.15,13.83,2.78,44.39,45.92,0.00,0.00,4.89
870174,atl,69.000,-7.750,972.64,971.82,20.99,5.37,52.93,52.93,0.00,67344.32,8.28
870174,atl,67.750,-36.000,997.28,996.45,8.05,2.06,43.31,50.41,0.00,1260.33,12.52
870174,atl,65.000,-28.500,987.18,986.83,11.40,3.79,50.41,50.41,0.00,1260.33,8.71
870174,atl,61.500,-47.000,998.86,997.75,8.52,2.40,35.91,37.79,0.00,0.00,10.75
870174,atl,60.250,-39.500,998.19,997.99,4.75,1.12,31.42,37.79,0.00,0.00,10.75
870174,atl,59.000,-74.250,1004.11,1003.90,6.88,1.64,31.10,31.87,0.00,0.00,4.67
870174,atl,53.000,-24.250,1000.81,1000.55,9.40,2.64,46.69,46.69,0.00,0.00,5.46
870174,atl,45.500,-61.750,997.07,996.88,7.16,1.60,31.87,35.97,0.00,0.00,3.95
870174,pac,60.000,185.750,992.53,992.23,9.48,1.86,37.92,41.81,0.00,0.00,5.63
870174,pac,59.750,194.250,990.57,990.09,12.37,3.02,40.88,40.88,0.00,0.00,8.30
870174,pac,56.000,211.250,993.78,993.50,11.66,2.39,42.28,48.85,0.00,0.00,4.58
870174,pac,46.000,163.250,990.33,990.14,12.76,2.32,42.49,44.61,0.00,0.00,4.81
870180,atl,69.000,8.000,980.61,980.49,7.98,1.76,41.67,47.88,0.00,0.00,5.93
870180,atl,68.500,-4.250,975.93,975.18,17.97,4.29,50.84,52.95,0.00,7534.88,6.64
870180,atl,67.750,-36.250,1002.50,1001.50,7.54,2.58,34.27,47.48,0.00,0.00,13.02
870180,atl,64.250,-28.750,991.98,991.57,10.89,3.66,47.48,47.48,0.00,0.00,9.48
870180,atl,62.750,-49.000,1001.23,1000.47,9.44,3.10,38.41,38.41,0.00,0.00,11.47
870180,atl,59.750,-38.250,1000.85,1000.72,4.09,1.28,30.27,30.27,0.00,0.00,6.88
870180,atl,55.000,-21.000,994.08,992.97,14.78,4.62,49.21,49.21,0.00,0.00,10.28
870180,atl,47.000,-57.000,992.46,991.49,11.16,3.17,40.23,41.19,0.00,0.00,5.97
870180,pac,61.000,193.750,992.14,991.59,12.25,3.07,34.36,40.22,0.00,0.00,5.98
870180,pac,60.500,182.250,993.22,993.04,9.18,1.86,32.58,40.22,0.00,0.00,6.80
870180,pac,55.500,214.750,996.10,995.98,10.62,1.89,43.38,49.60,0.00,0.00,5.03
870180,pac,51.500,178.750,994.77,994.40,7.15,1.83,30.70,33.44,0.00,0.00,3.18
870180,pac,46.750,166.250,993.97,993.76,10.92,2.11,39.07,40.04,0.00,0.00,4.48
870186,atl,67.750,0.000,980.62,980.19,13.75,3.39,46.30,46.30,0.00,0.00,5.36
870186,atl,64.000,-28.500,994.11,993.73,11.10,3.63,44.34,44.34,0.00,0.00,10.40
870186,atl,63.250,-49.000,1003.44,1002.73,8.57,2.69,37.41,37.41,0.00,0.00,14.19
870186,atl,57.250,-17.000,989.51,988.72,16.46,5.32,64.26,64.26,426.52,33098.94,12.37
870186,atl,48.500,-54.750,990.98,990.35,11.53,3.08,33.79,38.65,0.00,0.00,4.17
870186,pac,62.500,193.250,992.21,991.63,12.23,3.15,39.50,42.48,0.00,0.00,8.66
870186,pac,60.500,181.250,992.21,992.11,8.56,1.81,33.94,42.48,0.00,0.00,5.45
870186,pac,53.500,185.250,992.02,991.61,8.43,2.26,33.11,33.11,0.00,0.00,4.51
870186,pac,53.500,218.250,999.97,999.89,8.42,1.15,43.42,47.18,0.00,0.00,4.36
870186,pac,48.000,169.750,997.20,997.07,8.58,1.86,35.87,42.09,0.00,0.00,3.56
870192,atl,67.000,6.250,985.08,984.85,8.88,2.54,44.38,44.38,0.00,0.00,5.46
870192,atl,63.500,-27.250,997.15,996.76,10.54,3.03,41.41,41.41,0.00,0.00,6.45
870192,atl,59.000,-12.500,987.35,986.95,17.25,5.29,60.93,60.93,0.00,49746.13,10.73
870192,atl,50.250,-51.750,992.05,991.75,11.69,2.75,36.34,36.62,0.00,0.00,4.28
870192,atl,38.000,-73.750,994.74,994.27,8.86,1.96,45.11,47.79,0.00,0.00,4.80
870192,pac,63.500,192.250,993.73,993.30,10.51,2.84,37.25,38.49,0.00,0.00,6.67
870192,pac,60.500,181.750,992.78,992.72,7.24,1.56,34.57,36.73,0.00,0.00,5.23
870192,pac,55.250,189.250,988.47,987.88,10.68,2.94,35.01,35.01,0.00,0.00,5.80
870192,pac,51.250,221.250,1003.60,1003.43,6.87,1.49,45.65,46.51,0.00,0.00,4.04
870198,atl,63.250,-25.250,1000.24,999.95,9.06,2.30,38.26,38.45,0.00,0.00,6.04
870198,atl,60.000,-8.750,985.80,985.23,17.43,5.47,53.87,53.87,0.00,30671.44,8.35
870198,atl,53.000,-48.250,991.65,991.22,12.76,2.49,40.04,42.69,0.00,0.00,4.66
870198,atl,38.500,-70.500,993.73,993.38,10.67,2.51,48.62,48.62,0.00,0.00,5.92
870198,pac,63.750,190.250,993.39,992.97,8.94,2.26,35.63,42.89,0.00,0.00,8.03
870198,pac,60.500,182.500,992.52,992.49,6.43,1.29,34.36,35.11,0.00,0.00,5.42
870198,pac,56.750,192.750,984.71,984.17,12.23,3.31,37.70,37.70,0.00,0.00,6.24
870204,atl,63.000,-23.750,1003.83,1003.61,7.63,1.86,34.83,34.83,0.00,0.00,4.25
870204,atl,60.500,-5.000,987.46,987.03,16.30,4.88,53.69,53.69,0.00,4796.20,7.85
870204,atl,55.000,-46.250,991.00,990.64,14.48,3.17,41.38,48.59,0.00,0.00,5.39
870204,atl,39.250,-66.750,991.89,991.19,13.42,3.18,54.40,54.40,0.00,23063.48,5.98
870204,pac,59.750,184.000,993.49,993.44,4.44,0.62,27.74,33.56,0.00,0.00,4.56
870204,pac,58.000,195.750,981.73,981.31,13.80,3.66,38.24,38.24,0.00,0.00,6.39
870210,atl,60.250,-1.000,989.01,988.72,14.59,4.29,47.29,47.29,0.00,0.00,7.29
870210,atl,56.000,-44.500,994.07,993.84,12.96,3.16,46.72,51.62,0.00,1170.81,10.32
870210,atl,39.750,-64.000,993.80,993.33,12.23,2.92,53.22,53.70,0.00,37660.88,5.52
870210,pac,58.750,197.500,979.93,979.46,13.72,3.69,37.41,37.41,0.00,0.00,5.85
870210,pac,54.500,161.750,1003.79,1003.64,4.95,1.69,36.85,41.26,0.00,0.00,9.42
870216,atl,63.250,-21.750,1004.30,1004.13,5.48,1.24,31.32,36.18,0.00,0.00,5.05
870216,atl,60.000,3.000,990.73,990.25,13.02,3.62,44.89,44.89,0.00,0.00,5.94
870216,atl,58.250,-35.000,996.36,995.79,11.63,2.71,43.37,46.84,0.00,0.00,5.20
870216,atl,44.000,-58.250,994.27,993.92,13.39,3.20,50.16,51.22,0.00,9254.79,4.76
870216,pac,59.500,199.000,980.71,980.42,11.72,3.08,39.25,39.25,0.00,0.00,8.95
870216,pac,57.750,207.750,987.11,986.90,5.53,1.25,34.43,39.25,0.00,0.00,8.95
870216,pac,55.500,164.500,1002.61,1002.31,6.91,2.10,35.80,41.39,0.00,0.00,6.47
870222,atl,60.000,-25.000,992.10,991.31,12.32,2.71,39.50,43.95,0.00,0.00,4.69
870222,atl,59.750,5.750,992.20,991.82,10.85,2.59,42.25,42.25,0.00,0.00,4.96
870222,atl,46.000,-57.250,989.77,989.26,17.89,4.54,54.28,54.28,0.00,33477.26,6.53
870222,pac,62.750,219.000,990.38,989.98,6.62,1.75,36.43,43.45,0.00,0.00,8.65
870222,pac,60.500,199.000,981.01,980.83,10.93,2.42,34.76,34.76,0.00,0.00,5.81
870222,pac,58.750,211.500,984.90,984.80,6.25,1.61,39.72,41.84,0.00,0.00,7.87
870222,pac,56.250,166.750,1001.32,1000.89,7.74,2.23,35.10,38.00,0.00,0.00,5.29
870228,atl,60.250,-20.500,991.49,991.14,12.79,2.57,40.33,44.12,0.00,0.00,5.79
870228,atl,60.250,-15.750,991.46,990.79,11.59,2.13,40.49,42.14,0.00,0.00,5.79
870228,atl,47.500,-57.500,988.57,987.42,20.43,4.91,49.54,53.22,0.00,9231.48,7.73
870228,pac,60.500,198.750,982.60,982.40,10.09,2.14,32.12,40.15,0.00,0.00,4.51
870228,pac,59.750,201.750,982.60,982.13,7.71,1.69,32.12,35.53,0.00,0.00,4.26
870228,pac,59.500,212.500,982.40,982.16,6.98,1.77,39.66,39.66,0.00,0.00,9.52
870228,pac,56.500,168.750,1002.94,1002.54,7.89,2.21,34.17,34.17,0.00,0.00,4.72
870234,atl,60.250,-10.500,986.27,985.32,14.58,3.62,46.54,46.54,0.00,0.00,6.51
870234,atl,48.500,-59.000,987.10,986.19,20.99,5.54,53.00,53.00,0.00,3453.64,9.22
870234,pac,59.750,202.750,984.16,983.69,6.49,1.16,35.12,38.38,0.00,0.00,5.00
870234,pac,59.750,212.500,981.50,981.20,6.97,1.60,32.49,32.49,0.00,0.00,7.13
870234,pac,56.250,172.000,1002.87,1002.41,8.25,2.15,37.68,37.68,0.00,0.00,4.16
870240,atl,59.250,-10.250,987.21,986.78,14.14,3.31,52.36,52.36,0.00,8154.85,7.66
870240,atl,59.250,-4.250,986.06,985.69,12.01,2.59,46.36,52.36,0.00,8154.85,7.66
870240,atl,49.250,-59.250,986.43,985.43,21.26,5.66,47.78,47.78,0.00,0.00,9.52
870240,atl,37.500,-74.250,1003.33,1002.22,7.35,2.38,49.97,49.97,0.00,0.00,4.98
870240,atl,36.500,-79.250,1004.56,1004.17,6.08,1.23,37.16,49.97,0.00,0.00,4.98
870240,pac,64.250,214.000,983.44,982.84,8.34,1.83,24.82,30.34,0.00,0.00,14.58
870240,pac,64.250,233.750,992.00,991.48,6.30,1.45,28.23,35.43,0.00,0.00,7.64
870240,pac,63.000,218.000,983.56,983.32,6.62,1.49,22.58,30.34,0.00,0.00,10.37
870240,pac,62.000,209.750,982.61,982.07,5.93,1.07,24.48,33.22,0.00,0.00,10.37
870240,pac,56.000,174.250,1003.70,1003.32,8.20,2.10,39.62,39.62,0.00,0.00,3.84
870240,pac,55.500,181.000,1004.00,1003.51,5.53,1.25,34.52,37.59,0.00,0.00,3.52
870246,atl,57.250,1.500,983.01,982.83,10.95,2.39,38.79,46.89,0.00,0.00,6.65
870246,atl,50.250,-59.000,987.70,986.83,17.92,4.19,46.52,46.98,0.00,0.00,7.31
870246,atl,38.000,-70.500,996.78,995.56,12.20,3.68,65.84,65.84,1236.35,23552.72,7.51
870246,pac,62.750,220.000,983.29,983.07,7.60,1.94,14.34,27.31,0.00,0.00,7.80
870246,pac,62.250,209.500,984.99,984.39,5.01,0.85,17.41,29.32,0.00,0.00,7.74
870246,pac,62.000,236.250,990.33,990.19,5.52,0.96,18.35,33.90,0.00,0.00,8.06
870246,pac,59.750,212.500,985.12,984.93,5.06,1.03,29.32,39.43,0.00,0.00,7.74
870246,pac,55.250,176.500,1003.78,1003.57,8.11,2.04,41.58,41.58,0.00,0.00,3.96
870246,pac,55.250,186.500,1001.94,1001.57,5.15,1.29,33.54,33.54,0.00,0.00,2.91
870252,atl,68.000,-5.500,1001.60,1001.19,8.82,2.17,39.03,41.14,0.00,0.00,5.04
870252,atl,57.250,1.750,982.20,981.78,12.48,2.96,38.68,46.12,0.00,0.00,6.06
870252,atl,51.750,-59.750,992.17,991.83,14.28,2.63,42.81,49.12,0.00,0.00,7.31
870252,atl,39.000,-67.250,987.61,984.88,18.84,6.26,58.11,58.11,0.00,26268.13,17.20
870252,pac,62.750,220.750,987.64,987.22,6.80,1.78,20.64,25.60,0.00,0.00,9.69
870252,pac,62.000,236.250,989.94,989.57,5.98,1.17,21.85,31.85,0.00,0.00,6.62
870252,pac,61.750,208.750,989.91,989.39,4.34,0.66,28.76,36.57,0.00,0.00,7.72
870252,pac,55.250,188.750,1001.31,1000.91,5.59,1.45,30.59,30.59,0.00,0.00,2.69
870258,atl,66.750,-4.500,999.66,999.23,8.32,2.04,41.98,43.57,0.00,0.00,5.17
870258,atl,56.750,3.500,983.90,983.68,11.18,2.54,46.37,46.37,0.00,0.00,6.63
870258,atl,51.500,-63.500,996.48,996.21,10.99,2.25,40.69,42.95,0.00,0.00,5.69
870258,atl,44.750,8.000,1001.22,1000.49,4.17,1.76,41.44,41.44,0.00,0.00,13.10
870258,atl,40.500,-64.750,981.55,978.88,20.85,7.04,66.27,66.27,1181.78,35838.84,16.60
870258,pac,64.000,201.500,993.98,993.78,6.70,1.18,24.52,41.07,0.00,0.00,12.84
870258,pac,63.000,224.000,991.71,991.45,6.05,1.78,26.89,30.40,0.00,0.00,9.58
870258,pac,62.000,238.000,990.94,990.68,6.10,1.36,38.73,38.73,0.00,0.00,8.27
870258,pac,60.500,208.000,994.05,993.85,4.49,1.01,33.64,35.55,0.00,0.00,7.52
870258,pac,55.250,193.000,1000.38,999.89,5.45,1.41,32.95,32.95,0.00,0.00,3.07
870264,atl,65.750,-4.250,999.32,999.06,7.27,1.61,44.98,47.30,0.00,0.00,7.50
870264,atl,57.750,-9.250,1002.30,1001.47,7.41,2.86,51.72,51.72,0.00,10501.92,6.95
870264,atl,57.250,6.000,985.53,985.24,10.05,1.84,40.28,45.96,0.00,0.00,5.62
870264,atl,50.250,-65.250,1001.96,1001.58,6.70,1.83,28.09,33.01,0.00,0.00,4.08
870264,atl,44.500,8.500,998.93,998.18,6.40,2.33,51.00,51.00,0.00,1121.09,10.65
870264,atl,41.250,-63.000,981.58,979.15,18.65,5.52,63.42,63.42,0.00,41314.24,12.19
870264,pac,65.000,202.250,997.03,996.75,7.15,1.37,20.82,38.14,0.00,0.00,12.65
870264,pac,64.500,195.000,999.16,998.88,8.19,1.49,46.56,46.56,0.00,0.00,7.45
870264,pac,64.000,217.000,996.58,996.33,5.18,1.39,22.89,30.78,0.00,0.00,12.70
870264,pac,63.000,224.250,995.32,995.11,6.92,2.09,31.53,31.53,0.00,0.00,12.70
870264,pac,55.750,197.000,1001.80,1001.37,4.68,1.25,29.34,31.99,0.00,0.00,3.71
870270,atl,57.500,6.750,984.44,984.06,10.12,2.05,40.46,41.27,0.00,0.00,7.13
870270,atl,56.000,-5.750,997.32,996.76,8.20,3.23,59.68,59.68,0.00,19567.85,8.26
870270,atl,44.000,9.500,996.27,995.57,8.59,2.76,45.79,45.82,0.00,0.00,16.98
870270,atl,42.500,-61.750,978.39,977.20,19.07,5.25,57.86,57.86,0.00,36469.63,9.72
870270,pac,65.750,201.750,1000.61,1000.31,7.17,1.51,16.91,36.40,0.00,0.00,11.54
870270,pac,64.500,194.250,1001.76,1001.61,8.21,1.69,42.55,42.55,0.00,0.00,6.34
870270,pac,64.250,214.750,1001.83,1001.52,4.61,1.02,20.09,22.22,0.00,0.00,11.86
870270,pac,64.000,207.000,1000.96,1000.84,4.93,1.05,17.48,27.73,0.00,0.00,11.54
870270,pac,63.750,221.500,1002.21,1001.83,5.03,1.37,23.10,25.10,0.00,0.00,11.86
870270,pac,63.500,227.000,1001.60,1001.33,5.46,1.84,24.51,29.38,0.00,0.00,11.86
870270,pac,56.250,199.500,1002.67,1002.32,5.57,1.46,29.20,31.47,0.00,0.00,4.85
870276,atl,57.500,7.250,985.02,984.78,9.54,2.10,40.13,40.13,0.00,0.00,5.62
870276,atl,54.000,-1.750,997.33,996.77,5.70,2.06,53.70,53.70,0.00,10628.89,7.03
870276,atl,45.500,9.250,997.99,997.54,6.19,2.09,43.65,48.46,0.00,0.00,18.85
870276,atl,44.000,-61.250,978.29,977.09,18.60,4.87,48.55,48.55,0.00,0.00,8.33
870276,pac,57.000,201.500,1004.51,1004.24,6.62,1.73,27.99,32.75,0.00,0.00,4.36
870282,atl,62.750,6.750,988.45,988.21,9.38,2.00,34.25,38.76,0.00,0.00,5.59
870282,atl,46.000,-61.750,980.00,979.56,17.04,4.12,42.69,42.69,0.00,0.00,7.08
870282,atl,45.250,9.750,999.59,999.04,4.81,2.01,38.93,44.02,0.00,0.00,19.06
870288,atl,58.000,9.500,983.20,982.74,11.10,3.11,42.90,42.90,0.00,0.00,5.38
870288,atl,47.250,-63.500,983.12,982.50,17.23,4.31,47.29,47.29,0.00,0.00,9.16
870288,atl,43.750,8.500,1002.43,1002.10,6.67,2.64,42.14,42.14,0.00,0.00,17.60
870288,pac,48.500,203.750,1003.18,1002.40,11.33,3.31,39.76,39.76,0.00,0.00,5.79
870294,atl,58.250,9.500,983.79,983.22,9.81,2.95,41.09,41.09,0.00,0.00,5.10
870294,atl,51.000,-3.750,996.88,996.60,4.61,1.13,37.23,39.38,0.00,0.00,4.17
870294,atl,48.000,-64.750,985.99,985.23,15.11,3.66,38.48,39.00,0.00,0.00,5.89
870294,atl,43.750,8.750,1003.34,1003.13,4.85,2.02,40.85,40.85,0.00,0.00,16.94
870294,pac,49.500,204.250,999.25,998.39,15.61,4.68,51.50,51.50,0.00,2048.21,9.42
870300,atl,60.000,8.000,987.20,986.83,8.11,1.46,40.71,40.71,0.00,0.00,5.41
870300,atl,48.250,1.750,992.65,992.17,7.49,1.74,45.80,45.80,0.00,0.00,8.97
870300,atl,48.000,-66.500,991.44,991.30,11.58,2.64,38.73,38.73,0.00,0.00,5.27
870300,pac,53.250,161.500,976.09,975.65,12.26,2.46,36.22,47.09,0.00,0.00,7.79
870300,pac,50.500,205.000,997.30,996.55,18.79,5.62,49.37,49.37,0.00,0.00,9.92
870306,atl,62.750,7.250,986.79,986.38,12.70,2.63,43.89,45.51,0.00,0.00,5.92
870306,atl,54.250,-4.500,994.54,994.29,7.09,1.95,52.04,52.04,0.00,10856.01,5.85
870306,atl,49.250,5.750,989.61,989.06,8.66,2.10,42.66,42.66,0.00,0.00,16.07
870306,atl,47.500,-67.000,996.34,996.11,7.68,1.77,32.89,32.89,0.00,0.00,4.34
870306,atl,41.250,-0.750,998.58,997.68,5.92,1.81,31.31,33.02,0.00,0.00,7.39
870306,atl,31.250,-2.250,1000.14,999.84,4.95,1.37,29.13,29.68,0.00,0.00,14.40
870306,atl,31.000,-4.750,1000.00,999.59,6.03,1.74,29.68,29.68,0.00,0.00,14.40
870306,pac,55.500,164.750,972.15,971.90,15.57,2.83,36.89,54.17,0.00,12141.02,10.21
870306,pac,51.500,206.000,998.60,997.94,17.98,5.17,49.34,49.34,0.00,0.00,7.28
870312,atl,63.750,5.500,987.55,987.19,13.11,2.92,46.56,47.73,0.00,0.00,6.52
870312,atl,51.250,-3.750,996.10,995.15,7.23,2.19,48.30,48.30,0.00,0.00,4.69
870312,atl,47.500,-67.000,1001.41,1001.18,5.15,1.24,25.75,25.75,0.00,0.00,3.22
870312,atl,39.750,-0.250,1001.03,1000.56,5.64,1.59,30.50,30.91,0.00,0.00,10.25
870312,pac,56.750,165.750,971.29,971.10,17.04,3.36,55.23,70.35,5040.50,63100.25,12.01
870312,pac,53.000,207.250,1001.45,1001.00,14.89,3.93,42.60,42.60,0.00,0.00,6.37
870318,atl,63.250,3.250,987.13,986.86,11.79,2.85,48.60,48.60,0.00,0.00,5.12
870318,atl,49.750,-2.000,996.61,995.85,7.19,2.32,38.74,38.74,0.00,0.00,4.26
870318,atl,39.250,-0.250,1000.79,1000.48,5.86,1.42,34.40,37.90,0.00,0.00,10.09
870318,pac,56.250,166.750,971.73,971.50,14.39,2.50,47.94,70.88,6211.31,46456.95,13.78
870318,pac,54.250,208.750,1004.16,1003.80,10.91,2.93,38.76,41.83,0.00,0.00,8.71
870324,atl,63.500,3.000,987.72,987.48,10.37,2.48,45.50,45.50,0.00,0.00,5.57
870324,atl,61.500,-18.000,1003.49,1003.17,9.49,2.44,50.87,50.87,0.00,2089.94,9.25
870324,atl,49.250,-0.500,1000.38,1000.02,4.62,1.27,30.14,30.34,0.00,0.00,3.26
870324,atl,45.500,-50.250,1003.54,1003.47,4.85,0.93,21.21,41.29,0.00,0.00,3.25
870324,atl,38.000,-1.250,1002.24,1001.87,5.39,1.99,38.57,39.95,0.00,0.00,6.76
870324,pac,55.250,172.000,972.66,972.49,12.25,1.96,41.49,65.80,1568.84,48582.70,7.11
870330,atl,64.500,2.750,988.35,988.21,10.13,2.01,38.05,57.86,0.00,13235.36,6.82
870330,atl,63.500,9.000,991.57,991.20,4.23,0.67,38.05,38.05,0.00,0.00,6.54
870330,atl,60.000,-16.750,1000.71,1000.36,10.62,2.71,54.35,57.09,0.00,41950.12,8.80
870330,atl,47.000,-50.500,1001.79,1001.69,5.46,0.99,20.62,36.26,0.00,0.00,4.29
870330,atl,44.750,8.000,1002.22,1000.85,4.50,1.86,35.54,37.01,0.00,0.00,12.63
870330,atl,32.000,0.500,997.79,997.62,5.77,1.64,36.20,36.60,0.00,0.00,12.47
870330,pac,65.250,201.000,1004.29,1004.07,7.10,1.37,21.36,36.81,0.00,0.00,11.55
870330,pac,64.250,209.750,1004.90,1004.08,6.52,1.53,24.77,25.29,0.00,0.00,8.35
870330,pac,55.750,173.750,972.97,972.71,13.21,2.29,48.99,69.35,7809.25,97067.70,7.39
870336,atl,65.250,2.250,988.39,988.18,10.47,1.97,48.28,53.49,0.00,22272.89,6.65
870336,atl,64.500,9.500,991.41,991.20,5.20,0.50,38.24,39.02,0.00,0.00,5.62
870336,atl,57.750,-15.250,1002.00,1001.91,7.21,1.23,47.76,54.24,0.00,36383.04,6.52
870336,atl,55.000,4.250,996.68,996.32,5.92,1.97,34.98,34.98,0.00,0.00,3.79
870336,atl,49.500,-52.500,999.40,999.18,7.02,1.71,28.58,33.40,0.00,0.00,4.15
870336,atl,45.000,8.250,1002.07,1001.53,5.76,2.13,45.20,45.20,0.00,0.00,11.31
870336,atl,33.250,6.250,1000.07,999.90,6.42,2.05,34.51,38.59,0.00,0.00,7.06
870336,pac,65.000,211.500,1003.35,1003.02,5.93,1.21,22.70,42.87,0.00,0.00,11.55
870336,pac,63.250,220.750,1004.29,1003.97,8.75,2.37,48.62,48.62,0.00,0.00,14.13
870336,pac,56.250,175.250,974.41,974.17,13.90,2.75,54.15,62.24,0.00,142256.37,7.19
870342,atl,65.500,1.500,988.99,988.75,9.83,1.84,47.00,51.75,0.00,2446.79,6.04
870342,atl,55.750,6.750,998.78,998.28,5.76,2.03,36.20,36.20,0.00,0.00,4.83
870342,atl,52.000,-13.000,998.39,997.91,7.59,1.95,44.24,50.17,0.00,919.32,4.22
870342,atl,50.500,-54.250,996.03,995.69,8.15,2.09,36.24,36.24,0.00,0.00,4.82
870342,atl,44.750,8.000,1000.99,1000.51,6.52,2.22,39.64,43.85,0.00,0.00,10.99
870342,atl,37.500,-72.250,998.39,997.64,6.33,1.60,54.86,55.21,0.00,6345.56,4.96
870342,atl,34.000,6.750,1000.79,1000.16,6.19,2.17,43.63,43.63,0.00,0.00,9.73
870342,pac,65.750,228.750,1004.22,1003.91,9.73,1.70,37.65,43.70,0.00,0.00,7.53
870342,pac,56.500,176.000,975.82,975.52,14.39,3.06,54.59,55.21,0.00,152322.99,6.30
870348,atl,66.000,0.000,991.73,991.46,8.77,1.74,40.40,48.59,0.00,0.00,6.42
870348,atl,57.000,8.500,1002.72,1002.13,4.08,1.72,31.92,31.92,0.00,0.00,3.85
870348,atl,51.000,-54.750,995.27,994.92,7.24,1.69,34.49,34.49,0.00,0.00,4.91
870348,atl,50.250,-12.000,998.37,998.02,9.11,2.25,47.32,48.58,0.00,0.00,4.75
870348,atl,46.500,-5.500,1000.58,1000.51,4.01,0.64,30.88,42.23,0.00,0.00,5.63
870348,atl,44.750,8.000,998.65,997.71,7.85,2.82,39.62,40.05,0.00,0.00,12.72
870348,atl,37.750,-69.000,996.74,996.41,8.61,2.13,57.56,57.56,0.00,35285.41,4.49
870348,atl,33.500,9.000,1002.97,1002.16,5.26,1.56,49.47,49.47,0.00,0.00,10.34
870348,pac,56.750,193.000,985.32,985.20,7.88,1.36,25.66,42.26,0.00,0.00,8.53
870348,pac,55.750,174.750,977.50,977.05,16.57,3.51,52.77,53.00,0.00,93963.98,6.11
870354,atl,66.000,-0.250,994.27,994.02,7.73,1.52,34.37,52.25,0.00,4608.81,5.95
870354,atl,52.250,-54.750,995.64,995.46,5.48,1.18,27.14,28.05,0.00,0.00,4.42
870354,atl,46.500,-4.000,999.00,998.86,5.18,0.91,31.19,41.65,0.00,0.00,7.33
870354,atl,38.500,-63.750,996.79,995.99,9.53,2.51,53.96,53.96,0.00,24118.77,5.04
870354,pac,58.500,193.500,987.67,987.61,8.22,1.50,34.71,41.77,0.00,0.00,10.17
870354,pac,54.250,175.000,979.29,979.02,17.52,3.72,49.85,50.26,0.00,5784.41,6.83
870360,atl,56.000,-56.500,995.01,994.86,10.20,2.03,38.42,49.13,0.00,0.00,6.02
870360,atl,45.250,-1.000,998.95,998.65,6.39,1.56,41.71,44.95,0.00,0.00,6.21
870360,atl,39.250,-58.250,997.13,995.59,9.66,2.83,53.70,53.70,0.00,14639.29,5.72
870360,pac,60.500,191.750,991.20,991.13,8.63,1.48,33.01,38.26,0.00,0.00,8.31
870360,pac,54.000,178.250,981.33,980.98,16.55,3.57,49.14,51.46,0.00,1405.92,5.93
870360,pac,46.500,215.500,1004.27,1003.83,6.99,2.32,36.48,36.48,0.00,0.00,3.91
870366,atl,55.750,-59.000,994.60,994.43,8.75,1.75,37.64,41.53,0.00,0.00,8.31
870366,atl,55.250,-49.000,995.43,995.33,5.76,0.90,49.04,54.45,0.00,20093.29,4.79
870366,atl,54.500,-42.750,995.12,994.83,9.14,2.05,40.37,53.57,0.00,4452.96,5.05
870366,atl,45.250,-77.000,999.30,998.97,4.77,1.08,16.16,27.36,0.00,0.00,2.71
870366,atl,45.250,-0.250,1000.41,1000.06,6.22,1.67,36.69,37.54,0.00,0.00,5.03
870366,atl,42.250,5.750,998.66,998.16,7.78,2.16,43.12,43.12,0.00,0.00,10.91
870366,atl,41.500,-68.000,999.55,998.55,4.76,1.84,43.32,43.32,0.00,0.00,4.29
870366,atl,40.750,-52.750,996.63,995.82,9.34,2.53,51.29,51.29,0.00,1175.24,4.05
870366,pac,62.250,191.500,993.72,993.62,9.68,2.05,35.30,38.52,0.00,0.00,8.26
870366,pac,53.500,179.250,984.16,983.93,15.79,3.50,44.26,46.97,0.00,0.00,5.77
870366,pac,49.750,203.750,999.73,999.54,4.37,1.22,27.27,27.92,0.00,0.00,2.50
870366,pac,46.500,216.250,1002.83,1002.39,6.08,1.94,28.21,30.81,0.00,0.00,3.29
870372,atl,63.750,-1.500,1002.17,1001.93,7.97,2.54,42.90,42.90,0.00,0.00,4.86
870372,atl,55.500,-45.750,991.48,991.18,9.86,2.10,49.31,56.24,0.00,18723.06,7.08
870372,atl,51.250,-44.500,993.23,992.97,4.74,1.37,33.48,33.48,0.00,0.00,3.12
870372,atl,45.500,-76.500,1000.79,1000.50,4.39,0.99,18.18,24.46,0.00,0.00,2.49
870372,atl,45.000,-43.750,994.95,993.79,9.54,2.90,47.18,52.26,0.00,4591.95,5.83
870372,atl,43.000,7.750,998.96,997.74,8.48,2.41,43.14,43.14,0.00,0.00,7.25
870372,atl,42.250,-64.000,998.46,997.57,5.87,2.16,49.18,49.18,0.00,0.00,5.98
870372,pac,64.250,192.000,997.31,997.07,10.15,2.52,38.81,38.81,0.00,0.00,7.24
870372,pac,52.250,180.250,988.09,987.84,14.73,3.32,45.49,45.81,0.00,0.00,5.44
870372,pac,51.500,202.750,999.56,999.35,4.02,1.10,25.50,25.96,0.00,0.00,3.45
870372,pac,46.750,216.500,999.45,999.07,6.80,1.74,24.89,36.24,0.00,0.00,3.49
870378,atl,64.250,1.250,1003.06,1002.71,7.81,2.64,40.53,40.53,0.00,0.00,4.83
870378,atl,62.500,-48.250,1004.85,1004.61,6.23,1.97,36.38,55.27,0.00,28482.73,21.71
870378,atl,56.000,-49.250,988.07,987.93,10.37,2.51,55.27,55.27,0.00,39158.43,6.47
870378,atl,52.500,-44.250,989.38,989.06,6.01,1.64,30.96,30.96,0.00,0.00,5.70
870378,atl,48.500,-39.250,989.61,988.01,11.58,3.67,56.75,56.75,0.00,22405.40,7.32
870378,atl,43.500,9.500,1000.59,999.38,8.51,2.21,46.30,52.50,0.00,574.28,10.87
870378,atl,42.750,-58.750,999.39,999.05,4.86,1.55,52.33,52.33,0.00,13872.52,4.40
870378,pac,51.250,182.000,989.71,989.36,13.82,3.17,45.46,45.89,0.00,0.00,5.51
870378,pac,47.000,216.250,999.67,999.48,5.75,1.21,23.03,43.05,0.00,0.00,4.58
870384,atl,65.250,3.500,1003.00,1002.38,8.46,2.84,37.12,37.12,0.00,0.00,6.35
870384,atl,64.250,-43.750,1003.43,1002.01,8.98,3.45,25.41,51.89,0.00,1629.87,25.70
870384,atl,63.000,-49.750,1002.59,1002.22,9.35,2.35,51.31,51.89,0.00,5658.37,25.70
870384,atl,55.750,-52.750,987.59,987.39,10.55,2.62,49.77,50.48,0.00,403.77,6.13
870384,atl,53.500,-44.250,987.23,986.97,6.62,1.77,25.68,46.15,0.00,0.00,11.37
870384,atl,51.500,-37.250,980.71,978.74,17.64,5.48,51.61,51.61,0.00,3314.37,11.37
870384,atl,43.250,-51.000,1000.88,1000.22,4.52,1.21,43.93,45.78,0.00,0.00,3.14
870384,pac,55.500,195.000,997.35,997.22,4.72,1.05,29.78,29.78,0.00,0.00,4.33
870384,pac,50.250,184.250,992.41,992.05,12.05,2.75,42.33,44.48,0.00,0.00,4.81
870384,pac,47.250,221.750,996.67,996.05,12.88,3.35,46.16,46.16,0.00,0.00,5.68
870390,atl,66.250,5.000,1004.36,1003.95,7.29,2.47,32.01,32.01,0.00,0.00,4.15
870390,atl,54.750,-55.000,988.15,987.99,9.25,2.04,43.68,43.68,0.00,0.00,5.72
870390,atl,54.000,-43.500,984.75,984.44,6.77,1.23,38.97,46.31,0.00,0.00,9.02
870390,atl,54.000,-36.500,976.67,975.75,18.58,5.15,46.31,46.31,0.00,0.00,9.02
870390,atl,43.750,-42.250,999.03,997.90,6.25,2.04,53.63,53.63,0.00,11915.96,5.03
870390,pac,56.500,192.750,997.44,997.29,5.94,1.32,20.03,30.64,0.00,0.00,3.13
870390,pac,52.750,211.000,997.90,997.73,5.67,1.24,26.14,30.17,0.00,0.00,2.74
870390,pac,50.250,222.000,994.33,993.25,15.21,4.54,48.25,48.25,0.00,0.00,6.40
870390,pac,49.500,186.500,993.59,993.29,10.82,2.49,40.12,44.16,0.00,0.00,4.07
870396,atl,56.000,-38.500,974.41,973.73,18.61,4.44,48.66,50.24,0.00,1199.79,6.30
870396,atl,45.250,-35.750,996.52,995.09,7.39,2.32,58.23,58.23,0.00,17164.05,6.51
870396,pac,57.000,190.500,998.88,998.65,6.95,1.64,31.57,33.68,0.00,0.00,3.66
870396,pac,52.750,209.250,995.43,995.19,7.26,1.64,27.37,30.36,0.00,0.00,3.10
870396,pac,52.250,220.500,993.46,992.71,14.38,4.19,48.06,48.06,0.00,0.00,6.05
870396,pac,49.000,189.250,996.12,995.95,8.71,1.97,37.38,39.28,0.00,0.00,3.62
870402,atl,62.750,-47.250,990.99,990.51,11.37,3.86,47.74,58.33,0.00,16079.99,21.98
870402,atl,56.500,-41.250,972.09,971.55,18.48,4.59,55.06,58.33,0.00,24587.83,9.82
870402,atl,47.500,-29.750,992.68,992.32,8.24,2.30,56.43,56.43,0.00,31587.38,6.08
870402,pac,57.000,188.500,1000.66,1000.35,7.74,1.96,37.17,37.78,0.00,0.00,4.00
870402,pac,54.000,217.500,994.04,993.73,12.23,3.26,47.77,47.77,0.00,0.00,5.66
870402,pac,52.500,207.500,993.95,993.56,8.07,2.04,32.39,32.39,0.00,0.00,3.23
870402,pac,48.500,192.000,998.29,998.10,7.37,1.75,35.99,35.99,0.00,0.00,3.24
870402,pac,37.500,168.750,1002.80,1002.11,10.53,2.69,43.18,48.87,0.00,0.00,5.18
870408,atl,55.750,-42.000,971.02,970.28,18.36,5.11,54.83,60.31,0.00,35435.86,7.11
870408,atl,52.250,-24.750,989.70,989.58,8.02,1.61,38.77,41.88,0.00,0.00,4.42
870408,atl,49.750,-59.500,998.09,997.96,4.32,0.98,26.37,30.33,0.00,0.00,4.11
870408,atl,43.750,-43.750,996.37,995.49,7.37,2.24,56.90,56.90,0.00,27848.12,4.37
870408,pac,57.000,187.250,1004.09,1003.82,6.69,1.74,37.43,37.65,0.00,0.00,3.80
870408,pac,55.250,214.000,992.81,992.49,12.23,3.14,42.34,42.34,0.00,0.00,4.92
870408,pac,52.250,206.750,994.75,994.37,6.35,1.51,36.99,37.33,0.00,0.00,3.74
870408,pac,48.500,194.750,1000.93,1000.75,5.08,1.22,35.33,35.33,0.00,0.00,2.75
870408,pac,37.000,169.750,1003.34,1002.74,10.93,2.91,56.11,56.11,0.00,23170.74,6.20
870414,atl,55.500,-41.000,969.16,968.33,18.15,4.99,47.73,51.42,0.00,784.42,5.60
870414,atl,55.500,-25.500,985.01,984.76,9.35,2.06,46.72,48.30,0.00,0.00,5.13
870414,atl,45.250,-36.250,988.90,988.41,9.96,2.82,63.91,63.91,0.00,121991.74,5.88
870414,pac,55.750,210.250,991.23,990.98,12.47,3.10,43.88,45.88,0.00,0.00,6.10
870414,pac,36.750,177.750,1002.36,1001.90,8.73,2.28,44.50,52.14,0.00,4309.95,4.93
870420,atl,58.750,-30.000,983.05,982.71,8.62,1.85,53.53,55.17,0.00,84870.39,5.44
870420,atl,55.500,-40.500,969.65,968.97,17.14,4.62,47.57,54.85,0.00,3538.59,6.04
870420,atl,46.750,-29.000,981.84,980.50,14.12,3.97,61.63,61.63,0.00,194375.14,9.20
870420,pac,55.750,206.500,992.72,992.52,10.42,2.50,43.02,43.02,0.00,0.00,6.32
870420,pac,37.250,182.000,1001.93,1001.16,8.63,2.29,45.57,46.14,0.00,0.00,4.49
870420,pac,37.250,187.000,1003.42,1003.13,7.33,1.40,44.00,49.22,0.00,0.00,4.49
870426,atl,58.000,-27.500,983.75,983.38,8.20,1.99,53.58,53.58,0.00,98231.40,5.57
870426,atl,56.000,-40.250,969.96,969.36,16.32,4.43,50.24,58.39,0.00,16681.93,6.16
870426,atl,48.500,-23.250,972.96,971.80,20.24,6.25,69.02,69.02,25872.81,212492.83,13.64
870426,pac,55.750,203.750,995.84,995.71,8.04,1.77,32.64,36.23,0.00,0.00,6.08
870426,pac,37.500,184.500,1002.22,1001.57,8.30,2.18,46.87,47.34,0.00,0.00,5.24
870432,atl,56.250,-41.000,972.55,972.05,16.35,4.48,47.65,54.13,0.00,1542.57,5.86
870432,atl,50.000,-18.750,967.76,967.30,24.08,6.89,69.58,69.58,27299.50,141983.81,12.48
870432,pac,55.250,203.000,1000.40,1000.31,5.17,0.92,28.43,34.28,0.00,0.00,4.90
870432,pac,38.000,187.500,1002.32,1001.79,8.33,2.18,40.86,40.86,0.00,0.00,4.21
870438,atl,56.000,-42.500,974.41,973.89,16.79,4.51,44.84,46.07,0.00,0.00,9.06
870438,atl,51.250,-14.750,964.99,964.18,25.41,6.58,61.84,61.84,0.00,117422.17,9.90
870438,pac,43.000,203.750,1004.07,1003.51,8.63,2.33,38.92,41.53,0.00,0.00,3.86
870438,pac,39.000,190.750,1002.44,1001.94,8.22,2.26,39.95,39.95,0.00,0.00,4.02
870444,atl,55.750,-43.250,977.28,976.80,17.02,4.36,43.00,46.68,0.00,0.00,5.02
870444,atl,52.000,-13.750,963.54,962.63,26.16,6.63,55.92,56.83,0.00,112290.22,8.07
870444,pac,44.750,208.000,1004.89,1004.22,8.91,2.43,38.37,38.37,0.00,0.00,3.73
870444,pac,40.250,194.000,1004.84,1004.31,7.25,1.96,35.62,41.51,0.00,0.00,3.72
870450,atl,55.500,-44.000,980.39,979.91,16.73,4.17,45.96,47.25,0.00,0.00,5.12
870450,atl,52.250,-12.000,964.84,963.91,24.22,6.02,56.08,56.35,0.00,83693.62,7.62
870456,atl,62.750,-52.750,1001.17,1001.04,6.57,1.49,53.38,60.71,0.00,16084.54,14.76
870456,atl,55.000,-43.750,983.87,983.40,16.06,3.94,42.68,42.68,0.00,0.00,5.09
870456,atl,52.750,-10.500,966.89,965.98,22.66,5.60,50.06,53.11,0.00,22061.25,6.88
870462,atl,66.750,-52.500,1004.59,1004.03,7.09,2.07,30.87,31.64,0.00,0.00,10.81
870462,atl,63.500,-54.000,1004.65,1004.55,4.56,1.19,31.03,50.83,0.00,365.77,13.16
870462,atl,55.250,-44.500,986.16,985.75,14.63,3.48,39.82,39.82,0.00,0.00,4.68
870462,atl,53.250,-8.750,969.98,969.36,19.29,4.59,45.31,47.70,0.00,0.00,6.07
870468,atl,55.250,-46.250,988.44,988.06,14.59,3.54,38.56,44.93,0.00,0.00,4.92
870468,atl,54.250,-7.500,973.21,972.81,17.40,4.18,42.08,43.14,0.00,0.00,6.02
870468,atl,40.500,-64.500,1003.39,1002.62,11.47,3.35,45.07,45.07,0.00,0.00,7.07
870468,pac,46.000,202.250,1004.91,1004.59,8.03,2.03,29.73,42.39,0.00,0.00,3.58
870474,atl,55.250,-7.000,976.40,975.68,15.63,3.59,34.85,36.85,0.00,0.00,4.77
870474,atl,54.500,-47.250,990.79,990.46,14.27,3.41,34.78,37.95,0.00,0.00,4.56
870474,atl,41.500,-60.250,1001.65,1000.80,11.96,3.31,51.60,51.60,0.00,2889.35,6.98
870474,pac,47.000,203.000,1002.12,1001.72,9.53,2.25,32.72,42.58,0.00,0.00,3.82
870480,atl,56.000,-7.250,979.87,979.22,14.06,3.12,31.45,36.73,0.00,0.00,4.63
870480,atl,54.250,-47.000,994.36,994.00,13.30,3.28,36.71,36.71,0.00,0.00,4.20
870480,atl,42.000,-57.750,1001.46,1001.11,11.40,3.18,52.37,52.37,0.00,5184.20,7.23
870480,pac,48.750,204.500,999.12,998.92,11.24,2.33,32.58,39.13,0.00,0.00,4.27
870486,atl,64.250,6.500,1004.30,1004.14,5.96,1.80,31.66,31.66,0.00,0.00,7.77
870486,atl,56.750,-7.000,982.45,981.98,12.87,2.82,35.07,36.99,0.00,0.00,3.90
870486,atl,54.000,-47.000,997.20,996.80,11.33,2.80,35.26,35.26,0.00,0.00,3.40
870486,atl,45.250,-21.000,1003.36,1002.70,7.47,2.08,45.93,45.93,0.00,0.00,5.53
870486,atl,42.750,-53.500,999.24,998.77,11.82,3.16,45.49,45.49,0.00,0.00,6.04
870486,pac,51.750,207.500,993.04,992.65,16.16,3.33,41.69,46.11,0.00,0.00,6.17
870492,atl,57.750,-7.500,986.15,985.82,11.89,2.48,38.52,38.52,0.00,0.00,4.14
870492,atl,54.000,-47.750,1000.35,1000.02,9.83,2.48,29.24,30.75,0.00,0.00,3.18
870492,atl,45.750,-15.250,1002.22,1001.43,8.82,2.42,44.19,44.89,0.00,0.00,4.19
870492,atl,43.250,-50.500,998.90,998.29,12.04,3.26,45.47,45.47,0.00,0.00,7.04
870492,pac,53.500,208.250,986.35,985.83,20.85,4.90,47.85,49.33,0.00,0.00,6.97
870498,atl,57.500,-11.250,989.13,989.01,10.30,1.63,39.03,41.86,0.00,0.00,4.11
870498,atl,53.500,-48.000,1001.00,1000.70,8.91,2.27,25.84,25.84,0.00,0.00,2.96
870498,atl,46.750,-10.000,999.77,998.94,9.93,2.90,46.72,47.04,0.00,0.00,5.88
870498,atl,44.250,-46.750,997.62,996.86,11.37,2.82,38.82,48.54,0.00,0.00,6.16
870498,pac,54.500,209.250,982.96,982.42,23.77,5.97,52.08,52.36,0.00,28823.40,8.66
870498,pac,38.750,160.250,985.01,983.80,19.56,5.18,50.37,53.92,0.00,67760.01,6.37
870504,atl,57.500,-12.000,991.25,991.17,10.56,1.70,33.65,43.51,0.00,0.00,4.41
870504,atl,53.250,-48.000,1001.28,1001.00,8.34,2.17,24.58,24.58,0.00,0.00,2.71
870504,atl,47.250,-6.750,997.75,997.16,12.73,3.99,48.24,48.24,0.00,0.00,9.32
870504,atl,45.500,-43.500,994.96,994.35,12.50,3.09,44.35,46.84,0.00,0.00,5.80
870504,pac,56.000,212.500,987.56,987.14,20.31,4.41,54.55,58.81,0.00,66945.48,8.18
870504,pac,38.000,161.250,989.72,988.81,16.72,4.54,47.36,50.23,0.00,1264.09,6.46
870510,atl,57.500,-12.750,992.65,992.55,10.51,1.71,31.84,44.08,0.00,0.00,4.73
870510,atl,53.250,-48.000,999.36,999.10,8.25,2.05,23.81,27.68,0.00,0.00,2.76
870510,atl,47.500,-3.500,998.58,998.05,12.57,3.90,49.95,49.95,0.00,0.00,8.06
870510,atl,46.250,-41.750,991.25,990.81,13.04,3.42,48.71,48.71,0.00,0.00,7.54
870510,pac,62.250,219.500,1000.13,999.91,7.08,1.69,44.83,44.83,0.00,0.00,11.58
870510,pac,57.750,215.500,992.12,991.55,16.19,4.07,50.36,50.36,0.00,1321.43,9.14
870510,pac,37.000,163.000,991.57,990.68,14.33,3.91,45.27,46.67,0.00,0.00,5.21
870516,atl,57.250,-12.250,996.44,996.27,9.02,1.61,27.32,41.71,0.00,0.00,4.54
870516,atl,53.250,-48.750,1000.16,999.88,7.78,1.94,24.11,32.25,0.00,0.00,2.92
870516,atl,48.000,-0.500,1002.93,1002.54,10.07,3.30,45.98,45.98,0.00,0.00,7.36
870516,atl,47.500,-39.000,989.95,989.76,12.92,2.97,54.34,54.34,0.00,30020.61,7.06
870516,pac,64.250,230.750,1004.44,1003.75,6.24,1.95,37.64,37.64,0.00,0.00,12.41
870516,pac,63.750,220.500,1002.70,1002.58,6.85,1.92,28.25,48.81,0.00,0.00,12.41
870516,pac,62.250,209.000,1003.51,1002.87,4.38,0.84,18.97,48.81,0.00,0.00,6.70
870516,pac,59.000,215.500,997.88,997.32,11.64,3.28,48.81,48.81,0.00,0.00,9.80
870516,pac,36.000,165.000,995.68,995.12,11.75,3.23,48.45,48.45,0.00,0.00,4.68
870522,atl,57.750,-12.000,999.16,999.01,7.76,1.53,24.91,35.11,0.00,0.00,3.05
870522,atl,53.250,-49.000,999.52,999.23,7.42,1.86,22.73,30.37,0.00,0.00,2.63
870522,atl,48.500,-37.000,987.38,987.22,13.08,2.92,55.46,59.31,0.00,73374.16,6.89
870522,pac,63.500,220.000,1004.87,1004.76,6.90,1.78,35.00,40.14,0.00,0.00,13.14
870522,pac,59.250,214.500,1002.69,1002.03,9.00,2.55,36.15,39.35,0.00,0.00,7.60
870522,pac,35.250,167.500,999.08,998.61,9.20,2.53,43.39,43.39,0.00,0.00,3.96
870528,atl,58.250,-11.750,1001.51,1001.38,6.75,1.42,21.74,33.49,0.00,0.00,2.71
870528,atl,58.000,-19.750,1001.96,1001.74,4.22,0.99,27.64,36.70,0.00,0.00,2.88
870528,atl,53.250,-49.000,1001.08,1000.82,6.55,1.56,21.79,31.60,0.00,0.00,2.57
870528,atl,49.000,-33.000,986.34,986.25,12.56,1.85,53.66,56.77,0.00,103815.98,7.37
870528,pac,34.750,170.000,1002.61,1002.21,7.28,1.90,41.89,41.89,0.00,0.00,3.14
870534,atl,53.500,-49.000,1000.88,1000.67,6.41,1.50,22.87,31.94,0.00,0.00,2.68
870534,atl,50.750,-29.500,984.12,984.03,11.27,1.65,37.72,58.49,0.00,18430.71,6.54
870534,atl,41.250,-60.250,998.54,997.76,8.72,2.01,42.70,43.77,0.00,0.00,4.10
870534,pac,36.250,173.750,1004.61,1004.53,5.26,0.75,32.16,40.48,0.00,0.00,3.44
870540,atl,54.000,-49.000,1002.85,1002.70,6.00,1.34,24.12,37.71,0.00,0.00,3.41
870540,atl,51.250,-28.250,983.97,983.89,11.82,2.18,41.34,51.40,0.00,3162.17,5.58
870540,atl,43.000,-55.750,991.83,991.17,13.00,3.07,48.20,51.03,0.00,596.29,5.86
870540,pac,53.750,224.250,1000.55,1000.08,13.23,3.55,38.32,38.71,0.00,0.00,7.00
870546,atl,54.250,-49.250,1003.49,1003.35,5.51,1.20,28.70,39.03,0.00,0.00,3.43
870546,atl,53.000,-23.750,984.23,984.05,10.91,1.84,38.83,45.22,0.00,0.00,5.63
870546,atl,44.500,-53.750,985.72,984.99,15.93,4.01,50.03,56.54,0.00,9347.25,6.53
870546,pac,55.750,225.250,995.08,994.03,14.38,4.14,42.59,42.59,0.00,0.00,9.82
870552,atl,52.750,-19.750,987.42,987.33,9.70,1.28,28.47,38.83,0.00,0.00,5.25
870552,atl,52.250,-24.250,986.54,986.31,11.84,2.44,43.31,51.31,0.00,4022.66,5.25
870552,atl,46.000,-52.000,983.35,982.53,16.22,3.89,46.37,49.85,0.00,0.00,6.31
870552,pac,58.750,228.000,996.77,995.81,9.48,2.50,45.67,45.67,0.00,0.00,8.99
870552,pac,58.000,236.750,1002.56,1001.76,5.77,1.43,29.31,44.49,0.00,0.00,6.74
870552,pac,57.500,225.250,997.04,996.23,8.88,2.37,45.67,45.67,0.00,0.00,9.13
870552,pac,54.000,236.500,1001.00,1000.58,7.40,2.59,37.81,41.99,0.00,0.00,11.09
870558,atl,51.000,-18.500,990.46,990.39,8.64,1.09,29.34,51.68,0.00,4191.44,4.90
870558,atl,46.500,-53.750,981.42,980.74,14.93,3.60,51.17,51.17,0.00,3323.54,5.69
870558,pac,60.000,228.250,999.49,999.03,6.52,1.22,31.15,31.15,0.00,0.00,8.56
870558,pac,59.750,216.750,997.97,997.40,9.91,2.39,31.35,42.68,0.00,0.00,12.23
870558,pac,59.000,232.500,999.15,998.30,6.26,1.58,31.15,31.15,0.00,0.00,7.17
870558,pac,56.000,239.500,996.74,996.40,10.41,2.33,26.79,27.40,0.00,0.00,7.53
870558,pac,55.750,162.250,1003.44,1003.08,10.65,2.06,33.45,35.87,0.00,0.00,8.22
870564,atl,49.750,-15.500,994.47,994.39,9.49,1.60,39.18,49.71,0.00,0.00,4.78
870564,atl,47.500,-52.750,977.11,976.62,19.20,4.96,55.30,55.30,0.00,23387.04,7.68
870564,pac,61.750,229.250,1000.21,999.87,8.63,2.05,18.54,23.95,0.00,0.00,9.62
870564,pac,59.500,215.500,999.20,999.01,10.56,2.58,34.26,43.99,0.00,0.00,13.43
870564,pac,57.000,164.000,1001.00,1000.80,11.96,2.22,30.45,34.73,0.00,0.00,8.27
870570,atl,57.000,-78.000,999.74,999.55,8.70,1.86,35.35,42.05,0.00,0.00,4.95
870570,atl,52.000,-51.500,977.04,976.57,16.61,3.70,49.81,57.00,0.00,24958.03,7.70
870570,atl,49.000,-50.000,976.84,976.44,17.63,4.40,57.00,57.00,0.00,86711.29,7.70
870570,atl,48.750,-12.000,996.29,996.04,10.78,2.23,35.22,42.97,0.00,0.00,4.26
870570,pac,61.750,230.000,999.41,998.76,9.79,2.57,28.58,28.58,0.00,0.00,10.54
870570,pac,60.000,235.000,1000.43,999.99,5.34,0.96,28.77,31.69,0.00,0.00,8.75
870570,pac,58.750,215.250,1001.12,1000.90,9.56,2.09,38.38,45.09,0.00,0.00,13.08
870570,pac,57.250,165.000,999.53,999.25,11.72,2.16,31.28,36.90,0.00,0.00,9.98
870576,atl,53.750,-74.250,1001.66,1001.55,5.69,1.35,24.54,38.81,0.00,0.00,3.64
870576,atl,53.500,-51.750,976.82,976.44,16.91,3.22,48.89,53.56,0.00,10219.97,7.23
870576,atl,52.500,-48.500,977.31,977.13,15.93,2.78,55.70,62.69,0.00,119750.25,7.23
870576,atl,47.250,-9.500,999.31,999.13,10.55,2.11,36.15,38.41,0.00,0.00,4.70
870576,pac,61.750,230.250,1000.75,1000.11,10.44,3.04,30.21,30.21,0.00,0.00,10.52
870576,pac,58.250,214.750,1004.77,1004.54,7.92,1.67,38.67,43.35,0.00,0.00,10.49
870576,pac,57.000,166.500,1000.47,1000.27,9.64,1.71,31.67,41.55,0.00,0.00,10.26
870582,atl,55.000,-48.250,977.35,977.00,16.01,2.70,55.40,64.20,395.11,101486.94,6.78
870582,atl,50.750,-71.250,1001.11,1001.00,4.95,1.06,22.40,24.40,0.00,0.00,3.01
870582,atl,47.000,-8.500,999.46,999.23,11.24,2.36,31.33,37.24,0.00,0.00,5.17
870582,pac,61.500,231.000,1004.40,1003.96,8.95,2.95,24.72,24.72,0.00,0.00,10.41
870582,pac,56.750,168.500,1000.74,1000.64,8.43,1.44,28.95,32.22,0.00,0.00,10.33
870582,pac,45.250,183.000,1004.17,1003.87,8.35,2.20,33.52,34.93,0.00,0.00,3.37
870588,atl,57.000,-48.500,980.34,980.02,17.06,3.54,55.94,64.25,374.65,63489.75,17.62
870588,atl,48.000,-69.500,1001.50,1001.31,5.99,1.15,23.24,26.57,0.00,0.00,3.28
870588,atl,46.500,-8.750,1002.74,1002.54,10.57,2.34,37.01,40.80,0.00,0.00,4.15
870588,pac,59.000,169.250,1002.56,1002.41,8.13,1.50,31.35,32.85,0.00,0.00,6.63
870588,pac,47.000,183.500,1000.65,1000.42,10.37,2.48,35.53,36.53,0.00,0.00,3.94
870594,atl,57.750,-50.250,986.35,986.03,15.74,3.45,43.76,52.55,0.00,18906.65,11.95
870594,atl,44.750,-9.250,1004.83,1004.65,9.27,1.99,42.86,42.86,0.00,0.00,4.15
870594,atl,43.750,-71.000,1001.17,1000.82,7.20,1.57,37.02,38.89,0.00,0.00,6.28
870594,pac,59.500,167.500,1001.43,1001.17,8.12,1.75,23.81,30.13,0.00,0.00,5.93
870594,pac,48.250,184.000,996.89,996.48,12.94,3.11,35.40,37.73,0.00,0.00,3.81
870600,atl,67.000,-52.250,1001.11,1000.75,12.91,3.34,47.53,47.53,0.00,0.00,9.65
870600,atl,58.500,-50.750,992.11,991.88,16.23,3.75,37.89,43.34,0.00,0.00,10.00
870600,atl,41.500,-70.000,1004.92,1004.71,4.61,0.77,31.10,44.62,0.00,0.00,3.66
870600,pac,60.250,166.000,1001.76,1001.66,6.88,1.35,24.30,31.06,0.00,0.00,4.80
870600,pac,48.750,184.250,995.96,995.53,13.17,3.32,38.47,38.47,0.00,0.00,4.42
870606,atl,68.500,-53.500,1004.50,1004.01,12.09,3.06,42.48,42.48,0.00,0.00,9.71
870606,atl,58.750,-51.500,997.57,997.30,15.77,3.73,36.26,38.89,0.00,0.00,8.80
870606,pac,61.750,164.750,1001.19,1001.04,6.85,1.36,23.40,26.67,0.00,0.00,5.02
870606,pac,48.000,185.250,999.10,998.83,9.32,2.26,45.79,45.79,0.00,0.00,4.24
870606,pac,44.250,191.250,1002.09,1001.70,4.71,1.20,30.84,37.06,0.00,0.00,2.99
870612,atl,58.500,-51.500,1004.40,1004.09,14.90,3.61,35.75,35.75,0.00,0.00,8.86
870612,atl,39.750,-63.750,1004.35,1004.07,7.58,1.67,45.38,45.50,0.00,0.00,3.41
870612,pac,62.250,163.500,1002.13,1001.83,5.77,1.16,19.92,25.47,0.00,0.00,5.69
870612,pac,44.750,192.750,999.57,999.01,6.32,1.70,30.01,43.02,0.00,0.00,3.36
870612,pac,42.000,199.000,1001.94,1001.72,7.16,1.70,39.06,42.30,0.00,0.00,4.36
870618,atl,41.500,-60.500,1002.97,1002.82,10.56,1.91,44.39,45.53,0.00,0.00,4.46
870618,atl,37.000,-10.250,1003.93,1003.83,5.61,1.26,33.95,37.46,0.00,0.00,3.26
870618,atl,31.000,-4.750,992.66,992.13,10.06,3.24,35.00,39.47,0.00,0.00,21.56
870618,pac,63.000,161.250,1002.39,1002.29,4.43,0.97,16.42,21.22,0.00,0.00,5.85
870618,pac,45.500,193.250,998.96,998.41,6.93,1.76,31.02,40.66,0.00,0.00,3.24
870618,pac,44.750,201.000,997.48,997.10,10.42,2.36,38.77,43.93,0.00,0.00,5.00
870624,atl,42.500,-59.250,1000.15,999.89,13.88,2.63,35.48,44.97,0.00,0.00,6.23
870624,atl,36.250,-9.500,1003.92,1003.78,4.88,1.03,30.18,33.51,0.00,0.00,2.43
870624,atl,31.250,-1.750,996.78,996.15,6.75,1.81,34.31,35.64,0.00,0.00,12.30
870624,pac,53.750,161.500,993.59,993.34,8.11,1.29,33.61,37.41,0.00,0.00,6.66
870624,pac,47.000,202.000,992.94,992.55,13.92,3.31,40.30,45.47,0.00,0.00,5.73
870630,atl,43.750,-59.000,996.62,996.27,16.49,3.38,47.15,48.39,0.00,0.00,7.41
870630,atl,37.750,5.000,999.68,999.43,8.62,2.04,40.01,40.09,0.00,0.00,8.61
870630,atl,35.750,-8.750,1001.66,1001.54,4.77,1.33,30.30,31.36,0.00,0.00,4.54
870630,atl,31.000,-1.500,999.81,999.42,4.31,1.31,26.04,26.04,0.00,0.00,9.60
870630,pac,56.500,165.500,989.61,989.36,10.65,2.52,33.80,36.36,0.00,0.00,5.19
870630,pac,48.500,202.250,988.97,988.32,17.34,4.48,40.33,40.89,0.00,0.00,6.34
870636,atl,44.000,-59.250,995.60,995.30,16.55,3.15,45.91,50.17,0.00,1051.58,7.93
870636,atl,39.750,2.750,999.78,999.17,7.26,2.03,50.55,53.19,0.00,3418.41,9.16
870636,atl,37.250,6.750,999.94,999.32,8.03,2.32,46.52,46.52,0.00,0.00,9.18
870636,atl,35.750,3.750,999.86,998.93,5.00,1.18,46.52,46.52,0.00,0.00,6.70
870636,pac,58.250,168.000,986.66,986.37,13.06,3.23,39.92,39.92,0.00,0.00,5.75
870636,pac,48.500,202.000,987.21,986.30,18.88,4.77,44.40,44.40,0.00,0.00,6.88
870642,atl,44.000,-59.000,995.74,995.56,15.45,2.91,44.49,51.25,0.00,1039.17,7.60
870642,atl,40.750,2.750,1000.22,999.88,5.95,1.85,47.80,49.04,0.00,0.00,17.17
870642,atl,38.500,7.250,1002.59,1002.13,5.10,1.40,45.92,48.77,0.00,0.00,11.81
870642,atl,35.500,4.750,999.51,998.50,4.95,1.81,35.95,44.39,0.00,0.00,11.81
870642,atl,31.250,-4.750,999.92,999.37,5.88,2.13,29.54,29.62,0.00,0.00,13.92
870642,pac,59.750,169.500,985.09,984.58,13.60,3.25,34.35,35.00,0.00,0.00,6.72
870642,pac,48.000,204.250,992.19,991.70,15.65,3.38,49.20,49.20,0.00,0.00,5.66
870648,atl,44.500,-59.000,997.27,996.98,15.39,2.89,42.86,54.42,0.00,9801.49,7.37
870648,atl,44.500,-2.500,1001.58,1001.11,7.74,1.79,38.19,42.12,0.00,0.00,6.66
870648,atl,43.250,1.500,1002.46,1001.60,6.40,1.55,43.50,43.50,0.00,0.00,17.45
870648,atl,42.000,-9.250,1003.40,1003.22,4.85,0.96,28.97,34.54,0.00,0.00,2.98
870648,atl,33.750,5.500,1003.64,1003.41,4.54,1.71,29.70,29.70,0.00,0.00,8.19
870648,atl,31.000,-4.750,1004.73,1004.34,4.47,1.99,23.38,24.60,0.00,0.00,12.46
870648,pac,61.000,172.000,985.19,984.85,12.67,2.61,37.38,37.38,0.00,0.00,5.11
870648,pac,49.500,209.000,996.51,996.24,11.88,2.00,41.90,43.22,0.00,0.00,4.68
870648,pac,44.250,161.000,1002.38,1002.33,5.58,1.05,33.13,35.68,0.00,0.00,2.94
870654,atl,45.000,-5.500,1001.40,1001.06,8.08,1.73,35.78,41.16,0.00,0.00,5.99
870654,atl,44.250,-59.250,1000.16,999.85,12.33,2.40,40.40,48.42,0.00,0.00,5.53
870654,pac,64.000,175.000,982.51,982.27,14.99,3.04,37.12,46.19,0.00,0.00,6.15
870654,pac,50.750,212.000,998.63,998.32,11.85,2.11,37.38,39.97,0.00,0.00,4.65
870654,pac,44.750,162.500,1002.98,1002.92,5.50,1.11,32.00,36.29,0.00,0.00,2.89
870660,atl,63.500,-9.000,1000.45,999.69,14.54,3.97,43.68,43.68,0.00,0.00,6.38
870660,atl,44.750,-9.250,1003.52,1003.22,6.97,1.40,36.08,37.83,0.00,0.00,3.96
870660,atl,44.000,-59.000,1003.08,1002.85,11.03,2.19,36.96,44.95,0.00,0.00,5.54
870660,pac,65.250,175.000,981.35,981.01,14.72,3.27,35.12,39.77,0.00,0.00,6.24
870660,pac,52.250,214.750,999.71,999.55,12.12,2.13,31.83,35.60,0.00,0.00,4.29
870660,pac,45.750,164.250,1003.77,1003.60,6.65,1.46,34.58,36.84,0.00,0.00,3.12
870666,atl,63.500,-2.750,994.86,994.36,17.04,4.76,48.46,48.57,0.00,0.00,6.97
870666,atl,43.250,-12.000,1002.68,1002.60,7.17,1.49,34.52,36.00,0.00,0.00,3.05
870666,pac,65.750,175.750,982.18,981.84,12.38,2.77,31.02,34.37,0.00,0.00,7.19
870666,pac,53.000,216.500,1002.26,1002.14,11.37,2.00,33.71,33.74,0.00,0.00,4.11
870672,atl,63.000,3.000,993.49,992.88,14.64,4.08,51.28,51.28,0.00,7380.56,7.66
870672,atl,43.000,-13.250,1002.64,1002.41,8.55,1.99,33.36,36.40,0.00,0.00,3.13
870672,pac,53.250,218.750,1003.47,1003.27,10.96,2.07,29.13,39.75,0.00,0.00,4.02
870672,pac,40.000,162.000,1004.09,1003.93,5.82,1.12,26.47,41.38,0.00,0.00,3.33
870678,atl,42.500,-14.250,1001.80,1001.54,8.79,1.96,33.31,35.13,0.00,0.00,2.88
870678,atl,32.250,-77.750,1004.78,1003.93,8.64,2.57,54.20,54.20,0.00,13604.48,5.49
870678,pac,45.750,165.750,1002.82,1002.73,7.86,1.16,39.63,41.79,0.00,0.00,4.90
870684,atl,48.750,-50.750,1004.70,1004.33,10.09,2.84,36.47,36.47,0.00,0.00,5.22
870684,atl,42.250,-14.750,1003.83,1003.59,8.41,1.88,26.91,31.88,0.00,0.00,2.80
870684,atl,32.750,-78.500,1004.65,1003.33,9.73,3.00,60.76,60.76,0.00,19309.28,6.03
870684,pac,48.000,168.000,1001.13,1001.00,10.05,1.55,40.34,47.11,0.00,0.00,4.01
870690,atl,48.000,-51.000,1004.96,1004.58,8.71,2.37,35.96,35.96,0.00,0.00,5.18
870690,atl,42.250,-15.000,1004.17,1004.00,7.99,1.78,27.03,29.60,0.00,0.00,2.70
870690,pac,49.750,165.250,999.96,999.53,11.43,2.82,38.73,38.73,0.00,0.00,4.50
870696,pac,64.250,234.750,1002.60,1002.23,4.42,1.16,22.43,27.52,0.00,0.00,6.20
870696,pac,63.000,223.000,997.38,997.09,5.45,2.04,33.28,33.51,0.00,0.00,12.82
870696,pac,58.000,237.250,1003.13,1002.87,4.67,1.19,20.37,20.37,0.00,0.00,6.88
870696,pac,53.250,237.000,1004.58,1004.26,4.97,1.77,25.12,25.12,0.00,0.00,6.96
870696,pac,51.000,165.750,997.61,996.95,14.07,3.79,42.13,42.13,0.00,0.00,5.28
870702,atl,53.500,-42.250,1003.10,1002.87,5.11,1.30,30.21,30.21,0.00,0.00,2.97
870702,atl,48.750,-42.500,1000.21,999.68,6.61,1.79,36.67,36.67,0.00,0.00,4.06
870702,pac,62.000,220.250,994.69,994.33,4.57,1.62,28.00,28.01,0.00,0.00,8.86
870702,pac,61.000,208.500,995.54,995.09,4.05,1.43,35.70,35.70,0.00,0.00,8.92
870702,pac,54.250,238.000,1003.76,1003.36,4.08,1.11,19.75,19.75,0.00,0.00,7.19
870702,pac,52.000,166.000,993.16,992.20,18.47,5.56,47.08,47.08,0.00,0.00,7.22
870708,atl,57.000,-55.000,1004.59,1004.31,9.71,2.51,50.37,50.37,0.00,3799.19,6.25
870708,atl,53.000,-34.000,1001.29,1001.09,5.81,1.42,35.28,37.03,0.00,0.00,3.64
870708,atl,49.500,-42.000,997.41,996.75,8.22,2.03,37.56,40.16,0.00,0.00,5.88
870708,atl,48.500,-37.500,997.17,996.26,8.58,2.34,44.83,44.83,0.00,0.00,5.88
870708,pac,62.250,213.750,992.60,991.98,4.75,1.05,22.68,43.10,0.00,0.00,10.87
870708,pac,62.000,219.750,991.67,991.17,5.54,1.47,27.83,30.13,0.00,0.00,6.71
870708,pac,60.000,213.250,992.69,992.35,6.27,1.31,41.76,43.10,0.00,0.00,10.87
870708,pac,52.500,167.000,992.81,991.70,20.32,5.97,52.39,52.39,0.00,4778.85,7.99
870714,atl,56.750,-52.000,1002.86,1002.68,9.13,2.56,51.26,51.47,0.00,17943.45,6.02
870714,atl,54.000,-34.500,995.54,995.40,7.92,1.45,40.18,42.34,0.00,0.00,5.55
870714,atl,50.250,-35.000,991.82,990.71,10.91,2.94,46.11,48.80,0.00,0.00,5.76
870714,atl,32.250,-77.250,1004.82,1004.49,8.00,1.87,52.12,52.12,0.00,3229.41,4.87
870714,pac,65.250,231.500,992.28,991.66,5.72,1.53,26.38,32.62,0.00,0.00,5.91
870714,pac,62.000,220.250,987.32,986.96,7.60,1.85,32.22,34.22,0.00,0.00,8.43
870714,pac,52.750,167.750,996.25,995.40,18.62,5.35,50.28,50.28,0.00,964.75,6.41
870720,atl,55.000,-36.000,989.78,989.48,11.24,2.14,32.39,41.53,0.00,0.00,7.22
870720,atl,52.250,-32.500,987.94,987.09,12.86,3.18,41.53,41.53,0.00,0.00,7.22
870720,atl,31.750,-77.500,1003.40,1003.15,8.11,2.04,53.72,53.72,0.00,14879.90,5.05
870720,pac,64.000,235.250,989.51,989.23,6.56,1.73,30.78,34.24,0.00,0.00,6.33
870720,pac,62.500,221.250,984.50,983.96,8.66,2.39,30.17,32.37,0.00,0.00,8.79
870720,pac,59.000,236.500,990.23,989.88,4.21,0.86,22.62,32.32,0.00,0.00,5.99
870720,pac,52.500,168.500,1002.55,1001.77,15.75,4.47,45.72,45.72,0.00,0.00,5.41
870726,atl,54.500,-36.000,985.04,984.69,12.32,2.26,32.17,38.14,0.00,0.00,6.06
870726,atl,54.250,-31.500,985.28,984.78,12.49,2.57,38.14,38.14,0.00,0.00,6.06
870726,pac,63.250,221.000,985.27,984.46,7.60,2.00,26.87,26.87,0.00,0.00,8.47
870726,pac,58.750,237.250,987.16,986.90,5.76,1.41,16.69,23.03,0.00,0.00,5.86
870732,atl,60.500,-78.000,1000.98,1000.91,8.63,1.72,30.89,35.73,0.00,0.00,4.15
870732,atl,56.000,-34.000,982.96,982.65,13.28,2.15,36.30,41.00,0.00,0.00,5.53
870732,atl,31.000,-76.500,1004.06,1003.88,7.31,1.60,41.33,42.97,0.00,0.00,3.74
870732,pac,66.000,194.250,1002.22,1002.09,4.47,1.10,27.74,27.74,0.00,0.00,4.36
870732,pac,63.000,222.500,988.37,988.15,4.52,1.00,25.77,26.22,0.00,0.00,7.13
870732,pac,60.000,215.250,988.97,988.72,6.92,1.64,41.01,41.85,0.00,0.00,12.05
870732,pac,59.000,219.000,988.85,988.63,5.46,1.16,34.84,41.85,0.00,0.00,8.79
870732,pac,59.000,237.500,985.87,985.62,6.01,1.49,18.96,26.93,0.00,0.00,6.42
870738,atl,60.000,-72.750,1002.41,1002.16,7.88,1.52,33.44,34.46,0.00,0.00,5.70
870738,atl,56.500,-35.000,980.25,979.96,13.94,2.26,38.28,48.94,0.00,0.00,7.14
870738,pac,59.500,216.250,989.31,989.08,6.59,1.44,39.27,43.74,0.00,0.00,10.05
870738,pac,59.250,238.000,982.98,982.76,7.25,1.73,27.41,34.43,0.00,0.00,7.32
870738,pac,58.500,220.000,989.26,989.04,4.74,1.15,34.10,41.79,0.00,0.00,8.01
870744,atl,59.500,-67.250,1004.59,1004.34,7.79,2.05,31.12,31.12,0.00,0.00,4.47
870744,atl,56.250,-37.500,979.92,979.68,15.22,2.45,41.69,61.28,0.00,81521.38,7.81
870744,atl,32.250,6.000,1003.59,1003.19,6.45,1.76,36.11,36.11,0.00,0.00,9.76
870744,pac,61.500,224.750,987.00,986.65,5.72,1.42,17.86,23.00,0.00,0.00,7.39
870744,pac,58.750,238.500,982.16,981.65,7.46,1.64,27.08,30.00,0.00,0.00,6.61
870750,atl,54.750,-38.000,979.99,979.86,15.23,2.43,48.32,64.26,967.39,153855.99,7.21
870750,atl,33.250,5.750,1003.24,1002.95,6.91,1.83,31.57,32.31,0.00,0.00,7.66
870750,pac,60.000,237.250,983.92,983.45,7.59,1.70,29.91,29.91,0.00,0.00,8.42
870756,atl,53.750,-34.750,982.17,982.05,12.87,2.19,45.84,54.81,0.00,80334.97,5.70
870756,atl,34.000,6.750,1004.04,1003.68,6.18,1.69,49.23,49.23,0.00,0.00,8.27
870756,atl,33.250,9.250,1004.34,1003.59,6.24,1.33,43.82,49.23,0.00,0.00,8.27
870756,pac,62.000,229.250,987.40,987.21,8.44,2.49,25.93,26.70,0.00,0.00,10.45
870756,pac,60.000,237.250,986.72,986.24,6.61,1.68,26.26,26.26,0.00,0.00,9.15
870756,pac,57.500,221.250,991.17,990.82,4.73,1.18,32.98,36.65,0.00,0.00,8.15
870762,atl,54.750,-31.250,982.01,981.80,11.93,2.43,46.53,48.62,0.00,0.00,5.15
870762,pac,62.250,224.750,988.65,987.91,9.68,2.79,29.65,33.20,0.00,0.00,13.47
870762,pac,60.250,234.250,989.65,988.89,4.89,1.22,28.16,28.16,0.00,0.00,8.51
870762,pac,60.000,216.250,992.28,991.91,6.38,1.27,26.22,40.58,0.00,0.00,13.12
870762,pac,59.750,238.250,988.14,987.81,5.92,1.61,27.41,28.16,0.00,0.00,8.51
870762,pac,57.500,221.000,992.20,992.01,4.09,0.99,32.99,33.78,0.00,0.00,5.94
870768,atl,60.750,-46.000,999.79,999.50,5.85,1.91,58.48,58.48,0.00,39167.12,10.54
870768,atl,60.250,-34.750,986.05,984.72,12.36,2.73,38.72,58.48,0.00,32088.77,7.70
870768,atl,57.250,-30.750,981.34,980.87,13.15,3.23,44.31,44.31,0.00,0.00,6.22
870768,atl,41.500,5.750,1003.63,1003.34,6.92,1.60,32.45,32.73,0.00,0.00,10.25
870768,pac,61.750,224.500,991.02,990.47,8.58,2.05,24.00,35.43,0.00,0.00,14.79
870768,pac,61.250,217.000,993.80,992.88,5.85,0.76,23.14,36.05,0.00,0.00,14.79
870768,pac,60.500,212.750,993.72,993.19,7.47,1.63,37.86,41.02,0.00,0.00,13.15
870768,pac,59.750,231.250,991.49,990.83,4.55,1.28,26.39,26.39,0.00,0.00,8.18
870768,pac,57.750,238.000,989.06,988.54,4.89,1.26,22.42,26.39,0.00,0.00,9.64
870774,atl,60.750,-46.500,999.65,999.27,5.66,1.90,50.73,51.00,0.00,2200.20,9.06
870774,atl,58.500,-32.000,980.50,979.76,14.52,3.43,38.92,41.79,0.00,0.00,5.98
870774,atl,42.500,5.250,1000.08,999.71,8.56,2.16,42.71,42.71,0.00,0.00,11.55
870774,atl,41.750,-17.000,1004.82,1004.50,6.92,1.69,31.10,31.89,0.00,0.00,3.25
870774,pac,62.250,224.500,993.78,993.42,9.43,2.72,24.63,34.19,0.00,0.00,13.64
870774,pac,62.000,215.000,995.76,995.01,6.93,1.07,22.91,34.19,0.00,0.00,13.64
870774,pac,59.500,211.000,995.21,994.97,8.16,1.62,35.76,39.24,0.00,0.00,10.34
870780,atl,59.500,-34.500,981.56,981.08,15.90,3.75,40.20,47.71,0.00,0.00,5.66
870780,atl,42.750,-14.500,1004.96,1004.69,6.88,1.80,33.97,34.09,0.00,0.00,3.09
870780,atl,42.500,5.500,1001.11,1000.29,7.61,2.18,39.23,44.83,0.00,0.00,11.81
870780,pac,62.250,223.250,997.15,996.69,9.02,2.63,20.99,30.01,0.00,0.00,12.31
870780,pac,58.750,210.500,996.73,996.47,7.68,1.55,32.18,43.39,0.00,0.00,8.17
870780,pac,57.250,220.750,997.61,997.38,4.11,1.18,26.14,29.45,0.00,0.00,6.49
870786,atl,68.000,-44.000,1000.80,1000.51,8.74,2.97,40.08,50.95,0.00,634.78,18.42
870786,atl,61.000,-45.750,997.86,997.42,5.81,1.82,47.47,47.47,0.00,0.00,9.80
870786,atl,59.500,-36.000,982.84,982.65,15.05,3.79,42.46,44.18,0.00,0.00,5.82
870786,atl,47.500,8.000,1003.72,1003.13,6.72,1.71,28.31,32.55,0.00,0.00,11.81
870786,atl,43.750,-12.500,1003.68,1003.44,6.31,1.70,35.89,35.89,0.00,0.00,3.80
870786,atl,41.750,6.250,1003.19,1002.53,5.76,1.82,35.09,35.09,0.00,0.00,8.30
870786,pac,62.250,222.250,999.98,999.56,7.86,2.15,18.99,33.03,0.00,0.00,12.09
870786,pac,58.000,210.250,998.67,998.29,6.74,1.38,30.90,41.82,0.00,0.00,7.67
870786,pac,57.750,219.500,998.98,998.70,4.45,1.24,33.03,33.03,0.00,0.00,9.20
870786,pac,41.500,205.250,1004.40,1004.09,12.26,3.03,45.94,45.94,0.00,0.00,5.60
870792,atl,61.000,-46.750,999.20,998.80,6.72,2.38,46.08,46.08,0.00,0.00,10.27
870792,atl,59.000,-36.500,986.04,985.74,13.95,3.74,44.31,44.31,0.00,0.00,5.61
870792,atl,47.000,-28.750,998.02,997.67,6.26,1.66,32.05,35.01,0.00,0.00,3.20
870792,atl,46.000,-13.250,1004.35,1004.06,4.33,1.06,28.31,28.31,0.00,0.00,3.16
870792,atl,45.000,-10.750,1004.33,1003.97,5.40,1.57,28.31,28.31,0.00,0.00,5.02
870792,pac,62.750,222.750,1001.67,1001.36,8.59,2.66,23.14,28.91,0.00,0.00,11.24
870792,pac,62.500,214.250,1001.89,1001.40,6.42,1.51,22.07,28.91,0.00,0.00,11.24
870792,pac,62.000,209.750,1002.13,1001.70,6.24,1.62,20.70,26.93,0.00,0.00,9.44
870792,pac,42.500,209.500,1003.08,1002.54,11.12,2.82,44.67,48.80,0.00,0.00,5.03
870792,pac,33.500,173.500,1004.53,1003.94,7.90,2.14,41.85,41.85,0.00,0.00,4.75
870798,atl,58.750,-36.000,988.47,988.23,12.30,3.26,41.75,41.75,0.00,0.00,4.15
870798,atl,48.000,-27.500,992.38,991.67,9.26,2.65,34.97,35.60,0.00,0.00,5.74
870798,atl,46.500,-9.250,1003.37,1003.04,4.97,1.41,28.47,28.47,0.00,0.00,4.23
870798,pac,62.500,220.250,1004.36,1003.98,7.07,1.88,18.48,28.95,0.00,0.00,11.14
870798,pac,62.250,213.750,1004.57,1004.23,5.16,1.19,22.43,28.95,0.00,0.00,11.14
870798,pac,61.750,209.750,1004.49,1004.30,5.03,1.33,20.10,28.95,0.00,0.00,7.76
870798,pac,44.500,215.750,998.87,998.23,11.74,3.01,47.21,47.21,0.00,0.00,5.37
870798,pac,33.500,173.500,1003.11,1002.66,8.10,2.08,43.62,43.62,0.00,0.00,4.36
870804,atl,60.750,-44.250,998.75,998.41,6.73,1.29,45.91,45.91,0.00,0.00,8.19
870804,atl,59.250,-35.750,992.60,992.37,10.20,2.58,33.00,33.00,0.00,0.00,3.44
870804,atl,48.500,-27.000,988.70,987.70,12.99,3.95,46.37,46.37,0.00,0.00,8.79
870804,atl,48.000,-8.000,1004.80,1004.54,4.11,1.20,28.88,28.88,0.00,0.00,2.61
870804,pac,47.000,220.000,990.27,989.53,15.67,3.84,47.90,47.90,0.00,0.00,5.38
870804,pac,33.500,174.500,1003.46,1003.18,7.60,1.76,38.87,39.30,0.00,0.00,4.13
870804,pac,31.000,177.500,1004.22,1003.62,4.33,0.82,28.53,34.33,0.00,0.00,2.90
870810,atl,64.250,-46.000,997.28,996.52,11.58,3.33,43.17,46.80,0.00,0.00,23.94
870810,atl,61.000,-46.250,997.00,996.18,9.69,2.86,46.80,46.80,0.00,0.00,14.82
870810,atl,60.250,-36.250,993.86,993.65,9.38,2.27,31.93,35.94,0.00,0.00,4.50
870810,atl,48.250,-26.750,987.12,986.07,14.22,4.20,48.99,48.99,0.00,0.00,7.73
870810,pac,50.750,222.500,983.56,982.86,20.75,4.93,49.15,53.28,0.00,5088.72,7.78
870810,pac,32.500,178.250,1001.17,999.69,7.28,1.78,39.12,39.12,0.00,0.00,5.04
870816,atl,61.500,-37.750,993.54,993.33,10.59,2.35,33.50,46.45,0.00,0.00,9.26
870816,atl,61.000,-46.250,996.35,995.75,10.63,2.68,48.81,48.81,0.00,0.00,22.35
870816,atl,48.000,-26.000,986.66,985.91,15.40,4.33,51.31,51.31,0.00,5757.66,6.69
870816,pac,53.000,222.250,977.94,977.14,24.86,6.23,57.59,60.77,0.00,76575.02,8.38
870816,pac,33.000,177.500,999.81,998.75,8.49,2.12,33.54,33.54,0.00,0.00,4.01
870822,atl,61.750,-40.750,992.14,991.91,11.70,2.03,35.34,54.43,0.00,18727.40,25.67
870822,atl,61.500,-45.000,992.80,992.26,12.90,2.58,54.43,54.43,0.00,43469.11,25.67
870822,atl,52.750,-45.500,1004.67,1004.52,4.75,1.42,29.04,34.74,0.00,0.00,2.96
870822,atl,47.250,-24.750,985.98,985.32,14.79,4.11,50.92,50.92,0.00,3237.79,5.69
870822,pac,54.000,221.500,974.76,973.82,26.76,7.25,58.49,60.73,0.00,114908.62,11.93
870822,pac,32.250,177.250,999.68,999.06,7.27,1.75,30.22,37.14,0.00,0.00,3.05
870828,atl,61.000,-45.000,992.71,991.90,13.68,2.99,52.82,52.82,0.00,58268.18,17.96
870828,atl,52.000,-41.250,1002.53,1002.26,5.51,1.56,33.70,33.70,0.00,0.00,2.74
870828,atl,47.000,-23.250,988.77,988.18,12.38,3.33,49.15,49.15,0.00,0.00,4.50
870828,pac,54.500,221.000,972.93,971.46,28.16,8.37,60.21,60.21,0.00,51471.16,13.42
870828,pac,34.250,183.500,1001.67,1001.54,6.11,1.13,36.02,36.46,0.00,0.00,3.36
870828,pac,31.250,178.000,1001.99,1001.71,4.80,1.07,30.23,30.23,0.00,0.00,1.96
870834,atl,58.500,-43.750,996.27,995.92,9.87,2.37,47.44,47.44,0.00,0.00,8.35
870834,atl,51.250,-37.750,999.69,999.46,6.79,2.07,36.84,36.84,0.00,0.00,3.32
870834,atl,46.750,-21.500,988.99,988.53,11.72,3.15,46.07,46.49,0.00,0.00,4.68
870834,pac,55.750,220.750,976.59,975.19,25.51,7.86,60.43,60.43,0.00,82272.13,11.80
870834,pac,53.250,235.000,1003.68,1003.13,5.93,2.19,32.85,38.39,0.00,0.00,8.95
870834,pac,35.000,182.750,1001.80,1001.74,5.82,1.01,30.51,35.22,0.00,0.00,2.97
870840,atl,63.250,-49.250,1004.94,1004.33,6.71,2.23,39.59,40.05,0.00,0.00,13.94
870840,atl,60.750,-47.500,1004.70,1004.41,5.37,1.59,40.05,41.86,0.00,0.00,10.22
870840,atl,57.000,-42.500,999.37,998.90,8.09,2.46,41.13,41.86,0.00,0.00,6.54
870840,atl,51.750,-24.750,994.07,993.95,5.38,1.32,35.44,42.16,0.00,0.00,4.09
870840,atl,51.000,-35.250,996.78,996.21,7.45,2.47,41.88,41.88,0.00,0.00,5.18
870840,atl,47.000,-19.000,990.24,989.92,10.46,2.57,43.63,45.62,0.00,0.00,4.28
870840,pac,62.500,214.500,1000.34,999.47,5.23,1.10,21.74,48.57,0.00,0.00,10.36
870840,pac,62.250,224.250,1001.37,1000.98,6.64,1.95,31.11,58.18,0.00,8533.70,11.66
870840,pac,58.500,230.000,1001.11,1000.39,4.89,2.38,41.37,58.15,0.00,18782.85,11.96
870840,pac,56.500,219.000,981.74,980.47,22.38,7.07,58.32,58.32,0.00,46383.66,11.66
870840,pac,53.500,236.500,999.06,998.70,9.25,2.71,35.54,35.54,0.00,0.00,9.04
870840,pac,35.000,182.750,1002.52,1002.39,4.80,0.76,23.20,29.29,0.00,0.00,2.73
870846,atl,55.250,-42.000,1000.85,1000.59,6.90,2.15,39.55,39.55,0.00,0.00,4.13
870846,atl,52.000,-18.000,989.59,989.32,7.59,1.75,36.98,36.98,0.00,0.00,3.55
870846,atl,51.750,-25.750,991.04,990.88,5.05,1.22,30.23,40.71,0.00,0.00,3.74
870846,atl,50.750,-33.750,991.62,990.44,9.09,3.02,49.66,49.66,0.00,0.00,9.51
870846,atl,47.750,-16.500,989.11,988.84,10.12,2.38,41.44,44.34,0.00,0.00,4.22
870846,pac,57.500,232.000,1001.23,1000.63,6.95,2.64,37.75,41.24,0.00,0.00,9.97
870846,pac,56.500,218.750,986.81,985.64,20.00,6.37,50.65,50.65,0.00,4882.56,10.78
870846,pac,54.250,237.750,999.42,999.10,9.86,1.83,29.36,37.75,0.00,0.00,9.97
870846,pac,35.250,182.500,1002.91,1002.83,4.35,0.76,24.85,25.56,0.00,0.00,2.72
870852,atl,52.250,-21.250,986.04,985.63,8.58,2.14,34.37,34.37,0.00,0.00,3.37
870852,atl,50.000,-31.750,987.02,986.21,10.84,3.17,56.02,56.02,0.00,10585.23,9.07
870852,atl,49.250,-14.750,989.93,989.64,8.78,2.01,37.58,42.03,0.00,0.00,4.00
870852,pac,56.500,218.750,990.77,989.81,18.52,5.76,46.20,46.20,0.00,0.00,11.99
870858,atl,52.250,-22.500,982.89,982.28,9.72,2.31,32.34,39.92,0.00,0.00,3.97
870858,atl,49.250,-29.000,983.62,983.26,10.40,2.73,54.60,54.60,0.00,22846.30,7.11
870858,pac,56.250,219.500,995.10,994.23,16.85,5.36,44.71,44.71,0.00,0.00,10.64
870858,pac,46.500,161.500,1003.38,1002.84,10.10,2.52,31.66,31.66,0.00,0.00,3.71
870864,atl,52.000,-24.500,979.47,979.15,12.86,2.60,38.23,51.31,0.00,3117.51,5.96
870864,pac,56.250,220.000,999.98,999.25,14.70,4.97,44.08,44.08,0.00,0.00,10.57
870870,atl,54.750,0.250,1002.62,1002.32,4.92,1.36,27.33,27.33,0.00,0.00,4.41
870870,atl,50.500,-26.000,978.68,978.48,12.79,2.36,47.88,52.83,0.00,10381.67,5.26
870870,atl,49.750,-22.000,979.32,978.96,11.16,2.22,52.83,52.83,0.00,10381.67,5.26
870870,pac,56.000,221.250,1004.10,1003.42,12.73,4.45,38.02,38.13,0.00,0.00,8.09
870870,pac,43.500,193.750,1003.17,1003.07,4.86,0.77,20.46,28.03,0.00,0.00,2.28
870876,atl,55.750,1.500,1003.10,1002.70,5.88,1.69,29.95,36.73,0.00,0.00,4.04
870876,atl,50.250,-24.250,979.33,979.19,11.36,2.01,45.44,49.68,0.00,0.00,4.22
870876,pac,44.750,192.750,999.64,999.60,5.45,0.85,20.71,22.28,0.00,0.00,2.32
870882,atl,56.750,3.000,1003.28,1002.82,6.41,1.88,37.68,37.68,0.00,0.00,6.59
870882,atl,51.750,-20.500,980.94,980.76,9.64,1.79,40.91,40.91,0.00,0.00,3.94
870882,atl,49.500,-24.250,981.10,980.89,8.36,1.45,39.17,40.57,0.00,0.00,3.90
870882,pac,46.750,195.250,996.25,996.10,7.18,1.23,22.38,25.79,0.00,0.00,2.88
870888,atl,57.250,4.000,1004.51,1004.03,6.88,1.91,39.96,39.96,0.00,0.00,7.59
870888,atl,54.500,-78.500,1000.93,1000.69,5.59,1.62,23.73,23.73,0.00,0.00,3.76
870888,atl,49.750,-22.000,980.71,980.52,7.60,0.97,29.27,56.98,0.00,2644.97,7.67
870888,atl,46.500,-19.000,977.37,976.58,14.35,3.72,60.15,60.81,0.00,87910.97,7.67
870888,pac,63.750,164.250,1004.11,1003.97,4.57,0.81,22.23,34.72,0.00,0.00,6.55
870888,pac,63.000,170.250,1004.83,1004.36,4.38,1.06,19.54,33.91,0.00,0.00,5.30
870888,pac,48.000,197.000,991.37,991.19,10.20,1.94,26.98,32.58,0.00,0.00,4.24
870894,atl,61.750,-55.250,1004.64,1004.56,6.26,1.44,34.56,34.56,0.00,0.00,5.83
870894,atl,57.000,-78.250,999.02,998.71,9.10,1.89,25.94,39.71,0.00,0.00,5.71
870894,atl,49.750,-76.000,1002.56,1002.26,6.43,1.80,26.48,26.48,0.00,0.00,5.46
870894,atl,49.250,-17.250,969.80,969.08,19.77,5.16,70.44,70.44,7736.17,121672.96,12.42
870894,atl,34.000,-40.250,1003.90,1003.55,5.48,1.42,34.80,34.80,0.00,0.00,2.64
870894,pac,63.500,164.500,1001.88,1001.70,4.06,0.94,25.61,34.62,0.00,0.00,8.51
870894,pac,62.500,170.750,1002.13,1001.79,4.72,1.11,20.10,33.17,0.00,0.00,5.46
870894,pac,60.750,167.000,1001.98,1001.77,5.02,0.82,34.62,34.62,0.00,0.00,10.55
870894,pac,50.000,198.750,986.96,986.71,13.71,2.93,36.36,38.09,0.00,0.00,5.01
870900,atl,64.250,-44.250,1002.79,1002.13,8.61,3.66,35.25,35.25,0.00,0.00,24.87
870900,atl,61.500,-53.500,1004.63,1004.52,5.94,1.39,35.25,35.25,0.00,0.00,7.97
870900,atl,58.500,-79.000,997.95,997.61,12.92,2.85,45.56,45.56,0.00,0.00,8.06
870900,atl,52.000,-16.000,969.88,969.11,20.89,5.24,65.37,65.37,1445.82,63539.72,10.52
870900,atl,34.500,-38.750,1002.80,1002.03,6.73,1.89,38.73,38.73,0.00,0.00,4.52
870900,atl,33.750,-41.750,1003.53,1003.24,5.42,1.19,38.73,38.73,0.00,0.00,4.52
870900,pac,59.500,171.250,1000.40,1000.22,6.89,1.42,29.63,34.62,0.00,0.00,4.10
870900,pac,51.500,200.000,982.62,982.27,16.95,3.94,40.33,41.94,0.00,0.00,5.70
870906,atl,63.000,-44.250,1004.82,1003.17,6.42,2.90,33.33,33.33,0.00,0.00,24.17
870906,atl,59.750,-76.750,998.23,997.60,12.98,3.15,47.90,47.90,0.00,0.00,7.95
870906,atl,57.750,-71.750,998.09,997.85,9.25,2.02,30.50,44.84,0.00,0.00,7.12
870906,atl,53.750,-18.000,971.02,970.34,20.17,4.89,51.45,51.45,0.00,6407.90,7.76
870906,atl,50.250,-71.250,1004.56,1004.18,5.24,2.02,26.32,28.94,0.00,0.00,8.41
870906,atl,34.750,-37.250,1002.48,1001.94,6.22,1.70,42.89,42.89,0.00,0.00,4.23
870906,pac,59.500,175.000,997.86,997.69,8.55,2.02,33.93,34.99,0.00,0.00,3.76
870906,pac,52.250,200.750,980.23,979.90,18.89,4.52,46.70,47.15,0.00,0.00,6.76
870912,atl,60.000,-76.750,1000.28,999.42,12.30,3.01,47.35,48.37,0.00,0.00,7.30
870912,atl,59.500,-69.250,997.48,997.12,11.21,2.86,40.41,42.58,0.00,0.00,10.12
870912,atl,57.250,-79.250,1000.85,1000.48,13.50,3.73,48.37,48.37,0.00,0.00,7.30
870912,atl,53.750,-20.000,973.06,972.56,19.28,4.59,47.16,47.78,0.00,0.00,5.89
870912,atl,35.000,-36.000,1004.77,1004.33,5.06,1.34,35.78,38.89,0.00,0.00,3.03
870912,pac,64.750,161.750,992.09,991.84,12.37,3.29,35.66,38.58,0.00,0.00,6.96
870912,pac,59.250,178.000,997.63,997.49,8.18,1.89,33.98,33.98,0.00,0.00,4.04
870912,pac,53.000,202.000,980.07,979.71,19.45,4.60,46.61,48.17,0.00,0.00,6.85
870918,atl,60.750,-68.250,994.63,993.90,13.07,3.68,44.40,44.40,0.00,0.00,11.64
870918,atl,57.750,-77.000,1000.11,999.90,13.51,3.58,49.44,49.44,0.00,0.00,6.48
870918,atl,52.750,-20.500,974.84,974.30,18.03,4.12,44.19,50.68,0.00,2506.77,6.58
870918,atl,49.250,-66.750,1004.89,1004.53,7.19,1.96,27.39,27.39,0.00,0.00,7.41
870918,atl,35.000,-35.000,1004.23,1003.86,4.42,1.08,32.84,38.84,0.00,0.00,2.46
870918,atl,32.750,-42.750,1004.42,1004.01,4.23,1.16,33.44,33.44,0.00,0.00,2.95
870918,pac,63.000,162.500,991.39,990.71,12.69,3.71,43.30,43.30,0.00,0.00,7.65
870918,pac,59.500,181.500,997.67,997.58,8.02,1.74,29.09,30.17,0.00,0.00,3.75
870918,pac,53.750,203.250,980.14,979.65,20.07,4.82,47.74,53.31,0.00,819.01,8.93
870924,atl,61.750,-68.000,996.57,995.88,11.35,3.24,40.06,40.06,0.00,0.00,7.59
870924,atl,52.000,-18.500,980.69,980.33,14.17,2.80,42.57,48.50,0.00,0.00,5.21
870924,atl,49.500,-65.000,1003.87,1003.57,8.08,2.24,26.96,31.76,0.00,0.00,6.68
870924,pac,61.750,163.000,993.77,993.28,10.68,3.02,36.89,37.69,0.00,0.00,11.77
870924,pac,60.000,184.500,999.40,999.29,6.17,1.62,25.35,28.64,0.00,0.00,3.25
870924,pac,54.250,204.000,983.85,983.33,18.11,4.47,51.42,51.42,0.00,2806.50,8.97
870930,atl,67.000,-51.000,1003.79,1003.20,6.00,1.17,42.29,42.29,0.00,0.00,12.59
870930,atl,63.500,-62.000,999.83,999.36,7.81,1.73,40.75,44.51,0.00,0.00,11.94
870930,atl,62.500,-69.000,999.91,999.46,10.42,3.11,44.72,44.72,0.00,0.00,11.34
870930,atl,53.250,-15.250,982.44,982.30,14.15,3.12,46.16,46.79,0.00,0.00,4.99
870930,atl,51.250,-64.000,1004.26,1003.94,5.86,1.71,33.08,33.08,0.00,0.00,5.64
870930,pac,60.250,163.750,996.19,996.03,7.74,1.83,36.83,36.83,0.00,0.00,12.32
870930,pac,60.250,185.750,1000.59,1000.41,4.49,1.34,21.07,22.42,0.00,0.00,2.52
870930,pac,59.750,166.500,996.16,995.95,7.35,1.56,35.64,36.83,0.00,0.00,12.32
870930,pac,54.500,204.750,986.90,986.39,17.00,4.35,50.95,50.95,0.00,4677.50,7.13
870936,atl,67.750,-55.500,1003.36,1003.13,6.20,2.05,42.84,42.84,0.00,0.00,11.55
870936,atl,67.000,-51.250,1004.11,1003.79,6.40,1.42,42.84,42.84,0.00,0.00,17.18
870936,atl,63.750,-60.250,1004.17,1003.75,5.42,1.37,40.46,42.84,0.00,0.00,11.55
870936,atl,62.000,-67.750,1004.96,1004.19,8.14,2.77,43.95,43.95,0.00,0.00,7.01
870936,atl,58.750,-56.500,1003.89,1003.72,5.62,1.46,32.46,41.32,0.00,0.00,3.81
870936,atl,55.500,-58.250,1004.33,1004.15,5.14,1.20,25.59,27.81,0.00,0.00,3.92
870936,atl,54.000,-14.500,984.02,983.72,15.14,3.61,42.69,42.92,0.00,0.00,5.03
870936,pac,64.750,212.750,1004.80,1004.42,4.47,1.18,26.72,37.70,0.00,0.00,11.72
870936,pac,59.250,168.000,996.28,996.04,6.60,1.56,34.38,34.38,0.00,0.00,8.94
870936,pac,54.500,206.000,992.46,991.98,13.69,3.60,44.41,44.41,0.00,0.00,6.44
870942,atl,54.250,-14.000,985.74,985.45,14.39,3.37,37.52,37.52,0.00,0.00,4.10
870942,atl,49.250,-60.250,1003.73,1003.58,7.46,1.43,32.88,32.88,0.00,0.00,5.65
870942,pac,58.500,171.000,996.00,995.92,6.41,1.52,36.35,36.35,0.00,0.00,4.65
870942,pac,54.000,208.500,995.97,995.54,11.91,3.20,45.23,45.23,0.00,0.00,5.12
870942,pac,53.000,179.500,999.27,999.07,7.18,1.68,40.05,40.11,0.00,0.00,4.10
870948,atl,54.500,-13.750,988.49,988.23,13.73,3.22,35.01,35.91,0.00,0.00,3.97
870948,atl,50.250,-59.750,1001.41,1001.17,10.29,2.07,36.16,40.97,0.00,0.00,5.21
870948,pac,58.500,172.000,996.92,996.78,6.97,1.79,33.07,33.07,0.00,0.00,4.29
870948,pac,55.250,222.500,1002.37,1002.10,6.33,1.60,38.04,38.55,0.00,0.00,9.55
870948,pac,54.250,184.500,997.09,996.80,9.70,2.45,39.90,40.77,0.00,0.00,3.94
870948,pac,53.750,210.750,998.73,998.30,10.58,2.94,47.90,47.90,0.00,0.00,4.71
870954,atl,54.750,-13.750,990.32,990.05,13.44,3.18,33.43,33.43,0.00,0.00,4.09
870954,atl,50.750,-60.250,998.96,998.54,12.63,2.69,40.22,47.68,0.00,0.00,6.60
870954,pac,58.500,173.750,997.88,997.73,7.25,1.76,31.56,31.56,0.00,0.00,3.98
870954,pac,55.750,221.250,1001.49,1001.14,6.46,1.60,35.48,40.20,0.00,0.00,7.23
870954,pac,55.500,188.500,997.49,997.25,9.60,2.43,38.80,39.12,0.00,0.00,3.87
870954,pac,53.500,213.500,1001.77,1001.40,8.74,2.36,45.10,45.10,0.00,0.00,4.37
870954,pac,38.000,160.500,998.36,998.02,8.16,2.04,38.44,40.88,0.00,0.00,2.86
870960,atl,54.500,-14.000,993.93,993.72,11.54,2.67,34.04,34.04,0.00,0.00,3.78
870960,atl,50.500,-60.500,998.16,997.56,13.99,3.47,42.76,42.94,0.00,0.00,6.59
870960,atl,50.500,-56.250,1000.42,999.79,10.05,1.75,28.04,40.92,0.00,0.00,6.59
870960,pac,58.750,175.000,998.68,998.51,8.05,2.03,28.06,28.06,0.00,0.00,3.51
870960,pac,56.250,191.750,1000.38,1000.13,8.30,2.14,36.73,42.57,0.00,0.00,4.39
870960,pac,56.000,219.250,1002.61,1002.17,6.42,1.59,26.26,36.99,0.00,0.00,6.92
870960,pac,39.750,165.750,993.29,992.79,10.49,2.19,41.40,41.68,0.00,0.00,4.29
870966,atl,68.000,-29.750,998.98,998.07,11.86,3.54,38.51,39.34,0.00,0.00,14.50
870966,atl,66.500,-34.750,1001.43,1000.79,10.11,3.11,38.51,38.71,0.00,0.00,14.50
870966,atl,54.000,-13.750,995.93,995.71,10.16,2.40,32.38,32.73,0.00,0.00,3.19
870966,atl,50.250,-60.500,995.70,994.98,15.42,3.70,46.78,46.78,0.00,0.00,6.35
870966,pac,58.750,176.000,1000.44,1000.35,7.23,1.84,27.30,27.30,0.00,0.00,3.33
870966,pac,57.250,193.750,1003.29,1003.06,6.25,1.71,31.36,31.99,0.00,0.00,3.78
870966,pac,55.500,218.500,1004.57,1004.29,6.80,1.63,27.92,35.63,0.00,0.00,4.80
870966,pac,43.250,169.500,982.37,981.92,17.20,3.90,50.48,54.39,0.00,30664.96,6.60
870972,atl,66.750,-34.500,1003.85,1003.46,8.09,2.11,36.69,39.77,0.00,0.00,12.22
870972,atl,66.500,-29.500,1003.79,1003.54,7.51,1.60,36.69,36.69,0.00,0.00,12.22
870972,atl,54.000,-13.000,999.28,999.09,8.50,1.86,31.59,32.01,0.00,0.00,3.17
870972,atl,50.250,-60.500,995.63,994.83,15.60,3.63,44.50,44.50,0.00,0.00,6.28
870972,pac,59.000,177.000,1003.20,1003.14,6.21,1.49,26.47,26.47,0.00,0.00,2.53
870972,pac,44.500,171.250,971.68,970.83,25.99,6.56,56.25,57.51,0.00,110777.25,9.47
870978,atl,67.250,-35.250,1004.15,1002.31,7.53,2.09,32.32,40.25,0.00,0.00,13.96
870978,atl,66.000,-27.500,1004.01,1003.79,5.91,1.61,31.02,31.02,0.00,0.00,13.96
870978,atl,56.250,7.250,1004.88,1004.60,4.96,1.42,37.37,37.37,0.00,0.00,6.20
870978,atl,54.000,-11.500,1000.82,1000.66,7.61,1.63,30.63,30.63,0.00,0.00,3.34
870978,atl,50.500,-62.000,999.73,999.27,12.55,2.85,38.06,42.02,0.00,0.00,6.28
870978,pac,44.250,173.250,971.99,971.14,24.23,5.76,59.92,59.92,0.00,119078.72,9.44
870978,pac,37.500,197.500,1003.99,1003.36,12.33,3.34,45.56,49.06,0.00,0.00,5.43
870984,atl,66.000,-25.750,1001.18,1000.97,7.29,1.90,28.01,35.54,0.00,0.00,16.20
870984,atl,56.250,8.000,1004.20,1003.92,5.44,1.46,35.11,35.11,0.00,0.00,6.00
870984,atl,53.750,-10.750,1001.36,1001.12,7.83,1.85,28.21,28.52,0.00,0.00,2.85
870984,atl,49.750,-63.000,1003.08,1002.79,10.70,2.62,29.68,34.06,0.00,0.00,5.16
870984,pac,45.000,176.500,974.51,973.87,21.26,4.37,57.07,57.88,0.00,173511.92,6.98
870984,pac,38.000,196.250,1001.50,1000.69,11.78,3.32,37.19,42.62,0.00,0.00,4.88
870990,atl,66.750,-21.750,997.80,997.54,9.15,1.96,33.08,41.36,0.00,0.00,15.45
870990,atl,53.750,-9.000,1001.77,1001.64,6.83,1.46,26.93,26.93,0.00,0.00,2.69
870990,pac,46.750,177.750,975.07,974.36,20.69,4.10,47.48,53.81,0.00,43699.97,6.02
870990,pac,39.000,196.000,999.95,999.35,10.52,2.83,35.43,49.02,0.00,0.00,4.70
870996,atl,68.250,-16.000,996.62,996.36,10.95,2.32,49.79,49.79,0.00,0.00,9.92
870996,atl,53.500,-7.750,1002.77,1002.46,6.80,1.70,28.32,28.41,0.00,0.00,3.40
870996,pac,48.000,177.250,976.61,975.94,19.33,4.00,42.74,51.88,0.00,7247.52,5.36
870996,pac,43.750,195.250,999.36,999.22,8.87,1.71,39.60,45.98,0.00,0.00,4.79
871002,atl,68.750,-13.750,995.05,994.67,13.11,3.16,53.49,53.49,0.00,17575.46,11.34
871002,atl,53.250,-6.000,1003.47,1003.32,6.40,1.57,27.56,27.56,0.00,0.00,2.74
871002,pac,48.500,176.750,978.77,978.21,17.56,3.77,44.04,48.28,0.00,0.00,5.22
871002,pac,46.750,192.000,995.29,995.11,7.95,1.69,43.91,45.10,0.00,0.00,4.86
871008,atl,63.750,-16.250,1001.91,1001.33,6.17,1.97,31.18,39.38,0.00,0.00,6.75
871008,pac,48.500,176.500,982.62,982.18,14.12,3.23,46.84,47.40,0.00,0.00,4.75
871014,atl,43.500,-54.000,1003.83,1003.11,8.31,2.06,41.05,41.98,0.00,0.00,4.66
871014,pac,48.250,178.000,983.35,983.08,11.37,2.47,47.95,48.72,0.00,0.00,4.62
871020,atl,45.500,-50.750,1000.98,1000.60,9.00,2.17,38.86,39.52,0.00,0.00,3.59
871020,pac,47.750,180.250,985.00,984.79,10.71,2.28,47.32,47.35,0.00,0.00,4.55
871026,atl,49.250,-47.000,995.69,995.46,11.81,2.28,40.34,43.37,0.00,0.00,4.56
871026,pac,51.750,175.750,989.02,988.83,8.18,1.72,35.75,37.95,0.00,0.00,3.77
871026,pac,49.500,182.000,989.74,989.64,7.77,1.10,26.35,42.60,0.00,0.00,4.05
871026,pac,44.750,161.250,995.56,994.86,7.37,2.22,43.33,43.33,0.00,0.00,4.01
871026,pac,44.500,167.000,995.03,994.44,6.00,1.70,34.26,43.21,0.00,0.00,3.65
871032,atl,52.250,-46.500,985.89,985.15,20.21,5.21,46.11,46.58,0.00,0.00,7.49
871032,pac,51.250,169.750,988.77,988.66,7.17,1.14,36.19,36.19,0.00,0.00,3.66
871032,pac,45.750,171.500,993.09,992.65,4.88,1.42,37.57,37.57,0.00,0.00,3.44
871038,atl,53.750,-45.750,978.77,978.02,24.70,6.73,61.64,61.64,0.00,42710.38,9.73
871038,pac,51.500,168.000,985.00,984.89,9.59,1.59,32.18,40.67,0.00,0.00,4.62
871044,atl,55.250,-44.250,979.53,978.83,23.09,6.12,54.54,54.54,0.00,110265.13,8.36
871044,pac,51.250,166.500,984.22,984.11,11.07,1.91,30.92,48.27,0.00,0.00,6.16
871050,atl,56.250,-42.500,981.51,980.99,20.37,5.44,54.99,54.99,0.00,75999.82,7.48
871050,pac,51.250,176.250,991.01,990.78,7.64,1.63,32.77,36.73,0.00,0.00,3.60
871050,pac,51.000,165.750,984.53,984.41,11.10,2.00,38.71,41.71,0.00,0.00,5.69
871056,atl,68.750,-71.000,1002.98,1002.76,5.65,1.61,24.86,24.86,0.00,0.00,7.38
871056,atl,62.250,-39.500,987.21,986.83,12.13,3.19,60.20,62.45,0.00,27043.31,12.31
871056,atl,58.000,-39.500,985.22,984.84,16.06,4.11,53.85,53.85,0.00,26448.69,6.25
871056,pac,53.000,176.000,991.30,990.88,10.22,2.34,32.97,37.00,0.00,0.00,3.77
871056,pac,50.750,165.750,987.32,987.12,10.51,2.05,41.32,41.55,0.00,0.00,3.95
871062,atl,68.000,-46.500,994.69,994.58,7.23,1.81,36.98,49.82,0.00,0.00,14.43
871062,atl,61.250,-37.500,985.80,985.62,14.23,2.97,50.80,52.42,0.00,11103.34,10.22
871062,atl,31.000,5.250,1004.32,1004.02,4.01,0.86,22.64,25.57,0.00,0.00,9.57
871062,pac,54.250,174.250,991.27,990.93,10.26,2.00,33.85,37.70,0.00,0.00,4.27
871062,pac,51.000,166.750,988.99,988.80,9.37,1.87,42.69,42.69,0.00,0.00,3.66
871068,atl,63.500,-35.500,990.59,990.42,11.57,2.68,44.54,50.76,0.00,591.45,10.72
871068,atl,62.250,-42.750,994.99,994.63,6.98,1.58,41.44,44.04,0.00,0.00,8.22
871068,pac,51.500,168.250,991.51,991.34,8.57,1.55,41.16,41.16,0.00,0.00,3.72
871074,atl,66.000,-31.000,995.44,995.32,9.93,2.35,47.92,47.92,0.00,0.00,13.79
871074,atl,58.000,-74.500,1004.29,1004.00,5.20,1.13,39.22,39.22,0.00,0.00,4.56
871074,atl,31.250,-4.500,997.80,997.31,7.92,2.80,36.27,36.27,0.00,0.00,21.14
871074,pac,55.000,169.500,990.98,990.84,10.64,1.56,28.21,38.78,0.00,0.00,4.40
871080,atl,67.000,-51.000,999.54,999.02,4.16,1.70,27.06,29.90,0.00,0.00,7.43
871080,atl,66.500,-30.000,999.81,999.56,7.67,2.17,38.04,38.04,0.00,0.00,13.04
871080,atl,66.250,-54.500,999.44,999.13,5.59,1.59,27.84,30.24,0.00,0.00,5.59
871080,atl,62.000,-43.000,1002.13,1001.66,4.87,1.68,40.96,40.96,0.00,0.00,11.33
871080,atl,58.500,-78.000,1004.16,1003.65,5.53,1.51,27.26,29.28,0.00,0.00,3.62
871080,atl,57.500,-67.000,1003.43,1002.76,6.43,2.02,29.30,29.30,0.00,0.00,3.85
871080,atl,38.250,3.250,1004.51,1003.86,4.24,1.38,30.89,34.85,0.00,0.00,8.29
871080,atl,31.250,1.500,1000.46,1000.27,4.97,1.34,29.66,32.45,0.00,0.00,13.17
871080,pac,55.250,168.000,991.97,991.85,10.48,1.83,28.40,34.61,0.00,0.00,5.32
871086,atl,66.750,-29.750,1001.63,1001.24,6.36,1.93,36.32,36.32,0.00,0.00,8.65
871086,atl,64.250,-34.750,1002.30,1002.02,5.50,1.09,34.60,38.59,0.00,0.00,11.22
871086,atl,62.000,-43.000,1003.01,1002.16,4.07,1.45,42.91,42.91,0.00,0.00,12.28
871086,atl,58.250,-64.750,1004.66,1003.94,4.91,1.57,27.34,29.23,0.00,0.00,7.05
871086,atl,57.500,-59.750,1004.53,1004.13,5.80,1.56,29.23,29.23,0.00,0.00,7.05
871086,atl,45.250,-1.250,1004.24,1004.03,6.85,1.64,37.17,38.18,0.00,0.00,4.66
871086,atl,40.000,-8.500,1004.66,1004.46,7.03,1.83,38.10,38.10,0.00,0.00,4.11
871086,atl,40.000,4.000,1003.33,1002.73,5.29,1.37,36.79,38.18,0.00,0.00,6.17
871086,atl,31.750,4.000,1001.19,1000.91,5.56,1.33,38.34,40.88,0.00,0.00,8.79
871086,pac,55.500,167.500,993.58,993.46,9.55,1.84,24.49,33.00,0.00,0.00,5.13
871092,atl,67.000,-30.000,1002.60,1002.15,5.62,1.64,35.62,37.53,0.00,0.00,6.63
871092,atl,57.500,-54.500,1004.54,1004.20,6.88,1.71,25.31,25.36,0.00,0.00,5.12
871092,atl,45.500,2.500,1004.27,1003.77,5.31,1.04,38.88,44.55,0.00,0.00,16.66
871092,atl,41.500,3.500,1003.15,1002.83,4.80,1.17,44.55,44.55,0.00,0.00,14.89
871092,atl,40.750,-7.250,1003.90,1003.49,6.35,1.43,36.70,36.70,0.00,0.00,4.56
871092,atl,31.750,5.000,1001.66,1001.59,5.14,0.97,34.00,39.87,0.00,0.00,6.80
871092,pac,56.000,167.000,996.15,995.95,8.93,1.95,25.10,33.33,0.00,0.00,3.74
871098,atl,67.250,-30.000,1001.30,1000.86,5.29,1.34,32.60,37.77,0.00,0.00,8.37
871098,atl,62.500,-43.500,1001.98,1000.88,5.80,1.91,40.85,40.85,0.00,0.00,9.39
871098,atl,58.000,-49.000,1004.80,1004.62,5.89,1.39,24.52,31.24,0.00,0.00,8.54
871098,atl,47.000,1.500,1003.83,1003.56,6.54,0.96,41.99,49.61,0.00,0.00,19.02
871098,atl,45.500,-4.000,1001.97,1001.75,7.05,1.68,39.48,41.48,0.00,0.00,4.36
871098,atl,45.250,5.000,1003.88,1003.40,5.24,1.72,49.61,49.61,0.00,0.00,19.02
871098,atl,42.250,-1.500,1001.75,1001.23,4.31,1.02,30.21,47.25,0.00,0.00,5.46
871098,atl,41.500,-6.000,1002.38,1002.07,6.07,1.50,32.80,35.89,0.00,0.00,4.77
871098,atl,34.000,6.250,1000.14,999.91,6.60,2.17,29.36,29.36,0.00,0.00,11.45
871098,atl,31.000,-4.750,1001.70,1001.09,6.95,2.38,30.69,33.39,0.00,0.00,17.77
871098,pac,56.250,166.500,997.14,996.93,8.29,1.92,24.50,33.08,0.00,0.00,4.39
871098,pac,44.000,162.750,999.02,998.22,10.23,3.08,35.46,35.46,0.00,0.00,5.40
871104,atl,61.000,-42.750,1000.80,1000.48,8.48,2.12,34.18,35.98,0.00,0.00,11.55
871104,atl,45.250,-5.250,1002.97,1002.76,7.49,1.69,38.62,38.80,0.00,0.00,6.21
871104,atl,33.750,6.250,1003.12,1002.72,6.35,2.33,32.72,33.22,0.00,0.00,13.34
871104,atl,31.000,-2.250,1004.43,1004.08,5.46,1.77,28.08,28.08,0.00,0.00,14.35
871104,pac,56.750,166.750,998.06,997.85,7.56,1.86,26.27,35.60,0.00,0.00,5.15
871104,pac,45.750,166.000,995.84,995.39,11.40,3.15,39.38,39.38,0.00,0.00,5.01
871110,atl,66.750,-34.250,1000.40,999.95,4.18,1.30,29.12,35.69,0.00,0.00,9.35
871110,atl,62.000,-38.250,999.23,999.12,8.03,1.37,36.00,40.18,0.00,0.00,9.35
871110,atl,45.000,-5.750,1003.33,1003.09,6.94,1.52,34.88,37.48,0.00,0.00,4.26
871110,pac,57.250,167.000,998.65,998.47,6.31,1.68,28.70,32.29,0.00,0.00,3.84
871110,pac,47.500,168.500,990.90,990.53,13.55,3.70,40.01,41.20,0.00,0.00,6.11
871116,atl,64.000,-32.750,995.65,995.52,9.53,1.78,40.10,41.52,0.00,0.00,10.94
871116,atl,62.250,-43.250,1000.33,999.44,5.74,1.70,38.24,39.09,0.00,0.00,10.94
871116,pac,58.000,167.250,999.62,999.42,5.94,1.71,23.48,24.28,0.00,0.00,4.71
871116,pac,48.500,171.250,988.86,988.59,14.84,3.81,45.97,45.97,0.00,0.00,6.38
871122,atl,65.500,-29.750,991.38,991.14,10.61,2.28,44.07,44.07,0.00,0.00,10.25
871122,atl,65.250,-38.750,994.84,994.56,7.62,2.13,50.12,50.12,0.00,335.73,10.70
871122,atl,61.250,-43.000,998.96,997.91,7.29,2.46,47.38,50.12,0.00,335.73,10.89
871122,atl,52.250,-78.000,1004.89,1004.43,8.98,2.25,38.00,38.13,0.00,0.00,7.41
871122,atl,32.750,5.750,1003.67,1003.40,5.84,1.24,29.50,29.50,0.00,0.00,9.33
871122,pac,58.500,166.500,1000.77,1000.54,4.95,1.47,20.30,20.30,0.00,0.00,3.85
871122,pac,49.000,175.250,987.87,987.52,15.08,3.18,47.47,49.70,0.00,0.00,5.84
871128,atl,67.000,-28.750,988.03,987.82,12.68,2.70,39.76,39.76,0.00,0.00,9.81
871128,pac,50.750,179.500,985.35,984.89,16.92,3.69,44.01,48.32,0.00,0.00,5.33
871134,atl,65.750,-35.000,984.55,984.38,15.27,2.99,68.07,71.42,9968.02,44096.46,17.56
871134,pac,51.750,180.750,984.36,983.99,16.81,3.74,38.40,43.19,0.00,0.00,4.84
871140,atl,68.000,-23.750,988.60,988.07,10.34,2.66,46.22,47.86,0.00,0.00,16.44
871140,atl,65.000,-37.250,983.46,983.32,16.97,4.15,77.30,77.30,29744.13,83291.50,20.17
871140,pac,51.750,183.000,986.61,986.29,14.26,2.70,44.74,45.18,0.00,0.00,4.58
871146,atl,64.500,-35.500,983.26,983.04,16.25,3.07,75.79,75.99,32363.93,76397.69,24.22
871146,pac,51.750,185.500,986.64,986.39,13.38,2.60,42.55,45.51,0.00,0.00,4.40
871152,atl,64.250,-34.250,984.67,984.50,15.10,2.44,50.91,69.10,9926.59,51424.03,18.70
871152,pac,54.750,211.000,1004.22,1004.15,4.23,0.97,24.83,34.19,0.00,0.00,3.77
871152,pac,52.250,186.750,986.75,986.55,13.14,2.55,35.81,45.00,0.00,0.00,4.18
871152,pac,48.750,205.750,1000.63,1000.25,6.76,1.95,30.16,30.16,0.00,0.00,2.98
871158,atl,63.750,-34.000,984.63,984.46,15.49,1.99,44.00,66.28,6182.27,37928.58,22.82
871158,atl,63.000,-28.000,983.76,982.95,12.10,2.42,42.53,51.91,0.00,308.14,8.42
871158,atl,54.250,-67.500,1003.81,1003.28,12.93,3.31,27.66,31.76,0.00,0.00,6.60
871158,pac,52.500,187.250,987.47,987.27,12.64,2.42,27.40,38.92,0.00,0.00,3.81
871158,pac,49.250,209.500,998.77,998.31,7.51,2.12,30.02,30.02,0.00,0.00,3.21
871164,atl,64.000,-28.250,979.96,978.85,16.48,3.56,47.31,49.49,0.00,0.00,9.93
871164,pac,52.000,186.750,989.60,989.50,11.76,2.11,30.32,41.47,0.00,0.00,3.67
871164,pac,50.250,212.000,998.69,998.37,6.43,1.69,33.59,33.59,0.00,0.00,2.89
871170,atl,63.750,-29.750,981.25,980.62,15.54,3.54,50.36,53.51,0.00,6164.16,11.76
871170,pac,51.000,214.250,1000.25,1000.08,5.69,1.44,29.87,29.87,0.00,0.00,2.81
871170,pac,50.750,187.250,991.86,991.72,10.46,1.81,33.51,40.32,0.00,0.00,3.60
871176,atl,65.000,-39.250,1001.49,1000.89,6.42,2.91,46.70,46.70,0.00,0.00,15.89
871176,atl,62.500,-18.750,983.88,983.75,8.30,1.46,32.67,42.48,0.00,0.00,5.13
871176,atl,61.500,-28.250,986.29,986.11,11.03,2.40,55.45,55.45,0.00,52790.71,6.48
871176,pac,62.250,204.500,1004.18,1003.94,4.27,1.01,25.53,28.80,0.00,0.00,10.07
871176,pac,52.000,216.250,1001.82,1001.71,5.32,1.20,28.37,28.37,0.00,0.00,2.58
871176,pac,49.250,188.250,993.30,993.14,10.07,1.77,38.49,40.56,0.00,0.00,3.70
871182,atl,65.000,-38.750,1002.71,1002.30,5.14,2.12,45.99,45.99,0.00,0.00,15.43
871182,atl,62.750,-14.500,980.27,980.02,11.10,2.07,35.44,44.87,0.00,0.00,5.75
871182,atl,61.250,-43.000,1004.37,1004.10,6.63,2.03,33.61,45.99,0.00,0.00,12.53
871182,pac,62.250,202.250,1003.76,1003.57,4.94,1.19,18.86,28.68,0.00,0.00,9.45
871182,pac,53.500,218.250,1003.31,1003.17,5.43,1.17,25.21,28.73,0.00,0.00,2.45
871182,pac,48.250,189.750,994.75,994.63,9.28,1.68,37.63,41.62,0.00,0.00,3.55
871188,atl,63.500,-10.000,976.08,975.52,15.08,3.25,37.41,39.27,0.00,0.00,8.05
871188,atl,60.750,-43.250,1003.81,1003.47,7.47,2.07,36.78,36.80,0.00,0.00,9.29
871188,pac,62.500,201.250,1004.67,1004.49,4.51,1.12,16.73,25.14,0.00,0.00,6.96
871188,pac,54.750,219.000,1003.33,1003.20,6.26,1.31,25.04,29.79,0.00,0.00,7.08
871188,pac,47.250,191.250,996.05,995.95,8.37,1.51,31.08,39.20,0.00,0.00,3.04
871194,atl,63.250,-13.000,972.88,972.10,18.64,4.23,46.97,64.66,1990.03,66032.35,12.07
871194,atl,61.250,-46.000,1004.17,1003.50,8.38,2.29,41.73,41.73,0.00,0.00,7.59
871194,atl,61.250,-40.500,1004.06,1003.84,5.81,1.21,27.83,41.73,0.00,0.00,7.59
871194,pac,56.500,219.500,1004.83,1004.71,5.70,1.43,35.73,35.73,0.00,0.00,8.62
871194,pac,46.500,192.500,997.22,997.12,7.69,1.35,29.60,36.32,0.00,0.00,2.69
871200,atl,64.250,8.000,990.61,990.22,6.98,1.84,41.32,41.32,0.00,0.00,6.43
871200,atl,63.000,-11.750,976.35,976.01,15.29,3.24,59.98,60.83,0.00,115842.92,10.46
871200,atl,61.500,-39.750,1003.22,1003.08,6.34,1.34,30.69,46.16,0.00,0.00,9.34
871200,atl,61.250,-46.000,1004.65,1004.09,8.41,2.39,46.16,46.16,0.00,0.00,9.34
871200,atl,60.000,-6.000,980.41,980.00,13.66,3.39,60.83,60.83,0.00,195554.43,8.90
871200,pac,45.750,194.000,998.67,998.58,6.87,1.20,26.25,31.65,0.00,0.00,2.39
871206,atl,62.250,-10.750,979.65,979.27,12.90,2.92,57.64,63.57,0.00,118822.77,8.51
871206,atl,61.250,-38.750,1001.08,1000.90,8.24,1.76,42.69,47.66,0.00,0.00,11.57
871206,atl,60.750,-1.000,981.11,980.50,12.98,3.32,60.17,63.57,0.00,83853.73,7.42
871206,atl,57.750,-29.500,1003.63,1003.19,4.97,1.69,34.70,35.15,0.00,0.00,3.15
871206,pac,45.250,195.250,999.34,999.25,6.33,1.14,26.30,31.57,0.00,0.00,2.29
871212,atl,67.750,-10.000,986.12,985.89,9.11,1.89,34.36,50.95,0.00,824.51,5.86
871212,atl,62.750,0.250,979.80,979.15,13.30,3.36,57.68,57.68,0.00,31982.86,7.19
871212,atl,61.250,-36.250,1000.11,999.95,8.44,1.83,43.45,47.15,0.00,0.00,13.05
871212,pac,49.250,160.750,1001.42,1001.19,7.13,1.13,31.90,36.63,0.00,0.00,8.60
871212,pac,45.250,197.000,1000.06,999.99,5.58,1.00,21.65,28.54,0.00,0.00,2.08
871218,atl,66.750,-13.750,984.30,984.01,9.91,2.31,40.61,58.23,0.00,13616.66,7.92
871218,atl,64.000,-0.750,978.49,977.92,13.67,3.67,43.86,52.54,0.00,722.61,9.43
871218,atl,61.750,-31.250,998.51,998.32,4.61,1.13,39.09,44.04,0.00,0.00,3.76
871218,pac,49.750,162.500,1000.33,1000.13,8.53,1.68,31.39,37.99,0.00,0.00,5.94
871218,pac,45.250,198.500,1001.11,1001.05,5.03,0.87,21.99,28.30,0.00,0.00,1.93
871224,atl,66.500,-37.500,1000.89,1000.23,7.21,2.68,49.86,49.86,0.00,0.00,18.65
871224,atl,64.500,0.250,978.70,978.34,13.49,3.94,40.54,49.00,0.00,0.00,7.44
871224,atl,64.000,-16.500,981.25,980.59,11.27,2.67,44.28,48.18,0.00,0.00,6.76
871224,pac,49.750,163.250,1000.20,999.98,8.93,1.85,31.07,39.13,0.00,0.00,3.64
871224,pac,46.250,207.500,1001.18,1000.74,5.37,1.52,27.51,27.51,0.00,0.00,2.42
871230,atl,66.250,-1.500,979.45,979.10,10.97,3.07,39.83,39.83,0.00,0.00,5.26
871230,atl,64.250,-11.750,976.19,975.50,11.86,3.28,46.61,46.61,0.00,0.00,5.49
871230,pac,50.250,217.250,1003.47,1003.23,8.50,1.98,38.63,38.63,0.00,0.00,3.86
871230,pac,49.250,163.500,1000.08,999.96,8.33,1.72,29.37,31.88,0.00,0.00,3.17
871230,pac,48.000,207.750,999.02,998.53,7.44,2.10,28.24,28.24,0.00,0.00,2.97
871236,atl,67.750,-32.000,994.34,994.06,9.50,2.66,53.88,62.64,0.00,44940.41,19.95
871236,atl,67.500,-4.500,980.04,979.82,11.77,2.61,38.31,41.25,0.00,0.00,6.03
871236,atl,64.500,-11.500,974.25,973.47,14.26,3.73,44.26,45.93,0.00,0.00,6.03
871236,atl,63.750,-17.500,978.18,977.81,12.60,2.28,46.11,56.99,0.00,12014.03,6.03
871236,pac,52.500,218.000,1001.10,1000.85,8.60,2.00,35.73,36.49,0.00,0.00,3.58
871236,pac,49.250,169.000,1001.87,1001.70,7.07,1.36,30.05,30.69,0.00,0.00,3.49
871236,pac,49.000,208.500,996.80,996.24,9.39,2.64,28.14,29.18,0.00,0.00,3.49
871242,atl,66.500,-37.500,997.49,997.03,10.45,4.04,60.24,60.24,0.00,18662.41,26.37
871242,atl,64.750,-11.000,974.75,974.18,14.82,3.66,43.21,46.46,0.00,0.00,6.45
871242,pac,54.250,217.750,1000.01,999.79,8.02,1.83,31.22,37.36,0.00,0.00,3.90
871242,pac,50.000,209.500,996.38,996.08,10.51,2.70,32.76,34.28,0.00,0.00,3.67
871242,pac,48.000,174.750,1002.70,1002.49,6.52,1.39,29.32,29.69,0.00,0.00,3.16
871248,atl,68.250,-32.750,998.00,996.35,8.31,2.32,42.78,55.02,0.00,6147.05,21.98
871248,atl,65.250,-10.500,976.29,975.78,15.27,3.65,42.34,43.86,0.00,0.00,8.58
871248,atl,64.250,-38.250,1000.03,999.72,8.08,3.15,57.40,57.40,0.00,9247.92,22.53
871248,pac,55.250,215.750,997.71,997.46,8.06,1.94,31.88,39.01,0.00,0.00,4.26
871248,pac,51.000,211.250,996.38,996.05,10.63,2.65,35.47,35.47,0.00,0.00,3.80
871248,pac,47.500,177.250,1002.84,1002.43,7.57,1.77,30.38,30.38,0.00,0.00,3.45
871254,atl,66.250,-36.000,997.35,996.79,9.38,2.74,53.60,54.73,0.00,6925.35,21.53
871254,atl,65.750,-10.750,979.72,979.25,14.66,3.43,34.56,41.66,0.00,0.00,7.09
871254,pac,57.000,215.000,995.58,995.30,8.55,2.40,38.14,42.52,0.00,0.00,7.85
871254,pac,52.000,213.250,996.73,996.45,10.07,2.36,33.30,37.56,0.00,0.00,3.95
871254,pac,47.500,178.750,1004.73,1004.28,6.65,1.71,25.80,29.86,0.00,0.00,2.85
871260,atl,65.750,-12.000,984.84,984.41,12.88,2.79,34.03,35.54,0.00,0.00,6.57
871260,atl,64.000,-37.750,999.33,999.11,8.17,2.39,48.17,48.17,0.00,0.00,23.30
871260,atl,61.500,-43.000,999.58,999.34,10.65,3.06,44.37,48.17,0.00,0.00,16.75
871260,atl,43.000,-79.750,996.15,995.88,7.59,1.65,31.79,31.79,0.00,0.00,3.75
871260,pac,58.250,213.000,995.05,994.77,7.75,2.38,36.81,36.81,0.00,0.00,7.32
871260,pac,53.000,215.250,996.98,996.77,9.66,2.16,34.63,37.04,0.00,0.00,4.12
871266,atl,65.500,-13.000,989.51,989.30,10.57,2.00,33.07,42.69,0.00,0.00,5.52
871266,atl,61.250,-46.250,1002.81,1002.04,9.74,3.05,43.54,43.54,0.00,0.00,8.76
871266,atl,61.000,-5.000,992.12,991.79,8.82,2.33,43.91,43.91,0.00,0.00,4.78
871266,atl,60.750,-39.250,1001.37,1001.10,8.92,1.82,39.57,43.54,0.00,0.00,8.76
871266,atl,45.750,-79.250,993.18,992.78,9.92,1.80,27.62,34.52,0.00,0.00,4.46
871266,pac,64.750,213.750,999.23,998.99,4.48,0.76,20.15,23.01,0.00,0.00,7.16
871266,pac,64.000,210.000,999.09,998.79,4.06,0.83,17.62,23.93,0.00,0.00,7.16
871266,pac,57.750,211.250,995.54,995.12,7.57,2.17,29.89,35.37,0.00,0.00,6.90
871266,pac,46.000,160.500,1000.56,999.91,9.75,2.62,29.53,29.53,0.00,0.00,4.72
871272,atl,63.750,-11.500,992.53,992.46,7.90,1.31,32.17,38.23,0.00,0.00,5.24
871272,atl,61.750,-0.750,993.65,993.35,8.26,2.31,41.81,41.81,0.00,0.00,4.94
871272,atl,60.750,-37.250,1003.06,1002.84,7.51,1.83,35.89,36.28,0.00,0.00,7.66
871272,atl,46.750,-78.250,991.18,990.28,11.97,2.41,32.00,34.26,0.00,0.00,4.80
871272,pac,64.500,207.250,997.41,997.16,5.84,1.37,19.99,25.77,0.00,0.00,7.82
871272,pac,64.500,213.500,997.07,996.74,5.28,0.84,20.64,25.40,0.00,0.00,10.25
871272,pac,63.250,220.000,995.50,994.91,6.67,2.07,31.10,31.16,0.00,0.00,10.25
871272,pac,59.250,232.500,999.96,999.28,4.15,1.50,32.12,32.12,0.00,0.00,8.03
871272,pac,59.000,237.000,999.82,999.54,4.83,0.98,32.12,32.12,0.00,0.00,7.30
871272,pac,57.250,211.000,997.63,997.20,7.50,2.26,31.18,31.18,0.00,0.00,7.82
871272,pac,47.250,162.250,999.24,998.54,13.18,3.67,34.91,34.91,0.00,0.00,5.11
871278,atl,63.500,-10.750,994.20,994.08,6.64,1.19,31.91,36.06,0.00,0.00,4.85
871278,atl,63.000,3.000,994.09,993.85,7.61,2.23,41.97,41.97,0.00,0.00,6.92
871278,atl,60.000,-36.500,1002.49,1002.32,7.61,1.98,32.97,32.98,0.00,0.00,6.69
871278,atl,48.000,-80.000,987.79,987.11,13.99,2.96,32.22,35.34,0.00,0.00,4.85
871278,pac,65.500,213.750,996.73,996.48,6.95,1.28,20.31,23.07,0.00,0.00,10.03
871278,pac,63.000,222.250,996.42,995.93,5.91,1.97,23.07,27.95,0.00,0.00,12.30
871278,pac,60.500,239.250,996.70,996.51,6.63,1.16,23.63,27.76,0.00,0.00,9.56
871278,pac,57.500,218.000,1001.41,1001.28,4.69,1.22,30.19,33.57,0.00,0.00,12.30
871278,pac,56.750,212.500,999.85,999.50,7.08,1.95,31.39,33.57,0.00,0.00,6.34
871278,pac,48.250,163.250,999.52,998.84,13.77,3.83,35.35,35.35,0.00,0.00,4.92
871284,atl,64.000,4.250,996.09,995.67,6.22,1.82,41.26,41.26,0.00,0.00,4.78
871284,atl,63.500,-17.750,997.59,997.23,6.16,1.35,28.38,37.67,0.00,0.00,4.76
871284,atl,63.250,-10.000,996.34,996.24,5.87,1.20,28.70,33.25,0.00,0.00,4.76
871284,atl,59.750,-34.500,1004.41,1004.34,5.36,1.17,28.13,31.01,0.00,0.00,3.12
871284,pac,65.250,212.750,998.58,998.16,6.49,1.22,21.65,21.65,0.00,0.00,9.69
871284,pac,65.000,226.500,1000.04,999.48,4.41,0.94,19.05,21.99,0.00,0.00,7.70
871284,pac,64.000,218.000,997.90,997.71,6.07,1.66,21.64,21.65,0.00,0.00,11.44
871284,pac,56.750,214.500,1002.61,1002.30,6.43,1.61,34.01,34.01,0.00,0.00,3.77
871284,pac,48.750,164.000,1002.25,1001.78,12.13,3.19,32.80,35.25,0.00,0.00,4.12
871290,atl,65.000,5.500,997.87,997.49,5.39,1.55,33.44,33.44,0.00,0.00,4.50
871290,atl,63.500,-9.500,997.87,997.77,4.87,1.11,26.00,29.58,0.00,0.00,3.90
871290,atl,63.250,-20.000,998.77,998.50,5.92,1.56,31.95,38.00,0.00,0.00,4.05
871290,pac,65.000,215.000,998.71,998.21,6.53,1.30,24.98,25.56,0.00,0.00,11.91
871290,pac,58.000,216.500,1004.37,1004.33,4.12,1.33,34.19,34.19,0.00,0.00,11.91
871290,pac,49.000,165.000,1004.03,1003.56,10.05,2.43,27.55,33.75,0.00,0.00,3.66
871290,pac,49.000,206.250,1004.48,1004.01,9.01,2.36,29.15,36.31,0.00,0.00,4.52
871296,atl,67.250,4.000,998.52,998.35,6.53,1.54,24.36,31.92,0.00,0.00,3.09
871296,atl,63.500,-8.500,998.79,998.66,4.28,1.01,23.11,24.89,0.00,0.00,3.51
871296,atl,62.750,-20.500,1000.40,1000.16,4.85,1.22,26.55,32.77,0.00,0.00,3.51
871296,atl,57.000,-9.000,1002.61,1002.10,5.23,1.53,32.52,32.52,0.00,0.00,4.18
871296,atl,51.750,-78.250,995.00,994.78,8.41,1.69,37.89,37.89,0.00,0.00,4.68
871296,pac,65.000,212.000,998.85,998.52,7.33,1.45,22.57,24.11,0.00,0.00,9.75
871296,pac,63.000,223.000,1000.76,1000.40,4.93,1.98,32.51,36.49,0.00,0.00,12.29
871296,pac,50.250,211.500,1003.00,1002.65,9.54,2.02,30.72,41.14,0.00,0.00,4.61
871302,atl,67.500,1.250,998.74,998.49,6.69,1.43,24.51,32.18,0.00,0.00,3.11
871302,atl,62.000,-20.250,1000.55,1000.40,4.53,1.00,25.95,30.94,0.00,0.00,3.96
871302,atl,53.000,-77.000,994.71,994.54,8.67,1.83,33.02,33.02,0.00,0.00,4.26
871302,atl,45.000,-77.250,999.52,999.29,5.58,1.36,37.44,37.44,0.00,0.00,3.65
871302,pac,65.250,209.000,999.52,999.32,7.05,1.46,20.23,21.56,0.00,0.00,8.53
871302,pac,51.750,215.250,1000.39,1000.06,10.64,2.34,35.49,41.49,0.00,0.00,5.10
871302,pac,49.250,165.750,1004.35,1004.14,5.62,1.21,25.30,30.28,0.00,0.00,4.20
871302,pac,43.750,160.750,994.87,994.53,10.89,2.41,34.76,37.47,0.00,0.00,4.38
871308,atl,67.750,-0.750,1000.20,999.90,7.04,1.44,19.81,29.44,0.00,0.00,3.26
871308,atl,60.000,1.000,1003.47,1003.28,4.51,1.39,33.08,33.08,0.00,0.00,4.78
871308,atl,54.000,-75.250,994.33,994.18,8.92,1.87,30.83,33.67,0.00,0.00,4.17
871308,atl,45.750,-73.500,1001.35,1001.18,4.01,1.00,29.77,29.77,0.00,0.00,2.57
871308,pac,65.500,208.250,1001.64,1001.49,6.53,1.52,18.33,23.59,0.00,0.00,8.02
871308,pac,53.500,217.250,998.27,997.98,11.94,2.67,36.69,42.74,0.00,0.00,5.50
871308,pac,44.500,165.000,994.42,994.03,10.55,2.37,33.64,36.03,0.00,0.00,4.18
871314,atl,68.000,-2.500,1000.70,1000.54,7.41,1.46,20.03,27.48,0.00,0.00,3.94
871314,atl,54.750,-71.500,993.88,993.70,7.33,1.47,25.95,34.16,0.00,0.00,5.12
871314,atl,43.000,-12.250,1004.51,1004.17,7.10,2.15,26.21,26.21,0.00,0.00,4.35
871314,pac,66.000,207.250,1001.86,1001.67,5.77,1.27,21.29,28.95,0.00,0.00,7.99
871314,pac,54.750,218.000,996.52,996.27,12.99,2.87,36.66,48.61,0.00,0.00,7.48
871314,pac,44.750,169.500,990.92,990.58,10.56,2.26,31.13,35.18,0.00,0.00,4.24
871320,atl,69.000,-3.500,1003.16,1003.08,7.98,1.59,21.00,26.59,0.00,0.00,3.62
871320,atl,58.500,-65.250,994.38,994.18,8.69,1.77,33.17,33.17,0.00,0.00,5.39
871320,pac,55.250,218.500,996.55,996.26,12.95,2.85,37.91,51.06,0.00,1626.57,15.06
871320,pac,45.250,173.000,987.64,987.30,11.25,2.22,30.30,34.69,0.00,0.00,3.87
871326,atl,58.250,-61.500,994.02,993.86,8.63,1.39,27.27,31.46,0.00,0.00,4.02
871326,atl,45.500,-22.250,1001.91,1001.50,8.28,2.06,44.45,44.45,0.00,0.00,4.73
871326,atl,45.250,-12.250,1002.99,1002.75,6.09,1.81,33.28,33.28,0.00,0.00,3.10
871326,pac,55.750,219.250,996.57,996.25,12.43,2.86,40.99,40.99,0.00,0.00,11.53
871326,pac,46.250,175.500,983.67,983.32,12.62,2.38,36.99,38.84,0.00,0.00,4.57
871332,atl,60.250,-58.750,994.24,994.08,9.93,1.92,31.77,47.83,0.00,0.00,4.57
871332,atl,47.500,-13.500,1002.84,1002.60,5.37,1.30,28.38,32.78,0.00,0.00,3.37
871332,atl,45.500,-20.750,999.91,999.46,9.50,2.31,39.98,42.60,0.00,0.00,4.88
871332,pac,56.250,220.500,998.11,997.85,11.83,3.10,38.25,38.25,0.00,0.00,9.96
871332,pac,46.750,176.250,981.67,981.33,14.08,2.68,39.17,43.33,0.00,0.00,5.27
871338,atl,61.250,-58.000,996.08,995.94,8.94,2.16,45.02,49.03,0.00,0.00,4.60
871338,atl,53.750,-59.500,997.50,997.01,6.01,1.74,26.46,29.39,0.00,0.00,5.97
871338,atl,48.750,-14.750,1002.75,1002.38,5.64,1.29,27.72,32.24,0.00,0.00,2.97
871338,atl,45.750,-20.750,998.12,997.54,11.73,2.83,47.51,49.43,0.00,0.00,5.41
871338,pac,57.000,221.500,1001.80,1001.49,9.23,2.74,36.22,37.22,0.00,0.00,8.10
871338,pac,46.750,180.750,982.55,982.37,10.56,1.74,40.31,43.13,0.00,0.00,4.60
871344,atl,61.500,-57.000,999.47,999.37,7.41,1.92,47.45,47.82,0.00,0.00,7.98
871344,atl,53.750,-55.750,1002.06,1001.85,4.66,1.27,21.64,24.58,0.00,0.00,3.83
871344,atl,45.500,-20.500,1001.27,1000.84,10.10,2.07,42.29,49.85,0.00,0.00,4.90
871344,pac,46.750,180.750,984.11,983.88,10.02,1.77,37.70,38.40,0.00,0.00,4.23
871350,atl,68.250,-56.750,1001.90,1001.65,7.34,1.95,34.83,34.83,0.00,0.00,8.86
871350,atl,67.000,-51.750,1003.37,1002.88,8.29,1.67,34.83,39.40,0.00,0.00,15.05
871350,atl,61.000,-55.250,1002.08,1001.99,6.06,1.53,41.56,41.56,0.00,0.00,7.63
871350,atl,45.250,-20.500,1002.46,1002.15,9.25,1.65,38.37,47.79,0.00,0.00,4.25
871350,atl,42.500,-60.750,1003.19,1002.14,7.58,2.04,51.53,51.53,0.00,1173.04,4.44
871350,pac,65.000,172.250,1001.64,1001.44,4.40,1.15,22.86,29.12,0.00,0.00,5.54
871350,pac,47.000,184.500,984.84,984.68,8.13,1.43,37.06,38.37,0.00,0.00,4.20
871350,pac,46.000,180.250,985.25,985.09,9.34,1.60,37.27,41.04,0.00,0.00,4.20
871356,atl,69.000,-55.250,1003.86,1003.54,6.91,1.67,30.05,36.85,0.00,0.00,10.46
871356,atl,43.500,-59.000,1003.07,1002.59,8.56,2.21,36.04,39.24,0.00,0.00,3.53
871356,atl,41.500,-19.000,1003.06,1002.45,10.22,2.69,42.42,42.42,0.00,0.00,4.56
871356,pac,64.250,175.750,1002.57,1002.35,4.93,1.18,21.02,31.46,0.00,0.00,4.57
871356,pac,48.250,189.750,986.20,985.98,8.64,1.67,36.19,37.31,0.00,0.00,4.13
871356,pac,47.000,184.000,986.64,986.43,7.62,1.42,37.55,37.55,0.00,0.00,4.13
871362,atl,45.750,-56.750,1003.08,1002.64,8.87,2.35,34.43,35.19,0.00,0.00,3.74
871362,atl,41.750,-16.000,1002.75,1001.82,9.45,2.67,36.57,38.64,0.00,0.00,4.51
871362,pac,63.250,179.750,1002.89,1002.78,5.47,1.23,24.27,27.11,0.00,0.00,4.14
871362,pac,48.750,190.000,987.03,986.75,8.89,1.90,38.09,39.55,0.00,0.00,4.29
871362,pac,43.500,182.750,989.70,989.61,6.40,0.96,32.98,41.61,0.00,0.00,3.73
871368,atl,43.000,-14.250,1003.55,1002.54,9.27,2.75,34.01,34.01,0.00,0.00,5.26
871368,pac,63.250,181.250,1004.18,1004.09,4.59,0.92,24.28,25.46,0.00,0.00,2.65
871368,pac,50.750,193.500,988.84,988.61,9.74,2.04,41.50,41.50,0.00,0.00,4.81
871368,pac,42.750,185.250,992.44,992.35,5.07,0.85,23.64,34.31,0.00,0.00,3.03
871374,atl,44.250,-14.000,1002.29,1001.20,9.91,2.87,37.08,37.08,0.00,0.00,5.25
871374,pac,62.500,183.250,1003.76,1003.69,4.62,1.05,20.49,24.13,0.00,0.00,2.57
871374,pac,52.500,196.750,989.68,989.48,10.17,1.92,37.40,39.59,0.00,0.00,6.62
871374,pac,50.750,193.250,989.58,989.33,9.26,2.08,37.40,37.40,0.00,0.00,4.51
871380,atl,54.250,-47.250,1004.36,1004.08,8.50,1.83,30.91,32.74,0.00,0.00,3.02
871380,atl,45.000,-14.250,1002.57,1001.95,11.08,3.11,33.78,36.19,0.00,0.00,5.65
871380,pac,53.750,198.000,990.25,989.96,11.18,2.37,33.90,41.18,0.00,0.00,4.74
871386,atl,66.000,-78.500,990.46,990.25,16.13,3.40,43.09,48.52,0.00,0.00,8.60
871386,atl,65.500,-31.250,1004.31,1004.12,9.49,1.89,33.88,39.57,0.00,0.00,11.40
871386,atl,56.000,-45.500,1002.03,1001.72,8.66,2.24,30.08,30.55,0.00,0.00,2.95
871386,atl,45.500,-15.000,1002.69,1002.15,11.82,3.05,37.00,39.13,0.00,0.00,4.46
871386,pac,55.000,199.750,991.43,991.11,11.55,2.47,36.72,44.91,0.00,0.00,9.33
871392,atl,67.000,-79.000,991.25,990.85,16.25,3.58,43.34,45.01,0.00,0.00,7.51
871392,atl,65.500,-30.250,1003.68,1003.52,9.93,2.05,30.32,36.05,0.00,0.00,9.84
871392,atl,57.500,-44.000,999.62,999.20,9.49,2.71,30.44,31.64,0.00,0.00,7.05
871392,atl,55.250,-77.250,1001.63,1001.07,7.41,1.87,29.31,42.42,0.00,0.00,6.63
871392,pac,56.000,201.250,994.82,994.52,10.50,2.40,36.39,41.59,0.00,0.00,8.36
871392,pac,51.750,162.750,1003.39,1003.28,4.10,0.90,25.49,29.74,0.00,0.00,3.25
871398,atl,67.250,-79.750,991.05,990.73,16.04,3.70,41.66,42.47,0.00,0.00,7.23
871398,atl,65.250,-49.250,1002.17,1001.67,6.01,1.87,29.12,32.36,0.00,0.00,12.41
871398,atl,65.250,-26.500,1002.97,1002.78,10.13,2.40,39.58,39.58,0.00,0.00,10.18
871398,atl,58.500,-43.000,998.00,997.40,9.45,2.77,41.81,41.81,0.00,0.00,7.90
871398,atl,56.500,-73.000,995.42,994.61,12.77,3.56,35.16,35.16,0.00,0.00,7.78
871398,pac,58.250,202.000,996.03,995.76,10.42,2.30,36.50,36.50,0.00,0.00,9.50
871398,pac,53.500,164.750,999.95,999.85,5.11,1.02,26.65,29.61,0.00,0.00,5.54
871404,atl,66.500,-52.250,1001.40,1000.67,7.04,1.61,32.38,38.80,0.00,0.00,10.82
871404,atl,65.000,-25.250,1004.51,1004.21,7.64,1.81,35.74,38.35,0.00,0.00,8.92
871404,atl,58.750,-41.750,999.87,999.32,8.55,2.70,46.67,46.67,0.00,0.00,8.33
871404,atl,57.000,-67.500,992.27,991.65,14.70,4.03,42.23,43.86,0.00,0.00,8.36
871404,pac,58.750,203.250,999.09,998.73,9.17,2.04,39.07,39.14,0.00,0.00,10.61
871404,pac,54.750,166.500,997.56,997.40,6.67,1.52,24.64,32.25,0.00,0.00,5.93
871410,atl,67.250,-50.750,1001.49,1000.96,7.25,2.32,31.17,31.76,0.00,0.00,7.82
871410,atl,67.000,-79.750,995.26,994.93,12.39,3.04,39.35,39.80,0.00,0.00,5.74
871410,atl,63.750,-18.250,1003.77,1003.05,7.84,1.45,37.55,38.56,0.00,0.00,4.48
871410,atl,59.000,-39.500,999.54,999.18,9.55,3.09,41.12,41.12,0.00,0.00,5.62
871410,atl,55.750,-60.250,992.57,992.06,13.93,3.05,45.66,54.77,0.00,10517.79,9.00
871410,pac,58.500,208.000,1000.41,1000.01,10.11,2.56,43.02,43.02,0.00,0.00,7.80
871410,pac,55.500,167.500,995.92,995.71,7.59,1.76,22.37,31.01,0.00,0.00,4.14
871416,atl,67.000,-79.000,997.51,997.25,10.98,2.80,33.08,35.55,0.00,0.00,4.84
871416,atl,64.500,-13.250,1001.45,1001.21,9.69,2.23,38.74,40.51,0.00,0.00,5.22
871416,atl,59.500,-36.500,999.87,999.57,10.37,2.89,35.95,40.83,0.00,0.00,5.23
871416,atl,56.000,-57.000,994.47,993.89,13.91,3.29,45.71,45.71,0.00,0.00,6.34
871416,pac,65.750,232.750,999.41,999.06,5.71,1.79,21.88,24.32,0.00,0.00,7.36
871416,pac,62.250,220.500,999.50,998.92,6.00,2.18,33.46,33.46,0.00,0.00,11.09
871416,pac,59.250,212.000,1002.72,1002.60,7.31,1.94,39.90,46.73,0.00,0.00,11.09
871416,pac,55.750,168.000,995.63,995.38,8.10,1.93,23.74,26.23,0.00,0.00,4.72
871422,atl,67.000,-79.000,998.56,998.24,10.58,2.69,32.19,33.15,0.00,0.00,4.80
871422,atl,65.250,-9.000,998.67,998.41,10.73,2.75,38.75,39.14,0.00,0.00,6.22
871422,atl,63.750,-17.500,1002.44,1002.02,4.38,0.89,29.28,31.58,0.00,0.00,6.22
871422,atl,61.000,-23.000,1002.72,1002.64,4.88,0.88,30.15,31.28,0.00,0.00,6.22
871422,atl,60.000,-33.750,999.92,999.62,9.90,2.26,37.47,37.47,0.00,0.00,4.48
871422,atl,56.000,-53.750,994.74,994.18,14.02,3.07,36.72,41.20,0.00,0.00,7.28
871422,pac,65.250,235.250,998.14,997.82,5.38,1.62,16.61,18.12,0.00,0.00,5.21
871422,pac,62.750,222.750,998.28,997.63,6.03,2.18,19.50,22.72,0.00,0.00,7.12
871422,pac,55.750,169.250,996.47,996.35,7.84,1.86,29.47,29.47,0.00,0.00,3.25
871428,atl,66.750,-79.250,1000.51,1000.24,9.73,2.50,30.58,31.53,0.00,0.00,4.27
871428,atl,66.000,-5.750,998.48,998.09,10.19,2.54,35.02,39.63,0.00,0.00,4.54
871428,atl,63.750,-20.500,1002.18,1001.51,4.87,1.32,31.81,31.81,0.00,0.00,5.07
871428,atl,60.500,-30.750,1001.28,1001.06,8.18,1.76,37.88,37.88,0.00,0.00,3.56
871428,atl,56.250,-52.000,996.71,996.44,12.63,2.84,44.03,44.32,0.00,0.00,5.90
871428,pac,64.250,237.500,998.58,998.46,4.65,1.19,18.90,18.90,0.00,0.00,5.31
871428,pac,55.000,171.000,999.22,999.12,7.39,1.55,28.95,29.09,0.00,0.00,3.25
871434,atl,66.750,1.500,997.95,997.47,10.56,2.76,39.07,46.00,0.00,0.00,5.65
871434,atl,66.500,-79.500,1001.80,1001.57,8.85,2.35,31.29,31.29,0.00,0.00,3.87
871434,atl,61.500,-26.750,1000.73,1000.68,7.68,1.44,35.08,36.35,0.00,0.00,5.04
871434,atl,55.000,-45.500,997.80,997.66,10.96,2.00,31.26,38.98,0.00,0.00,4.38
871434,pac,60.500,238.500,998.05,997.82,4.78,0.99,19.83,26.96,0.00,0.00,6.88
871434,pac,57.750,176.000,1001.84,1001.73,5.79,1.10,21.71,24.39,0.00,0.00,2.44
871434,pac,54.500,174.000,1002.10,1002.03,6.19,1.07,30.94,31.97,0.00,0.00,3.02
