t,basin,lat,lon,p,pmin,depth,lap,g300,g500,a64,a50,gradmax
917496,atl,64.000,-78.250,1003.56,1003.21,7.68,2.10,30.74,33.04,0.00,0.00,3.53
917496,atl,60.750,-31.500,983.15,982.85,13.96,2.95,34.76,40.45,0.00,0.00,4.22
917496,atl,58.000,-68.750,1004.96,1004.75,4.38,0.91,25.36,30.52,0.00,0.00,3.87
917496,atl,57.500,9.500,1003.33,1003.19,8.54,1.78,37.03,37.04,0.00,0.00,3.65
917496,atl,49.500,-58.500,1003.25,1002.45,9.84,2.67,45.20,45.20,0.00,0.00,4.38
917496,pac,58.750,190.500,1002.46,1002.16,7.18,1.91,32.41,35.17,0.00,0.00,3.41
917496,pac,55.250,179.250,1003.53,1003.29,4.44,1.01,20.04,20.06,0.00,0.00,1.92
917502,atl,63.250,-76.750,1003.27,1003.06,6.85,1.73,33.93,35.55,0.00,0.00,3.74
917502,atl,61.500,-31.250,985.71,985.39,13.54,2.71,34.99,37.09,0.00,0.00,4.40
917502,atl,58.500,-62.750,1001.69,1001.55,4.85,0.78,17.27,35.51,0.00,0.00,5.98
917502,atl,57.000,-67.500,1001.76,1001.65,6.35,1.67,35.51,35.51,0.00,0.00,5.98
917502,atl,51.000,-53.000,995.87,994.85,14.04,4.14,45.50,45.50,0.00,0.00,6.40
917502,atl,42.000,-64.000,1002.59,1001.21,13.70,4.79,51.25,51.25,0.00,4091.32,8.85
917502,pac,59.750,190.500,1002.45,1002.26,6.56,1.80,29.42,29.42,0.00,0.00,3.00
917502,pac,53.250,182.250,1003.51,1003.39,4.83,0.82,22.01,24.36,0.00,0.00,2.16
917508,atl,62.500,-68.000,1002.46,1002.19,4.29,0.70,23.96,30.98,0.00,0.00,5.39
917508,atl,61.750,-32.000,989.22,989.00,12.19,2.41,31.54,44.01,0.00,0.00,5.23
917508,atl,57.750,-61.750,999.27,999.15,6.77,1.36,35.05,36.40,0.00,0.00,7.56
917508,atl,51.750,-49.250,992.60,991.62,14.42,4.50,48.10,50.75,0.00,1981.73,7.37
917508,atl,43.000,-59.500,1001.74,1000.94,12.97,4.32,54.12,54.12,0.00,18518.04,6.73
917508,pac,59.750,189.250,1003.49,1003.32,5.41,1.48,26.49,26.49,0.00,0.00,2.78
917508,pac,54.250,184.000,1004.44,1004.35,4.28,0.68,18.81,23.95,0.00,0.00,2.11
917514,atl,62.000,-32.750,991.76,991.56,10.25,2.03,29.01,45.87,0.00,0.00,5.78
917514,atl,56.500,-61.000,997.79,997.37,8.12,2.37,38.68,38.68,0.00,0.00,9.56
917514,atl,52.000,-45.750,992.25,991.51,12.61,3.93,45.78,47.34,0.00,0.00,6.28
917514,atl,44.500,-55.250,997.80,996.85,13.88,4.62,54.95,54.95,0.00,21622.41,8.93
917514,pac,58.750,187.500,1004.40,1004.27,4.69,1.21,30.38,30.38,0.00,0.00,2.97
917520,atl,63.250,-69.000,1003.26,1003.07,5.95,1.58,27.78,27.78,0.00,0.00,3.94
917520,atl,61.500,-33.000,993.14,992.96,8.85,1.71,27.45,41.44,0.00,0.00,4.98
917520,atl,56.750,-58.250,998.09,997.86,8.08,2.32,41.46,41.46,0.00,0.00,5.75
917520,atl,52.500,-34.250,996.27,995.71,8.48,2.13,41.66,43.85,0.00,0.00,4.91
917520,atl,46.000,-49.750,997.51,996.69,12.38,4.15,56.22,56.22,0.00,24180.24,6.35
917526,atl,65.500,-53.250,1004.32,1004.24,4.15,1.60,31.17,31.17,0.00,0.00,8.03
917526,atl,62.750,-69.750,1004.44,1004.18,6.03,1.87,32.03,32.03,0.00,0.00,4.17
917526,atl,61.000,-31.500,993.09,992.98,7.05,1.17,24.87,40.26,0.00,0.00,4.61
917526,atl,57.250,-57.000,997.03,996.63,8.65,2.38,38.78,38.78,0.00,0.00,5.21
917526,atl,53.250,-28.250,993.49,992.77,9.36,2.58,36.08,44.52,0.00,0.00,4.70
917526,atl,52.250,-53.750,1000.41,1000.11,4.44,1.37,35.68,38.78,0.00,0.00,4.27
917526,atl,51.250,-40.750,998.23,997.87,4.02,0.93,38.92,49.01,0.00,0.00,4.96
917526,atl,47.750,-44.000,995.39,994.69,11.09,3.17,53.55,53.55,0.00,23009.26,5.29
917532,atl,62.250,-25.500,991.97,991.88,6.36,1.12,23.05,37.42,0.00,0.00,4.15
917532,atl,58.000,-57.000,996.31,995.69,10.25,2.74,42.27,42.27,0.00,0.00,4.98
917532,atl,54.500,-24.000,991.84,991.14,9.66,2.71,38.67,42.70,0.00,0.00,4.91
917532,atl,52.500,-51.500,999.54,999.27,5.46,1.70,42.49,42.49,0.00,0.00,3.98
917532,atl,49.500,-37.750,992.96,992.15,12.09,3.23,50.91,50.91,0.00,8790.30,5.24
917532,pac,58.250,208.500,1003.36,1003.17,6.86,1.43,29.28,33.64,0.00,0.00,5.51
917538,atl,62.750,-25.500,989.89,989.77,6.67,1.10,25.72,42.15,0.00,0.00,5.09
917538,atl,58.250,-58.000,996.48,995.83,11.05,3.06,43.89,43.89,0.00,0.00,6.44
917538,atl,55.750,-20.000,990.88,990.35,9.85,2.66,40.43,42.43,0.00,0.00,4.99
917538,atl,52.750,-49.500,998.92,998.50,6.01,1.99,43.67,43.67,0.00,0.00,4.73
917538,atl,50.750,-31.750,993.43,992.81,10.05,2.79,46.66,46.66,0.00,0.00,4.78
917538,pac,59.250,213.750,999.00,998.24,10.31,2.79,45.33,45.33,0.00,0.00,11.02
917544,atl,63.000,-25.250,989.02,988.95,6.38,1.15,26.22,41.89,0.00,0.00,4.63
917544,atl,58.500,-16.000,990.69,990.27,9.46,2.52,45.45,45.45,0.00,0.00,5.63
917544,atl,58.000,-59.250,997.60,996.92,12.10,3.42,38.04,38.04,0.00,0.00,7.11
917544,atl,52.750,-47.500,999.05,998.39,6.97,2.39,45.78,45.78,0.00,0.00,5.53
917544,atl,52.250,-26.500,995.53,995.21,7.39,1.94,43.49,44.22,0.00,0.00,4.28
917544,pac,62.750,220.250,1000.42,1000.24,5.42,1.44,23.92,38.74,0.00,0.00,7.84
917544,pac,59.750,215.250,998.63,997.81,9.06,2.51,42.26,42.26,0.00,0.00,7.99
917550,atl,64.500,-28.500,988.11,988.04,7.64,1.83,38.02,46.09,0.00,0.00,8.71
917550,atl,61.250,-13.250,990.20,989.83,9.35,2.52,42.01,43.13,0.00,0.00,5.19
917550,atl,56.750,-60.000,999.81,999.26,11.02,3.12,45.77,45.77,0.00,0.00,6.22
917550,atl,53.500,-21.250,997.72,997.43,5.59,1.46,38.29,38.70,0.00,0.00,3.75
917550,atl,52.500,-45.000,998.56,997.95,7.14,2.38,49.37,49.37,0.00,0.00,6.01
917550,pac,64.500,234.750,1000.50,1000.30,6.16,1.42,17.01,24.48,0.00,0.00,6.05
917550,pac,64.250,226.250,1001.05,1000.61,4.50,1.08,21.15,30.53,0.00,0.00,7.03
917550,pac,63.250,219.500,999.79,999.31,6.09,1.47,19.78,38.36,0.00,0.00,7.03
917550,pac,62.250,214.750,1000.83,1000.47,5.30,1.01,21.78,38.36,0.00,0.00,8.90
917556,atl,64.750,-13.000,988.62,988.12,11.33,2.99,43.06,43.06,0.00,0.00,5.68
917556,atl,64.000,-29.250,989.37,989.27,7.17,1.78,36.68,41.45,0.00,0.00,7.94
917556,atl,61.500,-46.500,999.14,997.90,4.51,1.53,25.51,33.40,0.00,0.00,11.61
917556,atl,54.500,-59.000,1004.90,1004.76,7.29,1.73,38.42,40.62,0.00,0.00,4.44
917556,atl,52.250,-42.000,1000.62,1000.13,6.76,2.31,51.46,51.46,0.00,5851.53,5.72
917556,pac,64.250,226.500,1001.40,1001.25,4.12,1.10,21.11,29.79,0.00,0.00,5.92
917556,pac,63.000,219.750,1001.91,1001.57,4.35,0.86,25.96,39.97,0.00,0.00,7.60
917556,pac,63.000,236.250,998.94,998.81,7.55,1.76,26.14,31.67,0.00,0.00,7.28
917556,pac,60.500,212.250,1000.98,1000.70,7.26,1.39,34.99,36.73,0.00,0.00,9.88
917562,atl,67.500,-15.000,985.60,984.94,14.50,3.73,39.16,41.65,0.00,0.00,11.63
917562,atl,66.750,-38.500,997.03,996.76,4.05,1.99,26.50,34.12,0.00,0.00,10.41
917562,atl,63.750,-28.000,991.28,991.21,5.63,1.40,31.38,34.12,0.00,0.00,4.16
917562,atl,61.500,-46.750,998.14,997.76,6.58,1.84,29.00,36.49,0.00,0.00,10.41
917562,atl,60.500,-43.500,998.19,997.60,4.54,1.16,28.16,28.16,0.00,0.00,9.32
917562,pac,64.000,223.750,1000.95,1000.59,4.78,1.42,28.99,39.80,0.00,0.00,7.39
917562,pac,63.250,237.500,998.25,998.13,7.04,1.39,36.41,36.41,0.00,0.00,6.23
917562,pac,60.250,212.750,1000.32,1000.20,9.04,1.76,34.53,38.77,0.00,0.00,11.22
917568,atl,68.250,-18.000,980.98,980.12,18.56,5.54,48.08,48.08,0.00,0.00,14.42
917568,atl,61.500,-47.250,1000.08,999.59,7.02,1.80,36.59,38.48,0.00,0.00,11.04
917568,atl,60.250,-41.750,1000.10,999.96,4.16,0.91,25.81,31.05,0.00,0.00,10.31
917568,pac,62.250,238.500,997.56,997.34,5.99,1.04,36.28,36.28,0.00,0.00,7.16
917568,pac,61.250,224.750,999.77,999.28,5.63,1.49,36.76,39.47,0.00,0.00,8.86
917568,pac,59.500,215.000,999.83,999.63,9.33,1.97,40.48,45.55,0.00,0.00,13.14
917568,pac,58.000,163.500,998.50,998.33,6.11,1.33,28.65,30.87,0.00,0.00,7.32
917574,atl,68.500,-17.500,980.52,979.81,17.74,5.50,51.33,51.33,0.00,1101.44,13.16
917574,atl,61.750,-46.250,1000.25,999.70,6.94,1.47,36.98,38.18,0.00,0.00,11.36
917574,atl,60.500,-41.250,1000.24,1000.10,4.58,0.89,27.76,35.72,0.00,0.00,7.43
917574,pac,62.000,228.750,999.83,999.57,5.49,1.40,23.75,28.22,0.00,0.00,8.64
917574,pac,61.500,238.500,997.23,997.05,5.42,0.94,21.20,27.88,0.00,0.00,5.88
917574,pac,59.250,216.250,1001.16,1000.88,9.17,2.07,39.43,41.25,0.00,0.00,13.02
917574,pac,58.750,164.500,998.82,998.66,5.35,1.24,24.62,28.06,0.00,0.00,6.00
917580,atl,69.000,-15.500,982.40,981.67,16.08,5.17,50.79,50.79,0.00,837.10,7.82
917580,atl,62.500,-44.750,1001.49,1001.08,6.29,1.27,33.31,36.54,0.00,0.00,12.27
917580,pac,58.750,166.000,999.84,999.73,5.34,1.31,20.24,28.80,0.00,0.00,6.22
917580,pac,58.750,217.000,1003.37,1003.17,9.40,2.33,37.91,37.91,0.00,0.00,13.22
917586,atl,67.000,-33.500,998.28,997.90,6.21,1.82,24.91,26.99,0.00,0.00,11.07
917586,atl,62.500,-44.000,1001.19,1000.84,6.61,1.19,35.28,36.19,0.00,0.00,11.06
917586,pac,58.500,166.750,999.67,999.56,5.26,1.37,27.15,27.15,0.00,0.00,7.20
917592,atl,60.500,-42.750,1002.01,1001.77,8.25,1.86,38.52,38.52,0.00,0.00,9.80
917592,pac,58.250,167.500,999.36,999.23,5.47,1.45,30.35,30.35,0.00,0.00,6.19
917598,atl,67.000,-34.750,1000.60,1000.10,7.29,1.96,33.96,33.96,0.00,0.00,14.04
917598,atl,62.250,-39.500,1001.66,1001.58,6.65,1.10,38.53,39.57,0.00,0.00,11.18
917598,pac,58.000,168.250,998.96,998.74,5.34,1.48,33.30,33.30,0.00,0.00,5.94
917604,atl,67.000,-37.250,1004.48,1004.12,6.35,1.75,28.34,28.34,0.00,0.00,11.40
917604,atl,62.250,-46.000,1004.48,1004.05,7.50,1.64,33.01,36.68,0.00,0.00,9.90
917604,atl,62.250,-39.250,1003.60,1003.48,6.79,1.38,36.68,36.68,0.00,0.00,9.90
917604,atl,49.000,-47.250,1002.11,1001.42,16.62,4.78,51.61,51.61,0.00,2068.33,8.30
917604,pac,58.000,174.750,999.67,999.53,6.79,1.31,29.16,35.55,0.00,0.00,3.63
917604,pac,57.750,169.750,999.20,998.99,5.91,1.50,35.55,35.55,0.00,0.00,3.63
917610,atl,57.000,-79.000,1002.96,1002.44,10.82,2.85,40.39,40.41,0.00,0.00,6.27
917610,atl,50.000,-45.750,998.70,997.67,18.24,5.24,59.15,59.15,0.00,23029.70,11.07
917610,pac,58.250,172.750,998.42,998.36,7.01,1.44,33.95,33.99,0.00,0.00,5.02
917616,atl,58.500,-77.500,1004.84,1004.61,8.21,2.12,33.43,33.53,0.00,0.00,4.49
917616,atl,51.250,-43.500,998.89,998.50,16.46,4.30,57.08,57.08,0.00,21624.15,8.10
917616,pac,58.750,171.750,998.43,998.33,7.47,1.63,34.31,34.31,0.00,0.00,5.66
917622,atl,54.750,-41.000,997.27,996.86,14.33,3.03,48.84,49.65,0.00,0.00,5.91
917622,pac,58.000,174.000,998.39,998.27,7.63,1.54,33.17,33.17,0.00,0.00,5.07
917628,atl,57.000,-40.500,992.66,992.18,17.84,4.22,48.33,48.56,0.00,0.00,8.44
917628,pac,58.250,174.500,999.66,999.52,8.01,1.71,27.38,33.00,0.00,0.00,3.92
917634,atl,59.250,-39.500,990.56,990.19,19.98,4.50,64.94,64.94,3085.22,56369.63,11.83
917634,pac,58.000,174.500,1000.71,1000.56,7.82,1.79,25.14,31.58,0.00,0.00,3.45
917640,atl,60.250,-39.750,990.15,989.43,20.90,5.22,62.85,62.85,0.00,42002.11,11.67
917640,pac,58.500,175.000,1002.88,1002.73,6.99,1.89,22.68,26.73,0.00,0.00,3.37
917646,atl,61.750,-48.000,1004.31,1003.81,4.80,1.39,44.09,57.26,0.00,8594.39,11.02
917646,atl,60.500,-39.000,993.30,992.81,18.25,5.16,57.26,57.26,0.00,19585.72,11.26
917646,pac,58.500,174.250,1004.50,1004.30,5.74,1.68,27.28,27.28,0.00,0.00,4.23
917652,atl,62.250,-37.750,1002.28,1001.98,13.05,3.67,47.20,56.22,0.00,9863.50,8.83
917658,atl,61.250,-78.250,981.69,981.29,12.39,2.80,43.05,50.34,0.00,833.26,7.60
917658,atl,55.500,-79.750,982.15,981.86,17.08,4.71,56.70,56.70,0.00,41752.87,9.37
917664,atl,62.750,-77.000,981.32,981.06,12.24,2.35,35.32,46.38,0.00,0.00,7.14
917670,atl,64.500,-77.750,979.10,978.98,13.63,2.79,38.88,46.55,0.00,0.00,5.39
917670,pac,51.750,226.750,1004.57,1004.35,8.79,1.80,27.09,34.87,0.00,0.00,6.71
917676,atl,65.250,-78.250,978.30,978.00,14.34,3.01,41.61,47.76,0.00,0.00,6.05
917676,atl,61.750,-69.000,980.56,980.19,12.87,2.96,49.60,50.06,0.00,398.01,10.68
917676,pac,51.750,228.250,1004.03,1003.81,9.18,1.82,28.40,28.40,0.00,0.00,7.65
917682,atl,67.000,-24.250,1004.28,1003.88,9.00,2.29,34.58,44.37,0.00,0.00,8.67
917682,atl,65.750,-78.750,978.80,978.42,13.67,2.80,41.95,49.04,0.00,0.00,6.25
917682,atl,63.500,-67.750,981.23,981.03,11.05,2.03,45.94,56.42,0.00,10115.81,11.47
917688,atl,68.500,-23.250,1001.89,1000.97,9.98,2.83,38.80,38.80,0.00,0.00,11.48
917688,atl,66.250,-79.000,980.50,980.25,12.84,2.51,36.50,48.63,0.00,0.00,6.53
917688,atl,63.250,-63.000,982.26,981.98,13.17,3.03,49.14,59.58,0.00,8236.18,10.54
917694,atl,66.000,-79.250,982.00,981.82,12.30,2.55,41.03,47.39,0.00,0.00,6.45
917694,atl,65.750,-31.000,1003.67,1003.54,5.85,1.50,31.05,31.05,0.00,0.00,6.98
917694,atl,63.750,-61.000,981.73,981.46,13.98,3.45,53.63,60.65,0.00,56178.38,10.15
917694,atl,40.500,-79.750,1002.99,1002.46,12.41,3.01,45.87,45.87,0.00,0.00,5.39
917700,atl,68.000,-52.250,993.05,992.90,5.91,1.66,41.07,41.07,0.00,0.00,14.02
917700,atl,67.000,-66.000,987.63,987.07,4.52,1.12,29.98,40.63,0.00,0.00,6.95
917700,atl,66.500,-28.250,1003.71,1003.57,4.96,1.45,29.63,32.47,0.00,0.00,7.20
917700,atl,65.250,-79.000,985.48,985.36,11.22,2.40,41.06,46.83,0.00,0.00,6.33
917700,atl,64.250,-60.000,985.05,984.76,12.09,3.14,56.88,57.64,0.00,66809.43,6.95
917700,atl,61.000,-40.750,997.69,997.12,8.47,2.56,32.11,35.47,0.00,0.00,13.93
917700,atl,42.750,-77.750,1002.56,1001.95,14.48,3.79,48.17,48.17,0.00,0.00,7.37
917700,pac,53.000,162.000,974.86,974.37,17.59,3.94,51.93,53.80,0.00,96023.40,7.51
917706,atl,67.500,-76.500,989.63,989.53,5.43,1.00,32.54,36.50,0.00,0.00,4.51
917706,atl,67.250,-66.000,989.17,988.69,4.67,1.21,27.53,37.73,0.00,0.00,5.09
917706,atl,64.750,-59.500,988.14,987.88,9.90,2.73,49.24,50.05,0.00,743.39,5.69
917706,atl,64.250,-76.750,989.55,989.46,9.59,2.16,44.23,48.01,0.00,0.00,5.50
917706,atl,61.750,-40.750,993.27,992.08,12.11,3.81,40.59,40.59,0.00,0.00,10.07
917706,atl,43.750,-76.000,1003.57,1002.96,12.81,3.26,39.63,39.63,0.00,0.00,7.77
917706,pac,53.000,166.000,977.18,976.81,16.47,3.42,50.31,52.84,0.00,45890.56,5.67
917712,atl,67.250,-65.750,992.61,992.17,4.78,1.05,26.37,39.60,0.00,0.00,3.99
917712,atl,65.250,-60.000,991.34,991.03,8.72,2.47,40.28,40.28,0.00,0.00,5.63
917712,atl,61.500,-40.750,992.72,991.49,14.49,4.51,47.22,47.22,0.00,0.00,13.42
917712,atl,45.000,-73.500,1004.32,1003.70,12.40,3.15,39.22,39.22,0.00,0.00,6.38
917712,pac,53.000,170.000,980.83,980.51,14.72,3.06,49.23,49.42,0.00,0.00,5.44
917712,pac,45.750,211.500,998.56,998.03,12.39,3.01,44.63,44.63,0.00,0.00,4.51
917718,atl,67.000,-66.000,995.44,994.89,4.68,0.86,26.99,33.18,0.00,0.00,3.35
917718,atl,65.500,-60.750,994.06,993.78,7.17,2.07,33.18,33.18,0.00,0.00,4.59
917718,atl,61.000,-39.250,991.05,990.30,15.36,4.48,48.81,48.81,0.00,0.00,11.35
917718,atl,51.250,-15.500,1004.61,1004.42,7.12,1.78,35.01,35.01,0.00,0.00,3.70
917718,atl,45.750,-71.500,1004.99,1004.46,11.41,2.87,37.73,37.73,0.00,0.00,5.29
917718,pac,53.000,174.000,981.40,981.02,14.29,3.07,46.75,46.75,0.00,0.00,4.86
917718,pac,47.250,216.000,990.70,990.12,18.15,4.88,49.30,49.30,0.00,0.00,8.36
917724,atl,67.250,-66.000,999.13,998.82,4.07,0.78,21.69,28.31,0.00,0.00,3.19
917724,atl,65.250,-61.750,998.71,998.50,4.78,1.25,21.71,25.37,0.00,0.00,2.42
917724,atl,61.500,-37.750,988.29,987.60,15.93,4.46,48.93,48.93,0.00,0.00,10.10
917724,atl,52.750,-15.750,1000.68,1000.44,8.01,2.23,40.72,40.72,0.00,0.00,4.59
917724,pac,53.000,177.500,983.96,983.59,12.76,2.70,44.96,44.96,0.00,0.00,4.33
917724,pac,48.250,219.500,982.61,982.13,22.71,6.24,57.38,57.38,0.00,49046.02,11.60
917730,atl,62.000,-37.500,986.06,985.54,15.29,4.30,46.74,47.55,0.00,0.00,11.35
917730,atl,53.750,-14.500,996.39,996.13,9.82,2.53,44.11,44.11,0.00,0.00,5.30
917730,pac,53.000,180.500,985.83,985.49,11.04,2.25,43.58,44.60,0.00,0.00,4.14
917730,pac,49.500,223.250,980.69,980.19,22.71,5.47,61.40,61.40,0.00,155875.16,10.77
917736,atl,62.000,-38.750,986.31,985.84,13.46,3.94,49.04,49.04,0.00,0.00,7.89
917736,atl,61.250,-46.750,995.07,994.74,4.30,1.19,35.92,49.04,0.00,0.00,7.89
917736,atl,54.500,-12.750,991.68,991.22,12.78,3.50,46.15,46.15,0.00,0.00,8.12
917736,pac,53.250,184.750,988.24,988.08,9.07,1.65,38.13,45.96,0.00,0.00,3.80
917736,pac,50.500,226.000,979.61,979.47,22.11,5.14,58.44,58.44,0.00,130862.08,10.15
917742,atl,61.750,-39.000,985.74,985.17,12.39,3.54,45.96,45.96,0.00,0.00,7.59
917742,atl,55.500,-10.250,989.08,988.66,12.89,3.60,48.46,48.46,0.00,0.00,7.87
917742,atl,51.750,-42.000,1000.39,999.96,8.25,2.29,52.48,52.48,0.00,8480.30,4.39
917742,pac,65.750,230.750,1003.60,1003.28,4.77,1.20,18.18,23.90,0.00,0.00,5.06
917742,pac,54.250,191.000,988.18,988.11,7.85,1.28,29.59,41.79,0.00,0.00,3.61
917742,pac,52.500,167.500,999.91,999.70,5.84,1.36,26.13,29.23,0.00,0.00,2.80
917742,pac,52.250,228.750,980.39,980.00,20.23,5.16,57.36,57.36,0.00,80595.61,10.58
917748,atl,63.250,-24.250,992.59,991.60,7.51,1.73,39.17,47.53,0.00,0.00,8.00
917748,atl,61.250,-39.250,986.90,986.45,11.31,3.21,39.17,39.17,0.00,0.00,7.62
917748,atl,57.250,-8.500,988.98,988.65,11.59,2.76,54.77,54.77,0.00,32333.41,6.65
917748,atl,52.500,-35.250,996.13,995.80,10.09,2.70,48.53,48.53,0.00,0.00,5.30
917748,pac,65.250,231.750,1001.83,1001.50,4.01,1.13,21.67,22.05,0.00,0.00,9.17
917748,pac,54.250,197.750,988.62,988.53,6.81,1.02,31.19,42.76,0.00,0.00,3.36
917748,pac,53.250,230.250,985.37,984.03,15.39,4.28,50.72,57.77,0.00,6279.89,10.42
917748,pac,52.250,168.500,1001.50,1001.25,6.09,1.46,24.53,24.87,0.00,0.00,2.17
917754,atl,67.000,-50.500,998.84,998.39,5.76,1.75,31.24,31.24,0.00,0.00,7.21
917754,atl,64.250,-28.500,988.82,988.12,11.94,2.76,55.65,55.65,0.00,89671.82,10.81
917754,atl,62.250,-31.500,988.90,988.65,8.21,1.06,32.29,55.65,0.00,37143.24,8.72
917754,atl,60.500,-39.250,987.25,986.74,10.32,2.90,42.05,50.61,0.00,329.64,6.91
917754,atl,58.750,-6.500,987.92,987.60,10.72,2.12,53.79,53.79,0.00,16249.62,7.06
917754,atl,54.500,-28.750,990.95,990.67,10.42,2.75,45.97,47.52,0.00,0.00,5.04
917754,pac,57.750,230.750,992.90,992.56,7.02,1.64,26.19,45.06,0.00,0.00,10.27
917754,pac,55.000,233.750,992.98,992.22,9.09,2.63,60.55,60.55,0.00,8486.23,10.27
917754,pac,54.250,204.750,988.91,988.71,6.99,1.46,27.50,33.68,0.00,0.00,2.89
917754,pac,51.750,168.750,1001.98,1001.79,6.29,1.53,23.91,23.99,0.00,0.00,2.12
917760,atl,67.250,-51.250,1001.40,1001.12,5.15,1.57,32.62,33.99,0.00,0.00,8.25
917760,atl,62.250,-33.000,987.30,987.08,10.16,1.50,61.58,66.65,9018.83,73747.54,9.14
917760,atl,61.750,-5.250,986.01,985.83,10.85,2.17,40.41,45.33,0.00,0.00,4.59
917760,atl,59.500,-37.750,988.10,987.62,9.48,2.46,45.72,52.49,0.00,3142.42,9.45
917760,atl,56.000,-24.250,982.89,982.31,14.72,4.29,46.76,46.76,0.00,0.00,6.09
917760,pac,62.750,223.750,995.51,995.24,4.21,1.19,16.16,27.31,0.00,0.00,10.34
917760,pac,57.500,236.500,994.81,993.21,8.40,2.55,46.47,52.29,0.00,1351.71,7.87
917760,pac,54.750,207.250,989.61,989.40,7.23,1.64,27.26,32.84,0.00,0.00,2.69
917760,pac,51.250,169.250,1004.77,1004.66,5.50,1.31,22.54,22.54,0.00,0.00,2.02
917766,atl,61.750,-34.500,987.76,987.60,9.80,1.61,53.65,60.74,0.00,54727.80,9.37
917766,atl,61.750,-5.000,984.01,983.63,10.68,2.47,47.59,47.59,0.00,0.00,5.10
917766,atl,57.250,-21.000,975.89,974.79,17.77,5.64,53.30,53.30,0.00,5996.51,9.97
917766,atl,53.750,-72.250,1002.46,1002.05,13.96,3.46,35.84,35.84,0.00,0.00,5.57
917766,pac,64.000,226.500,997.16,996.65,5.21,1.42,12.93,20.34,0.00,0.00,9.53
917766,pac,54.750,209.250,990.58,990.40,7.90,1.80,29.60,33.72,0.00,0.00,3.07
917766,pac,54.750,214.750,991.02,990.71,8.02,1.61,35.10,37.10,0.00,0.00,3.89
917772,atl,63.000,10.000,986.11,985.61,4.97,1.12,38.46,43.41,0.00,0.00,4.17
917772,atl,62.000,-0.500,984.73,984.32,8.60,2.14,45.89,45.89,0.00,0.00,4.30
917772,atl,61.500,-3.750,984.71,984.26,8.54,2.38,45.89,45.89,0.00,0.00,4.30
917772,atl,61.250,-47.000,1001.61,1000.63,4.54,1.77,47.10,55.21,0.00,7466.21,7.93
917772,atl,61.000,-35.500,992.01,991.90,7.70,1.68,54.12,55.21,0.00,25568.57,7.15
917772,atl,58.000,-18.500,972.64,971.87,19.27,5.76,58.71,58.71,0.00,33282.76,10.30
917772,atl,54.500,-68.500,1002.41,1001.20,12.87,3.61,33.72,33.72,0.00,0.00,6.55
917772,pac,55.750,216.750,989.32,988.99,10.85,2.27,40.13,42.25,0.00,0.00,8.16
917778,atl,62.250,3.750,985.51,985.02,5.81,1.63,40.00,45.09,0.00,0.00,6.00
917778,atl,58.500,-17.500,969.10,968.26,21.21,5.95,56.23,56.23,0.00,58953.48,9.26
917778,atl,55.000,-65.250,1003.65,1002.70,9.92,2.77,30.04,37.69,0.00,0.00,7.13
917778,pac,56.250,217.750,988.03,987.82,12.95,2.83,49.85,51.96,0.00,3790.73,11.21
917784,atl,67.500,-35.750,1004.57,1003.84,4.65,2.22,32.61,33.84,0.00,0.00,10.83
917784,atl,58.250,-17.000,967.15,966.32,22.73,6.09,53.53,53.89,0.00,102511.63,8.88
917784,atl,57.750,-3.500,984.50,983.82,7.12,1.82,41.82,46.60,0.00,0.00,5.26
917784,atl,54.500,-58.750,1004.56,1004.24,7.97,2.07,28.59,32.78,0.00,0.00,7.51
917784,pac,57.500,218.750,988.41,987.73,12.19,3.56,48.92,48.92,0.00,0.00,13.55
917784,pac,48.000,229.000,1002.15,1001.61,6.66,2.15,43.42,43.42,0.00,0.00,4.07
917790,atl,60.000,-2.000,979.35,978.51,11.14,2.93,42.89,47.98,0.00,0.00,5.35
917790,atl,57.750,-16.250,966.77,966.07,23.07,5.93,56.56,60.81,0.00,142769.80,7.06
917790,atl,54.500,-55.250,1003.26,1002.97,8.50,2.16,33.46,33.46,0.00,0.00,4.38
917790,pac,57.500,219.500,990.38,989.98,11.54,3.36,51.43,51.43,0.00,1655.12,13.30
917790,pac,54.500,162.250,994.52,994.09,10.91,2.54,36.00,41.22,0.00,0.00,9.92
917790,pac,49.250,231.000,998.71,997.34,9.13,3.17,42.90,42.90,0.00,0.00,6.33
917796,atl,61.250,-4.000,976.65,975.26,13.50,3.78,55.23,55.23,0.00,9789.37,7.91
917796,atl,56.750,-14.500,969.42,968.70,22.07,5.65,53.82,54.74,0.00,76717.76,7.39
917796,atl,56.000,-50.000,1001.71,1001.28,9.62,2.46,35.35,35.35,0.00,0.00,4.71
917796,pac,60.250,215.250,997.00,996.77,6.37,1.46,33.70,47.92,0.00,0.00,9.70
917796,pac,56.500,223.250,992.42,992.13,11.11,3.30,52.94,52.94,0.00,6532.06,10.28
917796,pac,54.500,162.750,994.34,994.10,11.17,2.48,35.35,39.58,0.00,0.00,6.72
917796,pac,50.250,231.500,1001.01,1000.16,6.41,1.86,39.04,39.04,0.00,0.00,5.36
917802,atl,61.000,-6.000,976.43,975.31,13.92,4.18,62.33,62.33,0.00,33934.48,8.80
917802,atl,57.000,-47.250,999.90,999.47,10.20,2.82,35.31,35.31,0.00,0.00,5.15
917802,atl,55.500,-12.000,974.11,973.55,19.38,5.02,51.73,53.96,0.00,19106.64,7.39
917802,pac,60.250,214.500,996.98,996.72,7.78,1.99,34.08,36.28,0.00,0.00,10.80
917802,pac,56.250,225.500,996.24,995.91,8.08,2.56,46.31,46.31,0.00,0.00,9.42
917802,pac,53.750,163.750,995.12,994.97,10.45,2.15,40.08,41.31,0.00,0.00,5.67
917808,atl,63.000,1.000,982.90,982.47,8.39,2.11,42.65,49.91,0.00,0.00,6.45
917808,atl,60.000,-6.250,979.90,979.03,11.88,3.24,51.46,51.46,0.00,4955.64,7.03
917808,atl,58.000,-45.500,996.91,996.20,12.16,3.73,44.31,44.31,0.00,0.00,8.45
917808,atl,54.500,-8.750,980.41,980.03,15.52,3.91,51.80,51.80,0.00,9152.32,7.55
917808,atl,53.000,-49.500,1002.43,1002.22,7.07,1.79,40.14,40.14,0.00,0.00,4.06
917808,pac,61.250,217.250,998.54,997.51,5.37,1.08,27.58,35.80,0.00,0.00,9.03
917808,pac,60.500,213.500,998.65,998.08,6.45,1.78,35.80,35.80,0.00,0.00,9.03
917808,pac,59.500,232.000,996.66,996.06,5.52,1.57,24.86,28.55,0.00,0.00,7.31
917808,pac,58.500,237.250,997.82,997.50,4.98,1.24,20.75,24.86,0.00,0.00,7.31
917808,pac,53.750,166.500,995.92,995.78,10.36,2.00,36.03,38.16,0.00,0.00,4.59
917814,atl,62.750,1.250,985.03,984.66,7.40,1.89,42.01,42.01,0.00,0.00,4.10
917814,atl,58.750,-6.000,984.11,983.45,10.68,2.80,50.98,50.98,0.00,4810.65,6.11
917814,atl,58.250,-45.000,994.81,994.02,12.27,3.53,45.49,45.49,0.00,0.00,11.83
917814,atl,54.250,-4.500,984.44,983.98,12.91,3.27,46.16,48.95,0.00,0.00,5.67
917814,pac,63.250,223.250,1001.00,1000.88,4.13,1.19,14.58,18.15,0.00,0.00,6.71
917814,pac,60.500,213.500,1000.12,999.62,6.06,1.74,31.62,34.56,0.00,0.00,8.22
917814,pac,60.000,233.250,998.26,998.06,5.52,1.27,18.98,20.44,0.00,0.00,6.56
917814,pac,59.500,217.500,1000.50,1000.20,4.98,1.17,27.91,33.33,0.00,0.00,8.22
917814,pac,59.000,237.500,997.65,997.47,6.39,1.67,18.98,18.98,0.00,0.00,6.56
917814,pac,53.500,168.500,996.94,996.75,10.19,2.03,36.79,38.56,0.00,0.00,3.75
917820,atl,62.500,2.500,989.29,989.02,6.15,1.59,39.41,39.41,0.00,0.00,4.45
917820,atl,57.750,-44.250,995.00,994.23,11.26,2.79,48.88,48.88,0.00,0.00,16.01
917820,atl,55.000,-0.750,988.93,988.80,11.07,2.37,41.27,47.24,0.00,0.00,5.77
917820,pac,59.750,214.750,1001.26,1001.02,6.23,1.70,30.00,31.80,0.00,0.00,9.43
917820,pac,59.000,238.750,998.72,998.44,6.51,1.35,19.04,24.31,0.00,0.00,6.30
917820,pac,53.750,170.750,999.93,999.78,9.25,1.90,35.94,38.58,0.00,0.00,3.55
917826,atl,64.500,-50.250,1002.84,1002.53,8.28,2.48,31.51,46.27,0.00,0.00,15.60
917826,atl,57.500,-43.000,993.93,993.61,10.98,2.64,52.74,52.74,0.00,1176.63,15.60
917826,atl,56.500,3.000,990.65,990.54,10.05,1.97,44.99,48.33,0.00,0.00,4.94
917826,atl,43.250,-44.500,1003.62,1002.65,8.51,2.33,39.45,40.87,0.00,0.00,4.38
917826,pac,59.250,217.000,1003.36,1003.07,5.53,1.48,27.44,30.88,0.00,0.00,7.39
917826,pac,53.750,174.000,1003.59,1003.41,7.11,1.55,34.62,35.06,0.00,0.00,3.09
917832,atl,65.250,-52.750,1003.76,1003.53,8.13,2.12,28.56,33.08,0.00,0.00,7.95
917832,atl,59.750,-80.000,982.95,982.21,20.09,4.98,52.24,52.24,0.00,8265.73,7.35
917832,atl,57.750,5.750,991.55,991.47,10.65,1.99,40.03,43.27,0.00,0.00,4.56
917832,atl,57.250,-37.000,992.40,992.00,9.91,1.81,32.28,52.00,0.00,1926.05,7.12
917832,atl,46.000,-39.750,1000.41,999.12,9.75,2.74,51.69,51.69,0.00,541.64,7.86
917832,pac,61.250,224.250,1004.12,1003.93,4.50,1.01,21.40,23.35,0.00,0.00,8.39
917832,pac,59.250,217.500,1004.89,1004.65,4.27,1.11,28.86,31.16,0.00,0.00,7.46
917832,pac,49.500,230.000,1003.31,1002.65,9.49,3.08,42.32,42.32,0.00,0.00,7.29
917838,atl,65.500,-53.500,1004.45,1004.38,6.41,1.47,27.28,29.28,0.00,0.00,12.53
917838,atl,60.500,-79.500,981.51,980.56,21.57,5.83,46.58,46.58,0.00,0.00,7.84
917838,atl,57.750,-36.500,989.09,988.80,10.64,2.01,44.82,56.82,0.00,10133.21,7.66
917838,atl,48.500,-34.250,995.35,994.41,10.13,2.74,53.26,53.26,0.00,3723.54,4.75
917838,pac,61.250,224.000,1004.84,1004.57,5.19,1.06,17.04,25.17,0.00,0.00,8.27
917838,pac,49.000,232.000,1002.86,1002.09,9.75,3.12,36.86,36.86,0.00,0.00,7.81
917838,pac,43.750,160.000,998.62,998.42,11.14,2.07,50.17,50.17,0.00,1693.20,6.38
917844,atl,65.000,-54.250,1004.53,1004.38,4.39,0.95,24.70,24.88,0.00,0.00,11.21
917844,atl,61.000,-80.000,984.32,983.21,20.85,5.93,45.79,45.79,0.00,0.00,7.65
917844,atl,59.750,-68.500,995.66,995.16,7.79,2.43,37.76,39.35,0.00,0.00,6.68
917844,atl,59.500,-34.000,986.22,985.85,12.18,2.69,45.72,49.09,0.00,0.00,5.85
917844,atl,55.500,-62.500,1000.41,999.73,6.67,1.87,30.42,32.37,0.00,0.00,6.02
917844,atl,52.500,-28.750,987.80,987.07,11.41,3.24,52.18,53.57,0.00,12765.74,5.64
917844,pac,48.500,234.250,1004.19,1003.51,7.72,2.45,33.77,34.41,0.00,0.00,5.39
917844,pac,45.500,162.500,999.70,999.49,10.98,2.37,44.19,44.75,0.00,0.00,5.50
917850,atl,67.000,-50.500,1003.92,1003.67,5.13,1.30,25.88,28.79,0.00,0.00,7.48
917850,atl,60.250,-67.500,997.52,996.98,6.80,2.40,36.51,37.00,0.00,0.00,6.11
917850,atl,60.000,-79.750,989.48,988.28,18.81,5.43,46.24,46.24,0.00,0.00,7.33
917850,atl,58.750,-35.000,981.27,981.06,12.36,2.91,47.29,48.72,0.00,0.00,6.37
917850,atl,56.000,-25.250,977.12,976.16,14.78,4.47,49.96,54.75,0.00,7059.00,8.57
917850,atl,54.000,-57.000,1001.39,1001.21,6.50,1.67,34.18,40.58,0.00,0.00,5.26
917850,pac,59.500,214.750,1004.81,1004.71,4.41,0.99,15.48,31.85,0.00,0.00,7.25
917850,pac,55.750,213.250,1003.64,1002.97,6.81,1.99,32.83,32.83,0.00,0.00,3.61
917850,pac,44.750,163.750,998.79,998.70,9.71,1.78,48.18,48.18,0.00,0.00,4.66
917856,atl,60.500,-67.750,999.44,998.99,6.50,2.28,34.79,34.79,0.00,0.00,5.67
917856,atl,59.250,-23.000,969.49,968.86,19.22,4.29,56.27,64.98,1061.49,94975.50,9.83
917856,atl,59.000,-77.750,997.86,997.30,12.29,3.49,37.25,37.25,0.00,0.00,5.00
917856,pac,61.000,225.000,1004.49,1004.15,5.53,1.14,21.59,21.59,0.00,0.00,9.03
917856,pac,56.250,216.000,1000.32,999.62,8.04,2.22,29.93,33.81,0.00,0.00,6.30
917856,pac,47.500,166.000,996.15,995.99,12.11,2.32,42.05,42.41,0.00,0.00,6.19
917862,atl,61.750,-25.500,959.39,958.39,25.97,6.13,71.53,71.53,40094.89,238359.68,19.01
917862,atl,60.250,-68.250,1003.42,1003.11,5.13,1.87,29.40,29.40,0.00,0.00,4.09
917862,atl,58.000,-76.000,1004.93,1004.47,6.67,2.06,28.42,29.52,0.00,0.00,4.09
917862,pac,56.000,217.750,999.10,998.77,8.82,2.31,40.19,40.19,0.00,0.00,6.96
917862,pac,49.500,166.000,989.92,989.58,17.08,4.06,49.07,49.07,0.00,0.00,8.15
917868,atl,61.500,-27.250,952.67,951.53,29.91,7.70,61.42,65.54,16536.14,204656.34,11.42
917868,atl,53.500,-46.500,999.71,999.18,5.17,1.73,32.93,32.93,0.00,0.00,3.24
917868,pac,56.750,219.250,999.53,999.39,7.78,1.72,38.46,38.46,0.00,0.00,9.58
917868,pac,54.000,222.250,999.52,999.33,7.30,1.51,38.46,38.46,0.00,0.00,4.71
917868,pac,50.000,166.000,982.87,982.43,22.01,5.43,51.31,51.31,0.00,7767.40,9.91
917874,atl,61.250,-25.750,952.14,950.85,28.63,7.32,58.88,63.98,0.00,194719.02,9.07
917874,atl,52.750,-42.500,998.05,997.48,5.44,1.64,37.72,37.72,0.00,0.00,3.21
917874,atl,52.000,-78.750,997.05,996.66,10.20,2.10,36.74,39.46,0.00,0.00,6.82
917874,pac,54.500,222.500,997.83,997.69,8.23,1.80,39.48,39.48,0.00,0.00,7.11
917874,pac,50.250,166.500,979.38,978.94,23.41,5.56,58.31,58.31,0.00,90882.34,9.34
917880,atl,61.500,-23.500,954.77,953.74,25.78,6.73,59.60,63.19,0.00,164161.32,8.31
917880,atl,53.750,-75.500,995.89,995.38,11.25,2.11,36.45,36.45,0.00,0.00,5.84
917880,atl,51.250,-33.750,998.42,998.18,4.44,1.06,40.50,40.50,0.00,0.00,3.24
917880,pac,53.250,226.000,996.71,996.49,7.49,1.65,34.80,40.15,0.00,0.00,6.04
917880,pac,51.000,168.000,979.86,979.30,21.89,4.92,56.23,56.23,0.00,61833.95,7.88
917886,atl,62.250,-21.000,956.66,955.79,23.80,6.15,55.48,58.58,0.00,110885.64,8.55
917886,atl,55.000,-71.000,994.01,993.40,12.35,2.74,29.26,29.43,0.00,0.00,5.05
917886,atl,54.250,-77.500,996.26,995.78,11.33,2.68,34.15,34.15,0.00,0.00,5.14
917886,pac,53.250,226.000,996.19,995.93,8.74,1.75,41.25,49.93,0.00,0.00,9.44
917886,pac,52.250,169.750,979.52,978.92,20.97,4.82,54.07,54.07,0.00,52434.74,6.98
917886,pac,52.250,236.000,1000.75,1000.10,4.29,1.17,25.36,27.83,0.00,0.00,5.45
917892,atl,64.250,-39.000,991.10,990.91,4.37,1.96,50.62,54.56,0.00,53855.70,16.76
917892,atl,63.250,-20.250,961.07,960.38,22.44,5.42,48.61,63.77,0.00,36821.11,7.65
917892,atl,62.000,-43.000,991.52,990.95,8.85,2.73,48.28,49.42,0.00,0.00,16.15
917892,atl,56.250,-67.000,993.46,992.85,12.80,3.46,36.80,36.80,0.00,0.00,6.08
917892,atl,53.500,-19.250,991.01,990.50,6.94,1.92,48.62,48.62,0.00,0.00,4.78
917892,pac,53.000,170.750,981.13,980.54,19.77,4.33,52.96,53.58,0.00,40743.59,6.17
917892,pac,53.000,236.500,1001.21,1000.93,4.79,1.35,23.13,28.23,0.00,0.00,7.04
917892,pac,52.500,226.750,996.62,996.45,8.90,1.89,43.08,50.50,0.00,478.42,5.45
917898,atl,64.000,-21.250,966.34,965.88,19.27,4.08,53.00,61.00,0.00,67570.86,7.51
917898,atl,61.500,-43.500,992.46,991.12,9.10,2.53,50.18,50.18,0.00,395.11,13.54
917898,atl,60.250,-41.250,992.51,992.18,7.88,2.12,50.18,50.18,0.00,395.11,13.54
917898,atl,56.250,-13.500,985.92,985.15,8.16,2.49,52.01,52.01,0.00,6537.50,5.56
917898,atl,55.750,-64.500,995.15,994.56,9.70,2.00,34.19,34.19,0.00,0.00,6.44
917898,pac,53.500,171.750,983.02,982.64,17.81,3.76,43.36,50.03,0.00,443.24,5.68
917898,pac,53.250,238.750,1002.58,1001.95,5.51,1.38,29.98,30.84,0.00,0.00,8.78
917898,pac,51.500,227.000,999.06,998.96,8.27,1.96,43.91,48.28,0.00,0.00,4.31
917904,atl,64.000,-21.750,970.45,970.14,17.12,3.90,51.66,58.31,0.00,33586.66,6.66
917904,atl,61.750,-44.000,995.20,993.99,6.82,1.71,42.01,43.74,0.00,0.00,12.16
917904,atl,60.000,-38.000,994.82,994.61,4.22,1.35,43.74,43.74,0.00,0.00,7.46
917904,atl,59.000,-10.750,981.23,980.64,9.33,2.42,54.31,54.31,0.00,1208.40,6.02
917904,atl,56.250,-56.750,995.11,994.84,9.44,2.48,32.78,32.78,0.00,0.00,4.34
917904,atl,36.500,-79.750,1000.91,1000.67,10.54,2.24,43.99,43.99,0.00,0.00,9.34
917904,pac,56.500,226.500,1004.32,1004.07,5.92,1.19,23.74,30.02,0.00,0.00,7.64
917904,pac,56.000,229.000,1004.33,1004.11,5.49,1.08,23.80,33.49,0.00,0.00,9.78
917904,pac,54.000,172.750,984.82,984.45,16.69,3.63,37.67,47.21,0.00,0.00,5.17
917904,pac,52.000,236.250,1001.54,1000.92,4.28,1.40,20.99,33.49,0.00,0.00,9.20
917904,pac,50.750,228.250,1001.67,1001.58,5.71,1.39,36.38,41.11,0.00,0.00,4.74
917910,atl,63.250,-21.500,974.19,973.77,13.41,3.16,47.31,53.46,0.00,16387.55,5.81
917910,atl,62.000,-45.250,993.37,991.85,6.85,1.81,36.12,41.35,0.00,0.00,14.13
917910,atl,61.250,-9.250,975.78,975.25,12.05,3.04,46.66,46.66,0.00,0.00,5.49
917910,atl,56.750,-52.250,993.88,993.45,8.08,1.94,31.78,32.69,0.00,0.00,3.68
917910,atl,38.250,-77.500,999.61,999.21,12.97,3.09,47.30,47.30,0.00,0.00,11.01
917910,pac,55.250,194.250,1002.63,1002.20,7.65,1.83,33.95,35.05,0.00,0.00,5.26
917910,pac,54.000,174.000,987.98,987.64,14.45,3.21,38.82,41.14,0.00,0.00,4.36
917910,pac,49.500,229.750,1002.59,1002.54,4.97,0.93,36.89,38.75,0.00,0.00,3.09
917916,atl,62.750,-7.500,972.96,972.49,15.34,3.83,42.85,42.85,0.00,0.00,6.40
917916,atl,62.500,-45.250,991.04,990.46,8.26,2.26,32.53,40.87,0.00,0.00,9.74
917916,atl,62.500,-19.750,979.04,978.60,9.61,2.15,44.85,49.23,0.00,0.00,5.54
917916,atl,57.000,-48.750,991.35,990.99,8.84,1.89,31.57,34.97,0.00,0.00,4.75
917916,atl,37.250,-76.500,1001.21,1000.92,10.91,2.32,39.62,39.96,0.00,0.00,8.55
917916,pac,56.250,197.750,1001.84,1001.34,8.07,2.12,35.08,35.08,0.00,0.00,5.11
917916,pac,54.000,175.250,991.23,990.89,13.06,3.04,35.52,36.53,0.00,0.00,3.71
917916,pac,50.750,229.000,1001.90,1001.78,5.50,1.07,36.04,38.43,0.00,0.00,5.54
917916,pac,47.750,232.500,1002.01,1001.96,4.57,0.70,36.42,38.86,0.00,0.00,4.13
917922,atl,64.250,-6.750,970.68,970.19,17.18,4.36,46.50,46.50,0.00,0.00,7.01
917922,atl,63.250,-45.000,990.03,989.48,8.78,2.16,34.71,45.73,0.00,0.00,9.04
917922,atl,57.500,-44.000,987.69,987.25,10.52,2.43,34.17,38.94,0.00,0.00,4.60
917922,atl,38.000,-75.250,1003.40,1002.85,10.42,2.49,46.63,46.63,0.00,0.00,8.04
917922,pac,60.750,191.000,1000.82,1000.34,6.61,1.96,38.56,38.56,0.00,0.00,4.61
917922,pac,55.750,204.000,1002.90,1002.32,8.24,2.41,36.66,36.66,0.00,0.00,4.38
917922,pac,53.500,176.500,992.46,992.11,12.56,2.96,39.82,39.82,0.00,0.00,3.94
917922,pac,49.250,230.250,1001.98,1001.87,5.50,0.96,35.46,36.80,0.00,0.00,4.60
917928,atl,65.250,-7.500,970.80,970.29,17.16,4.21,37.91,38.72,0.00,0.00,7.57
917928,atl,62.500,-44.250,990.98,990.38,7.89,2.03,41.33,50.17,0.00,778.60,9.26
917928,atl,58.500,-37.250,984.26,983.85,11.39,2.53,40.05,41.72,0.00,0.00,4.76
917928,pac,61.250,192.000,1000.77,1000.16,6.46,1.88,29.79,30.64,0.00,0.00,4.01
917928,pac,55.750,207.250,1004.36,1003.85,6.67,2.28,31.26,31.26,0.00,0.00,4.02
917928,pac,52.750,178.000,994.19,993.86,11.85,2.80,34.66,37.08,0.00,0.00,3.86
917928,pac,50.250,190.000,1004.39,1004.06,4.19,1.26,34.25,36.74,0.00,0.00,2.86
917928,pac,46.500,233.000,1003.51,1003.42,4.24,1.03,30.20,34.81,0.00,0.00,6.74
917934,atl,65.250,-6.250,970.78,970.23,16.23,3.89,35.66,36.73,0.00,0.00,5.96
917934,atl,59.000,-33.500,980.97,980.55,11.82,2.87,45.05,45.05,0.00,0.00,5.67
917934,pac,61.500,193.500,1000.68,1000.23,5.70,1.62,24.99,24.99,0.00,0.00,4.65
917934,pac,52.250,192.750,997.84,997.44,7.59,2.22,33.62,33.62,0.00,0.00,4.10
917934,pac,51.750,180.250,996.06,995.86,10.20,2.34,38.33,38.33,0.00,0.00,3.90
917940,atl,66.000,-4.500,972.14,971.76,15.56,3.73,40.93,40.93,0.00,0.00,5.11
917940,atl,59.250,-21.750,981.17,980.74,6.72,1.29,38.94,43.90,0.00,0.00,4.32
917940,atl,59.000,-30.500,980.50,979.81,11.72,3.02,53.16,53.16,0.00,14219.12,6.18
917940,pac,61.500,194.250,999.49,999.26,5.28,1.45,25.88,26.14,0.00,0.00,3.30
917940,pac,54.250,195.250,992.52,992.04,9.87,2.74,34.02,36.05,0.00,0.00,5.15
917940,pac,51.250,184.250,998.88,998.75,6.84,1.44,34.26,36.63,0.00,0.00,3.60
917946,atl,67.500,-3.750,972.13,971.89,15.55,3.69,39.89,39.89,0.00,0.00,5.09
917946,atl,63.000,-19.750,978.43,978.26,5.14,1.12,30.95,41.77,0.00,0.00,4.02
917946,atl,60.250,-12.250,978.26,978.08,7.00,1.36,38.31,46.21,0.00,0.00,5.46
917946,atl,59.000,-26.500,978.42,977.70,12.41,3.44,60.84,60.84,0.00,131925.62,8.18
917946,atl,42.250,-61.250,1003.20,1002.68,8.79,2.18,42.16,42.16,0.00,0.00,4.70
917946,pac,56.250,198.750,987.99,987.62,11.87,2.97,39.78,45.30,0.00,0.00,6.98
917952,atl,68.250,-6.250,972.97,972.78,14.68,3.31,39.41,40.12,0.00,0.00,5.31
917952,atl,61.750,-5.750,975.61,975.35,8.30,1.85,38.85,41.50,0.00,0.00,4.05
917952,atl,43.500,-58.750,999.78,998.99,11.86,2.67,42.75,48.13,0.00,0.00,5.48
917952,pac,57.750,201.500,986.70,986.35,11.23,2.65,46.33,47.16,0.00,0.00,8.85
917958,atl,68.000,-9.250,972.25,972.06,14.51,3.29,43.46,49.94,0.00,0.00,6.47
917958,atl,64.500,-2.000,972.82,972.60,9.46,2.32,42.54,42.54,0.00,0.00,5.49
917958,atl,45.500,-57.000,993.42,992.60,16.84,4.33,51.41,51.41,0.00,4240.79,7.45
917958,pac,58.750,203.000,986.48,986.02,10.12,2.52,43.47,46.67,0.00,0.00,10.40
917958,pac,58.750,210.750,989.95,989.30,8.71,2.56,49.83,49.83,0.00,0.00,10.40
917964,atl,67.000,-10.500,974.54,974.28,12.47,2.53,46.81,53.45,0.00,11475.94,6.96
917964,atl,66.750,-2.750,972.66,972.27,12.36,3.01,40.23,40.23,0.00,0.00,5.49
917964,atl,46.000,-56.500,990.41,989.06,18.70,4.82,61.10,61.10,0.00,66546.15,10.05
917964,pac,59.250,204.000,988.36,987.59,7.93,1.79,32.17,42.16,0.00,0.00,10.36
917964,pac,58.250,168.250,991.01,990.71,7.77,2.01,32.92,38.66,0.00,0.00,7.21
917964,pac,58.250,207.750,989.07,988.74,7.27,1.64,41.89,57.42,0.00,6940.29,10.36
917970,atl,67.750,-7.500,973.90,973.39,14.88,3.40,44.65,44.65,0.00,0.00,6.59
917970,atl,46.000,-56.250,988.15,986.85,17.57,4.66,62.88,62.88,0.00,88361.38,9.57
917970,pac,64.000,184.750,996.11,995.86,4.29,1.45,24.84,24.84,0.00,0.00,3.63
917970,pac,59.000,170.500,987.85,987.44,8.72,2.45,28.28,34.88,0.00,0.00,3.93
917970,pac,59.000,208.500,987.36,987.05,7.80,1.82,31.53,40.02,0.00,0.00,6.24
917976,atl,67.250,-13.000,976.52,975.79,17.52,4.59,49.23,55.45,0.00,21818.49,8.54
917976,atl,63.250,8.250,980.89,980.67,6.15,1.10,23.07,28.86,0.00,0.00,5.56
917976,atl,63.000,4.750,981.27,980.87,4.59,0.74,27.30,32.51,0.00,0.00,4.10
917976,atl,48.750,-52.250,989.66,989.06,15.25,3.56,61.71,61.71,0.00,117991.56,8.48
917976,atl,45.250,-55.500,987.68,986.43,16.56,4.54,59.49,62.72,0.00,159486.06,9.32
917976,pac,64.500,213.500,987.70,987.29,6.04,1.46,22.69,38.97,0.00,0.00,10.42
917976,pac,63.250,187.250,993.61,993.23,4.69,1.69,33.33,33.33,0.00,0.00,4.48
917976,pac,61.750,220.500,987.90,986.64,7.33,2.58,38.97,38.97,0.00,0.00,12.55
917976,pac,59.500,172.250,985.47,984.92,9.89,2.99,32.26,33.66,0.00,0.00,4.97
917976,pac,59.500,210.500,986.37,985.98,7.18,1.68,29.14,38.97,0.00,0.00,9.89
917982,atl,66.000,-14.250,980.69,979.88,15.59,3.56,49.90,56.26,0.00,35745.73,8.26
917982,atl,48.750,-52.500,988.07,987.34,14.39,3.19,61.56,61.56,0.00,138557.21,7.73
917982,atl,45.250,-53.750,985.73,985.01,15.57,3.78,50.76,59.26,0.00,61437.94,7.73
917982,pac,62.500,188.500,991.28,990.77,5.14,1.60,36.48,36.48,0.00,0.00,3.73
917982,pac,62.000,220.000,984.47,983.49,8.15,2.22,29.10,38.31,0.00,0.00,9.79
917982,pac,60.000,212.000,984.32,983.98,8.48,1.98,43.55,43.55,0.00,0.00,10.81
917982,pac,59.250,174.000,985.36,984.95,10.05,3.26,38.02,38.02,0.00,0.00,6.16
917988,atl,65.750,-6.250,988.85,988.77,5.62,0.73,33.56,44.47,0.00,0.00,6.32
917988,atl,64.000,-13.250,988.07,987.73,11.56,2.22,48.16,48.89,0.00,0.00,7.67
917988,atl,46.250,-51.750,983.50,982.60,17.29,4.06,49.99,63.72,0.00,28098.27,7.68
917988,pac,63.000,192.750,988.68,988.22,6.67,1.96,33.67,33.67,0.00,0.00,3.74
917988,pac,62.250,214.750,985.39,984.35,5.79,1.08,24.50,42.78,0.00,0.00,13.01
917988,pac,62.250,221.750,981.98,981.67,9.13,2.36,31.37,43.68,0.00,0.00,12.13
917988,pac,60.000,213.500,985.36,985.11,8.17,1.83,43.24,44.87,0.00,0.00,13.01
917988,pac,59.500,187.250,987.63,987.32,7.78,1.57,30.60,33.67,0.00,0.00,3.35
917988,pac,59.000,177.500,987.64,987.38,9.10,2.69,43.56,43.56,0.00,0.00,4.81
917994,atl,63.000,-10.250,992.60,992.34,8.61,1.70,46.73,47.41,0.00,0.00,5.12
917994,atl,52.500,-45.750,991.13,990.41,13.26,3.46,56.84,56.84,0.00,57260.99,5.91
917994,atl,47.750,-51.500,984.54,983.91,17.41,4.04,54.79,61.73,0.00,54784.19,7.34
917994,pac,63.750,233.000,984.05,983.45,8.02,1.67,31.40,41.35,0.00,0.00,7.45
917994,pac,63.000,224.500,981.99,981.35,9.44,2.46,41.35,41.35,0.00,0.00,10.73
917994,pac,60.000,193.250,985.11,984.81,10.28,2.32,35.81,35.81,0.00,0.00,4.71
917994,pac,58.500,182.000,990.04,989.82,7.24,1.83,40.62,40.62,0.00,0.00,3.79
917994,pac,55.750,165.750,994.83,994.70,5.70,1.43,30.90,34.18,0.00,0.00,6.75
918000,atl,53.500,-48.500,994.14,993.65,13.02,3.31,52.56,55.29,0.00,19168.15,5.92
918000,atl,48.000,-51.500,988.80,988.34,16.19,4.06,54.67,56.61,0.00,38165.39,6.75
918000,pac,63.500,233.750,981.97,980.99,10.83,2.47,41.43,44.08,0.00,0.00,8.09
918000,pac,61.000,196.500,982.45,981.89,12.72,3.22,37.42,37.52,0.00,0.00,5.86
918000,pac,55.250,169.250,996.87,996.79,6.13,1.45,33.54,35.43,0.00,0.00,3.92
918006,atl,48.500,-50.750,991.80,991.31,13.38,3.48,46.50,46.50,0.00,0.00,5.71
918006,pac,61.750,198.750,981.88,981.14,13.19,3.26,36.40,39.56,0.00,0.00,9.55
918012,atl,62.500,-65.250,997.79,997.40,6.61,2.04,40.50,45.83,0.00,0.00,7.27
918012,atl,49.750,-50.000,994.83,994.47,11.66,2.82,41.83,46.61,0.00,0.00,5.07
918012,pac,62.500,200.250,984.95,984.33,10.43,2.58,34.79,39.04,0.00,0.00,12.97
918012,pac,51.250,190.250,997.79,997.25,7.72,2.06,43.99,43.99,0.00,0.00,4.23
918018,atl,63.500,-62.750,999.31,999.07,6.16,2.12,40.51,43.95,0.00,0.00,6.82
918018,atl,50.750,-49.750,995.00,994.58,9.45,2.36,34.05,37.70,0.00,0.00,4.17
918018,pac,63.000,203.000,987.54,987.42,7.70,1.74,30.86,38.11,0.00,0.00,13.17
918018,pac,61.250,161.250,1000.70,1000.26,4.51,1.16,34.24,39.91,0.00,0.00,8.52
918018,pac,52.000,196.000,993.26,992.51,9.67,2.53,44.80,44.80,0.00,0.00,4.88
918024,atl,51.750,-49.250,995.83,995.55,8.64,2.15,31.18,33.51,0.00,0.00,3.10
918024,pac,64.000,209.250,988.18,987.77,5.63,1.44,29.56,36.02,0.00,0.00,10.53
918024,pac,52.500,200.000,988.81,988.01,12.62,3.44,47.92,49.73,0.00,0.00,6.27
918030,atl,56.750,-40.000,999.03,998.42,10.96,2.89,52.52,55.44,0.00,26454.78,14.86
918030,atl,52.500,-48.500,995.54,995.33,8.48,1.89,31.12,37.11,0.00,0.00,3.75
918030,pac,64.750,210.500,988.22,987.77,5.19,1.36,27.71,29.54,0.00,0.00,7.17
918030,pac,62.500,219.250,990.93,990.66,4.27,1.61,33.74,33.74,0.00,0.00,11.21
918030,pac,60.250,208.000,989.27,989.01,4.58,1.14,25.52,33.39,0.00,0.00,6.06
918030,pac,52.500,203.500,988.58,987.93,12.42,3.45,51.58,51.58,0.00,2891.63,7.00
918036,atl,66.750,-73.500,989.46,989.37,7.03,1.70,34.52,36.53,0.00,0.00,6.57
918036,atl,58.500,-39.500,1002.70,1002.24,8.92,2.56,59.95,59.95,0.00,25258.86,15.65
918036,atl,53.000,-47.500,997.32,997.09,8.66,1.73,30.93,45.04,0.00,0.00,5.06
918036,atl,47.750,-36.500,1003.82,1003.03,7.77,2.19,61.19,61.19,0.00,14766.20,5.97
918036,atl,32.250,-44.750,967.39,959.10,44.27,16.62,102.06,102.06,78578.48,199276.58,32.82
918036,pac,65.750,211.750,989.43,989.04,4.13,0.90,19.70,24.93,0.00,0.00,7.35
918036,pac,61.000,176.500,1004.46,1004.37,4.32,0.99,22.53,23.45,0.00,0.00,2.76
918036,pac,56.000,213.250,987.61,987.34,8.40,1.56,39.43,42.66,0.00,0.00,4.11
918042,atl,69.000,-73.250,989.55,989.18,5.75,1.21,28.53,34.60,0.00,0.00,5.56
918042,atl,67.750,-64.250,991.01,990.73,8.56,2.06,39.31,39.31,0.00,0.00,7.41
918042,atl,60.000,-39.000,1002.20,1001.96,7.86,2.41,56.96,56.96,0.00,12570.65,10.78
918042,atl,53.500,-33.500,998.90,998.45,10.63,3.01,54.90,54.90,0.00,13182.49,6.10
918042,atl,53.250,-46.250,998.98,998.78,7.92,1.66,29.15,46.14,0.00,0.00,4.43
918042,atl,34.500,-43.250,965.45,959.08,44.31,16.30,97.61,97.61,91160.21,197528.43,29.26
918042,pac,59.500,215.750,985.24,985.05,9.36,1.71,40.88,43.09,0.00,0.00,9.50
918042,pac,56.000,166.500,1001.62,1001.20,8.25,2.37,36.42,36.42,0.00,0.00,6.65
918048,atl,59.500,-39.500,996.74,996.55,8.48,2.13,49.78,49.78,0.00,0.00,8.84
918048,atl,58.000,-32.500,988.92,987.91,17.83,4.78,54.09,54.09,0.00,16895.07,8.84
918048,atl,53.750,-44.750,1002.29,1002.10,6.11,1.43,26.60,36.83,0.00,0.00,3.68
918048,atl,40.500,-53.250,1002.94,1001.96,8.95,2.86,39.81,39.81,0.00,0.00,6.08
918048,atl,37.000,-41.750,965.21,960.41,44.27,15.76,90.15,90.15,109205.72,232007.45,28.30
918048,pac,62.000,220.750,984.72,984.40,8.97,2.59,36.75,36.75,0.00,0.00,9.96
918048,pac,59.750,215.750,987.39,986.79,7.66,1.31,36.75,47.27,0.00,0.00,14.06
918048,pac,56.250,169.000,997.73,997.11,10.83,3.22,37.87,37.87,0.00,0.00,6.20
918048,pac,51.250,175.500,1004.73,1004.06,7.55,2.56,42.75,43.51,0.00,0.00,4.47
918054,atl,61.500,-32.250,980.50,980.10,23.35,5.71,60.24,60.24,0.00,42828.27,9.94
918054,atl,39.750,-41.000,962.61,958.93,44.53,15.31,99.32,99.32,94853.88,283519.09,21.96
918054,atl,39.500,-52.500,1001.01,1000.02,8.99,2.96,52.43,52.43,0.00,3521.32,5.84
918054,pac,65.500,223.250,986.59,986.29,6.80,1.79,29.20,31.26,0.00,0.00,10.32
918054,pac,60.500,213.500,990.52,989.87,6.27,1.85,37.56,40.04,0.00,0.00,11.36
918054,pac,56.500,170.750,994.58,994.02,13.91,4.14,47.46,47.46,0.00,0.00,8.23
918054,pac,51.750,180.500,1001.89,1001.43,7.06,1.94,38.14,38.70,0.00,0.00,4.05
918060,atl,63.500,-30.500,974.46,974.13,26.48,7.07,61.37,61.37,0.00,115308.68,10.32
918060,atl,45.250,10.000,1000.13,999.22,9.77,3.09,49.23,49.23,0.00,0.00,17.74
918060,atl,42.750,-40.750,965.41,962.51,42.57,14.22,82.18,82.18,111026.84,304988.19,19.93
918060,atl,38.250,-52.000,1002.68,1002.05,7.74,2.34,48.69,48.69,0.00,0.00,4.42
918060,pac,65.750,229.750,987.94,987.21,8.10,1.93,26.03,28.48,0.00,0.00,8.69
918060,pac,61.000,219.500,994.12,992.80,4.47,1.15,28.54,31.87,0.00,0.00,11.67
918060,pac,60.000,214.500,993.65,993.25,6.82,1.98,33.69,34.19,0.00,0.00,11.67
918060,pac,55.500,191.000,1000.21,1000.11,4.13,0.91,25.55,33.19,0.00,0.00,2.65
918060,pac,55.250,172.500,995.58,994.96,13.81,3.73,50.88,50.88,0.00,443.24,6.39
918060,pac,51.750,184.750,999.07,998.76,6.95,1.48,37.32,42.17,0.00,0.00,4.18
918066,atl,64.750,-29.250,970.29,969.71,28.02,8.11,58.57,58.57,0.00,122654.92,11.37
918066,atl,45.500,-40.750,966.76,963.90,40.61,13.36,79.07,79.07,69170.35,268605.27,17.64
918066,atl,37.000,-51.000,1003.05,1002.59,6.70,1.85,42.14,42.14,0.00,0.00,3.58
918066,pac,64.750,236.000,990.14,989.58,7.61,1.75,29.33,39.67,0.00,0.00,7.50
918066,pac,60.000,215.000,996.59,996.23,6.15,1.97,36.20,36.20,0.00,0.00,10.24
918066,pac,54.000,182.500,997.49,997.09,5.91,1.17,31.21,42.25,0.00,0.00,3.86
918066,pac,53.750,174.750,998.42,997.97,11.67,2.78,46.05,46.05,0.00,0.00,5.30
918066,pac,51.750,187.250,995.78,995.37,7.46,1.60,42.25,42.25,0.00,0.00,3.54
918072,atl,65.000,-26.750,973.27,972.60,23.98,7.22,56.91,56.91,0.00,105692.90,13.45
918072,atl,64.750,-38.500,992.58,992.05,5.97,2.43,51.13,54.90,0.00,19243.07,16.22
918072,atl,48.000,-40.250,973.75,971.25,34.43,11.06,73.31,73.31,33943.26,197744.17,14.76
918072,atl,37.750,-46.750,1004.91,1004.72,5.31,1.26,36.15,37.61,0.00,0.00,3.09
918072,atl,36.250,-49.750,1004.40,1004.04,6.61,1.73,37.61,37.61,0.00,0.00,3.09
918072,pac,61.750,224.000,997.04,995.91,5.59,2.00,31.73,38.24,0.00,0.00,10.95
918072,pac,52.000,189.750,990.80,990.16,10.56,2.52,39.21,39.21,0.00,0.00,5.05
918078,atl,65.250,-23.000,979.58,978.56,16.68,4.83,57.10,57.10,0.00,68342.28,12.54
918078,atl,63.750,-36.500,994.79,994.47,5.34,1.29,43.80,49.99,0.00,0.00,16.23
918078,atl,55.750,-75.750,995.06,994.65,11.91,2.81,37.06,37.25,0.00,0.00,4.97
918078,atl,50.500,-38.750,975.13,972.81,31.85,9.78,71.57,71.57,22038.23,167171.92,11.86
918078,atl,36.000,-48.250,1003.75,1003.50,6.48,1.60,35.23,35.23,0.00,0.00,3.07
918078,pac,52.250,192.250,986.42,985.79,13.98,3.47,41.96,41.96,0.00,0.00,6.35
918084,atl,67.000,-14.250,985.26,985.16,11.61,1.65,42.03,52.92,0.00,15219.68,8.12
918084,atl,63.500,-33.500,995.72,995.53,4.28,0.77,27.90,36.14,0.00,0.00,17.45
918084,atl,57.000,-69.500,990.38,989.80,13.77,3.16,33.04,33.04,0.00,0.00,6.81
918084,atl,53.250,-35.750,979.68,978.29,26.56,7.92,63.73,63.73,0.00,114301.98,9.79
918084,atl,36.500,-46.750,1003.50,1003.27,8.08,1.90,43.09,44.34,0.00,0.00,4.43
918084,pac,52.000,194.250,984.16,983.62,15.36,3.72,47.69,47.69,0.00,0.00,6.00
918090,atl,67.500,-10.500,986.84,986.67,10.45,1.58,30.00,46.23,0.00,0.00,6.91
918090,atl,67.250,-35.750,995.16,994.45,4.36,1.51,33.07,33.07,0.00,0.00,12.93
918090,atl,64.500,-37.250,994.94,994.81,4.30,1.13,33.07,33.07,0.00,0.00,12.97
918090,atl,58.250,-65.750,987.27,986.67,14.12,3.54,35.63,35.63,0.00,0.00,5.50
918090,atl,56.000,-31.250,984.70,984.30,18.36,5.09,56.61,56.61,0.00,66823.56,8.01
918090,atl,37.000,-45.500,1002.68,1002.47,8.34,2.01,44.48,44.48,0.00,0.00,4.18
918090,pac,51.250,197.000,983.78,983.18,14.77,3.33,48.09,48.73,0.00,0.00,6.40
918096,atl,68.750,-16.750,987.95,987.65,8.58,2.43,44.50,44.50,0.00,0.00,8.26
918096,atl,68.250,-8.250,988.51,988.35,8.80,1.53,32.31,42.14,0.00,0.00,5.90
918096,atl,64.750,-35.750,994.89,994.69,4.61,1.21,42.04,42.04,0.00,0.00,19.53
918096,atl,59.750,-23.750,984.63,984.12,14.81,3.64,52.66,54.03,0.00,67374.74,6.65
918096,atl,58.500,-61.750,986.05,985.76,15.09,3.36,38.27,38.27,0.00,0.00,7.44
918096,atl,37.500,-44.750,1004.00,1003.78,8.56,2.05,38.29,38.69,0.00,0.00,3.21
918096,pac,62.000,220.000,1003.99,1003.27,4.78,2.51,48.85,48.85,0.00,0.00,15.07
918096,pac,56.000,203.500,986.16,985.68,10.65,2.41,44.22,46.36,0.00,0.00,6.46
918096,pac,51.000,199.750,983.94,983.42,14.02,3.28,46.67,48.30,0.00,0.00,6.46
918102,atl,68.750,-32.500,995.87,995.21,4.86,2.09,24.67,45.93,0.00,0.00,21.70
918102,atl,68.250,-15.750,986.65,986.42,7.65,1.99,44.46,45.93,0.00,0.00,9.92
918102,atl,65.000,-34.500,995.74,995.44,5.09,1.12,44.73,44.73,0.00,0.00,21.70
918102,atl,62.000,-15.750,979.17,978.33,17.40,4.62,51.25,52.39,0.00,44896.02,9.81
918102,atl,59.750,-60.250,984.29,983.85,15.80,3.97,39.47,39.53,0.00,0.00,7.90
918102,atl,38.000,-44.000,1004.27,1004.10,7.59,1.68,31.81,35.28,0.00,0.00,2.76
918102,pac,56.000,203.500,985.84,985.37,10.33,2.34,43.02,50.20,0.00,395.11,7.58
918102,pac,51.250,203.000,985.48,985.13,12.39,2.89,45.01,46.66,0.00,0.00,4.76
918108,atl,69.000,-10.500,987.26,987.06,8.22,1.35,34.17,42.79,0.00,0.00,7.04
918108,atl,65.250,-33.250,999.79,999.58,4.44,0.74,30.28,36.97,0.00,0.00,16.48
918108,atl,63.250,-9.250,976.37,976.01,19.63,5.32,64.17,64.17,737.46,116171.36,10.67
918108,atl,59.500,-59.500,981.94,981.59,17.13,4.45,47.89,47.89,0.00,0.00,9.10
918108,pac,59.250,210.500,983.94,983.17,13.72,3.31,58.36,58.36,0.00,55752.21,11.04
918114,atl,64.000,-2.000,977.98,977.90,17.75,4.26,62.23,62.86,0.00,101135.57,9.80
918114,atl,59.000,-57.500,981.68,981.29,16.45,4.09,52.98,52.98,0.00,6531.86,8.30
918114,pac,62.000,210.250,983.86,982.62,12.72,2.53,48.15,60.62,0.00,12208.25,15.32
918114,pac,49.500,161.250,1003.67,1003.19,12.07,2.92,35.78,45.18,0.00,0.00,4.48
918120,atl,63.250,4.000,980.80,980.57,16.23,3.85,59.86,59.86,0.00,89648.82,8.14
918120,atl,59.000,-55.000,981.84,981.45,17.32,4.36,55.69,55.69,0.00,63943.14,9.74
918120,pac,65.000,213.000,984.08,983.69,12.58,2.95,45.87,49.45,0.00,0.00,16.40
918120,pac,57.000,212.250,991.53,991.36,9.08,1.99,41.40,43.38,0.00,0.00,10.12
918120,pac,50.500,162.750,1001.75,1001.28,11.85,3.07,35.62,38.43,0.00,0.00,4.62
918126,atl,63.750,6.750,985.21,984.83,11.06,2.50,48.96,48.96,0.00,0.00,9.98
918126,atl,59.500,-53.000,982.70,982.20,17.43,4.62,47.86,51.09,0.00,1043.47,10.36
918126,pac,65.750,216.750,988.61,988.25,7.11,1.50,28.43,40.20,0.00,0.00,15.56
918126,pac,59.500,214.500,990.58,990.26,10.50,2.51,47.73,47.73,0.00,0.00,15.56
918126,pac,50.500,164.000,1000.25,999.75,11.19,3.16,38.59,38.59,0.00,0.00,5.16
918132,atl,68.750,-49.000,993.56,993.33,8.88,2.28,38.63,38.63,0.00,0.00,19.02
918132,atl,67.000,2.750,990.22,989.86,7.99,1.71,39.28,43.97,0.00,0.00,6.69
918132,atl,61.000,-52.500,986.20,985.77,16.53,3.97,51.40,51.55,0.00,4671.53,11.86
918132,atl,55.750,-77.500,998.84,998.36,10.11,2.63,38.18,39.41,0.00,0.00,4.26
918132,pac,62.250,219.000,992.12,991.53,8.45,2.43,47.66,47.66,0.00,0.00,12.38
918132,pac,59.500,197.500,1004.06,1003.71,4.47,1.54,36.81,37.35,0.00,0.00,4.97
918132,pac,50.250,165.500,1001.60,1001.34,9.80,2.64,36.17,36.17,0.00,0.00,4.38
918138,atl,62.750,-53.250,988.80,988.37,14.99,3.78,58.97,58.97,0.00,14481.75,10.33
918138,atl,55.250,-71.500,1000.84,1000.03,8.42,2.24,37.50,37.50,0.00,0.00,3.92
918138,pac,63.000,222.500,994.30,993.70,7.76,2.48,34.89,46.43,0.00,0.00,11.94
918138,pac,49.500,167.500,1002.55,1002.33,7.74,1.72,36.24,36.24,0.00,0.00,3.69
918144,atl,68.000,-50.250,995.38,995.15,8.61,2.47,40.38,47.72,0.00,0.00,11.41
918144,atl,64.250,-53.750,991.98,991.31,13.26,3.80,48.30,48.30,0.00,0.00,11.41
918144,atl,62.000,-40.000,1004.63,1004.23,4.48,1.79,30.69,48.30,0.00,0.00,11.41
918144,atl,55.500,-66.750,1003.11,1002.57,7.59,2.11,33.43,33.43,0.00,0.00,2.98
918144,pac,50.500,175.250,1001.08,1001.00,8.81,1.60,43.67,48.61,0.00,0.00,4.71
918150,atl,65.000,-53.500,995.34,994.33,9.62,3.25,37.68,37.68,0.00,0.00,7.51
918150,atl,63.250,-38.750,1003.19,1002.98,5.55,2.02,27.74,34.16,0.00,0.00,8.68
918150,atl,55.250,-61.000,1002.97,1002.58,7.67,2.04,31.50,31.50,0.00,0.00,3.01
918150,atl,50.000,-34.000,1004.37,1004.05,6.43,1.61,27.82,38.70,0.00,0.00,3.33
918150,pac,64.750,237.250,995.18,995.11,7.12,1.30,30.82,43.70,0.00,0.00,10.29
918150,pac,52.250,179.000,1000.05,999.91,10.68,2.05,41.86,43.42,0.00,0.00,4.26
918156,atl,64.250,-38.500,1001.99,1001.68,6.52,2.16,30.05,33.75,0.00,0.00,8.61
918156,atl,55.500,-56.250,1003.25,1002.93,7.50,2.15,29.72,29.72,0.00,0.00,3.35
918156,atl,51.500,-27.500,1003.01,1002.89,7.78,1.57,31.21,33.75,0.00,0.00,3.03
918156,pac,53.500,182.250,1000.17,1000.01,11.88,2.64,45.15,45.15,0.00,0.00,5.12
918162,atl,64.750,-38.500,999.82,999.48,6.60,1.93,25.77,25.85,0.00,0.00,10.25
918162,atl,55.750,-53.500,1002.49,1002.23,6.17,1.89,28.85,30.67,0.00,0.00,3.39
918162,atl,53.750,-26.500,998.23,998.00,10.00,2.36,33.74,34.38,0.00,0.00,4.13
918162,atl,37.000,-78.500,1001.18,1001.01,10.18,2.34,43.20,43.20,0.00,0.00,8.24
918162,pac,54.500,185.750,1000.53,1000.35,12.22,2.54,46.11,46.11,0.00,0.00,5.58
918168,atl,64.750,-38.750,999.04,998.71,5.98,1.61,24.32,28.27,0.00,0.00,10.46
918168,atl,61.000,-41.250,998.83,998.66,5.79,1.68,33.67,33.67,0.00,0.00,10.46
918168,atl,55.750,-25.250,995.31,994.96,11.56,2.93,34.15,34.91,0.00,0.00,4.84
918168,atl,55.250,-52.250,1003.21,1002.90,4.39,1.42,25.48,26.14,0.00,0.00,3.20
918168,atl,54.500,-45.500,1001.64,1001.16,6.58,1.91,37.12,44.23,0.00,0.00,3.67
918168,atl,38.250,-76.250,1000.74,1000.33,10.82,2.83,40.02,42.36,0.00,0.00,6.16
918168,pac,55.000,188.250,1000.21,1000.05,13.31,2.70,48.95,49.62,0.00,0.00,6.32
918174,atl,64.000,-34.250,995.76,995.63,5.93,1.14,26.62,30.55,0.00,0.00,6.66
918174,atl,61.750,-39.750,995.31,995.20,5.92,1.40,33.90,33.90,0.00,0.00,10.15
918174,atl,61.000,-78.750,989.54,989.20,9.83,2.36,28.45,28.45,0.00,0.00,3.25
918174,atl,57.750,-24.500,993.03,992.78,11.07,2.64,39.87,39.87,0.00,0.00,4.76
918174,atl,55.000,-41.750,999.45,998.98,5.65,1.60,35.15,38.42,0.00,0.00,3.61
918174,atl,38.750,-74.250,1000.23,999.96,11.82,2.92,44.43,44.43,0.00,0.00,5.67
918174,pac,55.750,190.750,999.06,998.89,14.28,3.10,52.87,52.87,0.00,25693.49,6.65
918174,pac,49.500,187.500,1002.13,1002.01,8.20,1.62,49.60,49.60,0.00,0.00,4.40
918180,atl,64.500,-34.500,992.96,992.82,6.31,1.25,33.39,33.39,0.00,0.00,10.69
918180,atl,62.250,-39.000,992.78,992.71,6.15,1.23,29.94,36.23,0.00,0.00,8.21
918180,atl,61.000,-75.500,989.70,989.42,9.26,2.00,29.78,30.30,0.00,0.00,3.24
918180,atl,60.250,-24.250,990.62,990.33,11.38,2.98,40.00,40.09,0.00,0.00,6.61
918180,atl,53.250,-43.250,998.12,997.78,7.06,1.66,42.67,45.61,0.00,0.00,4.12
918180,atl,46.500,-51.000,1003.37,1002.62,8.48,2.49,50.16,50.16,0.00,544.04,4.53
918180,atl,39.750,-70.750,1000.48,1000.12,12.85,3.29,50.22,50.22,0.00,589.80,5.76
918180,pac,57.750,194.750,999.27,999.03,14.29,3.12,48.69,48.69,0.00,0.00,10.06
918186,atl,64.750,-33.500,989.85,989.59,6.45,1.23,33.55,49.42,0.00,0.00,11.76
918186,atl,63.500,-25.500,987.28,986.86,11.26,3.08,49.42,49.42,0.00,0.00,11.90
918186,atl,62.750,-38.000,990.12,990.06,6.18,1.00,28.08,39.89,0.00,0.00,10.99
918186,atl,61.250,-67.750,988.90,988.65,8.66,1.77,31.84,33.59,0.00,0.00,5.08
918186,atl,54.250,-39.250,994.06,993.78,8.35,2.24,49.03,49.92,0.00,0.00,5.17
918186,atl,48.000,-46.000,999.93,999.31,9.05,2.82,48.05,49.34,0.00,0.00,4.26
918186,atl,40.250,-68.750,999.77,999.11,13.33,3.69,47.70,47.70,0.00,0.00,6.88
918186,pac,59.000,197.000,998.86,998.54,14.96,3.34,47.79,47.79,0.00,0.00,6.84
918186,pac,44.250,189.500,1003.42,1003.24,7.55,1.68,34.81,38.54,0.00,0.00,3.25
918192,atl,65.750,-27.000,986.80,986.17,11.23,3.10,39.61,40.67,0.00,0.00,11.40
918192,atl,65.250,-33.000,988.92,988.51,7.69,1.20,36.80,39.61,0.00,0.00,11.40
918192,atl,61.500,-64.000,988.98,988.64,8.89,1.88,27.15,30.55,0.00,0.00,4.20
918192,atl,55.250,-35.000,991.49,991.00,9.41,2.79,45.69,45.69,0.00,0.00,4.55
918192,atl,49.500,-40.500,997.37,996.47,10.31,2.81,49.29,49.29,0.00,0.00,4.82
918192,atl,40.500,-67.000,1001.56,1001.09,11.98,3.08,49.08,49.08,0.00,0.00,6.97
918192,atl,31.250,-46.000,1003.33,1001.84,14.25,4.65,46.67,46.67,0.00,0.00,7.57
918192,pac,60.500,199.250,1000.02,999.57,13.92,3.20,40.06,40.59,0.00,0.00,14.68
918192,pac,45.000,191.000,1001.52,1001.30,9.32,2.16,39.04,42.11,0.00,0.00,3.47
918198,atl,67.000,-28.250,989.53,988.88,8.51,2.68,49.81,49.81,0.00,0.00,12.24
918198,atl,64.000,-36.000,989.39,989.22,5.94,0.91,33.13,39.96,0.00,0.00,18.58
918198,atl,62.000,-61.000,988.00,987.65,10.26,2.41,29.12,36.88,0.00,0.00,6.06
918198,atl,59.750,-29.500,989.72,989.46,6.94,1.83,35.30,40.41,0.00,0.00,3.95
918198,atl,50.750,-34.750,992.66,992.00,13.18,3.46,48.88,48.88,0.00,0.00,5.67
918198,atl,40.750,-65.250,1001.19,1000.71,12.18,3.05,48.96,48.96,0.00,0.00,6.08
918198,atl,31.750,-46.750,1002.54,1001.12,13.98,4.49,42.67,42.67,0.00,0.00,6.39
918198,pac,62.500,202.000,1000.84,1000.47,13.29,3.42,35.44,35.88,0.00,0.00,15.95
918198,pac,45.500,192.750,1000.29,1000.02,10.76,2.61,45.65,48.02,0.00,0.00,4.75
918204,atl,64.000,-35.250,992.30,992.23,4.65,0.64,28.19,38.21,0.00,0.00,15.35
918204,atl,62.500,-58.750,988.34,988.00,12.36,3.51,37.23,37.23,0.00,0.00,6.26
918204,atl,61.750,-28.250,988.17,987.85,9.24,2.62,36.21,40.08,0.00,0.00,5.11
918204,atl,52.750,-30.000,987.88,987.59,16.50,4.24,49.02,50.41,0.00,509.52,7.23
918204,atl,41.500,-62.750,1002.96,1002.56,11.60,2.81,45.52,45.52,0.00,0.00,5.93
918204,atl,32.250,-47.250,1003.64,1002.44,14.67,4.67,47.09,47.09,0.00,0.00,6.39
918204,pac,64.000,203.250,1002.64,1002.17,11.23,2.85,31.86,31.86,0.00,0.00,15.66
918204,pac,46.750,195.000,998.74,998.33,12.40,2.92,47.33,48.83,0.00,0.00,5.13
918210,atl,63.500,-27.250,987.86,987.54,10.89,3.12,36.14,36.14,0.00,0.00,7.51
918210,atl,62.750,-57.000,989.22,988.78,13.63,4.07,43.07,43.07,0.00,0.00,7.09
918210,atl,54.500,-26.000,984.72,984.45,17.85,4.20,62.58,63.59,0.00,116801.27,9.45
918210,atl,42.500,-60.250,1002.33,1002.00,11.50,2.74,44.56,44.56,0.00,0.00,5.95
918210,atl,33.000,-47.750,1003.71,1002.56,13.64,4.43,44.00,44.00,0.00,0.00,5.78
918210,pac,65.000,204.250,1003.93,1003.48,8.97,2.32,24.33,32.80,0.00,0.00,12.59
918210,pac,48.000,195.750,996.97,996.56,15.45,3.58,55.06,55.06,0.00,107271.86,5.73
918216,atl,65.000,-27.000,988.41,988.18,12.45,3.80,36.52,36.52,0.00,0.00,6.78
918216,atl,62.750,-54.250,992.18,991.97,13.20,3.80,46.57,46.57,0.00,0.00,7.16
918216,atl,59.500,-46.500,998.44,998.27,4.27,0.89,34.31,43.81,0.00,0.00,4.91
918216,atl,55.500,-23.000,982.33,982.15,20.02,4.60,68.73,68.73,12293.57,190173.97,9.58
918216,atl,43.500,-57.750,1002.79,1002.36,12.00,2.97,43.94,43.94,0.00,0.00,6.36
918216,pac,61.250,160.750,995.70,995.49,8.11,1.72,24.02,39.31,0.00,0.00,6.20
918216,pac,49.250,160.750,999.85,999.42,12.82,3.48,56.36,56.36,0.00,54603.93,6.48
918216,pac,47.750,196.250,994.85,994.26,17.44,4.20,57.95,57.95,0.00,106098.88,7.13
918222,atl,66.250,-27.000,989.82,989.37,11.80,3.59,42.16,42.16,0.00,0.00,9.43
918222,atl,62.250,-51.750,997.67,997.42,9.60,2.74,44.40,44.40,0.00,0.00,7.40
918222,atl,56.000,-19.250,981.70,981.39,19.75,3.90,67.49,67.49,14564.83,223876.77,8.64
918222,atl,44.500,-55.500,1002.53,1002.02,12.66,3.17,41.35,41.35,0.00,0.00,5.29
918222,pac,62.250,162.500,994.83,994.43,7.97,1.74,28.52,32.36,0.00,0.00,9.12
918222,pac,58.750,164.500,996.47,996.32,6.01,1.53,36.07,38.89,0.00,0.00,10.05
918222,pac,52.000,166.000,995.89,995.21,15.00,3.96,61.85,61.85,0.00,73010.77,9.33
918222,pac,47.750,197.000,994.76,994.38,17.89,4.39,56.87,56.87,0.00,156634.35,6.92
918228,atl,66.750,-26.500,993.30,992.81,9.33,2.79,36.94,36.94,0.00,0.00,9.59
918228,atl,65.750,-52.250,1004.35,1003.98,5.94,1.50,31.37,36.09,0.00,0.00,10.04
918228,atl,65.500,-49.250,1004.17,1003.98,4.48,1.40,30.70,36.64,0.00,0.00,10.04
918228,atl,57.250,-18.000,981.58,981.21,18.33,3.68,63.10,63.10,0.00,193459.97,7.88
918228,atl,45.000,-53.750,1003.96,1003.56,13.12,3.25,44.55,44.55,0.00,0.00,6.49
918228,pac,62.500,163.750,997.89,997.66,5.87,1.12,33.89,37.38,0.00,0.00,10.32
918228,pac,59.750,167.000,997.18,996.90,5.68,1.45,38.84,38.84,0.00,0.00,10.32
918228,pac,54.000,171.500,992.72,991.69,17.62,5.17,55.69,55.69,0.00,33479.66,7.99
918228,pac,48.000,198.750,994.44,994.00,16.75,4.04,53.36,53.36,0.00,64989.20,6.17
918234,atl,66.500,-26.500,995.75,995.53,5.77,1.58,30.88,35.05,0.00,0.00,9.11
918234,atl,58.250,-16.500,979.06,978.79,17.62,3.54,57.23,57.23,0.00,118968.00,7.27
918234,pac,62.750,167.750,998.43,998.05,5.61,1.06,27.71,34.55,0.00,0.00,5.01
918234,pac,61.750,236.250,1004.87,1004.09,8.38,1.54,36.23,40.94,0.00,0.00,14.90
918234,pac,55.750,176.000,994.23,993.74,15.34,4.41,49.17,49.17,0.00,0.00,6.39
918234,pac,48.500,201.000,995.69,995.33,14.21,3.27,44.28,48.76,0.00,0.00,5.36
918240,atl,59.500,-16.000,977.13,976.92,17.19,3.26,53.82,57.20,0.00,79040.61,8.71
918240,pac,63.250,168.750,1000.88,1000.49,5.00,0.91,24.31,32.80,0.00,0.00,4.35
918240,pac,56.000,180.250,996.68,996.17,14.09,3.98,44.87,44.87,0.00,0.00,5.53
918240,pac,49.500,202.750,995.27,994.83,12.98,2.91,39.22,45.80,0.00,0.00,4.88
918246,atl,60.250,-16.750,975.68,975.46,16.61,2.99,52.58,56.78,0.00,95264.52,7.33
918246,pac,64.750,171.500,1001.71,1001.55,4.62,0.96,16.40,19.65,0.00,0.00,3.71
918246,pac,56.000,183.750,999.44,998.87,11.81,3.40,39.75,39.75,0.00,0.00,4.07
918246,pac,50.250,204.750,995.42,995.14,11.36,2.60,37.88,45.56,0.00,0.00,4.64
918252,atl,61.000,-17.750,976.18,975.99,14.71,2.72,50.76,55.00,0.00,63758.38,6.89
918252,pac,55.500,186.250,1003.41,1002.95,7.88,2.45,36.61,36.61,0.00,0.00,3.57
918252,pac,52.250,205.750,992.82,992.63,10.62,1.97,39.15,43.86,0.00,0.00,4.57
918258,atl,61.250,-17.000,975.86,975.66,14.10,2.70,53.27,54.85,0.00,52660.90,6.34
918258,atl,42.750,-36.000,1003.49,1001.99,13.06,4.50,58.35,58.35,0.00,25719.68,8.26
918258,pac,59.500,163.750,992.28,992.06,7.11,1.52,34.29,52.70,0.00,1282.37,6.97
918258,pac,54.000,206.250,990.38,990.21,11.13,1.89,41.03,41.03,0.00,0.00,6.71
918264,atl,61.750,-76.000,991.50,991.05,8.35,1.55,46.12,49.80,0.00,0.00,8.85
918264,atl,61.500,-16.750,975.88,975.69,14.84,3.26,49.20,49.28,0.00,0.00,7.82
918264,atl,44.000,-33.250,1003.74,1002.56,13.06,4.02,52.12,52.12,0.00,5647.03,5.93
918264,pac,60.250,166.250,990.01,989.64,8.12,1.60,32.65,50.87,0.00,415.21,7.55
918264,pac,55.000,205.750,990.64,990.48,10.06,1.61,36.96,39.19,0.00,0.00,4.71
918270,atl,61.750,-17.750,975.40,975.26,15.85,3.51,46.52,46.52,0.00,0.00,9.44
918270,atl,44.750,-29.500,1002.03,1001.35,12.18,3.93,50.97,50.97,0.00,4470.39,5.14
918270,pac,63.250,208.750,1001.25,999.80,6.22,2.07,33.66,44.84,0.00,0.00,12.25
918270,pac,60.500,168.750,988.83,988.41,7.92,1.55,37.54,38.77,0.00,0.00,8.22
918270,pac,55.750,206.000,993.40,993.29,8.36,1.47,35.27,36.91,0.00,0.00,5.40
918276,atl,61.250,-19.750,976.88,976.67,16.16,3.44,46.38,54.51,0.00,3622.84,8.10
918276,atl,45.250,-25.000,1003.66,1003.04,10.09,3.29,45.88,45.88,0.00,0.00,5.25
918276,pac,61.000,176.000,985.83,985.61,9.26,1.95,35.53,41.32,0.00,0.00,4.18
918276,pac,56.250,206.250,994.69,994.54,6.65,1.41,33.58,33.58,0.00,0.00,4.80
918282,atl,60.500,-19.750,977.53,977.32,15.94,3.55,41.49,55.30,0.00,9941.90,7.05
918282,atl,46.000,-19.750,1003.31,1002.74,7.90,2.40,53.19,53.19,0.00,7041.22,5.45
918282,pac,61.250,178.750,983.76,983.47,10.14,2.05,35.63,44.03,0.00,0.00,5.20
918288,atl,59.500,-18.750,979.98,979.58,14.13,3.26,37.85,43.13,0.00,0.00,5.23
918288,atl,59.000,-2.750,990.29,989.84,9.22,2.21,42.33,42.33,0.00,0.00,4.87
918288,pac,59.500,188.750,983.19,983.01,7.18,1.44,33.52,39.61,0.00,0.00,3.67
918294,atl,67.750,-64.750,1004.41,1003.91,4.11,1.43,28.32,37.41,0.00,0.00,7.88
918294,atl,62.000,-3.250,982.66,981.86,14.02,3.73,53.58,53.58,0.00,4317.71,9.63
918294,atl,58.250,-18.000,981.26,980.88,13.00,2.96,46.46,46.46,0.00,0.00,5.51
918294,atl,55.750,-1.500,987.38,986.93,10.10,2.61,48.22,48.39,0.00,0.00,5.71
918294,pac,58.500,193.250,982.08,981.82,7.19,1.52,33.58,43.09,0.00,0.00,4.07
918300,atl,63.000,-7.000,973.88,972.55,20.38,6.16,56.92,56.92,0.00,11003.46,12.26
918300,atl,60.750,2.000,982.31,981.72,12.47,2.73,52.98,52.98,0.00,3648.53,11.21
918300,atl,56.750,-17.750,983.59,983.28,13.92,3.46,51.65,51.65,0.00,3406.50,7.36
918300,pac,63.000,234.500,1003.99,1003.38,4.86,1.50,22.54,28.55,0.00,0.00,8.81
918300,pac,58.250,195.500,982.09,981.82,7.31,1.69,29.65,42.26,0.00,0.00,4.17
918300,pac,54.500,204.750,983.23,983.09,7.83,1.64,37.58,41.28,0.00,0.00,4.19
918300,pac,44.500,218.750,1004.67,1003.98,4.94,1.56,37.46,37.46,0.00,0.00,3.11
918306,atl,62.000,-7.250,970.45,969.16,21.62,5.89,51.88,51.89,0.00,12523.93,11.32
918306,atl,55.500,-15.500,986.25,985.92,13.37,3.43,50.50,50.50,0.00,1359.94,7.08
918306,pac,57.500,197.000,984.18,984.06,6.36,1.44,34.55,50.63,0.00,456.95,5.32
918306,pac,54.250,207.250,980.66,980.60,9.20,1.88,35.96,41.81,0.00,0.00,3.97
918306,pac,47.500,220.750,999.93,999.24,5.24,1.68,42.45,42.45,0.00,0.00,3.70
918312,atl,62.750,-7.000,970.14,969.22,24.00,5.79,69.06,69.06,21685.84,144728.25,18.04
918312,atl,55.500,-68.000,1003.32,1002.76,6.74,2.10,34.01,34.01,0.00,0.00,6.40
918312,atl,54.750,-12.500,989.13,988.71,10.99,3.12,46.40,46.40,0.00,0.00,5.56
918312,pac,54.000,209.750,976.92,976.69,11.46,2.40,38.43,41.08,0.00,0.00,3.69
918312,pac,51.500,223.250,991.88,991.50,7.71,2.18,47.82,47.82,0.00,0.00,5.71
918318,atl,61.250,-8.250,971.56,971.26,22.86,5.54,70.08,71.34,27482.31,163845.70,10.80
918318,pac,55.500,223.250,983.40,982.59,9.99,2.93,54.29,54.60,0.00,28028.35,15.86
918318,pac,54.250,209.500,973.20,972.93,13.23,2.81,41.57,43.67,0.00,0.00,4.76
918324,atl,60.250,-7.250,975.71,975.54,20.03,4.48,63.27,66.11,2827.54,175982.80,8.55
918324,pac,54.000,211.000,971.17,970.96,14.03,2.72,50.83,50.83,0.00,7596.24,5.76
918330,atl,67.000,-66.500,997.66,997.00,7.68,1.51,37.30,44.87,0.00,0.00,7.96
918330,atl,59.250,-6.000,977.71,977.35,19.32,4.26,59.53,64.10,353.83,160726.01,8.29
918330,pac,64.000,232.750,993.29,992.34,5.02,1.30,25.85,30.61,0.00,0.00,7.80
918330,pac,63.000,191.000,991.27,991.14,4.49,0.80,24.14,28.78,0.00,0.00,2.75
918330,pac,53.500,213.250,971.04,970.79,14.45,2.74,50.97,58.21,0.00,81771.60,6.57
918336,atl,67.750,-63.500,995.32,995.07,12.29,3.70,45.53,50.60,0.00,295.73,13.18
918336,atl,58.750,-4.500,981.06,980.63,17.45,3.85,51.41,59.73,0.00,72199.59,6.94
918336,pac,62.250,209.500,980.88,980.42,6.11,1.73,21.92,37.40,0.00,0.00,9.38
918336,pac,62.000,189.500,990.93,990.88,4.91,0.87,29.69,30.35,0.00,0.00,3.19
918336,pac,62.000,221.500,982.96,982.23,4.50,1.45,32.86,37.40,0.00,0.00,6.74
918336,pac,53.500,215.750,974.06,973.84,13.32,2.30,55.81,58.39,0.00,133603.09,6.61
918342,atl,58.750,-2.000,983.73,983.46,15.34,3.17,46.02,48.39,0.00,0.00,6.63
918342,pac,62.750,222.500,982.95,982.56,5.81,1.98,20.77,37.44,0.00,0.00,8.36
918342,pac,62.250,209.000,983.17,982.60,4.51,1.28,31.33,35.94,0.00,0.00,6.04
918342,pac,54.750,216.500,978.26,978.15,9.61,1.41,43.74,54.24,0.00,14696.71,5.25
918342,pac,53.250,221.250,976.79,976.23,15.23,3.34,55.80,56.22,0.00,118989.51,6.21
918348,atl,59.000,0.000,988.13,988.01,13.23,2.79,45.41,45.41,0.00,0.00,5.34
918348,atl,58.000,-56.500,1001.99,1001.70,11.84,3.04,40.47,40.47,0.00,0.00,4.90
918348,pac,64.000,227.000,985.28,984.84,6.24,1.70,17.74,22.23,0.00,0.00,8.80
918348,pac,63.750,221.750,984.87,984.32,5.25,1.63,21.32,22.52,0.00,0.00,9.04
918348,pac,63.500,232.500,986.34,985.71,6.04,1.40,21.13,29.26,0.00,0.00,7.24
918348,pac,55.250,224.000,977.93,977.51,14.77,3.57,60.37,60.37,0.00,10424.58,11.02
918354,atl,62.000,-57.500,997.16,996.73,12.85,3.67,50.94,50.94,0.00,8662.26,7.23
918354,atl,59.250,2.000,990.47,990.28,12.71,2.88,40.91,44.67,0.00,0.00,6.67
918354,pac,64.250,229.250,987.63,986.92,4.70,1.35,16.69,28.01,0.00,0.00,6.07
918354,pac,57.250,211.500,985.60,985.48,4.88,1.12,35.35,38.24,0.00,0.00,3.83
918354,pac,56.750,224.250,982.62,981.79,10.14,2.58,40.89,45.62,0.00,0.00,9.98
918354,pac,43.750,203.750,999.40,998.16,11.85,3.65,51.68,51.68,0.00,1688.59,5.68
918360,atl,65.250,-58.500,993.25,992.57,14.16,3.95,57.92,59.91,0.00,53946.61,8.15
918360,atl,63.500,-77.500,999.34,999.21,6.26,1.48,27.09,27.12,0.00,0.00,2.57
918360,atl,59.500,3.500,993.41,993.14,11.71,2.60,35.87,39.72,0.00,0.00,5.63
918360,pac,61.500,224.250,988.03,987.73,4.02,1.06,19.27,44.50,0.00,0.00,7.21
918360,pac,60.750,236.250,989.35,988.69,4.06,1.15,42.21,42.21,0.00,0.00,9.54
918360,pac,57.500,211.500,988.20,988.08,4.61,1.10,29.93,33.23,0.00,0.00,3.32
918360,pac,44.750,209.250,987.03,984.57,19.65,6.38,59.74,59.74,0.00,71304.56,14.27
918366,atl,68.250,-60.250,991.13,990.58,14.35,3.75,50.83,50.83,0.00,588.33,10.77
918366,atl,59.250,4.250,996.20,995.86,10.38,2.23,32.66,34.54,0.00,0.00,3.79
918366,pac,62.250,224.000,991.17,991.04,4.42,1.44,18.54,30.55,0.00,0.00,7.46
918366,pac,57.250,211.500,990.85,990.64,5.00,1.29,25.02,25.99,0.00,0.00,3.65
918366,pac,50.250,163.750,968.35,968.17,27.66,6.50,68.56,68.56,15090.17,240998.70,12.63
918366,pac,46.000,213.500,972.61,969.88,30.71,10.06,86.59,86.59,13574.24,178459.38,23.27
918372,atl,58.750,5.250,1000.85,1000.70,9.05,1.97,34.89,35.69,0.00,0.00,3.52
918372,pac,57.000,211.250,993.60,993.38,4.84,1.32,23.74,25.27,0.00,0.00,2.83
918372,pac,52.250,168.750,962.61,962.18,29.40,5.54,72.97,72.97,59925.73,468208.91,13.17
918372,pac,47.750,216.750,964.32,962.57,34.37,10.48,75.58,75.58,56489.93,247416.22,17.02
918378,atl,58.750,9.500,1002.37,1002.10,7.94,1.68,34.79,34.79,0.00,0.00,3.70
918378,atl,37.000,-18.000,1003.78,1003.67,9.10,2.37,50.72,50.72,0.00,1205.33,7.08
918378,pac,56.250,210.750,995.87,995.72,4.01,1.25,27.20,32.63,0.00,0.00,4.46
918378,pac,54.500,172.750,958.87,958.42,30.08,5.54,62.91,67.12,30863.87,487932.05,10.00
918378,pac,49.000,219.000,962.18,960.64,33.71,9.49,69.10,69.10,44097.68,327894.84,12.20
918384,atl,37.750,-16.250,999.49,999.28,12.98,3.85,55.99,55.99,0.00,17606.01,8.65
918384,pac,56.000,174.750,956.38,955.83,30.05,5.94,61.70,66.18,465.06,444846.51,9.21
918384,pac,50.500,221.000,961.77,960.52,31.04,7.77,69.47,69.47,30718.93,386809.31,9.69
918390,atl,62.250,-46.250,1003.81,1003.20,6.11,1.51,34.77,39.25,0.00,0.00,9.15
918390,atl,59.500,-41.750,1003.70,1003.33,9.11,2.38,39.84,40.41,0.00,0.00,6.67
918390,atl,58.250,-77.500,1000.13,999.88,6.06,1.58,25.04,28.39,0.00,0.00,3.53
918390,atl,38.500,-14.750,996.03,995.69,14.48,4.13,60.88,60.88,0.00,31589.40,8.83
918390,pac,56.250,176.500,955.92,955.45,28.87,5.95,59.86,63.01,0.00,418254.13,8.95
918390,pac,51.750,221.750,962.71,961.72,29.57,6.92,57.22,62.16,0.00,361340.36,8.55
918396,atl,63.750,-46.250,996.28,995.61,10.89,3.12,44.99,44.99,0.00,0.00,8.84
918396,atl,61.500,-41.500,998.35,997.88,11.38,2.99,42.11,44.99,0.00,0.00,8.84
918396,atl,58.500,-77.000,1003.08,1002.86,4.14,1.27,22.36,22.36,0.00,0.00,2.44
918396,atl,55.250,-65.000,1004.73,1004.15,6.91,1.87,33.37,33.37,0.00,0.00,4.86
918396,atl,40.750,-12.500,994.84,994.33,15.44,4.00,65.70,66.41,3032.24,45082.70,7.68
918396,pac,56.750,179.000,956.75,956.29,26.67,5.23,60.39,60.39,0.00,353063.30,8.53
918396,pac,52.250,222.750,968.30,967.44,25.49,5.86,53.59,56.61,0.00,183360.65,6.93
918402,atl,64.500,-46.250,993.03,992.63,11.61,2.97,50.35,55.02,0.00,18368.27,11.74
918402,atl,42.750,-11.750,991.65,990.87,17.59,4.49,62.62,64.42,1186.11,74552.46,9.21
918402,pac,59.750,217.250,993.06,992.59,4.76,1.80,25.72,38.49,0.00,0.00,10.65
918402,pac,57.000,181.000,957.15,956.68,24.88,4.79,55.83,61.87,0.00,207038.96,8.52
918402,pac,53.750,236.750,998.01,997.53,4.24,1.96,37.19,49.00,0.00,0.00,7.99
918402,pac,52.750,224.250,973.43,972.67,22.97,5.50,52.32,52.32,0.00,17253.75,7.78
918408,atl,67.250,-47.000,994.21,993.55,10.98,3.09,49.74,49.74,0.00,0.00,16.78
918408,atl,62.000,-42.750,996.07,995.24,11.45,3.38,39.43,41.28,0.00,0.00,14.27
918408,atl,44.000,-11.000,989.24,988.82,20.28,5.48,58.64,59.31,0.00,58076.45,10.09
918408,pac,58.000,239.000,997.24,996.85,5.39,1.61,24.51,31.84,0.00,0.00,6.21
918408,pac,57.000,183.500,959.23,958.93,22.46,4.48,56.35,59.19,0.00,192892.32,7.75
918408,pac,53.000,225.000,979.85,979.08,19.11,5.01,51.15,51.15,0.00,911.17,7.99
918414,atl,62.250,-41.000,998.03,997.59,10.96,3.42,43.31,43.31,0.00,0.00,12.03
918414,atl,44.500,-11.250,986.84,986.40,22.32,5.95,58.76,58.76,0.00,113016.06,9.38
918414,pac,62.750,232.750,996.32,995.99,4.11,0.80,18.61,23.46,0.00,0.00,6.81
918414,pac,58.750,240.000,996.05,995.81,4.78,1.25,24.31,30.06,0.00,0.00,8.20
918414,pac,57.000,187.000,961.38,961.03,20.25,4.23,57.74,57.83,0.00,177051.61,7.28
918414,pac,52.500,226.500,987.29,986.78,15.42,4.14,44.43,44.43,0.00,0.00,5.62
918420,atl,62.750,-39.750,1001.93,1001.65,10.01,2.96,38.67,39.96,0.00,0.00,13.39
918420,atl,44.750,-10.250,986.74,986.02,23.01,6.43,63.58,63.58,0.00,73103.63,10.49
918420,pac,62.750,234.250,994.28,993.76,4.69,0.91,22.75,24.55,0.00,0.00,7.35
918420,pac,57.750,189.250,964.57,964.20,17.84,3.69,50.57,55.57,0.00,117778.98,6.22
918420,pac,51.500,228.750,995.74,995.23,11.05,3.28,44.11,44.11,0.00,0.00,5.84
918426,atl,63.500,-38.000,1003.64,1003.53,9.01,2.34,36.69,39.32,0.00,0.00,13.44
918426,atl,50.750,-77.750,997.86,997.50,10.58,2.38,40.92,40.92,0.00,0.00,5.91
918426,atl,45.500,-10.000,987.53,986.78,22.66,6.47,57.45,57.45,0.00,35030.06,9.48
918426,pac,58.500,191.250,966.02,965.77,16.89,3.50,50.56,53.38,0.00,19208.60,5.79
918426,pac,51.250,230.500,1003.95,1003.59,6.58,2.17,38.71,38.71,0.00,0.00,5.42
918432,atl,52.750,-73.500,999.39,999.13,10.02,2.11,28.26,44.54,0.00,0.00,6.58
918432,atl,45.500,-9.000,990.05,989.22,20.13,5.78,53.16,53.16,0.00,10519.41,8.59
918432,atl,31.250,-65.750,1003.75,1003.54,8.96,2.26,46.73,46.73,0.00,0.00,4.54
918432,pac,59.500,191.500,968.32,968.04,16.08,3.43,44.17,48.36,0.00,0.00,6.33
918432,pac,48.250,180.500,989.28,988.27,8.31,2.40,44.67,50.19,0.00,553.54,4.68
918438,atl,63.750,-35.000,1004.56,1004.48,7.75,1.36,35.29,41.68,0.00,0.00,17.04
918438,atl,55.000,-65.750,999.65,999.25,9.70,2.32,25.04,31.89,0.00,0.00,5.71
918438,atl,45.750,-8.250,990.90,990.12,18.80,5.47,53.20,53.20,0.00,9930.55,9.34
918438,atl,31.500,-66.750,1002.03,1001.71,9.64,2.53,43.44,43.80,0.00,0.00,5.00
918438,pac,60.250,191.000,970.55,970.25,15.53,3.32,41.50,43.20,0.00,0.00,4.74
918438,pac,49.000,184.250,982.17,981.38,10.71,3.15,44.70,44.70,0.00,0.00,5.36
918444,atl,64.750,-31.500,1003.98,1003.86,7.29,0.82,26.19,43.62,0.00,0.00,18.32
918444,atl,64.250,-27.250,1003.67,1003.25,5.62,1.14,26.98,38.85,0.00,0.00,10.51
918444,atl,56.500,-56.500,999.64,999.29,11.35,2.72,35.28,35.28,0.00,0.00,6.35
918444,atl,45.750,-6.750,993.34,992.54,17.17,5.14,51.69,51.69,0.00,6632.97,7.17
918444,atl,31.500,-67.000,1001.83,1001.42,9.39,2.74,46.53,46.53,0.00,0.00,5.91
918444,pac,64.250,213.250,995.31,994.34,4.59,1.44,21.14,24.72,0.00,0.00,6.40
918444,pac,60.500,190.000,973.35,973.09,15.11,3.36,45.14,45.14,0.00,0.00,5.06
918444,pac,50.000,187.000,976.67,976.24,12.39,3.57,42.81,42.81,0.00,0.00,5.20
918450,atl,65.750,-25.250,1000.59,1000.04,6.94,1.44,31.66,37.44,0.00,0.00,14.69
918450,atl,65.000,-38.250,1003.43,1003.22,7.45,3.12,44.46,44.46,0.00,0.00,16.05
918450,atl,57.250,-52.250,997.65,997.09,12.36,3.14,39.62,39.62,0.00,0.00,5.55
918450,atl,46.000,-5.000,994.92,994.06,16.40,5.01,52.25,52.25,0.00,7195.93,6.72
918450,atl,35.500,-32.500,1004.22,1003.98,9.16,1.83,38.25,45.62,0.00,0.00,4.32
918450,atl,32.500,-66.500,1001.28,1000.94,8.56,2.43,41.71,41.71,0.00,0.00,4.56
918450,pac,64.250,214.500,998.28,997.90,4.33,1.25,19.97,21.33,0.00,0.00,9.78
918450,pac,61.000,189.000,976.62,976.35,14.64,3.33,48.62,50.02,0.00,335.73,6.47
918450,pac,51.500,187.500,972.37,971.82,13.41,3.99,48.28,48.28,0.00,0.00,6.49
918456,atl,68.500,-27.250,999.12,998.78,8.62,2.25,42.99,43.75,0.00,0.00,17.14
918456,atl,67.500,-21.750,999.35,998.92,7.03,1.51,38.22,42.77,0.00,0.00,16.14
918456,atl,64.750,-36.750,1002.23,1002.03,7.67,2.61,46.07,46.07,0.00,0.00,17.14
918456,atl,57.500,-48.500,996.48,995.74,12.36,3.15,41.81,41.81,0.00,0.00,6.40
918456,atl,46.500,-3.750,995.47,994.55,17.46,5.62,47.59,47.59,0.00,0.00,7.98
918456,atl,35.250,-31.750,1004.20,1003.91,9.47,2.00,41.91,45.95,0.00,0.00,4.06
918456,atl,33.250,-65.500,999.89,999.39,9.69,2.88,40.29,40.29,0.00,0.00,3.88
918456,pac,61.250,187.500,980.67,980.42,13.70,3.33,49.71,50.18,0.00,338.76,6.87
918456,pac,51.500,188.000,970.94,970.56,13.69,3.67,51.21,51.21,0.00,3404.22,6.87
918456,pac,46.250,210.750,998.44,998.06,6.89,1.95,50.82,50.82,0.00,1627.32,4.27
918462,atl,68.750,-17.500,998.34,997.87,6.31,1.76,32.13,37.46,0.00,0.00,14.26
918462,atl,67.750,-29.000,1000.06,999.94,7.49,2.25,43.07,43.07,0.00,0.00,15.75
918462,atl,64.500,-36.750,999.59,999.38,7.19,2.24,40.98,41.12,0.00,0.00,15.75
918462,atl,59.500,-39.750,992.86,992.43,11.64,2.63,45.80,45.80,0.00,0.00,10.16
918462,atl,46.750,-2.500,997.46,996.42,15.89,5.08,44.73,44.73,0.00,0.00,7.91
918462,atl,43.500,-60.500,1002.55,1001.82,9.60,2.81,42.51,42.51,0.00,0.00,6.38
918462,atl,34.750,-64.000,997.60,997.17,9.95,2.80,40.88,40.88,0.00,0.00,4.06
918462,atl,34.750,-32.000,1002.91,1002.67,8.90,1.86,37.19,42.84,0.00,0.00,3.51
918462,pac,61.250,185.500,984.69,984.41,12.43,3.02,46.46,47.33,0.00,0.00,7.77
918462,pac,59.000,239.250,1002.51,1002.32,7.02,1.55,25.43,38.91,0.00,0.00,7.21
918462,pac,51.250,189.000,970.23,969.69,13.78,3.36,49.16,49.16,0.00,0.00,5.81
918462,pac,50.250,217.000,999.90,999.69,8.19,2.07,47.04,47.04,0.00,0.00,4.37
918468,atl,60.250,-36.250,987.73,987.32,14.64,3.07,41.70,44.22,0.00,0.00,10.82
918468,atl,47.500,-1.500,1000.90,999.85,13.84,4.32,39.75,39.75,0.00,0.00,6.07
918468,atl,44.000,-60.500,1002.02,1001.51,10.16,2.53,43.48,43.48,0.00,0.00,5.80
918468,atl,37.000,-62.500,992.67,991.82,13.17,3.69,49.84,49.84,0.00,0.00,6.05
918468,atl,34.000,-32.000,1003.55,1003.38,8.74,1.82,35.31,42.57,0.00,0.00,3.62
918468,pac,60.500,183.500,989.39,989.11,9.71,2.37,46.14,46.14,0.00,0.00,6.83
918468,pac,51.750,222.500,1001.11,1000.74,10.06,2.59,42.14,42.14,0.00,0.00,3.86
918468,pac,51.000,189.000,970.83,970.55,14.00,3.25,44.01,46.40,0.00,0.00,4.86
918468,pac,49.250,198.250,979.45,978.68,8.08,2.47,47.52,47.52,0.00,0.00,4.95
918474,atl,61.250,-32.750,982.06,981.77,17.27,3.53,47.75,47.94,0.00,0.00,7.03
918474,atl,48.250,-1.250,1003.03,1002.04,12.81,3.77,35.19,35.19,0.00,0.00,5.15
918474,atl,39.750,-61.000,983.09,979.63,20.42,5.93,57.76,57.76,0.00,30261.30,14.57
918474,atl,33.250,-32.250,1002.28,1002.05,7.91,1.72,32.69,39.36,0.00,0.00,3.02
918474,pac,52.000,199.250,976.04,975.19,11.29,3.61,44.66,44.66,0.00,0.00,6.00
918474,pac,50.250,189.500,971.30,971.06,14.16,3.13,42.47,46.65,0.00,0.00,5.19
918480,atl,62.250,-44.000,1001.78,1000.57,4.46,2.56,43.85,46.96,0.00,0.00,12.62
918480,atl,61.750,-30.250,981.79,981.60,16.48,3.32,49.38,49.64,0.00,0.00,6.62
918480,atl,49.000,-1.500,1003.93,1003.30,12.30,3.45,34.45,34.77,0.00,0.00,4.74
918480,atl,42.750,-62.000,980.86,979.02,24.12,6.03,54.90,54.90,0.00,43085.75,9.65
918480,atl,33.000,-33.000,1003.59,1003.41,7.73,1.76,34.99,37.65,0.00,0.00,2.67
918480,pac,54.000,199.750,977.77,977.20,11.84,3.34,51.97,51.97,0.00,6927.37,6.13
918480,pac,49.500,190.750,973.85,973.67,13.20,2.94,47.52,47.52,0.00,0.00,4.78
918480,pac,37.750,201.000,998.90,998.68,5.12,1.48,52.16,52.16,0.00,2492.77,3.95
918486,atl,64.750,-26.500,983.17,982.85,16.02,3.95,50.75,50.75,0.00,2542.19,16.93
918486,atl,60.000,-27.500,983.69,983.48,14.09,3.52,52.56,52.56,0.00,25191.05,7.52
918486,atl,49.500,-1.500,1003.89,1003.41,11.56,3.26,33.03,36.04,0.00,0.00,5.24
918486,atl,43.250,-64.750,976.58,974.44,26.43,7.42,64.49,64.49,2265.26,106654.63,10.23
918486,atl,32.000,-33.750,1002.44,1002.32,6.89,1.47,32.30,34.32,0.00,0.00,2.36
918486,pac,57.000,199.250,980.07,979.82,13.67,3.26,48.69,54.89,0.00,2356.16,8.58
918486,pac,49.500,192.500,976.20,975.98,12.68,2.93,47.72,47.72,0.00,0.00,4.60
918492,atl,64.750,-26.250,986.11,985.84,13.96,3.51,54.61,54.61,0.00,38439.82,15.66
918492,atl,61.000,-42.500,1003.86,1003.60,5.00,2.32,49.35,49.35,0.00,0.00,15.91
918492,atl,60.750,-25.250,986.04,985.80,12.45,2.77,46.36,50.36,0.00,326.59,7.21
918492,atl,42.500,-64.500,977.65,975.77,22.93,6.56,58.68,58.68,0.00,61783.29,10.23
918492,atl,31.250,-33.750,1004.25,1004.13,6.66,1.46,31.90,33.53,0.00,0.00,2.03
918492,pac,57.500,196.500,982.23,981.80,12.32,2.92,36.32,40.95,0.00,0.00,7.60
918492,pac,50.000,193.500,978.28,978.05,12.49,3.04,41.75,44.91,0.00,0.00,4.99
918498,atl,61.250,-22.500,986.87,986.55,12.13,2.62,44.95,51.23,0.00,1983.92,7.57
918498,atl,43.500,-63.750,979.70,978.23,19.57,5.49,49.77,49.77,0.00,0.00,7.00
918498,atl,31.000,-33.750,1002.87,1002.73,6.41,1.39,29.09,29.09,0.00,0.00,2.06
918498,pac,57.500,195.250,983.72,983.31,11.80,3.03,36.64,36.64,0.00,0.00,4.94
918498,pac,52.500,210.000,997.15,996.98,4.79,1.04,36.07,47.45,0.00,0.00,4.75
918498,pac,50.500,194.500,981.67,981.49,11.55,2.88,34.77,40.59,0.00,0.00,4.23
918504,atl,62.250,-21.000,988.18,987.80,12.37,2.49,45.07,49.94,0.00,0.00,7.06
918504,atl,53.750,-14.250,995.98,995.88,9.00,2.11,43.57,43.57,0.00,0.00,4.08
918504,atl,53.500,-1.250,1004.58,1004.22,6.23,1.90,31.22,34.02,0.00,0.00,3.52
918504,atl,44.500,-63.250,983.86,982.73,16.97,4.77,43.16,43.16,0.00,0.00,6.04
918504,pac,58.000,194.750,987.14,986.76,10.34,2.71,35.56,35.56,0.00,0.00,3.73
918504,pac,57.750,215.500,994.58,994.39,11.21,2.39,43.00,47.31,0.00,0.00,14.65
918504,pac,51.500,196.250,987.09,986.98,8.94,2.06,34.19,35.34,0.00,0.00,3.28
918510,atl,63.250,-20.250,987.72,987.32,13.23,2.35,48.46,54.60,0.00,30423.03,6.73
918510,atl,55.500,-2.000,1001.69,1001.44,5.65,1.52,35.93,44.71,0.00,0.00,4.70
918510,atl,52.750,-11.000,994.11,993.69,10.70,2.50,47.15,47.15,0.00,0.00,5.32
918510,atl,45.750,-63.000,985.86,985.00,15.27,4.12,37.18,37.18,0.00,0.00,5.71
918510,pac,59.750,215.250,991.92,990.87,13.48,3.86,49.24,49.87,0.00,0.00,9.81
918510,pac,58.000,194.000,989.65,989.25,10.53,2.82,37.55,37.55,0.00,0.00,4.26
918510,pac,53.500,198.250,991.44,991.34,7.53,1.53,35.86,36.51,0.00,0.00,3.14
918516,atl,64.000,-21.750,988.48,988.36,13.90,2.78,55.45,57.84,0.00,67472.66,6.78
918516,atl,57.500,-3.250,999.68,999.29,5.63,1.65,43.77,48.82,0.00,0.00,4.54
918516,atl,51.500,-9.250,995.70,995.43,10.48,2.57,51.65,51.65,0.00,5425.09,5.56
918516,atl,47.000,-62.750,989.28,988.49,13.69,3.64,35.25,35.25,0.00,0.00,5.41
918516,pac,62.000,223.250,996.47,995.28,13.74,3.64,52.53,52.53,0.00,1150.38,12.51
918516,pac,57.500,194.000,994.14,993.85,9.52,2.38,38.95,38.95,0.00,0.00,4.33
918516,pac,55.000,200.000,995.63,995.50,7.64,1.55,36.11,36.51,0.00,0.00,4.04
918516,pac,39.750,195.000,1002.34,1002.16,6.17,1.42,40.04,40.04,0.00,0.00,2.14
918522,atl,64.250,-77.750,995.66,995.46,12.11,2.67,38.62,39.15,0.00,0.00,5.02
918522,atl,63.750,-21.250,989.12,988.93,13.40,2.70,56.06,58.64,0.00,73119.53,7.32
918522,atl,59.750,-4.750,997.91,997.73,4.89,1.32,50.32,50.32,0.00,1513.30,4.63
918522,atl,50.500,-6.500,995.91,995.58,10.15,2.66,47.21,47.21,0.00,0.00,5.41
918522,atl,47.750,-62.500,991.74,991.15,11.15,3.10,33.68,33.68,0.00,0.00,4.73
918522,pac,61.500,236.000,1000.93,999.54,10.95,2.16,48.85,48.85,0.00,0.00,10.84
918522,pac,58.000,200.750,999.95,999.67,7.49,1.44,32.44,34.09,0.00,0.00,6.40
918522,pac,56.750,195.000,999.48,999.15,8.84,2.15,39.15,39.15,0.00,0.00,4.43
918522,pac,41.500,196.500,1001.87,1001.56,8.58,2.23,40.69,40.69,0.00,0.00,3.40
918528,atl,64.250,-77.000,993.15,992.91,11.98,2.55,35.88,36.34,0.00,0.00,4.97
918528,atl,63.000,-20.250,990.89,990.72,12.05,2.38,50.22,61.90,0.00,49937.37,7.44
918528,atl,56.000,-7.000,996.77,996.57,4.06,1.00,29.28,34.95,0.00,0.00,2.87
918528,atl,50.250,-3.000,993.95,993.00,11.22,3.17,39.93,42.18,0.00,0.00,4.93
918528,atl,48.500,-61.500,995.98,995.46,8.75,2.43,29.76,29.76,0.00,0.00,3.47
918528,atl,35.000,-79.000,1000.69,1000.51,4.30,0.99,29.35,31.40,0.00,0.00,4.92
918528,pac,43.000,196.250,1003.00,1002.36,9.85,2.50,49.50,49.50,0.00,0.00,5.92
918534,atl,68.000,-64.750,1002.32,1001.99,4.41,1.65,39.88,40.09,0.00,0.00,8.40
918534,atl,64.750,-75.750,989.25,989.04,13.54,3.17,36.87,39.01,0.00,0.00,6.75
918534,atl,62.500,-18.500,992.48,992.35,10.29,1.90,47.19,57.90,0.00,30964.82,7.36
918534,atl,56.500,-2.000,995.00,994.87,6.02,1.07,38.51,45.25,0.00,0.00,3.57
918534,atl,56.250,-6.750,994.09,993.93,5.20,1.10,27.25,35.80,0.00,0.00,3.54
918534,atl,51.000,-0.500,991.65,990.98,11.38,3.31,43.85,43.85,0.00,0.00,5.21
918534,atl,49.000,-60.750,997.97,997.58,6.83,1.96,26.49,26.49,0.00,0.00,2.84
918534,atl,37.000,-75.750,999.60,999.51,4.49,1.09,32.62,37.83,0.00,0.00,3.48
918540,atl,66.500,-75.500,986.83,986.42,14.24,3.36,39.72,40.98,0.00,0.00,8.41
918540,atl,60.250,-15.500,996.34,996.21,6.12,1.19,40.31,44.70,0.00,0.00,4.49
918540,atl,58.500,-4.500,993.31,993.09,7.63,1.65,38.79,44.60,0.00,0.00,4.21
918540,atl,54.250,-55.000,1002.12,1002.04,4.37,0.84,17.49,30.29,0.00,0.00,2.57
918540,atl,53.000,0.750,990.87,990.28,10.60,2.98,44.89,44.89,0.00,0.00,5.06
918540,atl,49.500,-59.500,1001.10,1000.79,4.88,1.39,22.64,22.64,0.00,0.00,2.24
918540,atl,38.000,-73.750,998.82,998.66,5.14,1.28,31.83,36.37,0.00,0.00,2.27
918540,pac,60.250,167.750,986.15,985.82,7.17,1.97,40.83,50.41,0.00,775.69,5.77
918546,atl,68.500,-78.250,984.96,984.48,15.78,3.78,39.97,39.97,0.00,0.00,7.84
918546,atl,60.000,-8.500,993.35,993.13,8.87,2.09,37.74,41.92,0.00,0.00,3.90
918546,atl,56.250,-55.250,1001.21,1001.16,5.20,1.04,26.24,44.43,0.00,0.00,3.91
918546,atl,55.000,0.000,990.03,989.49,10.57,2.82,40.28,46.48,0.00,0.00,4.52
918546,atl,39.000,-72.250,998.00,997.79,5.46,1.40,31.37,40.28,0.00,0.00,3.27
918546,pac,63.750,170.000,983.75,983.52,6.00,1.32,34.00,42.68,0.00,0.00,5.94
918552,atl,60.000,-11.500,996.06,995.75,9.02,2.00,31.41,38.83,0.00,0.00,4.37
918552,atl,56.250,-2.000,989.61,988.84,11.34,3.15,39.39,40.59,0.00,0.00,4.57
918552,atl,55.000,-50.750,1002.26,1002.12,7.17,1.36,28.63,49.07,0.00,0.00,4.27
918552,atl,51.750,1.500,994.35,994.18,5.76,1.31,27.31,30.59,0.00,0.00,4.02
918552,atl,40.000,-71.000,999.26,999.08,5.13,1.35,26.82,36.52,0.00,0.00,3.36
918552,pac,65.500,171.250,982.65,982.47,5.47,1.02,28.52,40.13,0.00,0.00,6.24
918558,atl,59.750,-14.000,999.06,998.65,8.39,1.73,36.99,42.37,0.00,0.00,4.81
918558,atl,56.750,-5.000,992.19,991.98,9.23,2.43,40.94,40.94,0.00,0.00,4.24
918558,atl,55.500,-48.750,1002.16,1001.91,10.89,2.31,48.03,57.71,0.00,26916.31,5.23
918558,atl,53.000,2.000,992.38,992.08,7.24,1.76,30.36,33.77,0.00,0.00,3.29
918558,atl,41.000,-70.000,1001.20,1001.12,4.27,1.04,24.80,28.29,0.00,0.00,3.09
918564,atl,57.000,-8.000,995.05,994.61,9.21,2.50,35.97,35.97,0.00,0.00,3.94
918564,atl,53.500,1.000,991.78,991.14,8.37,2.02,28.22,36.97,0.00,0.00,3.17
918570,atl,56.250,-10.750,997.81,997.44,8.83,2.28,38.06,38.06,0.00,0.00,3.62
918570,atl,53.500,0.500,992.43,991.69,8.50,2.05,23.25,34.16,0.00,0.00,3.57
918570,pac,44.750,164.250,1004.45,1003.98,7.92,1.82,45.34,53.38,0.00,5197.69,5.82
918576,atl,54.500,-12.250,1001.42,1001.22,6.43,1.48,34.41,35.64,0.00,0.00,3.60
918576,atl,53.250,0.000,993.14,992.71,7.98,1.82,24.21,34.97,0.00,0.00,3.77
918576,pac,51.000,239.250,1003.62,1003.34,5.79,1.49,26.48,27.72,0.00,0.00,6.99
918576,pac,47.000,172.500,1001.94,1001.21,11.31,3.22,39.83,52.76,0.00,3902.86,4.86
918576,pac,31.250,187.000,994.37,994.19,11.87,2.31,52.74,52.74,0.00,15891.44,5.05
918582,atl,54.500,6.250,995.26,995.17,5.91,1.10,23.53,33.53,0.00,0.00,3.74
918582,atl,52.750,-0.750,994.14,993.95,6.22,1.17,25.76,33.40,0.00,0.00,3.69
918582,pac,49.750,179.000,1002.10,1001.60,11.94,2.95,43.89,45.66,0.00,0.00,6.19
918582,pac,32.000,185.000,996.05,995.80,11.52,2.18,48.05,50.19,0.00,1294.36,4.02
918588,atl,55.750,4.750,994.39,994.24,7.85,1.78,33.90,33.90,0.00,0.00,5.87
918588,pac,60.000,164.750,989.70,989.53,10.64,1.92,38.38,48.58,0.00,0.00,10.74
918588,pac,51.250,180.750,997.64,997.04,15.44,4.16,43.76,43.76,0.00,0.00,6.51
918588,pac,32.250,183.500,997.27,996.96,11.52,2.49,40.27,45.53,0.00,0.00,3.57
918594,atl,55.250,2.000,994.08,993.82,8.42,1.97,32.52,32.52,0.00,0.00,3.94
918594,atl,44.750,8.250,1000.32,999.73,4.82,1.85,40.93,40.93,0.00,0.00,12.52
918594,pac,61.750,166.500,988.43,988.10,12.46,3.01,34.58,41.13,0.00,0.00,12.72
918594,pac,53.000,184.000,996.29,996.03,16.49,4.26,45.19,45.19,0.00,0.00,6.71
918594,pac,32.250,182.750,999.43,999.07,10.04,2.46,37.60,38.80,0.00,0.00,3.41
918600,atl,54.750,1.000,994.37,994.18,8.70,2.09,30.86,31.52,0.00,0.00,3.98
918600,atl,48.750,-27.250,1004.45,1004.04,9.48,2.65,46.18,46.18,0.00,0.00,5.85
918600,pac,63.750,171.250,992.77,992.38,9.79,2.51,33.50,33.50,0.00,0.00,7.22
918600,pac,62.500,167.750,992.98,992.60,8.15,1.80,29.93,39.03,0.00,0.00,8.41
918600,pac,56.500,164.250,991.70,991.43,7.40,1.40,26.99,38.30,0.00,0.00,6.58
918600,pac,55.250,186.750,994.65,994.38,16.36,4.21,41.14,43.42,0.00,0.00,6.09
918600,pac,50.000,234.000,999.52,999.00,5.31,1.67,24.91,29.15,0.00,0.00,7.24
918600,pac,33.000,182.250,1002.78,1002.50,8.45,2.06,39.09,39.09,0.00,0.00,3.32
918606,atl,54.000,0.750,995.11,994.86,7.83,1.96,29.00,29.78,0.00,0.00,3.56
918606,atl,48.000,-29.000,1003.37,1003.09,9.61,2.60,48.86,48.86,0.00,0.00,6.02
918606,atl,36.500,-24.500,1001.45,1000.57,6.02,1.64,38.46,38.46,0.00,0.00,5.17
918606,atl,35.250,-39.000,1004.33,1004.10,5.27,1.36,27.59,30.15,0.00,0.00,1.92
918606,pac,58.250,168.750,987.18,986.66,11.11,2.55,38.42,40.19,0.00,0.00,6.29
918606,pac,57.500,165.750,987.50,987.32,10.54,1.86,33.88,40.19,0.00,0.00,8.58
918606,pac,56.500,190.250,996.03,995.88,14.04,3.32,40.05,43.53,0.00,0.00,5.82
918606,pac,49.500,232.750,997.02,996.79,6.02,1.38,22.26,29.25,0.00,0.00,8.46
918606,pac,45.250,233.500,996.40,995.94,5.15,1.39,30.11,34.53,0.00,0.00,4.34
918612,atl,64.000,-13.500,1004.44,1004.16,8.55,2.14,34.70,39.36,0.00,0.00,6.68
918612,atl,53.250,1.750,998.25,998.06,5.15,1.25,25.01,27.30,0.00,0.00,2.79
918612,atl,47.500,-80.000,990.44,990.20,8.69,1.83,46.62,49.46,0.00,0.00,4.88
918612,atl,41.750,-24.000,1000.50,1000.31,5.26,1.24,35.82,36.09,0.00,0.00,4.60
918612,atl,37.250,-22.750,998.68,997.55,7.72,2.15,44.21,44.21,0.00,0.00,4.60
918612,atl,34.750,-37.750,1004.82,1004.65,5.03,1.25,26.94,30.62,0.00,0.00,2.01
918612,pac,59.500,167.500,981.86,980.89,16.70,3.99,37.46,44.56,0.00,0.00,10.30
918612,pac,57.000,194.750,999.32,999.12,9.97,2.15,40.26,41.86,0.00,0.00,7.24
918612,pac,45.750,235.250,988.06,987.17,10.75,2.85,50.76,50.76,0.00,558.22,6.77
918612,pac,39.250,164.750,1001.61,1000.84,6.41,1.71,41.41,46.35,0.00,0.00,4.42
918618,atl,64.250,-11.250,998.41,997.79,12.48,3.45,54.73,54.73,0.00,1336.82,13.85
918618,atl,48.250,-78.000,994.01,993.86,6.91,1.38,27.83,46.60,0.00,0.00,4.44
918618,atl,42.250,-22.750,997.02,996.65,6.69,1.73,35.92,40.01,0.00,0.00,3.96
918618,atl,37.750,-21.250,995.05,994.39,8.54,2.39,43.17,46.02,0.00,0.00,4.05
918618,atl,34.250,-36.500,1002.82,1002.67,4.64,1.11,28.85,29.06,0.00,0.00,1.79
918618,pac,59.250,168.500,980.18,979.39,16.39,4.09,47.35,47.35,0.00,0.00,11.62
918618,pac,57.250,197.250,1003.29,1003.09,5.65,1.35,28.83,34.28,0.00,0.00,4.13
918618,pac,55.000,204.500,1003.30,1002.98,5.85,1.47,33.40,33.86,0.00,0.00,2.93
918618,pac,47.500,236.000,986.67,985.62,11.41,2.83,32.23,40.49,0.00,0.00,8.72
918618,pac,41.750,169.750,997.34,996.44,7.53,2.07,45.81,52.09,0.00,5930.52,4.02
918624,atl,63.750,-10.500,994.12,993.59,15.16,4.21,67.43,67.43,5374.54,63705.51,15.08
918624,atl,42.500,-22.250,995.62,995.21,8.31,2.32,35.10,39.96,0.00,0.00,4.82
918624,atl,38.000,-18.750,995.12,994.87,8.65,2.37,42.08,43.86,0.00,0.00,4.33
918624,atl,34.000,-34.750,1002.69,1002.51,4.58,1.05,30.34,30.37,0.00,0.00,1.80
918624,pac,59.750,170.000,981.54,980.96,13.57,3.56,42.04,42.04,0.00,0.00,9.15
918624,pac,51.750,212.250,1002.28,1002.07,5.23,1.37,38.70,38.70,0.00,0.00,2.87
918624,pac,49.500,174.250,989.99,989.92,6.82,1.54,36.09,38.75,0.00,0.00,4.32
918624,pac,48.500,237.000,988.54,987.95,8.88,1.78,33.80,35.28,0.00,0.00,10.11
918630,atl,63.000,-10.250,990.04,989.38,16.94,4.62,71.12,71.12,19196.44,134467.14,17.02
918630,atl,42.250,-22.250,994.87,994.61,7.26,1.97,39.85,45.39,0.00,0.00,4.26
918630,atl,39.250,-16.000,992.48,991.86,10.58,3.12,43.84,43.84,0.00,0.00,5.15
918630,pac,60.500,171.000,981.61,981.22,11.37,2.84,40.85,41.48,0.00,0.00,6.76
918630,pac,52.000,178.750,982.82,982.67,10.22,2.01,40.39,44.40,0.00,0.00,5.94
918630,pac,51.500,232.250,990.96,990.56,7.74,1.89,30.72,31.71,0.00,0.00,7.40
918630,pac,49.250,236.500,991.00,990.58,7.24,1.28,31.71,34.13,0.00,0.00,8.16
918630,pac,48.750,218.000,1000.31,1000.09,5.98,1.54,40.51,40.52,0.00,0.00,3.21
918636,atl,62.750,-10.750,989.59,989.14,17.05,4.52,73.32,73.32,24491.52,135969.32,19.76
918636,atl,42.500,-22.750,996.63,996.41,7.22,1.86,39.33,51.88,0.00,3295.22,4.53
918636,atl,39.750,-14.000,994.46,993.88,10.20,2.95,49.32,49.32,0.00,0.00,4.82
918636,pac,60.250,171.750,980.95,980.67,7.59,1.73,37.70,38.96,0.00,0.00,5.78
918636,pac,56.750,182.000,972.64,972.56,14.79,2.80,44.04,45.94,0.00,0.00,5.75
918636,pac,51.750,231.500,992.56,992.36,6.67,1.42,27.80,28.29,0.00,0.00,6.92
918636,pac,50.500,237.500,993.48,992.95,6.46,0.93,27.14,36.13,0.00,0.00,18.33
918636,pac,46.250,222.500,996.24,995.93,7.22,1.79,41.61,43.13,0.00,0.00,3.09
918642,atl,62.000,-13.000,989.33,988.85,17.63,4.78,73.84,73.84,16621.42,136279.46,22.48
918642,atl,59.000,-69.250,1002.82,1002.62,5.00,1.20,23.74,28.19,0.00,0.00,4.02
918642,atl,42.500,-23.250,996.44,996.25,6.29,1.51,40.44,48.17,0.00,0.00,4.18
918642,atl,40.750,-11.250,995.32,994.87,9.10,2.71,41.76,41.76,0.00,0.00,4.96
918642,atl,37.750,-25.000,995.85,995.74,4.01,0.83,32.02,35.28,0.00,0.00,2.39
918642,pac,60.750,183.250,958.66,958.30,23.89,5.31,49.85,51.91,0.00,2920.18,8.97
918642,pac,51.750,231.000,995.51,995.34,6.21,1.30,34.80,36.05,0.00,0.00,7.77
918642,pac,50.750,237.250,996.56,995.65,5.20,1.00,26.51,37.60,0.00,0.00,10.34
918642,pac,44.250,226.500,993.51,992.98,9.19,2.30,40.50,42.74,0.00,0.00,3.15
918648,atl,60.750,-15.250,989.52,988.88,16.82,4.52,69.31,69.31,15906.20,142133.15,18.26
918648,atl,57.500,-11.000,994.81,994.68,4.90,0.74,33.71,51.49,0.00,1147.45,7.59
918648,atl,42.000,-9.250,998.94,998.18,6.02,1.89,33.92,33.92,0.00,0.00,7.44
918648,atl,39.000,-22.000,994.59,994.37,6.07,1.13,33.05,40.47,0.00,0.00,3.42
918648,pac,63.250,182.500,946.07,945.27,32.26,7.73,55.64,61.24,0.00,144413.98,10.92
918648,pac,50.250,239.750,999.21,998.60,4.31,0.85,19.97,29.41,0.00,0.00,13.88
918648,pac,43.750,229.750,987.96,987.18,12.40,3.11,45.83,45.83,0.00,0.00,6.16
918654,atl,59.250,-17.750,987.82,987.30,16.43,4.49,57.70,63.37,0.00,162274.52,7.94
918654,atl,58.000,-7.500,992.66,992.51,6.11,1.32,33.30,34.70,0.00,0.00,4.37
918654,atl,56.250,-12.000,992.11,991.93,5.10,0.84,26.72,39.19,0.00,0.00,5.10
918654,atl,40.750,-19.000,989.39,988.53,9.80,2.32,35.22,44.75,0.00,0.00,4.16
918654,pac,64.500,183.250,942.39,941.30,32.89,7.99,59.35,59.35,0.00,176278.49,11.65
918654,pac,44.250,232.250,983.45,983.06,15.20,3.68,56.87,56.87,0.00,10133.06,8.54
918660,atl,57.750,-7.250,990.53,990.22,8.99,1.98,37.45,37.45,0.00,0.00,4.90
918660,atl,57.500,-19.500,986.85,986.30,15.38,4.24,54.70,54.70,0.00,41586.72,6.46
918660,atl,57.500,-11.500,991.12,991.03,6.18,0.73,33.52,40.07,0.00,0.00,4.99
918660,atl,41.750,-18.500,988.09,986.56,11.08,2.90,43.15,44.76,0.00,0.00,6.07
918660,pac,45.500,233.500,979.13,978.36,17.09,3.86,52.07,53.78,0.00,7328.88,10.33
918666,atl,59.500,-10.500,987.96,987.16,12.29,2.71,42.68,55.50,0.00,19306.87,5.43
918666,atl,55.750,-20.000,985.88,985.45,13.48,3.81,48.13,48.88,0.00,0.00,5.94
918666,atl,44.000,-12.000,988.97,988.21,8.31,2.04,39.35,60.86,0.00,7392.75,6.94
918666,atl,42.250,-17.750,985.71,983.54,12.01,3.50,61.13,61.13,0.00,11401.34,7.81
918666,pac,58.750,211.000,1004.51,1003.73,7.43,3.04,37.05,37.05,0.00,0.00,12.70
918666,pac,46.250,232.500,978.90,978.09,19.29,4.88,58.79,58.79,0.00,94494.19,9.92
918672,atl,59.250,-14.750,985.29,984.12,14.20,3.73,51.76,54.64,0.00,51851.75,5.85
918672,atl,55.000,-20.000,985.64,985.25,11.96,3.23,39.39,53.94,0.00,13533.24,5.66
918672,atl,46.500,-8.000,988.97,988.48,8.61,2.18,45.24,48.86,0.00,0.00,6.22
918672,atl,42.250,-16.500,986.74,985.49,12.69,3.60,53.15,53.15,0.00,2846.43,8.48
918672,pac,59.250,213.750,1002.31,1001.23,9.45,3.64,39.04,39.04,0.00,0.00,9.84
918672,pac,45.250,232.000,983.72,983.12,15.67,4.37,60.24,60.24,0.00,127654.21,7.02
918672,pac,44.500,238.500,991.63,990.62,4.64,1.44,29.10,34.66,0.00,0.00,9.41
918678,atl,61.750,-10.250,992.42,992.00,10.40,2.15,53.42,54.52,0.00,29074.03,14.72
918678,atl,58.750,-17.500,985.72,984.84,11.94,3.09,51.19,54.52,0.00,28837.20,5.54
918678,atl,54.250,-20.000,984.58,984.37,10.38,2.34,33.71,50.59,0.00,905.71,4.98
918678,atl,49.500,-4.000,988.47,988.16,8.08,1.80,45.62,45.62,0.00,0.00,4.03
918678,atl,42.250,-13.750,987.46,986.81,12.53,3.47,50.83,51.35,0.00,2844.12,6.16
918678,pac,62.750,234.250,1002.95,1001.36,7.05,2.18,22.52,26.72,0.00,0.00,14.62
918678,pac,58.500,216.750,1003.15,1002.32,9.08,3.17,44.68,44.68,0.00,0.00,6.23
918678,pac,42.750,231.500,990.08,989.36,13.41,3.90,61.08,61.08,0.00,107901.71,6.36
918684,atl,62.000,-13.250,992.12,991.68,10.59,2.60,52.82,52.82,0.00,10464.63,12.56
918684,atl,53.750,-19.750,982.75,982.58,11.57,2.46,39.55,51.26,0.00,1652.29,4.87
918684,atl,51.750,-1.750,988.92,988.82,6.67,1.19,35.03,35.31,0.00,0.00,3.45
918684,atl,47.000,-8.500,985.16,984.42,10.96,3.35,43.57,59.98,0.00,13550.09,7.63
918684,pac,58.750,236.000,1003.56,1002.31,6.93,2.15,24.21,24.21,0.00,0.00,15.18
918684,pac,40.000,232.000,994.35,992.73,12.22,3.64,58.56,58.56,0.00,79667.31,7.11
918690,atl,61.250,-16.500,991.13,990.79,9.67,2.56,54.60,54.60,0.00,14919.71,13.29
918690,atl,53.750,-19.000,981.46,981.14,11.48,2.30,33.63,49.17,0.00,0.00,5.15
918690,atl,51.000,-5.250,983.90,983.66,9.38,2.48,41.11,41.41,0.00,0.00,6.11
918690,atl,48.250,-47.750,1004.73,1004.06,8.68,2.42,38.33,38.33,0.00,0.00,4.14
918690,atl,45.000,-40.750,1001.84,1001.31,7.73,1.91,43.41,44.52,0.00,0.00,3.98
918690,pac,37.500,233.000,999.09,997.83,11.22,3.61,51.13,51.13,0.00,1230.25,6.57
918696,atl,59.750,-20.000,989.06,988.60,9.38,2.66,46.52,46.52,0.00,0.00,5.55
918696,atl,54.000,-4.250,978.20,977.84,13.01,3.76,49.89,49.89,0.00,0.00,9.23
918696,atl,53.000,-18.250,981.94,981.81,10.93,2.27,38.92,44.34,0.00,0.00,4.61
918696,atl,43.250,-36.000,998.21,997.60,9.25,2.41,47.94,47.94,0.00,0.00,4.54
918696,pac,53.500,206.500,1004.92,1004.69,7.17,1.87,33.64,35.57,0.00,0.00,3.17
918696,pac,35.000,234.000,1002.42,1001.62,8.51,2.69,51.41,51.41,0.00,3774.72,4.75
918702,atl,58.500,-22.500,987.34,986.79,9.77,2.99,44.65,44.65,0.00,0.00,5.27
918702,atl,56.500,-2.500,973.38,972.58,17.89,4.27,53.45,55.96,0.00,50527.18,9.50
918702,atl,52.750,-15.000,983.44,983.20,8.88,2.01,42.94,46.36,0.00,0.00,4.49
918702,atl,45.250,-37.250,995.12,994.31,8.90,2.41,59.30,59.30,0.00,23348.30,5.38
918702,atl,43.500,-31.750,993.24,992.47,10.64,2.93,47.98,47.98,0.00,0.00,5.11
918702,pac,54.500,164.000,997.06,996.94,10.53,2.07,45.90,48.26,0.00,0.00,6.63
918702,pac,54.500,211.500,1002.32,1002.10,8.04,2.11,32.20,35.26,0.00,0.00,3.23
918708,atl,58.500,-6.500,974.35,973.88,15.41,3.25,50.13,65.70,2525.28,31651.90,7.20
918708,atl,58.250,-1.750,973.35,972.95,17.45,4.11,65.70,65.70,2525.28,80372.98,11.56
918708,atl,57.250,-24.500,987.33,986.74,10.31,3.30,41.10,41.10,0.00,0.00,5.30
918708,atl,44.250,-29.000,991.72,991.10,10.28,2.37,45.21,46.29,0.00,0.00,5.96
918708,pac,56.500,167.750,991.01,990.71,14.69,2.96,49.69,57.14,0.00,26160.40,6.32
918708,pac,54.500,217.000,998.00,997.80,9.71,2.23,34.40,35.62,0.00,0.00,4.01
918714,atl,64.000,-38.500,1004.80,1004.34,8.14,2.81,54.01,54.01,0.00,5133.32,20.78
918714,atl,63.500,8.250,987.41,987.06,8.78,2.44,39.04,57.43,0.00,9290.68,8.66
918714,atl,59.750,0.500,974.93,974.18,15.82,4.30,59.54,59.54,0.00,31927.40,8.91
918714,atl,58.750,-7.750,974.61,974.20,15.34,3.51,50.51,57.17,0.00,5658.09,7.30
918714,atl,56.500,-26.750,989.14,988.59,9.69,3.11,42.79,42.79,0.00,0.00,4.76
918714,atl,44.500,-28.250,988.18,987.04,11.41,3.21,51.04,51.04,0.00,1667.65,6.99
918714,atl,44.000,-42.250,1000.70,1000.41,5.74,1.47,36.05,36.05,0.00,0.00,3.15
918714,pac,58.500,173.250,986.59,986.14,17.31,3.88,44.44,52.06,0.00,18898.43,6.92
918714,pac,54.750,221.000,994.65,994.38,10.99,2.30,40.03,40.91,0.00,0.00,9.59
918720,atl,64.250,8.500,987.16,986.65,7.74,1.87,39.63,43.80,0.00,0.00,5.76
918720,atl,61.750,-47.250,1003.37,1002.42,11.78,3.13,41.26,41.45,0.00,0.00,12.82
918720,atl,60.750,-0.750,975.64,975.31,15.76,3.75,44.13,53.33,0.00,2528.11,6.39
918720,atl,55.500,-29.250,991.36,990.91,9.20,2.84,42.41,42.41,0.00,0.00,5.01
918720,atl,48.000,-15.250,992.65,991.66,8.12,2.25,51.86,51.86,0.00,7773.75,5.29
918720,atl,45.250,-24.500,988.06,987.70,11.36,3.09,53.08,53.54,0.00,25583.18,5.97
918720,atl,43.000,-38.250,999.89,999.78,4.84,0.99,28.85,43.63,0.00,0.00,3.23
918720,atl,36.500,-64.000,1004.95,1004.77,8.22,2.03,49.28,49.28,0.00,0.00,4.47
918720,pac,60.250,178.250,985.60,985.22,15.56,3.82,46.37,50.56,0.00,1262.59,6.46
918720,pac,58.250,220.250,991.54,990.70,10.45,2.92,43.74,47.29,0.00,0.00,10.89
918720,pac,54.750,224.250,989.16,988.75,13.51,3.57,49.01,49.01,0.00,0.00,10.13
918720,pac,46.750,161.500,989.22,988.76,17.00,3.69,62.74,62.74,0.00,195942.80,6.51
918726,atl,65.000,9.500,986.70,986.18,8.08,1.91,33.58,40.72,0.00,0.00,5.68
918726,atl,63.500,-47.750,1003.65,1002.78,10.98,3.02,37.50,37.50,0.00,0.00,14.92
918726,atl,60.000,-1.000,975.98,975.65,17.25,4.19,54.95,54.95,0.00,20700.15,6.40
918726,atl,54.250,-32.000,993.30,992.93,8.30,2.35,42.02,42.02,0.00,0.00,4.56
918726,atl,47.250,-19.250,988.33,988.07,9.40,2.00,42.70,48.92,0.00,0.00,4.40
918726,atl,41.250,-34.000,996.46,996.21,6.01,1.16,44.44,46.41,0.00,0.00,3.79
918726,atl,35.500,-65.500,1003.86,1003.70,7.37,1.42,49.94,49.94,0.00,0.00,3.88
918726,pac,61.250,181.750,985.74,985.22,13.46,3.30,44.82,51.09,0.00,4180.46,6.04
918726,pac,57.750,222.000,989.28,988.15,12.29,3.19,45.30,53.88,0.00,9891.61,15.12
918726,pac,54.750,227.250,987.00,985.80,13.90,4.11,53.88,53.88,0.00,9891.61,9.18
918726,pac,48.750,165.500,989.39,989.02,16.48,3.78,62.76,62.80,0.00,166322.69,6.73
918732,atl,60.000,2.000,982.46,981.93,13.23,3.42,52.94,52.94,0.00,8147.08,7.23
918732,atl,52.250,-34.500,996.05,995.68,7.65,2.09,41.30,41.30,0.00,0.00,4.71
918732,atl,49.500,-32.000,995.78,995.72,4.97,0.93,33.44,41.30,0.00,0.00,4.71
918732,atl,49.000,-14.750,988.86,988.60,11.05,2.63,44.58,45.72,0.00,0.00,4.48
918732,atl,41.500,-31.750,995.60,994.56,6.39,1.40,40.88,48.15,0.00,0.00,3.84
918732,atl,40.250,-28.250,995.81,995.18,7.33,1.56,48.71,49.82,0.00,0.00,3.84
918732,atl,36.000,-62.250,1003.77,1003.20,7.28,1.66,46.43,46.43,0.00,0.00,4.18
918732,pac,62.000,185.250,985.90,985.46,12.52,3.30,40.78,45.90,0.00,0.00,5.63
918732,pac,60.500,172.000,997.97,997.25,4.82,2.03,33.97,37.57,0.00,0.00,7.24
918732,pac,56.750,224.000,988.98,988.21,12.72,3.11,47.70,50.30,0.00,3231.16,16.57
918732,pac,50.500,170.250,991.47,991.25,14.99,3.33,62.18,62.18,0.00,141000.37,5.55
918738,atl,60.250,3.500,988.18,987.72,7.82,1.98,34.90,43.07,0.00,0.00,4.22
918738,atl,51.250,-11.000,989.50,988.99,10.52,2.93,40.13,41.49,0.00,0.00,4.34
918738,atl,48.000,-30.500,995.76,995.69,4.59,0.98,31.77,46.25,0.00,0.00,3.89
918738,atl,42.250,-23.000,990.65,989.87,10.23,2.64,46.63,46.63,0.00,0.00,5.09
918738,atl,36.750,-62.000,999.51,997.97,11.03,2.94,47.34,47.34,0.00,0.00,8.34
918738,pac,62.500,188.000,985.69,985.32,11.50,3.16,41.96,45.27,0.00,0.00,5.71
918738,pac,60.250,173.500,996.56,996.04,4.51,1.69,35.50,40.88,0.00,0.00,6.36
918738,pac,55.500,226.250,991.75,991.23,11.16,2.87,48.68,48.68,0.00,0.00,12.29
918738,pac,55.250,177.750,990.59,990.09,11.71,3.10,51.93,54.31,0.00,48286.14,5.56
918738,pac,55.250,234.250,992.38,992.20,7.14,1.74,34.39,40.05,0.00,0.00,10.46
918744,atl,65.500,10.000,991.26,991.02,5.98,1.48,25.33,30.86,0.00,0.00,5.36
918744,atl,60.000,3.500,991.59,991.28,4.98,1.25,25.53,41.01,0.00,0.00,3.87
918744,atl,52.750,-7.250,992.26,991.70,8.39,2.36,40.81,41.98,0.00,0.00,4.13
918744,atl,46.750,-28.750,995.88,995.77,4.84,1.02,33.15,43.90,0.00,0.00,3.14
918744,atl,44.000,-20.500,986.07,985.58,13.90,3.54,53.65,53.65,0.00,5042.37,4.85
918744,atl,36.500,-62.750,997.81,996.76,12.60,3.30,60.80,60.80,0.00,93179.20,5.71
918744,pac,63.750,192.000,987.02,986.78,9.38,2.38,39.68,39.68,0.00,0.00,4.12
918744,pac,60.500,176.750,994.28,993.96,4.44,1.10,36.59,46.24,0.00,0.00,6.30
918744,pac,57.250,182.000,986.29,985.67,12.82,3.59,49.85,50.50,0.00,446.00,5.84
918744,pac,55.750,235.250,995.31,995.01,5.78,1.54,24.06,38.67,0.00,0.00,7.70
918744,pac,54.500,229.000,995.90,995.34,8.12,2.03,45.50,45.50,0.00,0.00,5.86
918750,atl,65.500,9.750,992.16,992.00,4.94,1.35,19.52,29.82,0.00,0.00,4.98
918750,atl,60.000,3.250,991.69,991.50,4.65,1.22,20.35,32.89,0.00,0.00,4.72
918750,atl,46.000,-27.500,996.19,996.06,5.09,1.05,36.57,43.63,0.00,0.00,3.55
918750,atl,46.000,-18.000,981.40,980.05,17.27,4.91,44.29,51.18,0.00,1051.58,8.74
918750,atl,37.000,-63.250,996.76,996.30,12.42,3.12,65.41,65.41,606.87,138570.56,6.92
918750,pac,64.250,193.250,985.65,985.44,8.06,2.00,27.41,32.97,0.00,0.00,3.94
918750,pac,58.500,186.000,981.61,981.34,14.19,3.77,55.99,55.99,0.00,32677.07,7.69
918750,pac,55.500,235.500,999.48,999.20,4.45,1.42,20.71,34.49,0.00,0.00,8.67
918756,atl,65.750,9.000,993.82,993.69,4.31,1.04,23.19,26.81,0.00,0.00,3.99
918756,atl,60.250,4.000,993.15,992.95,4.20,1.08,18.21,32.97,0.00,0.00,2.71
918756,atl,47.500,-15.500,983.73,983.37,15.69,4.31,53.70,55.51,0.00,32051.13,7.82
918756,atl,36.750,-65.250,995.18,993.82,14.00,3.47,64.30,64.30,1832.98,199830.99,8.02
918756,pac,59.750,191.750,979.11,978.90,14.98,3.38,58.19,58.62,0.00,73174.01,7.87
918756,pac,54.250,235.750,1002.54,1002.31,4.69,1.53,25.09,25.91,0.00,0.00,7.71
918762,atl,68.000,-7.750,996.89,996.68,7.13,1.57,36.88,40.71,0.00,0.00,5.81
918762,atl,66.250,8.750,994.30,994.19,4.48,1.03,23.46,30.52,0.00,0.00,3.80
918762,atl,49.500,-12.500,985.74,985.27,13.09,3.25,51.24,51.24,0.00,7781.19,5.72
918762,atl,36.500,-66.500,987.40,984.98,20.47,6.38,70.06,70.06,10434.36,153467.46,12.73
918762,pac,60.750,196.250,975.69,975.42,16.37,3.71,54.15,56.21,0.00,97341.29,6.79
918768,atl,68.000,-7.750,993.98,993.70,10.04,2.41,38.57,42.70,0.00,0.00,6.75
918768,atl,68.000,1.500,994.53,994.44,5.98,0.89,31.11,32.37,0.00,0.00,4.11
918768,atl,67.250,7.750,994.21,994.11,5.37,1.05,24.70,32.37,0.00,0.00,4.41
918768,atl,51.500,-10.750,986.87,986.38,11.83,2.80,46.43,46.43,0.00,0.00,4.56
918768,atl,35.250,-66.500,989.29,987.89,16.30,4.59,64.57,64.57,1260.20,132940.76,7.64
918768,pac,61.500,198.500,976.22,975.78,16.37,3.78,48.02,59.28,0.00,51538.36,12.89
918768,pac,58.000,208.750,987.56,987.23,9.03,2.49,44.85,59.28,0.00,19090.25,11.32
918774,atl,67.500,-6.000,991.72,991.46,11.17,2.67,42.07,42.07,0.00,0.00,6.51
918774,atl,61.250,-18.750,1001.05,1000.77,4.36,1.79,37.61,37.61,0.00,0.00,7.39
918774,atl,51.500,-11.000,985.53,985.13,12.61,3.16,42.46,42.46,0.00,0.00,4.80
918774,atl,34.250,-65.500,988.06,987.05,14.47,4.13,56.04,56.04,0.00,37350.89,6.10
918774,atl,33.000,-51.500,999.66,999.27,4.50,0.97,30.64,39.14,0.00,0.00,2.67
918774,pac,62.250,200.750,980.00,979.49,13.30,3.24,52.62,52.62,0.00,769.85,12.00
918774,pac,58.500,212.500,981.89,981.18,13.23,3.65,49.86,53.05,0.00,34064.19,9.69
918774,pac,47.250,171.500,1001.43,1001.09,7.17,1.90,33.10,33.10,0.00,0.00,3.92
918774,pac,46.000,162.250,998.32,997.93,9.28,2.42,45.60,51.43,0.00,13383.16,4.07
918780,atl,67.750,-4.000,990.78,990.41,12.45,2.75,41.80,41.80,0.00,0.00,5.60
918780,atl,61.000,-18.250,999.93,999.77,5.06,1.89,36.41,36.41,0.00,0.00,7.17
918780,atl,52.250,-10.250,983.49,982.99,15.07,3.89,41.19,41.19,0.00,0.00,5.24
918780,atl,36.500,-51.500,997.76,997.55,6.20,1.26,39.12,49.73,0.00,0.00,3.82
918780,atl,34.000,-63.750,988.03,987.13,12.86,3.78,46.28,46.28,0.00,0.00,5.16
918780,pac,63.250,202.500,985.47,985.15,10.17,2.54,42.30,50.29,0.00,386.38,7.75
918780,pac,58.750,215.000,976.58,976.21,18.45,4.85,51.02,58.01,0.00,85616.53,19.38
918780,pac,49.500,171.750,996.64,996.25,9.81,2.41,40.34,40.34,0.00,0.00,5.14
918780,pac,46.750,165.500,996.34,995.78,9.23,2.43,40.37,40.37,0.00,0.00,4.77
918786,atl,68.250,-3.250,989.54,989.27,14.13,3.07,46.52,46.52,0.00,0.00,5.92
918786,atl,60.250,-17.750,999.25,999.13,4.39,1.44,37.29,37.29,0.00,0.00,6.34
918786,atl,52.500,-8.500,983.26,982.93,15.09,3.91,48.58,48.58,0.00,0.00,7.17
918786,atl,37.500,-51.250,994.41,993.52,7.47,1.87,54.07,54.07,0.00,9455.62,5.98
918786,atl,33.500,-62.500,987.88,987.20,11.48,3.41,46.57,46.57,0.00,0.00,4.48
918786,pac,63.500,203.750,991.91,991.70,6.84,1.74,35.68,47.29,0.00,0.00,11.23
918786,pac,58.000,216.750,975.42,974.74,19.22,4.72,53.56,58.00,0.00,165356.17,13.32
918786,pac,51.250,172.000,989.71,988.98,13.91,3.52,50.86,50.86,0.00,927.43,5.65
918786,pac,38.000,179.000,1001.50,1000.79,6.86,1.94,48.78,48.78,0.00,0.00,4.07
918792,atl,68.750,-3.250,987.98,987.66,16.36,3.68,48.95,48.95,0.00,0.00,7.04
918792,atl,58.250,-38.000,1004.88,1004.76,4.24,1.00,33.88,33.88,0.00,0.00,4.32
918792,atl,53.500,-4.750,984.46,984.15,13.05,2.97,53.21,53.21,0.00,6755.91,6.69
918792,atl,37.750,-48.750,996.44,996.17,6.38,1.42,47.83,48.67,0.00,0.00,4.12
918792,atl,33.250,-60.500,989.61,989.06,9.70,2.81,45.06,45.06,0.00,0.00,3.74
918792,pac,57.500,218.500,975.88,975.26,19.11,4.96,58.45,58.56,0.00,158301.04,12.99
918792,pac,52.000,171.500,982.37,981.41,18.31,4.91,52.54,52.54,0.00,13453.92,8.42
918792,pac,42.250,181.750,997.32,996.35,8.11,2.24,58.95,58.95,0.00,43658.99,4.97
918798,atl,68.750,-4.750,986.91,986.54,16.96,3.81,48.11,48.11,0.00,0.00,6.86
918798,atl,58.000,-1.250,982.74,982.27,12.38,2.74,39.09,46.04,0.00,0.00,8.01
918798,atl,39.250,-52.000,994.32,993.05,8.31,2.47,59.05,59.05,0.00,42273.93,7.21
918798,atl,38.750,-47.750,997.27,997.09,5.48,1.17,46.55,59.05,0.00,25922.31,7.21
918798,atl,38.750,-40.250,997.22,996.75,9.36,2.42,48.93,48.93,0.00,0.00,4.77
918798,atl,33.250,-58.750,990.23,989.86,8.29,2.39,43.24,43.24,0.00,0.00,3.19
918798,pac,56.250,220.000,979.93,979.46,17.04,4.57,55.87,55.87,0.00,113421.53,14.65
918798,pac,51.750,172.500,975.74,974.80,20.00,5.40,61.23,61.23,0.00,79588.64,10.24
918804,atl,68.500,-4.750,987.21,986.92,16.37,3.57,46.25,48.56,0.00,0.00,6.42
918804,atl,58.000,0.000,984.53,984.16,12.21,2.76,40.06,45.99,0.00,0.00,6.35
918804,atl,39.500,-53.500,996.13,995.07,7.28,2.19,60.00,60.00,0.00,30374.90,5.92
918804,atl,39.000,-39.500,998.47,998.12,7.73,1.74,43.48,48.39,0.00,0.00,4.98
918804,atl,33.500,-56.750,992.42,992.14,6.98,1.95,37.95,37.95,0.00,0.00,2.71
918804,pac,54.500,222.250,986.42,986.04,13.81,3.70,56.52,56.52,0.00,55096.24,6.03
918804,pac,52.500,175.250,972.98,972.43,18.02,3.74,53.91,54.89,0.00,73649.43,7.04
918810,atl,68.500,-5.250,987.12,986.85,16.25,3.53,48.78,51.90,0.00,2448.28,6.73
918810,atl,63.500,8.250,988.67,988.43,6.81,1.96,30.65,39.14,0.00,0.00,7.21
918810,atl,60.000,3.750,987.05,986.93,9.27,2.09,39.90,39.90,0.00,0.00,4.68
918810,atl,59.000,8.500,987.98,987.40,9.20,1.82,38.37,39.90,0.00,0.00,4.68
918810,atl,40.250,-34.000,996.66,996.05,10.14,2.56,43.09,53.91,0.00,8554.20,4.96
918810,atl,39.500,-48.750,998.53,998.07,4.98,1.33,43.43,53.38,0.00,2927.10,3.73
918810,atl,39.000,-56.250,995.93,995.22,6.39,1.75,59.05,59.05,0.00,47435.24,4.86
918810,atl,36.000,-62.000,995.32,995.12,5.46,1.24,40.31,42.92,0.00,0.00,3.47
918810,atl,34.250,-55.000,992.65,992.37,6.52,1.84,36.38,36.38,0.00,0.00,2.57
918810,pac,59.250,217.250,1001.37,1001.29,6.07,1.79,24.44,34.47,0.00,0.00,11.88
918810,pac,56.750,188.250,976.75,976.20,13.77,3.16,58.32,58.98,0.00,192966.79,6.12
918810,pac,53.750,177.500,968.63,968.09,18.64,3.30,50.45,56.06,0.00,185502.54,7.81
918810,pac,52.250,224.750,991.23,990.81,12.01,3.29,57.31,57.31,0.00,36684.98,4.90
918810,pac,48.500,234.250,998.06,997.81,5.50,1.28,43.76,43.76,0.00,0.00,9.26
918816,atl,68.000,-5.500,988.32,988.11,14.75,3.32,46.44,51.49,0.00,3986.64,6.28
918816,atl,64.250,9.000,988.62,988.34,6.64,1.76,27.08,35.65,0.00,0.00,6.56
918816,atl,59.250,-18.250,1001.49,1001.33,4.73,1.19,29.45,33.43,0.00,0.00,2.90
918816,atl,41.000,-29.250,994.93,994.33,11.54,2.88,46.22,52.57,0.00,6700.47,6.07
918816,atl,35.250,-62.750,997.84,997.65,5.40,1.24,38.75,42.61,0.00,0.00,2.70
918816,atl,35.000,-53.250,995.27,994.98,6.75,1.82,32.60,32.60,0.00,0.00,2.50
918816,pac,54.750,179.500,967.84,967.44,17.98,2.91,53.66,56.71,0.00,169890.21,7.32
918816,pac,51.750,236.000,998.69,997.77,4.84,1.68,31.71,33.76,0.00,0.00,9.50
918816,pac,50.250,226.500,995.61,995.25,9.32,2.67,49.74,49.74,0.00,0.00,4.19
918816,pac,45.750,234.750,994.81,994.57,7.76,1.62,37.00,44.14,0.00,0.00,8.77
918822,atl,67.250,-4.000,988.83,988.59,12.65,2.71,43.42,48.65,0.00,0.00,5.74
918822,atl,65.750,9.500,989.48,989.36,5.86,1.57,27.84,28.46,0.00,0.00,6.34
918822,atl,59.750,-74.750,1002.80,1002.49,7.01,2.10,25.81,25.81,0.00,0.00,3.72
918822,atl,59.500,-18.250,999.35,999.26,6.18,1.49,35.10,35.10,0.00,0.00,4.36
918822,atl,42.000,-25.000,988.34,987.34,14.95,4.01,49.78,49.89,0.00,0.00,6.62
918822,atl,36.250,-51.750,995.95,995.73,7.38,1.81,33.27,48.49,0.00,0.00,3.40
918822,atl,34.000,-63.000,997.97,997.84,4.96,1.03,34.31,37.90,0.00,0.00,2.61
918822,pac,56.000,182.500,968.40,968.30,16.05,2.35,50.12,57.74,0.00,72239.41,6.48
918822,pac,45.750,235.000,994.43,994.24,8.31,1.76,33.86,34.87,0.00,0.00,10.47
918828,atl,67.000,-2.250,990.87,990.68,11.00,2.16,39.54,41.02,0.00,0.00,5.02
918828,atl,61.000,-73.000,1001.41,1000.37,7.67,2.50,33.89,33.89,0.00,0.00,5.65
918828,atl,59.250,-20.000,998.42,998.32,6.95,1.53,39.69,39.69,0.00,0.00,4.26
918828,atl,54.250,-15.250,997.37,997.06,4.91,1.42,36.83,36.83,0.00,0.00,3.49
918828,atl,43.000,-20.750,983.20,982.16,17.42,4.57,66.55,66.55,2225.87,80230.98,7.70
918828,atl,38.250,-62.000,1002.15,1001.94,5.82,1.34,38.26,38.84,0.00,0.00,3.90
918828,atl,37.250,-51.000,998.39,998.17,8.42,1.90,34.29,47.95,0.00,0.00,4.02
918828,atl,33.250,-63.250,1000.57,1000.32,4.63,1.03,38.78,38.91,0.00,0.00,2.39
918828,pac,58.250,185.500,968.95,968.85,15.08,2.28,43.66,52.52,0.00,12787.48,5.42
918828,pac,50.500,165.750,990.04,989.34,8.00,2.13,45.62,46.26,0.00,0.00,4.38
918828,pac,46.000,234.250,994.04,993.80,9.75,2.31,37.88,37.88,0.00,0.00,8.64
918834,atl,67.000,0.750,991.06,990.92,10.38,1.84,38.65,43.09,0.00,0.00,5.19
918834,atl,64.250,-68.500,999.05,998.72,6.56,1.65,34.83,41.40,0.00,0.00,4.57
918834,atl,58.500,-22.500,997.12,996.91,7.88,1.94,46.44,46.44,0.00,0.00,5.03
918834,atl,55.500,-14.000,994.27,993.85,6.19,1.76,37.78,37.78,0.00,0.00,3.51
918834,atl,45.250,-16.500,972.25,970.97,23.22,6.25,67.45,67.45,8158.18,219051.27,10.01
918834,atl,38.250,-62.250,1001.39,1001.18,6.05,1.27,39.92,39.92,0.00,0.00,4.85
918834,atl,38.250,-50.750,998.02,997.80,9.12,2.16,45.93,47.32,0.00,0.00,4.03
918834,atl,32.250,-62.750,1000.71,1000.58,4.10,0.84,32.13,35.25,0.00,0.00,2.11
918834,pac,59.500,188.000,968.55,968.41,15.49,2.51,43.19,53.05,0.00,16098.74,5.88
918834,pac,51.000,167.000,990.51,989.85,6.05,1.59,47.52,47.55,0.00,0.00,4.85
918834,pac,50.500,173.000,988.44,987.54,9.22,2.69,47.55,47.55,0.00,0.00,5.98
918834,pac,45.000,233.250,997.31,996.96,9.34,2.63,44.72,44.72,0.00,0.00,6.77
918840,atl,67.500,-62.000,996.64,996.26,7.80,1.84,46.94,48.99,0.00,0.00,9.43
918840,atl,67.000,-65.000,996.73,996.10,6.92,1.55,31.98,48.99,0.00,0.00,7.57
918840,atl,56.750,-24.250,997.29,997.01,7.61,1.93,51.08,51.08,0.00,6474.58,5.46
918840,atl,56.250,-14.250,992.17,991.81,7.34,1.95,30.93,33.86,0.00,0.00,4.37
918840,atl,46.750,-14.750,959.23,957.60,33.24,9.94,72.22,72.22,44858.43,277015.46,17.34
918840,atl,39.250,-62.750,1001.81,1001.63,8.32,2.16,48.00,48.00,0.00,0.00,5.34
918840,atl,39.250,-49.750,999.80,999.64,9.70,2.49,48.15,48.15,0.00,0.00,5.05
918840,pac,61.750,219.500,997.01,994.99,4.54,2.30,38.94,43.83,0.00,0.00,13.51
918840,pac,60.750,190.500,970.83,970.68,14.23,2.37,39.27,52.66,0.00,3417.79,6.36
918840,pac,51.500,181.000,989.55,988.74,8.06,2.23,53.43,59.24,0.00,94611.89,5.50
918840,pac,51.250,175.500,990.50,989.89,7.19,2.13,52.35,53.43,0.00,65557.61,4.94
918840,pac,50.500,160.000,987.66,987.21,11.45,2.96,45.03,45.03,0.00,0.00,6.28
918840,pac,43.000,232.750,999.89,999.33,8.00,2.34,48.90,48.90,0.00,0.00,4.20
918840,pac,39.250,162.250,1003.48,1003.17,6.13,1.65,55.61,55.61,0.00,38383.19,4.17
918846,atl,54.250,-25.000,995.89,995.52,6.60,1.82,52.32,52.32,0.00,18363.31,4.96
918846,atl,47.500,-12.250,954.08,952.08,34.19,9.94,70.48,70.48,43119.61,277900.34,13.35
918846,atl,40.250,-49.750,997.66,997.17,11.12,3.02,48.40,48.40,0.00,0.00,5.13
918846,atl,39.500,-62.750,1000.15,999.88,9.67,2.63,50.17,50.17,0.00,598.43,5.69
918846,pac,61.750,191.250,971.72,971.50,13.98,2.48,45.19,48.77,0.00,0.00,5.74
918846,pac,50.750,161.250,987.51,987.05,11.82,3.20,49.38,49.38,0.00,0.00,5.31
918846,pac,41.250,169.000,1001.35,1001.04,6.75,1.77,53.63,55.26,0.00,42244.64,4.09
918846,pac,40.500,232.500,1003.20,1002.69,7.54,2.17,47.39,47.39,0.00,0.00,3.45
918852,atl,48.500,-10.250,955.02,953.34,32.13,8.88,61.69,61.69,0.00,210307.36,10.94
918852,atl,41.000,-49.250,995.94,995.48,13.29,3.77,49.58,49.58,0.00,0.00,7.13
918852,atl,39.250,-61.750,999.62,999.41,10.01,2.48,50.32,50.32,0.00,1190.43,5.49
918852,pac,62.000,191.750,972.39,972.11,13.78,2.60,44.43,46.41,0.00,0.00,5.15
918852,pac,62.000,219.250,990.00,989.22,6.11,1.68,30.02,37.19,0.00,0.00,10.53
918852,pac,52.250,166.500,991.92,991.78,7.69,1.69,41.56,43.33,0.00,0.00,4.07
918852,pac,50.500,163.000,991.29,990.94,9.63,2.24,43.33,43.33,0.00,0.00,4.08
918852,pac,43.750,175.750,999.57,999.11,7.73,2.06,54.78,55.03,0.00,45912.13,4.68
918858,atl,67.250,-35.250,1004.10,1003.22,6.85,2.91,37.07,37.08,0.00,0.00,30.12
918858,atl,50.250,-9.500,955.60,954.14,30.34,8.06,56.15,56.15,0.00,118633.52,9.68
918858,atl,42.000,-50.000,993.32,992.75,14.06,4.12,48.68,48.68,0.00,0.00,6.84
918858,atl,38.750,-61.500,997.81,997.55,10.39,2.52,50.45,50.45,0.00,4193.21,5.98
918858,pac,65.000,229.500,990.08,988.91,4.93,0.94,21.08,31.26,0.00,0.00,10.54
918858,pac,64.250,233.250,990.03,988.91,5.79,1.41,23.50,31.26,0.00,0.00,10.54
918858,pac,62.500,226.500,989.75,989.37,6.84,1.69,35.95,38.24,0.00,0.00,15.14
918858,pac,62.000,192.000,973.90,973.67,13.43,2.68,41.54,42.80,0.00,0.00,5.48
918858,pac,52.500,167.750,993.06,992.96,7.68,1.60,40.72,40.86,0.00,0.00,3.96
918858,pac,46.250,184.250,999.22,998.51,7.51,2.14,56.99,56.99,0.00,48549.83,4.96
918864,atl,69.000,-31.500,1002.97,999.90,5.69,2.29,36.74,36.74,0.00,0.00,27.70
918864,atl,67.250,-35.250,1001.71,1000.80,7.63,3.10,36.49,36.74,0.00,0.00,27.70
918864,atl,51.500,-10.000,958.28,956.90,27.84,7.41,53.53,53.53,0.00,44058.95,8.80
918864,atl,42.750,-50.250,992.17,991.59,14.92,4.37,47.92,47.92,0.00,0.00,6.60
918864,atl,38.250,-60.250,997.47,997.30,10.41,2.40,56.45,56.45,0.00,43924.27,6.43
918864,pac,63.250,234.750,987.72,987.01,8.16,1.85,41.84,41.84,0.00,0.00,10.93
918864,pac,62.750,239.500,988.53,987.88,7.64,1.61,40.67,41.84,0.00,0.00,10.11
918864,pac,62.250,192.250,976.31,975.96,12.85,2.69,41.63,43.22,0.00,0.00,5.66
918864,pac,58.750,208.000,987.41,987.15,6.96,1.82,38.75,45.60,0.00,0.00,9.07
918864,pac,52.500,169.500,995.79,995.70,6.83,1.44,37.94,37.94,0.00,0.00,4.26
918864,pac,50.750,177.500,994.89,994.46,5.08,1.53,35.84,35.84,0.00,0.00,2.61
918864,pac,49.000,191.750,996.89,996.37,7.11,1.88,51.17,51.17,0.00,22973.05,4.47
918870,atl,69.000,-31.500,1000.20,996.90,6.08,2.02,34.34,34.51,0.00,0.00,19.70
918870,atl,67.250,-36.000,999.65,999.11,7.20,2.51,36.95,36.95,0.00,0.00,19.70
918870,atl,51.500,-11.000,959.90,958.82,25.63,6.63,54.49,54.49,0.00,99843.00,8.02
918870,atl,43.250,-50.750,990.29,989.78,14.27,3.90,42.35,46.13,0.00,0.00,5.96
918870,atl,37.500,-59.000,996.04,995.90,9.82,2.17,53.79,55.84,0.00,15977.56,5.34
918870,pac,62.000,192.750,977.63,977.21,12.06,2.52,38.94,43.78,0.00,0.00,6.01
918870,pac,52.750,170.250,1000.43,1000.36,4.97,1.35,38.03,38.87,0.00,0.00,3.37
918870,pac,51.500,199.250,993.29,992.86,7.76,1.87,47.27,47.27,0.00,0.00,4.58
918870,pac,50.750,180.000,995.78,995.13,6.30,1.97,41.61,41.61,0.00,0.00,3.48
918876,atl,69.000,-31.750,998.87,995.97,6.53,1.65,30.05,39.01,0.00,0.00,12.73
918876,atl,67.250,-36.500,997.70,996.64,8.10,2.62,41.71,42.89,0.00,0.00,14.25
918876,atl,50.750,-11.750,963.33,962.37,23.98,6.03,58.50,58.50,0.00,105708.84,7.77
918876,atl,44.250,-50.250,988.75,988.27,15.14,3.81,44.81,45.21,0.00,0.00,6.11
918876,atl,40.500,-40.500,1001.38,1001.20,4.75,1.09,43.06,43.06,0.00,0.00,3.23
918876,atl,37.250,-56.500,996.60,996.42,8.28,1.84,46.57,47.02,0.00,0.00,4.08
918876,pac,61.750,193.500,978.06,977.73,11.93,2.67,36.14,48.03,0.00,0.00,5.66
918876,pac,56.500,165.000,1003.88,1003.08,7.06,2.61,45.33,45.33,0.00,0.00,8.54
918876,pac,54.250,169.250,1004.64,1004.37,4.57,1.35,32.42,45.33,0.00,0.00,8.54
918876,pac,53.500,205.000,986.69,986.20,9.82,2.40,51.03,51.35,0.00,15776.63,4.85
918882,atl,65.500,-33.250,995.21,995.06,9.80,1.79,48.99,49.45,0.00,0.00,21.98
918882,atl,49.500,-10.500,966.98,966.22,21.24,4.97,49.53,53.40,0.00,44694.92,6.69
918882,atl,46.000,-50.000,984.98,984.72,17.05,4.27,44.17,46.66,0.00,0.00,7.07
918882,atl,37.750,-53.750,993.87,993.74,7.80,1.65,48.39,48.39,0.00,0.00,4.76
918882,pac,64.000,210.250,985.93,985.19,5.26,1.49,23.09,28.57,0.00,0.00,11.54
918882,pac,61.500,194.250,978.91,978.69,11.32,2.56,38.56,46.10,0.00,0.00,4.62
918882,pac,56.250,165.250,1002.72,1001.94,8.74,3.22,47.58,47.58,0.00,0.00,8.22
918882,pac,55.750,210.500,978.18,977.32,14.73,3.80,47.63,50.17,0.00,448.75,5.56
918888,atl,66.750,-30.250,992.84,992.58,10.97,2.08,35.37,49.15,0.00,0.00,18.85
918888,atl,49.500,-8.500,970.30,969.69,19.43,4.58,46.83,46.83,0.00,0.00,6.26
918888,atl,48.250,-49.500,982.34,982.00,19.86,4.90,53.60,53.60,0.00,22510.75,8.12
918888,atl,39.000,-50.000,991.19,990.83,8.71,2.17,41.63,49.23,0.00,0.00,4.13
918888,atl,31.250,-2.500,1004.44,1004.17,4.79,1.39,27.61,35.44,0.00,0.00,11.22
918888,pac,60.750,195.500,981.02,980.82,9.73,2.25,43.07,43.07,0.00,0.00,4.65
918888,pac,57.750,213.250,966.77,965.86,21.48,5.74,54.65,57.70,0.00,14831.50,12.28
918888,pac,56.000,165.750,1001.78,1001.20,10.01,3.50,46.90,46.90,0.00,0.00,7.69
918894,atl,67.500,-29.250,991.10,990.70,11.80,2.58,39.05,53.24,0.00,1892.04,19.13
918894,atl,50.000,-49.000,979.69,979.37,20.83,4.71,53.69,56.66,0.00,73909.14,8.66
918894,atl,50.000,-7.750,972.24,971.51,19.43,4.78,50.31,50.45,0.00,2449.87,6.20
918894,atl,41.250,-46.250,988.53,988.13,8.84,2.24,41.33,42.58,0.00,0.00,4.94
918894,pac,60.000,197.750,983.01,982.85,7.17,1.67,42.55,42.67,0.00,0.00,6.89
918894,pac,59.000,214.500,961.11,960.20,23.73,6.50,65.14,65.14,772.77,63652.32,16.17
918894,pac,56.000,166.500,1000.21,999.76,11.34,3.89,50.05,50.05,0.00,432.13,8.39
918900,atl,67.750,-29.250,991.79,991.33,10.47,2.47,42.14,58.10,0.00,3155.45,19.22
918900,atl,66.000,-35.000,992.74,992.60,10.03,3.01,58.10,58.10,0.00,7950.07,19.22
918900,atl,50.750,-48.750,976.86,976.37,21.47,4.77,63.29,63.29,0.00,194706.37,8.73
918900,atl,49.250,-8.250,976.97,976.47,18.48,4.71,48.79,48.79,0.00,0.00,6.43
918900,atl,43.250,3.000,997.22,996.45,4.95,1.94,38.64,38.64,0.00,0.00,11.12
918900,pac,59.750,215.500,961.75,960.31,21.13,6.04,57.37,57.37,0.00,70351.03,14.33
918900,pac,55.250,166.750,1000.05,999.56,11.62,3.88,51.29,51.29,0.00,3936.41,8.15
918900,pac,51.500,172.000,1001.90,1001.52,9.76,2.85,46.54,46.54,0.00,0.00,5.22
918906,atl,69.000,-78.750,979.76,979.46,13.71,3.26,33.46,36.08,0.00,0.00,8.17
918906,atl,67.250,-29.750,991.76,991.23,9.52,2.33,42.09,57.96,0.00,5380.25,16.88
918906,atl,50.500,-48.750,972.13,971.58,22.89,5.21,66.36,66.36,4987.85,264856.76,9.83
918906,atl,48.250,-7.000,979.70,978.86,18.07,4.94,49.13,49.13,0.00,0.00,6.46
918906,atl,31.000,-4.750,1003.68,1002.99,4.32,1.59,30.92,37.45,0.00,0.00,11.31
918906,pac,64.250,232.750,982.51,981.51,7.39,1.54,26.07,29.41,0.00,0.00,13.00
918906,pac,62.500,221.500,973.05,972.60,10.59,2.35,32.47,47.67,0.00,0.00,13.00
918906,pac,60.500,215.500,969.50,968.78,14.31,3.44,48.15,50.76,0.00,1188.23,14.67
918906,pac,54.250,167.750,1002.00,1001.53,10.28,3.36,54.30,54.30,0.00,15562.43,6.72
918906,pac,52.250,175.000,998.60,998.38,11.86,3.34,46.80,46.80,0.00,0.00,5.29
918912,atl,67.250,-30.000,990.85,990.29,10.58,2.86,46.25,56.44,0.00,5327.07,15.94
918912,atl,50.500,-48.500,967.17,966.79,27.43,6.53,67.62,67.62,39218.26,373778.90,12.34
918912,atl,48.000,-7.000,985.33,984.59,16.71,4.43,44.22,44.22,0.00,0.00,6.42
918912,atl,31.250,-2.750,1003.64,1003.25,4.83,1.39,29.92,35.51,0.00,0.00,7.04
918912,pac,64.000,233.250,980.40,979.55,7.44,1.21,22.29,31.25,0.00,0.00,15.15
918912,pac,63.000,222.500,975.10,974.85,10.65,3.26,35.28,40.42,0.00,0.00,15.15
918912,pac,60.500,212.750,976.63,976.05,11.58,2.78,52.46,52.46,0.00,6817.98,14.78
918912,pac,52.750,178.250,997.14,996.87,13.37,3.51,50.91,50.91,0.00,3427.76,6.18
918918,atl,66.750,-29.500,993.10,992.62,8.64,2.18,45.52,55.73,0.00,4278.32,17.13
918918,atl,66.250,-24.500,992.44,992.14,6.19,1.29,36.18,54.06,0.00,5789.25,14.25
918918,atl,51.000,-47.750,963.94,963.20,29.70,7.12,70.37,71.02,122133.50,454661.17,14.63
918918,atl,46.500,-6.750,989.98,989.14,15.00,3.98,44.97,44.97,0.00,0.00,6.13
918918,atl,31.250,-2.500,1002.23,1001.85,5.22,1.29,26.02,26.88,0.00,0.00,11.08
918918,pac,63.750,224.250,979.70,979.44,8.50,2.78,26.30,28.33,0.00,0.00,15.20
918918,pac,62.250,237.000,979.40,979.17,7.89,1.85,35.67,35.67,0.00,0.00,9.91
918918,pac,60.000,214.250,982.18,981.73,9.97,2.28,50.01,50.22,0.00,801.78,11.41
918918,pac,53.000,181.250,995.99,995.60,14.12,3.45,52.00,52.00,0.00,9300.18,5.38
918924,atl,51.250,-46.500,965.75,964.97,28.66,7.07,80.60,80.60,106860.47,421663.65,11.43
918924,atl,46.000,-6.000,995.44,994.75,12.61,3.53,40.45,40.45,0.00,0.00,5.89
918924,pac,63.750,227.000,984.47,983.94,6.12,2.39,22.57,27.05,0.00,0.00,14.05
918924,pac,60.500,213.000,986.68,986.31,10.16,2.38,49.78,49.78,0.00,0.00,12.41
918924,pac,53.500,185.000,998.13,997.92,11.05,2.20,49.43,50.40,0.00,488.94,4.67
918930,atl,63.500,-46.750,995.39,994.72,4.98,2.82,26.52,53.21,0.00,3547.30,14.82
918930,atl,52.750,-44.500,968.55,967.52,25.95,6.59,70.10,70.10,60600.81,274089.70,10.69
918930,atl,45.000,-6.000,999.52,999.00,11.24,3.28,37.75,37.75,0.00,0.00,4.99
918930,atl,37.500,8.500,1000.93,1000.22,5.93,1.76,39.54,39.54,0.00,0.00,5.24
918930,pac,64.000,229.500,988.09,986.57,4.67,1.86,28.80,33.51,0.00,0.00,11.41
918930,pac,60.000,215.250,990.28,989.91,9.50,2.31,47.73,48.62,0.00,0.00,10.72
918930,pac,54.250,188.500,996.42,996.25,11.29,2.61,48.23,48.23,0.00,0.00,6.18
918936,atl,67.250,-59.500,991.01,990.83,4.78,1.02,34.90,34.90,0.00,0.00,6.36
918936,atl,64.500,-44.000,996.66,994.93,5.09,2.92,27.16,31.63,0.00,0.00,21.22
918936,atl,53.500,-45.000,973.65,972.69,23.40,5.83,56.54,59.55,0.00,115963.25,7.50
918936,atl,44.250,-6.750,1004.76,1003.92,9.55,2.99,36.24,36.34,0.00,0.00,5.87
918936,atl,40.750,10.000,1001.41,1001.08,7.97,1.86,39.85,39.85,0.00,0.00,10.85
918936,pac,60.250,214.250,994.44,994.12,8.55,2.30,44.01,45.18,0.00,0.00,8.15
918936,pac,54.250,191.750,997.52,997.38,9.02,1.92,44.51,49.82,0.00,0.00,6.13
918936,pac,49.750,195.500,999.63,999.34,7.92,1.90,46.52,53.01,0.00,17733.92,4.42
918942,atl,63.750,-58.750,989.98,989.88,6.76,1.41,42.35,43.18,0.00,0.00,6.10
918942,atl,53.000,-44.000,977.64,976.77,20.13,5.12,50.34,51.93,0.00,19764.13,6.36
918942,atl,50.000,-78.000,985.91,985.11,13.63,3.24,39.98,41.38,0.00,0.00,5.43
918942,pac,60.500,213.250,998.15,997.84,6.31,1.81,36.98,36.98,0.00,0.00,9.31
918942,pac,56.750,204.000,998.12,997.56,4.64,1.48,33.73,42.03,0.00,0.00,8.19
918942,pac,51.250,199.250,990.73,990.24,13.26,3.46,46.28,48.74,0.00,0.00,7.27
918948,atl,63.000,-57.500,987.04,986.81,11.87,2.98,44.26,46.59,0.00,0.00,6.86
918948,atl,52.750,-42.000,983.59,982.83,16.23,4.18,42.73,43.13,0.00,0.00,4.96
918948,atl,50.000,-76.750,990.06,989.66,12.43,2.94,36.62,39.34,0.00,0.00,5.52
918948,pac,52.750,202.750,982.11,981.46,19.06,4.84,64.09,64.09,494.14,95045.65,8.21
918954,atl,63.750,-56.500,986.28,985.97,14.48,3.93,48.89,48.99,0.00,0.00,8.37
918954,atl,52.750,-39.750,987.44,987.07,12.33,3.21,43.11,43.11,0.00,0.00,4.22
918954,atl,49.750,-73.250,993.82,993.75,9.73,1.97,27.42,32.08,0.00,0.00,4.83
918954,pac,57.750,175.750,999.78,999.50,15.33,3.88,45.34,49.65,0.00,0.00,7.97
918954,pac,53.250,208.000,979.93,979.52,19.39,3.70,66.31,66.38,4889.35,184174.31,9.06
918960,atl,63.750,-55.000,988.62,988.27,14.92,4.20,51.66,51.66,0.00,9027.72,7.50
918960,atl,60.000,-33.500,995.05,994.81,8.26,1.95,37.82,39.87,0.00,0.00,4.05
918960,atl,52.500,-37.000,992.18,991.93,8.86,2.45,37.54,39.54,0.00,0.00,3.62
918960,atl,48.750,-69.000,997.35,997.11,7.76,1.44,28.38,33.89,0.00,0.00,5.12
918960,atl,48.500,-63.250,995.97,995.87,7.32,1.41,24.95,30.58,0.00,0.00,5.03
918960,pac,58.500,178.750,992.98,992.31,20.08,5.18,54.52,54.52,0.00,22504.70,11.35
918960,pac,54.250,209.750,973.14,972.52,23.70,5.13,59.97,68.58,39222.87,205934.36,7.90
918966,atl,63.000,-53.750,991.63,991.26,12.56,3.70,51.00,51.00,0.00,3859.08,6.72
918966,atl,61.000,-33.750,990.81,990.55,10.30,2.58,36.33,37.59,0.00,0.00,4.28
918966,atl,52.750,-34.000,994.93,994.76,5.76,1.65,35.15,35.15,0.00,0.00,2.74
918966,atl,48.500,-60.750,995.05,994.78,9.80,2.24,36.35,36.35,0.00,0.00,5.50
918966,atl,45.250,-26.750,1001.72,1001.53,5.47,1.22,40.87,41.47,0.00,0.00,4.47
918966,pac,59.500,180.000,989.98,988.50,21.54,5.65,56.28,58.44,0.00,59643.59,13.78
918966,pac,55.000,213.750,971.71,971.47,22.43,4.02,60.78,67.73,31660.99,194323.98,7.68
918972,atl,62.250,-33.750,989.17,988.98,10.73,2.75,36.41,36.41,0.00,0.00,6.31
918972,atl,61.500,-51.750,995.93,995.58,9.33,2.76,52.21,52.21,0.00,7100.50,6.10
918972,atl,58.250,-45.000,995.73,995.46,4.93,1.26,35.55,46.25,0.00,0.00,5.17
918972,atl,51.250,-24.750,1000.46,1000.29,4.61,1.11,40.08,44.91,0.00,0.00,4.12
918972,atl,48.000,-60.250,997.17,996.81,10.43,2.69,52.53,52.53,0.00,7003.08,5.87
918972,atl,47.000,-24.000,999.09,998.51,8.57,2.46,49.01,49.01,0.00,0.00,4.14
918972,pac,59.500,178.750,989.93,988.60,19.77,5.63,57.46,57.46,0.00,110783.44,11.23
918972,pac,55.750,217.750,971.78,971.19,21.99,4.18,54.64,62.61,0.00,217161.32,10.95
918972,pac,52.250,163.750,997.89,997.34,14.22,3.09,45.11,50.85,0.00,2514.49,8.01
918978,atl,63.000,-33.750,986.23,986.08,10.58,2.59,42.78,42.78,0.00,0.00,9.88
918978,atl,58.500,-43.500,992.84,992.46,7.17,1.72,38.24,50.16,0.00,398.01,6.38
918978,atl,49.250,-22.250,995.21,994.64,10.96,3.18,45.69,46.29,0.00,0.00,5.78
918978,atl,47.250,-60.750,999.07,998.53,9.93,2.85,51.72,51.72,0.00,4053.29,6.28
918978,atl,47.000,-52.500,998.35,998.21,7.22,1.58,36.30,42.79,0.00,0.00,4.67
918978,pac,60.250,185.250,992.54,991.88,12.93,2.87,54.72,54.72,0.00,41196.83,6.84
918978,pac,58.500,179.250,991.07,990.35,14.20,3.81,54.72,54.72,0.00,51253.54,9.15
918978,pac,58.250,236.750,1001.58,1000.56,6.68,2.04,35.27,37.91,0.00,0.00,10.71
918978,pac,56.750,219.000,973.17,972.72,21.62,4.42,52.72,54.31,0.00,49593.14,16.03
918978,pac,52.250,167.000,989.39,988.20,17.91,4.97,56.24,56.24,0.00,23099.13,9.49
918984,atl,64.250,-32.000,985.69,985.56,10.86,2.08,40.79,44.52,0.00,0.00,18.91
918984,atl,61.000,-46.750,997.59,996.10,5.48,2.02,42.39,44.53,0.00,0.00,14.85
918984,atl,51.500,-21.500,994.42,993.92,11.59,3.32,46.57,46.57,0.00,0.00,5.20
918984,atl,46.750,-50.250,999.14,999.04,7.93,1.71,36.82,40.89,0.00,0.00,4.95
918984,atl,42.250,-49.500,1000.16,999.84,5.15,1.29,43.96,43.96,0.00,0.00,3.42
918984,pac,61.000,188.250,991.22,990.79,11.92,2.97,50.20,50.20,0.00,1469.00,6.72
918984,pac,58.500,237.750,998.70,997.86,6.39,2.01,31.78,45.03,0.00,0.00,9.88
918984,pac,57.500,179.750,990.30,989.86,8.26,1.87,49.45,50.42,0.00,2525.28,5.52
918984,pac,57.500,221.500,977.25,976.88,18.40,4.16,55.84,55.84,0.00,67915.18,17.44
918984,pac,53.000,177.500,985.37,984.48,12.70,2.89,54.16,56.74,0.00,116221.52,6.53
918990,atl,67.500,-19.000,988.98,988.78,9.93,2.06,50.42,50.42,0.00,1117.18,15.42
918990,atl,63.500,-33.500,984.65,984.57,11.48,2.30,37.26,49.23,0.00,0.00,22.22
918990,atl,53.250,-21.000,996.37,996.01,8.44,2.50,40.90,46.12,0.00,0.00,3.88
918990,atl,43.500,-47.750,996.93,996.67,6.90,1.58,36.53,39.83,0.00,0.00,3.09
918990,pac,60.000,216.500,982.01,981.24,16.79,4.59,55.79,56.82,0.00,138241.13,18.51
918990,pac,54.000,184.500,978.42,977.66,14.54,3.21,55.59,56.19,0.00,151818.23,6.09
918996,atl,63.250,-33.750,983.90,983.71,14.08,2.90,52.42,53.80,0.00,7153.84,20.75
918996,atl,49.000,-17.500,999.77,999.47,8.55,2.42,43.39,43.39,0.00,0.00,4.12
918996,atl,43.000,-45.750,998.16,998.02,6.06,1.27,40.88,43.92,0.00,0.00,3.27
918996,atl,38.250,-52.500,997.98,997.87,5.46,1.20,36.16,41.57,0.00,0.00,2.88
918996,pac,61.250,225.500,989.21,988.95,11.53,2.26,44.83,54.11,0.00,12006.76,16.29
918996,pac,60.750,218.250,988.85,987.75,11.49,3.07,49.64,54.11,0.00,16576.84,16.29
918996,pac,58.250,236.750,997.36,996.18,5.21,1.60,40.57,40.57,0.00,0.00,10.91
918996,pac,55.750,190.750,967.21,966.04,20.54,5.40,54.67,57.82,0.00,96720.71,9.36
919002,atl,67.000,-58.000,1001.94,1001.78,6.66,1.53,30.26,30.56,0.00,0.00,7.92
919002,atl,63.000,-33.250,983.09,982.86,14.78,3.27,57.99,59.50,0.00,24822.40,18.80
919002,atl,48.500,-17.250,1000.22,1000.09,7.77,2.09,40.14,40.14,0.00,0.00,3.41
919002,atl,42.750,-44.750,995.50,995.38,6.73,1.28,45.11,45.11,0.00,0.00,4.18
919002,atl,37.750,-49.500,991.64,991.33,8.19,1.81,37.09,41.93,0.00,0.00,3.08
919002,pac,64.000,228.000,992.39,991.56,10.12,3.09,31.12,37.07,0.00,0.00,13.70
919002,pac,58.500,239.000,999.17,998.55,5.21,1.41,43.82,43.82,0.00,0.00,12.47
919002,pac,56.500,193.500,958.13,957.28,26.57,6.86,55.49,61.94,0.00,122998.03,11.28
919008,atl,68.000,-56.000,1002.14,1002.01,7.16,1.69,31.14,31.27,0.00,0.00,9.86
919008,atl,62.500,-31.500,983.90,983.61,12.92,2.86,48.34,57.79,0.00,17544.98,7.65
919008,atl,47.000,-15.000,1002.65,1002.23,7.62,1.97,41.06,41.06,0.00,0.00,3.85
919008,atl,38.250,-48.250,990.53,990.24,8.66,1.88,42.13,50.34,0.00,1215.82,4.38
919008,pac,64.500,229.250,998.13,996.32,6.00,1.93,25.43,32.96,0.00,0.00,10.48
919008,pac,63.250,233.000,997.88,996.84,6.42,1.40,34.18,37.32,0.00,0.00,10.48
919008,pac,61.500,236.000,998.08,996.92,6.02,1.57,37.32,37.32,0.00,0.00,9.86
919008,pac,57.000,197.000,955.56,954.65,26.45,5.93,60.59,60.84,0.00,188854.68,15.10
919014,atl,68.750,-55.250,1001.61,1001.17,7.44,2.07,34.87,35.38,0.00,0.00,9.48
919014,atl,65.250,-17.250,984.18,983.54,13.23,2.69,44.97,54.39,0.00,34324.65,7.84
919014,atl,62.250,-27.750,983.81,983.60,11.39,2.02,49.19,52.96,0.00,15365.62,7.11
919014,atl,40.000,-47.000,989.73,989.47,7.40,1.51,43.28,48.13,0.00,0.00,4.26
919014,pac,58.000,200.250,954.50,953.55,26.07,6.11,61.95,62.85,0.00,258624.17,24.07
919020,atl,67.250,-18.750,981.08,980.62,16.73,3.81,68.13,68.13,14686.34,100994.51,20.01
919020,atl,58.750,-61.250,1002.72,1002.58,4.96,1.00,24.54,31.29,0.00,0.00,3.09
919020,atl,48.250,-64.500,1003.11,1003.03,4.65,0.83,22.18,33.59,0.00,0.00,4.74
919020,atl,43.500,-45.500,990.10,989.86,8.53,1.54,43.57,45.38,0.00,0.00,4.39
919020,atl,42.750,-67.500,1003.35,1003.24,6.76,1.32,36.23,43.73,0.00,0.00,7.82
919020,pac,59.000,203.000,960.57,959.58,19.83,4.39,56.91,61.46,0.00,248786.68,8.86
919026,atl,68.000,-18.000,979.39,979.10,17.76,4.11,69.92,69.92,16184.37,122512.13,22.05
919026,atl,57.500,-60.500,999.50,999.37,6.55,1.37,30.04,30.34,0.00,0.00,3.58
919026,atl,48.500,-45.000,986.16,985.52,14.04,3.12,52.30,52.30,0.00,4421.22,6.92
919026,atl,41.500,-62.250,994.16,993.62,9.34,2.57,51.14,51.14,0.00,5789.86,4.51
919026,pac,62.500,221.250,972.77,971.75,13.86,4.12,63.37,63.37,0.00,10082.25,13.43
919026,pac,61.250,210.250,966.33,965.94,13.48,2.36,48.63,60.78,0.00,57764.32,12.84
919032,atl,67.750,-29.750,994.62,994.37,7.52,2.75,47.85,68.22,11761.83,74840.57,20.18
919032,atl,58.750,-59.750,998.18,998.10,7.99,1.67,34.54,34.54,0.00,0.00,4.54
919032,atl,51.000,-46.000,978.92,977.60,17.69,4.71,54.83,54.83,0.00,26463.42,7.92
919032,atl,41.250,-57.500,983.73,982.16,14.08,4.17,68.02,68.02,5840.96,225839.23,10.51
919032,pac,65.000,220.500,974.63,973.85,9.06,1.55,36.68,50.11,0.00,368.73,13.15
919032,pac,62.500,219.250,974.95,973.04,7.78,1.54,50.43,56.22,0.00,10324.26,13.15
919032,pac,62.250,212.750,972.30,971.45,10.57,2.32,50.11,59.18,0.00,31195.56,20.76
919038,atl,66.750,-28.500,996.50,996.40,6.91,1.78,47.71,62.70,0.00,39484.44,17.42
919038,atl,64.250,-11.250,987.19,987.05,8.11,1.76,47.88,51.75,0.00,2957.25,12.54
919038,atl,61.000,-60.000,996.24,996.17,10.54,2.36,38.40,43.40,0.00,0.00,5.24
919038,atl,52.750,-47.250,973.81,972.94,17.89,4.69,51.14,53.25,0.00,11028.26,7.46
919038,atl,41.750,-53.000,970.75,967.90,19.63,6.18,79.23,79.23,23347.80,328534.87,17.72
919038,pac,65.500,220.500,977.52,977.07,7.54,1.74,22.63,45.71,0.00,0.00,17.79
919038,pac,64.500,233.500,975.98,974.74,12.01,2.71,44.79,47.04,0.00,0.00,10.04
919038,pac,62.250,213.000,977.88,977.31,10.15,2.86,45.71,58.44,0.00,21659.00,21.42
919044,atl,61.500,-60.000,994.71,994.60,10.83,2.84,51.33,51.33,0.00,2368.28,7.27
919044,atl,54.000,-47.750,973.47,973.04,16.25,3.89,43.63,49.45,0.00,0.00,7.08
919044,atl,42.500,-49.000,966.34,965.39,19.89,5.84,73.47,73.47,13887.92,220754.84,12.26
919044,pac,64.250,239.500,976.60,976.45,13.11,2.38,36.67,43.50,0.00,0.00,9.70
919044,pac,62.250,213.250,986.28,985.52,8.31,2.79,36.11,55.96,0.00,12776.50,18.87
919044,pac,60.000,211.750,986.46,986.02,12.22,3.19,55.96,55.96,0.00,14875.24,18.87
919044,pac,49.250,215.250,1002.38,1001.36,10.19,3.06,57.76,57.76,0.00,99731.30,5.57
919044,pac,38.750,201.000,1002.40,1002.00,7.72,1.60,44.47,44.81,0.00,0.00,3.15
919050,atl,61.000,-59.250,993.11,993.00,8.66,2.48,49.96,49.96,0.00,0.00,7.66
919050,atl,54.750,-47.750,974.53,974.30,13.62,2.94,41.88,55.59,0.00,21702.69,5.85
919050,atl,44.000,-47.750,962.38,961.09,22.45,5.95,56.91,63.14,0.00,136845.60,9.22
919050,pac,63.000,223.000,990.77,990.41,4.62,1.91,28.04,40.33,0.00,0.00,12.22
919050,pac,60.000,212.750,990.27,989.82,11.79,3.08,53.93,53.93,0.00,9612.67,17.94
919050,pac,51.750,221.750,1001.25,1000.61,10.02,2.91,50.69,55.47,0.00,10955.79,5.29
919050,pac,41.000,205.750,1000.80,999.87,11.33,2.88,58.81,58.81,0.00,25969.04,4.95
919056,atl,56.250,-40.250,982.30,982.02,7.81,1.55,40.13,64.37,796.01,47968.55,20.43
919056,atl,56.000,-48.000,976.22,975.96,12.89,2.97,56.87,64.37,796.01,46568.10,16.60
919056,atl,44.250,-47.000,965.14,963.40,23.09,6.56,63.12,63.12,0.00,317507.09,10.29
919056,atl,44.000,-78.000,993.09,992.15,10.05,2.83,41.28,47.92,0.00,0.00,5.60
919056,atl,39.000,-74.500,1001.72,1001.31,5.75,1.69,38.97,42.72,0.00,0.00,4.54
919056,pac,62.750,224.000,992.56,992.13,5.46,2.35,22.28,31.97,0.00,0.00,13.92
919056,pac,60.250,213.250,990.06,989.10,14.24,4.47,54.47,54.47,0.00,16116.09,14.91
919056,pac,54.500,228.250,999.74,999.22,6.51,2.10,50.00,53.08,0.00,1870.88,15.19
919056,pac,44.000,210.750,1000.70,999.50,12.13,3.28,61.95,61.95,0.00,63600.88,6.59
919056,pac,38.000,205.000,1004.06,1003.87,6.65,1.54,48.44,51.16,0.00,1173.04,3.82
919062,atl,65.500,-52.500,987.52,987.01,13.44,3.09,52.05,53.10,0.00,28381.34,14.62
919062,atl,59.000,-39.750,982.64,982.16,9.92,2.96,62.02,62.02,0.00,63966.02,26.02
919062,atl,57.500,-49.750,977.90,977.55,12.65,3.23,57.43,62.02,0.00,46506.78,26.02
919062,atl,50.250,-44.000,977.79,977.42,9.46,2.40,43.92,49.34,0.00,0.00,5.29
919062,atl,45.750,-74.250,986.37,985.70,10.87,2.62,44.57,50.10,0.00,560.55,5.44
919062,atl,44.250,-45.000,968.80,967.62,22.13,6.46,64.88,64.88,11332.95,315992.86,10.91
919062,atl,42.000,-70.250,990.64,989.35,10.46,2.98,53.41,53.41,0.00,5803.25,5.92
919062,pac,60.250,213.750,993.26,992.10,13.86,4.39,51.09,51.09,0.00,6970.13,15.63
919062,pac,56.750,237.500,995.61,994.76,7.03,1.77,50.68,51.75,0.00,3160.36,21.86
919062,pac,47.000,217.250,1003.30,1002.18,11.88,3.35,62.66,62.66,0.00,43815.33,6.74
919068,atl,63.500,-48.500,985.33,984.90,9.23,3.30,51.53,53.23,0.00,9285.42,21.59
919068,atl,61.000,-38.000,987.28,986.90,9.03,3.31,53.87,57.34,0.00,25303.32,21.59
919068,atl,58.750,-50.250,980.73,980.06,11.74,3.06,54.95,57.34,0.00,39331.58,21.59
919068,atl,52.500,-43.500,981.47,981.17,9.72,2.27,42.99,42.99,0.00,0.00,4.32
919068,atl,47.500,-72.000,982.63,982.22,11.21,2.68,32.28,42.17,0.00,0.00,6.51
919068,atl,44.750,-42.500,977.67,976.80,19.20,5.42,62.89,62.89,0.00,240551.33,9.28
919068,atl,44.000,-67.750,981.44,979.81,14.77,4.02,53.02,58.60,0.00,33673.98,6.98
919068,pac,60.000,214.250,998.76,998.04,11.03,3.33,47.24,47.24,0.00,0.00,14.22
919068,pac,56.500,237.500,998.51,997.70,5.93,1.30,41.27,47.26,0.00,0.00,19.82
919068,pac,50.750,226.500,1004.93,1004.46,8.74,2.37,50.23,51.30,0.00,3099.82,8.59
919074,atl,65.750,-49.500,985.36,984.77,11.53,3.76,50.94,50.94,0.00,3383.35,14.84
919074,atl,59.250,-50.000,983.99,983.33,8.98,2.20,52.38,59.03,0.00,22944.85,18.54
919074,atl,57.000,-43.500,980.84,980.27,11.71,2.86,59.03,59.03,0.00,22944.85,18.54
919074,atl,46.750,-65.250,972.03,970.79,19.58,5.16,52.34,60.42,0.00,23230.99,10.82
919074,atl,46.500,-40.000,984.77,983.91,15.37,4.16,53.94,53.94,0.00,27099.42,6.03
919074,pac,59.750,215.500,1002.96,1002.27,8.98,2.84,43.59,43.59,0.00,0.00,12.34
919074,pac,56.250,239.750,998.37,998.00,6.42,1.40,41.33,45.07,0.00,0.00,27.79
919080,atl,59.250,-49.500,990.16,989.62,4.64,1.14,45.83,55.10,0.00,8669.12,7.96
919080,atl,58.000,-43.250,983.02,982.12,11.94,3.37,55.10,55.10,0.00,9748.56,7.96
919080,atl,49.250,-38.250,992.01,991.50,12.16,3.33,49.56,49.56,0.00,0.00,5.15
919080,atl,48.250,-64.500,966.30,964.44,24.57,6.71,55.58,57.57,0.00,30198.94,9.38
919080,pac,39.500,210.250,1004.98,1004.64,7.15,1.62,42.94,44.64,0.00,0.00,2.81
919086,atl,67.500,-36.750,989.92,988.11,5.60,2.25,50.28,50.28,0.00,323.53,17.47
919086,atl,64.000,-37.000,985.56,984.72,10.79,3.38,50.28,50.28,0.00,323.53,17.47
919086,atl,62.750,-43.750,990.79,989.87,4.24,0.80,47.37,50.28,0.00,323.53,10.23
919086,atl,59.750,-39.750,988.68,988.31,7.60,1.87,39.31,47.37,0.00,0.00,8.28
919086,atl,52.000,-36.750,997.17,996.93,8.49,2.36,46.07,46.07,0.00,0.00,4.31
919086,atl,49.250,-62.750,967.59,966.49,22.41,6.06,54.36,55.98,0.00,40918.46,9.08
919092,atl,64.750,-35.750,986.22,985.36,10.73,2.73,39.68,39.68,0.00,0.00,13.39
919092,atl,50.500,-60.500,969.87,968.88,19.08,5.00,53.80,53.80,0.00,13586.32,7.93
919092,atl,49.750,-79.000,990.79,990.51,5.89,1.71,25.55,31.82,0.00,0.00,3.05
919092,pac,61.250,193.000,1003.96,1003.41,9.72,2.21,37.50,39.05,0.00,0.00,7.85
919092,pac,58.000,194.500,1002.11,1000.80,10.74,2.91,38.76,39.21,0.00,0.00,7.85
919092,pac,42.000,213.000,1003.70,1003.50,7.27,1.56,37.48,40.36,0.00,0.00,2.98
919098,atl,69.000,-27.250,986.09,984.26,9.63,2.85,38.81,42.96,0.00,0.00,20.32
919098,atl,65.500,-32.500,986.70,986.39,11.13,2.36,39.46,46.77,0.00,0.00,21.69
919098,atl,62.750,-44.000,991.64,990.54,6.00,2.48,42.02,46.77,0.00,0.00,18.09
919098,atl,52.500,-58.250,972.29,971.75,14.69,3.36,57.45,57.45,0.00,3893.15,6.30
919098,atl,48.750,-74.000,989.16,988.56,6.23,1.78,40.72,42.68,0.00,0.00,4.00
919098,pac,60.750,192.250,1002.25,1002.00,10.83,2.11,39.39,42.25,0.00,0.00,11.62
919098,pac,59.000,197.000,997.72,996.47,14.38,4.09,38.68,38.68,0.00,0.00,11.62
919098,pac,43.750,214.750,1002.15,1001.81,8.18,1.69,46.28,47.35,0.00,0.00,3.47
919098,pac,38.000,205.000,1003.31,1002.72,5.09,1.15,43.63,43.63,0.00,0.00,4.13
919104,atl,68.000,-29.250,989.33,988.33,10.85,3.22,43.20,43.20,0.00,0.00,21.10
919104,atl,67.500,-25.250,989.12,988.88,9.60,2.05,40.38,43.20,0.00,0.00,21.10
919104,atl,66.750,-35.500,992.79,991.00,7.45,3.15,43.20,43.20,0.00,0.00,21.10
919104,atl,64.500,-44.250,991.87,990.89,7.39,2.75,40.46,40.81,0.00,0.00,16.43
919104,atl,56.250,-59.250,973.36,973.15,13.04,2.28,44.19,44.99,0.00,0.00,6.30
919104,pac,60.500,198.250,998.64,997.75,14.03,3.66,36.23,39.64,0.00,0.00,16.22
919104,pac,60.000,191.500,1002.01,1001.67,10.06,2.14,42.49,43.87,0.00,0.00,8.86
919104,pac,56.000,196.250,1003.44,1002.92,7.05,1.59,41.57,41.57,0.00,0.00,5.86
919104,pac,44.750,215.000,999.57,999.33,7.66,1.47,40.99,48.04,0.00,0.00,3.63
919104,pac,39.500,208.000,999.24,998.93,6.69,1.50,41.60,41.60,0.00,0.00,3.70
919110,atl,67.750,-36.250,995.07,993.88,8.41,3.68,34.12,36.71,0.00,0.00,28.63
919110,atl,58.250,-58.000,972.53,972.39,14.33,2.48,46.10,50.62,0.00,6527.14,6.52
919110,pac,61.750,197.000,1000.24,999.51,12.29,2.92,44.03,44.03,0.00,0.00,16.92
919110,pac,58.750,193.250,1001.53,1001.20,7.90,1.55,41.50,44.03,0.00,0.00,5.73
919110,pac,57.750,201.000,1000.08,999.88,9.36,2.26,40.81,41.62,0.00,0.00,11.12
919110,pac,46.250,216.500,999.26,999.04,7.51,1.54,38.48,41.21,0.00,0.00,3.20
919110,pac,45.000,171.500,1003.88,1003.20,11.08,2.76,41.88,43.42,0.00,0.00,6.32
919110,pac,41.250,210.250,998.19,997.62,8.64,2.07,47.74,47.74,0.00,0.00,3.32
919116,atl,60.000,-59.000,973.46,973.30,16.28,3.43,49.95,50.97,0.00,10564.78,7.45
919116,atl,46.250,-80.000,998.39,997.81,9.13,2.27,30.04,36.94,0.00,0.00,4.40
919116,pac,58.500,195.500,999.88,999.64,7.47,1.23,38.10,44.56,0.00,0.00,4.60
919116,pac,58.500,202.250,997.73,997.44,10.07,2.36,44.25,44.25,0.00,0.00,17.63
919116,pac,51.000,229.250,1001.14,1000.70,11.02,2.63,37.38,38.00,0.00,0.00,12.50
919116,pac,47.500,217.500,996.34,995.96,9.20,2.26,30.75,33.26,0.00,0.00,3.89
919116,pac,45.250,174.000,1002.68,1002.17,10.52,2.61,43.97,44.64,0.00,0.00,6.10
919116,pac,42.250,212.250,997.69,996.80,8.68,2.13,42.87,42.87,0.00,0.00,5.12
919116,pac,41.750,177.750,1003.00,1002.59,9.00,2.16,44.64,44.64,0.00,0.00,5.27
919122,atl,60.250,-59.250,976.30,975.99,16.77,3.92,51.70,53.21,0.00,43522.74,8.23
919122,atl,54.000,-50.500,987.43,987.02,10.86,2.74,49.90,54.46,0.00,20989.53,5.30
919122,atl,46.000,-75.250,997.99,997.47,9.36,2.42,40.25,40.25,0.00,0.00,5.22
919122,pac,59.750,202.000,996.52,996.08,9.56,2.02,40.01,40.01,0.00,0.00,14.77
919122,pac,58.750,197.500,998.03,997.84,7.82,1.14,33.74,45.19,0.00,0.00,7.87
919122,pac,49.000,219.500,996.41,995.85,9.53,2.33,33.62,35.13,0.00,0.00,5.15
919122,pac,43.500,179.500,996.45,995.83,13.14,3.25,43.64,43.64,0.00,0.00,7.04
919122,pac,43.500,215.000,999.21,998.56,8.44,2.19,42.28,42.28,0.00,0.00,4.79
919128,atl,66.500,-30.500,1001.94,1001.09,5.34,2.03,38.54,38.54,0.00,0.00,12.98
919128,atl,60.250,-58.500,980.50,980.29,16.68,4.14,53.93,53.93,0.00,32212.32,8.57
919128,atl,56.750,-48.250,986.99,986.47,12.85,3.21,51.16,53.29,0.00,14113.32,6.67
919128,atl,46.250,-70.500,1001.08,1000.58,7.72,1.84,31.65,32.33,0.00,0.00,4.80
919128,pac,60.500,202.000,996.67,996.18,7.79,1.36,33.55,36.34,0.00,0.00,12.58
919128,pac,59.000,207.250,997.45,996.86,7.37,1.70,36.30,36.34,0.00,0.00,14.72
919128,pac,52.250,224.500,996.86,996.45,9.39,2.00,34.08,39.97,0.00,0.00,10.79
919128,pac,44.500,181.750,990.46,989.30,16.63,4.48,48.38,48.38,0.00,0.00,8.41
919134,atl,60.500,-57.750,983.84,983.60,15.81,3.93,51.67,51.67,0.00,23215.17,7.44
919134,atl,58.750,-45.750,987.22,986.72,13.18,3.64,54.04,54.04,0.00,50113.56,10.01
919134,atl,47.250,-65.500,1001.23,1001.11,8.18,1.67,33.39,35.39,0.00,0.00,5.78
919134,pac,60.000,209.500,997.30,997.02,7.46,1.81,35.05,35.05,0.00,0.00,17.17
919134,pac,58.750,198.000,997.73,997.42,6.49,1.34,30.47,40.52,0.00,0.00,3.90
919134,pac,53.750,228.000,999.26,998.96,9.23,2.48,51.70,54.39,0.00,2319.93,9.90
919134,pac,44.750,182.750,988.16,987.46,16.33,4.22,54.18,54.18,0.00,13087.80,8.43
919140,atl,61.500,-27.000,998.55,998.26,6.14,1.47,40.37,45.01,0.00,0.00,3.75
919140,atl,61.000,-57.000,988.60,988.32,14.18,3.17,47.17,48.61,0.00,0.00,7.88
919140,atl,60.000,-39.750,991.78,991.60,12.20,3.40,60.00,60.00,0.00,134352.87,7.57
919140,atl,49.750,-62.500,999.12,998.83,9.77,2.35,32.24,32.94,0.00,0.00,6.54
919140,pac,62.500,208.750,997.79,997.02,8.38,2.09,21.74,33.22,0.00,0.00,19.30
919140,pac,59.500,195.250,1000.37,1000.26,6.61,1.20,39.83,40.60,0.00,0.00,4.17
919140,pac,58.750,200.000,1000.04,999.79,4.23,0.95,29.59,32.74,0.00,0.00,4.86
919140,pac,53.250,229.500,1002.96,1002.69,7.05,1.91,48.80,51.57,0.00,948.87,7.18
919140,pac,47.000,188.000,988.17,987.45,15.13,3.55,50.65,52.22,0.00,9685.50,6.86
919140,pac,44.000,185.000,988.94,988.69,12.66,3.18,51.39,51.39,0.00,7019.60,6.57
919146,atl,68.500,-27.750,994.80,994.03,5.52,2.42,40.50,40.50,0.00,0.00,15.99
919146,atl,63.250,-24.000,989.07,988.59,11.15,3.20,45.81,56.79,0.00,15298.90,5.13
919146,atl,61.750,-56.250,992.74,992.46,12.98,2.87,45.55,46.12,0.00,0.00,6.91
919146,atl,61.500,-32.750,994.09,993.96,9.43,2.05,65.51,66.82,9154.08,198683.85,6.88
919146,atl,50.750,-60.000,993.48,993.25,13.02,2.89,39.52,40.72,0.00,0.00,6.92
919146,pac,63.750,212.500,1001.15,999.75,6.19,2.42,20.48,26.76,0.00,0.00,18.22
919146,pac,61.000,208.250,1001.33,1001.05,5.62,1.21,26.76,27.39,0.00,0.00,18.22
919146,pac,60.250,212.000,1002.14,1001.80,6.05,0.97,27.09,48.19,0.00,0.00,18.22
919146,pac,59.000,195.500,1002.73,1002.58,5.55,1.39,34.59,37.14,0.00,0.00,3.53
919146,pac,49.000,191.250,985.34,984.69,17.17,4.10,56.31,56.31,0.00,80504.19,6.99
919146,pac,37.000,193.500,1000.24,998.08,6.85,2.09,56.30,56.30,0.00,18814.60,7.40
919152,atl,67.250,-49.000,1001.01,1000.72,5.54,2.02,36.46,41.84,0.00,0.00,12.12
919152,atl,63.750,-21.750,985.45,984.81,14.90,3.91,45.86,58.61,0.00,35724.99,8.80
919152,atl,62.500,-56.000,996.93,996.87,10.22,2.60,43.10,43.10,0.00,0.00,5.33
919152,atl,53.500,-57.000,985.76,985.20,18.17,4.46,42.62,43.96,0.00,0.00,6.23
919152,pac,59.500,218.000,1002.33,1001.16,10.49,3.63,50.53,50.53,0.00,2405.35,12.10
919152,pac,49.250,191.750,981.76,981.26,17.43,4.04,55.86,59.23,0.00,123033.57,7.65
919152,pac,42.500,227.250,1004.80,1004.28,8.45,2.12,35.53,40.17,0.00,0.00,3.49
919152,pac,39.500,195.500,997.40,995.04,6.61,1.97,59.77,64.40,615.13,46961.74,6.38
919158,atl,68.000,-48.750,1002.62,1002.10,5.08,2.13,35.28,41.47,0.00,0.00,13.51
919158,atl,65.000,-12.750,984.12,983.76,16.48,3.37,39.28,58.81,0.00,15155.85,9.32
919158,atl,56.000,-56.500,972.58,971.39,26.84,7.40,62.53,62.53,0.00,44330.04,14.02
919158,atl,42.500,7.750,1003.37,1003.18,6.10,1.68,32.06,32.06,0.00,0.00,11.96
919158,pac,50.000,193.250,979.55,978.99,18.23,4.60,54.60,63.94,0.00,76802.77,9.27
919158,pac,44.250,228.000,1003.59,1002.95,11.41,2.81,37.55,44.84,0.00,0.00,3.76
919158,pac,41.750,197.250,995.99,995.27,7.26,1.99,62.53,62.53,0.00,26338.20,6.59
919164,atl,65.750,-9.500,988.08,987.86,16.01,3.93,58.29,58.29,0.00,17220.33,12.12
919164,atl,58.000,-53.750,964.84,963.89,30.48,7.59,74.12,74.12,63579.61,358639.92,14.56
919164,atl,43.000,8.500,1001.74,1001.48,7.43,1.73,32.97,39.00,0.00,0.00,9.56
919164,pac,51.000,194.500,977.05,976.49,19.15,5.13,53.83,53.83,0.00,19268.21,10.29
919164,pac,44.750,227.750,1001.81,1001.33,13.94,3.77,45.30,45.30,0.00,0.00,5.94
919164,pac,44.250,201.250,996.07,994.57,8.20,2.73,65.29,65.29,1653.53,47347.54,5.28
919170,atl,67.500,-4.500,994.17,993.88,12.88,3.13,51.27,53.74,0.00,36202.62,7.27
919170,atl,66.000,-49.250,974.85,973.47,20.12,5.87,69.44,69.44,8316.67,234793.83,17.61
919170,atl,65.250,-6.250,994.20,994.00,13.04,3.43,53.74,53.74,0.00,47992.20,10.53
919170,atl,62.000,-41.000,986.64,985.48,9.70,3.71,54.45,67.94,3567.57,136192.63,13.00
919170,atl,61.000,-50.750,969.02,968.29,23.67,6.11,69.88,69.88,25061.70,324255.52,12.12
919170,atl,42.500,10.000,999.58,999.29,9.21,2.31,43.30,44.28,0.00,0.00,11.90
919170,pac,52.500,195.500,974.95,974.51,21.03,5.55,55.64,55.64,0.00,124031.05,8.95
919170,pac,48.500,203.500,994.75,993.48,7.86,2.94,63.71,63.71,0.00,56543.35,6.71
919170,pac,44.000,226.250,1002.08,1001.21,14.73,4.05,54.57,54.57,0.00,21216.92,6.60
919170,pac,42.750,203.000,1001.93,1001.54,5.28,1.43,49.42,54.33,0.00,7407.89,4.33
919170,pac,36.250,185.250,1004.67,1004.37,5.63,1.49,36.28,36.28,0.00,0.00,4.47
919176,atl,65.250,-50.250,977.77,977.54,13.13,3.98,58.86,58.86,0.00,55531.92,15.62
919176,atl,64.750,-39.250,976.58,973.93,17.87,6.10,62.72,62.72,0.00,117871.09,23.22
919176,atl,63.750,-3.750,1003.19,1003.03,8.61,2.48,49.18,49.18,0.00,0.00,5.93
919176,pac,54.000,195.750,975.84,975.29,20.82,5.44,54.08,54.08,0.00,88525.31,9.29
919176,pac,42.750,226.000,1002.52,1001.71,13.73,3.72,45.60,45.60,0.00,0.00,6.12
919176,pac,42.250,205.500,1001.63,1001.31,7.79,2.03,54.38,54.38,0.00,6273.97,5.05
919176,pac,36.250,190.250,1003.55,1003.35,5.59,1.25,44.38,44.38,0.00,0.00,4.18
919176,pac,36.000,187.250,1003.71,1003.19,6.68,1.60,44.38,44.38,0.00,0.00,4.18
919182,atl,66.750,-31.750,983.98,982.40,13.60,3.52,61.20,61.20,0.00,59866.28,13.62
919182,atl,65.000,-38.000,982.29,981.32,13.25,2.91,56.72,61.20,0.00,124278.53,14.88
919182,atl,53.000,9.250,1002.97,1002.87,8.74,1.76,32.24,33.64,0.00,0.00,3.90
919182,pac,55.500,196.000,977.22,976.63,20.85,5.26,52.61,52.61,0.00,66667.63,7.65
919182,pac,48.500,207.000,1002.88,1002.33,6.12,1.82,57.78,57.78,0.00,14423.15,5.22
919182,pac,45.750,207.250,1001.89,1000.92,8.89,2.65,57.78,57.78,0.00,14423.15,5.22
919182,pac,37.500,193.000,1000.14,999.50,9.51,2.59,50.36,50.36,0.00,615.13,5.70
919188,atl,68.750,-21.750,985.74,984.67,15.87,4.33,47.94,47.94,0.00,0.00,15.37
919188,atl,67.000,-30.250,985.31,984.38,12.64,3.13,47.94,54.21,0.00,24104.45,15.37
919188,pac,56.500,195.500,978.74,978.16,20.37,4.98,50.87,51.63,0.00,15501.70,7.24
919188,pac,40.500,210.000,1002.94,1001.47,8.53,2.77,49.56,49.56,0.00,0.00,7.04
919188,pac,38.250,195.250,995.36,994.58,12.98,3.54,54.71,54.71,0.00,8479.06,7.78
919194,atl,67.000,-27.750,987.60,986.79,11.29,2.71,49.48,62.36,0.00,15215.03,17.49
919194,atl,43.000,10.000,1001.42,1001.19,6.23,0.75,27.39,40.25,0.00,0.00,15.68
919194,pac,57.000,195.000,980.17,979.54,19.89,4.92,48.54,49.08,0.00,0.00,6.48
919194,pac,42.000,211.000,1001.34,999.94,9.43,3.28,48.21,48.21,0.00,0.00,6.70
919194,pac,39.000,198.000,991.96,991.17,15.95,4.38,75.15,75.15,13308.64,84045.84,11.08
919200,atl,66.500,-25.500,990.44,989.91,8.38,1.68,46.70,60.91,0.00,24694.92,15.34
919200,atl,58.750,-80.000,988.31,988.10,16.56,3.37,44.30,52.89,0.00,20166.36,8.42
919200,atl,41.250,7.000,1003.34,1003.20,5.11,1.07,43.18,43.18,0.00,0.00,10.33
919200,pac,62.750,206.750,1000.99,999.11,6.53,1.53,48.32,53.29,0.00,689.62,14.43
919200,pac,57.500,195.250,984.52,983.88,17.66,4.52,44.91,44.91,0.00,0.00,5.56
919200,pac,44.000,211.000,999.73,999.09,6.83,2.19,42.28,42.28,0.00,0.00,4.46
919200,pac,42.000,201.500,988.91,988.20,16.10,4.22,68.78,68.78,7758.04,115850.83,10.10
919206,atl,66.500,-24.000,992.39,991.55,5.77,1.23,47.07,58.27,0.00,34526.40,17.60
919206,atl,58.750,-77.750,988.26,988.07,14.73,2.99,43.82,50.45,0.00,875.40,7.66
919206,atl,41.000,7.500,1003.31,1003.17,5.43,1.19,40.02,44.38,0.00,0.00,8.69
919206,pac,64.500,212.250,1002.47,1001.83,9.31,2.78,44.99,46.77,0.00,0.00,17.39
919206,pac,58.500,195.750,990.78,990.16,14.45,3.77,41.33,41.33,0.00,0.00,5.36
919206,pac,43.250,203.250,984.25,983.87,18.64,4.89,69.79,70.19,27369.21,203912.26,11.31
919212,atl,59.500,-74.500,989.63,989.49,12.17,2.06,39.50,42.67,0.00,0.00,5.98
919212,atl,40.750,7.250,1004.94,1004.73,4.80,1.20,38.01,39.27,0.00,0.00,10.52
919212,pac,59.250,196.000,996.60,996.14,11.52,3.07,30.89,32.57,0.00,0.00,5.26
919212,pac,44.500,205.250,979.08,978.96,20.65,4.83,71.98,71.98,44725.69,254055.58,10.09
919218,atl,62.000,-69.750,991.10,990.80,10.42,1.89,35.01,38.17,0.00,0.00,6.52
919218,atl,36.000,-50.750,1003.15,1002.33,11.17,2.92,58.68,58.68,0.00,62235.94,7.41
919218,pac,60.000,195.750,1000.82,1000.29,8.97,2.42,25.34,28.50,0.00,0.00,4.58
919218,pac,45.500,207.750,976.14,975.83,21.24,4.76,66.26,66.26,16733.20,364069.54,9.42
919224,atl,62.250,-69.250,993.33,993.05,9.80,2.08,38.24,40.96,0.00,0.00,7.44
919224,atl,38.000,-50.000,1003.92,1003.45,11.63,2.61,48.68,48.78,0.00,0.00,5.57
919224,pac,60.500,195.500,1004.07,1003.80,6.19,1.79,24.02,27.63,0.00,0.00,3.78
919224,pac,47.000,209.500,972.94,972.61,21.45,4.89,71.40,71.40,91084.05,316640.81,8.71
919230,atl,69.000,5.250,965.56,965.14,15.51,3.13,61.40,68.51,35304.65,152918.43,8.68
919230,atl,68.500,-61.000,992.20,991.46,13.71,3.55,45.36,45.36,0.00,0.00,11.08
919230,atl,64.500,-63.750,995.84,995.57,6.86,1.18,31.33,42.33,0.00,0.00,9.51
919230,atl,41.000,-50.500,1003.79,1003.15,13.37,3.28,49.02,49.02,0.00,0.00,6.19
919230,pac,59.750,166.500,983.01,982.15,15.84,3.60,45.40,45.63,0.00,0.00,11.69
919230,pac,48.500,210.750,973.67,973.21,19.58,4.50,62.63,68.42,65188.98,246577.12,7.09
919236,atl,69.000,-62.750,991.15,990.41,13.37,4.07,46.76,46.76,0.00,0.00,10.11
919236,atl,68.500,9.500,969.34,968.99,13.08,2.96,44.18,63.95,0.00,98457.82,7.00
919236,atl,65.250,-61.750,997.81,997.59,6.16,1.29,33.79,46.76,0.00,0.00,10.11
919236,atl,41.000,-50.750,1003.26,1002.92,14.88,3.85,51.77,51.77,0.00,16844.07,5.94
919236,pac,61.250,168.500,979.20,978.44,17.17,4.01,41.67,45.20,0.00,0.00,10.52
919236,pac,49.750,212.500,975.31,974.95,17.48,4.11,60.14,67.04,22900.02,221830.03,6.72
919236,pac,40.750,201.500,1003.28,1002.52,6.86,2.20,53.33,53.33,0.00,13076.89,3.91
919242,atl,41.250,-50.500,1003.81,1003.44,13.89,3.43,50.77,50.77,0.00,4661.20,5.68
919242,pac,63.500,172.500,976.15,975.85,18.80,4.23,47.88,48.16,0.00,0.00,12.84
919242,pac,51.500,213.500,976.81,976.45,15.82,3.67,54.50,61.12,0.00,145832.05,6.01
919248,atl,31.500,7.500,999.73,999.52,6.76,1.57,29.39,29.92,0.00,0.00,8.40
919248,pac,65.000,171.250,974.55,973.59,18.64,4.61,44.02,51.53,0.00,1617.64,11.55
919248,pac,53.000,213.500,977.07,976.71,14.55,3.40,50.54,53.37,0.00,28330.52,5.17
919248,pac,48.000,161.000,988.48,987.96,12.94,3.21,60.74,60.74,0.00,144795.35,5.90
919248,pac,34.250,207.000,1001.59,1000.04,8.87,2.91,74.44,74.44,5769.57,55488.91,7.79
919254,atl,33.750,7.750,997.41,997.01,8.05,2.27,36.23,36.23,0.00,0.00,9.27
919254,pac,65.250,171.250,974.40,973.86,16.00,4.04,36.02,43.28,0.00,0.00,11.27
919254,pac,54.000,213.000,977.97,977.63,14.37,3.40,42.26,44.54,0.00,0.00,4.34
919254,pac,50.250,166.500,982.34,981.51,14.25,3.54,52.05,61.74,0.00,59553.92,5.41
919254,pac,37.500,210.750,996.98,994.85,12.45,3.89,67.00,67.00,613.08,74360.59,7.48
919260,atl,67.750,-28.250,1000.14,999.35,10.52,2.96,44.07,44.07,0.00,0.00,13.24
919260,pac,65.500,179.750,977.53,977.13,10.84,1.82,37.56,44.75,0.00,0.00,9.26
919260,pac,65.250,172.250,976.99,976.54,10.97,2.87,30.03,35.12,0.00,0.00,9.26
919260,pac,54.250,213.000,979.83,979.48,13.50,3.13,31.85,42.02,0.00,0.00,4.38
919260,pac,51.500,170.000,975.83,975.26,15.27,3.52,50.56,57.48,0.00,52511.07,5.31
919260,pac,41.000,214.750,991.03,988.88,15.56,4.95,63.94,63.94,0.00,116053.85,10.35
919266,atl,68.750,-23.750,994.14,993.25,11.94,2.73,40.09,43.62,0.00,0.00,14.35
919266,atl,68.500,-27.500,994.52,993.65,12.19,2.93,42.74,44.74,0.00,0.00,14.35
919266,atl,37.250,9.000,991.05,990.12,11.21,2.75,47.58,52.76,0.00,3551.83,5.12
919266,pac,64.750,227.500,1000.56,998.53,10.94,2.87,26.49,31.77,0.00,0.00,16.34
919266,pac,54.250,213.500,982.44,982.16,12.24,2.76,32.07,40.17,0.00,0.00,4.29
919266,pac,54.000,176.250,972.07,971.34,14.30,3.34,44.88,44.88,0.00,0.00,6.02
919266,pac,44.000,218.750,988.65,987.39,16.45,5.14,61.30,61.30,0.00,139761.85,9.67
919266,pac,37.250,214.500,1003.34,1002.77,5.41,1.53,54.03,54.03,0.00,6124.76,4.02
919272,atl,67.250,-31.500,991.93,991.66,15.34,4.13,54.41,61.71,0.00,48026.57,17.13
919272,atl,66.000,-74.750,995.81,995.45,11.79,2.98,44.76,46.45,0.00,0.00,7.76
919272,atl,37.500,9.000,990.33,989.87,11.88,2.46,47.30,58.36,0.00,61178.85,6.92
919272,pac,64.750,227.500,999.36,997.52,8.79,2.32,25.60,32.14,0.00,0.00,15.91
919272,pac,64.500,222.750,999.44,998.40,5.41,1.59,25.60,25.60,0.00,0.00,15.91
919272,pac,64.250,232.750,1001.51,999.52,9.97,2.77,31.87,37.72,0.00,0.00,15.91
919272,pac,55.500,179.000,966.47,965.93,15.15,3.52,47.82,54.95,0.00,9360.24,8.22
919272,pac,54.000,215.000,984.33,984.04,10.22,2.27,32.01,33.11,0.00,0.00,3.60
919272,pac,47.750,222.750,984.24,983.61,17.70,5.18,61.18,61.18,0.00,171841.88,8.21
919272,pac,36.000,214.750,1001.74,1001.11,7.82,2.19,52.55,52.55,0.00,7006.61,3.66
919278,atl,66.250,-27.500,991.98,991.68,11.99,2.68,56.20,69.11,4591.19,76595.13,17.61
919278,atl,63.750,-72.500,993.94,993.50,13.60,3.28,43.69,48.36,0.00,0.00,8.27
919278,atl,61.250,-72.000,993.89,993.27,15.17,3.78,48.58,49.99,0.00,0.00,8.27
919278,pac,64.750,227.750,999.87,997.95,6.54,1.98,23.95,24.74,0.00,0.00,13.17
919278,pac,64.000,233.500,1000.69,998.45,8.38,2.41,24.43,30.12,0.00,0.00,13.17
919278,pac,56.500,182.000,962.86,962.54,16.02,3.68,52.57,56.37,0.00,55522.86,8.06
919278,pac,53.500,216.500,984.96,984.78,8.42,1.84,32.21,41.12,0.00,0.00,5.67
919278,pac,52.000,224.750,979.29,978.43,19.61,5.42,73.43,73.43,32210.63,163582.49,10.45
919278,pac,39.250,219.500,1001.40,1000.72,7.66,2.24,51.30,51.30,0.00,2442.00,4.45
919284,atl,68.750,-15.250,980.12,979.52,18.30,4.92,71.58,71.58,16237.22,147035.43,14.80
919284,atl,68.750,1.000,979.97,979.74,13.29,2.67,48.86,56.15,0.00,13111.23,8.19
919284,atl,62.000,-68.750,992.72,991.59,17.29,4.79,53.10,53.10,0.00,13597.98,8.67
919284,atl,43.000,-63.000,1004.41,1003.37,21.59,6.09,63.96,63.96,0.00,64236.44,10.73
919284,pac,63.250,234.750,1001.51,1000.29,4.99,1.69,18.50,20.73,0.00,0.00,11.57
919284,pac,59.500,186.250,960.31,960.06,15.37,3.14,51.48,56.92,0.00,38121.28,7.42
919284,pac,55.000,224.500,975.09,973.61,20.99,5.87,65.73,65.73,1307.54,40869.11,18.87
919284,pac,42.250,223.750,1000.66,1000.29,6.42,1.77,53.76,53.76,0.00,9884.70,4.64
919290,atl,64.500,-27.750,1003.08,1002.75,7.22,2.09,43.81,58.09,0.00,20441.87,9.91
919290,atl,62.250,-68.750,994.01,992.88,17.39,4.67,54.75,54.75,0.00,3993.68,9.71
919290,atl,43.000,-62.500,1001.32,999.73,21.93,6.67,63.05,63.05,0.00,81642.66,12.41
919290,pac,66.000,238.500,1004.05,1003.86,4.51,0.85,17.44,34.01,0.00,0.00,9.67
919290,pac,62.500,187.750,958.62,958.40,16.74,3.85,45.22,48.57,0.00,0.00,6.49
919290,pac,56.500,223.250,977.59,975.81,17.46,5.22,43.92,43.92,0.00,0.00,12.73
919296,atl,68.500,5.000,964.97,964.02,23.05,6.47,68.91,68.91,9113.53,201596.95,12.08
919296,atl,63.250,-59.750,1001.69,1001.44,10.54,2.03,42.35,44.90,0.00,0.00,11.41
919296,atl,61.000,-68.000,999.40,998.63,14.58,4.34,58.97,58.97,0.00,14017.48,9.84
919296,atl,43.000,-62.000,1003.69,1002.51,19.42,5.88,57.00,57.00,0.00,56240.46,9.40
919296,pac,64.250,187.750,960.21,959.78,15.46,3.59,47.30,47.30,0.00,0.00,7.59
919296,pac,59.750,218.000,987.12,986.46,4.78,1.81,38.87,41.00,0.00,0.00,13.98
919296,pac,56.750,222.250,981.85,980.64,12.07,3.88,41.00,41.00,0.00,0.00,10.38
919302,atl,67.000,10.000,967.91,967.44,18.44,4.89,63.78,63.78,0.00,195695.89,8.77
919302,atl,62.750,-56.500,1000.47,1000.09,12.42,2.71,48.64,48.64,0.00,0.00,8.27
919302,atl,42.500,-62.000,1004.50,1003.50,17.16,5.12,56.36,56.36,0.00,28817.00,8.22
919302,pac,65.500,188.000,962.15,961.80,14.91,3.29,43.46,43.56,0.00,0.00,7.41
919302,pac,57.000,222.250,984.45,983.35,9.05,3.13,36.53,36.53,0.00,0.00,9.47
919302,pac,51.750,236.500,998.90,996.50,5.55,2.58,46.23,56.24,0.00,1016.50,19.77
919308,atl,62.250,-56.250,1002.15,1001.75,12.22,2.69,42.28,42.28,0.00,0.00,7.30
919308,pac,57.750,208.250,982.07,981.74,7.27,1.41,44.25,51.91,0.00,10444.30,6.26
919308,pac,57.500,221.500,985.65,984.66,6.69,2.13,37.18,37.18,0.00,0.00,10.65
919314,pac,58.250,220.500,987.36,986.66,5.63,1.42,32.56,34.13,0.00,0.00,9.98
919314,pac,58.000,209.500,983.22,982.85,8.68,1.97,44.52,48.28,0.00,0.00,11.05
919320,atl,40.250,-59.000,1004.78,1004.38,9.90,2.49,51.16,51.16,0.00,7138.20,4.85
919320,pac,57.750,209.750,985.19,984.85,10.06,2.44,46.78,46.78,0.00,0.00,9.75
919326,atl,62.500,-38.250,1002.92,1002.01,15.99,4.62,52.84,54.86,0.00,13219.08,10.83
919326,atl,44.250,-55.750,1000.22,999.54,13.38,3.00,42.36,42.98,0.00,0.00,5.90
919326,pac,64.250,229.250,995.96,994.81,4.47,1.85,21.67,23.92,0.00,0.00,11.00
919326,pac,57.250,211.250,987.33,986.99,11.22,2.44,46.40,46.40,0.00,0.00,12.22
919332,atl,62.500,-35.250,1002.48,1001.86,17.72,4.35,59.23,59.23,0.00,77926.42,11.74
919332,atl,44.750,-56.250,996.34,995.27,16.79,4.20,51.06,51.62,0.00,3139.88,9.09
919332,pac,64.500,223.250,997.46,996.47,4.86,1.65,14.02,23.06,0.00,0.00,11.30
919332,pac,64.250,229.250,997.15,996.09,6.05,2.23,19.95,21.87,0.00,0.00,11.00
919332,pac,63.250,232.500,997.61,995.96,5.28,1.97,19.95,27.09,0.00,0.00,11.00
919332,pac,60.000,238.250,999.58,999.17,4.27,1.29,33.23,33.23,0.00,0.00,11.00
919332,pac,57.000,212.750,989.60,989.30,11.94,2.48,43.90,47.21,0.00,0.00,12.85
919332,pac,54.250,160.500,965.44,964.28,14.60,3.87,54.62,61.98,0.00,128262.86,14.88
919338,atl,62.250,-30.250,1001.10,1000.24,16.61,3.45,61.02,61.02,0.00,136224.22,8.55
919338,atl,45.000,-56.000,993.47,992.54,17.39,4.62,55.32,55.32,0.00,13131.03,9.97
919338,atl,43.500,-46.750,1002.97,1002.04,6.22,1.91,40.94,40.94,0.00,0.00,4.51
919338,pac,64.500,223.750,999.46,998.52,4.35,1.48,17.96,21.11,0.00,0.00,11.95
919338,pac,64.500,229.500,998.45,997.60,6.59,2.30,21.11,21.11,0.00,0.00,11.95
919338,pac,57.250,214.500,991.69,991.45,11.88,2.49,40.41,47.48,0.00,0.00,9.40
919338,pac,55.250,160.250,962.82,962.31,14.42,2.70,49.08,60.82,0.00,55801.70,8.50
919344,atl,63.250,-17.750,1001.30,1000.77,12.00,2.24,48.86,57.85,0.00,52091.28,9.71
919344,atl,62.500,-23.250,999.38,998.93,15.83,2.86,54.42,58.40,0.00,107218.39,9.71
919344,atl,45.500,-55.250,995.15,994.46,15.61,3.93,45.85,54.75,0.00,8653.09,8.39
919344,pac,64.000,232.000,997.63,996.44,7.55,2.64,22.72,22.72,0.00,0.00,11.30
919344,pac,57.750,214.250,994.60,994.43,10.92,2.30,41.76,42.26,0.00,0.00,10.32
919344,pac,54.250,161.000,962.52,962.31,14.63,2.48,48.18,67.34,9900.86,99839.11,7.46
919350,atl,63.000,-13.750,994.56,993.87,16.01,4.17,65.03,65.03,683.57,67949.01,13.26
919350,atl,49.750,-44.250,1004.95,1004.62,9.27,2.06,47.53,52.07,0.00,12757.63,6.05
919350,atl,46.250,-54.750,996.76,995.94,13.85,3.28,40.21,50.24,0.00,531.94,6.49
919350,pac,63.750,232.500,999.68,998.25,6.94,2.36,27.24,27.24,0.00,0.00,11.83
919350,pac,58.000,214.000,998.06,997.85,10.37,2.23,41.65,41.65,0.00,0.00,8.39
919350,pac,54.250,164.000,963.89,963.71,13.70,2.42,46.20,60.98,0.00,58470.13,7.72
919356,atl,62.250,-3.750,989.16,988.12,15.12,3.94,55.59,61.67,0.00,119239.53,8.57
919356,atl,46.750,-54.500,1000.44,999.94,11.32,2.43,33.27,49.05,0.00,0.00,5.80
919356,atl,34.750,-43.500,1003.69,1003.05,6.85,1.52,47.45,47.45,0.00,0.00,4.04
919356,pac,63.500,232.250,1002.98,1001.59,5.76,2.37,21.27,25.49,0.00,0.00,14.85
919356,pac,60.750,236.500,1004.61,1003.86,4.31,1.38,28.85,29.23,0.00,0.00,14.85
919356,pac,57.500,216.750,1001.93,1001.80,8.70,2.15,36.13,36.13,0.00,0.00,8.30
919356,pac,54.000,166.750,966.28,966.09,12.21,2.08,46.33,58.02,0.00,63222.69,5.61
919356,pac,46.000,221.000,998.65,995.80,21.51,7.33,70.00,70.00,3798.63,71382.88,20.07
919362,atl,67.750,-78.750,983.05,982.50,19.34,5.31,48.92,48.92,0.00,0.00,11.40
919362,atl,61.250,4.500,983.51,982.62,14.55,3.49,59.92,62.48,0.00,106768.91,9.93
919362,atl,46.750,-54.750,1001.91,1001.51,9.41,2.01,31.75,45.25,0.00,0.00,4.84
919362,atl,37.500,-43.000,999.42,998.84,9.26,2.34,51.52,51.52,0.00,1230.25,4.41
919362,pac,54.500,171.000,965.97,965.84,11.42,2.01,42.46,53.02,0.00,15729.19,5.23
919362,pac,47.500,224.500,991.07,988.73,28.98,9.96,73.36,73.36,23409.63,109386.51,19.25
919368,atl,46.250,-55.000,1003.80,1003.55,7.77,1.70,33.91,45.99,0.00,0.00,4.95
919368,atl,42.000,-42.000,993.48,992.87,14.85,3.81,63.73,63.73,0.00,82403.96,6.97
919368,pac,61.000,178.750,974.19,973.75,10.18,2.50,47.78,50.95,0.00,2312.46,11.04
919368,pac,55.000,173.250,966.68,966.58,11.33,2.14,35.95,46.22,0.00,0.00,4.24
919368,pac,49.250,227.750,988.56,986.91,30.04,9.37,69.05,69.05,22898.45,200349.21,13.23
919374,atl,45.500,-41.250,984.21,981.96,21.53,6.06,66.14,66.14,8780.41,100338.50,9.08
919374,atl,45.250,-55.000,1002.84,1002.65,6.52,1.49,35.63,40.77,0.00,0.00,4.28
919374,pac,55.250,176.000,967.13,966.93,11.48,2.24,34.01,39.60,0.00,0.00,3.74
919374,pac,50.250,230.000,992.17,990.75,26.67,8.67,63.22,63.22,0.00,136954.30,11.45
919380,atl,48.750,-41.250,979.25,977.75,25.97,7.16,54.88,54.88,0.00,33101.19,9.02
919380,atl,44.500,-54.750,1003.82,1003.66,5.42,1.27,32.52,39.09,0.00,0.00,3.85
919380,pac,55.500,176.750,968.69,968.55,11.51,2.20,35.24,37.90,0.00,0.00,4.23
919380,pac,50.250,232.000,1003.00,1001.66,17.16,5.63,56.21,56.21,0.00,30879.75,9.57
919380,pac,45.250,184.000,988.41,987.41,8.68,2.82,51.87,51.87,0.00,10566.19,6.17
919386,atl,67.250,-79.250,993.96,993.44,13.81,3.89,44.81,44.81,0.00,0.00,7.98
919386,atl,51.750,-2.750,1004.00,1002.81,10.01,2.98,46.61,46.61,0.00,0.00,5.73
919386,atl,50.750,-41.500,973.62,971.86,29.50,8.44,55.09,55.09,0.00,31363.84,15.09
919386,atl,43.750,-54.000,1003.10,1002.99,4.20,0.95,35.46,36.85,0.00,0.00,2.54
919386,atl,40.500,-48.000,1000.96,1000.75,4.99,1.31,33.33,36.47,0.00,0.00,3.04
919386,pac,55.500,178.000,970.71,970.64,10.82,1.98,37.29,39.99,0.00,0.00,3.76
919386,pac,48.250,188.500,979.84,978.43,12.89,4.21,50.22,50.22,0.00,517.08,9.62
919392,atl,55.000,-76.000,1002.62,1002.44,10.03,2.08,28.28,31.75,0.00,0.00,3.68
919392,atl,52.250,-40.000,974.34,972.82,29.43,8.02,67.15,67.15,3385.86,176060.75,12.94
919392,atl,51.250,8.500,996.49,995.55,8.87,2.22,51.71,51.71,0.00,3448.58,7.47
919392,atl,42.000,-47.000,996.65,996.07,9.13,2.72,41.38,41.38,0.00,0.00,6.28
919392,pac,55.500,179.500,973.82,973.77,9.19,1.63,37.68,37.68,0.00,0.00,3.71
919392,pac,50.750,191.000,971.15,970.47,18.65,5.57,56.39,56.39,0.00,43757.82,11.77
919398,atl,55.250,-73.000,1003.07,1002.87,9.71,2.13,30.66,32.24,0.00,0.00,4.28
919398,atl,54.000,-37.500,980.20,979.39,25.08,5.67,62.91,63.40,0.00,262993.54,8.84
919398,atl,43.000,-45.750,991.62,991.16,12.03,3.25,49.02,49.02,0.00,0.00,6.93
919398,pac,55.250,181.500,976.07,975.98,6.76,1.36,39.00,39.66,0.00,0.00,5.34
919398,pac,54.000,191.750,964.51,963.60,22.18,6.51,56.54,56.54,0.00,52438.92,11.55
919404,atl,68.500,-74.250,1004.69,1004.52,6.34,1.67,37.11,37.11,0.00,0.00,5.41
919404,atl,55.750,-34.500,986.02,985.44,22.63,5.43,64.81,65.15,14212.33,225795.64,8.99
919404,atl,45.000,-44.500,987.64,987.15,14.63,3.89,45.14,45.14,0.00,0.00,7.06
919404,pac,56.250,192.000,960.22,959.61,25.52,7.13,62.63,62.63,0.00,115686.71,11.12
919410,atl,57.000,-33.000,989.90,989.18,19.75,5.26,60.41,60.41,0.00,146533.87,9.42
919410,atl,46.000,-44.000,983.66,983.24,15.64,4.21,47.93,47.93,0.00,0.00,7.38
919410,pac,58.250,193.000,960.08,959.45,26.21,6.86,58.79,58.79,0.00,88823.68,11.04
919410,pac,55.250,163.000,984.76,984.56,6.23,2.02,35.18,36.89,0.00,0.00,5.66
919416,atl,57.250,-32.500,994.26,993.79,14.75,3.75,53.76,53.76,0.00,57985.81,6.90
919416,atl,46.500,-42.750,982.72,982.27,15.71,4.18,52.55,52.55,0.00,8709.34,6.96
919416,pac,60.250,191.250,962.06,961.10,24.90,6.21,53.87,54.86,0.00,34615.26,7.60
919416,pac,59.000,169.500,983.33,982.94,5.08,1.41,35.98,35.98,0.00,0.00,6.36
919416,pac,58.750,172.750,983.33,983.01,4.25,1.10,35.98,37.26,0.00,0.00,6.36
919416,pac,55.500,164.750,981.03,980.18,7.46,2.42,33.67,39.07,0.00,0.00,5.68
919416,pac,40.750,161.000,992.33,991.14,12.63,3.82,54.84,54.84,0.00,48192.08,6.86
919422,atl,57.500,-32.500,997.00,996.74,10.17,2.43,47.27,49.50,0.00,0.00,6.16
919422,atl,47.250,-41.500,982.71,982.33,13.95,3.56,54.07,54.07,0.00,17907.52,5.90
919422,pac,61.500,190.500,964.88,964.00,22.87,5.64,47.26,47.26,0.00,0.00,7.10
919422,pac,59.000,167.000,980.18,979.69,7.72,1.78,39.69,41.23,0.00,0.00,6.63
919422,pac,55.500,166.500,977.20,976.26,9.17,2.57,41.46,41.46,0.00,0.00,6.63
919422,pac,42.250,166.250,985.30,984.00,15.13,4.38,59.60,59.60,0.00,114202.93,8.90
919428,atl,48.750,-40.750,984.28,983.93,11.74,2.75,47.79,50.89,0.00,3235.37,5.14
919428,pac,63.000,189.750,968.65,967.99,21.09,5.22,42.65,42.65,0.00,0.00,6.97
919428,pac,56.000,168.500,974.49,974.06,10.82,2.87,44.14,44.14,0.00,0.00,6.29
919428,pac,44.250,171.750,978.53,977.12,18.69,5.35,61.84,63.11,0.00,197183.68,9.18
919434,atl,49.750,-38.750,984.84,984.55,10.11,2.27,47.34,47.34,0.00,0.00,4.70
919434,atl,41.750,-49.750,1001.20,1000.46,4.59,1.39,43.60,43.60,0.00,0.00,3.75
919434,pac,64.250,189.000,971.98,971.33,18.87,4.66,39.11,39.24,0.00,0.00,7.63
919434,pac,57.000,170.000,971.78,971.48,12.16,2.95,41.91,45.48,0.00,0.00,6.28
919434,pac,46.500,177.000,971.27,969.98,22.50,6.52,68.04,68.04,2192.05,251739.45,11.79
919440,atl,53.250,-35.000,986.69,986.50,8.61,1.39,36.22,46.49,0.00,0.00,4.56
919440,atl,42.750,-45.250,998.38,997.70,5.37,1.67,43.31,43.31,0.00,0.00,4.24
919440,pac,65.750,189.000,977.11,976.61,16.22,4.05,38.75,38.75,0.00,0.00,6.74
919440,pac,57.750,170.250,970.46,970.18,13.14,3.21,47.50,47.50,0.00,0.00,7.91
919440,pac,49.000,181.500,965.31,964.51,25.98,7.40,62.91,62.91,0.00,275693.26,10.62
919446,atl,58.000,-29.250,987.37,987.01,10.59,1.82,34.29,54.42,0.00,15665.35,6.46
919446,atl,54.750,-34.250,986.35,986.21,9.61,1.64,41.76,48.17,0.00,0.00,5.01
919446,atl,45.250,-41.250,993.33,992.30,7.14,2.54,44.83,44.83,0.00,0.00,4.94
919446,pac,59.500,226.000,1001.17,1000.71,9.81,2.51,40.37,40.95,0.00,0.00,13.63
919446,pac,58.000,169.500,969.51,969.27,13.36,3.35,48.27,48.27,0.00,0.00,9.07
919446,pac,57.750,179.250,977.44,977.33,4.41,0.86,37.14,42.19,0.00,0.00,4.55
919446,pac,51.750,185.250,963.50,962.87,25.56,6.65,63.01,63.01,0.00,265490.63,9.12
919452,atl,58.500,-29.750,984.56,984.17,14.44,2.85,50.69,52.28,0.00,40142.38,5.98
919452,atl,50.750,-43.750,992.87,992.35,7.54,1.54,48.16,49.94,0.00,0.00,7.72
919452,atl,48.000,-39.750,989.01,987.29,10.40,3.53,45.82,45.82,0.00,0.00,7.72
919452,atl,46.250,-48.500,994.10,993.89,10.39,2.45,47.66,47.66,0.00,0.00,5.23
919452,pac,59.250,232.750,999.48,998.71,9.88,2.15,39.50,46.90,0.00,0.00,12.19
919452,pac,58.000,237.000,998.22,997.22,10.96,2.87,46.90,46.90,0.00,0.00,12.65
919452,pac,57.250,168.750,969.69,969.37,13.21,3.38,42.00,42.03,0.00,0.00,11.23
919452,pac,54.750,188.000,959.50,958.79,27.91,7.13,62.59,62.86,0.00,261493.06,9.93
919452,pac,43.000,164.750,991.76,990.83,7.37,2.17,50.53,51.56,0.00,8325.69,5.80
919458,atl,58.500,-30.000,985.52,985.03,14.72,3.59,52.67,52.67,0.00,17597.93,5.99
919458,atl,50.500,-38.750,985.16,983.39,13.56,3.88,49.60,49.60,0.00,0.00,9.62
919458,atl,45.000,-46.000,994.88,994.72,7.52,1.58,45.13,45.13,0.00,0.00,4.48
919458,pac,57.750,188.500,956.34,955.20,29.41,7.51,63.36,63.36,0.00,243276.63,9.67
919458,pac,56.750,169.750,970.09,969.91,12.00,3.07,46.40,46.40,0.00,0.00,7.19
919458,pac,44.750,171.500,982.32,981.18,12.07,3.52,59.24,59.24,0.00,77693.62,6.51
919464,atl,59.500,0.250,991.69,991.32,12.55,2.91,46.26,46.26,0.00,0.00,9.12
919464,atl,59.250,-27.750,992.05,991.83,11.22,2.77,45.84,46.99,0.00,0.00,5.23
919464,atl,52.750,-38.250,983.56,982.31,16.22,4.32,49.06,50.01,0.00,861.45,7.63
919464,atl,44.750,-42.500,996.29,996.20,4.59,0.90,32.17,43.27,0.00,0.00,3.87
919464,pac,60.000,188.000,956.59,955.63,29.75,7.61,62.67,62.67,0.00,237362.37,10.40
919464,pac,56.250,171.000,972.00,971.81,10.42,2.75,48.88,48.88,0.00,0.00,5.95
919464,pac,46.750,176.500,972.49,971.70,18.65,5.48,65.23,65.23,3815.44,171789.17,11.94
919464,pac,43.250,191.500,1002.06,1001.77,5.02,1.40,46.49,52.11,0.00,4731.45,3.87
919470,atl,68.750,10.000,999.29,999.14,4.46,1.22,24.77,28.79,0.00,0.00,5.20
919470,atl,59.500,-28.750,995.95,995.76,8.56,2.28,42.77,46.23,0.00,0.00,5.25
919470,atl,59.500,3.750,988.23,987.31,13.51,3.48,38.50,45.50,0.00,0.00,10.42
919470,atl,57.250,-79.750,992.67,992.43,12.26,2.87,40.26,41.33,0.00,0.00,6.09
919470,atl,54.750,-38.250,982.76,981.75,17.18,4.79,47.70,49.83,0.00,0.00,6.98
919470,atl,46.250,-33.750,994.98,994.48,5.49,1.52,44.13,44.13,0.00,0.00,4.15
919470,pac,62.000,186.750,958.13,957.10,29.26,7.66,65.69,65.69,2607.67,151928.51,10.56
919470,pac,55.750,172.000,973.42,973.22,8.74,2.52,48.30,48.30,0.00,0.00,5.77
919470,pac,49.500,180.000,962.84,962.18,23.14,6.69,73.62,73.62,28118.86,220303.38,12.45
919470,pac,45.500,195.250,999.19,998.90,5.16,1.43,44.12,50.99,0.00,4019.94,4.65
919476,atl,57.250,-78.000,992.34,992.11,11.70,2.89,39.06,39.06,0.00,0.00,5.17
919476,atl,55.250,-38.500,984.83,984.23,15.16,4.01,57.30,57.30,0.00,34986.17,6.50
919476,pac,63.500,185.500,963.83,963.05,26.57,7.11,53.97,53.97,0.00,63666.30,9.59
919476,pac,55.250,173.000,976.34,976.22,5.64,1.69,46.27,49.06,0.00,0.00,7.06
919476,pac,51.500,182.750,956.63,956.12,27.21,7.35,77.81,77.81,42375.84,270276.05,12.71
919476,pac,48.500,198.750,993.79,993.55,6.40,1.58,47.17,49.14,0.00,0.00,4.40
919482,atl,60.000,-77.500,993.57,993.46,8.47,1.42,34.30,38.18,0.00,0.00,4.40
919482,atl,55.250,-38.500,983.38,982.81,14.91,4.08,53.35,53.35,0.00,16994.27,6.93
919482,atl,55.250,-30.000,991.04,990.75,6.65,1.83,50.05,50.05,0.00,454.22,4.73
919482,pac,65.000,184.000,970.69,970.10,22.71,6.07,51.08,51.08,0.00,2661.47,9.24
919482,pac,59.250,172.500,980.03,979.66,5.26,1.50,33.00,40.82,0.00,0.00,6.09
919482,pac,53.000,183.000,953.73,953.16,27.35,6.96,65.67,65.67,4413.45,231859.87,10.11
919482,pac,51.000,201.500,990.54,990.37,6.59,1.46,39.91,41.45,0.00,0.00,4.41
919488,atl,63.000,-74.250,994.78,994.67,7.79,1.64,40.44,40.44,0.00,0.00,4.73
919488,atl,59.000,-30.250,984.81,984.20,14.40,3.41,44.04,54.33,0.00,33759.91,6.67
919488,atl,55.500,-37.250,983.85,983.38,14.10,3.85,49.01,51.71,0.00,19836.19,6.16
919488,pac,66.000,182.250,978.75,978.30,17.61,4.54,42.28,43.09,0.00,0.00,10.53
919488,pac,53.750,183.500,954.66,953.94,25.00,6.17,56.66,56.66,0.00,115312.90,7.94
919494,atl,67.500,-71.250,995.76,995.52,9.16,2.41,37.29,38.90,0.00,0.00,8.07
919494,atl,63.250,-73.250,995.42,995.26,7.35,1.74,38.90,38.90,0.00,0.00,4.51
919494,atl,61.500,-32.000,976.70,974.93,24.65,6.88,59.52,59.52,0.00,188799.05,10.15
919494,atl,57.000,-35.000,985.36,985.13,11.69,2.44,48.26,55.86,0.00,36678.52,10.15
919494,atl,42.750,-36.250,1004.46,1004.38,4.11,1.00,31.10,33.73,0.00,0.00,2.30
919494,pac,54.250,184.250,955.64,955.06,22.85,5.73,51.39,53.70,0.00,24165.81,6.86
919500,atl,69.000,-72.250,997.41,996.79,8.40,2.63,37.40,37.40,0.00,0.00,8.66
919500,atl,63.250,-72.500,997.95,997.76,6.38,1.64,37.22,37.22,0.00,0.00,4.08
919500,atl,62.250,-34.000,977.11,976.14,25.26,7.68,66.85,66.85,18158.92,179964.47,11.53
919500,pac,54.250,185.000,957.99,957.54,20.23,4.92,46.24,52.38,0.00,17161.99,6.56
919500,pac,50.250,201.250,985.64,985.03,7.42,2.65,51.45,51.45,0.00,2035.55,5.38
919506,atl,63.250,-71.750,1000.17,999.98,5.33,1.47,35.05,35.05,0.00,0.00,3.87
919506,atl,61.750,-35.500,977.52,976.08,25.53,7.57,64.71,66.56,26677.86,153738.49,12.59
919506,pac,54.500,186.750,959.32,958.88,18.25,4.38,51.69,51.69,0.00,13874.08,6.33
919506,pac,53.000,204.000,977.58,975.83,12.59,4.62,59.48,59.48,0.00,39567.27,11.21
919512,atl,64.000,-17.000,1003.60,1003.18,6.20,1.14,49.20,54.24,0.00,27080.32,6.29
919512,atl,61.000,-35.500,981.64,980.58,24.04,6.84,59.99,70.14,25726.55,138222.50,9.59
919512,pac,55.250,206.750,973.48,972.79,15.67,4.78,68.72,68.72,10884.92,58786.06,10.04
919512,pac,55.000,188.250,962.95,962.59,15.56,3.69,46.04,51.59,0.00,4366.38,5.20
919518,atl,65.000,-2.750,1002.08,1001.84,11.11,2.36,46.54,57.83,0.00,21561.69,5.87
919518,atl,61.000,-34.250,985.44,984.46,23.09,5.99,56.12,67.48,19747.54,123294.50,10.59
919518,pac,58.500,181.000,972.03,971.73,11.07,2.71,41.62,42.56,0.00,0.00,6.12
919518,pac,57.750,208.000,972.00,971.35,14.90,3.96,60.97,60.97,0.00,63965.53,12.68
919518,pac,55.500,189.750,966.01,965.67,13.57,3.33,39.57,49.20,0.00,0.00,4.55
919524,atl,65.250,6.250,997.71,996.87,14.02,3.64,58.68,58.68,0.00,15473.10,12.56
919524,atl,61.000,-33.250,990.29,989.38,21.66,5.30,50.13,60.38,0.00,88816.42,8.33
919524,atl,58.000,-72.250,993.54,993.05,8.70,1.71,28.69,41.08,0.00,0.00,5.75
919524,atl,54.750,-79.250,990.51,990.07,14.09,3.48,48.67,48.67,0.00,0.00,5.99
919524,pac,59.000,207.500,972.69,971.88,11.94,3.01,53.11,53.11,0.00,412.36,12.70
919524,pac,58.750,202.000,972.96,972.56,8.38,1.59,53.11,53.11,0.00,412.36,11.73
919524,pac,57.500,182.000,976.07,975.68,8.23,1.82,41.02,41.02,0.00,0.00,4.26
919524,pac,56.000,190.750,970.73,970.47,10.19,2.53,36.99,46.48,0.00,0.00,4.09
919530,atl,61.500,-31.750,993.28,992.60,19.79,4.81,51.60,55.12,0.00,52486.33,6.79
919530,atl,59.500,-69.250,994.23,993.90,9.38,2.09,33.54,35.89,0.00,0.00,4.53
919530,atl,56.750,-79.250,994.61,994.45,11.78,2.34,39.42,41.62,0.00,0.00,5.58
919530,atl,55.750,-75.750,994.19,993.82,10.24,2.10,41.62,41.62,0.00,0.00,5.58
919530,pac,63.000,232.500,995.63,994.67,5.43,1.79,14.88,25.48,0.00,0.00,15.84
919530,pac,61.750,218.500,987.67,984.78,4.55,1.15,39.46,39.46,0.00,0.00,15.37
919530,pac,59.250,202.000,974.45,974.00,7.59,1.46,32.80,41.31,0.00,0.00,9.69
919530,pac,57.000,237.750,996.65,995.81,5.95,1.71,32.23,32.23,0.00,0.00,13.77
919530,pac,56.250,193.250,974.52,974.29,8.21,1.88,37.78,45.33,0.00,0.00,3.86
919536,atl,62.000,-30.500,995.97,995.40,17.74,4.39,48.82,50.04,0.00,329.64,5.78
919536,atl,60.500,-69.500,995.17,994.84,10.17,2.26,30.94,38.07,0.00,0.00,5.40
919536,pac,63.000,232.750,994.18,993.09,7.02,2.02,24.66,30.03,0.00,0.00,15.62
919536,pac,62.000,222.000,991.66,989.97,4.13,0.92,30.55,34.64,0.00,0.00,15.62
919536,pac,60.250,199.750,978.33,977.99,6.24,1.22,23.71,31.96,0.00,0.00,9.84
919536,pac,56.750,238.250,994.56,994.10,7.41,2.20,32.17,32.17,0.00,0.00,12.01
919536,pac,51.250,163.000,979.32,978.58,12.43,2.73,44.75,54.96,0.00,34967.26,5.93
919542,atl,62.500,-29.750,996.81,996.33,16.12,4.15,47.29,47.29,0.00,0.00,5.35
919542,atl,61.250,-70.250,995.54,995.38,10.13,2.29,32.19,37.75,0.00,0.00,4.72
919542,atl,55.750,-77.750,1001.31,1001.01,5.78,1.58,28.55,32.92,0.00,0.00,3.13
919542,atl,48.750,-36.000,1001.14,999.83,16.47,4.91,45.38,45.38,0.00,0.00,6.67
919542,atl,43.250,-77.500,989.75,989.25,10.11,2.14,38.32,45.65,0.00,0.00,5.03
919542,pac,62.750,233.250,994.56,993.06,7.31,1.97,22.15,34.10,0.00,0.00,15.38
919542,pac,62.250,227.250,993.89,993.11,6.37,1.21,26.53,34.10,0.00,0.00,15.42
919542,pac,60.500,200.000,981.55,981.35,5.92,1.24,22.67,26.36,0.00,0.00,7.85
919542,pac,51.750,164.750,974.22,973.78,14.43,3.35,42.48,52.63,0.00,22101.09,6.73
919548,atl,62.500,-63.750,997.73,997.41,7.97,1.52,33.14,35.86,0.00,0.00,8.21
919548,atl,62.500,-28.500,998.19,997.82,14.71,3.65,40.20,42.40,0.00,0.00,4.87
919548,atl,61.000,-70.750,996.63,996.45,8.43,1.92,36.31,39.00,0.00,0.00,4.69
919548,atl,60.750,-9.250,1004.62,1004.46,8.76,1.98,34.23,36.82,0.00,0.00,4.53
919548,atl,55.000,-78.250,1000.83,1000.58,5.24,1.45,31.92,31.92,0.00,0.00,2.87
919548,atl,49.500,-35.000,998.35,996.82,20.49,6.14,56.16,56.16,0.00,23026.70,8.99
919548,atl,46.000,-73.250,986.73,986.31,11.51,2.66,29.26,41.28,0.00,0.00,5.82
919548,pac,64.250,213.000,991.41,989.90,4.88,1.77,25.30,28.16,0.00,0.00,11.99
919548,pac,63.000,232.750,996.18,994.32,6.52,1.98,19.26,27.31,0.00,0.00,13.37
919548,pac,62.500,226.500,995.59,995.00,5.86,1.18,22.48,23.17,0.00,0.00,13.37
919548,pac,60.750,200.250,985.36,985.24,5.66,1.15,24.44,34.31,0.00,0.00,6.25
919548,pac,59.500,235.750,996.65,996.27,5.22,1.89,31.56,33.15,0.00,0.00,13.33
919548,pac,52.750,170.750,972.11,971.58,13.58,2.63,49.02,50.82,0.00,1947.89,6.05
919548,pac,52.250,166.500,971.97,971.74,14.25,3.14,50.82,50.82,0.00,1947.89,6.05
919554,atl,63.250,-66.500,995.47,995.19,8.78,1.75,32.07,38.65,0.00,0.00,8.71
919554,atl,63.000,-27.000,998.90,998.53,13.59,3.50,35.31,35.72,0.00,0.00,4.56
919554,atl,62.500,-6.750,1000.88,1000.44,12.24,3.53,44.87,44.87,0.00,0.00,6.61
919554,atl,53.750,-79.000,998.71,998.47,5.29,1.50,33.25,33.25,0.00,0.00,3.97
919554,atl,49.250,-33.250,998.20,997.18,20.13,5.90,56.80,56.80,0.00,28172.52,8.57
919554,atl,47.250,-70.750,984.95,984.57,10.34,2.20,24.26,32.76,0.00,0.00,8.39
919554,pac,64.250,213.500,994.27,992.79,4.25,1.60,23.31,30.38,0.00,0.00,12.03
919554,pac,63.000,232.250,997.69,995.88,6.74,2.23,16.93,24.84,0.00,0.00,15.18
919554,pac,62.500,226.750,997.38,996.70,5.93,1.39,22.82,23.67,0.00,0.00,15.18
919554,pac,62.250,201.500,989.42,989.28,4.80,0.98,17.00,32.12,0.00,0.00,8.54
919554,pac,59.500,235.000,998.43,997.48,4.98,1.70,33.05,33.05,0.00,0.00,15.18
919554,pac,59.250,210.750,992.76,992.53,4.30,0.94,30.38,40.39,0.00,0.00,8.54
919554,pac,53.500,171.000,967.58,967.05,15.42,3.65,55.01,55.01,0.00,41089.59,5.53
919560,atl,63.750,-67.750,996.17,995.84,7.68,1.63,34.27,38.15,0.00,0.00,8.57
919560,atl,63.500,-25.500,1000.96,1000.69,12.46,3.27,32.43,32.49,0.00,0.00,5.35
919560,atl,62.750,-5.500,999.44,998.88,13.75,4.18,49.68,49.68,0.00,0.00,7.36
919560,atl,49.000,-30.500,1002.54,1001.84,17.20,4.77,48.44,48.44,0.00,0.00,6.14
919560,atl,48.500,-67.750,980.58,979.91,13.79,2.97,34.39,53.86,0.00,541.64,9.62
919560,pac,64.250,213.500,997.66,995.90,4.09,1.71,20.69,25.14,0.00,0.00,11.99
919560,pac,64.000,198.250,993.58,993.47,4.73,0.83,18.41,24.28,0.00,0.00,7.37
919560,pac,62.500,233.000,1000.48,998.97,6.23,2.04,19.60,24.05,0.00,0.00,13.46
919560,pac,53.500,171.500,965.61,965.13,16.92,4.61,60.82,60.82,0.00,47141.18,7.59
919560,pac,45.750,169.000,985.28,984.60,8.35,2.95,64.10,64.10,1648.80,209278.15,7.53
919566,atl,66.500,-60.500,998.89,998.56,6.18,1.33,35.13,35.13,0.00,0.00,8.57
919566,atl,64.750,-66.250,997.10,996.82,5.97,1.25,23.73,35.48,0.00,0.00,8.57
919566,atl,63.500,-23.750,1002.55,1002.26,11.46,2.99,33.47,33.47,0.00,0.00,5.31
919566,atl,62.750,-4.750,998.81,998.29,13.72,4.08,46.78,46.78,0.00,0.00,6.80
919566,atl,51.500,-65.250,976.44,975.88,14.61,2.95,38.01,54.35,0.00,9135.49,8.36
919566,pac,64.250,214.250,1000.60,999.52,4.06,1.80,18.36,19.24,0.00,0.00,11.17
919566,pac,62.250,233.250,1002.19,1001.05,6.03,2.15,23.91,28.79,0.00,0.00,12.87
919566,pac,59.000,219.750,1001.28,1001.07,4.78,0.89,27.74,32.89,0.00,0.00,8.23
919566,pac,54.250,173.750,965.78,965.00,17.07,4.69,59.91,59.91,0.00,48376.90,7.97
919566,pac,48.750,166.250,981.06,979.67,11.33,4.05,69.27,69.27,11995.04,205191.65,9.76
919566,pac,46.250,173.000,981.31,980.53,10.46,3.57,65.85,65.85,3784.18,265743.41,9.17
919566,pac,45.000,185.500,994.14,993.62,6.76,1.91,62.57,62.57,0.00,91081.03,5.93
919572,atl,68.000,-62.250,1000.39,999.98,5.88,1.42,31.39,32.58,0.00,0.00,5.76
919572,atl,67.250,-68.750,1000.45,1000.01,5.18,1.24,25.97,34.67,0.00,0.00,5.21
919572,atl,62.500,-2.500,1000.73,1000.57,12.47,2.99,42.49,42.63,0.00,0.00,7.86
919572,atl,53.500,-63.500,973.24,973.02,15.23,2.82,32.72,53.33,0.00,5008.46,6.13
919572,pac,62.750,233.000,1004.53,1002.84,5.52,2.23,18.67,23.13,0.00,0.00,12.37
919572,pac,59.500,186.500,980.01,979.62,9.54,2.22,36.83,39.96,0.00,0.00,4.98
919572,pac,55.000,175.250,969.93,969.34,15.40,4.11,51.62,51.62,0.00,11085.70,5.92
919572,pac,47.250,179.250,977.81,976.76,14.65,4.20,64.43,64.43,541.64,206648.47,10.37
919572,pac,46.750,170.500,989.32,988.33,7.75,2.79,67.04,67.04,13622.43,215735.03,10.37
919578,atl,68.750,-63.500,1000.90,1000.62,5.23,1.35,25.46,27.98,0.00,0.00,6.48
919578,atl,62.500,1.750,1000.28,999.91,13.85,2.85,44.65,44.65,0.00,0.00,11.49
919578,atl,57.750,-59.250,968.93,968.56,18.64,3.58,44.51,50.26,0.00,383.46,6.18
919578,pac,60.500,185.750,979.69,979.22,10.33,2.65,33.57,38.66,0.00,0.00,4.67
919578,pac,55.500,177.000,972.96,972.47,13.53,3.67,41.67,43.97,0.00,0.00,4.81
919578,pac,47.500,181.500,976.87,976.16,16.88,5.18,62.40,62.40,0.00,138995.66,9.43
919584,atl,63.000,3.000,1000.04,999.63,14.58,3.40,42.70,42.70,0.00,0.00,9.74
919584,atl,60.000,-59.750,964.64,964.15,23.38,5.05,47.97,69.95,1439.24,33009.60,8.40
919584,pac,61.000,184.750,983.36,982.93,8.89,2.45,40.52,40.52,0.00,0.00,4.56
919584,pac,56.000,178.250,977.60,977.24,11.67,3.06,33.05,41.92,0.00,0.00,4.51
919584,pac,52.500,187.500,982.02,981.31,7.52,2.21,46.25,47.30,0.00,0.00,5.60
919584,pac,48.000,185.750,981.63,980.90,15.09,4.58,64.75,64.75,531.94,136590.65,7.83
919590,atl,63.250,3.750,999.14,998.67,15.22,3.92,38.91,38.91,0.00,0.00,10.07
919590,atl,60.750,-61.000,963.74,963.09,24.37,5.91,57.94,57.94,0.00,42987.56,10.28
919590,atl,42.750,-18.750,1004.88,1004.28,11.14,2.99,37.73,39.18,0.00,0.00,5.70
919590,pac,60.750,183.500,985.36,985.15,7.20,1.98,43.30,43.30,0.00,0.00,4.63
919590,pac,56.000,179.750,979.99,979.70,10.31,2.76,34.36,41.39,0.00,0.00,4.00
919590,pac,54.500,188.750,979.26,978.75,9.99,2.97,43.61,43.61,0.00,0.00,5.90
919596,atl,63.250,3.500,1000.11,999.44,14.75,3.95,39.46,39.46,0.00,0.00,11.43
919596,atl,61.500,-40.500,1000.43,1000.09,6.74,2.18,47.48,47.48,0.00,0.00,15.19
919596,atl,60.500,-60.750,966.64,965.92,24.63,6.35,61.86,61.86,0.00,103382.07,10.98
919596,atl,43.000,-19.250,1002.14,1000.97,13.89,3.72,47.70,47.70,0.00,0.00,5.65
919596,pac,55.750,190.250,979.21,978.81,11.09,2.82,42.68,47.18,0.00,0.00,5.49
919596,pac,55.500,182.000,983.91,983.71,7.67,1.97,36.82,42.49,0.00,0.00,5.49
919602,atl,63.250,-39.000,997.82,997.39,8.42,2.88,42.50,43.20,0.00,0.00,10.17
919602,atl,63.000,3.500,1002.09,1001.24,12.99,3.72,41.00,41.00,0.00,0.00,10.01
919602,atl,59.750,-58.750,968.11,966.93,26.63,7.11,68.80,68.80,15132.61,139613.79,14.17
919602,atl,42.000,-20.750,1001.37,1000.73,13.16,3.47,51.72,51.72,0.00,15384.61,5.47
919602,pac,57.500,192.500,977.92,977.53,12.22,2.97,47.14,55.58,0.00,1301.96,5.78
919608,atl,67.750,-58.500,989.42,989.24,8.60,2.03,46.95,50.49,0.00,991.96,10.98
919608,atl,66.750,-50.000,990.85,990.44,5.51,1.75,35.26,46.95,0.00,0.00,8.36
919608,atl,64.250,-38.250,993.28,992.59,9.86,3.04,46.87,46.87,0.00,0.00,12.55
919608,atl,59.250,-54.750,975.57,974.09,24.02,6.41,66.36,66.36,10976.21,259238.34,10.13
919608,atl,39.250,-21.500,1002.04,1001.46,11.75,3.21,52.72,52.72,0.00,18829.24,5.02
919608,pac,59.500,192.750,977.40,976.99,13.01,3.09,46.28,47.53,0.00,0.00,5.19
919614,atl,68.250,-57.250,990.96,990.85,7.93,1.85,46.69,52.76,0.00,985.87,10.38
919614,atl,67.000,-49.250,990.73,990.42,4.56,0.96,24.77,46.69,0.00,0.00,10.98
919614,atl,64.500,-39.750,986.91,985.92,9.89,2.86,44.85,45.10,0.00,0.00,17.80
919614,atl,59.500,-49.500,980.92,979.60,19.80,5.68,58.06,58.46,0.00,269854.97,9.64
919614,atl,37.250,-21.250,1001.41,1000.87,10.30,2.86,44.67,45.14,0.00,0.00,4.17
919614,pac,60.750,194.000,978.87,978.68,12.36,2.93,40.45,40.84,0.00,0.00,5.27
919620,atl,66.750,-30.750,988.75,988.39,8.36,2.13,38.01,41.00,0.00,0.00,11.26
919620,atl,63.750,-41.000,983.78,983.45,11.32,3.05,41.49,57.25,0.00,18724.21,10.55
919620,atl,35.750,-20.500,1002.42,1001.91,9.48,2.77,40.10,40.10,0.00,0.00,3.77
919620,pac,64.500,212.250,996.52,995.76,8.71,2.87,50.52,50.52,0.00,344.81,18.71
919620,pac,62.250,195.000,981.07,980.85,11.52,2.59,35.20,38.87,0.00,0.00,5.39
919620,pac,55.000,173.250,970.43,969.92,12.60,2.89,43.04,46.56,0.00,0.00,4.70
919620,pac,51.750,160.250,961.46,960.88,17.50,4.33,60.80,63.25,0.00,235856.79,10.94
919626,atl,67.500,-26.750,986.48,985.69,8.55,2.37,51.83,51.83,0.00,3609.59,15.30
919626,atl,67.000,-30.500,986.55,985.80,7.60,1.71,46.04,51.83,0.00,3609.59,15.30
919626,atl,62.250,-37.750,981.75,981.35,16.50,3.46,56.88,56.88,0.00,133779.06,16.22
919626,atl,35.250,-19.000,1000.50,1000.03,9.30,2.66,38.99,38.99,0.00,0.00,3.65
919626,pac,64.500,213.750,996.30,995.75,8.62,2.83,41.86,41.86,0.00,0.00,15.17
919626,pac,63.500,187.250,984.01,983.72,7.53,1.44,39.86,42.56,0.00,0.00,7.58
919626,pac,63.500,195.000,983.32,983.08,10.18,1.94,26.05,32.47,0.00,0.00,6.09
919626,pac,55.750,173.000,970.02,969.48,12.86,3.00,42.64,47.27,0.00,0.00,4.64
919626,pac,52.000,161.500,964.67,964.13,15.42,3.88,58.08,58.28,0.00,222194.98,9.91
919632,atl,68.750,-18.250,984.92,983.92,10.04,3.22,56.28,56.28,0.00,11797.81,13.74
919632,atl,68.250,-10.250,986.70,986.44,11.04,2.00,37.61,56.28,0.00,10690.07,8.59
919632,atl,63.250,-33.750,981.34,980.99,14.70,2.67,47.16,58.73,0.00,51516.66,16.45
919632,atl,54.250,-79.250,996.40,996.29,11.79,2.28,36.22,42.35,0.00,0.00,6.25
919632,atl,35.000,-18.250,1000.73,1000.25,10.04,2.90,38.89,38.89,0.00,0.00,3.69
919632,pac,64.500,194.750,986.41,986.21,8.41,1.44,29.86,41.32,0.00,0.00,7.28
919632,pac,62.750,216.750,998.34,996.79,8.19,1.90,39.16,40.50,0.00,0.00,16.69
919632,pac,56.000,171.750,970.03,969.48,13.98,3.64,50.47,50.47,0.00,1259.81,6.14
919632,pac,52.000,162.000,969.49,968.98,13.35,3.49,53.19,53.22,0.00,77787.07,7.76
919632,pac,51.250,219.500,997.34,996.76,20.85,6.08,66.62,66.62,4392.49,121791.41,10.59
919638,atl,68.750,-16.500,985.41,984.64,9.07,3.08,55.41,55.41,0.00,18359.03,13.18
919638,atl,63.500,-31.250,980.95,980.71,14.65,2.89,46.79,67.83,332.69,8740.73,17.15
919638,atl,57.250,-77.000,991.19,991.03,13.83,2.42,38.15,47.93,0.00,0.00,6.38
919638,atl,34.750,-17.500,999.71,999.30,9.89,2.75,45.24,45.24,0.00,0.00,4.01
919638,pac,64.750,227.750,1002.03,1000.27,11.23,3.43,28.25,30.85,0.00,0.00,23.36
919638,pac,62.500,222.750,1000.25,999.30,8.85,2.04,34.99,39.69,0.00,0.00,17.67
919638,pac,55.750,170.750,969.30,968.72,15.25,4.11,54.51,54.51,0.00,12205.36,7.14
919638,pac,52.250,222.750,994.49,993.68,24.57,7.19,67.45,67.45,12396.02,163809.73,12.45
919638,pac,51.750,162.500,972.11,971.65,12.50,3.21,46.62,50.76,0.00,14957.46,6.63
919644,atl,68.000,-14.250,989.16,988.68,5.35,1.50,50.07,51.21,0.00,4062.43,11.36
919644,atl,63.000,-29.000,983.18,982.96,13.41,2.70,41.52,45.41,0.00,0.00,5.43
919644,atl,60.250,-75.750,985.94,985.61,15.02,2.77,44.02,50.69,0.00,1067.48,8.49
919644,atl,34.500,-16.250,1001.74,1001.37,8.73,2.23,46.48,46.48,0.00,0.00,3.33
919644,pac,64.750,223.500,1003.49,1001.39,5.67,1.29,17.92,31.58,0.00,0.00,22.19
919644,pac,64.500,229.500,999.85,998.51,13.10,4.16,29.16,29.68,0.00,0.00,25.02
919644,pac,55.500,170.250,969.71,969.14,15.74,4.35,48.65,48.65,0.00,0.00,7.00
919644,pac,53.000,225.750,997.61,996.67,21.20,6.15,60.36,60.36,0.00,144315.93,8.42
919644,pac,51.000,163.250,975.31,974.90,11.93,3.31,48.47,49.18,0.00,0.00,4.88
919650,atl,62.750,-76.250,980.68,980.38,16.86,3.62,43.28,48.97,0.00,0.00,7.44
919650,atl,62.500,-26.250,985.57,985.38,12.90,2.42,45.29,47.68,0.00,0.00,6.14
919650,atl,34.500,-15.500,999.83,999.47,9.08,2.33,35.79,35.79,0.00,0.00,2.99
919650,pac,62.750,233.750,1000.61,998.24,13.67,4.35,25.95,29.82,0.00,0.00,25.02
919650,pac,61.250,185.750,981.55,981.36,9.42,2.09,34.00,39.26,0.00,0.00,6.22
919650,pac,55.250,170.250,970.83,970.29,15.30,4.15,47.94,47.94,0.00,0.00,6.68
919650,pac,52.500,228.500,1004.33,1003.65,16.25,5.18,54.07,54.07,0.00,48543.10,7.68
919650,pac,50.500,165.750,978.81,978.50,9.86,2.62,51.86,51.86,0.00,6616.15,5.23
919656,atl,64.000,-78.000,977.36,976.77,16.87,4.19,44.09,45.84,0.00,0.00,6.85
919656,atl,61.250,-24.250,988.06,987.84,11.97,2.13,46.01,46.61,0.00,0.00,5.66
919656,atl,34.250,-14.500,1000.13,999.82,9.26,2.32,43.24,43.24,0.00,0.00,3.29
919656,pac,62.000,186.250,985.33,985.02,7.81,1.82,36.24,36.53,0.00,0.00,6.19
919656,pac,55.000,170.250,974.13,973.65,14.22,4.00,44.78,44.78,0.00,0.00,6.59
919662,atl,64.750,-78.000,976.49,975.70,15.25,3.75,46.83,52.31,0.00,4666.11,7.69
919662,atl,64.500,-66.250,978.82,978.54,12.92,2.47,48.53,54.49,0.00,17561.23,20.95
919662,atl,60.750,-10.000,988.28,987.60,10.25,2.91,48.81,48.81,0.00,0.00,6.09
919662,atl,60.000,-18.000,991.23,991.19,7.22,0.84,27.46,46.71,0.00,0.00,7.54
919662,atl,33.750,-13.000,998.94,998.66,9.02,2.24,38.87,41.73,0.00,0.00,7.11
919662,pac,59.000,189.000,985.07,984.78,8.58,2.34,50.79,50.79,0.00,1239.93,5.18
919662,pac,58.750,178.250,982.57,982.36,6.56,1.34,37.57,41.51,0.00,0.00,6.95
919662,pac,54.500,171.000,977.43,977.04,12.67,3.55,44.78,44.78,0.00,0.00,6.31
919662,pac,53.000,160.500,992.89,992.70,4.13,1.72,38.54,40.20,0.00,0.00,8.86
919668,atl,65.750,-66.500,978.93,978.68,10.53,1.95,46.55,49.03,0.00,0.00,14.60
919668,atl,65.000,-79.250,975.71,974.96,14.37,3.63,45.83,45.83,0.00,0.00,6.54
919668,atl,64.750,-62.750,978.81,978.53,11.89,2.83,49.03,52.33,0.00,1586.94,14.60
919668,atl,61.500,-9.750,986.86,985.85,14.57,4.45,45.25,45.25,0.00,0.00,8.16
919668,atl,57.750,-78.500,978.85,977.78,16.39,4.48,61.41,62.32,0.00,89827.58,8.42
919668,atl,34.000,-11.000,1000.07,999.82,8.35,1.98,44.72,44.72,0.00,0.00,12.39
919668,atl,31.250,-50.750,1001.02,1000.63,10.20,2.53,33.42,34.45,0.00,0.00,2.90
919668,pac,61.750,190.000,980.21,979.44,14.40,3.91,44.83,44.83,0.00,0.00,6.20
919668,pac,59.250,179.500,983.75,983.55,6.89,1.68,36.97,36.97,0.00,0.00,6.33
919668,pac,54.000,172.000,981.79,981.40,11.01,3.10,44.23,44.23,0.00,0.00,5.48
919668,pac,52.500,162.000,994.79,994.56,4.34,1.61,36.05,43.18,0.00,0.00,7.50
919674,atl,68.250,-61.000,978.40,977.86,13.83,3.96,48.53,51.57,0.00,613.19,12.35
919674,atl,65.000,-79.750,976.72,976.03,14.12,3.64,41.68,41.70,0.00,0.00,6.64
919674,atl,62.000,-7.500,990.20,989.52,13.90,4.65,51.57,51.57,0.00,2830.63,8.59
919674,atl,58.500,-76.000,978.70,978.00,15.63,4.89,67.36,67.36,11939.62,77261.15,8.98
919674,atl,41.750,-9.250,1000.52,999.67,5.34,1.47,40.68,40.93,0.00,0.00,6.83
919674,atl,34.500,-9.500,998.65,998.39,7.77,1.91,40.17,42.30,0.00,0.00,10.09
919674,atl,31.750,-50.750,1000.34,999.98,10.14,2.54,29.65,30.35,0.00,0.00,2.98
919674,pac,63.750,190.750,978.06,977.25,17.29,4.88,47.53,47.53,0.00,0.00,8.09
919674,pac,53.500,174.000,984.76,984.46,9.85,2.69,42.34,42.34,0.00,0.00,4.95
919674,pac,52.000,163.000,995.71,995.30,4.90,1.68,32.63,36.33,0.00,0.00,5.40
919674,pac,35.250,169.000,1003.25,1002.47,7.52,1.93,50.08,50.08,0.00,631.08,5.48
919680,atl,64.500,2.000,998.85,998.36,4.36,0.94,33.77,44.39,0.00,0.00,6.83
919680,atl,62.250,-5.500,993.93,993.40,12.25,4.06,45.80,45.80,0.00,0.00,6.94
919680,atl,61.250,-69.250,982.40,981.87,9.58,2.31,51.25,62.86,0.00,23876.29,10.17
919680,atl,60.500,-40.750,1000.80,1000.57,7.58,1.64,32.35,34.36,0.00,0.00,6.82
919680,atl,44.000,-8.250,996.33,995.75,8.38,2.02,34.51,37.08,0.00,0.00,6.74
919680,atl,35.000,-7.500,997.27,996.58,8.52,2.47,38.63,42.06,0.00,0.00,6.92
919680,atl,32.000,-51.000,1001.89,1001.54,9.90,2.52,30.34,30.34,0.00,0.00,2.75
919680,pac,65.000,190.750,979.61,978.89,17.27,4.75,48.02,48.02,0.00,0.00,7.47
919680,pac,53.250,176.750,988.17,987.81,8.85,2.43,41.91,41.91,0.00,0.00,4.71
919680,pac,52.250,195.250,995.49,995.23,8.49,1.86,45.03,45.03,0.00,0.00,4.74
919680,pac,51.750,163.750,998.07,997.55,4.62,1.55,32.78,32.78,0.00,0.00,4.30
919680,pac,38.500,176.000,995.97,994.50,12.78,3.68,59.02,59.02,0.00,34679.86,8.99
919686,atl,63.250,-39.250,990.12,989.78,13.38,4.02,41.82,41.82,0.00,0.00,13.00
919686,atl,62.250,-2.500,996.52,996.07,10.73,3.40,42.18,42.18,0.00,0.00,5.88
919686,atl,61.250,-69.000,981.77,981.27,11.99,3.21,54.19,54.19,0.00,3968.38,9.80
919686,atl,44.500,-9.000,993.19,992.38,9.55,2.35,37.32,41.31,0.00,0.00,6.05
919686,atl,37.500,-5.000,995.74,995.50,6.67,1.44,44.04,44.04,0.00,0.00,7.46
919686,atl,32.000,-51.000,1001.90,1001.60,8.85,2.25,31.74,31.74,0.00,0.00,2.65
919686,pac,65.750,189.750,982.21,981.55,15.88,4.13,39.06,40.54,0.00,0.00,7.42
919686,pac,56.000,170.500,994.48,994.24,4.45,1.32,31.44,31.44,0.00,0.00,3.49
919686,pac,56.000,201.000,989.56,989.05,12.87,3.19,43.86,49.22,0.00,0.00,7.89
919686,pac,53.500,179.500,991.55,991.27,6.94,1.92,39.61,39.61,0.00,0.00,3.93
919686,pac,51.250,165.250,998.76,998.39,4.26,1.45,33.67,33.67,0.00,0.00,4.08
919686,pac,41.250,181.250,986.78,985.47,19.79,5.68,64.51,64.51,581.00,104650.33,9.10
919692,atl,66.750,-77.750,989.47,989.33,7.69,1.78,35.66,38.37,0.00,0.00,8.85
919692,atl,64.250,-36.000,984.04,983.27,16.52,4.28,58.69,58.69,0.00,13270.48,14.35
919692,atl,63.000,-64.000,980.63,980.09,12.99,3.00,46.94,56.22,0.00,13297.24,13.34
919692,atl,62.750,-79.250,987.78,987.38,9.70,2.74,39.79,39.79,0.00,0.00,5.26
919692,atl,62.250,1.000,998.97,998.52,8.93,2.87,34.97,34.97,0.00,0.00,4.23
919692,atl,44.250,-10.000,991.93,991.33,11.29,2.87,40.34,40.34,0.00,0.00,5.22
919692,atl,43.000,-79.000,993.27,992.92,14.42,3.36,48.66,53.82,0.00,3586.25,7.41
919692,atl,41.250,-5.000,993.84,993.24,6.17,1.43,34.97,36.16,0.00,0.00,6.94
919692,atl,31.500,-50.750,1003.63,1003.32,8.42,2.21,31.97,31.97,0.00,0.00,2.53
919692,pac,66.000,188.750,984.95,984.41,14.34,3.54,34.05,47.71,0.00,0.00,7.72
919692,pac,59.000,202.750,984.15,983.31,14.31,3.78,52.91,52.91,0.00,1150.38,12.51
919692,pac,56.750,169.750,995.35,995.14,5.39,1.56,33.25,33.25,0.00,0.00,5.06
919692,pac,53.750,181.750,994.47,994.29,4.51,1.36,30.14,30.14,0.00,0.00,2.66
919692,pac,43.750,184.750,972.85,969.02,29.96,9.32,70.26,70.26,14908.73,336713.34,20.82
919698,atl,67.000,-77.250,991.75,991.46,6.60,1.74,32.77,32.77,0.00,0.00,9.79
919698,atl,65.250,-58.000,982.00,981.28,10.81,2.86,53.25,53.25,0.00,7040.90,12.64
919698,atl,64.750,-34.250,980.01,979.50,16.84,4.46,56.23,56.23,0.00,26146.30,11.19
919698,atl,62.750,-78.250,991.65,991.28,7.89,2.11,34.27,35.62,0.00,0.00,4.97
919698,atl,62.500,4.000,1000.39,1000.03,7.09,2.23,34.96,34.96,0.00,0.00,6.95
919698,atl,62.000,-59.000,983.16,982.93,12.67,2.41,68.91,68.91,9656.64,97344.43,14.62
919698,atl,47.750,-43.750,1004.23,1004.09,8.22,1.98,42.40,47.45,0.00,0.00,6.21
919698,atl,44.750,-73.250,990.23,989.53,13.77,2.37,43.00,52.02,0.00,5827.56,7.12
919698,atl,43.750,-43.750,1003.59,1002.81,8.92,2.27,47.45,47.45,0.00,0.00,6.21
919698,atl,43.750,-5.750,994.92,994.62,7.28,1.58,39.42,43.81,0.00,0.00,5.12
919698,atl,43.250,-11.750,993.38,992.73,12.23,3.28,47.11,47.11,0.00,0.00,6.68
919698,atl,40.500,0.500,996.83,996.41,6.82,2.06,42.73,43.04,0.00,0.00,7.10
919698,atl,31.000,-50.250,1003.42,1003.14,7.68,2.09,29.54,29.54,0.00,0.00,2.62
919698,pac,66.000,187.000,987.37,986.89,13.14,3.14,35.26,49.12,0.00,0.00,8.09
919698,pac,63.750,209.250,988.20,987.26,8.80,1.74,41.83,47.73,0.00,0.00,12.46
919698,pac,62.250,205.250,987.90,987.26,7.58,1.17,38.47,47.95,0.00,0.00,11.41
919698,pac,60.500,209.250,987.08,986.36,11.20,2.24,47.73,47.97,0.00,0.00,12.46
919698,pac,57.250,169.750,994.94,994.48,6.57,1.87,36.37,36.37,0.00,0.00,5.19
919698,pac,46.500,189.000,967.34,966.50,32.78,9.80,79.80,79.80,76395.97,359503.31,16.62
919704,atl,67.500,-50.500,986.50,986.32,5.77,1.80,31.27,50.29,0.00,314.31,9.63
919704,atl,67.250,-76.750,992.84,992.56,6.51,1.93,30.07,30.07,0.00,0.00,7.61
919704,atl,65.750,-57.500,986.37,986.12,7.59,1.89,50.29,50.29,0.00,314.31,12.67
919704,atl,65.750,-31.250,978.03,977.35,16.24,4.79,54.17,54.17,0.00,22859.80,9.22
919704,atl,63.750,-76.250,994.61,994.48,5.53,1.27,27.91,30.07,0.00,0.00,4.52
919704,atl,63.250,-41.000,984.81,984.47,8.80,3.61,50.55,51.88,0.00,5919.26,15.78
919704,atl,62.750,5.250,1001.69,1001.27,5.31,1.70,22.35,26.48,0.00,0.00,5.62
919704,atl,62.500,-54.500,986.63,986.19,9.70,2.58,60.99,60.99,0.00,84079.33,6.85
919704,atl,45.750,-68.250,982.45,981.43,20.01,4.74,53.36,53.36,0.00,15326.11,9.04
919704,atl,45.500,-41.000,999.38,997.96,12.66,3.34,57.35,57.35,0.00,19673.13,6.48
919704,atl,43.750,-5.750,997.51,997.07,7.47,1.76,39.30,47.09,0.00,0.00,6.87
919704,atl,43.500,0.750,996.37,995.81,10.33,2.97,44.53,46.13,0.00,0.00,10.26
919704,atl,40.750,-13.000,997.11,996.26,11.82,3.33,54.44,54.44,0.00,48291.39,6.68
919704,pac,64.750,188.250,991.14,991.00,9.18,1.76,35.64,48.35,0.00,0.00,8.76
919704,pac,64.750,204.250,991.48,991.39,6.18,1.10,24.61,33.46,0.00,0.00,12.81
919704,pac,64.250,213.000,987.72,986.78,10.94,2.24,43.06,44.10,0.00,0.00,14.13
919704,pac,63.500,234.000,1000.69,1000.16,5.01,1.41,23.53,36.76,0.00,0.00,11.25
919704,pac,62.000,219.000,988.90,987.21,11.22,2.59,50.99,50.99,0.00,386.38,14.13
919704,pac,58.750,166.000,994.50,993.71,9.82,3.23,37.56,37.56,0.00,0.00,8.55
919704,pac,49.750,193.000,968.08,967.56,29.26,7.80,73.52,73.52,83254.61,347491.69,12.58
919710,atl,67.750,-75.750,993.33,993.20,5.54,1.78,24.98,25.31,0.00,0.00,7.94
919710,atl,67.000,-29.500,977.59,976.70,14.11,4.28,52.68,55.18,0.00,24797.03,10.74
919710,atl,64.250,-37.750,976.83,976.44,15.76,4.91,65.76,65.76,3943.00,123527.80,15.93
919710,atl,63.500,-75.750,995.05,994.92,5.50,1.57,24.01,30.95,0.00,0.00,4.36
919710,atl,63.250,-52.000,989.24,988.71,6.24,2.39,42.48,55.65,0.00,5501.10,15.17
919710,atl,55.750,-29.250,1002.86,1002.19,4.72,1.79,39.87,39.87,0.00,0.00,3.91
919710,atl,47.750,-65.000,977.65,976.46,21.55,5.47,60.08,60.08,0.00,14088.18,9.56
919710,atl,47.250,-39.000,994.78,993.74,15.18,4.17,57.60,57.60,0.00,16736.42,5.56
919710,atl,44.750,0.250,998.41,997.71,10.31,2.65,34.82,41.29,0.00,0.00,12.62
919710,atl,38.750,-12.000,998.02,996.98,11.21,3.08,48.82,48.82,0.00,0.00,4.90
919710,pac,65.250,218.250,993.25,991.90,9.73,2.83,31.26,38.58,0.00,0.00,16.95
919710,pac,64.750,188.750,992.62,992.47,8.76,1.56,34.37,52.88,0.00,3049.44,8.66
919710,pac,63.250,229.500,991.57,991.29,11.45,2.95,41.95,53.89,0.00,2370.66,16.28
919710,pac,62.750,224.000,992.40,991.33,10.27,2.14,37.88,52.05,0.00,1179.53,16.95
919710,pac,59.000,165.000,993.40,992.46,11.92,3.82,43.14,43.14,0.00,0.00,9.50
919710,pac,52.250,198.000,970.89,970.37,25.55,6.12,70.09,70.09,63715.45,327112.56,10.21
919716,atl,68.500,-75.750,994.50,994.09,4.84,1.58,23.05,23.39,0.00,0.00,6.06
919716,atl,66.250,-32.250,973.70,973.32,18.05,3.79,67.73,67.73,6109.77,135307.51,15.80
919716,atl,63.500,-74.250,995.67,995.50,5.50,1.69,24.90,26.03,0.00,0.00,3.45
919716,atl,49.250,-62.250,977.24,976.85,19.55,4.77,46.75,46.75,0.00,0.00,10.52
919716,atl,47.750,-37.750,997.08,996.66,12.56,2.89,47.07,48.77,0.00,0.00,5.50
919716,atl,44.750,-1.750,1002.46,1001.87,8.36,2.24,34.77,36.79,0.00,0.00,9.20
919716,atl,37.750,-11.500,1001.55,1000.75,10.22,2.76,36.24,42.38,0.00,0.00,4.50
919716,pac,65.250,192.500,993.29,993.13,9.09,1.21,32.91,54.20,0.00,9972.78,8.38
919716,pac,63.250,231.250,995.96,994.84,10.12,3.68,32.15,45.88,0.00,0.00,16.93
919716,pac,62.250,221.000,996.88,995.74,6.15,1.69,32.76,41.18,0.00,0.00,16.32
919716,pac,59.250,164.750,996.09,995.11,11.26,3.29,39.71,39.71,0.00,0.00,12.64
919716,pac,54.500,203.000,974.53,974.22,20.79,4.48,61.48,65.04,11179.97,246187.09,8.89
919716,pac,50.250,161.000,993.56,993.20,9.54,2.78,39.76,45.26,0.00,0.00,4.48
919722,atl,66.500,-28.000,974.14,973.58,16.50,3.99,50.62,59.68,0.00,64770.36,15.02
919722,atl,63.500,-73.000,995.87,995.45,5.62,1.92,26.32,26.32,0.00,0.00,4.13
919722,atl,60.000,-16.500,994.57,993.24,6.10,2.32,43.21,52.57,0.00,2506.73,5.97
919722,atl,51.000,-59.500,974.92,974.58,18.06,3.67,51.99,54.47,0.00,13652.71,8.01
919722,atl,48.500,-36.750,996.68,996.53,9.63,1.99,40.54,46.82,0.00,0.00,4.46
919722,atl,36.500,-11.500,1003.49,1003.05,9.20,2.40,38.26,38.26,0.00,0.00,3.73
919722,pac,66.000,194.500,993.55,993.43,10.40,1.88,46.98,54.47,0.00,11363.75,14.85
919722,pac,59.750,164.250,999.46,998.18,9.55,2.37,40.68,40.68,0.00,0.00,19.03
919722,pac,58.000,209.250,976.17,975.71,15.68,3.02,48.10,58.90,0.00,70468.39,8.06
919722,pac,50.500,161.250,991.10,990.63,10.98,3.02,48.51,48.51,0.00,0.00,6.50
919722,pac,48.750,165.750,992.77,992.36,8.46,1.84,38.94,48.51,0.00,0.00,6.50
919728,atl,67.250,-12.250,982.09,981.81,8.00,1.92,36.59,52.44,0.00,5519.74,6.10
919728,atl,66.750,-26.750,976.90,976.32,15.07,3.89,52.39,54.26,0.00,16554.99,19.70
919728,atl,64.000,-72.000,997.70,997.34,4.52,1.59,30.48,30.48,0.00,0.00,3.95
919728,atl,53.500,-56.500,972.17,971.99,17.85,3.19,48.34,53.33,0.00,8488.07,7.69
919728,atl,51.500,-36.500,995.71,995.59,7.17,1.65,33.29,40.99,0.00,0.00,3.36
919728,pac,62.000,223.000,984.03,983.35,12.53,2.34,44.28,51.92,0.00,403.77,23.48
919728,pac,59.750,213.000,977.91,977.67,14.87,2.65,46.47,52.87,0.00,12138.54,15.30
919728,pac,58.250,236.250,995.93,994.60,10.09,3.06,47.73,47.73,0.00,0.00,20.46
919728,pac,50.250,165.500,988.62,988.12,12.54,2.90,46.52,49.67,0.00,0.00,6.17
919728,pac,38.000,171.750,998.08,997.97,6.58,1.33,46.57,49.60,0.00,0.00,3.66
919734,atl,68.500,-9.750,975.06,973.85,13.43,3.24,40.22,51.31,0.00,2753.61,6.57
919734,atl,64.750,-36.250,990.51,990.15,7.84,2.77,49.01,49.01,0.00,0.00,23.74
919734,atl,54.750,-56.250,965.37,965.06,21.36,3.83,44.93,53.94,0.00,30701.03,9.10
919734,atl,54.000,-35.500,991.42,991.21,5.92,1.53,33.17,37.26,0.00,0.00,3.26
919734,pac,65.500,198.000,1000.58,1000.42,7.37,1.21,30.26,48.83,0.00,0.00,12.27
919734,pac,62.000,228.250,983.33,982.59,16.85,4.19,45.62,48.68,0.00,0.00,21.36
919734,pac,60.000,214.750,981.95,981.53,14.78,2.66,53.11,56.84,0.00,34749.28,19.76
919734,pac,51.250,163.500,982.06,981.35,17.70,4.71,56.22,56.22,0.00,28122.18,8.07
919734,pac,39.250,175.000,993.61,993.34,9.30,2.27,44.41,54.78,0.00,19992.86,5.02
919740,atl,69.000,-6.750,969.60,968.72,18.48,4.88,53.60,53.60,0.00,5160.63,10.09
919740,atl,64.750,-37.000,992.96,992.59,5.17,2.27,34.25,34.25,0.00,0.00,11.22
919740,atl,55.000,-55.250,963.13,962.87,22.07,4.06,59.14,64.14,432.13,169139.57,9.24
919740,atl,45.250,-79.000,1003.87,1003.31,10.15,3.22,42.30,42.31,0.00,0.00,7.26
919740,pac,66.000,194.000,1004.68,1004.33,10.77,2.47,42.38,46.74,0.00,0.00,10.90
919740,pac,65.500,197.750,1004.80,1004.55,8.26,1.65,31.10,46.74,0.00,0.00,10.90
919740,pac,62.000,228.500,987.61,986.96,17.00,4.55,31.52,45.00,0.00,0.00,23.80
919740,pac,61.000,216.500,985.61,985.16,16.39,3.68,48.88,55.96,0.00,54562.90,18.00
919740,pac,51.500,163.750,975.49,974.63,21.63,5.40,60.55,60.55,0.00,85679.06,11.16
919740,pac,50.500,175.000,987.82,987.30,11.61,2.81,55.39,56.27,0.00,151934.48,6.94
919740,pac,42.000,178.500,990.55,989.71,11.44,2.89,59.23,59.23,0.00,105699.70,7.27
919746,atl,55.500,-53.000,962.25,961.91,21.75,3.86,61.56,66.77,6161.22,267227.21,10.76
919746,atl,39.250,-63.250,1001.13,1000.29,7.18,1.84,49.76,49.76,0.00,0.00,4.09
919746,pac,61.500,226.500,991.32,990.86,17.12,3.77,32.83,41.31,0.00,0.00,29.97
919746,pac,60.750,217.500,990.47,988.79,15.77,3.58,48.82,55.71,0.00,52738.07,19.19
919746,pac,60.250,215.000,990.40,989.41,17.12,4.35,55.71,55.71,0.00,65286.17,16.83
919746,pac,56.750,237.500,998.20,996.54,8.66,2.95,48.17,49.77,0.00,0.00,30.14
919746,pac,52.000,164.500,969.39,968.82,22.25,5.24,59.67,64.04,437.70,235668.11,13.22
919746,pac,46.500,180.000,984.32,983.21,15.22,4.17,64.38,64.38,1051.58,191243.92,7.17
919752,atl,56.250,-50.000,966.39,965.81,19.57,4.16,65.01,65.01,13426.10,269043.92,9.11
919752,atl,41.500,-58.250,995.46,994.33,11.83,3.55,54.20,55.73,0.00,32323.98,8.19
919752,pac,61.250,226.750,996.70,995.61,16.18,4.45,32.71,33.41,0.00,0.00,31.07
919752,pac,61.000,229.500,996.43,995.61,16.86,5.19,30.07,32.71,0.00,0.00,31.07
919752,pac,59.750,216.500,996.06,995.67,15.12,3.80,49.20,53.88,0.00,12198.58,14.44
919752,pac,52.750,164.000,965.38,964.95,20.66,4.49,56.88,57.35,0.00,110639.33,13.46
919752,pac,51.000,179.500,977.88,976.74,17.73,4.68,66.64,69.93,10550.29,291327.95,8.25
919758,atl,63.000,-13.500,991.33,990.46,8.78,2.58,41.87,45.07,0.00,0.00,9.91
919758,atl,61.000,-40.250,980.72,980.07,7.16,2.36,49.28,52.38,0.00,7140.95,12.16
919758,atl,57.500,-49.000,969.57,968.65,18.30,4.26,60.12,63.93,0.00,187785.63,9.71
919758,atl,44.250,-52.250,990.71,989.41,14.72,4.18,58.60,58.60,0.00,15151.48,8.55
919758,pac,60.750,227.250,1001.98,1000.77,13.62,3.84,21.42,29.39,0.00,0.00,30.21
919758,pac,59.000,218.500,998.41,998.02,14.39,3.76,45.80,47.84,0.00,0.00,14.25
919758,pac,57.750,234.500,1004.30,1003.22,9.02,3.89,20.75,21.42,0.00,0.00,32.55
919758,pac,55.000,176.000,972.25,971.57,16.83,3.86,66.26,66.26,14978.63,336749.31,8.49
919758,pac,52.750,163.750,962.02,961.70,18.13,3.86,47.25,58.21,0.00,51488.39,12.67
919764,atl,64.000,-5.500,992.96,992.11,8.02,2.47,37.80,42.87,0.00,0.00,5.12
919764,atl,61.500,-40.000,983.47,982.88,7.70,2.38,49.69,53.04,0.00,8792.16,10.92
919764,atl,58.250,-48.500,975.43,974.81,15.54,3.86,53.04,53.04,0.00,26036.35,10.92
919764,atl,47.750,-47.250,982.91,981.66,18.99,5.44,58.66,58.66,0.00,108963.39,13.38
919764,pac,58.250,220.250,1000.23,999.70,14.16,3.65,44.99,45.71,0.00,0.00,15.95
919764,pac,52.500,164.750,963.31,963.08,14.09,2.97,44.38,56.37,0.00,76277.19,7.64
919764,pac,44.500,231.250,1001.10,1000.42,10.59,2.99,55.17,55.17,0.00,6100.25,5.35
919770,atl,65.750,-25.250,989.89,989.58,9.35,2.74,41.73,49.95,0.00,0.00,17.38
919770,atl,64.500,3.000,993.41,992.59,6.39,1.91,46.12,46.12,0.00,0.00,7.07
919770,atl,62.000,-39.500,986.42,986.09,7.79,2.94,52.65,52.65,0.00,10228.94,9.90
919770,atl,58.500,-48.000,979.55,979.09,11.60,3.30,46.59,46.59,0.00,0.00,9.90
919770,atl,51.000,-78.750,984.31,984.00,14.09,3.12,42.79,42.79,0.00,0.00,7.99
919770,atl,50.500,-44.000,970.57,969.69,26.05,7.35,77.51,77.62,71077.69,300819.18,18.23
919770,pac,57.500,182.750,979.98,979.15,13.17,3.06,62.01,64.39,772.77,292852.69,6.76
919770,pac,57.250,221.750,1002.47,1002.14,12.24,2.97,37.07,38.22,0.00,0.00,17.04
919770,pac,52.000,167.750,963.72,963.38,12.89,2.48,47.15,55.37,0.00,96635.13,5.33
919770,pac,44.250,233.500,998.61,997.96,10.13,2.50,53.22,53.22,0.00,4456.21,8.55
919776,atl,66.500,-24.250,992.41,991.66,8.80,2.89,39.60,39.60,0.00,0.00,19.15
919776,atl,58.750,-48.500,981.27,980.86,8.33,2.55,45.81,51.18,0.00,432.13,10.50
919776,atl,54.750,-41.000,960.02,958.73,30.64,8.17,84.21,90.66,135196.98,398076.17,16.34
919776,atl,54.250,-74.750,986.59,986.38,10.66,2.18,40.38,43.35,0.00,0.00,7.27
919776,pac,56.500,222.750,1004.03,1003.83,8.65,1.98,36.78,36.78,0.00,0.00,14.45
919776,pac,55.250,201.000,996.55,995.51,9.28,2.45,49.61,49.61,0.00,0.00,6.48
919776,pac,53.500,163.000,972.32,971.75,11.80,2.45,43.16,61.95,0.00,45352.01,11.52
919776,pac,52.500,170.500,966.52,966.18,12.81,2.68,43.70,55.88,0.00,19241.82,4.95
919776,pac,50.250,236.750,999.20,998.52,8.39,1.43,37.00,38.74,0.00,0.00,14.41
919776,pac,43.250,234.500,998.81,998.29,8.34,2.33,53.08,53.08,0.00,10170.16,6.58
919782,atl,67.250,-21.500,993.97,993.42,6.73,2.47,34.15,34.15,0.00,0.00,27.42
919782,atl,64.000,7.750,992.89,992.42,5.94,1.42,32.83,41.72,0.00,0.00,6.09
919782,atl,57.000,-72.500,985.72,985.57,8.89,1.74,33.93,38.29,0.00,0.00,5.86
919782,atl,57.000,-38.500,955.39,954.94,31.74,7.92,92.70,92.70,177714.36,436521.07,15.11
919782,pac,57.750,200.500,999.20,998.66,4.42,1.45,40.72,52.78,0.00,9404.43,6.95
919782,pac,56.750,181.500,972.46,971.39,14.61,3.53,49.91,64.60,2324.14,45279.21,7.41
919782,pac,56.750,221.750,1002.45,1002.24,6.69,1.52,30.24,30.24,0.00,0.00,15.71
919782,pac,55.000,207.000,995.36,994.79,10.72,3.01,52.78,52.78,0.00,20397.90,5.73
919782,pac,53.000,172.750,969.38,969.12,12.28,2.58,43.61,48.51,0.00,0.00,4.61
919782,pac,50.250,239.000,998.84,998.24,9.79,1.62,22.14,36.73,0.00,0.00,13.42
919782,pac,36.000,235.500,1001.14,1000.74,9.17,2.22,51.41,51.57,0.00,3025.89,5.95
919788,atl,63.500,-51.500,987.37,987.20,5.73,1.54,37.41,39.68,0.00,0.00,9.16
919788,atl,60.250,-69.500,987.85,987.68,6.70,1.26,36.44,36.44,0.00,0.00,4.34
919788,atl,59.500,-34.750,953.73,953.23,32.93,7.37,80.99,80.99,146755.67,451064.96,11.84
919788,pac,57.500,179.750,970.49,969.44,17.33,4.44,54.43,66.33,2353.25,63328.17,7.98
919788,pac,57.250,221.000,998.77,998.52,6.82,1.44,36.20,36.20,0.00,0.00,20.04
919788,pac,53.750,215.000,993.33,992.61,11.12,2.94,56.03,56.03,0.00,79528.38,5.71
919788,pac,35.000,236.500,998.64,997.99,11.70,3.08,59.37,59.37,0.00,53544.97,11.17
919794,atl,65.500,-53.250,988.17,987.93,6.52,1.88,40.39,40.98,0.00,0.00,9.60
919794,atl,61.000,-69.250,988.11,987.98,7.55,1.60,35.82,35.82,0.00,0.00,5.16
919794,atl,61.000,-31.500,954.70,954.30,30.89,6.72,68.46,72.70,101145.46,435611.37,9.37
919794,atl,59.750,-63.250,988.32,988.14,5.47,1.13,31.08,35.82,0.00,0.00,5.16
919794,atl,52.250,-62.250,991.90,991.75,9.74,2.19,40.35,47.48,0.00,0.00,7.54
919794,pac,57.250,221.000,998.92,998.67,6.59,1.32,33.20,33.20,0.00,0.00,20.55
919794,pac,56.750,178.000,969.59,968.60,18.47,4.92,54.27,57.75,0.00,58241.49,7.79
919794,pac,55.500,195.500,989.04,988.93,6.16,1.30,48.30,48.30,0.00,0.00,6.54
919794,pac,53.000,195.250,988.94,988.44,8.18,2.23,48.30,48.30,0.00,0.00,6.54
919794,pac,52.250,219.500,993.75,993.32,9.90,2.33,51.15,53.41,0.00,30079.53,5.19
919794,pac,33.500,237.250,1000.22,999.69,12.16,3.43,57.00,57.00,0.00,34419.21,16.79
919800,atl,64.500,-54.500,991.01,990.94,4.63,1.52,41.15,41.49,0.00,0.00,10.02
919800,atl,62.000,-28.000,958.99,958.62,27.12,5.76,62.78,64.78,19605.68,359926.30,8.33
919800,atl,61.000,-63.000,989.82,989.70,6.01,1.45,39.45,39.45,0.00,0.00,7.55
919800,atl,53.250,-59.000,987.25,986.88,13.76,3.38,38.31,49.21,0.00,0.00,9.24
919800,pac,59.500,217.250,999.37,998.94,7.21,2.03,31.87,31.87,0.00,0.00,22.33
919800,pac,55.750,198.250,982.10,981.43,11.17,2.88,52.21,52.21,0.00,5811.48,7.38
919800,pac,55.500,177.750,976.17,975.43,13.58,3.61,43.22,48.58,0.00,0.00,5.74
919800,pac,49.750,226.250,992.28,991.74,9.32,2.05,45.61,49.14,0.00,0.00,3.80
919800,pac,31.750,239.000,1002.93,1002.50,7.57,2.12,50.23,50.23,0.00,1999.23,4.68
919806,atl,63.250,-23.500,961.63,961.28,23.74,5.13,61.80,62.81,0.00,300232.65,8.51
919806,atl,61.500,-62.000,990.69,990.58,6.11,1.62,40.30,41.78,0.00,0.00,10.97
919806,atl,53.750,-56.500,981.59,981.35,16.33,3.63,45.07,54.86,0.00,1503.05,9.18
919806,pac,59.500,217.250,998.87,998.58,5.86,1.66,31.50,31.50,0.00,0.00,21.41
919806,pac,58.250,198.250,976.88,976.24,14.43,3.66,40.81,44.86,0.00,0.00,10.38
919806,pac,54.500,180.000,979.32,978.76,9.73,2.66,38.69,41.50,0.00,0.00,4.13
919806,pac,48.250,230.000,991.16,990.70,10.16,2.17,40.52,41.29,0.00,0.00,4.33
919806,pac,46.250,165.000,973.22,972.93,19.29,4.60,67.52,67.52,33396.63,273027.09,8.91
919812,atl,64.750,-39.000,989.85,989.55,4.69,2.05,42.06,43.17,0.00,0.00,13.69
919812,atl,63.750,-18.500,967.61,967.20,19.73,4.08,65.23,65.69,8209.63,303724.61,7.97
919812,atl,54.000,-55.000,977.14,976.60,18.30,3.93,56.41,61.26,0.00,77684.20,12.21
919812,pac,59.750,196.750,974.93,974.02,15.57,4.02,40.19,43.13,0.00,0.00,11.40
919812,pac,53.750,182.250,980.30,979.86,6.85,1.99,32.52,39.98,0.00,0.00,3.54
919812,pac,48.000,231.500,989.67,989.34,10.61,2.25,43.89,43.89,0.00,0.00,7.88
919812,pac,47.750,172.000,978.47,977.89,13.44,2.92,57.36,61.81,0.00,147338.44,6.39
919812,pac,40.000,223.500,1000.90,999.88,5.72,1.59,48.97,48.97,0.00,0.00,4.85
919818,atl,65.250,-11.250,969.29,969.08,18.04,3.60,57.02,66.52,11802.39,185642.30,8.30
919818,atl,55.250,-51.000,973.49,972.81,14.69,2.50,51.78,59.30,0.00,80841.04,11.23
919818,atl,55.250,-45.500,973.31,972.71,13.92,3.19,52.56,60.71,0.00,104818.19,6.74
919818,pac,63.250,209.000,993.83,990.58,4.06,1.87,26.12,42.10,0.00,0.00,20.09
919818,pac,60.500,195.500,974.75,974.17,14.16,3.44,44.60,49.78,0.00,0.00,9.39
919818,pac,52.750,184.000,979.25,978.96,5.56,1.48,32.56,45.07,0.00,0.00,3.75
919818,pac,49.000,186.500,977.73,976.96,8.91,2.17,52.03,59.83,0.00,97782.04,4.55
919818,pac,47.750,230.750,990.75,990.46,8.89,1.85,38.49,38.49,0.00,0.00,9.63
919818,pac,40.250,229.000,997.21,996.47,6.99,1.60,51.92,51.92,0.00,7223.41,4.34
919824,atl,66.500,-5.250,973.00,972.87,15.06,2.91,50.26,67.15,359.81,54710.03,7.50
919824,atl,57.250,-43.000,967.97,966.96,18.09,4.64,55.99,56.33,0.00,109139.84,9.99
919824,pac,59.250,194.000,975.62,975.49,9.14,1.54,41.88,51.02,0.00,701.66,5.66
919824,pac,49.250,197.000,972.48,971.85,10.03,2.28,60.93,63.88,0.00,183114.57,4.77
919824,pac,47.500,230.500,990.95,990.81,6.52,1.28,29.89,32.92,0.00,0.00,7.51
919824,pac,41.750,234.500,992.89,992.28,8.93,2.49,52.40,52.40,0.00,2902.51,10.13
919830,atl,67.000,1.500,975.97,975.82,13.55,2.52,55.44,56.60,0.00,69223.42,7.17
919830,atl,56.500,-45.750,968.36,967.67,16.02,3.94,66.46,66.46,2038.92,67124.60,11.34
919830,pac,62.750,234.000,1004.61,1003.35,6.31,2.93,18.39,22.27,0.00,0.00,16.40
919830,pac,57.500,206.750,972.11,971.61,9.04,2.38,49.53,49.53,0.00,0.00,14.14
919830,pac,50.250,205.750,965.09,964.48,13.02,3.04,52.15,62.39,0.00,71865.28,4.74
919830,pac,47.500,231.250,991.46,991.37,5.56,1.03,28.15,31.52,0.00,0.00,7.95
919830,pac,43.500,239.000,994.19,993.63,8.78,2.30,57.01,59.06,0.00,13837.56,10.92
919836,atl,67.000,9.000,979.91,979.59,11.42,2.57,50.34,52.27,0.00,3102.84,6.61
919836,atl,61.250,-40.000,973.99,973.65,12.60,3.08,59.71,59.71,0.00,30585.80,11.81
919836,atl,54.750,-39.000,977.34,976.94,11.37,2.37,62.20,66.37,24239.45,269682.54,7.79
919836,atl,54.000,-43.250,977.11,976.80,14.16,2.88,64.35,67.00,44985.24,230879.33,7.79
919836,pac,62.750,233.750,1003.87,1002.43,5.59,2.70,15.58,19.09,0.00,0.00,17.41
919836,pac,59.000,204.250,970.97,970.37,10.17,2.62,50.13,50.13,0.00,389.30,13.37
919836,pac,50.750,209.000,960.68,960.21,14.31,3.44,47.60,52.90,0.00,19457.55,4.88
919842,atl,64.750,-28.250,975.48,974.17,19.02,5.14,62.18,62.18,0.00,122317.84,14.14
919842,atl,61.750,-40.250,970.12,969.24,15.28,4.40,52.59,61.20,0.00,31634.10,14.46
919842,atl,56.750,-35.250,975.37,975.02,11.58,2.94,69.61,70.44,43531.69,178703.84,8.17
919842,pac,62.750,233.250,1002.49,1000.87,5.45,2.68,13.58,16.03,0.00,0.00,16.41
919842,pac,59.250,201.500,973.17,972.79,8.14,1.87,29.76,36.11,0.00,0.00,12.75
919842,pac,51.250,211.000,957.77,957.34,16.23,4.12,53.23,54.37,0.00,92872.05,6.80
919848,atl,68.750,-52.750,999.22,998.54,5.25,1.39,47.68,53.45,0.00,14216.29,15.31
919848,atl,66.250,-30.250,971.51,970.07,20.54,6.00,79.28,79.28,21736.07,81997.92,16.72
919848,atl,60.250,-40.250,974.47,973.72,12.08,2.57,48.70,56.21,0.00,48402.20,12.39
919848,atl,59.000,-32.000,970.85,970.29,16.17,4.59,65.24,67.87,21683.42,164610.86,6.80
919848,pac,64.750,227.750,1000.99,999.08,4.28,2.33,15.57,18.63,0.00,0.00,16.40
919848,pac,62.750,233.250,1002.21,1000.38,4.86,2.53,12.54,15.57,0.00,0.00,16.40
919848,pac,59.750,199.000,976.72,976.58,7.91,1.65,33.95,41.88,0.00,0.00,9.24
919848,pac,51.250,213.750,955.66,955.32,17.98,4.14,65.94,66.84,10243.50,229136.79,8.45
919854,atl,67.750,-24.000,982.09,981.50,9.57,2.66,55.88,56.70,0.00,10763.50,19.63
919854,atl,65.750,-34.000,974.82,974.28,11.74,2.98,57.80,57.80,0.00,7937.29,18.24
919854,atl,61.250,-46.250,983.25,982.71,10.18,2.50,55.82,55.82,0.00,105793.73,14.21
919854,atl,61.250,-30.000,968.10,967.58,17.38,4.74,69.22,69.22,8482.90,179113.33,10.09
919854,atl,46.000,-77.750,989.65,988.81,17.82,4.77,51.06,51.06,0.00,1116.44,10.51
919854,atl,42.250,-70.250,1004.05,1003.78,6.53,1.68,46.22,47.38,0.00,0.00,8.16
919854,pac,64.750,227.750,997.97,995.88,6.72,3.08,15.00,18.75,0.00,0.00,17.66
919854,pac,63.000,232.750,999.48,998.04,6.56,3.05,13.12,15.34,0.00,0.00,17.66
919854,pac,59.500,199.250,978.67,978.58,6.82,1.15,32.49,44.18,0.00,0.00,8.01
919854,pac,52.000,217.250,956.33,956.22,17.11,3.07,63.69,71.46,58865.91,220517.35,7.52
919860,atl,63.500,-27.250,969.20,968.74,17.80,4.79,65.14,65.14,2845.62,138142.67,8.02
919860,atl,62.250,-42.000,980.81,980.57,9.85,1.94,40.36,53.51,0.00,54162.88,12.35
919860,atl,47.000,-75.250,996.49,995.71,12.20,3.28,40.49,46.18,0.00,0.00,9.85
919860,atl,43.750,-68.000,1000.53,1000.12,8.60,1.96,35.51,50.09,0.00,551.18,9.78
919860,pac,64.750,227.750,997.02,995.03,6.79,3.12,13.98,18.30,0.00,0.00,18.35
919860,pac,63.000,232.750,998.50,997.31,6.28,3.00,13.98,17.07,0.00,0.00,18.35
919860,pac,52.750,217.500,960.33,960.12,13.18,2.63,55.90,65.20,1024.11,141127.11,6.84
919866,atl,65.000,-26.500,971.61,971.01,16.80,4.75,54.03,54.03,0.00,27612.76,10.33
919866,atl,60.500,-41.500,983.47,983.26,11.19,2.64,53.95,54.89,0.00,77193.05,15.36
919866,atl,47.000,-24.500,998.94,998.03,11.57,3.52,55.24,55.24,0.00,18531.24,6.97
919866,atl,45.000,-63.500,995.72,995.50,12.35,2.86,45.55,48.75,0.00,0.00,10.01
919866,pac,64.500,228.000,994.49,992.62,8.21,3.50,18.14,18.75,0.00,0.00,19.63
919866,pac,63.000,232.500,995.00,993.58,8.46,3.74,14.19,18.75,0.00,0.00,19.63
919866,pac,56.000,162.750,999.57,998.88,9.72,2.91,36.60,41.43,0.00,0.00,9.36
919866,pac,53.500,222.500,964.13,963.72,12.57,2.10,49.60,59.99,0.00,105364.32,16.58
919866,pac,53.000,218.250,964.35,964.05,11.42,2.34,53.33,58.21,0.00,103106.36,5.51
919872,atl,66.250,-24.750,976.23,975.61,13.38,3.93,54.66,54.66,0.00,3900.57,7.61
919872,atl,63.750,-31.750,980.22,979.76,9.69,2.04,43.53,54.66,0.00,3567.88,13.60
919872,atl,50.500,-21.250,996.01,994.77,12.71,3.75,54.02,54.02,0.00,10451.67,7.92
919872,atl,46.000,-59.750,992.68,991.81,15.05,3.44,45.95,49.19,0.00,0.00,6.62
919872,pac,64.250,228.500,993.78,992.22,8.53,3.79,17.48,19.40,0.00,0.00,19.96
919872,pac,63.000,232.500,994.47,993.33,8.54,3.70,14.61,19.40,0.00,0.00,22.62
919872,pac,62.500,208.750,977.11,975.43,11.17,3.33,28.08,31.90,0.00,0.00,29.36
919872,pac,57.500,163.250,993.43,992.34,13.67,3.80,43.34,47.22,0.00,0.00,8.79
919872,pac,54.750,221.500,968.56,968.27,12.10,2.31,49.03,50.94,0.00,26896.78,18.67
919872,pac,53.750,217.250,968.99,968.48,10.13,2.21,50.94,50.94,0.00,23986.74,5.31
919878,atl,67.500,-20.250,981.09,980.35,10.72,3.40,51.08,51.08,0.00,582.09,8.24
919878,atl,63.750,-32.000,982.61,982.13,9.12,2.05,34.07,42.75,0.00,0.00,15.15
919878,atl,55.000,-18.000,992.54,991.89,12.37,3.44,57.03,57.03,0.00,31730.44,5.90
919878,atl,47.000,-58.500,989.80,988.76,16.72,4.10,43.67,46.69,0.00,0.00,5.65
919878,pac,64.250,228.250,991.91,990.54,10.29,4.44,16.12,20.98,0.00,0.00,21.79
919878,pac,63.000,232.250,993.52,992.14,9.50,3.97,16.51,17.14,0.00,0.00,25.18
919878,pac,61.500,206.500,977.78,977.07,8.79,2.29,24.34,32.79,0.00,0.00,27.26
919878,pac,58.250,163.000,988.48,987.39,15.55,4.03,53.60,54.10,0.00,36366.59,10.90
919878,pac,56.250,208.000,972.95,972.58,8.94,2.43,39.29,39.84,0.00,0.00,4.76
919878,pac,55.750,220.000,971.31,970.93,12.61,2.69,48.42,50.66,0.00,4669.46,17.56
919884,atl,69.000,-14.750,985.69,984.82,9.12,3.11,42.88,46.47,0.00,0.00,6.51
919884,atl,63.250,-32.750,982.42,982.05,11.01,2.44,36.34,39.76,0.00,0.00,12.05
919884,atl,59.500,-14.250,990.14,989.50,11.79,3.48,55.23,55.23,0.00,118961.65,5.67
919884,atl,47.250,-51.250,992.53,992.00,11.58,2.49,42.15,49.95,0.00,0.00,5.48
919884,atl,46.500,-56.750,992.54,991.80,14.11,3.40,53.25,53.25,0.00,26369.77,6.29
919884,pac,64.250,228.500,991.98,990.00,10.81,4.72,15.45,22.73,0.00,0.00,22.32
919884,pac,63.000,232.500,993.21,991.89,10.46,4.30,15.91,19.19,0.00,0.00,24.91
919884,pac,61.750,206.500,980.53,979.45,7.87,2.26,22.12,33.90,0.00,0.00,25.55
919884,pac,58.000,235.500,994.25,990.97,6.79,3.30,28.74,41.20,0.00,0.00,27.54
919884,pac,57.000,171.500,988.13,987.49,11.49,2.45,54.38,54.38,0.00,47062.30,8.15
919884,pac,56.750,218.500,975.41,974.92,11.77,2.62,47.62,50.89,0.00,3611.91,25.62
919884,pac,56.500,207.750,971.81,971.20,13.55,3.86,42.80,42.80,0.00,0.00,6.89
919884,pac,55.250,164.000,987.56,986.69,9.33,2.47,42.18,52.65,0.00,2831.93,11.68
919884,pac,38.750,214.250,1002.44,1002.11,4.49,1.21,42.87,42.87,0.00,0.00,4.00
919890,atl,63.500,-9.500,988.05,987.53,11.25,3.30,58.23,58.23,0.00,37902.86,5.75
919890,atl,62.750,-33.250,982.78,982.58,11.60,2.38,41.74,43.46,0.00,0.00,11.29
919890,atl,61.500,-46.750,991.64,990.91,10.79,2.99,52.33,52.33,0.00,23491.73,11.29
919890,atl,47.750,-48.250,989.81,989.09,12.34,3.02,49.01,49.01,0.00,0.00,5.44
919890,pac,64.250,228.750,993.52,991.75,9.70,4.32,13.45,20.41,0.00,0.00,19.94
919890,pac,63.250,232.500,994.28,993.08,10.24,4.16,13.35,22.83,0.00,0.00,19.94
919890,pac,58.000,217.500,978.78,977.92,11.02,2.51,42.23,45.66,0.00,0.00,24.55
919890,pac,58.000,235.750,998.54,995.34,5.60,2.40,41.31,41.31,0.00,0.00,21.65
919890,pac,57.000,169.250,983.15,982.50,13.52,2.63,54.98,54.98,0.00,106434.63,8.26
919890,pac,56.500,175.000,982.63,981.76,12.57,2.84,54.56,54.98,0.00,111493.95,6.48
919890,pac,56.500,208.000,971.12,970.39,16.80,4.99,49.66,49.66,0.00,0.00,7.90
919890,pac,40.000,217.500,1003.16,1002.98,5.68,1.46,40.73,40.73,0.00,0.00,3.18
919896,atl,66.500,-4.250,985.79,985.26,13.38,3.53,48.59,48.59,0.00,0.00,5.82
919896,atl,65.750,-79.500,1001.64,1001.51,8.98,2.00,27.54,29.73,0.00,0.00,5.12
919896,atl,62.250,-33.250,984.76,984.48,10.93,2.22,46.10,47.30,0.00,0.00,8.99
919896,atl,48.500,-41.750,990.28,989.39,10.78,2.70,46.34,48.03,0.00,0.00,5.81
919896,atl,47.000,-48.500,992.00,991.52,12.19,2.95,45.01,49.69,0.00,0.00,6.24
919896,pac,64.500,229.000,997.04,995.35,7.47,3.39,18.83,20.62,0.00,0.00,20.22
919896,pac,62.750,233.500,996.02,994.49,9.53,3.79,21.07,35.86,0.00,0.00,20.22
919896,pac,61.750,192.750,990.67,990.59,5.45,1.31,39.84,46.68,0.00,0.00,5.82
919896,pac,60.000,224.000,992.83,990.30,5.16,1.54,48.23,48.23,0.00,0.00,23.33
919896,pac,59.250,216.250,983.84,983.19,8.07,2.06,42.08,44.63,0.00,0.00,23.33
919896,pac,56.750,173.000,979.59,978.77,13.22,3.22,57.78,57.78,0.00,62683.71,7.17
919896,pac,56.750,208.500,972.83,971.96,18.40,5.48,53.56,53.56,0.00,16601.37,10.97
919896,pac,56.250,165.750,982.89,982.29,13.78,3.37,53.94,57.78,0.00,58639.50,13.30
919896,pac,55.750,182.000,979.74,979.16,11.60,2.73,48.96,55.11,0.00,4572.97,6.21
919896,pac,41.750,221.000,1002.95,1002.65,6.39,1.82,42.54,42.54,0.00,0.00,3.55
919896,pac,33.250,217.500,1004.56,1003.24,6.40,1.85,52.39,52.39,0.00,1936.91,4.43
919902,atl,69.000,2.500,980.87,979.82,16.66,4.75,52.94,52.94,0.00,38595.10,9.12
919902,atl,66.500,-78.250,1001.42,1001.29,8.43,2.06,28.04,28.24,0.00,0.00,4.75
919902,atl,62.000,-32.750,986.96,986.71,10.39,2.05,41.49,51.51,0.00,5990.39,6.46
919902,atl,61.500,-47.000,997.88,997.20,5.62,1.59,39.34,39.34,0.00,0.00,8.59
919902,atl,49.500,-36.750,989.64,988.82,10.79,2.84,48.21,55.67,0.00,8782.67,6.35
919902,pac,64.500,229.000,998.49,996.70,6.44,3.02,20.74,28.24,0.00,0.00,19.63
919902,pac,62.750,233.500,997.34,995.18,8.54,3.37,26.44,33.88,0.00,0.00,19.63
919902,pac,61.250,192.000,989.13,989.02,4.18,1.05,35.80,44.89,0.00,0.00,5.57
919902,pac,59.250,235.000,1001.87,1000.25,4.12,1.84,36.16,36.16,0.00,0.00,19.63
919902,pac,57.000,209.250,976.74,975.90,17.32,5.24,51.42,51.42,0.00,6166.63,9.96
919902,pac,56.000,182.250,975.74,975.13,12.34,2.91,48.89,48.89,0.00,0.00,5.75
919902,pac,55.500,170.000,980.52,979.84,14.25,3.39,57.91,61.04,0.00,75153.85,8.00
919902,pac,45.000,225.000,1002.75,1002.32,7.14,2.04,45.23,45.23,0.00,0.00,3.50
919902,pac,36.250,220.250,1004.78,1004.16,7.72,2.11,54.74,54.74,0.00,11217.33,4.14
919908,atl,66.750,-77.000,1002.68,1002.54,7.44,1.80,31.33,31.33,0.00,0.00,4.74
919908,atl,64.500,-28.500,990.69,990.55,10.72,2.19,51.94,54.64,0.00,26745.68,7.12
919908,atl,64.000,-68.500,1002.29,1001.91,5.26,1.55,28.01,29.36,0.00,0.00,4.78
919908,atl,50.500,-34.500,990.66,990.09,10.29,2.68,46.86,51.18,0.00,1945.25,6.08
919908,pac,64.750,227.750,1000.26,998.44,5.87,2.67,21.78,24.40,0.00,0.00,18.57
919908,pac,62.750,233.750,1000.23,998.63,6.69,2.81,25.88,28.26,0.00,0.00,18.57
919908,pac,62.000,225.500,998.71,997.96,5.85,1.72,24.59,27.44,0.00,0.00,22.39
919908,pac,59.500,239.000,1004.20,1003.65,4.08,1.62,30.30,30.30,0.00,0.00,17.88
919908,pac,57.000,211.000,982.16,981.38,15.01,4.74,49.73,49.73,0.00,0.00,6.54
919908,pac,55.500,182.750,972.45,971.94,13.31,3.05,51.29,51.29,0.00,2603.92,6.37
919908,pac,55.500,187.500,972.66,972.45,11.67,2.14,46.27,51.29,0.00,864.25,6.37
919908,pac,53.000,169.500,986.44,985.74,12.58,3.05,52.92,56.93,0.00,74965.54,6.79
919908,pac,48.750,229.750,1000.78,1000.53,8.09,2.02,46.00,46.00,0.00,0.00,6.01
919914,atl,67.250,-75.750,1004.96,1004.85,5.55,1.36,27.30,27.30,0.00,0.00,4.84
919914,atl,65.750,-26.000,993.53,993.30,11.21,2.80,54.82,54.82,0.00,32018.70,11.95
919914,atl,64.250,-5.500,1002.49,1002.26,5.29,1.72,33.77,36.96,0.00,0.00,3.43
919914,atl,63.750,-64.000,1002.42,1001.97,4.55,1.13,33.09,36.38,0.00,0.00,4.61
919914,atl,62.000,-58.500,1001.54,1001.29,5.19,1.07,34.15,36.38,0.00,0.00,5.71
919914,atl,53.500,-29.250,991.37,990.71,11.20,3.38,50.18,50.18,0.00,454.22,6.66
919914,atl,50.750,-33.250,992.42,992.00,7.63,1.78,43.13,46.29,0.00,0.00,6.54
919914,atl,37.500,-77.500,998.65,998.41,5.22,0.97,35.89,47.60,0.00,0.00,4.62
919914,pac,64.750,229.250,1000.23,998.21,6.64,2.73,22.17,22.17,0.00,0.00,19.01
919914,pac,62.750,234.000,1000.87,999.67,6.31,2.71,22.17,22.17,0.00,0.00,19.01
919914,pac,57.500,213.000,986.32,985.59,11.63,3.87,46.25,46.25,0.00,0.00,9.78
919914,pac,56.750,192.500,967.26,966.68,15.81,3.44,53.60,53.60,0.00,21926.02,7.32
919914,pac,51.750,236.750,1002.10,1000.19,6.52,1.96,50.14,50.14,0.00,499.30,12.14
919914,pac,51.000,231.750,997.33,996.71,9.40,2.27,50.14,50.14,0.00,499.30,9.88
919920,atl,66.500,-25.000,996.18,995.70,11.49,3.26,53.76,53.76,0.00,15240.39,12.55
919920,atl,65.250,-1.750,1002.87,1002.21,6.00,2.08,41.78,41.78,0.00,0.00,5.72
919920,atl,61.500,-56.500,999.47,999.20,8.11,2.01,38.27,41.24,0.00,0.00,7.33
919920,atl,55.000,-28.000,994.25,993.89,9.74,2.71,44.25,44.25,0.00,0.00,5.65
919920,atl,48.750,-32.250,994.49,994.43,6.91,1.32,43.62,43.92,0.00,0.00,4.25
919920,atl,41.250,-80.000,997.07,996.86,6.79,1.38,31.69,39.50,0.00,0.00,4.28
919920,atl,39.250,-75.500,997.24,997.12,5.87,1.16,36.64,47.12,0.00,0.00,7.65
919920,pac,64.750,229.500,999.97,998.18,6.71,2.61,19.03,19.03,0.00,0.00,19.91
919920,pac,63.000,234.000,999.53,998.64,6.93,2.99,19.03,19.03,0.00,0.00,19.91
919920,pac,57.750,214.750,991.05,990.41,8.14,2.90,41.21,41.21,0.00,0.00,11.58
919920,pac,56.500,189.250,960.83,960.20,21.02,4.87,55.36,55.36,0.00,86995.62,9.66
919920,pac,54.750,229.000,997.70,997.54,5.26,1.70,32.59,47.88,0.00,0.00,10.61
919920,pac,52.000,237.250,995.91,995.29,9.19,2.82,55.93,55.93,0.00,6805.77,13.65
919926,atl,67.250,-23.500,998.69,998.02,11.05,3.45,52.32,52.32,0.00,4914.96,11.90
919926,atl,65.750,2.750,1002.42,1001.52,6.88,2.55,50.68,50.68,0.00,970.58,6.02
919926,atl,62.250,-55.750,997.74,997.27,10.09,2.53,43.35,43.35,0.00,0.00,5.62
919926,atl,56.000,-27.250,995.54,995.20,8.30,2.21,36.50,44.67,0.00,0.00,4.12
919926,atl,47.250,-27.500,992.94,992.79,8.51,1.72,43.91,45.44,0.00,0.00,4.62
919926,atl,42.500,-79.000,995.18,994.85,8.25,1.64,31.22,37.11,0.00,0.00,5.49
919926,atl,41.000,-72.250,995.17,994.78,7.48,1.58,36.82,44.19,0.00,0.00,7.54
919926,pac,64.750,229.750,1001.67,999.52,5.53,2.26,19.22,19.22,0.00,0.00,17.57
919926,pac,62.750,234.500,1000.78,999.53,5.98,2.62,19.22,19.22,0.00,0.00,17.57
919926,pac,58.250,216.750,995.66,995.23,5.63,2.21,37.86,37.86,0.00,0.00,12.65
919926,pac,54.750,190.250,959.69,958.72,22.08,5.83,59.19,59.19,0.00,176482.48,9.59
919932,atl,67.500,-22.500,1001.84,1001.09,10.03,3.31,54.14,54.14,0.00,8207.02,14.62
919932,atl,65.750,8.000,1004.97,1004.20,5.49,2.28,51.98,51.98,0.00,2954.54,5.79
919932,atl,63.000,-56.500,998.96,998.17,10.60,2.76,44.46,44.46,0.00,0.00,6.87
919932,atl,61.250,-40.250,1001.22,1000.71,5.52,2.11,38.07,38.07,0.00,0.00,15.89
919932,atl,56.750,-27.500,997.13,996.81,7.21,2.00,30.80,34.70,0.00,0.00,3.87
919932,atl,49.750,-27.500,992.80,992.55,10.77,2.72,40.96,48.05,0.00,0.00,4.60
919932,atl,43.250,-69.000,994.89,994.27,8.52,1.93,39.59,40.55,0.00,0.00,8.59
919932,atl,43.000,-76.500,994.41,994.22,6.75,1.22,20.81,35.18,0.00,0.00,5.43
919932,pac,64.750,229.750,1003.81,1001.73,5.51,2.25,19.89,19.89,0.00,0.00,16.78
919932,pac,62.750,234.500,1003.74,1002.22,5.63,2.46,19.89,19.89,0.00,0.00,17.56
919932,pac,58.250,236.000,1004.85,1004.33,4.80,1.71,19.89,30.34,0.00,0.00,17.56
919932,pac,55.500,192.000,961.81,960.57,21.54,5.55,57.60,59.00,0.00,172497.60,7.14
919932,pac,35.500,221.000,1002.06,1001.19,10.92,2.69,56.85,56.85,0.00,47272.42,6.85
919938,atl,62.750,-58.000,1000.91,1000.38,10.73,3.00,44.50,45.41,0.00,0.00,8.36
919938,atl,61.500,-41.000,1000.14,999.54,6.02,2.10,43.46,43.46,0.00,0.00,7.11
919938,atl,60.500,-51.500,1000.50,1000.34,7.61,1.70,43.82,44.50,0.00,0.00,6.24
919938,atl,59.000,-44.750,1000.83,1000.58,5.78,1.06,37.30,43.82,0.00,0.00,7.11
919938,atl,57.750,-27.750,995.39,995.13,8.20,2.14,33.99,35.38,0.00,0.00,4.46
919938,atl,51.000,-27.250,993.46,993.15,10.42,2.89,41.74,49.61,0.00,0.00,5.11
919938,atl,44.750,-68.000,994.29,993.91,7.44,1.46,33.84,44.83,0.00,0.00,8.25
919938,atl,44.000,-74.250,992.99,992.58,6.61,1.15,19.81,29.84,0.00,0.00,6.15
919938,atl,43.750,-23.750,997.51,997.17,5.71,1.20,41.49,41.49,0.00,0.00,3.44
919938,pac,55.500,192.000,964.01,962.70,21.77,5.66,56.88,57.04,0.00,180704.04,7.61
919938,pac,38.750,203.000,1004.62,1003.48,6.43,1.86,53.93,56.07,0.00,46154.25,4.66
919938,pac,37.500,165.750,996.85,994.34,16.59,5.40,62.54,62.54,0.00,84837.49,14.62
919938,pac,37.500,225.000,1002.95,1002.33,10.41,2.31,55.71,61.63,0.00,71419.63,6.04
919938,pac,34.500,221.000,1001.51,1000.74,11.10,3.05,61.63,61.63,0.00,38088.93,6.52
919944,atl,59.750,-49.500,1000.79,1000.59,7.55,1.88,45.66,45.66,0.00,0.00,6.94
919944,atl,59.500,-29.000,991.75,991.33,11.27,2.98,38.34,41.92,0.00,0.00,6.44
919944,atl,45.250,-71.500,993.57,993.41,6.57,1.12,27.21,48.48,0.00,0.00,5.70
919944,atl,45.250,-68.250,993.62,993.51,6.66,0.97,27.21,50.06,0.00,504.43,5.95
919944,atl,43.000,-22.500,998.62,998.19,6.87,1.26,37.98,45.68,0.00,0.00,3.12
919944,atl,37.250,-20.250,999.30,998.98,6.26,1.48,34.00,37.98,0.00,0.00,2.88
919944,pac,63.000,208.750,996.28,994.00,5.24,1.65,25.47,33.82,0.00,0.00,18.08
919944,pac,55.250,193.250,969.68,968.67,18.82,4.81,53.73,53.73,0.00,83445.33,6.70
919944,pac,51.750,163.250,983.41,982.61,13.19,3.19,50.16,52.02,0.00,4176.16,19.28
919944,pac,41.000,206.500,1002.03,1000.83,6.74,1.98,53.71,53.71,0.00,15515.00,5.59
919944,pac,39.000,225.250,1000.75,999.96,10.76,2.62,51.63,54.73,0.00,41478.98,5.40
919944,pac,38.750,171.000,985.55,979.87,25.00,8.62,91.02,91.02,33427.04,176794.95,30.11
919944,pac,35.250,223.000,1000.75,1000.62,8.86,2.03,42.79,45.91,0.00,0.00,4.39
919950,atl,61.000,-30.750,984.80,983.39,16.52,4.30,46.04,46.04,0.00,0.00,8.57
919950,atl,47.000,-64.000,991.77,991.63,9.95,1.72,38.05,45.35,0.00,0.00,7.31
919950,atl,42.750,-22.000,998.67,998.42,7.23,1.43,38.02,46.80,0.00,0.00,3.62
919950,atl,38.000,-19.000,996.17,995.82,7.82,1.89,31.86,35.02,0.00,0.00,2.78
919950,pac,55.000,194.750,973.90,972.98,17.18,4.28,46.51,47.08,0.00,0.00,5.43
919950,pac,52.500,160.500,979.63,978.78,14.97,3.95,61.38,61.38,0.00,81589.08,15.27
919950,pac,42.000,208.750,1000.38,999.60,8.13,2.33,48.93,48.93,0.00,0.00,4.83
919950,pac,40.250,224.500,999.05,998.18,12.20,3.46,49.50,49.50,0.00,0.00,7.51
919950,pac,39.750,176.000,978.16,975.43,28.59,9.91,81.88,81.88,53778.36,287704.82,19.51
919950,pac,36.250,224.500,1002.06,1001.96,7.09,1.32,32.98,46.77,0.00,0.00,6.61
919956,atl,61.500,-31.500,976.34,974.87,22.30,6.16,51.57,55.97,0.00,64514.50,11.62
919956,atl,48.250,-63.250,992.15,991.85,9.86,2.01,42.14,45.86,0.00,0.00,7.43
919956,atl,39.000,-19.250,995.65,995.20,9.83,2.36,35.94,38.06,0.00,0.00,3.25
919956,pac,58.000,209.500,991.16,990.20,9.88,3.02,46.43,49.39,0.00,0.00,11.47
919956,pac,55.250,196.250,979.65,979.33,14.20,3.34,41.15,42.16,0.00,0.00,5.77
919956,pac,49.500,163.750,983.99,983.71,9.81,1.95,47.73,61.62,0.00,47581.31,8.34
919956,pac,41.250,210.500,998.46,997.98,8.37,2.46,47.40,47.40,0.00,0.00,4.28
919956,pac,41.000,180.750,974.85,972.79,27.65,8.41,81.94,81.94,70904.36,390396.61,12.96
919956,pac,40.750,223.750,997.18,996.46,10.35,2.89,43.58,44.54,0.00,0.00,5.82
919956,pac,36.750,210.750,1000.93,999.86,7.54,2.03,46.71,47.46,0.00,0.00,4.19
919962,atl,62.250,-29.500,968.45,967.26,26.91,7.60,60.43,64.25,317.39,199595.27,11.64
919962,atl,50.250,-51.750,994.63,994.23,9.09,2.21,40.08,46.32,0.00,0.00,5.41
919962,atl,49.500,-59.250,994.11,993.61,7.60,2.10,42.71,42.71,0.00,0.00,5.41
919962,atl,45.000,-66.000,995.60,995.29,4.25,1.06,25.30,28.75,0.00,0.00,3.04
919962,atl,38.500,-20.750,995.80,995.45,10.34,2.34,45.11,52.13,0.00,3538.08,4.07
919962,pac,60.000,209.000,994.54,993.62,7.81,2.63,50.75,53.03,0.00,1114.95,12.83
919962,pac,55.750,197.250,983.75,983.51,12.04,2.67,41.43,41.43,0.00,0.00,5.69
919962,pac,49.500,160.250,985.32,984.62,13.26,2.87,59.83,64.19,544.04,208984.76,7.87
919962,pac,49.500,166.000,984.67,984.35,8.71,1.75,37.82,58.50,0.00,57253.63,6.61
919962,pac,43.000,183.250,962.37,960.02,33.62,10.67,90.33,90.33,116907.29,409266.74,16.00
919962,pac,42.250,212.250,996.15,995.49,8.51,2.49,56.28,62.17,0.00,27099.94,8.21
919962,pac,41.750,223.750,995.94,995.56,9.05,2.44,38.76,38.76,0.00,0.00,4.24
919962,pac,38.500,213.500,996.40,995.10,9.27,2.65,62.17,62.17,0.00,27232.91,6.46
919968,atl,64.000,-27.750,964.66,963.59,28.18,7.64,62.23,67.20,4080.88,253752.27,11.28
919968,atl,52.250,-41.250,995.33,994.76,9.89,2.79,47.43,48.02,0.00,0.00,4.51
919968,atl,51.500,-48.250,995.48,994.95,7.66,1.95,34.82,37.14,0.00,0.00,3.90
919968,atl,46.250,-63.500,996.94,996.42,5.27,1.17,23.22,31.43,0.00,0.00,3.42
919968,atl,36.000,-21.750,999.27,998.90,9.70,2.24,51.09,52.76,0.00,28072.40,4.10
919968,pac,64.250,213.000,1004.66,1001.89,6.43,2.18,37.74,37.74,0.00,0.00,15.93
919968,pac,63.250,209.000,1002.32,1000.29,5.76,1.83,36.98,37.74,0.00,0.00,15.93
919968,pac,56.250,197.500,987.06,986.79,10.94,2.35,36.50,37.24,0.00,0.00,5.22
919968,pac,49.500,167.250,987.54,987.24,8.30,1.58,25.21,56.70,0.00,26050.56,5.26
919968,pac,44.000,184.000,955.00,952.76,36.19,11.08,81.28,81.28,140969.51,432977.17,17.74
919968,pac,43.750,222.250,992.73,992.34,7.05,1.85,38.90,38.90,0.00,0.00,3.60
919968,pac,42.250,214.000,993.67,993.27,7.82,2.15,60.50,62.57,0.00,45446.65,6.05
919968,pac,39.750,216.250,993.59,993.21,8.28,2.07,62.57,62.57,0.00,45784.51,6.05
919974,atl,65.250,-26.500,964.60,963.66,26.85,7.46,67.59,71.19,17956.10,198048.14,23.35
919974,atl,54.250,-35.250,991.35,990.47,10.57,3.29,48.55,49.87,0.00,0.00,6.02
919974,atl,47.500,-61.000,997.76,997.49,5.77,1.27,28.30,34.41,0.00,0.00,3.49
919974,atl,32.750,-21.250,999.48,999.25,9.02,2.13,48.72,48.72,0.00,0.00,3.95
919974,pac,57.000,197.750,988.47,988.16,10.70,2.49,37.68,37.68,0.00,0.00,4.56
919974,pac,49.250,168.000,990.89,990.66,7.40,1.45,34.44,54.45,0.00,4366.67,4.40
919974,pac,45.000,221.500,990.40,989.93,7.38,2.02,37.62,38.16,0.00,0.00,3.62
919974,pac,44.250,185.500,952.19,949.74,35.76,10.66,79.88,79.88,158975.99,401778.70,14.66
919974,pac,40.500,220.000,993.01,992.60,8.67,2.29,63.73,63.73,0.00,89195.52,5.91
919980,atl,66.000,-24.750,968.22,966.78,20.77,5.98,67.48,70.23,36043.92,107247.63,20.59
919980,atl,57.000,-28.750,984.58,983.47,12.09,3.90,60.22,60.22,0.00,51467.12,5.99
919980,atl,49.250,-60.750,1000.53,1000.33,5.48,1.31,27.10,27.10,0.00,0.00,3.25
919980,atl,45.250,-49.250,1003.79,1003.65,4.45,1.20,47.58,47.58,0.00,0.00,3.57
919980,atl,44.500,-76.750,995.40,995.00,7.74,1.66,31.10,45.15,0.00,0.00,4.97
919980,pac,58.750,210.000,996.00,995.62,5.66,1.79,38.66,38.66,0.00,0.00,9.11
919980,pac,57.500,197.500,989.34,989.12,9.83,2.41,29.59,30.21,0.00,0.00,4.66
919980,pac,51.250,162.250,998.80,998.51,6.88,2.09,47.49,47.49,0.00,0.00,8.41
919980,pac,48.500,169.000,994.54,994.44,5.49,1.17,35.17,44.08,0.00,0.00,3.78
919980,pac,46.000,222.250,989.58,988.99,8.73,2.35,34.11,38.20,0.00,0.00,4.34
919980,pac,44.000,186.500,954.30,952.14,30.90,8.79,73.46,73.46,124147.20,299261.93,12.85
919986,atl,66.750,-20.500,974.25,973.33,12.18,3.59,66.60,66.60,5214.47,94854.83,14.59
919986,atl,59.500,-22.250,973.05,970.99,18.64,6.27,59.33,59.33,0.00,128262.01,12.80
919986,atl,50.250,-61.000,1002.35,1002.18,4.26,1.15,24.72,24.72,0.00,0.00,2.68
919986,atl,44.750,-73.000,997.20,996.81,5.91,1.16,24.98,32.91,0.00,0.00,3.88
919986,pac,59.500,209.250,994.38,994.01,6.37,1.60,36.52,36.52,0.00,0.00,11.69
919986,pac,57.750,197.500,990.83,990.53,8.58,2.24,29.80,29.80,0.00,0.00,4.15
919986,pac,50.000,161.750,999.26,998.82,6.53,1.90,45.22,45.22,0.00,0.00,5.69
919986,pac,46.750,223.250,992.87,992.46,9.08,2.30,38.09,38.09,0.00,0.00,5.09
919986,pac,43.750,188.000,956.41,954.71,27.26,7.55,65.73,70.17,68915.63,262835.87,9.14
919986,pac,43.500,198.750,980.86,980.15,7.95,2.37,55.31,55.31,0.00,22511.74,6.49
919992,atl,68.500,-15.000,974.78,974.21,9.43,2.81,58.76,64.11,458.32,54116.97,8.89
919992,atl,64.500,-23.500,978.62,978.47,4.22,1.18,44.83,54.32,0.00,12817.89,12.35
919992,atl,61.500,-16.750,965.27,964.40,22.73,7.16,62.75,62.75,0.00,132683.07,12.35
919992,atl,51.500,-61.500,1002.97,1002.79,4.00,1.05,22.55,22.70,0.00,0.00,2.75
919992,atl,45.500,-66.000,997.04,996.83,6.23,1.20,22.87,48.65,0.00,0.00,4.82
919992,atl,43.250,-62.750,996.63,995.82,8.45,2.08,48.65,54.67,0.00,29863.25,4.42
919992,pac,61.000,210.000,994.43,994.00,8.09,1.62,29.87,31.40,0.00,0.00,13.10
919992,pac,58.250,198.500,994.00,993.66,6.47,1.88,31.33,31.33,0.00,0.00,3.54
919992,pac,56.000,222.250,996.12,995.87,6.83,1.64,36.93,42.23,0.00,0.00,10.15
919992,pac,51.250,224.500,996.29,996.08,7.08,1.52,30.59,42.23,0.00,0.00,8.82
919992,pac,50.500,169.500,998.29,998.00,4.11,0.88,31.73,38.92,0.00,0.00,3.12
919992,pac,49.250,162.750,998.64,998.22,6.40,1.39,31.37,46.67,0.00,0.00,5.00
919992,pac,47.750,227.500,997.51,997.35,9.49,1.71,43.17,46.78,0.00,0.00,7.47
919992,pac,46.250,197.750,977.33,976.79,8.48,2.32,56.09,56.62,0.00,24034.68,6.20
919992,pac,43.500,189.250,960.83,959.49,22.41,6.09,59.31,68.20,32527.03,207884.86,8.34
919992,pac,37.250,164.000,999.05,998.22,10.08,2.84,44.35,46.82,0.00,0.00,4.26
919998,atl,64.500,-36.250,984.61,984.33,10.92,2.78,62.35,62.35,0.00,22660.93,23.90
919998,atl,64.000,-10.000,961.68,961.12,22.48,6.44,69.98,69.98,18496.28,196316.11,10.78
919998,atl,52.750,-61.500,999.09,998.90,4.71,0.94,28.43,33.55,0.00,0.00,3.29
919998,atl,51.250,-27.000,1001.72,1001.39,6.00,1.63,42.18,43.51,0.00,0.00,3.79
919998,atl,46.000,-60.000,990.20,989.18,11.86,2.92,47.02,48.96,0.00,0.00,5.08
919998,pac,62.750,209.000,995.62,994.27,9.39,2.34,29.64,32.79,0.00,0.00,15.04
919998,pac,61.250,219.250,998.36,996.68,6.39,0.75,24.67,32.79,0.00,0.00,21.82
919998,pac,58.500,199.500,997.60,997.33,4.55,1.47,33.00,33.00,0.00,0.00,6.45
919998,pac,57.250,222.750,998.38,997.65,6.22,1.88,30.64,30.64,0.00,0.00,7.99
919998,pac,50.750,228.750,1002.21,1002.00,7.88,1.30,39.55,44.08,0.00,0.00,7.93
919998,pac,49.250,163.500,995.76,995.38,7.30,1.38,30.24,48.79,0.00,0.00,5.71
919998,pac,46.250,200.500,977.46,977.10,9.25,2.36,56.34,56.34,0.00,86563.01,6.90
919998,pac,42.750,162.750,1000.41,999.78,4.90,1.72,44.01,44.01,0.00,0.00,5.03
919998,pac,42.750,191.250,963.89,962.91,19.31,5.28,60.16,62.55,0.00,232048.57,7.11
919998,pac,36.750,168.000,996.39,995.38,9.66,2.87,48.58,51.33,0.00,1921.71,6.28
920004,atl,66.000,-4.750,960.16,959.63,21.40,5.96,65.21,65.21,2359.18,177501.58,10.60
920004,atl,64.750,-36.500,983.32,982.85,14.53,4.39,67.95,67.95,2655.36,37885.92,25.77
920004,atl,49.750,-55.750,983.44,982.82,15.30,3.83,46.73,52.67,0.00,4572.75,6.30
920004,pac,63.750,215.000,998.97,998.22,10.01,2.93,33.74,34.87,0.00,0.00,21.31
920004,pac,62.250,225.500,999.24,998.61,11.02,1.87,24.98,34.87,0.00,0.00,21.31
920004,pac,62.000,218.750,999.59,997.93,8.23,1.33,34.87,34.87,0.00,0.00,21.31
920004,pac,61.500,208.500,1001.47,1001.08,4.89,1.38,32.39,32.66,0.00,0.00,11.89
920004,pac,49.250,163.750,993.77,993.49,8.06,1.39,34.87,48.74,0.00,0.00,5.04
920004,pac,48.500,198.500,976.49,976.12,8.93,2.12,48.13,56.43,0.00,11132.89,5.31
920004,pac,43.000,167.000,996.44,995.68,6.30,2.01,46.59,46.59,0.00,0.00,4.49
920004,pac,42.500,194.000,968.81,968.08,14.05,3.69,60.33,60.72,0.00,194086.15,5.41
920004,pac,35.500,171.500,999.34,998.28,5.99,1.95,46.67,50.51,0.00,634.94,4.87
920004,pac,34.750,176.750,997.28,996.35,7.28,2.22,51.49,51.49,0.00,2547.43,4.87
920010,atl,68.000,2.000,958.97,958.74,19.52,4.72,67.59,67.59,25911.60,227120.99,11.07
920010,atl,66.250,-76.250,1001.34,1001.02,6.67,2.04,28.00,28.00,0.00,0.00,7.07
920010,atl,64.500,-36.000,983.46,983.14,15.47,4.46,62.15,62.15,0.00,21986.66,26.39
920010,atl,53.250,-53.000,972.58,971.68,21.76,5.49,55.41,55.41,0.00,69138.35,7.53
920010,pac,64.000,229.250,1001.46,999.89,13.03,4.29,23.83,28.77,0.00,0.00,21.35
920010,pac,63.000,232.500,1001.19,1000.04,12.90,3.70,23.83,28.93,0.00,0.00,21.35
920010,pac,49.500,163.750,992.97,992.73,9.00,1.40,38.33,56.62,0.00,73787.39,6.32
920010,pac,49.250,196.750,975.39,974.99,8.77,1.75,48.08,49.26,0.00,0.00,5.87
920010,pac,46.750,189.250,975.58,975.38,9.92,2.44,48.07,48.07,0.00,0.00,5.26
920010,pac,43.250,170.750,991.98,991.08,8.52,2.53,53.92,53.92,0.00,21271.89,5.43
920010,pac,43.250,197.000,970.82,970.33,12.30,3.23,55.81,56.62,0.00,101566.81,4.89
920010,pac,33.750,182.750,996.69,995.67,6.51,1.98,53.03,53.03,0.00,10982.15,4.56
920016,atl,66.000,-74.250,996.65,996.40,9.04,2.52,35.56,35.56,0.00,0.00,6.46
920016,atl,64.500,-33.750,985.74,985.64,11.62,2.87,40.77,50.65,0.00,665.37,20.07
920016,atl,54.750,-50.500,969.34,968.62,22.01,5.72,57.59,57.59,0.00,160062.73,8.85
920016,pac,51.250,196.750,973.22,972.60,13.01,3.32,51.31,51.31,0.00,16977.02,6.15
920016,pac,49.500,163.000,995.77,995.65,8.43,1.17,43.42,55.64,0.00,60939.92,6.73
920016,pac,45.750,190.750,975.16,974.88,8.53,1.78,45.72,46.12,0.00,0.00,5.03
920016,pac,44.750,199.500,971.27,970.84,11.55,3.17,48.06,48.06,0.00,0.00,4.99
920016,pac,43.250,173.500,988.80,987.69,10.73,3.34,52.98,52.98,0.00,22531.09,6.38
920016,pac,33.500,189.500,996.10,995.15,5.80,1.75,54.14,54.14,0.00,17491.08,3.97
920022,atl,67.000,-65.500,993.26,992.06,5.34,0.84,23.90,37.09,0.00,0.00,7.13
920022,atl,66.250,-71.500,992.73,992.36,8.83,2.25,37.09,37.09,0.00,0.00,7.13
920022,atl,63.750,-36.250,984.20,983.95,5.66,2.10,49.33,49.33,0.00,0.00,9.52
920022,atl,58.250,-38.500,970.98,970.10,14.79,3.56,51.67,63.10,0.00,85023.89,6.82
920022,pac,51.750,208.750,983.06,982.92,8.67,1.67,46.99,50.93,0.00,6940.86,5.20
920022,pac,51.250,193.750,971.97,971.43,12.75,3.33,52.14,52.14,0.00,462.37,6.05
920022,pac,46.750,165.750,997.34,997.23,5.90,1.38,51.50,52.26,0.00,17343.69,4.41
920022,pac,46.500,201.000,972.40,972.02,10.31,2.75,44.44,44.44,0.00,0.00,4.49
920022,pac,45.500,193.000,975.31,975.07,7.12,1.51,46.22,50.09,0.00,572.02,4.25
920022,pac,43.000,176.000,986.27,985.66,11.55,3.63,52.64,52.64,0.00,43605.29,6.58
920022,pac,34.500,197.000,994.99,994.06,6.65,2.25,65.91,65.91,1275.62,53906.89,5.10
920028,atl,68.000,-57.250,989.76,989.49,5.37,1.21,30.67,36.67,0.00,0.00,7.76
920028,atl,66.750,-65.750,990.29,989.35,6.71,1.21,33.61,36.67,0.00,0.00,7.76
920028,atl,60.250,-31.500,963.41,962.20,21.53,5.34,50.58,57.91,0.00,77890.25,8.46
920028,pac,54.250,207.000,974.57,974.08,15.10,3.89,50.36,55.00,0.00,39502.60,10.65
920028,pac,50.500,192.000,971.18,970.77,11.91,3.09,48.76,49.42,0.00,0.00,4.79
920028,pac,48.250,202.250,972.36,971.95,9.70,2.78,44.12,44.12,0.00,0.00,5.03
920028,pac,46.000,168.000,998.05,997.79,5.38,1.35,43.82,49.02,0.00,0.00,3.63
920028,pac,42.250,178.750,985.67,985.19,10.18,2.99,57.83,57.83,0.00,135895.40,5.58
920028,pac,36.500,203.500,990.69,988.86,9.79,3.26,67.93,67.93,7494.22,43829.72,7.66
920034,atl,66.750,-65.750,990.32,989.36,7.02,1.50,37.44,40.92,0.00,0.00,8.90
920034,atl,64.500,-61.500,989.02,988.38,8.70,2.26,41.77,47.44,0.00,0.00,8.90
920034,atl,60.250,-28.500,960.73,960.19,24.00,6.39,62.87,62.87,0.00,220423.94,11.12
920034,pac,55.500,204.250,969.21,968.20,16.88,4.61,59.50,60.93,0.00,36017.56,11.66
920034,pac,50.250,203.250,972.52,972.16,8.55,2.45,44.35,44.35,0.00,0.00,4.97
920034,pac,49.750,191.000,971.86,971.47,10.72,2.82,46.98,46.98,0.00,0.00,4.28
920034,pac,41.500,182.250,984.80,984.47,8.53,2.25,57.57,57.57,0.00,184750.31,4.87
920034,pac,40.250,209.250,987.49,984.64,12.95,4.21,75.17,75.17,12997.22,125735.06,11.73
920040,atl,66.500,-56.250,986.75,985.88,11.60,2.76,45.07,45.07,0.00,0.00,8.74
920040,atl,63.000,-14.000,967.54,966.83,15.08,3.87,63.87,63.87,0.00,34448.53,19.00
920040,atl,62.250,-19.000,966.76,965.98,16.73,3.55,63.87,65.88,1632.29,83167.82,19.00
920040,atl,59.000,-21.750,967.74,967.12,19.35,4.61,77.44,77.44,70778.29,377425.34,9.70
920040,pac,56.750,201.750,969.88,969.27,14.71,3.81,47.62,53.06,0.00,2364.87,12.45
920040,pac,52.250,204.250,973.01,972.67,8.32,2.39,41.82,43.74,0.00,0.00,6.54
920040,pac,48.750,190.750,972.78,972.36,9.74,2.65,37.05,41.98,0.00,0.00,3.64
920040,pac,45.750,213.750,981.56,980.77,16.40,4.66,72.43,72.43,23120.71,165320.54,8.36
920046,atl,69.000,-57.250,984.05,983.33,13.33,2.86,47.42,47.42,0.00,0.00,11.50
920046,atl,63.000,-11.750,966.81,966.05,13.56,3.28,60.67,60.67,0.00,43423.39,15.44
920046,atl,62.750,-37.500,994.77,994.42,4.67,2.07,38.90,38.90,0.00,0.00,10.60
920046,pac,57.500,198.500,970.58,969.98,14.11,3.60,43.34,44.90,0.00,0.00,9.77
920046,pac,54.500,204.750,975.72,975.45,6.97,1.89,36.05,40.92,0.00,0.00,7.33
920046,pac,50.500,215.750,971.95,970.94,24.14,7.34,71.77,71.77,38200.28,218741.95,13.03
920046,pac,48.000,191.500,975.02,974.68,8.48,2.29,33.03,36.88,0.00,0.00,3.12
920046,pac,42.750,199.500,983.61,982.71,7.18,2.25,50.26,50.26,0.00,1144.04,4.64
920052,atl,66.000,-1.750,966.47,965.84,13.70,3.20,46.43,50.55,0.00,350.83,6.00
920052,atl,63.500,-37.500,991.43,990.45,7.10,2.89,39.11,39.11,0.00,0.00,9.10
920052,pac,58.000,196.000,972.59,972.02,13.17,3.25,37.18,42.43,0.00,0.00,8.16
920052,pac,54.250,219.000,968.11,967.38,28.49,7.52,85.57,85.57,75171.46,319086.80,15.79
920052,pac,47.750,192.500,976.28,976.04,7.73,1.94,32.46,36.16,0.00,0.00,2.96
920052,pac,46.000,201.500,980.62,979.58,7.57,2.16,51.85,51.85,0.00,3801.09,4.95
920058,atl,66.250,-0.500,964.53,964.18,13.66,3.00,48.94,48.94,0.00,0.00,5.57
920058,atl,64.000,-36.000,987.10,985.92,11.63,3.41,40.75,47.50,0.00,0.00,13.05
920058,atl,53.250,-77.750,998.45,998.17,13.45,2.52,37.40,37.76,0.00,0.00,5.62
920058,atl,53.000,-26.000,1002.69,1001.84,7.58,2.19,59.10,59.10,0.00,49076.37,5.34
920058,pac,58.500,194.000,974.17,973.46,13.54,3.39,39.89,44.59,0.00,0.00,7.19
920058,pac,57.750,220.250,971.80,970.73,26.05,6.82,70.98,70.98,38856.56,221814.51,19.98
920058,pac,48.500,203.250,980.32,979.15,8.96,2.77,50.70,50.70,0.00,2073.34,5.75
920058,pac,47.500,193.750,979.09,978.93,6.90,1.63,34.55,34.60,0.00,0.00,2.87
920064,atl,66.750,-59.750,1000.17,999.82,5.41,2.27,41.61,41.61,0.00,0.00,12.33
920064,atl,65.500,0.250,963.18,962.84,13.17,3.36,56.27,56.27,0.00,40035.95,7.74
920064,atl,64.750,-35.500,983.47,982.47,17.72,4.88,63.97,65.58,362.79,79451.60,21.19
920064,atl,54.500,-74.500,997.17,996.96,14.62,3.12,40.82,45.58,0.00,0.00,5.49
920064,atl,53.000,-16.000,997.37,996.45,8.72,2.44,62.22,62.22,0.00,89458.15,5.57
920064,atl,44.250,-49.750,1004.35,1003.81,12.98,3.31,48.19,52.59,0.00,4698.73,6.31
920064,pac,62.750,209.000,988.78,986.83,8.98,2.66,36.35,41.71,0.00,0.00,16.98
920064,pac,60.750,212.250,989.08,988.67,7.45,1.04,21.87,51.57,0.00,412.36,16.98
920064,pac,59.500,219.750,986.24,985.32,14.61,4.08,73.24,73.24,6131.08,64143.64,11.60
920064,pac,58.750,193.000,977.87,977.38,12.60,3.15,40.58,44.22,0.00,0.00,5.83
920064,pac,51.250,204.750,983.41,982.91,8.31,2.70,48.06,48.06,0.00,0.00,5.76
920064,pac,47.500,195.250,982.88,982.73,6.30,1.45,33.40,34.92,0.00,0.00,2.79
920070,atl,68.750,-56.500,998.90,998.09,7.70,2.83,44.95,44.95,0.00,0.00,10.30
920070,atl,65.750,6.500,963.14,963.03,10.02,1.85,52.08,57.28,0.00,25381.98,8.29
920070,atl,64.750,-34.500,982.40,981.38,19.67,5.02,70.48,71.79,13734.24,151340.28,24.10
920070,atl,64.250,1.750,962.35,962.00,13.59,3.48,57.28,57.28,0.00,25381.98,8.29
920070,atl,59.500,-63.000,1000.50,1000.30,6.62,1.68,31.81,33.03,0.00,0.00,4.22
920070,atl,55.500,-70.750,995.24,994.82,12.18,3.19,27.75,36.32,0.00,0.00,5.48
920070,atl,51.750,-6.500,990.37,989.03,11.78,3.49,57.11,57.11,0.00,88390.57,5.97
920070,atl,44.750,-48.500,1001.27,1001.01,14.22,3.61,53.47,53.47,0.00,12098.56,6.54
920070,pac,63.000,209.250,994.13,991.75,8.41,2.53,37.37,41.29,0.00,0.00,16.72
920070,pac,62.000,225.750,999.53,999.15,15.63,3.34,48.65,54.10,0.00,2382.16,28.32
920070,pac,59.000,192.500,981.52,981.06,11.94,2.90,39.65,42.02,0.00,0.00,4.43
920070,pac,54.000,206.000,988.38,988.07,7.04,2.33,44.21,44.21,0.00,0.00,5.04
920070,pac,50.500,193.250,986.28,986.21,6.50,1.30,41.62,45.02,0.00,0.00,5.43
920070,pac,42.750,160.500,963.46,958.66,30.06,10.49,84.51,84.51,38780.08,279911.63,22.55
920070,pac,34.750,164.500,989.74,988.37,11.09,3.11,77.04,77.04,23808.94,188387.91,9.22
920076,atl,66.000,9.250,964.07,963.78,8.89,2.21,49.08,53.51,0.00,10126.04,8.09
920076,atl,64.500,-30.750,986.37,986.17,15.73,3.64,54.02,67.34,1931.97,106930.26,29.77
920076,atl,63.500,4.500,964.76,964.50,12.35,3.09,54.69,54.69,0.00,18986.66,8.09
920076,atl,60.500,-61.000,992.66,992.43,11.30,2.78,39.20,40.57,0.00,0.00,6.18
920076,atl,56.000,-66.750,995.14,994.38,8.51,2.33,29.62,32.55,0.00,0.00,7.01
920076,atl,50.750,0.750,982.15,979.21,18.21,5.72,60.70,60.70,0.00,46519.71,12.17
920076,atl,47.750,-45.500,996.81,996.43,17.57,4.35,52.26,54.39,0.00,47872.53,7.64
920076,pac,59.500,191.750,985.85,985.54,11.57,2.78,36.97,39.75,0.00,0.00,4.68
920076,pac,56.250,206.250,993.63,993.41,5.83,1.76,37.16,37.16,0.00,0.00,6.21
920076,pac,49.750,196.750,988.58,988.51,6.50,0.83,29.60,46.09,0.00,0.00,5.17
920076,pac,45.000,206.000,991.48,991.32,6.45,1.51,34.43,35.27,0.00,0.00,2.99
920076,pac,41.250,165.500,982.47,981.42,8.88,2.20,61.21,78.58,4258.48,150286.25,12.54
920076,pac,38.000,168.750,981.06,977.24,16.42,4.92,78.58,78.58,19533.84,267490.30,12.54
920082,atl,62.500,-18.250,990.46,989.81,7.87,2.38,47.52,48.11,0.00,0.00,5.81
920082,atl,62.250,-59.250,986.02,985.52,15.00,3.75,51.84,57.58,0.00,25902.26,9.27
920082,atl,50.000,6.250,983.52,982.37,15.85,4.82,50.39,50.39,0.00,1034.17,14.09
920082,atl,49.250,-42.500,992.25,991.77,19.53,5.36,59.10,59.55,0.00,132003.79,11.40
920082,pac,60.250,191.000,988.54,988.25,11.40,2.74,37.07,38.06,0.00,0.00,4.65
920082,pac,50.250,199.250,989.28,989.14,6.15,1.04,28.06,46.69,0.00,0.00,5.53
920082,pac,48.000,207.500,988.46,987.98,9.62,2.50,41.67,43.15,0.00,0.00,4.30
920082,pac,42.500,166.000,976.16,975.44,12.77,3.22,57.26,82.59,8133.92,131300.92,14.69
920082,pac,41.000,170.750,972.40,968.95,19.98,6.31,82.59,82.59,15724.44,185162.77,14.69
920088,atl,65.500,-28.250,997.22,996.70,9.53,2.54,36.11,41.79,0.00,0.00,18.62
920088,atl,65.250,-57.000,981.37,980.48,18.99,5.33,59.33,59.33,0.00,17318.77,12.43
920088,atl,60.250,-10.000,994.66,994.21,5.36,1.65,44.38,44.41,0.00,0.00,3.47
920088,atl,51.500,-36.500,992.77,992.18,18.33,4.49,54.34,60.94,0.00,142630.91,8.78
920088,atl,43.750,9.500,997.29,996.86,7.98,2.50,59.67,59.67,0.00,25650.07,14.19
920088,pac,61.000,190.500,991.22,990.87,10.74,2.68,35.75,35.85,0.00,0.00,4.50
920088,pac,52.000,208.500,983.95,983.46,13.18,3.11,48.21,50.33,0.00,1508.18,6.83
920088,pac,51.000,200.000,989.19,988.96,6.57,1.19,34.03,45.09,0.00,0.00,4.42
920088,pac,43.250,170.000,973.65,971.57,16.88,4.63,69.81,69.81,9991.70,206332.14,10.37
920088,pac,43.000,165.500,976.29,975.34,13.06,2.96,58.95,69.81,9991.70,173016.62,10.37
920088,pac,41.250,160.000,979.16,977.89,15.39,4.13,72.69,72.69,76755.38,336993.67,7.86
920094,atl,66.750,-56.750,976.69,975.49,21.36,5.57,58.38,58.38,0.00,16163.43,15.07
920094,atl,66.000,-25.500,998.21,997.57,9.34,2.71,34.20,40.97,0.00,0.00,18.32
920094,atl,53.250,-29.750,992.19,991.47,17.14,4.25,53.60,53.60,0.00,43981.37,9.23
920094,pac,61.500,190.500,992.45,992.08,9.72,2.46,35.56,35.56,0.00,0.00,4.81
920094,pac,55.000,208.750,980.75,980.48,15.44,3.45,50.58,54.35,0.00,30153.20,6.79
920094,pac,44.000,167.000,973.57,972.13,16.60,4.41,68.31,68.31,10412.97,166719.54,9.80
920094,pac,43.000,174.750,976.66,975.74,12.86,3.24,53.60,59.54,0.00,111574.57,6.62
920100,atl,68.750,-56.750,972.22,970.38,24.22,6.46,53.20,53.20,0.00,6409.23,14.64
920100,atl,66.500,-21.000,1000.40,999.91,7.70,2.87,41.27,41.27,0.00,0.00,15.71
920100,atl,55.500,-50.500,993.50,993.07,12.85,3.07,46.93,51.41,0.00,5225.31,5.89
920100,atl,53.750,-22.000,994.38,993.70,14.44,3.40,49.62,51.11,0.00,1953.06,7.19
920100,atl,53.250,-79.250,998.11,997.83,12.44,2.66,36.21,36.21,0.00,0.00,6.95
920100,pac,62.250,190.750,992.85,992.43,8.44,2.18,36.63,36.63,0.00,0.00,4.83
920100,pac,57.750,209.250,978.77,978.63,16.27,3.64,50.10,55.40,0.00,5918.48,12.04
920100,pac,43.750,173.750,974.59,973.72,13.44,3.43,57.46,57.46,0.00,122881.50,6.32
920100,pac,40.000,170.500,976.32,975.93,10.29,2.06,63.24,65.98,21851.42,255780.40,5.79
920106,atl,66.500,-17.250,1003.40,1003.07,4.35,1.45,34.51,34.51,0.00,0.00,7.69
920106,atl,57.000,-46.500,993.99,993.61,13.44,3.11,47.22,47.22,0.00,0.00,5.70
920106,atl,53.750,-75.750,999.60,999.31,11.24,2.56,43.88,44.50,0.00,0.00,7.41
920106,atl,53.250,-14.750,995.10,994.57,12.30,2.85,43.81,45.05,0.00,0.00,5.73
920106,pac,62.500,191.750,993.05,992.66,7.16,1.79,37.14,37.14,0.00,0.00,6.24
920106,pac,62.250,221.750,993.99,992.75,10.31,2.86,40.38,40.38,0.00,0.00,22.07
920106,pac,58.750,209.500,980.87,980.29,14.46,3.42,44.26,44.26,0.00,0.00,12.21
920106,pac,44.000,171.250,975.23,974.51,13.77,3.42,57.61,57.61,0.00,166308.38,6.73
920106,pac,40.500,174.500,974.68,974.23,10.45,2.18,53.33,60.43,0.00,131259.28,4.37
920112,atl,59.750,-62.000,1004.00,1003.62,4.27,1.16,36.65,36.65,0.00,0.00,3.80
920112,atl,59.750,-40.500,997.34,997.07,10.52,1.97,41.53,50.64,0.00,3908.68,6.43
920112,atl,58.750,-67.500,1003.69,1003.62,4.98,0.94,27.61,36.65,0.00,0.00,4.04
920112,atl,51.750,-10.000,997.09,996.67,11.76,2.58,44.08,44.08,0.00,0.00,5.13
920112,atl,51.000,-5.750,996.49,995.86,10.55,2.37,41.59,45.68,0.00,0.00,5.13
920112,pac,63.250,193.000,994.61,994.45,5.68,1.32,37.24,37.24,0.00,0.00,5.34
920112,pac,62.750,209.000,986.01,984.67,11.03,2.87,34.82,36.74,0.00,0.00,14.88
920112,pac,62.000,221.500,993.87,992.72,7.19,2.08,35.97,35.99,0.00,0.00,25.22
920112,pac,59.250,210.250,984.89,984.30,11.31,2.78,36.74,36.74,0.00,0.00,14.88
920112,pac,52.750,223.750,998.20,997.79,10.31,2.95,45.88,45.88,0.00,0.00,6.00
920112,pac,41.250,176.500,974.10,973.67,11.53,2.38,42.11,54.62,0.00,16788.07,4.24
920118,atl,61.250,-59.500,1000.34,1000.01,7.92,2.06,42.78,42.78,0.00,0.00,4.49
920118,atl,60.250,-34.000,997.22,996.89,10.48,2.17,43.11,48.26,0.00,0.00,6.07
920118,atl,49.000,-0.250,997.02,996.42,9.71,2.23,40.75,47.16,0.00,0.00,4.95
920118,atl,45.750,-77.500,1003.09,1002.51,12.50,3.20,41.97,44.20,0.00,0.00,11.25
920118,pac,66.000,193.250,995.13,994.95,7.84,1.11,24.01,40.03,0.00,0.00,12.20
920118,pac,61.750,224.250,993.36,992.66,7.21,1.05,15.11,35.72,0.00,0.00,26.94
920118,pac,59.750,210.250,988.26,987.74,9.24,2.28,41.38,41.38,0.00,0.00,15.01
920118,pac,56.250,226.000,988.70,987.93,12.58,3.80,59.78,59.78,0.00,14367.11,8.86
920118,pac,41.750,177.250,973.83,973.46,12.03,2.42,39.19,56.85,0.00,23413.92,4.24
920124,atl,66.000,-30.250,999.29,998.99,5.73,1.19,36.96,41.33,0.00,0.00,13.36
920124,atl,64.500,-35.000,999.53,999.34,6.88,1.49,41.33,48.22,0.00,0.00,12.78
920124,atl,63.750,-55.000,994.31,993.77,13.57,4.29,48.33,48.33,0.00,0.00,9.57
920124,atl,61.000,-28.000,998.17,997.90,9.27,2.01,42.28,48.49,0.00,0.00,4.93
920124,atl,47.250,4.500,998.79,998.19,8.39,2.47,37.36,40.82,0.00,0.00,11.77
920124,atl,46.500,-74.500,1003.51,1003.05,11.13,3.10,27.97,40.86,0.00,0.00,10.11
920124,atl,42.500,-66.750,1002.46,1002.17,9.56,2.46,37.71,45.85,0.00,0.00,4.39
920124,pac,62.750,216.250,993.03,991.94,6.86,1.19,22.58,37.98,0.00,0.00,23.48
920124,pac,62.000,210.250,991.96,991.40,7.89,2.33,28.20,45.92,0.00,0.00,18.08
920124,pac,59.000,229.250,982.89,982.19,16.43,4.10,55.32,55.32,0.00,8917.14,20.35
920124,pac,41.750,178.000,973.81,973.54,11.04,2.15,39.59,58.62,0.00,8558.37,4.49
920130,atl,67.250,-50.500,991.58,990.88,13.96,4.86,51.44,52.86,0.00,5225.18,10.23
920130,atl,61.250,-22.250,1000.26,1000.02,7.06,1.71,38.73,48.69,0.00,0.00,4.57
920130,atl,59.000,8.500,1000.13,999.58,4.80,1.96,48.70,48.70,0.00,0.00,5.47
920130,atl,46.250,-73.250,1002.84,1002.43,9.28,2.72,26.56,34.26,0.00,0.00,8.28
920130,atl,46.250,-63.500,1000.06,999.58,10.78,2.89,42.76,44.69,0.00,0.00,9.27
920130,atl,43.500,7.500,1000.62,999.95,7.02,1.58,40.83,40.83,0.00,0.00,6.42
920130,pac,62.750,215.750,997.42,996.37,7.31,1.42,21.77,43.06,0.00,0.00,24.13
920130,pac,62.250,211.500,996.73,995.88,8.09,2.16,26.94,45.28,0.00,0.00,19.25
920130,pac,60.250,230.750,988.20,987.15,15.57,4.50,54.38,54.38,0.00,2030.19,27.09
920130,pac,41.750,178.750,973.45,973.21,10.21,1.92,41.45,50.65,0.00,1826.84,4.17
920136,atl,68.750,-26.750,997.72,996.89,6.67,2.40,37.41,37.78,0.00,0.00,20.97
920136,atl,68.250,-22.000,997.80,997.54,6.06,1.59,30.92,37.41,0.00,0.00,20.97
920136,atl,60.750,-17.500,1002.14,1001.97,6.67,1.67,43.56,47.81,0.00,0.00,4.22
920136,atl,49.000,-61.500,999.87,999.48,10.42,2.65,44.62,45.18,0.00,0.00,10.50
920136,atl,36.500,-72.000,1001.83,1001.55,4.92,0.87,40.10,40.52,0.00,0.00,4.52
920136,pac,62.000,211.750,1002.27,1001.60,8.63,2.39,43.43,43.43,0.00,0.00,17.14
920136,pac,62.000,222.500,1002.44,1001.78,8.54,1.52,24.61,38.55,0.00,0.00,23.04
920136,pac,61.250,230.250,998.35,997.85,13.55,3.90,35.68,38.98,0.00,0.00,29.35
920136,pac,41.500,180.000,972.55,972.33,9.46,1.80,42.65,51.82,0.00,9058.79,3.77
920142,atl,69.000,-15.500,996.11,995.47,5.93,1.98,33.65,33.65,0.00,0.00,10.19
920142,atl,68.250,-29.000,998.86,998.28,6.88,2.58,40.85,42.79,0.00,0.00,18.18
920142,atl,66.500,-62.250,1004.50,1003.81,4.35,1.90,34.23,36.47,0.00,0.00,12.93
920142,atl,59.000,-10.500,1003.50,1003.29,7.10,1.44,38.79,45.70,0.00,0.00,3.96
920142,atl,50.500,-59.250,1000.93,1000.52,7.99,1.98,38.83,47.12,0.00,0.00,5.37
920142,atl,38.500,-69.500,995.64,995.21,8.17,1.55,43.64,44.46,0.00,0.00,6.37
920142,atl,38.500,-65.750,996.25,995.21,6.86,1.60,44.93,44.93,0.00,0.00,5.66
920142,pac,61.750,230.000,1004.57,1004.14,12.80,3.55,27.21,31.68,0.00,0.00,24.97
920142,pac,61.250,212.750,1004.88,1004.23,9.90,2.56,42.15,47.04,0.00,0.00,16.86
920142,pac,41.500,180.750,971.38,971.19,9.40,1.80,36.73,53.16,0.00,11607.10,4.24
920142,pac,41.000,199.250,989.74,987.58,9.05,2.64,75.41,75.41,11230.71,104493.38,8.31
920148,atl,66.750,-49.750,1003.04,1002.49,5.35,1.32,43.40,43.40,0.00,0.00,7.73
920148,atl,56.000,-51.750,1004.45,1004.34,7.85,1.54,43.77,49.51,0.00,0.00,5.34
920148,atl,43.750,-59.750,995.28,994.69,9.19,1.91,59.49,68.13,13532.07,92686.38,6.74
920148,atl,41.250,-65.000,993.86,993.42,6.97,1.36,34.11,51.81,0.00,594.14,4.67
920148,pac,41.750,181.500,971.70,971.54,8.31,1.56,31.92,43.65,0.00,0.00,3.18
920154,atl,64.000,-37.750,1002.75,1002.66,5.06,1.23,40.86,47.42,0.00,0.00,12.36
920154,atl,61.500,-42.750,1002.18,1001.87,6.54,1.36,42.79,47.42,0.00,0.00,10.27
920154,atl,47.500,-57.000,992.11,991.54,10.88,2.21,63.17,65.28,1080.87,77927.71,6.74
920154,atl,38.750,-65.750,991.46,991.01,9.81,1.73,55.22,65.15,636.86,149664.92,7.33
920154,atl,37.250,-68.250,991.20,990.81,12.83,2.93,63.47,65.81,5758.25,295051.19,7.33
920154,pac,41.500,182.250,972.44,972.32,7.43,1.35,30.99,44.66,0.00,0.00,3.18
920160,atl,64.500,-34.500,998.58,998.47,5.88,1.19,31.88,43.69,0.00,0.00,12.24
920160,atl,60.250,-43.000,999.57,999.22,6.12,1.26,36.68,42.42,0.00,0.00,8.38
920160,atl,53.500,-50.000,993.63,993.24,12.59,2.60,65.09,65.09,2827.93,170693.11,6.18
920160,atl,49.500,-58.500,996.91,996.57,5.36,1.22,27.90,39.37,0.00,0.00,4.16
920160,atl,38.500,-65.000,989.42,988.88,15.48,4.15,70.44,70.44,20274.43,334357.50,9.56
920160,pac,48.500,187.750,975.34,975.17,11.70,2.12,54.33,61.68,0.00,161325.59,6.45
920160,pac,41.000,183.750,974.55,974.49,6.25,1.12,31.16,38.31,0.00,0.00,2.79
920166,atl,65.000,-30.000,990.66,990.40,8.33,1.47,28.94,46.30,0.00,0.00,14.81
920166,atl,58.750,-39.000,991.07,990.88,10.22,1.97,62.30,62.76,0.00,141986.20,7.70
920166,atl,43.250,-60.750,989.60,989.35,13.40,2.89,55.18,61.21,0.00,85805.95,7.39
920166,pac,47.750,184.500,977.07,976.91,10.88,2.08,59.23,64.47,478.42,164242.69,6.85
920166,pac,40.750,185.500,975.97,975.90,5.80,1.06,30.18,40.32,0.00,0.00,2.65
920172,atl,64.000,-23.750,981.68,981.54,9.57,1.23,39.49,55.14,0.00,34256.16,5.43
920172,atl,46.500,-58.250,989.46,988.81,15.16,3.50,45.01,52.26,0.00,5136.79,8.22
920172,pac,46.250,182.500,980.44,980.30,8.91,1.80,51.85,60.21,0.00,77731.39,5.61
920172,pac,41.500,186.750,978.50,978.42,5.35,1.05,29.11,38.02,0.00,0.00,2.94
920178,atl,64.500,-11.250,971.12,970.97,13.63,2.10,47.07,53.93,0.00,37009.08,6.39
920178,atl,49.500,-54.500,988.82,988.39,15.63,3.02,40.74,53.51,0.00,19788.39,7.96
920178,pac,42.250,188.000,981.39,981.29,4.24,0.84,26.19,34.62,0.00,0.00,2.12
920184,atl,68.000,-1.750,960.45,960.16,18.69,4.31,59.23,61.92,0.00,136648.05,10.77
920184,atl,51.250,-52.500,987.33,986.82,19.29,4.55,53.71,53.71,0.00,8177.92,8.79
920184,pac,51.000,194.000,977.33,976.94,12.50,2.76,32.91,47.15,0.00,0.00,5.11
920184,pac,42.500,188.750,984.01,983.89,4.34,0.92,25.52,34.72,0.00,0.00,2.02
920184,pac,40.250,163.750,1003.28,1002.93,4.50,1.59,40.51,40.51,0.00,0.00,3.03
920190,atl,68.750,3.750,950.65,950.42,22.54,4.75,68.84,68.84,18259.82,312035.25,14.33
920190,atl,52.250,-50.000,987.00,986.45,20.31,5.12,53.79,59.76,0.00,126511.33,10.90
920190,pac,52.000,193.500,975.61,975.11,15.05,3.65,48.60,53.40,0.00,47200.88,6.09
920196,atl,68.250,8.250,945.89,945.41,23.50,5.80,75.29,75.29,48452.43,269199.22,11.91
920196,atl,57.000,-38.500,987.38,986.53,14.67,3.45,52.10,56.22,0.00,86750.02,5.37
920196,pac,56.250,196.750,977.86,977.21,16.86,3.82,57.52,57.52,0.00,205128.33,10.62
920202,atl,59.250,-25.250,982.56,981.72,13.15,3.19,60.88,64.09,434.92,253701.40,6.14
920202,pac,58.750,199.500,982.37,981.90,13.82,3.42,50.08,52.08,0.00,22539.54,13.47
920202,pac,54.000,196.500,984.62,983.91,11.22,3.02,52.14,52.14,0.00,41471.85,7.06
920208,atl,62.000,-44.250,1004.62,1003.39,7.08,2.37,51.40,57.71,0.00,14173.53,15.09
920208,atl,60.500,-9.500,973.24,972.25,14.55,3.19,66.80,66.80,33276.89,270827.40,6.74
920208,pac,60.000,201.500,983.85,983.14,13.00,3.67,46.43,46.43,0.00,0.00,17.20
920214,atl,64.500,6.750,968.09,967.34,5.56,2.07,40.78,45.08,0.00,0.00,8.18
920214,atl,61.250,2.500,963.87,962.86,16.18,4.15,52.64,54.06,0.00,24129.67,8.18
920214,atl,60.250,-40.750,1000.75,1000.05,8.71,2.21,44.96,55.75,0.00,3003.29,11.37
920214,pac,63.500,207.500,983.53,982.34,12.66,3.34,43.40,43.40,0.00,0.00,17.71
920214,pac,62.250,221.500,994.53,993.58,7.15,3.49,52.39,56.97,0.00,3105.65,19.60
920214,pac,38.750,160.500,1000.85,1000.60,4.05,1.05,33.71,37.20,0.00,0.00,2.38
920220,atl,64.000,-28.000,991.12,990.64,6.51,1.95,35.65,40.57,0.00,0.00,6.80
920220,pac,65.250,212.750,986.86,985.99,10.12,2.57,46.21,46.21,0.00,0.00,22.04
920220,pac,63.250,234.250,995.53,994.41,12.33,4.05,55.60,55.60,0.00,1144.48,22.06
920220,pac,62.000,208.000,988.42,987.41,10.82,3.89,40.11,46.21,0.00,0.00,22.04
920220,pac,41.000,163.750,998.20,997.81,6.03,1.45,34.03,41.40,0.00,0.00,3.59
920226,atl,63.750,-28.250,987.97,987.31,8.36,2.57,40.94,40.94,0.00,0.00,7.42
920226,atl,44.250,-78.000,994.26,993.12,20.95,5.15,61.64,61.64,0.00,56342.95,9.70
920226,pac,62.750,216.500,989.26,988.44,8.73,2.20,37.44,43.80,0.00,0.00,29.58
920226,pac,62.500,211.500,988.77,987.28,10.74,3.81,37.44,47.15,0.00,0.00,29.58
920226,pac,44.250,167.250,993.17,992.85,8.68,2.24,38.94,39.72,0.00,0.00,4.25
920232,atl,69.000,-1.250,946.79,946.21,25.57,6.24,57.17,66.57,3098.62,203125.46,8.90
920232,atl,62.750,-22.750,986.01,985.65,6.35,1.90,42.66,52.22,0.00,1811.67,7.70
920232,atl,48.500,-74.000,990.86,989.44,22.89,5.73,51.61,61.37,0.00,20725.62,13.22
920232,pac,65.500,229.500,991.43,989.90,8.37,1.99,31.15,41.29,0.00,0.00,12.20
920232,pac,65.000,221.750,991.77,991.08,8.22,2.04,27.34,40.48,0.00,0.00,22.51
920232,pac,62.250,214.250,989.05,987.82,13.84,4.33,34.70,60.07,0.00,5543.09,28.45
920232,pac,62.250,219.250,991.10,988.26,9.31,2.53,35.36,42.22,0.00,0.00,22.51
920232,pac,50.000,168.500,985.14,984.72,13.05,2.99,47.05,53.35,0.00,5596.88,5.82
920238,atl,69.000,1.250,947.99,947.57,23.95,5.91,55.12,55.12,0.00,29003.26,8.87
920238,atl,62.250,-16.500,982.56,982.15,4.17,1.42,42.87,49.52,0.00,0.00,8.64
920238,atl,56.250,7.250,984.12,983.65,7.16,1.95,49.60,49.60,0.00,0.00,4.77
920238,atl,52.500,-71.250,984.02,982.96,25.46,6.27,41.25,46.90,0.00,0.00,12.06
920238,pac,63.250,234.750,993.20,992.45,8.92,2.59,38.62,40.77,0.00,0.00,13.08
920238,pac,62.500,221.250,988.65,987.40,13.24,3.55,34.11,37.78,0.00,0.00,22.13
920238,pac,61.750,215.750,987.13,986.50,17.57,4.65,39.97,53.37,0.00,3608.02,33.56
920238,pac,53.000,169.250,975.17,974.78,18.75,4.47,56.52,56.52,0.00,140995.67,7.63
920238,pac,40.250,171.250,1003.50,1002.91,4.96,1.65,51.31,51.31,0.00,572.02,4.44
920244,atl,68.500,-26.750,993.96,993.35,5.48,1.73,78.48,78.48,62019.28,123493.68,17.92
920244,atl,61.750,-12.500,976.61,976.14,8.08,2.32,46.79,46.88,0.00,0.00,9.59
920244,atl,55.500,-67.500,983.31,982.18,21.46,4.58,53.52,53.52,0.00,4052.43,11.71
920244,pac,62.000,223.000,990.68,989.94,15.37,3.52,31.30,37.63,0.00,0.00,32.23
920244,pac,61.250,217.250,989.82,988.76,17.70,4.56,39.15,56.08,0.00,4406.76,32.23
920244,pac,60.750,236.750,997.29,996.74,6.68,1.78,36.27,38.17,0.00,0.00,13.03
920244,pac,59.750,212.250,989.92,989.04,23.68,5.42,68.44,68.44,1586.23,70242.52,32.23
920244,pac,56.500,168.000,966.20,965.86,25.42,5.76,64.30,64.30,1329.73,233927.45,10.08
920244,pac,42.250,174.250,1004.17,1003.48,5.15,1.66,47.85,47.85,0.00,0.00,5.17
920244,pac,38.250,171.000,1003.89,1002.64,6.78,2.28,49.90,49.90,0.00,0.00,5.17
920250,atl,66.250,-35.250,1002.63,1001.66,8.13,2.57,56.06,56.06,0.00,3909.82,18.96
920250,atl,61.750,-8.500,970.71,970.06,11.36,3.62,51.11,51.62,0.00,8856.79,8.40
920250,atl,58.000,-68.500,977.79,976.94,24.83,6.91,62.50,64.92,2221.28,73168.11,16.73
920250,pac,60.500,219.000,996.31,993.23,13.70,3.44,34.70,55.83,0.00,1952.32,29.65
920250,pac,60.500,223.500,994.89,994.19,13.38,3.11,30.40,38.45,0.00,0.00,29.65
920250,pac,59.250,239.000,999.38,999.06,7.27,1.90,34.62,34.89,0.00,0.00,12.38
920250,pac,59.000,213.000,994.04,993.41,23.74,5.40,62.36,67.05,4663.18,137094.26,30.82
920250,pac,58.250,165.500,962.94,962.37,25.88,6.05,65.88,65.88,4827.95,174946.50,17.12
920250,pac,46.250,177.500,1003.19,1002.78,5.73,1.76,48.48,48.85,0.00,0.00,5.18
920250,pac,41.250,175.000,1003.63,1002.55,6.82,2.08,51.59,51.59,0.00,1756.26,5.05
920256,atl,68.500,-7.500,963.28,962.74,22.77,6.52,68.27,69.01,24796.58,215677.27,9.39
920256,atl,61.500,-6.250,970.37,969.90,11.79,3.49,59.89,59.89,0.00,21137.79,6.20
920256,atl,60.750,-63.250,969.86,968.06,28.23,7.07,69.75,69.75,10731.61,120982.56,16.38
920256,atl,57.250,3.250,973.26,972.56,11.37,3.21,39.94,39.94,0.00,0.00,6.79
920256,pac,62.000,228.250,999.62,999.05,17.70,5.74,28.55,39.60,0.00,0.00,25.39
920256,pac,59.750,166.000,968.46,967.84,22.43,5.46,58.90,58.90,0.00,36320.56,12.96
920256,pac,57.500,214.500,1000.37,999.66,17.95,3.38,58.50,60.15,0.00,127760.90,25.39
920262,atl,66.500,-8.000,969.92,969.12,19.29,5.83,68.07,76.11,25173.43,200096.48,20.81
920262,atl,63.500,-2.750,974.05,973.78,8.03,1.73,53.41,66.73,4504.76,75742.65,9.09
920262,atl,61.000,-62.750,965.48,964.29,27.72,7.43,67.48,67.48,8188.97,228658.97,17.16
920262,atl,60.000,-4.000,973.81,973.45,9.97,2.79,57.85,57.85,0.00,39682.15,7.14
920262,atl,57.750,5.000,969.96,969.29,13.75,4.30,53.85,53.85,0.00,6259.34,9.61
920262,pac,61.250,165.500,974.46,973.44,18.49,4.90,48.01,48.01,0.00,0.00,23.49
920262,pac,59.000,231.500,1003.97,1003.26,12.74,3.34,25.11,30.74,0.00,0.00,21.61
920262,pac,56.000,181.500,998.42,998.21,6.03,1.59,49.19,50.31,0.00,956.83,5.12
920268,atl,64.750,-2.750,980.25,979.70,9.06,2.26,52.85,68.76,6085.50,93866.00,8.85
920268,atl,64.250,-6.750,980.49,980.02,13.09,3.48,68.76,72.42,7758.05,162751.77,19.42
920268,atl,61.250,-58.500,970.98,970.45,21.10,5.57,63.78,67.18,4904.75,268194.52,15.48
920268,atl,58.250,-1.000,978.57,977.69,9.42,2.65,51.47,55.64,0.00,28934.11,7.24
920268,atl,57.750,8.500,972.88,971.83,13.87,4.48,53.16,53.16,0.00,5075.97,7.37
920268,atl,40.250,2.500,1003.36,1003.19,4.86,1.08,30.46,31.19,0.00,0.00,6.09
920268,pac,61.250,163.500,982.23,981.65,12.75,3.09,38.57,43.75,0.00,0.00,19.47
920268,pac,60.250,182.500,993.31,992.93,8.07,2.27,49.26,49.38,0.00,0.00,5.09
920268,pac,57.750,166.750,983.49,983.14,6.98,1.03,27.77,40.92,0.00,0.00,7.60
920274,atl,63.750,-39.250,991.14,990.58,10.38,3.49,49.86,61.19,0.00,29034.83,13.34
920274,atl,63.000,-54.250,976.09,975.36,17.76,4.92,54.28,58.48,0.00,60367.79,10.82
920274,atl,57.250,2.500,982.95,982.16,8.66,2.57,45.07,45.66,0.00,0.00,6.09
920274,atl,40.250,4.000,998.57,998.37,6.13,1.33,34.96,36.26,0.00,0.00,6.98
920274,atl,33.000,7.500,1001.22,1000.54,7.39,2.25,33.95,36.70,0.00,0.00,5.36
920274,pac,63.250,184.250,987.04,986.39,12.22,3.53,45.91,49.79,0.00,0.00,9.11
920274,pac,61.500,163.500,986.41,985.99,10.23,2.37,36.60,40.93,0.00,0.00,16.57
920274,pac,59.750,170.750,985.58,985.46,7.42,1.13,34.42,38.18,0.00,0.00,5.54
920274,pac,48.750,234.500,1001.95,1001.55,7.25,1.69,41.01,41.01,0.00,0.00,8.50
920280,atl,65.000,-39.000,984.64,983.39,12.15,3.55,66.94,66.94,317.39,43943.33,19.47
920280,atl,64.750,-52.500,979.54,978.44,14.19,5.25,59.52,59.52,0.00,7627.28,13.35
920280,atl,57.250,4.750,988.96,988.51,8.30,2.29,35.97,35.97,0.00,0.00,4.54
920280,atl,39.750,4.750,993.84,993.61,7.67,1.60,43.94,43.94,0.00,0.00,7.63
920280,pac,65.500,187.250,985.08,984.39,15.98,4.43,51.18,53.58,0.00,13438.23,9.81
920280,pac,61.500,169.000,991.36,990.96,7.30,1.11,24.00,36.68,0.00,0.00,8.06
920280,pac,61.250,163.500,993.02,992.74,7.87,1.66,29.16,33.81,0.00,0.00,14.06
920280,pac,61.000,174.000,991.12,990.98,7.01,1.15,38.56,38.78,0.00,0.00,5.68
920280,pac,49.250,235.250,999.05,998.58,7.60,1.37,32.11,38.72,0.00,0.00,7.94
920280,pac,32.000,190.500,995.65,995.37,11.70,2.74,45.77,45.77,0.00,0.00,4.01
920286,atl,67.250,-48.750,983.35,982.85,7.49,2.82,41.57,54.03,0.00,4379.58,12.93
920286,atl,66.250,-32.250,977.93,976.01,17.15,4.80,55.74,55.74,0.00,19381.36,15.54
920286,atl,65.000,-37.500,981.34,980.56,11.17,2.86,54.20,55.74,0.00,22981.21,15.54
920286,atl,57.000,5.750,996.49,996.03,6.89,1.91,35.42,35.42,0.00,0.00,4.72
920286,atl,42.500,6.750,989.09,988.58,9.10,2.26,48.84,48.84,0.00,0.00,10.25
920286,pac,62.000,169.250,995.98,995.34,7.02,1.40,27.45,31.82,0.00,0.00,8.13
920286,pac,61.750,174.500,996.03,995.87,6.53,1.25,31.82,34.19,0.00,0.00,8.13
920286,pac,61.500,163.500,997.34,997.06,7.46,1.67,25.78,30.71,0.00,0.00,12.14
920286,pac,50.750,235.750,1000.89,1000.44,11.96,2.12,33.56,52.36,0.00,900.22,21.65
920286,pac,46.250,234.250,1000.26,999.91,5.89,1.37,27.27,36.48,0.00,0.00,6.60
920286,pac,35.500,162.000,1002.84,1002.41,7.23,1.82,46.89,46.89,0.00,0.00,3.94
920286,pac,34.000,190.250,996.72,996.41,12.81,3.11,47.41,47.41,0.00,0.00,4.55
920292,atl,67.000,-31.750,972.31,970.10,17.35,4.99,54.98,54.98,0.00,5017.37,14.33
920292,atl,41.250,7.750,989.74,989.51,8.88,1.64,52.61,55.27,0.00,12650.12,13.52
920292,pac,62.500,174.500,1000.42,1000.25,7.25,1.47,28.75,31.80,0.00,0.00,7.39
920292,pac,61.500,163.500,1002.69,1002.41,6.32,1.43,21.79,31.47,0.00,0.00,11.51
920292,pac,46.750,233.750,998.87,998.12,8.26,2.33,30.29,30.29,0.00,0.00,7.52
920292,pac,38.000,162.000,1000.02,999.86,8.04,1.78,46.06,46.06,0.00,0.00,4.23
920292,pac,35.250,190.750,997.11,996.45,13.36,3.53,48.29,48.29,0.00,0.00,6.46
920298,atl,67.500,-30.000,968.42,966.93,15.93,4.27,47.20,59.66,0.00,5697.63,14.02
920298,atl,67.250,-56.250,988.37,987.77,6.55,2.43,46.62,46.62,0.00,0.00,6.46
920298,atl,41.250,8.500,990.49,990.12,10.53,2.13,49.58,56.37,0.00,11440.17,8.18
920298,atl,35.750,-71.750,1000.11,999.52,12.70,3.06,59.68,65.82,644.40,38913.10,7.00
920298,pac,62.500,174.250,1002.90,1002.56,7.65,1.70,27.39,28.91,0.00,0.00,6.87
920298,pac,52.000,195.000,1003.83,1003.57,13.39,3.13,45.50,45.50,0.00,0.00,4.70
920298,pac,46.750,232.750,1001.16,999.99,8.87,2.49,34.19,34.19,0.00,0.00,12.87
920298,pac,41.000,230.750,1003.55,1003.43,5.34,1.08,33.13,42.91,0.00,0.00,3.01
920298,pac,40.500,163.500,994.27,993.66,12.87,3.05,50.72,50.80,0.00,4741.40,6.54
920298,pac,35.750,191.000,996.36,995.01,15.58,4.75,56.06,56.06,0.00,22503.80,7.58
920304,atl,68.000,-55.250,985.56,984.78,8.68,3.25,43.47,45.41,0.00,0.00,12.04
920304,atl,68.000,-27.750,966.30,965.70,11.80,2.35,33.77,60.55,0.00,3062.80,21.68
920304,atl,67.000,-32.500,966.22,965.77,14.18,3.33,71.28,75.07,14780.72,54657.22,21.68
920304,atl,41.750,10.000,992.62,992.24,11.89,2.51,49.38,55.17,0.00,5186.27,9.66
920304,atl,37.750,-69.750,992.98,992.09,19.79,4.62,67.30,67.30,7869.15,238815.81,9.73
920304,pac,54.000,198.000,1002.29,1002.09,12.52,2.80,45.87,45.87,0.00,0.00,5.22
920304,pac,46.250,232.000,1001.39,1000.37,8.50,2.65,33.25,33.25,0.00,0.00,5.05
920304,pac,43.750,165.000,991.79,990.70,16.63,4.66,60.44,60.44,0.00,97791.19,8.25
920304,pac,40.250,231.750,1001.09,1000.99,5.53,1.13,29.55,40.65,0.00,0.00,4.05
920304,pac,35.750,191.500,998.75,998.10,14.56,4.33,55.43,55.43,0.00,57537.21,6.52
920310,atl,68.750,-54.000,987.62,986.72,4.92,2.45,44.64,44.64,0.00,0.00,14.36
920310,atl,66.250,-31.500,961.77,961.62,15.01,3.15,66.74,83.98,37587.40,138242.73,17.64
920310,atl,42.500,10.000,996.09,995.58,12.06,2.37,40.85,57.12,0.00,6868.65,15.32
920310,atl,39.750,-67.750,982.42,980.40,28.61,7.80,68.51,68.51,17821.51,412733.57,14.67
920310,pac,56.250,203.250,1000.30,1000.08,12.49,2.48,44.39,44.39,0.00,0.00,6.81
920310,pac,46.500,166.250,989.96,988.87,17.69,5.14,57.19,57.83,0.00,108651.19,7.62
920310,pac,45.500,230.750,1004.80,1004.27,6.72,1.95,36.08,36.08,0.00,0.00,4.60
920310,pac,40.750,232.750,1002.14,1002.08,4.96,1.01,32.28,37.25,0.00,0.00,5.94
920310,pac,37.500,161.750,999.19,998.93,5.52,1.34,38.40,42.26,0.00,0.00,4.99
920310,pac,35.750,191.500,1000.72,1000.09,13.67,3.94,55.68,55.68,0.00,49837.78,5.96
920316,atl,68.250,-19.500,960.08,959.87,7.16,1.87,32.31,47.22,0.00,0.00,7.40
920316,atl,66.000,-29.250,959.07,958.89,15.33,3.07,68.20,85.20,67777.11,234324.77,16.89
920316,atl,43.000,10.000,1002.54,1002.27,9.96,1.86,46.50,56.22,0.00,9733.22,15.32
920316,atl,41.500,-65.250,973.28,969.66,35.50,10.49,83.01,83.01,99729.23,529105.56,26.27
920316,pac,58.000,208.750,997.48,997.29,11.91,2.42,41.36,41.98,0.00,0.00,11.62
920316,pac,49.750,167.250,992.90,992.15,15.31,4.33,51.59,52.61,0.00,64727.62,6.35
920316,pac,41.500,168.000,998.56,998.38,6.04,1.08,46.23,50.18,0.00,1139.49,4.31
920316,pac,41.500,232.250,1000.64,1000.45,6.10,1.23,32.13,43.80,0.00,0.00,6.17
920316,pac,35.250,191.750,1000.86,1000.20,12.69,3.61,47.62,47.62,0.00,0.00,5.29
920322,atl,69.000,-18.500,959.28,958.86,7.49,2.16,47.20,47.20,0.00,0.00,12.95
920322,atl,68.750,-2.000,960.44,960.15,10.71,2.54,48.35,51.30,0.00,12040.53,5.84
920322,atl,67.000,-56.500,998.18,997.62,4.51,2.06,47.02,47.02,0.00,0.00,10.20
920322,atl,66.250,-25.500,959.39,959.18,12.98,2.79,58.30,67.94,14977.25,147035.56,15.63
920322,atl,44.000,-61.750,969.76,967.95,34.98,10.27,75.15,75.15,90702.29,516017.61,17.75
920322,pac,58.250,212.250,993.11,992.88,13.98,2.74,38.75,45.91,0.00,0.00,10.43
920322,pac,52.500,167.750,993.48,993.08,14.18,3.54,52.87,57.24,0.00,36985.15,6.31
920322,pac,45.000,169.750,996.00,995.81,8.71,1.90,49.00,50.59,0.00,2179.85,5.91
920322,pac,41.000,230.500,1000.99,1000.79,7.09,1.44,42.78,51.15,0.00,4066.97,4.11
920322,pac,38.500,237.250,1003.20,1002.52,5.26,1.32,49.01,49.01,0.00,0.00,18.18
920322,pac,35.000,192.000,1000.82,1000.09,11.92,3.31,43.56,43.56,0.00,0.00,4.61
920328,atl,68.250,-55.250,996.80,996.30,6.18,2.63,42.52,42.52,0.00,0.00,7.63
920328,atl,47.000,-58.750,969.73,968.27,32.70,8.81,72.20,72.20,43955.23,417095.78,14.25
920328,pac,58.000,215.000,986.96,986.83,18.22,3.24,46.70,47.87,0.00,0.00,14.66
920328,pac,48.250,170.000,991.47,991.07,12.54,2.87,54.78,63.05,0.00,144164.05,6.52
920328,pac,40.000,228.750,998.40,998.05,8.50,1.98,51.71,52.34,0.00,10991.84,4.16
920328,pac,35.000,192.250,999.24,998.53,11.33,3.19,36.13,36.18,0.00,0.00,4.38
920334,atl,51.500,-54.000,970.59,970.08,23.72,5.03,59.11,64.08,524.56,167395.49,12.03
920334,pac,57.750,218.000,979.76,979.46,23.99,4.87,50.32,54.07,0.00,26405.93,21.23
920334,pac,51.750,169.750,986.55,986.02,14.81,3.25,55.18,61.92,0.00,70184.56,6.80
920334,pac,46.250,162.000,999.08,998.65,4.13,1.48,43.98,45.94,0.00,0.00,4.25
920334,pac,40.000,190.750,1003.67,1003.17,11.03,2.76,50.22,53.62,0.00,34847.88,5.12
920334,pac,38.000,227.250,999.82,999.52,8.63,2.14,51.57,51.82,0.00,12151.49,4.29
920334,pac,35.750,192.750,1001.32,1000.84,9.18,2.51,31.76,31.82,0.00,0.00,3.59
920340,atl,61.500,-47.250,986.58,985.85,5.32,2.49,35.22,54.09,0.00,4702.92,12.44
920340,atl,54.750,-50.500,964.44,963.69,23.23,5.02,59.74,66.04,7331.38,241044.14,10.20
920340,pac,57.250,219.250,978.74,978.38,24.32,5.16,54.10,56.05,0.00,77327.94,27.53
920340,pac,55.500,167.750,983.55,983.41,14.83,2.52,43.52,58.71,0.00,43364.77,13.26
920340,pac,40.250,188.750,1002.38,1002.00,9.60,2.29,40.85,47.82,0.00,0.00,4.43
920340,pac,37.000,192.750,1002.74,1002.33,6.94,1.81,31.66,31.66,0.00,0.00,2.67
920340,pac,35.500,227.000,999.56,999.32,7.91,1.89,50.44,50.44,0.00,1248.38,3.98
920346,atl,58.500,8.500,994.53,994.05,4.74,1.57,37.12,39.60,0.00,0.00,4.21
920346,atl,57.750,-45.750,959.86,958.94,19.26,4.57,62.74,64.81,908.41,224337.32,14.18
920346,atl,43.750,8.000,1003.66,1002.81,9.13,2.71,46.59,53.04,0.00,1702.39,14.38
920346,pac,58.000,166.750,980.33,980.19,17.24,3.05,41.17,48.10,0.00,0.00,19.67
920346,pac,56.750,221.500,979.45,978.90,22.82,5.50,49.70,49.70,0.00,0.00,30.63
920346,pac,40.750,187.750,1000.79,1000.42,9.09,2.19,32.14,43.26,0.00,0.00,3.64
920346,pac,35.250,178.750,1002.97,1002.47,7.43,2.25,38.30,38.30,0.00,0.00,3.42
920346,pac,33.250,228.250,1001.59,1001.42,6.49,1.45,48.18,48.18,0.00,0.00,3.32
920352,atl,67.250,-36.750,966.85,965.04,7.37,2.92,39.90,47.29,0.00,0.00,16.05
920352,atl,63.500,-76.500,987.08,986.96,5.76,0.84,19.23,31.25,0.00,0.00,3.71
920352,atl,62.750,-78.750,987.07,986.96,6.94,1.05,27.30,31.25,0.00,0.00,4.03
920352,atl,62.250,-33.750,954.95,953.85,17.96,4.29,60.60,64.46,2326.99,255718.12,10.24
920352,atl,42.500,8.000,1002.56,1002.09,12.45,3.11,67.11,67.11,8030.80,96739.05,23.35
920352,pac,60.250,168.000,981.71,981.40,18.26,3.83,50.50,50.50,0.00,3137.67,14.74
920352,pac,56.500,221.000,982.55,981.61,21.73,5.10,59.88,59.88,0.00,9836.26,32.38
920352,pac,41.500,188.000,999.33,999.13,8.51,1.84,34.06,42.16,0.00,0.00,3.65
920352,pac,35.250,179.500,1000.36,999.67,8.84,2.98,41.65,41.65,0.00,0.00,5.58
920352,pac,31.750,234.250,1000.32,1000.08,5.17,1.09,35.32,43.41,0.00,0.00,2.53
920358,atl,67.500,-36.500,964.40,963.27,7.72,2.48,33.84,48.16,0.00,0.00,10.83
920358,atl,64.250,-28.250,951.48,950.57,18.72,4.53,60.98,66.39,4627.85,232413.39,10.74
920358,atl,63.500,-75.750,986.63,986.50,6.59,1.12,30.20,31.02,0.00,0.00,4.69
920358,atl,62.000,-71.250,986.50,986.38,5.00,0.99,20.44,29.22,0.00,0.00,4.04
920358,pac,62.250,169.000,986.11,985.24,17.24,3.71,46.68,50.86,0.00,353.83,12.11
920358,pac,55.250,220.250,988.57,987.79,17.21,3.98,57.15,58.81,0.00,18572.27,28.13
920358,pac,43.750,187.250,998.71,998.58,9.06,1.79,39.80,42.57,0.00,0.00,3.72
920358,pac,34.000,180.250,999.83,999.35,9.25,3.10,48.86,48.86,0.00,0.00,6.11
920358,pac,33.500,236.500,1002.40,1002.19,5.28,1.19,34.45,39.35,0.00,0.00,5.11
920364,atl,67.750,-36.000,969.45,968.47,7.11,2.58,36.68,46.32,0.00,0.00,15.35
920364,atl,67.250,-10.500,956.82,956.04,18.39,4.23,61.63,69.03,4211.95,135579.23,8.23
920364,atl,66.750,-20.500,954.05,953.71,17.69,3.81,49.56,63.70,0.00,80255.62,15.35
920364,atl,62.500,-39.500,971.41,970.70,11.54,3.61,60.77,60.81,0.00,144862.61,18.44
920364,atl,62.000,-70.000,987.73,987.51,5.77,1.17,23.53,35.62,0.00,0.00,6.64
920364,atl,60.000,-59.250,986.07,985.65,5.83,1.60,36.01,37.33,0.00,0.00,6.64
920364,atl,38.750,9.500,1001.53,1001.25,11.10,2.79,55.14,64.74,2922.68,146693.71,5.90
920364,pac,65.250,171.750,993.93,993.48,13.87,3.78,35.67,39.20,0.00,0.00,12.75
920364,pac,60.500,161.000,997.67,997.20,7.39,1.99,42.55,42.55,0.00,0.00,17.00
920364,pac,54.500,163.500,995.93,995.79,5.77,1.25,33.89,39.94,0.00,0.00,6.66
920364,pac,53.500,219.750,993.95,993.36,11.93,3.08,53.33,53.33,0.00,14366.75,5.86
920364,pac,51.250,236.500,999.11,997.21,5.75,1.33,21.69,27.19,0.00,0.00,16.01
920364,pac,48.000,230.000,994.92,994.81,4.10,0.84,27.50,30.01,0.00,0.00,3.59
920364,pac,46.000,186.500,997.99,997.88,9.23,1.78,41.44,43.30,0.00,0.00,4.17
920364,pac,34.000,238.250,1002.47,1002.29,4.52,1.30,31.26,47.27,0.00,0.00,6.27
920364,pac,32.500,182.250,1002.52,1002.12,6.50,1.81,46.94,46.94,0.00,0.00,4.26
920370,atl,67.500,-36.500,972.62,971.21,9.64,3.60,54.86,57.40,0.00,12058.69,21.93
920370,atl,67.500,-16.750,955.90,955.36,16.42,4.04,52.28,61.86,0.00,56607.00,12.53
920370,atl,64.750,-55.750,985.46,985.17,4.83,1.73,33.03,33.03,0.00,0.00,8.47
920370,atl,63.750,-34.250,974.17,974.02,10.29,1.62,59.95,61.51,0.00,208643.83,21.93
920370,atl,60.500,-56.750,983.40,983.11,9.12,2.29,46.77,46.77,0.00,0.00,6.72
920370,pac,55.000,165.250,995.02,994.89,6.08,1.45,36.97,38.01,0.00,0.00,5.42
920370,pac,51.000,219.750,996.84,996.33,9.26,2.62,50.26,50.26,0.00,972.64,5.23
920370,pac,50.000,185.000,996.02,995.91,10.15,2.03,42.05,43.52,0.00,0.00,4.33
920370,pac,45.250,230.000,993.26,993.10,4.94,1.04,31.87,34.52,0.00,0.00,2.59
920370,pac,31.000,183.750,1003.89,1003.56,5.22,1.32,43.31,43.31,0.00,0.00,2.96
920376,atl,67.500,-36.750,977.17,976.04,9.80,3.45,54.42,56.32,0.00,6806.15,21.71
920376,atl,66.250,-27.250,977.27,976.98,4.87,1.02,45.27,56.43,0.00,52812.10,9.71
920376,atl,61.000,-55.750,981.51,981.29,11.52,2.95,51.32,51.32,0.00,3494.94,8.28
920376,pac,56.000,166.000,993.34,993.14,6.96,2.06,34.44,34.67,0.00,0.00,5.33
920376,pac,53.250,184.500,994.36,994.23,9.96,2.10,44.94,46.95,0.00,0.00,5.62
920376,pac,42.000,231.250,988.96,988.55,9.84,2.23,42.59,46.05,0.00,0.00,5.23
920382,atl,69.000,-3.250,952.06,951.36,20.44,5.34,59.96,62.16,0.00,165189.52,8.97
920382,atl,67.750,-36.750,980.36,979.65,8.11,2.84,45.11,47.56,0.00,0.00,18.43
920382,atl,67.250,-27.750,980.39,979.64,5.46,1.47,40.23,49.71,0.00,0.00,12.15
920382,atl,62.000,-54.000,978.52,978.27,13.11,3.27,50.26,50.26,0.00,763.99,7.85
920382,pac,58.750,181.500,992.73,992.63,7.40,1.25,39.13,44.00,0.00,0.00,4.36
920382,pac,56.750,166.750,990.32,990.16,7.30,2.20,35.95,35.95,0.00,0.00,6.40
920382,pac,43.000,232.000,985.66,984.95,13.64,3.71,48.63,48.63,0.00,0.00,7.76
920382,pac,42.250,163.000,951.14,949.80,42.54,11.69,101.04,101.04,303845.26,657230.30,21.26
920388,atl,68.250,-25.500,983.11,982.45,4.01,1.28,38.24,40.84,0.00,0.00,11.44
920388,atl,67.750,-36.500,982.63,981.80,6.01,1.97,37.13,39.46,0.00,0.00,9.96
920388,atl,62.750,-53.000,980.00,979.62,11.53,2.75,55.87,55.87,0.00,16480.79,8.74
920388,atl,53.000,-44.500,995.52,995.10,9.60,2.53,58.01,62.43,0.00,46630.99,5.09
920388,pac,61.500,181.000,987.22,987.09,10.65,1.84,37.51,42.24,0.00,0.00,6.91
920388,pac,57.500,167.500,989.74,989.49,6.01,1.93,35.00,35.00,0.00,0.00,6.96
920388,pac,45.250,167.500,948.54,947.34,42.09,10.10,87.94,89.79,292255.70,598348.43,15.93
920388,pac,43.750,232.250,985.61,984.92,14.44,4.33,50.95,50.95,0.00,1702.39,7.09
920394,atl,67.500,-36.250,982.08,980.76,5.33,1.93,36.59,36.70,0.00,0.00,9.89
920394,atl,62.750,-52.750,979.58,979.23,12.87,3.38,62.30,62.30,0.00,47422.86,7.85
920394,atl,55.250,-39.250,988.05,987.68,12.48,3.33,60.97,60.97,0.00,145466.76,7.51
920394,pac,64.000,181.000,983.18,982.96,14.08,2.74,36.84,47.14,0.00,0.00,11.88
920394,pac,47.000,170.000,947.14,945.78,39.52,9.72,84.59,86.80,246604.96,599592.33,14.69
920394,pac,44.250,232.750,988.79,987.77,14.16,4.45,49.48,49.48,0.00,0.00,7.70
920400,atl,69.000,-54.500,989.58,989.18,4.10,1.77,37.03,43.36,0.00,0.00,8.72
920400,atl,69.000,-26.750,983.77,983.15,4.24,0.86,26.18,38.63,0.00,0.00,9.89
920400,atl,67.500,-36.000,982.56,981.40,5.05,1.91,34.87,39.79,0.00,0.00,8.89
920400,atl,66.000,-27.250,983.67,983.49,5.51,1.19,40.44,40.44,0.00,0.00,8.79
920400,atl,62.500,-51.000,977.80,976.81,15.95,4.70,54.48,54.48,0.00,14236.44,8.73
920400,atl,58.000,-33.250,979.77,979.23,17.30,4.72,71.53,71.53,32310.86,266072.93,9.61
920400,pac,65.750,182.500,984.75,984.34,14.38,2.77,38.36,50.67,0.00,634.78,12.29
920400,pac,50.500,231.750,1000.77,1000.55,9.75,2.60,29.42,35.34,0.00,0.00,18.06
920400,pac,48.750,172.000,949.73,948.56,34.91,8.29,76.57,76.57,151969.76,473855.82,11.43
920400,pac,44.250,232.750,992.27,991.45,12.17,3.84,44.50,44.50,0.00,0.00,5.07
920406,atl,67.250,-36.250,982.83,981.31,4.68,1.83,34.19,34.19,0.00,0.00,10.27
920406,atl,62.750,-50.500,981.45,981.20,13.09,3.70,48.88,48.88,0.00,0.00,9.28
920406,atl,60.750,-29.000,972.45,971.90,19.51,5.30,66.87,73.48,56236.01,203947.27,8.87
920406,pac,50.000,173.500,950.76,949.85,32.48,7.55,70.77,70.77,58588.99,379182.70,9.53
920406,pac,44.250,233.500,993.77,993.18,11.92,3.46,44.27,44.27,0.00,0.00,5.72
920412,atl,67.500,-36.500,983.49,982.20,4.81,1.88,31.13,35.91,0.00,0.00,10.78
920412,atl,64.500,-46.000,985.87,985.66,6.05,1.45,36.16,51.60,0.00,9783.42,8.07
920412,atl,63.000,-25.000,969.29,969.07,19.72,4.81,73.32,73.32,70974.81,213879.51,11.38
920412,atl,62.750,-50.250,985.50,985.08,10.76,2.93,51.60,51.60,0.00,10494.08,8.07
920412,pac,51.000,174.500,956.23,955.33,27.42,6.22,60.74,69.40,25220.11,295334.24,8.64
920412,pac,44.250,234.250,992.71,991.98,12.36,3.78,44.43,44.43,0.00,0.00,7.17
920418,atl,67.500,-36.250,984.30,983.24,4.96,1.61,26.33,38.24,0.00,0.00,12.11
920418,atl,65.250,-16.500,967.89,967.36,19.58,3.69,75.25,75.47,45279.99,204416.11,9.74
920418,atl,65.000,-21.000,967.63,967.26,18.86,4.24,75.25,75.47,45279.99,169516.06,9.74
920418,atl,62.750,-50.000,990.62,990.34,7.32,2.02,51.20,51.20,0.00,6203.09,9.56
920418,atl,62.750,-38.750,983.89,983.78,6.63,1.44,38.24,44.65,0.00,0.00,9.56
920418,atl,50.000,-80.000,993.96,993.16,14.21,2.71,32.69,34.83,0.00,0.00,9.06
920418,pac,51.750,176.250,960.43,959.71,24.52,5.88,62.84,66.55,22614.15,288692.83,8.18
920418,pac,44.500,235.000,994.53,993.47,11.93,3.44,34.83,38.53,0.00,0.00,7.36
920424,atl,67.250,-36.250,984.77,983.57,6.55,2.14,38.27,43.09,0.00,0.00,13.03
920424,atl,67.000,-13.250,962.24,961.54,22.69,4.97,64.16,64.64,3033.66,155103.45,11.66
920424,atl,62.500,-38.000,983.45,983.29,9.15,1.88,46.10,54.74,0.00,28116.17,11.69
920424,atl,50.500,-75.500,994.84,994.55,15.43,3.27,37.41,41.83,0.00,0.00,7.02
920424,pac,52.750,178.500,967.90,967.30,20.79,5.20,61.39,61.39,0.00,208138.36,7.67
920424,pac,47.250,189.750,994.56,994.11,7.27,2.16,37.08,41.69,0.00,0.00,4.00
920424,pac,45.250,235.750,996.78,995.84,9.23,2.14,35.23,37.22,0.00,0.00,10.60
920430,atl,67.750,-14.250,957.34,956.84,24.68,6.75,63.75,63.75,0.00,178521.42,13.01
920430,atl,64.750,-56.000,999.75,999.05,6.44,2.40,42.28,42.28,0.00,0.00,9.41
920430,atl,51.000,-70.250,995.04,994.32,15.07,3.44,34.02,40.21,0.00,0.00,8.38
920430,pac,57.750,168.500,977.27,977.10,13.39,3.25,44.74,47.65,0.00,0.00,13.21
920430,pac,57.250,172.500,977.59,977.48,10.26,1.49,44.10,50.89,0.00,4618.25,7.61
920430,pac,54.500,180.500,973.82,973.31,16.73,4.24,53.35,55.65,0.00,117785.77,6.18
920430,pac,51.000,190.500,992.81,992.29,7.44,2.18,41.04,45.57,0.00,0.00,5.36
920430,pac,47.500,234.750,1000.26,1000.05,10.10,1.61,34.46,37.57,0.00,0.00,18.37
920436,atl,67.500,-12.500,956.42,955.89,24.32,6.85,62.31,67.17,6904.44,211861.21,12.97
920436,atl,66.000,-57.000,998.82,997.98,8.96,3.29,38.56,38.56,0.00,0.00,11.86
920436,atl,55.500,-54.750,998.97,998.40,8.78,2.32,43.63,48.97,0.00,0.00,4.48
920436,atl,50.500,-65.500,998.12,997.83,13.91,3.20,36.34,41.02,0.00,0.00,8.45
920436,pac,58.250,167.000,975.09,974.35,14.03,4.08,42.98,42.98,0.00,0.00,11.52
920436,pac,56.500,181.250,977.49,976.98,12.90,3.52,45.56,46.89,0.00,0.00,5.21
920436,pac,54.750,189.750,989.24,988.90,8.98,1.85,45.84,45.84,0.00,0.00,6.29
920436,pac,47.250,161.500,961.29,960.58,27.96,7.03,72.53,74.49,120509.40,287538.41,13.41
920436,pac,46.000,234.750,1000.63,1000.24,9.62,1.57,31.05,39.86,0.00,0.00,14.01
920436,pac,37.250,197.750,998.60,997.94,10.88,2.75,50.48,50.73,0.00,1194.71,4.60
920442,atl,67.750,-9.500,955.55,954.83,24.54,6.51,64.26,64.70,1960.36,243215.31,11.12
920442,atl,66.500,-56.750,999.94,999.23,9.50,3.13,40.08,40.08,0.00,0.00,11.99
920442,atl,64.000,-29.000,989.21,988.82,5.25,1.42,41.09,53.12,0.00,11865.99,8.89
920442,atl,56.500,-52.750,994.22,993.46,11.13,2.78,41.42,46.51,0.00,0.00,7.97
920442,atl,52.000,-57.500,997.40,996.89,10.76,2.54,40.12,41.78,0.00,0.00,8.85
920442,pac,58.500,166.500,971.42,970.23,12.91,3.84,42.14,42.14,0.00,0.00,12.82
920442,pac,58.500,181.750,977.60,977.14,10.83,2.62,42.17,42.17,0.00,0.00,4.76
920442,pac,50.000,167.000,952.59,951.82,31.46,8.02,85.59,85.59,135292.07,430417.85,13.98
920442,pac,46.250,234.250,1002.64,1002.14,11.15,2.08,35.20,35.92,0.00,0.00,14.05
920442,pac,38.500,198.500,997.71,997.49,11.82,2.67,56.65,56.65,0.00,60729.23,5.39
920448,atl,68.000,-7.250,958.06,957.59,21.83,5.30,63.25,65.92,5632.94,231077.61,11.12
920448,atl,67.250,-56.500,1001.67,1001.27,8.94,2.80,37.46,37.46,0.00,0.00,10.96
920448,atl,64.500,-30.500,991.96,991.35,6.97,2.30,41.09,48.33,0.00,0.00,14.57
920448,atl,60.500,6.500,975.54,975.10,11.83,2.93,49.84,50.35,0.00,1245.62,7.85
920448,atl,56.750,-50.500,990.58,990.01,13.51,3.10,43.00,50.56,0.00,1833.20,6.56
920448,pac,61.250,174.750,974.52,974.16,7.27,1.68,33.33,41.55,0.00,0.00,10.79
920448,pac,58.750,166.250,968.48,967.43,11.74,3.67,39.45,39.93,0.00,0.00,13.64
920448,pac,52.250,171.500,951.20,951.00,29.51,7.01,77.91,77.91,141988.69,374192.43,13.89
920448,pac,45.750,232.750,1004.74,1004.37,9.50,2.25,42.72,42.72,0.00,0.00,5.89
920448,pac,33.500,197.750,996.42,995.68,8.73,2.17,57.33,57.70,0.00,41699.31,5.41
920454,atl,68.250,-57.000,1001.99,1001.57,8.61,2.89,37.18,37.58,0.00,0.00,11.02
920454,atl,67.500,-5.250,959.57,959.20,20.80,5.22,56.92,64.02,335.73,219307.40,9.92
920454,atl,65.000,-31.000,993.06,992.09,8.21,2.91,39.30,47.62,0.00,0.00,9.90
920454,atl,58.000,-45.500,986.05,985.40,13.51,2.96,50.13,50.13,0.00,395.11,7.95
920454,pac,64.000,179.250,973.16,972.93,10.81,1.93,32.13,44.83,0.00,0.00,14.10
920454,pac,58.750,166.750,968.20,967.43,9.82,3.05,39.99,45.79,0.00,0.00,14.93
920454,pac,54.750,176.000,952.61,952.25,26.98,6.09,69.13,75.19,88594.75,307019.04,12.33
920454,pac,36.750,201.000,997.18,996.73,10.26,2.22,56.95,56.95,0.00,51640.31,5.25
920454,pac,32.500,198.750,996.09,995.47,9.44,2.48,52.49,53.33,0.00,50998.38,4.77
920460,atl,66.500,-1.250,964.76,964.27,17.09,4.63,58.73,60.53,0.00,198568.21,7.86
920460,atl,65.250,-32.000,996.19,995.58,6.01,2.06,38.89,38.89,0.00,0.00,10.61
920460,atl,59.250,-40.500,984.64,984.17,12.92,3.12,55.56,55.56,0.00,11532.65,8.31
920460,pac,64.750,176.250,972.56,972.19,9.92,2.60,37.59,40.38,0.00,0.00,14.11
920460,pac,58.750,168.000,969.65,968.90,8.50,2.47,41.28,50.89,0.00,426.52,13.82
920460,pac,56.750,179.250,956.46,956.01,23.87,5.55,67.79,67.79,20234.36,283383.37,9.68
920460,pac,38.500,198.750,998.87,998.29,10.66,2.78,46.51,51.42,0.00,3770.80,4.57
920460,pac,33.250,199.250,995.35,994.96,10.34,2.40,48.43,51.86,0.00,21003.55,4.33
920466,atl,65.750,4.000,969.18,969.00,13.33,3.84,63.61,63.62,0.00,198835.07,7.39
920466,atl,63.250,-51.500,996.21,996.05,7.33,1.60,42.12,43.61,0.00,0.00,7.77
920466,atl,62.250,-45.250,992.40,991.72,4.29,1.07,47.73,54.12,0.00,8822.19,9.58
920466,atl,61.000,-37.000,980.99,980.48,13.97,3.42,50.69,55.35,0.00,12536.27,9.63
920466,pac,59.500,181.500,958.51,958.19,21.20,4.65,62.25,66.62,12682.83,204096.73,9.42
920466,pac,32.500,198.500,996.45,996.12,10.58,2.52,45.00,49.30,0.00,0.00,4.31
920472,atl,68.750,-49.750,999.88,999.44,6.20,1.32,37.90,42.68,0.00,0.00,6.61
920472,atl,65.250,-53.500,998.19,997.93,4.92,1.79,43.78,43.78,0.00,0.00,6.18
920472,atl,64.750,9.750,973.74,973.29,10.21,3.32,60.77,60.77,0.00,106323.05,9.09
920472,atl,62.750,-35.750,974.86,974.37,19.60,4.99,67.56,68.30,2890.28,111708.15,10.87
920472,pac,62.000,182.250,964.18,963.95,17.12,3.27,59.59,60.25,0.00,135772.78,9.71
920472,pac,32.500,198.750,995.37,995.10,10.75,2.58,44.18,48.09,0.00,0.00,3.77
920478,atl,68.750,-54.250,998.38,997.85,7.16,1.92,38.89,41.21,0.00,0.00,8.25
920478,atl,68.250,3.750,974.51,973.76,14.64,3.91,61.23,61.23,0.00,70361.84,8.92
920478,atl,63.250,-38.250,965.11,963.57,26.14,7.71,92.87,92.87,79307.63,148455.15,20.11
920478,atl,60.750,-28.500,973.08,972.69,12.86,2.26,47.00,62.59,0.00,32668.11,7.81
920478,pac,64.750,184.250,968.64,968.53,16.01,2.84,56.61,59.10,0.00,76319.95,16.42
920478,pac,60.750,171.500,976.80,976.46,9.22,2.41,40.55,43.35,0.00,0.00,9.98
920478,pac,32.250,198.500,998.40,998.16,10.20,2.46,40.79,43.46,0.00,0.00,3.60
920484,atl,66.750,8.750,978.50,977.88,11.07,3.45,57.13,57.13,0.00,40387.44,7.77
920484,atl,64.000,-27.500,960.16,958.72,26.39,6.40,76.21,90.93,173961.15,284236.24,19.67
920484,atl,62.750,-39.000,958.76,955.86,27.53,8.46,89.65,90.93,96121.19,227181.90,22.52
920484,pac,65.000,183.500,974.56,974.03,12.14,2.64,45.07,53.14,0.00,20335.85,13.18
920484,pac,60.500,171.500,981.87,981.40,9.37,2.80,40.83,43.31,0.00,0.00,9.40
920484,pac,31.500,198.750,999.37,999.10,8.91,2.11,36.23,38.56,0.00,0.00,3.46
920490,atl,65.000,-30.750,952.19,950.48,30.21,8.26,103.24,103.24,201279.64,292064.67,26.76
920490,atl,62.000,-37.500,953.53,951.76,28.44,8.04,81.82,103.24,173743.55,387413.06,16.76
920490,pac,65.250,182.500,981.09,980.48,8.47,1.92,37.91,45.91,0.00,0.00,11.83
920496,atl,68.750,-53.750,995.07,994.74,4.14,1.28,39.35,41.91,0.00,0.00,9.63
920496,atl,65.250,-16.250,959.12,958.59,23.05,4.97,68.24,83.21,48242.70,253165.39,10.02
920496,atl,62.000,-33.250,952.25,951.02,27.32,6.98,75.37,100.28,210937.79,400424.23,19.72
920496,pac,65.250,182.250,987.42,986.75,6.96,1.70,37.98,40.73,0.00,0.00,11.21
920496,pac,64.500,212.500,1003.83,1002.83,4.26,2.05,53.80,53.80,0.00,689.62,19.74
920496,pac,33.250,207.250,1002.58,1002.13,5.67,1.37,47.08,47.08,0.00,0.00,4.96
920502,atl,69.000,-53.500,994.49,994.07,5.17,1.64,39.55,39.55,0.00,0.00,13.60
920502,atl,66.750,-20.250,949.84,948.43,29.04,7.43,92.91,92.91,146576.71,352671.40,27.54
920502,atl,62.750,-29.000,957.19,956.23,18.97,4.62,70.83,78.73,241605.39,470145.39,10.32
920502,atl,51.500,-47.250,1001.80,1001.62,8.24,1.83,52.62,53.05,0.00,64438.48,4.77
920502,pac,65.750,181.500,992.79,992.22,4.65,1.42,28.32,36.97,0.00,0.00,8.22
920502,pac,65.750,188.000,991.28,990.91,6.39,2.18,35.47,41.93,0.00,0.00,5.96
920502,pac,61.750,181.750,995.67,995.52,5.56,1.25,40.99,41.23,0.00,0.00,5.50
920502,pac,55.250,163.250,996.90,996.27,7.80,2.12,34.54,39.45,0.00,0.00,5.61
920502,pac,34.500,207.250,1003.18,1002.88,5.67,1.31,48.10,48.30,0.00,0.00,3.60
920508,atl,66.500,-22.250,951.39,950.59,25.08,5.23,107.62,107.62,145130.20,277089.70,34.48
920508,atl,52.000,-40.750,997.47,996.95,10.12,2.68,58.24,65.42,10785.64,164110.50,5.27
920508,pac,62.750,184.500,1000.01,999.66,5.10,1.23,34.48,39.42,0.00,0.00,4.56
920508,pac,57.250,166.000,993.97,993.07,11.52,3.34,36.38,44.23,0.00,0.00,5.77
920508,pac,39.250,203.500,999.28,999.08,10.43,2.18,47.86,51.46,0.00,9341.92,4.48
920514,atl,65.500,-24.750,953.55,952.76,21.66,5.13,89.54,89.54,82901.20,265679.77,29.71
920514,atl,53.750,-31.500,993.65,992.91,8.46,2.49,61.78,61.78,0.00,127810.59,5.53
920514,pac,64.250,187.750,1003.48,1003.06,4.72,1.43,30.79,32.69,0.00,0.00,3.69
920514,pac,59.000,171.000,995.70,994.62,12.35,3.59,42.96,44.12,0.00,0.00,7.71
920514,pac,39.500,204.250,997.55,997.32,11.30,2.15,53.07,56.49,0.00,118372.38,6.30
920514,pac,34.000,210.500,1000.17,999.59,6.81,1.82,52.38,52.38,0.00,2553.15,4.49
920520,atl,65.000,-38.500,977.23,977.09,8.37,2.28,40.19,69.77,2492.91,21698.73,21.21
920520,atl,65.000,-23.500,957.04,956.09,19.11,4.98,76.55,81.96,51553.19,222936.04,27.31
920520,pac,61.250,178.000,998.83,997.78,12.93,3.97,44.45,44.45,0.00,0.00,7.69
920520,pac,41.750,203.000,995.60,995.29,14.71,2.96,61.08,61.34,0.00,220578.97,6.99
920520,pac,36.250,208.750,997.73,997.37,6.19,1.34,49.30,49.30,0.00,0.00,4.29
920526,atl,65.750,-20.750,959.88,959.41,16.43,3.41,74.08,74.47,33975.43,122879.76,21.10
920526,atl,62.250,-41.000,978.19,977.89,11.71,4.10,53.76,53.76,0.00,43287.30,21.41
920526,atl,44.250,-49.750,1004.80,1003.95,8.88,2.58,47.41,48.36,0.00,0.00,4.65
920526,pac,63.500,185.250,1000.27,999.08,14.87,4.86,43.68,44.05,0.00,0.00,9.42
920526,pac,53.250,161.250,990.24,989.84,11.38,2.60,50.35,54.88,0.00,85312.67,6.74
920526,pac,42.250,201.750,995.40,995.10,15.95,3.16,62.51,65.18,3290.43,203729.20,7.13
920532,atl,66.500,-17.500,963.87,963.63,15.04,2.77,71.51,71.97,20166.67,69399.11,19.61
920532,atl,62.750,-5.500,972.39,971.39,11.07,3.37,56.10,58.84,0.00,63259.00,6.44
920532,atl,62.500,-40.000,979.54,979.35,11.18,3.30,55.51,55.51,0.00,35658.42,17.50
920532,atl,47.500,-42.500,999.14,998.32,8.84,2.42,58.76,58.76,0.00,79283.40,4.95
920532,pac,58.000,164.500,991.07,990.61,14.54,3.49,49.05,54.14,0.00,19747.25,8.41
920532,pac,54.000,162.000,992.21,991.83,9.46,2.09,53.18,62.26,0.00,120846.34,7.63
920532,pac,43.500,162.500,995.36,994.94,9.75,2.12,59.34,61.28,0.00,136555.46,6.18
920532,pac,42.000,199.000,995.30,994.74,16.10,3.41,61.14,72.35,39608.31,168539.62,5.94
920532,pac,34.000,160.250,1000.90,999.99,8.74,2.42,48.68,48.68,0.00,0.00,4.09
920538,atl,67.000,-14.000,967.62,967.44,11.61,2.05,45.93,67.86,7007.98,92849.71,11.26
920538,atl,65.500,-1.000,966.74,966.08,14.31,4.25,57.79,60.93,0.00,33355.01,6.98
920538,atl,62.750,-39.500,979.90,979.66,10.06,2.58,42.88,43.37,0.00,0.00,17.54
920538,atl,57.000,-49.000,987.73,987.66,4.17,0.68,29.49,39.11,0.00,0.00,7.65
920538,atl,51.750,-35.500,987.93,987.10,11.43,2.80,61.31,61.31,0.00,130456.73,5.71
920538,pac,59.750,165.750,993.87,993.37,13.48,3.13,47.85,49.79,0.00,0.00,12.24
920538,pac,54.500,163.500,993.97,993.72,9.02,1.82,58.04,61.94,0.00,130519.23,7.85
920538,pac,46.500,165.000,992.13,991.67,13.11,3.02,56.22,63.18,0.00,226481.35,6.60
920538,pac,41.000,196.000,993.72,992.96,17.16,3.80,62.80,70.19,18752.81,181768.58,6.56
920538,pac,36.750,164.250,996.48,994.62,11.06,3.36,63.86,63.86,0.00,22698.02,10.38
920544,atl,67.750,0.750,961.19,960.62,19.25,5.75,58.58,58.74,0.00,32711.92,10.08
920544,atl,63.000,-39.500,979.64,979.29,7.95,2.07,38.00,38.00,0.00,0.00,7.43
920544,atl,57.500,-47.500,981.60,981.37,6.28,1.22,30.11,52.17,0.00,2207.90,6.91
920544,atl,57.500,-35.000,978.15,977.45,7.74,2.16,44.20,50.68,0.00,1329.72,5.65
920544,atl,55.750,-29.750,978.66,978.07,13.75,3.39,52.92,56.84,0.00,124711.81,5.77
920544,pac,57.750,237.000,1004.25,1002.96,10.15,3.55,28.20,28.20,0.00,0.00,18.57
920544,pac,49.500,166.250,991.72,991.21,13.69,3.09,58.45,58.51,0.00,309124.62,6.57
920544,pac,40.250,168.250,993.72,991.23,14.91,4.34,68.86,68.86,2953.36,213267.34,11.92
920544,pac,40.000,193.500,990.60,989.87,17.76,4.35,50.38,53.87,0.00,65316.43,5.39
920550,atl,62.500,-40.250,977.53,977.35,5.68,1.35,32.68,52.43,0.00,793.12,10.84
920550,atl,59.250,-34.000,970.20,968.92,11.21,3.66,52.43,63.17,0.00,39427.19,10.84
920550,atl,58.750,-25.500,970.89,969.71,14.63,4.06,63.17,63.17,0.00,206147.74,7.49
920550,atl,57.750,-44.000,978.56,978.22,4.94,0.97,34.25,47.76,0.00,0.00,4.81
920550,pac,54.250,165.250,989.89,989.52,14.74,3.32,54.78,56.27,0.00,214279.17,12.40
920550,pac,45.750,169.750,994.11,993.26,13.88,3.73,70.92,70.92,14000.37,286858.18,7.77
920550,pac,39.500,191.500,993.68,993.29,15.63,3.84,46.00,46.00,0.00,0.00,5.46
920556,atl,66.500,-49.000,984.74,983.89,5.84,1.48,39.16,39.16,0.00,0.00,12.27
920556,atl,65.750,-53.750,985.79,985.42,6.03,1.42,39.16,39.16,0.00,0.00,12.27
920556,atl,60.750,-34.250,969.11,966.96,12.94,4.28,55.26,55.26,0.00,5040.50,14.69
920556,atl,60.750,-20.500,967.43,966.08,16.09,4.79,66.46,66.46,4674.47,212378.25,7.69
920556,atl,58.500,-41.750,977.94,977.68,5.36,1.17,34.82,55.26,0.00,4705.14,14.69
920556,pac,55.750,165.250,990.89,990.42,15.79,3.87,58.01,58.01,0.00,159294.77,14.08
920556,pac,39.500,189.000,996.58,996.28,12.77,2.92,46.73,46.73,0.00,0.00,4.66
920556,pac,38.250,174.250,1000.25,999.83,8.78,2.21,49.91,52.72,0.00,4035.56,4.97
920556,pac,35.000,226.500,1003.13,1002.28,12.69,3.68,46.77,46.77,0.00,0.00,6.86
920562,atl,68.250,-54.250,987.38,987.22,7.38,2.06,37.31,37.31,0.00,0.00,10.17
920562,atl,63.250,-3.250,972.56,971.78,9.55,2.55,54.70,60.70,0.00,121261.49,9.20
920562,atl,62.000,-15.250,967.26,966.36,14.23,4.72,65.90,65.90,4153.49,128369.55,7.31
920562,atl,61.750,-35.750,965.90,963.87,16.62,5.08,52.63,52.63,0.00,3020.73,11.16
920562,atl,43.250,-79.000,1000.76,1000.32,10.78,3.05,35.66,35.92,0.00,0.00,6.43
920562,pac,58.000,165.250,993.73,993.12,14.77,4.08,54.12,54.12,0.00,60239.67,15.64
920562,pac,39.500,187.000,998.30,997.97,9.65,2.33,45.16,45.16,0.00,0.00,3.88
920562,pac,37.500,176.750,994.49,993.69,10.95,3.07,64.17,64.17,613.08,49046.54,6.30
920562,pac,35.750,227.750,1000.03,999.02,16.19,5.07,53.26,53.26,0.00,6291.12,9.54
920568,atl,68.250,-54.750,990.05,989.69,5.83,1.86,32.36,32.95,0.00,0.00,10.11
920568,atl,65.000,6.750,966.66,965.45,13.98,4.50,59.79,59.79,0.00,49751.47,8.74
920568,atl,62.750,-9.250,968.16,967.28,11.87,4.04,58.81,58.81,0.00,52538.84,6.72
920568,atl,61.750,-38.500,961.26,959.17,23.09,7.26,61.17,61.17,0.00,30421.82,13.37
920568,atl,61.750,-23.250,976.58,976.39,4.41,1.06,37.94,43.00,0.00,0.00,4.32
920568,atl,61.500,-54.750,987.06,986.61,7.41,2.74,44.56,46.62,0.00,0.00,13.02
920568,atl,44.750,-75.500,1004.10,1003.50,6.47,2.08,43.83,43.83,0.00,0.00,5.76
920568,pac,62.250,165.000,1000.01,999.12,15.44,3.70,55.50,55.50,0.00,2881.48,19.80
920568,pac,49.250,232.750,1003.27,1003.17,10.99,2.09,43.52,48.46,0.00,0.00,11.32
920568,pac,40.000,184.500,997.53,997.34,5.58,1.37,44.51,44.67,0.00,0.00,4.74
920568,pac,38.750,177.750,989.83,989.23,13.55,3.46,59.53,59.53,0.00,200661.16,6.74
920568,pac,36.250,228.750,993.20,992.17,18.41,5.85,55.28,55.28,0.00,16263.30,9.64
920574,atl,64.000,-2.250,964.89,964.08,12.14,4.36,56.39,56.39,0.00,37458.05,7.73
920574,atl,62.500,-18.500,974.94,974.31,5.86,1.80,38.43,41.41,0.00,0.00,4.07
920574,atl,61.000,-40.750,962.87,960.91,23.37,7.98,71.66,71.66,14619.21,98914.35,19.24
920574,atl,60.750,-53.250,987.22,986.76,7.59,2.85,47.80,53.04,0.00,2748.35,17.54
920574,atl,58.750,-79.750,990.71,990.60,8.24,1.67,24.18,24.18,0.00,0.00,3.65
920574,atl,43.250,-66.000,1004.07,1003.49,7.55,2.17,35.02,39.02,0.00,0.00,4.21
920574,pac,64.500,163.750,1001.59,1000.70,16.27,4.82,33.41,52.64,0.00,1799.06,24.22
920574,pac,47.750,233.000,998.33,998.20,12.35,1.87,47.28,50.50,0.00,1453.71,14.44
920574,pac,38.250,179.750,985.41,984.40,15.17,3.34,65.66,65.68,8572.76,183075.91,9.87
920574,pac,35.750,230.750,990.39,989.23,18.67,5.69,51.88,51.88,0.00,19765.18,6.83
920580,atl,64.750,4.250,966.55,966.13,10.69,4.19,64.36,64.36,353.83,82196.64,9.46
920580,atl,63.000,-28.250,976.95,976.76,5.76,1.06,42.40,42.40,0.00,0.00,4.02
920580,atl,62.750,-17.000,975.55,974.71,6.36,2.02,44.39,45.42,0.00,0.00,5.81
920580,atl,60.250,-40.250,970.60,968.49,17.18,5.86,75.32,75.32,43355.11,134453.88,15.49
920580,atl,59.750,-50.250,987.47,987.11,6.23,2.08,46.46,70.92,3538.57,17762.17,15.49
920580,atl,59.250,-78.500,992.28,992.06,8.56,2.04,23.27,24.96,0.00,0.00,3.49
920580,atl,45.000,-60.250,1000.42,999.48,10.20,2.84,38.83,48.51,0.00,0.00,5.38
920580,pac,47.500,233.250,993.25,993.08,13.18,2.08,45.33,53.93,0.00,14570.74,14.96
920580,pac,37.250,180.500,984.86,984.51,14.97,3.60,63.44,63.44,0.00,209235.72,8.19
920580,pac,35.750,233.750,987.69,986.82,16.56,4.66,52.47,54.03,0.00,12712.57,6.65
920586,atl,63.000,-15.000,975.06,974.40,5.28,1.78,43.72,46.04,0.00,0.00,5.91
920586,atl,62.500,-21.000,975.35,974.82,6.14,1.52,42.44,43.72,0.00,0.00,5.91
920586,atl,60.000,-38.000,975.93,974.53,12.04,3.68,63.56,63.77,0.00,90493.77,8.26
920586,atl,59.500,-77.250,994.90,994.50,8.50,2.15,25.12,26.52,0.00,0.00,3.26
920586,atl,46.000,-56.500,996.28,995.56,11.14,3.10,35.99,41.39,0.00,0.00,4.35
920586,pac,46.250,232.000,988.02,987.91,11.83,1.93,47.12,54.45,0.00,56474.09,11.64
920586,pac,39.500,235.250,990.32,989.29,8.61,1.74,40.15,55.90,0.00,2482.71,17.37
920586,pac,37.000,236.750,990.29,989.71,13.18,3.28,55.90,60.73,0.00,6800.75,18.54
920586,pac,36.750,183.500,986.34,985.72,12.82,3.44,53.14,53.14,0.00,39765.80,6.38
920592,atl,69.000,-11.750,963.92,963.42,16.31,4.62,54.64,63.29,0.00,124711.76,8.40
920592,atl,63.250,-15.000,974.30,973.76,4.58,1.47,36.26,37.14,0.00,0.00,6.36
920592,atl,62.750,-19.500,974.38,973.89,6.40,1.88,36.26,45.18,0.00,0.00,6.36
920592,atl,60.000,-76.250,1000.27,999.73,7.63,1.94,24.76,26.12,0.00,0.00,3.11
920592,atl,60.000,-35.500,979.30,978.42,9.44,2.45,53.24,53.24,0.00,6376.73,6.13
920592,atl,54.000,-11.500,980.25,979.46,14.61,4.17,63.19,63.19,0.00,243601.11,8.56
920592,atl,46.250,-53.250,998.32,997.79,9.41,2.45,42.56,45.93,0.00,0.00,4.69
920592,pac,45.750,232.500,981.67,981.57,11.30,1.92,43.80,53.11,0.00,43081.32,11.14
920592,pac,38.250,185.250,987.91,987.04,12.87,3.52,47.89,48.56,0.00,0.00,5.17
920592,pac,31.500,212.500,1004.17,1003.62,8.00,2.40,40.14,40.14,0.00,0.00,3.73
920598,atl,68.000,-12.000,963.68,963.20,15.27,4.43,52.70,60.72,0.00,93614.21,8.73
920598,atl,62.500,-33.500,980.98,980.76,6.27,1.32,39.33,47.52,0.00,0.00,8.02
920598,atl,60.250,-75.000,1004.18,1003.82,5.75,1.44,22.33,23.94,0.00,0.00,2.81
920598,atl,60.000,-33.000,980.79,980.25,7.77,1.90,47.52,47.52,0.00,0.00,5.06
920598,atl,57.000,-1.750,969.98,969.49,17.44,3.99,76.45,82.78,25332.37,291212.15,15.34
920598,atl,47.750,-42.000,994.72,994.24,9.50,2.48,45.93,53.21,0.00,20304.99,5.39
920598,pac,46.750,232.500,980.83,980.73,13.26,2.11,45.25,53.21,0.00,29389.99,19.79
920598,pac,40.500,185.500,989.50,988.92,12.86,3.24,43.78,48.09,0.00,0.00,4.58
920604,atl,67.000,-11.750,966.23,965.94,12.26,3.55,50.03,57.35,0.00,45346.90,7.26
920604,atl,62.000,-37.250,982.59,982.51,7.68,1.93,44.09,44.09,0.00,0.00,8.70
920604,atl,60.500,-31.000,982.50,982.24,6.28,1.52,39.43,42.63,0.00,0.00,4.60
920604,atl,59.250,3.750,961.67,960.90,20.27,5.05,74.28,83.37,99581.68,248873.74,11.61
920604,atl,48.500,-37.750,990.96,990.42,11.45,3.09,48.72,50.85,0.00,3297.59,5.40
920604,atl,45.000,-40.750,992.22,991.36,13.17,2.86,58.88,59.21,0.00,109369.18,7.20
920604,pac,47.000,232.000,981.70,981.56,14.02,2.48,42.29,48.80,0.00,0.00,16.94
920604,pac,43.750,160.750,993.18,992.42,9.78,2.90,54.09,54.18,0.00,19596.55,5.39
920604,pac,42.500,184.250,989.75,989.23,13.14,3.27,43.08,44.24,0.00,0.00,4.75
920610,atl,66.250,-10.500,968.62,968.31,10.20,2.93,46.94,46.94,0.00,0.00,6.65
920610,atl,60.500,-53.500,995.16,994.78,5.19,1.23,36.72,42.00,0.00,0.00,4.83
920610,atl,60.500,-37.250,983.87,983.71,7.46,1.89,44.50,44.50,0.00,0.00,5.25
920610,atl,60.500,-28.000,984.05,983.72,4.73,1.42,34.20,41.34,0.00,0.00,3.38
920610,atl,48.250,-35.000,987.54,987.34,11.63,2.51,49.72,60.52,0.00,45993.27,7.79
920610,atl,45.250,-38.250,986.84,985.73,16.72,4.64,63.91,63.91,0.00,246591.81,9.23
920610,pac,47.000,231.250,984.56,984.31,13.96,2.47,43.69,47.86,0.00,0.00,15.40
920610,pac,46.750,171.500,995.41,995.25,4.14,0.91,27.16,31.67,0.00,0.00,2.98
920610,pac,45.000,162.000,992.56,991.97,7.53,2.18,54.25,54.25,0.00,16236.10,5.08
920610,pac,44.750,182.250,992.09,991.68,11.39,2.83,41.70,41.75,0.00,0.00,4.59
920610,pac,41.250,168.000,992.84,992.11,7.45,2.25,58.86,58.86,0.00,33240.06,4.98
920610,pac,33.250,193.000,1004.07,1003.46,5.70,1.54,38.24,40.23,0.00,0.00,3.55
920616,atl,65.500,-8.500,973.68,973.34,7.21,2.25,39.14,39.14,0.00,0.00,6.78
920616,atl,60.750,-27.000,985.09,984.76,4.74,1.22,29.52,33.87,0.00,0.00,3.41
920616,atl,60.000,-52.750,994.72,994.21,6.40,1.47,39.99,41.75,0.00,0.00,5.32
920616,atl,60.000,-36.250,985.01,984.68,7.03,1.71,38.87,45.18,0.00,0.00,4.93
920616,atl,49.000,-31.500,984.17,983.72,12.80,3.05,53.58,62.43,0.00,23974.98,6.93
920616,pac,48.000,168.500,992.86,992.68,5.21,0.93,28.65,43.51,0.00,0.00,4.12
920616,pac,46.750,179.750,992.98,992.68,10.15,2.50,42.22,42.22,0.00,0.00,4.39
920616,pac,46.500,230.250,987.51,987.28,12.16,2.38,40.36,43.62,0.00,0.00,9.04
920616,pac,45.750,163.750,992.40,991.90,6.54,1.72,49.59,49.59,0.00,0.00,4.80
920616,pac,42.000,171.000,992.08,991.21,7.76,2.36,51.87,51.87,0.00,12770.37,5.35
920616,pac,35.500,193.250,1001.67,1001.03,7.86,2.20,46.69,46.69,0.00,0.00,4.16
920622,atl,67.750,8.000,973.85,973.72,4.30,1.17,25.60,34.77,0.00,0.00,6.54
920622,atl,61.000,-26.000,983.96,983.75,4.39,0.97,27.19,35.37,0.00,0.00,3.67
920622,atl,60.000,-34.000,983.36,983.06,6.24,1.35,35.63,40.51,0.00,0.00,4.60
920622,atl,59.750,-52.000,992.97,992.45,6.94,1.60,46.89,47.21,0.00,0.00,6.11
920622,atl,51.250,-27.250,976.52,975.85,15.26,3.74,51.59,69.64,2612.85,39601.99,10.07
920622,pac,49.000,166.000,991.64,991.52,6.26,0.84,27.10,48.19,0.00,0.00,4.48
920622,pac,46.000,230.250,991.77,991.54,11.35,2.16,37.85,41.19,0.00,0.00,9.71
920622,pac,42.750,173.750,991.39,990.74,8.67,2.77,51.95,51.95,0.00,16232.19,5.73
920622,pac,37.250,191.750,1001.17,1000.41,9.07,2.96,45.33,47.38,0.00,0.00,5.84
920622,pac,33.750,195.000,1001.58,1000.66,7.67,2.19,47.38,47.38,0.00,0.00,4.51
920628,atl,65.750,-63.000,1000.75,999.81,5.21,2.03,50.62,50.62,0.00,329.64,15.89
920628,atl,60.500,-32.250,980.24,980.19,7.15,1.34,30.93,36.68,0.00,0.00,4.08
920628,atl,54.000,-22.000,975.07,974.55,12.51,2.66,56.99,61.62,0.00,66213.37,9.51
920628,atl,41.750,-57.500,1003.31,1001.86,15.09,4.32,60.92,60.92,0.00,24221.99,9.03
920628,pac,50.000,164.250,992.33,992.22,6.95,1.04,39.06,44.97,0.00,0.00,6.37
920628,pac,49.750,171.250,992.08,991.95,6.90,1.09,30.13,38.73,0.00,0.00,3.95
920628,pac,45.500,230.000,997.99,997.77,9.43,1.88,31.02,44.05,0.00,0.00,3.78
920628,pac,43.750,176.500,992.29,991.69,10.38,3.21,51.79,51.79,0.00,13825.37,5.96
920628,pac,37.250,191.500,1001.91,1001.30,7.86,2.24,40.52,42.61,0.00,0.00,3.71
920628,pac,35.250,194.500,1001.98,1001.24,7.11,1.62,43.67,43.67,0.00,0.00,4.23
920628,pac,33.000,197.750,1001.47,1000.88,8.03,2.04,44.66,44.66,0.00,0.00,4.23
920634,atl,67.000,-65.250,1002.03,1000.45,4.09,2.02,51.08,51.08,0.00,329.64,17.05
920634,atl,60.500,-32.500,976.20,976.08,8.93,1.69,38.93,46.49,0.00,0.00,5.24
920634,atl,58.500,-13.750,970.44,969.97,13.28,2.97,45.25,53.45,0.00,11224.16,6.92
920634,atl,41.750,-51.500,1000.21,999.29,15.16,4.06,53.69,57.33,0.00,40364.70,8.78
920634,pac,51.000,168.250,992.16,992.02,7.83,1.17,28.29,38.69,0.00,0.00,3.82
920634,pac,45.500,177.500,995.07,994.73,8.98,2.33,44.88,44.88,0.00,0.00,4.75
920634,pac,45.000,229.750,1002.76,1002.48,8.08,1.65,32.72,44.09,0.00,0.00,3.20
920634,pac,35.000,196.500,999.54,999.00,10.08,2.53,43.82,44.03,0.00,0.00,3.82
920640,atl,62.250,-22.750,976.04,975.87,5.11,1.08,45.99,47.28,0.00,0.00,10.59
920640,atl,61.000,-9.250,964.59,963.85,17.44,4.25,48.73,64.10,415.21,37366.68,7.33
920640,atl,60.750,-31.750,973.11,972.94,10.47,2.14,45.37,49.81,0.00,0.00,5.73
920640,atl,42.750,-45.750,996.92,995.29,16.57,4.97,62.36,62.36,0.00,69668.42,10.98
920640,pac,51.750,165.000,993.28,993.16,9.01,1.37,35.01,40.24,0.00,0.00,8.01
920640,pac,47.500,176.750,996.95,996.46,8.45,1.97,31.96,41.26,0.00,0.00,3.47
920640,pac,44.750,229.750,1004.65,1004.43,7.16,1.58,32.15,35.82,0.00,0.00,2.94
920640,pac,35.750,195.000,995.98,995.47,11.90,3.14,48.64,48.64,0.00,0.00,4.65
920646,atl,62.500,-24.250,972.39,972.15,9.33,1.84,39.49,45.09,0.00,0.00,10.62
920646,atl,62.000,-5.750,961.40,960.74,19.13,5.04,51.57,51.57,0.00,6905.66,8.06
920646,atl,61.000,-27.750,972.07,971.94,9.72,1.93,44.62,48.30,0.00,0.00,4.63
920646,atl,43.500,-41.000,991.55,990.05,18.34,5.81,71.12,71.12,7291.60,106743.45,13.89
920646,pac,52.250,162.000,993.01,992.86,9.04,2.04,35.45,40.06,0.00,0.00,11.54
920646,pac,48.500,176.500,998.35,998.03,7.75,1.80,30.47,35.28,0.00,0.00,2.89
920646,pac,41.750,162.750,990.89,987.92,15.39,5.86,60.30,60.30,0.00,34689.84,14.16
920646,pac,35.500,194.250,995.15,994.42,13.12,3.68,44.90,44.90,0.00,0.00,5.82
920652,atl,64.000,0.500,963.82,963.21,17.45,4.48,62.16,62.16,0.00,91660.05,9.22
920652,atl,63.250,-47.750,989.39,988.47,5.46,1.70,34.88,44.07,0.00,0.00,13.43
920652,atl,63.000,-24.000,972.09,971.89,11.36,2.33,42.23,48.15,0.00,0.00,10.28
920652,atl,51.500,-77.500,997.69,997.54,12.35,2.43,31.04,31.04,0.00,0.00,5.82
920652,atl,44.500,-35.500,989.01,987.70,18.36,5.56,72.31,72.31,12789.44,110275.58,11.92
920652,pac,52.250,160.750,992.56,992.25,8.81,2.36,32.25,38.40,0.00,0.00,10.83
920652,pac,50.000,176.000,997.84,997.66,7.56,1.74,26.55,30.58,0.00,0.00,3.11
920652,pac,42.750,165.750,988.30,986.55,17.61,6.63,70.81,70.81,5175.26,52981.48,15.77
920652,pac,37.250,170.750,1001.90,1001.05,7.17,2.17,52.65,57.74,0.00,14840.23,4.76
920652,pac,35.500,194.250,993.24,992.64,13.96,3.81,46.38,46.38,0.00,0.00,6.11
920658,atl,65.500,4.750,963.35,962.44,18.58,5.59,67.82,67.82,3426.91,88181.49,10.73
920658,atl,63.000,-23.500,973.30,973.08,11.82,2.35,41.36,50.94,0.00,2759.98,7.97
920658,atl,59.750,-33.250,979.92,979.60,7.43,1.83,49.18,51.33,0.00,2390.91,5.61
920658,atl,53.000,-74.250,995.74,995.66,11.91,2.38,35.11,39.80,0.00,0.00,5.72
920658,atl,47.250,-28.750,986.68,985.92,16.05,4.03,71.32,71.32,11357.02,132848.59,9.90
920658,pac,52.500,171.500,995.25,995.05,6.85,1.40,29.09,29.09,0.00,0.00,2.93
920658,pac,43.250,168.750,989.72,988.34,15.62,5.50,58.90,58.90,0.00,63361.67,10.10
920658,pac,39.750,231.750,1003.85,1003.73,8.63,1.64,36.07,39.01,0.00,0.00,5.56
920658,pac,38.500,174.000,999.70,998.65,7.84,2.78,49.13,51.75,0.00,1148.56,5.35
920658,pac,35.500,194.250,992.38,991.63,14.79,4.24,50.14,50.14,0.00,638.76,5.41
920664,atl,64.000,-13.000,979.15,978.64,6.92,1.84,44.90,45.67,0.00,0.00,7.42
920664,atl,63.500,-47.500,993.87,993.50,4.37,1.27,29.75,42.14,0.00,0.00,11.92
920664,atl,63.500,-23.000,976.99,976.60,10.59,2.21,48.19,49.09,0.00,0.00,7.42
920664,atl,54.500,-70.250,996.85,996.53,11.17,2.27,29.01,39.02,0.00,0.00,5.41
920664,atl,51.000,-23.250,975.20,974.28,22.71,6.50,72.04,72.04,32659.34,354236.21,13.09
920664,pac,54.000,169.250,991.96,991.77,10.34,2.01,31.99,56.53,0.00,16334.37,5.63
920664,pac,43.750,172.000,991.79,991.11,13.82,4.50,56.63,56.63,0.00,24666.52,8.02
920664,pac,40.250,233.500,998.73,998.40,11.97,2.71,45.46,45.46,0.00,0.00,6.34
920664,pac,40.000,177.000,998.61,997.77,7.97,2.83,50.14,53.29,0.00,5800.09,5.98
920664,pac,35.750,194.250,993.32,992.68,13.28,3.84,46.05,46.55,0.00,0.00,4.76
920670,atl,64.500,-11.500,982.63,982.35,5.81,1.83,37.66,39.36,0.00,0.00,5.57
920670,atl,63.750,-23.000,980.26,979.91,9.00,2.02,45.04,45.04,0.00,0.00,5.57
920670,atl,53.750,-19.000,963.53,962.60,29.31,8.03,86.91,86.91,144037.43,426344.66,16.26
920670,atl,50.500,-61.250,995.82,995.42,9.25,2.16,42.43,42.43,0.00,0.00,6.54
920670,pac,56.500,225.750,1003.26,1002.64,11.81,3.02,42.56,42.56,0.00,0.00,20.71
920670,pac,55.000,166.000,989.54,989.38,12.09,2.70,51.31,64.92,1990.03,69658.67,12.90
920670,pac,44.500,175.000,993.80,993.35,11.46,3.16,46.95,46.95,0.00,0.00,5.94
920670,pac,41.750,179.250,997.39,996.23,8.45,2.58,46.65,46.95,0.00,0.00,5.69
920670,pac,40.500,233.250,1000.56,1000.15,11.64,2.76,45.98,45.98,0.00,0.00,6.27
920670,pac,36.000,194.000,995.90,995.30,11.53,3.22,38.45,38.45,0.00,0.00,3.56
920676,atl,64.500,-44.750,997.54,997.27,4.24,1.88,35.89,35.89,0.00,0.00,9.99
920676,atl,62.500,-53.500,999.70,999.33,4.63,1.87,24.29,24.29,0.00,0.00,7.12
920676,atl,55.500,-13.500,952.00,950.90,38.21,10.98,105.15,105.15,296690.89,537405.69,21.75
920676,atl,50.750,-58.750,993.13,992.39,10.84,2.45,37.51,47.44,0.00,0.00,4.93
920676,atl,48.000,-54.000,994.15,993.81,10.78,2.58,45.87,47.58,0.00,0.00,5.31
920676,pac,55.500,228.500,1000.85,1000.09,12.86,2.76,38.84,47.13,0.00,0.00,14.26
920676,pac,55.000,163.000,990.26,989.83,10.55,2.80,49.88,57.14,0.00,40293.49,12.71
920676,pac,47.750,175.750,995.13,994.84,8.59,2.50,39.08,43.61,0.00,0.00,4.89
920676,pac,45.250,177.250,995.09,994.86,9.42,2.08,43.61,43.61,0.00,0.00,5.38
920676,pac,44.000,180.500,994.90,994.31,9.15,2.58,42.32,43.61,0.00,0.00,5.38
920676,pac,39.000,236.250,1002.46,1001.80,8.61,2.61,45.86,45.86,0.00,0.00,16.73
920676,pac,36.250,194.250,996.27,995.82,9.56,2.72,38.44,38.66,0.00,0.00,3.14
920682,atl,64.750,-44.000,999.70,999.37,4.25,1.95,29.94,29.94,0.00,0.00,8.98
920682,atl,62.750,-53.750,1000.49,1000.23,4.85,2.19,27.01,27.01,0.00,0.00,7.47
920682,atl,58.500,-10.250,944.26,943.07,40.19,10.72,102.71,102.71,247341.42,459172.11,17.46
920682,atl,50.000,-51.000,985.60,985.05,15.14,3.52,46.77,46.77,0.00,0.00,5.52
920682,pac,55.500,162.250,992.87,992.00,8.79,2.22,51.72,56.51,0.00,39862.12,11.79
920682,pac,54.250,234.000,997.15,996.50,16.00,4.43,40.61,40.61,0.00,0.00,13.23
920682,pac,49.250,176.000,995.30,994.98,6.99,2.24,37.53,39.61,0.00,0.00,4.84
920682,pac,45.750,181.250,993.01,992.39,9.65,2.79,41.74,41.74,0.00,0.00,3.99
920682,pac,40.750,161.250,982.37,979.69,17.32,5.59,60.48,60.48,0.00,32396.79,14.04
920682,pac,36.750,194.250,996.75,996.37,7.82,2.20,32.66,33.14,0.00,0.00,2.65
920688,atl,62.750,-53.750,1002.01,1001.87,5.42,2.10,30.03,30.03,0.00,0.00,8.20
920688,atl,61.750,-41.000,1000.71,1000.15,4.90,2.22,34.00,34.00,0.00,0.00,8.20
920688,atl,60.500,-6.500,947.20,946.43,35.61,8.31,90.17,92.02,187357.41,474316.67,13.33
920688,atl,51.250,-49.750,980.12,979.70,19.13,4.48,50.36,54.97,0.00,16280.57,6.98
920688,pac,52.500,236.750,997.19,996.21,14.00,4.74,49.82,49.82,0.00,0.00,14.65
920688,pac,47.500,182.250,991.39,990.75,9.86,2.45,38.87,38.87,0.00,0.00,3.81
920688,pac,42.250,163.000,974.91,973.24,24.00,7.98,69.57,69.57,12203.03,184490.16,15.09
920688,pac,37.250,194.750,995.77,995.42,7.01,2.10,30.30,30.30,0.00,0.00,2.52
920694,atl,63.000,-53.750,1002.47,1002.35,5.79,2.11,31.11,35.51,0.00,0.00,6.29
920694,atl,62.250,-40.500,1001.78,1001.13,4.69,2.04,31.36,31.36,0.00,0.00,6.53
920694,atl,61.750,-3.000,950.14,949.39,32.69,7.43,79.31,79.31,141084.17,435994.90,10.78
920694,atl,53.250,-46.500,975.02,974.59,21.67,4.28,52.80,62.79,0.00,120361.00,9.65
920694,pac,48.500,183.000,990.83,990.39,8.35,1.90,32.68,33.49,0.00,0.00,3.26
920694,pac,43.000,165.250,972.87,971.64,24.26,7.82,69.87,69.87,27055.78,208257.25,12.08
920694,pac,38.000,195.000,996.17,995.86,6.52,1.92,26.47,26.47,0.00,0.00,2.53
920700,atl,62.500,0.750,954.60,953.88,29.46,7.40,57.55,67.17,14140.40,258048.12,10.54
920700,atl,62.000,-53.250,1003.39,1003.26,5.01,1.47,35.52,43.59,0.00,0.00,6.86
920700,atl,52.500,-45.750,971.42,971.15,23.88,4.83,65.43,68.59,24305.87,363079.43,10.59
920700,pac,51.750,180.750,988.48,988.31,8.21,1.38,29.94,34.71,0.00,0.00,3.83
920700,pac,43.750,167.250,973.30,972.09,22.04,6.35,67.02,67.02,11458.45,204774.36,9.54
920700,pac,38.750,195.500,995.32,995.08,5.52,1.66,25.64,25.64,0.00,0.00,2.00
920700,pac,32.000,208.000,998.47,998.32,5.16,1.03,35.62,37.38,0.00,0.00,2.37
920706,atl,62.750,4.500,962.65,961.39,22.99,6.04,51.92,58.43,0.00,121976.59,9.96
920706,atl,53.250,-40.750,967.69,967.28,22.36,4.15,68.62,77.18,149548.35,309527.46,10.59
920706,pac,53.000,179.750,985.24,985.09,8.88,1.54,31.78,38.24,0.00,0.00,4.19
920706,pac,44.500,169.500,973.45,972.47,17.85,5.20,59.84,59.84,0.00,104994.15,6.94
920706,pac,39.000,195.750,995.11,994.93,4.91,1.34,20.39,22.51,0.00,0.00,1.95
920706,pac,34.000,209.500,996.06,995.79,7.55,1.57,36.91,44.90,0.00,0.00,3.50
920712,atl,54.750,-39.000,965.89,965.35,23.39,4.86,56.60,70.50,40234.01,241942.33,10.78
920712,pac,54.000,178.250,982.15,982.03,10.71,1.86,34.94,49.21,0.00,0.00,5.69
920712,pac,45.250,170.000,974.97,974.37,12.55,3.65,45.28,45.28,0.00,0.00,5.11
920712,pac,39.750,196.250,993.69,993.54,4.47,1.13,23.19,25.34,0.00,0.00,1.79
920712,pac,38.000,167.250,977.92,976.24,9.92,2.69,62.83,74.86,17996.39,272069.56,6.48
920712,pac,36.500,208.750,991.21,990.70,9.16,2.00,39.67,40.14,0.00,0.00,3.49
920718,atl,55.500,-38.000,965.59,965.11,22.58,4.83,47.30,67.51,10056.97,188263.57,9.72
920718,pac,54.500,174.500,980.97,980.78,10.89,1.78,47.90,58.60,0.00,76094.07,6.13
920718,pac,45.500,169.500,972.60,972.15,9.38,2.74,37.92,50.93,0.00,1157.54,8.66
920718,pac,40.500,170.250,964.47,962.78,15.96,4.60,58.95,66.87,8043.25,170812.47,9.05
920718,pac,37.500,209.000,990.07,989.71,10.45,2.29,37.45,40.70,0.00,0.00,4.32
920724,atl,56.250,-37.250,968.22,967.59,21.71,4.95,55.73,67.51,27669.04,144973.45,8.93
920724,pac,53.500,169.000,980.63,980.45,10.24,1.89,52.83,57.52,0.00,119269.90,6.56
920724,pac,48.000,194.250,994.58,994.42,5.28,1.38,31.39,33.09,0.00,0.00,3.08
920724,pac,42.250,172.000,955.74,954.69,20.62,5.58,60.86,60.86,0.00,122926.31,12.07
920724,pac,39.000,209.000,987.53,987.34,11.08,2.29,38.69,44.33,0.00,0.00,4.20
920730,atl,56.250,-35.500,971.12,970.79,19.87,4.53,58.59,66.69,37503.97,163641.58,7.18
920730,atl,50.500,-75.500,994.26,993.98,7.58,1.79,39.90,45.59,0.00,0.00,7.91
920730,pac,51.750,166.250,978.76,978.61,8.60,1.70,54.15,60.16,0.00,74694.14,8.44
920730,pac,50.750,192.000,993.45,993.30,5.40,1.48,30.76,33.43,0.00,0.00,3.63
920730,pac,42.750,174.250,955.54,954.72,18.61,4.31,65.93,65.93,7009.60,212730.68,7.30
920730,pac,40.250,208.750,988.33,988.12,9.97,1.77,38.33,45.22,0.00,0.00,4.42
920736,atl,60.750,-46.000,996.57,995.87,5.55,1.85,59.45,62.46,0.00,65452.16,9.88
920736,atl,56.500,-33.000,974.96,974.59,17.89,4.05,56.44,62.02,0.00,139898.82,6.99
920736,pac,44.000,175.750,955.86,955.56,17.25,3.45,62.07,62.99,0.00,230285.84,6.87
920736,pac,41.500,209.000,987.10,986.97,9.82,1.75,36.47,39.84,0.00,0.00,4.43
920742,atl,65.500,-49.000,1001.67,1001.14,6.23,2.16,37.52,59.64,0.00,4775.60,14.42
920742,atl,56.750,-31.500,978.35,977.99,15.63,3.45,44.28,61.72,0.00,87381.65,6.35
920742,atl,51.500,-69.750,992.86,992.31,8.74,2.06,32.71,46.14,0.00,0.00,7.52
920742,pac,44.750,175.750,954.54,954.06,17.20,3.36,50.04,57.72,0.00,116524.80,6.51
920742,pac,44.250,209.500,988.27,988.09,11.06,2.17,39.47,39.48,0.00,0.00,4.86
920748,atl,56.500,-28.500,983.68,983.42,12.91,2.91,41.12,52.12,0.00,15984.45,5.36
920748,atl,53.750,-64.250,992.23,992.06,8.35,2.19,30.24,39.32,0.00,0.00,5.91
920748,pac,46.000,207.500,987.36,987.11,10.02,2.11,41.54,41.88,0.00,0.00,4.67
920748,pac,45.250,185.500,964.54,964.08,9.65,2.28,46.30,46.30,0.00,0.00,5.03
920748,pac,44.500,174.750,954.40,954.10,16.74,3.26,54.18,58.36,0.00,109264.75,5.51
920754,atl,61.250,-25.500,988.51,988.18,7.48,1.61,33.71,34.39,0.00,0.00,6.31
920754,atl,60.000,-78.250,975.28,974.46,21.71,4.94,56.55,56.55,0.00,119046.36,8.71
920754,atl,59.750,-60.000,989.03,988.78,8.56,1.74,37.18,47.31,0.00,0.00,11.02
920754,atl,56.500,-26.000,988.05,987.87,10.47,2.49,42.97,43.63,0.00,0.00,4.03
920754,atl,46.000,-14.500,1004.00,1003.36,6.95,1.72,54.35,54.35,0.00,9042.36,4.94
920754,atl,44.250,-19.500,1003.40,1003.15,7.02,1.55,38.69,51.02,0.00,2149.62,4.89
920754,pac,47.750,205.000,986.31,986.07,8.01,1.75,39.61,40.45,0.00,0.00,4.44
920754,pac,43.500,174.500,954.20,954.07,15.44,2.76,54.42,64.81,596.29,150354.07,5.16
920754,pac,43.000,217.250,997.30,996.84,5.70,1.46,30.25,35.80,0.00,0.00,3.56
920760,atl,66.000,-14.500,995.85,995.47,12.84,2.83,44.37,57.71,0.00,12851.16,6.85
920760,atl,61.500,-75.750,977.88,977.27,16.82,3.22,51.41,52.66,0.00,39275.69,7.36
920760,atl,61.500,-25.250,989.73,989.52,8.77,2.23,29.64,34.89,0.00,0.00,4.02
920760,atl,61.250,-57.500,982.12,981.55,13.39,3.30,52.34,56.59,0.00,18506.75,11.35
920760,atl,56.750,-23.500,993.09,992.96,7.79,1.98,40.14,40.14,0.00,0.00,4.00
920760,atl,55.000,-9.500,1004.40,1004.15,5.37,1.58,45.03,45.03,0.00,0.00,5.64
920760,atl,45.750,-17.000,1000.76,1000.33,9.79,2.54,40.62,46.63,0.00,0.00,3.87
920760,pac,47.750,186.750,967.81,967.44,7.46,1.83,44.19,44.19,0.00,0.00,4.34
920760,pac,46.000,216.250,994.79,994.44,7.66,1.97,39.46,41.56,0.00,0.00,4.59
920760,pac,42.000,176.500,955.42,955.22,13.57,2.56,50.27,62.92,0.00,129643.79,4.95
920766,atl,67.000,-17.750,992.68,992.24,13.47,3.45,53.06,53.06,0.00,10022.26,13.20
920766,atl,63.500,-56.250,971.89,970.26,19.78,5.41,67.11,67.11,4980.51,222802.93,12.37
920766,atl,62.750,-74.750,979.94,979.40,13.03,2.51,46.79,49.95,0.00,0.00,7.51
920766,atl,62.250,-79.250,979.76,979.54,16.55,3.02,46.36,49.95,0.00,0.00,7.51
920766,atl,61.000,-24.750,991.76,991.62,6.90,1.81,28.83,30.07,0.00,0.00,3.31
920766,atl,60.000,-7.250,1001.58,1001.27,4.83,1.33,47.09,47.09,0.00,0.00,6.81
920766,atl,46.500,-16.500,998.79,997.84,11.48,3.58,43.38,43.38,0.00,0.00,8.36
920766,pac,48.000,213.500,993.80,993.53,7.52,1.93,42.49,43.58,0.00,0.00,4.51
920766,pac,44.500,221.250,999.23,999.12,6.50,1.09,40.87,46.32,0.00,0.00,4.58
920766,pac,42.000,187.250,966.48,966.23,4.51,1.15,33.18,39.17,0.00,0.00,3.58
920766,pac,41.500,178.500,955.21,954.96,13.37,2.68,51.45,61.68,0.00,114563.10,4.63
920772,atl,67.250,-19.250,990.09,989.62,12.17,3.27,56.28,56.28,0.00,15365.68,14.81
920772,atl,64.500,-58.500,966.50,964.83,21.09,6.73,64.85,64.85,1052.49,186934.84,18.12
920772,atl,63.750,-3.250,1000.25,1000.07,5.74,1.15,42.43,54.86,0.00,10547.37,8.23
920772,atl,63.250,-74.000,982.91,982.60,9.52,1.94,47.51,48.67,0.00,0.00,6.40
920772,atl,62.000,-78.500,983.04,982.64,13.93,2.85,44.12,47.51,0.00,0.00,6.22
920772,atl,59.250,-42.500,983.16,982.27,10.07,2.78,49.78,49.78,0.00,0.00,10.54
920772,atl,47.500,-14.750,1003.61,1003.19,9.64,3.11,46.39,46.39,0.00,0.00,4.64
920772,pac,47.250,222.000,997.74,997.55,9.21,1.92,48.25,48.67,0.00,0.00,4.81
920772,pac,43.750,188.000,964.42,964.02,6.89,1.98,35.88,35.88,0.00,0.00,4.00
920772,pac,41.250,180.250,957.67,957.51,12.08,2.58,48.63,58.66,0.00,36586.90,4.15
920778,atl,67.750,-17.750,986.63,986.48,9.89,2.58,48.35,48.35,0.00,0.00,14.35
920778,atl,67.000,-70.250,982.41,981.00,5.10,1.93,29.43,52.62,0.00,4045.96,12.75
920778,atl,66.750,0.250,993.73,993.41,9.99,2.29,52.15,57.24,0.00,13668.25,6.40
920778,atl,65.000,-57.000,968.75,967.23,17.47,6.36,61.89,61.89,0.00,120761.95,15.99
920778,atl,61.000,-38.500,970.84,969.96,17.58,4.36,58.08,59.54,0.00,48442.29,15.05
920778,pac,49.500,221.250,997.32,997.04,9.91,2.26,50.06,50.28,0.00,985.62,5.31
920778,pac,42.500,210.750,991.40,990.95,5.04,1.49,38.77,38.77,0.00,0.00,3.33
920778,pac,40.500,183.000,958.73,958.56,11.27,2.18,53.16,55.45,0.00,47214.35,4.05
920784,atl,68.000,-17.500,983.46,983.30,6.23,1.76,51.13,51.13,0.00,2209.17,15.52
920784,atl,66.500,-56.000,973.19,971.32,13.36,5.04,59.53,59.53,0.00,5857.69,14.38
920784,atl,62.500,-34.500,958.33,957.58,25.11,5.51,64.68,67.41,26242.95,306594.23,23.80
920784,pac,51.250,220.750,996.04,995.64,10.47,2.58,48.94,48.94,0.00,0.00,5.89
920784,pac,40.750,185.500,960.38,960.27,10.79,2.01,44.83,52.84,0.00,12236.83,4.12
920784,pac,39.750,201.250,969.02,968.45,12.17,2.98,53.84,53.84,0.00,21465.36,5.84
920790,atl,67.750,-56.750,977.75,976.42,9.02,3.46,43.22,43.22,0.00,0.00,15.07
920790,atl,64.000,-33.500,950.53,950.00,27.24,5.61,73.68,80.34,112233.05,393871.09,20.00
920790,pac,52.750,221.250,996.08,995.54,11.53,3.14,47.77,48.04,0.00,0.00,6.79
920790,pac,44.250,196.750,970.73,970.08,5.46,1.67,42.83,52.68,0.00,6128.74,7.37
920790,pac,42.250,201.500,964.63,963.61,15.10,4.53,52.68,52.68,0.00,6128.74,7.37
920790,pac,40.750,187.750,962.62,962.43,10.16,1.85,43.52,50.56,0.00,2484.78,4.03
920796,atl,68.750,-57.250,981.73,980.74,6.11,2.61,33.77,35.41,0.00,0.00,16.83
920796,atl,64.250,-33.250,944.30,944.01,30.51,6.99,72.85,82.40,158521.61,401424.49,26.75
920796,pac,54.500,221.250,995.73,994.95,12.25,3.43,47.85,48.16,0.00,0.00,16.38
920796,pac,43.500,203.750,962.38,961.48,17.15,4.84,58.83,58.83,0.00,19210.90,8.08
920796,pac,41.500,189.000,965.77,965.54,8.91,1.73,39.90,46.69,0.00,0.00,3.77
920802,atl,67.500,-16.000,958.31,957.52,14.09,3.32,55.18,60.72,0.00,29501.19,20.28
920802,atl,64.250,-34.750,943.36,942.78,29.95,6.69,71.48,80.75,131323.52,378380.54,32.35
920802,pac,55.750,221.000,995.61,994.91,11.26,3.00,42.48,42.48,0.00,0.00,23.51
920802,pac,46.000,206.000,963.28,962.38,17.38,4.88,52.94,52.94,0.00,8735.65,8.41
920802,pac,41.250,190.000,968.40,968.22,8.38,1.56,40.01,54.10,0.00,15775.78,4.39
920808,atl,68.000,-19.000,953.42,952.41,15.68,4.16,66.11,66.11,1412.96,66429.04,19.37
920808,atl,63.750,-35.250,946.32,945.33,29.06,6.17,65.48,88.29,119316.13,377559.12,26.45
920808,pac,48.250,205.750,962.48,961.76,17.26,4.58,49.35,49.35,0.00,0.00,6.04
920808,pac,42.250,194.250,971.24,971.17,4.98,0.78,30.38,38.42,0.00,0.00,2.89
920814,atl,67.500,-20.250,950.17,949.41,16.31,4.30,68.87,68.87,11359.92,96572.91,20.80
920814,atl,62.750,-33.750,947.89,946.80,27.14,6.30,74.70,88.39,190221.04,369795.62,25.51
920814,atl,39.750,-67.250,996.71,994.71,19.20,5.08,73.89,73.89,22394.49,215885.29,9.51
920814,pac,53.250,222.500,983.89,983.54,12.76,2.74,52.82,64.53,467.75,36946.80,10.94
920814,pac,49.500,204.750,962.95,962.22,17.29,4.45,41.65,43.72,0.00,0.00,5.14
920820,atl,66.750,-21.750,950.50,949.57,15.13,3.77,68.05,70.24,11155.96,84170.40,21.37
920820,atl,62.000,-29.250,953.15,951.74,19.15,4.98,70.51,84.84,205735.23,354413.81,10.17
920820,atl,42.750,-63.750,992.44,991.10,21.82,5.37,61.53,61.53,0.00,170705.08,10.85
920820,pac,55.750,223.250,980.36,979.69,18.84,4.40,46.64,47.02,0.00,0.00,29.45
920820,pac,50.500,203.500,963.87,963.33,16.79,4.09,40.94,44.69,0.00,0.00,5.44
920826,atl,65.500,-36.500,970.59,970.34,15.48,5.05,82.76,82.76,27983.64,113090.96,28.18
920826,atl,64.750,-23.000,954.97,954.69,12.10,2.78,61.30,61.30,0.00,80772.70,9.80
920826,atl,61.250,-23.000,955.30,954.65,17.82,4.53,69.69,76.08,114482.19,304425.05,8.71
920826,atl,45.250,-60.750,988.07,987.55,21.82,4.54,59.78,59.78,0.00,157607.09,8.49
920826,pac,56.750,223.750,982.95,981.50,18.15,5.11,45.66,45.66,0.00,0.00,36.73
920826,pac,54.750,240.000,1003.84,1002.97,10.07,3.16,45.71,49.47,0.00,0.00,37.38
920826,pac,53.500,234.750,1002.52,1001.78,5.17,1.43,46.73,46.73,0.00,0.00,34.98
920826,pac,50.750,201.500,964.53,963.97,16.35,3.92,44.17,46.83,0.00,0.00,5.29
920832,atl,65.250,-35.500,974.97,974.69,17.21,4.28,82.57,82.57,29267.66,75879.47,26.30
920832,atl,62.500,-16.750,962.93,962.68,11.62,2.01,60.35,64.42,4679.70,178266.71,7.03
920832,atl,48.250,-59.500,982.59,981.14,26.25,7.00,67.46,67.46,5950.32,71141.41,11.03
920832,pac,53.750,235.250,1000.91,1000.43,6.47,1.81,30.87,44.94,0.00,0.00,44.95
920832,pac,50.250,200.000,965.76,965.28,14.76,3.43,37.88,45.97,0.00,0.00,4.82
920838,atl,64.750,-36.750,980.70,980.24,17.25,4.89,75.28,75.28,8310.93,39283.70,30.40
920838,atl,64.250,-8.250,967.73,967.64,7.73,1.75,32.20,41.57,0.00,0.00,8.51
920838,atl,50.750,-55.500,982.63,981.82,21.29,4.66,53.61,54.17,0.00,34040.76,15.92
920838,atl,49.750,-58.250,982.79,980.80,22.53,6.15,54.17,54.17,0.00,12842.40,15.92
920838,pac,57.250,232.750,1001.30,999.46,11.70,5.13,30.32,32.94,0.00,0.00,50.28
920838,pac,50.000,199.000,968.53,968.13,13.78,3.26,38.58,39.78,0.00,0.00,4.39
920844,atl,65.250,-6.000,971.45,971.29,7.64,1.82,39.56,46.62,0.00,0.00,10.19
920844,atl,64.500,-38.250,987.03,986.07,12.81,4.17,42.05,42.05,0.00,0.00,18.83
920844,atl,58.000,-4.000,977.17,976.49,9.73,2.38,62.24,65.00,437.70,145487.72,5.58
920844,atl,53.000,-54.250,976.47,974.98,26.23,7.24,64.58,64.58,2439.45,154817.21,11.41
920844,pac,52.000,207.750,976.34,975.91,8.12,1.98,29.03,39.54,0.00,0.00,3.87
920844,pac,49.500,198.500,970.61,970.21,12.63,3.13,41.14,41.14,0.00,0.00,4.13
920844,pac,40.750,160.250,982.35,981.84,14.04,3.25,48.34,53.77,0.00,48640.80,4.47
920850,atl,65.250,-4.000,975.73,975.56,6.49,1.77,36.16,44.37,0.00,0.00,6.23
920850,atl,64.250,-39.750,986.67,985.76,9.23,2.54,38.20,38.20,0.00,0.00,12.12
920850,atl,61.500,-46.750,985.62,984.37,9.24,2.84,44.55,44.55,0.00,0.00,11.88
920850,atl,57.250,-43.500,984.13,983.25,9.42,2.22,51.37,59.27,0.00,57129.34,6.83
920850,atl,57.000,1.250,983.42,983.10,7.19,1.84,47.73,50.11,0.00,908.44,6.06
920850,atl,53.750,-51.750,981.10,980.25,21.07,6.24,67.02,67.02,10723.28,252949.78,10.22
920850,atl,44.000,9.000,1000.53,999.11,9.09,3.04,49.71,59.64,0.00,18801.14,12.21
920850,pac,52.500,205.750,975.71,975.35,8.89,2.16,43.30,45.46,0.00,0.00,4.07
920850,pac,49.000,199.250,973.62,973.28,10.62,2.63,40.00,40.00,0.00,0.00,3.81
920850,pac,40.750,163.000,982.78,982.34,12.43,2.97,48.53,54.12,0.00,34602.89,4.29
920856,atl,68.250,-13.000,981.94,981.53,6.85,2.32,49.15,56.19,0.00,20942.26,6.41
920856,atl,66.000,-2.250,979.40,979.22,4.61,1.59,38.42,38.59,0.00,0.00,5.21
920856,atl,60.750,-35.000,979.04,978.24,12.47,2.85,52.59,53.29,0.00,60444.56,5.20
920856,atl,43.500,9.750,996.15,995.37,12.52,3.04,61.73,61.73,0.00,78396.04,25.32
920856,pac,52.750,204.250,976.06,975.83,8.90,2.02,45.66,45.66,0.00,0.00,4.69
920856,pac,49.000,200.250,975.11,974.82,9.32,2.23,38.41,38.65,0.00,0.00,3.51
920856,pac,41.750,173.750,987.74,987.35,5.14,1.27,31.24,37.23,0.00,0.00,2.76
920856,pac,40.500,166.000,985.65,985.36,10.93,2.59,50.34,54.01,0.00,40596.88,3.61
920856,pac,37.500,181.250,990.11,989.43,6.39,1.67,43.33,43.33,0.00,0.00,3.92
920862,atl,62.500,-30.750,969.11,968.15,20.63,5.34,60.92,61.76,0.00,167771.72,7.44
920862,atl,56.750,7.750,989.74,989.26,7.39,2.18,42.98,42.98,0.00,0.00,3.93
920862,pac,52.500,202.750,976.33,976.12,9.33,1.98,40.70,43.24,0.00,0.00,4.33
920862,pac,49.500,202.000,976.44,976.27,9.00,1.85,37.68,39.27,0.00,0.00,3.60
920862,pac,41.500,178.000,985.80,985.37,5.36,1.30,32.57,41.10,0.00,0.00,2.61
920862,pac,40.000,169.500,985.82,985.51,9.69,2.34,52.69,54.84,0.00,61334.87,3.85
920862,pac,37.000,187.750,987.31,986.28,8.55,2.45,49.46,49.46,0.00,0.00,4.62
920868,atl,63.500,-36.000,981.59,981.23,11.73,2.65,49.57,68.00,3966.88,40493.26,13.83
920868,atl,63.000,-25.750,970.54,969.71,17.55,4.49,68.00,69.13,66764.26,259399.12,8.77
920868,atl,63.000,-17.750,973.34,972.46,12.03,2.73,63.80,69.46,57429.38,243750.76,8.77
920868,atl,56.750,10.000,994.17,993.96,6.19,1.81,37.63,37.63,0.00,0.00,3.75
920868,atl,53.500,-77.750,1002.05,1001.87,10.45,2.29,33.17,33.17,0.00,0.00,5.64
920868,pac,57.750,232.250,1003.40,1001.75,10.98,4.56,36.15,36.15,0.00,0.00,50.11
920868,pac,53.000,179.000,987.39,987.34,4.66,0.81,28.15,34.98,0.00,0.00,2.96
920868,pac,51.750,201.750,976.90,976.75,9.05,1.79,33.72,39.26,0.00,0.00,3.92
920868,pac,41.250,181.500,983.84,983.45,6.09,1.51,28.11,38.02,0.00,0.00,2.41
920868,pac,37.750,192.500,981.36,980.08,11.14,3.17,52.71,52.71,0.00,14758.78,5.05
920874,atl,63.500,-38.250,987.42,986.61,13.32,3.37,41.46,54.29,0.00,14110.77,16.59
920874,atl,62.500,-19.250,976.18,975.25,11.94,3.49,69.14,70.33,52771.31,336744.53,7.58
920874,atl,62.500,-6.000,966.85,965.97,16.13,4.13,63.39,69.47,19118.82,242795.70,6.49
920874,atl,58.000,-72.000,1003.88,1003.79,5.84,1.00,25.20,31.99,0.00,0.00,4.06
920874,atl,54.250,-75.000,1003.53,1003.15,8.25,1.97,29.21,35.33,0.00,0.00,4.68
920874,atl,39.750,-51.000,1004.56,1003.89,9.81,2.51,56.22,59.27,0.00,56038.26,7.82
920874,pac,57.750,232.500,1004.65,1003.61,10.45,4.28,33.73,34.33,0.00,0.00,42.29
920874,pac,53.000,178.750,986.90,986.86,5.28,0.83,30.39,41.07,0.00,0.00,3.39
920874,pac,51.750,204.250,978.58,978.39,9.12,1.69,35.10,35.45,0.00,0.00,3.86
920874,pac,49.750,230.750,1004.15,1003.85,5.79,1.92,35.67,35.67,0.00,0.00,8.12
920874,pac,41.250,183.250,983.21,982.78,6.31,1.65,28.01,36.13,0.00,0.00,2.72
920874,pac,38.500,196.250,978.99,978.00,12.05,3.55,51.39,51.39,0.00,4914.87,5.50
920880,atl,63.500,-39.250,988.21,986.89,16.32,4.56,46.76,57.50,0.00,52481.78,19.04
920880,atl,63.250,-29.000,990.66,990.55,5.40,1.19,44.45,50.41,0.00,5461.83,5.19
920880,atl,62.250,-1.250,962.53,961.92,19.65,5.33,73.73,73.73,49327.83,153261.21,9.82
920880,atl,59.750,-68.000,1004.81,1004.68,5.61,1.04,22.17,34.25,0.00,0.00,5.21
920880,atl,59.750,-63.000,1004.79,1004.57,6.59,1.58,34.25,34.25,0.00,0.00,5.21
920880,pac,52.500,179.500,987.18,987.13,5.39,0.84,30.94,37.44,0.00,0.00,3.68
920880,pac,52.000,203.000,980.87,980.78,6.98,1.15,27.43,33.24,0.00,0.00,3.17
920880,pac,41.250,184.500,984.05,983.67,6.64,1.92,31.18,31.36,0.00,0.00,3.62
920880,pac,40.000,200.250,973.82,973.33,14.15,3.90,52.67,52.67,0.00,25479.70,6.70
920886,atl,67.750,-8.750,974.10,973.66,10.91,2.74,46.35,48.29,0.00,0.00,6.93
920886,atl,64.000,-31.250,992.57,992.34,6.59,1.19,41.24,53.79,0.00,27380.53,10.95
920886,atl,63.250,-39.250,990.44,989.38,16.05,4.44,47.43,58.50,0.00,64404.18,19.40
920886,atl,62.000,-62.500,1001.98,1001.56,9.46,2.40,37.86,39.63,0.00,0.00,5.60
920886,atl,60.750,3.750,965.71,965.43,16.19,4.39,61.55,63.51,0.00,180856.97,7.40
920886,atl,46.000,-44.500,1004.00,1003.57,10.68,2.84,43.74,52.65,0.00,506.98,4.99
920886,pac,54.000,205.250,983.06,982.94,7.37,1.47,33.22,40.56,0.00,0.00,6.68
920886,pac,52.250,180.750,987.19,987.13,5.43,0.87,28.44,42.68,0.00,0.00,4.15
920886,pac,51.500,201.750,983.28,983.24,4.22,0.79,23.92,31.31,0.00,0.00,2.92
920886,pac,41.500,202.750,972.80,972.54,14.09,3.72,50.59,50.59,0.00,4152.48,5.87
920886,pac,40.500,185.750,985.59,985.26,6.69,1.86,39.86,39.86,0.00,0.00,4.59
920892,atl,66.500,-5.750,976.06,975.69,8.95,2.17,46.11,47.18,0.00,0.00,10.26
920892,atl,64.250,-30.750,998.21,997.94,5.59,1.19,33.90,46.51,0.00,0.00,8.41
920892,atl,64.000,8.250,972.15,971.89,7.53,2.24,35.27,45.64,0.00,0.00,6.59
920892,atl,63.500,-62.000,998.72,998.20,13.84,3.76,44.93,44.93,0.00,0.00,11.80
920892,atl,63.000,-38.000,998.01,997.56,11.58,2.63,39.54,53.56,0.00,12117.75,16.76
920892,atl,59.250,7.250,971.61,970.93,10.70,2.44,56.69,57.74,0.00,108007.78,6.33
920892,atl,48.500,-42.500,1002.98,1002.25,13.21,3.54,45.28,45.28,0.00,0.00,5.67
920892,atl,42.750,-67.000,1001.29,1000.75,10.77,2.45,47.62,47.62,0.00,0.00,5.32
920892,pac,55.250,205.000,984.72,984.58,6.89,1.53,38.53,38.75,0.00,0.00,6.93
920892,pac,52.250,182.250,986.82,986.76,5.28,0.82,25.63,42.10,0.00,0.00,4.11
920892,pac,43.500,205.750,970.40,970.13,14.02,3.00,47.17,47.17,0.00,0.00,5.15
920898,atl,65.000,-2.000,978.50,978.09,8.15,1.87,40.64,51.19,0.00,1297.17,5.62
920898,atl,64.500,-31.500,1004.14,1003.84,4.65,0.97,22.92,36.29,0.00,0.00,11.38
920898,atl,64.250,-62.750,998.34,997.49,14.05,3.70,47.30,47.30,0.00,0.00,16.57
920898,atl,64.250,8.750,974.95,974.69,6.39,2.01,31.09,36.57,0.00,0.00,6.22
920898,atl,63.000,-36.500,1004.08,1003.85,8.03,1.62,30.00,43.76,0.00,0.00,13.62
920898,atl,50.500,-39.750,1003.91,1003.27,12.22,3.20,44.17,44.17,0.00,0.00,5.26
920898,atl,44.750,-66.000,990.41,989.35,18.99,5.44,52.84,55.20,0.00,22191.42,9.52
920898,pac,52.250,183.250,986.68,986.64,5.18,0.84,27.75,39.86,0.00,0.00,3.80
920898,pac,45.250,207.000,968.96,968.67,14.05,2.95,41.37,45.54,0.00,0.00,4.93
920904,atl,66.750,-67.250,1004.03,1002.78,10.26,2.94,41.50,41.50,0.00,0.00,18.11
920904,atl,65.000,-63.000,1002.98,1002.21,9.82,2.39,41.50,41.50,0.00,0.00,18.11
920904,atl,64.500,9.000,978.08,977.87,6.44,1.86,24.90,37.75,0.00,0.00,4.53
920904,atl,46.500,-64.000,987.21,986.22,22.02,6.21,57.17,57.17,0.00,30837.73,9.18
920904,pac,63.250,209.000,1000.19,997.08,5.15,2.46,31.32,36.72,0.00,0.00,35.89
920904,pac,53.000,184.250,987.55,987.54,4.63,0.72,30.84,35.47,0.00,0.00,3.06
920904,pac,46.500,208.000,966.90,966.56,13.62,2.94,40.77,44.14,0.00,0.00,4.71
920910,atl,64.250,9.250,981.74,981.43,6.22,1.90,27.33,43.28,0.00,0.00,5.27
920910,atl,48.250,-62.750,987.31,986.89,20.41,5.19,52.48,52.48,0.00,2103.17,8.74
920910,pac,53.000,185.750,988.39,988.37,4.13,0.61,27.38,34.16,0.00,0.00,3.33
920910,pac,47.500,209.750,967.73,967.50,12.46,2.45,42.07,44.95,0.00,0.00,5.28
920910,pac,43.250,160.500,976.32,975.09,15.78,4.41,48.24,50.27,0.00,569.75,7.30
920910,pac,38.250,204.750,987.65,987.54,4.31,1.01,42.90,43.26,0.00,0.00,3.00
920916,atl,63.750,9.750,986.90,986.48,4.90,1.57,34.50,45.52,0.00,0.00,4.97
920916,atl,50.000,-61.000,991.66,991.21,15.67,3.52,42.14,42.14,0.00,0.00,8.03
920916,atl,40.500,-55.000,1004.59,1004.24,4.07,1.29,36.27,37.24,0.00,0.00,3.48
920916,pac,51.750,212.000,962.99,962.43,17.47,3.93,47.05,47.84,0.00,0.00,5.94
920916,pac,43.500,161.250,972.26,971.33,16.89,4.65,56.72,56.72,0.00,61478.57,7.78
920922,atl,56.250,-59.250,993.34,992.71,16.24,4.27,54.52,54.52,0.00,9674.48,10.46
920922,atl,51.500,-59.500,992.85,992.25,12.43,3.02,39.34,42.49,0.00,0.00,9.42
920922,atl,37.250,-62.250,1001.96,1001.81,5.61,1.25,34.95,39.33,0.00,0.00,3.01
920922,pac,52.750,211.250,961.59,961.00,17.65,3.95,34.46,48.41,0.00,0.00,5.00
920922,pac,43.000,162.250,967.67,967.02,17.48,4.43,58.60,58.60,0.00,161808.43,7.99
920928,atl,59.250,-59.500,990.69,989.81,18.85,5.14,62.42,62.42,0.00,67826.76,14.56
920928,atl,53.000,-57.500,995.87,995.21,9.47,2.35,40.37,54.58,0.00,3790.73,8.00
920928,atl,38.500,-59.250,998.20,997.86,8.67,1.99,51.31,51.31,0.00,2998.47,5.66
920928,pac,59.250,169.500,996.56,995.72,9.92,3.29,45.06,45.06,0.00,0.00,11.15
920928,pac,54.000,211.500,962.89,962.46,16.92,3.76,43.92,44.40,0.00,0.00,5.75
920928,pac,43.250,172.000,970.32,970.00,7.79,1.09,33.88,53.99,0.00,18605.55,5.13
920928,pac,41.750,164.500,966.61,966.10,15.31,3.45,62.68,62.68,0.00,260617.56,7.57
920934,atl,61.500,-60.750,983.87,983.11,23.15,6.03,58.76,66.15,4725.19,127316.22,15.46
920934,atl,40.500,-55.750,989.13,988.32,14.78,3.92,62.89,62.89,0.00,75141.09,9.77
920934,atl,35.000,-40.500,1003.98,1003.49,4.82,1.37,39.16,39.16,0.00,0.00,2.73
920934,pac,65.000,227.500,998.23,996.38,8.39,2.89,23.75,25.44,0.00,0.00,18.03
920934,pac,63.250,233.000,1002.50,1001.27,7.35,3.03,19.09,23.75,0.00,0.00,21.23
920934,pac,59.000,169.250,994.67,993.78,10.93,3.62,46.72,46.72,0.00,0.00,11.84
920934,pac,55.750,211.250,966.70,966.21,16.43,3.71,41.96,48.49,0.00,0.00,7.26
920934,pac,46.250,174.000,962.45,962.06,14.18,2.78,52.00,55.45,0.00,27143.96,6.77
920934,pac,42.000,169.750,965.15,965.05,9.76,1.37,52.29,66.29,15117.21,140837.14,6.07
920940,atl,62.500,-62.250,977.98,976.42,26.10,7.17,66.46,66.46,2809.63,124509.06,19.07
920940,atl,42.750,-52.500,983.31,982.66,17.75,5.00,64.24,64.24,1706.91,167763.81,10.17
920940,pac,65.000,228.000,998.09,996.08,6.82,1.97,25.91,25.91,0.00,0.00,19.21
920940,pac,64.000,233.500,998.70,995.59,8.44,3.19,23.33,25.91,0.00,0.00,19.21
920940,pac,59.250,169.250,993.38,992.42,11.96,4.00,52.06,52.06,0.00,1150.38,14.08
920940,pac,56.750,210.250,969.66,969.19,15.78,3.97,38.28,43.35,0.00,0.00,7.34
920940,pac,47.250,173.500,955.19,954.56,17.88,3.93,54.43,56.19,0.00,179896.88,7.47
920940,pac,36.750,218.750,996.32,995.85,4.40,1.07,36.71,46.58,0.00,0.00,2.68
920946,atl,66.750,-57.750,986.99,986.16,15.52,3.38,59.96,61.46,0.00,58194.17,21.97
920946,atl,63.250,-62.500,980.57,979.21,21.11,6.24,61.46,61.46,0.00,88461.29,21.97
920946,atl,45.250,-51.250,978.03,977.39,20.64,5.78,64.83,64.83,2199.98,166433.91,12.07
920946,pac,65.000,227.750,997.40,995.16,5.67,1.95,24.43,24.43,0.00,0.00,15.84
920946,pac,63.000,234.750,997.63,996.40,7.52,3.01,23.11,24.43,0.00,0.00,17.98
920946,pac,59.250,169.000,992.92,992.13,11.08,3.64,53.86,53.86,0.00,1533.84,14.88
920946,pac,57.500,209.500,973.32,972.87,13.85,3.69,38.42,44.74,0.00,0.00,7.56
920946,pac,46.750,172.750,950.20,949.45,19.59,4.97,60.03,60.03,0.00,237817.84,9.03
920946,pac,38.500,187.750,974.02,972.09,11.58,3.66,68.97,68.97,5449.23,145505.54,8.61
920946,pac,38.500,220.500,994.63,993.97,6.80,1.76,34.93,43.49,0.00,0.00,3.50
920952,atl,66.750,-69.500,993.48,992.70,9.54,3.32,40.93,49.81,0.00,0.00,14.73
920952,atl,65.000,9.000,999.97,999.64,7.14,2.25,52.87,52.87,0.00,10897.66,6.42
920952,atl,64.500,-61.750,990.76,988.99,12.19,4.03,51.98,51.98,0.00,3363.32,14.73
920952,atl,63.750,-48.500,1004.70,1004.05,4.88,2.75,57.59,57.59,0.00,31554.08,17.29
920952,atl,46.500,-49.750,977.62,976.84,20.88,5.76,65.48,65.48,4255.45,206953.76,10.80
920952,atl,38.500,-73.500,998.96,998.20,12.36,3.01,53.85,53.85,0.00,38813.81,6.07
920952,pac,65.000,227.500,996.91,995.18,5.99,1.93,21.72,21.72,0.00,0.00,16.14
920952,pac,62.750,234.500,998.50,997.44,5.32,1.93,18.83,22.20,0.00,0.00,16.14
920952,pac,58.000,209.000,978.29,977.73,11.59,3.11,33.77,33.77,0.00,0.00,9.90
920952,pac,45.750,174.250,948.81,948.08,18.45,4.76,63.69,63.69,0.00,242449.39,9.30
920952,pac,41.750,190.500,966.45,963.53,14.91,5.08,63.12,63.12,0.00,90450.97,14.15
920952,pac,40.250,222.250,994.67,994.20,6.57,1.61,34.58,39.21,0.00,0.00,3.47
920958,atl,67.000,-70.750,997.37,997.10,5.67,1.92,28.59,43.40,0.00,0.00,8.88
920958,atl,46.750,-48.000,980.91,979.54,17.43,5.05,63.21,63.21,0.00,293843.69,12.07
920958,atl,40.000,-71.500,989.58,988.56,20.00,4.98,59.48,60.21,0.00,136479.45,9.65
920958,pac,64.750,221.750,995.61,993.94,5.40,1.67,17.50,25.95,0.00,0.00,17.72
920958,pac,64.750,227.500,996.45,994.80,7.83,2.56,17.83,23.25,0.00,0.00,18.21
920958,pac,62.750,233.500,997.73,996.53,7.06,2.64,15.32,30.29,0.00,0.00,18.21
920958,pac,58.250,208.750,983.14,982.54,10.05,2.63,31.01,32.32,0.00,0.00,11.25
920958,pac,57.750,237.500,999.85,998.41,5.45,1.95,36.92,36.92,0.00,0.00,14.89
920958,pac,45.500,177.000,950.15,949.44,16.14,4.10,63.09,63.09,0.00,244678.84,7.29
920958,pac,45.500,224.750,995.20,994.88,7.66,1.71,37.84,39.84,0.00,0.00,3.50
920958,pac,45.000,191.500,965.64,964.35,13.11,4.28,58.83,58.83,0.00,44322.25,7.67
920964,atl,63.250,-48.750,987.80,987.17,14.62,4.92,70.14,70.14,48476.58,141155.18,19.67
920964,atl,59.000,-48.000,988.31,988.06,11.74,2.73,56.13,68.74,7343.36,40016.29,19.67
920964,atl,50.750,-42.500,986.28,986.10,10.49,1.87,51.54,54.12,0.00,41130.89,5.59
920964,atl,46.500,-45.750,985.64,984.53,14.08,4.22,59.48,59.48,0.00,204263.25,8.23
920964,atl,40.500,-70.250,984.58,983.72,22.26,5.37,66.18,66.18,3432.09,207428.52,11.09
920964,pac,65.250,220.250,998.04,996.88,5.53,1.65,20.78,25.66,0.00,0.00,16.32
920964,pac,64.750,227.500,998.32,996.66,8.81,2.74,19.13,23.60,0.00,0.00,19.48
920964,pac,62.750,233.750,999.19,997.92,8.44,3.09,22.40,24.05,0.00,0.00,19.48
920964,pac,58.250,208.250,987.97,987.46,7.67,1.87,29.37,29.37,0.00,0.00,11.25
920964,pac,49.250,173.000,956.34,956.14,12.79,2.39,62.82,64.97,10998.02,315799.21,7.50
920964,pac,49.250,226.000,995.35,995.13,7.94,1.73,37.70,44.93,0.00,0.00,4.99
920964,pac,47.000,190.250,964.03,963.23,11.31,3.30,54.30,54.30,0.00,24038.25,6.73
920964,pac,46.250,179.000,953.64,953.09,13.70,3.24,57.65,58.44,0.00,188706.37,5.85
920970,atl,66.000,-49.250,984.67,984.14,14.88,4.69,70.21,70.21,34351.29,178115.41,16.19
920970,atl,53.750,-43.500,987.23,986.95,12.73,2.93,49.41,49.77,0.00,0.00,5.58
920970,atl,48.250,-36.750,993.00,992.52,7.37,1.72,45.92,48.34,0.00,0.00,4.60
920970,atl,45.750,-43.250,991.15,990.42,11.82,3.67,59.13,59.13,0.00,122299.35,6.92
920970,atl,40.250,-68.500,980.60,979.86,20.56,4.91,69.35,70.04,69046.01,338158.60,10.32
920970,pac,65.250,220.250,1000.00,998.33,5.47,1.68,22.55,28.24,0.00,0.00,15.86
920970,pac,64.750,228.750,1000.62,998.98,9.18,3.08,20.99,25.67,0.00,0.00,19.57
920970,pac,64.250,213.750,997.20,995.18,4.63,1.74,28.24,32.30,0.00,0.00,14.27
920970,pac,62.750,233.750,1001.22,999.73,8.69,3.23,18.09,23.93,0.00,0.00,19.57
920970,pac,58.000,207.750,990.39,989.90,5.87,1.37,27.04,32.30,0.00,0.00,10.36
920970,pac,53.500,227.750,994.09,993.73,9.32,2.59,46.19,46.19,0.00,0.00,8.16
920970,pac,49.250,187.250,962.89,962.24,9.90,2.78,56.94,56.94,0.00,62368.80,6.00
920970,pac,47.250,180.000,955.62,955.12,12.94,2.84,49.22,56.31,0.00,144919.31,5.82
920970,pac,43.750,202.250,978.69,978.21,7.97,2.19,47.19,49.77,0.00,0.00,4.70
920970,pac,34.000,227.750,1004.84,1004.48,5.79,1.37,38.81,38.81,0.00,0.00,2.98
920976,atl,65.000,-47.250,983.34,982.90,14.36,4.99,62.27,62.27,0.00,128077.45,18.10
920976,atl,59.250,-76.750,992.03,991.88,10.65,2.27,29.66,36.12,0.00,0.00,4.71
920976,atl,50.000,-37.500,997.54,996.75,8.88,2.29,42.24,47.10,0.00,0.00,4.47
920976,atl,44.500,-40.750,1000.14,999.67,8.43,2.65,56.38,56.38,0.00,19048.91,4.98
920976,atl,43.000,-62.000,980.62,980.09,19.88,3.99,64.73,65.29,6248.47,280922.32,8.82
920976,atl,40.500,-65.750,978.76,978.02,19.85,4.88,65.29,65.29,6289.46,423694.61,8.80
920976,pac,65.250,220.250,1000.29,998.93,5.70,1.68,15.31,21.65,0.00,0.00,15.87
920976,pac,64.750,227.750,1001.04,999.79,8.19,2.57,18.61,23.87,0.00,0.00,20.35
920976,pac,64.250,214.500,998.49,997.29,4.25,1.54,18.85,24.69,0.00,0.00,13.08
920976,pac,62.750,233.750,1001.75,1000.55,7.90,2.91,16.31,22.75,0.00,0.00,20.35
920976,pac,55.250,227.750,994.59,994.25,7.30,1.92,46.05,50.17,0.00,456.95,8.64
920976,pac,48.250,180.250,957.18,956.82,13.19,2.61,52.02,53.66,0.00,94267.35,5.59
920976,pac,45.750,203.500,974.69,974.21,10.01,2.69,41.93,49.70,0.00,0.00,4.70
920976,pac,33.750,228.750,1004.05,1003.77,5.73,1.28,30.38,33.50,0.00,0.00,2.49
920982,atl,62.750,-41.000,990.72,990.29,13.04,2.77,52.19,65.70,2113.62,99716.95,18.08
920982,atl,59.250,-73.250,992.62,992.45,9.46,1.92,25.58,33.66,0.00,0.00,4.22
920982,atl,51.500,-39.000,1002.74,1002.20,8.73,2.47,32.16,42.31,0.00,0.00,3.65
920982,atl,41.750,-62.250,976.24,975.62,18.56,4.09,59.11,59.24,0.00,340130.82,10.12
920982,pac,64.750,221.500,999.53,998.18,5.62,1.65,11.88,16.98,0.00,0.00,16.18
920982,pac,64.750,227.500,999.85,998.51,8.65,2.66,19.02,23.96,0.00,0.00,18.75
920982,pac,64.500,215.750,998.16,997.29,5.43,1.65,16.11,17.29,0.00,0.00,14.45
920982,pac,58.000,231.000,995.97,995.46,6.58,1.66,27.19,31.59,0.00,0.00,15.16
920982,pac,49.000,179.750,958.93,958.63,12.49,2.41,46.57,50.53,0.00,924.73,5.60
920982,pac,47.750,203.500,974.17,973.57,10.62,2.79,41.35,43.94,0.00,0.00,4.69
920988,atl,62.000,-61.500,1000.13,999.47,4.90,1.35,42.97,42.97,0.00,0.00,4.74
920988,atl,60.750,-68.500,997.14,997.08,6.83,1.55,30.57,42.09,0.00,0.00,4.31
920988,atl,43.250,-59.750,975.32,974.67,17.71,3.67,53.48,58.81,0.00,56171.68,9.16
920988,pac,64.500,215.750,999.70,998.77,5.84,1.65,14.47,15.80,0.00,0.00,15.54
920988,pac,64.500,221.750,1000.93,999.65,5.46,1.50,11.04,16.28,0.00,0.00,17.31
920988,pac,64.250,229.250,1000.25,999.41,9.36,2.98,19.53,25.38,0.00,0.00,19.82
920988,pac,61.500,231.750,998.84,998.40,7.56,2.16,19.32,27.99,0.00,0.00,19.82
920988,pac,57.750,236.000,996.08,994.04,9.26,2.25,27.99,46.09,0.00,0.00,16.47
920988,pac,49.500,178.500,961.18,960.92,11.78,2.10,50.67,53.36,0.00,36621.96,5.12
920988,pac,49.500,202.000,971.66,971.10,12.96,3.49,40.21,41.59,0.00,0.00,5.06
920988,pac,45.750,212.500,985.08,984.59,7.53,2.19,50.04,50.04,0.00,536.81,5.53
920988,pac,39.250,205.250,986.06,985.74,5.49,1.51,46.13,46.13,0.00,0.00,3.20
920988,pac,34.000,228.500,1004.69,1004.41,5.10,1.24,27.09,29.20,0.00,0.00,2.10
920994,atl,64.250,-60.250,1002.16,1001.66,7.29,1.91,45.99,45.99,0.00,0.00,8.19
920994,atl,61.500,-68.000,1001.32,1001.18,4.83,1.39,25.47,37.00,0.00,0.00,3.51
920994,atl,45.250,-58.500,971.89,971.19,17.82,4.25,53.20,53.20,0.00,27576.12,8.06
920994,pac,64.500,215.750,1002.77,1001.87,5.66,1.73,18.55,18.55,0.00,0.00,14.82
920994,pac,64.250,223.750,1004.38,1003.08,5.99,1.71,9.87,19.25,0.00,0.00,15.66
920994,pac,64.000,229.500,1002.97,1002.17,9.35,3.19,14.73,23.26,0.00,0.00,15.66
920994,pac,62.250,233.000,1001.94,1000.87,8.88,3.11,15.64,29.18,0.00,0.00,15.66
920994,pac,51.250,200.250,970.88,970.21,14.68,4.11,42.44,43.35,0.00,0.00,5.10
920994,pac,49.750,177.000,961.70,961.46,12.22,2.27,50.96,55.25,0.00,54820.37,5.05
920994,pac,48.500,212.250,985.71,985.30,7.53,2.15,50.92,50.92,0.00,993.45,5.07
920994,pac,40.250,209.000,985.92,985.59,7.20,1.96,46.66,46.66,0.00,0.00,3.62
921000,atl,67.750,-60.500,1003.46,1002.63,10.66,3.23,49.95,49.95,0.00,0.00,10.86
921000,atl,46.750,-57.500,971.12,970.30,16.65,4.48,52.74,52.74,0.00,8493.81,8.48
921000,pac,52.500,197.750,971.72,971.13,14.46,3.88,50.28,52.05,0.00,1761.90,6.75
921000,pac,51.000,211.250,987.20,986.81,7.53,2.22,48.57,48.57,0.00,0.00,5.26
921000,pac,50.000,177.500,963.21,962.99,13.15,2.66,50.87,53.27,0.00,42641.88,5.31
921000,pac,41.500,211.750,982.72,982.24,10.63,3.00,47.09,50.08,0.00,1215.82,4.20
921006,atl,51.000,-57.500,970.65,970.26,15.32,3.05,35.22,50.14,0.00,524.56,9.15
921006,pac,53.500,195.250,971.68,971.14,15.36,4.14,48.26,48.26,0.00,0.00,7.25
921006,pac,53.500,210.000,990.72,990.51,7.38,2.15,42.15,42.15,0.00,0.00,4.90
921006,pac,50.250,177.250,966.72,966.51,12.33,2.59,48.84,50.35,0.00,2060.80,4.85
921006,pac,42.000,213.250,983.12,982.71,12.27,3.37,49.46,50.97,0.00,6077.02,5.66
921012,atl,57.000,-58.500,972.50,972.21,17.85,3.78,62.31,62.31,0.00,79851.04,9.90
921012,atl,52.750,-56.750,971.81,971.08,13.54,2.73,44.37,55.19,0.00,4691.70,7.58
921012,atl,42.500,-44.250,996.33,995.49,7.55,2.05,52.73,52.90,0.00,24910.79,5.37
921012,pac,55.750,207.500,994.99,994.81,5.56,1.59,40.39,40.39,0.00,0.00,8.02
921012,pac,54.750,192.000,972.90,972.59,15.20,3.88,43.10,43.93,0.00,0.00,7.04
921012,pac,50.750,176.750,971.77,971.58,10.65,2.23,43.78,47.20,0.00,0.00,3.99
921012,pac,41.750,216.000,982.81,982.37,13.23,3.32,57.75,57.75,0.00,67451.87,6.10
921018,atl,58.750,-59.500,969.30,968.96,19.53,4.10,71.21,71.21,7244.75,133638.25,12.64
921018,atl,42.500,-42.000,1000.14,999.63,7.14,1.80,50.38,51.19,0.00,4867.14,6.75
921018,atl,39.000,-43.500,1000.66,1000.06,5.86,1.37,46.14,47.40,0.00,0.00,5.01
921018,pac,55.250,189.000,972.47,972.13,15.60,3.84,46.30,46.30,0.00,0.00,6.00
921018,pac,52.000,161.750,979.20,978.73,9.35,2.24,41.26,46.93,0.00,0.00,13.54
921018,pac,50.750,176.500,975.30,975.13,8.59,1.92,41.10,41.10,0.00,0.00,3.72
921018,pac,43.000,161.750,974.25,973.83,14.48,3.21,66.35,73.78,54471.89,170569.77,11.05
921018,pac,41.750,218.750,984.64,984.24,12.51,3.12,55.05,55.05,0.00,39923.99,5.66
921024,atl,61.750,-60.750,971.07,970.70,20.55,4.56,60.32,61.03,0.00,122298.83,17.79
921024,atl,45.500,-40.750,1002.13,1001.18,9.18,2.69,54.04,56.53,0.00,17579.32,6.61
921024,atl,42.500,-57.250,995.16,995.00,7.65,1.79,44.59,45.10,0.00,0.00,3.46
921024,atl,42.000,-41.250,1001.57,1000.41,8.38,2.20,56.53,56.53,0.00,12319.05,6.56
921024,pac,56.000,186.500,973.94,973.54,15.94,4.17,53.80,53.80,0.00,6296.06,8.14
921024,pac,51.750,160.250,980.01,979.23,9.65,2.94,45.50,45.50,0.00,0.00,11.49
921024,pac,51.250,177.750,978.08,977.99,5.97,1.36,37.29,37.29,0.00,0.00,3.56
921024,pac,43.500,165.750,971.12,970.37,15.66,3.72,60.33,70.30,20778.50,137914.88,9.22
921024,pac,42.250,221.250,985.20,984.83,10.85,2.73,49.71,51.50,0.00,2983.58,4.02
921030,atl,68.250,-52.000,986.35,985.52,12.39,2.86,62.24,69.15,20064.37,306953.92,20.81
921030,atl,67.750,-57.750,982.42,981.96,11.67,2.69,54.78,64.70,314.31,114728.34,19.42
921030,atl,66.750,-67.250,986.22,985.16,7.98,2.86,54.57,54.78,0.00,6209.08,19.42
921030,atl,63.000,-61.250,974.61,974.09,19.18,4.96,50.01,57.90,0.00,76902.82,19.42
921030,atl,50.500,-57.750,998.24,997.96,4.08,0.93,24.98,44.04,0.00,0.00,6.21
921030,atl,46.250,-40.000,1002.53,1001.46,9.51,2.62,64.73,64.73,539.23,63964.85,7.95
921030,atl,45.750,-55.000,992.73,992.20,10.40,3.26,49.59,49.59,0.00,0.00,6.74
921030,pac,57.250,182.000,976.70,976.45,15.98,3.96,56.58,56.58,0.00,35141.55,7.34
921030,pac,49.750,219.750,990.30,990.13,5.21,0.94,21.92,28.67,0.00,0.00,2.78
921030,pac,46.250,218.250,989.22,989.07,5.56,1.20,38.59,43.42,0.00,0.00,3.46
921030,pac,44.500,170.750,969.54,969.16,13.27,2.51,56.74,73.13,12138.13,99220.28,9.33
921030,pac,42.750,223.750,988.63,988.33,9.31,2.37,48.37,49.61,0.00,0.00,3.99
921036,atl,66.750,-66.250,991.56,990.15,6.44,1.80,42.08,52.67,0.00,11079.00,13.35
921036,atl,64.250,-61.250,985.87,984.81,14.05,4.28,54.85,63.81,0.00,70752.81,13.35
921036,atl,57.250,-60.000,998.91,998.59,4.91,1.60,32.62,39.97,0.00,0.00,7.92
921036,atl,52.000,-41.750,1002.40,1001.83,10.71,2.98,56.84,56.84,0.00,109458.70,6.10
921036,atl,48.000,-54.250,992.30,991.43,13.55,3.98,47.28,47.28,0.00,0.00,8.84
921036,atl,39.250,-78.750,1002.19,1001.81,6.10,1.22,31.42,38.44,0.00,0.00,5.30
921036,pac,57.500,176.500,978.29,977.76,15.24,3.55,52.09,56.94,0.00,38045.74,9.39
921036,pac,51.500,217.000,989.12,989.02,6.25,1.20,25.62,31.15,0.00,0.00,3.26
921036,pac,47.000,218.750,988.50,988.26,5.42,1.37,32.30,35.68,0.00,0.00,3.08
921036,pac,46.000,173.750,965.59,964.85,15.59,4.01,47.69,59.61,0.00,20940.31,6.78
921036,pac,43.750,225.750,990.57,990.31,7.94,1.97,41.10,41.27,0.00,0.00,3.53
921036,pac,40.250,214.000,995.50,994.91,4.49,1.36,39.96,42.04,0.00,0.00,2.69
921042,atl,68.500,-57.500,999.00,998.88,5.38,1.57,47.83,47.83,0.00,0.00,13.69
921042,atl,66.750,-66.000,996.97,994.57,6.33,1.78,36.83,47.66,0.00,0.00,13.69
921042,atl,65.250,-61.500,995.69,994.35,8.10,2.48,47.66,47.83,0.00,0.00,13.69
921042,atl,58.500,-60.250,999.22,998.88,5.50,1.97,25.25,35.40,0.00,0.00,5.79
921042,atl,57.500,-44.000,999.21,998.68,12.04,3.35,54.33,54.33,0.00,82059.75,14.62
921042,atl,50.500,-53.000,989.59,988.85,15.65,4.48,58.40,58.40,0.00,10467.22,9.52
921042,atl,40.500,-71.500,1002.54,1002.33,7.45,1.60,33.51,38.42,0.00,0.00,6.21
921042,atl,38.750,-77.500,1003.77,1003.62,5.39,0.88,28.03,39.48,0.00,0.00,5.37
921042,pac,57.500,172.250,980.18,979.84,13.79,3.12,60.36,61.38,0.00,33352.45,15.52
921042,pac,52.000,214.250,987.91,987.83,7.76,1.46,27.02,38.37,0.00,0.00,3.44
921042,pac,47.750,219.500,988.93,988.63,4.97,1.30,30.70,30.91,0.00,0.00,2.83
921042,pac,45.500,174.750,967.73,967.27,14.62,3.43,58.03,62.76,0.00,121551.43,8.56
921042,pac,45.250,227.500,993.27,993.08,6.91,1.72,36.42,36.58,0.00,0.00,3.68
921042,pac,41.000,218.000,994.06,993.33,5.52,1.85,38.93,41.56,0.00,0.00,3.78
921048,atl,67.750,-72.000,1002.19,1001.79,4.02,1.24,19.49,25.87,0.00,0.00,11.25
921048,atl,63.500,-48.250,996.26,995.74,11.70,3.82,62.40,62.40,0.00,52995.85,12.87
921048,atl,58.000,-60.500,999.26,998.75,5.39,1.76,37.99,39.65,0.00,0.00,7.81
921048,atl,54.250,-52.500,987.56,987.08,17.63,4.98,53.92,53.92,0.00,25961.64,9.95
921048,atl,40.250,-69.000,1002.54,1002.40,8.79,1.57,41.52,43.02,0.00,0.00,6.36
921048,pac,57.500,167.750,984.18,984.01,10.99,2.66,50.08,53.65,0.00,2306.58,12.43
921048,pac,56.750,237.500,1004.67,1003.71,4.86,1.40,20.71,20.71,0.00,0.00,12.74
921048,pac,51.750,213.000,985.94,985.81,8.72,1.69,32.67,39.97,0.00,0.00,3.66
921048,pac,48.750,220.250,988.52,988.25,4.27,0.94,28.77,32.62,0.00,0.00,2.70
921048,pac,47.750,178.500,969.42,969.28,13.42,2.33,46.17,58.80,0.00,36802.60,6.27
921048,pac,42.250,221.250,992.74,992.16,5.07,1.61,36.91,43.20,0.00,0.00,3.52
921048,pac,33.750,164.750,985.81,984.12,15.63,4.72,66.67,66.67,1283.19,161042.61,12.58
921054,atl,57.500,-54.500,981.77,981.01,22.12,5.81,53.97,53.97,0.00,24911.23,11.54
921054,atl,39.500,-64.750,999.27,998.78,10.61,1.67,51.03,51.10,0.00,12025.90,7.72
921054,pac,57.750,164.250,987.94,987.58,8.85,2.13,48.55,52.32,0.00,2306.61,7.39
921054,pac,55.250,239.250,1001.77,1001.25,7.02,2.10,22.01,24.72,0.00,0.00,21.93
921054,pac,52.250,160.000,987.53,987.26,5.52,1.74,39.06,39.06,0.00,0.00,6.55
921054,pac,51.250,212.500,986.42,986.23,8.42,1.84,37.25,41.26,0.00,0.00,3.81
921054,pac,47.750,177.500,972.08,971.91,12.05,2.47,48.14,49.89,0.00,0.00,4.53
921054,pac,44.000,224.000,993.99,993.64,4.37,1.22,37.97,38.75,0.00,0.00,3.67
921054,pac,34.500,170.500,979.48,977.23,19.14,6.39,89.30,89.30,40462.86,223298.06,18.01
921060,atl,58.500,-55.750,974.85,973.50,28.13,8.12,64.13,64.13,406.64,158640.67,16.66
921060,atl,40.250,-61.750,998.61,998.27,12.27,2.42,52.88,52.88,0.00,45347.33,8.07
921060,pac,52.250,160.500,989.40,989.09,6.15,1.98,39.02,39.02,0.00,0.00,8.28
921060,pac,51.250,213.000,987.08,986.89,7.42,1.80,43.68,43.68,0.00,0.00,3.62
921060,pac,48.250,180.500,973.44,973.35,10.44,1.43,35.09,48.44,0.00,0.00,4.39
921060,pac,43.000,225.500,992.65,992.50,7.09,1.78,37.34,41.91,0.00,0.00,3.91
921060,pac,39.000,224.000,992.66,992.47,9.74,2.09,46.80,46.80,0.00,0.00,4.42
921060,pac,36.250,178.000,976.95,975.80,17.11,4.18,80.10,88.39,72811.09,222906.35,12.63
921066,atl,65.000,-50.250,989.04,988.71,8.40,1.64,58.63,71.64,8245.12,146654.20,11.94
921066,atl,60.000,-54.250,974.62,973.06,26.99,8.50,72.08,72.08,43812.00,341963.62,16.18
921066,atl,41.750,-58.250,997.45,996.78,13.68,2.69,54.49,54.49,0.00,56299.17,7.92
921066,pac,56.250,216.500,990.72,990.49,6.34,1.17,34.52,41.10,0.00,0.00,19.95
921066,pac,52.250,160.750,991.34,991.01,6.24,2.03,36.01,36.01,0.00,0.00,8.22
921066,pac,51.500,213.750,989.21,989.07,6.24,1.50,41.88,44.18,0.00,0.00,3.46
921066,pac,48.500,179.500,973.42,973.31,10.42,1.54,35.39,47.37,0.00,0.00,4.11
921066,pac,41.750,227.250,993.07,992.94,9.88,2.19,45.56,52.42,0.00,7901.57,4.44
921066,pac,37.750,183.500,971.23,970.65,19.08,4.75,75.69,75.69,96036.51,300368.89,11.71
921072,atl,67.500,-47.250,985.84,985.49,12.01,3.30,53.09,74.52,14375.97,70496.01,23.24
921072,atl,64.000,-58.000,983.38,982.51,16.45,4.19,79.32,83.43,32690.89,163523.69,13.87
921072,atl,62.500,-53.000,981.78,980.34,18.79,6.64,83.43,83.43,32690.89,197307.47,23.24
921072,atl,44.750,-55.000,998.06,997.80,16.99,3.93,54.84,54.84,0.00,16156.92,8.25
921072,atl,41.750,-56.250,998.40,997.90,12.58,2.55,48.65,54.01,0.00,6523.56,7.61
921072,pac,56.500,214.500,991.59,991.42,5.16,0.85,29.20,36.33,0.00,0.00,10.28
921072,pac,52.500,160.750,994.60,994.33,5.55,1.66,32.95,32.95,0.00,0.00,5.77
921072,pac,52.250,213.750,990.78,990.63,4.85,1.15,36.85,39.49,0.00,0.00,3.16
921072,pac,48.250,178.500,973.48,973.36,10.92,1.75,40.99,51.66,0.00,10403.33,5.08
921072,pac,43.000,228.250,993.40,993.04,9.50,2.06,49.42,55.60,0.00,13724.86,5.37
921072,pac,40.500,188.250,963.10,962.34,22.04,5.58,76.38,80.89,103777.76,290499.04,12.43
921078,atl,65.500,-56.500,989.83,989.23,12.66,3.39,56.93,60.73,0.00,46804.38,14.94
921078,atl,45.250,-53.500,998.10,997.76,14.88,3.25,51.78,51.78,0.00,8549.41,9.45
921078,pac,61.500,206.250,996.57,995.45,9.90,2.93,31.48,34.80,0.00,0.00,18.65
921078,pac,47.750,179.000,974.44,974.26,10.35,1.80,51.46,54.98,0.00,86681.35,5.22
921078,pac,43.750,229.500,995.14,994.77,9.69,2.36,49.08,49.93,0.00,0.00,5.38
921078,pac,43.250,191.250,958.51,957.94,23.30,5.81,78.27,85.86,109087.79,222881.48,12.11
921084,atl,67.750,-55.250,998.82,997.95,8.75,2.95,55.68,55.68,0.00,4784.47,15.10
921084,atl,46.000,-52.250,999.48,999.00,12.59,2.87,47.39,54.54,0.00,9973.00,8.64
921084,atl,42.000,-51.750,999.65,999.15,10.07,2.22,42.70,46.10,0.00,0.00,5.10
921084,pac,58.750,216.750,994.89,994.67,8.53,1.92,34.23,34.23,0.00,0.00,30.19
921084,pac,47.500,180.250,975.77,975.60,8.63,1.53,52.02,57.43,0.00,82675.37,5.65
921084,pac,44.750,193.500,955.31,955.07,23.43,5.11,78.24,78.84,126441.95,316634.82,10.57
921084,pac,43.750,231.000,996.31,996.07,10.67,2.40,45.72,45.72,0.00,0.00,6.18
921090,atl,45.000,-50.500,997.61,997.32,10.88,2.46,45.06,50.92,0.00,1523.49,6.19
921090,pac,56.250,221.750,996.36,996.22,6.53,0.92,30.99,39.87,0.00,0.00,24.03
921090,pac,47.250,182.000,978.18,978.04,5.51,0.99,43.24,57.71,0.00,67438.43,5.12
921090,pac,46.500,196.500,954.53,954.26,23.46,4.59,73.30,73.30,83199.83,303927.69,8.66
921090,pac,44.250,232.500,1000.38,1000.12,10.27,2.47,44.82,44.82,0.00,0.00,9.20
921096,atl,45.750,-49.250,997.92,997.63,10.47,2.48,49.68,51.21,0.00,2570.33,6.53
921096,pac,48.000,196.000,955.44,955.01,21.81,4.45,58.80,65.31,16466.44,183020.14,7.11
921102,atl,58.250,-46.750,1001.97,1001.49,10.69,2.72,42.80,42.80,0.00,0.00,8.95
921102,atl,47.750,-48.750,995.87,995.62,11.75,2.62,50.49,50.49,0.00,1029.15,6.94
921102,atl,39.000,-46.750,999.71,999.55,5.96,1.43,41.03,41.03,0.00,0.00,3.78
921102,pac,58.000,230.500,1004.05,1003.41,8.00,2.86,26.37,26.37,0.00,0.00,32.04
921102,pac,48.750,196.250,957.89,957.46,20.40,4.46,55.51,55.75,0.00,93716.47,6.28
921108,atl,63.750,-77.250,991.62,991.22,16.06,3.43,39.57,39.57,0.00,0.00,6.26
921108,atl,62.750,-44.250,1003.46,1002.58,7.55,2.35,30.38,41.44,0.00,0.00,14.04
921108,atl,62.000,-37.250,1003.21,1002.61,8.57,2.28,44.47,44.53,0.00,0.00,14.04
921108,atl,58.500,-44.750,1004.63,1003.89,6.43,1.67,37.94,39.77,0.00,0.00,14.04
921108,atl,49.500,-49.250,996.45,996.23,11.83,2.72,48.83,48.83,0.00,0.00,6.56
921108,atl,38.000,-49.000,997.77,997.06,7.08,1.73,46.22,46.22,0.00,0.00,4.26
921108,pac,49.500,196.500,959.70,959.31,19.47,4.42,48.86,48.86,0.00,0.00,5.77
921108,pac,32.250,167.500,1004.87,1004.01,6.09,1.74,43.70,43.70,0.00,0.00,3.85
921114,atl,64.000,-76.250,992.46,991.84,15.85,3.41,37.93,42.25,0.00,0.00,6.08
921114,atl,50.500,-49.500,995.54,995.39,10.73,2.28,42.78,42.78,0.00,0.00,6.24
921114,atl,37.750,-48.750,994.59,993.93,8.38,2.13,50.67,50.67,0.00,613.08,5.16
921114,pac,50.000,195.500,962.08,961.71,17.69,3.96,38.25,41.76,0.00,0.00,4.78
921114,pac,32.500,171.250,1003.08,1002.02,7.06,2.07,45.51,45.51,0.00,0.00,6.45
921120,atl,64.000,-75.250,995.38,995.08,14.26,3.03,33.55,35.32,0.00,0.00,6.35
921120,atl,63.500,-46.750,1004.01,1002.80,7.02,3.33,31.36,52.84,0.00,942.94,16.76
921120,atl,52.250,-49.500,997.16,997.04,9.33,1.79,38.60,42.43,0.00,0.00,5.19
921120,atl,36.500,-48.500,995.13,994.58,8.07,2.09,50.64,50.64,0.00,615.13,5.78
921120,atl,31.500,-43.500,1000.98,999.01,5.65,1.84,56.40,56.40,0.00,5272.88,5.85
921120,pac,50.000,194.750,963.72,963.35,16.41,3.60,41.16,41.93,0.00,0.00,4.47
921120,pac,48.250,211.250,989.17,988.89,5.21,1.20,37.03,47.79,0.00,0.00,4.36
921120,pac,32.000,175.250,1003.79,1002.94,6.58,1.89,44.85,44.85,0.00,0.00,4.62
921126,atl,66.500,-67.250,996.29,995.90,10.23,2.75,37.17,37.17,0.00,0.00,15.54
921126,atl,64.000,-73.750,997.42,997.09,11.11,2.26,36.35,37.17,0.00,0.00,15.54
921126,atl,58.000,-46.000,996.59,996.04,9.42,2.76,51.44,51.44,0.00,2353.25,17.29
921126,atl,52.750,-49.500,998.78,998.67,6.21,1.37,36.99,41.90,0.00,0.00,3.91
921126,atl,41.500,-45.750,993.21,992.96,8.48,1.78,51.82,51.82,0.00,3985.58,4.82
921126,atl,37.000,-47.250,992.56,991.95,8.48,2.25,53.19,53.19,0.00,12397.20,4.89
921126,pac,51.500,212.750,983.24,982.44,11.40,3.21,51.53,51.53,0.00,3239.27,5.83
921126,pac,49.750,195.000,964.84,964.47,15.88,3.52,42.10,42.24,0.00,0.00,4.47
921126,pac,32.250,180.500,1002.22,1001.20,6.58,1.87,47.39,47.39,0.00,0.00,3.80
921126,pac,31.250,160.250,999.20,998.67,5.17,1.36,44.26,44.26,0.00,0.00,3.35
921132,atl,67.000,-60.250,997.06,996.54,7.22,1.57,29.54,38.17,0.00,0.00,11.39
921132,atl,67.000,-49.500,999.90,999.59,8.81,2.25,45.00,51.85,0.00,1041.34,19.04
921132,atl,66.750,-72.000,996.80,996.41,9.85,2.47,34.02,38.17,0.00,0.00,11.39
921132,atl,66.750,-66.500,997.15,996.00,7.51,1.47,38.17,38.17,0.00,0.00,11.39
921132,atl,63.750,-47.000,1000.00,999.69,5.95,2.65,35.58,41.20,0.00,0.00,19.04
921132,atl,61.250,-39.000,1003.80,1003.22,6.72,2.44,41.20,41.20,0.00,0.00,18.79
921132,atl,58.750,-47.000,1000.99,1000.21,5.00,1.70,41.20,41.30,0.00,0.00,10.66
921132,atl,52.750,-49.250,999.87,999.80,6.66,1.48,35.21,41.15,0.00,0.00,4.01
921132,atl,42.500,-43.500,991.95,991.23,11.64,2.76,59.42,61.18,0.00,57257.09,5.77
921132,pac,54.250,212.750,975.25,974.10,17.80,5.33,52.00,52.00,0.00,12860.15,7.85
921132,pac,49.750,195.750,967.14,966.80,14.62,3.27,40.88,44.93,0.00,0.00,4.44
921132,pac,32.750,184.250,1000.60,999.76,6.97,2.13,49.14,49.14,0.00,0.00,3.97
921132,pac,31.000,165.000,999.14,998.50,7.60,2.24,44.51,44.51,0.00,0.00,4.63
921138,atl,68.750,-69.750,998.95,997.68,5.68,1.07,40.16,40.16,0.00,0.00,9.98
921138,atl,68.250,-63.250,995.00,994.34,8.72,2.57,40.16,40.16,0.00,0.00,9.98
921138,atl,66.750,-72.750,998.69,998.46,7.94,1.90,25.29,40.16,0.00,0.00,9.98
921138,atl,63.750,-48.000,1001.66,1000.97,6.97,2.61,40.22,40.22,0.00,0.00,23.25
921138,atl,46.500,-44.750,990.52,989.55,14.11,3.57,54.95,66.60,2770.03,84223.56,6.00
921138,pac,56.250,213.000,970.71,969.89,20.86,6.14,58.39,58.39,0.00,28890.16,8.42
921138,pac,50.250,196.250,969.31,969.01,13.86,3.07,38.13,42.66,0.00,0.00,3.92
921138,pac,33.750,188.750,999.08,998.07,7.50,2.50,52.15,52.15,0.00,2588.69,4.85
921144,atl,69.000,-64.750,993.35,992.49,11.72,3.57,38.85,38.85,0.00,0.00,9.16
921144,atl,65.750,-47.000,999.92,999.26,11.57,4.77,45.28,45.28,0.00,0.00,26.67
921144,atl,59.000,-45.750,1003.90,1003.59,8.40,2.17,44.55,44.55,0.00,0.00,16.09
921144,atl,49.500,-46.000,994.63,994.32,13.86,3.30,55.92,55.92,0.00,72689.16,4.98
921144,atl,43.250,-42.500,999.45,999.25,6.87,1.50,51.62,54.08,0.00,18961.39,4.43
921144,pac,58.000,214.500,969.59,968.72,21.96,5.90,60.49,60.49,0.00,53800.08,19.52
921144,pac,50.750,196.500,971.86,971.58,12.92,2.94,34.85,40.35,0.00,0.00,3.70
921144,pac,50.250,226.250,997.52,997.05,9.82,2.88,47.64,53.91,0.00,9176.79,7.42
921144,pac,44.250,160.750,998.74,998.32,4.80,1.55,42.61,43.70,0.00,0.00,4.30
921144,pac,35.250,192.500,996.16,995.11,7.89,2.59,51.91,51.91,0.00,3178.55,5.21
921150,atl,65.500,-46.750,1002.91,1002.32,8.56,4.10,53.26,53.26,0.00,20157.68,21.98
921150,atl,52.250,-46.000,998.28,997.77,12.14,2.86,47.38,48.26,0.00,0.00,4.76
921150,atl,46.750,-42.500,997.65,997.24,9.90,2.37,56.50,66.57,4970.03,77409.02,6.78
921150,atl,43.750,-39.500,997.11,995.74,11.42,3.00,66.57,66.57,4970.03,121392.54,6.78
921150,atl,34.500,-70.500,1003.51,1002.48,11.45,2.55,50.57,53.71,0.00,4345.63,6.67
921150,pac,60.750,223.750,987.83,985.89,7.11,1.61,44.03,51.94,0.00,4071.64,21.63
921150,pac,59.000,214.750,969.09,968.30,23.50,6.13,51.94,51.94,0.00,9509.03,21.63
921150,pac,57.750,236.500,994.33,991.95,9.17,2.65,44.01,59.48,0.00,1778.49,18.23
921150,pac,53.250,229.250,994.76,994.16,9.12,3.09,63.40,63.40,0.00,37037.53,13.39
921150,pac,50.750,196.500,975.74,975.48,11.97,2.70,35.53,39.25,0.00,0.00,3.51
921150,pac,46.000,162.000,998.79,998.43,4.24,1.32,35.98,36.33,0.00,0.00,3.48
921150,pac,37.250,196.750,992.94,992.02,10.16,3.06,51.02,51.02,0.00,4346.35,5.52
921156,atl,51.000,-44.250,999.25,998.63,11.74,2.70,51.53,65.77,1546.23,44981.50,6.46
921156,atl,47.500,-41.750,996.89,995.77,12.54,3.05,65.77,65.77,2095.04,108194.19,6.48
921156,atl,34.750,-68.250,1000.84,999.58,13.84,3.53,50.36,50.57,0.00,3107.98,7.23
921156,pac,59.750,215.500,973.19,972.17,21.58,5.72,45.49,48.25,0.00,0.00,23.37
921156,pac,57.750,236.500,989.89,988.18,10.91,2.77,52.33,57.53,0.00,8041.51,18.77
921156,pac,50.500,196.500,980.91,980.63,10.49,2.47,32.88,35.56,0.00,0.00,3.33
921156,pac,39.750,201.000,989.11,987.70,12.17,3.86,58.96,58.96,0.00,34819.59,7.32
921162,atl,51.000,-43.500,996.14,995.79,12.82,2.52,54.46,57.10,0.00,33382.82,5.69
921162,atl,47.500,-42.250,995.90,995.57,12.98,2.52,51.43,59.20,0.00,52981.76,5.42
921162,atl,34.500,-67.250,998.37,997.32,15.51,4.07,58.03,58.03,0.00,27525.72,8.30
921162,pac,60.750,224.000,987.44,986.21,11.61,2.91,54.62,54.62,0.00,1989.99,23.25
921162,pac,59.250,212.250,981.82,981.31,15.07,3.06,42.99,42.99,0.00,0.00,23.23
921162,pac,50.000,196.750,984.64,984.42,10.11,2.36,31.57,31.57,0.00,0.00,3.47
921162,pac,43.250,205.500,988.97,987.78,11.98,3.60,56.87,56.87,0.00,21678.71,5.95
921162,pac,38.250,161.000,979.81,978.64,15.55,4.43,55.44,55.44,0.00,27296.16,9.92
921168,atl,50.000,-42.000,992.30,991.97,17.97,4.13,51.34,51.34,0.00,7982.54,7.09
921168,atl,32.750,-66.250,1000.58,999.82,12.42,2.77,56.97,56.97,0.00,65659.03,5.55
921168,pac,62.000,228.500,990.31,989.48,13.92,4.40,35.04,37.21,0.00,0.00,26.17
921168,pac,59.500,214.000,985.32,984.97,14.63,3.20,34.09,36.38,0.00,0.00,26.17
921168,pac,55.500,223.750,990.45,989.55,10.52,3.49,52.10,54.93,0.00,10501.00,6.77
921168,pac,49.500,197.250,987.35,987.13,9.33,2.15,33.08,33.25,0.00,0.00,3.59
921168,pac,46.750,208.750,987.19,986.30,11.97,3.55,50.26,50.26,0.00,527.03,6.76
921168,pac,43.000,164.500,980.42,979.99,15.31,3.28,54.74,64.50,1795.27,44280.89,10.53
921168,pac,40.000,164.250,980.25,979.26,15.08,4.07,64.50,64.50,1795.27,53948.35,10.53
921168,pac,35.750,205.500,1001.01,1000.38,5.53,1.45,49.24,49.24,0.00,0.00,3.77
921174,atl,53.750,-43.500,987.13,986.77,20.78,4.67,50.04,55.23,0.00,41646.13,8.08
921174,atl,34.250,-63.500,1000.44,999.81,12.34,2.70,54.63,54.63,0.00,30666.60,5.94
921174,atl,31.500,-64.000,1000.76,1000.57,9.75,1.62,47.85,54.63,0.00,13842.49,5.94
921174,pac,61.500,228.750,992.97,991.71,12.42,3.47,27.09,41.46,0.00,0.00,27.57
921174,pac,59.750,216.000,987.95,987.57,14.48,3.98,41.46,41.46,0.00,0.00,27.57
921174,pac,49.500,211.250,985.05,983.96,13.44,4.19,46.71,52.69,0.00,7510.37,7.51
921174,pac,48.750,198.000,991.04,990.87,8.35,1.88,33.14,33.55,0.00,0.00,3.34
921174,pac,46.500,163.500,980.18,979.48,16.65,4.43,48.93,52.58,0.00,5353.41,7.32
921174,pac,41.250,168.250,984.76,984.37,13.50,3.32,62.38,62.38,0.00,79435.03,7.63
921174,pac,39.750,209.750,1000.65,999.70,6.48,1.83,50.38,50.38,0.00,596.29,5.83
921180,atl,68.000,-36.500,1002.49,1001.73,10.89,3.20,37.30,39.86,0.00,0.00,21.16
921180,atl,57.000,-42.500,984.66,984.38,21.78,4.82,54.88,59.27,0.00,191169.70,10.70
921180,pac,61.250,229.000,995.55,994.68,13.94,4.12,38.94,41.51,0.00,0.00,26.62
921180,pac,59.750,216.500,992.25,991.80,11.31,3.47,32.04,41.51,0.00,0.00,26.62
921180,pac,51.500,214.250,983.67,982.77,13.85,4.25,48.61,49.11,0.00,0.00,9.29
921180,pac,48.250,163.000,981.78,981.25,15.83,3.93,54.61,54.61,0.00,14218.10,5.62
921180,pac,48.000,198.750,994.51,994.36,7.66,1.70,31.95,31.95,0.00,0.00,3.05
921186,atl,68.750,-37.250,994.45,993.87,12.85,3.36,38.89,38.89,0.00,0.00,29.55
921186,atl,64.250,-46.500,987.61,987.11,13.47,4.07,45.14,50.65,0.00,1902.64,20.55
921186,atl,60.000,-39.500,984.99,984.64,18.78,3.97,59.57,62.58,0.00,242104.63,14.34
921186,pac,55.250,221.000,983.23,982.80,13.26,2.46,45.85,52.25,0.00,3708.41,14.87
921186,pac,50.000,161.250,982.72,982.21,14.77,3.56,52.58,52.58,0.00,27827.06,8.40
921186,pac,47.250,199.500,997.61,997.46,7.13,1.63,27.64,29.15,0.00,0.00,2.39
921192,atl,63.500,-36.500,985.15,984.98,16.56,3.07,56.49,64.21,761.06,121256.36,18.02
921192,pac,59.750,217.250,986.02,985.54,14.67,4.52,30.58,41.53,0.00,0.00,27.58
921192,pac,58.500,230.000,984.45,983.84,16.48,3.80,54.08,54.08,0.00,3004.88,24.85
921192,pac,57.500,225.250,983.00,982.31,14.54,3.54,54.08,54.08,0.00,3004.88,23.59
921192,pac,57.500,237.000,991.70,990.39,11.71,3.15,54.93,56.98,0.00,15589.89,24.85
921192,pac,51.250,160.000,984.02,983.57,12.33,3.21,54.13,54.13,0.00,44442.83,9.85
921192,pac,47.000,200.000,999.93,999.78,6.95,1.65,25.29,27.13,0.00,0.00,2.20
921198,atl,65.750,-32.000,983.98,983.60,16.64,3.30,56.75,57.56,0.00,87815.89,22.66
921198,atl,33.000,-61.000,997.47,997.39,9.75,1.31,54.42,62.55,0.00,136904.79,7.66
921198,pac,59.750,214.750,989.91,989.57,17.13,3.92,37.41,40.53,0.00,0.00,28.32
921198,pac,58.750,232.750,986.72,985.08,17.24,5.33,64.77,64.77,827.57,10944.06,38.34
921198,pac,46.500,200.500,1002.80,1002.68,6.80,1.58,27.61,27.61,0.00,0.00,2.29
921204,atl,67.500,-35.250,988.21,987.22,14.22,2.57,44.99,62.40,0.00,27666.09,21.49
921204,atl,67.000,-28.750,985.36,984.79,14.24,2.99,51.45,57.45,0.00,75872.73,21.28
921204,atl,32.500,-60.750,994.55,994.47,11.19,1.66,52.04,60.95,0.00,147169.92,6.47
921204,pac,60.000,216.250,994.90,994.06,16.56,4.73,38.82,38.82,0.00,0.00,28.91
921204,pac,56.750,237.250,999.89,997.88,10.83,4.02,57.18,57.18,0.00,2982.11,41.60
921204,pac,46.250,201.250,1004.23,1004.11,6.42,1.53,25.03,26.82,0.00,0.00,2.23
921210,atl,67.250,-27.000,987.67,987.02,12.84,2.79,52.60,60.04,0.00,92549.23,16.74
921210,atl,65.000,-37.500,988.29,987.81,17.93,4.72,66.07,66.07,1315.49,173734.42,21.79
921210,pac,59.500,215.250,1000.79,1000.55,12.45,2.70,30.08,37.51,0.00,0.00,27.53
921210,pac,48.500,219.500,1003.43,1002.87,9.50,2.70,50.41,50.41,0.00,1031.64,6.10
921210,pac,45.750,173.000,983.96,983.68,8.41,2.00,42.37,42.51,0.00,0.00,4.96
921216,atl,65.000,-36.500,989.45,989.08,18.61,4.35,69.67,69.67,7868.41,100525.70,22.31
921216,pac,59.750,216.000,1001.58,1001.22,12.65,3.28,26.78,32.84,0.00,0.00,25.40
921216,pac,52.500,226.750,1001.92,1000.98,10.62,3.19,55.60,66.76,1849.46,20473.33,8.68
921216,pac,48.250,173.000,981.28,980.75,11.44,2.83,48.48,50.52,0.00,2878.41,5.60
921222,atl,64.250,-35.500,991.00,990.55,17.69,3.40,65.30,66.02,1330.74,40038.28,22.67
921222,atl,31.000,-57.750,991.46,991.22,9.83,1.81,46.55,54.71,0.00,26016.67,4.42
921222,pac,59.750,216.750,1002.75,1002.39,11.56,3.46,27.84,34.22,0.00,0.00,26.63
921222,pac,58.750,223.500,1003.95,1003.12,8.90,2.23,26.94,27.84,0.00,0.00,22.16
921222,pac,55.250,232.000,1004.22,1003.57,9.53,1.70,61.65,61.65,0.00,12486.30,30.85
921228,atl,65.250,-28.000,995.88,995.81,10.79,2.15,52.41,52.41,0.00,9757.47,18.09
921228,atl,63.750,-33.000,995.57,995.32,13.97,2.36,52.41,60.69,0.00,31837.47,20.87
921228,atl,62.250,-14.500,996.14,994.88,13.44,4.07,52.88,54.50,0.00,44386.58,6.45
921228,atl,31.000,-58.000,992.82,992.61,9.09,1.63,41.30,46.00,0.00,0.00,3.52
921228,pac,55.000,240.000,1004.19,1002.87,14.35,3.67,54.06,54.06,0.00,3168.30,31.80
921228,pac,49.000,180.750,992.78,992.38,7.80,2.00,42.81,48.16,0.00,0.00,4.36
921234,atl,65.000,-25.250,998.31,998.18,9.56,2.15,48.41,48.41,0.00,0.00,8.36
921234,atl,64.500,-9.750,987.05,985.37,19.33,5.54,49.75,59.92,0.00,50286.44,11.26
921234,atl,31.250,-58.750,992.16,991.93,8.98,1.58,36.01,43.10,0.00,0.00,3.63
921234,pac,50.250,182.250,994.33,993.94,8.14,2.13,42.09,42.09,0.00,0.00,4.05
921240,atl,65.250,-4.750,985.43,984.75,20.32,5.95,55.41,55.41,0.00,38035.36,12.22
921240,atl,64.250,-23.250,1003.40,1003.23,7.83,1.38,43.62,43.62,0.00,0.00,5.58
921240,pac,51.750,182.750,994.80,994.43,9.13,2.37,45.21,45.21,0.00,0.00,4.40
921246,atl,66.500,2.500,985.87,985.64,18.93,5.01,59.69,59.69,0.00,69204.83,8.18
921246,atl,64.250,-12.750,1003.73,1003.39,5.42,1.59,32.07,46.51,0.00,0.00,6.28
921246,atl,31.000,-57.750,993.47,993.29,7.22,1.19,33.77,40.28,0.00,0.00,2.62
921246,pac,52.750,182.500,996.15,995.88,8.05,1.90,42.61,44.14,0.00,0.00,4.50
921246,pac,35.000,169.750,988.21,987.85,5.52,1.37,42.68,47.49,0.00,0.00,2.46
921252,atl,68.750,9.500,986.57,986.30,16.38,3.88,62.36,62.36,0.00,59383.30,8.44
921252,atl,67.250,-65.750,983.77,982.02,10.07,2.36,45.63,59.85,0.00,16093.04,11.80
921252,atl,65.250,-79.750,961.75,960.62,31.19,7.69,67.84,67.84,38054.81,298583.56,12.61
921252,atl,31.500,-56.250,995.72,995.52,6.28,1.00,33.69,41.78,0.00,0.00,3.08
921252,pac,53.500,180.500,997.37,997.11,6.44,1.22,45.71,45.71,0.00,0.00,4.61
921252,pac,47.000,194.500,1000.98,1000.84,7.85,1.69,32.49,36.02,0.00,0.00,3.71
921252,pac,38.250,172.750,982.82,982.62,7.50,1.86,41.92,49.14,0.00,0.00,5.76
921258,atl,66.000,-78.750,965.48,964.33,28.04,7.36,67.33,68.17,16874.03,233499.90,11.97
921258,atl,33.500,-55.500,995.03,994.92,6.41,1.05,35.52,43.11,0.00,0.00,3.65
921258,pac,49.250,198.000,1000.97,1000.54,10.31,2.55,33.74,39.82,0.00,0.00,4.50
921258,pac,40.250,175.500,974.44,974.08,12.07,2.75,61.57,68.39,6151.23,99571.24,7.06
921258,pac,39.750,179.250,971.34,970.44,17.13,3.48,65.07,68.39,6151.23,254570.21,6.63
921264,atl,66.250,-77.500,974.51,973.63,22.19,6.37,57.81,59.35,0.00,81452.04,11.81
921264,atl,35.000,-57.000,996.49,996.39,6.19,0.96,26.09,36.72,0.00,0.00,2.72
921264,pac,51.250,201.750,999.81,999.19,13.16,3.36,38.68,41.72,0.00,0.00,5.63
921264,pac,42.750,179.250,954.37,952.68,30.90,7.65,62.06,65.68,8918.43,261682.98,12.16
921270,atl,66.500,-76.000,984.41,983.85,15.97,4.70,49.20,50.40,0.00,707.66,11.15
921270,atl,36.750,-56.500,995.88,995.79,7.17,1.15,30.78,37.63,0.00,0.00,2.89
921270,pac,52.000,205.250,1002.49,1001.83,12.40,3.25,41.48,41.48,0.00,0.00,5.45
921270,pac,44.000,180.000,949.43,948.11,33.88,8.38,71.95,71.95,40212.55,432578.95,11.25
921276,atl,67.000,-74.000,994.27,993.99,9.40,2.68,36.15,43.72,0.00,0.00,7.49
921276,atl,38.000,-56.500,996.70,996.60,8.21,1.34,30.89,38.02,0.00,0.00,2.93
921276,pac,46.000,182.250,950.33,948.99,31.84,7.35,75.34,75.34,87059.39,406854.24,10.00
921282,atl,68.000,-51.000,1001.29,1001.02,6.90,2.58,42.44,42.44,0.00,0.00,8.22
921282,atl,61.500,-52.000,1004.80,1004.41,9.60,3.01,39.87,44.70,0.00,0.00,8.85
921282,atl,38.500,-56.750,997.03,996.92,8.67,1.53,32.79,43.28,0.00,0.00,3.72
921282,pac,48.250,182.750,951.98,950.84,29.24,6.76,65.03,65.80,7951.75,366764.78,7.85
921282,pac,39.000,170.500,986.89,986.72,5.55,1.23,52.83,58.67,0.00,40808.80,4.49
921288,atl,65.500,-48.750,998.81,998.33,9.65,3.48,45.59,45.59,0.00,0.00,9.00
921288,atl,39.750,-55.250,1001.07,1000.85,9.00,1.65,38.18,47.54,0.00,0.00,4.10
921288,pac,50.000,183.750,957.01,955.92,25.23,6.05,60.91,62.85,0.00,258699.87,7.48
921288,pac,39.500,173.750,987.43,987.13,6.54,1.73,53.70,66.49,4218.69,119270.00,6.33
921288,pac,39.500,177.750,986.53,985.03,8.50,2.43,66.49,66.49,4218.69,148569.73,6.33
921294,atl,60.750,-41.500,996.02,995.58,11.76,2.68,47.97,47.97,0.00,0.00,11.98
921294,atl,57.000,-37.750,998.69,998.35,12.23,2.86,51.33,53.90,0.00,12586.68,5.84
921294,atl,40.250,-54.750,1004.34,1004.24,8.78,1.64,41.75,48.16,0.00,0.00,4.70
921294,pac,51.500,184.500,959.81,958.89,22.60,5.31,56.92,56.92,0.00,177714.16,6.64
921294,pac,49.750,231.000,1004.82,1004.35,12.81,3.25,35.30,35.30,0.00,0.00,8.57
921294,pac,41.250,181.000,983.48,982.05,9.82,3.02,63.78,63.78,0.00,127237.27,6.52
921300,atl,62.500,-38.750,982.42,981.99,20.08,4.16,49.98,61.44,0.00,101778.67,16.93
921300,pac,53.000,185.000,962.75,962.04,20.58,4.68,52.18,54.36,0.00,90981.75,5.91
921300,pac,49.000,233.000,1002.85,1002.17,14.24,3.39,37.49,37.49,0.00,0.00,12.68
921306,atl,63.750,-33.250,967.17,966.53,26.83,4.96,60.56,67.27,2337.92,241628.59,23.48
921306,pac,56.000,207.500,1000.67,1000.59,7.66,1.87,39.68,41.36,0.00,0.00,9.86
921306,pac,54.000,184.750,963.41,962.86,20.35,4.61,56.24,58.94,0.00,141187.83,6.50
921306,pac,48.000,234.500,1003.13,1002.52,14.11,3.30,42.95,42.95,0.00,0.00,12.19
921306,pac,41.250,161.000,991.12,990.91,7.22,1.56,38.99,39.48,0.00,0.00,2.77
921312,atl,64.500,-33.250,955.32,954.36,33.83,6.89,67.40,88.99,43422.76,264226.88,30.40
921312,atl,57.750,-72.250,1002.81,1002.43,14.11,3.24,39.28,40.05,0.00,0.00,6.27
921312,pac,57.250,210.000,1000.34,1000.03,8.09,2.60,44.86,44.86,0.00,0.00,8.54
921312,pac,54.250,183.750,965.60,965.08,20.03,4.57,59.55,59.98,0.00,178853.67,7.03
921312,pac,41.000,162.750,993.91,993.81,6.61,1.43,37.58,38.41,0.00,0.00,2.66
921318,atl,64.500,-30.500,952.73,951.60,29.44,6.62,58.54,91.61,28913.03,240845.18,31.07
921318,atl,59.250,-65.500,998.56,998.16,13.02,3.05,41.85,43.47,0.00,0.00,6.48
921318,pac,56.500,193.250,980.11,979.73,8.11,1.77,30.64,48.39,0.00,0.00,5.10
921318,pac,53.750,183.000,967.65,967.12,18.88,4.29,57.30,57.76,0.00,158442.09,6.63
921318,pac,40.500,164.750,994.16,994.03,5.98,1.25,35.53,39.97,0.00,0.00,2.65
921324,atl,65.500,-28.250,953.96,953.11,26.65,6.64,58.79,60.30,0.00,143619.64,24.20
921324,atl,60.750,-56.250,992.84,992.56,12.00,2.86,43.44,45.16,0.00,0.00,11.69
921324,pac,53.250,182.750,971.31,970.81,16.34,3.69,55.10,55.69,0.00,123368.07,5.87
921324,pac,45.750,196.000,991.73,991.18,9.03,2.52,55.38,55.38,0.00,33892.07,5.60
921324,pac,40.500,167.250,994.81,994.68,5.79,1.32,30.98,35.02,0.00,0.00,2.56
921330,atl,66.250,-27.750,955.60,954.39,23.73,6.62,64.02,64.02,301.95,79963.64,18.49
921330,atl,60.750,-52.250,989.11,988.37,10.83,2.97,62.08,62.95,0.00,47488.18,22.76
921330,pac,59.500,194.750,980.89,980.60,11.09,2.70,44.01,47.73,0.00,0.00,5.81
921330,pac,52.750,183.000,974.20,973.84,15.07,3.50,51.75,51.75,0.00,74207.90,5.48
921330,pac,48.750,200.250,989.37,988.88,10.49,2.84,48.25,48.25,0.00,0.00,5.05
921330,pac,40.000,169.000,994.84,994.71,6.09,1.43,37.61,38.15,0.00,0.00,3.26
921336,atl,66.500,-27.000,956.81,955.39,20.83,6.30,62.75,62.75,0.00,40626.40,17.02
921336,atl,66.250,-55.750,993.81,993.33,7.73,2.70,42.17,44.27,0.00,0.00,12.08
921336,atl,64.750,-37.250,969.49,969.13,11.88,3.24,64.17,64.17,323.53,35307.50,20.50
921336,pac,61.500,196.250,980.57,980.06,13.39,3.26,44.47,47.45,0.00,0.00,7.83
921336,pac,53.250,205.000,985.26,984.79,11.26,2.91,43.35,50.88,0.00,4514.27,5.05
921336,pac,52.250,183.500,978.25,977.92,14.29,3.51,48.97,48.97,0.00,0.00,5.17
921342,atl,66.750,-25.750,959.08,957.67,16.22,5.07,58.63,58.63,0.00,25295.96,14.84
921342,atl,66.000,-54.500,993.24,992.40,8.71,3.49,48.42,48.42,0.00,0.00,9.74
921342,atl,64.750,-36.750,966.73,966.26,14.88,3.91,70.16,70.16,10296.83,81741.12,23.49
921342,atl,32.000,-57.000,1001.42,1001.28,5.14,0.93,29.41,35.47,0.00,0.00,2.64
921342,pac,63.500,197.500,979.01,978.54,15.70,3.88,44.79,53.52,0.00,3204.60,10.81
921342,pac,57.750,195.000,983.15,982.91,6.51,1.51,41.91,43.13,0.00,0.00,4.29
921342,pac,55.500,208.000,982.12,981.72,13.41,3.44,39.61,51.79,0.00,7144.40,5.70
921342,pac,52.000,185.000,981.94,981.65,13.24,3.31,46.77,46.77,0.00,0.00,4.94
921342,pac,39.500,184.250,995.57,995.14,7.51,1.82,43.45,43.93,0.00,0.00,3.29
921348,atl,67.000,-25.500,961.67,960.69,13.80,4.03,54.97,54.97,0.00,7476.28,15.25
921348,atl,65.500,-53.500,995.43,994.55,9.31,3.86,53.46,53.58,0.00,5826.45,9.51
921348,atl,64.500,-35.500,966.68,966.01,17.28,4.23,77.92,77.92,30100.30,159892.95,22.79
921348,atl,32.500,-57.750,1002.69,1002.49,4.82,0.99,22.23,31.86,0.00,0.00,1.62
921348,pac,65.250,199.000,981.94,981.62,13.59,2.67,37.86,51.99,0.00,2753.76,13.87
921348,pac,57.750,210.250,978.65,978.28,14.71,3.90,52.92,52.92,0.00,8728.93,9.86
921348,pac,51.750,187.000,985.82,985.57,10.73,2.79,44.06,44.06,0.00,0.00,4.30
921348,pac,42.000,187.500,985.98,984.00,14.88,4.47,55.05,55.05,0.00,26676.42,9.83
921354,atl,66.750,-26.250,962.03,961.18,14.12,3.52,48.39,56.95,0.00,19787.43,23.41
921354,atl,64.250,-33.500,967.57,966.82,16.79,3.23,69.14,78.60,46350.62,273020.19,25.29
921354,atl,32.750,-57.750,1002.22,1002.09,4.81,0.90,21.66,28.24,0.00,0.00,2.09
921354,pac,63.000,200.250,981.57,981.17,7.42,1.99,30.39,36.92,0.00,0.00,10.33
921354,pac,59.500,212.500,978.54,978.18,14.50,4.12,50.07,50.07,0.00,409.51,17.18
921354,pac,51.750,189.500,987.79,987.47,8.33,2.37,45.34,45.34,0.00,0.00,4.14
921354,pac,44.000,191.250,980.26,979.25,18.52,5.79,69.76,69.76,5084.18,55999.73,10.84
921360,atl,66.500,-12.250,966.77,966.60,9.64,1.96,47.34,55.93,0.00,51939.92,6.00
921360,atl,66.250,-27.000,962.93,962.17,15.62,3.57,51.02,59.88,0.00,96316.39,27.53
921360,atl,32.500,-57.250,1003.94,1003.83,4.44,0.88,23.64,28.94,0.00,0.00,1.86
921360,pac,64.000,201.500,983.39,982.96,6.35,2.04,27.21,27.21,0.00,0.00,10.53
921360,pac,63.750,213.250,983.42,982.14,8.39,2.18,42.92,45.77,0.00,0.00,16.06
921360,pac,62.500,221.500,986.39,985.09,11.31,3.48,43.23,43.63,0.00,0.00,16.06
921360,pac,61.000,212.750,983.71,983.29,8.88,2.49,45.77,45.77,0.00,0.00,16.06
921360,pac,46.500,195.750,980.46,979.96,16.22,4.20,62.71,62.71,0.00,98966.89,8.50
921366,atl,68.500,-8.750,964.22,964.11,10.40,1.90,45.28,52.68,0.00,10842.08,5.32
921366,atl,65.750,-26.750,962.98,962.24,16.26,3.71,56.66,61.34,0.00,140114.52,24.93
921366,atl,64.250,-78.750,999.41,999.29,12.64,2.49,42.91,46.70,0.00,0.00,6.93
921366,pac,65.250,220.250,989.28,987.77,7.57,1.90,30.29,48.53,0.00,0.00,20.06
921366,pac,65.000,227.500,991.13,988.31,10.20,2.53,30.29,31.51,0.00,0.00,16.92
921366,pac,64.750,202.750,986.49,986.03,5.31,1.63,23.32,23.81,0.00,0.00,11.86
921366,pac,64.750,216.250,989.46,988.18,4.93,1.15,45.18,48.53,0.00,0.00,20.06
921366,pac,49.750,200.000,978.44,978.08,16.36,3.74,52.71,60.83,0.00,99294.19,7.29
921372,atl,65.250,-26.000,965.23,964.70,16.39,4.19,52.57,65.66,29614.89,133749.69,12.31
921372,atl,64.750,-74.500,999.89,999.78,11.00,2.37,30.72,36.96,0.00,0.00,9.40
921372,atl,45.000,-48.500,1004.96,1004.80,6.64,1.33,32.57,36.25,0.00,0.00,3.48
921372,pac,65.250,221.500,993.40,992.22,5.79,1.56,24.46,34.98,0.00,0.00,15.79
921372,pac,65.000,228.250,993.72,991.44,8.18,1.94,33.28,33.92,0.00,0.00,12.94
921372,pac,64.000,233.750,993.44,991.44,10.57,2.98,33.28,33.92,0.00,0.00,13.46
921372,pac,53.000,204.250,974.89,974.53,17.95,3.42,45.02,59.43,0.00,30365.04,11.22
921378,atl,66.750,-65.500,1002.78,1001.79,8.68,1.75,33.80,36.80,0.00,0.00,8.77
921378,atl,65.250,-72.500,1000.32,1000.15,9.82,2.14,27.51,34.28,0.00,0.00,8.77
921378,atl,64.500,-23.000,971.21,970.56,12.04,3.53,64.27,65.69,13223.83,222469.65,7.05
921378,atl,47.000,-46.500,1002.40,1002.07,7.73,1.78,37.04,43.06,0.00,0.00,3.93
921378,pac,63.250,235.250,996.68,995.57,8.45,2.34,29.50,35.29,0.00,0.00,13.53
921378,pac,55.250,207.250,972.89,972.64,19.33,3.88,51.55,53.29,0.00,7369.36,14.51
921378,pac,33.250,162.000,1004.38,1004.17,12.42,2.92,50.42,51.36,0.00,9300.82,5.07
921384,atl,66.750,-65.750,1003.28,1002.18,7.78,1.14,34.73,44.94,0.00,0.00,7.70
921384,atl,66.000,-62.750,1003.35,1002.86,7.65,0.96,32.12,45.44,0.00,0.00,8.73
921384,atl,65.750,-70.500,1002.66,1002.48,8.03,1.80,25.93,34.73,0.00,0.00,7.70
921384,atl,48.250,-45.000,1001.63,1001.22,8.63,2.30,36.84,40.09,0.00,0.00,4.08
921384,pac,65.500,187.500,993.21,993.04,9.48,2.26,38.13,38.13,0.00,0.00,6.38
921384,pac,63.000,235.000,1000.93,1000.33,4.52,1.70,25.63,33.63,0.00,0.00,14.40
921384,pac,58.500,190.250,996.33,995.48,7.05,2.49,53.06,53.06,0.00,6242.30,4.40
921384,pac,57.250,209.000,972.14,971.92,19.70,4.18,63.66,63.66,0.00,79430.89,22.72
921390,atl,68.750,-61.250,1001.52,1001.30,10.18,2.27,44.62,44.62,0.00,0.00,13.43
921390,atl,56.250,-56.000,1002.44,1002.13,8.41,2.44,36.59,36.59,0.00,0.00,5.37
921390,atl,49.500,-43.000,1001.77,1001.42,6.93,1.69,32.95,41.82,0.00,0.00,3.35
921390,atl,40.000,-75.500,1004.00,1003.85,6.45,1.13,24.04,28.89,0.00,0.00,4.61
921390,pac,64.750,188.250,993.12,992.94,8.30,2.22,28.38,36.41,0.00,0.00,5.35
921390,pac,58.500,194.750,995.32,994.32,6.06,2.47,45.98,45.98,0.00,0.00,8.41
921390,pac,58.250,211.000,972.26,972.03,19.95,4.10,65.29,65.29,398.01,44052.45,26.43
921396,atl,68.750,-27.750,988.01,987.29,11.91,3.05,54.71,55.03,0.00,9281.81,19.16
921396,atl,57.500,-54.500,997.92,997.40,12.23,3.72,39.92,39.92,0.00,0.00,6.30
921396,atl,51.000,-39.750,1002.86,1002.44,6.99,1.70,30.67,43.28,0.00,0.00,3.31
921396,atl,40.750,-72.250,999.38,999.27,8.66,1.59,30.46,35.56,0.00,0.00,4.84
921396,pac,64.750,188.250,995.57,995.35,6.54,1.93,25.16,31.30,0.00,0.00,4.32
921396,pac,64.000,233.000,996.43,994.58,5.62,1.71,20.68,28.94,0.00,0.00,14.23
921396,pac,59.500,211.500,974.93,974.28,18.71,4.16,64.91,64.91,793.12,49596.07,37.94
921396,pac,41.750,214.500,1002.00,1001.82,6.21,1.54,43.63,45.80,0.00,0.00,3.99
921402,atl,68.000,-51.250,999.57,999.27,7.51,2.86,43.75,43.75,0.00,0.00,11.89
921402,atl,68.000,-28.750,991.71,991.53,10.42,2.65,46.56,46.85,0.00,0.00,19.00
921402,atl,58.500,-52.500,995.70,995.39,13.06,3.89,49.99,49.99,0.00,0.00,8.26
921402,atl,52.750,-36.000,1002.64,1002.31,6.88,1.68,31.18,37.78,0.00,0.00,3.12
921402,atl,42.000,-69.750,991.97,991.77,13.20,2.86,36.26,46.98,0.00,0.00,6.25
921402,pac,64.500,187.750,997.88,997.67,4.72,1.47,22.61,27.80,0.00,0.00,3.70
921402,pac,62.500,221.500,984.05,982.92,10.45,2.92,42.50,42.65,0.00,0.00,15.97
921402,pac,62.000,218.750,984.18,980.76,9.52,2.04,42.50,47.26,0.00,0.00,22.60
921402,pac,60.250,211.250,978.33,977.66,18.05,5.18,63.35,63.35,0.00,30464.20,36.89
921402,pac,60.000,185.500,998.93,998.49,4.16,1.10,33.70,33.81,0.00,0.00,2.54
921402,pac,44.250,217.500,998.03,997.45,8.79,2.06,41.74,42.65,0.00,0.00,4.20
921408,atl,67.500,-24.750,995.36,995.21,5.47,1.35,33.26,40.83,0.00,0.00,16.88
921408,atl,67.000,-50.000,1001.00,1000.48,4.92,2.26,32.09,47.43,0.00,0.00,18.29
921408,atl,66.000,-36.250,997.04,996.30,7.42,2.83,47.43,47.43,0.00,0.00,19.64
921408,atl,59.250,-48.750,998.09,997.73,11.28,3.16,48.31,48.31,0.00,0.00,8.26
921408,atl,43.000,-68.250,986.21,985.74,18.01,4.19,46.34,48.30,0.00,0.00,7.54
921408,pac,63.000,222.500,986.90,986.07,10.78,3.04,32.35,32.35,0.00,0.00,19.01
921408,pac,62.250,212.750,986.60,985.79,11.57,4.21,35.44,59.70,0.00,22443.84,31.33
921408,pac,60.000,187.750,999.08,998.69,5.95,1.69,32.64,32.64,0.00,0.00,3.41
921408,pac,48.250,160.500,964.49,963.54,26.29,7.31,67.14,67.14,10263.02,323790.42,12.79
921408,pac,45.000,219.250,993.27,992.93,11.33,2.63,42.79,44.19,0.00,0.00,4.39
921414,atl,67.750,-22.000,995.19,994.98,4.36,1.34,29.24,39.83,0.00,0.00,17.00
921414,atl,60.000,-41.250,999.87,999.27,7.60,1.94,36.39,39.49,0.00,0.00,7.07
921414,atl,55.750,-24.000,1005.00,1004.70,5.95,1.54,34.89,39.97,0.00,0.00,3.38
921414,atl,43.750,-68.000,982.58,981.47,18.47,4.57,42.35,51.73,0.00,1061.43,9.07
921414,pac,64.750,227.250,992.86,991.33,9.87,2.67,23.71,28.02,0.00,0.00,16.01
921414,pac,64.250,224.000,992.68,991.59,8.56,2.42,23.71,24.55,0.00,0.00,21.56
921414,pac,62.250,213.250,992.66,991.65,9.05,3.41,32.88,57.66,0.00,21321.78,27.76
921414,pac,60.750,192.250,1000.41,999.97,6.05,1.94,33.20,37.21,0.00,0.00,4.13
921414,pac,59.500,211.250,991.37,990.42,13.62,3.85,57.66,57.66,0.00,29093.72,27.76
921414,pac,50.250,161.500,951.81,950.78,32.73,8.88,73.82,73.82,44269.44,373728.69,13.94
921414,pac,46.750,221.500,992.17,991.76,12.29,2.92,42.75,43.81,0.00,0.00,4.36
921420,atl,69.000,-27.250,996.29,994.92,4.83,1.37,41.57,41.57,0.00,0.00,16.33
921420,atl,68.250,-19.250,993.77,993.28,4.01,1.41,31.04,37.31,0.00,0.00,15.08
921420,atl,65.750,-29.500,997.60,997.43,4.93,0.89,37.15,41.57,0.00,0.00,16.33
921420,atl,44.250,-67.500,982.49,980.86,16.49,4.30,45.15,47.53,0.00,0.00,9.59
921420,atl,37.250,-62.000,993.40,992.92,7.28,1.79,60.98,60.98,0.00,45840.82,3.94
921420,pac,63.750,224.500,995.20,994.91,8.07,2.60,16.67,18.87,0.00,0.00,17.82
921420,pac,63.000,234.250,998.36,996.95,5.84,1.55,18.87,28.62,0.00,0.00,16.44
921420,pac,61.750,195.250,1003.10,1002.55,5.18,2.03,27.32,33.94,0.00,0.00,5.90
921420,pac,59.250,213.000,993.61,992.88,12.50,3.18,49.79,49.79,0.00,0.00,23.88
921420,pac,54.250,227.750,995.35,994.89,5.89,2.09,46.80,46.80,0.00,0.00,7.32
921420,pac,51.250,161.250,950.02,949.01,31.66,8.41,63.39,63.39,0.00,330233.38,14.48
921420,pac,47.500,223.250,985.00,984.49,18.24,4.91,53.03,53.03,0.00,13997.95,8.00
921426,atl,69.000,-27.500,993.65,991.73,6.86,1.61,46.30,46.30,0.00,0.00,13.29
921426,atl,56.250,-12.500,1002.58,1002.30,6.98,1.72,36.47,39.48,0.00,0.00,3.80
921426,atl,44.750,-67.250,982.70,981.64,12.14,3.18,39.48,45.61,0.00,0.00,7.77
921426,atl,43.250,-59.000,988.91,987.95,7.43,1.79,53.76,53.76,0.00,31540.74,6.40
921426,pac,62.500,225.250,996.51,996.16,7.04,2.09,18.13,18.75,0.00,0.00,13.14
921426,pac,59.250,228.750,996.31,996.06,4.19,0.95,25.46,42.15,0.00,0.00,11.65
921426,pac,59.000,215.250,995.14,994.56,10.02,2.52,46.30,46.30,0.00,0.00,12.34
921426,pac,58.250,236.500,997.65,996.90,5.13,1.52,30.62,30.62,0.00,0.00,10.69
921426,pac,50.750,161.500,950.81,949.84,28.19,7.15,63.96,66.50,63147.30,331824.82,14.58
921426,pac,48.500,225.000,981.79,980.87,21.53,6.27,60.58,60.58,0.00,73044.80,12.93
921426,pac,33.000,239.750,1004.98,1004.13,8.01,2.33,32.33,33.68,0.00,0.00,16.33
921432,atl,67.250,-28.750,991.85,991.43,11.62,2.41,64.04,71.37,3130.62,30648.25,21.38
921432,atl,56.000,-7.000,997.17,996.82,9.63,2.49,37.24,41.90,0.00,0.00,4.52
921432,atl,48.000,-64.750,982.27,982.06,11.11,2.08,28.30,48.41,0.00,0.00,6.12
921432,atl,44.500,-57.500,985.30,984.57,9.56,2.33,53.32,55.66,0.00,19780.49,6.07
921432,pac,59.000,217.250,994.31,993.81,8.75,2.37,41.18,41.18,0.00,0.00,12.88
921432,pac,58.250,229.500,993.29,992.94,5.21,1.22,25.75,39.13,0.00,0.00,11.41
921432,pac,57.750,237.250,995.43,994.59,5.66,1.53,26.92,26.92,0.00,0.00,12.22
921432,pac,50.500,226.750,980.37,979.82,21.18,6.38,62.40,62.40,0.00,145419.28,11.55
921432,pac,50.250,163.500,953.65,952.72,25.10,6.15,65.15,70.02,74874.13,334856.74,10.97
921432,pac,33.250,239.750,1004.98,1004.42,5.98,1.89,29.35,29.35,0.00,0.00,10.79
921438,atl,66.500,-24.750,993.06,992.56,8.60,1.50,46.87,64.65,1157.94,62566.58,22.32
921438,atl,63.000,-12.250,989.58,989.44,6.83,1.67,48.01,52.17,0.00,11736.59,6.44
921438,atl,55.250,0.750,988.33,987.90,14.04,3.47,43.08,43.08,0.00,0.00,6.53
921438,atl,51.250,-60.500,976.37,976.16,12.79,2.18,45.53,52.46,0.00,995.92,8.87
921438,atl,50.000,-63.750,976.39,975.99,11.38,2.26,30.71,41.01,0.00,0.00,8.05
921438,pac,58.750,219.250,992.90,992.56,8.17,2.36,39.33,39.33,0.00,0.00,13.21
921438,pac,58.250,229.000,990.19,989.95,7.56,1.69,36.99,49.25,0.00,0.00,11.58
921438,pac,55.500,239.500,995.11,994.51,5.21,1.26,28.01,30.54,0.00,0.00,13.75
921438,pac,52.250,228.500,982.28,981.53,18.77,6.03,62.12,62.12,0.00,95785.05,9.33
921438,pac,50.500,166.500,953.86,953.15,23.27,5.40,63.04,73.64,52551.28,314294.31,8.67
921444,atl,65.750,-21.000,997.44,997.04,4.75,1.33,53.77,59.91,0.00,104765.76,9.01
921444,atl,63.000,-7.500,988.13,987.73,7.54,2.03,51.10,54.09,0.00,65973.41,6.24
921444,atl,55.250,-60.000,966.67,966.32,20.94,3.97,53.29,61.18,0.00,129430.92,12.39
921444,atl,55.000,6.250,976.06,974.52,21.12,6.02,51.51,51.51,0.00,10504.24,9.29
921444,pac,58.750,229.750,988.22,987.99,11.52,2.92,23.79,42.18,0.00,0.00,16.01
921444,pac,58.500,221.000,993.91,993.61,6.99,2.15,38.14,39.01,0.00,0.00,13.55
921444,pac,54.250,229.750,990.17,989.69,10.34,2.99,60.17,60.17,0.00,10152.94,10.16
921444,pac,51.000,169.000,956.43,955.74,20.55,4.90,53.47,65.88,2279.28,182404.49,7.72
921450,atl,62.500,-4.250,986.16,985.45,10.32,2.86,50.62,58.75,0.00,34482.67,8.53
921450,atl,58.250,-61.750,957.78,956.87,27.31,6.01,63.51,66.96,10799.66,204647.87,13.78
921450,atl,35.250,-60.750,1001.55,1001.31,5.79,1.43,43.83,48.37,0.00,0.00,2.75
921450,pac,60.250,182.500,971.80,970.97,16.92,3.92,60.32,60.32,0.00,99346.14,11.08
921450,pac,59.500,218.000,998.11,997.76,8.92,2.92,33.15,35.72,0.00,0.00,13.24
921450,pac,58.750,231.500,989.41,988.34,13.14,3.92,24.35,36.58,0.00,0.00,19.77
921450,pac,58.250,222.000,998.13,997.78,5.72,1.87,34.18,35.39,0.00,0.00,13.24
921450,pac,51.250,170.250,958.92,958.33,18.48,4.16,45.17,55.67,0.00,124444.71,6.85
921450,pac,45.250,191.500,994.83,994.66,7.28,1.67,54.27,55.41,0.00,34296.47,4.88
921456,atl,60.500,1.000,986.87,986.76,9.33,1.88,54.21,56.59,0.00,47517.39,9.15
921456,atl,60.000,-62.500,958.58,956.93,27.24,6.60,75.32,75.32,36891.50,138164.67,16.56
921456,atl,36.750,-57.750,998.73,998.41,9.26,2.45,52.86,52.86,0.00,10733.41,4.30
921456,pac,62.000,182.750,974.89,974.21,17.22,4.32,58.24,58.24,0.00,13054.19,12.53
921456,pac,61.500,230.750,998.93,998.48,9.32,3.28,26.14,30.35,0.00,0.00,17.60
921456,pac,59.250,219.000,1002.79,1002.36,7.37,2.50,28.46,31.83,0.00,0.00,13.01
921456,pac,58.000,225.000,1003.22,1002.86,4.05,1.56,29.10,31.43,0.00,0.00,13.01
921456,pac,56.750,238.000,994.80,993.98,8.31,2.34,38.26,38.26,0.00,0.00,17.60
921456,pac,50.500,171.750,963.38,962.84,16.60,3.76,46.89,52.66,0.00,37300.83,6.26
921456,pac,48.000,194.000,987.59,987.10,11.35,3.06,52.36,58.99,0.00,73244.16,5.66
921462,atl,61.000,-62.500,963.68,962.33,26.19,6.87,63.70,63.70,0.00,136147.33,14.08
921462,atl,41.000,-55.000,991.84,991.34,14.32,3.85,62.95,62.95,0.00,115431.67,8.82
921462,pac,63.250,181.500,978.74,978.09,14.98,4.17,46.41,48.38,0.00,0.00,11.37
921462,pac,61.750,232.250,1002.66,1002.21,8.33,3.19,24.16,27.66,0.00,0.00,10.18
921462,pac,55.750,174.000,970.45,970.38,10.13,2.01,44.96,47.63,0.00,0.00,6.11
921462,pac,52.750,160.000,989.88,989.70,4.18,1.26,37.00,41.30,0.00,0.00,11.21
921462,pac,51.250,196.250,982.32,981.61,13.71,3.95,56.38,56.38,0.00,62351.32,6.67
921462,pac,50.000,175.750,966.40,965.98,14.56,3.19,52.14,53.85,0.00,27083.38,5.41
921462,pac,41.500,185.750,994.69,993.63,5.24,1.82,48.99,48.99,0.00,0.00,4.39
921462,pac,32.000,217.000,1004.39,1003.62,10.05,2.68,51.34,51.34,0.00,1949.78,6.91
921468,atl,67.750,4.750,995.49,995.19,13.62,3.25,54.90,54.90,0.00,55418.04,6.22
921468,atl,62.250,-61.000,971.97,970.84,24.18,6.41,59.29,59.42,0.00,190281.05,19.48
921468,atl,45.000,-52.500,986.26,985.45,20.52,5.73,56.14,56.14,0.00,29387.55,11.49
921468,pac,64.250,180.000,984.27,983.28,11.53,3.46,37.63,42.01,0.00,0.00,9.99
921468,pac,56.000,173.250,972.14,971.98,11.00,2.57,44.47,44.47,0.00,0.00,5.68
921468,pac,54.250,197.750,977.64,976.88,16.31,4.56,53.74,53.74,0.00,10814.41,8.26
921468,pac,51.750,160.750,990.49,990.34,4.64,1.23,36.47,38.80,0.00,0.00,9.08
921468,pac,50.750,178.750,968.61,968.22,12.90,2.95,40.72,49.26,0.00,0.00,4.76
921468,pac,44.250,190.250,989.89,989.07,7.22,2.48,54.49,54.49,0.00,10479.35,4.52
921468,pac,32.500,221.000,1001.30,1000.77,10.93,2.45,46.22,47.52,0.00,0.00,5.30
921474,atl,64.500,5.250,1000.06,999.77,9.82,2.72,53.22,53.22,0.00,35283.23,5.55
921474,atl,64.250,-60.250,981.06,979.87,19.47,5.80,59.56,66.84,1007.06,144298.67,17.67
921474,atl,49.250,-51.500,980.76,980.17,24.21,6.66,62.18,62.18,0.00,112277.31,12.67
921474,pac,65.000,178.000,988.71,988.00,8.81,2.84,32.59,38.76,0.00,0.00,11.79
921474,pac,58.750,195.750,978.05,977.63,13.35,3.08,53.12,56.44,0.00,11212.71,12.55
921474,pac,56.000,173.000,973.57,973.37,11.19,2.74,45.50,45.50,0.00,0.00,6.51
921474,pac,51.500,180.500,970.47,970.10,11.40,2.72,41.59,42.18,0.00,0.00,3.83
921474,pac,51.250,161.000,991.02,990.82,4.93,1.44,34.66,39.56,0.00,0.00,7.26
921474,pac,47.250,193.250,983.17,982.10,10.96,3.64,54.39,54.39,0.00,8707.20,6.80
921474,pac,32.750,222.250,1001.45,1001.06,12.09,3.10,58.70,58.70,0.00,26235.37,7.07
921480,atl,66.750,-65.750,996.75,994.95,7.63,1.84,39.20,58.96,0.00,27806.44,14.15
921480,atl,61.750,4.750,1002.96,1002.81,7.48,2.09,50.48,50.48,0.00,1112.12,5.03
921480,atl,55.000,-50.000,977.78,977.15,26.63,5.85,65.63,68.13,35570.82,286577.86,14.51
921480,pac,61.000,195.500,980.36,979.90,13.75,3.40,46.30,56.57,0.00,5295.08,14.06
921480,pac,55.250,172.750,975.51,975.23,10.82,2.64,45.38,45.38,0.00,0.00,6.18
921480,pac,51.750,182.500,973.87,973.62,10.00,2.33,45.48,45.48,0.00,0.00,4.43
921480,pac,50.750,161.750,992.01,991.62,4.77,1.28,30.27,37.55,0.00,0.00,6.04
921480,pac,50.000,195.250,977.25,976.25,14.90,4.72,52.17,52.17,0.00,28466.51,10.26
921480,pac,34.750,225.250,1001.39,1001.08,11.72,2.18,55.25,56.50,0.00,38222.77,6.08
921486,atl,66.750,-65.500,998.34,996.72,4.82,1.56,29.12,38.90,0.00,0.00,12.39
921486,atl,63.500,-49.000,982.08,980.80,18.61,6.52,75.01,75.01,45891.43,187503.89,27.38
921486,atl,59.000,-50.000,973.96,972.86,27.42,6.87,65.30,70.97,32736.43,293047.79,27.38
921486,pac,63.500,194.750,986.17,985.93,11.63,2.82,39.28,39.30,0.00,0.00,11.39
921486,pac,54.750,173.750,978.45,978.15,9.16,2.27,45.73,45.73,0.00,0.00,6.33
921486,pac,54.750,181.500,978.40,978.28,4.95,1.02,32.42,47.95,0.00,0.00,4.47
921486,pac,53.250,196.500,972.90,972.16,18.43,5.15,57.07,60.92,0.00,101712.34,10.45
921486,pac,52.250,186.750,977.06,976.92,8.21,2.09,48.26,48.26,0.00,0.00,4.74
921486,pac,51.250,160.000,992.37,991.95,5.96,1.58,34.21,40.77,0.00,0.00,5.27
921486,pac,36.000,162.500,987.89,986.45,19.72,6.16,68.24,68.24,17752.42,261258.44,16.74
921486,pac,34.750,225.750,1001.74,1001.58,12.83,2.68,59.15,59.15,0.00,100623.19,7.50
921492,atl,68.500,-50.750,983.27,982.59,16.71,4.35,67.93,67.93,6797.22,133663.47,12.37
921492,atl,67.750,-38.500,1000.73,999.70,4.09,2.79,58.17,67.93,6797.22,139770.71,20.49
921492,atl,66.250,-50.250,983.38,982.33,13.92,3.63,67.93,67.93,6797.22,148575.52,12.37
921492,atl,62.500,-41.000,996.45,995.85,6.60,1.45,52.62,66.21,1923.15,79825.50,13.01
921492,atl,61.250,-48.250,983.47,982.78,17.90,5.30,66.21,66.21,2303.68,78340.90,13.01
921492,pac,64.500,192.250,992.29,992.10,6.30,1.37,28.29,33.21,0.00,0.00,6.05
921492,pac,56.250,195.500,970.07,969.61,19.47,4.71,56.37,56.37,0.00,92982.04,11.63
921492,pac,55.500,180.750,979.86,979.65,5.46,1.25,28.56,36.97,0.00,0.00,4.14
921492,pac,54.000,175.500,980.64,980.40,7.52,1.86,40.89,40.89,0.00,0.00,4.75
921492,pac,36.750,167.500,978.95,978.34,25.08,7.70,90.03,90.03,134634.54,431099.83,16.45
921492,pac,35.250,227.000,999.97,999.73,13.67,2.82,56.03,56.03,0.00,71702.15,6.27
921498,atl,64.500,-40.250,995.91,995.21,6.93,1.46,49.48,49.48,0.00,0.00,14.28
921498,pac,58.500,194.500,971.20,970.87,18.99,4.57,52.31,54.14,0.00,15743.51,10.20
921498,pac,56.000,179.500,982.29,982.03,6.11,1.25,29.89,39.37,0.00,0.00,3.84
921498,pac,38.500,173.000,968.07,967.06,31.24,9.29,97.77,97.77,221389.92,468604.73,20.80
921498,pac,35.000,227.000,1002.44,1002.30,12.39,2.57,54.44,54.44,0.00,23316.99,5.22
921504,atl,64.500,-40.000,997.89,997.64,7.69,2.64,47.20,47.23,0.00,0.00,12.19
921504,pac,61.500,194.250,975.71,975.43,18.36,4.49,55.06,55.06,0.00,19088.44,9.50
921504,pac,56.250,178.500,985.07,984.82,7.01,1.47,33.01,36.35,0.00,0.00,3.18
921504,pac,40.000,178.250,964.57,964.18,31.93,8.29,99.44,99.44,221075.42,481246.59,18.16
921504,pac,34.500,227.250,1000.71,1000.58,11.37,2.40,52.11,52.45,0.00,7998.62,4.38
921510,atl,65.250,-38.750,993.14,992.59,11.16,3.41,45.12,52.06,0.00,362.79,13.45
921510,atl,51.750,-79.250,994.09,994.00,8.78,1.51,28.10,35.57,0.00,0.00,6.77
921510,atl,39.250,-45.500,1004.54,1004.09,12.75,2.97,61.58,61.58,0.00,174258.59,8.31
921510,pac,63.250,193.500,979.32,978.95,18.10,4.58,46.87,46.87,0.00,0.00,7.69
921510,pac,56.250,177.750,987.83,987.66,7.57,1.55,34.88,36.16,0.00,0.00,3.18
921510,pac,42.250,182.750,961.74,961.01,32.59,7.76,81.48,89.54,191953.28,446076.28,14.11
921510,pac,34.250,228.000,1002.87,1002.70,10.49,2.13,45.32,48.62,0.00,0.00,4.06
921516,atl,65.750,-38.250,988.21,987.49,13.64,4.06,58.25,61.82,0.00,25865.16,14.90
921516,atl,53.500,-77.250,991.89,991.72,10.61,1.80,27.79,36.16,0.00,0.00,5.85
921516,atl,38.000,-44.750,1002.23,1001.64,14.24,3.59,60.98,60.98,0.00,134859.77,8.12
921516,pac,65.250,192.500,985.51,984.87,17.06,4.11,39.73,40.72,0.00,0.00,7.21
921516,pac,56.500,177.000,991.72,991.58,6.92,1.32,33.33,37.14,0.00,0.00,3.81
921516,pac,46.500,161.750,994.74,994.36,7.04,1.92,47.05,47.05,0.00,0.00,3.97
921516,pac,44.000,185.250,962.47,961.95,30.15,6.78,83.08,83.08,156077.92,404738.79,10.77
921516,pac,41.250,170.000,997.52,996.73,4.85,1.70,46.03,46.03,0.00,0.00,4.07
921516,pac,34.500,228.750,1001.64,1001.48,10.12,2.01,41.02,46.63,0.00,0.00,3.58
921522,atl,65.500,-37.000,980.83,980.19,18.18,5.51,76.34,76.34,29999.59,157767.93,18.20
921522,atl,55.250,-74.750,989.98,989.75,12.49,2.22,31.41,40.06,0.00,0.00,4.71
921522,atl,38.000,-44.250,999.31,998.88,13.84,3.30,60.70,60.70,0.00,87629.01,7.55
921522,pac,56.500,175.250,994.94,994.85,5.87,1.07,35.71,39.05,0.00,0.00,4.02
921522,pac,46.000,187.250,963.26,962.88,28.44,5.85,72.72,76.43,113973.00,360770.35,9.85
921522,pac,45.500,164.000,995.57,995.30,6.35,1.74,50.91,50.91,0.00,4960.57,4.20
921522,pac,41.750,172.500,995.78,994.89,5.39,1.90,46.84,46.84,0.00,0.00,4.35
921522,pac,34.750,229.500,1003.63,1003.47,9.65,1.89,34.54,44.71,0.00,0.00,3.92
921528,atl,68.750,-25.250,978.00,977.79,9.03,1.28,33.60,56.40,0.00,8564.24,14.67
921528,atl,67.750,-30.000,977.79,977.72,13.75,2.32,52.41,82.70,24848.04,133708.90,17.97
921528,atl,56.250,-73.500,991.05,990.55,12.64,2.56,30.61,40.52,0.00,0.00,5.14
921528,atl,38.500,-45.000,999.62,999.33,14.35,3.20,55.47,56.19,0.00,51287.56,5.88
921528,pac,58.750,167.500,1001.27,1000.68,7.74,2.35,41.01,41.01,0.00,0.00,10.27
921528,pac,47.750,189.500,967.09,966.68,25.11,5.16,69.16,69.49,53744.13,337954.54,8.09
921528,pac,44.750,166.250,998.47,998.23,4.64,1.29,48.60,48.60,0.00,0.00,3.40
921528,pac,42.000,174.500,994.21,993.08,7.89,2.84,48.52,48.52,0.00,0.00,6.27
921528,pac,35.000,230.000,1002.57,1002.38,9.13,1.82,34.67,41.80,0.00,0.00,3.26
921534,atl,68.250,-28.250,979.34,979.00,13.06,2.56,52.52,72.85,18077.30,108913.85,17.52
921534,atl,67.500,-24.000,979.08,978.92,10.28,1.72,54.32,68.18,7479.92,110109.28,16.60
921534,atl,58.250,-67.000,991.76,991.35,10.85,2.33,44.00,49.23,0.00,0.00,9.86
921534,atl,57.000,-71.500,992.47,991.71,10.93,2.31,37.69,44.00,0.00,0.00,6.79
921534,atl,38.750,-46.250,998.02,997.71,14.15,3.21,49.28,49.28,0.00,0.00,4.69
921534,pac,49.750,190.000,967.98,967.28,24.06,4.92,63.00,68.09,47987.56,231755.64,7.81
921534,pac,42.500,177.000,992.88,992.16,8.74,3.28,54.47,54.47,0.00,16826.56,7.49
921534,pac,35.500,230.000,1004.25,1004.02,9.16,1.91,37.29,37.69,0.00,0.00,3.12
921540,atl,60.500,-59.250,992.54,992.45,10.22,1.43,44.62,48.53,0.00,0.00,8.99
921540,atl,59.000,-66.000,992.41,991.91,9.66,2.06,48.12,48.53,0.00,0.00,8.99
921540,atl,38.500,-47.000,999.89,999.52,12.85,2.91,41.26,42.75,0.00,0.00,4.01
921540,pac,51.250,190.250,970.91,970.36,21.01,4.34,59.75,61.71,0.00,195167.87,7.24
921540,pac,43.000,179.750,992.04,991.56,9.06,3.33,54.14,54.14,0.00,8665.87,6.68
921540,pac,35.750,230.000,1003.72,1003.52,8.99,1.87,37.69,39.83,0.00,0.00,3.12
921546,atl,67.000,-36.000,997.34,994.77,7.09,3.37,48.97,48.97,0.00,0.00,25.31
921546,atl,64.250,-43.500,999.78,999.13,4.44,1.56,48.97,49.34,0.00,0.00,25.31
921546,atl,62.750,-57.000,989.79,989.62,12.85,2.60,45.72,49.16,0.00,0.00,9.31
921546,atl,45.750,-71.250,1000.19,999.70,10.37,2.60,30.43,32.50,0.00,0.00,6.21
921546,atl,38.500,-47.500,999.13,998.81,12.00,2.69,38.87,42.14,0.00,0.00,3.62
921546,pac,52.750,191.500,975.09,974.78,18.13,3.78,58.73,59.46,0.00,141986.66,6.46
921546,pac,43.500,183.000,992.19,991.59,8.02,2.85,51.61,51.61,0.00,4598.73,5.25
921546,pac,35.500,183.750,1002.65,1001.37,6.77,2.13,57.23,57.23,0.00,46150.57,5.85
921552,atl,67.000,-36.000,996.76,994.85,7.03,2.46,34.79,47.72,0.00,0.00,16.47
921552,atl,64.250,-54.000,993.39,992.97,11.09,2.81,43.99,44.99,0.00,0.00,9.89
921552,atl,46.750,-69.250,1000.07,999.30,10.03,2.54,31.93,35.68,0.00,0.00,7.35
921552,atl,44.000,-70.250,1000.24,999.93,8.99,2.23,30.95,31.94,0.00,0.00,7.35
921552,atl,38.750,-47.750,1001.06,1000.76,11.10,2.51,37.33,37.33,0.00,0.00,3.25
921552,pac,54.750,191.750,980.48,980.23,14.86,2.91,51.17,52.07,0.00,22309.80,6.84
921552,pac,43.750,185.750,993.07,992.63,6.20,2.43,45.61,45.61,0.00,0.00,4.64
921552,pac,39.000,189.750,995.59,994.53,9.28,2.78,52.58,52.63,0.00,32580.97,6.76
921552,pac,35.500,229.250,1003.61,1003.42,8.81,1.87,40.96,40.96,0.00,0.00,3.07
921558,atl,68.750,-28.250,997.01,996.20,5.82,1.47,35.74,42.75,0.00,0.00,11.30
921558,atl,68.000,-31.250,996.99,996.73,6.17,1.76,35.74,43.67,0.00,0.00,11.30
921558,atl,67.000,-48.750,999.93,999.42,6.37,1.71,36.86,44.57,0.00,0.00,10.86
921558,atl,66.750,-35.500,996.68,995.18,7.10,2.16,35.74,44.57,0.00,0.00,11.30
921558,atl,65.500,-52.750,999.46,999.26,8.19,2.46,38.20,44.57,0.00,0.00,7.30
921558,atl,49.250,-67.000,997.45,996.89,12.20,2.91,30.83,37.86,0.00,0.00,8.23
921558,atl,44.750,-67.500,996.53,995.99,10.44,2.52,31.75,35.44,0.00,0.00,8.23
921558,atl,39.500,-48.250,1000.83,1000.62,10.28,2.29,37.27,37.88,0.00,0.00,3.51
921558,pac,56.000,189.500,983.19,982.95,12.88,2.41,43.61,47.61,0.00,0.00,5.88
921558,pac,53.250,185.000,983.07,982.96,9.61,1.81,46.30,46.30,0.00,0.00,4.74
921558,pac,43.250,193.750,987.86,986.16,13.51,3.47,58.36,58.36,0.00,55625.70,10.95
921558,pac,35.000,228.750,1004.97,1004.81,8.52,1.76,41.59,41.81,0.00,0.00,3.27
921564,atl,68.750,-14.500,995.47,995.24,4.14,1.28,33.65,50.59,0.00,1807.49,7.03
921564,atl,49.750,-65.750,991.91,991.59,15.43,3.71,49.81,49.81,0.00,0.00,8.63
921564,atl,40.500,-48.000,1002.19,1001.99,9.65,2.17,41.75,41.75,0.00,0.00,3.41
921564,pac,53.500,184.500,984.67,984.58,8.87,1.71,38.52,46.17,0.00,0.00,4.66
921564,pac,46.000,195.250,977.25,976.18,20.95,5.39,59.31,59.31,0.00,164449.80,10.32
921564,pac,34.250,228.500,1003.63,1003.46,7.79,1.68,40.28,41.57,0.00,0.00,3.12
921570,atl,67.500,-7.000,994.04,993.87,6.18,1.49,31.11,43.01,0.00,0.00,3.77
921570,atl,53.750,-65.000,989.28,988.22,16.40,4.93,38.76,38.76,0.00,0.00,12.03
921570,atl,41.750,-48.000,1001.11,1000.90,8.85,2.08,38.31,39.36,0.00,0.00,3.71
921570,pac,53.750,184.500,986.15,986.07,7.72,1.58,44.98,48.12,0.00,0.00,4.42
921570,pac,48.250,196.000,965.92,964.85,29.52,8.40,64.88,64.88,2098.23,227597.77,14.62
921570,pac,38.750,161.500,987.27,985.82,20.48,5.61,61.83,61.83,0.00,66621.83,12.75
921570,pac,33.250,228.500,1004.53,1004.39,7.20,1.52,35.68,38.11,0.00,0.00,2.90
921576,atl,67.000,-0.750,992.63,992.50,6.34,1.25,38.71,40.77,0.00,0.00,4.40
921576,atl,56.000,-64.500,991.83,990.71,12.21,3.32,31.07,36.45,0.00,0.00,10.50
921576,atl,45.500,-59.250,998.69,998.56,4.32,1.25,25.48,33.06,0.00,0.00,3.98
921576,atl,43.500,-47.500,1002.64,1002.45,8.17,2.05,40.96,40.96,0.00,0.00,3.38
921576,pac,50.500,196.000,961.64,960.77,31.10,8.71,75.52,75.52,54881.80,291729.25,13.94
921576,pac,39.500,165.250,981.06,979.55,25.54,7.38,70.64,70.64,13096.43,198650.01,15.52
921576,pac,32.250,229.000,1001.94,1001.77,6.89,1.53,34.86,38.36,0.00,0.00,2.69
921582,atl,66.000,7.750,989.69,989.58,8.93,1.58,35.94,47.69,0.00,0.00,10.45
921582,atl,60.750,-64.750,989.21,988.75,14.71,3.05,56.45,56.45,0.00,8799.09,12.30
921582,atl,45.750,-47.500,1003.01,1002.88,5.67,1.44,36.97,41.76,0.00,0.00,3.48
921582,atl,45.000,-57.500,994.53,994.18,7.21,1.92,31.22,41.44,0.00,0.00,3.59
921582,pac,52.250,195.000,963.16,962.30,28.12,7.48,65.59,65.59,4413.45,228034.15,11.04
921582,pac,40.500,169.500,973.91,972.63,30.11,8.84,79.45,79.45,77905.34,327918.39,18.65
921582,pac,31.500,230.000,1002.70,1002.60,6.60,1.48,32.72,33.61,0.00,0.00,2.55
921588,atl,65.250,9.500,988.97,988.80,9.79,2.29,30.34,47.60,0.00,0.00,8.85
921588,atl,63.000,-63.250,987.17,986.91,14.30,2.53,59.31,59.31,0.00,32764.15,27.90
921588,atl,45.750,-55.750,990.13,989.92,10.74,2.46,43.19,53.37,0.00,7501.58,5.72
921588,pac,54.000,193.750,967.88,967.23,23.74,5.56,62.63,70.12,437.70,135016.59,9.46
921588,pac,41.750,174.250,965.72,964.61,34.48,9.57,85.44,85.44,133594.73,472188.77,16.31
921588,pac,31.500,231.500,1001.14,1000.96,6.22,1.38,32.48,35.57,0.00,0.00,2.39
921594,atl,64.000,-63.750,988.23,987.64,10.20,2.02,52.08,54.33,0.00,4021.25,29.23
921594,atl,63.500,-71.750,986.17,985.80,14.87,2.79,36.75,54.12,0.00,2642.83,29.23
921594,atl,49.500,-55.250,983.71,983.43,15.58,3.29,45.31,45.31,0.00,0.00,7.21
921594,pac,55.250,191.500,969.50,968.96,21.58,4.60,56.01,63.01,0.00,80640.81,8.65
921594,pac,43.250,178.500,961.01,959.99,33.53,9.06,86.99,86.99,184253.38,509343.86,15.43
921594,pac,31.750,232.750,1003.55,1003.39,5.67,1.31,31.10,32.17,0.00,0.00,2.35
921600,atl,68.500,-59.250,993.67,992.93,8.86,3.15,40.65,45.63,0.00,0.00,18.35
921600,atl,65.000,-73.250,988.06,987.90,14.28,2.71,41.94,46.76,0.00,0.00,18.35
921600,atl,54.500,-55.250,983.40,982.68,15.38,3.49,44.92,44.92,0.00,0.00,7.17
921600,pac,56.250,189.000,972.52,972.11,18.61,3.88,45.47,50.98,0.00,2488.33,6.33
921600,pac,44.500,183.000,960.63,959.89,29.58,7.21,82.11,82.11,163258.32,418568.26,11.51
921600,pac,42.750,237.000,1004.14,1003.94,4.43,1.55,18.37,20.64,0.00,0.00,8.43
921600,pac,32.500,234.250,1002.53,1002.43,4.91,1.05,30.05,32.19,0.00,0.00,2.79
921606,atl,65.750,-75.500,987.75,987.44,14.15,3.27,35.41,36.92,0.00,0.00,17.09
921606,atl,57.500,-57.000,979.42,978.77,19.27,4.99,54.27,54.27,0.00,38254.47,12.39
921606,pac,56.750,186.750,974.06,973.65,16.06,3.30,45.93,49.89,0.00,0.00,6.28
921606,pac,46.500,186.750,960.45,959.51,26.33,6.04,67.46,68.88,70416.17,292517.99,9.00
921606,pac,33.750,235.750,1004.35,1004.26,4.78,1.00,25.01,30.35,0.00,0.00,4.96
921612,atl,65.500,-77.000,987.02,986.72,12.43,2.93,37.19,39.21,0.00,0.00,13.97
921612,atl,64.000,-58.750,980.62,980.30,14.84,3.62,60.01,61.80,0.00,124966.12,16.35
921612,atl,39.250,-54.750,1004.77,1004.62,5.83,1.14,37.77,37.77,0.00,0.00,3.79
921612,pac,56.750,184.000,977.44,977.27,12.24,2.52,50.64,54.95,0.00,47486.24,6.84
921612,pac,48.000,189.250,963.34,962.70,21.81,5.01,53.92,62.57,0.00,207949.07,6.99
921612,pac,46.750,239.250,1004.32,1003.72,4.41,0.89,20.82,31.24,0.00,0.00,10.62
921612,pac,35.250,236.750,1002.48,1002.30,5.75,1.30,31.12,31.12,0.00,0.00,7.95
921618,atl,67.000,-51.250,992.30,991.95,9.95,2.96,54.85,64.78,686.60,105924.81,14.01
921618,atl,66.750,-66.250,984.88,983.33,7.04,1.24,42.60,52.99,0.00,9030.29,14.27
921618,atl,65.250,-60.750,981.13,980.14,13.31,3.78,55.71,57.35,0.00,80027.74,14.27
921618,atl,65.000,-76.250,985.68,985.43,10.40,2.48,33.92,36.26,0.00,0.00,12.79
921618,atl,55.250,9.750,1001.90,1001.76,6.07,1.13,33.44,40.03,0.00,0.00,3.45
921618,atl,42.750,8.000,1003.38,1002.88,8.23,2.26,48.31,49.18,0.00,0.00,10.44
921618,atl,41.500,-51.750,997.80,997.14,10.83,2.61,42.76,42.76,0.00,0.00,6.19
921618,pac,49.250,191.500,966.10,965.67,18.89,4.36,49.31,51.90,0.00,26349.08,6.20
921618,pac,37.000,236.250,1004.21,1004.06,5.31,1.05,28.71,30.02,0.00,0.00,10.55
921624,atl,67.250,-74.500,987.43,987.28,6.32,1.38,29.82,37.55,0.00,0.00,11.05
921624,atl,54.000,9.000,1003.10,1002.94,6.42,1.32,27.66,39.15,0.00,0.00,3.32
921624,atl,42.750,-50.000,996.38,995.47,12.18,2.98,45.22,51.75,0.00,4093.54,6.12
921624,pac,51.000,192.750,968.60,968.15,16.61,3.73,47.65,51.90,0.00,4077.06,5.43
921624,pac,34.250,225.000,1001.85,1001.13,6.88,1.89,42.05,42.05,0.00,0.00,4.49
921630,atl,53.250,9.250,1003.75,1003.64,5.77,1.22,30.34,37.23,0.00,0.00,3.45
921630,atl,47.500,-47.500,996.32,995.99,12.49,2.66,48.80,51.25,0.00,5700.35,5.44
921630,pac,53.000,192.250,969.33,968.87,15.38,3.28,46.74,46.74,0.00,0.00,5.78
921630,pac,42.250,237.000,1003.06,1002.76,4.44,0.82,29.86,34.69,0.00,0.00,5.93
921630,pac,40.500,234.250,1003.09,1002.92,4.24,0.97,23.29,34.69,0.00,0.00,4.89
921630,pac,34.000,226.250,1001.32,1000.56,8.14,2.27,39.82,39.82,0.00,0.00,3.89
921636,atl,50.750,-47.250,997.76,997.56,12.10,2.50,41.31,49.38,0.00,0.00,4.99
921636,pac,54.250,190.750,971.86,971.60,13.60,2.74,40.45,40.45,0.00,0.00,5.40
921636,pac,43.500,237.250,1003.77,1003.42,5.28,1.32,30.21,30.21,0.00,0.00,7.46
921636,pac,41.000,234.250,1003.65,1003.32,4.52,1.23,30.21,30.21,0.00,0.00,5.74
921636,pac,33.500,228.000,1001.04,1000.61,7.80,1.98,40.35,40.40,0.00,0.00,3.19
921642,atl,63.500,-48.000,998.79,998.16,14.40,4.68,52.19,52.19,0.00,10029.11,17.99
921642,atl,54.000,-47.250,998.28,998.03,11.14,2.37,39.29,46.07,0.00,0.00,4.78
921642,atl,41.500,-42.500,1003.54,1003.31,7.12,1.55,47.69,50.22,0.00,1632.11,4.10
921642,pac,55.250,189.500,973.95,973.66,13.53,2.77,35.98,39.17,0.00,0.00,4.34
921642,pac,44.500,193.250,987.66,986.58,9.48,3.17,47.67,47.79,0.00,0.00,7.18
921642,pac,35.250,232.500,1002.67,1002.25,7.59,1.69,33.06,36.94,0.00,0.00,3.02
921648,atl,68.750,-47.750,998.74,998.29,13.97,4.13,55.38,55.38,0.00,71937.45,15.60
921648,atl,64.000,-48.250,998.24,997.47,13.50,4.20,52.25,55.23,0.00,30693.37,14.74
921648,atl,57.750,-48.000,1002.02,1001.80,9.81,2.14,39.28,46.27,0.00,0.00,13.38
921648,atl,42.500,-42.000,1000.56,1000.04,11.06,2.74,50.71,52.76,0.00,4847.51,5.42
921648,pac,55.750,188.000,977.97,977.79,12.95,2.68,37.25,42.27,0.00,0.00,4.70
921648,pac,45.500,194.750,983.66,982.92,12.12,3.84,56.93,56.93,0.00,11579.38,7.84
921648,pac,36.000,234.750,1000.08,999.51,9.39,2.20,44.14,44.14,0.00,0.00,4.91
921654,atl,63.750,-48.750,1002.90,1002.35,10.65,2.91,51.02,51.02,0.00,350.83,15.86
921654,atl,44.250,-41.250,999.72,998.78,11.15,2.72,56.63,56.63,0.00,48754.72,5.13
921654,atl,43.750,9.250,998.35,997.92,7.21,1.58,38.97,47.59,0.00,0.00,13.58
921654,pac,56.000,210.250,1001.26,1001.04,5.72,1.40,32.61,33.88,0.00,0.00,7.14
921654,pac,55.750,186.500,981.73,981.53,12.54,2.64,37.21,44.35,0.00,0.00,4.97
921654,pac,46.500,196.750,981.28,980.63,13.88,4.11,53.53,53.53,0.00,12517.67,6.68
921654,pac,37.000,233.750,999.04,997.94,11.52,2.88,41.23,45.65,0.00,0.00,6.45
921660,atl,43.750,-40.000,1000.96,1000.51,10.68,2.70,52.58,55.10,0.00,14106.45,6.09
921660,atl,43.500,9.500,998.34,997.75,7.15,1.37,35.11,44.78,0.00,0.00,12.39
921660,pac,57.750,210.000,1000.51,1000.18,6.50,1.88,33.91,35.35,0.00,0.00,7.40
921660,pac,55.000,185.500,986.45,986.30,10.62,2.24,33.79,38.92,0.00,0.00,4.13
921660,pac,47.500,197.750,980.54,980.01,14.15,3.79,50.11,50.11,0.00,541.64,5.71
921660,pac,36.250,233.250,999.48,998.87,10.61,2.32,50.38,50.38,0.00,621.20,6.57
921660,pac,36.000,236.000,999.75,999.37,9.90,1.71,43.81,50.38,0.00,621.20,13.41
921666,atl,48.750,-41.750,998.83,998.34,12.09,2.85,51.79,51.79,0.00,5644.66,5.19
921666,atl,43.750,9.500,998.43,998.04,6.46,1.32,37.03,38.49,0.00,0.00,11.53
921666,atl,31.000,-5.000,1003.29,1002.53,5.79,2.01,29.06,31.74,0.00,0.00,13.22
921666,pac,54.000,185.500,990.57,990.45,8.03,1.77,36.22,36.22,0.00,0.00,3.70
921666,pac,48.500,199.250,980.54,980.21,13.94,3.48,47.24,47.24,0.00,0.00,5.08
921666,pac,35.250,234.750,1001.31,1000.73,10.27,2.24,46.47,46.47,0.00,0.00,5.22
921672,atl,51.750,-44.250,997.86,997.56,14.60,3.15,48.86,48.86,0.00,0.00,4.81
921672,atl,45.750,-8.250,1000.42,999.86,11.05,2.80,40.66,40.66,0.00,0.00,5.38
921672,atl,43.750,9.500,999.31,998.67,5.55,1.25,33.14,34.56,0.00,0.00,11.46
921672,pac,49.750,199.750,981.50,981.28,13.38,2.97,43.35,43.39,0.00,0.00,4.45
921672,pac,35.250,235.750,1001.26,1000.67,8.95,2.20,37.89,39.58,0.00,0.00,6.60
921678,atl,53.000,-46.250,994.50,994.11,17.83,3.84,54.08,54.36,0.00,49090.61,5.62
921678,atl,44.000,-5.500,996.70,995.77,11.49,3.05,43.15,43.15,0.00,0.00,5.78
921678,atl,43.750,9.250,1000.07,999.84,4.14,1.03,30.92,30.92,0.00,0.00,11.63
921678,atl,40.500,-34.000,1004.99,1004.77,6.00,1.49,39.69,40.41,0.00,0.00,3.04
921678,pac,54.500,210.750,994.37,994.16,6.96,1.76,35.04,38.32,0.00,0.00,3.88
921678,pac,53.750,161.000,999.46,998.67,5.22,2.02,36.91,36.91,0.00,0.00,9.49
921678,pac,50.250,200.250,982.25,982.04,13.03,2.86,37.43,38.19,0.00,0.00,3.92
921678,pac,35.250,235.500,1004.49,1004.07,8.36,2.10,32.13,34.68,0.00,0.00,4.35
921684,atl,54.000,-48.250,994.99,994.54,18.64,4.48,54.57,54.57,0.00,118559.02,7.48
921684,atl,41.750,-2.500,1000.19,999.00,7.64,2.00,45.44,45.44,0.00,0.00,7.59
921684,atl,39.750,-62.750,1004.95,1004.44,11.00,2.21,44.95,52.17,0.00,6863.07,6.01
921684,pac,56.000,208.750,990.52,989.96,9.23,2.75,41.90,41.90,0.00,0.00,5.86
921684,pac,54.750,162.750,998.68,997.91,6.54,2.29,38.62,38.62,0.00,0.00,7.66
921684,pac,50.750,200.500,984.12,983.94,11.77,2.53,31.27,38.17,0.00,0.00,3.66
921690,atl,54.250,-49.500,993.40,992.46,19.36,5.13,59.36,59.36,0.00,95669.81,9.20
921690,atl,39.750,1.250,1001.73,1001.15,6.02,1.51,42.61,42.61,0.00,0.00,6.46
921690,atl,39.250,-32.750,1002.53,1002.30,6.85,1.74,40.24,40.24,0.00,0.00,3.20
921690,atl,38.000,-59.750,999.57,998.62,13.49,2.69,58.10,58.10,0.00,39994.64,7.36
921690,atl,31.750,-26.750,1004.97,1004.70,4.48,1.31,34.08,34.08,0.00,0.00,2.52
921690,pac,57.250,182.000,1001.01,1000.94,4.56,0.87,26.50,33.57,0.00,0.00,3.37
921690,pac,56.750,207.250,988.44,987.70,10.09,2.97,46.95,47.29,0.00,0.00,8.22
921690,pac,55.750,163.250,997.25,996.30,7.20,2.22,34.75,42.49,0.00,0.00,6.98
921690,pac,50.750,201.250,985.97,985.83,10.58,2.27,32.04,36.24,0.00,0.00,3.28
921690,pac,43.000,176.500,1004.77,1004.33,5.57,1.68,31.49,31.49,0.00,0.00,3.57
921696,atl,55.000,-51.500,990.61,989.15,22.94,6.39,60.35,60.35,0.00,78843.92,11.27
921696,atl,41.250,7.500,1001.32,1000.97,7.26,1.87,43.15,43.37,0.00,0.00,6.26
921696,atl,39.000,-54.500,995.62,994.23,17.57,4.99,58.11,58.11,0.00,102071.48,9.85
921696,atl,38.750,-32.000,1002.48,1002.21,7.30,1.76,42.42,42.42,0.00,0.00,3.39
921696,atl,32.250,-25.000,1004.68,1004.33,5.06,1.45,36.23,36.23,0.00,0.00,2.58
921696,pac,58.000,181.000,1000.22,1000.06,6.08,1.32,28.54,31.83,0.00,0.00,3.58
921696,pac,57.500,205.500,990.75,990.23,7.79,2.18,42.07,42.07,0.00,0.00,7.46
921696,pac,56.750,163.250,997.38,996.86,7.22,1.96,34.34,45.71,0.00,0.00,7.89
921696,pac,51.000,202.750,987.95,987.80,9.54,2.05,31.72,36.34,0.00,0.00,3.09
921696,pac,42.250,181.000,1004.98,1004.59,4.91,1.35,26.91,29.08,0.00,0.00,3.22
921702,atl,55.750,-53.000,986.39,985.36,25.22,7.44,62.39,62.39,0.00,124720.67,11.67
921702,atl,39.500,-52.000,991.97,990.72,18.68,5.29,63.68,63.68,0.00,122234.76,11.35
921702,atl,38.250,-30.250,1000.99,1000.83,7.09,1.62,50.60,51.14,0.00,5918.09,4.39
921702,atl,33.250,-23.750,1002.11,1001.74,5.29,1.43,32.53,32.53,0.00,0.00,2.46
921702,pac,63.250,209.000,998.26,996.65,7.57,1.98,26.79,31.14,0.00,0.00,9.86
921702,pac,58.750,179.000,999.34,999.10,7.61,1.96,34.73,34.73,0.00,0.00,4.31
921702,pac,58.250,203.750,994.27,994.09,5.69,1.43,30.86,30.86,0.00,0.00,6.75
921702,pac,53.750,161.250,996.24,996.03,4.99,1.11,32.66,35.28,0.00,0.00,5.17
921702,pac,51.500,203.750,990.50,990.35,8.53,1.83,27.99,31.36,0.00,0.00,2.75
921708,atl,57.250,-55.250,986.83,986.02,23.17,6.58,56.85,58.45,0.00,111874.19,10.04
921708,atl,39.500,-49.750,990.34,989.48,20.01,5.62,70.30,70.30,7714.99,97059.07,12.61
921708,atl,36.250,-29.000,1003.72,1003.58,5.48,1.13,46.51,46.51,0.00,0.00,3.63
921708,atl,34.250,-23.250,1004.23,1004.05,4.37,0.92,30.42,34.86,0.00,0.00,2.28
921708,pac,64.250,213.250,1001.90,1000.57,8.06,2.29,30.23,30.23,0.00,0.00,13.18
921708,pac,62.750,222.250,1004.48,1003.92,7.80,2.02,27.73,30.23,0.00,0.00,14.51
921708,pac,59.000,179.500,1000.15,1000.06,7.79,2.08,33.57,33.57,0.00,0.00,4.50
921708,pac,56.500,163.500,997.71,997.37,7.12,1.57,31.86,44.10,0.00,0.00,8.82
921708,pac,52.000,204.250,991.97,991.81,8.38,1.93,28.41,28.41,0.00,0.00,2.48
921714,atl,59.750,-58.750,988.46,987.48,20.85,4.84,58.92,59.79,0.00,59107.66,13.40
921714,atl,42.000,-61.750,1001.02,999.20,11.68,3.79,52.96,52.96,0.00,2873.62,10.16
921714,atl,40.000,-46.750,989.36,989.05,19.52,5.07,58.06,58.06,0.00,86859.45,10.51
921714,atl,35.000,-27.000,1003.15,1003.01,4.59,0.97,43.92,44.57,0.00,0.00,2.82
921714,atl,34.250,-21.500,1002.10,1001.94,4.94,1.15,38.14,38.14,0.00,0.00,2.97
921714,pac,59.500,178.750,1000.23,999.96,8.69,2.69,35.92,35.92,0.00,0.00,8.13
921714,pac,57.750,162.750,998.80,998.28,8.18,1.88,43.15,44.22,0.00,0.00,7.06
921714,pac,52.500,204.750,993.53,993.37,8.25,1.90,25.89,26.13,0.00,0.00,2.51
921720,atl,61.250,-66.500,989.44,988.84,22.15,5.31,55.39,59.77,0.00,21692.95,11.81
921720,atl,42.250,-59.000,996.19,994.74,16.64,5.71,61.26,61.26,0.00,35534.30,12.71
921720,atl,41.000,-44.500,989.76,989.53,19.10,4.94,58.59,58.59,0.00,51814.16,9.77
921720,atl,34.750,-20.000,1002.47,1002.22,5.72,1.49,31.47,33.15,0.00,0.00,2.99
921720,pac,59.500,178.500,1002.17,1001.78,8.34,2.75,35.33,35.33,0.00,0.00,9.84
921720,pac,58.750,160.000,1001.33,1001.02,8.49,1.94,45.28,45.28,0.00,0.00,13.48
921720,pac,57.750,163.250,1001.87,1001.64,6.44,1.26,42.63,45.28,0.00,0.00,7.53
921720,pac,52.750,205.250,994.21,994.02,8.26,1.93,25.98,28.71,0.00,0.00,2.69
921720,pac,49.750,216.750,1001.50,1001.21,4.29,1.03,24.56,28.81,0.00,0.00,2.65
921726,atl,62.750,-69.750,992.83,992.44,20.47,4.64,52.17,55.65,0.00,12693.98,22.29
921726,atl,42.750,-56.250,994.61,993.85,16.89,5.32,55.85,55.85,0.00,48726.10,9.99
921726,atl,41.750,-43.250,987.71,987.44,18.07,4.72,55.39,55.39,0.00,92476.25,9.13
921726,atl,34.500,-19.500,1001.47,1001.26,5.39,1.38,35.46,35.46,0.00,0.00,3.48
921726,pac,59.250,178.750,1004.21,1003.87,7.39,2.43,34.91,34.91,0.00,0.00,9.44
921726,pac,53.250,217.250,1000.53,1000.43,4.82,0.71,22.88,29.22,0.00,0.00,3.16
921726,pac,53.000,206.250,994.99,994.84,7.93,1.82,25.50,27.14,0.00,0.00,3.37
921732,atl,64.500,-75.500,996.39,995.87,19.78,4.36,48.78,49.21,0.00,0.00,17.36
921732,atl,43.000,-53.750,996.24,995.75,14.02,4.11,58.27,58.27,0.00,104316.31,8.58
921732,atl,42.500,-42.750,986.68,986.04,16.86,4.58,55.54,55.54,0.00,82220.01,8.61
921732,atl,34.500,-18.250,1004.23,1004.15,4.92,1.23,34.41,34.41,0.00,0.00,3.00
921732,atl,33.250,-14.750,1004.29,1003.88,4.61,1.00,31.75,33.11,0.00,0.00,3.05
921732,pac,59.000,179.250,1004.86,1004.64,6.44,1.96,33.77,33.77,0.00,0.00,4.75
921732,pac,56.000,216.500,996.88,996.72,8.15,1.53,40.97,41.40,0.00,0.00,12.17
921732,pac,53.750,207.000,995.15,995.00,7.11,1.58,28.31,29.89,0.00,0.00,3.70
921732,pac,48.750,163.750,979.71,979.49,16.62,2.33,51.22,65.36,10420.20,112114.01,6.92
921738,atl,65.250,-79.000,998.72,998.31,19.10,4.59,40.49,41.98,0.00,0.00,6.90
921738,atl,43.000,-42.250,982.14,981.66,16.92,4.61,54.55,54.55,0.00,15209.22,6.89
921738,atl,42.750,-50.500,995.95,995.63,9.12,2.28,61.28,61.28,0.00,202643.68,6.88
921738,atl,34.000,-17.750,1004.26,1004.18,4.50,1.17,30.44,30.44,0.00,0.00,2.80
921738,atl,33.000,-13.250,1003.55,1003.29,4.30,1.11,28.16,29.96,0.00,0.00,4.25
921738,atl,31.250,-4.500,1001.55,1000.99,5.47,1.89,30.05,30.05,0.00,0.00,9.34
921738,pac,59.000,179.500,1004.80,1004.59,4.88,1.53,32.16,34.73,0.00,0.00,5.09
921738,pac,57.750,215.500,995.32,994.88,10.07,2.08,39.90,44.14,0.00,0.00,13.50
921738,pac,57.250,211.250,995.58,995.39,7.24,1.39,37.00,38.25,0.00,0.00,11.34
921738,pac,54.250,208.500,995.51,995.40,6.58,1.31,28.91,32.20,0.00,0.00,3.82
921738,pac,50.000,167.000,979.32,979.08,15.70,2.41,42.80,55.29,0.00,37508.30,6.31
921744,atl,43.750,-41.750,980.01,979.44,17.31,4.53,51.36,51.36,0.00,3277.92,6.39
921744,atl,36.500,-72.750,1003.88,1003.28,13.69,3.88,52.98,52.98,0.00,8149.05,6.94
921744,atl,32.750,-12.000,1004.56,1004.31,5.04,1.50,28.04,28.04,0.00,0.00,7.56
921744,atl,31.500,-4.500,1003.10,1002.40,4.96,1.80,25.86,25.86,0.00,0.00,8.57
921744,pac,59.000,214.500,995.65,995.16,9.36,2.57,42.32,42.32,0.00,0.00,9.08
921744,pac,56.750,208.000,995.22,994.95,7.16,1.51,33.29,34.03,0.00,0.00,4.73
921744,pac,50.500,169.500,981.85,981.66,13.37,2.02,40.29,53.97,0.00,36098.03,6.04
921744,pac,40.000,206.000,1001.22,1001.10,6.76,1.41,40.93,47.22,0.00,0.00,3.30
921750,atl,43.750,-42.250,978.82,978.36,17.59,4.62,55.07,55.07,0.00,16453.80,7.97
921750,atl,38.000,-69.250,998.72,997.62,17.21,4.60,54.77,54.77,0.00,12332.27,7.91
921750,atl,32.250,-10.750,1004.86,1004.56,4.22,1.42,23.60,24.16,0.00,0.00,7.01
921750,pac,56.250,207.000,995.59,995.34,7.48,1.60,29.29,31.62,0.00,0.00,3.73
921750,pac,53.000,172.500,984.53,984.13,11.20,2.13,41.49,41.87,0.00,0.00,4.50
921750,pac,40.500,207.750,997.97,997.35,10.29,2.52,47.05,50.36,0.00,1841.19,5.98
921756,atl,42.750,-41.750,983.42,982.93,14.61,3.78,61.92,61.92,0.00,161619.11,7.45
921756,atl,39.500,-66.000,994.02,992.80,19.60,5.13,52.94,54.47,0.00,27047.49,8.15
921756,pac,56.000,207.000,996.52,996.31,7.19,1.65,22.05,27.68,0.00,0.00,5.22
921756,pac,52.500,171.750,988.05,987.63,10.76,2.43,37.43,40.09,0.00,0.00,3.89
921756,pac,43.750,217.500,998.89,998.40,6.94,1.60,43.03,43.03,0.00,0.00,3.68
921756,pac,41.250,210.500,995.53,995.09,10.43,2.27,53.01,62.30,0.00,52422.09,6.56
921762,atl,41.250,-40.500,987.06,986.56,11.14,2.82,64.77,64.77,2400.09,204910.61,5.38
921762,atl,41.250,-34.000,989.99,989.80,5.31,0.93,21.82,42.08,0.00,0.00,2.89
921762,atl,41.000,-63.000,986.92,984.69,23.35,7.31,78.63,78.63,23498.82,151291.84,18.97
921762,pac,56.000,207.500,997.26,997.09,6.74,1.69,23.02,27.02,0.00,0.00,3.43
921762,pac,52.750,183.250,995.02,994.79,4.96,1.08,30.27,33.32,0.00,0.00,2.67
921762,pac,52.250,172.750,992.16,991.86,7.56,1.59,34.66,36.80,0.00,0.00,3.16
921762,pac,50.250,191.500,994.69,994.27,6.98,1.66,33.80,43.48,0.00,0.00,3.21
921762,pac,46.500,218.750,996.52,996.13,8.56,2.28,43.63,45.35,0.00,0.00,4.19
921762,pac,42.500,213.500,994.83,994.60,9.12,1.88,45.07,55.96,0.00,15586.44,5.37
921762,pac,40.500,163.250,972.44,971.46,24.33,6.84,63.44,63.44,0.00,129541.44,14.51
921768,atl,49.000,-43.750,1001.52,1001.25,7.22,1.73,42.65,42.65,0.00,0.00,4.28
921768,atl,42.500,-58.250,985.68,984.45,22.25,6.49,76.23,76.23,21557.93,112464.76,15.78
921768,atl,41.000,-34.750,993.12,993.00,5.44,0.97,25.75,54.35,0.00,5492.94,3.93
921768,atl,39.000,-38.500,993.12,992.60,7.78,2.03,58.00,58.00,0.00,143371.94,4.35
921768,atl,36.750,-33.000,993.25,993.12,5.36,1.15,47.75,55.46,0.00,26741.40,3.33
921768,pac,56.250,207.750,997.34,997.16,5.99,1.62,23.72,25.62,0.00,0.00,3.52
921768,pac,52.250,172.000,992.42,992.28,5.22,0.96,21.10,35.23,0.00,0.00,3.51
921768,pac,50.250,193.000,996.84,996.50,5.89,1.68,30.98,37.79,0.00,0.00,2.78
921768,pac,48.750,219.250,994.76,994.48,8.20,1.98,42.07,45.80,0.00,0.00,4.31
921768,pac,48.250,198.750,997.61,997.28,5.67,1.52,41.93,45.53,0.00,0.00,2.87
921768,pac,42.250,168.250,964.14,963.64,30.14,8.48,81.97,81.97,64991.30,319796.10,16.99
921768,pac,41.250,216.250,990.59,989.90,12.45,2.72,54.42,54.42,0.00,17229.16,6.29
921774,atl,44.250,-55.000,982.49,981.50,20.27,6.00,57.03,57.03,0.00,62224.53,11.24
921774,atl,36.250,-36.000,995.74,995.32,6.26,1.75,58.68,58.68,0.00,81191.67,4.07
921774,atl,35.750,-30.000,993.15,992.95,5.64,1.29,40.87,50.86,0.00,2551.22,2.95
921774,atl,35.750,-25.000,994.41,994.20,6.26,0.97,33.41,47.37,0.00,0.00,4.19
921774,pac,56.500,208.000,998.57,998.40,4.92,1.47,24.78,25.00,0.00,0.00,3.58
921774,pac,48.000,200.500,999.27,998.98,4.71,1.32,34.67,39.55,0.00,0.00,2.77
921774,pac,44.500,173.500,962.41,962.05,28.83,7.12,80.44,80.44,148871.38,337940.89,14.41
921774,pac,42.750,217.750,989.14,988.73,12.06,2.69,51.13,51.13,0.00,5286.33,5.18
921780,atl,47.000,-53.250,980.33,979.54,18.95,4.70,50.59,50.59,0.00,2688.89,6.80
921780,atl,36.750,-24.750,994.48,994.32,8.67,1.47,52.62,53.47,0.00,58919.08,4.95
921780,pac,55.750,218.750,995.15,994.95,9.77,2.52,47.09,47.09,0.00,0.00,13.23
921780,pac,53.000,161.250,990.25,989.79,9.07,2.47,38.88,38.88,0.00,0.00,8.75
921780,pac,46.000,179.500,963.24,962.83,26.65,5.07,77.89,77.89,151693.01,308665.11,11.69
921780,pac,44.250,218.500,985.34,984.87,13.03,3.02,44.96,45.99,0.00,0.00,5.09
921786,atl,49.500,-54.500,971.23,970.53,24.77,5.49,49.90,52.16,0.00,24410.03,8.69
921786,atl,36.500,-25.750,993.55,993.43,9.42,1.85,56.56,56.56,0.00,46006.20,4.61
921786,pac,58.000,217.500,994.84,994.48,10.53,2.82,50.90,50.90,0.00,807.54,13.82
921786,pac,53.000,160.500,987.82,987.01,11.06,2.85,38.29,40.64,0.00,0.00,9.68
921786,pac,47.000,183.250,964.04,963.57,25.81,5.24,73.25,73.25,134008.46,292978.61,9.06
921786,pac,45.250,218.250,985.49,985.11,12.94,3.06,42.63,42.63,0.00,0.00,5.19
921792,atl,50.750,-56.250,966.90,966.27,26.82,6.13,48.60,55.45,0.00,57345.37,9.52
921792,atl,43.250,7.750,1003.29,1003.00,5.49,1.66,33.93,34.67,0.00,0.00,15.81
921792,atl,35.500,-13.750,999.10,998.65,8.80,2.25,46.27,46.27,0.00,0.00,4.31
921792,atl,34.500,-24.000,995.60,995.37,9.12,1.60,42.47,53.68,0.00,14049.24,4.79
921792,pac,59.750,215.000,996.06,995.54,8.11,1.99,43.01,46.61,0.00,0.00,11.71
921792,pac,52.750,160.000,986.69,986.08,11.85,2.75,43.61,45.73,0.00,0.00,6.67
921792,pac,47.250,187.000,968.13,967.75,23.09,4.58,75.54,75.81,158992.09,293835.36,8.23
921792,pac,46.250,218.250,986.26,985.93,11.59,2.71,44.38,44.38,0.00,0.00,4.67
921792,pac,40.000,221.000,991.80,991.64,8.23,1.90,53.86,56.88,0.00,66769.95,4.54
921798,atl,51.750,-58.000,967.62,967.10,24.20,4.89,50.56,56.31,0.00,17662.48,10.74
921798,atl,43.250,8.500,1000.51,1000.21,7.02,2.03,37.04,37.04,0.00,0.00,16.29
921798,atl,36.000,-10.750,996.59,995.72,10.37,2.86,44.02,44.02,0.00,0.00,5.85
921798,atl,32.500,-21.000,995.53,995.14,7.88,1.66,42.41,48.45,0.00,0.00,3.58
921798,pac,62.250,209.000,999.41,998.55,6.26,1.65,18.75,29.06,0.00,0.00,10.28
921798,pac,61.750,216.000,999.84,998.30,6.96,1.16,29.44,41.56,0.00,0.00,10.28
921798,pac,60.500,212.000,999.34,999.10,5.22,0.92,26.99,29.44,0.00,0.00,10.28
921798,pac,52.500,160.250,984.65,984.14,11.27,2.65,47.22,47.31,0.00,0.00,6.44
921798,pac,47.250,191.500,971.78,971.44,20.66,4.09,69.71,72.05,108178.48,240579.37,6.98
921798,pac,47.000,218.500,989.32,989.05,10.16,2.48,39.20,39.20,0.00,0.00,4.28
921798,pac,42.250,161.750,984.21,983.69,13.15,3.39,59.30,61.91,0.00,75424.20,7.57
921798,pac,39.500,223.750,992.39,991.98,10.80,2.52,52.65,52.65,0.00,12868.38,4.59
921804,atl,53.000,-59.750,971.90,971.64,20.77,4.20,47.98,52.03,0.00,1997.17,10.17
921804,atl,42.000,9.750,1001.05,1000.40,5.73,1.29,40.01,40.01,0.00,0.00,17.20
921804,atl,36.000,-9.000,1000.46,999.79,7.00,2.15,39.95,53.38,0.00,634.94,7.17
921804,atl,34.000,2.000,1004.30,1003.66,4.73,1.65,33.01,34.86,0.00,0.00,6.07
921804,atl,32.750,-18.500,997.50,996.98,8.49,1.78,37.87,46.51,0.00,0.00,3.36
921804,pac,61.750,218.750,1001.97,1000.09,6.24,1.47,36.30,36.30,0.00,0.00,14.06
921804,pac,53.000,160.750,985.38,985.04,9.92,2.38,44.89,46.34,0.00,0.00,6.87
921804,pac,48.250,218.250,990.97,990.71,9.00,2.26,34.99,34.99,0.00,0.00,3.82
921804,pac,47.000,195.750,978.43,978.19,16.05,3.01,57.74,62.64,0.00,143380.04,5.66
921804,pac,45.500,167.500,979.41,978.44,16.30,4.40,50.09,52.16,0.00,12297.18,9.07
921804,pac,40.500,225.750,992.14,991.76,11.39,2.29,47.80,48.26,0.00,0.00,4.28
921810,atl,53.500,-61.500,975.64,975.45,18.48,3.97,43.29,58.01,0.00,3515.67,7.19
921810,atl,33.250,-16.000,995.16,994.70,8.78,2.05,42.91,47.06,0.00,0.00,3.84
921810,atl,33.250,4.250,1002.15,1001.77,4.88,1.33,28.48,28.80,0.00,0.00,5.68
921810,pac,53.750,160.500,986.60,986.17,8.06,1.63,39.37,47.90,0.00,0.00,7.59
921810,pac,49.500,218.000,992.60,992.41,7.56,1.89,32.70,32.70,0.00,0.00,3.18
921810,pac,46.250,199.750,983.33,983.16,12.69,2.33,50.40,58.42,0.00,113897.23,4.69
921810,pac,46.000,168.750,976.80,976.10,17.83,4.85,62.81,62.81,0.00,112530.50,10.21
921810,pac,41.500,227.500,994.51,994.27,11.19,2.12,41.71,46.20,0.00,0.00,3.89
921816,atl,54.000,-63.000,984.68,984.29,14.50,3.26,36.55,46.02,0.00,0.00,6.93
921816,atl,34.250,-12.250,995.71,995.20,8.19,1.71,38.68,45.56,0.00,0.00,8.20
921816,pac,62.500,223.000,1002.01,1001.41,8.13,2.11,28.64,39.92,0.00,0.00,16.19
921816,pac,51.000,217.250,992.93,992.82,6.39,1.46,34.27,34.27,0.00,0.00,3.16
921816,pac,46.250,171.750,977.70,977.20,16.82,3.67,62.68,62.68,0.00,150768.26,8.47
921816,pac,45.500,204.250,987.17,986.99,9.71,1.75,46.86,53.00,0.00,41860.15,4.05
921816,pac,42.500,228.250,994.85,994.64,10.56,2.12,45.77,47.12,0.00,0.00,4.16
921822,atl,54.500,-64.000,990.22,989.72,12.38,3.05,33.06,41.29,0.00,0.00,6.38
921822,atl,45.000,-46.000,1001.93,1001.86,6.07,1.37,38.92,42.86,0.00,0.00,2.83
921822,atl,42.500,-38.500,1002.06,1000.80,8.77,2.79,54.11,54.11,0.00,19142.96,6.06
921822,atl,34.000,-11.000,991.99,991.87,9.85,2.24,42.55,45.04,0.00,0.00,8.24
921822,atl,32.250,-79.000,994.75,993.25,14.81,4.17,65.34,65.34,2588.71,77927.64,6.32
921822,pac,62.250,222.250,1002.00,1001.52,8.01,1.95,38.03,42.71,0.00,0.00,18.78
921822,pac,53.000,217.250,994.46,994.35,6.48,1.42,33.78,33.78,0.00,0.00,3.22
921822,pac,49.000,171.750,979.34,979.18,14.15,3.19,59.17,62.02,0.00,136982.47,7.14
921822,pac,46.750,175.750,979.46,979.29,13.46,2.74,63.56,63.56,0.00,291201.82,7.14
921822,pac,44.750,208.750,990.61,990.52,7.49,1.17,41.07,48.20,0.00,0.00,3.54
921822,pac,43.500,229.250,998.00,997.83,8.75,1.89,36.19,41.95,0.00,0.00,4.04
921828,atl,57.500,-69.000,997.18,996.87,10.20,1.98,31.01,33.40,0.00,0.00,5.67
921828,atl,45.000,-38.750,999.04,998.08,10.75,2.75,65.00,65.00,546.43,48503.24,6.44
921828,atl,41.750,7.500,1004.49,1004.01,5.76,1.48,47.84,47.84,0.00,0.00,15.19
921828,atl,35.250,-7.750,990.62,990.27,11.28,2.79,45.62,51.29,0.00,662.39,8.33
921828,atl,34.250,2.500,996.76,996.25,4.97,1.22,43.78,45.15,0.00,0.00,7.35
921828,atl,34.000,-76.250,990.57,988.43,17.59,5.22,54.44,55.61,0.00,52447.02,11.10
921828,pac,62.750,222.500,1002.59,1001.90,8.72,2.53,30.94,37.20,0.00,0.00,19.11
921828,pac,55.750,216.750,996.08,995.96,6.47,1.64,31.60,37.06,0.00,0.00,6.41
921828,pac,48.750,178.500,979.99,979.73,11.87,1.93,59.48,59.62,0.00,158154.34,6.50
921828,pac,45.500,216.500,991.53,991.49,5.76,1.02,30.80,36.76,0.00,0.00,3.16
921834,atl,63.000,5.500,1004.38,1004.21,6.98,1.77,35.98,35.98,0.00,0.00,5.59
921834,atl,58.500,-70.250,1000.10,999.69,9.33,1.85,28.82,32.62,0.00,0.00,4.88
921834,atl,58.000,6.750,1002.44,1002.19,7.63,1.84,36.12,36.97,0.00,0.00,4.31
921834,atl,48.000,-40.500,996.00,995.26,13.36,3.03,61.39,61.39,0.00,37622.47,7.48
921834,atl,36.000,-73.750,986.95,985.25,19.67,5.67,56.51,56.51,0.00,67873.19,9.42
921834,atl,35.250,-6.500,991.18,990.49,8.97,2.48,49.75,49.75,0.00,0.00,10.25
921834,atl,34.000,0.000,991.62,990.71,6.20,1.35,40.45,49.75,0.00,0.00,7.60
921834,atl,33.750,2.750,992.20,991.90,6.34,1.27,31.57,43.91,0.00,0.00,7.60
921834,pac,58.250,215.500,996.36,996.22,6.81,1.56,36.40,36.40,0.00,0.00,8.66
921834,pac,49.500,179.500,979.08,978.83,12.58,2.09,55.45,57.16,0.00,207892.25,5.68
921834,pac,45.500,219.000,992.66,992.53,5.95,1.17,25.49,34.24,0.00,0.00,2.86
921840,atl,60.000,-76.500,1004.25,1004.07,8.54,1.75,27.24,27.24,0.00,0.00,3.52
921840,atl,59.750,-73.250,1004.42,1004.11,7.40,1.24,22.93,27.24,0.00,0.00,3.53
921840,atl,59.500,-70.500,1004.41,1004.09,6.86,1.32,23.31,26.07,0.00,0.00,3.83
921840,atl,57.250,8.000,999.75,999.47,9.22,2.47,36.10,39.60,0.00,0.00,7.38
921840,atl,56.500,-3.750,1003.44,1003.16,6.91,1.51,35.01,42.86,0.00,0.00,4.43
921840,atl,50.500,-43.250,999.43,998.91,12.91,3.03,52.70,52.70,0.00,6732.16,5.47
921840,atl,47.250,-42.750,999.05,998.72,11.28,2.37,48.59,52.70,0.00,4340.08,5.42
921840,atl,43.750,-36.250,1001.60,1001.18,7.85,2.14,52.55,52.55,0.00,2786.41,4.84
921840,atl,40.000,-34.000,1002.53,1002.09,7.67,1.81,49.70,52.55,0.00,2786.41,4.84
921840,atl,38.250,-71.000,985.79,984.07,20.01,5.73,63.42,63.42,0.00,106028.98,10.98
921840,atl,35.250,-4.500,994.78,993.44,7.10,1.77,47.03,48.46,0.00,0.00,9.96
921840,atl,34.500,-0.500,994.41,994.05,5.48,1.01,47.64,48.46,0.00,0.00,9.70
921840,atl,33.750,6.500,993.82,993.59,5.87,1.55,30.69,44.76,0.00,0.00,7.67
921840,pac,62.750,222.250,998.95,998.52,9.92,2.72,34.10,34.44,0.00,0.00,22.01
921840,pac,60.000,213.250,996.25,995.93,7.18,1.65,34.44,34.44,0.00,0.00,12.04
921840,pac,50.000,180.250,978.26,978.02,14.61,2.96,56.37,59.35,0.00,171941.64,5.72
921840,pac,45.500,222.250,992.72,992.65,6.04,1.05,26.67,33.83,0.00,0.00,2.81
921846,atl,62.250,-62.000,1004.72,1004.35,6.63,1.06,44.77,57.90,0.00,8745.53,10.35
921846,atl,60.500,-76.750,1004.43,1004.33,7.13,1.42,22.72,26.02,0.00,0.00,3.00
921846,atl,60.250,-69.750,1004.30,1004.13,5.19,1.09,26.02,27.21,0.00,0.00,4.49
921846,atl,56.500,8.000,998.19,997.79,9.21,2.65,47.08,47.08,0.00,0.00,9.19
921846,atl,55.500,-2.500,1000.92,1000.71,6.64,1.73,28.30,45.54,0.00,0.00,4.39
921846,atl,53.500,-45.250,1004.03,1003.30,11.57,3.53,49.37,49.37,0.00,0.00,5.76
921846,atl,46.250,-42.250,1000.84,1000.28,10.72,2.83,52.26,52.26,0.00,11992.63,5.93
921846,atl,45.750,-37.000,1002.28,1001.68,7.66,1.98,49.28,52.26,0.00,2190.48,5.93
921846,atl,40.500,-69.000,983.68,982.00,19.82,5.64,56.02,56.02,0.00,67702.71,8.67
921846,atl,36.750,-31.000,999.51,998.95,8.70,2.10,44.37,49.10,0.00,0.00,4.21
921846,atl,34.750,3.250,994.05,993.54,5.84,1.09,43.51,47.89,0.00,0.00,4.96
921846,atl,33.500,7.250,994.70,994.51,4.25,0.99,28.64,41.23,0.00,0.00,4.96
921846,pac,64.000,221.750,998.67,998.29,10.79,3.17,22.78,26.22,0.00,0.00,21.92
921846,pac,62.000,215.750,998.17,996.41,6.91,1.22,25.88,26.00,0.00,0.00,18.48
921846,pac,61.500,207.000,998.59,998.14,5.69,1.24,19.22,24.62,0.00,0.00,11.34
921846,pac,61.000,212.250,997.49,997.15,6.03,1.03,24.68,26.00,0.00,0.00,11.34
921846,pac,49.750,181.250,978.62,978.24,14.91,3.15,61.07,63.10,0.00,199509.37,6.27
921846,pac,46.250,224.000,994.55,994.46,5.76,0.99,22.90,30.14,0.00,0.00,2.76
921852,atl,64.750,-64.500,1000.39,1000.13,9.37,2.11,40.73,49.53,0.00,0.00,15.70
921852,atl,55.750,8.750,998.26,997.87,9.08,2.72,40.29,40.29,0.00,0.00,6.86
921852,atl,53.750,-1.000,1001.95,1001.73,5.25,1.19,25.11,38.32,0.00,0.00,3.64
921852,atl,42.750,-68.000,981.73,979.95,20.35,5.75,61.04,61.04,0.00,23371.08,8.84
921852,atl,35.250,-28.250,997.91,996.97,10.40,2.58,49.51,49.51,0.00,0.00,4.72
921852,atl,35.000,7.500,994.49,993.15,5.67,1.14,38.64,41.97,0.00,0.00,6.57
921852,pac,63.000,233.500,1004.60,1003.60,6.24,1.92,19.26,24.98,0.00,0.00,21.28
921852,pac,62.750,215.750,999.12,997.39,6.68,1.44,26.11,26.11,0.00,0.00,21.47
921852,pac,61.750,219.000,999.00,997.39,6.00,1.06,26.11,26.11,0.00,0.00,21.47
921852,pac,61.500,206.500,999.21,998.70,4.19,0.96,16.39,24.39,0.00,0.00,11.43
921852,pac,50.250,223.000,995.76,995.70,4.17,0.67,20.29,33.47,0.00,0.00,3.22
921852,pac,49.750,183.500,979.79,979.53,14.20,2.89,63.00,63.00,0.00,189206.83,6.37
921852,pac,49.500,226.500,995.66,995.54,6.01,1.11,33.31,40.47,0.00,0.00,4.73
921858,atl,66.750,-70.000,995.99,995.55,10.69,2.48,37.01,38.45,0.00,0.00,11.55
921858,atl,57.750,1.250,1001.02,1000.76,4.78,1.40,34.27,40.16,0.00,0.00,6.35
921858,atl,55.250,9.750,997.88,997.39,8.78,2.60,37.23,37.23,0.00,0.00,5.76
921858,atl,53.000,0.250,1000.74,1000.56,4.73,1.14,34.51,35.94,0.00,0.00,3.60
921858,atl,44.500,-67.500,981.25,979.21,18.39,5.36,49.77,52.28,0.00,1068.76,7.62
921858,atl,36.000,-7.500,1001.94,1001.18,4.18,1.49,37.39,37.39,0.00,0.00,13.06
921858,atl,35.500,-28.000,993.02,992.40,12.26,3.18,56.04,56.04,0.00,30262.21,5.17
921858,atl,33.750,6.000,996.00,995.70,5.69,1.41,28.11,36.93,0.00,0.00,6.43
921858,atl,31.250,-4.250,998.16,997.36,6.57,2.27,32.34,35.17,0.00,0.00,13.86
921858,pac,62.750,234.000,1004.16,1003.04,5.77,1.85,17.05,22.33,0.00,0.00,21.36
921858,pac,61.750,206.000,998.85,998.28,4.02,0.97,17.47,25.99,0.00,0.00,9.91
921858,pac,61.500,218.750,998.44,997.22,5.64,0.93,22.87,28.78,0.00,0.00,20.93
921858,pac,52.250,225.750,996.12,995.95,5.72,1.30,39.45,39.45,0.00,0.00,5.23
921858,pac,49.500,185.750,980.99,980.74,13.25,2.83,57.56,62.28,0.00,125322.21,5.94
921858,pac,45.500,230.000,998.84,998.65,6.91,1.60,43.72,45.32,0.00,0.00,4.59
921858,pac,39.500,166.250,1002.84,1002.27,6.57,2.02,43.81,43.81,0.00,0.00,4.32
921858,pac,32.750,161.500,1000.26,998.14,10.09,2.96,58.71,58.71,0.00,37566.13,8.37
921864,atl,67.000,-69.750,993.18,992.92,10.20,2.35,33.89,41.82,0.00,0.00,9.48
921864,atl,56.750,0.750,1000.69,1000.51,5.66,1.50,37.03,43.81,0.00,0.00,7.64
921864,atl,52.750,2.250,999.52,999.31,5.34,1.29,32.59,32.59,0.00,0.00,3.92
921864,atl,45.750,-67.750,985.97,985.23,12.58,3.15,39.67,47.03,0.00,0.00,7.08
921864,atl,36.500,-7.250,1003.67,1002.61,5.01,1.76,30.75,30.75,0.00,0.00,5.32
921864,atl,34.500,-26.750,993.98,993.75,11.81,2.89,51.45,51.45,0.00,10059.76,4.72
921864,atl,33.750,7.750,1000.28,1000.02,4.20,1.36,22.81,29.97,0.00,0.00,9.16
921864,atl,31.000,-4.250,1002.20,1001.44,5.51,2.19,29.75,29.75,0.00,0.00,12.09
921864,pac,62.500,223.000,995.63,995.15,10.02,2.53,20.79,25.70,0.00,0.00,24.19
921864,pac,53.250,197.000,985.10,984.70,7.66,1.91,33.29,36.87,0.00,0.00,3.54
921864,pac,49.500,187.750,982.50,982.25,12.11,2.67,52.51,55.97,0.00,74165.81,5.42
921864,pac,49.000,210.000,989.13,988.81,7.11,1.81,39.83,39.83,0.00,0.00,3.76
921864,pac,48.000,230.250,999.88,999.76,4.73,1.28,43.10,43.10,0.00,0.00,5.32
921864,pac,44.000,164.000,1001.59,1000.80,4.45,1.95,38.32,38.32,0.00,0.00,6.03
921864,pac,40.250,169.000,999.73,999.20,7.73,2.25,37.82,37.82,0.00,0.00,5.06
921864,pac,34.000,165.250,1001.30,1000.30,9.06,2.79,54.18,54.18,0.00,33943.95,5.12
921870,atl,67.750,-68.750,994.15,993.40,7.54,1.49,31.52,48.68,0.00,0.00,10.39
921870,atl,50.500,0.250,997.44,997.07,7.03,1.67,27.84,34.26,0.00,0.00,4.31
921870,atl,46.500,-68.500,986.63,986.09,10.03,2.11,39.32,40.13,0.00,0.00,5.29
921870,atl,43.000,-61.000,989.65,989.11,6.04,1.54,42.39,42.39,0.00,0.00,4.06
921870,atl,33.500,-25.250,991.31,990.96,12.17,2.94,51.59,51.59,0.00,3145.62,4.73
921870,pac,62.500,223.250,995.78,995.55,9.22,2.10,16.35,23.36,0.00,0.00,23.32
921870,pac,53.250,196.000,983.91,983.51,8.27,2.14,38.14,38.14,0.00,0.00,3.99
921870,pac,50.000,212.000,988.44,988.26,7.35,1.82,40.24,40.24,0.00,0.00,4.06
921870,pac,49.250,189.750,984.00,983.85,10.47,2.24,43.94,50.91,0.00,4299.32,4.39
921870,pac,45.250,165.750,998.20,997.02,5.79,2.47,45.21,45.21,0.00,0.00,7.74
921870,pac,40.500,172.750,996.55,996.07,8.02,2.26,40.81,40.81,0.00,0.00,4.35
921870,pac,35.750,171.250,999.44,998.60,7.78,2.23,48.44,52.71,0.00,9158.34,4.40
921876,atl,51.000,1.250,998.03,997.70,7.94,2.10,31.71,32.63,0.00,0.00,3.77
921876,atl,47.000,-60.000,985.57,985.26,10.09,2.39,43.62,43.62,0.00,0.00,10.55
921876,atl,46.250,-68.500,986.77,986.47,8.24,1.42,24.17,34.48,0.00,0.00,5.04
921876,atl,33.000,-24.500,993.37,993.02,12.14,2.99,51.76,51.76,0.00,8860.24,4.91
921876,pac,61.750,223.250,995.09,994.79,8.67,1.31,20.44,27.60,0.00,0.00,23.91
921876,pac,53.250,195.500,983.87,983.48,8.63,2.33,37.90,37.90,0.00,0.00,4.32
921876,pac,51.250,212.250,987.83,987.63,6.89,1.78,39.81,39.83,0.00,0.00,3.75
921876,pac,49.250,192.250,986.66,986.58,7.01,1.35,39.98,45.20,0.00,0.00,3.78
921876,pac,46.750,167.000,996.53,995.00,6.99,3.12,47.83,47.83,0.00,0.00,9.15
921876,pac,45.000,207.500,993.95,993.43,5.52,1.89,43.38,43.38,0.00,0.00,3.95
921876,pac,41.250,178.750,992.26,991.55,9.04,2.50,44.72,44.72,0.00,0.00,4.06
921882,atl,50.750,1.250,999.06,998.64,7.88,2.33,34.83,36.48,0.00,0.00,3.89
921882,atl,49.500,-62.000,981.33,980.91,11.26,2.34,37.10,39.94,0.00,0.00,7.73
921882,atl,45.750,-2.500,999.65,999.26,6.20,1.50,37.03,37.03,0.00,0.00,7.97
921882,atl,32.000,-24.500,993.95,993.73,11.00,2.62,50.76,51.22,0.00,6351.33,3.90
921882,pac,61.500,223.000,996.44,996.12,7.95,1.14,27.19,27.19,0.00,0.00,25.63
921882,pac,53.500,195.500,983.90,983.50,8.52,2.31,39.55,39.55,0.00,0.00,4.20
921882,pac,52.000,212.250,989.10,988.77,5.87,1.64,38.57,40.51,0.00,0.00,3.58
921882,pac,49.250,194.750,987.23,987.16,4.90,0.96,33.36,36.68,0.00,0.00,3.84
921882,pac,47.750,167.750,996.94,995.81,6.94,2.86,47.42,47.42,0.00,0.00,6.70
921882,pac,45.250,209.500,993.63,993.19,6.50,2.17,37.45,41.84,0.00,0.00,4.58
921882,pac,42.250,183.750,986.24,985.52,9.77,2.29,44.39,47.07,0.00,0.00,5.21
921888,atl,50.250,-64.250,981.51,981.31,10.37,2.01,28.17,32.55,0.00,0.00,6.17
921888,atl,46.000,0.000,1001.10,1000.72,6.50,1.30,32.82,44.04,0.00,0.00,8.71
921888,atl,44.500,-53.250,990.90,990.62,4.66,1.04,37.81,40.61,0.00,0.00,3.81
921888,pac,61.750,223.250,996.20,995.73,10.06,2.03,22.71,32.67,0.00,0.00,24.79
921888,pac,55.250,218.500,991.39,991.16,7.57,1.85,38.89,38.89,0.00,0.00,5.94
921888,pac,54.000,195.000,983.73,983.37,8.11,2.12,36.99,36.99,0.00,0.00,3.90
921888,pac,52.500,212.750,991.08,990.71,4.46,1.34,35.88,38.89,0.00,0.00,3.90
921888,pac,48.250,168.000,998.70,997.60,6.72,2.51,39.00,39.00,0.00,0.00,5.29
921888,pac,45.500,212.000,993.14,992.87,7.23,2.22,44.24,44.24,0.00,0.00,4.15
921888,pac,43.000,187.250,975.64,974.63,14.93,3.60,53.79,55.47,0.00,88145.73,8.78
921888,pac,41.250,222.500,1000.98,1000.29,7.18,2.17,36.40,37.95,0.00,0.00,3.91
921894,atl,50.500,-65.250,981.84,981.52,9.22,1.70,26.85,35.83,0.00,0.00,7.55
921894,atl,48.000,-52.250,987.47,987.32,6.35,1.38,46.08,46.08,0.00,0.00,4.59
921894,atl,47.000,-63.250,982.12,981.96,7.26,1.55,32.26,33.92,0.00,0.00,4.01
921894,atl,46.750,2.500,1001.46,1001.32,6.95,1.40,21.92,44.32,0.00,0.00,13.75
921894,atl,42.750,5.000,1003.62,1003.34,4.74,1.25,35.83,35.83,0.00,0.00,13.60
921894,pac,62.000,222.250,998.55,998.07,9.42,1.96,28.20,34.75,0.00,0.00,26.00
921894,pac,57.250,217.750,993.65,993.43,6.58,1.83,38.71,38.71,0.00,0.00,7.45
921894,pac,54.500,193.250,982.24,982.14,8.37,2.07,36.39,36.39,0.00,0.00,3.99
921894,pac,48.500,168.500,997.89,997.15,7.58,2.56,39.71,39.71,0.00,0.00,5.28
921894,pac,47.750,214.250,995.48,995.34,4.60,1.32,28.97,41.74,0.00,0.00,3.52
921894,pac,45.250,194.250,965.97,965.33,18.80,4.18,52.53,65.91,6346.29,108264.00,10.53
921894,pac,45.000,224.250,997.49,996.63,8.71,2.52,42.39,42.39,0.00,0.00,4.83
921900,atl,56.750,-60.750,984.73,984.58,6.87,0.95,24.74,43.03,0.00,0.00,6.30
921900,atl,52.500,-54.000,985.26,985.11,5.96,1.16,48.12,52.12,0.00,5510.37,5.26
921900,atl,49.000,-62.000,980.82,980.62,8.38,1.68,28.40,30.53,0.00,0.00,5.38
921900,atl,45.500,4.000,1003.82,1003.38,5.50,1.38,26.06,37.20,0.00,0.00,13.94
921900,atl,34.500,-13.750,1001.94,1001.63,6.85,1.69,44.20,44.20,0.00,0.00,3.99
921900,pac,62.000,222.000,1000.94,999.51,8.62,1.76,31.69,35.81,0.00,0.00,27.12
921900,pac,58.500,214.750,995.90,995.77,4.68,1.14,35.81,35.81,0.00,0.00,8.18
921900,pac,48.250,169.750,996.57,996.11,8.60,2.57,38.11,38.11,0.00,0.00,4.52
921900,pac,47.750,224.250,991.96,991.21,12.00,3.53,43.43,43.43,0.00,0.00,7.12
921900,pac,46.750,196.250,955.83,954.72,25.13,6.31,60.03,66.55,6242.03,191019.20,11.25
921906,atl,58.750,-66.250,982.14,981.98,10.79,2.28,48.24,51.10,0.00,1469.00,10.32
921906,atl,58.500,-61.500,981.67,981.54,8.55,1.05,34.73,51.10,0.00,1469.00,9.07
921906,atl,56.000,-55.250,982.82,982.71,6.87,1.22,46.13,55.51,0.00,5772.46,5.42
921906,atl,51.000,-61.750,978.59,978.43,8.94,2.00,39.03,39.03,0.00,0.00,7.62
921906,atl,40.250,-42.250,997.81,996.97,7.65,2.24,56.58,56.58,0.00,14898.28,5.58
921906,atl,39.250,-57.250,992.55,992.24,4.89,1.12,51.00,54.81,0.00,44426.35,3.12
921906,atl,34.750,-10.750,1000.65,999.73,6.44,1.84,43.98,43.98,0.00,0.00,5.90
921906,pac,50.500,224.000,989.15,988.18,14.08,4.29,47.13,47.13,0.00,0.00,8.80
921906,pac,47.750,171.250,995.24,994.82,8.04,2.39,44.44,44.44,0.00,0.00,4.21
921906,pac,47.000,199.750,954.54,954.08,24.35,5.48,71.07,71.07,39246.32,383509.04,10.52
921906,pac,41.500,174.000,1003.26,1002.53,4.46,1.49,47.55,50.62,0.00,1201.10,3.59
921912,atl,67.500,-3.750,988.83,988.37,11.35,1.92,58.58,58.58,0.00,103702.15,7.05
921912,atl,67.250,4.750,985.56,985.24,11.78,2.58,47.06,53.89,0.00,5605.65,6.40
921912,atl,61.000,-63.750,979.37,979.17,13.12,2.54,52.40,52.50,0.00,8261.12,11.58
921912,atl,52.000,-63.000,978.74,978.26,11.32,3.39,36.95,37.86,0.00,0.00,8.58
921912,atl,46.500,-43.750,998.89,998.73,4.83,1.25,52.24,57.02,0.00,22641.08,5.99
921912,atl,43.000,-42.250,998.79,998.29,6.67,1.69,64.11,64.11,1141.76,52424.19,6.32
921912,atl,41.250,-53.250,990.09,989.86,8.07,2.06,42.31,46.56,0.00,0.00,3.54
921912,atl,34.500,-10.000,1002.47,1002.05,6.61,1.72,43.86,43.86,0.00,0.00,7.86
921912,pac,62.500,222.750,1002.27,1001.56,8.47,2.26,22.06,31.70,0.00,0.00,25.36
921912,pac,52.750,223.500,989.46,988.52,12.18,3.56,50.27,51.72,0.00,2298.25,6.33
921912,pac,49.000,201.500,954.68,954.23,21.84,4.44,63.14,63.31,0.00,310275.41,7.55
921912,pac,46.750,173.000,996.40,996.08,6.66,2.01,47.32,47.32,0.00,0.00,4.20
921912,pac,41.500,177.500,998.29,997.09,6.42,2.17,50.73,51.03,0.00,7172.03,6.01
921918,atl,68.000,3.250,987.39,986.92,12.53,2.82,41.82,51.11,0.00,2412.29,7.82
921918,atl,62.500,-63.750,976.99,976.70,12.92,2.38,57.33,57.33,0.00,27760.34,23.04
921918,atl,52.750,-63.250,980.03,979.15,10.51,3.16,27.28,36.29,0.00,0.00,7.64
921918,atl,45.500,-41.000,993.51,992.12,11.30,3.73,72.08,72.08,12824.94,117949.03,8.41
921918,atl,44.000,-51.500,986.38,985.76,9.62,2.92,43.58,44.92,0.00,0.00,5.56
921918,atl,34.750,2.000,1002.35,1001.64,5.38,1.32,32.16,36.68,0.00,0.00,4.83
921918,atl,34.000,-9.250,1002.25,1001.87,6.54,1.55,43.50,43.50,0.00,0.00,6.24
921918,pac,55.500,220.500,986.56,985.92,10.66,3.47,57.69,57.69,0.00,30182.23,9.97
921918,pac,50.250,201.750,954.48,953.93,20.89,4.30,57.11,59.42,0.00,201884.52,6.76
921918,pac,40.750,181.000,994.08,993.40,7.59,2.40,57.80,58.61,0.00,141984.46,6.49
921924,atl,68.250,-60.500,982.37,981.74,11.00,3.08,51.17,51.51,0.00,3999.60,19.42
921924,atl,66.500,-0.750,993.93,993.50,11.17,2.59,51.80,51.80,0.00,19034.40,5.98
921924,atl,65.750,7.750,992.94,992.77,8.76,1.72,27.17,45.19,0.00,0.00,9.12
921924,atl,64.500,-64.000,977.55,976.71,11.15,2.52,41.00,51.51,0.00,4030.34,19.42
921924,atl,63.500,-67.250,978.36,977.69,10.10,1.83,41.00,43.76,0.00,0.00,19.42
921924,atl,54.000,-63.500,984.83,984.38,7.34,2.14,28.17,34.65,0.00,0.00,5.43
921924,atl,48.500,-42.250,991.81,990.51,10.27,2.94,63.17,63.17,0.00,123579.59,7.80
921924,atl,45.750,-51.000,983.06,982.36,12.63,3.95,44.19,44.19,0.00,0.00,7.97
921924,atl,36.250,7.750,1000.53,999.77,6.98,1.84,34.88,41.83,0.00,0.00,5.31
921924,atl,34.250,-3.250,1002.32,1001.97,6.00,1.25,41.82,42.46,0.00,0.00,7.29
921924,pac,51.250,201.250,955.02,954.55,19.51,4.06,53.84,55.30,0.00,123253.71,6.14
921924,pac,39.750,188.000,990.89,990.38,6.28,1.33,44.58,62.99,0.00,97177.93,5.18
921930,atl,66.500,-71.500,977.86,977.44,13.58,3.72,37.76,52.99,0.00,4304.76,17.83
921930,atl,66.000,7.500,998.03,997.79,7.49,1.64,26.27,40.69,0.00,0.00,9.37
921930,atl,63.000,-0.250,999.16,998.58,8.93,2.31,56.51,56.51,0.00,14509.87,6.25
921930,atl,62.000,3.250,998.92,998.84,7.57,1.23,55.07,56.51,0.00,14509.87,6.25
921930,atl,58.500,-62.750,987.49,987.25,4.19,0.95,35.01,37.72,0.00,0.00,3.81
921930,atl,47.500,-50.500,978.74,977.93,14.55,4.38,43.96,43.96,0.00,0.00,7.58
921930,atl,33.750,3.750,1000.05,999.75,5.56,1.24,27.34,37.27,0.00,0.00,5.96
921930,atl,31.500,-3.000,1001.28,1000.84,5.75,1.31,33.32,44.97,0.00,0.00,11.72
921930,pac,52.000,200.750,956.88,956.48,18.26,3.73,41.06,52.78,0.00,21667.07,5.45
921930,pac,38.500,193.000,982.98,981.13,12.90,3.59,53.82,60.34,0.00,142001.61,6.93
921936,atl,66.750,-72.500,982.43,981.72,14.19,4.08,38.87,42.66,0.00,0.00,17.04
921936,atl,66.000,7.250,1003.98,1003.68,6.25,1.65,39.21,39.21,0.00,0.00,6.05
921936,atl,60.000,0.750,1001.17,1000.38,10.67,2.95,49.74,49.74,0.00,0.00,5.57
921936,atl,54.250,5.250,1002.62,1002.31,6.83,1.78,34.95,40.58,0.00,0.00,3.55
921936,atl,49.500,-50.250,975.89,975.54,16.30,4.80,46.37,46.37,0.00,0.00,8.72
921936,atl,34.000,6.750,1001.13,1000.94,5.97,1.79,30.53,30.90,0.00,0.00,6.94
921936,atl,31.000,-4.500,1004.79,1004.43,6.83,2.33,27.29,33.73,0.00,0.00,12.94
921936,pac,62.250,222.750,993.04,992.39,7.21,1.77,35.09,43.07,0.00,0.00,18.23
921936,pac,57.750,237.000,1004.49,1003.40,4.18,1.39,32.06,32.06,0.00,0.00,13.61
921936,pac,52.750,200.000,959.74,959.34,17.04,3.74,40.25,45.26,0.00,0.00,4.94
921936,pac,40.250,217.500,1000.08,998.68,7.50,2.29,61.93,61.93,0.00,34942.94,5.78
921936,pac,39.250,194.250,975.30,973.56,18.72,5.87,61.22,62.06,0.00,122975.92,11.46
921942,atl,67.000,-73.750,986.25,985.62,13.58,3.84,40.58,41.31,0.00,0.00,16.20
921942,atl,64.000,-68.000,990.22,990.05,4.60,0.69,27.22,39.76,0.00,0.00,16.20
921942,atl,57.000,0.500,1003.18,1002.60,10.22,2.79,48.24,48.24,0.00,0.00,5.76
921942,atl,53.500,4.750,1002.22,1002.06,7.09,1.58,34.63,46.54,0.00,0.00,4.95
921942,atl,52.500,-51.750,971.68,971.11,16.39,4.14,50.22,50.22,0.00,1477.22,8.09
921942,atl,33.750,8.500,1001.77,1001.50,5.67,1.77,31.92,31.92,0.00,0.00,11.53
921942,pac,62.250,221.500,992.52,991.67,6.66,1.66,37.63,37.63,0.00,0.00,18.92
921942,pac,53.750,199.750,964.00,963.63,14.83,3.25,38.94,42.82,0.00,0.00,4.90
921942,pac,44.000,221.500,1000.10,999.02,9.17,2.90,56.35,56.35,0.00,21948.36,5.83
921942,pac,41.000,161.750,982.84,980.58,23.33,7.11,63.37,63.37,0.00,128231.43,14.27
921942,pac,38.250,197.000,976.20,975.06,18.37,5.19,76.02,76.02,57203.40,246329.28,10.80
921948,atl,67.250,-74.500,990.52,989.99,11.17,3.09,40.53,40.67,0.00,0.00,17.47
921948,atl,54.250,-53.500,967.20,966.59,18.65,4.67,53.87,53.87,0.00,26254.39,9.49
921948,atl,43.250,8.250,1000.25,999.68,6.21,1.95,42.76,43.28,0.00,0.00,9.50
921948,pac,62.750,222.750,995.08,994.62,6.36,1.79,31.53,35.03,0.00,0.00,18.76
921948,pac,58.000,237.000,1002.90,1002.15,5.32,1.51,32.80,35.04,0.00,0.00,17.24
921948,pac,54.500,198.250,968.13,967.70,13.06,2.77,39.04,39.64,0.00,0.00,4.96
921948,pac,47.500,225.000,1000.13,998.89,10.07,3.20,51.81,51.81,0.00,5287.47,8.21
921948,pac,41.750,166.500,976.01,973.98,26.36,8.28,66.22,66.22,14733.57,210529.50,17.20
921948,pac,41.000,200.500,977.22,976.94,14.00,2.81,59.65,66.32,3095.92,152699.19,8.58
921954,atl,66.750,-74.500,992.25,991.94,8.73,2.06,38.97,38.97,0.00,0.00,17.88
921954,atl,56.000,-56.000,961.72,961.26,22.69,5.90,63.36,63.36,0.00,110082.10,11.45
921954,pac,64.750,223.250,998.05,996.65,6.12,1.61,17.97,35.41,0.00,0.00,18.39
921954,pac,64.750,227.500,998.24,996.66,8.29,2.43,22.88,27.62,0.00,0.00,18.39
921954,pac,64.250,213.750,994.36,992.76,4.73,2.08,35.41,35.41,0.00,0.00,14.63
921954,pac,54.250,192.000,971.37,971.25,10.22,1.53,36.28,37.37,0.00,0.00,4.58
921954,pac,50.500,229.000,1001.71,1000.97,11.67,3.89,60.23,60.23,0.00,73683.63,13.81
921954,pac,42.750,201.750,976.29,975.96,13.72,3.34,62.09,64.51,1808.00,107422.77,7.36
921954,pac,41.500,172.250,972.85,971.90,24.48,7.15,79.99,79.99,85736.53,307525.99,13.25
921960,atl,63.750,-49.000,987.52,986.10,9.69,4.40,82.27,82.27,51033.73,178170.59,16.12
921960,atl,57.500,-58.000,963.25,962.19,22.67,6.33,64.76,64.76,1248.47,205472.62,19.20
921960,pac,65.500,220.250,999.46,998.95,4.82,1.46,17.13,28.87,0.00,0.00,15.62
921960,pac,65.000,228.250,1001.01,999.21,6.31,1.77,22.33,27.15,0.00,0.00,15.07
921960,pac,62.750,223.000,1000.58,1000.25,4.25,1.10,21.61,28.87,0.00,0.00,11.73
921960,pac,57.250,238.000,1002.73,1002.26,4.79,0.86,33.32,39.50,0.00,0.00,11.31
921960,pac,53.750,189.500,971.30,971.22,10.61,1.81,33.83,37.08,0.00,0.00,4.45
921960,pac,53.750,235.750,1002.99,1002.45,8.08,2.78,58.51,60.31,0.00,7310.44,11.31
921960,pac,45.500,203.500,973.66,973.27,13.70,3.15,57.09,60.35,0.00,66773.88,7.41
921960,pac,40.750,178.750,968.93,968.47,22.72,5.63,84.17,84.17,152682.39,381985.13,10.34
921966,atl,69.000,-60.250,991.09,990.58,6.23,2.33,40.77,60.63,0.00,12552.76,27.62
921966,atl,64.500,-49.250,992.48,991.66,6.90,3.00,70.95,70.95,18742.68,204854.22,11.73
921966,atl,62.250,-67.750,968.48,967.24,18.65,4.84,50.07,52.62,0.00,7637.45,19.28
921966,atl,59.000,-59.000,964.85,962.91,21.92,6.49,66.75,66.75,8880.50,244951.83,15.90
921966,atl,47.250,-44.000,998.80,998.10,4.26,1.43,41.11,41.11,0.00,0.00,3.92
921966,atl,35.000,-67.000,1001.96,1001.55,7.17,1.86,47.03,47.03,0.00,0.00,3.62
921966,pac,65.250,228.500,1004.79,1003.04,5.14,1.38,19.00,24.39,0.00,0.00,12.87
921966,pac,63.000,234.500,1004.84,1003.89,6.36,1.98,22.65,23.98,0.00,0.00,12.87
921966,pac,53.250,188.500,971.32,971.26,10.54,1.95,38.33,40.64,0.00,0.00,3.89
921966,pac,48.750,204.250,972.37,971.63,13.49,3.30,55.32,55.32,0.00,19846.81,7.03
921966,pac,40.500,186.750,965.83,965.26,19.09,4.07,67.66,81.30,84246.89,271278.79,8.80
921972,atl,67.000,-51.000,998.98,998.49,6.25,2.05,60.23,62.13,0.00,96134.62,10.60
921972,atl,62.750,-70.500,970.85,970.51,18.60,4.09,42.85,55.20,0.00,4236.34,17.61
921972,atl,61.750,-61.500,974.12,973.03,15.12,3.76,65.86,65.86,3642.70,167713.18,11.44
921972,atl,51.750,-42.500,1000.18,999.55,4.46,1.70,54.67,54.67,0.00,4287.16,4.03
921972,atl,47.500,-79.000,995.31,995.02,9.17,2.20,27.79,33.33,0.00,0.00,5.39
921972,atl,35.250,-62.500,999.54,999.29,8.35,2.06,42.25,42.66,0.00,0.00,3.47
921972,pac,53.500,187.250,972.52,972.43,9.97,1.87,37.67,40.53,0.00,0.00,3.60
921972,pac,49.750,203.500,970.40,969.80,12.18,2.69,39.77,49.72,0.00,0.00,5.58
921972,pac,40.750,192.500,960.59,959.84,20.28,4.41,55.01,70.46,28858.64,187040.80,8.37
921978,atl,63.000,-74.000,972.63,972.16,18.74,4.01,40.86,57.58,0.00,5860.19,7.64
921978,atl,59.000,-62.250,986.18,985.75,5.30,1.73,38.92,50.45,0.00,374.65,5.73
921978,atl,55.250,-45.000,997.10,996.29,6.65,2.11,46.16,46.16,0.00,0.00,4.74
921978,atl,46.750,-73.500,992.79,992.28,8.22,1.82,35.25,37.51,0.00,0.00,4.64
921978,atl,36.000,-58.750,995.86,995.22,8.97,2.17,42.07,42.07,0.00,0.00,5.01
921978,pac,53.250,201.250,971.63,971.39,11.27,2.35,54.35,54.35,0.00,34282.51,7.33
921978,pac,53.000,186.750,973.86,973.77,8.52,1.78,38.97,39.64,0.00,0.00,3.35
921978,pac,40.750,195.000,959.58,959.37,19.89,4.26,68.57,82.54,65649.21,296338.06,10.69
921984,atl,63.000,-76.250,979.86,979.23,15.77,3.46,40.60,43.03,0.00,0.00,7.36
921984,atl,62.000,-61.500,991.92,991.64,5.22,1.42,34.13,45.17,0.00,0.00,9.79
921984,atl,59.000,-62.250,992.31,991.72,4.57,1.52,33.53,34.13,0.00,0.00,5.80
921984,atl,58.750,-49.250,994.64,993.82,9.26,2.18,55.19,57.44,0.00,47047.64,21.30
921984,atl,49.250,-29.750,1004.90,1004.27,8.47,2.60,50.56,50.56,0.00,1008.87,5.52
921984,atl,47.000,-67.250,993.67,993.27,8.07,1.82,27.72,31.87,0.00,0.00,5.14
921984,atl,36.250,-56.000,993.85,993.64,9.46,1.96,46.96,50.85,0.00,4545.81,4.99
921984,pac,54.000,197.250,972.48,972.12,8.62,2.14,41.09,43.87,0.00,0.00,4.37
921984,pac,51.500,189.000,974.54,974.36,6.48,1.48,37.47,38.72,0.00,0.00,3.14
921984,pac,42.750,199.250,958.46,958.11,17.10,3.40,62.49,74.44,12585.90,138231.47,8.90
921990,atl,63.000,-61.750,990.44,990.10,7.48,1.72,41.90,45.88,0.00,0.00,12.52
921990,atl,63.000,-57.750,990.22,989.78,10.30,2.19,45.88,68.36,7479.72,24161.18,11.46
921990,atl,62.750,-78.500,983.45,982.91,13.77,3.12,43.79,43.79,0.00,0.00,7.02
921990,atl,52.000,-31.250,1004.81,1004.09,10.05,2.89,48.02,48.02,0.00,0.00,5.27
921990,atl,48.500,-63.250,992.82,992.35,11.21,2.94,32.96,32.96,0.00,0.00,4.98
921990,atl,36.750,-53.750,989.87,989.68,10.78,2.24,56.93,56.93,0.00,18808.86,6.24
921990,pac,54.500,193.500,972.18,972.00,9.31,2.14,39.77,40.30,0.00,0.00,3.95
921990,pac,44.750,201.250,955.57,954.62,19.01,4.53,63.95,68.09,4676.62,208908.17,9.66
921996,atl,64.750,-65.750,986.76,986.05,12.51,3.96,41.20,41.78,0.00,0.00,17.61
921996,atl,49.750,-61.250,992.85,992.00,14.35,4.12,37.62,37.62,0.00,0.00,8.05
921996,atl,36.500,-49.750,988.97,988.80,11.20,2.01,60.79,60.79,0.00,120085.18,5.49
921996,pac,54.750,190.250,971.54,971.25,10.29,2.46,40.62,40.72,0.00,0.00,4.03
921996,pac,47.250,202.250,954.94,954.29,17.14,3.84,65.24,71.53,19518.16,109676.03,10.54
922002,atl,65.750,-72.500,986.23,985.23,13.78,4.15,51.51,51.51,0.00,1571.56,12.08
922002,atl,51.000,-60.000,994.93,994.11,13.11,3.91,36.06,37.70,0.00,0.00,7.49
922002,atl,42.750,-24.500,1004.29,1003.67,12.75,4.03,49.51,49.51,0.00,0.00,6.52
922002,atl,36.500,-47.000,986.03,985.89,11.45,2.05,61.49,61.49,0.00,137118.01,5.11
922002,atl,34.500,-41.250,990.43,989.41,8.64,2.22,52.26,52.26,0.00,8236.92,5.46
922002,pac,65.250,229.500,1004.86,1003.41,5.24,1.56,17.60,20.29,0.00,0.00,11.28
922002,pac,64.500,212.500,999.71,998.36,7.31,1.43,23.21,25.58,0.00,0.00,14.91
922002,pac,64.000,233.750,1004.75,1003.43,6.44,1.93,17.60,19.86,0.00,0.00,9.97
922002,pac,54.750,187.500,972.43,972.08,10.14,2.37,42.46,43.68,0.00,0.00,4.39
922002,pac,48.000,202.500,954.19,953.65,16.16,3.45,59.09,61.80,0.00,134192.37,7.73
922002,pac,34.000,166.250,998.56,997.85,10.36,2.48,46.27,54.24,0.00,13193.07,6.13
922008,atl,65.750,-78.000,987.99,987.30,14.54,4.53,41.03,41.03,0.00,0.00,8.07
922008,atl,52.500,-59.000,1000.81,1000.13,8.57,2.76,29.15,31.05,0.00,0.00,7.44
922008,atl,44.250,-78.000,987.68,987.33,11.97,3.13,38.05,38.78,0.00,0.00,7.80
922008,atl,42.750,-24.750,1004.48,1003.76,12.91,3.97,49.26,49.26,0.00,0.00,5.21
922008,atl,37.000,-41.750,980.60,978.02,17.68,4.92,70.36,70.36,11631.99,131942.34,9.79
922008,pac,64.500,213.000,1000.46,1000.23,8.49,1.70,28.93,34.94,0.00,0.00,15.51
922008,pac,54.000,186.250,974.94,974.78,6.27,1.27,29.37,42.34,0.00,0.00,4.19
922008,pac,49.250,203.750,954.79,954.68,15.06,2.99,57.98,57.98,0.00,126214.90,6.97
922008,pac,37.000,193.500,992.79,991.71,4.27,1.66,53.40,53.40,0.00,13654.15,3.87
922008,pac,33.250,171.500,997.20,996.24,9.98,2.69,51.28,53.52,0.00,15493.04,6.48
922014,atl,54.500,-57.500,1003.46,1003.31,5.58,1.70,30.24,38.58,0.00,0.00,5.39
922014,atl,53.250,-46.000,999.15,998.29,12.98,3.70,52.14,52.14,0.00,7324.54,6.31
922014,atl,45.750,-72.000,987.78,987.04,12.24,2.62,27.40,36.11,0.00,0.00,8.15
922014,atl,43.000,-26.000,1004.17,1003.67,10.14,3.19,47.97,47.97,0.00,0.00,4.79
922014,atl,37.500,-43.000,977.64,975.69,20.53,4.95,59.51,61.34,0.00,261820.27,7.59
922014,pac,64.500,212.750,999.35,998.20,8.63,1.95,22.36,36.20,0.00,0.00,14.64
922014,pac,51.000,202.250,956.56,956.32,13.51,2.38,49.20,55.40,0.00,41547.40,7.13
922014,pac,37.750,198.250,991.68,990.74,4.38,1.60,50.76,50.76,0.00,1841.28,3.89
922014,pac,32.000,177.000,995.75,994.77,8.33,2.14,50.00,51.84,0.00,6706.10,5.49
922020,atl,60.750,-59.000,1003.32,1003.08,7.05,2.30,39.25,39.25,0.00,0.00,4.73
922020,atl,57.000,-58.000,1003.55,1003.42,4.73,1.43,30.13,37.71,0.00,0.00,4.73
922020,atl,56.750,-47.000,996.04,994.96,16.74,5.12,54.24,54.24,0.00,34934.28,8.47
922020,atl,43.250,-28.500,1004.79,1004.48,7.33,2.18,46.07,46.07,0.00,0.00,4.46
922020,atl,37.250,-78.250,986.13,985.85,12.92,2.96,48.96,54.01,0.00,6300.90,9.26
922020,atl,35.750,-42.250,982.07,980.73,17.77,4.16,62.33,62.33,0.00,284664.75,6.56
922020,pac,52.000,201.000,958.44,958.17,12.48,2.32,46.27,48.58,0.00,0.00,4.97
922020,pac,39.250,202.750,990.60,989.76,4.28,1.59,49.15,49.15,0.00,0.00,3.54
922026,atl,63.000,-59.750,1002.09,1001.72,5.73,1.94,33.29,33.29,0.00,0.00,7.27
922026,atl,60.000,-47.250,997.98,996.28,14.54,4.79,52.48,52.48,0.00,3353.64,21.95
922026,atl,39.750,-72.500,978.16,977.75,16.02,3.59,53.97,61.15,0.00,135835.49,9.62
922026,atl,35.000,-39.750,983.51,982.77,15.27,3.67,59.88,59.88,0.00,175334.13,5.88
922026,pac,52.500,199.500,960.33,960.13,12.11,2.31,42.61,44.69,0.00,0.00,4.66
922026,pac,31.250,194.500,989.13,987.61,10.16,2.70,66.09,66.09,1985.44,84474.52,7.17
922032,atl,68.750,-49.500,1003.77,1003.38,10.05,2.37,51.10,51.10,0.00,13129.79,7.74
922032,atl,67.000,-66.250,1003.02,1000.98,4.90,1.78,27.68,31.86,0.00,0.00,10.82
922032,atl,65.750,-63.500,1002.71,1001.89,5.03,1.82,31.86,32.17,0.00,0.00,10.82
922032,atl,41.750,-69.250,969.45,968.94,23.67,5.19,68.06,69.55,71980.70,317617.21,15.23
922032,atl,35.250,-37.750,986.74,986.08,14.53,3.56,52.91,52.91,0.00,20152.25,4.55
922032,pac,62.500,221.250,991.00,990.47,10.06,2.79,37.04,37.04,0.00,0.00,19.78
922032,pac,58.000,237.250,1001.43,1000.84,6.73,2.03,32.18,34.10,0.00,0.00,10.89
922032,pac,53.500,198.750,963.69,963.53,11.66,2.21,43.23,45.44,0.00,0.00,4.55
922032,pac,33.750,200.250,982.10,980.79,13.68,3.99,69.49,69.49,6514.88,178782.78,7.17
922038,atl,67.250,-65.500,1002.01,1000.78,6.78,2.25,35.71,37.76,0.00,0.00,11.64
922038,atl,67.000,-62.750,1001.85,1000.78,7.68,2.60,37.14,39.91,0.00,0.00,11.64
922038,atl,43.750,-67.500,960.34,959.05,30.88,8.07,71.00,72.97,60929.96,419890.04,17.79
922038,atl,41.500,-28.750,997.06,996.51,9.51,2.58,52.20,52.20,0.00,6239.77,5.17
922038,atl,35.750,-36.500,985.76,985.28,14.05,3.41,46.95,49.27,0.00,0.00,4.18
922038,pac,64.250,213.000,990.06,987.40,11.05,3.33,39.11,43.12,0.00,0.00,23.82
922038,pac,63.000,221.750,994.65,994.14,10.69,3.24,35.16,38.94,0.00,0.00,23.82
922038,pac,54.250,198.000,966.81,966.65,11.59,2.12,46.34,46.34,0.00,0.00,6.30
922038,pac,52.250,160.500,989.07,988.37,6.52,2.66,45.66,45.66,0.00,0.00,6.41
922038,pac,37.250,205.250,973.54,970.59,21.31,6.44,69.82,69.82,43875.85,236595.66,15.26
922044,atl,68.750,-64.500,999.63,998.96,12.13,3.98,36.75,40.75,0.00,0.00,11.67
922044,atl,47.750,-67.000,964.27,962.89,27.79,5.97,62.86,64.73,546.43,177174.20,13.48
922044,atl,42.750,-30.750,998.07,997.44,10.01,2.62,51.23,51.23,0.00,4932.15,5.21
922044,atl,35.750,-35.750,987.58,987.11,14.13,3.36,45.22,47.12,0.00,0.00,4.03
922044,pac,63.750,229.250,1002.57,1001.78,9.70,3.87,28.64,32.05,0.00,0.00,24.79
922044,pac,62.500,233.750,1002.93,1000.42,7.93,2.39,34.90,34.90,0.00,0.00,20.82
922044,pac,54.500,216.000,995.86,995.33,8.34,2.66,36.20,38.95,0.00,0.00,5.02
922044,pac,54.000,196.250,971.19,971.03,9.87,1.79,45.93,45.93,0.00,0.00,7.44
922044,pac,52.250,160.750,986.88,986.24,5.74,2.21,40.81,40.81,0.00,0.00,5.63
922044,pac,46.000,162.250,986.32,985.15,10.04,2.96,66.42,66.42,2666.80,252432.88,8.49
922044,pac,41.000,209.000,972.27,971.65,19.98,5.27,72.41,72.41,57191.20,303147.02,10.27
922050,atl,50.750,-69.250,969.12,967.95,25.84,6.08,56.51,56.51,0.00,14578.81,14.08
922050,atl,36.000,-34.250,987.92,987.60,13.08,2.93,41.99,44.03,0.00,0.00,4.38
922050,pac,64.500,212.750,1003.59,1002.04,4.53,2.03,31.38,39.20,0.00,0.00,17.03
922050,pac,57.750,216.000,996.51,995.62,9.32,3.34,40.31,40.69,0.00,0.00,11.02
922050,pac,54.750,194.000,974.08,974.00,8.96,1.48,37.18,50.74,0.00,432.13,7.45
922050,pac,51.750,160.500,984.52,984.02,6.26,1.62,41.54,56.51,0.00,2610.38,6.89
922050,pac,47.000,166.000,980.32,979.15,11.17,3.51,64.72,64.72,1058.98,329410.42,7.74
922050,pac,46.000,210.750,967.25,966.61,23.86,5.94,68.05,68.05,33207.90,330917.80,9.40
922056,atl,52.000,-69.750,979.94,978.86,16.84,3.60,38.13,39.90,0.00,0.00,14.24
922056,atl,37.000,-32.500,989.99,989.73,12.02,2.67,43.59,43.59,0.00,0.00,3.68
922056,pac,55.250,192.250,976.32,976.21,8.10,1.51,35.97,35.97,0.00,0.00,4.42
922056,pac,51.250,160.500,985.69,985.31,5.53,1.21,34.32,40.59,0.00,0.00,6.09
922056,pac,50.000,210.000,960.74,960.07,27.75,7.26,60.84,60.84,0.00,242577.26,11.59
922056,pac,47.750,172.750,974.77,973.66,13.47,3.74,69.15,69.15,38409.14,251678.02,6.99
922062,atl,55.500,-73.500,983.17,982.41,14.95,3.55,37.51,43.14,0.00,0.00,12.67
922062,atl,38.000,-31.000,990.62,990.33,11.47,2.56,42.41,42.41,0.00,0.00,3.59
922062,pac,55.750,190.000,976.34,976.17,7.67,1.52,31.39,36.84,0.00,0.00,3.63
922062,pac,52.500,210.250,956.97,956.46,31.41,8.46,72.61,72.61,37454.98,330476.29,13.92
922062,pac,48.000,175.500,967.81,967.13,16.99,4.79,71.46,72.18,52969.96,212504.30,7.72
922068,atl,56.750,-76.500,986.94,986.69,11.51,2.33,37.61,39.47,0.00,0.00,6.05
922068,atl,56.250,-70.250,988.65,988.23,7.15,1.23,26.01,36.62,0.00,0.00,7.78
922068,atl,43.750,-38.500,1000.56,1000.43,4.65,1.14,25.28,32.48,0.00,0.00,2.32
922068,atl,39.000,-29.500,992.52,992.18,12.76,3.00,42.04,42.04,0.00,0.00,4.08
922068,pac,55.250,210.250,957.24,956.75,31.63,8.15,75.86,75.86,94705.34,306710.97,13.24
922068,pac,48.250,179.000,966.57,965.87,15.07,3.73,60.15,64.03,555.88,217343.97,6.99
922074,atl,57.750,-70.500,989.13,988.69,7.24,1.44,27.11,43.47,0.00,0.00,8.37
922074,atl,56.750,-79.250,987.65,987.43,10.99,2.44,36.60,38.36,0.00,0.00,5.09
922074,atl,45.250,-39.750,1000.42,1000.29,4.99,1.15,24.97,28.19,0.00,0.00,2.16
922074,atl,40.000,-28.500,993.37,993.06,11.97,2.77,38.91,43.48,0.00,0.00,3.83
922074,pac,57.500,209.500,959.48,958.31,29.32,8.06,72.61,72.61,74308.71,285642.20,11.52
922074,pac,48.750,182.750,964.08,963.42,13.81,3.27,57.85,60.93,0.00,211448.01,5.77
922080,atl,68.000,9.250,985.91,985.84,9.59,1.73,36.14,36.14,0.00,0.00,8.75
922080,atl,47.750,-39.500,1002.90,1002.50,5.38,1.24,31.64,31.64,0.00,0.00,2.58
922080,atl,40.750,-27.250,996.79,996.48,11.27,2.58,35.01,40.13,0.00,0.00,3.88
922080,atl,34.500,-57.750,991.65,990.86,11.92,3.11,66.19,67.47,13100.62,139607.78,7.10
922080,pac,62.750,220.500,990.63,990.11,10.78,3.57,57.61,61.38,0.00,44119.18,19.97
922080,pac,58.500,208.500,970.72,969.46,19.07,5.62,62.30,67.46,749.29,138181.36,10.40
922080,pac,49.750,185.000,964.02,963.55,12.62,2.81,51.45,62.24,0.00,80170.76,6.02
922086,atl,65.000,8.750,984.61,984.49,8.02,1.64,31.24,37.86,0.00,0.00,8.52
922086,atl,61.500,-74.000,993.49,993.16,7.24,1.48,42.87,44.29,0.00,0.00,9.34
922086,atl,59.000,10.000,981.29,980.95,14.02,3.41,39.85,42.20,0.00,0.00,8.10
922086,atl,58.000,-62.000,994.55,994.29,9.86,2.26,44.96,44.96,0.00,0.00,6.23
922086,atl,49.250,-40.250,1003.35,1003.08,5.01,1.36,32.35,32.35,0.00,0.00,2.98
922086,atl,41.250,-26.250,998.02,997.72,10.46,2.36,30.90,33.64,0.00,0.00,3.21
922086,atl,37.500,-53.000,983.72,981.67,18.24,4.85,71.18,71.18,31458.36,160502.56,8.96
922086,pac,64.750,227.250,997.46,995.76,12.20,3.34,28.14,34.97,0.00,0.00,18.92
922086,pac,61.750,204.250,982.43,982.18,6.92,1.11,27.64,50.30,0.00,392.21,10.79
922086,pac,60.250,209.250,983.18,982.63,9.41,2.70,51.74,51.74,0.00,2359.06,13.29
922086,pac,50.250,186.750,964.92,964.54,12.57,2.79,43.42,58.02,0.00,49762.19,5.78
922092,atl,65.250,7.250,986.37,986.26,8.30,1.63,35.64,41.67,0.00,0.00,10.32
922092,atl,62.500,-76.250,994.84,994.09,7.37,1.83,43.48,47.59,0.00,0.00,9.30
922092,atl,59.000,-63.000,992.01,991.52,12.88,3.56,44.47,47.59,0.00,0.00,13.97
922092,atl,41.500,-25.750,1000.98,1000.72,9.76,2.30,32.00,32.59,0.00,0.00,2.97
922092,atl,41.000,-49.500,972.88,970.58,28.97,9.14,90.88,90.88,49749.84,327090.60,15.89
922092,pac,64.500,212.500,992.75,991.26,7.12,2.23,47.49,47.49,0.00,0.00,16.70
922092,pac,64.250,232.000,998.57,996.93,13.72,4.27,28.26,33.90,0.00,0.00,22.22
922092,pac,57.750,238.250,1002.86,1001.83,10.03,2.45,35.59,35.98,0.00,0.00,17.68
922092,pac,51.000,188.250,966.73,966.35,12.99,2.88,37.95,52.10,0.00,14941.01,5.24
922098,atl,61.750,-71.500,991.90,990.94,10.45,2.90,47.20,47.20,0.00,0.00,9.30
922098,atl,43.250,-46.750,967.10,965.11,32.44,10.34,95.71,95.71,64387.30,276834.54,20.50
922098,atl,42.250,-77.750,995.32,995.02,5.16,1.38,29.14,39.01,0.00,0.00,3.76
922098,atl,40.750,-24.500,1002.11,1001.90,8.23,1.93,32.49,35.10,0.00,0.00,2.94
922098,pac,65.750,219.750,1000.35,999.53,7.89,2.58,27.39,47.57,0.00,0.00,17.84
922098,pac,64.250,232.000,1004.77,1003.27,8.89,2.97,27.81,37.56,0.00,0.00,19.06
922098,pac,62.750,234.500,1004.83,1003.43,9.44,2.68,37.56,37.56,0.00,0.00,19.06
922098,pac,51.750,189.250,970.62,970.32,12.68,2.65,42.58,49.27,0.00,0.00,5.58
922104,atl,63.000,-76.000,993.44,992.67,11.55,2.85,47.05,53.68,0.00,9018.94,8.32
922104,atl,45.500,-43.750,969.03,967.45,29.50,8.00,75.95,75.95,59091.63,275809.24,12.39
922104,atl,40.250,-22.500,1004.79,1004.61,7.20,1.75,33.97,33.97,0.00,0.00,2.73
922104,atl,38.500,-76.750,996.76,996.59,4.30,0.93,30.40,45.73,0.00,0.00,5.06
922104,pac,52.500,190.000,976.75,976.45,12.38,2.49,41.03,49.05,0.00,0.00,5.10
922110,atl,47.500,-43.750,964.46,962.84,31.73,8.13,72.78,72.78,128725.80,401520.52,11.74
922110,atl,40.000,-21.000,1003.72,1003.63,6.65,1.57,32.35,32.35,0.00,0.00,2.42
922110,atl,38.750,-66.000,993.66,992.74,9.48,2.50,51.98,51.98,0.00,15435.83,6.63
922110,atl,38.500,-72.500,993.94,993.78,5.80,1.00,42.67,49.30,0.00,0.00,3.60
922110,pac,55.750,190.250,982.39,982.05,12.72,2.51,38.82,46.44,0.00,0.00,5.85
922116,atl,66.000,0.500,996.47,996.40,13.59,2.92,59.51,59.78,0.00,215549.55,8.45
922116,atl,63.000,5.000,996.41,996.24,5.52,1.00,29.99,53.64,0.00,10273.22,6.87
922116,atl,48.000,-43.250,965.38,963.45,30.31,7.80,71.57,71.57,128069.86,393999.41,11.40
922116,atl,44.750,7.750,1002.92,1001.53,6.17,2.67,42.42,46.76,0.00,0.00,15.61
922116,atl,40.250,-66.250,986.54,985.92,11.93,2.46,53.54,54.76,0.00,69336.15,7.46
922116,pac,56.000,190.250,987.73,987.48,12.85,2.64,40.89,42.03,0.00,0.00,4.98
922122,atl,64.250,-0.250,994.78,994.63,13.60,2.84,60.72,62.38,0.00,205783.44,10.21
922122,atl,48.500,-42.000,966.99,965.27,27.57,7.32,71.38,71.38,134178.47,330301.82,9.86
922122,atl,44.500,8.000,999.33,998.40,9.59,3.78,49.66,49.66,0.00,0.00,24.25
922122,atl,42.000,-79.000,994.29,993.99,4.21,1.14,35.55,45.78,0.00,0.00,3.54
922122,atl,41.500,-61.750,981.27,980.54,15.44,3.31,62.82,65.53,6725.28,247733.74,8.18
922122,atl,41.000,-65.250,981.52,981.01,13.42,2.80,62.83,66.54,17198.63,293413.86,7.40
922122,pac,57.750,190.750,993.89,993.78,12.59,2.55,33.81,35.89,0.00,0.00,4.67
922128,atl,63.500,0.500,993.02,992.82,13.96,2.60,60.88,65.26,3121.51,132998.81,11.45
922128,atl,48.750,-41.000,971.12,969.70,23.77,6.52,62.38,63.11,0.00,203837.72,9.16
922128,atl,42.250,-61.250,977.84,977.00,16.78,3.70,57.60,64.82,1791.00,221595.94,6.38
922128,pac,59.500,190.500,1000.51,1000.33,11.86,2.47,33.68,37.37,0.00,0.00,5.03
922134,atl,63.000,1.250,990.85,990.62,13.87,2.29,55.70,66.82,5096.48,69807.25,11.59
922134,atl,48.500,-38.750,973.36,972.27,20.23,5.46,62.82,62.82,0.00,157536.31,7.13
922134,atl,48.250,-79.500,1003.57,1003.41,4.67,1.25,21.18,25.75,0.00,0.00,3.36
922134,atl,43.500,7.250,1004.98,1004.56,6.93,2.46,33.40,35.58,0.00,0.00,14.79
922134,atl,42.500,-59.750,974.99,974.51,17.44,3.80,62.04,70.01,24742.81,179905.97,6.94
922140,atl,63.500,0.250,991.28,990.94,14.16,2.35,44.18,61.02,0.00,92491.68,10.18
922140,atl,62.000,-5.000,989.57,988.60,17.83,4.88,61.02,61.02,0.00,152969.96,10.18
922140,atl,49.250,-37.000,975.88,974.92,16.35,4.59,50.78,50.78,0.00,4161.65,6.12
922140,atl,43.750,-58.000,974.99,974.74,15.90,3.78,56.48,64.28,1190.43,145295.46,7.55
922146,atl,62.250,3.500,993.93,993.66,8.17,1.26,39.98,57.57,0.00,6263.70,9.70
922146,atl,60.250,-3.250,986.63,985.19,17.74,5.24,58.68,58.68,0.00,63361.16,9.70
922146,atl,50.000,-36.750,975.79,975.09,13.22,3.68,41.17,43.53,0.00,0.00,4.81
922146,atl,44.500,-42.250,977.31,976.87,6.75,1.68,42.49,47.18,0.00,0.00,3.70
922146,atl,43.750,-54.500,975.99,975.69,10.67,2.19,54.24,62.85,0.00,176422.47,6.79
922146,pac,36.000,201.250,1003.08,1002.37,12.52,3.30,54.18,54.18,0.00,17787.21,6.21
922152,atl,62.500,4.500,994.85,994.46,7.65,1.63,33.63,47.48,0.00,0.00,8.99
922152,atl,59.500,-1.000,986.63,985.42,16.24,5.28,56.41,56.41,0.00,12204.91,8.99
922152,atl,45.750,-40.000,970.72,970.16,10.08,2.55,40.12,48.32,0.00,0.00,3.77
922152,pac,57.500,163.500,968.67,968.16,15.13,3.14,62.72,65.12,1934.84,97493.87,13.14
922152,pac,52.750,161.000,965.67,964.96,14.98,4.09,55.51,55.51,0.00,141622.94,6.46
922152,pac,36.000,199.750,1000.84,1000.02,14.46,4.01,58.51,58.51,0.00,59595.95,7.71
922152,pac,32.250,207.500,1001.67,1000.62,9.07,2.45,47.26,47.26,0.00,0.00,5.95
922158,atl,63.250,7.250,995.58,995.26,8.03,2.34,31.97,41.25,0.00,0.00,8.19
922158,atl,60.000,-8.500,999.88,999.67,5.43,1.66,48.19,48.19,0.00,0.00,6.60
922158,atl,59.000,2.250,988.24,987.05,14.37,5.02,51.03,51.03,0.00,2058.95,8.51
922158,atl,47.000,-38.500,964.47,963.92,13.33,3.06,38.88,48.32,0.00,0.00,5.89
922158,pac,58.000,162.750,968.03,967.30,13.48,2.39,57.59,57.59,0.00,18615.38,8.88
922158,pac,54.750,164.250,967.63,967.31,13.44,3.11,55.38,55.69,0.00,86043.80,6.30
922158,pac,34.750,206.000,1001.83,999.77,10.52,3.09,60.00,60.00,0.00,9456.31,7.13
922158,pac,34.000,198.250,1000.78,999.80,14.55,4.18,58.45,58.45,0.00,91799.03,6.80
922164,atl,63.250,7.750,997.66,997.39,7.29,2.09,28.56,37.14,0.00,0.00,10.51
922164,atl,58.750,5.000,991.74,990.37,13.19,4.65,47.15,47.15,0.00,0.00,10.51
922164,atl,48.250,-38.500,961.42,960.65,15.13,3.59,55.26,59.17,0.00,100048.86,6.05
922164,pac,56.750,166.750,970.85,970.47,12.72,2.68,48.52,49.59,0.00,0.00,6.40
922164,pac,35.750,202.500,1001.57,999.85,10.93,3.13,59.49,59.49,0.00,10578.26,6.83
922164,pac,31.500,198.000,1000.76,999.83,12.29,3.56,56.68,56.68,0.00,89805.40,4.88
922170,atl,63.500,8.750,999.98,999.65,6.13,2.05,25.32,30.07,0.00,0.00,6.13
922170,atl,58.000,8.750,998.23,997.11,9.27,3.35,46.12,46.12,0.00,0.00,6.65
922170,atl,48.250,-41.000,957.96,956.76,16.43,4.24,58.16,60.48,0.00,143636.59,8.27
922170,pac,59.000,168.000,971.91,971.54,12.67,2.85,40.41,42.35,0.00,0.00,11.21
922170,pac,34.250,199.500,1004.37,1003.30,8.72,2.37,56.04,56.04,0.00,24022.71,5.45
922176,atl,68.250,9.750,1003.84,1003.70,4.61,0.98,20.69,36.53,0.00,0.00,8.60
922176,atl,64.000,9.250,1003.64,1003.42,4.63,1.64,21.30,25.52,0.00,0.00,5.79
922176,atl,47.750,-41.000,957.25,956.72,16.60,4.25,58.27,59.08,0.00,102344.61,7.61
922176,pac,66.000,169.500,983.26,983.05,6.32,1.24,35.09,39.08,0.00,0.00,9.17
922176,pac,60.250,168.250,975.95,975.45,10.83,2.52,30.04,40.18,0.00,0.00,13.48
922182,atl,46.750,-40.000,956.12,955.51,15.93,4.19,51.25,51.76,0.00,17168.63,6.48
922182,pac,62.750,169.250,980.52,980.04,7.84,2.09,29.94,37.83,0.00,0.00,6.24
922188,atl,46.750,-37.250,960.60,959.94,12.97,3.13,50.87,50.87,0.00,8181.41,6.16
922188,pac,64.000,170.250,985.92,985.70,5.36,1.35,25.79,29.88,0.00,0.00,5.60
922188,pac,59.750,169.500,986.45,986.26,6.24,1.73,34.00,34.00,0.00,0.00,5.73
922188,pac,42.250,176.750,999.93,999.24,15.94,4.21,54.03,57.55,0.00,46020.65,7.72
922194,atl,57.250,-23.500,977.03,976.60,11.34,2.52,54.03,54.69,0.00,206009.61,5.37
922194,atl,50.250,-40.500,965.81,965.69,9.46,1.42,44.84,63.76,0.00,61958.11,6.28
922194,atl,48.000,-33.000,964.39,963.40,11.87,3.30,53.36,53.36,0.00,28299.61,6.06
922194,atl,38.750,-46.000,982.33,982.08,6.41,1.41,55.95,55.95,0.00,60799.57,4.27
922194,pac,60.750,173.000,989.64,989.48,5.72,1.49,34.67,34.67,0.00,0.00,5.09
922194,pac,43.250,180.000,991.32,990.25,21.61,6.31,70.64,70.64,19610.28,187563.17,12.77
922200,atl,57.750,-24.750,977.72,977.27,12.03,2.86,58.35,58.51,0.00,156524.40,6.04
922200,atl,51.000,-42.750,969.63,969.37,11.67,2.29,58.94,61.43,0.00,134733.60,5.73
922200,atl,49.750,-30.000,969.41,968.34,12.86,3.86,52.88,52.88,0.00,22161.28,6.16
922200,atl,41.250,-40.000,978.68,977.89,8.95,2.24,55.75,55.75,0.00,82162.07,4.47
922200,pac,61.500,174.250,992.40,992.23,5.65,1.51,34.08,34.08,0.00,0.00,5.36
922200,pac,53.250,236.750,1004.30,1004.00,8.89,2.34,25.68,32.86,0.00,0.00,12.90
922200,pac,43.250,183.500,985.93,985.35,23.67,6.87,68.67,68.67,16494.11,244376.97,13.18
922206,atl,68.750,7.000,1004.26,1004.21,5.72,0.83,22.38,34.43,0.00,0.00,9.53
922206,atl,58.000,-26.250,976.48,975.98,13.38,3.57,61.81,61.81,0.00,146627.02,7.46
922206,atl,52.000,-26.500,974.48,974.10,11.51,3.42,51.71,51.71,0.00,9307.96,6.05
922206,atl,51.000,-45.750,971.62,971.31,12.95,2.71,58.66,58.73,0.00,145216.38,5.86
922206,atl,43.750,-37.500,975.19,974.37,10.67,2.71,50.69,52.89,0.00,25942.17,4.70
922206,pac,63.500,175.500,994.96,994.71,4.23,1.00,22.87,34.15,0.00,0.00,6.07
922206,pac,43.500,188.000,982.69,982.06,22.25,5.02,69.52,69.52,37812.14,321796.59,8.78
922212,atl,59.750,-10.750,984.34,984.20,12.02,2.54,52.25,56.66,0.00,53839.18,5.98
922212,atl,57.750,-27.250,978.85,978.24,13.10,3.55,61.18,61.18,0.00,108131.25,7.31
922212,atl,54.250,-22.500,981.35,981.23,8.91,2.31,51.20,51.20,0.00,10360.12,5.30
922212,atl,50.250,-50.250,974.87,974.54,14.25,2.89,53.63,55.06,0.00,78547.27,6.80
922212,atl,47.000,-35.250,975.71,974.72,11.62,3.55,53.79,53.79,0.00,12408.97,5.66
922212,pac,52.000,236.500,1001.62,1001.11,8.94,1.95,26.59,31.43,0.00,0.00,10.74
922212,pac,50.750,232.500,1002.43,1002.19,6.98,1.14,33.58,33.58,0.00,0.00,6.01
922212,pac,44.750,190.750,982.01,981.40,19.84,3.75,62.86,62.86,0.00,220420.51,8.75
922218,atl,60.750,-4.750,988.25,987.59,10.54,2.68,44.29,50.84,0.00,719.63,4.49
922218,atl,60.250,-10.250,988.71,988.31,7.77,1.59,51.12,56.27,0.00,29165.89,5.48
922218,atl,57.750,-26.500,981.48,981.11,12.47,3.31,55.85,55.85,0.00,71745.87,6.73
922218,atl,50.000,-34.250,973.62,971.88,15.76,4.90,68.61,68.61,3079.88,38955.35,11.36
922218,atl,46.250,-51.750,975.97,975.79,13.11,2.64,47.64,49.61,0.00,0.00,6.91
922218,pac,55.500,163.000,1002.01,1001.88,4.93,1.24,30.30,31.51,0.00,0.00,7.01
922218,pac,51.000,238.500,999.93,999.54,9.79,1.66,35.20,41.48,0.00,0.00,11.95
922218,pac,49.500,235.250,1000.06,999.42,8.73,1.80,41.48,43.12,0.00,0.00,9.29
922218,pac,45.750,191.000,981.41,980.73,19.92,4.03,61.49,62.39,0.00,216146.83,7.66
922224,atl,61.500,4.000,991.53,990.93,9.19,2.37,38.36,38.36,0.00,0.00,8.62
922224,atl,59.000,-26.000,983.72,983.52,14.11,3.66,55.05,56.56,0.00,70028.32,7.44
922224,atl,52.250,-33.250,978.00,977.19,15.61,4.90,52.91,52.91,0.00,17341.62,7.39
922224,atl,45.500,-50.250,978.87,978.66,11.77,2.68,43.13,44.72,0.00,0.00,4.13
922224,atl,36.250,-37.750,990.06,989.78,6.74,1.34,42.43,46.57,0.00,0.00,3.25
922224,pac,55.500,164.750,1004.64,1004.47,5.24,1.28,29.25,30.39,0.00,0.00,7.16
922224,pac,45.500,191.000,983.72,983.19,17.12,3.49,58.20,58.20,0.00,200845.15,6.33
922224,pac,33.500,213.000,988.29,987.98,9.64,2.02,36.15,42.82,0.00,0.00,4.35
922230,atl,61.250,4.750,994.26,993.80,7.61,1.84,34.71,34.71,0.00,0.00,6.21
922230,atl,60.750,8.250,993.53,992.80,7.88,1.73,34.71,34.71,0.00,0.00,6.21
922230,atl,60.250,-26.500,980.86,980.55,19.08,4.88,58.17,60.84,0.00,94663.82,9.52
922230,atl,54.000,-30.500,983.39,982.63,12.07,3.69,48.47,48.47,0.00,0.00,5.86
922230,atl,45.500,-49.750,981.15,980.94,10.76,2.40,36.38,46.83,0.00,0.00,3.84
922230,atl,37.750,-35.750,985.29,984.99,9.08,1.93,48.50,48.50,0.00,0.00,3.77
922230,pac,45.500,192.000,983.73,983.24,15.40,3.05,53.58,58.64,0.00,148497.03,6.19
922230,pac,33.500,213.500,988.90,988.63,9.72,2.11,40.59,41.81,0.00,0.00,3.51
922236,atl,61.250,-27.250,976.70,976.03,25.71,6.61,64.39,65.59,4191.91,134016.41,17.49
922236,atl,60.250,8.750,996.86,996.16,8.38,2.07,40.79,40.79,0.00,0.00,5.76
922236,atl,45.500,-50.000,984.69,984.52,10.32,2.32,36.70,46.65,0.00,0.00,4.65
922236,atl,41.750,-34.250,982.27,982.04,11.03,2.27,42.46,50.22,0.00,611.02,5.15
922236,pac,45.500,192.250,984.72,984.34,13.93,2.78,45.05,55.55,0.00,78283.32,5.48
922236,pac,33.500,215.500,989.29,988.98,9.31,2.09,45.80,45.80,0.00,0.00,4.02
922242,atl,61.750,-26.750,974.58,973.81,28.89,7.36,60.78,65.04,2606.46,180591.08,18.29
922242,atl,45.000,-49.750,985.71,985.48,9.25,2.02,39.29,42.09,0.00,0.00,4.73
922242,atl,44.750,-35.000,975.55,974.96,14.77,3.79,52.78,53.37,0.00,14828.27,7.27
922242,atl,33.250,-70.250,1004.73,1004.39,6.54,1.48,44.72,44.72,0.00,0.00,4.28
922242,pac,45.250,192.500,985.32,985.01,13.36,2.68,47.51,56.77,0.00,87702.55,5.56
922242,pac,34.500,218.250,991.16,991.02,9.02,1.92,43.02,46.79,0.00,0.00,3.50
922248,atl,62.500,-26.000,978.58,977.79,28.47,6.95,62.98,72.48,49873.10,189765.77,14.15
922248,atl,46.500,-35.750,970.99,970.20,18.35,4.97,54.51,54.68,0.00,53834.66,9.69
922248,pac,45.250,193.250,987.30,987.05,11.78,2.40,38.87,55.81,0.00,81778.71,4.71
922248,pac,36.250,220.250,990.57,990.43,9.08,1.84,36.43,42.77,0.00,0.00,3.14
922254,atl,63.250,-26.000,986.63,985.88,24.11,5.65,65.85,75.34,69916.99,190173.85,9.49
922254,atl,48.000,-37.250,965.45,964.51,21.89,5.72,59.83,63.57,0.00,147608.04,10.89
922254,pac,45.500,193.750,989.56,989.35,10.44,2.11,44.01,53.61,0.00,88713.85,4.37
922254,pac,41.750,211.750,995.62,995.45,6.61,1.49,41.52,41.52,0.00,0.00,3.12
922254,pac,38.000,221.000,991.76,991.50,9.27,1.84,30.06,40.46,0.00,0.00,3.17
922260,atl,64.000,-26.000,995.69,995.03,20.14,4.94,65.94,69.96,37917.12,192166.14,9.06
922260,atl,49.250,-38.500,961.74,961.04,25.45,6.80,67.96,67.96,35026.77,261454.00,10.26
922260,atl,39.500,-28.000,992.49,992.34,5.92,1.32,46.17,49.07,0.00,0.00,3.71
922260,atl,33.500,-68.500,1004.75,1004.42,5.30,1.36,40.46,45.56,0.00,0.00,3.73
922260,atl,32.750,-73.000,1004.96,1004.81,6.41,1.30,48.59,48.59,0.00,0.00,4.26
922260,pac,46.000,193.750,992.17,991.97,9.27,1.89,44.09,48.12,0.00,0.00,4.21
922260,pac,42.250,213.000,995.41,995.30,6.43,1.43,39.35,40.99,0.00,0.00,2.94
922260,pac,39.750,219.750,991.86,991.64,8.90,1.91,40.58,42.87,0.00,0.00,3.38
922266,atl,64.500,-26.750,1003.44,1002.96,14.40,3.81,61.91,62.42,0.00,134161.89,13.56
922266,atl,50.750,-39.750,958.95,957.76,28.07,8.02,67.86,67.86,19875.04,280295.40,10.26
922266,atl,42.500,-26.250,988.63,988.52,6.85,1.47,41.89,43.32,0.00,0.00,4.06
922266,atl,33.000,-64.750,1003.52,1002.92,5.54,1.47,37.69,41.47,0.00,0.00,3.02
922266,pac,46.000,193.250,993.66,993.45,9.22,1.90,44.95,48.44,0.00,0.00,4.02
922266,pac,41.000,218.500,991.76,991.33,10.25,2.34,45.64,45.64,0.00,0.00,3.52
922272,atl,52.000,-41.000,961.97,961.17,26.32,7.54,58.80,58.80,0.00,151472.93,9.68
922272,atl,45.000,-26.500,984.43,984.21,8.41,1.99,40.17,42.52,0.00,0.00,3.78
922272,atl,32.500,-62.500,1001.79,1001.31,7.82,2.11,46.40,46.40,0.00,0.00,4.20
922272,pac,50.250,234.500,1003.31,1002.89,6.75,1.24,37.24,41.18,0.00,0.00,9.28
922272,pac,46.750,239.750,1001.60,1001.08,5.20,1.15,27.85,28.97,0.00,0.00,10.74
922272,pac,46.000,192.500,995.85,995.61,9.06,1.90,42.48,44.93,0.00,0.00,3.83
922272,pac,43.500,239.750,1000.17,999.56,4.64,1.74,27.85,27.85,0.00,0.00,7.08
922272,pac,42.000,218.000,990.57,990.04,11.09,2.79,49.03,49.03,0.00,0.00,4.58
922278,atl,53.250,-43.000,964.56,963.44,24.24,6.65,55.56,58.43,0.00,50433.67,8.50
922278,atl,47.750,-28.250,979.13,978.88,8.58,1.84,37.82,47.30,0.00,0.00,4.53
922278,atl,45.250,-62.250,1004.46,1004.34,4.68,1.04,30.30,34.74,0.00,0.00,2.81
922278,atl,32.500,-55.250,1000.05,998.93,6.73,1.96,53.84,53.84,0.00,2619.59,7.18
922278,pac,50.750,231.250,1000.50,1000.39,9.16,1.95,45.86,47.08,0.00,0.00,13.44
922278,pac,45.250,191.750,998.06,997.86,8.73,1.85,37.79,42.50,0.00,0.00,3.35
922278,pac,42.500,218.000,989.60,988.94,12.40,3.31,52.25,52.25,0.00,14424.29,5.28
922284,atl,54.500,-45.750,968.91,967.90,22.55,5.91,62.31,69.01,15014.02,181945.11,7.77
922284,atl,49.500,-30.000,976.82,976.48,9.47,2.17,39.83,44.31,0.00,0.00,4.52
922284,atl,44.500,-29.750,980.94,980.76,5.57,1.04,33.31,48.95,0.00,0.00,3.53
922284,atl,32.750,-47.750,999.74,998.89,6.43,1.89,54.27,54.27,0.00,3928.48,4.56
922284,pac,49.750,231.000,996.55,996.50,7.16,1.27,35.18,48.62,0.00,0.00,16.78
922284,pac,44.250,191.500,1001.36,1001.16,7.40,1.57,34.07,37.00,0.00,0.00,2.95
922284,pac,43.000,227.500,990.32,990.04,7.16,1.74,37.77,45.85,0.00,0.00,2.79
922284,pac,42.750,218.500,989.23,988.54,11.95,3.30,56.04,56.04,0.00,52063.30,5.66
922290,atl,54.750,-50.500,972.66,972.32,21.93,5.23,66.14,66.14,2931.88,164694.22,9.14
922290,atl,51.500,-32.500,976.73,976.46,8.92,1.84,36.84,40.56,0.00,0.00,4.33
922290,atl,45.750,-27.000,980.97,980.82,7.01,1.34,34.83,45.75,0.00,0.00,3.99
922290,atl,33.250,-41.750,997.97,996.98,6.21,1.90,56.32,56.32,0.00,9118.97,4.24
922290,pac,43.750,229.750,987.63,987.30,8.69,2.00,39.18,44.91,0.00,0.00,3.88
922290,pac,42.750,191.750,1003.32,1003.19,6.74,1.46,32.90,32.93,0.00,0.00,2.77
922290,pac,42.250,219.750,991.14,990.56,11.06,3.14,57.33,57.33,0.00,60941.12,5.17
922290,pac,39.000,170.500,1000.81,1000.47,5.59,1.44,35.69,35.69,0.00,0.00,3.25
922296,atl,53.000,-34.500,978.01,977.92,8.65,1.39,41.29,41.81,0.00,0.00,4.16
922296,atl,52.250,-53.250,976.94,976.52,18.73,4.50,60.22,60.74,0.00,58895.58,10.69
922296,atl,48.500,-25.250,980.19,979.90,9.80,2.16,43.51,49.47,0.00,0.00,4.68
922296,atl,40.250,-47.250,994.93,994.68,5.44,1.56,52.32,52.32,0.00,10263.96,3.59
922296,atl,33.500,-36.250,1000.58,999.98,5.10,1.49,51.21,51.21,0.00,1942.45,3.47
922296,pac,51.750,160.000,979.65,979.28,12.42,2.95,47.05,47.05,0.00,0.00,5.23
922296,pac,45.250,232.750,984.42,984.01,9.83,2.13,43.73,49.60,0.00,0.00,9.54
922296,pac,44.250,174.750,1000.55,1000.38,5.38,1.37,36.25,36.29,0.00,0.00,3.36
922296,pac,41.500,222.000,992.30,991.70,10.00,2.95,56.31,56.31,0.00,67720.57,5.19
922296,pac,40.250,173.000,999.42,999.14,7.03,1.77,36.29,36.29,0.00,0.00,3.37
922302,atl,54.250,-40.000,977.06,976.86,10.10,1.81,45.56,62.77,0.00,30553.62,5.53
922302,atl,51.250,-54.000,979.50,978.80,15.71,3.98,41.34,46.46,0.00,0.00,9.70
922302,atl,49.750,-26.000,976.00,975.55,12.19,2.78,35.46,43.26,0.00,0.00,4.34
922302,atl,41.250,-43.250,987.39,986.24,9.57,2.82,50.91,51.17,0.00,21268.84,5.41
922302,atl,34.250,-30.750,999.14,998.54,5.01,1.36,48.09,48.09,0.00,0.00,3.34
922302,pac,52.750,161.250,983.29,983.07,10.79,2.63,44.09,44.20,0.00,0.00,5.61
922302,pac,48.000,234.750,982.70,982.17,12.47,2.74,49.50,49.50,0.00,0.00,9.95
922302,pac,42.000,175.500,995.94,995.52,9.43,2.47,37.89,37.89,0.00,0.00,3.71
922308,atl,54.500,-42.000,978.07,977.81,10.51,2.00,48.32,66.13,2010.22,49898.00,5.97
922308,atl,52.000,-28.250,974.39,973.97,12.64,2.52,40.84,43.35,0.00,0.00,6.01
922308,atl,50.000,-55.000,987.12,986.50,10.43,2.31,35.22,42.25,0.00,0.00,6.62
922308,atl,42.250,-40.500,981.71,980.07,14.05,4.54,60.23,60.23,0.00,71011.39,11.77
922308,atl,35.750,-26.500,998.53,998.07,6.35,1.77,45.01,45.01,0.00,0.00,3.58
922308,pac,54.000,161.750,989.71,989.45,8.97,2.20,37.86,38.41,0.00,0.00,7.66
922308,pac,50.250,232.500,985.88,985.72,9.86,1.95,38.65,44.89,0.00,0.00,14.65
922308,pac,49.250,236.000,985.89,985.01,11.45,2.47,44.89,46.90,0.00,0.00,12.88
922308,pac,43.250,177.000,994.12,993.52,11.92,3.13,40.98,40.98,0.00,0.00,5.05
922314,atl,53.750,-45.500,978.30,978.05,10.87,2.34,52.52,59.89,0.00,17665.27,5.96
922314,atl,53.750,-27.500,971.12,970.89,15.43,3.38,43.17,44.24,0.00,0.00,5.17
922314,atl,42.500,-36.500,979.46,978.81,14.26,4.12,72.08,72.08,17385.08,109347.72,8.38
922314,atl,37.250,-22.500,996.03,995.30,6.96,1.95,41.76,41.76,0.00,0.00,3.39
922314,pac,57.500,213.000,998.07,997.93,9.61,1.22,37.40,42.29,0.00,0.00,18.54
922314,pac,55.750,162.250,995.97,995.79,7.08,1.81,33.20,34.05,0.00,0.00,7.22
922314,pac,51.500,237.750,989.68,988.27,12.18,3.23,38.06,42.56,0.00,0.00,13.16
922314,pac,51.250,231.500,990.23,990.02,6.73,1.27,37.20,38.06,0.00,0.00,9.37
922314,pac,47.500,232.000,990.80,990.63,6.39,1.33,44.49,51.99,0.00,4382.88,6.00
922314,pac,42.000,179.500,992.48,991.87,13.11,3.28,50.47,50.47,0.00,3363.14,6.03
922320,atl,55.250,-29.500,968.71,968.18,16.57,3.98,46.24,46.24,0.00,0.00,6.31
922320,atl,52.250,-47.750,979.40,979.15,11.47,2.55,47.04,47.52,0.00,0.00,5.04
922320,atl,45.500,-33.500,978.04,977.61,12.02,3.13,61.20,61.98,0.00,83737.35,8.71
922320,atl,39.000,-18.750,992.74,992.05,9.66,2.88,41.08,41.08,0.00,0.00,3.69
922320,pac,57.500,162.000,1002.95,1002.70,4.81,1.30,32.23,32.57,0.00,0.00,5.68
922320,pac,56.500,214.500,991.90,991.68,9.56,1.74,34.65,39.61,0.00,0.00,9.08
922320,pac,51.750,236.750,989.05,987.87,13.21,3.50,39.77,39.77,0.00,0.00,11.84
922320,pac,43.000,179.750,990.09,989.34,16.19,4.24,58.37,58.37,0.00,85357.91,7.25
922326,atl,56.750,-31.000,968.86,968.60,14.99,3.54,41.43,41.43,0.00,0.00,5.35
922326,atl,49.750,-48.500,978.96,978.76,11.54,2.66,41.93,50.47,0.00,964.75,5.77
922326,atl,47.000,-32.750,972.50,971.99,14.26,4.01,57.93,57.93,0.00,35418.94,10.19
922326,atl,41.250,-15.750,989.21,988.23,10.20,3.12,39.03,39.03,0.00,0.00,5.38
922326,pac,56.250,215.500,989.24,988.99,11.08,2.15,39.60,42.96,0.00,0.00,14.76
922326,pac,53.250,231.250,998.33,998.13,5.45,0.97,30.02,40.26,0.00,0.00,12.88
922326,pac,52.250,237.500,993.30,992.77,14.10,3.95,41.48,41.48,0.00,0.00,17.01
922326,pac,42.500,179.500,988.75,988.17,17.86,4.89,59.97,59.97,0.00,119494.77,8.37
922332,atl,58.000,-33.000,970.08,969.89,14.19,3.26,41.97,42.48,0.00,0.00,5.08
922332,atl,48.750,-32.250,971.47,971.18,14.34,3.99,54.26,54.26,0.00,9501.25,7.90
922332,atl,48.500,-10.000,992.41,992.23,6.44,1.84,38.22,43.21,0.00,0.00,3.99
922332,atl,47.500,-47.000,980.89,980.64,10.22,2.57,42.03,47.62,0.00,0.00,5.41
922332,atl,43.500,-13.250,988.10,987.11,10.55,3.49,48.00,49.40,0.00,0.00,6.20
922332,pac,58.000,209.500,989.47,989.18,12.98,2.92,54.87,54.87,0.00,1167.90,13.06
922332,pac,52.000,237.750,1004.49,1004.14,7.17,1.81,28.56,28.56,0.00,0.00,15.68
922332,pac,41.500,181.250,988.75,988.02,17.32,4.35,61.46,61.46,0.00,150728.47,7.19
922338,atl,61.000,-45.500,982.55,982.12,7.73,1.75,53.78,55.42,0.00,129217.71,17.38
922338,atl,59.000,-35.000,971.42,971.15,12.19,2.83,40.76,43.33,0.00,0.00,4.76
922338,atl,50.250,-10.750,987.97,987.74,7.78,1.87,35.74,45.94,0.00,0.00,6.51
922338,atl,49.750,-32.250,967.93,967.40,15.92,4.73,52.22,52.22,0.00,6063.31,10.06
922338,atl,46.250,-11.500,985.19,984.48,10.69,3.47,53.17,53.17,0.00,12655.64,6.60
922338,atl,45.750,-43.500,980.66,980.40,8.52,2.02,54.26,55.54,0.00,114602.98,4.22
922338,pac,58.000,208.000,987.79,986.93,14.99,3.86,60.92,60.92,0.00,49605.27,15.16
922338,pac,41.250,183.250,988.02,987.08,16.63,4.19,54.88,54.88,0.00,84279.08,6.13
922338,pac,39.250,192.500,1000.87,1000.49,5.27,1.52,41.28,41.28,0.00,0.00,3.38
922344,atl,66.250,-18.500,992.56,992.35,6.45,1.69,51.35,55.67,0.00,15904.54,23.24
922344,atl,61.750,-46.750,981.23,980.78,11.72,3.33,57.55,57.55,0.00,184377.16,29.46
922344,atl,60.000,-36.000,974.18,973.89,10.26,2.59,39.59,39.59,0.00,0.00,5.73
922344,atl,51.250,-12.000,984.54,984.22,9.17,2.18,34.71,51.46,0.00,3624.58,5.05
922344,atl,50.750,-31.750,966.99,966.56,16.55,5.15,51.65,51.65,0.00,3008.67,9.12
922344,atl,44.750,-39.750,981.48,981.22,7.85,1.87,54.57,55.36,0.00,142562.85,3.87
922344,pac,58.000,210.500,989.58,989.28,13.35,3.14,61.24,61.24,0.00,71785.92,12.42
922344,pac,41.250,184.000,989.46,988.80,15.16,3.86,50.72,51.22,0.00,15148.57,4.81
922344,pac,40.500,194.000,1000.30,999.75,5.50,1.56,40.85,41.54,0.00,0.00,3.48
922344,pac,39.000,230.500,1000.26,999.38,12.23,3.17,43.89,43.97,0.00,0.00,6.26
922344,pac,32.250,164.250,998.84,996.79,12.16,3.75,55.40,55.40,0.00,68354.95,8.82
922350,atl,66.750,-18.250,991.96,991.73,7.15,1.82,56.31,56.85,0.00,16461.53,20.98
922350,atl,63.500,-46.750,979.98,979.54,13.46,4.31,54.39,58.94,0.00,87495.80,34.94
922350,atl,61.500,-36.500,976.55,976.31,9.34,2.48,44.63,61.66,0.00,28204.46,7.57
922350,atl,53.000,-13.250,981.60,981.13,9.96,2.61,33.58,39.57,0.00,0.00,5.30
922350,atl,51.750,-32.000,966.94,966.38,15.41,5.04,48.20,48.20,0.00,0.00,7.59
922350,atl,44.750,-34.750,978.61,978.40,8.27,2.05,50.44,56.83,0.00,71666.22,4.18
922350,atl,38.000,-60.250,1004.73,1004.18,6.93,1.68,37.60,37.68,0.00,0.00,4.35
922350,pac,58.250,208.000,989.95,989.27,13.22,3.16,58.43,58.43,0.00,15661.79,13.14
922350,pac,41.500,195.500,999.01,998.28,5.98,1.76,38.06,38.22,0.00,0.00,3.32
922350,pac,40.750,186.000,991.35,990.81,12.77,3.29,49.45,50.46,0.00,1217.90,4.59
922350,pac,40.250,232.750,996.85,996.09,14.85,4.07,50.11,50.11,0.00,583.22,9.90
922350,pac,31.750,166.500,997.76,996.54,12.32,3.86,57.50,57.50,0.00,22757.13,8.82
922356,atl,67.750,-15.250,992.74,992.55,8.60,2.24,53.54,53.67,0.00,10183.54,21.41
922356,atl,63.250,-46.500,980.02,979.46,14.63,4.80,54.24,60.26,0.00,74413.30,35.64
922356,atl,63.000,-37.250,979.20,978.87,10.33,3.22,63.48,63.48,0.00,33233.21,18.11
922356,atl,54.750,-14.500,979.11,978.77,12.48,3.38,42.77,42.77,0.00,0.00,6.02
922356,atl,53.000,-33.000,968.81,968.21,15.12,4.67,42.82,42.82,0.00,0.00,6.02
922356,atl,45.000,-32.000,978.96,978.66,8.89,2.34,49.38,54.93,0.00,48536.12,4.90
922356,atl,38.500,-57.500,1000.73,999.95,9.67,2.60,49.87,49.87,0.00,0.00,7.06
922356,pac,58.500,207.750,993.73,993.38,10.97,2.54,47.28,47.28,0.00,0.00,14.82
922356,pac,42.750,196.000,998.70,998.17,5.90,1.73,32.64,33.04,0.00,0.00,3.01
922356,pac,40.750,233.750,991.81,990.52,16.79,5.17,45.51,45.51,0.00,0.00,8.73
922356,pac,40.250,188.750,995.59,995.30,9.01,2.22,43.97,43.97,0.00,0.00,3.36
922356,pac,40.250,202.250,1003.76,1003.45,4.23,1.06,38.77,38.77,0.00,0.00,3.01
922356,pac,31.250,173.000,1000.06,999.34,9.51,2.33,48.47,50.25,0.00,655.35,4.93
922362,atl,69.000,-12.500,992.16,991.91,9.89,2.75,46.23,46.65,0.00,0.00,14.63
922362,atl,64.000,-37.750,982.64,981.85,9.25,2.79,62.60,62.60,0.00,22413.32,27.12
922362,atl,63.750,-46.500,981.19,980.28,14.81,4.86,48.96,60.19,0.00,42148.02,33.91
922362,atl,60.250,-40.500,983.11,982.87,6.53,1.36,44.46,55.63,0.00,35038.13,14.58
922362,atl,56.500,-16.750,976.57,976.13,13.92,3.75,45.71,45.78,0.00,0.00,5.73
922362,atl,53.500,-34.500,970.70,970.10,14.66,4.15,36.27,39.90,0.00,0.00,5.10
922362,atl,45.250,-28.500,979.67,979.54,8.71,1.91,58.27,61.35,0.00,53117.65,5.31
922362,atl,38.750,-54.000,995.70,994.91,12.37,3.33,66.45,66.45,1224.10,90306.40,10.39
922362,pac,58.750,207.500,998.90,998.52,7.75,1.94,33.83,41.14,0.00,0.00,14.01
922362,pac,58.000,201.250,999.90,999.50,4.99,0.87,25.49,33.83,0.00,0.00,10.16
922362,pac,43.500,196.000,997.87,997.45,6.53,1.63,27.23,33.06,0.00,0.00,2.60
922362,pac,41.000,234.500,994.21,992.97,14.23,4.42,47.36,47.36,0.00,0.00,8.06
922362,pac,40.750,205.750,1003.68,1003.44,5.70,1.50,35.86,35.86,0.00,0.00,2.95
922362,pac,40.500,192.500,997.90,997.78,6.62,1.44,41.71,41.71,0.00,0.00,2.87
922362,pac,31.500,176.250,999.40,998.62,8.52,2.31,44.46,44.46,0.00,0.00,7.17
922368,atl,67.500,-38.000,991.61,990.81,5.84,1.66,57.63,57.63,0.00,15348.11,28.74
922368,atl,64.250,-46.750,986.56,986.01,12.09,4.17,43.28,54.61,0.00,19601.94,28.74
922368,atl,60.250,-41.000,985.16,984.83,7.43,1.75,45.52,53.29,0.00,20808.70,14.36
922368,atl,58.000,-17.250,974.71,974.45,16.70,4.46,48.94,48.94,0.00,0.00,7.17
922368,atl,53.250,-34.500,973.36,972.79,13.83,3.73,38.66,42.77,0.00,0.00,4.76
922368,atl,46.000,-25.250,982.21,982.13,7.94,1.42,38.59,57.24,0.00,33777.99,4.63
922368,atl,39.250,-48.750,988.89,987.68,15.58,4.25,73.32,73.32,18260.97,161807.46,12.24
922368,pac,60.250,199.500,1002.89,1002.60,5.10,0.97,22.84,32.87,0.00,0.00,8.81
922368,pac,44.000,195.750,998.84,998.47,6.56,1.67,25.77,31.27,0.00,0.00,2.80
922368,pac,41.750,208.500,1003.93,1003.69,6.11,1.66,35.73,35.73,0.00,0.00,2.86
922368,pac,41.000,235.250,996.76,995.61,9.90,2.92,44.72,44.72,0.00,0.00,7.41
922368,pac,32.500,181.750,998.55,997.69,8.95,2.18,43.35,47.07,0.00,0.00,6.86
922374,atl,67.750,-38.000,992.93,992.38,4.87,1.73,49.91,49.91,0.00,0.00,28.19
922374,atl,60.500,-40.750,985.75,985.45,7.02,1.55,44.24,53.96,0.00,17032.57,13.16
922374,atl,59.750,-19.000,973.13,972.78,17.98,4.85,49.55,49.55,0.00,0.00,7.90
922374,atl,53.500,-34.000,973.62,973.11,13.04,3.54,41.18,43.93,0.00,0.00,4.67
922374,atl,46.750,-23.500,982.54,982.51,6.35,1.08,40.78,50.42,0.00,1139.49,4.08
922374,atl,39.250,-45.000,979.73,979.48,19.98,5.69,73.03,73.03,52296.09,261330.70,12.29
922374,pac,44.250,195.500,1001.13,1000.85,4.94,1.29,21.46,21.46,0.00,0.00,2.24
922374,pac,34.000,187.000,996.57,996.22,9.33,2.27,46.46,49.20,0.00,0.00,6.54
922380,atl,61.000,-21.000,974.18,973.68,18.00,4.84,50.56,50.56,0.00,1486.54,8.95
922380,atl,54.000,-33.500,975.84,975.43,11.82,3.15,40.28,42.72,0.00,0.00,4.16
922380,atl,39.750,-40.500,974.62,974.16,20.97,5.23,79.47,79.47,104156.44,360231.08,10.72
922380,pac,43.500,210.500,1004.46,1004.21,5.87,1.66,30.51,30.51,0.00,0.00,3.16
922380,pac,35.000,190.250,993.24,992.16,11.16,2.77,42.90,51.71,0.00,6343.50,5.93
922386,atl,68.500,-43.000,995.48,995.24,5.97,2.56,36.73,36.89,0.00,0.00,18.56
922386,atl,62.250,-23.000,976.34,975.73,16.48,4.30,46.96,46.96,0.00,0.00,10.38
922386,atl,54.500,-32.750,976.64,976.33,10.98,2.89,39.13,40.65,0.00,0.00,4.32
922386,atl,50.500,-15.750,986.50,986.19,7.75,1.54,37.16,42.89,0.00,0.00,5.48
922386,atl,40.000,-36.750,970.68,970.23,21.04,4.76,75.43,76.42,128508.89,360765.30,8.60
922386,atl,37.500,-77.000,1003.04,1002.44,8.32,1.96,36.95,46.58,0.00,0.00,8.10
922386,pac,36.000,193.250,992.77,992.17,11.22,2.98,39.22,44.11,0.00,0.00,6.01
922392,atl,63.500,-25.250,979.22,978.57,15.23,4.10,47.42,47.42,0.00,0.00,7.33
922392,atl,55.500,-31.500,978.42,978.16,9.56,2.49,31.97,36.57,0.00,0.00,3.84
922392,atl,52.500,-15.750,986.75,986.60,8.15,1.98,40.32,40.35,0.00,0.00,4.11
922392,atl,40.250,-33.250,970.19,969.84,19.96,4.20,71.16,74.63,74204.65,345551.71,7.98
922392,atl,38.250,-74.500,1001.82,1001.52,8.43,1.89,51.15,51.15,0.00,2504.69,5.89
922392,pac,37.250,196.750,991.78,991.43,11.20,2.69,49.52,49.52,0.00,0.00,5.45
922398,atl,67.500,-79.250,1002.61,1002.56,4.44,0.71,13.30,20.48,0.00,0.00,5.39
922398,atl,64.750,-28.250,982.11,981.41,12.93,4.19,53.21,53.84,0.00,12707.75,15.47
922398,atl,61.500,-33.500,982.47,982.16,6.49,1.31,37.51,53.84,0.00,8637.09,6.61
922398,atl,56.500,-30.500,979.62,979.42,8.04,2.14,29.24,31.66,0.00,0.00,2.84
922398,atl,54.750,-16.500,987.69,987.48,6.47,1.56,34.94,34.94,0.00,0.00,3.08
922398,atl,41.000,-30.000,968.52,968.27,17.98,3.56,56.57,67.79,41231.73,298731.47,7.64
922398,atl,38.750,-71.750,999.86,999.55,10.14,2.29,48.86,48.87,0.00,0.00,5.48
922398,atl,38.500,-68.750,999.50,998.87,11.75,2.56,48.87,48.90,0.00,0.00,5.70
922398,pac,40.000,200.750,990.41,989.81,12.02,2.82,39.31,44.88,0.00,0.00,5.23
922404,atl,67.750,-78.500,1002.15,1002.09,4.52,0.80,17.38,21.11,0.00,0.00,6.63
922404,atl,61.500,-36.500,983.54,983.26,7.25,2.03,38.60,65.86,1586.95,13822.67,5.85
922404,atl,57.750,-30.000,982.81,982.60,6.56,1.71,26.93,26.93,0.00,0.00,2.45
922404,atl,42.500,-28.000,968.96,968.71,16.18,2.92,56.09,69.12,33354.01,168876.09,6.96
922404,atl,39.500,-67.750,998.05,997.46,12.47,2.82,49.38,51.94,0.00,7229.23,5.89
922404,pac,40.500,202.000,990.96,990.56,11.44,2.83,40.98,43.26,0.00,0.00,5.31
922410,atl,67.500,-45.750,990.34,990.07,9.28,3.04,51.12,61.20,0.00,12218.59,22.16
922410,atl,63.000,-46.750,990.04,989.35,6.85,2.64,44.52,45.81,0.00,0.00,13.76
922410,atl,61.750,-37.500,984.85,984.54,8.49,2.58,34.14,61.20,0.00,10849.56,9.44
922410,atl,59.000,-29.250,986.81,986.69,4.84,1.16,22.31,26.71,0.00,0.00,2.29
922410,atl,53.750,-77.000,1003.76,1003.60,6.56,1.74,33.40,33.40,0.00,0.00,3.60
922410,atl,43.750,-26.750,967.14,966.92,16.29,2.97,43.59,65.91,8298.44,177251.50,6.67
922410,atl,39.750,-66.500,995.64,994.99,13.65,3.56,42.89,43.12,0.00,0.00,6.83
922410,pac,43.500,209.000,993.78,993.44,9.11,1.90,34.20,41.11,0.00,0.00,3.99
922410,pac,41.000,203.750,992.66,992.48,10.58,2.67,45.60,45.60,0.00,0.00,5.26
922416,atl,67.500,-46.750,993.06,992.59,8.45,2.91,40.50,55.34,0.00,3903.70,16.86
922416,atl,63.750,-29.750,989.21,989.03,9.88,2.03,58.65,64.78,628.63,32857.32,16.37
922416,atl,63.000,-78.500,999.44,999.26,6.57,1.70,28.15,28.81,0.00,0.00,3.02
922416,atl,62.000,-38.000,987.74,987.31,9.02,2.63,48.78,64.78,628.63,23479.03,10.73
922416,atl,54.750,-73.500,999.83,999.56,8.11,2.25,31.43,36.18,0.00,0.00,4.83
922416,atl,44.250,-25.500,968.86,968.64,15.96,2.87,37.24,60.09,0.00,110315.59,7.06
922416,atl,39.750,-64.500,995.68,995.31,13.16,3.39,49.50,49.50,0.00,0.00,6.07
922416,pac,45.000,211.250,991.73,991.25,10.47,2.35,36.99,39.30,0.00,0.00,4.68
922422,atl,68.750,-47.500,994.88,994.20,8.22,2.51,34.33,55.01,0.00,3589.15,17.52
922422,atl,67.750,-44.000,995.44,994.98,6.17,2.04,55.01,64.41,314.31,26726.97,17.52
922422,atl,65.250,-46.250,995.14,994.43,4.52,1.55,30.95,63.59,0.00,13855.83,17.52
922422,atl,65.250,-32.000,989.68,989.24,11.24,3.04,64.41,64.41,314.31,59323.31,17.52
922422,atl,63.250,-77.000,998.21,998.06,6.24,1.70,26.89,28.46,0.00,0.00,3.39
922422,atl,62.750,-38.500,988.56,987.92,10.05,2.69,56.32,64.41,314.31,26878.52,17.07
922422,atl,56.000,-69.250,995.70,995.31,9.78,2.71,33.00,33.00,0.00,0.00,5.64
922422,atl,45.000,-24.750,970.78,970.57,14.92,2.61,39.39,57.58,0.00,72793.73,5.82
922422,atl,39.750,-58.250,993.61,993.12,12.10,2.64,46.35,47.70,0.00,0.00,5.12
922422,pac,63.500,202.750,1004.84,1004.59,8.11,1.79,28.76,28.76,0.00,0.00,13.27
922422,pac,55.250,162.000,997.33,996.84,7.65,1.85,37.23,43.44,0.00,0.00,9.26
922422,pac,46.250,212.500,989.73,989.17,11.89,2.92,43.35,43.35,0.00,0.00,5.41
922428,atl,63.000,-74.000,997.62,997.52,5.67,1.20,24.86,35.92,0.00,0.00,4.75
922428,atl,63.000,-38.250,991.01,990.52,10.90,3.01,53.38,57.85,0.00,9675.52,19.71
922428,atl,58.500,-66.000,993.99,993.77,9.27,2.33,40.25,40.25,0.00,0.00,5.42
922428,atl,45.500,-24.250,975.77,975.49,13.79,2.67,51.23,53.94,0.00,78269.27,5.01
922428,atl,40.000,-54.250,993.18,992.64,12.01,2.88,51.61,51.61,0.00,8723.81,6.12
922428,pac,64.500,202.500,1004.36,1003.99,8.50,1.59,23.20,26.09,0.00,0.00,11.73
922428,pac,55.750,162.750,1001.14,1000.83,5.66,1.46,33.12,38.51,0.00,0.00,7.69
922428,pac,48.250,215.250,987.16,986.80,12.98,2.82,39.56,43.30,0.00,0.00,5.04
922434,atl,63.750,-38.000,995.07,994.63,9.91,2.93,48.36,48.36,0.00,0.00,13.26
922434,atl,61.500,-66.500,990.98,990.39,11.17,3.36,42.68,42.68,0.00,0.00,12.55
922434,atl,59.250,-60.750,992.89,992.68,9.44,2.30,42.92,42.92,0.00,0.00,12.55
922434,atl,58.750,-26.000,993.00,992.56,9.43,2.77,33.92,38.51,0.00,0.00,5.39
922434,atl,45.750,-23.000,977.97,977.65,14.00,2.88,51.87,51.87,0.00,40407.32,5.08
922434,atl,40.250,-53.250,991.23,990.66,12.72,3.23,46.06,46.06,0.00,0.00,6.46
922434,pac,65.000,199.250,1003.93,1003.73,8.52,1.41,24.00,38.45,0.00,0.00,13.66
922434,pac,48.500,215.750,985.55,985.32,12.76,2.91,38.02,38.45,0.00,0.00,4.77
922440,atl,64.250,-37.750,1001.14,1000.57,6.62,2.23,41.62,41.62,0.00,0.00,9.31
922440,atl,62.750,-66.250,990.13,989.29,12.91,3.62,49.89,50.31,0.00,383.46,13.18
922440,atl,62.000,-26.250,997.22,996.90,9.87,3.09,41.79,41.79,0.00,0.00,7.74
922440,atl,58.250,-79.500,1003.89,1003.82,4.04,1.00,28.81,29.67,0.00,0.00,3.40
922440,atl,46.250,-21.750,981.87,981.64,13.76,2.91,51.49,52.16,0.00,33980.12,5.32
922440,atl,40.000,-51.250,992.02,991.76,11.83,2.87,45.40,45.40,0.00,0.00,5.99
922440,pac,64.750,194.500,1004.28,1004.13,7.52,1.41,39.19,39.19,0.00,0.00,6.92
922440,pac,64.500,213.250,1002.08,1001.53,7.08,1.69,20.62,22.26,0.00,0.00,10.33
922440,pac,49.000,218.000,982.95,982.85,12.21,2.50,42.52,42.52,0.00,0.00,5.45
922446,atl,64.750,-65.250,986.43,985.68,15.52,4.12,56.89,56.89,0.00,7493.10,19.92
922446,atl,64.500,-26.250,999.57,999.05,10.06,3.07,35.61,35.61,0.00,0.00,7.90
922446,atl,47.000,-21.500,984.32,984.14,12.80,2.57,49.59,50.41,0.00,558.22,4.89
922446,atl,41.250,-47.000,991.63,991.40,11.06,2.29,43.06,45.59,0.00,0.00,4.92
922446,pac,64.500,192.500,1003.35,1003.21,6.38,1.45,34.91,36.78,0.00,0.00,6.45
922446,pac,64.000,214.500,999.42,998.98,5.98,1.49,18.31,25.59,0.00,0.00,9.64
922446,pac,53.000,219.250,980.22,980.03,12.06,2.30,31.81,57.32,0.00,5684.42,6.05
922452,atl,66.750,-25.000,1002.55,1002.08,10.07,2.88,36.69,36.69,0.00,0.00,10.39
922452,atl,66.500,-71.750,984.52,983.99,17.12,4.31,51.22,51.22,0.00,1157.94,21.99
922452,atl,47.000,-20.500,987.69,987.47,12.87,2.67,47.86,48.39,0.00,0.00,5.15
922452,atl,42.000,-45.750,993.47,993.14,10.33,2.50,45.66,46.00,0.00,0.00,5.12
922452,pac,54.250,219.750,978.87,978.77,10.98,2.03,41.77,45.19,0.00,0.00,6.50
922458,atl,68.000,-64.750,990.48,989.86,9.85,2.81,43.57,43.57,0.00,0.00,15.11
922458,atl,66.750,-76.750,983.14,982.45,18.42,4.47,42.03,43.57,0.00,0.00,15.11
922458,atl,47.500,-19.750,990.65,990.48,11.38,2.57,46.10,46.22,0.00,0.00,4.32
922458,atl,42.000,-45.250,993.97,993.66,10.33,2.68,43.38,43.38,0.00,0.00,4.91
922458,pac,56.000,218.500,978.20,977.94,11.05,2.33,40.51,42.35,0.00,0.00,9.84
922458,pac,53.500,234.500,992.56,991.98,5.23,1.71,42.14,42.14,0.00,0.00,12.48
922464,atl,67.250,-51.000,1004.69,1004.33,5.60,2.52,40.36,41.20,0.00,0.00,10.26
922464,atl,66.250,-80.000,984.70,983.66,18.34,4.90,43.48,43.48,0.00,0.00,7.30
922464,atl,48.000,-19.250,996.11,995.91,8.42,2.01,41.21,41.21,0.00,0.00,3.44
922464,atl,42.250,-44.250,995.55,995.30,10.74,2.76,39.19,39.19,0.00,0.00,5.50
922464,atl,41.250,-35.500,997.68,997.43,6.25,1.40,38.12,39.08,0.00,0.00,3.29
922464,pac,56.750,215.750,976.83,976.39,12.54,2.99,40.01,42.88,0.00,0.00,9.73
922464,pac,55.500,186.250,983.84,983.51,10.24,2.34,44.77,48.01,0.00,0.00,4.33
922464,pac,54.500,233.250,991.03,990.69,4.23,0.89,35.53,40.80,0.00,0.00,9.02
922464,pac,50.500,160.500,972.73,972.21,15.45,3.70,44.74,47.78,0.00,0.00,6.34
922470,atl,56.750,-69.000,1002.83,1002.65,6.14,1.46,28.50,28.50,0.00,0.00,3.82
922470,atl,48.750,-20.000,997.23,997.02,7.09,1.72,37.18,37.18,0.00,0.00,3.01
922470,atl,42.500,-43.500,993.99,993.65,12.66,3.21,46.87,46.87,0.00,0.00,6.56
922470,atl,42.250,-24.750,1000.62,1000.04,4.87,1.43,38.93,44.96,0.00,0.00,3.82
922470,pac,57.250,216.250,974.27,973.98,14.12,3.76,45.60,45.60,0.00,0.00,11.23
922470,pac,56.250,191.250,977.80,977.36,13.37,3.39,58.00,58.00,0.00,3179.42,5.39
922470,pac,50.500,161.750,975.59,975.14,14.34,3.46,38.88,47.73,0.00,0.00,5.11
922470,pac,44.000,233.750,1003.48,1003.14,5.68,1.56,49.74,49.74,0.00,0.00,7.55
922476,atl,60.250,-64.500,1002.01,1001.89,5.14,1.17,31.39,33.03,0.00,0.00,3.05
922476,atl,49.500,-21.250,998.91,998.70,6.98,1.73,33.16,33.16,0.00,0.00,3.32
922476,atl,42.750,-43.500,993.39,993.01,15.34,4.16,48.24,48.24,0.00,0.00,7.20
922476,atl,42.000,-29.750,1001.69,1001.38,4.17,1.18,30.84,31.76,0.00,0.00,2.54
922476,pac,65.250,203.250,984.35,984.11,7.33,1.68,24.79,38.33,0.00,0.00,15.13
922476,pac,58.500,216.000,974.03,973.63,12.48,3.30,45.13,45.13,0.00,0.00,7.09
922476,pac,56.750,195.250,977.12,976.65,11.88,3.42,56.02,56.02,0.00,16573.27,5.89
922476,pac,56.750,236.750,993.01,992.44,4.60,1.06,32.14,32.60,0.00,0.00,9.76
922476,pac,55.500,185.500,986.54,986.11,4.50,1.27,38.46,51.26,0.00,1348.97,5.32
922476,pac,54.500,202.250,980.77,979.94,9.08,2.83,50.67,56.02,0.00,5360.23,5.89
922476,pac,50.500,163.250,979.75,979.36,13.67,3.22,38.54,40.31,0.00,0.00,6.04
922476,pac,46.250,236.500,999.96,999.43,5.34,1.13,42.35,47.15,0.00,0.00,9.30
922482,atl,63.500,-79.500,996.61,996.27,10.86,2.85,32.66,32.93,0.00,0.00,4.12
922482,atl,62.500,-61.250,1000.59,1000.31,7.26,1.95,33.45,36.41,0.00,0.00,7.60
922482,atl,49.750,-22.000,998.43,998.17,7.55,1.92,33.57,33.57,0.00,0.00,3.43
922482,atl,44.250,-17.250,1002.84,1002.41,4.42,1.39,31.61,32.78,0.00,0.00,3.01
922482,atl,42.750,-43.250,992.61,992.12,16.86,4.82,52.60,52.60,0.00,4548.79,8.54
922482,pac,65.250,201.750,981.19,980.83,8.78,1.78,27.15,47.77,0.00,0.00,16.02
922482,pac,64.000,233.000,989.17,987.56,5.82,1.87,24.42,30.04,0.00,0.00,11.78
922482,pac,59.250,216.000,975.89,975.35,9.36,2.50,48.86,48.86,0.00,0.00,10.17
922482,pac,57.500,198.000,976.45,975.84,9.82,3.21,44.47,49.92,0.00,0.00,5.61
922482,pac,57.250,237.000,991.54,990.45,4.43,1.44,34.09,34.09,0.00,0.00,8.55
922482,pac,55.250,187.750,985.09,984.63,4.40,1.26,26.72,33.78,0.00,0.00,4.24
922482,pac,54.250,208.000,982.42,981.82,6.52,2.14,48.97,50.44,0.00,483.69,5.34
922482,pac,50.250,165.250,982.22,981.88,13.35,2.97,38.73,42.82,0.00,0.00,4.47
922488,atl,64.750,-61.000,998.46,998.05,10.35,2.91,42.21,42.21,0.00,0.00,8.14
922488,atl,63.250,-77.000,1001.45,1001.06,8.14,2.25,26.10,26.60,0.00,0.00,3.74
922488,atl,49.750,-22.500,998.80,998.50,8.33,2.24,30.78,30.78,0.00,0.00,3.89
922488,atl,45.000,-14.750,1004.59,1004.29,4.07,1.15,29.67,30.78,0.00,0.00,2.67
922488,atl,42.500,-43.000,992.29,991.63,18.67,5.49,58.36,58.36,0.00,37527.53,9.59
922488,pac,65.750,202.000,979.60,979.13,9.89,2.23,36.13,51.11,0.00,643.99,15.50
922488,pac,63.750,233.750,987.01,986.39,5.11,1.43,20.75,30.29,0.00,0.00,9.86
922488,pac,62.750,221.500,976.79,976.22,9.93,2.91,33.35,35.30,0.00,0.00,11.69
922488,pac,60.500,213.250,976.49,975.87,6.89,2.15,35.30,35.30,0.00,0.00,11.69
922488,pac,58.250,200.750,977.21,976.60,7.12,2.50,36.44,36.44,0.00,0.00,4.94
922488,pac,54.000,212.750,984.06,983.65,5.92,2.07,48.54,48.54,0.00,0.00,4.54
922488,pac,51.500,238.000,991.36,990.53,4.23,1.86,20.80,23.73,0.00,0.00,7.68
922488,pac,50.250,167.500,985.29,984.97,12.33,2.76,38.07,40.54,0.00,0.00,4.05
922494,atl,64.750,-57.750,998.01,997.69,10.98,2.61,47.86,48.53,0.00,0.00,9.19
922494,atl,49.500,-22.250,999.43,999.19,7.74,2.01,28.84,28.84,0.00,0.00,2.98
922494,atl,45.750,-12.500,1003.90,1003.59,4.74,1.17,28.99,34.41,0.00,0.00,3.01
922494,atl,42.500,-42.250,991.18,990.40,18.89,5.33,61.29,61.29,0.00,56089.82,9.76
922494,pac,63.750,233.750,985.98,984.72,4.75,1.22,21.04,28.29,0.00,0.00,12.08
922494,pac,63.000,221.750,978.79,978.33,7.53,2.17,29.62,29.62,0.00,0.00,12.08
922494,pac,62.750,213.750,977.03,976.65,6.01,1.66,29.62,29.62,0.00,0.00,11.14
922494,pac,59.000,203.500,976.27,975.63,6.75,2.06,33.91,33.91,0.00,0.00,4.34
922494,pac,54.000,216.250,985.19,984.93,5.12,1.77,43.07,43.07,0.00,0.00,3.65
922494,pac,50.000,169.750,986.69,986.37,11.93,2.69,39.84,39.84,0.00,0.00,4.04
922500,atl,66.750,-58.250,997.00,996.38,11.71,2.73,53.95,53.95,0.00,13393.49,10.22
922500,atl,49.500,-21.250,1001.88,1001.63,7.58,1.92,29.87,29.87,0.00,0.00,2.97
922500,atl,42.250,-41.750,993.41,992.78,18.02,4.96,60.53,60.53,0.00,72214.06,8.00
922500,pac,64.000,197.500,982.67,981.97,7.10,1.04,44.92,46.54,0.00,0.00,10.46
922500,pac,64.000,215.750,978.85,978.45,5.87,1.40,34.38,34.38,0.00,0.00,12.18
922500,pac,62.750,219.250,978.58,978.09,6.58,1.87,34.38,34.38,0.00,0.00,12.89
922500,pac,59.500,207.500,978.61,978.24,5.69,1.36,32.08,32.08,0.00,0.00,7.29
922500,pac,59.500,207.750,978.61,978.24,5.67,1.36,32.08,32.08,0.00,0.00,7.29
922500,pac,59.000,169.000,1000.66,1000.43,4.18,1.48,30.95,30.95,0.00,0.00,5.38
922500,pac,54.250,219.250,984.44,984.20,5.21,1.51,35.37,41.65,0.00,0.00,2.64
922500,pac,53.500,183.000,991.93,991.76,4.38,0.97,29.20,34.79,0.00,0.00,2.61
922500,pac,49.750,172.250,990.10,989.88,10.68,2.35,40.43,40.43,0.00,0.00,3.58
922506,atl,49.250,-19.750,1003.36,1003.14,7.12,1.79,28.95,28.95,0.00,0.00,2.65
922506,atl,47.750,-7.500,1004.51,1004.19,6.23,1.76,31.65,34.43,0.00,0.00,3.27
922506,atl,42.250,-41.500,994.35,993.69,17.07,4.51,56.06,56.06,0.00,65673.72,6.00
922506,atl,37.500,-34.750,1003.60,1003.43,4.82,1.12,31.12,36.37,0.00,0.00,3.52
922506,atl,37.250,-77.500,991.34,990.42,11.30,2.53,42.85,52.77,0.00,3233.11,5.07
922506,pac,64.250,215.500,979.00,978.71,6.57,1.57,29.69,31.21,0.00,0.00,11.02
922506,pac,64.250,220.000,979.35,978.95,7.03,1.93,29.69,29.69,0.00,0.00,11.02
922506,pac,61.250,209.750,979.94,979.68,4.89,1.13,36.07,36.07,0.00,0.00,11.02
922506,pac,58.000,169.750,1001.71,1001.48,4.01,1.26,28.83,28.83,0.00,0.00,5.49
922506,pac,54.500,222.250,984.64,984.45,6.17,1.72,32.10,39.17,0.00,0.00,5.38
922506,pac,53.750,187.750,992.04,991.79,4.61,0.96,29.36,34.96,0.00,0.00,2.52
922506,pac,49.500,175.000,992.76,992.55,9.54,2.07,39.76,40.43,0.00,0.00,3.51
922512,atl,48.500,-5.750,1004.86,1004.51,7.00,1.99,29.38,34.50,0.00,0.00,3.11
922512,atl,41.250,-41.750,997.23,996.64,15.27,4.08,55.02,55.02,0.00,51448.05,6.02
922512,atl,39.750,-33.250,1001.31,1000.96,7.56,2.06,36.51,36.51,0.00,0.00,4.26
922512,atl,38.500,-76.000,991.22,991.05,10.42,1.88,35.35,48.16,0.00,0.00,5.78
922512,pac,64.250,218.000,979.31,978.72,8.01,1.87,27.46,29.39,0.00,0.00,13.19
922512,pac,63.750,235.500,984.36,983.99,4.07,1.28,18.77,25.92,0.00,0.00,9.10
922512,pac,57.750,169.250,1003.48,1003.24,4.97,1.65,28.59,28.59,0.00,0.00,4.33
922512,pac,55.250,224.250,986.40,986.15,5.05,1.75,34.60,37.23,0.00,0.00,5.52
922512,pac,54.250,193.750,992.93,992.75,4.39,0.88,34.36,36.35,0.00,0.00,2.90
922512,pac,50.250,227.500,988.40,987.85,8.49,2.22,44.02,46.98,0.00,0.00,4.48
922518,atl,49.000,-4.500,1004.93,1004.70,6.79,1.88,27.96,29.72,0.00,0.00,2.93
922518,atl,41.750,-33.000,996.26,995.67,11.55,3.41,43.56,43.56,0.00,0.00,5.99
922518,atl,39.500,-41.500,998.11,997.49,13.15,3.65,50.92,51.30,0.00,11331.35,5.52
922518,atl,39.000,-75.000,992.04,991.79,9.72,1.93,28.17,41.42,0.00,0.00,7.49
922518,pac,64.500,219.500,981.77,981.26,7.41,1.92,21.94,22.16,0.00,0.00,11.27
922518,pac,63.500,236.000,985.67,985.57,4.45,1.27,16.58,21.64,0.00,0.00,10.90
922518,pac,56.250,225.500,988.94,988.61,4.05,1.36,30.72,38.10,0.00,0.00,6.73
922518,pac,54.750,199.750,992.94,992.87,4.21,0.89,36.14,39.09,0.00,0.00,3.44
922518,pac,50.500,230.750,990.00,989.51,8.09,2.40,41.35,41.35,0.00,0.00,5.94
922524,atl,42.500,-34.000,994.60,993.39,14.43,4.49,51.62,51.62,0.00,1702.38,8.34
922524,atl,39.000,-73.500,994.96,994.50,8.12,1.68,30.89,40.54,0.00,0.00,7.55
922524,atl,37.750,-40.500,1000.52,1000.02,11.56,3.24,46.94,46.94,0.00,0.00,4.52
922524,pac,63.500,218.250,984.58,984.46,6.41,1.50,21.35,31.01,0.00,0.00,12.69
922524,pac,63.000,237.750,986.56,986.36,5.07,1.41,17.76,19.73,0.00,0.00,7.51
922524,pac,62.250,209.250,987.09,986.09,4.04,0.96,26.86,33.65,0.00,0.00,9.60
922524,pac,54.750,204.250,992.02,991.77,5.86,1.60,39.27,41.94,0.00,0.00,3.55
922524,pac,49.250,233.750,994.77,994.42,7.37,1.97,47.23,47.23,0.00,0.00,6.14
922530,atl,42.500,-34.000,993.61,992.73,14.91,4.55,49.10,49.10,0.00,0.00,6.87
922530,atl,40.250,-66.000,996.86,996.55,7.55,1.38,46.26,53.58,0.00,9222.49,4.94
922530,atl,36.000,-39.750,1002.12,1001.71,9.80,2.92,46.97,46.97,0.00,0.00,4.18
922530,pac,63.500,219.000,986.45,986.11,7.30,1.97,24.88,24.88,0.00,0.00,13.02
922530,pac,55.500,209.000,992.80,992.44,6.04,1.68,38.58,40.02,0.00,0.00,4.87
922530,pac,54.000,199.250,996.37,996.03,4.22,1.19,30.41,33.65,0.00,0.00,3.01
922530,pac,46.250,194.750,998.59,997.72,8.63,2.57,41.31,45.18,0.00,0.00,5.53
922536,atl,42.500,-33.500,995.72,994.90,14.21,4.14,50.27,50.27,0.00,1123.41,5.73
922536,atl,41.500,-64.750,997.62,997.35,8.85,1.67,48.13,63.06,0.00,11349.10,6.19
922536,pac,64.500,219.250,989.12,988.64,8.52,2.28,31.18,35.41,0.00,0.00,13.29
922536,pac,62.500,223.500,989.64,989.31,7.35,2.10,31.22,37.61,0.00,0.00,13.29
922536,pac,56.250,213.250,994.66,994.50,6.53,1.89,41.19,41.19,0.00,0.00,3.85
922536,pac,47.500,198.750,991.62,990.93,13.41,3.78,51.13,51.13,0.00,3198.96,7.56
922542,atl,47.500,-28.750,1002.14,1001.62,9.29,2.48,42.09,42.09,0.00,0.00,6.00
922542,atl,42.000,-33.000,996.29,995.72,12.95,3.61,44.55,44.55,0.00,0.00,4.46
922542,atl,41.250,-63.500,996.75,996.64,9.23,1.65,41.81,49.77,0.00,0.00,4.37
922542,pac,63.250,223.000,994.64,994.45,6.41,1.96,21.33,24.10,0.00,0.00,11.86
922542,pac,61.750,237.500,994.20,994.10,4.66,1.45,22.69,26.07,0.00,0.00,8.65
922542,pac,57.500,217.250,996.45,996.20,6.02,2.16,38.61,38.61,0.00,0.00,11.30
922542,pac,48.500,202.250,985.10,984.52,18.56,5.10,59.90,59.90,0.00,53203.90,9.09
922548,atl,48.000,-28.500,1001.94,1001.38,10.40,2.85,44.05,46.29,0.00,0.00,6.53
922548,atl,41.500,-61.750,997.36,997.00,9.36,1.91,45.97,52.73,0.00,9572.43,5.09
922548,atl,41.000,-32.500,998.69,998.18,12.20,3.32,41.68,41.68,0.00,0.00,3.96
922548,pac,61.500,240.000,998.98,998.75,4.27,1.28,26.11,28.16,0.00,0.00,13.54
922548,pac,59.000,218.000,997.54,997.02,5.68,2.14,30.45,31.37,0.00,0.00,10.51
922548,pac,49.500,206.250,982.27,982.07,19.47,4.44,65.77,65.77,3159.66,134388.04,7.68
922554,atl,62.500,-38.500,999.54,998.02,15.75,4.89,45.21,45.21,0.00,0.00,9.98
922554,atl,49.750,-26.750,1001.19,1000.53,11.57,3.36,48.20,48.20,0.00,0.00,6.88
922554,atl,41.250,-59.000,995.15,994.76,10.98,2.30,48.29,52.53,0.00,7170.42,4.85
922554,atl,40.000,-31.750,999.71,999.27,11.09,2.96,39.12,39.12,0.00,0.00,3.60
922554,pac,55.250,198.500,1004.50,1003.19,5.02,2.05,54.10,54.10,0.00,4533.02,7.69
922554,pac,52.000,210.000,981.81,981.58,17.26,3.60,54.70,58.69,0.00,150892.05,7.23
922560,atl,64.000,-38.500,991.55,989.38,23.35,7.19,58.35,58.35,0.00,12763.51,14.04
922560,atl,49.250,-26.750,1003.33,1002.87,9.17,2.80,42.53,42.53,0.00,0.00,5.19
922560,atl,42.250,-57.250,994.25,993.90,12.45,2.65,46.76,47.01,0.00,0.00,6.92
922560,atl,38.750,-31.250,1003.56,1003.19,9.10,2.37,35.70,35.70,0.00,0.00,3.01
922560,pac,54.500,212.500,979.17,978.95,16.81,3.89,61.26,61.26,0.00,160624.26,8.52
922560,pac,46.500,165.500,992.37,992.03,7.75,1.89,36.49,42.16,0.00,0.00,4.07
922566,atl,63.750,-25.250,1002.57,1001.67,9.13,2.27,34.28,48.49,0.00,0.00,7.13
922566,atl,63.500,-41.250,991.83,991.20,21.34,5.37,53.34,61.74,0.00,52407.73,14.98
922566,atl,48.750,-25.750,1003.62,1003.28,7.62,2.40,38.93,38.93,0.00,0.00,4.03
922566,atl,43.750,-56.250,991.16,990.71,16.50,3.08,44.49,49.70,0.00,0.00,8.12
922566,atl,37.250,-30.250,1004.84,1004.53,7.05,1.84,34.07,34.07,0.00,0.00,2.44
922566,pac,56.500,213.000,975.05,974.69,18.90,4.23,61.68,61.68,0.00,151795.63,11.99
922566,pac,55.250,163.750,989.12,988.96,5.49,1.08,22.88,43.11,0.00,0.00,6.94
922566,pac,49.750,167.750,986.18,986.01,9.35,2.09,37.36,40.40,0.00,0.00,4.52
922572,atl,65.750,-27.250,999.25,998.50,13.36,3.51,55.91,57.16,0.00,56252.59,13.30
922572,atl,62.000,-40.000,993.02,992.84,16.57,3.62,60.76,60.76,0.00,139593.15,15.52
922572,atl,42.000,-54.000,990.05,989.82,13.51,2.17,41.87,49.90,0.00,0.00,6.67
922572,pac,57.250,213.000,973.04,972.18,19.35,4.10,57.01,62.65,0.00,138695.06,23.35
922572,pac,53.000,169.750,979.99,979.75,12.19,2.40,36.80,41.98,0.00,0.00,4.90
922578,atl,62.000,-38.250,989.24,989.08,16.94,3.79,52.56,58.00,0.00,44778.51,9.97
922578,atl,55.500,-15.500,1004.27,1003.88,8.77,2.31,40.56,40.56,0.00,0.00,4.26
922578,atl,41.500,-52.500,987.45,986.72,14.92,2.87,40.26,48.23,0.00,0.00,6.96
922578,atl,39.250,-16.750,1003.15,1003.04,6.52,1.38,25.43,26.64,0.00,0.00,3.19
922578,pac,57.250,211.500,974.37,973.58,20.31,4.90,54.79,66.59,418.05,104851.02,24.88
922578,pac,55.250,169.500,975.74,975.47,14.57,2.72,41.69,59.02,0.00,11013.80,6.83
922584,atl,61.500,-38.250,991.54,991.40,14.95,3.14,49.08,51.77,0.00,317.39,9.15
922584,atl,57.500,-13.000,1003.28,1002.74,9.56,2.65,40.26,40.26,0.00,0.00,4.39
922584,atl,41.500,-53.750,988.05,987.52,16.28,3.23,46.28,52.53,0.00,32200.55,7.07
922584,atl,40.750,-16.500,1000.34,1000.13,9.19,1.98,31.04,33.42,0.00,0.00,3.03
922584,pac,62.250,220.500,989.53,988.95,9.70,2.54,39.15,41.86,0.00,0.00,15.62
922584,pac,56.000,166.750,975.90,975.66,14.35,3.13,49.24,65.36,1943.59,54448.82,8.05
922584,pac,56.000,211.750,977.74,976.75,19.96,5.39,56.70,57.80,0.00,161118.53,20.39
922584,pac,55.250,177.500,978.24,977.91,15.30,3.08,51.22,52.22,0.00,32088.68,6.01
922584,pac,53.750,235.750,1004.55,1004.16,4.78,2.41,41.67,41.67,0.00,0.00,13.43
922590,atl,63.500,-15.500,1002.15,1002.02,5.29,1.36,23.05,35.14,0.00,0.00,4.91
922590,atl,60.250,-38.000,991.28,991.06,14.66,2.75,57.10,58.80,0.00,28938.65,12.07
922590,atl,60.000,-11.250,1002.08,1001.70,8.40,2.07,38.78,38.78,0.00,0.00,4.44
922590,atl,41.250,-16.750,998.57,998.41,10.03,2.29,36.04,36.04,0.00,0.00,3.91
922590,atl,39.250,-53.500,988.48,987.96,14.13,3.09,44.88,49.81,0.00,0.00,5.57
922590,pac,62.500,220.750,991.40,990.80,9.46,3.11,23.46,38.46,0.00,0.00,17.78
922590,pac,60.250,230.750,995.60,995.21,4.96,1.57,19.71,27.47,0.00,0.00,8.54
922590,pac,56.750,176.750,978.10,977.64,16.49,3.54,56.17,63.16,0.00,184569.27,8.13
922590,pac,56.000,165.250,976.06,975.72,14.57,3.69,56.24,63.18,0.00,72459.98,9.73
922590,pac,54.750,214.250,982.18,981.37,17.01,4.95,58.72,58.72,0.00,110378.22,7.02
922596,atl,64.500,-14.000,1000.98,1000.73,5.87,1.21,25.93,48.16,0.00,0.00,4.94
922596,atl,59.250,-36.250,992.31,992.01,13.05,2.59,54.02,61.93,0.00,29156.90,10.50
922596,atl,56.250,-78.750,1001.50,1001.35,7.95,2.08,35.71,35.71,0.00,0.00,4.26
922596,atl,41.500,-16.750,1000.51,1000.31,9.75,2.26,38.20,38.20,0.00,0.00,3.78
922596,atl,39.000,-50.750,988.21,986.38,15.67,4.06,43.17,46.96,0.00,0.00,7.80
922596,pac,63.250,222.000,993.49,992.93,8.16,2.79,17.81,26.81,0.00,0.00,17.76
922596,pac,62.500,212.750,995.68,995.09,4.35,0.87,21.24,29.62,0.00,0.00,17.68
922596,pac,58.500,236.750,994.51,993.98,5.53,1.40,24.50,28.36,0.00,0.00,7.79
922596,pac,57.500,175.500,980.01,979.27,16.31,4.05,58.46,61.18,0.00,210178.56,8.80
922596,pac,55.500,165.500,979.24,978.89,14.37,3.68,52.47,58.90,0.00,54907.37,8.60
922596,pac,54.250,218.000,982.60,981.37,16.58,5.16,52.44,52.44,0.00,38785.25,7.50
922602,atl,67.750,-15.250,999.39,999.19,9.27,2.19,58.23,58.30,0.00,45380.05,17.06
922602,atl,67.500,-6.250,999.90,999.80,8.46,1.20,29.73,48.35,0.00,0.00,6.82
922602,atl,59.000,-33.500,992.82,992.59,11.33,2.15,40.70,59.13,0.00,21868.85,6.98
922602,atl,41.500,-16.250,1000.62,1000.42,9.43,2.23,39.54,39.54,0.00,0.00,3.95
922602,atl,39.500,-50.000,985.56,983.69,18.76,5.36,45.96,47.03,0.00,0.00,8.84
922602,pac,62.500,227.000,993.82,993.41,6.18,1.76,13.29,21.00,0.00,0.00,18.22
922602,pac,59.750,233.500,993.23,993.02,4.51,1.07,23.61,30.97,0.00,0.00,10.99
922602,pac,59.000,239.250,991.97,991.78,6.36,1.51,27.87,33.40,0.00,0.00,10.99
922602,pac,57.750,173.750,981.89,981.04,16.09,4.31,59.28,59.28,0.00,142168.83,10.28
922602,pac,57.750,216.250,991.61,991.09,4.08,1.07,32.59,48.63,0.00,0.00,11.13
922602,pac,55.000,221.250,981.65,979.96,17.65,5.73,50.46,50.46,0.00,1362.67,11.13
922602,pac,54.750,167.500,983.89,983.69,13.01,3.16,48.59,57.87,0.00,34131.28,6.71
922602,pac,52.000,202.750,995.53,995.14,7.08,1.78,44.73,44.73,0.00,0.00,3.99
922602,pac,52.000,203.000,995.53,995.14,7.03,1.77,44.73,44.73,0.00,0.00,3.99
922608,atl,68.500,-17.000,1000.94,1000.45,9.64,3.18,62.68,62.68,0.00,54149.80,18.51
922608,atl,59.250,-30.750,993.22,993.04,11.10,2.08,40.34,51.64,0.00,1843.10,6.24
922608,atl,41.500,-15.000,1003.44,1003.33,8.40,1.88,36.58,36.58,0.00,0.00,3.48
922608,atl,38.750,-50.000,987.75,986.47,17.90,4.97,46.10,46.10,0.00,0.00,6.54
922608,pac,62.500,224.250,991.87,991.74,6.74,1.99,13.84,23.20,0.00,0.00,15.04
922608,pac,60.500,232.500,992.44,991.87,4.96,1.67,29.35,38.54,0.00,0.00,10.12
922608,pac,57.500,172.000,986.43,985.64,15.21,4.06,58.07,58.07,0.00,53339.63,8.91
922608,pac,57.250,186.750,994.15,993.51,7.30,2.18,38.50,41.53,0.00,0.00,4.44
922608,pac,56.000,223.250,981.89,980.74,16.72,6.14,52.96,52.96,0.00,11975.74,10.12
922608,pac,55.500,194.500,996.20,995.67,4.93,1.42,34.33,37.91,0.00,0.00,3.96
922608,pac,51.250,209.750,993.45,992.93,7.80,1.90,44.83,46.57,0.00,0.00,4.06
922614,atl,61.500,-72.500,1003.67,1003.47,5.28,1.47,28.44,35.54,0.00,0.00,4.99
922614,atl,59.750,-29.000,992.32,992.13,11.61,2.03,35.15,58.64,0.00,29029.79,6.73
922614,atl,41.500,-13.750,1003.89,1003.75,7.37,1.66,29.27,33.51,0.00,0.00,3.10
922614,atl,38.250,-49.000,988.31,987.28,16.30,4.32,44.46,45.86,0.00,0.00,6.03
922614,pac,63.000,224.500,992.70,992.39,6.37,2.25,10.02,21.38,0.00,0.00,12.86
922614,pac,57.250,187.750,995.76,995.03,7.11,2.20,33.10,36.35,0.00,0.00,4.15
922614,pac,57.000,170.250,991.02,990.34,13.50,3.81,50.09,50.09,0.00,403.77,7.87
922614,pac,57.000,224.000,984.77,983.42,12.75,4.71,50.34,50.34,0.00,844.54,10.03
922614,pac,55.250,197.250,997.49,997.01,4.10,1.20,32.00,36.01,0.00,0.00,3.44
922614,pac,51.000,214.500,991.05,990.56,9.01,2.17,43.44,46.03,0.00,0.00,4.35
922620,atl,63.750,-19.750,997.41,996.85,9.07,1.43,29.48,55.98,0.00,12254.51,5.76
922620,atl,63.500,-14.000,998.30,997.57,9.82,2.56,41.37,41.37,0.00,0.00,5.16
922620,atl,60.000,-27.250,993.41,993.21,11.43,2.15,35.08,48.48,0.00,0.00,5.30
922620,atl,37.500,-48.000,990.85,989.87,14.91,3.88,41.63,41.63,0.00,0.00,5.17
922620,atl,37.000,-79.250,996.15,995.60,9.37,1.83,36.12,43.94,0.00,0.00,7.67
922620,pac,62.750,224.500,994.69,994.52,4.63,1.32,15.45,31.93,0.00,0.00,13.33
922620,pac,59.250,220.250,991.81,991.33,4.33,1.07,35.24,39.98,0.00,0.00,9.24
922620,pac,58.250,224.250,991.20,989.99,5.53,2.08,39.98,39.98,0.00,0.00,9.24
922620,pac,57.000,188.250,998.55,997.99,6.44,2.04,33.88,34.10,0.00,0.00,4.17
922620,pac,56.500,169.500,995.48,994.77,11.69,3.51,43.24,43.24,0.00,0.00,6.48
922620,pac,55.250,174.750,997.75,997.52,8.66,1.51,39.02,42.43,0.00,0.00,6.48
922620,pac,55.000,200.750,997.88,997.62,4.25,1.22,33.39,34.98,0.00,0.00,3.83
922620,pac,51.500,220.250,987.84,987.50,10.09,2.19,36.29,45.33,0.00,0.00,4.32
922626,atl,66.250,-16.750,993.82,993.28,16.39,4.21,55.11,57.58,0.00,42318.85,10.38
922626,atl,66.000,-20.500,993.93,993.35,15.69,3.89,57.47,57.58,0.00,42318.85,17.10
922626,atl,60.500,-25.250,994.57,994.44,10.21,1.78,33.00,46.68,0.00,0.00,4.86
922626,atl,38.750,-76.500,991.73,991.30,11.77,2.12,48.35,54.21,0.00,13926.14,8.59
922626,atl,37.000,-46.750,992.09,991.30,13.67,3.53,40.46,40.90,0.00,0.00,4.33
922626,pac,56.750,189.500,1000.31,999.77,6.26,1.97,33.34,34.93,0.00,0.00,4.38
922626,pac,56.000,170.000,997.71,997.08,10.98,3.18,41.72,41.72,0.00,0.00,5.50
922626,pac,53.000,222.750,984.86,984.49,11.78,2.73,34.64,50.06,0.00,470.43,6.23
922632,atl,65.000,-24.500,993.10,992.43,14.35,3.45,65.53,66.83,3221.79,99090.00,17.80
922632,atl,60.500,-24.000,994.88,994.74,9.76,1.80,39.08,47.32,0.00,0.00,6.29
922632,atl,40.750,-76.250,987.33,986.83,16.38,3.37,51.09,52.42,0.00,11431.51,6.92
922632,atl,36.250,-45.500,995.38,994.79,12.05,3.09,39.78,39.78,0.00,0.00,3.84
922632,pac,63.000,218.000,994.39,994.07,4.46,1.22,14.43,17.74,0.00,0.00,9.69
922632,pac,62.250,224.000,994.54,994.31,4.05,1.38,16.26,30.16,0.00,0.00,9.69
922632,pac,56.500,190.250,1001.83,1001.22,5.87,1.96,30.17,32.36,0.00,0.00,4.06
922632,pac,55.250,171.000,999.87,999.31,10.34,2.81,37.85,37.85,0.00,0.00,4.45
922632,pac,54.500,223.250,982.31,982.00,12.87,3.19,43.67,59.79,0.00,7857.32,10.52
922638,atl,63.750,-26.000,990.84,990.45,13.84,3.83,57.79,57.79,0.00,69831.00,8.41
922638,atl,41.000,-75.750,983.82,983.30,17.92,3.86,39.35,45.75,0.00,0.00,9.45
922638,atl,35.250,-44.500,995.76,995.24,11.09,2.84,37.60,37.60,0.00,0.00,3.29
922638,pac,63.250,217.500,993.83,993.53,4.39,1.30,15.25,21.24,0.00,0.00,9.09
922638,pac,60.750,208.250,994.98,994.69,4.21,1.40,34.92,34.92,0.00,0.00,9.09
922638,pac,56.250,191.500,1001.27,1000.83,5.34,1.82,31.69,31.69,0.00,0.00,4.01
922638,pac,55.750,178.750,1003.09,1002.73,5.22,1.11,26.67,34.85,0.00,0.00,3.96
922638,pac,54.750,172.750,1001.43,1001.00,9.59,2.53,36.03,36.03,0.00,0.00,3.96
922638,pac,54.250,223.000,981.33,980.82,12.70,3.40,43.70,43.70,0.00,0.00,7.76
922638,pac,46.250,179.250,1004.92,1004.41,9.97,3.37,54.43,54.43,0.00,43449.30,7.67
922638,pac,45.000,188.250,1002.90,1002.22,10.65,3.07,42.56,44.80,0.00,0.00,4.32
922644,atl,68.750,-15.250,997.32,997.23,8.79,1.92,41.44,41.44,0.00,0.00,13.09
922644,atl,61.750,-25.750,991.49,990.99,14.16,3.66,56.13,56.13,0.00,52602.37,7.31
922644,atl,42.750,-76.250,986.01,985.33,17.01,3.60,39.26,49.97,0.00,0.00,9.45
922644,atl,34.250,-43.250,998.96,998.51,9.62,2.43,34.90,34.90,0.00,0.00,2.92
922644,pac,55.750,192.250,999.70,999.27,5.26,1.70,34.10,34.10,0.00,0.00,3.99
922644,pac,55.250,180.500,1003.94,1003.52,4.96,1.09,27.51,35.09,0.00,0.00,3.62
922644,pac,54.250,175.250,1004.02,1003.72,8.76,2.13,38.79,38.79,0.00,0.00,4.02
922644,pac,53.750,223.250,981.90,981.46,12.32,3.39,49.53,49.53,0.00,0.00,6.19
922644,pac,46.500,192.750,993.64,992.52,14.71,4.33,53.02,53.02,0.00,22944.77,7.52
922650,atl,60.000,-22.250,991.77,991.44,13.47,3.23,57.25,57.25,0.00,44101.32,7.09
922650,atl,43.250,-76.500,989.87,989.24,13.17,2.63,41.59,53.80,0.00,1788.85,9.66
922650,atl,33.500,-41.750,999.59,999.24,8.58,2.15,35.96,35.96,0.00,0.00,2.56
922650,pac,60.500,213.000,991.62,991.43,4.85,0.75,25.07,34.21,0.00,0.00,8.41
922650,pac,55.000,194.250,998.09,997.97,4.20,1.27,33.85,33.85,0.00,0.00,3.86
922650,pac,53.500,224.500,985.05,984.68,10.88,2.89,46.27,46.27,0.00,0.00,4.97
922650,pac,47.500,197.000,982.53,981.25,20.17,6.21,63.46,63.46,0.00,51638.59,11.33
922656,atl,66.500,-36.500,1002.10,1001.01,6.22,2.16,34.61,37.13,0.00,0.00,11.76
922656,atl,61.250,-40.750,1003.75,1003.46,6.89,1.73,36.10,36.10,0.00,0.00,10.24
922656,atl,59.500,-18.250,993.30,993.15,11.80,2.54,50.25,51.85,0.00,15388.26,5.61
922656,atl,45.000,-75.500,995.92,995.58,8.96,1.73,29.96,36.84,0.00,0.00,4.53
922656,atl,33.000,-40.250,1001.21,1000.87,8.49,2.08,31.95,31.95,0.00,0.00,2.52
922656,pac,62.500,214.750,990.84,990.58,5.05,0.91,18.65,21.16,0.00,0.00,9.26
922656,pac,62.250,220.250,990.26,989.87,5.35,1.28,18.39,18.65,0.00,0.00,9.26
922656,pac,62.000,209.750,991.81,991.37,4.59,1.20,18.75,29.62,0.00,0.00,9.26
922656,pac,59.500,231.750,991.17,990.70,5.10,1.55,21.49,28.76,0.00,0.00,7.79
922656,pac,58.250,237.000,992.76,992.38,5.80,1.52,24.65,25.26,0.00,0.00,7.79
922656,pac,53.750,226.000,989.03,988.68,8.15,2.42,43.73,43.73,0.00,0.00,4.88
922656,pac,48.000,201.250,976.58,975.95,21.66,6.21,63.61,63.61,0.00,93661.15,9.70
922662,atl,69.000,-27.500,999.07,998.23,4.13,1.68,37.95,46.14,0.00,0.00,16.57
922662,atl,68.250,-31.250,999.07,998.27,6.55,2.27,37.50,40.83,0.00,0.00,16.57
922662,atl,66.500,-35.750,999.11,998.15,8.08,2.43,36.42,36.42,0.00,0.00,16.57
922662,atl,62.250,-46.000,1001.50,1000.86,9.64,2.57,30.22,41.33,0.00,0.00,11.30
922662,atl,61.250,-40.000,1000.16,999.92,8.47,1.72,28.81,41.56,0.00,0.00,11.30
922662,atl,60.000,-14.250,992.64,992.37,11.04,2.39,45.41,45.62,0.00,0.00,5.80
922662,atl,43.000,-72.000,997.16,997.02,6.76,1.09,28.03,41.53,0.00,0.00,3.85
922662,atl,32.750,-39.250,1000.20,999.88,8.26,2.04,33.60,33.60,0.00,0.00,2.57
922662,pac,62.750,219.500,990.88,990.73,5.91,1.55,18.14,18.14,0.00,0.00,9.00
922662,pac,58.000,237.500,995.69,995.23,5.13,1.16,19.80,22.83,0.00,0.00,7.45
922662,pac,54.750,226.500,992.13,991.80,6.60,2.11,39.08,39.08,0.00,0.00,5.65
922662,pac,48.250,205.250,971.99,971.11,22.38,5.94,61.01,61.01,0.00,144659.46,7.74
922662,pac,42.000,160.500,983.09,982.13,22.75,6.16,60.22,60.87,0.00,122072.53,8.71
922668,atl,68.000,-31.250,997.41,996.65,9.99,3.35,41.73,50.54,0.00,628.63,18.64
922668,atl,66.250,-36.250,998.30,997.46,10.54,3.69,50.54,50.54,0.00,628.63,18.64
922668,atl,61.000,-39.250,1001.35,1001.23,7.77,1.20,38.38,47.95,0.00,0.00,14.85
922668,atl,60.750,-10.500,994.49,994.28,9.08,2.14,40.56,42.57,0.00,0.00,6.17
922668,atl,46.500,-69.500,998.00,997.73,6.89,1.33,21.94,37.66,0.00,0.00,5.13
922668,atl,32.500,-38.500,1002.26,1001.96,7.93,1.92,29.48,29.48,0.00,0.00,2.17
922668,pac,62.750,219.500,992.79,992.55,5.66,1.47,17.38,20.11,0.00,0.00,12.04
922668,pac,58.000,240.000,998.94,998.54,5.41,1.24,19.34,21.39,0.00,0.00,5.99
922668,pac,48.500,208.500,971.16,970.71,20.24,4.78,54.95,55.41,0.00,99100.68,6.45
922668,pac,44.750,163.000,980.08,978.91,25.00,6.96,64.40,64.40,1058.98,158079.89,8.82
922674,atl,69.000,-8.000,982.69,982.10,13.36,3.62,46.76,50.77,0.00,4666.70,6.75
922674,atl,66.500,-29.000,998.26,998.07,8.65,1.78,50.01,62.99,0.00,6313.73,17.36
922674,atl,65.500,-36.000,997.56,997.31,12.28,4.01,62.99,62.99,0.00,16623.47,17.36
922674,atl,61.500,-7.250,995.57,995.40,7.27,2.05,36.73,38.70,0.00,0.00,4.45
922674,atl,47.250,-69.500,998.95,998.72,6.70,1.11,25.73,33.74,0.00,0.00,4.34
922674,atl,32.500,-37.500,1002.09,1001.80,7.42,1.82,30.82,30.82,0.00,0.00,2.16
922674,pac,64.250,219.750,996.92,996.59,5.25,1.54,16.36,19.99,0.00,0.00,12.17
922674,pac,48.750,212.000,971.60,971.19,17.86,4.11,47.80,52.29,0.00,33133.28,6.30
922674,pac,47.250,164.750,978.67,977.57,23.76,6.55,62.99,62.99,0.00,145131.64,8.57
922680,atl,69.000,-4.000,983.33,983.03,11.76,2.82,45.04,60.16,0.00,43323.65,7.33
922680,atl,65.500,-28.250,997.52,997.32,11.81,2.83,41.42,61.98,0.00,4033.50,15.50
922680,atl,48.750,-70.750,1001.95,1001.76,6.26,1.04,21.22,28.67,0.00,0.00,3.93
922680,atl,32.500,-36.500,1004.21,1003.98,6.76,1.58,28.09,28.09,0.00,0.00,1.82
922680,pac,64.000,219.250,998.82,998.58,4.77,1.26,22.77,28.52,0.00,0.00,9.54
922680,pac,63.000,223.250,998.83,998.55,4.99,1.63,23.93,29.56,0.00,0.00,9.54
922680,pac,49.750,214.500,971.35,970.97,15.81,3.67,50.86,50.86,0.00,6626.14,5.81
922680,pac,49.250,166.000,980.70,979.99,19.82,4.90,58.66,58.70,0.00,119336.73,6.81
922680,pac,40.000,161.250,998.61,997.95,4.98,1.44,35.23,35.23,0.00,0.00,3.14
922686,atl,64.500,-26.000,994.82,994.61,13.87,4.08,51.21,51.21,0.00,2844.21,7.96
922686,atl,51.250,-71.500,1003.26,1003.21,6.02,1.24,21.88,23.63,0.00,0.00,3.56
922686,atl,32.250,-35.750,1003.19,1002.99,6.49,1.52,27.83,27.83,0.00,0.00,2.11
922686,pac,51.250,215.750,972.17,971.81,14.30,3.27,50.10,50.10,0.00,504.43,5.44
922686,pac,51.000,167.000,979.26,978.81,18.21,4.18,55.08,55.20,0.00,99043.40,6.21
922686,pac,42.000,166.250,995.50,995.24,4.36,1.22,33.24,35.05,0.00,0.00,2.73
922692,atl,63.750,-23.500,994.16,993.84,15.12,4.24,55.24,55.24,0.00,29220.30,8.01
922692,atl,56.750,-71.000,1003.71,1003.55,6.98,1.72,26.22,26.40,0.00,0.00,5.76
922692,pac,52.750,215.500,973.20,972.92,13.55,2.78,45.24,50.68,0.00,3894.55,5.36
922692,pac,52.500,166.000,978.35,978.02,16.84,3.70,51.21,51.21,0.00,7166.10,6.51
922692,pac,51.750,226.000,984.52,983.55,13.57,3.82,72.07,72.07,24733.03,151773.19,9.41
922698,atl,62.500,-20.000,992.95,992.58,15.22,3.88,59.51,59.51,0.00,47394.71,9.28
922698,atl,57.500,-70.000,1001.84,1001.62,7.78,1.92,25.95,31.44,0.00,0.00,4.47
922698,pac,54.250,214.500,976.10,975.84,13.23,2.23,46.80,60.53,0.00,47340.18,5.47
922698,pac,52.750,164.750,976.08,975.80,16.51,3.84,51.49,51.49,0.00,448.75,7.77
922704,atl,61.250,-16.500,992.14,992.00,13.75,2.68,56.17,56.27,0.00,68252.09,15.10
922704,atl,59.750,-69.750,1002.32,1002.13,7.94,1.72,28.96,37.92,0.00,0.00,8.75
922704,pac,55.500,212.750,981.02,980.81,12.54,1.99,40.01,50.01,0.00,423.70,5.41
922704,pac,52.000,165.250,977.24,976.97,14.59,3.14,50.71,50.71,0.00,1903.05,7.71
922704,pac,50.250,179.000,977.24,976.80,13.62,3.14,52.56,52.56,0.00,18506.01,5.75
922710,atl,60.250,-69.000,999.97,999.73,8.82,1.92,35.88,39.90,0.00,0.00,9.21
922710,atl,60.250,-10.750,986.85,986.57,12.78,2.55,54.77,59.64,0.00,70909.82,8.97
922710,atl,55.000,-59.500,1002.35,1002.11,7.62,1.62,27.15,28.92,0.00,0.00,3.59
922710,pac,56.250,209.750,984.62,984.47,12.12,2.02,41.13,46.85,0.00,0.00,8.01
922710,pac,51.750,166.750,979.32,979.06,12.82,2.49,50.93,50.93,0.00,7427.56,6.16
922710,pac,51.500,179.500,975.42,974.69,14.55,3.52,49.59,49.59,0.00,0.00,5.16
922710,pac,47.000,220.000,1001.09,1001.00,4.15,1.08,27.67,28.38,0.00,0.00,1.91
922716,atl,60.250,-69.750,999.48,999.13,8.77,2.32,33.75,42.20,0.00,0.00,8.94
922716,atl,60.250,-4.000,985.89,985.71,11.70,2.05,44.93,51.71,0.00,3764.11,5.88
922716,atl,57.250,-59.250,999.07,998.86,9.74,2.05,32.06,32.94,0.00,0.00,4.61
922716,pac,64.500,213.250,998.21,997.47,7.27,1.46,28.37,42.96,0.00,0.00,16.74
922716,pac,56.250,207.750,987.31,987.15,10.36,2.07,36.49,41.24,0.00,0.00,5.39
922716,pac,51.750,183.750,977.36,976.73,14.75,3.42,49.14,49.28,0.00,0.00,5.35
922716,pac,51.500,168.500,981.76,981.40,11.85,2.45,46.72,46.72,0.00,0.00,4.61
922716,pac,48.750,220.500,1001.12,1000.96,4.53,1.31,27.38,27.38,0.00,0.00,1.85
922722,atl,61.500,0.000,982.19,981.87,15.21,3.35,49.80,51.37,0.00,11309.76,8.62
922722,atl,60.000,-69.000,999.63,999.35,7.35,2.12,36.62,40.25,0.00,0.00,8.41
922722,atl,60.000,-60.500,996.80,996.60,11.01,2.29,33.34,45.51,0.00,0.00,8.41
922722,pac,57.250,205.500,989.89,989.66,7.45,1.46,34.58,41.96,0.00,0.00,8.09
922722,pac,52.250,184.250,978.07,977.34,15.84,3.95,50.59,50.59,0.00,3728.54,5.53
922722,pac,51.000,169.500,984.37,984.00,10.89,2.47,42.24,42.48,0.00,0.00,3.81
922722,pac,49.750,220.500,1002.11,1001.99,4.19,1.24,28.51,28.51,0.00,0.00,2.27
922728,atl,62.250,-63.250,995.72,995.47,12.70,2.52,50.25,52.25,0.00,6467.39,17.03
922728,atl,61.000,-1.500,982.39,982.05,14.63,3.43,57.06,57.06,0.00,127957.94,6.62
922728,pac,65.750,217.000,999.96,999.65,7.55,1.62,26.14,29.04,0.00,0.00,19.75
922728,pac,64.250,209.750,998.65,998.15,4.92,0.96,37.93,37.93,0.00,0.00,16.62
922728,pac,59.250,199.750,992.30,992.09,5.31,0.97,29.65,33.03,0.00,0.00,8.78
922728,pac,57.750,204.500,992.39,992.10,4.82,0.81,29.75,44.41,0.00,0.00,8.78
922728,pac,53.500,235.750,1002.93,1002.29,5.96,2.45,35.26,35.26,0.00,0.00,7.72
922728,pac,52.250,184.500,978.78,978.13,16.57,4.69,52.98,52.98,0.00,21530.80,6.46
922728,pac,50.750,170.250,988.84,988.60,9.12,2.08,38.27,38.27,0.00,0.00,3.73
922728,pac,44.250,167.500,994.90,994.45,6.25,1.48,44.73,53.14,0.00,15264.46,5.22
922734,atl,64.250,8.750,987.72,987.42,8.08,1.83,45.27,54.46,0.00,9409.14,6.13
922734,atl,62.750,-63.500,993.84,993.46,12.77,2.90,46.69,50.56,0.00,616.28,21.49
922734,atl,59.750,-1.750,981.56,981.23,14.99,3.79,64.50,64.50,383.46,153070.94,8.46
922734,pac,65.750,216.750,999.79,999.64,7.00,1.55,25.13,25.90,0.00,0.00,20.24
922734,pac,60.500,199.500,991.62,991.38,6.32,1.23,27.35,36.85,0.00,0.00,7.85
922734,pac,53.500,196.250,987.88,987.37,6.01,1.53,30.49,42.14,0.00,0.00,3.46
922734,pac,52.250,185.750,981.32,980.75,15.22,4.35,52.43,52.43,0.00,10342.94,6.07
922734,pac,49.750,169.750,992.56,992.31,7.88,1.85,39.51,39.51,0.00,0.00,3.65
922734,pac,44.000,174.000,991.56,990.24,10.65,3.17,50.82,50.82,0.00,3399.95,5.43
922740,atl,63.500,-63.750,995.58,994.99,10.78,2.58,42.01,48.10,0.00,0.00,19.59
922740,atl,62.750,-69.750,997.26,997.05,9.62,1.93,30.04,42.87,0.00,0.00,14.25
922740,atl,59.750,6.500,985.67,985.42,7.46,1.42,28.60,54.40,0.00,11353.09,6.33
922740,atl,57.750,-0.500,984.22,983.69,13.33,3.28,58.83,58.83,0.00,105011.59,9.92
922740,pac,65.750,216.500,999.28,999.03,7.11,1.60,23.29,23.29,0.00,0.00,18.92
922740,pac,60.500,199.500,992.68,992.50,4.90,0.75,20.27,33.66,0.00,0.00,8.86
922740,pac,54.250,200.000,988.33,988.03,6.36,1.63,30.75,34.99,0.00,0.00,2.67
922740,pac,52.250,188.000,985.53,984.93,12.74,3.65,51.98,51.98,0.00,10719.86,5.06
922740,pac,44.750,177.000,990.88,989.60,11.70,3.44,45.37,49.76,0.00,0.00,6.16
922746,atl,68.500,-59.250,1002.15,1001.71,5.41,2.25,40.43,40.58,0.00,0.00,17.01
922746,atl,67.250,-51.000,1004.16,1003.97,6.19,1.02,29.81,40.43,0.00,0.00,16.06
922746,atl,63.500,-64.250,996.99,996.51,8.28,1.90,37.53,40.61,0.00,0.00,17.01
922746,atl,63.500,-57.500,1000.12,999.84,5.65,1.54,34.64,40.61,0.00,0.00,10.53
922746,atl,63.000,-70.000,996.88,996.73,9.65,2.01,30.89,40.61,0.00,0.00,13.73
922746,atl,61.000,5.500,986.03,985.72,9.92,2.07,53.66,54.83,0.00,71825.30,6.16
922746,atl,56.250,3.250,987.43,986.97,9.55,2.31,48.87,51.83,0.00,8346.08,7.32
922746,pac,65.500,216.750,998.75,998.39,6.08,1.47,18.22,18.68,0.00,0.00,17.73
922746,pac,54.750,201.500,990.27,990.00,6.27,1.75,34.40,35.05,0.00,0.00,3.05
922746,pac,52.500,190.750,988.48,987.90,10.95,3.37,49.61,49.61,0.00,0.00,4.96
922746,pac,52.000,236.750,995.69,995.06,5.90,1.89,36.75,36.75,0.00,0.00,8.99
922746,pac,45.250,180.500,992.22,991.59,11.06,3.24,46.79,53.58,0.00,3443.41,7.10
922752,atl,64.500,-57.500,1000.16,999.72,5.67,1.83,39.07,39.07,0.00,0.00,13.99
922752,atl,63.000,-69.750,997.99,997.85,8.85,1.87,33.18,33.63,0.00,0.00,12.07
922752,atl,61.000,7.000,988.69,988.33,8.14,1.58,51.16,54.76,0.00,44503.53,5.61
922752,pac,66.000,217.500,997.03,996.89,7.19,1.72,16.16,16.16,0.00,0.00,14.35
922752,pac,64.750,210.250,997.74,997.57,4.61,0.63,16.04,20.88,0.00,0.00,16.72
922752,pac,63.250,193.250,996.99,996.87,6.94,1.49,44.96,44.96,0.00,0.00,7.63
922752,pac,57.500,239.250,993.46,993.26,5.98,1.35,18.38,21.97,0.00,0.00,5.19
922752,pac,55.250,204.000,993.59,993.40,5.63,1.65,34.44,34.61,0.00,0.00,2.89
922752,pac,53.000,192.500,991.14,990.67,8.73,2.68,40.90,40.90,0.00,0.00,3.88
922752,pac,52.500,215.000,995.17,994.85,5.40,1.54,33.98,36.72,0.00,0.00,3.00
922752,pac,48.250,188.750,993.76,993.21,8.25,1.51,37.34,53.83,0.00,7177.03,4.47
922752,pac,45.000,222.000,997.95,996.99,10.14,2.54,53.60,53.60,0.00,11101.11,5.21
922758,atl,65.500,-57.000,1000.11,999.52,5.78,1.98,38.95,38.95,0.00,0.00,13.56
922758,atl,63.500,-69.500,998.13,998.00,8.65,1.73,32.17,35.61,0.00,0.00,13.56
922758,atl,46.750,-64.000,1004.56,1004.39,6.72,1.29,32.06,37.94,0.00,0.00,5.36
922758,atl,45.750,-67.250,1004.50,1004.37,6.14,1.27,37.32,38.13,0.00,0.00,6.46
922758,atl,39.500,5.750,1004.16,1003.95,5.64,1.09,27.93,34.80,0.00,0.00,9.07
922758,pac,65.250,208.000,998.61,998.37,4.36,0.73,14.04,14.97,0.00,0.00,16.55
922758,pac,63.250,191.250,997.89,997.71,7.13,1.64,42.24,42.24,0.00,0.00,7.60
922758,pac,63.000,197.500,997.58,997.42,4.04,0.71,15.88,42.24,0.00,0.00,5.67
922758,pac,53.000,193.250,989.84,989.38,9.70,2.40,33.39,37.48,0.00,0.00,5.23
922758,pac,52.750,217.250,999.18,998.89,4.30,1.39,35.63,35.79,0.00,0.00,3.17
922758,pac,50.250,194.500,990.23,989.62,10.85,2.09,46.97,49.71,0.00,0.00,5.23
922758,pac,44.500,227.750,994.65,993.07,14.16,3.63,52.45,52.45,0.00,5065.74,7.85
922764,atl,66.750,-56.000,1001.99,1001.67,5.40,1.73,40.96,40.96,0.00,0.00,12.84
922764,atl,63.500,-69.250,1000.38,1000.21,7.76,1.72,32.96,35.12,0.00,0.00,12.84
922764,atl,61.750,-38.250,1002.15,1001.84,10.25,2.61,42.23,45.52,0.00,0.00,9.38
922764,atl,60.250,9.250,993.21,992.77,7.64,1.61,51.30,51.30,0.00,775.69,5.74
922764,atl,48.500,-60.750,1001.83,1001.49,8.19,1.76,33.58,37.44,0.00,0.00,4.57
922764,atl,40.750,7.000,1003.27,1002.90,5.56,1.64,34.32,35.99,0.00,0.00,6.96
922764,pac,66.000,216.000,999.87,999.75,5.84,1.38,15.92,15.92,0.00,0.00,12.63
922764,pac,65.750,206.500,1000.16,1000.05,4.31,0.97,13.59,19.00,0.00,0.00,15.68
922764,pac,63.750,196.250,999.47,999.26,4.11,0.70,34.37,42.10,0.00,0.00,7.48
922764,pac,62.750,189.750,999.01,998.79,7.09,1.75,40.41,42.10,0.00,0.00,7.03
922764,pac,51.750,198.750,987.92,987.48,11.98,2.52,44.46,44.46,0.00,0.00,6.14
922764,pac,44.250,231.750,991.89,991.40,16.57,4.06,55.21,56.13,0.00,95939.81,6.96
922770,atl,68.750,-1.750,997.03,996.57,7.93,2.67,40.01,40.01,0.00,0.00,4.38
922770,atl,68.500,-55.500,1003.44,1003.14,4.36,1.45,38.39,38.39,0.00,0.00,11.16
922770,atl,64.000,-35.000,994.00,993.48,14.75,4.16,52.26,52.26,0.00,6708.16,12.51
922770,atl,63.250,-69.000,1002.29,1002.01,6.96,1.60,30.34,32.54,0.00,0.00,11.16
922770,atl,59.250,8.750,996.21,995.91,8.50,2.18,52.68,52.68,0.00,1960.86,5.79
922770,atl,51.250,-54.500,998.05,997.83,10.94,2.29,41.27,43.78,0.00,0.00,5.31
922770,atl,42.750,9.500,1002.23,1001.88,4.98,1.20,38.49,38.49,0.00,0.00,9.72
922770,atl,31.000,-4.750,1001.09,1000.36,8.17,2.80,33.65,34.21,0.00,0.00,16.29
922770,pac,66.000,217.000,1001.69,1001.53,4.60,1.13,15.25,15.25,0.00,0.00,11.90
922770,pac,62.250,188.500,999.68,999.49,7.10,1.84,36.29,43.90,0.00,0.00,7.07
922770,pac,53.000,203.000,985.92,985.46,12.73,3.07,46.46,46.46,0.00,0.00,4.73
922770,pac,43.750,234.500,994.94,994.21,14.44,3.84,51.64,56.50,0.00,60667.39,8.42
922776,atl,68.000,1.250,996.30,995.80,7.66,2.72,33.98,33.98,0.00,0.00,3.97
922776,atl,67.250,-37.250,998.64,997.77,6.78,2.05,57.83,57.83,0.00,17422.10,14.12
922776,atl,65.250,-31.000,988.62,988.16,18.04,5.10,57.83,57.83,0.00,32192.82,14.12
922776,atl,58.250,9.500,1000.51,1000.27,6.60,1.71,50.31,50.31,0.00,406.64,5.68
922776,atl,54.000,-50.250,993.09,992.68,13.79,3.15,50.86,50.86,0.00,2303.72,5.87
922776,pac,61.750,188.250,1001.57,1001.47,6.46,1.70,32.60,40.45,0.00,0.00,6.38
922776,pac,54.000,205.750,987.24,987.06,11.74,2.62,45.30,45.30,0.00,0.00,4.68
922776,pac,43.500,236.000,1003.86,1003.38,7.02,1.66,44.89,50.63,0.00,6489.92,6.46
922782,atl,69.000,-4.000,998.46,997.99,4.14,0.97,32.89,32.89,0.00,0.00,3.96
922782,atl,68.000,3.250,994.75,994.39,7.94,2.75,30.24,32.89,0.00,0.00,3.96
922782,atl,67.500,-36.750,1000.85,999.84,4.09,1.40,54.00,54.00,0.00,14524.72,13.02
922782,atl,65.750,-29.000,987.69,986.78,17.57,5.75,54.00,54.00,0.00,38252.20,13.02
922782,atl,56.750,-46.500,986.43,986.00,16.05,3.78,45.48,46.42,0.00,0.00,5.17
922782,atl,43.750,7.750,1001.17,1000.66,9.15,2.52,42.86,48.55,0.00,0.00,11.67
922782,pac,61.500,188.750,1002.26,1002.11,5.91,1.48,32.45,38.77,0.00,0.00,5.51
922782,pac,55.250,208.250,988.16,987.95,10.88,2.29,41.75,44.97,0.00,0.00,4.63
922788,atl,68.000,3.500,994.88,994.49,8.29,2.78,31.10,31.29,0.00,0.00,3.84
922788,atl,65.750,-27.500,993.87,993.01,11.59,4.39,51.46,51.46,0.00,3087.58,11.63
922788,atl,65.750,-16.500,997.83,997.42,6.68,1.55,40.98,50.59,0.00,610.09,6.81
922788,atl,64.250,-11.500,997.99,997.86,6.18,1.67,40.95,41.60,0.00,0.00,6.59
922788,atl,58.250,-44.000,982.45,981.93,17.57,4.58,49.62,49.62,0.00,0.00,11.43
922788,atl,43.750,7.000,1001.46,1000.61,12.21,3.78,57.07,57.07,0.00,6637.60,14.13
922788,pac,61.250,189.750,1004.08,1003.93,4.54,1.00,28.95,37.22,0.00,0.00,4.72
922788,pac,55.750,211.750,988.97,988.91,10.71,1.96,39.89,42.42,0.00,0.00,4.72
922794,atl,68.000,4.000,995.67,995.46,7.59,2.41,27.79,31.21,0.00,0.00,3.98
922794,atl,65.500,-28.250,995.85,995.04,7.44,2.83,48.57,48.57,0.00,0.00,9.53
922794,atl,64.000,-0.750,997.54,997.19,6.30,1.64,37.87,40.80,0.00,0.00,4.12
922794,atl,59.250,-40.250,982.89,982.73,17.10,4.43,55.92,55.92,0.00,42502.99,11.30
922794,atl,43.250,7.000,1003.42,1002.52,12.44,3.87,58.60,58.60,0.00,24423.97,17.28
922794,pac,56.250,213.500,989.28,989.07,10.87,1.98,39.26,39.26,0.00,0.00,4.84
922794,pac,48.250,163.000,1000.25,1000.06,9.47,1.82,44.65,44.95,0.00,0.00,5.20
922800,atl,67.500,6.250,996.87,996.67,7.57,2.14,33.52,40.94,0.00,0.00,4.44
922800,atl,64.500,-51.500,998.80,998.41,7.58,1.94,41.37,41.46,0.00,0.00,5.46
922800,atl,64.500,-48.500,998.49,998.28,5.68,1.58,40.56,47.21,0.00,0.00,6.63
922800,atl,64.000,3.000,997.49,996.87,7.49,2.16,43.19,43.19,0.00,0.00,5.00
922800,atl,61.500,-34.250,984.86,984.50,15.19,3.08,58.44,62.18,0.00,76101.74,7.85
922800,atl,35.500,-71.750,1005.00,1004.72,8.69,2.26,48.79,48.79,0.00,0.00,5.59
922800,atl,31.500,9.250,996.93,996.10,10.18,2.50,44.04,48.94,0.00,0.00,15.25
922800,pac,63.250,221.000,998.74,998.62,5.13,1.37,22.87,34.49,0.00,0.00,10.15
922800,pac,56.750,213.750,989.39,989.13,10.82,2.14,34.36,36.02,0.00,0.00,5.02
922800,pac,48.500,166.000,999.79,999.63,10.36,1.83,46.47,47.39,0.00,0.00,5.76
922806,atl,67.500,7.500,997.39,997.20,7.14,2.01,30.75,33.54,0.00,0.00,5.13
922806,atl,64.000,-52.000,1002.07,1001.90,6.06,1.91,39.21,39.21,0.00,0.00,5.71
922806,atl,63.750,-26.000,982.61,981.94,16.17,3.42,46.22,56.49,0.00,52178.18,7.30
922806,atl,52.500,-38.500,1004.02,1003.32,7.34,2.10,43.18,43.18,0.00,0.00,3.97
922806,atl,35.000,-72.000,1004.47,1004.28,8.23,1.85,45.17,45.17,0.00,0.00,5.79
922806,pac,62.750,220.250,998.71,998.47,5.03,1.26,22.43,38.17,0.00,0.00,9.85
922806,pac,57.000,214.000,990.37,990.16,10.54,2.15,35.18,38.17,0.00,0.00,5.91
922806,pac,48.750,168.000,998.67,998.45,11.03,2.18,47.71,47.71,0.00,0.00,5.14
922812,atl,67.250,8.000,997.95,997.80,6.27,1.82,26.88,34.76,0.00,0.00,4.76
922812,atl,65.000,-16.500,988.16,987.25,11.51,1.71,42.15,53.23,0.00,12734.96,6.27
922812,atl,64.750,-11.500,985.86,984.80,13.84,3.68,43.33,50.69,0.00,2233.11,6.27
922812,atl,64.000,-23.250,987.35,986.91,12.51,2.76,43.67,53.23,0.00,21460.70,5.50
922812,atl,55.250,-33.250,1002.14,1001.41,7.11,2.10,44.62,44.62,0.00,0.00,4.65
922812,atl,35.500,-69.250,1003.88,1003.36,7.75,1.56,40.37,47.66,0.00,0.00,3.79
922812,atl,34.750,-66.250,1003.53,1002.74,6.98,1.53,44.04,44.04,0.00,0.00,3.79
922812,pac,62.500,220.000,999.62,999.32,5.11,1.22,24.34,37.48,0.00,0.00,9.03
922812,pac,57.000,214.250,991.72,991.54,10.36,2.07,31.58,37.48,0.00,0.00,5.30
922812,pac,49.500,166.750,999.35,999.11,10.28,2.07,47.78,48.01,0.00,0.00,4.90
922818,atl,65.250,-8.750,987.47,986.67,12.49,3.46,44.15,53.06,0.00,359.81,5.51
922818,atl,64.500,-20.500,992.01,991.68,8.68,1.96,39.10,44.34,0.00,0.00,5.16
922818,atl,64.500,-14.750,992.25,991.34,8.10,1.07,43.84,53.06,0.00,359.81,5.51
922818,atl,35.250,-66.250,1002.96,1002.39,7.04,1.48,39.55,44.68,0.00,0.00,3.74
922818,pac,62.250,220.250,1001.62,1001.39,4.07,0.96,32.01,36.80,0.00,0.00,10.10
922818,pac,57.000,214.250,992.85,992.68,10.36,2.05,34.95,36.84,0.00,0.00,5.90
922818,pac,50.750,229.000,1001.14,1000.74,9.40,2.63,45.88,45.88,0.00,0.00,8.09
922818,pac,50.000,166.500,1000.40,1000.15,9.08,1.85,42.73,48.28,0.00,0.00,4.71
922818,pac,42.750,173.500,1003.43,1003.38,5.91,0.86,49.72,49.72,0.00,0.00,5.16
922824,atl,65.500,-7.000,993.27,992.82,7.74,2.25,34.46,40.68,0.00,0.00,3.90
922824,atl,65.250,-19.000,994.04,993.61,7.56,1.75,37.89,39.95,0.00,0.00,4.08
922824,atl,64.250,7.750,992.61,991.54,9.05,2.53,46.96,46.96,0.00,0.00,6.39
922824,atl,41.500,8.750,998.27,997.57,15.13,3.08,58.31,60.25,0.00,145301.45,17.37
922824,atl,36.250,-62.250,1002.48,1001.85,7.87,2.03,42.94,43.15,0.00,0.00,4.58
922824,pac,62.750,220.500,1000.85,1000.60,6.12,1.88,22.65,35.78,0.00,0.00,10.81
922824,pac,57.000,214.000,994.05,993.92,9.95,2.11,35.79,39.53,0.00,0.00,6.30
922824,pac,53.000,229.000,996.06,994.84,9.42,2.59,50.55,50.55,0.00,478.42,7.86
922824,pac,49.250,163.500,1000.79,1000.60,6.64,1.34,30.78,44.49,0.00,0.00,4.02
922824,pac,46.500,175.500,1000.96,1000.62,9.07,2.13,46.83,47.02,0.00,0.00,5.30
922830,atl,65.250,-17.250,992.72,992.42,7.08,1.13,32.82,36.83,0.00,0.00,4.09
922830,atl,61.500,-17.500,992.20,992.05,8.91,1.76,44.07,46.27,0.00,0.00,4.74
922830,atl,36.750,-61.750,1000.34,999.95,8.10,1.90,40.62,40.85,0.00,0.00,3.70
922830,pac,62.500,220.500,1003.60,1003.24,4.45,1.20,16.46,30.84,0.00,0.00,9.34
922830,pac,56.250,214.250,995.61,995.53,9.20,1.86,39.39,40.95,0.00,0.00,4.72
922830,pac,54.500,228.500,994.93,994.46,7.80,1.74,25.70,31.02,0.00,0.00,6.67
922830,pac,49.750,163.000,999.20,999.07,5.89,1.16,29.61,41.25,0.00,0.00,7.29
922830,pac,49.500,175.500,999.44,999.07,10.58,2.39,40.25,43.44,0.00,0.00,5.17
922836,atl,63.250,-12.000,985.95,985.39,13.96,3.11,45.84,47.63,0.00,0.00,5.37
922836,atl,38.750,-58.500,999.96,999.68,8.86,1.84,43.67,43.67,0.00,0.00,3.48
922836,pac,57.500,226.000,995.13,994.97,7.38,1.50,26.23,26.23,0.00,0.00,14.18
922836,pac,55.250,215.250,997.74,997.65,7.15,1.40,35.79,47.72,0.00,0.00,4.67
922836,pac,52.000,174.250,999.25,998.99,10.74,2.17,39.75,45.27,0.00,0.00,4.83
922842,atl,65.250,-7.750,977.50,977.16,20.91,4.93,46.86,46.86,0.00,0.00,8.64
922842,atl,41.250,-56.000,996.96,996.52,12.33,2.75,48.41,48.41,0.00,0.00,4.97
922842,pac,58.750,228.500,999.02,998.50,7.57,1.62,29.84,30.97,0.00,0.00,16.57
922842,pac,58.500,221.500,998.79,998.37,6.39,1.70,28.48,28.48,0.00,0.00,17.12
922842,pac,57.750,231.250,999.00,998.40,7.23,1.70,29.29,30.97,0.00,0.00,9.13
922842,pac,54.000,171.250,997.26,997.04,10.25,2.10,43.20,46.03,0.00,0.00,4.95
922842,pac,54.000,240.000,1002.75,1002.33,6.42,1.18,31.68,37.30,0.00,0.00,8.16
922842,pac,53.750,216.250,1001.68,1001.61,6.26,1.31,42.58,46.35,0.00,0.00,4.35
922848,atl,66.750,-6.750,973.36,972.78,24.04,5.89,55.09,55.09,0.00,67907.12,8.67
922848,atl,62.250,-36.500,1004.76,1004.67,7.94,1.01,38.19,51.94,0.00,6725.56,13.74
922848,atl,44.000,-55.500,995.13,994.79,16.77,3.71,50.30,53.54,0.00,15736.33,9.28
922848,pac,59.750,216.000,1002.76,1002.58,7.96,2.07,29.68,37.52,0.00,0.00,17.89
922848,pac,59.250,228.500,1002.14,1001.51,6.54,1.55,29.86,29.86,0.00,0.00,10.06
922848,pac,58.750,232.500,1001.44,1000.82,7.63,1.99,29.86,31.91,0.00,0.00,10.06
922848,pac,54.750,168.750,994.16,993.97,9.38,1.76,43.81,46.26,0.00,0.00,8.06
922854,atl,67.000,-4.250,970.79,970.39,25.14,6.07,56.94,56.94,0.00,29536.90,8.51
922854,atl,62.000,-31.500,1003.92,1003.83,5.50,1.07,35.54,46.38,0.00,0.00,3.71
922854,atl,46.000,-57.000,997.79,997.37,15.40,3.18,49.85,59.09,0.00,39405.18,9.73
922854,atl,36.250,-56.000,1005.00,1004.82,4.15,0.94,38.24,39.57,0.00,0.00,2.76
922854,pac,52.500,164.000,989.57,989.39,8.23,1.41,44.63,44.63,0.00,0.00,8.21
922860,atl,66.750,-3.250,972.24,971.61,23.65,5.63,51.94,51.94,0.00,14616.80,7.05
922860,atl,61.250,-27.500,1004.43,1004.34,5.34,1.07,33.43,42.40,0.00,0.00,3.39
922860,atl,46.750,-61.750,1003.67,1003.30,11.91,2.43,56.48,57.93,0.00,23069.90,8.82
922860,pac,53.500,165.000,986.66,986.56,11.01,2.10,49.89,49.89,0.00,0.00,9.11
922860,pac,47.250,233.250,1003.55,1002.98,8.60,2.65,39.37,39.37,0.00,0.00,4.86
922866,atl,66.750,-2.000,973.92,973.46,21.52,4.99,49.87,49.87,0.00,0.00,6.12
922866,pac,53.000,165.750,986.56,986.44,11.49,2.27,50.01,50.01,0.00,446.00,7.54
922866,pac,48.500,232.750,1002.87,1001.81,8.57,2.71,39.59,39.59,0.00,0.00,5.58
922872,atl,66.750,0.500,975.99,975.55,19.14,4.35,48.53,48.53,0.00,0.00,5.61
922872,pac,52.500,169.500,989.48,989.40,9.54,1.55,44.71,44.71,0.00,0.00,4.59
922872,pac,49.250,232.000,1004.20,1003.06,7.09,2.56,33.73,33.73,0.00,0.00,7.02
922878,atl,67.750,-55.000,1003.97,1003.71,11.32,2.66,37.95,39.69,0.00,0.00,7.84
922878,atl,67.000,2.000,977.63,977.25,17.68,3.97,46.56,46.59,0.00,0.00,5.28
922878,atl,58.000,-16.000,1000.17,1000.11,5.09,0.92,31.44,34.47,0.00,0.00,2.66
922878,atl,44.750,-52.750,1003.44,1003.13,8.86,1.90,36.12,46.24,0.00,0.00,5.76
922878,pac,52.250,172.750,992.31,992.17,8.20,1.55,43.94,44.42,0.00,0.00,4.01
922884,atl,67.250,3.750,980.85,980.64,16.56,3.81,49.15,49.15,0.00,0.00,5.42
922884,atl,55.500,-12.750,1000.78,1000.70,5.19,0.71,30.43,34.57,0.00,0.00,2.98
922884,atl,55.500,-10.000,1000.79,1000.73,4.32,0.66,26.23,31.39,0.00,0.00,2.98
922884,atl,48.750,-54.750,998.96,998.76,10.74,1.87,36.07,37.75,0.00,0.00,4.32
922884,atl,33.250,-80.000,1004.22,1004.15,4.73,1.13,40.30,40.30,0.00,0.00,3.04
922884,pac,55.250,180.500,995.17,994.94,7.19,1.31,31.16,31.87,0.00,0.00,3.29
922884,pac,52.250,176.500,994.65,994.50,7.05,1.40,40.23,41.82,0.00,0.00,3.55
922890,atl,68.000,5.250,982.95,982.69,16.42,3.65,46.16,46.16,0.00,0.00,6.36
922890,atl,55.000,-7.000,998.31,998.12,5.62,1.24,26.24,31.47,0.00,0.00,3.00
922890,atl,50.500,-54.750,991.08,990.75,14.36,2.97,48.73,48.73,0.00,0.00,6.79
922890,atl,33.750,-75.750,1003.08,1002.60,6.83,1.84,45.37,45.37,0.00,0.00,4.01
922890,pac,55.500,180.000,995.27,995.00,7.76,1.46,31.96,33.77,0.00,0.00,3.25
922890,pac,52.000,179.750,995.39,995.24,7.18,1.45,38.99,41.56,0.00,0.00,3.43
922896,atl,68.750,5.250,985.06,984.75,17.05,3.69,44.38,44.38,0.00,0.00,6.26
922896,atl,55.500,-7.250,997.85,997.46,7.59,2.02,32.46,32.46,0.00,0.00,3.92
922896,atl,52.750,-5.250,998.38,998.23,5.92,1.02,24.01,32.46,0.00,0.00,3.92
922896,atl,52.250,-54.250,983.08,982.80,18.28,3.77,50.80,51.38,0.00,12388.35,9.67
922896,atl,33.750,-74.750,1002.41,1002.00,8.05,2.04,52.78,52.78,0.00,2528.18,5.28
922896,pac,55.000,178.750,997.23,997.02,7.48,1.53,28.90,31.15,0.00,0.00,3.07
922896,pac,53.250,193.500,998.28,998.18,6.27,1.34,32.08,33.64,0.00,0.00,3.69
922896,pac,52.000,182.500,997.30,997.18,6.15,1.26,33.95,39.28,0.00,0.00,3.20
922896,pac,48.500,208.000,1003.53,1003.28,6.22,1.59,28.42,28.42,0.00,0.00,2.88
922902,atl,68.750,5.000,987.67,987.42,16.37,3.64,40.13,40.13,0.00,0.00,5.09
922902,atl,54.750,-8.500,998.77,998.29,8.09,2.26,42.93,42.93,0.00,0.00,5.18
922902,atl,53.250,-52.750,976.80,976.54,21.11,4.77,58.29,61.96,0.00,191082.38,9.16
922902,atl,53.250,-4.000,998.24,998.05,6.09,1.16,23.61,42.93,0.00,0.00,5.18
922902,atl,33.500,-74.250,1003.23,1002.92,7.36,1.83,48.39,48.39,0.00,0.00,4.18
922902,pac,54.250,178.000,1000.18,1000.02,5.84,1.39,24.65,27.02,0.00,0.00,2.49
922902,pac,53.500,194.000,997.47,997.30,6.79,1.49,34.30,34.30,0.00,0.00,3.93
922902,pac,48.500,211.500,1002.40,1002.12,7.07,1.76,32.11,32.11,0.00,0.00,3.66
922908,atl,68.750,7.000,991.78,991.49,14.92,3.51,39.99,40.33,0.00,0.00,5.70
922908,atl,63.500,-47.750,990.59,990.02,12.38,4.01,45.13,54.40,0.00,26201.38,25.28
922908,atl,54.500,-50.250,977.32,977.06,19.75,3.80,59.41,62.24,0.00,229498.06,9.71
922908,atl,53.250,-2.250,999.42,999.31,5.89,1.22,25.36,30.05,0.00,0.00,3.34
922908,atl,45.000,-52.750,1001.98,1001.31,7.90,2.24,52.38,52.38,0.00,2798.07,4.92
922908,atl,33.250,-74.750,1004.58,1004.32,7.25,1.99,43.22,43.22,0.00,0.00,4.24
922908,pac,53.500,194.500,998.04,997.82,7.01,1.53,32.96,32.96,0.00,0.00,3.68
922908,pac,49.500,212.750,1000.54,1000.16,7.37,1.85,32.46,33.08,0.00,0.00,3.29
922908,pac,44.000,160.000,972.86,972.19,23.32,5.25,63.38,63.59,0.00,308749.23,9.77
922914,atl,56.500,-48.500,977.85,977.57,17.80,3.00,52.15,64.92,1838.63,159982.05,8.44
922914,atl,53.000,-1.000,1000.36,1000.19,5.55,1.18,33.31,33.31,0.00,0.00,3.46
922914,atl,41.250,-0.500,1003.00,1002.34,4.93,1.42,28.04,34.50,0.00,0.00,7.35
922914,atl,33.500,-75.000,1003.84,1003.24,8.61,2.68,51.10,51.10,0.00,1902.89,6.77
922914,pac,52.500,203.750,999.48,999.28,6.72,1.60,30.83,32.12,0.00,0.00,3.13
922914,pac,50.000,214.500,1000.04,999.53,7.79,1.95,34.59,36.35,0.00,0.00,3.44
922914,pac,44.250,163.500,972.47,972.00,20.66,4.03,64.21,64.52,6359.52,254766.53,7.40
922920,atl,57.750,-48.500,977.32,977.01,18.13,3.39,50.26,59.68,0.00,134120.85,12.06
922920,atl,54.750,1.750,1002.25,1001.97,5.98,1.56,30.19,32.76,0.00,0.00,3.45
922920,atl,33.250,-75.000,1002.31,1000.62,10.25,3.52,62.12,62.12,0.00,33270.89,11.04
922920,pac,52.500,206.000,998.90,998.65,7.59,1.69,31.63,31.83,0.00,0.00,3.03
922920,pac,51.000,214.750,998.95,998.48,7.75,1.97,32.35,32.35,0.00,0.00,3.11
922920,pac,50.500,222.250,999.84,999.39,9.87,2.40,34.05,41.09,0.00,0.00,4.36
922920,pac,45.000,166.250,973.42,972.87,18.75,3.56,52.22,61.58,0.00,141129.01,7.14
922926,atl,58.750,-39.500,982.63,982.05,11.37,2.71,47.43,48.49,0.00,0.00,13.39
922926,atl,57.250,-48.500,974.47,974.13,20.22,4.22,54.57,56.89,0.00,225218.24,10.98
922926,atl,55.000,1.000,1002.68,1002.38,6.66,1.78,36.59,36.59,0.00,0.00,4.42
922926,atl,50.000,4.500,1000.93,1000.69,4.50,1.11,20.64,28.64,0.00,0.00,12.69
922926,atl,46.500,-5.000,1003.55,1003.23,6.31,1.53,36.24,37.45,0.00,0.00,4.12
922926,atl,40.750,2.500,1004.57,1004.43,4.03,1.14,31.28,35.12,0.00,0.00,6.43
922926,atl,33.000,-74.250,1001.19,999.88,11.74,3.55,56.14,56.14,0.00,31157.70,7.01
922926,pac,52.250,206.000,998.63,998.36,8.09,1.68,34.18,34.30,0.00,0.00,3.16
922926,pac,51.500,214.750,996.91,996.39,8.17,2.10,34.78,34.78,0.00,0.00,3.08
922926,pac,51.500,224.250,997.86,997.51,10.63,2.49,42.28,55.53,0.00,12409.03,6.49
922926,pac,45.250,167.750,974.11,973.56,17.78,3.64,43.33,60.67,0.00,106670.20,6.11
922932,atl,61.000,-40.750,976.79,976.05,15.85,4.07,49.96,52.33,0.00,979.76,10.02
922932,atl,57.250,-45.250,976.56,976.40,17.20,3.47,53.53,54.52,0.00,172404.50,8.92
922932,atl,51.750,4.500,1000.95,1000.62,5.54,1.56,36.06,36.06,0.00,0.00,4.76
922932,atl,48.000,9.250,1001.65,1001.48,4.47,1.76,29.09,36.06,0.00,0.00,14.80
922932,atl,45.750,-2.750,1004.33,1003.89,5.16,1.42,41.35,41.35,0.00,0.00,6.30
922932,atl,32.750,-73.500,1002.92,1002.01,11.77,3.30,55.48,55.48,0.00,50334.79,5.62
922932,pac,53.000,224.750,995.98,995.72,10.55,2.45,46.65,48.52,0.00,0.00,9.36
922932,pac,52.250,213.500,993.04,992.35,11.18,3.10,42.64,42.64,0.00,0.00,4.64
922932,pac,44.750,169.500,977.46,977.13,15.95,3.29,43.71,57.63,0.00,58269.57,4.84
922938,atl,61.000,-46.000,973.63,972.94,18.09,4.21,57.14,57.48,0.00,197047.36,11.43
922938,atl,54.000,2.750,1001.41,1000.65,8.82,2.46,40.99,41.59,0.00,0.00,4.46
922938,atl,46.000,-1.000,1004.57,1004.28,4.46,1.22,33.36,37.30,0.00,0.00,6.63
922938,atl,41.750,5.750,1003.82,1003.66,4.09,1.19,26.93,28.23,0.00,0.00,11.46
922938,atl,32.500,-73.000,1004.70,1003.98,11.25,2.90,56.55,57.45,0.00,119294.74,6.39
922938,atl,31.250,1.750,997.96,997.53,7.45,2.22,36.58,36.58,0.00,0.00,7.13
922938,pac,54.000,224.250,994.31,993.95,10.70,2.67,39.71,39.71,0.00,0.00,14.26
922938,pac,51.000,212.250,993.48,992.94,11.83,3.35,44.86,44.86,0.00,0.00,5.42
922938,pac,44.750,172.000,979.35,979.11,14.49,3.02,49.54,51.10,0.00,15029.37,4.37
922944,atl,60.750,-46.000,975.69,975.28,15.26,3.58,56.41,56.57,0.00,215759.36,10.96
922944,atl,60.000,-42.500,976.26,975.86,13.54,2.58,56.25,56.41,0.00,103045.63,7.35
922944,atl,54.250,-0.500,1002.70,1001.76,10.31,3.16,48.42,48.42,0.00,0.00,6.73
922944,atl,43.000,6.750,1001.53,1000.73,6.37,2.14,40.28,40.28,0.00,0.00,12.81
922944,atl,31.000,6.750,999.38,998.99,7.83,1.51,35.28,41.81,0.00,0.00,8.47
922944,pac,54.500,223.000,993.63,993.35,9.44,2.45,41.99,41.99,0.00,0.00,8.58
922944,pac,49.500,224.250,993.65,993.38,7.98,1.88,34.15,40.58,0.00,0.00,3.29
922944,pac,49.250,213.750,997.01,996.34,9.29,2.59,43.68,43.68,0.00,0.00,4.52
922944,pac,45.000,174.250,981.97,981.67,12.79,2.63,42.18,50.51,0.00,2312.83,4.18
922950,atl,60.750,-40.500,975.41,975.26,12.53,2.70,44.87,50.87,0.00,5900.20,7.38
922950,atl,54.000,-2.750,1004.32,1003.65,8.24,2.67,40.99,40.99,0.00,0.00,5.44
922950,atl,47.250,8.000,999.29,998.23,6.37,1.58,41.50,42.60,0.00,0.00,12.23
922950,atl,44.000,7.250,998.61,997.75,7.45,2.22,42.60,42.60,0.00,0.00,12.23
922950,atl,31.500,9.250,1000.74,1000.35,6.31,1.55,35.64,36.88,0.00,0.00,12.44
922950,pac,50.500,226.000,987.60,987.13,12.88,3.24,41.02,47.83,0.00,0.00,7.64
922950,pac,45.250,176.500,983.42,983.23,11.67,2.41,42.20,49.38,0.00,0.00,4.01
922956,atl,67.500,-47.500,986.67,985.84,10.05,2.68,48.45,56.41,0.00,27214.51,26.22
922956,atl,61.000,-40.250,976.62,976.47,12.51,2.84,40.90,49.75,0.00,0.00,7.95
922956,atl,47.500,9.750,993.94,993.40,10.03,2.53,39.33,39.33,0.00,0.00,10.96
922956,pac,51.500,226.500,985.25,984.97,14.25,3.63,50.52,50.52,0.00,496.73,6.71
922956,pac,45.500,178.500,985.39,985.21,10.35,2.15,38.39,46.36,0.00,0.00,3.70
922962,atl,69.000,-47.000,986.35,985.68,11.78,3.28,51.32,54.92,0.00,20583.90,21.18
922962,atl,60.500,-40.000,977.27,976.99,12.49,2.67,41.90,50.91,0.00,8178.53,8.11
922962,atl,44.500,8.250,999.02,998.58,4.07,1.21,39.48,40.08,0.00,0.00,10.79
922962,pac,53.500,235.500,996.05,995.43,6.73,2.21,43.04,56.41,0.00,20015.75,11.93
922962,pac,52.000,227.000,987.13,986.85,13.68,3.93,56.41,56.41,0.00,26361.40,7.09
922962,pac,46.000,180.250,986.30,986.10,9.48,1.93,36.41,45.81,0.00,0.00,3.69
922968,atl,59.500,-39.000,981.36,981.23,11.45,2.43,40.98,49.05,0.00,0.00,7.59
922968,atl,55.000,-15.000,988.84,988.44,8.04,1.80,44.27,45.16,0.00,0.00,5.14
922968,atl,53.250,-18.250,988.85,988.47,6.93,1.06,30.79,43.66,0.00,0.00,4.65
922968,atl,49.000,9.750,993.05,992.30,10.07,2.71,26.36,30.99,0.00,0.00,10.42
922968,atl,43.250,7.250,998.98,998.55,6.34,2.12,51.18,51.18,0.00,2292.60,9.42
922968,pac,57.250,231.250,998.41,997.88,5.13,2.09,27.11,51.19,0.00,462.37,10.23
922968,pac,52.750,227.500,992.00,991.55,12.22,3.71,51.19,51.19,0.00,1884.34,6.88
922968,pac,46.250,181.750,987.31,987.10,8.72,1.72,36.38,46.32,0.00,0.00,3.53
922974,atl,61.500,-77.750,992.33,992.24,13.13,2.45,41.32,45.88,0.00,0.00,5.74
922974,atl,61.500,-22.750,986.32,986.16,6.60,1.55,44.26,44.26,0.00,0.00,7.74
922974,atl,61.250,-46.750,992.42,991.87,5.92,2.14,44.47,44.47,0.00,0.00,8.23
922974,atl,57.500,-36.500,985.01,984.88,9.03,1.95,46.25,49.42,0.00,0.00,4.43
922974,atl,56.500,-15.500,978.73,978.08,12.48,2.99,48.35,48.95,0.00,0.00,6.79
922974,atl,43.250,8.250,997.89,997.63,6.22,1.68,52.54,52.54,0.00,6317.04,12.00
922974,pac,62.750,219.250,1003.53,1003.19,5.54,1.11,12.83,18.67,0.00,0.00,7.74
922974,pac,60.500,213.250,1003.30,1002.98,5.14,1.00,29.49,32.90,0.00,0.00,10.42
922974,pac,57.750,231.000,1002.23,1001.63,4.00,1.68,19.31,38.40,0.00,0.00,8.21
922974,pac,53.000,228.000,997.15,996.72,10.60,3.06,40.33,40.33,0.00,0.00,5.63
922974,pac,46.500,183.500,987.31,987.15,8.49,1.67,34.39,43.73,0.00,0.00,2.98
922980,atl,62.500,-27.000,985.42,985.04,8.17,1.87,40.46,44.15,0.00,0.00,6.16
922980,atl,61.750,-71.000,994.36,994.18,10.74,1.84,31.20,41.59,0.00,0.00,5.48
922980,atl,61.500,-47.250,996.27,995.75,4.19,1.69,36.53,36.53,0.00,0.00,7.04
922980,atl,57.500,-15.750,971.89,971.21,16.86,4.33,53.20,56.16,0.00,52614.52,7.42
922980,atl,44.000,6.500,998.29,997.36,5.12,1.82,49.62,49.62,0.00,0.00,10.28
922980,atl,38.750,-60.750,1004.86,1003.82,12.65,3.94,47.49,47.49,0.00,0.00,7.28
922980,pac,62.750,219.250,1003.22,1002.65,6.48,1.34,21.61,21.61,0.00,0.00,9.74
922980,pac,62.250,209.750,1004.62,1003.72,5.48,1.67,21.84,34.36,0.00,0.00,10.40
922980,pac,62.250,213.500,1004.60,1004.14,5.07,0.56,21.61,34.36,0.00,0.00,10.40
922980,pac,60.000,212.250,1004.66,1004.47,4.67,0.90,34.06,34.36,0.00,0.00,10.40
922980,pac,52.750,228.750,1002.87,1002.60,7.79,2.31,32.90,32.90,0.00,0.00,4.48
922980,pac,46.750,184.750,988.56,988.45,7.68,1.47,32.50,39.00,0.00,0.00,3.04
922986,atl,62.500,-31.500,984.81,984.40,9.96,2.64,41.25,46.13,0.00,0.00,6.63
922986,atl,61.500,-69.250,995.04,994.82,11.06,2.01,32.59,46.81,0.00,0.00,5.92
922986,atl,58.750,-16.750,970.27,969.60,17.47,4.36,47.65,49.41,0.00,0.00,5.76
922986,atl,39.500,-60.000,1002.76,1001.92,11.51,3.60,43.77,43.77,0.00,0.00,6.60
922986,pac,64.250,218.500,1002.95,1002.65,8.23,1.86,23.93,27.71,0.00,0.00,11.81
922986,pac,61.000,208.500,1003.61,1003.09,6.76,2.39,33.55,33.55,0.00,0.00,11.42
922986,pac,47.000,186.250,989.23,989.07,7.42,1.45,34.40,39.01,0.00,0.00,3.03
922992,atl,68.750,-49.000,1003.17,1002.90,6.52,2.05,29.72,33.71,0.00,0.00,10.12
922992,atl,61.500,-32.750,984.90,984.56,9.34,2.38,37.29,46.53,0.00,0.00,5.36
922992,atl,61.000,-67.500,998.26,998.04,10.62,2.15,39.06,40.00,0.00,0.00,5.94
922992,atl,59.500,-57.250,998.48,998.16,5.51,1.63,25.56,28.62,0.00,0.00,3.88
922992,atl,59.500,-19.500,969.63,968.69,18.94,5.17,46.38,50.86,0.00,1031.40,8.08
922992,atl,52.750,-5.000,988.71,988.54,5.97,1.37,29.69,30.69,0.00,0.00,3.92
922992,atl,40.000,-59.000,1001.80,1001.22,9.82,3.10,37.96,37.96,0.00,0.00,5.01
922992,pac,63.000,223.000,1000.71,1000.38,9.99,2.66,35.74,35.82,0.00,0.00,18.41
922992,pac,62.500,213.000,1002.53,1001.86,7.38,1.98,35.82,35.82,0.00,0.00,18.41
922992,pac,61.500,209.500,1003.16,1002.51,6.86,2.65,33.10,35.82,0.00,0.00,18.41
922992,pac,47.000,187.500,989.72,989.58,7.78,1.48,34.23,43.80,0.00,0.00,3.45
922998,atl,60.250,-65.750,1000.39,1000.21,9.10,1.99,38.67,38.67,0.00,0.00,6.57
922998,atl,60.000,-21.250,972.08,971.25,17.96,5.08,49.19,50.86,0.00,344.81,10.05
922998,atl,59.500,-56.500,996.94,996.60,6.83,1.94,28.59,30.80,0.00,0.00,4.57
922998,atl,53.250,-3.250,987.44,986.99,8.58,2.37,28.47,30.87,0.00,0.00,3.98
922998,atl,44.250,-52.000,1000.55,1000.09,5.50,1.49,31.64,42.42,0.00,0.00,3.11
922998,atl,40.500,-57.250,999.27,998.81,8.52,2.74,40.40,40.40,0.00,0.00,4.71
922998,pac,63.250,217.750,1002.02,1001.72,9.08,2.46,37.66,37.66,0.00,0.00,16.99
922998,pac,62.500,212.750,1002.47,1001.85,7.63,2.48,37.66,37.66,0.00,0.00,16.99
922998,pac,60.500,208.250,1003.98,1003.73,4.94,1.83,36.86,37.66,0.00,0.00,15.60
922998,pac,54.250,201.500,994.65,994.30,7.82,1.92,37.69,38.29,0.00,0.00,3.66
922998,pac,51.000,168.000,1004.76,1004.63,5.40,1.02,33.30,43.83,0.00,0.00,4.87
922998,pac,47.000,189.500,990.09,990.00,7.68,1.44,32.93,39.94,0.00,0.00,3.38
923004,atl,61.000,-25.750,977.65,977.04,16.63,4.03,49.35,49.35,0.00,0.00,7.24
923004,atl,59.000,-56.750,997.48,997.11,7.80,2.13,34.24,34.24,0.00,0.00,5.31
923004,atl,55.000,-4.000,988.11,987.34,9.88,2.68,35.68,36.63,0.00,0.00,6.20
923004,atl,53.000,-53.000,997.44,997.28,4.78,1.28,27.93,27.93,0.00,0.00,3.21
923004,atl,48.250,-8.250,995.47,995.17,5.14,1.51,40.57,40.57,0.00,0.00,4.16
923004,atl,46.000,-46.500,997.13,996.72,6.39,1.60,40.38,40.79,0.00,0.00,3.84
923004,atl,45.250,-49.750,997.17,996.90,4.88,1.16,24.30,37.69,0.00,0.00,3.82
923004,atl,41.250,-54.500,997.60,997.16,7.52,2.19,39.27,39.27,0.00,0.00,3.93
923004,pac,63.000,220.000,1003.62,1003.33,8.90,2.65,36.00,38.35,0.00,0.00,16.06
923004,pac,62.250,212.750,1004.05,1003.49,5.75,2.11,38.35,38.35,0.00,0.00,16.06
923004,pac,55.250,202.000,994.20,993.74,8.29,2.22,39.52,39.74,0.00,0.00,4.55
923004,pac,51.000,164.000,1004.21,1004.10,6.93,1.48,40.54,43.02,0.00,0.00,5.83
923004,pac,47.000,192.000,990.96,990.81,7.57,1.46,30.89,36.60,0.00,0.00,2.93
923010,atl,61.250,-30.000,980.18,979.76,18.35,4.30,48.33,48.33,0.00,0.00,6.37
923010,atl,58.250,-56.500,998.28,997.96,7.11,1.91,33.97,33.97,0.00,0.00,4.68
923010,atl,56.250,-5.500,989.36,988.57,10.67,3.06,36.86,37.90,0.00,0.00,6.54
923010,atl,53.250,-52.000,994.17,994.06,5.78,1.53,33.15,33.15,0.00,0.00,3.81
923010,atl,48.500,-5.750,995.73,995.30,6.11,1.82,38.23,39.38,0.00,0.00,3.18
923010,atl,48.000,-54.250,994.96,994.30,4.47,1.29,29.44,39.36,0.00,0.00,5.80
923010,atl,47.750,-42.250,993.04,992.55,7.56,1.92,38.85,42.76,0.00,0.00,4.48
923010,pac,62.750,219.250,1004.55,1004.29,6.53,1.79,37.16,43.13,0.00,0.00,12.76
923010,pac,62.250,213.000,1002.26,1001.39,6.24,2.02,40.38,43.13,0.00,0.00,15.55
923010,pac,56.000,202.750,994.91,994.47,7.99,2.15,39.86,39.86,0.00,0.00,6.25
923010,pac,47.250,194.750,991.74,991.51,7.71,1.68,33.41,34.74,0.00,0.00,2.73
923010,pac,46.500,165.250,1000.01,999.69,5.43,1.08,27.09,36.09,0.00,0.00,3.72
923016,atl,61.500,-33.250,985.78,985.27,17.08,4.06,42.73,57.75,0.00,7385.90,6.46
923016,atl,57.500,-7.750,991.71,991.00,11.98,3.23,45.88,45.88,0.00,0.00,6.17
923016,atl,53.500,-51.750,992.84,992.72,7.22,1.72,36.18,36.18,0.00,0.00,4.39
923016,atl,49.000,-5.000,995.35,994.87,8.44,2.58,30.41,36.08,0.00,0.00,4.12
923016,atl,48.750,-40.250,990.78,990.30,7.11,1.60,36.25,40.57,0.00,0.00,4.71
923016,atl,46.750,-46.250,989.10,988.91,6.68,1.62,27.85,39.56,0.00,0.00,3.19
923016,pac,64.250,215.750,1000.72,1000.05,9.66,2.24,36.08,50.45,0.00,386.38,15.94
923016,pac,63.000,219.000,1001.17,1000.89,8.06,2.00,36.08,50.45,0.00,787.28,15.47
923016,pac,62.750,212.250,1000.49,1000.03,6.60,2.13,39.27,50.45,0.00,386.38,15.94
923016,pac,56.750,203.750,996.95,996.46,6.66,1.54,36.30,36.91,0.00,0.00,6.45
923016,pac,47.750,196.250,993.76,993.54,7.40,1.65,29.78,35.13,0.00,0.00,2.70
923016,pac,47.000,166.250,998.78,998.56,6.14,1.06,24.53,38.74,0.00,0.00,3.82
923022,atl,61.750,-36.000,990.37,989.90,14.76,3.99,42.92,52.13,0.00,2884.14,8.02
923022,atl,58.500,-12.500,993.15,992.58,13.29,3.46,43.10,43.58,0.00,0.00,5.82
923022,atl,53.250,-52.250,991.11,990.91,7.70,1.64,33.31,37.71,0.00,0.00,5.65
923022,atl,49.250,-4.500,996.58,996.16,9.14,2.70,30.68,31.65,0.00,0.00,3.70
923022,atl,48.000,-44.750,983.28,983.12,9.76,2.26,34.61,37.89,0.00,0.00,4.18
923022,atl,43.750,7.500,1001.91,1001.47,4.34,1.78,28.28,28.28,0.00,0.00,8.51
923022,pac,65.250,218.000,1000.19,999.81,10.82,2.82,26.37,30.49,0.00,0.00,19.23
923022,pac,62.500,212.250,1001.44,1000.88,4.92,1.68,35.36,40.27,0.00,0.00,19.23
923022,pac,57.750,204.250,997.95,997.60,7.19,1.56,33.47,33.82,0.00,0.00,9.59
923022,pac,55.250,200.750,998.71,998.45,4.57,0.96,28.83,33.82,0.00,0.00,4.15
923022,pac,48.250,198.250,996.18,996.11,6.53,1.36,30.43,33.26,0.00,0.00,2.83
923022,pac,47.000,167.500,997.72,997.60,5.67,0.89,26.09,43.50,0.00,0.00,3.63
923028,atl,61.500,-38.000,996.81,996.42,10.65,3.40,44.05,47.21,0.00,0.00,8.17
923028,atl,59.000,-14.500,994.88,994.19,15.53,4.68,48.39,48.39,0.00,0.00,8.88
923028,atl,57.750,-77.500,991.04,990.30,19.13,5.04,43.91,43.91,0.00,0.00,8.07
923028,atl,49.500,-44.250,978.93,978.55,14.09,3.51,42.63,42.63,0.00,0.00,6.62
923028,atl,49.500,-4.000,1000.52,1000.07,7.79,2.13,32.14,33.79,0.00,0.00,3.19
923028,atl,43.750,7.000,1002.51,1001.41,5.24,1.96,37.00,37.00,0.00,0.00,9.39
923028,pac,62.250,213.000,1002.41,1001.83,4.40,1.61,26.91,29.47,0.00,0.00,15.49
923028,pac,62.000,219.250,1002.80,1001.72,5.22,1.36,28.32,35.48,0.00,0.00,15.49
923028,pac,59.000,205.250,999.11,998.65,7.36,1.75,31.31,31.31,0.00,0.00,14.77
923028,pac,57.250,221.000,1004.07,1003.92,6.21,1.90,40.58,40.58,0.00,0.00,12.80
923028,pac,48.500,174.000,996.76,996.60,7.16,1.14,37.36,37.36,0.00,0.00,3.51
923028,pac,48.500,201.000,998.81,998.74,5.99,1.21,28.90,30.88,0.00,0.00,2.70
923028,pac,45.250,174.750,997.08,996.78,6.19,1.46,37.80,37.80,0.00,0.00,3.09
923034,atl,61.000,-39.250,1001.55,1001.31,6.01,2.11,41.87,41.87,0.00,0.00,7.61
923034,atl,60.250,-18.000,999.65,999.30,13.60,4.10,46.68,48.03,0.00,0.00,8.03
923034,atl,57.500,-75.000,989.72,989.22,18.67,4.78,51.87,51.87,0.00,7999.44,8.46
923034,atl,50.500,-45.000,975.48,974.50,17.26,4.62,49.19,49.71,0.00,0.00,6.48
923034,atl,49.500,-3.250,1003.34,1003.02,6.52,1.78,32.14,32.14,0.00,0.00,2.87
923034,atl,44.000,7.750,1002.96,1002.03,5.11,1.86,41.72,41.72,0.00,0.00,11.05
923034,pac,62.000,219.250,1003.28,1002.32,5.05,1.27,25.26,36.18,0.00,0.00,13.32
923034,pac,61.000,206.000,1000.10,999.63,8.78,2.59,31.24,31.24,0.00,0.00,13.32
923034,pac,49.000,203.250,1001.72,1001.63,5.47,1.08,28.75,31.61,0.00,0.00,2.50
923034,pac,48.750,177.750,996.16,996.00,7.50,1.35,38.82,39.72,0.00,0.00,3.58
923040,atl,61.000,-22.250,1004.08,1003.86,10.56,3.14,48.51,50.10,0.00,344.81,9.32
923040,atl,57.250,-69.500,992.29,991.88,14.62,3.06,41.93,43.91,0.00,0.00,8.26
923040,atl,51.000,-46.000,974.87,973.98,18.93,4.93,51.20,51.20,0.00,9421.87,6.61
923040,atl,47.750,-74.250,1004.57,1004.30,4.52,1.32,23.44,25.72,0.00,0.00,4.88
923040,pac,63.000,218.250,1004.60,1004.11,6.14,2.02,29.24,31.86,0.00,0.00,12.74
923040,pac,62.250,213.000,1004.35,1003.88,5.83,1.72,29.24,29.24,0.00,0.00,12.74
923040,pac,61.250,206.250,1003.04,1002.57,7.46,1.91,24.78,29.24,0.00,0.00,9.13
923040,pac,49.000,179.500,995.98,995.69,8.43,1.81,36.22,37.79,0.00,0.00,3.32
923040,pac,47.250,168.750,998.00,997.85,7.88,1.68,37.34,38.56,0.00,0.00,3.41
923046,atl,57.500,-68.250,992.69,992.32,14.42,3.42,38.12,43.84,0.00,0.00,7.30
923046,atl,49.500,-47.250,977.75,977.28,16.55,3.87,46.06,51.74,0.00,6468.32,6.27
923046,atl,49.250,-64.250,1000.02,999.83,4.72,1.02,27.92,28.73,0.00,0.00,3.80
923046,pac,49.500,181.000,996.90,996.67,8.05,1.75,34.05,34.69,0.00,0.00,3.36
923046,pac,45.750,168.500,998.81,998.55,7.92,1.69,32.31,34.78,0.00,0.00,3.36
923052,atl,57.000,-67.750,996.04,995.74,12.66,3.06,40.67,42.01,0.00,0.00,5.81
923052,atl,55.250,-62.250,996.73,996.31,5.59,1.16,31.84,41.96,0.00,0.00,5.81
923052,atl,54.000,-47.000,988.68,988.50,7.51,1.72,40.97,43.22,0.00,0.00,4.61
923052,atl,49.250,-60.250,998.17,997.94,4.64,1.19,25.54,29.88,0.00,0.00,4.03
923052,atl,48.000,-44.250,979.02,978.47,16.83,4.31,58.28,58.28,0.00,128581.96,7.08
923052,atl,45.750,9.000,1002.78,1002.17,7.01,2.09,38.88,44.51,0.00,0.00,14.88
923052,pac,50.000,181.750,997.87,997.67,8.14,1.87,34.59,34.59,0.00,0.00,3.33
923052,pac,44.250,172.750,1001.34,1001.29,4.09,0.62,25.64,31.56,0.00,0.00,2.83
923052,pac,43.750,169.000,1000.74,1000.39,7.42,1.63,33.56,33.56,0.00,0.00,3.12
923052,pac,36.000,183.750,1000.28,999.70,8.73,2.22,56.29,56.29,0.00,19491.30,5.45
923058,atl,54.750,-48.250,989.28,989.11,8.01,1.97,43.53,46.43,0.00,0.00,4.25
923058,atl,47.250,-41.000,981.78,981.41,15.59,3.99,62.53,64.46,2777.07,197564.81,6.24
923058,atl,45.000,8.250,1003.94,1003.36,7.12,2.22,36.44,38.04,0.00,0.00,17.78
923058,atl,43.500,-71.000,1004.41,1004.03,6.09,1.73,34.65,34.65,0.00,0.00,6.31
923058,pac,50.000,182.250,997.92,997.75,7.03,1.53,33.10,34.09,0.00,0.00,3.27
923058,pac,38.000,186.000,991.80,990.72,13.56,3.63,67.22,67.22,4398.04,119934.63,7.47
923064,atl,55.750,-51.250,991.30,991.08,8.40,2.00,47.95,50.10,0.00,1194.02,4.60
923064,atl,55.500,-40.750,992.87,992.56,6.71,1.54,40.21,50.63,0.00,1978.45,5.70
923064,atl,48.000,-28.250,992.81,992.51,6.81,1.91,42.95,47.17,0.00,0.00,4.19
923064,atl,47.000,-36.750,986.40,986.24,12.85,3.06,61.89,61.89,0.00,214955.95,5.79
923064,atl,42.250,-72.250,1002.38,1001.83,8.05,2.15,32.17,32.17,0.00,0.00,7.15
923064,pac,49.750,182.250,998.20,998.08,5.37,1.17,33.79,34.90,0.00,0.00,2.98
923064,pac,42.250,189.000,982.86,982.23,19.17,4.97,69.90,69.90,31330.92,180757.40,7.44
923070,atl,56.750,-55.750,990.72,990.44,10.42,2.35,45.60,47.42,0.00,0.00,4.93
923070,atl,56.000,-43.750,993.12,992.80,6.79,1.58,49.24,55.72,0.00,16579.78,16.07
923070,atl,50.750,-28.250,985.98,985.26,11.68,3.15,48.32,48.32,0.00,0.00,5.35
923070,atl,47.250,-32.000,988.46,988.32,10.54,2.41,58.13,59.23,0.00,158476.33,5.35
923070,atl,43.000,-66.250,1002.21,1002.03,6.93,1.64,37.97,37.97,0.00,0.00,5.09
923070,pac,45.500,191.250,971.21,969.43,27.41,8.08,69.65,69.65,18211.80,308227.56,16.30
923076,atl,57.000,-59.250,991.81,991.52,11.97,2.67,43.36,46.37,0.00,0.00,6.59
923076,atl,51.500,-29.250,983.59,982.89,15.10,4.38,46.82,46.82,0.00,0.00,8.69
923076,atl,43.250,-61.750,1000.29,1000.13,8.08,1.97,36.93,36.93,0.00,0.00,4.72
923076,pac,49.000,193.000,965.50,965.02,30.10,8.20,73.70,73.70,57098.35,274970.47,15.32
923082,atl,56.750,-56.500,991.04,990.91,10.40,1.74,45.64,51.00,0.00,3564.69,6.95
923082,atl,56.250,-60.250,991.18,990.97,11.65,2.22,41.03,45.55,0.00,0.00,6.95
923082,atl,51.750,-29.000,986.47,985.41,13.79,4.05,53.08,53.08,0.00,9255.65,7.12
923082,atl,45.000,-55.750,997.25,996.74,8.33,2.19,43.29,43.29,0.00,0.00,3.93
923082,pac,52.750,194.250,966.02,965.54,29.90,6.85,69.70,69.70,37060.89,355181.47,10.77
923088,atl,56.500,-60.250,989.47,989.34,14.37,2.85,41.49,42.49,0.00,0.00,7.76
923088,atl,50.750,-27.500,991.42,990.52,11.15,3.46,53.58,53.58,0.00,10436.35,6.25
923088,atl,50.000,-20.750,995.18,995.00,6.94,1.22,43.75,49.49,0.00,0.00,5.99
923088,atl,47.500,-50.500,995.87,995.47,8.66,2.31,44.73,44.73,0.00,0.00,4.41
923088,pac,55.750,194.500,969.78,969.37,27.48,5.95,64.87,69.54,1301.96,216321.49,12.48
923088,pac,43.750,188.250,1001.58,1001.29,5.25,1.56,33.92,34.70,0.00,0.00,3.12
923094,atl,55.250,-62.750,987.69,987.40,15.07,3.49,38.77,43.59,0.00,0.00,8.13
923094,atl,50.250,-47.000,992.92,992.31,9.47,2.64,41.96,43.21,0.00,0.00,4.02
923094,atl,50.000,-18.500,994.41,994.35,7.64,1.38,42.69,46.18,0.00,0.00,5.49
923094,atl,49.500,-24.500,993.41,992.67,9.91,2.94,51.13,51.13,0.00,4109.01,5.70
923094,pac,58.250,194.750,973.75,973.32,25.22,5.66,53.77,66.34,864.25,69671.96,11.59
923094,pac,45.250,190.000,1002.58,1001.91,6.26,1.99,32.06,32.06,0.00,0.00,4.35
923100,atl,54.250,-63.750,991.72,991.04,11.87,3.04,37.21,37.33,0.00,0.00,6.14
923100,atl,53.500,-44.750,991.71,991.25,10.84,2.89,37.19,38.20,0.00,0.00,4.70
923100,atl,49.750,-17.250,995.83,995.71,7.84,1.42,31.27,45.36,0.00,0.00,4.44
923100,pac,60.500,194.000,979.17,978.78,22.44,5.36,53.64,55.88,0.00,13215.24,10.21
923100,pac,43.000,160.500,998.21,998.00,7.22,1.40,33.40,46.64,0.00,0.00,4.51
923106,atl,56.250,-45.250,991.35,990.93,11.65,2.74,35.55,59.79,0.00,16821.21,17.41
923106,atl,49.500,-16.250,996.78,996.63,7.39,1.37,32.45,41.66,0.00,0.00,3.94
923106,pac,62.750,194.000,985.06,984.59,19.64,4.82,49.42,49.42,0.00,0.00,8.29
923112,atl,58.250,-48.000,991.30,990.84,11.77,2.66,55.30,60.95,0.00,24600.06,21.22
923112,atl,48.500,-15.500,998.92,998.83,6.81,1.29,33.38,35.66,0.00,0.00,3.49
923112,atl,45.500,-10.000,999.96,998.68,7.25,2.08,43.51,43.51,0.00,0.00,5.32
923112,pac,64.750,194.000,993.39,993.09,15.15,3.74,53.54,53.54,0.00,3057.90,7.87
923112,pac,42.750,162.000,980.38,979.91,18.38,3.91,57.43,62.46,0.00,99204.67,9.06
923118,atl,59.000,-52.500,988.97,988.53,12.73,2.87,41.02,56.88,0.00,9158.90,12.63
923118,atl,47.500,-8.500,997.78,996.72,8.16,2.36,33.84,33.84,0.00,0.00,4.78
923118,pac,43.750,165.500,975.96,975.76,20.05,4.41,57.61,60.59,0.00,156857.21,7.82
923124,atl,60.750,-41.750,1000.67,1000.16,4.92,1.79,52.23,52.23,0.00,1825.85,11.68
923124,atl,58.000,-55.250,989.00,988.66,14.82,3.55,41.91,45.81,0.00,0.00,6.09
923124,atl,48.250,-9.000,998.71,997.98,8.69,2.32,30.68,30.78,0.00,0.00,3.63
923124,atl,41.000,-80.000,993.92,993.37,11.36,2.33,38.25,38.68,0.00,0.00,5.48
923124,pac,45.750,169.500,974.13,973.97,19.65,3.78,52.16,59.24,0.00,145949.59,6.83
923130,atl,63.000,-48.500,999.23,997.93,6.22,1.66,43.48,48.05,0.00,0.00,9.64
923130,atl,56.500,-54.750,991.68,991.31,14.28,3.72,45.03,48.88,0.00,0.00,6.99
923130,atl,48.250,-9.500,998.26,997.70,9.15,2.43,30.54,30.54,0.00,0.00,3.38
923130,atl,41.750,-79.250,992.08,991.47,12.50,2.74,43.24,43.30,0.00,0.00,5.51
923130,atl,31.250,-4.500,1004.13,1003.71,4.59,1.42,30.51,30.63,0.00,0.00,11.87
923130,pac,49.000,227.500,1003.30,1002.97,9.41,2.11,33.70,33.70,0.00,0.00,8.86
923130,pac,47.250,172.250,973.27,973.19,18.01,3.11,52.94,54.78,0.00,83018.27,6.92
923136,atl,64.750,-50.250,1000.09,999.69,9.36,2.82,48.19,48.19,0.00,0.00,11.40
923136,atl,59.250,-30.500,1004.97,1004.70,4.08,1.28,32.80,32.80,0.00,0.00,3.30
923136,atl,55.500,-52.000,996.74,996.33,11.72,3.09,45.76,45.76,0.00,0.00,5.92
923136,atl,47.500,-9.500,999.87,999.44,8.83,2.23,29.56,29.56,0.00,0.00,3.36
923136,atl,41.500,-76.250,993.57,993.34,9.71,1.74,35.37,39.20,0.00,0.00,7.18
923136,pac,49.000,175.250,973.66,973.57,16.50,2.38,44.71,52.49,0.00,14613.00,7.00
923136,pac,48.500,225.250,1002.74,1002.31,8.98,2.30,33.99,33.99,0.00,0.00,3.31
923142,atl,65.500,-52.500,1002.16,1001.43,9.89,3.07,48.04,48.04,0.00,0.00,9.86
923142,atl,65.250,-49.750,1002.26,1001.43,8.05,2.17,48.04,48.04,0.00,0.00,9.86
923142,atl,59.250,-29.750,1001.56,1001.24,5.49,1.65,30.33,30.33,0.00,0.00,3.18
923142,atl,54.500,-48.500,1000.60,1000.27,9.02,2.28,44.10,44.10,0.00,0.00,4.67
923142,atl,47.000,-8.750,999.99,999.58,8.60,2.14,30.38,30.38,0.00,0.00,4.06
923142,atl,43.000,-76.250,989.70,989.11,12.67,2.60,30.27,45.31,0.00,0.00,6.73
923142,pac,51.000,176.750,974.24,974.09,15.99,2.49,49.50,53.09,0.00,8451.88,7.06
923142,pac,48.250,223.000,1003.23,1002.84,9.07,2.43,30.67,30.67,0.00,0.00,3.35
923148,atl,60.000,-30.500,999.42,999.00,6.56,1.80,32.49,32.49,0.00,0.00,3.38
923148,atl,46.500,-7.500,1001.74,1001.22,7.82,2.27,30.68,31.44,0.00,0.00,3.54
923148,atl,44.500,-77.500,988.02,987.22,13.56,2.37,34.86,43.24,0.00,0.00,6.51
923148,pac,52.500,177.250,976.11,975.97,15.09,2.39,45.27,49.23,0.00,0.00,5.77
923148,pac,48.250,221.000,1003.14,1002.82,8.73,2.26,28.78,32.94,0.00,0.00,3.07
923154,atl,60.500,-31.750,997.36,996.96,7.98,2.17,32.32,32.32,0.00,0.00,3.72
923154,atl,46.750,-5.750,1003.16,1002.84,6.36,1.88,32.70,33.96,0.00,0.00,3.72
923154,atl,44.750,-79.750,988.09,987.78,11.79,2.18,45.15,45.15,0.00,0.00,5.48
923154,atl,31.000,-4.750,1003.06,1002.66,6.15,2.04,34.05,34.05,0.00,0.00,18.59
923154,pac,54.000,176.750,977.10,976.93,15.19,2.55,46.66,48.50,0.00,0.00,5.58
923154,pac,48.500,219.000,1004.90,1004.72,8.11,1.98,30.58,34.10,0.00,0.00,3.04
923160,atl,60.750,-33.750,997.42,997.01,9.22,2.44,32.04,32.83,0.00,0.00,4.35
923160,atl,52.500,-31.500,1000.72,1000.49,6.35,1.38,36.04,43.29,0.00,0.00,3.02
923160,atl,43.750,-79.750,990.34,990.07,8.40,1.84,38.59,38.59,0.00,0.00,4.29
923160,atl,36.500,-71.250,997.99,997.49,4.90,1.20,45.69,45.69,0.00,0.00,4.87
923160,pac,54.750,176.000,978.13,977.95,15.63,2.67,43.21,50.37,0.00,420.88,6.22
923160,pac,37.000,174.750,1003.86,1003.55,6.40,1.49,35.76,38.85,0.00,0.00,4.42
923166,atl,60.250,-36.250,997.00,996.52,10.09,2.62,36.43,37.36,0.00,0.00,5.47
923166,atl,53.000,-27.750,997.48,997.16,7.26,1.76,30.16,41.42,0.00,0.00,3.00
923166,atl,41.000,-68.000,996.00,995.69,6.73,1.53,38.30,41.16,0.00,0.00,4.27
923166,pac,55.500,175.500,980.21,980.10,15.46,2.76,46.99,48.58,0.00,0.00,6.18
923166,pac,38.250,177.250,998.74,997.72,9.51,2.56,32.82,46.56,0.00,0.00,5.86
923172,atl,58.750,-38.500,995.75,995.07,12.92,3.73,43.42,43.42,0.00,0.00,8.55
923172,atl,53.500,-26.750,996.38,996.05,7.91,2.12,32.76,38.12,0.00,0.00,4.69
923172,atl,46.000,-70.500,991.06,990.44,10.70,2.62,37.94,41.91,0.00,0.00,8.71
923172,pac,56.500,175.000,983.69,983.55,14.94,2.65,43.15,44.69,0.00,0.00,4.79
923172,pac,39.500,182.250,995.97,995.37,10.49,2.36,38.53,54.23,0.00,3639.09,8.32
923178,atl,57.000,-38.000,996.54,995.57,12.81,3.78,43.60,43.60,0.00,0.00,5.25
923178,atl,53.250,-25.250,996.48,996.34,7.45,1.80,34.99,39.00,0.00,0.00,4.51
923178,atl,48.250,-73.750,989.62,988.95,9.63,2.29,35.81,40.40,0.00,0.00,8.40
923178,pac,57.500,174.250,988.17,988.07,13.45,2.46,38.85,41.12,0.00,0.00,6.40
923178,pac,41.250,185.000,991.20,990.60,13.25,3.30,40.34,52.59,0.00,3042.66,5.82
923184,atl,55.500,-37.500,997.31,996.35,12.92,4.04,40.80,40.80,0.00,0.00,6.18
923184,atl,52.000,-19.500,995.43,995.26,7.61,1.53,31.96,41.55,0.00,0.00,3.51
923184,atl,50.750,-79.000,991.71,991.55,8.28,1.47,25.81,34.69,0.00,0.00,3.88
923184,pac,57.750,173.250,992.25,992.11,12.11,2.45,35.43,36.43,0.00,0.00,6.28
923184,pac,43.500,186.500,985.93,985.29,16.22,4.00,47.98,47.98,0.00,0.00,6.87
923190,atl,54.000,-37.250,998.67,998.20,10.72,3.28,43.85,43.85,0.00,0.00,5.85
923190,atl,52.500,-18.000,993.71,993.49,7.99,1.74,33.13,41.03,0.00,0.00,3.13
923190,pac,58.250,173.000,995.83,995.67,10.87,2.40,31.57,32.39,0.00,0.00,5.46
923190,pac,44.500,187.250,982.08,981.45,18.21,4.36,50.94,50.94,0.00,5617.01,7.15
923196,atl,53.000,-17.250,993.36,993.01,8.88,2.00,35.82,36.15,0.00,0.00,3.09
923196,atl,52.000,-36.000,999.40,998.95,9.00,2.61,41.91,41.91,0.00,0.00,4.43
923196,atl,39.250,-41.000,1002.92,1002.48,9.81,2.45,36.40,40.86,0.00,0.00,4.23
923196,pac,58.500,172.500,999.35,999.18,9.78,2.31,32.23,32.45,0.00,0.00,4.87
923196,pac,45.250,188.000,981.16,980.64,18.33,4.54,53.72,53.72,0.00,54791.36,7.72
923202,atl,57.500,-33.000,1000.42,1000.10,8.37,2.07,36.22,37.48,0.00,0.00,4.99
923202,atl,53.500,-17.500,992.62,992.32,9.28,2.14,36.69,36.69,0.00,0.00,3.24
923202,atl,50.750,-34.250,998.44,998.01,7.86,2.23,39.16,39.16,0.00,0.00,3.43
923202,atl,40.000,-37.500,999.41,998.98,10.41,2.52,43.78,43.78,0.00,0.00,4.40
923202,pac,59.500,171.500,1002.68,1002.52,7.69,1.96,29.43,29.43,0.00,0.00,4.77
923202,pac,46.750,188.750,982.65,982.31,16.88,3.71,52.42,54.52,0.00,71029.60,5.60
923208,atl,56.250,-35.500,1000.04,999.64,9.98,2.61,40.88,44.30,0.00,0.00,5.58
923208,atl,54.000,-17.750,993.56,993.34,8.84,2.08,38.89,38.89,0.00,0.00,3.32
923208,atl,50.000,-32.250,997.02,996.71,7.25,2.00,33.80,37.36,0.00,0.00,3.17
923208,atl,43.500,-79.000,1000.24,1000.03,5.14,1.18,29.62,29.62,0.00,0.00,5.20
923208,atl,41.250,-31.250,997.68,996.64,10.19,2.82,51.51,51.51,0.00,5306.02,5.01
923208,pac,48.000,188.250,983.97,983.61,16.24,3.58,47.16,49.04,0.00,0.00,5.00
923214,atl,54.500,-37.750,1000.65,1000.35,9.22,2.46,42.34,45.44,0.00,0.00,5.19
923214,atl,54.250,-17.500,992.94,992.75,9.27,2.40,38.25,38.25,0.00,0.00,4.03
923214,atl,49.750,-30.750,994.66,994.35,7.11,2.07,28.92,36.77,0.00,0.00,3.20
923214,atl,43.000,-26.500,992.83,991.94,11.72,3.63,53.85,53.85,0.00,16059.03,5.35
923214,pac,49.000,188.250,985.56,985.15,15.75,3.62,47.37,47.37,0.00,0.00,4.93
923214,pac,42.750,161.750,973.23,971.55,27.90,8.91,65.52,65.52,4033.44,106655.60,12.80
923220,atl,54.750,-18.500,994.67,994.48,8.10,2.07,35.03,35.03,0.00,0.00,3.90
923220,atl,52.500,-38.250,1002.22,1001.98,6.87,1.77,43.46,44.61,0.00,0.00,4.44
923220,atl,49.500,-29.500,994.48,994.28,6.57,1.96,32.61,34.42,0.00,0.00,3.57
923220,atl,48.250,-80.000,998.58,998.34,7.85,1.76,26.50,29.79,0.00,0.00,5.78
923220,atl,44.750,-22.250,992.23,991.40,12.14,3.59,53.26,53.26,0.00,26944.47,5.62
923220,atl,39.750,-39.750,1004.53,1003.63,4.99,1.64,33.23,39.40,0.00,0.00,3.16
923220,pac,50.500,188.000,988.45,988.21,14.26,3.08,41.30,41.30,0.00,0.00,4.95
923220,pac,43.250,164.500,973.04,971.60,27.13,7.98,62.43,62.43,0.00,80540.42,10.25
923226,atl,55.000,-20.000,994.17,994.02,7.22,1.78,29.77,29.77,0.00,0.00,3.02
923226,atl,49.250,-27.500,994.81,994.65,5.29,1.57,35.24,35.24,0.00,0.00,2.97
923226,atl,47.250,-18.000,991.38,990.70,11.69,3.24,49.80,49.80,0.00,0.00,5.13
923226,atl,39.750,-38.750,1003.21,1002.63,5.37,1.61,34.10,36.16,0.00,0.00,3.40
923226,pac,53.000,186.500,991.42,991.19,11.82,2.32,45.26,48.67,0.00,0.00,5.87
923226,pac,42.750,167.750,975.89,974.34,23.35,6.25,64.29,64.29,1740.77,127597.74,7.94
923232,atl,55.000,-21.250,993.50,993.33,7.24,1.79,32.30,32.30,0.00,0.00,2.98
923232,atl,52.500,-33.500,1001.04,1000.75,4.73,1.21,30.69,33.31,0.00,0.00,3.17
923232,atl,50.250,-14.000,990.10,989.56,13.02,3.42,48.03,48.03,0.00,0.00,5.14
923232,atl,39.500,-37.500,1003.43,1002.95,5.69,1.50,39.28,39.28,0.00,0.00,4.08
923232,pac,56.000,180.250,993.97,993.84,8.28,1.29,28.09,43.79,0.00,0.00,4.44
923232,pac,42.500,171.250,980.19,979.12,20.11,5.02,57.08,57.08,0.00,125332.75,6.62
923238,atl,55.000,-22.000,992.78,992.63,7.53,1.86,31.26,31.26,0.00,0.00,3.23
923238,atl,53.500,-11.250,987.34,986.85,15.80,4.02,40.75,43.98,0.00,0.00,6.35
923238,atl,40.500,-67.500,1004.16,1003.78,9.25,2.09,46.70,46.70,0.00,0.00,5.44
923238,atl,40.250,-32.750,1001.97,1001.34,5.50,1.52,30.57,41.53,0.00,0.00,3.58
923238,atl,39.250,-36.500,1002.36,1001.99,5.47,1.43,41.53,41.53,0.00,0.00,3.58
923238,pac,61.500,169.250,999.65,999.44,4.20,0.94,23.51,25.63,0.00,0.00,3.21
923238,pac,58.500,177.000,996.72,996.58,7.20,1.38,25.48,34.70,0.00,0.00,3.62
923238,pac,42.250,174.500,983.82,983.09,17.24,3.98,51.91,51.91,0.00,34361.33,5.59
923238,pac,37.250,203.000,1004.94,1004.21,10.77,3.17,50.07,50.07,0.00,613.08,5.88
923244,atl,56.250,-9.500,982.14,981.27,22.25,6.43,57.98,57.98,0.00,6383.22,8.30
923244,atl,55.250,-22.750,995.09,994.93,7.31,1.83,28.44,28.60,0.00,0.00,2.95
923244,atl,42.250,-68.500,1004.18,1004.09,9.02,2.09,48.84,48.84,0.00,0.00,6.73
923244,atl,41.000,-31.750,1002.07,1001.61,5.80,1.61,29.90,34.82,0.00,0.00,4.12
923244,pac,63.250,169.500,1000.49,1000.40,4.82,1.02,18.19,28.21,0.00,0.00,4.85
923244,pac,60.000,175.000,1002.44,1002.33,4.46,0.86,22.01,27.70,0.00,0.00,2.95
923244,pac,42.250,177.500,989.00,988.46,15.00,3.21,48.69,48.69,0.00,0.00,5.00
923244,pac,36.750,203.000,1003.46,1002.92,10.58,2.93,42.99,42.99,0.00,0.00,5.06
923250,atl,58.250,-8.250,982.44,981.64,23.37,6.27,54.91,54.91,0.00,3315.62,8.54
923250,atl,55.250,-23.000,997.42,997.22,7.13,1.73,27.27,30.37,0.00,0.00,2.50
923250,atl,43.500,-68.750,1003.43,1002.91,8.75,1.92,47.55,47.55,0.00,0.00,6.47
923250,atl,41.750,-30.750,1000.78,1000.31,6.15,1.70,33.57,33.57,0.00,0.00,3.80
923250,pac,42.750,179.500,991.42,990.91,14.16,3.01,37.57,42.04,0.00,0.00,5.13
923250,pac,36.250,203.000,1004.39,1004.00,9.47,2.50,43.04,43.04,0.00,0.00,4.86
923256,atl,60.000,-6.750,983.20,982.11,24.98,6.44,55.07,55.07,0.00,19860.79,8.90
923256,atl,55.500,-21.500,1000.89,1000.73,5.96,1.36,27.82,30.85,0.00,0.00,2.54
923256,atl,44.500,-68.250,1004.30,1003.94,8.93,1.97,44.42,44.42,0.00,0.00,6.75
923256,atl,42.250,-30.500,999.45,999.10,7.29,1.95,35.01,35.01,0.00,0.00,3.68
923256,pac,43.500,180.250,994.69,994.27,12.84,2.67,29.98,43.29,0.00,0.00,5.13
923262,atl,61.000,-6.750,984.05,983.20,24.22,6.18,51.07,51.07,0.00,2514.26,7.49
923262,atl,56.000,-19.250,1003.00,1002.89,4.45,1.00,29.53,34.29,0.00,0.00,3.36
923262,atl,45.250,-67.250,1003.00,1002.50,11.15,2.50,36.64,41.47,0.00,0.00,8.06
923262,atl,43.250,-30.000,996.29,995.85,8.58,2.39,38.54,38.54,0.00,0.00,4.97
923262,pac,44.250,180.750,996.45,996.03,12.42,2.54,32.02,43.69,0.00,0.00,4.70
923268,atl,62.000,-6.250,986.33,985.69,23.19,5.91,48.97,48.97,0.00,0.00,6.72
923268,atl,46.750,-67.750,1003.01,1002.67,11.49,2.70,42.89,45.56,0.00,0.00,6.44
923268,atl,44.250,-30.000,994.35,993.83,10.99,3.01,45.20,45.20,0.00,0.00,5.93
923268,pac,44.750,180.500,1000.35,1000.03,11.05,2.30,31.98,40.29,0.00,0.00,4.67
923268,pac,35.000,211.000,1004.20,1003.85,7.40,1.79,34.09,34.30,0.00,0.00,3.36
923274,atl,63.000,-6.000,987.87,987.24,22.15,5.67,47.54,47.63,0.00,0.00,9.22
923274,atl,44.750,-30.750,990.66,989.70,14.24,4.19,54.30,54.30,0.00,14422.62,8.65
923274,pac,45.500,180.000,1003.79,1003.48,9.78,2.07,32.22,38.01,0.00,0.00,3.88
923280,atl,63.500,-5.500,989.50,988.88,20.61,5.22,42.31,49.94,0.00,0.00,10.78
923280,atl,44.000,-31.000,987.52,986.38,17.56,5.28,59.95,59.95,0.00,75343.39,9.64
923286,atl,64.500,-4.750,989.76,989.24,19.36,4.83,41.24,44.22,0.00,0.00,9.44
923286,atl,46.250,-24.000,994.00,993.84,6.50,1.33,37.19,47.28,0.00,0.00,5.44
923286,atl,43.500,-30.000,986.54,985.59,16.96,4.64,58.69,58.69,0.00,110529.80,7.23
923292,atl,65.500,-4.500,991.36,990.84,17.78,4.38,37.65,44.24,0.00,0.00,8.95
923292,atl,47.000,-24.000,992.62,992.38,7.98,1.85,43.28,44.98,0.00,0.00,4.36
923292,atl,42.250,-29.250,988.07,987.52,16.01,4.23,54.02,57.40,0.00,138582.22,6.25
923298,atl,66.250,-4.250,991.19,990.73,16.59,4.07,39.06,43.53,0.00,0.00,6.79
923298,atl,47.000,-24.000,990.87,990.67,8.24,1.88,45.51,45.51,0.00,0.00,4.60
923298,atl,41.250,-27.250,989.58,989.08,13.51,3.46,50.23,53.13,0.00,68628.20,5.62
923304,atl,67.250,-4.000,992.33,991.86,15.41,3.76,33.69,41.23,0.00,0.00,4.87
923304,atl,48.500,-18.750,989.98,989.86,8.42,1.25,27.79,45.15,0.00,0.00,4.77
923304,atl,46.000,-24.500,990.09,989.83,8.95,2.31,45.80,45.80,0.00,0.00,4.81
923304,atl,40.250,-24.250,992.02,991.55,11.42,3.05,54.21,54.21,0.00,1830.99,5.28
923310,atl,68.500,-4.250,991.64,991.22,14.88,3.57,37.64,38.05,0.00,0.00,4.47
923310,atl,49.750,-17.750,988.27,988.05,9.54,1.79,33.65,47.10,0.00,0.00,4.51
923310,atl,44.750,-24.000,990.10,989.67,8.89,2.27,45.77,45.77,0.00,0.00,4.79
923310,atl,40.750,-21.000,992.04,991.77,9.82,2.39,47.16,47.32,0.00,0.00,4.44
923310,pac,47.250,161.500,1000.02,999.94,6.69,0.90,17.07,35.23,0.00,0.00,4.04
923310,pac,35.250,202.500,1004.73,1004.23,5.92,1.49,36.05,36.05,0.00,0.00,3.54
923316,atl,66.750,-28.250,1000.74,1000.55,8.21,2.28,32.16,41.74,0.00,0.00,10.73
923316,atl,61.500,-42.750,1004.38,1003.87,9.21,2.58,52.80,52.80,0.00,1385.26,13.12
923316,atl,50.250,-17.250,990.33,990.07,8.56,1.71,39.18,45.95,0.00,0.00,4.02
923316,atl,48.750,-71.750,1003.26,1003.08,5.66,1.09,24.38,37.48,0.00,0.00,5.49
923316,atl,44.000,-22.500,992.03,991.70,9.10,2.05,43.71,45.77,0.00,0.00,4.24
923316,pac,47.250,161.500,1003.64,1003.55,5.85,0.88,17.34,34.42,0.00,0.00,3.54
923316,pac,36.250,204.250,1001.91,1001.62,6.58,1.46,34.25,34.25,0.00,0.00,2.72
923322,atl,67.500,-26.750,994.53,993.88,10.17,2.89,39.59,49.73,0.00,0.00,10.34
923322,atl,53.000,-13.500,992.99,992.85,7.80,1.66,35.93,37.53,0.00,0.00,4.05
923322,atl,52.250,-72.750,999.50,999.32,6.29,1.42,28.07,28.87,0.00,0.00,3.96
923322,atl,50.750,-16.750,993.08,992.88,6.62,1.36,36.30,39.04,0.00,0.00,4.05
923322,atl,43.750,-20.000,992.94,992.82,8.75,1.65,43.51,47.63,0.00,0.00,4.85
923322,pac,37.000,205.250,1003.07,1002.88,5.95,1.16,32.40,32.81,0.00,0.00,2.65
923328,atl,66.500,-25.250,990.18,989.91,12.18,2.81,46.96,46.96,0.00,0.00,11.24
923328,atl,62.500,-43.750,1004.84,1003.32,4.28,1.58,45.69,66.63,1892.04,11989.97,16.69
923328,atl,59.750,-1.250,999.42,999.04,7.02,1.75,34.45,36.36,0.00,0.00,8.18
923328,atl,59.250,-7.000,998.46,998.23,5.03,1.31,28.45,32.30,0.00,0.00,3.59
923328,atl,55.000,-12.000,995.01,994.85,7.78,1.97,33.66,33.66,0.00,0.00,3.43
923328,atl,53.500,-72.500,998.12,997.83,6.55,1.54,20.85,20.85,0.00,0.00,2.66
923328,atl,49.750,-17.750,996.90,996.76,4.50,1.00,34.39,36.24,0.00,0.00,3.04
923328,atl,49.000,-65.000,1000.64,1000.41,6.71,1.34,42.58,45.99,0.00,0.00,9.71
923328,atl,44.500,-17.750,995.71,995.61,7.75,1.34,39.90,45.55,0.00,0.00,4.77
923328,pac,37.250,206.000,1003.02,1002.88,5.40,1.05,28.40,30.79,0.00,0.00,2.77
923328,pac,36.500,210.500,1003.57,1003.34,5.34,1.07,30.11,32.74,0.00,0.00,2.91
923334,atl,67.750,-24.500,984.56,983.44,15.60,4.48,55.00,55.00,0.00,2866.67,13.51
923334,atl,62.500,-43.500,1002.77,1001.93,4.71,1.89,45.64,56.22,0.00,5050.56,15.01
923334,atl,61.750,1.500,999.06,998.62,7.48,2.12,35.82,35.82,0.00,0.00,7.59
923334,atl,60.750,-4.750,999.36,999.18,4.09,1.21,23.01,34.42,0.00,0.00,3.56
923334,atl,55.500,-11.500,996.35,996.16,7.56,2.12,32.76,32.76,0.00,0.00,3.55
923334,atl,54.500,-72.500,993.69,993.43,7.74,1.74,22.57,23.41,0.00,0.00,3.32
923334,atl,45.000,-15.750,997.47,997.33,7.15,1.41,40.04,42.87,0.00,0.00,3.93
923334,pac,37.750,211.500,1002.85,1002.55,6.15,1.32,27.21,30.18,0.00,0.00,2.63
923334,pac,37.500,207.500,1003.74,1003.62,4.54,0.74,26.65,30.04,0.00,0.00,2.63
923340,atl,67.750,-25.000,984.67,983.34,15.02,4.41,50.00,50.00,0.00,286.36,16.25
923340,atl,63.500,4.000,1001.87,1001.45,5.87,1.39,37.35,37.35,0.00,0.00,7.67
923340,atl,62.500,-43.500,1002.40,1001.53,4.04,1.70,45.31,56.73,0.00,3149.29,14.30
923340,atl,55.500,-11.250,999.32,999.16,6.14,1.69,32.71,32.71,0.00,0.00,3.32
923340,atl,55.250,-63.750,989.81,989.70,7.44,1.21,28.41,35.19,0.00,0.00,7.72
923340,atl,49.250,-11.250,1000.71,1000.57,5.23,1.16,32.90,35.89,0.00,0.00,2.91
923340,atl,46.000,-14.250,1001.32,1001.16,6.16,1.22,39.72,40.88,0.00,0.00,3.35
923340,pac,44.500,176.500,1003.98,1003.75,6.64,1.51,28.13,28.40,0.00,0.00,2.92
923340,pac,39.250,213.750,1002.03,1001.67,6.71,1.62,26.19,27.25,0.00,0.00,2.63
923346,atl,68.750,-80.000,999.57,999.51,4.42,1.00,23.83,25.64,0.00,0.00,5.68
923346,atl,68.000,-22.000,987.71,986.98,11.32,3.39,44.66,44.66,0.00,0.00,13.80
923346,atl,66.000,8.500,1003.22,1003.07,6.80,1.73,29.04,31.20,0.00,0.00,7.29
923346,atl,58.250,-60.500,983.38,983.21,12.03,2.30,36.24,36.25,0.00,0.00,5.28
923346,atl,55.750,-10.500,1001.12,1000.98,5.49,1.55,35.61,35.61,0.00,0.00,3.49
923346,pac,43.500,179.000,999.89,999.61,7.81,1.75,34.04,36.70,0.00,0.00,3.40
923346,pac,40.250,214.500,1003.12,1002.83,6.80,1.69,26.78,26.78,0.00,0.00,2.76
923352,atl,68.750,-19.750,991.08,990.50,10.96,3.08,37.67,37.67,0.00,0.00,10.84
923352,atl,66.750,9.750,1004.41,1004.16,6.10,1.55,22.23,29.83,0.00,0.00,6.83
923352,atl,59.250,-60.000,977.13,976.86,16.37,3.82,42.23,42.23,0.00,0.00,7.05
923352,atl,55.000,-9.750,1004.24,1004.18,4.76,1.15,34.59,34.59,0.00,0.00,3.22
923352,pac,43.750,179.750,994.75,994.18,10.41,2.45,34.10,35.64,0.00,0.00,4.10
923352,pac,40.750,215.250,1003.21,1002.94,6.51,1.51,23.21,24.98,0.00,0.00,2.34
923358,atl,68.000,-80.000,994.80,994.73,4.92,0.79,17.14,23.31,0.00,0.00,5.77
923358,atl,67.750,-8.750,999.06,998.95,5.47,1.34,27.59,33.84,0.00,0.00,5.16
923358,atl,60.500,-58.500,975.61,975.54,16.88,4.13,45.94,46.79,0.00,0.00,7.42
923358,pac,43.500,179.750,990.36,990.05,11.59,2.72,36.89,36.90,0.00,0.00,4.15
923358,pac,42.750,217.750,1003.59,1003.33,7.44,1.53,24.05,27.56,0.00,0.00,2.69
923364,atl,68.000,-80.000,993.35,993.25,5.33,0.92,21.12,24.34,0.00,0.00,5.57
923364,atl,63.250,-39.000,999.85,999.43,4.31,1.66,35.91,48.15,0.00,0.00,19.23
923364,atl,61.750,-56.000,980.04,979.89,15.60,3.83,48.32,48.32,0.00,0.00,6.57
923364,pac,43.500,218.750,1003.17,1003.07,7.33,1.41,22.24,29.32,0.00,0.00,2.77
923364,pac,42.500,181.000,988.75,988.50,10.92,2.36,40.49,40.49,0.00,0.00,4.48
923370,atl,68.250,-80.000,994.08,993.98,5.03,0.86,22.61,25.45,0.00,0.00,4.52
923370,atl,64.500,-35.250,1001.12,1000.22,7.17,2.80,34.85,44.23,0.00,0.00,13.53
923370,atl,63.500,-54.500,986.38,986.18,12.89,3.28,56.70,57.34,0.00,13504.62,6.52
923370,pac,44.750,219.750,1004.59,1004.49,7.68,1.31,26.12,31.46,0.00,0.00,3.17
923370,pac,42.000,183.250,987.09,986.74,10.24,2.15,42.51,42.52,0.00,0.00,4.67
923376,atl,66.250,7.000,1002.49,1002.28,5.74,1.26,35.31,37.59,0.00,0.00,4.96
923376,atl,65.500,-29.250,1003.13,1002.38,9.10,2.77,36.48,36.48,0.00,0.00,5.28
923376,atl,65.250,-54.000,994.55,994.31,9.29,2.43,48.46,48.46,0.00,0.00,7.52
923376,pac,44.750,221.250,1004.18,1004.09,7.59,1.18,26.73,30.04,0.00,0.00,3.34
923376,pac,42.250,185.750,986.29,985.77,9.63,2.17,39.88,39.88,0.00,0.00,3.98
923382,atl,69.000,-51.250,1000.09,999.80,8.39,2.12,30.75,34.61,0.00,0.00,8.15
923382,atl,67.500,8.250,999.79,999.61,7.38,1.67,35.43,36.21,0.00,0.00,6.20
923382,atl,65.750,-24.250,1003.73,1003.25,6.59,2.12,37.68,37.92,0.00,0.00,9.96
923382,atl,65.500,-16.500,1003.85,1003.47,5.14,1.40,37.92,37.92,0.00,0.00,6.90
923382,pac,43.500,187.750,984.86,984.29,10.00,2.40,37.27,39.32,0.00,0.00,3.30
923388,atl,65.500,-7.500,1000.99,1000.84,6.07,1.40,36.83,42.96,0.00,0.00,7.05
923388,pac,44.500,188.500,984.01,983.38,11.48,2.78,33.22,41.09,0.00,0.00,4.19
923394,atl,67.750,-9.000,994.12,993.55,9.88,2.69,39.96,39.96,0.00,0.00,5.42
923394,atl,66.250,-0.250,996.44,996.14,7.23,2.21,43.85,43.85,0.00,0.00,5.98
923394,pac,44.750,189.750,985.26,984.72,10.53,2.56,34.45,42.10,0.00,0.00,4.40
923400,atl,67.750,2.500,991.03,990.72,10.07,2.78,48.42,48.42,0.00,0.00,6.03
923400,atl,67.000,-4.500,992.04,991.58,9.79,2.03,38.72,48.42,0.00,0.00,6.03
923400,pac,51.000,194.250,990.87,990.74,9.30,1.77,34.85,39.25,0.00,0.00,4.84
923400,pac,45.250,191.000,987.22,986.80,9.03,2.22,34.25,34.88,0.00,0.00,3.88
923400,pac,35.500,160.250,1003.20,1002.98,4.92,1.11,31.85,37.85,0.00,0.00,2.33
923406,pac,51.750,194.000,988.66,988.48,10.64,2.16,45.13,45.13,0.00,0.00,5.39
923406,pac,45.750,192.750,988.89,988.59,7.29,1.64,32.93,34.15,0.00,0.00,3.22
923406,pac,35.500,162.250,1002.82,1002.60,4.37,1.09,28.64,40.35,0.00,0.00,2.60
923406,pac,33.000,165.750,1002.68,1001.99,4.64,1.07,40.35,40.35,0.00,0.00,2.60
923412,atl,68.250,1.750,990.84,990.72,10.06,1.66,40.68,44.78,0.00,0.00,6.20
923412,atl,68.000,-6.750,988.03,987.31,15.74,3.65,46.42,46.55,0.00,0.00,6.53
923412,pac,52.250,193.750,988.98,988.76,9.95,2.20,47.30,47.30,0.00,0.00,5.57
923412,pac,33.750,169.250,1004.28,1003.98,4.87,1.13,37.51,37.51,0.00,0.00,2.23
923418,atl,66.750,-5.000,987.74,987.27,15.75,3.85,49.02,49.65,0.00,0.00,6.75
923418,pac,51.500,194.000,990.43,990.22,8.00,1.80,46.88,46.88,0.00,0.00,5.20
923418,pac,35.000,173.750,1003.80,1003.65,5.44,1.14,37.61,37.61,0.00,0.00,2.38
923424,atl,66.000,-3.000,988.60,988.13,14.74,3.76,43.56,49.29,0.00,0.00,5.54
923424,pac,54.750,201.250,993.41,993.27,7.34,1.39,38.58,41.17,0.00,0.00,8.60
923424,pac,52.750,237.000,1004.86,1004.59,5.63,1.54,28.76,29.72,0.00,0.00,6.36
923424,pac,50.750,197.250,993.64,993.58,4.91,0.54,36.52,43.06,0.00,0.00,4.96
923430,atl,65.500,-2.500,989.37,988.79,13.80,3.50,41.63,45.44,0.00,0.00,4.59
923430,atl,31.750,-29.500,1003.88,1003.75,10.52,2.26,43.41,43.41,0.00,0.00,5.33
923430,pac,64.000,190.000,999.35,998.89,11.16,2.76,47.09,47.09,0.00,0.00,8.55
923430,pac,59.250,170.250,1003.38,1002.46,12.06,3.48,49.29,49.29,0.00,0.00,8.47
923430,pac,56.500,199.000,993.67,993.51,8.21,1.66,39.32,42.50,0.00,0.00,8.73
923430,pac,50.750,239.250,1004.01,1003.79,4.01,1.26,20.13,27.08,0.00,0.00,5.29
923430,pac,40.000,165.750,1001.30,1000.76,4.96,1.26,35.27,35.27,0.00,0.00,3.58
923436,atl,64.000,-1.500,990.83,990.48,12.50,3.16,38.46,42.06,0.00,0.00,4.88
923436,atl,34.000,-76.250,1004.23,1001.97,15.79,5.01,59.27,59.27,0.00,24121.50,10.05
923436,atl,32.750,-29.500,1003.60,1003.38,12.46,3.03,45.80,45.80,0.00,0.00,7.28
923436,pac,64.250,189.000,1000.52,1000.12,10.48,2.39,44.49,46.12,0.00,0.00,8.89
923436,pac,58.000,197.250,996.58,996.39,7.40,1.87,31.05,40.06,0.00,0.00,6.80
923436,pac,57.750,171.250,1001.62,1001.05,12.56,3.64,46.40,46.40,0.00,0.00,6.97
923436,pac,52.500,201.250,996.48,996.30,4.66,0.91,16.50,35.30,0.00,0.00,3.43
923436,pac,41.250,167.000,994.19,993.06,12.10,3.45,38.94,38.94,0.00,0.00,5.47
923442,atl,63.250,1.250,991.06,990.74,11.11,2.97,40.05,40.05,0.00,0.00,4.93
923442,atl,34.250,-75.750,1002.84,1000.88,15.30,4.92,63.74,63.74,0.00,33088.77,10.64
923442,atl,33.000,-30.000,1002.16,1001.96,12.28,3.07,48.84,48.84,0.00,0.00,6.23
923442,pac,64.750,188.750,1002.65,1002.42,8.51,1.40,44.76,47.66,0.00,0.00,9.88
923442,pac,56.750,174.000,999.90,999.22,11.67,3.14,45.06,45.06,0.00,0.00,5.72
923442,pac,53.250,201.000,998.02,997.89,5.30,0.99,23.55,34.07,0.00,0.00,3.99
923442,pac,42.000,167.500,990.09,988.69,15.18,4.54,41.64,41.64,0.00,0.00,7.42
923448,atl,63.500,2.500,990.34,990.11,10.88,2.87,31.60,35.05,0.00,0.00,4.42
923448,atl,47.750,-44.750,1003.38,1002.89,17.89,4.61,49.97,49.97,0.00,0.00,7.56
923448,atl,34.750,-74.500,1000.37,998.75,15.46,5.00,64.51,64.51,634.94,38069.38,11.77
923448,atl,33.750,-29.500,1001.68,1001.49,13.14,3.26,46.66,46.66,0.00,0.00,6.24
923448,pac,57.000,177.000,1000.38,999.70,10.79,2.65,40.65,40.65,0.00,0.00,5.34
923448,pac,56.750,200.500,1001.71,1001.46,5.81,1.12,40.24,41.51,0.00,0.00,7.19
923448,pac,54.000,201.000,1001.48,1001.35,5.00,0.98,25.69,40.24,0.00,0.00,3.77
923448,pac,51.250,213.500,1003.17,1002.90,4.28,1.05,26.46,28.70,0.00,0.00,2.89
923448,pac,41.750,168.250,988.99,987.54,15.78,4.48,43.34,43.34,0.00,0.00,6.51
923454,atl,63.000,2.250,990.52,990.27,10.30,2.74,35.81,35.81,0.00,0.00,3.88
923454,atl,48.250,-45.000,1001.23,1000.78,18.54,4.67,52.24,52.24,0.00,18977.59,8.26
923454,atl,35.000,-73.250,997.96,996.52,16.05,5.13,57.55,57.55,0.00,45160.18,10.23
923454,atl,34.250,-29.000,999.63,999.44,12.83,3.09,48.08,48.08,0.00,0.00,5.55
923454,pac,58.250,179.500,1001.40,1001.07,9.77,2.52,40.07,40.07,0.00,0.00,5.81
923454,pac,58.000,197.750,1004.77,1004.64,4.81,1.22,24.82,30.74,0.00,0.00,5.14
923454,pac,52.000,213.250,1003.15,1002.88,4.85,1.31,27.27,27.27,0.00,0.00,2.51
923454,pac,40.750,169.750,990.55,989.65,13.11,3.58,45.59,45.59,0.00,0.00,5.74
923460,atl,62.250,2.250,991.93,991.67,9.46,2.63,38.39,38.39,0.00,0.00,5.70
923460,atl,60.750,9.750,993.32,992.92,4.94,0.99,26.37,32.87,0.00,0.00,5.70
923460,atl,47.500,-45.000,1003.23,1002.83,15.76,3.83,47.82,47.82,0.00,0.00,6.41
923460,atl,40.750,-69.000,1002.43,1001.39,13.69,3.85,52.94,52.94,0.00,4591.95,7.82
923460,atl,35.750,-71.500,997.11,996.07,15.77,4.78,55.14,55.14,0.00,25831.73,7.02
923460,atl,35.000,-28.000,1000.85,1000.63,12.24,2.90,44.27,44.27,0.00,0.00,4.75
923460,pac,60.000,180.000,1002.92,1002.59,9.56,2.71,33.78,33.78,0.00,0.00,5.18
923460,pac,52.250,212.750,1003.55,1003.29,5.38,1.53,26.76,26.76,0.00,0.00,2.35
923460,pac,42.250,177.500,989.96,989.63,11.31,2.17,32.69,41.54,0.00,0.00,4.52
923466,atl,61.500,2.750,993.77,993.57,8.40,2.29,37.11,37.11,0.00,0.00,4.89
923466,atl,36.750,-69.500,995.44,994.68,14.91,4.09,49.50,49.57,0.00,0.00,6.29
923466,atl,36.000,-27.750,999.00,998.78,12.00,2.93,44.29,44.29,0.00,0.00,4.74
923466,pac,61.250,180.250,1003.87,1003.49,9.36,2.71,29.19,29.19,0.00,0.00,4.76
923466,pac,43.750,177.750,984.77,984.07,15.77,3.53,41.42,41.42,0.00,0.00,5.34
923472,atl,60.250,3.750,995.43,995.28,7.51,1.78,36.34,36.34,0.00,0.00,3.94
923472,atl,38.000,-67.750,992.20,991.14,17.07,4.74,53.16,53.16,0.00,28259.90,7.39
923472,atl,37.500,-27.000,997.44,997.14,12.99,3.19,45.41,45.41,0.00,0.00,5.78
923472,pac,47.750,227.250,1004.89,1004.71,4.94,1.35,24.24,24.93,0.00,0.00,2.42
923472,pac,43.250,178.250,985.95,985.62,14.58,3.18,47.37,47.37,0.00,0.00,5.66
923478,atl,64.250,9.750,998.82,998.69,4.03,0.68,25.72,32.82,0.00,0.00,4.02
923478,atl,59.000,4.750,996.00,995.78,7.72,1.75,35.73,35.73,0.00,0.00,3.77
923478,atl,43.500,8.000,1003.81,1003.18,8.77,2.91,38.02,38.02,0.00,0.00,19.58
923478,atl,39.250,-67.000,989.48,988.51,18.44,4.82,50.24,50.24,0.00,1226.16,7.51
923478,atl,38.750,-27.000,991.03,990.61,15.64,4.10,48.26,48.26,0.00,0.00,7.58
923478,pac,48.250,227.250,1004.26,1004.03,5.63,1.59,26.21,26.21,0.00,0.00,2.45
923478,pac,42.500,181.250,988.38,988.06,11.24,2.57,46.39,46.39,0.00,0.00,4.74
923484,atl,58.750,7.500,996.33,995.69,7.55,1.78,31.09,36.85,0.00,0.00,3.60
923484,atl,40.000,-66.750,989.99,989.04,18.32,4.83,51.74,52.19,0.00,26927.02,5.87
923484,atl,40.000,-27.500,987.14,986.28,18.98,5.16,56.82,56.82,0.00,17997.13,8.61
923484,pac,48.250,226.250,1003.85,1003.65,5.64,1.44,26.68,26.68,0.00,0.00,2.34
923484,pac,42.750,185.000,990.76,990.21,8.79,2.13,42.41,42.41,0.00,0.00,3.67
923484,pac,38.750,160.500,1002.58,1002.34,8.21,1.98,30.98,33.97,0.00,0.00,3.41
923490,atl,58.000,7.250,998.01,997.65,7.39,1.67,31.45,37.31,0.00,0.00,4.12
923490,atl,40.500,-27.750,983.91,983.14,20.87,5.73,57.70,57.70,0.00,43015.37,8.73
923490,atl,39.750,-67.000,991.59,990.45,17.48,4.85,50.59,50.59,0.00,5488.84,6.30
923490,pac,47.500,189.750,989.33,989.06,11.36,2.47,49.16,50.92,0.00,1024.11,5.51
923490,pac,43.500,188.750,990.36,989.80,8.63,2.12,41.60,41.60,0.00,0.00,3.66
923496,atl,57.500,8.250,998.72,998.48,7.44,1.86,31.20,36.03,0.00,0.00,3.53
923496,atl,40.250,-28.000,984.18,983.64,20.98,5.97,56.54,56.54,0.00,24165.60,9.97
923496,atl,39.000,-66.250,994.71,993.68,15.14,4.14,46.38,46.38,0.00,0.00,5.42
923496,pac,48.500,189.000,986.72,986.31,13.80,3.17,45.31,49.23,0.00,0.00,5.09
923502,atl,57.250,9.000,999.81,999.67,7.01,1.73,28.57,34.32,0.00,0.00,4.44
923502,atl,39.750,-28.250,985.13,984.56,19.34,5.56,50.00,50.00,0.00,583.22,8.07
923502,atl,39.000,-64.750,995.73,994.82,14.28,3.84,43.55,43.55,0.00,0.00,4.66
923502,pac,48.750,188.500,985.95,985.49,13.80,3.22,40.45,43.43,0.00,0.00,5.07
923508,atl,62.000,-64.500,1003.61,1003.16,11.09,2.64,35.28,35.28,0.00,0.00,7.64
923508,atl,57.000,9.750,1002.53,1002.25,6.00,1.35,26.85,33.46,0.00,0.00,3.49
923508,atl,39.500,-64.250,997.12,996.38,14.37,3.94,46.11,46.11,0.00,0.00,6.63
923508,atl,38.500,-28.250,989.00,988.32,18.09,5.38,50.04,50.04,0.00,602.67,6.78
923508,pac,48.250,189.000,986.77,986.32,12.57,2.68,37.36,37.36,0.00,0.00,4.46
923514,atl,63.000,-61.500,1001.36,1001.00,12.00,3.23,43.90,43.94,0.00,0.00,9.19
923514,atl,39.250,-65.250,998.77,997.91,13.34,3.71,43.54,43.54,0.00,0.00,6.60
923514,atl,37.250,-27.250,992.36,991.60,15.65,4.56,48.14,48.14,0.00,0.00,5.70
923514,pac,47.750,190.750,987.37,987.03,11.74,2.44,39.76,39.76,0.00,0.00,4.12
923520,atl,63.250,-58.500,1001.30,1000.98,10.96,3.09,46.06,46.06,0.00,0.00,5.02
923520,atl,38.000,-66.000,1000.37,999.60,11.52,2.99,45.30,45.30,0.00,0.00,4.60
923520,atl,36.000,-25.500,996.53,995.80,13.80,4.03,42.64,42.64,0.00,0.00,4.99
923520,pac,49.750,191.000,987.96,987.73,11.77,2.06,29.08,39.34,0.00,0.00,4.22
923520,pac,49.750,235.500,1002.27,1001.91,6.69,1.33,27.34,33.11,0.00,0.00,6.12
923520,pac,44.500,210.250,1002.81,1002.55,6.86,1.84,33.39,33.39,0.00,0.00,3.94
923526,atl,63.250,-52.500,1003.10,1002.62,9.44,2.22,42.35,42.35,0.00,0.00,12.70
923526,atl,36.250,-65.500,1002.33,1001.86,8.71,2.05,40.56,40.56,0.00,0.00,3.60
923526,atl,35.250,-23.750,998.50,997.91,11.63,3.40,39.16,39.16,0.00,0.00,4.21
923526,pac,49.750,235.250,1003.78,1003.44,7.78,1.63,27.22,28.06,0.00,0.00,7.23
923526,pac,49.500,190.500,988.41,988.14,11.47,2.14,31.60,38.93,0.00,0.00,3.35
923526,pac,45.750,211.250,1001.44,1001.02,6.90,2.02,34.21,34.21,0.00,0.00,4.09
923532,atl,34.750,-21.750,1002.83,1002.32,9.74,2.81,37.41,37.41,0.00,0.00,3.50
923532,pac,49.250,190.500,989.18,988.98,11.00,2.14,33.51,37.82,0.00,0.00,3.57
923532,pac,47.250,211.500,999.06,998.65,7.28,2.22,37.07,37.07,0.00,0.00,4.30
923532,pac,39.500,211.500,1003.38,1002.73,5.58,1.84,39.54,39.54,0.00,0.00,3.87
923538,atl,34.500,-19.750,1003.40,1002.99,8.61,2.49,36.44,37.01,0.00,0.00,3.04
923538,pac,48.750,190.750,989.95,989.71,10.55,2.10,31.06,37.65,0.00,0.00,3.50
923538,pac,48.750,211.000,997.12,996.37,8.35,2.63,37.50,37.50,0.00,0.00,4.72
923538,pac,41.750,214.000,1001.73,1000.84,6.51,2.07,38.99,38.99,0.00,0.00,3.78
923538,pac,40.750,166.500,996.05,995.42,8.35,2.25,38.50,38.50,0.00,0.00,4.06
923544,atl,65.500,-70.000,1004.75,1004.46,6.30,1.52,22.40,23.14,0.00,0.00,4.09
923544,atl,58.750,-68.000,1001.58,1001.49,7.03,1.27,29.69,34.29,0.00,0.00,3.71
923544,atl,54.000,-75.500,998.37,997.77,10.90,2.69,40.28,43.04,0.00,0.00,6.10
923544,pac,50.000,209.750,995.40,994.72,9.19,2.75,33.72,33.72,0.00,0.00,3.92
923544,pac,48.250,190.750,992.10,991.97,8.88,1.71,30.80,37.62,0.00,0.00,3.06
923544,pac,43.500,215.750,999.48,998.59,8.17,2.52,38.04,38.04,0.00,0.00,4.23
923544,pac,41.500,170.000,993.96,993.35,9.64,2.61,36.09,36.09,0.00,0.00,4.23
923550,atl,67.750,-63.500,1004.24,1003.99,7.30,1.99,30.94,34.51,0.00,0.00,6.18
923550,atl,66.500,-70.000,1003.24,1002.74,6.58,1.63,24.15,28.68,0.00,0.00,4.65
923550,atl,59.750,-63.750,999.00,998.77,8.40,1.33,33.50,43.46,0.00,0.00,4.48
923550,atl,56.250,-69.500,997.92,997.41,9.80,2.38,35.97,35.97,0.00,0.00,6.25
923550,pac,50.750,208.000,994.45,993.83,8.76,2.52,31.38,31.38,0.00,0.00,3.50
923550,pac,47.250,192.000,993.52,993.40,6.65,1.20,28.39,33.36,0.00,0.00,2.47
923550,pac,46.000,217.500,998.86,998.11,8.68,2.50,35.84,35.84,0.00,0.00,3.63
923550,pac,42.750,172.250,992.11,991.70,9.06,2.51,36.85,36.85,0.00,0.00,3.44
923556,atl,69.000,-63.750,1001.62,1001.26,8.23,2.28,35.25,42.95,0.00,0.00,6.19
923556,atl,66.750,-67.750,1002.42,1002.15,5.03,0.95,35.25,35.54,0.00,0.00,5.27
923556,atl,61.750,-59.000,996.63,996.54,10.66,1.93,50.95,53.86,0.00,21758.79,6.64
923556,pac,51.250,206.000,993.85,993.46,7.87,2.09,29.66,29.66,0.00,0.00,3.34
923556,pac,48.750,218.000,997.95,997.47,8.22,2.10,34.72,34.72,0.00,0.00,3.56
923556,pac,46.500,193.500,994.85,994.73,4.35,0.86,24.16,26.68,0.00,0.00,1.72
923556,pac,43.750,175.250,989.56,988.80,9.92,2.99,43.43,43.43,0.00,0.00,4.54
923562,atl,64.000,-57.250,995.78,995.66,9.76,2.23,58.10,58.10,0.00,28820.54,8.21
923562,pac,51.500,203.750,993.62,993.30,7.31,1.99,31.01,31.01,0.00,0.00,3.35
923562,pac,51.500,217.000,997.10,996.78,8.98,2.28,33.96,34.12,0.00,0.00,3.83
923562,pac,46.000,162.750,990.37,990.20,8.93,1.59,42.23,48.53,0.00,0.00,3.60
923562,pac,44.500,178.250,987.33,986.27,10.57,3.35,45.45,45.45,0.00,0.00,4.86
923568,pac,53.500,215.000,994.26,993.87,11.24,3.00,34.19,35.10,0.00,0.00,4.64
923568,pac,51.250,201.500,993.54,993.34,5.85,1.65,28.11,32.76,0.00,0.00,2.88
923568,pac,46.000,165.250,992.55,992.41,7.67,1.54,37.27,42.33,0.00,0.00,3.20
923568,pac,45.000,181.000,988.29,987.38,9.48,2.85,46.48,46.48,0.00,0.00,4.78
923568,pac,36.750,196.500,1000.79,1000.52,4.52,1.25,37.61,37.61,0.00,0.00,2.74
923574,atl,64.000,-54.000,1003.43,1003.26,5.42,1.36,44.99,44.99,0.00,0.00,11.32
923574,pac,54.750,212.000,992.82,992.53,11.27,2.86,34.77,36.88,0.00,0.00,4.69
923574,pac,51.250,199.500,992.63,992.43,5.04,1.48,25.67,26.92,0.00,0.00,2.65
923574,pac,46.250,168.500,992.78,992.67,6.59,1.23,32.42,40.11,0.00,0.00,2.80
923574,pac,45.000,184.000,989.76,989.43,7.48,2.15,44.01,44.01,0.00,0.00,4.08
923574,pac,43.750,213.500,995.34,994.38,8.31,2.45,38.73,41.24,0.00,0.00,4.39
923580,atl,65.000,-44.250,1004.86,1003.77,8.95,3.63,47.51,47.51,0.00,0.00,28.97
923580,atl,53.250,-60.500,1003.86,1003.39,11.03,2.78,38.47,40.22,0.00,0.00,8.96
923580,pac,55.500,208.750,991.26,991.01,10.82,2.78,39.85,44.55,0.00,0.00,5.31
923580,pac,51.250,197.500,991.68,991.47,4.40,1.32,24.06,24.06,0.00,0.00,2.32
923580,pac,46.250,171.750,993.96,993.83,5.73,1.05,31.46,39.93,0.00,0.00,2.64
923580,pac,46.000,214.750,991.02,989.62,10.73,3.23,41.28,41.28,0.00,0.00,5.56
923580,pac,45.000,187.500,991.62,991.48,5.81,1.51,40.77,40.77,0.00,0.00,3.51
923586,atl,52.750,-58.750,1001.43,1001.12,12.32,2.79,39.02,46.27,0.00,0.00,9.92
923586,atl,34.250,5.000,1004.61,1003.80,5.52,2.13,31.64,31.64,0.00,0.00,9.74
923586,atl,31.250,-4.500,1004.71,1004.10,6.43,2.37,26.35,26.35,0.00,0.00,18.10
923586,pac,55.500,204.500,991.47,991.24,8.50,2.04,41.78,44.93,0.00,0.00,6.90
923586,pac,47.500,215.250,990.15,989.24,11.27,3.32,37.00,37.00,0.00,0.00,5.75
923586,pac,46.750,175.000,994.25,994.16,5.09,0.82,26.91,35.69,0.00,0.00,2.44
923586,pac,45.000,191.000,992.93,992.80,4.47,1.10,41.00,41.00,0.00,0.00,3.11
923592,atl,55.500,-56.500,1003.37,1003.08,10.99,2.67,48.57,48.57,0.00,0.00,7.94
923592,atl,52.250,-57.500,1001.55,1000.95,11.33,2.53,38.47,48.57,0.00,0.00,7.94
923592,pac,64.500,208.000,1002.43,1002.12,4.52,1.12,28.72,32.26,0.00,0.00,11.24
923592,pac,62.750,220.000,1004.49,1004.30,5.97,1.89,27.33,27.69,0.00,0.00,11.77
923592,pac,55.250,201.250,993.04,992.87,5.63,1.25,37.93,45.70,0.00,0.00,7.58
923592,pac,49.500,216.000,990.37,990.02,10.79,2.97,39.52,39.52,0.00,0.00,4.75
923598,atl,49.250,-54.250,999.26,999.00,9.00,1.65,29.62,41.43,0.00,0.00,5.57
923598,pac,64.750,208.500,1001.53,1001.26,4.94,1.11,20.60,21.24,0.00,0.00,8.97
923598,pac,64.500,202.250,1001.04,1000.84,5.34,0.90,16.49,32.52,0.00,0.00,8.97
923598,pac,63.500,218.000,1002.72,1002.29,5.66,1.69,22.31,30.95,0.00,0.00,10.62
923598,pac,51.000,215.500,989.87,989.63,10.10,2.61,34.49,34.49,0.00,0.00,3.90
923604,atl,48.500,-53.000,997.72,997.50,9.34,1.78,37.50,38.70,0.00,0.00,4.19
923604,pac,65.750,208.500,1002.33,1002.10,4.79,1.04,17.96,18.64,0.00,0.00,10.92
923604,pac,65.750,215.750,1001.57,1001.23,6.99,1.80,19.24,19.50,0.00,0.00,10.92
923604,pac,65.500,202.250,1001.82,1001.68,5.71,1.16,17.96,36.55,0.00,0.00,10.92
923604,pac,52.750,214.750,989.26,989.12,9.23,2.16,33.52,33.52,0.00,0.00,3.56
923604,pac,50.750,193.500,990.60,990.47,4.11,0.82,15.39,22.80,0.00,0.00,2.21
923610,atl,50.750,-54.250,996.94,996.68,11.29,1.94,41.31,42.65,0.00,0.00,8.06
923610,atl,40.750,-50.500,1002.18,1001.44,6.52,1.91,45.65,45.65,0.00,0.00,5.42
923610,pac,66.000,215.500,1001.58,1001.32,5.83,1.49,23.39,25.56,0.00,0.00,9.83
923610,pac,54.250,213.000,989.17,989.04,8.54,1.81,33.90,35.95,0.00,0.00,3.51
923610,pac,51.000,193.750,991.30,991.21,4.03,0.68,20.12,29.72,0.00,0.00,2.47
923610,pac,47.000,204.750,991.63,991.59,4.29,0.81,34.42,38.86,0.00,0.00,3.00
923610,pac,45.750,213.500,994.16,993.69,5.23,1.50,34.31,36.42,0.00,0.00,3.06
923610,pac,45.500,225.000,1002.77,1002.60,4.13,1.10,32.82,33.10,0.00,0.00,3.12
923616,atl,50.750,-56.000,1000.00,999.76,10.24,1.78,35.07,40.12,0.00,0.00,5.59
923616,atl,42.250,-47.250,1000.24,999.51,7.83,2.18,44.58,44.58,0.00,0.00,5.04
923616,pac,62.750,219.250,999.83,999.54,4.09,1.59,31.81,40.90,0.00,0.00,10.82
923616,pac,55.500,208.500,988.37,987.98,7.87,1.82,29.63,36.69,0.00,0.00,4.44
923616,pac,47.500,207.500,990.82,990.70,4.79,1.06,35.51,37.74,0.00,0.00,2.83
923616,pac,47.250,215.000,992.67,992.01,6.16,1.74,33.48,35.53,0.00,0.00,3.00
923616,pac,37.750,161.500,992.92,992.13,12.66,3.15,45.82,53.67,0.00,9379.60,6.78
923622,atl,44.500,-45.750,996.90,996.09,10.50,2.66,47.07,47.07,0.00,0.00,6.22
923622,pac,55.750,207.750,988.07,987.88,7.44,1.93,31.69,36.67,0.00,0.00,4.75
923622,pac,48.750,216.000,991.01,990.23,6.93,1.92,33.21,36.00,0.00,0.00,3.06
923622,pac,48.000,210.000,990.58,990.51,5.03,1.15,34.75,36.94,0.00,0.00,3.06
923622,pac,39.000,163.250,988.50,987.28,15.57,4.48,51.74,51.74,0.00,6120.38,10.71
923628,atl,48.000,-48.750,996.79,996.27,12.38,2.97,51.41,51.41,0.00,34787.10,5.60
923628,pac,64.500,213.250,995.75,995.44,6.38,1.30,18.32,22.57,0.00,0.00,12.18
923628,pac,63.500,206.750,994.82,994.63,5.33,1.13,19.71,29.80,0.00,0.00,10.85
923628,pac,62.250,202.250,994.67,994.49,4.55,1.00,24.17,29.26,0.00,0.00,6.72
923628,pac,56.250,206.000,989.13,989.02,6.65,1.79,27.79,29.80,0.00,0.00,4.85
923628,pac,50.000,216.500,990.23,989.85,7.10,1.87,28.85,31.92,0.00,0.00,2.90
923628,pac,48.500,211.500,991.13,991.01,4.88,1.04,31.25,31.92,0.00,0.00,2.90
923628,pac,39.750,165.500,987.39,986.64,15.33,4.09,53.61,53.61,0.00,13094.14,8.89
923634,atl,48.500,-53.000,997.39,996.95,12.00,2.76,50.37,51.54,0.00,10083.45,5.72
923634,pac,64.000,209.000,994.70,994.32,6.18,1.25,23.25,28.51,0.00,0.00,15.20
923634,pac,63.500,205.000,994.65,994.50,6.09,1.22,23.25,32.49,0.00,0.00,13.25
923634,pac,56.500,204.250,991.76,991.57,5.39,1.33,27.32,32.49,0.00,0.00,4.97
923634,pac,51.000,216.500,990.66,990.37,7.48,2.06,27.17,27.17,0.00,0.00,3.01
923634,pac,41.500,169.000,986.05,985.73,15.38,3.63,46.56,53.31,0.00,14512.35,5.84
923640,atl,46.500,-57.500,1000.90,1000.65,9.14,2.23,35.19,39.71,0.00,0.00,5.41
923640,atl,41.500,-50.250,1001.24,1001.10,5.63,1.20,35.50,49.16,0.00,0.00,2.55
923640,pac,64.500,213.750,993.62,993.33,7.39,1.17,24.88,25.67,0.00,0.00,13.49
923640,pac,62.500,219.750,993.95,993.55,6.03,1.77,26.76,29.98,0.00,0.00,9.60
923640,pac,61.750,198.250,995.30,995.00,6.45,1.27,31.41,45.10,0.00,0.00,7.99
923640,pac,59.000,236.500,1001.24,1001.01,4.82,1.12,23.67,36.11,0.00,0.00,7.52
923640,pac,57.000,202.000,994.24,993.90,4.79,1.01,34.31,36.18,0.00,0.00,5.72
923640,pac,51.500,216.000,991.78,991.47,7.71,2.19,24.72,25.64,0.00,0.00,4.32
923640,pac,47.500,220.000,994.09,993.20,8.11,2.34,41.49,41.49,0.00,0.00,4.60
923640,pac,42.500,171.250,984.27,983.96,16.09,3.67,44.70,44.91,0.00,0.00,5.81
923646,atl,48.000,-42.500,1002.59,1002.14,9.64,2.44,52.94,52.94,0.00,12689.54,5.84
923646,atl,47.000,-80.000,1002.00,1001.49,5.71,1.46,19.42,21.57,0.00,0.00,3.47
923646,atl,47.000,-10.500,1004.63,1004.36,11.13,2.50,38.91,39.00,0.00,0.00,4.09
923646,atl,44.250,-74.750,1003.97,1003.48,5.14,1.56,32.09,32.09,0.00,0.00,5.74
923646,atl,43.750,-57.500,1004.52,1004.38,4.55,1.15,37.51,38.69,0.00,0.00,2.80
923646,atl,42.250,-47.250,997.77,997.45,8.00,1.97,42.99,45.43,0.00,0.00,3.57
923646,pac,66.000,214.500,993.45,993.10,8.97,2.02,22.09,22.09,0.00,0.00,15.84
923646,pac,63.500,201.000,996.07,995.89,6.74,1.07,32.59,47.06,0.00,0.00,12.74
923646,pac,63.250,218.500,993.95,993.76,6.67,1.61,19.92,34.95,0.00,0.00,7.62
923646,pac,59.500,236.750,1001.20,1001.07,5.67,1.44,19.52,20.51,0.00,0.00,7.19
923646,pac,58.500,199.000,995.77,995.64,4.97,0.78,23.77,31.61,0.00,0.00,4.22
923646,pac,51.500,215.750,993.48,993.25,6.94,1.94,25.36,29.86,0.00,0.00,4.51
923646,pac,49.000,221.500,993.41,992.83,8.76,2.48,38.24,38.24,0.00,0.00,4.86
923646,pac,44.000,174.250,983.07,982.77,15.54,3.28,43.45,46.86,0.00,0.00,5.57
923652,atl,49.250,-46.250,1003.22,1002.89,9.85,2.27,53.43,53.43,0.00,9879.96,6.03
923652,atl,48.750,-79.750,1001.57,1001.25,8.51,1.93,19.74,24.11,0.00,0.00,3.89
923652,atl,43.500,-46.250,994.63,993.80,11.62,3.44,41.59,41.59,0.00,0.00,5.31
923652,pac,65.250,215.000,993.49,993.20,9.83,2.13,19.97,22.30,0.00,0.00,16.55
923652,pac,61.250,198.000,997.82,997.71,5.50,1.27,32.46,44.88,0.00,0.00,5.97
923652,pac,59.750,237.500,1002.30,1002.15,5.10,1.30,16.26,26.33,0.00,0.00,6.91
923652,pac,58.500,197.750,997.86,997.73,4.61,0.84,21.77,35.36,0.00,0.00,3.20
923652,pac,50.500,222.500,993.66,993.33,8.33,2.19,33.34,33.34,0.00,0.00,3.91
923652,pac,44.750,176.250,982.92,982.74,14.96,3.08,48.57,49.98,0.00,0.00,5.36
923658,atl,59.750,10.000,1003.85,1003.47,7.35,2.26,30.66,30.66,0.00,0.00,6.37
923658,atl,50.250,-79.250,1001.84,1001.53,9.23,2.02,26.03,31.98,0.00,0.00,4.34
923658,atl,43.500,-46.250,993.44,992.59,12.57,3.87,46.23,46.23,0.00,0.00,8.06
923658,pac,65.750,216.250,993.15,992.93,10.33,2.22,28.64,28.64,0.00,0.00,17.20
923658,pac,65.250,228.750,1000.06,998.96,4.91,1.24,30.36,32.34,0.00,0.00,8.70
923658,pac,59.250,238.000,1000.63,1000.46,4.13,0.98,20.87,30.46,0.00,0.00,5.72
923658,pac,58.250,197.000,998.13,998.02,4.21,0.81,27.75,36.00,0.00,0.00,3.20
923658,pac,51.500,222.500,993.90,993.59,8.45,2.12,29.40,29.40,0.00,0.00,2.91
923658,pac,46.250,180.500,982.63,982.41,13.46,2.65,41.99,49.38,0.00,0.00,4.89
923664,atl,43.750,-44.250,994.59,993.95,12.63,3.37,49.23,49.23,0.00,0.00,5.55
923664,pac,66.000,217.000,992.44,992.12,10.68,2.63,35.41,35.41,0.00,0.00,16.09
923664,pac,65.250,231.000,999.80,999.35,4.93,1.52,27.41,35.23,0.00,0.00,10.17
923664,pac,58.500,238.500,997.30,997.07,4.66,1.12,24.09,27.55,0.00,0.00,7.61
923664,pac,52.250,222.750,995.90,995.66,7.58,2.05,25.76,28.49,0.00,0.00,3.36
923664,pac,46.750,183.750,984.23,984.12,11.74,2.22,39.13,52.35,0.00,6242.05,4.50
923670,atl,45.500,-43.250,994.17,993.56,12.86,2.84,44.13,46.14,0.00,0.00,4.95
923670,pac,65.250,230.750,999.62,999.05,5.38,1.49,26.75,34.88,0.00,0.00,9.29
923670,pac,63.000,222.750,996.04,995.82,4.34,1.42,20.46,27.30,0.00,0.00,8.54
923670,pac,58.500,238.250,996.30,995.98,5.29,1.33,16.35,24.44,0.00,0.00,5.50
923670,pac,52.750,223.250,996.80,996.58,6.51,1.75,22.11,22.64,0.00,0.00,2.30
923670,pac,48.500,193.500,985.32,984.88,7.67,1.65,33.14,37.04,0.00,0.00,3.11
923676,atl,47.500,-46.250,994.86,994.45,13.80,2.73,44.40,44.40,0.00,0.00,5.78
923676,atl,47.000,-42.750,994.44,993.88,14.41,2.94,42.86,44.40,0.00,0.00,5.78
923676,pac,62.750,223.500,996.68,996.43,4.66,1.40,16.04,18.91,0.00,0.00,6.39
923676,pac,61.750,229.250,998.39,997.91,4.01,0.63,16.04,22.56,0.00,0.00,6.20
923676,pac,53.250,223.250,997.16,996.96,5.27,1.47,23.82,23.82,0.00,0.00,2.56
923676,pac,49.250,201.500,983.61,983.15,9.20,2.13,36.25,37.94,0.00,0.00,3.66
923682,atl,47.000,-46.250,995.13,994.69,14.25,2.76,39.65,45.96,0.00,0.00,4.70
923682,pac,64.750,208.000,997.95,997.77,4.70,0.68,21.76,40.22,0.00,0.00,15.21
923682,pac,63.500,222.500,995.62,995.41,5.54,1.37,18.77,23.03,0.00,0.00,8.85
923682,pac,61.250,230.750,995.84,995.32,5.17,1.49,31.47,35.70,0.00,0.00,8.08
923682,pac,60.250,233.750,996.13,995.53,4.76,1.32,35.70,35.70,0.00,0.00,8.08
923682,pac,57.250,239.500,992.28,991.98,7.99,2.15,35.70,35.70,0.00,0.00,7.85
923682,pac,49.750,203.500,981.58,981.18,9.67,2.17,29.99,33.04,0.00,0.00,3.84
923688,atl,46.000,-44.250,998.05,997.80,12.71,2.55,49.36,49.36,0.00,0.00,4.63
923688,atl,31.500,4.750,1002.26,1002.04,5.68,1.11,22.16,31.73,0.00,0.00,9.02
923688,pac,65.750,216.250,994.57,994.23,8.71,1.77,25.51,25.51,0.00,0.00,15.28
923688,pac,63.750,225.500,994.19,993.67,7.17,1.60,25.16,29.89,0.00,0.00,11.90
923688,pac,62.250,228.750,994.33,993.56,6.42,1.43,29.89,33.32,0.00,0.00,9.28
923688,pac,58.500,238.000,992.83,992.43,7.44,2.37,33.32,34.00,0.00,0.00,11.47
923688,pac,49.500,204.500,980.95,980.71,9.94,2.26,28.85,32.58,0.00,0.00,3.49
923694,atl,47.500,-42.000,996.71,996.34,14.08,3.28,46.12,51.01,0.00,6039.24,5.19
923694,atl,40.750,3.000,1004.10,1003.61,8.23,2.15,29.35,34.91,0.00,0.00,6.90
923694,atl,32.250,5.500,1001.48,1001.10,7.08,1.81,32.95,34.63,0.00,0.00,9.06
923694,pac,64.250,210.250,996.92,996.25,4.78,0.53,16.42,23.69,0.00,0.00,14.92
923694,pac,63.750,224.750,994.42,993.87,7.86,1.84,21.09,28.09,0.00,0.00,8.52
923694,pac,63.500,218.250,994.34,994.06,6.05,1.27,23.20,23.69,0.00,0.00,8.31
923694,pac,61.500,230.000,995.67,995.13,5.87,1.57,31.84,36.70,0.00,0.00,7.69
923694,pac,58.750,237.250,994.58,994.07,7.60,2.38,36.70,36.70,0.00,0.00,8.49
923694,pac,50.000,210.000,981.24,980.98,8.14,1.73,32.23,32.23,0.00,0.00,3.70
923694,pac,31.750,162.500,1004.24,1003.86,8.34,2.14,45.44,45.44,0.00,0.00,3.52
923700,atl,47.750,-42.000,998.01,997.71,14.12,3.33,39.86,42.25,0.00,0.00,4.34
923700,atl,32.500,8.500,1002.45,1002.30,5.90,1.34,34.55,40.17,0.00,0.00,8.19
923700,pac,64.750,217.500,995.10,994.90,8.52,2.05,29.22,29.22,0.00,0.00,15.12
923700,pac,61.500,200.250,999.03,998.84,4.49,1.08,23.69,30.73,0.00,0.00,5.62
923700,pac,49.750,218.250,980.11,979.63,7.92,1.99,36.86,39.84,0.00,0.00,4.63
923700,pac,49.250,209.750,980.68,980.51,8.51,1.74,33.36,36.41,0.00,0.00,3.86
923700,pac,47.750,224.000,981.90,981.41,9.87,2.41,44.22,44.22,0.00,0.00,5.30
923706,atl,47.500,-40.500,998.89,998.55,12.92,2.93,45.42,45.42,0.00,0.00,4.50
923706,atl,41.750,5.250,1004.37,1003.70,8.14,2.35,41.34,41.34,0.00,0.00,9.25
923706,pac,65.000,217.000,995.52,995.24,8.42,1.98,30.51,30.51,0.00,0.00,14.29
923706,pac,50.250,217.000,978.69,978.28,8.65,2.17,32.13,43.89,0.00,0.00,4.79
923706,pac,49.500,224.250,979.25,978.72,11.02,3.03,45.02,45.02,0.00,0.00,5.76
923712,atl,47.750,-38.750,1000.03,999.68,11.67,2.55,42.92,43.39,0.00,0.00,3.52
923712,pac,65.750,215.750,993.53,993.16,10.63,2.62,31.16,31.16,0.00,0.00,14.81
923712,pac,62.000,220.750,994.98,994.14,5.06,1.99,26.49,31.16,0.00,0.00,12.17
923712,pac,51.000,222.000,977.10,976.39,11.82,3.39,45.56,45.56,0.00,0.00,5.83
923712,pac,50.000,215.250,978.24,977.91,9.32,2.22,34.02,37.21,0.00,0.00,5.43
923718,atl,47.750,-36.750,999.84,999.62,10.64,2.36,40.30,41.03,0.00,0.00,3.27
923718,pac,51.750,218.750,977.14,976.49,11.49,3.18,42.72,42.72,0.00,0.00,5.32
923718,pac,49.000,229.500,984.45,984.29,5.99,1.42,48.76,48.76,0.00,0.00,6.87
923718,pac,48.750,214.250,978.64,978.39,9.18,2.01,41.19,41.19,0.00,0.00,5.16
923724,atl,57.500,-14.500,1003.36,1002.77,12.10,3.78,48.56,48.56,0.00,0.00,7.37
923724,atl,52.000,-18.500,1004.21,1003.93,5.84,1.44,26.63,35.54,0.00,0.00,3.27
923724,atl,47.750,-34.500,999.95,999.71,10.41,2.22,37.77,39.59,0.00,0.00,3.42
923724,pac,51.500,216.250,977.83,977.40,10.51,2.82,39.03,39.03,0.00,0.00,4.59
923724,pac,51.250,226.750,982.49,982.12,5.44,1.40,45.42,45.42,0.00,0.00,7.08
923724,pac,47.000,215.000,978.94,978.78,8.60,1.78,44.27,44.27,0.00,0.00,4.47
923730,atl,57.000,-16.000,1000.02,999.45,12.86,3.63,51.11,51.11,0.00,4510.24,7.22
923730,atl,53.000,-15.500,1002.48,1002.28,6.16,1.30,29.15,46.81,0.00,0.00,6.57
923730,atl,47.750,-31.750,998.78,998.55,10.39,2.12,45.44,45.44,0.00,0.00,3.54
923730,pac,52.000,225.750,982.49,982.07,5.35,1.60,41.73,41.73,0.00,0.00,5.04
923730,pac,50.750,214.750,980.12,979.82,9.26,2.42,40.13,40.13,0.00,0.00,4.28
923730,pac,45.750,217.750,980.86,980.74,7.33,1.37,46.08,46.77,0.00,0.00,4.01
923736,atl,57.000,-15.500,997.22,996.87,14.06,3.62,51.98,51.98,0.00,13609.96,7.36
923736,atl,48.000,-28.000,998.93,998.78,9.53,1.59,44.33,45.04,0.00,0.00,3.98
923736,pac,55.750,231.000,989.43,988.89,4.46,1.14,31.25,34.38,0.00,0.00,9.61
923736,pac,53.250,222.750,984.63,984.44,4.34,1.47,34.38,34.38,0.00,0.00,3.61
923736,pac,49.750,214.250,982.65,982.31,8.18,2.00,41.05,41.05,0.00,0.00,3.93
923736,pac,46.250,220.250,982.46,982.35,6.74,1.21,39.79,42.11,0.00,0.00,3.71
923742,atl,57.250,-16.250,995.57,995.34,14.07,3.43,54.52,54.52,0.00,29315.65,7.50
923742,atl,50.250,-20.000,995.52,994.85,9.55,2.47,37.54,43.25,0.00,0.00,4.61
923742,pac,54.250,219.750,985.92,985.68,5.41,1.70,28.53,28.53,0.00,0.00,3.19
923742,pac,48.750,214.750,984.63,984.31,7.49,1.83,43.28,43.28,0.00,0.00,4.03
923742,pac,46.750,221.750,984.42,984.33,6.64,1.24,35.24,39.66,0.00,0.00,3.44
923748,atl,57.000,-18.000,994.31,994.06,14.10,3.51,58.04,58.04,0.00,53958.78,7.90
923748,atl,50.500,-18.250,993.71,993.15,11.25,2.79,48.24,48.24,0.00,0.00,5.82
923748,pac,65.500,228.500,997.84,997.17,6.40,1.78,26.65,33.29,0.00,0.00,5.73
923748,pac,54.250,216.750,986.90,986.63,5.90,1.84,29.05,29.05,0.00,0.00,2.67
923748,pac,47.500,216.250,986.69,986.31,7.07,1.79,42.70,43.80,0.00,0.00,3.84
923748,pac,47.500,223.500,986.37,986.23,6.90,1.41,34.06,36.79,0.00,0.00,3.14
923754,atl,56.250,-19.500,992.82,992.59,13.48,3.20,53.93,53.93,0.00,41002.11,7.25
923754,atl,53.250,-13.750,992.34,991.85,9.84,2.27,39.61,45.20,0.00,0.00,5.53
923754,pac,54.000,214.750,988.00,987.80,6.40,1.89,25.17,25.17,0.00,0.00,2.64
923754,pac,48.750,224.000,989.25,989.10,6.72,1.32,29.98,33.41,0.00,0.00,3.08
923760,atl,55.500,-19.750,993.61,993.39,11.98,2.49,47.50,52.62,0.00,26264.32,7.00
923760,atl,55.000,-13.250,991.37,990.86,10.83,2.32,32.87,36.86,0.00,0.00,4.90
923760,pac,61.000,224.750,993.40,992.89,5.10,1.80,21.39,25.79,0.00,0.00,10.48
923760,pac,57.250,238.000,997.13,996.66,4.07,1.17,27.41,28.84,0.00,0.00,8.89
923760,pac,54.250,213.250,989.36,989.02,7.14,2.13,24.44,24.44,0.00,0.00,2.72
923760,pac,49.750,221.000,992.54,992.51,4.52,0.56,20.13,35.95,0.00,0.00,3.21
923766,atl,56.000,-13.500,991.70,991.31,10.83,2.17,34.58,46.12,0.00,0.00,4.79
923766,atl,55.000,-19.750,994.51,994.30,10.47,1.80,41.63,48.62,0.00,0.00,6.24
923766,atl,43.250,-56.750,1003.39,1002.89,9.46,1.80,36.55,40.69,0.00,0.00,5.09
923766,pac,62.750,220.500,995.50,995.14,5.18,1.28,14.17,19.72,0.00,0.00,11.73
923766,pac,62.500,224.250,995.82,995.46,5.36,1.33,18.76,21.08,0.00,0.00,11.73
923766,pac,61.250,234.000,998.24,997.58,4.29,0.97,21.08,21.08,0.00,0.00,6.44
923766,pac,54.250,211.500,990.31,989.96,7.58,2.12,25.20,28.90,0.00,0.00,3.04
923766,pac,51.250,221.250,994.47,994.43,4.32,0.60,21.94,32.07,0.00,0.00,3.37
923772,atl,56.750,-16.250,993.57,993.09,11.74,2.31,47.21,49.45,0.00,0.00,5.34
923772,atl,44.750,-56.500,1002.46,1001.96,11.42,2.31,35.36,37.95,0.00,0.00,5.19
923772,pac,62.750,224.500,996.95,996.61,6.03,1.61,18.65,24.56,0.00,0.00,10.37
923772,pac,62.000,234.750,999.59,998.95,5.00,0.84,16.98,29.63,0.00,0.00,8.56
923772,pac,54.250,209.500,991.07,990.75,8.27,2.24,29.66,29.94,0.00,0.00,3.28
923772,pac,38.000,206.250,1004.43,1003.65,7.67,2.30,39.25,39.25,0.00,0.00,3.60
923778,atl,58.750,-4.750,997.00,996.74,9.09,1.60,42.55,45.45,0.00,0.00,4.60
923778,atl,57.500,-12.500,995.45,995.21,9.06,1.85,44.71,45.36,0.00,0.00,5.19
923778,atl,55.500,-19.250,995.28,995.04,11.44,2.22,45.36,47.49,0.00,0.00,5.52
923778,atl,46.000,-57.500,1002.09,1001.64,13.00,2.77,35.11,45.05,0.00,0.00,8.52
923778,pac,63.000,222.750,997.43,997.26,6.61,1.78,23.83,28.84,0.00,0.00,10.12
923778,pac,63.000,233.500,999.62,998.51,6.19,1.13,26.68,29.80,0.00,0.00,6.75
923778,pac,60.750,238.000,999.97,999.58,4.74,1.14,29.80,29.80,0.00,0.00,9.97
923778,pac,53.500,208.000,992.78,992.52,8.58,2.26,30.71,31.65,0.00,0.00,3.35
923778,pac,38.500,211.500,1002.13,1001.06,9.49,2.86,46.23,46.23,0.00,0.00,4.99
923784,atl,59.750,-4.750,996.69,996.44,9.44,1.60,44.16,47.68,0.00,0.00,4.93
923784,atl,58.250,-11.500,996.10,995.90,9.15,2.10,47.68,48.38,0.00,0.00,4.81
923784,atl,53.000,-18.000,996.67,996.58,9.73,1.54,45.65,46.88,0.00,0.00,5.47
923784,atl,46.000,-58.750,1004.81,1004.46,11.55,2.50,32.99,45.53,0.00,0.00,6.35
923784,pac,63.500,227.250,998.22,997.57,7.69,2.16,27.50,27.50,0.00,0.00,12.80
923784,pac,63.250,223.750,998.17,997.56,7.16,1.95,26.65,27.50,0.00,0.00,12.80
923784,pac,61.000,236.500,1000.16,999.83,5.26,1.18,26.30,27.50,0.00,0.00,7.73
923784,pac,52.750,207.000,994.92,994.64,8.89,2.32,33.91,34.32,0.00,0.00,3.35
923784,pac,40.250,216.500,995.95,994.04,14.38,4.33,53.29,53.29,0.00,4755.23,7.60
923790,atl,60.500,-4.000,995.58,995.37,9.86,1.78,46.16,48.46,0.00,0.00,5.26
923790,atl,58.250,-12.000,994.97,994.70,9.66,2.28,43.68,49.27,0.00,0.00,4.80
923790,atl,52.250,-16.000,996.20,996.05,8.78,1.42,39.31,46.56,0.00,0.00,4.54
923790,atl,38.750,-71.000,1002.64,1001.71,10.74,3.43,49.20,49.20,0.00,0.00,7.80
923790,pac,63.750,207.500,1002.06,1001.71,5.35,1.02,16.58,18.21,0.00,0.00,9.28
923790,pac,63.250,222.250,1000.58,1000.40,6.85,1.90,17.85,20.42,0.00,0.00,10.90
923790,pac,60.500,237.000,1002.30,1002.20,5.45,1.46,18.82,19.02,0.00,0.00,6.87
923790,pac,52.500,162.000,995.13,995.03,5.70,1.20,27.30,30.84,0.00,0.00,6.58
923790,pac,52.000,207.250,997.38,997.15,8.32,2.06,34.81,35.05,0.00,0.00,3.27
923790,pac,43.000,220.250,986.20,983.06,22.78,7.39,67.44,67.44,572.02,66768.81,18.00
923796,atl,61.250,-1.250,996.77,996.55,9.02,1.99,42.36,50.50,0.00,1421.30,8.58
923796,atl,58.250,-12.500,994.53,994.19,10.75,2.75,49.05,51.71,0.00,22451.03,4.95
923796,atl,52.000,-14.000,998.16,998.07,6.82,1.05,38.76,47.01,0.00,0.00,4.61
923796,atl,39.250,-70.000,999.25,998.24,14.48,4.43,52.96,52.96,0.00,5338.42,9.95
923796,pac,63.500,226.250,1004.78,1004.20,5.92,1.71,19.30,19.99,0.00,0.00,10.32
923796,pac,63.250,222.500,1004.25,1004.05,5.78,1.66,19.30,19.99,0.00,0.00,10.32
923796,pac,53.250,164.250,997.32,997.22,5.48,1.14,26.73,29.29,0.00,0.00,5.34
923796,pac,51.000,207.500,1000.00,999.79,8.14,2.02,34.97,34.97,0.00,0.00,3.32
923796,pac,45.000,223.000,976.39,973.70,31.60,9.99,70.83,70.83,8868.31,129363.70,15.90
923802,atl,65.000,9.750,1002.43,1002.30,6.61,1.73,34.51,40.30,0.00,0.00,5.62
923802,atl,62.500,0.250,998.09,997.85,8.37,2.25,43.49,47.00,0.00,0.00,5.29
923802,atl,58.000,-13.250,993.59,993.20,12.12,3.27,47.52,50.69,0.00,8680.18,5.59
923802,atl,50.250,-6.750,998.89,998.02,7.12,2.09,39.33,39.33,0.00,0.00,4.58
923802,atl,39.750,-68.500,997.80,996.89,14.82,4.46,56.08,56.08,0.00,8339.33,8.30
923802,pac,54.000,166.000,998.36,998.28,5.56,1.11,28.49,31.53,0.00,0.00,3.04
923802,pac,50.250,208.750,1003.15,1002.95,7.47,1.77,35.69,36.51,0.00,0.00,3.08
923802,pac,46.500,225.250,978.11,975.95,30.85,8.99,62.33,62.33,0.00,152087.17,9.85
923808,atl,63.750,1.750,999.00,998.73,8.19,2.43,39.64,41.76,0.00,0.00,4.26
923808,atl,57.500,-14.000,992.33,991.65,13.77,3.87,49.43,49.43,0.00,0.00,8.00
923808,atl,40.750,-67.500,997.19,996.35,15.96,4.59,49.74,49.74,0.00,0.00,7.65
923808,pac,54.500,167.500,999.76,999.70,5.76,1.19,25.48,29.51,0.00,0.00,2.61
923808,pac,47.750,227.250,981.39,979.98,27.84,7.49,57.15,57.15,0.00,142175.49,9.06
923814,atl,65.000,3.500,999.48,999.09,8.21,2.52,38.36,38.36,0.00,0.00,5.41
923814,atl,63.000,-3.000,999.98,999.74,6.51,1.56,39.60,42.97,0.00,0.00,4.61
923814,atl,56.750,-14.750,990.95,990.24,14.97,4.33,50.87,50.87,0.00,3358.50,8.44
923814,atl,42.000,-67.500,996.90,996.20,15.98,4.44,50.30,50.30,0.00,1121.09,6.91
923814,pac,55.500,169.250,1000.54,1000.48,5.97,1.14,22.48,27.61,0.00,0.00,2.58
923814,pac,49.250,229.000,985.53,984.39,23.46,6.56,52.87,52.87,0.00,993.45,8.13
923820,atl,66.000,5.000,1001.60,1001.09,7.66,2.47,40.70,40.70,0.00,0.00,5.48
923820,atl,63.000,-3.500,1001.50,1001.17,5.85,1.59,36.71,39.73,0.00,0.00,4.57
923820,atl,55.750,-14.750,990.10,989.21,16.56,5.02,53.32,53.32,0.00,12862.11,9.21
923820,atl,42.750,-68.250,1000.54,1000.13,12.35,3.29,42.26,44.24,0.00,0.00,5.83
923820,atl,36.250,-64.750,1004.84,1004.57,4.21,1.24,36.27,36.27,0.00,0.00,2.72
923820,pac,55.750,171.000,1002.07,1001.99,6.06,1.10,25.67,27.76,0.00,0.00,2.65
923820,pac,50.500,229.500,989.91,988.73,19.30,5.64,45.68,45.83,0.00,0.00,7.79
923820,pac,49.000,161.000,1002.53,1002.08,7.57,2.07,33.31,33.31,0.00,0.00,4.06
923826,atl,67.000,7.500,1003.32,1002.71,6.72,2.14,36.45,36.45,0.00,0.00,5.34
923826,atl,62.750,-4.000,1001.76,1001.46,6.32,1.73,39.11,39.52,0.00,0.00,4.33
923826,atl,61.750,1.250,1002.41,1002.31,4.24,0.64,28.65,39.11,0.00,0.00,6.25
923826,atl,54.750,-13.250,990.65,989.41,16.09,5.13,50.58,50.58,0.00,1838.64,9.37
923826,atl,43.000,-68.750,1003.13,1002.66,8.80,2.37,33.39,41.82,0.00,0.00,5.63
923826,atl,36.750,-64.000,1003.01,1002.77,5.79,1.67,39.22,43.97,0.00,0.00,3.49
923826,atl,32.250,-61.250,1003.74,1003.17,4.75,1.20,41.06,41.06,0.00,0.00,3.49
923826,pac,56.500,172.000,1002.46,1002.42,5.31,0.86,24.81,26.41,0.00,0.00,2.49
923826,pac,53.500,234.750,1003.75,1003.52,4.25,1.46,44.10,46.42,0.00,0.00,8.42
923826,pac,51.000,230.000,996.14,994.97,14.97,4.79,44.27,44.27,0.00,0.00,8.42
923826,pac,50.250,164.250,1001.42,1001.07,7.91,2.18,32.01,32.01,0.00,0.00,3.59
923832,atl,67.750,9.250,1004.66,1004.22,6.04,1.88,33.74,33.74,0.00,0.00,4.27
923832,atl,63.000,2.250,1003.01,1002.88,5.57,1.18,35.46,41.80,0.00,0.00,5.48
923832,atl,62.750,-4.750,1003.08,1002.68,6.33,1.77,41.80,41.80,0.00,0.00,4.53
923832,atl,54.500,-12.000,993.35,992.45,14.29,4.61,46.46,46.46,0.00,0.00,6.75
923832,atl,48.750,-34.500,1004.38,1003.95,6.97,2.17,38.89,42.09,0.00,0.00,4.64
923832,atl,48.000,-27.250,1001.63,1001.15,10.68,3.03,47.64,48.10,0.00,0.00,5.54
923832,atl,37.000,-63.000,1000.84,1000.42,7.84,1.97,50.21,50.21,0.00,598.43,4.73
923832,pac,58.750,227.250,1004.75,1004.30,4.69,0.96,24.40,25.43,0.00,0.00,8.04
923832,pac,57.000,171.500,1002.59,1002.56,4.41,0.76,21.31,25.97,0.00,0.00,2.39
923832,pac,55.750,231.250,1004.74,1004.01,4.23,0.94,21.42,43.04,0.00,0.00,8.04
923832,pac,52.000,168.750,1001.94,1001.65,7.40,1.67,36.18,36.18,0.00,0.00,3.78
923832,pac,51.750,230.500,1001.56,1000.28,11.34,3.97,43.04,43.04,0.00,0.00,8.13
923838,atl,64.500,3.000,1003.70,1003.41,6.12,1.71,31.26,40.86,0.00,0.00,4.95
923838,atl,62.750,-5.000,1003.70,1003.27,6.30,2.01,41.87,41.87,0.00,0.00,4.88
923838,atl,56.750,-2.000,1002.35,1002.06,5.08,1.29,24.30,26.36,0.00,0.00,4.13
923838,atl,54.250,-10.000,996.88,996.05,11.10,3.61,46.00,46.00,0.00,0.00,5.62
923838,atl,49.250,-23.750,991.95,990.84,17.11,5.22,57.67,57.67,0.00,38745.81,9.68
923838,atl,48.250,-34.250,1002.88,1002.24,6.50,2.08,33.12,53.70,0.00,1026.63,4.32
923838,atl,38.750,-62.000,998.32,997.90,10.17,2.44,45.56,47.72,0.00,0.00,7.10
923838,pac,53.750,173.250,1001.81,1001.65,7.37,1.49,34.76,36.64,0.00,0.00,3.34
923844,atl,57.750,-2.500,1002.38,1001.99,7.00,1.78,29.51,39.30,0.00,0.00,4.62
923844,atl,54.500,-7.250,1000.66,1000.01,8.81,2.87,46.50,46.50,0.00,0.00,5.14
923844,atl,49.750,-21.000,989.62,988.65,18.82,5.74,64.15,64.15,491.54,73090.60,11.49
923844,atl,48.000,-34.500,1002.20,1001.05,8.31,2.41,46.98,46.98,0.00,0.00,6.75
923844,atl,42.000,-65.250,998.27,997.36,11.64,3.27,49.55,56.47,0.00,15169.99,6.42
923844,pac,55.500,176.250,1001.99,1001.78,7.61,1.56,30.38,32.17,0.00,0.00,3.06
923844,pac,41.000,160.000,994.40,993.71,12.65,3.22,36.25,39.36,0.00,0.00,4.05
923850,atl,58.500,-3.000,1002.56,1002.31,7.63,1.79,28.33,42.68,0.00,0.00,4.49
923850,atl,51.000,-17.250,992.80,992.52,15.61,4.16,56.94,56.94,0.00,35442.20,7.14
923850,atl,48.000,-34.000,999.23,998.12,10.39,3.17,47.16,47.16,0.00,0.00,7.29
923850,atl,42.500,-67.250,998.25,997.43,11.48,3.45,54.68,54.68,0.00,8438.28,5.98
923850,atl,37.500,-57.750,1004.75,1004.51,4.45,1.18,40.25,43.25,0.00,0.00,3.43
923850,pac,57.000,178.000,1002.14,1002.00,7.37,1.45,26.02,28.56,0.00,0.00,3.06
923850,pac,42.250,162.750,993.39,992.95,12.35,3.00,36.03,41.00,0.00,0.00,3.88
923856,atl,59.000,-2.500,1003.91,1003.80,6.83,1.43,27.88,34.57,0.00,0.00,3.52
923856,atl,52.000,-13.000,998.31,997.97,11.80,2.70,44.07,44.27,0.00,0.00,4.57
923856,atl,48.000,-32.750,997.41,996.77,11.42,3.38,46.72,46.72,0.00,0.00,6.43
923856,atl,42.500,-69.250,998.78,997.70,10.27,3.56,46.13,46.13,0.00,0.00,7.53
923856,atl,37.000,-70.750,999.99,999.67,5.03,1.48,40.94,40.94,0.00,0.00,3.38
923856,atl,34.750,-78.750,1000.52,1000.35,4.20,0.89,31.62,32.17,0.00,0.00,4.29
923856,pac,58.000,179.000,1002.85,1002.72,6.90,1.43,24.70,26.26,0.00,0.00,2.86
923856,pac,43.500,164.750,992.27,991.92,12.57,3.13,38.21,38.21,0.00,0.00,4.41
923862,atl,61.500,-2.250,1004.35,1004.29,6.64,1.09,26.29,42.28,0.00,0.00,5.44
923862,atl,52.500,-11.000,1002.40,1002.12,8.11,1.73,38.62,38.62,0.00,0.00,3.52
923862,atl,48.250,-31.250,995.16,994.73,11.05,3.09,41.90,41.90,0.00,0.00,5.17
923862,atl,42.250,-71.500,1002.20,1001.77,5.91,1.62,39.77,39.77,0.00,0.00,5.44
923862,atl,37.750,-68.000,997.40,996.54,7.83,2.39,51.84,51.84,0.00,1226.16,5.48
923862,atl,37.750,-56.250,1004.89,1004.60,4.89,1.28,37.70,37.70,0.00,0.00,3.14
923862,atl,33.500,-76.750,1000.12,999.73,4.51,1.14,34.80,43.36,0.00,0.00,2.64
923862,pac,59.000,179.500,1002.97,1002.84,6.21,1.37,21.83,23.97,0.00,0.00,2.81
923862,pac,44.750,167.000,989.62,989.41,13.19,3.19,35.84,35.84,0.00,0.00,4.53
923868,atl,49.000,-30.500,995.13,994.76,11.54,3.04,41.52,41.52,0.00,0.00,5.24
923868,atl,47.750,-22.500,1000.83,1000.47,6.54,1.75,41.39,41.39,0.00,0.00,4.11
923868,atl,38.750,-67.000,997.56,997.16,9.41,2.55,42.87,42.87,0.00,0.00,4.57
923868,pac,60.000,178.750,1002.48,1002.35,5.57,1.30,19.99,25.35,0.00,0.00,2.71
923868,pac,45.750,169.250,987.80,987.58,13.46,3.18,35.55,35.55,0.00,0.00,4.82
923874,atl,49.750,-20.000,1000.68,1000.20,6.92,1.79,38.09,38.60,0.00,0.00,3.38
923874,atl,49.500,-30.000,994.07,993.77,12.67,3.29,41.37,41.37,0.00,0.00,5.48
923874,atl,39.500,-67.250,997.31,996.54,11.34,2.86,38.41,40.65,0.00,0.00,5.30
923874,atl,31.500,-38.750,998.99,998.50,10.40,2.96,50.09,50.09,0.00,1324.77,4.57
923874,pac,60.500,178.000,1001.83,1001.69,4.86,1.12,20.00,26.51,0.00,0.00,2.79
923874,pac,46.750,171.500,986.30,986.09,12.84,2.94,36.92,37.62,0.00,0.00,4.73
923874,pac,37.750,162.250,1001.83,1001.19,4.52,1.24,32.60,32.60,0.00,0.00,2.59
923880,atl,51.500,-18.250,1000.94,1000.48,7.91,1.97,37.75,38.00,0.00,0.00,3.29
923880,atl,49.500,-28.750,995.97,995.64,11.88,2.99,40.04,40.79,0.00,0.00,4.91
923880,atl,40.500,-68.000,998.39,997.45,11.68,3.47,46.99,46.99,0.00,0.00,6.43
923880,atl,32.500,-36.000,1001.71,1001.21,10.29,2.71,49.53,50.18,0.00,658.89,4.50
923880,atl,31.750,-79.750,1000.73,1000.58,5.02,1.19,30.33,30.33,0.00,0.00,3.39
923880,pac,54.250,160.750,1001.70,1001.38,4.27,1.52,24.86,29.03,0.00,0.00,10.29
923880,pac,47.250,174.000,985.21,985.08,11.88,2.59,39.08,39.81,0.00,0.00,4.60
923886,atl,53.000,-17.000,999.71,999.10,8.58,2.29,35.57,37.73,0.00,0.00,3.99
923886,atl,50.000,-26.750,996.68,996.33,10.63,2.54,37.41,37.79,0.00,0.00,3.72
923886,atl,40.500,-70.000,999.34,998.60,9.77,2.88,46.14,46.14,0.00,0.00,6.19
923886,atl,35.000,-68.500,999.80,999.71,4.58,0.90,28.78,32.86,0.00,0.00,2.21
923886,atl,33.750,-33.500,1000.81,1000.34,10.65,2.73,45.12,45.12,0.00,0.00,3.94
923886,pac,50.000,178.500,983.26,983.08,10.28,1.91,37.65,38.12,0.00,0.00,4.00
923892,atl,54.000,-17.500,999.32,998.69,9.05,2.56,42.81,42.81,0.00,0.00,4.98
923892,atl,50.500,-25.250,1000.01,999.71,8.88,2.14,37.82,37.93,0.00,0.00,3.15
923892,atl,37.000,-68.000,999.38,999.15,6.27,1.20,32.09,33.99,0.00,0.00,2.71
923892,atl,35.000,-30.250,1003.31,1002.79,10.64,2.58,41.58,41.58,0.00,0.00,4.30
923892,pac,51.250,180.500,980.25,980.10,11.38,2.07,36.57,38.07,0.00,0.00,4.26
923898,atl,54.750,-16.750,996.96,996.06,10.94,3.36,45.49,45.49,0.00,0.00,7.55
923898,atl,51.750,-21.750,1001.82,1001.68,6.95,1.59,34.61,40.27,0.00,0.00,7.55
923898,atl,39.000,-67.750,998.47,998.03,10.30,2.09,31.57,42.48,0.00,0.00,5.31
923898,atl,36.500,-27.750,1002.98,1002.64,11.14,2.69,39.95,39.95,0.00,0.00,3.93
923898,atl,32.250,-70.000,1002.43,1002.22,4.12,0.91,32.18,32.22,0.00,0.00,2.42
923898,pac,52.750,182.250,978.21,978.14,13.03,2.09,36.41,46.23,0.00,0.00,5.58
923904,atl,58.000,-9.000,999.81,999.46,7.93,1.61,36.06,47.98,0.00,0.00,6.52
923904,atl,55.250,-15.250,997.10,996.19,11.31,3.72,47.98,47.98,0.00,0.00,7.47
923904,atl,40.250,-69.500,996.09,995.40,13.06,3.56,46.06,46.20,0.00,0.00,6.62
923904,atl,38.000,-24.750,1004.40,1003.93,11.08,2.79,40.04,40.04,0.00,0.00,3.61
923904,atl,34.250,-66.500,1001.61,1000.89,5.17,1.37,43.85,43.85,0.00,0.00,4.07
923904,pac,53.500,182.250,976.65,976.49,14.10,2.40,40.08,47.20,0.00,0.00,5.26
923910,atl,61.000,-4.750,995.40,995.16,11.74,2.46,33.13,39.74,0.00,0.00,4.60
923910,atl,55.750,-12.500,1000.26,999.86,8.34,2.69,39.16,39.16,0.00,0.00,4.54
923910,atl,39.750,-71.500,995.50,994.46,11.82,3.37,39.45,41.77,0.00,0.00,5.21
923910,atl,39.500,-22.250,1001.47,1001.06,12.33,3.39,43.45,43.45,0.00,0.00,4.80
923910,atl,37.250,-64.250,999.64,997.78,7.85,2.20,54.21,54.21,0.00,3083.76,6.14
923910,pac,53.500,181.750,976.05,975.76,14.76,2.68,44.14,46.97,0.00,0.00,4.95
923916,atl,62.250,-2.250,991.47,990.81,15.27,3.99,41.60,57.17,0.00,3633.87,6.86
923916,atl,40.750,-19.750,1002.20,1001.81,12.02,3.35,43.59,43.59,0.00,0.00,4.85
923916,atl,40.250,-64.500,999.44,997.96,10.36,2.54,44.24,44.24,0.00,0.00,5.84
923916,atl,38.750,-71.750,998.52,997.84,8.58,2.36,38.13,38.57,0.00,0.00,3.92
923916,pac,52.500,180.750,977.69,977.51,14.06,2.65,45.84,48.16,0.00,0.00,5.37
923922,atl,64.000,4.250,992.18,991.75,11.95,2.86,53.65,53.65,0.00,1085.40,6.25
923922,atl,42.500,-66.250,998.68,997.93,11.64,3.01,47.92,47.92,0.00,0.00,6.16
923922,atl,42.500,-17.250,1001.65,1001.25,11.05,2.96,41.08,41.08,0.00,0.00,4.01
923922,atl,38.250,-70.250,1000.36,1000.10,6.45,1.80,44.13,44.13,0.00,0.00,3.84
923922,pac,50.500,182.250,980.03,979.76,13.16,2.74,49.60,50.10,0.00,2095.71,5.16
923928,atl,44.000,-15.000,1002.80,1002.45,9.74,2.42,35.23,36.51,0.00,0.00,3.42
923928,atl,38.750,-67.000,1000.69,1000.53,7.03,1.66,44.83,44.83,0.00,0.00,3.15
923928,pac,54.250,193.750,988.85,988.74,6.10,1.33,42.62,46.19,0.00,0.00,6.11
923928,pac,49.250,185.750,983.08,982.78,11.81,2.66,51.63,52.27,0.00,22904.76,4.67
923934,atl,45.500,-13.250,1002.37,1002.02,8.68,2.10,31.31,33.51,0.00,0.00,3.35
923934,atl,40.500,-65.000,1000.12,999.94,7.51,1.73,41.21,41.21,0.00,0.00,3.16
923934,pac,54.750,192.250,988.15,987.93,6.42,1.44,31.46,37.23,0.00,0.00,3.26
923934,pac,49.000,189.500,985.07,984.85,10.48,2.46,46.07,50.20,0.00,539.23,4.40
923940,atl,47.250,-11.500,1002.82,1002.52,8.37,1.97,33.49,34.35,0.00,0.00,4.03
923940,atl,42.250,-64.250,1000.05,999.69,8.53,2.05,32.12,34.88,0.00,0.00,2.97
923940,pac,65.500,214.000,1003.27,1003.06,6.88,1.73,24.14,30.17,0.00,0.00,9.27
923940,pac,63.500,218.250,1004.00,1003.84,5.90,1.74,24.94,30.24,0.00,0.00,9.27
923940,pac,54.500,190.750,987.75,987.56,6.81,1.64,30.21,30.21,0.00,0.00,3.30
923940,pac,49.250,193.250,986.37,986.23,9.59,2.16,41.77,45.20,0.00,0.00,4.18
923946,atl,49.500,-9.750,1000.64,999.93,10.20,2.23,34.01,37.66,0.00,0.00,4.19
923946,atl,43.250,-63.500,1000.05,999.67,8.60,2.16,31.81,34.35,0.00,0.00,4.55
923946,pac,65.500,215.000,1002.84,1002.55,6.09,1.41,27.18,31.64,0.00,0.00,8.66
923946,pac,53.750,190.000,988.40,988.27,6.61,1.59,28.15,28.15,0.00,0.00,2.92
923946,pac,50.000,196.250,987.08,986.95,8.93,1.91,38.80,41.92,0.00,0.00,3.78
923952,atl,52.250,-9.250,996.72,996.25,14.93,3.27,41.10,43.58,0.00,0.00,5.54
923952,atl,43.500,-62.750,1000.82,1000.46,7.43,1.95,29.20,30.66,0.00,0.00,4.03
923952,pac,66.000,215.750,1001.75,1001.32,6.67,1.22,27.23,34.09,0.00,0.00,12.60
923952,pac,66.000,230.750,1004.27,1003.86,7.70,2.07,32.66,35.74,0.00,0.00,8.43
923952,pac,52.750,190.000,989.31,989.17,6.22,1.39,27.89,27.95,0.00,0.00,2.62
923952,pac,51.500,197.750,988.54,988.41,7.36,1.57,30.23,36.01,0.00,0.00,3.14
923958,atl,54.750,-9.000,991.89,991.42,20.01,5.11,50.85,50.85,0.00,5002.38,8.41
923958,atl,43.750,-61.000,1002.09,1001.85,5.59,1.34,27.94,32.64,0.00,0.00,2.21
923958,pac,52.250,199.000,988.74,988.64,7.26,1.61,28.25,28.75,0.00,0.00,3.04
923958,pac,51.750,190.750,989.15,988.99,6.41,1.41,25.59,28.68,0.00,0.00,2.52
923964,atl,56.000,-8.000,992.52,992.03,19.46,5.34,49.78,49.78,0.00,0.00,6.96
923964,atl,46.000,-55.000,1003.00,1002.82,5.54,0.93,30.16,34.50,0.00,0.00,6.59
923964,atl,44.250,-59.000,1002.85,1002.78,4.66,0.89,31.35,31.59,0.00,0.00,2.26
923964,pac,53.000,198.000,989.76,989.68,6.26,1.24,25.68,27.23,0.00,0.00,3.11
923964,pac,50.750,192.250,989.97,989.77,6.15,1.38,27.94,29.30,0.00,0.00,2.40
923970,atl,58.250,-2.250,998.24,997.86,12.94,2.58,38.04,41.64,0.00,0.00,5.40
923970,atl,57.000,-6.000,998.62,998.05,13.43,3.30,41.51,41.64,0.00,0.00,5.40
923970,atl,46.250,-54.000,1001.85,1001.70,6.01,1.19,30.49,33.12,0.00,0.00,6.14
923970,pac,53.000,196.250,989.97,989.88,6.07,1.04,25.39,29.32,0.00,0.00,2.81
923976,atl,60.250,0.000,999.22,998.95,13.47,3.32,45.31,45.31,0.00,0.00,5.24
923976,atl,47.000,-49.000,1000.92,1000.76,7.62,1.60,32.62,33.41,0.00,0.00,4.18
923976,pac,63.250,167.000,1004.57,1004.32,4.02,1.05,26.89,35.36,0.00,0.00,6.10
923976,pac,61.000,170.750,1003.85,1003.41,4.62,1.13,26.89,35.36,0.00,0.00,6.10
923976,pac,52.750,195.500,990.34,990.24,6.21,0.99,20.19,30.40,0.00,0.00,3.74
923976,pac,52.000,238.000,1004.43,1003.88,5.85,1.53,18.12,29.58,0.00,0.00,10.75
923982,atl,60.500,0.250,1000.91,1000.64,12.76,3.44,44.80,44.80,0.00,0.00,5.35
923982,atl,47.500,-48.500,998.21,997.99,9.12,1.99,37.05,37.05,0.00,0.00,4.16
923982,pac,61.000,170.000,1002.56,1002.07,4.69,1.06,29.74,29.74,0.00,0.00,5.58
923982,pac,52.750,195.500,990.18,990.09,6.23,0.97,21.22,27.37,0.00,0.00,3.23
923988,atl,60.500,1.500,1004.27,1004.07,11.33,3.30,40.98,40.98,0.00,0.00,6.15
923988,atl,48.000,-47.500,997.66,997.45,9.93,2.13,38.63,38.63,0.00,0.00,4.36
923988,pac,53.000,195.000,991.26,991.16,6.10,0.99,18.86,26.50,0.00,0.00,2.92
923994,atl,49.750,-42.250,997.79,997.39,9.83,2.11,40.56,40.56,0.00,0.00,4.68
923994,pac,53.000,195.000,992.62,992.54,5.74,0.88,20.99,28.30,0.00,0.00,3.17
924000,atl,50.500,-41.000,997.01,996.57,11.35,2.67,43.93,43.93,0.00,0.00,5.09
924000,pac,58.250,238.500,1003.39,1002.96,6.60,1.58,23.86,24.34,0.00,0.00,9.44
924000,pac,53.500,193.000,993.47,993.17,5.59,0.89,21.15,34.02,0.00,0.00,2.72
924000,pac,53.500,195.250,993.47,993.22,5.89,0.94,29.81,34.27,0.00,0.00,3.99
924006,atl,51.000,-40.750,996.43,996.11,11.35,2.80,40.46,40.46,0.00,0.00,4.82
924006,pac,61.500,239.000,1003.45,1003.17,6.07,1.18,20.76,21.44,0.00,0.00,7.30
924006,pac,54.500,194.250,993.31,993.17,6.19,1.08,28.00,30.87,0.00,0.00,3.39
924012,atl,50.750,-40.750,998.63,998.30,10.19,2.47,37.14,41.20,0.00,0.00,4.60
924012,pac,61.250,240.000,1004.24,1004.04,6.92,1.23,22.87,22.87,0.00,0.00,6.53
924012,pac,54.750,192.500,993.74,993.62,6.66,1.25,23.54,24.61,0.00,0.00,2.68
924018,atl,65.500,-76.000,1002.68,1002.58,8.30,1.73,32.03,39.69,0.00,0.00,6.93
924018,atl,50.500,-40.250,1000.05,999.78,9.18,2.17,32.25,36.48,0.00,0.00,3.85
924018,pac,55.000,190.000,994.21,994.05,7.02,1.30,23.92,25.66,0.00,0.00,2.85
924024,atl,65.750,-74.000,1000.44,1000.35,8.82,1.78,29.94,37.06,0.00,0.00,6.50
924024,atl,50.500,-38.750,1002.62,1002.43,7.41,1.52,32.48,32.48,0.00,0.00,3.24
924024,pac,53.500,162.250,1004.07,1003.75,5.75,1.65,25.95,28.72,0.00,0.00,8.96
924024,pac,52.250,186.500,995.31,995.21,6.95,1.26,28.79,29.78,0.00,0.00,2.58
924030,atl,66.750,-73.000,998.04,997.93,9.55,2.24,29.33,29.33,0.00,0.00,6.64
924030,atl,54.250,-36.000,1003.25,1003.16,7.06,1.29,34.38,35.89,0.00,0.00,3.81
924030,pac,53.250,163.500,1004.97,1004.64,5.80,1.67,27.59,27.59,0.00,0.00,7.58
924030,pac,51.750,187.500,995.02,994.76,8.27,1.72,27.29,28.62,0.00,0.00,2.57
924036,atl,67.250,-73.250,996.84,996.67,10.56,2.64,33.30,33.30,0.00,0.00,7.01
924036,atl,54.000,-36.750,1004.55,1004.49,6.09,1.07,31.05,32.56,0.00,0.00,3.41
924036,atl,54.000,-30.250,1004.24,1004.15,5.96,0.76,23.22,40.27,0.00,0.00,3.94
924036,pac,51.750,188.500,995.89,995.56,9.27,2.15,27.40,27.75,0.00,0.00,2.80
924042,atl,65.500,-70.250,994.86,994.79,10.29,1.74,36.03,37.86,0.00,0.00,7.48
924042,atl,55.500,-25.500,1004.33,1004.27,7.46,1.08,33.67,47.22,0.00,0.00,4.88
924042,atl,54.000,-37.250,1004.88,1004.80,5.58,1.11,26.98,31.62,0.00,0.00,2.76
924042,atl,47.250,-37.000,1004.03,1002.86,8.32,2.51,41.39,41.39,0.00,0.00,4.37
924042,pac,52.250,188.750,996.40,996.02,9.79,2.29,27.04,27.47,0.00,0.00,2.78
