season,t,lat,lon
1979,12.0,59.99999999999999,281.25
1979,0.0,61.0,325.75
1979,90.0,45.25,337.5
1979,60.0,53.0,267.25
1979,30.0,64.25,305.75
1979,78.0,62.0,336.25
1979,102.0,56.74999999999999,358.0
1979,78.0,43.75,290.0
1979,114.0,59.25000000000001,305.0
1979,96.0,64.0,273.0
1979,96.0,51.75000000000001,332.0
1979,78.0,63.0,234.25
1979,108.0,61.25000000000001,348.75
1979,126.0,45.25,284.25
1979,168.0,46.0,267.25
1979,222.0,57.00000000000001,302.99999999999994
1979,252.0,53.0,334.75
1979,210.0,55.5,341.25
1979,252.0,42.25,270.5
1979,282.0,58.75,310.5
1979,282.0,30.5,354.5
1979,252.0,63.0,10.0
1979,270.0,59.00000000000001,291.0
1979,288.0,46.75,279.75
1979,318.0,54.5,332.25
1979,282.0,61.25000000000001,300.25
1979,336.0,40.5,349.5
1979,354.0,57.74999999999999,311.99999999999994
1979,408.0,59.99999999999999,278.5
1979,420.0,60.5,329.5
1979,504.0,56.5,334.5
1979,390.0,67.0,294.0
1979,396.0,67.0,348.5
1979,450.0,56.25,269.5
1979,450.0,48.5,273.75
1979,504.0,62.24999999999999,315.5
1979,498.0,65.75,327.5
1979,546.0,59.99999999999999,328.5
1979,534.0,44.25,272.25
1979,600.0,55.5,323.0
1979,588.0,52.0,290.75
1979,600.0,64.75,344.5
1979,636.0,45.0,267.25
1979,630.0,41.25000000000001,1.75
1979,660.0,65.0,333.0
1979,732.0,60.5,340.0
1979,804.0,63.0,338.99999999999994
1979,750.0,49.5,268.0
1979,810.0,58.00000000000001,305.5
1979,804.0,66.0,345.49999999999994
1979,876.0,57.25,10.0
1979,888.0,60.75,277.75
1979,906.0,52.99999999999999,0.5
1979,966.0,62.75,296.5
1979,924.0,48.25,353.5
1979,984.0,62.50000000000001,357.5
1979,1014.0,60.25000000000001,313.5
1979,960.0,67.0,6.999999999999999
1979,972.0,57.00000000000001,277.0
1979,1014.0,57.500000000000014,7.499999999999999
1979,1032.0,61.75,327.25
1979,1026.0,65.5,305.0
1979,1074.0,64.25,302.25
1979,1134.0,61.50000000000001,334.25
1979,1086.0,63.75000000000001,4.000000000000001
1979,1110.0,53.25,0.5
1979,1086.0,43.75,9.75
1979,1140.0,49.50000000000001,299.5
1979,1176.0,42.0,8.25
1979,1170.0,56.25,307.5
1979,1194.0,60.75,321.5
1979,1290.0,61.50000000000001,326.5
1979,1314.0,65.75,299.0
1979,1290.0,64.5,349.5
1979,1320.0,41.0,323.5
1979,1362.0,65.0,7.0
1979,1326.0,65.5,305.0
1979,1362.0,56.0,315.25
1979,1398.0,53.5,278.5
1979,1410.0,64.0,337.75
1979,1356.0,58.24999999999999,7.999999999999998
1979,1434.0,50.0,298.25
1979,1398.0,61.50000000000001,308.25
1979,1434.0,57.5,313.0
1979,1428.0,47.75,336.25
1979,1434.0,64.25,342.5
1979,1506.0,61.75,303.75
1979,1494.0,65.0,336.75
1979,1560.0,65.0,278.75
1979,1488.0,61.25000000000001,318.75
1979,1560.0,65.25,359.75
1979,1554.0,64.0,323.0
1979,1578.0,43.25,335.5
1979,1584.0,58.75,306.5
1979,1620.0,62.75,272.25
1979,1644.0,60.75,318.25
1979,1668.0,48.5,304.0
1979,1650.0,54.25,330.5
1979,1656.0,64.5,325.5
1979,1632.0,57.5,282.5
1979,1680.0,64.75,301.75
1979,1806.0,54.5,356.99999999999994
1979,1692.0,56.25,7.249999999999999
1979,1710.0,50.75,309.25
1979,1728.0,60.25000000000001,320.0
1979,1710.0,45.25,314.5
1979,1842.0,57.74999999999999,346.5
1979,1824.0,58.00000000000001,279.75
1979,1806.0,60.75,324.24999999999994
1979,1896.0,58.00000000000001,302.5
1979,1968.0,40.0,5.75
1979,2010.0,63.25,331.0
1979,2112.0,48.00000000000001,356.5
1979,2010.0,48.00000000000001,354.5
1979,1986.0,47.5,10.0
1979,2022.0,62.50000000000001,338.5
1979,2088.0,51.25,350.5
1979,2088.0,66.5,330.75
1979,2112.0,46.0,301.0
1979,2106.0,66.0,334.5
1979,2124.0,65.75,6.75
1979,2196.0,54.5,313.25
1979,2214.0,56.25,313.75
1979,2310.0,52.50000000000001,311.25
1979,2256.0,62.24999999999999,305.0
1979,2286.0,61.25000000000001,349.25
1979,2370.0,48.75,280.5
1979,2358.0,62.75,304.5
1979,2364.0,55.75,323.25
1979,2394.0,66.0,271.25
1979,2508.0,63.0,293.5
1979,2394.0,64.25,326.75
1979,2484.0,64.25,333.75
1979,2496.0,37.25,321.0
1979,2538.0,55.75000000000001,281.0
1979,2568.0,37.25000000000001,290.5
1979,2556.0,65.25,321.25
1979,2550.0,40.75,5.249999999999999
1979,2580.0,38.0,347.25
1979,2604.0,62.0,323.25
1979,2700.0,53.5,295.25
1979,2694.0,51.75000000000001,352.25
1979,2736.0,47.75,279.0
1979,2784.0,52.75,328.5
1979,2760.0,44.0,347.25
1979,2754.0,39.25,291.0
1979,2796.0,42.0,274.0
1979,2748.0,44.25,348.75
1979,2796.0,35.25,341.25
1979,2796.0,51.75000000000001,303.75
1979,2868.0,33.25,306.0
1979,2850.0,58.5,315.5
1979,2844.0,46.25,323.25
1979,2928.0,51.25,349.0
1979,2934.0,55.75,314.75
1979,2916.0,56.25,6.25
1979,2946.0,50.25000000000001,320.25
1979,2982.0,48.00000000000001,315.5
1979,3018.0,48.5,322.75
1979,3060.0,66.5,330.25
1979,3066.0,62.24999999999999,315.75
1979,3054.0,49.99999999999999,325.0
1979,3054.0,35.0,301.5
1979,3090.0,49.75,356.75
1979,3108.0,37.5,289.5
1979,3282.0,54.25,317.25
1979,3162.0,58.00000000000001,358.5
1979,3204.0,43.0,304.5
1979,3258.0,66.75,3.2500000000000004
1979,3306.0,60.25000000000001,319.5
1979,3294.0,64.5,3.0000000000000004
1979,3378.0,61.0,302.25
1979,3342.0,52.75,337.75
1979,3384.0,61.75,278.5
1979,3384.0,39.5,230.25000000000003
1979,3390.0,62.50000000000001,317.75
1979,3432.0,35.50000000000001,294.0
1979,3486.0,61.25000000000001,319.5
1979,3540.0,65.5,332.75
1979,3588.0,64.75,343.25
1979,3606.0,57.25,308.0
1979,3624.0,48.5,301.0
1979,3666.0,56.25,303.75
1979,3636.0,65.0,8.25
1979,3708.0,35.25,289.0
1979,3708.0,44.75,307.5
1979,3678.0,64.0,310.75
1979,3828.0,61.75,330.25
1979,3696.0,62.24999999999999,297.0
1979,3702.0,67.0,285.25
1979,3768.0,36.5,7.499999999999999
1979,3786.0,55.24999999999999,343.75
1979,3768.0,66.75,0.0
1979,3864.0,52.0,315.0
1979,3810.0,65.25,298.75
1979,3828.0,44.0,7.75
1979,3906.0,53.0,285.5
1979,3834.0,66.75,285.25
1979,3906.0,62.24999999999999,343.75
1979,3936.0,57.5,302.99999999999994
1979,3990.0,47.0,295.25
1979,3984.0,61.50000000000001,323.5
1979,4074.0,59.25000000000001,277.5
1979,4026.0,33.25,345.49999999999994
1979,4074.0,48.25,351.5
1979,4080.0,49.25,294.25
1979,4104.0,46.5,1.0
1979,4176.0,39.25,300.25
1979,4164.0,41.75,4.500000000000001
1979,4176.0,36.75,292.5
1979,4140.0,67.0,352.75
1979,4218.0,55.0,346.5
1979,4248.0,37.5,293.0
1979,4296.0,62.24999999999999,344.75
1979,4308.0,51.25,349.25
1979,4296.0,57.5,0.9999999999999998
1979,4332.0,35.0,264.0
1979,4362.0,60.75,332.75
1979,4434.0,56.5,316.5
1979,4398.0,62.0,349.75
1979,4434.0,40.25,316.75
1979,4482.0,44.5,282.0
1979,4476.0,41.0,311.25
1979,4470.0,62.75,294.0
1979,4530.0,66.75,281.5
1979,4548.0,61.75,298.75
1979,4542.0,44.75,262.5
1979,4590.0,44.0,271.0
1979,4584.0,66.75,328.0
1979,4632.0,63.25,322.75
1979,4728.0,61.0,330.75
1979,4734.0,46.0,319.25
1979,4674.0,63.75000000000001,330.5
1979,4698.0,65.25,347.5
1979,4722.0,40.25,278.5
1979,4722.0,63.50000000000001,288.75
1979,4722.0,51.75000000000001,236.74999999999994
1979,4818.0,61.75,308.25
1979,4842.0,64.5,312.5
1979,4842.0,56.5,277.75
1979,4920.0,41.75,295.25
1979,4920.0,51.75000000000001,275.0
1979,4938.0,38.5,281.25
1979,4944.0,37.75000000000001,299.0
1979,4986.0,64.75,329.5
1980,24.0,61.50000000000001,320.0
1980,24.0,38.0,293.0
1980,6.0,62.50000000000001,341.5
1980,24.0,53.5,279.0
1980,30.0,46.25,323.0
1980,66.0,65.25,337.5
1980,114.0,55.0,321.25
1980,90.0,63.0,328.75
1980,108.0,59.99999999999999,265.75
1980,186.0,65.0,4.5
1980,192.0,55.0,283.75
1980,246.0,49.75,359.5
1980,192.0,44.00000000000001,8.75
1980,252.0,46.24999999999999,277.5
1980,240.0,58.75,305.25
1980,294.0,38.5,306.5
1980,288.0,59.99999999999999,337.25
1980,336.0,56.74999999999999,298.75
1980,366.0,56.5,308.25
1980,408.0,49.5,271.25
1980,438.0,61.25000000000001,8.5
1980,426.0,45.75,325.5
1980,438.0,58.5,283.5
1980,444.0,39.5,331.5
1980,504.0,56.74999999999999,318.0
1980,534.0,54.5,357.75
1980,594.0,51.0,325.75
1980,600.0,42.50000000000001,284.5
1980,666.0,39.5,281.5
1980,666.0,55.75,309.5
1980,732.0,64.0,323.75
1980,708.0,59.99999999999999,265.5
1980,750.0,65.75,299.25
1980,780.0,42.0,350.0
1980,840.0,60.5,278.0
1980,810.0,64.5,322.0
1980,822.0,48.5,329.5
1980,930.0,47.0,296.25
1980,864.0,44.75,338.0
1980,882.0,47.25,276.75
1980,888.0,59.00000000000001,291.0
1980,930.0,46.0,319.5
1980,948.0,41.25000000000001,4.75
1980,942.0,47.5,272.5
1980,978.0,66.5,3.5
1980,990.0,45.5,345.75
1980,1056.0,51.0,315.25
1980,1044.0,63.75000000000001,358.75
1980,1008.0,48.25,312.75
1980,1038.0,41.75,8.25
1980,1062.0,56.74999999999999,335.25
1980,1134.0,52.0,332.5
1980,1104.0,55.24999999999999,341.25
1980,1152.0,47.25,316.75
1980,1194.0,45.0,305.5
1980,1146.0,55.75,354.0
1980,1170.0,65.5,271.0
1980,1290.0,64.25,285.75
1980,1266.0,40.5,296.0
1980,1254.0,60.75,353.5
1980,1314.0,57.00000000000001,357.25
1980,1302.0,66.5,298.75
1980,1380.0,43.75,305.25
1980,1386.0,58.5,3.500000000000001
1980,1386.0,42.5,10.0
1980,1380.0,38.25,272.75
1980,1434.0,62.0,318.75
1980,1428.0,49.24999999999999,283.25
1980,1422.0,43.75,10.0
1980,1488.0,61.50000000000001,302.5
1980,1512.0,44.5,282.75
1980,1530.0,43.49999999999999,9.749999999999998
1980,1578.0,56.74999999999999,5.249999999999999
1980,1656.0,56.25,323.0
1980,1662.0,64.0,303.75
1980,1746.0,61.25000000000001,334.75
1980,1698.0,62.24999999999999,277.5
1980,1656.0,63.50000000000001,0.7500000000000001
1980,1680.0,59.5,328.5
1980,1692.0,63.75000000000001,287.5
1980,1824.0,61.0,319.0
1980,1764.0,57.74999999999999,320.0
1980,1806.0,58.25,301.0
1980,1800.0,57.5,1.9999999999999996
1980,1890.0,57.25,315.5
1980,1938.0,55.5,313.25
1980,1896.0,59.5,325.25
1980,1974.0,58.00000000000001,301.0
1980,1968.0,63.75000000000001,346.0
1980,2028.0,57.74999999999999,311.99999999999994
1980,2034.0,58.25,315.5
1980,2088.0,64.0,306.75
1980,2184.0,64.25,337.5
1980,2244.0,45.0,286.25
1980,2184.0,46.25,299.75
1980,2238.0,42.5,302.5
1980,2220.0,62.50000000000001,279.5
1980,2226.0,59.00000000000001,320.5
1980,2286.0,53.75,298.25
1980,2334.0,59.25000000000001,304.0
1980,2412.0,61.25000000000001,292.5
1980,2454.0,45.5,296.25
1980,2478.0,59.00000000000001,297.5
1980,2526.0,48.25,297.75
1980,2508.0,42.00000000000001,7.000000000000001
1980,2586.0,57.25,349.0
1980,2574.0,62.24999999999999,325.0
1980,2640.0,61.0,351.5
1980,2604.0,66.5,331.5
1980,2604.0,66.25,276.0
1980,2652.0,55.49999999999999,305.75
1980,2658.0,57.74999999999999,319.5
1980,2766.0,51.25,310.25
1980,2676.0,43.25,8.0
1980,2682.0,66.0,333.5
1980,2706.0,58.25,318.0
1980,2760.0,64.5,348.75
1980,2790.0,59.5,282.0
1980,2820.0,47.5,275.0
1980,2772.0,65.5,229.75
1980,2838.0,67.0,335.0
1980,2856.0,65.75,345.75
1980,2862.0,43.74999999999999,334.75
1980,2898.0,60.75,303.25
1980,2892.0,62.50000000000001,352.75
1980,2934.0,59.5,320.5
1980,2958.0,59.25000000000001,322.75
1980,2970.0,46.5,274.5
1980,2964.0,37.5,310.25
1980,2970.0,63.50000000000001,297.0
1980,3000.0,49.25,290.25
1980,3042.0,61.0,299.5
1980,3114.0,60.5,346.25
1980,3120.0,45.5,273.5
1980,3144.0,67.0,340.5
1980,3186.0,59.5,308.25
1980,3240.0,63.50000000000001,296.5
1980,3252.0,37.5,1.2499999999999998
1980,3216.0,65.25,333.0
1980,3288.0,31.749999999999996,342.75
1980,3270.0,63.0,322.25
1980,3282.0,66.25,304.0
1980,3288.0,57.5,237.25
1980,3324.0,56.0,330.25
1980,3420.0,64.25,333.24999999999994
1980,3420.0,59.75,291.5
1980,3438.0,41.25000000000001,318.0
1980,3468.0,32.0,291.5
1980,3546.0,38.75,296.25
1980,3450.0,56.25,348.5
1980,3450.0,62.0,218.25
1980,3504.0,64.0,329.5
1980,3522.0,33.0,317.5
1980,3552.0,41.0,290.5
1980,3576.0,56.74999999999999,335.75
1980,3618.0,46.0,280.0
1980,3618.0,51.5,344.25
1980,3636.0,51.25,268.5
1980,3708.0,38.5,303.75
1980,3672.0,43.5,315.0
1980,3708.0,49.00000000000001,332.75
1980,3756.0,61.25000000000001,345.75
1980,3858.0,46.0,324.0
1980,3762.0,45.0,322.5
1980,3822.0,61.25000000000001,2.2500000000000004
1980,3858.0,61.50000000000001,339.75
1980,3912.0,51.0,281.25
1980,3912.0,63.50000000000001,297.0
1980,3870.0,63.75000000000001,330.0
1980,3918.0,45.0,317.5
1980,3948.0,44.75,319.5
1980,4002.0,44.75,295.0
1980,3954.0,66.0,350.75
1980,3978.0,30.750000000000004,355.0
1980,4044.0,61.25000000000001,358.75
1980,4014.0,57.00000000000001,287.0
1980,4074.0,38.99999999999999,296.0
1980,4026.0,43.75,295.5
1980,4038.0,44.0,309.75
1980,4134.0,63.0,357.5
1980,4146.0,39.25,309.25
1980,4146.0,31.250000000000004,270.0
1980,4140.0,50.5,332.75
1980,4158.0,32.75,282.75
1980,4176.0,56.74999999999999,4.5
1980,4218.0,57.00000000000001,333.5
1980,4248.0,44.75,337.5
1980,4266.0,62.75,279.5
1980,4248.0,45.0,324.75
1980,4368.0,40.5,6.750000000000001
1980,4410.0,63.0,321.25
1980,4302.0,61.0,322.25
1980,4338.0,46.25,317.25
1980,4332.0,61.75,312.5
1980,4302.0,65.75,340.75
1980,4326.0,41.5,322.0
1980,4434.0,60.25000000000001,300.75
1980,4338.0,67.0,294.75
1980,4356.0,53.0,339.75
1980,4500.0,63.75000000000001,322.25
1980,4410.0,43.75,293.0
1980,4398.0,64.25,233.75
1980,4452.0,44.5,269.0
1980,4458.0,54.5,224.49999999999997
1980,4536.0,56.0,312.0
1980,4644.0,54.75000000000001,313.5
1980,4608.0,49.5,347.25
1980,4680.0,55.24999999999999,316.75
1980,4584.0,61.75,321.5
1980,4680.0,57.74999999999999,282.5
1980,4734.0,60.25000000000001,303.0
1980,4698.0,64.0,310.25
1980,4818.0,40.0,304.5
1980,4752.0,39.75000000000001,7.75
1980,4848.0,46.5,319.5
1980,4878.0,32.75,6.5
1980,4842.0,49.5,324.5
1980,4878.0,48.25,262.75
1980,4890.0,46.74999999999999,302.25
1980,4866.0,31.0,355.0
1980,4908.0,45.0,273.0
1980,4956.0,49.5,356.75
1980,4950.0,40.50000000000001,290.5
1980,4950.0,44.25,299.25
1980,4986.0,59.00000000000001,303.0
1980,4980.0,47.5,9.749999999999998
1981,54.0,53.25000000000001,354.5
1981,12.0,45.0,273.25
1981,24.0,66.25,358.0
1981,102.0,54.0,288.5
1981,78.0,43.0,262.25
1981,72.0,44.75,342.25
1981,144.0,46.5,282.5
1981,132.0,67.0,10.0
1981,168.0,58.5,8.5
1981,138.0,49.75,322.5
1981,204.0,55.0,353.0
1981,186.0,45.5,297.75
1981,240.0,50.0,323.25
1981,300.0,66.0,7.250000000000001
1981,366.0,67.0,302.75
1981,318.0,51.75000000000001,334.0
1981,336.0,49.50000000000001,354.0
1981,390.0,57.00000000000001,275.0
1981,360.0,60.75,349.25
1981,390.0,47.25,350.5
1981,378.0,64.0,7.75
1981,444.0,64.5,325.75
1981,426.0,48.5,278.75
1981,414.0,45.75,305.75
1981,438.0,63.0,276.5
1981,474.0,66.25,281.75
1981,462.0,64.0,2.25
1981,462.0,53.5,5.000000000000001
1981,534.0,64.5,324.5
1981,576.0,53.0,267.0
1981,576.0,61.50000000000001,267.5
1981,588.0,57.74999999999999,312.5
1981,546.0,66.75,352.5
1981,690.0,58.25,312.5
1981,600.0,62.0,276.0
1981,780.0,63.0,279.75
1981,726.0,59.25000000000001,334.5
1981,768.0,59.5,1.75
1981,792.0,56.5,336.75
1981,840.0,38.0,332.25
1981,804.0,57.00000000000001,302.0
1981,906.0,49.00000000000001,297.5
1981,906.0,64.25,326.0
1981,912.0,53.24999999999999,267.5
1981,918.0,54.25,306.5
1981,924.0,62.0,316.0
1981,1020.0,67.0,340.0
1981,1038.0,65.0,287.0
1981,1206.0,57.74999999999999,348.5
1981,1086.0,58.00000000000001,304.0
1981,1068.0,63.25,262.5
1981,1044.0,63.0,320.25
1981,1104.0,65.75,304.5
1981,1188.0,45.75,298.25
1981,1122.0,64.25,347.99999999999994
1981,1206.0,41.75,274.75
1981,1296.0,60.5,1.75
1981,1242.0,47.25,291.25
1981,1350.0,62.24999999999999,338.0
1981,1344.0,36.75000000000001,298.5
1981,1392.0,49.5,283.0
1981,1386.0,62.0,3.25
1981,1416.0,54.0,305.5
1981,1524.0,64.5,285.0
1981,1452.0,57.00000000000001,311.0
1981,1446.0,66.5,278.0
1981,1428.0,39.75000000000001,307.25
1981,1524.0,55.75,289.0
1981,1500.0,35.75,321.0
1981,1572.0,64.5,9.250000000000002
1981,1524.0,37.5,290.0
1981,1578.0,36.25,291.0
1981,1740.0,46.75,320.25
1981,1602.0,55.75,7.750000000000002
1981,1662.0,57.5,4.5
1981,1638.0,51.50000000000001,356.75
1981,1704.0,49.00000000000001,353.0
1981,1686.0,60.25000000000001,2.75
1981,1740.0,46.75,351.0
1981,1710.0,67.0,10.0
1981,1746.0,59.00000000000001,1.0
1981,1728.0,53.0,315.0
1981,1782.0,56.25,349.0
1981,1764.0,52.25,349.5
1981,1824.0,53.25,342.0
1981,1830.0,39.75000000000001,287.0
1981,1812.0,49.75,350.0
1981,1860.0,60.75,329.0
1981,1872.0,62.24999999999999,4.999999999999999
1981,1962.0,66.5,291.5
1981,1914.0,55.5,343.75
1981,1908.0,44.25,292.75
1981,1914.0,46.75,305.0
1981,2016.0,49.75,274.25
1981,2076.0,61.25000000000001,320.0
1981,1932.0,67.0,324.0
1981,1980.0,63.0,349.25
1981,2004.0,55.5,338.99999999999994
1981,1980.0,63.75000000000001,307.0
1981,2016.0,47.5,355.0
1981,2028.0,57.5,313.5
1981,2088.0,59.75,327.0
1981,2028.0,41.75,9.75
1981,2064.0,67.0,262.75
1981,2142.0,56.74999999999999,280.25
1981,2118.0,50.25000000000001,343.0
1981,2166.0,40.25,347.5
1981,2214.0,45.0,319.0
1981,2220.0,51.5,328.0
1981,2256.0,44.25,298.25
1981,2262.0,49.25000000000001,270.75
1981,2256.0,56.0,1.2499999999999998
1981,2280.0,46.5,235.5
1981,2274.0,53.5,350.0
1981,2280.0,34.75,308.75
1981,2280.0,55.24999999999999,344.25
1981,2316.0,50.75,288.75
1981,2448.0,48.24999999999999,278.5
1981,2370.0,41.0,321.5
1981,2436.0,44.99999999999999,302.0
1981,2418.0,49.00000000000001,321.25
1981,2520.0,65.5,338.75
1981,2514.0,44.0,318.75
1981,2550.0,39.75000000000001,292.5
1981,2544.0,35.75,286.75
1981,2568.0,63.50000000000001,277.25
1981,2610.0,59.00000000000001,328.5
1981,2646.0,55.0,303.25
1981,2628.0,64.0,345.49999999999994
1981,2664.0,59.75,322.75
1981,2694.0,55.0,312.0
1981,2676.0,54.0,346.0
1981,2724.0,52.0,321.0
1981,2754.0,47.0,274.0
1981,2790.0,34.25,323.75
1981,2772.0,46.0,294.0
1981,2844.0,36.75,299.0
1981,2910.0,63.25,298.25
1981,2850.0,66.75,323.75
1981,2850.0,41.75,10.0
1981,2868.0,62.24999999999999,1.5
1981,2928.0,62.50000000000001,333.0
1981,2898.0,61.75,358.25
1981,2952.0,61.0,325.0
1981,2994.0,47.75,324.25
1981,2970.0,52.75,326.25
1981,2970.0,66.5,352.75
1981,3036.0,61.25000000000001,327.75
1981,3084.0,60.25000000000001,343.5
1981,3162.0,64.0,315.75
1981,3126.0,59.99999999999999,329.25
1981,3096.0,67.0,322.5
1981,3150.0,67.0,294.0
1981,3138.0,66.75,283.25
1981,3174.0,61.25000000000001,326.25
1981,3210.0,50.75,325.25
1981,3204.0,62.50000000000001,342.0
1981,3228.0,66.5,278.75
1981,3270.0,48.00000000000001,334.75
1981,3282.0,47.5,307.75
1981,3372.0,54.75000000000001,322.0
1981,3348.0,38.5,8.25
1981,3432.0,39.0,294.0
1981,3402.0,37.75,217.75
1981,3468.0,38.0,294.25
1981,3468.0,64.25,325.0
1981,3546.0,62.24999999999999,338.0
1981,3564.0,52.0,302.25
1981,3576.0,56.0,320.75
1981,3582.0,63.50000000000001,0.7500000000000001
1981,3606.0,62.50000000000001,356.75
1981,3606.0,59.99999999999999,313.0
1981,3672.0,57.25,351.5
1981,3660.0,52.50000000000001,283.5
1981,3708.0,57.00000000000001,314.0
1981,3846.0,63.25,324.0
1981,3756.0,64.0,285.0
1981,3744.0,65.25,337.5
1981,3792.0,42.00000000000001,290.5
1981,3888.0,63.25,340.25
1981,3882.0,51.25,343.25
1981,3948.0,58.25,279.5
1981,3942.0,60.5,329.0
1981,3990.0,52.0,301.25
1981,4002.0,42.5,272.0
1981,3996.0,59.99999999999999,0.0
1981,4002.0,53.25,307.5
1981,4104.0,59.75,326.25
1981,4068.0,55.5,318.25
1981,4110.0,38.0,306.0
1981,4086.0,39.25,270.0
1981,4152.0,64.0,271.75
1981,4110.0,61.0,319.75
1981,4170.0,64.5,328.25
1981,4152.0,56.0,262.0
1981,4188.0,51.75000000000001,318.75
1981,4212.0,53.75000000000001,285.25
1981,4212.0,65.25,332.0
1981,4242.0,66.5,310.0
1981,4284.0,60.25000000000001,297.75
1981,4272.0,34.75,341.75
1981,4386.0,58.25,286.0
1981,4296.0,61.75,269.0
1981,4326.0,62.0,319.5
1981,4320.0,39.75000000000001,6.75
1981,4422.0,65.5,3.25
1981,4440.0,47.25,276.0
1981,4416.0,62.50000000000001,298.75
1981,4398.0,64.75,316.25
1981,4428.0,44.25,337.75
1981,4446.0,35.75,312.75
1981,4512.0,41.50000000000001,290.5
1981,4446.0,43.25,289.25
1981,4506.0,31.750000000000004,9.0
1981,4500.0,50.5,336.75
1981,4536.0,58.24999999999999,7.999999999999998
1981,4596.0,44.5,303.75
1981,4662.0,37.0,4.5
1981,4692.0,48.75,291.75
1981,4656.0,66.5,297.0
1981,4644.0,42.5,300.0
1981,4644.0,64.25,321.25
1981,4650.0,31.749999999999996,355.0
1981,4686.0,34.50000000000001,6.500000000000001
1981,4752.0,58.00000000000001,321.5
1981,4746.0,31.250000000000004,355.0
1981,4800.0,53.0,283.0
1981,4866.0,65.0,330.5
1981,4884.0,31.5,355.0
1981,4896.0,55.0,308.0
1981,4938.0,66.75,325.5
1981,4890.0,62.24999999999999,276.25
1981,4962.0,56.74999999999999,283.0
1981,4974.0,66.0,328.0
1981,4950.0,61.25000000000001,272.75
1981,4986.0,31.250000000000004,355.75
1982,78.0,61.25000000000001,288.5
1982,120.0,55.75,312.5
1982,48.0,51.75000000000001,336.25
1982,144.0,47.5,264.75
1982,174.0,54.25,9.250000000000002
1982,174.0,64.25,312.5
1982,180.0,51.75000000000001,319.5
1982,228.0,44.0,265.75
1982,276.0,54.0,343.25
1982,342.0,46.25,325.5
1982,300.0,56.0,358.0
1982,282.0,64.5,265.0
1982,360.0,51.5,286.75
1982,348.0,46.5,301.5
1982,372.0,54.75000000000001,339.75
1982,408.0,55.24999999999999,310.25
1982,420.0,66.0,279.25
1982,546.0,61.0,319.5
1982,438.0,62.75,344.25
1982,456.0,65.75,301.25
1982,528.0,38.75,5.5
1982,510.0,63.75000000000001,346.75
1982,558.0,61.25000000000001,344.75
1982,522.0,58.5,4.5
1982,558.0,49.50000000000001,327.0
1982,570.0,32.0,282.75
1982,588.0,65.25,302.5
1982,600.0,50.99999999999999,338.75
1982,606.0,64.0,270.5
1982,618.0,40.5,302.5
1982,630.0,60.25000000000001,325.25
1982,696.0,67.0,354.75
1982,660.0,64.25,333.75
1982,720.0,61.75,268.25
1982,732.0,62.50000000000001,321.75
1982,750.0,66.75,345.25
1982,798.0,58.5,320.0
1982,822.0,63.50000000000001,327.5
1982,858.0,63.75000000000001,329.0
1982,894.0,56.0,284.5
1982,888.0,45.25,343.5
1982,906.0,66.25,312.5
1982,888.0,62.50000000000001,356.0
1982,900.0,59.25000000000001,299.5
1982,960.0,58.25,341.0
1982,930.0,61.0,354.75
1982,960.0,61.25000000000001,268.0
1982,1062.0,66.75,354.0
1982,1026.0,48.25,277.25
1982,1014.0,66.0,330.75
1982,1032.0,66.25,299.25
1982,1104.0,67.0,340.0
1982,1080.0,59.99999999999999,240.0
1982,1152.0,59.00000000000001,331.5
1982,1248.0,58.00000000000001,277.5
1982,1260.0,56.74999999999999,348.25
1982,1236.0,54.75000000000001,341.25
1982,1260.0,33.0,298.0
1982,1248.0,63.25,358.75
1982,1266.0,49.75,343.25
1982,1326.0,57.5,302.0
1982,1314.0,56.25,346.5
1982,1344.0,60.25000000000001,278.0
1982,1332.0,58.75,358.5
1982,1386.0,38.0,9.249999999999998
1982,1368.0,63.0,315.0
1982,1386.0,64.0,286.75
1982,1410.0,62.50000000000001,327.25
1982,1464.0,53.25,324.5
1982,1452.0,61.75,318.75
1982,1542.0,57.25,277.5
1982,1506.0,62.24999999999999,321.25
1982,1524.0,63.0,342.0
1982,1548.0,34.75,323.0
1982,1572.0,62.75,301.0
1982,1626.0,57.00000000000001,283.0
1982,1578.0,60.75,308.25
1982,1650.0,59.00000000000001,321.75
1982,1674.0,58.00000000000001,322.5
1982,1680.0,57.5,337.0
1982,1704.0,58.75,280.75
1982,1680.0,53.25,1.75
1982,1698.0,51.25,314.25
1982,1686.0,64.0,310.25
1982,1704.0,63.25,305.5
1982,1776.0,64.25,282.5
1982,1764.0,61.50000000000001,308.25
1982,1770.0,62.24999999999999,320.0
1982,1896.0,59.00000000000001,333.0
1982,1884.0,47.5,264.75
1982,1860.0,65.5,358.75
1982,1884.0,35.0,291.5
1982,1884.0,55.24999999999999,267.25
1982,1860.0,47.25,4.25
1982,1938.0,39.0,293.0
1982,2124.0,63.25,321.0
1982,2016.0,65.25,335.0
1982,2034.0,53.0,330.25
1982,2052.0,60.75,306.0
1982,2034.0,64.25,322.0
1982,2052.0,66.0,347.25
1982,2172.0,60.75,324.24999999999994
1982,2130.0,66.75,283.25
1982,2250.0,67.0,294.75
1982,2226.0,66.75,284.75
1982,2226.0,66.5,331.25
1982,2280.0,65.5,338.99999999999994
1982,2274.0,63.50000000000001,356.99999999999994
1982,2340.0,62.50000000000001,297.0
1982,2316.0,62.0,339.0
1982,2298.0,61.50000000000001,263.75
1982,2274.0,59.5,333.75
1982,2304.0,67.0,294.75
1982,2394.0,48.25,298.0
1982,2394.0,62.75,333.75
1982,2358.0,63.25,327.75
1982,2454.0,63.0,275.5
1982,2436.0,64.0,338.99999999999994
1982,2412.0,65.0,337.5
1982,2460.0,46.5,278.25
1982,2514.0,47.5,299.5
1982,2514.0,66.5,336.0
1982,2538.0,62.50000000000001,359.5
1982,2598.0,45.49999999999999,293.25
1982,2610.0,60.5,359.0
1982,2652.0,66.5,313.5
1982,2670.0,64.5,328.75
1982,2676.0,53.0,312.5
1982,2688.0,30.5,270.75
1982,2730.0,56.74999999999999,326.25
1982,2736.0,63.25,322.5
1982,2766.0,64.25,341.0
1982,2802.0,64.0,284.0
1982,2826.0,50.25000000000001,301.5
1982,2886.0,58.00000000000001,311.0
1982,2904.0,66.75,7.250000000000001
1982,2880.0,34.74999999999999,288.5
1982,2880.0,61.0,343.75
1982,2892.0,60.75,1.0
1982,2970.0,62.24999999999999,275.0
1982,2910.0,57.5,350.5
1982,2964.0,57.25000000000001,3.0000000000000004
1982,2952.0,33.0,262.75
1982,2988.0,63.50000000000001,297.5
1982,3030.0,64.0,333.75
1982,3018.0,46.0,288.0
1982,3078.0,46.5,301.5
1982,3078.0,41.5,309.75
1982,3078.0,44.0,9.5
1982,3114.0,40.25,287.5
1982,3114.0,30.5,354.0
1982,3156.0,45.25,303.5
1982,3270.0,51.0,312.5
1982,3168.0,33.75,4.999999999999999
1982,3240.0,40.25,3.0000000000000004
1982,3288.0,39.0,7.250000000000001
1982,3324.0,54.25,314.0
1982,3330.0,42.25,309.75
1982,3348.0,58.25,275.5
1982,3294.0,42.74999999999999,330.25
1982,3570.0,63.75000000000001,326.0
1982,3444.0,38.5,308.0
1982,3420.0,47.5,327.0
1982,3474.0,64.5,318.75
1982,3588.0,58.00000000000001,349.5
1982,3564.0,39.5,295.5
1982,3552.0,63.75000000000001,272.5
1982,3630.0,29.999999999999996,275.75
1982,3642.0,62.50000000000001,319.5
1982,3660.0,37.5,290.75
1982,3660.0,66.5,297.5
1982,3744.0,62.0,313.25
1982,3756.0,65.0,0.0
1982,3792.0,65.0,335.5
1982,3768.0,37.75,317.5
1982,3798.0,44.50000000000001,313.5
1982,3834.0,44.99999999999999,276.0
1982,3828.0,63.50000000000001,287.5
1982,3828.0,61.0,9.0
1982,3864.0,65.25,265.0
1982,3888.0,37.25,288.25
1982,4020.0,40.75,305.5
1982,3900.0,61.75,329.0
1982,3942.0,57.5,348.5
1982,4140.0,58.749999999999986,324.0
1982,3996.0,30.25,273.0
1982,3996.0,65.75,334.0
1982,3996.0,66.0,300.75
1982,4032.0,66.75,340.75
1982,4080.0,66.75,339.5
1982,4122.0,40.25,283.75
1982,4176.0,64.0,9.499999999999998
1982,4146.0,57.74999999999999,338.0
1982,4212.0,34.25,287.5
1982,4212.0,62.50000000000001,307.25
1982,4194.0,42.00000000000001,1.7500000000000002
1982,4284.0,43.5,278.25
1982,4230.0,61.25000000000001,329.0
1982,4224.0,36.0,294.75
1982,4260.0,66.0,10.0
1982,4254.0,51.25,356.0
1982,4284.0,57.00000000000001,7.999999999999998
1982,4296.0,41.5,7.499999999999999
1982,4272.0,35.25,313.0
1982,4386.0,60.25000000000001,305.0
1982,4362.0,47.75000000000001,262.5
1982,4380.0,37.5,289.0
1982,4416.0,40.25,270.25
1982,4458.0,62.0,9.0
1982,4380.0,30.5,354.25
1982,4416.0,64.0,328.25
1982,4440.0,44.99999999999999,9.0
1982,4536.0,62.75,351.75
1982,4524.0,38.25,313.0
1982,4482.0,65.75,239.5
1982,4500.0,57.25,351.0
1982,4596.0,50.25000000000001,353.75
1982,4626.0,60.25000000000001,322.75
1982,4620.0,42.0,289.75
1982,4662.0,42.0,263.25
1982,4836.0,61.0,356.25
1982,4698.0,45.0,269.25
1982,4704.0,63.50000000000001,323.75
1982,4728.0,66.0,348.25
1982,4722.0,58.25,282.5
1982,4758.0,30.750000000000004,355.0
1982,4746.0,37.75,287.0
1982,4812.0,37.5,302.25
1982,4908.0,34.25,269.25
1982,4806.0,46.5,348.5
1982,4812.0,38.24999999999999,287.75
1982,4818.0,33.5,8.25
1982,4848.0,50.0,343.75
1982,4854.0,55.75,359.0
1982,4932.0,37.75,283.0
1982,5028.0,56.0,5.25
1983,12.0,46.0,325.75
1983,78.0,60.5,307.25
1983,168.0,57.75000000000001,307.5
1983,114.0,61.75,319.5
1983,120.0,58.75,268.0
1983,90.0,58.5,355.0
1983,144.0,59.75,213.75
1983,198.0,60.25000000000001,328.5
1983,216.0,61.0,355.0
1983,270.0,59.00000000000001,338.5
1983,312.0,66.25,304.0
1983,324.0,52.50000000000001,280.5
1983,336.0,55.75,339.0
1983,294.0,61.25000000000001,352.75
1983,426.0,56.75,282.0
1983,384.0,66.25,5.25
1983,378.0,57.5,321.5
1983,480.0,67.0,336.5
1983,528.0,66.75,353.5
1983,510.0,37.5,307.0
1983,594.0,43.75,300.25
1983,588.0,65.0,358.75
1983,636.0,51.24999999999999,310.5
1983,672.0,51.25,288.75
1983,636.0,64.75,6.750000000000001
1983,696.0,63.50000000000001,338.5
1983,666.0,65.0,232.00000000000003
1983,702.0,55.5,308.75
1983,774.0,60.75,296.0
1983,744.0,64.75,322.0
1983,840.0,43.5,314.25
1983,810.0,65.5,335.0
1983,828.0,66.25,347.99999999999994
1983,882.0,62.75,280.0
1983,894.0,67.0,350.75
1983,912.0,53.24999999999999,264.75
1983,888.0,45.0,295.75
1983,924.0,51.25,347.99999999999994
1983,996.0,43.74999999999999,290.25
1983,942.0,44.0,343.0
1983,936.0,55.5,304.0
1983,966.0,39.5,330.0
1983,990.0,48.5,322.25
1983,1056.0,61.25000000000001,300.5
1983,1008.0,45.75,330.0
1983,990.0,57.25,326.5
1983,1026.0,46.25,337.5
1983,1056.0,53.25,262.25
1983,1062.0,43.0,263.25
1983,1164.0,66.25,329.0
1983,1104.0,41.49999999999999,278.5
1983,1128.0,36.75,323.5
1983,1140.0,47.75,287.75
1983,1158.0,40.75,6.999999999999999
1983,1200.0,55.5,302.5
1983,1242.0,50.25000000000001,276.0
1983,1278.0,45.0,329.75
1983,1266.0,43.25,302.25
1983,1302.0,49.5,270.75
1983,1308.0,66.75,8.5
1983,1290.0,49.5,325.0
1983,1344.0,44.75,292.0
1983,1392.0,39.25,269.0
1983,1374.0,53.0,4.000000000000001
1983,1410.0,53.5,312.0
1983,1416.0,63.0,4.75
1983,1404.0,42.25,266.5
1983,1422.0,57.00000000000001,316.5
1983,1446.0,61.25000000000001,322.0
1983,1512.0,65.25,326.25
1983,1488.0,62.50000000000001,276.25
1983,1554.0,57.74999999999999,280.5
1983,1512.0,46.75,323.25
1983,1506.0,60.5,299.5
1983,1530.0,33.5,269.5
1983,1536.0,61.50000000000001,275.5
1983,1560.0,44.75,315.0
1983,1554.0,39.5,286.25
1983,1560.0,63.50000000000001,4.25
1983,1656.0,57.74999999999999,298.0
1983,1626.0,66.25,4.5
1983,1638.0,62.50000000000001,354.25
1983,1668.0,51.25,357.5
1983,1776.0,62.24999999999999,338.5
1983,1716.0,38.24999999999999,234.75
1983,1848.0,56.5,309.0
1983,1800.0,66.5,280.0
1983,1938.0,50.0,340.5
1983,1878.0,48.00000000000001,349.25
1983,1926.0,54.25,305.75
1983,1986.0,46.75,319.25
1983,1920.0,48.5,345.5
1983,1956.0,41.75,4.75
1983,1980.0,53.5,348.75
1983,1980.0,67.0,322.75
1983,2070.0,58.00000000000001,314.0
1983,2040.0,57.00000000000001,352.0
1983,2076.0,64.5,307.5
1983,2112.0,64.0,308.0
1983,2136.0,44.0,282.75
1983,2184.0,60.75,289.0
1983,2184.0,64.25,326.25
1983,2238.0,66.5,280.5
1983,2196.0,66.5,350.75
1983,2256.0,62.50000000000001,320.0
1983,2292.0,63.0,323.5
1983,2256.0,65.5,297.5
1983,2322.0,62.0,307.75
1983,2376.0,44.25,293.5
1983,2352.0,66.25,301.25
1983,2316.0,65.5,346.75
1983,2340.0,64.5,328.75
1983,2412.0,66.25,326.0
1983,2460.0,55.75,347.99999999999994
1983,2448.0,65.75,327.5
1983,2508.0,59.5,4.25
1983,2544.0,63.50000000000001,274.5
1983,2550.0,62.0,349.25
1983,2592.0,57.25,2.5
1983,2562.0,60.25000000000001,319.25
1983,2646.0,47.75,356.0
1983,2598.0,58.5,351.0
1983,2628.0,67.0,300.75
1983,2646.0,47.0,331.5
1983,2670.0,62.75,327.25
1983,2676.0,49.00000000000001,317.0
1983,2724.0,60.75,277.75
1983,2712.0,58.25,347.99999999999994
1983,2712.0,54.75000000000001,219.5
1983,2862.0,59.25000000000001,322.0
1983,2802.0,50.0,342.5
1983,2874.0,44.75,270.5
1983,2910.0,59.25000000000001,322.0
1983,2898.0,67.0,294.25
1983,2964.0,60.25000000000001,347.0
1983,2922.0,60.25000000000001,346.75
1983,3006.0,67.0,294.75
1983,2952.0,45.0,295.25
1983,2994.0,61.0,308.5
1983,3060.0,64.5,326.25
1983,3006.0,48.25,273.5
1983,3042.0,62.24999999999999,352.75
1983,3060.0,44.75,277.0
1983,3078.0,45.25000000000001,292.75
1983,3102.0,38.0,291.0
1983,3108.0,64.0,6.0
1983,3174.0,64.5,322.0
1983,3168.0,50.5,309.25
1983,3246.0,65.5,330.25
1983,3336.0,66.25,335.5
1983,3186.0,55.0,317.75
1983,3192.0,62.24999999999999,316.25
1983,3264.0,52.25,274.25
1983,3408.0,46.25,280.0
1983,3360.0,65.5,327.5
1983,3390.0,55.5,345.75
1983,3432.0,53.0,349.75
1983,3408.0,58.00000000000001,237.0
1983,3462.0,57.74999999999999,309.5
1983,3504.0,37.5,282.5
1983,3480.0,45.5,263.25
1983,3498.0,54.75000000000001,317.0
1983,3606.0,51.0,310.0
1983,3624.0,41.75,283.75
1983,3552.0,36.75,335.75
1983,3624.0,66.0,4.0
1983,3672.0,57.25,358.5
1983,3684.0,33.5,335.0
1983,3696.0,59.5,308.25
1983,3684.0,62.24999999999999,325.75
1983,3690.0,45.50000000000001,8.75
1983,3774.0,47.0,286.0
1983,3810.0,39.5,298.25
1983,3792.0,43.0,319.25
1983,3828.0,59.99999999999999,304.5
1983,3816.0,35.0,329.25
1983,3870.0,44.25,299.75
1983,3888.0,57.74999999999999,279.5
1983,3948.0,59.75,305.5
1983,4002.0,37.75,296.5
1983,4104.0,35.75,338.75
1983,4134.0,42.75,270.75
1983,4074.0,66.5,330.0
1983,4116.0,63.50000000000001,324.25
1983,4092.0,29.999999999999996,2.2500000000000004
1983,4110.0,37.25,344.5
1983,4134.0,38.25,278.5
1983,4206.0,51.75000000000001,338.5
1983,4260.0,36.75,287.25
1983,4224.0,56.74999999999999,357.75
1983,4236.0,53.25,301.24999999999994
1983,4266.0,37.5,262.75
1983,4266.0,52.75,320.75
1983,4302.0,47.75,353.25
1983,4314.0,48.25,307.75
1983,4338.0,39.0,286.25
1983,4458.0,60.75,294.5
1983,4404.0,61.0,329.75
1983,4380.0,48.00000000000001,347.5
1983,4440.0,43.49999999999999,9.749999999999998
1983,4452.0,52.24999999999999,333.0
1983,4488.0,39.0,277.75
1983,4482.0,64.25,325.75
1983,4512.0,42.25,327.75
1983,4506.0,40.25,283.75
1983,4608.0,64.75,331.25
1983,4704.0,44.75,308.5
1983,4578.0,38.0,335.5
1983,4608.0,41.25000000000001,304.5
1983,4638.0,67.0,346.0
1983,4656.0,61.50000000000001,327.5
1983,4680.0,43.0,264.0
1983,4674.0,64.75,353.75
1983,4758.0,40.5,319.25
1983,4770.0,41.25000000000001,286.5
1983,4788.0,63.25,327.5
1983,4842.0,52.50000000000001,326.25
1983,4830.0,65.75,352.75
1983,4860.0,64.25,310.0
1983,4872.0,44.5,316.0
1983,4914.0,40.25,271.5
1983,4902.0,45.25,312.0
1983,4926.0,39.25,312.25
1983,4902.0,61.0,266.0
1983,4932.0,45.75,316.5
1983,4956.0,41.25000000000001,286.25
1983,4962.0,59.5,274.25
1983,5004.0,39.25,341.0
1983,5022.0,29.999999999999996,354.25
1984,12.0,64.75,357.5
1984,60.0,63.50000000000001,291.75
1984,30.0,55.0,5.5
1984,36.0,43.0,319.5
1984,42.0,53.25,346.5
1984,150.0,56.0,318.25
1984,60.0,43.5,9.0
1984,66.0,53.25,283.0
1984,78.0,45.25,351.75
1984,150.0,63.50000000000001,281.0
1984,144.0,57.74999999999999,9.5
1984,174.0,62.24999999999999,332.75
1984,150.0,60.75,357.75
1984,378.0,40.75,302.0
1984,186.0,57.00000000000001,314.0
1984,330.0,56.0,324.5
1984,192.0,66.25,349.25
1984,264.0,57.5,324.5
1984,360.0,48.75,262.0
1984,294.0,64.75,346.75
1984,444.0,46.5,265.5
1984,390.0,48.24999999999999,267.5
1984,420.0,57.74999999999999,356.99999999999994
1984,462.0,67.0,300.75
1984,456.0,63.25,328.75
1984,552.0,62.0,320.25
1984,534.0,61.25000000000001,310.0
1984,510.0,60.5,346.75
1984,558.0,50.0,344.25
1984,612.0,54.75000000000001,309.75
1984,684.0,64.5,263.75
1984,690.0,61.25000000000001,297.0
1984,636.0,56.0,326.5
1984,702.0,65.25,4.5
1984,732.0,57.74999999999999,344.5
1984,708.0,60.75,269.5
1984,756.0,59.00000000000001,310.0
1984,810.0,60.25000000000001,300.25
1984,810.0,54.75000000000001,359.5
1984,804.0,45.0,341.75
1984,840.0,66.25,307.0
1984,816.0,50.0,264.25
1984,864.0,45.0,292.5
1984,978.0,64.75,351.25
1984,888.0,63.0,279.0
1984,900.0,62.24999999999999,299.25
1984,918.0,44.75,266.0
1984,930.0,46.5,346.5
1984,930.0,59.75,310.25
1984,1014.0,63.25,307.0
1984,936.0,37.5,301.5
1984,1020.0,43.74999999999999,288.5
1984,942.0,57.00000000000001,350.5
1984,948.0,57.5,309.0
1984,990.0,31.749999999999996,306.25
1984,1026.0,38.24999999999999,2.4999999999999996
1984,1038.0,63.25,327.75
1984,1086.0,41.75,6.249999999999999
1984,1098.0,50.0,272.0
1984,1074.0,59.00000000000001,337.0
1984,1080.0,48.75,301.25
1984,1110.0,46.25,358.75
1984,1122.0,57.00000000000001,308.5
1984,1134.0,48.00000000000001,331.25
1984,1212.0,54.5,312.25
1984,1182.0,43.25,9.5
1984,1224.0,49.75000000000001,321.25
1984,1260.0,59.00000000000001,348.5
1984,1338.0,64.75,10.0
1984,1284.0,61.50000000000001,320.0
1984,1380.0,66.5,346.75
1984,1344.0,51.75000000000001,320.75
1984,1368.0,48.00000000000001,262.0
1984,1428.0,55.5,277.0
1984,1404.0,62.75,325.0
1984,1488.0,53.25000000000001,319.75
1984,1464.0,63.0,350.25
1984,1524.0,61.0,321.75
1984,1530.0,47.75,276.0
1984,1548.0,55.24999999999999,344.0
1984,1542.0,44.25,292.5
1984,1596.0,56.5,331.0
1984,1584.0,63.25,1.9999999999999996
1984,1638.0,58.25,307.0
1984,1650.0,59.25000000000001,286.0
1984,1644.0,67.0,286.75
1984,1650.0,38.0,337.0
1984,1692.0,67.0,276.0
1984,1722.0,53.25,270.0
1984,1716.0,64.75,325.0
1984,1752.0,65.25,297.5
1984,1872.0,31.250000000000004,307.0
1984,1758.0,54.25,349.25
1984,1770.0,42.25,337.0
1984,1830.0,61.75,319.5
1984,1872.0,64.75,302.5
1984,1902.0,62.24999999999999,331.0
1984,1920.0,53.75,272.25
1984,1902.0,64.5,282.5
1984,1992.0,65.0,333.75
1984,2004.0,65.25,272.5
1984,2034.0,58.5,310.5
1984,2070.0,56.74999999999999,306.5
1984,2106.0,55.75,321.5
1984,2184.0,59.25000000000001,310.5
1984,2196.0,59.5,1.25
1984,2244.0,57.25,327.5
1984,2262.0,59.99999999999999,280.0
1984,2298.0,51.5,329.0
1984,2328.0,45.25,300.25
1984,2304.0,43.75,9.25
1984,2298.0,51.25,316.75
1984,2382.0,43.25,284.5
1984,2376.0,55.5,308.5
1984,2424.0,57.25,309.5
1984,2460.0,56.5,325.5
1984,2478.0,67.0,294.75
1984,2484.0,41.75,301.5
1984,2544.0,45.5,283.5
1984,2568.0,57.74999999999999,337.0
1984,2580.0,47.00000000000001,299.25
1984,2604.0,45.5,347.99999999999994
1984,2634.0,53.25,303.75
1984,2652.0,44.5,320.75
1984,2676.0,45.5,293.5
1984,2712.0,57.25,358.0
1984,2652.0,54.25,300.75
1984,2724.0,53.75,292.0
1984,2766.0,56.5,333.75
1984,2748.0,62.75,4.0
1984,2814.0,43.5,293.25
1984,2790.0,50.25000000000001,343.5
1984,2880.0,63.75000000000001,8.5
1984,2790.0,57.74999999999999,300.5
1984,2820.0,52.25,9.749999999999998
1984,2868.0,52.50000000000001,308.0
1984,2922.0,42.25,316.0
1984,2880.0,59.99999999999999,320.5
1984,2892.0,56.74999999999999,324.5
1984,3018.0,61.75,342.75
1984,3120.0,52.25,315.25
1984,3048.0,59.99999999999999,325.25
1984,3024.0,40.25,335.25
1984,3126.0,46.74999999999999,337.75
1984,3144.0,43.25000000000001,334.5
1984,3150.0,49.00000000000001,0.0
1984,3192.0,47.25000000000001,338.99999999999994
1984,3204.0,43.5,6.750000000000001
1984,3234.0,39.5,280.0
1984,3216.0,50.25000000000001,332.0
1984,3294.0,48.75,345.25
1984,3324.0,63.75000000000001,331.75
1984,3348.0,59.00000000000001,291.75
1984,3354.0,59.99999999999999,313.5
1984,3366.0,65.5,330.74999999999994
1984,3354.0,64.0,309.75
1984,3426.0,63.50000000000001,328.75
1984,3492.0,58.75,306.75
1984,3462.0,62.75,324.75
1984,3450.0,58.75,331.25
1984,3456.0,66.5,297.25
1984,3522.0,64.25,299.0
1984,3540.0,61.50000000000001,319.0
1984,3570.0,49.99999999999999,325.0
1984,3582.0,67.0,294.75
1984,3624.0,52.75,312.75
1984,3624.0,52.75,275.5
1984,3702.0,53.5,307.75
1984,3678.0,51.00000000000001,348.75
1984,3714.0,44.25,265.5
1984,3786.0,62.50000000000001,330.25
1984,3750.0,63.0,319.75
1984,3822.0,67.0,301.25
1984,3858.0,63.25,297.0
1984,3864.0,65.0,328.0
1984,3816.0,62.50000000000001,321.25
1984,3882.0,64.25,283.75
1984,3912.0,44.25,289.75
1984,3948.0,52.75,286.25
1984,3906.0,63.0,352.25
1984,3990.0,56.25,303.5
1984,3972.0,57.25,356.99999999999994
1984,4020.0,65.25,307.25
1984,4032.0,64.5,323.25
1984,4014.0,45.49999999999999,9.749999999999998
1984,4044.0,43.24999999999999,300.75
1984,4062.0,58.75,279.75
1984,4098.0,40.75,6.000000000000001
1984,4068.0,40.0,297.0
1984,4146.0,66.25,343.25
1984,4176.0,52.75,307.25
1984,4152.0,66.5,357.25
1984,4212.0,31.0,8.750000000000002
1984,4278.0,54.75000000000001,310.75
1984,4218.0,48.00000000000001,340.5
1984,4296.0,67.0,3.25
1984,4218.0,62.50000000000001,262.75
1984,4212.0,47.5,353.5
1984,4260.0,42.75,317.25
1984,4296.0,56.25,280.75
1984,4284.0,41.5,317.74999999999994
1984,4368.0,42.0,319.75
1984,4350.0,40.25,329.75
1984,4320.0,54.25,326.0
1984,4362.0,42.75,269.75
1984,4356.0,44.75,336.75
1984,4494.0,44.5,329.99999999999994
1984,4398.0,43.0,297.75
1984,4470.0,42.75,274.25
1984,4506.0,46.5,277.75
1984,4494.0,56.74999999999999,1.9999999999999996
1984,4554.0,59.75,298.75
1984,4602.0,56.5,278.5
1984,4584.0,59.5,320.75
1984,4638.0,58.00000000000001,332.5
1984,4614.0,61.75,347.99999999999994
1984,4680.0,60.5,274.5
1984,4656.0,51.24999999999999,224.99999999999997
1984,4692.0,30.25,8.25
1984,4692.0,58.5,322.0
1984,4788.0,54.5,302.0
1984,4746.0,64.0,345.0
1984,4866.0,54.75000000000001,306.5
1984,4818.0,60.25000000000001,1.7500000000000002
1984,4962.0,51.75000000000001,278.75
1984,4926.0,55.5,314.5
1984,4950.0,32.75,5.75
1984,4902.0,65.25,264.25
1984,4932.0,45.25,308.25
1984,5004.0,57.25,7.499999999999999
1984,5028.0,65.75,307.25
1985,0.0,47.25,272.5
1985,30.0,62.0,313.75
1985,42.0,52.0,341.25
1985,138.0,57.25,281.5
1985,150.0,62.0,340.75
1985,72.0,63.50000000000001,348.75
1985,144.0,57.00000000000001,300.75
1985,264.0,59.25000000000001,321.5
1985,228.0,63.0,322.75
1985,240.0,59.75,351.0
1985,324.0,59.5,273.75
1985,282.0,46.5,314.0
1985,372.0,62.75,327.75
1985,396.0,59.25000000000001,302.5
1985,420.0,63.50000000000001,321.5
1985,480.0,51.5,317.5
1985,492.0,62.0,267.75
1985,498.0,64.75,325.0
1985,522.0,64.75,325.75
1985,570.0,57.5,324.0
1985,570.0,65.25,271.25
1985,564.0,66.0,346.0
1985,606.0,56.74999999999999,319.25
1985,612.0,52.50000000000001,301.0
1985,612.0,51.25,227.25
1985,696.0,29.999999999999996,268.0
1985,636.0,53.5,280.0
1985,630.0,64.25,320.5
1985,684.0,50.75,302.5
1985,702.0,45.75,314.0
1985,714.0,44.25,318.5
1985,762.0,66.5,10.0
1985,750.0,45.25,326.25
1985,780.0,61.75,268.75
1985,852.0,38.00000000000001,282.0
1985,822.0,46.0,338.0
1985,864.0,57.5,4.5
1985,840.0,41.25000000000001,325.5
1985,876.0,62.24999999999999,341.25
1985,888.0,60.75,269.5
1985,912.0,52.0,331.75
1985,918.0,48.75,284.75
1985,948.0,60.75,296.25
1985,936.0,56.25,350.5
1985,966.0,61.0,303.25
1985,1002.0,64.75,320.0
1985,1032.0,58.75,338.0
1985,1020.0,65.0,306.25
1985,1038.0,66.75,332.0
1985,1080.0,63.25,287.5
1985,1086.0,63.75000000000001,324.0
1985,1116.0,50.0,317.0
1985,1164.0,66.75,300.75
1985,1248.0,30.25,274.5
1985,1164.0,48.00000000000001,299.25
1985,1206.0,46.5,273.75
1985,1308.0,53.5,317.74999999999994
1985,1302.0,39.5,309.25
1985,1302.0,40.0,332.5
1985,1326.0,59.5,291.75
1985,1338.0,41.25,347.75
1985,1344.0,67.0,8.5
1985,1344.0,57.25,307.0
1985,1374.0,51.5,323.75
1985,1494.0,44.25,274.0
1985,1470.0,50.0,328.25
1985,1518.0,58.00000000000001,352.0
1985,1554.0,58.5,300.5
1985,1590.0,55.5,7.249999999999999
1985,1608.0,54.75000000000001,358.25
1985,1596.0,57.74999999999999,313.0
1985,1674.0,59.75,318.0
1985,1608.0,54.75000000000001,345.75
1985,1650.0,56.25,309.0
1985,1686.0,63.75000000000001,333.5
1985,1728.0,65.0,278.75
1985,1752.0,60.75,356.25
1985,1710.0,64.75,347.5
1985,1704.0,62.24999999999999,307.5
1985,1770.0,43.0,313.25
1985,1776.0,46.25,330.0
1985,1800.0,63.25,284.25
1985,1836.0,55.0,311.25
1985,1776.0,50.75,331.25
1985,1806.0,58.75,297.5
1985,1824.0,58.5,347.75
1985,1902.0,55.5,330.74999999999994
1985,1920.0,51.75000000000001,317.75
1985,1980.0,51.0,275.75
1985,1962.0,41.50000000000001,299.25
1985,2076.0,62.0,279.0
1985,1968.0,66.25,8.750000000000002
1985,2022.0,51.75,334.75
1985,2082.0,64.25,9.25
1985,2022.0,56.25,285.25
1985,2088.0,63.25,290.0
1985,2100.0,45.75,279.0
1985,2112.0,38.75,344.75
1985,2124.0,43.5,0.25
1985,2190.0,56.74999999999999,315.5
1985,2178.0,59.99999999999999,333.75
1985,2160.0,39.0,1.75
1985,2154.0,60.5,299.75
1985,2130.0,58.25,290.0
1985,2202.0,50.5,325.0
1985,2190.0,50.5,276.5
1985,2184.0,58.00000000000001,344.0
1985,2190.0,62.0,304.25
1985,2286.0,59.00000000000001,310.0
1985,2292.0,46.5,297.25
1985,2310.0,42.74999999999999,280.5
1985,2274.0,62.75,311.75
1985,2298.0,58.75,344.5
1985,2328.0,53.25,5.499999999999999
1985,2376.0,53.0,307.0
1985,2412.0,63.50000000000001,285.0
1985,2418.0,49.75,277.75
1985,2436.0,61.75,347.99999999999994
1985,2502.0,66.25,306.25
1985,2454.0,64.0,296.5
1985,2478.0,50.5,272.75
1985,2508.0,61.0,341.5
1985,2544.0,51.25000000000001,301.75
1985,2592.0,65.0,277.5
1985,2610.0,53.25,277.25
1985,2580.0,58.00000000000001,311.0
1985,2592.0,64.0,319.25
1985,2652.0,55.75000000000001,1.5000000000000002
1985,2664.0,38.75,283.75
1985,2676.0,66.5,302.0
1985,2748.0,50.5,298.75
1985,2694.0,61.50000000000001,355.0
1985,2754.0,64.5,295.75
1985,2730.0,60.75,352.75
1985,2784.0,48.50000000000001,265.5
1985,2808.0,63.75000000000001,321.25
1985,2874.0,60.25000000000001,290.5
1985,2826.0,64.75,324.0
1985,2898.0,62.50000000000001,291.75
1985,2952.0,58.75,308.5
1985,2922.0,41.50000000000001,3.250000000000001
1985,2934.0,31.0,355.5
1985,2970.0,49.00000000000001,4.25
1985,2982.0,66.75,302.0
1985,3024.0,65.75,326.25
1985,3042.0,56.5,309.0
1985,3036.0,37.0,263.0
1985,3030.0,40.75,5.750000000000001
1985,3120.0,55.0,304.25
1985,3108.0,41.25000000000001,277.75
1985,3126.0,40.75,2.7500000000000004
1985,3192.0,59.5,319.5
1985,3222.0,64.5,325.0
1985,3258.0,50.0,319.5
1985,3252.0,64.25,302.5
1985,3246.0,46.25,345.0
1985,3252.0,66.5,281.25
1985,3312.0,43.25,337.75
1985,3294.0,40.5,7.499999999999999
1985,3342.0,50.25000000000001,309.75
1985,3336.0,63.0,296.75
1985,3366.0,34.25,6.500000000000001
1985,3390.0,54.75000000000001,313.25
1985,3408.0,43.5,9.0
1985,3462.0,49.25,329.25
1985,3408.0,53.25,320.75
1985,3438.0,53.75,323.25
1985,3558.0,56.25,301.0
1985,3504.0,46.99999999999999,5.249999999999999
1985,3606.0,32.0,346.75
1985,3558.0,43.25,298.5
1985,3582.0,36.0,278.5
1985,3618.0,50.5,306.75
1985,3636.0,39.0,2.2500000000000004
1985,3648.0,34.25,289.75
1985,3672.0,66.0,344.75
1985,3762.0,32.75,7.0
1985,3774.0,45.5,286.5
1985,3786.0,53.5,325.75
1985,3744.0,65.75,273.75
1985,3792.0,59.5,330.5
1985,3834.0,62.50000000000001,319.5
1985,3864.0,59.5,311.0
1985,3798.0,55.75,337.25
1985,3882.0,46.25,291.25
1985,3876.0,64.75,304.25
1985,3900.0,36.0,263.0
1985,3900.0,58.5,330.5
1985,3954.0,64.0,316.75
1985,3966.0,61.50000000000001,344.75
1985,4044.0,66.25,343.25
1985,4002.0,67.0,294.75
1985,4086.0,56.5,351.75
1985,4080.0,49.00000000000001,290.0
1985,4062.0,62.50000000000001,320.75
1985,4074.0,63.25,304.75
1985,4128.0,63.75000000000001,324.25
1985,4158.0,60.25000000000001,307.75
1985,4194.0,63.25,299.5
1985,4152.0,65.5,350.0
1985,4182.0,52.75,355.0
1985,4266.0,62.50000000000001,304.75
1985,4242.0,57.5,325.0
1985,4230.0,64.25,276.75
1985,4260.0,59.75,352.0
1985,4266.0,60.75,1.0
1985,4308.0,57.25,262.5
1985,4290.0,60.75,321.0
1985,4332.0,65.25,298.25
1985,4392.0,52.25,314.75
1985,4332.0,51.0,359.5
1985,4410.0,54.75000000000001,301.5
1985,4434.0,65.0,311.75
1985,4416.0,29.999999999999996,6.999999999999999
1985,4452.0,53.75,316.0
1985,4524.0,45.5,4.25
1985,4590.0,41.5,296.25
1985,4566.0,47.75000000000001,10.0
1985,4554.0,53.49999999999999,317.25
1985,4572.0,30.5,354.25
1985,4656.0,43.25,7.249999999999999
1985,4650.0,31.250000000000004,355.25
1985,4626.0,38.5,331.75
1985,4656.0,48.25,291.25
1985,4812.0,59.5,332.75
1985,4698.0,43.25000000000001,263.5
1985,4704.0,51.5,352.75
1985,4794.0,37.25,291.25
1985,4722.0,45.0,239.75
1985,4752.0,64.0,326.5
1985,4854.0,62.24999999999999,289.0
1985,4860.0,45.0,281.75
1985,4854.0,53.25,349.0
1985,4860.0,63.0,297.0
1985,4944.0,56.5,277.5
1985,4902.0,48.25,355.0
1985,4980.0,62.24999999999999,340.25
1985,4932.0,38.25,294.75
1985,5034.0,62.24999999999999,335.25
1986,12.0,65.75,274.75
1986,36.0,66.75,274.0
1986,30.0,65.5,355.0
1986,102.0,41.5,290.75
1986,6.0,64.25,347.5
1986,48.0,53.0,337.0
1986,54.0,48.5,316.5
1986,162.0,54.5,315.75
1986,96.0,42.25000000000001,321.5
1986,162.0,46.75,315.5
1986,192.0,57.74999999999999,281.5
1986,276.0,61.0,305.5
1986,264.0,62.0,341.0
1986,318.0,63.50000000000001,304.25
1986,258.0,63.75000000000001,326.5
1986,288.0,61.75,319.5
1986,324.0,42.75,316.5
1986,354.0,64.25,336.25
1986,366.0,64.5,298.0
1986,414.0,63.50000000000001,327.0
1986,438.0,67.0,335.5
1986,462.0,38.75,302.75
1986,462.0,52.0,356.99999999999994
1986,558.0,54.25,341.25
1986,594.0,51.75000000000001,319.75
1986,552.0,53.5,319.5
1986,516.0,64.5,323.25
1986,582.0,66.75,302.75
1986,594.0,63.75000000000001,323.25
1986,606.0,59.99999999999999,308.74999999999994
1986,654.0,58.00000000000001,302.0
1986,624.0,55.0,320.5
1986,708.0,63.0,303.5
1986,702.0,58.5,350.0
1986,720.0,52.50000000000001,332.0
1986,762.0,66.0,274.75
1986,768.0,61.75,324.0
1986,768.0,62.0,302.5
1986,774.0,34.24999999999999,314.25
1986,780.0,63.0,321.25
1986,798.0,64.0,298.0
1986,852.0,66.0,330.75
1986,906.0,64.5,290.0
1986,852.0,53.00000000000001,301.5
1986,924.0,63.25,312.25
1986,936.0,50.0,267.25
1986,912.0,62.75,337.5
1986,918.0,48.25,323.25
1986,990.0,61.50000000000001,292.0
1986,990.0,56.74999999999999,314.25
1986,1044.0,62.75,277.25
1986,1062.0,63.0,338.5
1986,1116.0,67.0,346.0
1986,1116.0,61.50000000000001,332.5
1986,1188.0,55.75,306.25
1986,1182.0,64.0,282.75
1986,1152.0,62.24999999999999,332.0
1986,1218.0,63.0,300.0
1986,1242.0,56.0,338.0
1986,1260.0,47.0,298.25
1986,1326.0,52.0,302.99999999999994
1986,1272.0,51.0,315.0
1986,1356.0,61.25000000000001,272.25
1986,1398.0,52.75,310.5
1986,1356.0,56.25,280.75
1986,1344.0,52.50000000000001,230.75
1986,1386.0,67.0,349.25
1986,1536.0,48.00000000000001,277.5
1986,1476.0,51.25,321.25
1986,1482.0,60.75,3.25
1986,1518.0,63.75000000000001,305.25
1986,1530.0,45.5,288.5
1986,1518.0,62.50000000000001,343.25
1986,1554.0,51.5,347.0
1986,1572.0,66.5,334.75
1986,1572.0,67.0,282.0
1986,1644.0,59.99999999999999,299.25
1986,1620.0,61.75,333.75
1986,1626.0,43.5,344.25
1986,1656.0,51.75000000000001,310.0
1986,1686.0,59.00000000000001,323.25
1986,1716.0,52.0,306.75
1986,1752.0,61.50000000000001,336.25
1986,1806.0,59.99999999999999,328.0
1986,1722.0,66.0,220.49999999999997
1986,1794.0,57.74999999999999,284.0
1986,1824.0,61.25000000000001,1.25
1986,1854.0,63.25,323.25
1986,1854.0,64.0,285.0
1986,1908.0,64.5,295.75
1986,1878.0,60.25000000000001,0.7500000000000001
1986,1890.0,37.75,306.75
1986,1896.0,54.0,5.25
1986,1914.0,38.5,291.5
1986,2028.0,47.25,305.25
1986,2058.0,44.5,285.0
1986,1986.0,53.0,226.24999999999997
1986,2034.0,64.25,349.5
1986,2070.0,66.5,334.75
1986,2094.0,63.0,274.0
1986,2154.0,51.5,322.0
1986,2076.0,62.50000000000001,316.75
1986,2154.0,34.25,303.5
1986,2172.0,66.25,274.75
1986,2154.0,65.75,4.999999999999999
1986,2160.0,55.0,319.25
1986,2190.0,40.75,292.75
1986,2232.0,55.5,351.25
1986,2190.0,56.0,2.0
1986,2178.0,59.99999999999999,332.75
1986,2232.0,35.25,284.25
1986,2274.0,61.50000000000001,323.5
1986,2256.0,37.25,327.5
1986,2310.0,31.0,281.0
1986,2310.0,63.0,357.25
1986,2322.0,48.5,307.5
1986,2334.0,57.00000000000001,311.99999999999994
1986,2418.0,51.0,307.5
1986,2370.0,61.25000000000001,263.5
1986,2376.0,58.00000000000001,330.5
1986,2442.0,39.25,5.0
1986,2502.0,66.25,296.75
1986,2490.0,46.5,301.5
1986,2490.0,62.75,319.5
1986,2454.0,61.0,271.5
1986,2478.0,44.25,335.25
1986,2538.0,56.0,277.5
1986,2532.0,41.50000000000001,6.5
1986,2664.0,63.25,291.5
1986,2586.0,62.0,329.5
1986,2658.0,40.0,279.0
1986,2616.0,64.5,332.5
1986,2634.0,61.25000000000001,320.75
1986,2664.0,40.5,329.75
1986,2682.0,60.75,262.25
1986,2670.0,45.75000000000001,312.0
1986,2670.0,64.75,298.0
1986,2676.0,41.0,299.25
1986,2736.0,44.75,277.75
1986,2742.0,42.0,288.0
1986,2838.0,44.25,304.5
1986,2754.0,32.0,328.25
1986,2802.0,62.24999999999999,263.75
1986,2892.0,43.25,6.000000000000001
1986,2838.0,64.75,270.75
1986,2874.0,41.25000000000001,302.0
1986,2922.0,63.25,312.5
1986,2928.0,47.75,322.25
1986,2934.0,44.5,282.75
1986,2964.0,63.75000000000001,321.0
1986,2994.0,44.50000000000001,286.0
1986,2970.0,50.5,339.25
1986,2964.0,48.25,237.25
1986,2988.0,64.75,343.75
1986,3060.0,64.25,323.25
1986,3066.0,56.25,343.25
1986,3120.0,61.50000000000001,302.5
1986,3078.0,48.75,309.25
1986,3090.0,52.0,319.75
1986,3174.0,39.00000000000001,294.5
1986,3144.0,46.49999999999999,309.25
1986,3162.0,54.5,353.5
1986,3168.0,62.0,276.25
1986,3168.0,63.0,307.25
1986,3210.0,44.75,358.25
1986,3252.0,51.5,348.75
1986,3264.0,41.5,304.75
1986,3240.0,51.75000000000001,315.0
1986,3336.0,32.75,283.0
1986,3330.0,50.75,310.0
1986,3318.0,42.75,7.499999999999999
1986,3396.0,43.75,10.0
1986,3384.0,59.00000000000001,303.75
1986,3402.0,42.75,328.0
1986,3450.0,53.5,322.75
1986,3444.0,55.0,311.0
1986,3492.0,53.75,306.75
1986,3498.0,38.75,291.75
1986,3606.0,32.75,265.0
1986,3618.0,46.25,333.0
1986,3642.0,63.75000000000001,351.0
1986,3612.0,63.0,313.75
1986,3660.0,33.5,323.75
1986,3654.0,42.5,290.75
1986,3738.0,64.75,325.5
1986,3780.0,55.5,342.25
1986,3774.0,57.00000000000001,304.5
1986,3786.0,41.25000000000001,332.0
1986,3858.0,35.75,290.5
1986,3888.0,63.50000000000001,321.0
1986,3864.0,38.5,339.25
1986,3906.0,39.5,311.25
1986,3954.0,38.75,292.75
1986,4038.0,64.75,349.25
1986,4038.0,57.5,1.9999999999999996
1986,4038.0,36.25,262.5
1986,4032.0,39.00000000000001,301.75
1986,4080.0,40.5,311.0
1986,4110.0,34.74999999999999,301.25
1986,4068.0,61.25000000000001,2.2500000000000004
1986,4110.0,62.50000000000001,343.5
1986,4152.0,39.25,292.5
1986,4176.0,35.50000000000001,263.0
1986,4164.0,60.5,320.5
1986,4182.0,46.24999999999999,342.75
1986,4212.0,66.75,280.0
1986,4224.0,60.75,339.75
1986,4254.0,55.0,351.5
1986,4230.0,62.0,356.75
1986,4350.0,66.25,350.0
1986,4386.0,59.25000000000001,281.0
1986,4266.0,66.75,305.25
1986,4308.0,39.25,298.0
1986,4338.0,65.75,334.25
1986,4398.0,44.75,276.75
1986,4434.0,47.0,347.0
1986,4440.0,58.75,270.0
1986,4452.0,38.25,282.25
1986,4518.0,64.25,322.75
1986,4590.0,63.75000000000001,344.75
1986,4518.0,42.25,290.0
1986,4578.0,65.25,307.0
1986,4590.0,52.25,262.25
1986,4614.0,44.25,316.0
1986,4698.0,64.25,300.0
1986,4662.0,34.25,262.5
1986,4686.0,64.5,326.25
1986,4806.0,65.5,328.75
1986,4818.0,59.5,311.5
1986,4806.0,61.0,281.0
1986,4746.0,36.0,280.0
1986,4782.0,64.25,326.75
1986,4830.0,52.25,264.75
1986,4914.0,60.75,288.5
1986,4896.0,59.00000000000001,318.0
1986,4962.0,39.25,336.75
1987,18.0,60.5,307.25
1987,36.0,47.00000000000001,279.25
1987,102.0,64.0,334.75
1987,66.0,59.75,267.75
1987,210.0,65.25,355.75
1987,210.0,60.25000000000001,291.75
1987,126.0,64.5,322.5
1987,126.0,63.75000000000001,352.75
1987,198.0,57.74999999999999,347.99999999999994
1987,222.0,47.5,358.75
1987,216.0,61.50000000000001,304.25
1987,216.0,57.74999999999999,316.0
1987,252.0,56.0,340.75
1987,228.0,46.00000000000001,1.7500000000000002
1987,264.0,65.0,4.25
1987,300.0,64.25,7.499999999999999
1987,264.0,65.75,287.25
1987,312.0,56.5,269.25
1987,270.0,62.50000000000001,293.75
1987,366.0,53.5,359.25
1987,408.0,54.49999999999999,346.0
1987,456.0,56.25,278.75
1987,486.0,58.75,348.75
1987,522.0,62.24999999999999,347.5
1987,534.0,61.50000000000001,304.0
1987,552.0,61.25000000000001,319.75
1987,552.0,63.25,310.75
1987,624.0,66.75,342.75
1987,648.0,66.75,284.5
1987,690.0,48.75,340.0
1987,648.0,60.5,357.75
1987,732.0,65.0,307.0
1987,696.0,52.75,268.5
1987,786.0,60.75,321.75
1987,846.0,64.0,324.0
1987,846.0,67.0,265.5
1987,840.0,53.25,310.0
1987,870.0,57.5,324.0
1987,876.0,65.0,267.5
1987,900.0,57.5,298.5
1987,930.0,52.50000000000001,351.0
1987,936.0,66.25,303.25
1987,1002.0,59.00000000000001,328.0
1987,990.0,58.75,271.5
1987,984.0,62.75,337.5
1987,1020.0,40.5,291.75
1987,1008.0,56.74999999999999,348.5
1987,1062.0,53.75,288.5
1987,1110.0,62.0,342.0
1987,1146.0,67.0,269.0
1987,1152.0,47.75,274.5
1987,1140.0,56.0,324.5
1987,1176.0,37.75,319.0
1987,1188.0,61.0,305.0
1987,1200.0,63.50000000000001,359.25
1987,1236.0,66.75,332.75
1987,1200.0,59.25000000000001,277.25
1987,1254.0,60.5,264.0
1987,1248.0,47.00000000000001,299.25
1987,1314.0,45.25,9.5
1987,1320.0,45.0,0.9999999999999998
1987,1404.0,65.25,334.25
1987,1380.0,66.5,305.25
1987,1440.0,49.25,322.5
1987,1464.0,39.25000000000001,291.75
1987,1476.0,54.75000000000001,286.5
1987,1548.0,42.75,349.0
1987,1584.0,57.00000000000001,314.0
1987,1584.0,45.75,303.0
1987,1638.0,36.0,350.75
1987,1668.0,54.25,313.75
1987,1680.0,47.5,277.75
1987,1686.0,55.0,323.25
1987,1692.0,48.75,335.5
1987,1752.0,48.75,275.5
1987,1710.0,43.49999999999999,324.0
1987,1722.0,40.5,290.75
1987,1782.0,44.25,324.25
1987,1770.0,55.24999999999999,325.75
1987,1824.0,44.99999999999999,276.0
1987,1848.0,42.75,302.75
1987,1938.0,45.5,279.0
1987,1878.0,60.25000000000001,0.5
1987,1914.0,62.24999999999999,325.75
1987,1884.0,58.00000000000001,238.75
1987,1968.0,63.75000000000001,354.0
1987,1932.0,63.75000000000001,331.25
1987,1974.0,47.25,326.25
1987,1968.0,45.75,300.0
1987,1998.0,46.0,329.25
1987,2028.0,43.0,315.75
1987,2100.0,50.0,330.0
1987,2166.0,42.25,298.25
1987,2142.0,61.25000000000001,311.99999999999994
1987,2154.0,47.25,326.0
1987,2184.0,59.99999999999999,273.0
1987,2208.0,57.5,283.0
1987,2220.0,61.50000000000001,312.75
1987,2280.0,51.0,276.25
1987,2262.0,67.0,323.25
1987,2274.0,59.99999999999999,335.5
1987,2292.0,59.99999999999999,4.749999999999999
1987,2340.0,53.25000000000001,301.5
1987,2346.0,55.5,2.0
1987,2358.0,60.75,320.75
1987,2406.0,64.25,325.75
1987,2436.0,65.25,264.25
1987,2466.0,55.5,329.5
1987,2412.0,61.75,347.0
1987,2448.0,64.0,293.5
1987,2556.0,62.50000000000001,301.75
1987,2484.0,61.75,303.0
1987,2508.0,59.5,342.25
1987,2496.0,59.75,305.75
1987,2550.0,41.75,350.0
1987,2562.0,59.25000000000001,311.0
1987,2688.0,64.25,326.75
1987,2580.0,62.75,317.75
1987,2592.0,32.75,299.75
1987,2652.0,66.25,306.0
1987,2730.0,54.5,308.5
1987,2634.0,49.75,346.25
1987,2676.0,58.5,232.00000000000003
1987,2772.0,53.25000000000001,338.99999999999994
1987,2724.0,51.0,3.25
1987,2778.0,45.25,278.0
1987,2784.0,45.25,315.75
1987,2778.0,66.25,314.0
1987,2784.0,49.5,358.75
1987,2850.0,55.75,315.5
1987,2952.0,63.50000000000001,312.25
1987,2916.0,56.74999999999999,1.9999999999999996
1987,2946.0,52.75,341.0
1987,3030.0,56.0,321.0
1987,3024.0,65.75,289.5
1987,3060.0,60.25000000000001,2.75
1987,3078.0,54.99999999999999,309.25
1987,3072.0,51.25,3.7499999999999996
1987,3090.0,66.75,352.75
1987,3096.0,60.75,318.5
1987,3138.0,54.99999999999999,336.25
1987,3126.0,58.5,351.0
1987,3156.0,61.50000000000001,335.25
1987,3168.0,66.5,307.5
1987,3210.0,47.25000000000001,356.75
1987,3240.0,62.75,344.75
1987,3258.0,47.5,292.75
1987,3306.0,62.75,348.75
1987,3318.0,46.25,287.5
1987,3306.0,60.25000000000001,305.0
1987,3288.0,57.74999999999999,237.5
1987,3372.0,66.0,272.0
1987,3324.0,39.5,288.0
1987,3330.0,62.50000000000001,318.25
1987,3462.0,63.75000000000001,295.75
1987,3432.0,65.5,278.0
1987,3426.0,62.50000000000001,218.74999999999997
1987,3468.0,61.25000000000001,2.2500000000000004
1987,3486.0,63.50000000000001,311.99999999999994
1987,3504.0,61.75,291.25
1987,3510.0,43.75,10.0
1987,3546.0,65.0,303.0
1987,3714.0,63.50000000000001,298.25
1987,3582.0,39.25,300.75
1987,3624.0,56.0,281.25
1987,3762.0,49.24999999999999,306.25
1987,3714.0,58.5,4.000000000000001
1987,3756.0,42.24999999999999,9.25
1987,3720.0,66.5,288.75
1987,3762.0,38.5,6.000000000000001
1987,3762.0,65.25,329.75
1987,3846.0,43.5,306.75
1987,3792.0,54.5,9.75
1987,3840.0,48.25,272.5
1987,3930.0,44.0,270.75
1987,3894.0,46.5,300.0
1987,3930.0,66.5,4.000000000000001
1987,3942.0,63.75000000000001,309.75
1987,3966.0,42.25,297.25
1987,4002.0,39.75000000000001,300.25
1987,4008.0,56.0,0.5
1987,4020.0,62.75,325.75
1987,4074.0,58.25,328.25
1987,4122.0,51.75000000000001,297.25
1987,4134.0,52.75,316.75
1987,4086.0,57.00000000000001,342.5
1987,4146.0,46.25,302.25
1987,4170.0,58.749999999999986,264.0
1987,4200.0,56.74999999999999,343.75
1987,4230.0,59.75,330.25
1987,4242.0,50.75,267.0
1987,4332.0,58.25,351.0
1987,4272.0,58.00000000000001,282.0
1987,4368.0,61.50000000000001,279.25
1987,4308.0,55.75,296.75
1987,4308.0,36.75,321.25
1987,4338.0,48.75,357.5
1987,4368.0,37.0,306.5
1987,4362.0,42.25,7.499999999999999
1987,4392.0,61.0,346.5
1987,4458.0,33.5,9.0
1987,4404.0,65.75,303.25
1987,4386.0,57.25,224.0
1987,4452.0,66.75,332.0
1987,4452.0,39.0,359.0
1987,4440.0,47.5,318.5
1987,4440.0,40.75,269.25
1987,4530.0,41.5,274.75
1987,4482.0,40.50000000000001,321.5
1987,4548.0,41.0,294.74999999999994
1987,4572.0,66.75,5.5
1987,4632.0,41.5,299.5
1987,4596.0,63.75000000000001,346.75
1987,4686.0,59.75,273.5
1987,4686.0,48.25,315.5
1987,4704.0,33.25,285.75
1987,4746.0,53.5,332.0
1987,4734.0,64.5,354.25
1987,4770.0,56.5,350.25
1987,4806.0,49.25,283.5
1987,4776.0,66.5,284.0
1987,4770.0,44.5,292.5
1987,4824.0,42.75,314.75
1987,4866.0,57.5,9.999999999999998
1987,4848.0,36.75,289.0
1987,4944.0,44.0,279.0
1987,4908.0,57.5,320.5
1987,4920.0,52.75,328.5
1987,4980.0,61.25000000000001,318.75
1987,4968.0,42.25,294.0
1987,4974.0,41.99999999999999,302.25
1988,96.0,63.25,313.5
1988,66.0,54.25,337.25
1988,114.0,59.25000000000001,335.0
1988,168.0,67.0,304.75
1988,252.0,49.25,355.5
1988,144.0,61.0,359.0
1988,192.0,57.00000000000001,354.5
1988,174.0,66.75,10.0
1988,180.0,39.0,293.5
1988,264.0,50.0,286.25
1988,306.0,64.75,311.75
1988,336.0,43.75,348.5
1988,354.0,65.75,332.75
1988,408.0,59.75,324.75
1988,414.0,57.5,281.0
1988,444.0,56.5,340.25
1988,420.0,47.0,282.0
1988,492.0,54.75000000000001,270.0
1988,474.0,50.25000000000001,296.25
1988,492.0,55.24999999999999,337.0
1988,534.0,54.25,263.5
1988,516.0,41.0,285.5
1988,576.0,45.0,278.75
1988,606.0,42.25,346.0
1988,660.0,59.25000000000001,7.999999999999998
1988,636.0,61.75,277.25
1988,660.0,49.75,275.25
1988,666.0,43.75,337.25
1988,618.0,63.0,1.2500000000000002
1988,750.0,63.75000000000001,9.0
1988,774.0,61.50000000000001,317.5
1988,810.0,57.0,273.5
1988,774.0,42.0,288.0
1988,978.0,63.25,334.0
1988,942.0,64.0,354.25
1988,876.0,59.75,312.5
1988,858.0,51.0,230.0
1988,924.0,66.5,332.75
1988,954.0,61.0,323.75
1988,1050.0,54.0,317.25
1988,1080.0,57.00000000000001,287.0
1988,1026.0,66.5,6.750000000000001
1988,1086.0,65.0,333.75
1988,1074.0,66.5,335.25
1988,1086.0,44.0,331.0
1988,1074.0,48.75,297.25
1988,1164.0,41.5,324.25
1988,1176.0,54.0,305.25
1988,1158.0,61.0,289.75
1988,1266.0,45.5,309.75
1988,1230.0,44.0,9.5
1988,1254.0,59.75,310.5
1988,1344.0,46.5,316.5
1988,1296.0,53.25000000000001,307.75
1988,1344.0,61.25000000000001,262.75
1988,1368.0,63.75000000000001,268.75
1988,1386.0,47.0,274.5
1988,1392.0,53.75,286.25
1988,1392.0,48.25,323.5
1988,1434.0,54.0,305.25
1988,1518.0,56.25,338.75
1988,1530.0,43.5,9.0
1988,1494.0,59.25000000000001,277.5
1988,1494.0,63.25,325.75
1988,1572.0,59.5,309.5
1988,1524.0,46.25,320.25
1988,1500.0,65.25,287.5
1988,1560.0,61.75,303.25
1988,1596.0,57.74999999999999,281.0
1988,1590.0,64.5,320.5
1988,1710.0,63.25,333.5
1988,1632.0,55.5,304.25
1988,1620.0,65.0,304.25
1988,1686.0,54.75000000000001,306.0
1988,1722.0,59.00000000000001,317.5
1988,1764.0,59.75,277.25
1988,1704.0,63.0,346.75
1988,1758.0,58.00000000000001,308.0
1988,1812.0,65.25,327.25
1988,1842.0,55.75,314.5
1988,1800.0,45.5,278.25
1988,1854.0,60.25000000000001,320.75
1988,1902.0,55.0,304.75
1988,2016.0,48.75,317.74999999999994
1988,1968.0,62.50000000000001,351.75
1988,1998.0,45.75000000000001,266.25
1988,2028.0,61.25000000000001,7.250000000000001
1988,2034.0,61.50000000000001,346.0
1988,2076.0,50.0,310.75
1988,2058.0,59.75,332.25
1988,2100.0,48.00000000000001,266.75
1988,2112.0,65.0,337.5
1988,2166.0,55.24999999999999,313.0
1988,2130.0,36.5,323.75
1988,2136.0,66.0,329.25
1988,2160.0,61.0,350.25
1988,2226.0,46.0,308.25
1988,2226.0,43.0,319.5
1988,2286.0,46.5,307.5
1988,2286.0,62.75,308.25
1988,2298.0,37.75,298.0
1988,2346.0,38.75,276.75
1988,2292.0,65.75,346.25
1988,2424.0,61.75,304.75
1988,2358.0,65.25,333.75
1988,2454.0,63.25,328.75
1988,2514.0,60.75,345.0
1988,2526.0,64.25,262.0
1988,2544.0,63.0,308.5
1988,2544.0,65.0,350.25
1988,2526.0,65.25,326.25
1988,2616.0,63.75000000000001,302.25
1988,2616.0,46.5,288.0
1988,2610.0,63.75000000000001,320.5
1988,2586.0,62.24999999999999,2.25
1988,2670.0,56.0,324.5
1988,2670.0,66.0,332.25
1988,2706.0,47.5,300.25
1988,2730.0,57.5,319.0
1988,2700.0,64.0,3.7499999999999996
1988,2754.0,64.0,326.5
1988,2856.0,67.0,348.75
1988,2784.0,52.25,338.25
1988,2826.0,66.75,294.75
1988,2880.0,67.0,349.25
1988,2868.0,56.25,279.75
1988,2934.0,64.25,329.25
1988,2928.0,60.5,271.25
1988,2976.0,62.50000000000001,330.25
1988,2964.0,60.5,300.25
1988,3048.0,64.25,285.75
1988,3072.0,64.25,343.75
1988,3060.0,64.0,296.5
1988,3078.0,63.50000000000001,327.5
1988,3108.0,63.75000000000001,306.25
1988,3204.0,65.0,303.75
1988,3156.0,62.0,337.0
1988,3162.0,60.75,308.75
1988,3156.0,63.0,276.0
1988,3210.0,55.49999999999999,294.25
1988,3186.0,59.99999999999999,324.25
1988,3234.0,48.00000000000001,288.75
1988,3252.0,61.25000000000001,351.0
1988,3306.0,63.25,286.75
1988,3210.0,67.0,324.24999999999994
1988,3234.0,66.5,270.5
1988,3294.0,65.75,2.25
1988,3354.0,57.25,314.0
1988,3354.0,63.25,322.0
1988,3366.0,60.5,352.25
1988,3384.0,65.5,281.25
1988,3468.0,62.50000000000001,322.25
1988,3462.0,59.25000000000001,346.75
1988,3456.0,46.25,288.75
1988,3456.0,62.50000000000001,308.5
1988,3504.0,50.0,351.0
1988,3546.0,50.5,358.0
1988,3540.0,56.74999999999999,328.75
1988,3522.0,36.0,286.25
1988,3594.0,42.75,297.25
1988,3588.0,60.5,264.25
1988,3606.0,59.5,357.5
1988,3618.0,64.25,9.25
1988,3666.0,51.25,321.75
1988,3666.0,66.5,340.0
1988,3630.0,62.50000000000001,340.25
1988,3678.0,54.75000000000001,302.25
1988,3708.0,59.00000000000001,348.5
1988,3750.0,63.75000000000001,337.5
1988,3750.0,63.75000000000001,346.25
1988,3804.0,61.0,332.5
1988,3822.0,67.0,294.75
1988,3930.0,45.50000000000001,316.25
1988,3900.0,52.25,347.25
1988,3906.0,66.0,278.0
1988,3996.0,65.25,4.999999999999999
1988,3948.0,53.75,348.75
1988,3972.0,49.5,338.75
1988,3978.0,51.0,290.5
1988,4002.0,66.25,296.75
1988,4062.0,62.24999999999999,324.75
1988,4044.0,64.75,286.25
1988,4068.0,57.00000000000001,342.99999999999994
1988,4116.0,42.0,9.25
1988,4110.0,67.0,294.0
1988,4170.0,59.99999999999999,344.0
1988,4218.0,65.25,286.25
1988,4188.0,59.99999999999999,319.5
1988,4248.0,44.0,306.75
1988,4236.0,66.0,298.75
1988,4236.0,61.0,337.25
1988,4278.0,66.0,359.25
1988,4242.0,40.25,343.5
1988,4338.0,59.99999999999999,320.0
1988,4296.0,60.25000000000001,305.75
1988,4446.0,63.0,322.75
1988,4392.0,54.5,263.0
1988,4404.0,51.00000000000001,350.25
1988,4422.0,45.25,262.5
1988,4452.0,43.0,1.7500000000000002
1988,4452.0,42.25,278.25
1988,4464.0,45.0,7.999999999999998
1988,4458.0,30.499999999999993,355.0
1988,4500.0,53.0,3.0000000000000004
1988,4548.0,39.75000000000001,344.0
1988,4512.0,42.24999999999999,288.5
1988,4554.0,44.0,294.0
1988,4578.0,64.75,335.0
1988,4572.0,31.5,355.25
1988,4626.0,66.75,341.5
1988,4638.0,60.25000000000001,356.75
1988,4662.0,63.0,323.75
1988,4680.0,44.0,9.0
1988,4734.0,64.25,290.0
1988,4722.0,47.25,353.25
1988,4722.0,44.0,307.25
1988,4734.0,66.5,346.0
1988,4764.0,64.0,272.0
1988,4740.0,40.0,288.75
1988,4788.0,30.5,354.75
1988,4788.0,62.75,293.25
1988,4860.0,51.0,300.25
1988,4896.0,43.75,305.0
1988,4968.0,34.50000000000001,6.500000000000001
1988,4914.0,39.00000000000001,262.25
1988,4980.0,54.5,305.25
1988,4962.0,41.25000000000001,4.25
1988,4956.0,48.25,8.75
1988,4998.0,50.5,313.75
1988,4980.0,55.75,350.0
1989,66.0,53.25,280.25
1989,126.0,57.00000000000001,271.5
1989,90.0,64.5,325.25
1989,78.0,51.0,296.5
1989,96.0,56.0,300.0
1989,114.0,66.25,349.5
1989,102.0,61.75,312.75
1989,228.0,61.0,298.75
1989,132.0,65.75,275.5
1989,204.0,66.25,10.000000000000002
1989,234.0,57.5,310.5
1989,186.0,41.75,8.5
1989,288.0,57.00000000000001,275.0
1989,330.0,55.5,320.5
1989,276.0,66.25,352.5
1989,318.0,67.0,286.75
1989,378.0,63.25,313.75
1989,420.0,53.0,326.25
1989,480.0,67.0,284.0
1989,474.0,42.25,285.25
1989,642.0,66.75,334.0
1989,474.0,61.75,316.0
1989,498.0,63.25,4.25
1989,546.0,58.75,318.75
1989,624.0,65.75,292.5
1989,690.0,59.00000000000001,327.75
1989,654.0,54.0,264.25
1989,600.0,63.0,341.5
1989,660.0,52.75,355.0
1989,792.0,60.5,311.25
1989,744.0,64.75,358.75
1989,756.0,53.5,337.5
1989,810.0,62.50000000000001,336.5
1989,846.0,56.25,306.75
1989,912.0,59.5,282.0
1989,918.0,63.25,335.25
1989,858.0,44.0,8.25
1989,978.0,58.00000000000001,283.5
1989,954.0,48.75,276.0
1989,936.0,55.5,3.7499999999999996
1989,918.0,54.75000000000001,314.25
1989,1074.0,60.75,310.5
1989,942.0,62.75,338.25
1989,996.0,62.50000000000001,302.5
1989,1008.0,44.25,347.0
1989,1158.0,56.25,341.25
1989,1044.0,63.75000000000001,341.25
1989,1134.0,52.0,280.75
1989,1110.0,62.0,342.0
1989,1152.0,47.75,334.75
1989,1140.0,64.5,334.25
1989,1248.0,47.25,297.5
1989,1224.0,56.5,309.25
1989,1188.0,41.00000000000001,344.0
1989,1230.0,58.25,298.5
1989,1266.0,39.25000000000001,350.5
1989,1266.0,57.25,300.0
1989,1284.0,45.0,320.25
1989,1320.0,52.0,307.5
1989,1302.0,63.0,297.75
1989,1350.0,49.25,279.5
1989,1440.0,52.75,306.0
1989,1356.0,59.5,307.25
1989,1350.0,44.5,341.25
1989,1392.0,47.75,315.0
1989,1386.0,64.75,311.25
1989,1416.0,41.0,323.75
1989,1506.0,45.25,279.0
1989,1482.0,63.25,320.0
1989,1524.0,53.5,315.0
1989,1536.0,46.0,295.75
1989,1596.0,49.25,283.75
1989,1572.0,38.25,344.25
1989,1608.0,52.50000000000001,317.25
1989,1698.0,52.0,309.25
1989,1686.0,33.5,285.25
1989,1752.0,49.5,338.25
1989,1734.0,52.75,311.5
1989,1788.0,38.5,306.25
1989,1836.0,66.5,3.25
1989,1812.0,42.0,333.75
1989,1878.0,45.0,307.5
1989,1866.0,41.74999999999999,340.25
1989,1902.0,47.5,321.0
1989,1914.0,61.25000000000001,345.0
1989,1920.0,63.25,326.5
1989,1956.0,57.5,349.0
1989,1962.0,48.5,312.25
1989,1992.0,67.0,294.75
1989,2076.0,62.50000000000001,302.75
1989,2034.0,62.0,336.5
1989,2118.0,57.5,311.5
1989,2046.0,39.25,298.5
1989,2082.0,65.0,321.75
1989,2070.0,39.0,350.0
1989,2250.0,55.5,307.25
1989,2166.0,50.5,320.5
1989,2262.0,56.74999999999999,345.0
1989,2346.0,63.0,299.75
1989,2364.0,61.75,321.75
1989,2274.0,62.0,307.75
1989,2340.0,63.25,345.0
1989,2328.0,58.00000000000001,235.5
1989,2388.0,59.75,330.25
1989,2364.0,64.75,346.25
1989,2442.0,48.25,324.75
1989,2490.0,53.25,318.75
1989,2430.0,59.00000000000001,327.5
1989,2472.0,47.75,280.0
1989,2520.0,65.5,227.74999999999997
1989,2532.0,60.25000000000001,323.0
1989,2580.0,58.5,339.5
1989,2628.0,59.5,334.5
1989,2622.0,48.75,287.0
1989,2676.0,53.0,307.5
1989,2682.0,58.00000000000001,322.5
1989,2682.0,60.5,239.75
1989,2718.0,67.0,294.75
1989,2736.0,59.75,346.75
1989,2766.0,44.75,273.0
1989,2760.0,49.75,263.75
1989,2796.0,55.5,355.25
1989,2808.0,45.49999999999999,276.5
1989,2862.0,58.75,276.0
1989,2814.0,61.50000000000001,349.25
1989,2862.0,55.5,0.5
1989,2874.0,59.99999999999999,281.75
1989,2874.0,55.5,325.0
1989,2946.0,64.25,278.25
1989,2922.0,44.0,293.25
1989,2976.0,56.0,352.0
1989,3018.0,52.99999999999999,324.0
1989,3012.0,49.75,358.75
1989,3006.0,53.25,235.25000000000003
1989,3024.0,56.25000000000001,327.25
1989,3102.0,46.0,332.5
1989,3060.0,63.75000000000001,337.75
1989,3108.0,59.00000000000001,0.0
1989,3120.0,53.25,294.75
1989,3072.0,55.5,239.5
1989,3126.0,64.5,335.0
1989,3102.0,67.0,294.75
1989,3198.0,48.25,291.5
1989,3198.0,54.75000000000001,341.25
1989,3168.0,62.50000000000001,324.0
1989,3222.0,64.5,348.25
1989,3156.0,63.75000000000001,349.25
1989,3246.0,57.74999999999999,341.5
1989,3186.0,56.0,266.25
1989,3240.0,37.75000000000001,303.75
1989,3222.0,44.0,8.25
1989,3300.0,58.75,311.99999999999994
1989,3258.0,67.0,271.25
1989,3258.0,65.25,326.75
1989,3270.0,43.75,321.0
1989,3288.0,66.25,312.0
1989,3288.0,62.75,3.25
1989,3312.0,32.0,321.25
1989,3336.0,63.0,314.75
1989,3396.0,61.0,344.0
1989,3384.0,60.75,271.5
1989,3348.0,62.50000000000001,340.75
1989,3426.0,47.5,312.75
1989,3468.0,59.75,340.25
1989,3510.0,59.99999999999999,299.25
1989,3522.0,60.75,319.5
1989,3528.0,41.75,280.25
1989,3516.0,54.5,351.25
1989,3564.0,59.00000000000001,3.5000000000000004
1989,3570.0,64.0,353.5
1989,3576.0,60.5,274.0
1989,3618.0,53.0,1.0
1989,3654.0,59.99999999999999,303.0
1989,3642.0,57.75000000000001,273.0
1989,3678.0,67.0,327.25
1989,3768.0,62.75,339.75
1989,3762.0,63.0,315.5
1989,3786.0,51.75000000000001,238.75
1989,3834.0,50.75,318.75
1989,3798.0,62.50000000000001,347.0
1989,3846.0,62.0,313.25
1989,3858.0,61.50000000000001,274.75
1989,3858.0,43.0,319.0
1989,3870.0,67.0,324.0
1989,3906.0,47.0,262.75
1989,3894.0,65.75,305.0
1989,3948.0,66.75,342.75
1989,3936.0,52.75,317.25
1989,3942.0,42.75,262.5
1989,4032.0,58.25,281.0
1989,3984.0,61.50000000000001,324.24999999999994
1989,4026.0,67.0,346.0
1989,4050.0,61.25000000000001,356.25
1989,4080.0,66.5,283.5
1989,4086.0,59.5,326.25
1989,4086.0,64.75,302.0
1989,4176.0,65.0,353.75
1989,4194.0,63.0,298.75
1989,4200.0,60.25000000000001,276.75
1989,4272.0,60.75,307.25
1989,4278.0,59.5,319.5
1989,4290.0,66.5,342.75
1989,4368.0,66.75,288.25
1989,4362.0,38.25,346.25
1989,4386.0,66.0,297.0
1989,4356.0,39.75000000000001,322.75
1989,4410.0,59.75,4.25
1989,4506.0,59.5,290.75
1989,4440.0,39.0,339.25
1989,4488.0,56.0,337.25
1989,4530.0,36.49999999999999,347.75
1989,4560.0,55.24999999999999,311.5
1989,4512.0,59.00000000000001,299.5
1989,4554.0,66.25,337.25
1989,4530.0,33.0,356.0
1989,4572.0,63.75000000000001,311.0
1989,4620.0,65.5,339.5
1989,4668.0,59.99999999999999,322.25
1989,4620.0,64.5,330.75
1989,4704.0,59.99999999999999,312.75
1989,4656.0,66.75,300.0
1989,4770.0,60.75,308.75
1989,4800.0,58.75,302.5
1989,4806.0,56.25,354.75
1989,4860.0,65.25,329.75
1989,4938.0,46.75,308.74999999999994
1989,4920.0,65.25,262.5
1989,4938.0,64.75,326.25
1989,4926.0,50.5,262.5
1989,4974.0,61.75,306.0
1989,5028.0,51.0,317.0
1989,4986.0,45.0,263.75
1989,5016.0,66.25,335.5
1990,6.0,64.0,326.0
1990,12.0,52.75,288.25
1990,42.0,47.75,309.5
1990,48.0,62.50000000000001,346.5
1990,90.0,58.75,272.0
1990,90.0,65.75,354.25
1990,144.0,48.25,295.25
1990,114.0,67.0,323.75
1990,114.0,34.00000000000001,322.0
1990,138.0,63.0,295.75
1990,192.0,32.25,311.99999999999994
1990,138.0,55.75,0.0
1990,204.0,67.0,7.250000000000001
1990,240.0,65.5,271.25
1990,240.0,62.0,322.75
1990,264.0,58.25,268.0
1990,276.0,61.0,345.25
1990,288.0,66.0,298.75
1990,300.0,50.25000000000001,345.75
1990,330.0,59.00000000000001,266.25
1990,366.0,46.25,346.75
1990,390.0,60.25000000000001,303.5
1990,480.0,59.25000000000001,305.0
1990,360.0,62.0,356.5
1990,444.0,62.24999999999999,321.75
1990,450.0,51.25,341.25
1990,492.0,47.25000000000001,349.0
1990,522.0,58.5,293.5
1990,510.0,66.0,308.0
1990,504.0,39.5,349.75
1990,600.0,61.75,334.25
1990,666.0,56.5,359.5
1990,618.0,39.5,292.5
1990,582.0,48.75,232.75000000000003
1990,612.0,51.75,353.0
1990,666.0,61.50000000000001,337.5
1990,732.0,61.50000000000001,293.0
1990,774.0,52.75,309.75
1990,780.0,49.75,272.5
1990,798.0,57.74999999999999,311.5
1990,780.0,58.75,8.0
1990,846.0,45.25,328.25
1990,858.0,65.75,308.0
1990,882.0,54.25,316.5
1990,876.0,45.75,282.5
1990,882.0,36.0,340.25
1990,930.0,49.25,327.75
1990,936.0,55.5,323.0
1990,1008.0,59.5,277.75
1990,954.0,46.25,315.0
1990,996.0,46.0,293.75
1990,996.0,43.5,332.25
1990,1044.0,52.75,310.0
1990,1116.0,60.75,303.5
1990,1098.0,63.0,343.75
1990,1110.0,65.25,336.5
1990,1188.0,64.25,272.0
1990,1176.0,37.75,292.5
1990,1278.0,57.00000000000001,270.0
1990,1284.0,62.0,339.0
1990,1320.0,59.99999999999999,304.5
1990,1296.0,54.0,354.0
1990,1356.0,63.0,300.5
1990,1326.0,44.25,4.5
1990,1374.0,45.0,269.25
1990,1458.0,59.99999999999999,304.5
1990,1398.0,55.0,317.0
1990,1416.0,48.25,329.5
1990,1422.0,54.0,235.75
1990,1476.0,33.49999999999999,336.0
1990,1458.0,42.0,301.25
1990,1506.0,63.75000000000001,300.75
1990,1530.0,42.25,272.5
1990,1572.0,65.75,327.25
1990,1572.0,49.25,294.25
1990,1620.0,64.75,290.75
1990,1632.0,54.0,226.75
1990,1644.0,51.75000000000001,0.7500000000000001
1990,1668.0,66.0,328.0
1990,1716.0,59.75,306.0
1990,1728.0,63.0,4.25
1990,1722.0,56.5,312.25
1990,1842.0,64.75,320.5
1990,1770.0,62.24999999999999,317.74999999999994
1990,1782.0,59.25000000000001,239.0
1990,1884.0,58.00000000000001,281.5
1990,1896.0,59.00000000000001,308.0
1990,1968.0,62.75,323.0
1990,1884.0,66.5,335.5
1990,1926.0,59.25000000000001,353.75
1990,1986.0,50.00000000000001,279.5
1990,2106.0,67.0,294.75
1990,2064.0,57.00000000000001,333.0
1990,2034.0,42.75,194.24999999999997
1990,2070.0,66.0,352.0
1990,2094.0,56.74999999999999,310.75
1990,2124.0,61.75,320.5
1990,2130.0,62.50000000000001,343.25
1990,2250.0,60.5,334.25
1990,2220.0,66.25,296.75
1990,2226.0,59.75,314.75
1990,2202.0,67.0,294.75
1990,2232.0,61.0,352.75
1990,2316.0,66.0,296.25
1990,2286.0,63.25,262.25
1990,2304.0,54.75000000000001,341.5
1990,2376.0,58.00000000000001,317.5
1990,2382.0,62.75,328.5
1990,2394.0,61.50000000000001,348.25
1990,2406.0,59.75,333.75
1990,2406.0,57.25,7.0
1990,2436.0,65.0,325.75
1990,2448.0,44.5,307.5
1990,2436.0,58.75,8.5
1990,2466.0,67.0,333.25
1990,2586.0,61.0,318.25
1990,2508.0,61.75,312.75
1990,2520.0,64.25,307.5
1990,2616.0,61.0,280.75
1990,2598.0,43.75,291.75
1990,2640.0,65.25,346.25
1990,2652.0,50.5,270.25
1990,2700.0,67.0,328.75
1990,2700.0,41.25000000000001,302.75
1990,2700.0,67.0,294.0
1990,2736.0,49.75,270.0
1990,2730.0,48.5,315.5
1990,2796.0,63.0,322.75
1990,2814.0,54.25,306.25
1990,2802.0,65.0,270.75
1990,2850.0,51.0,277.75
1990,2898.0,51.5,302.5
1990,2868.0,57.5,345.0
1990,2916.0,62.0,320.25
1990,2904.0,65.0,297.25
1990,2934.0,62.50000000000001,333.5
1990,2964.0,56.25,311.5
1990,3084.0,58.5,307.5
1990,3060.0,52.0,333.75
1990,3138.0,60.25000000000001,274.25
1990,3126.0,59.75,323.25
1990,3186.0,59.99999999999999,322.75
1990,3144.0,49.25,346.25
1990,3222.0,39.99999999999999,347.99999999999994
1990,3204.0,47.0,315.25
1990,3192.0,61.75,295.5
1990,3234.0,58.75,320.0
1990,3258.0,46.00000000000001,263.25
1990,3258.0,51.25,308.0
1990,3348.0,62.24999999999999,294.5
1990,3258.0,65.5,285.0
1990,3294.0,65.0,6.25
1990,3456.0,50.50000000000001,322.5
1990,3390.0,34.74999999999999,352.75
1990,3390.0,64.75,333.75
1990,3408.0,61.50000000000001,323.0
1990,3396.0,65.0,307.0
1990,3378.0,66.0,286.0
1990,3396.0,62.24999999999999,347.0
1990,3414.0,59.5,333.5
1990,3462.0,56.74999999999999,0.7500000000000001
1990,3468.0,65.75,285.5
1990,3528.0,53.75,317.74999999999994
1990,3540.0,59.99999999999999,323.0
1990,3606.0,46.25,345.0
1990,3618.0,53.0,315.5
1990,3708.0,55.5,322.25
1990,3690.0,44.0,294.0
1990,3690.0,32.0,276.0
1990,3720.0,55.24999999999999,348.5
1990,3786.0,48.25,285.5
1990,3756.0,46.0,351.24999999999994
1990,3768.0,63.50000000000001,274.25
1990,3774.0,62.75,234.5
1990,3816.0,44.5,314.25
1990,3804.0,47.25,329.75
1990,3816.0,47.5,9.250000000000002
1990,3936.0,37.75,278.0
1990,3876.0,40.5,302.75
1990,3870.0,52.75,328.0
1990,3894.0,56.5,337.25
1990,3924.0,52.0,317.25
1990,3948.0,31.750000000000004,2.2500000000000004
1990,3954.0,54.5,324.24999999999994
1990,3978.0,47.0,337.0
1990,4020.0,64.5,288.75
1990,4002.0,40.25,306.0
1990,4026.0,64.75,343.75
1990,4062.0,40.25,290.25
1990,4068.0,63.75000000000001,289.75
1990,4008.0,63.75000000000001,326.5
1990,4026.0,63.0,315.25
1990,4116.0,66.25,356.5
1990,4110.0,56.74999999999999,3.0000000000000004
1990,4140.0,44.5,7.499999999999999
1990,4146.0,59.25000000000001,309.0
1990,4164.0,44.5,266.75
1990,4236.0,64.0,297.0
1990,4176.0,38.75,2.25
1990,4206.0,61.50000000000001,320.75
1990,4194.0,43.24999999999999,296.25
1990,4194.0,45.25,329.5
1990,4260.0,48.25,272.75
1990,4326.0,31.750000000000004,0.25
1990,4302.0,56.5,284.25
1990,4338.0,41.5,293.75
1990,4368.0,56.74999999999999,306.75
1990,4356.0,64.5,328.0
1990,4362.0,64.25,7.499999999999999
1990,4410.0,63.75000000000001,353.5
1990,4440.0,55.75,343.5
1990,4482.0,59.25000000000001,319.75
1990,4416.0,61.50000000000001,312.75
1990,4512.0,53.0,266.75
1990,4476.0,59.00000000000001,311.5
1990,4494.0,54.5,338.99999999999994
1990,4482.0,51.5,300.75
1990,4488.0,41.00000000000001,10.0
1990,4536.0,51.0,320.0
1990,4530.0,61.75,335.0
1990,4590.0,44.75,279.5
1990,4638.0,64.5,325.0
1990,4614.0,56.0,345.0
1990,4674.0,62.24999999999999,323.5
1990,4674.0,30.750000000000004,355.0
1990,4710.0,50.75,311.0
1990,4776.0,38.25,1.75
1990,4722.0,43.75,275.75
1990,4746.0,32.0,4.000000000000001
1990,4746.0,38.5,320.75
1990,4776.0,42.5,9.499999999999998
1990,4770.0,57.00000000000001,304.0
1990,4872.0,41.75,288.0
1990,4890.0,65.75,334.5
1990,4872.0,49.75,262.0
1990,5010.0,64.75,336.25
1990,4944.0,40.25,299.25
1990,4980.0,41.99999999999999,5.499999999999999
1990,4974.0,39.75000000000001,302.75
1990,5034.0,54.25,311.75
1991,12.0,59.25000000000001,355.5
1991,0.0,55.24999999999999,272.25
1991,108.0,66.75,302.0
1991,48.0,60.75,342.0
1991,120.0,48.5,275.25
1991,78.0,43.0,297.25
1991,120.0,57.74999999999999,327.5
1991,174.0,61.50000000000001,294.75
1991,186.0,44.25,348.75
1991,240.0,61.25000000000001,306.0
1991,210.0,65.25,329.75
1991,276.0,48.00000000000001,351.75
1991,348.0,61.50000000000001,272.25
1991,264.0,42.00000000000001,297.5
1991,282.0,47.75,292.5
1991,312.0,64.5,1.25
1991,366.0,60.75,346.0
1991,384.0,47.75,319.25
1991,432.0,65.75,289.25
1991,396.0,37.75,285.25
1991,540.0,55.75,271.25
1991,654.0,63.75000000000001,332.5
1991,678.0,31.5,294.75
1991,684.0,55.5,338.25
1991,678.0,66.75,262.0
1991,678.0,48.74999999999999,264.0
1991,702.0,38.0,298.0
1991,708.0,52.50000000000001,338.99999999999994
1991,774.0,47.25,269.5
1991,768.0,64.25,342.5
1991,822.0,63.0,9.000000000000002
1991,810.0,62.24999999999999,288.0
1991,876.0,66.5,350.5
1991,894.0,54.25,279.0
1991,924.0,64.5,295.0
1991,990.0,61.75,309.75
1991,960.0,32.75,282.5
1991,978.0,63.75000000000001,347.0
1991,1104.0,64.0,286.25
1991,1038.0,49.75,306.75
1991,1032.0,58.24999999999999,359.5
1991,1122.0,47.50000000000001,299.0
1991,1122.0,55.0,321.0
1991,1074.0,45.5,353.25
1991,1092.0,61.25000000000001,335.75
1991,1110.0,66.25,8.0
1991,1116.0,55.5,311.99999999999994
1991,1134.0,64.5,350.0
1991,1152.0,43.25000000000001,304.5
1991,1200.0,58.00000000000001,269.0
1991,1296.0,60.75,336.5
1991,1236.0,58.75,322.0
1991,1236.0,63.0,311.99999999999994
1991,1326.0,51.25,281.25
1991,1344.0,66.75,350.75
1991,1314.0,51.75000000000001,228.74999999999997
1991,1356.0,54.5,310.0
1991,1386.0,61.0,304.25
1991,1374.0,34.75,345.0
1991,1506.0,63.0,297.0
1991,1416.0,63.50000000000001,321.75
1991,1446.0,63.75000000000001,288.5
1991,1482.0,65.5,330.5
1991,1428.0,56.25,345.49999999999994
1991,1494.0,37.5,327.25
1991,1530.0,53.0,317.25
1991,1506.0,61.25000000000001,318.25
1991,1518.0,66.25,288.0
1991,1590.0,60.25000000000001,307.75
1991,1668.0,49.24999999999999,290.0
1991,1650.0,59.5,319.5
1991,1704.0,64.75,300.75
1991,1698.0,58.5,269.0
1991,1710.0,41.75,304.5
1991,1812.0,62.75,305.0
1991,1746.0,62.24999999999999,316.0
1991,1848.0,61.50000000000001,325.25
1991,1800.0,51.75000000000001,331.0
1991,1908.0,61.75,355.5
1991,1902.0,61.75,280.75
1991,1986.0,62.50000000000001,358.25
1991,1968.0,60.5,320.0
1991,1986.0,63.50000000000001,346.25
1991,1926.0,62.0,328.5
1991,1962.0,64.0,278.5
1991,2028.0,63.50000000000001,288.0
1991,1992.0,38.25,302.0
1991,2058.0,64.25,359.25
1991,2058.0,67.0,302.75
1991,2070.0,53.75,307.25
1991,2130.0,65.5,323.75
1991,2112.0,65.25,337.0
1991,2160.0,61.50000000000001,320.25
1991,2178.0,42.25,301.0
1991,2190.0,65.0,335.75
1991,2214.0,65.0,0.7500000000000001
1991,2316.0,39.75000000000001,329.75
1991,2262.0,65.75,286.5
1991,2232.0,62.0,323.25
1991,2268.0,65.0,354.25
1991,2322.0,63.50000000000001,330.0
1991,2328.0,44.0,292.25
1991,2334.0,65.5,301.75
1991,2352.0,55.24999999999999,349.75
1991,2370.0,67.0,305.25
1991,2382.0,66.25,10.000000000000002
1991,2490.0,57.00000000000001,316.0
1991,2394.0,63.0,272.5
1991,2382.0,51.5,347.99999999999994
1991,2412.0,46.5,316.5
1991,2412.0,67.0,294.75
1991,2520.0,63.50000000000001,278.25
1991,2472.0,60.25000000000001,321.0
1991,2508.0,47.75,281.25
1991,2598.0,60.75,295.75
1991,2484.0,40.75,311.75
1991,2508.0,63.0,316.25
1991,2616.0,44.75,286.5
1991,2574.0,64.75,4.5
1991,2616.0,54.5,311.25
1991,2646.0,49.75,320.0
1991,2682.0,64.0,321.0
1991,2760.0,40.25,322.5
1991,2706.0,58.5,311.5
1991,2766.0,47.75,282.5
1991,2718.0,66.5,300.75
1991,2760.0,65.5,281.25
1991,2736.0,58.00000000000001,332.0
1991,2784.0,66.25,352.75
1991,2766.0,62.50000000000001,321.25
1991,2766.0,46.5,290.0
1991,2844.0,43.5,309.0
1991,2922.0,56.74999999999999,306.0
1991,2916.0,66.25,330.0
1991,2922.0,36.75,307.0
1991,2964.0,63.0,327.5
1991,2940.0,60.25000000000001,340.25
1991,2976.0,44.5,298.5
1991,3054.0,53.25,314.5
1991,3078.0,44.25,301.5
1991,3096.0,65.25,332.25
1991,3144.0,64.5,330.75
1991,3210.0,54.75000000000001,323.5
1991,3162.0,64.25,297.5
1991,3162.0,61.25000000000001,344.25
1991,3258.0,61.75,291.75
1991,3300.0,65.25,328.75
1991,3246.0,45.5,323.5
1991,3252.0,58.5,311.5
1991,3246.0,64.25,326.5
1991,3318.0,43.5,281.75
1991,3276.0,59.5,328.0
1991,3336.0,63.25,321.0
1991,3324.0,63.0,286.75
1991,3354.0,38.5,262.75
1991,3414.0,63.0,322.75
1991,3456.0,65.75,352.0
1991,3450.0,67.0,294.75
1991,3420.0,62.75,307.75
1991,3486.0,62.75,6.25
1991,3498.0,59.25000000000001,336.5
1991,3528.0,59.25000000000001,330.25
1991,3606.0,60.5,303.0
1991,3588.0,62.75,350.0
1991,3636.0,62.75,323.25
1991,3666.0,54.5,306.5
1991,3708.0,59.5,332.75
1991,3768.0,51.5,338.5
1991,3834.0,67.0,335.25
1991,3876.0,40.75,275.75
1991,3828.0,42.25,292.0
1991,3870.0,62.75,335.25
1991,3876.0,63.0,302.0
1991,3864.0,63.75000000000001,345.75
1991,3912.0,62.0,356.25
1991,3906.0,43.75,285.75
1991,4110.0,58.00000000000001,319.5
1991,3990.0,59.99999999999999,304.0
1991,3990.0,50.75,316.25
1991,4032.0,56.25,329.75
1991,4032.0,33.75,297.0
1991,4026.0,64.25,317.5
1991,4026.0,56.25,311.0
1991,4110.0,40.25,298.5
1991,4098.0,67.0,294.75
1991,4140.0,33.75,294.0
1991,4122.0,61.75,333.5
1991,4140.0,56.25,3.7500000000000004
1991,4194.0,44.5,7.75
1991,4242.0,34.00000000000001,7.499999999999999
1991,4296.0,62.75,328.0
1991,4272.0,37.75,284.5
1991,4464.0,46.25,306.5
1991,4380.0,56.0,317.25
1991,4392.0,51.0,354.5
1991,4392.0,50.75,9.5
1991,4512.0,38.0,298.25
1991,4392.0,55.24999999999999,322.5
1991,4434.0,43.25,344.5
1991,4458.0,45.0,295.25
1991,4482.0,67.0,348.75
1991,4506.0,57.74999999999999,338.0
1991,4560.0,57.00000000000001,282.5
1991,4494.0,42.75,6.000000000000001
1991,4542.0,60.75,318.75
1991,4524.0,66.0,358.0
1991,4596.0,38.5,10.0
1991,4584.0,66.5,329.5
1991,4572.0,38.25,2.75
1991,4632.0,59.5,320.5
1991,4638.0,53.0,302.25
1991,4614.0,67.0,2.0
1991,4668.0,55.75,282.75
1991,4692.0,58.75,8.5
1991,4656.0,54.0,311.0
1991,4716.0,53.5,305.0
1991,4746.0,54.0,7.499999999999999
1991,4806.0,64.5,353.75
1991,4860.0,46.5,269.25
1991,4944.0,58.75,330.0
1991,4872.0,62.24999999999999,320.5
1991,4878.0,66.0,342.0
1991,4878.0,42.5,265.5
1991,4914.0,57.5,321.0
1991,5010.0,43.25,295.5
1991,4974.0,64.25,353.75
1992,0.0,57.74999999999999,336.0
1992,18.0,59.99999999999999,278.0
1992,150.0,45.99999999999999,309.25
1992,54.0,58.75,308.5
1992,78.0,42.75,8.0
1992,120.0,58.5,307.0
1992,120.0,54.25,265.5
1992,102.0,43.0,8.750000000000002
1992,108.0,35.75,323.25
1992,222.0,47.74999999999999,274.0
1992,276.0,58.00000000000001,267.5
1992,324.0,62.0,359.5
1992,312.0,63.75000000000001,292.25
1992,366.0,63.75000000000001,266.5
1992,342.0,39.25,341.0
1992,414.0,61.50000000000001,1.5000000000000002
1992,384.0,48.5,282.0
1992,450.0,43.0,298.0
1992,450.0,48.5,354.5
1992,492.0,62.24999999999999,320.0
1992,492.0,65.25,310.75
1992,546.0,58.5,304.5
1992,594.0,39.75000000000001,307.0
1992,600.0,63.0,270.75
1992,582.0,53.5,351.5
1992,624.0,47.0,296.25
1992,654.0,57.00000000000001,357.5
1992,690.0,64.0,3.0000000000000004
1992,780.0,63.75000000000001,333.5
1992,786.0,43.75,268.5
1992,774.0,61.50000000000001,312.75
1992,792.0,58.25,8.5
1992,792.0,44.75,312.0
1992,876.0,56.74999999999999,309.5
1992,834.0,63.50000000000001,321.5
1992,822.0,54.25,329.99999999999994
1992,870.0,64.25,345.49999999999994
1992,930.0,62.50000000000001,321.25
1992,906.0,61.0,292.75
1992,984.0,53.5,274.5
1992,978.0,61.50000000000001,283.25
1992,948.0,42.25,305.25
1992,954.0,60.75,319.0
1992,1050.0,52.0,338.5
1992,984.0,60.5,266.0
1992,1074.0,67.0,330.74999999999994
1992,1038.0,47.5,280.0
1992,1116.0,65.25,325.75
1992,1110.0,63.50000000000001,338.99999999999994
1992,1128.0,62.75,293.25
1992,1188.0,59.5,3.25
1992,1134.0,51.75000000000001,6.000000000000001
1992,1242.0,56.5,330.25
1992,1242.0,46.75,276.75
1992,1260.0,65.75,359.0
1992,1284.0,61.0,344.25
1992,1278.0,42.5,277.5
1992,1326.0,63.75000000000001,346.25
1992,1368.0,66.5,303.75
1992,1320.0,65.25,321.5
1992,1338.0,49.75,356.25
1992,1422.0,57.25,287.5
1992,1392.0,64.75,1.5000000000000002
1992,1422.0,59.25000000000001,321.5
1992,1416.0,62.24999999999999,307.0
1992,1482.0,47.75,329.5
1992,1470.0,57.24999999999999,269.5
1992,1434.0,63.75000000000001,336.5
1992,1446.0,64.0,351.75
1992,1518.0,46.5,279.75
1992,1470.0,62.75,4.5
1992,1482.0,66.0,296.25
1992,1548.0,64.75,325.0
1992,1542.0,47.75,358.25
1992,1554.0,63.50000000000001,354.0
1992,1542.0,44.75,301.5
1992,1596.0,60.75,273.5
1992,1620.0,52.50000000000001,308.74999999999994
1992,1566.0,43.74999999999999,8.0
1992,1608.0,54.25,350.75
1992,1662.0,40.75,8.25
1992,1650.0,66.5,333.5
1992,1644.0,61.0,319.5
1992,1746.0,38.75,289.0
1992,1710.0,38.00000000000001,313.0
1992,1698.0,66.75,356.0
1992,1782.0,62.50000000000001,339.75
1992,1884.0,64.75,270.5
1992,1812.0,66.75,346.75
1992,1842.0,60.5,347.25
1992,1884.0,65.0,298.75
1992,1878.0,62.24999999999999,350.0
1992,1842.0,64.5,278.75
1992,1890.0,39.99999999999999,346.0
1992,1926.0,61.25000000000001,325.5
1992,1980.0,62.24999999999999,321.25
1992,2004.0,49.5,281.25
1992,2058.0,66.0,8.25
1992,2004.0,67.0,276.75
1992,2064.0,50.5,280.75
1992,2106.0,54.75000000000001,308.74999999999994
1992,2190.0,61.0,317.25
1992,2202.0,64.25,273.25
1992,2268.0,60.5,334.5
1992,2220.0,61.25000000000001,347.25
1992,2316.0,66.5,287.5
1992,2322.0,64.0,358.25
1992,2412.0,67.0,294.75
1992,2370.0,63.50000000000001,347.99999999999994
1992,2340.0,65.5,327.5
1992,2358.0,63.75000000000001,325.25
1992,2418.0,62.50000000000001,321.25
1992,2412.0,63.50000000000001,357.25
1992,2460.0,64.0,280.75
1992,2442.0,61.0,345.75
1992,2448.0,67.0,294.0
1992,2460.0,59.5,320.0
1992,2508.0,50.5,354.75
1992,2556.0,64.75,327.5
1992,2562.0,65.25,352.0
1992,2604.0,62.50000000000001,284.5
1992,2580.0,52.25,340.0
1992,2604.0,61.50000000000001,305.0
1992,2610.0,41.25000000000001,299.25
1992,2628.0,67.0,294.75
1992,2676.0,44.75,232.5
1992,2676.0,63.25,316.0
1992,2736.0,49.5,326.25
1992,2772.0,63.75000000000001,349.25
1992,2754.0,30.5,323.25
1992,2760.0,65.25,283.25
1992,2856.0,43.0,296.25
1992,2934.0,67.0,294.0
1992,2868.0,64.75,323.75
1992,2922.0,56.0,312.0
1992,3000.0,38.5,297.5
1992,2970.0,65.0,329.25
1992,3000.0,57.5,281.5
1992,3066.0,62.24999999999999,320.0
1992,3084.0,59.75,323.25
1992,3108.0,64.25,319.25
1992,3102.0,63.0,312.75
1992,3162.0,63.75000000000001,324.25
1992,3186.0,57.5,315.25
1992,3240.0,65.75,329.75
1992,3252.0,67.0,294.0
1992,3288.0,66.5,332.75
1992,3264.0,49.25,296.0
1992,3354.0,48.00000000000001,295.25
1992,3414.0,54.25,305.0
1992,3456.0,41.0,277.5
1992,3510.0,66.75,332.0
1992,3480.0,46.25,298.25
1992,3540.0,67.0,355.25
1992,3630.0,65.0,322.25
1992,3636.0,39.25,8.0
1992,3600.0,56.74999999999999,8.25
1992,3600.0,36.75,290.75
1992,3702.0,65.25,313.5
1992,3726.0,65.5,8.750000000000002
1992,3702.0,63.50000000000001,325.25
1992,3756.0,41.5,297.0
1992,3750.0,65.25,328.25
1992,3792.0,64.5,306.25
1992,3816.0,49.25,309.49999999999994
1992,3870.0,62.50000000000001,324.0
1992,3870.0,39.75000000000001,290.0
1992,3846.0,44.75,332.75
1992,3858.0,42.25,314.5
1992,3906.0,63.25,327.0
1992,3942.0,40.5,285.75
1992,3912.0,67.0,294.0
1992,3948.0,64.25,315.5
1992,3996.0,46.25,270.75
1992,3972.0,33.5,339.5
1992,4008.0,57.74999999999999,282.0
1992,3996.0,65.25,347.0
1992,4014.0,61.75,321.25
1992,4020.0,59.25000000000001,291.5
1992,4062.0,63.25,321.75
1992,4128.0,61.25000000000001,337.25
1992,4134.0,67.0,338.75
1992,4182.0,66.75,0.5
1992,4200.0,63.75000000000001,309.5
1992,4218.0,67.0,274.75
1992,4260.0,65.5,326.25
1992,4218.0,51.5,337.0
1992,4302.0,60.5,324.5
1992,4314.0,36.0,289.5
1992,4332.0,63.0,340.0
1992,4362.0,40.5,265.75
1992,4356.0,67.0,346.75
1992,4344.0,52.50000000000001,343.25
1992,4380.0,56.5,311.0
1992,4542.0,56.0,325.0
1992,4476.0,45.5,317.0
1992,4404.0,42.0,8.25
1992,4458.0,54.25,341.0
1992,4614.0,63.0,305.25
1992,4770.0,49.00000000000001,323.75
1992,4596.0,58.5,349.25
1992,4590.0,47.25,349.75
1992,4620.0,38.75,312.25
1992,4626.0,45.25,8.5
1992,4602.0,40.0,263.5
1992,4650.0,61.75,316.75
1992,4734.0,63.0,332.25
1992,4710.0,34.50000000000001,268.25
1992,4722.0,63.50000000000001,338.99999999999994
1992,4770.0,47.25,286.5
1992,4842.0,44.5,279.75
1992,4818.0,60.75,304.0
1992,4848.0,63.50000000000001,359.0
1992,4884.0,55.74999999999999,342.25
1992,4908.0,42.75,289.0
1992,4914.0,30.750000000000004,355.25
1992,4932.0,45.5,2.7500000000000004
1992,5004.0,62.75,304.75
1992,4926.0,43.5,348.75
1992,4932.0,66.0,358.0
1992,4938.0,30.750000000000004,355.0
1992,4974.0,65.0,326.25
1992,5034.0,67.0,326.25
1993,0.0,62.0,316.25
1993,36.0,52.0,319.25
1993,6.0,53.25,348.75
1993,42.0,59.99999999999999,282.0
1993,54.0,55.75,335.0
1993,102.0,60.5,2.75
1993,90.0,64.75,295.0
1993,138.0,65.25,302.5
1993,90.0,65.0,8.75
1993,102.0,56.25,300.25
1993,150.0,64.5,280.75
1993,186.0,46.5,322.0
1993,192.0,55.75,304.25
1993,162.0,38.0,331.25
1993,150.0,48.75,349.25
1993,210.0,41.0,293.25
1993,246.0,58.25,3.0000000000000004
1993,240.0,57.5,293.5
1993,282.0,52.50000000000001,280.75
1993,264.0,59.00000000000001,299.0
1993,330.0,63.75000000000001,292.25
1993,282.0,55.0,6.500000000000001
1993,276.0,36.0,344.0
1993,318.0,51.0,5.499999999999999
1993,354.0,41.0,345.25
1993,342.0,65.5,2.5
1993,426.0,42.0,294.5
1993,450.0,63.0,303.5
1993,432.0,43.25,327.75
1993,504.0,40.75,315.5
1993,522.0,66.75,330.0
1993,492.0,47.5,274.25
1993,510.0,42.75,7.0
1993,570.0,62.50000000000001,321.25
1993,552.0,51.25,231.25000000000003
1993,624.0,54.5,315.0
1993,606.0,58.75,329.0
1993,564.0,62.24999999999999,313.25
1993,660.0,45.5,298.5
1993,666.0,50.50000000000001,271.5
1993,696.0,35.75,341.0
1993,774.0,52.50000000000001,335.0
1993,780.0,66.75,282.0
1993,768.0,63.25,321.0
1993,732.0,38.0,285.5
1993,798.0,54.75000000000001,272.0
1993,840.0,66.25,335.25
1993,804.0,64.25,299.5
1993,816.0,64.5,325.0
1993,852.0,38.25000000000001,7.0
1993,888.0,65.25,327.5
1993,870.0,65.75,293.0
1993,858.0,43.5,349.5
1993,900.0,62.50000000000001,281.25
1993,888.0,54.5,303.25
1993,936.0,64.25,343.75
1993,1014.0,67.0,334.0
1993,1002.0,56.74999999999999,7.000000000000001
1993,1074.0,52.25,8.0
1993,990.0,60.25000000000001,236.25
1993,1068.0,49.00000000000001,290.0
1993,1056.0,55.75,314.0
1993,1056.0,66.0,302.75
1993,1086.0,58.5,333.75
1993,1128.0,61.50000000000001,269.5
1993,1140.0,52.0,333.75
1993,1128.0,64.0,327.0
1993,1182.0,52.0,323.0
1993,1164.0,58.75,263.75
1993,1164.0,51.5,340.25
1993,1260.0,59.99999999999999,312.0
1993,1260.0,53.75000000000001,291.75
1993,1236.0,47.75,344.0
1993,1350.0,59.5,318.0
1993,1530.0,59.99999999999999,307.75
1993,1446.0,60.75,307.75
1993,1440.0,63.0,336.5
1993,1494.0,66.5,347.25
1993,1572.0,62.24999999999999,324.0
1993,1530.0,56.5,351.5
1993,1530.0,48.25,232.00000000000003
1993,1644.0,56.5,345.49999999999994
1993,1608.0,62.75,348.75
1993,1704.0,67.0,4.0
1993,1638.0,60.25000000000001,320.0
1993,1662.0,57.5,278.5
1993,1704.0,46.0,282.75
1993,1692.0,56.25,0.5
1993,1692.0,63.75000000000001,330.75
1993,1734.0,58.5,270.0
1993,1752.0,54.75000000000001,351.5
1993,1728.0,43.5,291.75
1993,1728.0,66.0,298.0
1993,1746.0,67.0,358.0
1993,1878.0,60.5,336.75
1993,1776.0,35.75,267.5
1993,1764.0,53.75,3.0000000000000004
1993,1806.0,58.25,349.0
1993,1830.0,35.50000000000001,286.25
1993,1842.0,37.25,291.75
1993,1830.0,63.0,359.25
1993,1914.0,66.5,282.0
1993,1884.0,62.0,349.0
1993,1962.0,59.25000000000001,334.0
1993,1926.0,51.25,339.75
1993,1968.0,43.75,287.25
1993,2040.0,51.5,311.5
1993,2082.0,44.75,293.0
1993,2052.0,46.5,2.5
1993,2058.0,43.0,297.25
1993,2058.0,67.0,288.0
1993,2106.0,56.74999999999999,321.5
1993,2124.0,66.25,280.0
1993,2142.0,61.75,345.5
1993,2148.0,61.50000000000001,338.99999999999994
1993,2178.0,44.0,297.0
1993,2274.0,59.99999999999999,299.75
1993,2358.0,56.74999999999999,304.25
1993,2238.0,54.5,357.5
1993,2292.0,57.00000000000001,6.000000000000001
1993,2334.0,46.75,347.99999999999994
1993,2328.0,50.5,353.0
1993,2424.0,51.5,303.75
1993,2466.0,57.74999999999999,330.0
1993,2460.0,43.0,8.25
1993,2472.0,59.99999999999999,340.75
1993,2520.0,64.25,10.0
1993,2532.0,51.0,339.75
1993,2532.0,47.75,311.0
1993,2568.0,58.00000000000001,305.0
1993,2532.0,61.25000000000001,295.0
1993,2646.0,58.75,307.25
1993,2688.0,66.75,327.25
1993,2688.0,66.25,297.0
1993,2754.0,66.75,358.75
1993,2718.0,66.5,282.25
1993,2766.0,53.25,308.75
1993,2742.0,62.24999999999999,2.75
1993,2814.0,59.25000000000001,327.0
1993,2934.0,63.75000000000001,319.75
1993,2874.0,51.5,323.0
1993,2838.0,62.50000000000001,355.5
1993,2898.0,64.25,346.25
1993,2988.0,62.75,274.5
1993,3006.0,50.0,348.75
1993,2970.0,58.75,359.0
1993,3042.0,63.75000000000001,283.25
1993,3042.0,53.25,317.25
1993,3036.0,59.5,262.5
1993,3108.0,58.5,299.25
1993,3126.0,58.5,335.5
1993,3144.0,58.75,292.5
1993,3144.0,58.75,315.75
1993,3150.0,42.0,321.75
1993,3198.0,63.75000000000001,325.0
1993,3210.0,62.75,320.0
1993,3264.0,60.25000000000001,339.75
1993,3246.0,64.75,320.75
1993,3270.0,48.5,344.0
1993,3372.0,56.5,325.5
1993,3348.0,58.5,279.5
1993,3396.0,60.5,325.75
1993,3456.0,50.0,308.25
1993,3438.0,50.75,325.0
1993,3456.0,54.0,330.25
1993,3492.0,43.75,317.0
1993,3492.0,38.75000000000001,273.25
1993,3534.0,47.0,296.5
1993,3588.0,50.0,310.0
1993,3564.0,46.25,349.75
1993,3720.0,62.75,328.5
1993,3642.0,59.99999999999999,265.0
1993,3672.0,37.0,282.75
1993,3672.0,59.25000000000001,347.99999999999994
1993,3720.0,66.5,357.25
1993,3720.0,58.5,237.0
1993,3774.0,62.50000000000001,320.25
1993,3792.0,65.25,357.25
1993,3894.0,61.0,308.0
1993,3858.0,60.5,332.75
1993,3912.0,61.0,345.25
1993,3978.0,52.50000000000001,282.0
1993,3978.0,40.75,312.75
1993,4056.0,54.25,286.0
1993,4014.0,62.24999999999999,343.0
1993,4032.0,40.5,299.25
1993,4134.0,64.0,336.0
1993,4146.0,61.0,281.75
1993,4104.0,65.25,8.750000000000002
1993,4128.0,45.75000000000001,279.5
1993,4164.0,45.25,321.5
1993,4284.0,63.50000000000001,330.75
1993,4152.0,59.25000000000001,289.25
1993,4200.0,46.75,280.0
1993,4230.0,43.5,297.75
1993,4326.0,55.0,333.75
1993,4296.0,66.5,345.25
1993,4320.0,41.25000000000001,297.5
1993,4338.0,66.25,281.25
1993,4398.0,58.25,307.0
1993,4440.0,62.24999999999999,325.5
1993,4380.0,42.25,1.75
1993,4458.0,55.24999999999999,310.25
1993,4440.0,59.25000000000001,275.0
1993,4446.0,54.75000000000001,280.75
1993,4476.0,40.0,270.75
1993,4428.0,63.0,343.0
1993,4452.0,60.75,3.5000000000000004
1993,4530.0,59.99999999999999,325.25
1993,4512.0,62.50000000000001,308.25
1993,4572.0,56.25,310.75
1993,4536.0,43.25,9.75
1993,4608.0,53.75,289.75
1993,4566.0,58.00000000000001,357.5
1993,4590.0,44.0,9.0
1993,4614.0,40.5,7.499999999999999
1993,4656.0,57.5,314.0
1993,4716.0,66.5,289.25
1993,4722.0,37.5,353.25
1993,4716.0,33.75,327.25
1993,4746.0,42.0,9.5
1993,4734.0,47.50000000000001,273.25
1993,4740.0,31.5,355.0
1993,4812.0,58.25,356.5
1993,4818.0,55.5,285.75
1993,4800.0,31.0,0.25
1993,4848.0,47.25,342.0
1993,4878.0,59.5,290.25
1993,4872.0,63.75000000000001,3.5000000000000004
1993,4890.0,50.25000000000001,345.49999999999994
1993,4920.0,49.75,267.0
1993,4938.0,52.25,315.5
1993,4950.0,52.50000000000001,328.5
1993,4986.0,44.25,264.0
1993,4974.0,58.75,349.0
1993,5016.0,56.5,337.0
1994,42.0,30.5,272.25
1994,78.0,57.74999999999999,313.0
1994,42.0,57.25,9.0
1994,54.0,49.75,305.0
1994,96.0,59.99999999999999,322.75
1994,108.0,52.0,324.0
1994,180.0,64.5,305.5
1994,216.0,67.0,336.75
1994,234.0,58.5,292.5
1994,180.0,48.00000000000001,323.75
1994,186.0,66.0,354.75
1994,240.0,61.50000000000001,307.25
1994,276.0,66.0,4.749999999999999
1994,252.0,64.75,307.5
1994,294.0,47.5,309.25
1994,396.0,53.75,327.25
1994,468.0,60.5,282.25
1994,390.0,33.75,298.5
1994,444.0,42.0,3.7499999999999996
1994,444.0,61.75,308.75
1994,480.0,55.5,263.5
1994,474.0,53.75,324.5
1994,492.0,60.5,264.0
1994,552.0,51.5,269.75
1994,684.0,51.75,324.0
1994,600.0,58.75,287.5
1994,618.0,62.0,302.25
1994,594.0,60.5,356.75
1994,690.0,56.74999999999999,349.25
1994,684.0,59.25000000000001,264.0
1994,702.0,35.75,314.75
1994,702.0,60.25000000000001,290.5
1994,684.0,52.75000000000001,1.7500000000000002
1994,732.0,56.25,313.5
1994,774.0,44.0,286.5
1994,792.0,55.0,265.0
1994,816.0,52.75,347.99999999999994
1994,924.0,42.0,318.25
1994,894.0,51.0,328.0
1994,918.0,49.5,301.25
1994,852.0,59.99999999999999,320.0
1994,894.0,61.0,279.5
1994,996.0,43.75,316.25
1994,1092.0,60.5,282.75
1994,1008.0,54.75000000000001,317.25
1994,1020.0,56.5,333.75
1994,1032.0,63.50000000000001,310.75
1994,1158.0,33.75,285.25
1994,1080.0,36.5,309.5
1994,1110.0,60.5,335.75
1994,1164.0,61.50000000000001,312.25
1994,1140.0,56.5,270.5
1994,1128.0,63.75000000000001,0.25
1994,1236.0,63.75000000000001,327.75
1994,1140.0,65.75,297.25
1994,1140.0,57.74999999999999,8.999999999999998
1994,1260.0,58.00000000000001,284.0
1994,1200.0,62.0,320.5
1994,1182.0,63.75000000000001,344.5
1994,1212.0,65.5,266.25
1994,1272.0,42.5,335.0
1994,1308.0,53.75,268.75
1994,1308.0,61.75,307.0
1994,1356.0,62.75,327.0
1994,1380.0,66.5,302.75
1994,1398.0,45.0,269.75
1994,1488.0,62.0,330.74999999999994
1994,1386.0,64.25,323.75
1994,1428.0,66.25,332.0
1994,1440.0,40.75,336.25
1994,1512.0,49.00000000000001,290.25
1994,1512.0,55.0,342.75
1994,1518.0,47.25,323.25
1994,1566.0,52.75,342.5
1994,1542.0,52.0,355.0
1994,1596.0,52.24999999999999,338.75
1994,1668.0,43.5,309.75
1994,1632.0,51.25,347.99999999999994
1994,1680.0,62.24999999999999,274.5
1994,1752.0,56.5,307.25
1994,1884.0,66.0,278.0
1994,1884.0,64.0,350.75
1994,1824.0,34.75,295.5
1994,1896.0,40.0,293.0
1994,1902.0,64.75,300.75
1994,2118.0,54.0,329.25
1994,1998.0,40.0,10.0
1994,2016.0,65.0,330.75
1994,2016.0,58.75,279.5
1994,2130.0,66.5,280.5
1994,2052.0,67.0,352.75
1994,2178.0,48.5,304.75
1994,2088.0,56.5,3.7500000000000004
1994,2124.0,30.750000000000004,296.0
1994,2208.0,65.75,7.499999999999999
1994,2238.0,66.5,280.75
1994,2262.0,59.75,324.24999999999994
1994,2256.0,66.25,312.75
1994,2274.0,67.0,341.25
1994,2292.0,53.25,323.5
1994,2346.0,60.75,320.0
1994,2328.0,57.74999999999999,276.5
1994,2418.0,61.50000000000001,3.25
1994,2454.0,64.75,5.0
1994,2382.0,45.25,300.0
1994,2442.0,62.24999999999999,296.5
1994,2508.0,67.0,332.5
1994,2568.0,51.75000000000001,294.0
1994,2556.0,62.75,324.0
1994,2616.0,47.5,264.75
1994,2586.0,66.5,340.0
1994,2646.0,66.5,342.75
1994,2676.0,38.75,283.5
1994,2640.0,61.75,337.5
1994,2670.0,60.5,356.5
1994,2700.0,53.75,353.75
1994,2766.0,45.75,308.0
1994,2754.0,44.25,295.25
1994,2778.0,47.5,326.75
1994,2766.0,34.75,289.75
1994,2868.0,67.0,10.0
1994,2886.0,35.75,276.25
1994,2826.0,49.00000000000001,324.75
1994,2862.0,47.5,323.25
1994,2892.0,66.5,338.0
1994,2862.0,56.5,1.25
1994,2934.0,50.74999999999999,301.25
1994,3000.0,67.0,294.75
1994,2898.0,51.75000000000001,327.5
1994,2952.0,50.25000000000001,281.25
1994,2970.0,51.25,318.0
1994,2916.0,63.50000000000001,311.0
1994,2940.0,66.0,349.25
1994,3054.0,62.24999999999999,300.5
1994,3030.0,48.75,316.0
1994,3060.0,45.0,292.0
1994,3018.0,64.75,336.0
1994,3036.0,40.0,321.25
1994,3066.0,66.25,324.0
1994,3078.0,44.75,328.75
1994,3120.0,54.99999999999999,293.0
1994,3144.0,63.75000000000001,276.75
1994,3162.0,50.0,347.5
1994,3138.0,58.25,313.25
1994,3198.0,56.74999999999999,324.0
1994,3186.0,48.49999999999999,274.0
1994,3198.0,66.75,288.0
1994,3222.0,66.25,308.0
1994,3228.0,58.75,6.000000000000001
1994,3222.0,57.24999999999999,343.5
1994,3270.0,51.5,320.0
1994,3258.0,65.75,265.0
1994,3288.0,67.0,294.0
1994,3288.0,58.00000000000001,351.0
1994,3300.0,65.25,270.0
1994,3372.0,58.75,329.75
1994,3384.0,65.25,273.5
1994,3336.0,54.25,2.75
1994,3444.0,59.99999999999999,330.75
1994,3450.0,44.75,298.75
1994,3450.0,61.0,341.25
1994,3450.0,58.75,8.5
1994,3462.0,39.25,296.0
1994,3486.0,60.5,306.75
1994,3516.0,64.5,325.0
1994,3498.0,65.75,10.0
1994,3516.0,49.25,7.250000000000001
1994,3552.0,56.5,302.25
1994,3534.0,51.5,0.7500000000000001
1994,3570.0,64.75,327.5
1994,3594.0,67.0,349.25
1994,3726.0,66.75,351.5
1994,3684.0,57.5,317.5
1994,3678.0,53.25000000000001,3.250000000000001
1994,3744.0,59.5,309.75
1994,3702.0,44.0,9.0
1994,3756.0,61.50000000000001,319.5
1994,3762.0,57.25,338.5
1994,3798.0,48.5,322.5
1994,3846.0,48.5,299.5
1994,3888.0,63.75000000000001,324.0
1994,3876.0,37.0,350.5
1994,3906.0,35.25,5.0
1994,3912.0,65.0,323.75
1994,3936.0,38.75,311.25
1994,3984.0,62.24999999999999,329.75
1994,4050.0,65.25,0.7500000000000001
1994,4044.0,66.0,303.25
1994,4122.0,61.25000000000001,319.5
1994,4056.0,64.75,321.75
1994,4116.0,48.00000000000001,275.5
1994,4170.0,34.74999999999999,280.0
1994,4164.0,34.25,327.0
1994,4146.0,66.0,328.25
1994,4182.0,46.25,301.5
1994,4206.0,67.0,337.5
1994,4200.0,40.75,303.25
1994,4266.0,42.75,264.75
1994,4266.0,41.99999999999999,306.75
1994,4284.0,53.5,356.75
1994,4344.0,66.5,327.5
1994,4356.0,43.0,316.0
1994,4374.0,40.75,302.75
1994,4434.0,53.5,328.75
1994,4422.0,64.25,274.5
1994,4446.0,63.50000000000001,275.25
1994,4440.0,41.0,310.25
1994,4446.0,49.00000000000001,279.5
1994,4482.0,48.5,295.25
1994,4476.0,65.0,339.25
1994,4578.0,52.50000000000001,322.25
1994,4518.0,54.25,314.5
1994,4638.0,64.75,330.5
1994,4668.0,66.0,296.75
1994,4632.0,42.75,270.0
1994,4680.0,43.75,315.5
1994,4728.0,44.5,264.25
1994,4680.0,38.75,289.0
1994,4800.0,66.75,6.0
1994,4800.0,44.25,272.25
1994,4764.0,56.25,355.75
1994,4890.0,49.5,287.25
1994,4878.0,31.5,7.000000000000001
1994,4854.0,38.0,310.25
1994,4968.0,46.5,328.5
1994,4986.0,46.0,314.5
1994,4914.0,48.25,10.0
1994,5022.0,45.5,277.75
1994,4980.0,42.75,340.0
1995,18.0,64.5,298.25
1995,42.0,52.75,283.5
1995,96.0,30.750000000000007,273.0
1995,126.0,56.74999999999999,348.75
1995,162.0,37.25,334.0
1995,114.0,63.25,346.75
1995,156.0,46.5,276.0
1995,168.0,50.25000000000001,337.5
1995,120.0,63.25,335.0
1995,174.0,59.75,344.0
1995,222.0,63.0,342.5
1995,270.0,63.50000000000001,351.0
1995,210.0,60.5,236.00000000000003
1995,234.0,44.0,317.25
1995,354.0,53.25,279.0
1995,318.0,43.25,319.5
1995,330.0,59.5,341.25
1995,402.0,53.25,266.5
1995,378.0,60.5,300.0
1995,486.0,46.75,272.5
1995,504.0,63.0,337.75
1995,564.0,47.5,272.0
1995,546.0,57.25,281.0
1995,510.0,67.0,351.25
1995,582.0,46.75,331.75
1995,552.0,58.25,335.5
1995,588.0,52.25,262.75
1995,606.0,66.0,344.25
1995,630.0,57.25,321.0
1995,588.0,65.25,277.25
1995,774.0,41.25000000000001,334.25
1995,714.0,61.75,280.5
1995,678.0,59.75,342.5
1995,690.0,50.25000000000001,340.0
1995,696.0,62.75,301.0
1995,726.0,42.24999999999999,338.5
1995,774.0,43.25,8.75
1995,828.0,59.75,286.25
1995,870.0,57.25,304.0
1995,846.0,49.00000000000001,340.75
1995,876.0,52.50000000000001,264.5
1995,882.0,59.99999999999999,318.0
1995,930.0,66.75,354.75
1995,966.0,67.0,286.0
1995,918.0,66.75,289.25
1995,1056.0,63.50000000000001,279.5
1995,996.0,57.5,311.5
1995,990.0,47.0,349.0
1995,984.0,54.25,276.25
1995,1020.0,54.25,339.25
1995,1080.0,39.0,284.75
1995,1098.0,54.0,354.5
1995,1074.0,60.5,9.5
1995,1158.0,45.25,333.25
1995,1152.0,49.75,232.25
1995,1320.0,60.25000000000001,356.25
1995,1236.0,61.0,321.0
1995,1272.0,50.75,294.0
1995,1290.0,63.75000000000001,8.75
1995,1368.0,61.25000000000001,290.75
1995,1362.0,41.25000000000001,299.5
1995,1458.0,56.0,318.0
1995,1380.0,52.50000000000001,345.25
1995,1410.0,38.25000000000001,321.75
1995,1434.0,41.5,349.25
1995,1482.0,46.0,323.0
1995,1524.0,53.0,315.0
1995,1512.0,64.5,334.25
1995,1608.0,63.25,324.0
1995,1572.0,53.75,263.5
1995,1668.0,51.0,316.25
1995,1686.0,64.0,325.25
1995,1728.0,58.75,297.25
1995,1830.0,45.25,351.24999999999994
1995,1734.0,52.0,312.5
1995,1806.0,43.0,313.75
1995,1866.0,33.75,330.0
1995,1884.0,39.25,318.0
1995,1872.0,41.99999999999999,336.25
1995,1986.0,43.75,304.0
1995,1938.0,52.0,335.75
1995,1950.0,44.25,336.0
1995,1956.0,47.75,313.75
1995,1986.0,54.75000000000001,3.25
1995,2034.0,57.5,359.5
1995,2028.0,47.25,309.75
1995,2034.0,48.75,1.25
1995,2094.0,47.5,335.0
1995,2154.0,45.0,319.5
1995,2088.0,44.0,8.25
1995,2166.0,67.0,325.25
1995,2220.0,51.5,312.5
1995,2208.0,43.25,345.0
1995,2244.0,34.25,271.5
1995,2262.0,56.74999999999999,323.0
1995,2226.0,42.0,5.749999999999999
1995,2280.0,41.5,298.25
1995,2274.0,64.75,348.75
1995,2334.0,58.75,327.0
1995,2316.0,54.5,321.5
1995,2316.0,45.5,326.0
1995,2352.0,64.0,285.0
1995,2346.0,43.0,312.5
1995,2424.0,44.75,280.75
1995,2376.0,59.99999999999999,320.0
1995,2412.0,56.74999999999999,340.5
1995,2436.0,49.75,321.75
1995,2490.0,46.75,320.0
1995,2514.0,60.75,292.25
1995,2466.0,53.0,346.25
1995,2538.0,60.75,307.0
1995,2514.0,48.49999999999999,336.25
1995,2574.0,59.00000000000001,318.5
1995,2646.0,57.74999999999999,332.0
1995,2688.0,62.24999999999999,290.75
1995,2652.0,54.5,336.0
1995,2712.0,66.75,266.0
1995,2700.0,39.5,346.75
1995,2730.0,39.5,342.5
1995,2730.0,65.0,322.5
1995,2730.0,40.25,350.75
1995,2766.0,51.5,328.75
1995,2802.0,64.0,296.5
1995,2886.0,64.5,295.75
1995,2844.0,36.25,347.99999999999994
1995,2952.0,38.0,351.75
1995,2904.0,46.75,277.0
1995,2976.0,61.75,299.75
1995,2934.0,47.74999999999999,296.75
1995,2994.0,60.5,303.25
1995,3012.0,38.0,289.5
1995,3120.0,62.75,331.5
1995,3090.0,37.75,9.749999999999998
1995,3228.0,53.75,359.5
1995,3132.0,51.25,332.0
1995,3216.0,57.25,300.5
1995,3246.0,58.5,305.0
1995,3168.0,42.5,312.25
1995,3354.0,61.0,347.75
1995,3312.0,64.5,335.0
1995,3306.0,62.24999999999999,278.5
1995,3384.0,62.75,293.0
1995,3318.0,66.0,350.75
1995,3444.0,58.00000000000001,297.0
1995,3414.0,34.75,272.75
1995,3390.0,44.25,8.5
1995,3420.0,41.5,266.0
1995,3396.0,52.50000000000001,8.25
1995,3498.0,66.0,347.99999999999994
1995,3522.0,53.25,268.25
1995,3522.0,47.75000000000001,282.0
1995,3498.0,61.50000000000001,342.0
1995,3570.0,53.0,340.0
1995,3540.0,66.0,332.25
1995,3588.0,62.75,316.5
1995,3552.0,44.5,293.5
1995,3666.0,65.25,301.25
1995,3576.0,66.25,335.25
1995,3624.0,58.5,297.0
1995,3684.0,49.25,322.5
1995,3708.0,47.75,298.5
1995,3744.0,59.00000000000001,281.0
1995,3732.0,30.750000000000004,335.25
1995,3750.0,58.5,309.0
1995,3750.0,37.75,262.0
1995,3798.0,63.75000000000001,321.0
1995,3870.0,57.5,320.5
1995,3846.0,49.25,340.5
1995,3810.0,66.75,286.75
1995,3870.0,62.24999999999999,339.25
1995,3906.0,64.75,285.5
1995,3924.0,31.250000000000004,286.5
1995,3972.0,58.749999999999986,284.0
1995,3918.0,63.75000000000001,324.25
1995,3954.0,51.25,347.99999999999994
1995,3948.0,46.25,353.25
1995,4014.0,40.25,6.000000000000001
1995,4026.0,53.5,341.0
1995,4032.0,47.75,297.25
1995,4062.0,52.75,341.75
1995,4122.0,40.25,279.0
1995,4104.0,46.5,350.5
1995,4152.0,33.25,331.0
1995,4230.0,62.75,301.0
1995,4242.0,47.25,276.0
1995,4182.0,42.25000000000001,304.5
1995,4260.0,47.0,340.75
1995,4272.0,36.75,314.5
1995,4326.0,54.75000000000001,311.25
1995,4290.0,59.99999999999999,9.499999999999998
1995,4404.0,48.75,316.25
1995,4356.0,50.25000000000001,320.25
1995,4368.0,42.00000000000001,332.0
1995,4512.0,45.75,316.5
1995,4620.0,64.25,334.5
1995,4482.0,62.0,335.75
1995,4572.0,41.0,292.75
1995,4578.0,64.25,327.5
1995,4620.0,40.75,289.75
1995,4644.0,65.75,278.25
1995,4698.0,43.75,277.0
1995,4692.0,51.25,316.25
1995,4758.0,48.00000000000001,278.5
1995,4716.0,54.0,327.75
1995,4752.0,42.0,302.75
1995,4782.0,66.25,351.25
1995,4776.0,42.5,288.5
1995,4794.0,66.0,274.75
1995,4818.0,48.25,264.25
1995,4914.0,60.5,281.0
1995,4902.0,55.24999999999999,350.75
1995,4908.0,30.999999999999993,357.5
1995,4908.0,65.0,323.0
1995,4920.0,48.5,316.25
1995,4944.0,60.25000000000001,356.75
1995,4944.0,46.75,320.75
1995,4986.0,32.5,8.25
1995,4980.0,55.24999999999999,297.0
1995,4998.0,45.99999999999999,274.25
1995,5016.0,44.75,321.0
1996,12.0,34.25,319.5
1996,18.0,57.74999999999999,314.0
1996,0.0,60.5,332.75
1996,78.0,60.75,304.5
1996,336.0,62.0,336.75
1996,156.0,65.5,302.75
1996,138.0,64.25,335.0
1996,222.0,53.75,326.75
1996,258.0,65.25,358.5
1996,258.0,64.0,295.25
1996,264.0,65.75,303.75
1996,366.0,51.0,300.75
1996,354.0,55.0,347.0
1996,366.0,52.25,262.25
1996,402.0,46.5,267.0
1996,408.0,62.0,343.75
1996,408.0,53.74999999999999,337.75
1996,474.0,61.25000000000001,339.75
1996,444.0,64.75,332.5
1996,504.0,34.00000000000001,303.75
1996,456.0,40.5,285.5
1996,486.0,47.75,262.75
1996,498.0,44.25000000000001,327.25
1996,576.0,66.75,278.0
1996,564.0,47.25,274.75
1996,576.0,66.25,342.5
1996,798.0,56.25,328.25
1996,624.0,55.75,345.25
1996,642.0,53.0,276.25
1996,690.0,63.0,342.75
1996,696.0,41.99999999999999,302.25
1996,714.0,49.5,275.5
1996,726.0,58.25,350.0
1996,798.0,63.25,264.25
1996,846.0,54.25,315.0
1996,864.0,57.74999999999999,347.5
1996,852.0,58.75,3.5
1996,924.0,57.5,277.0
1996,936.0,59.75,4.25
1996,972.0,56.75,282.0
1996,996.0,44.75,348.25
1996,1008.0,52.50000000000001,2.7499999999999996
1996,1014.0,46.25,357.25
1996,1080.0,66.75,331.25
1996,1110.0,40.75,302.25
1996,1110.0,56.0,341.75
1996,1152.0,51.75000000000001,269.75
1996,1152.0,43.75,9.000000000000002
1996,1182.0,51.0,351.24999999999994
1996,1236.0,47.0,300.75
1996,1242.0,45.75000000000001,356.0
1996,1362.0,61.75,320.25
1996,1332.0,63.50000000000001,303.0
1996,1374.0,42.5,296.25
1996,1320.0,55.75,0.0
1996,1386.0,46.75,4.000000000000001
1996,1470.0,61.75,336.5
1996,1404.0,61.25000000000001,339.75
1996,1440.0,63.0,9.000000000000002
1996,1536.0,62.24999999999999,296.5
1996,1446.0,43.75,7.499999999999999
1996,1536.0,55.75000000000001,358.5
1996,1584.0,49.25,309.25
1996,1614.0,64.5,332.5
1996,1572.0,41.75,301.5
1996,1614.0,62.24999999999999,348.25
1996,1668.0,62.50000000000001,338.0
1996,1686.0,48.75,335.0
1996,1638.0,41.0,288.5
1996,1668.0,40.5,297.75
1996,1692.0,37.75,296.5
1996,1728.0,39.75,274.25
1996,1698.0,41.5,342.25
1996,1788.0,38.0,309.75
1996,1794.0,60.5,356.75
1996,1800.0,64.75,10.0
1996,1788.0,59.5,3.7499999999999996
1996,1866.0,52.75,331.5
1996,1980.0,60.5,272.75
1996,1950.0,39.25,340.0
1996,1950.0,55.24999999999999,300.5
1996,1962.0,38.25,347.75
1996,2016.0,64.0,288.0
1996,2034.0,65.5,328.25
1996,2064.0,59.99999999999999,303.0
1996,2040.0,42.25,5.5
1996,2040.0,36.25,328.5
1996,2052.0,66.5,269.25
1996,2112.0,63.50000000000001,313.25
1996,2142.0,51.25,323.5
1996,2166.0,59.75,291.75
1996,2142.0,37.5,350.75
1996,2148.0,40.0,329.75
1996,2190.0,54.0,304.25
1996,2226.0,44.0,312.75
1996,2262.0,43.5,355.5
1996,2328.0,51.75000000000001,324.24999999999994
1996,2292.0,48.00000000000001,314.75
1996,2280.0,44.25,0.25
1996,2304.0,43.25,272.25
1996,2394.0,53.25,308.25
1996,2364.0,44.0,345.0
1996,2436.0,41.75,288.75
1996,2418.0,39.75000000000001,7.250000000000001
1996,2400.0,47.5,321.5
1996,2478.0,64.5,352.0
1996,2478.0,63.75000000000001,317.0
1996,2496.0,33.5,340.75
1996,2550.0,65.5,283.25
1996,2502.0,52.25,324.24999999999994
1996,2556.0,52.99999999999999,274.0
1996,2556.0,49.25,330.0
1996,2562.0,64.5,302.0
1996,2598.0,52.75,292.0
1996,2586.0,47.50000000000001,327.75
1996,2610.0,66.5,348.5
1996,2640.0,61.50000000000001,293.75
1996,2670.0,56.5,310.25
1996,2778.0,58.25,329.5
1996,2700.0,67.0,293.5
1996,2838.0,59.75,303.5
1996,2820.0,36.5,326.0
1996,2916.0,57.74999999999999,301.5
1996,2922.0,57.5,236.49999999999997
1996,2940.0,47.0,266.25
1996,3018.0,65.5,356.75
1996,2970.0,65.75,339.5
1996,3072.0,65.75,334.5
1996,3036.0,65.75,329.5
1996,3150.0,64.0,324.0
1996,3102.0,62.50000000000001,296.5
1996,3108.0,67.0,358.0
1996,3198.0,61.75,308.75
1996,3150.0,62.24999999999999,355.5
1996,3162.0,40.0,295.5
1996,3168.0,60.25000000000001,336.0
1996,3204.0,63.25,275.25
1996,3186.0,64.25,358.75
1996,3216.0,49.75,230.75
1996,3252.0,63.25,307.0
1996,3246.0,47.5,321.0
1996,3246.0,61.25000000000001,335.25
1996,3234.0,61.50000000000001,300.5
1996,3282.0,51.0,322.5
1996,3276.0,66.25,327.25
1996,3354.0,63.25,337.25
1996,3366.0,63.25,320.25
1996,3378.0,65.5,330.0
1996,3408.0,62.24999999999999,354.25
1996,3498.0,58.5,338.5
1996,3444.0,55.5,335.0
1996,3444.0,39.25,269.25
1996,3474.0,45.25,288.25
1996,3498.0,64.25,5.0
1996,3612.0,44.75,320.25
1996,3546.0,62.0,1.0
1996,3558.0,64.0,325.0
1996,3576.0,54.5,323.0
1996,3702.0,63.50000000000001,320.25
1996,3606.0,66.25,296.75
1996,3600.0,62.24999999999999,332.5
1996,3612.0,66.75,344.75
1996,3648.0,58.75,345.49999999999994
1996,3660.0,62.24999999999999,321.75
1996,3762.0,61.25000000000001,338.25
1996,3756.0,62.75,298.0
1996,3774.0,47.75,299.75
1996,3780.0,53.25,235.0
1996,3918.0,53.5,320.25
1996,3924.0,47.75000000000001,319.75
1996,3894.0,66.25,355.5
1996,3936.0,50.50000000000001,303.75
1996,3978.0,54.25,284.5
1996,3948.0,48.75,322.5
1996,4014.0,56.5,325.0
1996,3972.0,40.75,291.75
1996,4032.0,59.25000000000001,345.25
1996,4032.0,59.00000000000001,304.5
1996,4092.0,54.75000000000001,308.25
1996,4056.0,54.75000000000001,6.999999999999999
1996,4182.0,54.75000000000001,318.25
1996,4086.0,50.5,281.5
1996,4158.0,56.25,319.5
1996,4134.0,55.24999999999999,341.25
1996,4254.0,30.750000000000004,347.75
1996,4260.0,54.75000000000001,305.25
1996,4212.0,57.5,237.0
1996,4338.0,43.0,295.75
1996,4320.0,64.0,307.25
1996,4302.0,66.75,327.5
1996,4320.0,48.5,324.0
1996,4350.0,62.75,323.0
1996,4362.0,40.75,329.5
1996,4380.0,37.74999999999999,290.0
1996,4488.0,60.75,305.0
1996,4404.0,61.0,353.5
1996,4530.0,54.5,285.75
1996,4458.0,61.0,350.0
1996,4506.0,63.50000000000001,323.75
1996,4548.0,34.75,316.5
1996,4602.0,57.5,307.5
1996,4620.0,44.25,312.25
1996,4674.0,42.0,288.25
1996,4692.0,45.75,324.0
1996,4698.0,61.25000000000001,272.25
1996,4668.0,44.0,291.5
1996,4710.0,38.75,336.25
1996,4788.0,42.50000000000001,344.75
1996,4818.0,39.75000000000001,293.25
1996,4854.0,37.25,7.499999999999999
1996,4854.0,63.50000000000001,4.5
1996,4926.0,46.75,314.75
1996,4956.0,41.5,301.75
1996,4902.0,59.00000000000001,346.5
1996,4992.0,51.0,1.25
1996,5028.0,60.25000000000001,340.75
1996,5028.0,43.25,319.25
1996,5034.0,59.99999999999999,270.5
1996,5010.0,53.0,277.25
1996,5022.0,59.99999999999999,346.5
1996,5028.0,63.0,325.25
1997,12.0,64.25,0.4999999999999999
1997,48.0,66.75,331.25
1997,24.0,54.25,264.0
1997,60.0,62.0,316.25
1997,162.0,44.50000000000001,305.25
1997,108.0,66.25,271.0
1997,234.0,58.25,284.5
1997,120.0,46.24999999999999,309.25
1997,138.0,62.24999999999999,338.5
1997,198.0,61.25000000000001,344.75
1997,186.0,51.0,346.0
1997,186.0,39.75,312.25
1997,222.0,56.5,2.0
1997,252.0,63.50000000000001,300.75
1997,336.0,64.0,271.0
1997,486.0,46.75,349.0
1997,360.0,54.25,329.0
1997,402.0,42.75,309.0
1997,420.0,65.25,297.5
1997,384.0,59.5,351.0
1997,486.0,56.0,282.75
1997,438.0,50.0,313.0
1997,462.0,37.75,291.0
1997,498.0,54.25,288.0
1997,510.0,46.0,345.25
1997,564.0,56.5,293.25
1997,612.0,47.25,321.25
1997,582.0,44.0,337.0
1997,630.0,45.0,311.75
1997,624.0,39.75000000000001,276.75
1997,672.0,57.74999999999999,271.0
1997,660.0,61.75,318.0
1997,708.0,56.25,313.0
1997,792.0,47.25,269.5
1997,786.0,62.0,336.75
1997,858.0,36.0,349.0
1997,828.0,64.25,356.75
1997,882.0,64.0,325.25
1997,894.0,63.25,274.5
1997,918.0,64.75,352.0
1997,942.0,51.75000000000001,355.0
1997,918.0,53.0,357.5
1997,1050.0,54.0,304.5
1997,1032.0,56.0,281.75
1997,1002.0,43.0,3.25
1997,1074.0,54.25,318.25
1997,1080.0,57.00000000000001,330.5
1997,1104.0,44.25,314.25
1997,1110.0,67.0,286.0
1997,1080.0,63.0,315.5
1997,1116.0,62.24999999999999,343.25
1997,1146.0,46.5,313.5
1997,1128.0,59.5,282.0
1997,1110.0,44.75,324.24999999999994
1997,1218.0,59.5,275.25
1997,1182.0,64.5,342.0
1997,1188.0,41.75,8.25
1997,1194.0,56.25,322.5
1997,1170.0,61.0,309.0
1997,1266.0,47.0,328.75
1997,1272.0,38.25000000000001,8.750000000000002
1997,1290.0,60.25000000000001,294.25
1997,1314.0,43.25,338.0
1997,1290.0,62.75,305.5
1997,1314.0,55.24999999999999,338.0
1997,1338.0,48.5,314.25
1997,1314.0,67.0,290.0
1997,1368.0,51.0,302.0
1997,1350.0,66.0,312.0
1997,1356.0,56.0,346.5
1997,1386.0,58.5,273.5
1997,1398.0,44.5,301.5
1997,1386.0,58.00000000000001,239.75
1997,1410.0,52.75,357.25
1997,1416.0,32.5,265.5
1997,1440.0,52.25,267.75
1997,1428.0,51.75000000000001,308.5
1997,1446.0,41.75,314.75
1997,1512.0,46.0,300.5
1997,1518.0,44.00000000000001,10.0
1997,1530.0,40.75,271.75
1997,1596.0,44.74999999999999,294.25
1997,1602.0,66.0,351.0
1997,1614.0,53.49999999999999,336.25
1997,1704.0,41.75,280.0
1997,1650.0,64.5,326.25
1997,1656.0,64.75,286.25
1997,1662.0,63.50000000000001,352.75
1997,1686.0,55.24999999999999,349.75
1997,1728.0,64.75,291.25
1997,1722.0,63.0,325.25
1997,1674.0,47.25000000000001,321.5
1997,1728.0,41.75,317.5
1997,1728.0,40.5,307.75
1997,1800.0,63.0,313.25
1997,1800.0,39.0,337.0
1997,1818.0,30.750000000000004,280.0
1997,1848.0,49.25,321.25
1997,1854.0,53.25,284.5
1997,1848.0,48.5,336.0
1997,1878.0,52.50000000000001,263.0
1997,1908.0,38.75,306.25
1997,1914.0,58.00000000000001,310.5
1997,1872.0,49.00000000000001,345.75
1997,1938.0,57.74999999999999,0.0
1997,1926.0,61.75,319.5
1997,1926.0,47.25,10.0
1997,1926.0,48.25,232.75000000000003
1997,2010.0,56.25,323.5
1997,1992.0,58.25,238.50000000000003
1997,2004.0,55.5,338.5
1997,2016.0,44.0,335.75
1997,2040.0,39.0,301.5
1997,2028.0,46.75,329.25
1997,2046.0,41.75,277.25
1997,2046.0,64.75,300.0
1997,2034.0,64.75,2.5
1997,2118.0,66.25,278.75
1997,2136.0,61.0,306.5
1997,2178.0,64.0,329.5
1997,2166.0,41.25000000000001,287.0
1997,2142.0,58.00000000000001,238.0
1997,2268.0,65.0,333.0
1997,2256.0,55.0,346.25
1997,2256.0,66.25,263.25
1997,2274.0,63.0,324.0
1997,2286.0,51.0,348.5
1997,2316.0,52.25,321.5
1997,2382.0,39.75000000000001,277.25
1997,2400.0,41.25000000000001,272.5
1997,2472.0,59.00000000000001,342.0
1997,2502.0,45.75,353.25
1997,2514.0,50.75,323.5
1997,2520.0,52.25,313.25
1997,2574.0,67.0,10.0
1997,2580.0,53.0,316.25
1997,2598.0,42.25,300.5
1997,2688.0,65.75,335.75
1997,2628.0,54.0,355.0
1997,2736.0,53.0,309.25
1997,2706.0,49.75,337.75
1997,2676.0,43.0,9.749999999999998
1997,2832.0,57.74999999999999,301.0
1997,2988.0,39.25,302.0
1997,2874.0,37.5,287.5
1997,2910.0,37.5,338.99999999999994
1997,2994.0,39.25,347.0
1997,2964.0,65.0,300.75
1997,2982.0,64.25,5.75
1997,3018.0,67.0,352.75
1997,3054.0,33.25,283.5
1997,3024.0,66.0,335.25
1997,3030.0,41.0,7.0
1997,3042.0,67.0,8.0
1997,3078.0,64.75,328.25
1997,3120.0,30.5,286.0
1997,3150.0,64.75,325.75
1997,3228.0,46.75,326.0
1997,3138.0,65.0,348.75
1997,3270.0,56.25,304.25
1997,3210.0,65.75,305.5
1997,3210.0,64.25,321.5
1997,3306.0,59.00000000000001,349.0
1997,3252.0,67.0,344.0
1997,3306.0,63.25,271.5
1997,3306.0,48.75,317.25
1997,3318.0,32.0,269.75
1997,3318.0,46.5,316.25
1997,3336.0,30.750000000000004,267.25
1997,3384.0,64.5,280.75
1997,3396.0,62.75,343.25
1997,3390.0,42.75,291.0
1997,3432.0,64.5,357.5
1997,3444.0,40.5,301.0
1997,3474.0,30.750000000000004,270.5
1997,3450.0,64.75,328.0
1997,3522.0,56.74999999999999,277.75
1997,3486.0,64.0,6.25
1997,3534.0,41.74999999999999,290.74999999999994
1997,3582.0,66.0,356.25
1997,3540.0,38.5,296.0
1997,3594.0,44.25,270.0
1997,3684.0,41.25,296.75
1997,3630.0,59.75,342.25
1997,3672.0,59.99999999999999,336.0
1997,3666.0,47.25,281.5
1997,3672.0,59.99999999999999,346.25
1997,3756.0,57.00000000000001,326.0
1997,3756.0,40.25,306.75
1997,3846.0,49.75,288.75
1997,3816.0,48.25,323.25
1997,3936.0,58.25,301.0
1997,3966.0,64.75,324.24999999999994
1997,4020.0,67.0,286.5
1997,4140.0,39.75000000000001,288.25
1997,4008.0,65.5,333.0
1997,4074.0,42.5,320.0
1997,4062.0,59.00000000000001,309.5
1997,4164.0,65.5,342.5
1997,4212.0,58.00000000000001,311.99999999999994
1997,4200.0,60.25000000000001,324.25
1997,4206.0,59.75,276.75
1997,4206.0,64.5,293.75
1997,4338.0,53.5,316.75
1997,4242.0,62.75,358.25
1997,4278.0,63.25,315.0
1997,4254.0,55.0,333.75
1997,4278.0,66.0,301.5
1997,4302.0,43.75,327.5
1997,4350.0,61.50000000000001,3.5000000000000004
1997,4350.0,38.25,267.25
1997,4326.0,46.5,273.0
1997,4404.0,49.25,341.25
1997,4452.0,31.750000000000004,309.75
1997,4464.0,37.25,290.25
1997,4434.0,44.5,299.25
1997,4494.0,61.0,273.75
1997,4578.0,41.0,277.0
1997,4506.0,44.50000000000001,355.5
1997,4530.0,31.5,355.25
1997,4554.0,51.75000000000001,355.25
1997,4548.0,43.75,310.25
1997,4608.0,42.75,299.0
1997,4650.0,37.0,295.0
1997,4650.0,56.74999999999999,7.000000000000001
1997,4650.0,67.0,267.25
1997,4656.0,46.75,262.0
1997,4818.0,54.75000000000001,312.5
1997,4686.0,47.5,350.25
1997,4722.0,34.00000000000001,4.000000000000001
1997,4788.0,63.0,322.25
1997,4734.0,48.25,348.5
1997,4794.0,66.75,358.5
1997,4776.0,44.00000000000001,8.75
1997,4914.0,56.0,278.0
1997,4878.0,49.50000000000001,327.75
1997,4908.0,59.25000000000001,326.5
1997,4908.0,38.25,288.25
1997,4926.0,63.50000000000001,337.25
1997,4950.0,61.25000000000001,347.25
1997,4968.0,41.75,264.25
1997,4980.0,55.5,354.25
1997,4998.0,47.25,8.500000000000002
1997,5016.0,52.25,330.5
1998,0.0,58.5,279.0
1998,24.0,60.25000000000001,325.75
1998,60.0,55.0,301.5
1998,48.0,59.25000000000001,338.99999999999994
1998,90.0,62.0,320.0
1998,186.0,65.25,297.0
1998,156.0,66.0,332.75
1998,156.0,49.75,315.75
1998,198.0,65.0,358.0
1998,204.0,40.75,320.5
1998,240.0,64.25,345.49999999999994
1998,270.0,64.5,328.0
1998,426.0,50.5,278.75
1998,384.0,56.5,352.75
1998,414.0,63.0,347.0
1998,420.0,45.50000000000001,316.25
1998,516.0,66.5,348.5
1998,558.0,54.75000000000001,345.49999999999994
1998,624.0,59.25000000000001,330.0
1998,546.0,66.75,280.75
1998,588.0,62.50000000000001,305.0
1998,666.0,65.0,332.5
1998,648.0,59.25000000000001,280.0
1998,642.0,61.50000000000001,353.75
1998,678.0,42.5,316.0
1998,714.0,44.25,294.25
1998,732.0,52.0,350.25
1998,792.0,52.75,357.25
1998,816.0,48.00000000000001,306.0
1998,822.0,37.5,297.5
1998,864.0,64.25,4.5
1998,822.0,64.0,329.5
1998,918.0,47.0,329.75
1998,912.0,63.50000000000001,330.0
1998,984.0,47.25,268.75
1998,1008.0,54.75000000000001,350.5
1998,984.0,63.0,324.0
1998,1116.0,49.25,299.25
1998,1050.0,47.5,357.25
1998,1038.0,58.5,302.0
1998,1122.0,62.50000000000001,321.25
1998,1080.0,60.5,282.25
1998,1146.0,54.25,315.0
1998,1224.0,63.25,337.0
1998,1182.0,46.75,268.5
1998,1272.0,60.25000000000001,305.0
1998,1284.0,63.25,335.25
1998,1266.0,54.75000000000001,265.25
1998,1302.0,66.25,341.25
1998,1332.0,51.25,266.0
1998,1368.0,57.5,325.0
1998,1362.0,41.0,286.75
1998,1482.0,60.25000000000001,281.75
1998,1440.0,63.75000000000001,323.25
1998,1518.0,53.75,318.75
1998,1500.0,66.75,336.0
1998,1524.0,55.24999999999999,310.25
1998,1506.0,62.50000000000001,288.0
1998,1548.0,49.5,287.0
1998,1536.0,41.0,7.249999999999999
1998,1590.0,51.0,323.0
1998,1626.0,65.5,279.0
1998,1650.0,53.75,316.25
1998,1674.0,62.50000000000001,330.0
1998,1734.0,62.75,344.25
1998,1734.0,60.25000000000001,319.5
1998,1692.0,65.25,315.5
1998,1782.0,64.5,299.25
1998,1752.0,42.0,321.5
1998,1800.0,62.24999999999999,285.25
1998,1806.0,47.25,319.0
1998,1794.0,65.25,351.25
1998,1860.0,43.25,300.5
1998,1842.0,59.75,306.25
1998,1896.0,47.0,272.5
1998,1902.0,47.0,304.0
1998,1944.0,62.0,321.25
1998,1950.0,43.0,9.749999999999998
1998,1968.0,57.00000000000001,332.0
1998,1938.0,64.25,310.0
1998,2016.0,61.25000000000001,276.75
1998,2016.0,55.5,316.25
1998,2082.0,56.74999999999999,352.0
1998,2148.0,60.25000000000001,303.25
1998,2082.0,59.75,323.25
1998,2118.0,46.75000000000001,322.25
1998,2154.0,46.5,279.0
1998,2148.0,54.25,343.25
1998,2196.0,56.25,300.5
1998,2178.0,51.25,343.5
1998,2214.0,55.5,318.25
1998,2316.0,63.25,296.0
1998,2238.0,55.75,351.0
1998,2250.0,50.25000000000001,336.75
1998,2316.0,46.25,336.25
1998,2268.0,53.0,334.0
1998,2304.0,50.5,345.5
1998,2316.0,37.0,340.75
1998,2400.0,59.75,306.25
1998,2370.0,63.0,322.0
1998,2364.0,56.5,341.75
1998,2490.0,67.0,343.25
1998,2448.0,43.25,7.499999999999999
1998,2544.0,61.25000000000001,331.25
1998,2490.0,59.5,299.75
1998,2508.0,58.5,348.5
1998,2556.0,61.25000000000001,347.0
1998,2574.0,60.5,262.25
1998,2640.0,59.99999999999999,343.5
1998,2694.0,59.25000000000001,305.0
1998,2832.0,60.75,322.25
1998,2682.0,66.75,346.0
1998,2790.0,62.24999999999999,320.0
1998,2760.0,59.75,354.75
1998,2766.0,47.5,340.0
1998,2802.0,58.5,352.0
1998,2886.0,62.0,320.25
1998,2922.0,53.25,325.0
1998,2982.0,63.75000000000001,340.0
1998,2898.0,52.25,238.25
1998,3006.0,59.00000000000001,265.5
1998,2946.0,52.0,329.0
1998,3012.0,59.00000000000001,273.5
1998,3036.0,55.5,283.25
1998,3060.0,39.5,293.5
1998,3138.0,66.0,6.75
1998,3210.0,64.5,332.5
1998,3174.0,42.5,10.0
1998,3168.0,52.24999999999999,283.25
1998,3138.0,55.75,303.5
1998,3156.0,40.75,238.50000000000003
1998,3240.0,53.25,279.5
1998,3258.0,65.0,332.5
1998,3276.0,59.75,277.25
1998,3246.0,66.5,334.75
1998,3288.0,67.0,324.24999999999994
1998,3294.0,66.75,353.25
1998,3336.0,34.00000000000001,306.5
1998,3378.0,64.75,332.0
1998,3366.0,64.75,306.75
1998,3546.0,63.75000000000001,329.25
1998,3420.0,66.5,347.99999999999994
1998,3480.0,38.75,298.75
1998,3504.0,65.0,326.5
1998,3582.0,48.75,262.0
1998,3666.0,57.00000000000001,349.0
1998,3624.0,45.99999999999999,278.0
1998,3630.0,41.0,287.25
1998,3702.0,40.5,283.5
1998,3768.0,44.0,9.0
1998,3798.0,42.0,340.0
1998,3786.0,54.25,3.25
1998,3780.0,62.75,293.5
1998,3792.0,47.75,352.75
1998,3822.0,38.25,303.5
1998,3852.0,43.0,344.75
1998,3876.0,61.75,342.0
1998,3870.0,35.75,292.0
1998,3930.0,67.0,345.49999999999994
1998,3972.0,64.75,353.75
1998,3996.0,44.74999999999999,294.25
1998,4032.0,67.0,342.0
1998,4038.0,47.5,279.0
1998,4068.0,57.25,316.75
1998,4110.0,58.25,309.5
1998,4140.0,63.0,337.0
1998,4266.0,54.75000000000001,320.5
1998,4182.0,59.99999999999999,348.25
1998,4218.0,52.75,0.0
1998,4200.0,66.75,273.5
1998,4200.0,60.25000000000001,305.0
1998,4224.0,56.5,334.0
1998,4284.0,62.75,266.75
1998,4248.0,67.0,269.5
1998,4248.0,63.75000000000001,8.75
1998,4272.0,37.25000000000001,286.75
1998,4296.0,61.75,314.75
1998,4278.0,60.25000000000001,333.75
1998,4368.0,65.75,297.5
1998,4308.0,67.0,323.25
1998,4368.0,46.0,272.0
1998,4374.0,53.75,340.25
1998,4374.0,49.5,301.75
1998,4410.0,42.0,318.25
1998,4494.0,43.25,266.0
1998,4476.0,43.0,303.0
1998,4524.0,64.75,266.75
1998,4578.0,57.00000000000001,342.99999999999994
1998,4602.0,40.0,296.25
1998,4722.0,64.5,3.0000000000000004
1998,4608.0,43.0,264.0
1998,4650.0,40.5,295.25
1998,4674.0,30.750000000000004,355.25
1998,4686.0,50.25000000000001,357.5
1998,4740.0,41.5,272.5
1998,4722.0,46.75,309.5
1998,4722.0,59.99999999999999,343.5
1998,4818.0,55.75,319.75
1998,4824.0,49.75,341.5
1998,4866.0,39.25,262.0
1998,4926.0,50.75,330.5
1998,4902.0,47.25000000000001,356.75
1998,4974.0,55.0,311.75
1998,5034.0,35.25,4.75
1998,5028.0,37.0,6.75
1998,5028.0,39.75000000000001,2.7499999999999996
1999,12.0,56.0,285.75
1999,54.0,59.5,3.0000000000000004
1999,42.0,49.75,275.75
1999,132.0,65.25,332.25
1999,150.0,51.75000000000001,314.75
1999,300.0,63.25,323.5
1999,240.0,61.75,266.0
1999,240.0,66.25,350.25
1999,234.0,55.24999999999999,280.5
1999,216.0,62.0,327.25
1999,276.0,64.75,7.499999999999999
1999,282.0,55.0,312.0
1999,432.0,49.25,331.0
1999,360.0,54.5,308.25
1999,450.0,50.25000000000001,314.5
1999,366.0,48.00000000000001,343.5
1999,432.0,50.5,339.5
1999,534.0,41.25000000000001,291.0
1999,594.0,45.0,312.5
1999,552.0,47.5,356.75
1999,642.0,53.0,311.5
1999,618.0,61.75,321.75
1999,738.0,57.74999999999999,344.0
1999,690.0,50.25000000000001,335.0
1999,774.0,53.75,319.0
1999,708.0,58.00000000000001,263.25
1999,834.0,64.25,328.75
1999,774.0,64.5,323.75
1999,792.0,41.74999999999999,281.5
1999,846.0,56.74999999999999,266.75
1999,846.0,34.00000000000001,335.0
1999,870.0,53.75000000000001,3.500000000000001
1999,876.0,62.75,324.0
1999,882.0,43.5,9.25
1999,942.0,56.25,309.0
1999,978.0,63.75000000000001,312.0
1999,1032.0,59.75,306.25
1999,1074.0,55.0,285.5
1999,1092.0,41.5,316.25
1999,1056.0,39.5,303.5
1999,1104.0,47.5,294.0
1999,1146.0,59.00000000000001,300.0
1999,1176.0,44.5,264.25
1999,1182.0,50.25000000000001,8.750000000000002
1999,1176.0,43.75,9.5
1999,1170.0,56.0,316.25
1999,1272.0,31.749999999999996,313.25
1999,1272.0,62.50000000000001,308.74999999999994
1999,1392.0,60.25000000000001,354.0
1999,1278.0,63.25,333.5
1999,1302.0,66.75,342.0
1999,1350.0,59.99999999999999,347.0
1999,1338.0,34.5,323.75
1999,1386.0,50.75,279.75
1999,1404.0,64.5,331.5
1999,1398.0,56.5,294.0
1999,1416.0,58.24999999999999,0.9999999999999998
1999,1410.0,59.25000000000001,308.5
1999,1494.0,66.75,340.0
1999,1476.0,39.75000000000001,295.25
1999,1500.0,62.24999999999999,267.25
1999,1500.0,65.5,350.0
1999,1530.0,56.25,9.749999999999998
1999,1584.0,59.99999999999999,328.5
1999,1608.0,62.24999999999999,265.5
1999,1578.0,63.25,4.999999999999999
1999,1632.0,56.5,338.0
1999,1602.0,61.50000000000001,4.5
1999,1716.0,55.24999999999999,350.75
1999,1758.0,43.0,316.5
1999,1662.0,64.75,326.25
1999,1752.0,66.25,272.75
1999,1752.0,39.5,305.5
1999,1746.0,63.0,338.25
1999,1770.0,52.50000000000001,3.0000000000000004
1999,1830.0,47.5,278.0
1999,1872.0,67.0,6.500000000000001
1999,1860.0,60.5,6.750000000000001
1999,1890.0,57.00000000000001,302.5
1999,1872.0,49.25,232.00000000000003
1999,1932.0,64.5,325.5
1999,2028.0,55.5,315.5
1999,1956.0,58.00000000000001,281.5
1999,1998.0,63.50000000000001,343.75
1999,2022.0,67.0,342.0
1999,2034.0,61.0,334.5
1999,2010.0,58.25,347.0
1999,2064.0,56.74999999999999,277.0
1999,2064.0,48.00000000000001,351.0
1999,2046.0,59.00000000000001,1.0
1999,2106.0,47.5,357.75
1999,2124.0,61.50000000000001,304.75
1999,2190.0,62.75,324.5
1999,2214.0,62.50000000000001,340.75
1999,2298.0,53.0,329.0
1999,2262.0,61.0,353.5
1999,2262.0,64.5,285.0
1999,2292.0,67.0,304.0
1999,2286.0,52.50000000000001,228.74999999999997
1999,2346.0,58.75,319.0
1999,2274.0,59.00000000000001,329.75
1999,2352.0,64.25,283.75
1999,2364.0,65.75,350.0
1999,2418.0,60.5,328.25
1999,2388.0,57.5,236.49999999999997
1999,2466.0,49.25,286.25
1999,2454.0,45.0,291.0
1999,2520.0,57.5,301.5
1999,2544.0,54.25,310.0
1999,2574.0,35.75,309.0
1999,2664.0,60.75,298.0
1999,2670.0,40.5,303.75
1999,2694.0,39.00000000000001,291.75
1999,2790.0,34.5,284.0
1999,2844.0,42.25,296.25
1999,2892.0,61.75,0.5
1999,2928.0,60.25000000000001,0.9999999999999998
1999,2928.0,57.74999999999999,278.0
1999,2916.0,64.5,306.25
1999,2874.0,60.75,316.0
1999,2964.0,65.25,330.74999999999994
1999,2946.0,44.25,291.0
1999,3036.0,42.24999999999999,278.5
1999,3024.0,56.5,312.75
1999,3012.0,66.5,349.25
1999,3042.0,61.50000000000001,320.0
1999,3078.0,55.5,342.25
1999,3036.0,67.0,294.75
1999,3144.0,59.00000000000001,327.5
1999,3096.0,55.0,331.5
1999,3096.0,64.75,301.25
1999,3120.0,63.50000000000001,322.75
1999,3144.0,58.5,283.0
1999,3120.0,56.74999999999999,330.25
1999,3282.0,63.75000000000001,325.25
1999,3198.0,66.75,265.25
1999,3246.0,65.0,299.75
1999,3216.0,64.5,337.5
1999,3222.0,66.75,346.0
1999,3300.0,62.50000000000001,272.25
1999,3336.0,58.00000000000001,322.5
1999,3282.0,62.24999999999999,357.75
1999,3402.0,60.25000000000001,310.5
1999,3426.0,49.5,323.0
1999,3486.0,63.50000000000001,334.25
1999,3420.0,66.5,332.75
1999,3552.0,62.50000000000001,320.75
1999,3498.0,63.75000000000001,353.25
1999,3576.0,57.74999999999999,278.0
1999,3594.0,32.5,314.0
1999,3582.0,65.0,348.75
1999,3678.0,59.00000000000001,288.0
1999,3642.0,39.5,300.0
1999,3786.0,55.24999999999999,314.25
1999,3684.0,61.75,353.75
1999,3678.0,38.25,310.5
1999,3750.0,65.75,276.5
1999,3798.0,53.75,325.5
1999,3774.0,67.0,357.25
1999,3864.0,62.75,302.5
1999,3864.0,61.25000000000001,333.75
1999,3846.0,45.0,269.75
1999,3852.0,44.0,314.25
1999,3912.0,64.25,320.0
1999,3936.0,46.5,295.5
1999,4014.0,64.5,323.75
1999,4062.0,63.0,306.5
1999,4050.0,63.50000000000001,322.25
1999,4074.0,58.75,272.0
1999,4086.0,39.50000000000001,302.75
1999,4230.0,58.00000000000001,268.5
1999,4194.0,58.00000000000001,337.0
1999,4212.0,58.25,306.5
1999,4248.0,54.5,278.0
1999,4254.0,45.25,319.5
1999,4278.0,42.0,297.75
1999,4314.0,30.5,7.499999999999999
1999,4338.0,64.75,326.25
1999,4308.0,41.75,286.25
1999,4416.0,32.0,356.75
1999,4458.0,45.25000000000001,356.25
1999,4368.0,61.75,346.0
1999,4380.0,60.5,9.0
1999,4446.0,58.5,310.0
1999,4476.0,36.5,9.749999999999998
1999,4488.0,49.25,285.75
1999,4464.0,66.25,307.5
1999,4554.0,64.25,320.5
1999,4476.0,55.24999999999999,9.25
1999,4518.0,65.75,270.0
1999,4518.0,47.5,270.5
1999,4530.0,57.5,302.0
1999,4602.0,43.74999999999999,288.5
1999,4548.0,34.75,347.0
1999,4578.0,66.75,286.0
1999,4644.0,41.75,4.999999999999999
1999,4638.0,57.25,0.0
1999,4710.0,30.25,355.0
1999,4722.0,46.25,355.5
1999,4728.0,59.75,295.5
1999,4716.0,63.75000000000001,347.99999999999994
1999,4722.0,33.5,8.75
1999,4728.0,61.50000000000001,8.0
1999,4788.0,53.5,356.5
1999,4800.0,54.75000000000001,309.25
1999,4824.0,48.75,330.25
1999,4770.0,34.75,5.249999999999999
1999,4842.0,57.5,283.5
1999,4842.0,60.5,0.5
1999,4914.0,50.0,321.0
1999,4872.0,42.5,273.75
1999,4974.0,33.75,279.0
1999,5004.0,51.75000000000001,353.75
1999,4950.0,64.5,358.25
1999,5034.0,34.00000000000001,6.249999999999999
1999,4986.0,36.5,285.75
2000,90.0,59.00000000000001,269.0
2000,6.0,56.0,340.75
2000,120.0,61.75,320.75
2000,102.0,60.25000000000001,305.0
2000,48.0,64.5,328.75
2000,60.0,62.24999999999999,339.25
2000,78.0,58.5,343.5
2000,222.0,55.0,337.0
2000,168.0,66.25,352.0
2000,192.0,66.5,303.25
2000,210.0,39.75000000000001,294.25
2000,246.0,56.5,353.0
2000,270.0,30.750000000000004,355.25
2000,288.0,58.5,318.5
2000,300.0,65.0,308.25
2000,450.0,43.5,301.5
2000,336.0,42.75,5.749999999999999
2000,378.0,55.24999999999999,322.5
2000,414.0,63.0,276.5
2000,402.0,49.25,231.75
2000,462.0,54.5,349.75
2000,486.0,66.5,356.0
2000,528.0,44.0,319.0
2000,540.0,64.0,279.75
2000,588.0,61.0,344.25
2000,534.0,57.5,347.5
2000,582.0,58.75,354.5
2000,648.0,52.25,291.5
2000,684.0,46.0,300.5
2000,600.0,50.25000000000001,327.5
2000,666.0,56.5,351.5
2000,708.0,55.75,0.9999999999999998
2000,822.0,60.5,274.5
2000,768.0,38.5,296.0
2000,810.0,59.99999999999999,1.9999999999999996
2000,864.0,48.25,354.0
2000,828.0,42.25,313.75
2000,978.0,63.0,280.25
2000,1080.0,65.5,333.0
2000,960.0,62.50000000000001,332.0
2000,930.0,29.999999999999996,266.0
2000,990.0,66.0,3.2500000000000004
2000,1008.0,37.5,296.75
2000,1104.0,48.00000000000001,307.5
2000,1080.0,47.25,277.0
2000,1086.0,54.25,264.0
2000,1158.0,61.50000000000001,299.25
2000,1104.0,63.0,348.75
2000,1110.0,55.75,276.0
2000,1152.0,43.0,7.499999999999999
2000,1164.0,60.5,353.75
2000,1182.0,59.25000000000001,309.0
2000,1218.0,63.0,320.25
2000,1212.0,38.0,294.75
2000,1242.0,46.75,301.25
2000,1314.0,62.0,2.2500000000000004
2000,1248.0,51.75000000000001,352.25
2000,1260.0,56.25,222.5
2000,1332.0,55.0,329.5
2000,1326.0,58.5,236.25
2000,1368.0,47.5,332.25
2000,1350.0,36.75,282.5
2000,1398.0,62.50000000000001,335.25
2000,1404.0,45.75,345.0
2000,1380.0,63.25,0.0
2000,1446.0,49.00000000000001,335.5
2000,1452.0,65.75,297.5
2000,1482.0,44.25,306.5
2000,1524.0,61.0,300.75
2000,1566.0,64.75,278.75
2000,1554.0,59.75,353.5
2000,1644.0,58.00000000000001,292.5
2000,1590.0,58.5,340.0
2000,1608.0,42.0,348.5
2000,1656.0,51.25,315.5
2000,1710.0,58.5,281.5
2000,1692.0,58.25,358.0
2000,1746.0,54.0,350.0
2000,1770.0,56.5,305.75
2000,1794.0,62.24999999999999,301.5
2000,1800.0,62.0,319.75
2000,1836.0,53.74999999999999,325.25
2000,1842.0,45.0,272.25
2000,1896.0,52.50000000000001,294.5
2000,1932.0,44.0,291.75
2000,1968.0,42.24999999999999,347.75
2000,1998.0,43.25,340.75
2000,2010.0,48.25,308.0
2000,2004.0,57.74999999999999,306.0
2000,2130.0,56.0,7.499999999999999
2000,2094.0,59.25000000000001,356.99999999999994
2000,2088.0,48.75,309.5
2000,2100.0,56.0,352.75
2000,2118.0,49.75,320.25
2000,2142.0,30.750000000000004,284.25
2000,2142.0,42.25,7.499999999999999
2000,2160.0,49.25,318.0
2000,2202.0,64.5,352.5
2000,2196.0,64.75,3.7499999999999996
2000,2172.0,40.5,324.0
2000,2184.0,41.25000000000001,287.5
2000,2178.0,39.75000000000001,7.75
2000,2292.0,63.50000000000001,311.5
2000,2268.0,60.5,356.25
2000,2286.0,66.25,285.25
2000,2292.0,41.75,327.0
2000,2334.0,52.75,310.25
2000,2310.0,49.00000000000001,274.25
2000,2298.0,47.25,350.0
2000,2328.0,61.50000000000001,355.5
2000,2352.0,66.25,302.75
2000,2400.0,44.25,345.75
2000,2358.0,45.49999999999999,274.0
2000,2430.0,58.75,302.0
2000,2406.0,48.25,322.75
2000,2496.0,46.75,315.25
2000,2478.0,51.25,318.75
2000,2586.0,64.0,308.0
2000,2628.0,58.00000000000001,317.0
2000,2682.0,52.25,306.75
2000,2664.0,50.75,331.75
2000,2712.0,43.5,299.25
2000,2700.0,51.0,328.25
2000,2748.0,61.0,274.5
2000,2760.0,56.25,330.25
2000,2784.0,38.25,300.5
2000,2766.0,67.0,294.75
2000,2766.0,60.25000000000001,350.5
2000,2820.0,63.75000000000001,282.75
2000,2796.0,47.75,324.75
2000,2802.0,57.24999999999999,346.0
2000,2832.0,37.75000000000001,299.75
2000,2838.0,63.50000000000001,296.5
2000,2886.0,57.75000000000001,273.0
2000,2874.0,40.50000000000001,304.5
2000,2904.0,41.25000000000001,10.0
2000,2898.0,61.0,280.25
2000,2892.0,36.25,266.0
2000,2982.0,61.75,327.75
2000,3012.0,65.25,276.75
2000,3000.0,46.00000000000001,326.25
2000,3030.0,49.75,319.5
2000,3084.0,43.5,293.75
2000,3066.0,49.5,342.0
2000,3084.0,64.25,3.7499999999999996
2000,3192.0,57.5,335.0
2000,3198.0,52.0,300.5
2000,3234.0,64.25,285.0
2000,3192.0,61.25000000000001,351.5
2000,3252.0,67.0,294.75
2000,3228.0,62.50000000000001,321.75
2000,3246.0,66.0,307.25
2000,3270.0,63.75000000000001,318.0
2000,3312.0,63.0,333.75
2000,3318.0,50.75,309.25
2000,3342.0,59.00000000000001,292.25
2000,3354.0,62.50000000000001,276.25
2000,3378.0,55.25,308.5
2000,3474.0,64.5,358.0
2000,3486.0,61.75,292.25
2000,3510.0,64.5,8.75
2000,3498.0,41.25000000000001,297.5
2000,3540.0,32.75,9.75
2000,3588.0,33.5,319.75
2000,3546.0,42.25,9.999999999999998
2000,3540.0,45.75,270.25
2000,3570.0,53.75000000000001,356.5
2000,3588.0,39.25,315.75
2000,3618.0,50.25000000000001,304.75
2000,3612.0,43.49999999999999,9.5
2000,3696.0,63.50000000000001,0.0
2000,3768.0,53.75000000000001,339.75
2000,3654.0,42.25,347.0
2000,3690.0,37.75,305.0
2000,3690.0,64.25,349.5
2000,3690.0,45.75,272.25
2000,3714.0,61.50000000000001,346.75
2000,3678.0,47.5,348.25
2000,3756.0,41.0,291.25
2000,3702.0,41.75,350.75
2000,3720.0,37.25,334.0
2000,3762.0,50.25000000000001,328.75
2000,3762.0,62.0,313.75
2000,3774.0,38.25,298.5
2000,3840.0,66.0,276.75
2000,3834.0,62.75,323.5
2000,3906.0,56.00000000000001,308.5
2000,3876.0,53.25,353.25
2000,3894.0,56.0,8.5
2000,3930.0,47.25,277.0
2000,3954.0,50.0,336.25
2000,4008.0,40.5,279.0
2000,3954.0,60.75,8.750000000000002
2000,4026.0,46.0,323.0
2000,3966.0,48.24999999999999,306.75
2000,4062.0,53.5,10.0
2000,4092.0,32.0,276.0
2000,4122.0,48.5,327.25
2000,4122.0,48.25,349.0
2000,4212.0,50.25000000000001,8.750000000000002
2000,4242.0,52.50000000000001,344.0
2000,4230.0,53.5,299.5
2000,4260.0,66.75,349.5
2000,4308.0,54.0,322.25
2000,4338.0,38.75,287.25
2000,4290.0,53.5,359.0
2000,4326.0,43.25,9.75
2000,4356.0,62.0,356.25
2000,4392.0,36.0,287.75
2000,4428.0,62.50000000000001,354.0
2000,4410.0,45.0,337.0
2000,4422.0,43.75,302.75
2000,4620.0,47.00000000000001,318.0
2000,4476.0,62.75,9.499999999999998
2000,4500.0,54.99999999999999,343.75
2000,4512.0,46.25000000000001,313.5
2000,4512.0,63.75000000000001,342.75
2000,4548.0,40.25,308.5
2000,4674.0,57.25,284.5
2000,4716.0,43.5,312.75
2000,4776.0,64.0,9.0
2000,4722.0,42.5,302.99999999999994
2000,4776.0,49.75,312.5
2000,4758.0,57.25,303.5
2000,4800.0,30.750000000000004,355.0
2000,4800.0,58.00000000000001,9.5
2000,4782.0,38.75,291.5
2000,4872.0,43.25,9.75
2000,4866.0,34.25,8.25
2000,4908.0,48.75,306.25
2000,4836.0,65.25,309.75
2000,4878.0,65.0,288.75
2000,4872.0,62.50000000000001,342.5
2000,4968.0,62.24999999999999,302.0
2000,4884.0,52.50000000000001,325.25
2000,4908.0,53.5,344.25
2000,4902.0,64.25,285.0
2000,4992.0,58.25,283.0
2000,4944.0,63.50000000000001,3.0000000000000004
2000,4932.0,51.5,349.5
2000,4992.0,61.25000000000001,321.0
2001,24.0,67.0,284.0
2001,72.0,55.0,316.25
2001,24.0,65.75,302.5
2001,0.0,37.0,293.0
2001,24.0,59.99999999999999,346.75
2001,96.0,54.0,331.25
2001,36.0,61.50000000000001,292.0
2001,108.0,54.0,279.0
2001,168.0,58.75,305.75
2001,156.0,50.75,353.75
2001,210.0,65.25,321.5
2001,264.0,65.75,332.25
2001,228.0,46.75,321.75
2001,330.0,64.5,329.5
2001,264.0,31.250000000000004,294.75
2001,360.0,64.0,284.5
2001,348.0,61.0,329.75
2001,402.0,48.0,291.0
2001,396.0,48.75,344.5
2001,420.0,57.74999999999999,262.5
2001,498.0,60.25000000000001,281.0
2001,564.0,62.24999999999999,347.99999999999994
2001,492.0,58.00000000000001,338.5
2001,468.0,44.0,1.5000000000000002
2001,504.0,58.00000000000001,290.0
2001,528.0,48.75,262.0
2001,516.0,58.25,308.0
2001,588.0,54.75000000000001,339.25
2001,648.0,43.25,344.5
2001,588.0,49.00000000000001,272.0
2001,612.0,60.75,348.75
2001,612.0,54.25,285.75
2001,630.0,59.25000000000001,303.5
2001,738.0,58.00000000000001,306.0
2001,684.0,65.5,350.75
2001,702.0,63.75000000000001,233.49999999999994
2001,726.0,59.99999999999999,7.999999999999998
2001,762.0,64.75,328.75
2001,756.0,50.5,266.75
2001,768.0,58.00000000000001,236.5
2001,816.0,33.5,309.0
2001,822.0,59.75,309.0
2001,888.0,64.0,273.5
2001,858.0,59.99999999999999,354.49999999999994
2001,894.0,62.0,4.5
2001,918.0,50.75,302.75
2001,1002.0,58.499999999999986,302.5
2001,990.0,38.5,3.5000000000000004
2001,1032.0,61.50000000000001,306.0
2001,1098.0,57.5,321.0
2001,1116.0,64.5,301.75
2001,1140.0,65.0,308.0
2001,1086.0,49.5,230.25000000000003
2001,1194.0,38.25,313.75
2001,1158.0,58.00000000000001,310.0
2001,1212.0,66.0,333.5
2001,1242.0,62.50000000000001,300.5
2001,1272.0,44.75,265.5
2001,1290.0,66.75,327.0
2001,1326.0,66.5,347.0
2001,1332.0,31.750000000000004,306.5
2001,1344.0,51.75000000000001,281.5
2001,1380.0,43.49999999999999,269.0
2001,1374.0,63.75000000000001,343.0
2001,1362.0,65.75,303.5
2001,1410.0,63.25,345.75
2001,1380.0,65.0,326.75
2001,1464.0,67.0,350.75
2001,1434.0,64.25,307.5
2001,1488.0,52.50000000000001,294.25
2001,1518.0,63.50000000000001,299.5
2001,1524.0,56.74999999999999,342.25
2001,1542.0,62.50000000000001,326.75
2001,1566.0,58.75,271.75
2001,1542.0,48.00000000000001,330.25
2001,1590.0,51.0,272.5
2001,1602.0,55.24999999999999,330.5
2001,1620.0,39.25,328.0
2001,1650.0,64.0,283.25
2001,1614.0,64.0,283.0
2001,1728.0,64.75,301.5
2001,1686.0,62.24999999999999,321.75
2001,1710.0,42.75,320.75
2001,1668.0,65.0,291.5
2001,1680.0,65.5,286.25
2001,1710.0,66.25,332.5
2001,1782.0,56.74999999999999,283.25
2001,1746.0,56.0,321.25
2001,1800.0,42.0,280.5
2001,1770.0,44.50000000000001,328.5
2001,1806.0,37.5,319.25
2001,1848.0,50.0,316.75
2001,1890.0,41.5,292.25
2001,1872.0,49.00000000000001,322.5
2001,1938.0,63.50000000000001,9.75
2001,1944.0,42.5,297.25
2001,1998.0,40.0,311.75
2001,1968.0,57.5,4.999999999999999
2001,2022.0,47.25,273.75
2001,2040.0,56.74999999999999,8.999999999999998
2001,2040.0,65.25,8.500000000000002
2001,2094.0,59.25000000000001,286.25
2001,2022.0,48.00000000000001,279.75
2001,2106.0,59.99999999999999,347.75
2001,2058.0,54.5,285.0
2001,2094.0,55.75,0.9999999999999998
2001,2118.0,66.25,356.75
2001,2100.0,41.75,300.0
2001,2172.0,42.75,339.25
2001,2184.0,57.00000000000001,308.75
2001,2208.0,58.25,318.5
2001,2226.0,39.0,342.25
2001,2244.0,67.0,283.5
2001,2244.0,64.5,321.25
2001,2310.0,58.5,302.0
2001,2274.0,53.0,329.75
2001,2316.0,59.00000000000001,320.5
2001,2376.0,50.75,308.0
2001,2508.0,58.5,303.5
2001,2406.0,65.25,321.75
2001,2424.0,49.25,282.25
2001,2442.0,63.25,305.5
2001,2514.0,62.50000000000001,321.75
2001,2484.0,61.25000000000001,346.0
2001,2484.0,43.75,303.75
2001,2508.0,65.25,350.25
2001,2514.0,48.00000000000001,284.5
2001,2520.0,43.99999999999999,294.25
2001,2562.0,44.75,283.5
2001,2610.0,53.0,322.25
2001,2640.0,64.75,300.75
2001,2640.0,49.00000000000001,319.75
2001,2616.0,61.75,3.7500000000000004
2001,2664.0,48.25,273.25
2001,2664.0,44.25,323.75
2001,2670.0,59.75,323.25
2001,2700.0,44.0,319.0
2001,2754.0,48.5,316.5
2001,2778.0,44.5,311.25
2001,2772.0,65.5,262.5
2001,2748.0,63.0,303.75
2001,2760.0,55.75,358.0
2001,2790.0,55.0,319.25
2001,2856.0,57.74999999999999,344.5
2001,2874.0,63.50000000000001,6.5
2001,2928.0,62.0,314.75
2001,2934.0,55.0,337.0
2001,2892.0,58.25,346.5
2001,2928.0,64.25,305.0
2001,2958.0,55.24999999999999,341.25
2001,3030.0,49.75000000000001,322.75
2001,3042.0,64.25,327.5
2001,3006.0,63.0,340.0
2001,3042.0,63.75000000000001,271.0
2001,3090.0,51.75000000000001,315.0
2001,3066.0,63.75000000000001,6.5
2001,3114.0,48.75,282.0
2001,3114.0,67.0,294.75
2001,3102.0,59.75,342.0
2001,3162.0,49.75,318.75
2001,3138.0,67.0,353.5
2001,3288.0,61.0,309.0
2001,3222.0,57.00000000000001,311.0
2001,3198.0,58.25,352.0
2001,3384.0,41.25000000000001,299.5
2001,3330.0,64.5,320.75
2001,3402.0,62.50000000000001,334.75
2001,3372.0,60.25000000000001,338.5
2001,3474.0,62.24999999999999,342.75
2001,3438.0,45.0,278.0
2001,3456.0,62.24999999999999,2.75
2001,3420.0,55.75000000000001,8.750000000000002
2001,3468.0,66.75,10.0
2001,3444.0,43.5,10.0
2001,3456.0,43.74999999999999,290.74999999999994
2001,3552.0,60.5,319.0
2001,3564.0,57.25,340.5
2001,3552.0,66.5,297.25
2001,3564.0,55.25,3.2500000000000004
2001,3618.0,63.50000000000001,296.0
2001,3558.0,59.75,352.5
2001,3636.0,62.75,297.75
2001,3594.0,57.5,346.5
2001,3846.0,57.5,329.0
2001,3702.0,64.5,324.0
2001,3732.0,67.0,294.0
2001,3756.0,66.5,1.5
2001,3744.0,42.75,8.75
2001,3810.0,64.25,357.5
2001,3750.0,60.25000000000001,356.25
2001,3876.0,60.75,298.0
2001,3858.0,58.25,350.5
2001,3882.0,65.0,331.75
2001,3864.0,61.25000000000001,0.9999999999999998
2001,3888.0,41.25000000000001,341.75
2001,3906.0,64.25,320.5
2001,3978.0,54.0,310.5
2001,3966.0,47.24999999999999,343.25
2001,4002.0,54.75000000000001,316.5
2001,4026.0,65.75,4.500000000000001
2001,4038.0,50.25000000000001,353.0
2001,4122.0,41.0,325.0
2001,4170.0,55.5,297.5
2001,4182.0,61.25000000000001,321.75
2001,4284.0,35.50000000000001,0.0
2001,4350.0,62.75,337.0
2001,4314.0,54.5,264.75
2001,4338.0,51.0,287.0
2001,4386.0,64.5,340.75
2001,4428.0,55.75,311.0
2001,4452.0,39.75000000000001,9.25
2001,4470.0,55.24999999999999,302.25
2001,4404.0,36.74999999999999,5.249999999999999
2001,4536.0,31.5,355.25
2001,4506.0,41.50000000000001,350.25
2001,4572.0,66.25,330.25
2001,4500.0,62.0,319.0
2001,4632.0,39.0,358.25
2001,4614.0,59.99999999999999,305.0
2001,4596.0,33.25,359.75
2001,4680.0,57.74999999999999,304.0
2001,4626.0,37.74999999999999,9.25
2001,4638.0,62.24999999999999,320.25
2001,4650.0,30.5,354.75
2001,4710.0,64.0,276.0
2001,4686.0,55.5,315.25
2001,4776.0,55.24999999999999,270.0
2001,4752.0,63.25,302.5
2001,4788.0,52.50000000000001,318.75
2001,4842.0,54.75000000000001,296.75
2001,4818.0,53.0,321.75
2001,4908.0,65.0,272.5
2001,4914.0,42.5,301.75
2001,4920.0,66.25,332.0
2001,4974.0,57.5,272.5
2001,4938.0,66.5,348.75
2001,5034.0,57.74999999999999,358.0
2001,4986.0,60.25000000000001,358.0
2001,4986.0,44.25,295.75
2002,66.0,59.5,309.5
2002,0.0,50.25000000000001,263.0
2002,6.0,64.25,310.75
2002,66.0,30.25,267.5
2002,60.0,54.5,329.0
2002,138.0,58.00000000000001,306.5
2002,102.0,65.75,322.5
2002,108.0,52.0,332.0
2002,270.0,59.5,326.25
2002,264.0,65.0,267.0
2002,282.0,44.0,8.5
2002,288.0,66.25,279.25
2002,252.0,42.75,8.5
2002,306.0,50.5,357.25
2002,360.0,56.25,271.25
2002,288.0,52.25,279.75
2002,330.0,45.49999999999999,347.25
2002,432.0,39.5,334.5
2002,372.0,37.75,285.0
2002,354.0,56.74999999999999,204.99999999999997
2002,450.0,53.5,298.5
2002,528.0,52.50000000000001,307.75
2002,600.0,59.5,4.749999999999999
2002,636.0,56.74999999999999,4.75
2002,642.0,62.0,315.75
2002,666.0,67.0,329.25
2002,642.0,45.25,299.75
2002,666.0,42.25,313.75
2002,726.0,36.0,293.25
2002,726.0,66.0,2.0
2002,792.0,57.00000000000001,347.99999999999994
2002,738.0,55.5,319.25
2002,774.0,60.5,322.0
2002,870.0,66.5,266.0
2002,780.0,62.50000000000001,310.5
2002,840.0,63.25,320.5
2002,828.0,51.25,313.25
2002,864.0,41.25000000000001,307.0
2002,876.0,65.75,346.75
2002,906.0,43.75,303.75
2002,882.0,62.0,275.75
2002,924.0,64.5,266.75
2002,936.0,57.74999999999999,283.5
2002,1008.0,58.75,291.0
2002,996.0,59.25000000000001,341.0
2002,1038.0,62.24999999999999,301.5
2002,1050.0,66.5,281.25
2002,1062.0,51.75,357.5
2002,1092.0,63.0,296.5
2002,1140.0,60.5,322.25
2002,1098.0,57.74999999999999,358.0
2002,1080.0,43.75,2.25
2002,1104.0,66.5,10.0
2002,1158.0,42.25,291.5
2002,1200.0,59.5,344.5
2002,1218.0,55.24999999999999,337.0
2002,1260.0,51.25,340.75
2002,1314.0,49.5,300.75
2002,1314.0,44.00000000000001,3.0000000000000004
2002,1350.0,37.25000000000001,7.000000000000001
2002,1416.0,60.25000000000001,333.0
2002,1392.0,65.75,283.25
2002,1374.0,58.25,215.0
2002,1422.0,53.25,313.0
2002,1476.0,55.75,349.5
2002,1458.0,62.75,311.75
2002,1512.0,59.5,319.5
2002,1524.0,65.25,326.25
2002,1578.0,61.75,325.0
2002,1524.0,61.75,295.5
2002,1584.0,64.25,286.75
2002,1632.0,57.74999999999999,274.0
2002,1638.0,53.25,321.75
2002,1638.0,61.0,281.25
2002,1656.0,58.5,320.0
2002,1692.0,43.75,355.0
2002,1674.0,64.25,295.0
2002,1722.0,52.50000000000001,263.25
2002,1692.0,64.0,310.75
2002,1836.0,37.25,336.0
2002,1752.0,63.50000000000001,295.25
2002,1758.0,47.75,326.75
2002,1794.0,47.5,354.75
2002,1842.0,50.5,306.25
2002,1788.0,63.25,319.75
2002,1860.0,41.00000000000001,301.5
2002,1866.0,65.5,270.75
2002,1890.0,45.0,265.5
2002,1968.0,52.0,279.25
2002,1938.0,52.25,316.0
2002,1992.0,65.0,347.5
2002,1944.0,43.75,289.5
2002,1998.0,67.0,294.75
2002,2028.0,31.750000000000004,269.75
2002,2034.0,44.0,331.5
2002,2016.0,62.24999999999999,337.0
2002,2004.0,55.0,298.5
2002,2064.0,44.75,329.25
2002,2136.0,60.25000000000001,281.5
2002,2082.0,42.25,300.0
2002,2148.0,38.5,302.75
2002,2226.0,59.00000000000001,297.25
2002,2226.0,53.25000000000001,4.000000000000001
2002,2280.0,54.0,315.0
2002,2304.0,55.24999999999999,322.0
2002,2238.0,50.5,354.0
2002,2250.0,53.5,354.49999999999994
2002,2292.0,41.25000000000001,291.75
2002,2268.0,51.75000000000001,3.0000000000000004
2002,2298.0,65.0,9.499999999999998
2002,2304.0,44.0,8.5
2002,2358.0,54.0,335.75
2002,2340.0,42.0,4.0
2002,2358.0,59.00000000000001,279.5
2002,2448.0,56.0,316.75
2002,2376.0,41.75,299.0
2002,2430.0,58.75,305.25
2002,2454.0,35.75,9.5
2002,2490.0,59.75,310.0
2002,2532.0,56.5,331.25
2002,2550.0,53.5,311.0
2002,2520.0,64.75,358.0
2002,2514.0,66.5,331.25
2002,2568.0,61.25000000000001,281.25
2002,2610.0,51.25,322.75
2002,2610.0,64.75,278.75
2002,2604.0,65.0,352.5
2002,2646.0,53.0,323.5
2002,2628.0,59.00000000000001,304.0
2002,2676.0,63.25,5.25
2002,2682.0,47.75,304.5
2002,2706.0,50.5,311.75
2002,2748.0,60.75,320.5
2002,2772.0,40.75,301.75
2002,2778.0,59.00000000000001,333.0
2002,2868.0,62.24999999999999,358.25
2002,2868.0,62.50000000000001,270.5
2002,2910.0,63.50000000000001,291.5
2002,2964.0,64.0,331.25
2002,2940.0,41.0,6.75
2002,2994.0,43.75,295.0
2002,3042.0,47.25000000000001,281.25
2002,3030.0,63.50000000000001,6.75
2002,3078.0,66.75,334.75
2002,3108.0,65.25,278.75
2002,3138.0,65.75,302.25
2002,3150.0,51.25,319.75
2002,3180.0,65.0,303.5
2002,3222.0,52.25,316.5
2002,3276.0,54.0,301.5
2002,3330.0,61.25000000000001,319.0
2002,3426.0,58.5,279.5
2002,3360.0,48.5,338.5
2002,3396.0,44.0,342.75
2002,3408.0,41.49999999999999,325.25
2002,3384.0,46.0,352.75
2002,3402.0,59.00000000000001,330.0
2002,3456.0,66.25,332.5
2002,3540.0,53.0,311.99999999999994
2002,3462.0,49.75,340.75
2002,3492.0,53.5,319.5
2002,3498.0,62.75,324.0
2002,3516.0,50.25000000000001,343.25
2002,3576.0,53.0,313.25
2002,3636.0,37.25,305.0
2002,3612.0,58.75,326.5
2002,3678.0,62.75,337.0
2002,3684.0,64.5,297.0
2002,3648.0,67.0,294.0
2002,3684.0,47.74999999999999,296.75
2002,3732.0,59.75,341.5
2002,3768.0,48.00000000000001,314.75
2002,3780.0,58.25,320.0
2002,3762.0,66.5,354.0
2002,3768.0,57.5,340.0
2002,3804.0,50.5,321.25
2002,3858.0,57.00000000000001,277.0
2002,3780.0,61.75,350.0
2002,3870.0,61.75,296.25
2002,3852.0,63.0,316.25
2002,3846.0,66.75,6.750000000000001
2002,3864.0,64.25,1.9999999999999996
2002,3966.0,63.75000000000001,306.0
2002,3900.0,63.0,302.5
2002,3936.0,51.75000000000001,314.75
2002,3966.0,49.75,311.0
2002,3990.0,52.75,267.75
2002,3978.0,45.0,262.25
2002,4020.0,30.5,271.25
2002,4044.0,54.75000000000001,324.75
2002,4050.0,59.99999999999999,318.0
2002,4092.0,59.5,322.0
2002,4062.0,35.75,265.75
2002,4188.0,64.0,328.25
2002,4116.0,64.25,320.0
2002,4218.0,56.5,282.5
2002,4218.0,42.75,330.74999999999994
2002,4218.0,64.5,328.75
2002,4278.0,63.75000000000001,324.5
2002,4236.0,41.0,342.25
2002,4326.0,56.0,294.75
2002,4320.0,67.0,357.25
2002,4308.0,65.75,347.0
2002,4356.0,64.75,335.25
2002,4362.0,46.5,297.5
2002,4368.0,65.0,323.25
2002,4470.0,41.0,274.5
2002,4386.0,58.25,275.75
2002,4440.0,67.0,7.250000000000001
2002,4446.0,43.5,320.75
2002,4446.0,36.25,9.25
2002,4452.0,57.25,314.0
2002,4464.0,58.5,319.25
2002,4488.0,61.75,320.25
2002,4524.0,51.75000000000001,312.75
2002,4548.0,50.75,230.75
2002,4638.0,49.5,343.0
2002,4638.0,40.50000000000001,332.0
2002,4752.0,62.75,311.25
2002,4608.0,61.0,1.5000000000000002
2002,4740.0,59.5,320.0
2002,4662.0,49.00000000000001,342.5
2002,4722.0,33.0,4.999999999999999
2002,4764.0,38.25,271.5
2002,4746.0,43.25,341.75
2002,4812.0,34.00000000000001,291.25
2002,4818.0,45.5,0.7500000000000001
2002,4830.0,42.75,335.0
2002,4848.0,48.25,272.0
2002,4986.0,35.75,282.75
2002,4908.0,49.75,331.75
2002,4998.0,58.5,350.5
2002,5016.0,48.5,268.75
2002,5034.0,60.5,275.5
2002,5010.0,49.5,335.0
2003,12.0,45.75,347.75
2003,180.0,58.5,322.0
2003,12.0,64.0,324.75
2003,66.0,49.25000000000001,276.75
2003,54.0,66.5,354.0
2003,96.0,44.0,8.5
2003,102.0,63.75000000000001,334.25
2003,198.0,66.5,286.75
2003,168.0,64.75,348.75
2003,210.0,58.75,306.5
2003,294.0,58.00000000000001,277.5
2003,228.0,58.00000000000001,310.5
2003,240.0,62.24999999999999,273.25
2003,264.0,57.5,321.5
2003,318.0,58.5,327.5
2003,342.0,51.0,316.25
2003,354.0,46.5,286.5
2003,414.0,40.0,2.0
2003,510.0,48.5,299.25
2003,432.0,62.75,280.75
2003,474.0,56.0,302.75
2003,462.0,43.25,4.749999999999999
2003,564.0,61.0,298.25
2003,546.0,50.0,296.25
2003,588.0,38.0,347.5
2003,624.0,67.0,328.5
2003,672.0,47.0,272.5
2003,702.0,56.0,342.75
2003,738.0,55.24999999999999,311.5
2003,660.0,55.0,233.5
2003,714.0,58.00000000000001,359.5
2003,738.0,64.5,353.25
2003,798.0,51.5,316.25
2003,834.0,65.75,347.5
2003,798.0,63.75000000000001,354.75
2003,828.0,60.75,333.75
2003,852.0,45.0,326.0
2003,852.0,53.75,346.0
2003,924.0,56.5,324.5
2003,966.0,62.75,279.0
2003,954.0,52.0,308.25
2003,1044.0,63.25,278.5
2003,960.0,67.0,278.75
2003,1002.0,62.50000000000001,325.75
2003,1044.0,46.25,282.75
2003,1056.0,47.0,322.75
2003,1062.0,53.5,351.75
2003,1056.0,47.75,291.5
2003,1152.0,60.5,312.75
2003,1110.0,56.74999999999999,310.75
2003,1194.0,62.75,341.25
2003,1248.0,60.75,281.5
2003,1218.0,51.75000000000001,270.75
2003,1206.0,39.5,286.5
2003,1338.0,54.75000000000001,280.75
2003,1254.0,44.74999999999999,351.25
2003,1284.0,39.0,343.5
2003,1254.0,65.0,295.0
2003,1260.0,37.5,296.5
2003,1272.0,56.0,6.750000000000001
2003,1314.0,65.0,329.5
2003,1326.0,55.24999999999999,10.0
2003,1344.0,39.75000000000001,7.250000000000001
2003,1320.0,65.75,356.75
2003,1374.0,62.75,351.0
2003,1458.0,58.25,352.0
2003,1380.0,62.24999999999999,320.0
2003,1398.0,43.5,9.0
2003,1458.0,58.75,298.0
2003,1446.0,61.50000000000001,262.75
2003,1446.0,63.0,359.0
2003,1470.0,47.5,358.5
2003,1536.0,41.75,3.7500000000000004
2003,1560.0,54.75000000000001,310.0
2003,1614.0,41.5,290.0
2003,1704.0,43.75,274.5
2003,1638.0,60.75,334.5
2003,1668.0,48.00000000000001,326.0
2003,1710.0,66.75,336.75
2003,1698.0,66.0,303.0
2003,1746.0,64.25,333.75
2003,1716.0,39.0,284.5
2003,1776.0,66.25,9.25
2003,1764.0,39.25,329.5
2003,1848.0,46.49999999999999,275.5
2003,1824.0,52.0,327.25
2003,1824.0,43.75,293.75
2003,1884.0,59.5,271.0
2003,1872.0,40.75,287.75
2003,1950.0,55.24999999999999,5.499999999999999
2003,1950.0,57.74999999999999,311.99999999999994
2003,1956.0,52.99999999999999,264.0
2003,2004.0,63.75000000000001,324.25
2003,1998.0,62.0,308.25
2003,1968.0,64.25,320.0
2003,2124.0,47.00000000000001,262.5
2003,2238.0,55.0,309.0
2003,2106.0,59.25000000000001,7.499999999999999
2003,2130.0,56.74999999999999,332.75
2003,2112.0,49.00000000000001,358.25
2003,2160.0,65.75,329.25
2003,2154.0,31.5,310.25
2003,2184.0,64.0,307.25
2003,2202.0,49.75,298.0
2003,2202.0,48.25,277.75
2003,2166.0,59.5,344.0
2003,2208.0,62.0,352.0
2003,2190.0,66.5,296.75
2003,2244.0,41.49999999999999,8.999999999999998
2003,2388.0,61.25000000000001,337.5
2003,2244.0,61.25000000000001,320.25
2003,2346.0,42.25,305.0
2003,2304.0,61.0,323.75
2003,2328.0,61.50000000000001,355.5
2003,2400.0,47.0,305.0
2003,2376.0,60.75,329.5
2003,2430.0,66.75,340.5
2003,2418.0,48.5,322.5
2003,2484.0,52.75,336.25
2003,2520.0,48.25,317.25
2003,2544.0,60.75,294.5
2003,2520.0,63.75000000000001,353.5
2003,2538.0,49.25,297.25
2003,2568.0,41.5,301.0
2003,2610.0,65.75,348.5
2003,2616.0,56.0,310.5
2003,2730.0,58.75,331.5
2003,2664.0,50.0,319.25
2003,2640.0,63.25,335.0
2003,2670.0,55.24999999999999,315.0
2003,2724.0,47.5,281.25
2003,2790.0,58.5,288.25
2003,2802.0,64.5,295.5
2003,2802.0,46.0,307.25
2003,2814.0,47.25000000000001,356.75
2003,2862.0,44.5,278.5
2003,2844.0,44.0,7.250000000000001
2003,2892.0,42.5,313.0
2003,2862.0,61.0,4.5
2003,2886.0,65.0,353.75
2003,2898.0,55.0,307.75
2003,2910.0,67.0,318.0
2003,2940.0,66.75,348.5
2003,2946.0,53.5,336.75
2003,2982.0,51.75000000000001,329.0
2003,3024.0,53.25,279.0
2003,3024.0,64.75,349.5
2003,3066.0,53.75,300.75
2003,3048.0,59.99999999999999,324.75
2003,3036.0,46.25,328.0
2003,3138.0,53.25,265.0
2003,3150.0,55.75,314.75
2003,3174.0,57.74999999999999,323.5
2003,3174.0,46.75000000000001,326.5
2003,3234.0,54.75000000000001,320.25
2003,3270.0,63.50000000000001,287.5
2003,3270.0,59.75,285.75
2003,3252.0,44.0,326.75
2003,3282.0,36.75,322.0
2003,3306.0,57.25,299.5
2003,3348.0,42.0,321.25
2003,3402.0,41.5,298.75
2003,3402.0,30.25,340.0
2003,3438.0,44.74999999999999,277.5
2003,3474.0,43.0,297.75
2003,3462.0,44.25,345.75
2003,3498.0,66.25,359.25
2003,3552.0,42.25,301.0
2003,3564.0,41.25000000000001,6.5
2003,3570.0,58.75,9.5
2003,3606.0,42.25,9.749999999999998
2003,3696.0,53.5,288.5
2003,3678.0,57.25,333.5
2003,3654.0,58.75,320.0
2003,3834.0,48.75,319.25
2003,3714.0,63.50000000000001,300.0
2003,3780.0,67.0,294.75
2003,3768.0,51.5,314.0
2003,3720.0,62.24999999999999,326.25
2003,3798.0,65.25,317.0
2003,3834.0,38.5,294.25
2003,3882.0,51.75000000000001,267.0
2003,3864.0,60.25000000000001,319.0
2003,3906.0,63.75000000000001,305.5
2003,3918.0,62.24999999999999,326.75
2003,3894.0,37.0,290.0
2003,4068.0,61.25000000000001,326.75
2003,3978.0,58.5,351.0
2003,4032.0,61.50000000000001,349.25
2003,4068.0,41.5,305.25
2003,4068.0,60.25000000000001,334.5
2003,4134.0,49.5,285.0
2003,4110.0,39.5,296.5
2003,4110.0,55.5,345.49999999999994
2003,4230.0,63.75000000000001,280.5
2003,4236.0,33.5,353.0
2003,4236.0,32.75,337.75
2003,4266.0,66.25,303.5
2003,4248.0,35.25,353.5
2003,4296.0,37.25000000000001,350.5
2003,4350.0,60.75,280.75
2003,4314.0,62.75,320.0
2003,4356.0,65.0,331.25
2003,4404.0,57.74999999999999,324.5
2003,4404.0,48.00000000000001,344.5
2003,4470.0,39.99999999999999,295.0
2003,4416.0,32.5,318.75
2003,4470.0,66.5,328.75
2003,4458.0,61.50000000000001,333.0
2003,4488.0,66.25,350.75
2003,4512.0,66.25,4.000000000000001
2003,4494.0,41.25000000000001,296.25
2003,4518.0,56.0,6.249999999999999
2003,4542.0,44.00000000000001,8.75
2003,4716.0,62.75,328.5
2003,4578.0,54.5,295.25
2003,4590.0,30.750000000000004,355.25
2003,4776.0,61.50000000000001,319.75
2003,4698.0,37.0,277.75
2003,4734.0,62.24999999999999,346.5
2003,4812.0,65.25,290.0
2003,4740.0,62.24999999999999,307.25
2003,4752.0,66.75,277.75
2003,4812.0,60.75,346.5
2003,4764.0,39.0,1.5
2003,4890.0,51.25,315.0
2003,4848.0,51.75000000000001,326.25
2003,4902.0,62.0,280.75
2003,4866.0,62.50000000000001,335.5
2003,4818.0,41.75,1.75
2003,4944.0,53.25,315.5
2003,4866.0,52.5,234.75
2003,5010.0,57.25,278.5
2003,4980.0,46.0,306.75
2004,0.0,62.75,305.5
2004,24.0,57.00000000000001,269.25
2004,60.0,61.25000000000001,340.25
2004,72.0,62.50000000000001,271.75
2004,102.0,61.50000000000001,351.5
2004,144.0,65.25,301.5
2004,168.0,61.25000000000001,264.75
2004,180.0,40.75,347.25
2004,426.0,63.25,272.5
2004,318.0,62.50000000000001,341.25
2004,270.0,43.25,295.5
2004,288.0,60.75,272.25
2004,300.0,51.49999999999999,350.75
2004,420.0,40.0,345.75
2004,426.0,42.5,336.5
2004,420.0,62.75,349.25
2004,420.0,37.5,263.0
2004,492.0,58.00000000000001,358.5
2004,708.0,51.25,313.75
2004,534.0,46.25,342.0
2004,588.0,66.75,273.25
2004,504.0,64.5,8.75
2004,588.0,39.75,306.25
2004,624.0,56.5,345.75
2004,606.0,67.0,356.0
2004,618.0,64.5,291.75
2004,624.0,46.75,345.0
2004,648.0,38.25,299.5
2004,702.0,66.25,335.5
2004,714.0,48.25,272.0
2004,786.0,63.0,326.5
2004,756.0,47.0,336.0
2004,840.0,56.0,312.0
2004,828.0,61.75,300.0
2004,822.0,41.75,306.75
2004,948.0,58.00000000000001,306.5
2004,858.0,46.75,294.5
2004,978.0,58.75,278.25
2004,990.0,41.0,7.249999999999999
2004,960.0,64.75,320.75
2004,1056.0,37.5,8.75
2004,1068.0,43.0,297.0
2004,1176.0,52.25,320.0
2004,1134.0,63.25,346.25
2004,1128.0,64.25,273.25
2004,1164.0,65.0,276.75
2004,1224.0,53.25,325.0
2004,1170.0,52.0,356.99999999999994
2004,1212.0,53.25,264.25
2004,1308.0,54.75000000000001,280.75
2004,1260.0,55.5,321.5
2004,1248.0,59.5,0.25
2004,1272.0,63.25,312.5
2004,1296.0,61.0,324.5
2004,1368.0,59.99999999999999,300.25
2004,1344.0,63.0,354.5
2004,1410.0,47.75,279.5
2004,1422.0,63.75000000000001,270.0
2004,1434.0,30.25,311.0
2004,1392.0,39.25,338.5
2004,1422.0,63.50000000000001,328.75
2004,1482.0,65.25,302.0
2004,1458.0,62.0,352.75
2004,1488.0,40.75,347.0
2004,1500.0,66.5,328.0
2004,1530.0,55.5,307.25
2004,1560.0,58.25,275.5
2004,1494.0,47.25,320.75
2004,1494.0,63.75000000000001,284.5
2004,1554.0,51.0,281.25
2004,1566.0,57.00000000000001,321.25
2004,1566.0,64.25,7.999999999999998
2004,1614.0,56.74999999999999,314.25
2004,1668.0,63.50000000000001,274.25
2004,1662.0,55.0,342.25
2004,1698.0,66.0,334.0
2004,1722.0,44.75,292.0
2004,1824.0,62.24999999999999,340.5
2004,1686.0,49.5,323.0
2004,1764.0,66.0,335.25
2004,1728.0,45.25,288.25
2004,1752.0,36.0,338.25
2004,1788.0,66.0,355.25
2004,1770.0,58.5,235.5
2004,1818.0,64.5,298.25
2004,1872.0,51.75000000000001,323.75
2004,1854.0,64.75,325.5
2004,1872.0,51.25,266.5
2004,1872.0,65.25,302.75
2004,1884.0,55.5,309.5
2004,1908.0,63.75000000000001,305.0
2004,2046.0,66.75,352.0
2004,1938.0,49.75,265.0
2004,1944.0,38.25,294.75
2004,2040.0,60.75,296.5
2004,2028.0,62.0,347.75
2004,2100.0,41.50000000000001,294.5
2004,2046.0,57.74999999999999,5.0
2004,2094.0,42.5,10.0
2004,2106.0,66.25,334.5
2004,2124.0,62.24999999999999,275.5
2004,2226.0,52.25,303.0
2004,2178.0,62.75,307.0
2004,2202.0,64.75,338.75
2004,2280.0,62.0,326.75
2004,2292.0,66.5,338.0
2004,2286.0,63.50000000000001,307.25
2004,2310.0,62.0,319.0
2004,2364.0,60.25000000000001,319.5
2004,2322.0,65.5,358.75
2004,2322.0,61.75,268.75
2004,2340.0,60.75,339.75
2004,2406.0,51.25,332.75
2004,2388.0,59.75,3.7499999999999996
2004,2442.0,63.0,336.25
2004,2460.0,55.5,346.5
2004,2490.0,53.25,319.0
2004,2496.0,35.75,264.0
2004,2568.0,66.75,289.5
2004,2550.0,63.50000000000001,304.0
2004,2604.0,62.0,330.74999999999994
2004,2598.0,39.75000000000001,292.75
2004,2616.0,62.50000000000001,343.5
2004,2658.0,62.50000000000001,340.75
2004,2682.0,65.0,357.5
2004,2670.0,63.25,320.5
2004,2640.0,43.75,9.75
2004,2682.0,64.25,297.0
2004,2724.0,62.24999999999999,297.5
2004,2736.0,46.25,310.25
2004,2754.0,40.25000000000001,291.25
2004,2874.0,45.0,309.25
2004,2772.0,61.0,291.75
2004,2802.0,59.00000000000001,300.25
2004,2856.0,62.50000000000001,307.25
2004,2898.0,64.0,283.75
2004,2916.0,67.0,293.5
2004,2940.0,64.0,314.25
2004,2988.0,32.75,299.0
2004,2934.0,53.0,229.0
2004,2982.0,65.5,327.75
2004,3006.0,64.5,324.5
2004,3102.0,59.5,294.5
2004,3162.0,64.25,337.0
2004,3138.0,64.25,326.25
2004,3222.0,66.75,335.25
2004,3228.0,55.24999999999999,6.000000000000001
2004,3240.0,59.99999999999999,297.25
2004,3318.0,58.25,293.0
2004,3270.0,59.00000000000001,310.0
2004,3264.0,54.5,264.25
2004,3372.0,63.0,296.5
2004,3306.0,65.25,323.0
2004,3294.0,39.25,314.25
2004,3372.0,65.25,9.25
2004,3426.0,54.0,312.75
2004,3402.0,42.75,8.25
2004,3486.0,55.75,307.0
2004,3480.0,41.25000000000001,7.499999999999999
2004,3492.0,39.75000000000001,310.25
2004,3546.0,41.0,296.75
2004,3558.0,35.75,330.0
2004,3606.0,32.25,281.0
2004,3612.0,45.0,321.5
2004,3630.0,56.5,7.999999999999998
2004,3618.0,59.75,356.25
2004,3642.0,35.75,332.0
2004,3654.0,43.25,299.0
2004,3714.0,62.24999999999999,3.2500000000000004
2004,3714.0,31.750000000000004,356.75
2004,3702.0,62.0,295.5
2004,3708.0,36.25,7.499999999999998
2004,3750.0,59.00000000000001,301.0
2004,3798.0,54.75000000000001,302.25
2004,3786.0,45.0,279.5
2004,3792.0,37.0,318.0
2004,3756.0,62.50000000000001,289.25
2004,3762.0,59.00000000000001,297.5
2004,3816.0,41.74999999999999,290.74999999999994
2004,3894.0,38.5,287.25
2004,3870.0,65.0,8.75
2004,3882.0,43.0,313.25
2004,3906.0,42.0,280.75
2004,3876.0,62.24999999999999,284.25
2004,3918.0,63.25,0.7500000000000001
2004,3954.0,48.00000000000001,318.75
2004,3978.0,50.0,319.5
2004,4038.0,63.50000000000001,334.25
2004,4068.0,54.5,314.25
2004,4074.0,33.0,317.74999999999994
2004,4092.0,54.25,317.75
2004,4140.0,63.25,322.75
2004,4098.0,42.25,323.5
2004,4278.0,42.25,317.74999999999994
2004,4164.0,39.75000000000001,319.5
2004,4194.0,63.25,279.75
2004,4188.0,61.75,323.5
2004,4230.0,65.25,294.5
2004,4242.0,53.25,234.75
2004,4320.0,41.5,295.25
2004,4356.0,63.75000000000001,267.0
2004,4308.0,42.5,326.0
2004,4368.0,49.5,277.25
2004,4362.0,61.75,321.75
2004,4386.0,41.5,343.75
2004,4362.0,66.5,343.25
2004,4416.0,41.0,283.75
2004,4434.0,60.25000000000001,267.25
2004,4416.0,65.0,335.0
2004,4638.0,46.0,303.0
2004,4494.0,60.5,349.5
2004,4512.0,62.24999999999999,296.75
2004,4584.0,62.0,326.5
2004,4536.0,61.25000000000001,7.250000000000001
2004,4608.0,41.25000000000001,8.75
2004,4698.0,56.5,311.5
2004,4704.0,33.0,284.75
2004,4692.0,53.0,357.25
2004,4722.0,31.250000000000004,1.75
2004,4758.0,61.75,282.25
2004,4734.0,43.5,7.250000000000001
2004,4728.0,61.0,314.25
2004,4746.0,35.25,296.5
2004,4818.0,57.74999999999999,284.75
2004,4788.0,61.0,334.25
2004,4998.0,56.5,270.25
2004,4824.0,61.0,337.75
2004,4842.0,47.25,318.75
2004,4788.0,48.00000000000001,352.0
2004,4860.0,57.00000000000001,300.5
2004,4890.0,56.5,314.75
2004,4890.0,49.5,343.75
2004,4974.0,54.0,322.5
2004,4944.0,52.50000000000001,328.5
2004,5034.0,57.25000000000001,265.5
2005,0.0,61.25000000000001,264.75
2005,114.0,41.75,330.0
2005,96.0,64.0,305.5
2005,60.0,55.0,328.0
2005,132.0,61.75,324.0
2005,222.0,64.5,353.5
2005,306.0,66.0,3.2500000000000004
2005,300.0,65.75,305.25
2005,288.0,47.0,320.25
2005,360.0,43.0,294.0
2005,348.0,55.0,278.75
2005,390.0,58.5,328.0
2005,390.0,50.75,345.0
2005,456.0,57.25,350.5
2005,582.0,58.5,347.0
2005,678.0,66.5,346.0
2005,474.0,50.75,347.5
2005,474.0,58.75,9.5
2005,588.0,36.75,292.0
2005,564.0,52.25,226.24999999999997
2005,582.0,59.25000000000001,359.5
2005,690.0,54.0,322.75
2005,666.0,63.75000000000001,323.25
2005,696.0,54.0,342.0
2005,762.0,46.0,334.0
2005,810.0,58.75,309.5
2005,816.0,46.0,294.75
2005,888.0,47.75,280.0
2005,906.0,66.25,342.0
2005,954.0,49.5,273.25
2005,912.0,58.00000000000001,352.0
2005,942.0,58.75,325.75
2005,1032.0,62.0,266.0
2005,1002.0,59.25000000000001,353.0
2005,966.0,65.0,349.25
2005,978.0,49.25,294.75
2005,1056.0,52.75,280.75
2005,1056.0,66.25,1.25
2005,1128.0,55.0,281.0
2005,1080.0,61.75,9.75
2005,1122.0,57.5,322.25
2005,1134.0,43.0,8.0
2005,1170.0,58.00000000000001,333.5
2005,1194.0,48.5,273.25
2005,1200.0,64.5,320.5
2005,1206.0,38.99999999999999,343.25
2005,1266.0,61.50000000000001,292.0
2005,1416.0,30.25,345.25
2005,1224.0,40.99999999999999,317.25
2005,1218.0,67.0,300.0
2005,1290.0,56.25,275.5
2005,1266.0,40.5,288.0
2005,1302.0,46.25,278.25
2005,1296.0,47.5,300.5
2005,1332.0,53.25,4.5
2005,1356.0,63.75000000000001,287.5
2005,1350.0,41.25000000000001,7.250000000000001
2005,1416.0,46.5,269.25
2005,1434.0,65.5,4.25
2005,1434.0,31.250000000000004,309.5
2005,1434.0,59.00000000000001,349.0
2005,1494.0,48.5,352.0
2005,1452.0,62.0,316.0
2005,1488.0,59.99999999999999,342.0
2005,1512.0,49.5,287.5
2005,1584.0,52.25,313.25
2005,1578.0,55.24999999999999,300.0
2005,1632.0,52.25,357.25
2005,1626.0,51.75000000000001,318.0
2005,1668.0,59.00000000000001,281.75
2005,1662.0,64.0,310.75
2005,1656.0,41.75,321.5
2005,1692.0,49.5,269.0
2005,1698.0,46.0,306.5
2005,1698.0,63.75000000000001,237.5
2005,1710.0,31.750000000000004,330.5
2005,1734.0,51.5,296.75
2005,1812.0,47.0,302.0
2005,1914.0,63.50000000000001,322.0
2005,1878.0,66.25,331.5
2005,1902.0,64.25,295.75
2005,1938.0,64.25,302.0
2005,1944.0,46.25,317.74999999999994
2005,1974.0,60.5,318.25
2005,1968.0,59.25000000000001,305.0
2005,2034.0,59.00000000000001,313.0
2005,2046.0,64.75,323.25
2005,2022.0,63.50000000000001,322.25
2005,1998.0,62.75,357.25
2005,2082.0,43.25,290.75
2005,2094.0,63.25,336.0
2005,2064.0,65.25,309.5
2005,2124.0,65.5,334.25
2005,2166.0,57.74999999999999,10.000000000000002
2005,2154.0,62.24999999999999,299.25
2005,2106.0,37.0,263.0
2005,2094.0,46.75,298.75
2005,2178.0,59.5,338.25
2005,2196.0,44.25,272.75
2005,2238.0,64.0,325.75
2005,2196.0,66.75,329.25
2005,2184.0,59.5,345.75
2005,2274.0,52.75,321.75
2005,2268.0,39.5,279.75
2005,2250.0,35.50000000000001,237.0
2005,2346.0,51.75000000000001,322.5
2005,2310.0,63.25,321.75
2005,2340.0,64.75,306.75
2005,2370.0,54.5,304.5
2005,2388.0,59.99999999999999,319.5
2005,2436.0,62.50000000000001,296.5
2005,2448.0,62.75,352.75
2005,2472.0,62.0,335.75
2005,2484.0,49.00000000000001,264.5
2005,2514.0,66.25,290.0
2005,2460.0,66.75,305.25
2005,2556.0,39.5,289.25
2005,2526.0,55.0,332.75
2005,2538.0,64.0,316.75
2005,2574.0,42.5,264.75
2005,2604.0,66.75,348.5
2005,2634.0,62.24999999999999,326.25
2005,2598.0,32.75,269.5
2005,2610.0,54.5,6.999999999999999
2005,2640.0,47.74999999999999,290.25
2005,2664.0,63.75000000000001,347.25
2005,2676.0,67.0,289.25
2005,2736.0,52.0,311.75
2005,2736.0,65.0,305.75
2005,2814.0,66.25,301.0
2005,2784.0,46.00000000000001,279.25
2005,2772.0,42.25000000000001,303.75
2005,2796.0,54.0,330.75
2005,2838.0,49.75,308.25
2005,2790.0,37.5,343.75
2005,2868.0,58.75,285.0
2005,2892.0,59.75,323.25
2005,2898.0,43.99999999999999,275.5
2005,2970.0,60.5,322.25
2005,2946.0,51.5,262.0
2005,2958.0,41.75,333.75
2005,2988.0,31.750000000000004,268.25
2005,2952.0,39.75000000000001,295.0
2005,3024.0,58.25,280.0
2005,2994.0,47.25,264.5
2005,3072.0,47.25,282.5
2005,3054.0,66.5,338.75
2005,3102.0,32.75,331.0
2005,3132.0,56.25,8.0
2005,3132.0,57.00000000000001,313.0
2005,3228.0,64.25,281.5
2005,3198.0,67.0,336.0
2005,3210.0,50.25000000000001,318.25
2005,3270.0,55.5,313.0
2005,3276.0,48.75,265.25
2005,3342.0,61.25000000000001,344.0
2005,3360.0,62.24999999999999,315.0
2005,3390.0,55.50000000000001,301.5
2005,3402.0,57.5,277.0
2005,3396.0,48.75,357.25
2005,3402.0,43.5,312.0
2005,3492.0,61.50000000000001,277.0
2005,3516.0,55.0,304.25
2005,3492.0,43.25,321.75
2005,3540.0,37.5,306.5
2005,3528.0,42.5,312.0
2005,3564.0,39.0,359.75
2005,3606.0,53.5,311.25
2005,3606.0,58.00000000000001,8.0
2005,3594.0,35.50000000000001,342.5
2005,3642.0,58.25,301.25
2005,3666.0,39.25,281.0
2005,3654.0,48.00000000000001,308.0
2005,3630.0,47.5,321.0
2005,3696.0,44.74999999999999,343.5
2005,3672.0,48.75,351.24999999999994
2005,3714.0,59.99999999999999,0.9999999999999998
2005,3744.0,55.5,314.5
2005,3738.0,61.0,3.5
2005,3762.0,61.25000000000001,312.75
2005,3774.0,43.25,324.5
2005,3816.0,55.0,339.5
2005,3792.0,63.75000000000001,320.5
2005,3834.0,40.75,310.75
2005,3810.0,39.25,263.25
2005,3798.0,51.50000000000001,263.75
2005,3864.0,44.0,318.5
2005,3876.0,54.25,294.25
2005,3936.0,46.25,273.75
2005,3870.0,43.75,9.25
2005,3894.0,63.50000000000001,347.5
2005,3888.0,50.5,266.25
2005,3924.0,46.0,320.5
2005,3948.0,42.75,321.0
2005,3966.0,48.00000000000001,296.0
2005,4038.0,55.5,298.0
2005,4062.0,40.0,6.5
2005,4044.0,34.75,0.7500000000000001
2005,4068.0,41.5,306.5
2005,4122.0,34.25,5.75
2005,4104.0,48.25,316.0
2005,4194.0,40.5,320.25
2005,4158.0,45.5,333.75
2005,4224.0,52.75,342.5
2005,4254.0,41.5,302.75
2005,4326.0,59.00000000000001,342.5
2005,4356.0,56.5,343.5
2005,4314.0,51.0,347.0
2005,4416.0,49.00000000000001,298.25
2005,4440.0,45.5,280.5
2005,4458.0,41.0,343.25
2005,4446.0,58.75,6.999999999999999
2005,4452.0,42.0,288.25
2005,4494.0,34.00000000000001,6.75
2005,4494.0,64.25,355.5
2005,4548.0,59.99999999999999,294.25
2005,4536.0,35.50000000000001,268.5
2005,4542.0,59.00000000000001,3.5000000000000004
2005,4584.0,38.25,292.75
2005,4578.0,61.50000000000001,308.74999999999994
2005,4590.0,64.5,326.75
2005,4638.0,52.75,273.5
2005,4698.0,65.5,327.5
2005,4776.0,44.5,300.75
2005,4680.0,37.50000000000001,307.5
2005,4776.0,33.25,282.5
2005,4704.0,44.75,356.5
2005,4734.0,64.25,351.25
2005,4788.0,39.5,262.0
2005,4818.0,61.75,299.25
2005,4746.0,31.5,355.25
2005,4806.0,44.0,302.0
2005,4842.0,49.75,349.5
2005,4866.0,66.0,332.5
2005,4944.0,59.5,306.5
2005,4920.0,36.74999999999999,1.25
2005,4932.0,64.0,328.25
2005,4980.0,58.75,290.25
2005,4968.0,63.50000000000001,347.5
2005,4998.0,58.75,299.5
2006,78.0,61.50000000000001,288.25
2006,24.0,67.0,304.5
2006,18.0,63.25,0.0
2006,90.0,63.25,330.0
2006,36.0,42.75,303.5
2006,54.0,45.25,359.5
2006,114.0,66.25,274.25
2006,168.0,65.0,298.75
2006,216.0,66.75,344.75
2006,198.0,57.00000000000001,282.25
2006,258.0,59.00000000000001,330.5
2006,240.0,58.5,269.0
2006,234.0,55.5,306.25
2006,288.0,51.5,270.75
2006,318.0,63.50000000000001,337.75
2006,324.0,56.5,272.25
2006,372.0,62.75,285.25
2006,384.0,35.50000000000001,268.5
2006,378.0,41.25000000000001,339.25
2006,444.0,56.25,277.0
2006,462.0,46.75,332.5
2006,432.0,46.75,347.25
2006,498.0,43.25,341.75
2006,486.0,45.5,291.75
2006,474.0,54.0,342.0
2006,462.0,58.25,339.0
2006,588.0,49.75,306.75
2006,510.0,59.00000000000001,355.75
2006,540.0,46.75,349.5
2006,588.0,44.75,342.5
2006,546.0,50.99999999999999,2.5
2006,564.0,58.00000000000001,238.0
2006,672.0,45.5,288.25
2006,642.0,62.0,339.75
2006,732.0,60.75,5.25
2006,738.0,51.75000000000001,275.0
2006,732.0,55.5,316.75
2006,846.0,65.75,333.5
2006,912.0,62.75,300.25
2006,858.0,65.25,325.5
2006,972.0,66.5,338.0
2006,948.0,43.5,292.5
2006,954.0,53.0,280.5
2006,1032.0,36.5,284.75
2006,1104.0,61.50000000000001,347.75
2006,1080.0,55.75,337.5
2006,1116.0,62.50000000000001,357.75
2006,1200.0,60.25000000000001,344.75
2006,1200.0,64.25,326.25
2006,1296.0,56.25,331.75
2006,1272.0,66.25,275.5
2006,1320.0,57.5,309.5
2006,1248.0,44.25,9.25
2006,1290.0,58.00000000000001,356.5
2006,1338.0,48.25,325.5
2006,1350.0,65.75,358.25
2006,1458.0,62.50000000000001,342.75
2006,1464.0,59.5,292.25
2006,1494.0,47.0,285.25
2006,1548.0,53.75,334.25
2006,1518.0,66.0,307.25
2006,1554.0,63.0,288.0
2006,1524.0,59.75,347.99999999999994
2006,1566.0,46.25,305.0
2006,1608.0,64.0,284.5
2006,1590.0,62.50000000000001,318.75
2006,1590.0,66.25,311.5
2006,1650.0,62.24999999999999,306.0
2006,1638.0,48.5,358.5
2006,1704.0,62.24999999999999,296.0
2006,1686.0,62.24999999999999,326.75
2006,1770.0,57.75000000000001,265.5
2006,1782.0,63.0,349.25
2006,1854.0,66.5,302.75
2006,1812.0,64.75,325.0
2006,1824.0,62.75,280.0
2006,1788.0,65.25,3.7499999999999996
2006,1830.0,63.0,346.0
2006,1836.0,33.75,329.75
2006,1842.0,59.25000000000001,327.5
2006,1866.0,58.25,308.5
2006,1932.0,61.75,321.25
2006,1938.0,57.25,280.0
2006,1950.0,65.25,321.25
2006,1992.0,64.0,326.5
2006,1950.0,65.5,302.25
2006,2016.0,59.5,321.0
2006,2010.0,49.00000000000001,278.0
2006,2070.0,56.74999999999999,305.5
2006,2172.0,62.75,330.25
2006,2046.0,62.24999999999999,316.5
2006,2106.0,59.25000000000001,306.0
2006,2142.0,63.50000000000001,325.5
2006,2166.0,61.75,356.0
2006,2232.0,66.25,280.5
2006,2196.0,55.5,347.5
2006,2286.0,66.0,306.75
2006,2202.0,38.25,305.75
2006,2274.0,54.5,313.25
2006,2298.0,54.0,263.75
2006,2274.0,64.0,348.25
2006,2364.0,59.5,290.75
2006,2382.0,53.0,320.5
2006,2328.0,64.5,331.75
2006,2394.0,52.75,277.0
2006,2346.0,61.50000000000001,338.0
2006,2436.0,63.50000000000001,342.75
2006,2430.0,58.75,359.25
2006,2466.0,53.5,320.25
2006,2448.0,60.75,338.99999999999994
2006,2460.0,65.75,331.0
2006,2586.0,61.50000000000001,329.5
2006,2514.0,62.24999999999999,334.0
2006,2520.0,60.75,2.2500000000000004
2006,2544.0,62.50000000000001,354.5
2006,2556.0,64.5,323.0
2006,2556.0,59.25000000000001,352.5
2006,2616.0,54.25,331.25
2006,2604.0,66.25,307.0
2006,2628.0,55.5,3.5000000000000004
2006,2628.0,57.00000000000001,317.25
2006,2664.0,45.75,295.25
2006,2664.0,56.74999999999999,352.75
2006,2730.0,55.5,303.25
2006,2760.0,44.75,7.75
2006,2754.0,51.75000000000001,282.75
2006,2814.0,57.5,299.0
2006,2820.0,49.75,320.75
2006,2826.0,43.0,303.0
2006,2874.0,40.0,293.0
2006,2880.0,58.00000000000001,305.0
2006,2880.0,37.0,292.75
2006,2862.0,63.0,4.25
2006,2904.0,42.5,302.99999999999994
2006,2898.0,67.0,294.0
2006,2994.0,64.0,324.0
2006,2952.0,64.5,280.5
2006,2982.0,59.00000000000001,304.25
2006,3036.0,55.5,279.75
2006,3036.0,57.00000000000001,304.0
2006,3090.0,57.00000000000001,5.500000000000001
2006,3090.0,54.25,321.5
2006,3096.0,46.74999999999999,354.75
2006,3144.0,47.75,326.75
2006,3150.0,40.0,6.750000000000001
2006,3132.0,51.5,2.2500000000000004
2006,3180.0,49.75,330.25
2006,3180.0,55.5,324.0
2006,3198.0,47.5,333.25
2006,3252.0,56.5,329.75
2006,3300.0,45.5,292.75
2006,3228.0,44.0,7.0
2006,3264.0,48.75,330.25
2006,3294.0,59.5,341.5
2006,3348.0,61.0,271.75
2006,3336.0,42.5,263.5
2006,3342.0,45.25,354.25
2006,3390.0,57.74999999999999,320.5
2006,3426.0,47.0,316.0
2006,3426.0,59.75,345.75
2006,3438.0,51.75000000000001,316.5
2006,3480.0,53.25,312.5
2006,3462.0,31.499999999999993,8.0
2006,3474.0,45.5,280.0
2006,3468.0,54.5,341.25
2006,3498.0,39.5,298.0
2006,3534.0,40.75,266.5
2006,3564.0,54.25,313.25
2006,3564.0,65.25,3.7499999999999996
2006,3612.0,59.75,352.5
2006,3780.0,55.0,305.25
2006,3648.0,61.25000000000001,315.0
2006,3678.0,62.50000000000001,323.0
2006,3672.0,51.5,359.25
2006,3666.0,41.25000000000001,287.0
2006,3708.0,53.5,344.25
2006,3732.0,47.00000000000001,283.75
2006,3768.0,64.5,342.0
2006,3864.0,55.24999999999999,285.75
2006,3804.0,59.00000000000001,325.5
2006,3852.0,57.00000000000001,326.0
2006,3828.0,66.5,345.25
2006,3930.0,58.24999999999999,270.5
2006,3882.0,59.99999999999999,305.0
2006,3942.0,63.75000000000001,323.25
2006,3990.0,64.0,347.99999999999994
2006,4026.0,64.0,338.0
2006,4080.0,64.0,299.5
2006,4128.0,56.74999999999999,314.5
2006,4086.0,43.25,9.75
2006,4212.0,64.0,325.75
2006,4128.0,66.25,304.75
2006,4146.0,65.0,326.25
2006,4224.0,66.0,273.25
2006,4272.0,64.0,300.0
2006,4224.0,39.75,304.0
2006,4338.0,64.0,295.75
2006,4332.0,57.00000000000001,311.0
2006,4404.0,52.50000000000001,311.0
2006,4374.0,44.0,264.25
2006,4422.0,39.5,316.5
2006,4464.0,34.00000000000001,313.5
2006,4458.0,47.0,278.75
2006,4476.0,42.25000000000001,290.5
2006,4524.0,36.74999999999999,293.5
2006,4536.0,63.75000000000001,336.0
2006,4554.0,48.75,299.25
2006,4548.0,61.75,359.25
2006,4632.0,41.0,272.75
2006,4656.0,59.5,313.0
2006,4626.0,40.75,315.0
2006,4644.0,64.5,328.0
2006,4710.0,66.75,282.0
2006,4656.0,41.49999999999999,289.5
2006,4686.0,66.25,334.0
2006,4746.0,64.0,268.25
2006,4722.0,64.0,333.24999999999994
2006,4734.0,39.5,286.0
2006,4728.0,42.5,316.75
2006,4764.0,31.0,352.75
2006,4896.0,63.75000000000001,325.75
2006,4806.0,65.75,9.0
2006,4776.0,38.0,295.25
2006,4860.0,30.5,354.25
2006,4818.0,45.5,312.75
2006,4860.0,56.0,306.75
2006,4926.0,59.00000000000001,333.0
2006,4914.0,61.25000000000001,281.25
2006,4866.0,61.50000000000001,344.75
2006,4926.0,54.5,312.5
2006,4968.0,58.00000000000001,307.5
2006,4926.0,59.25000000000001,236.5
2006,4944.0,51.5,349.5
2006,4998.0,48.75000000000001,262.25
2006,5010.0,64.5,323.75
2006,5016.0,61.25000000000001,328.5
2007,30.0,66.5,290.0
2007,42.0,58.5,263.5
2007,30.0,66.25,303.25
2007,78.0,65.0,281.75
2007,102.0,59.75,276.25
2007,72.0,63.25,321.75
2007,66.0,41.0,327.25
2007,72.0,54.25,282.5
2007,138.0,67.0,352.75
2007,198.0,47.75,311.75
2007,204.0,56.25,318.25
2007,228.0,42.0,316.75
2007,294.0,46.75,294.0
2007,252.0,63.75000000000001,358.25
2007,318.0,62.50000000000001,336.25
2007,306.0,42.25000000000001,304.5
2007,348.0,66.75,273.5
2007,384.0,42.25,330.25
2007,390.0,55.5,313.5
2007,420.0,42.25,264.75
2007,414.0,57.00000000000001,313.5
2007,492.0,41.5,265.0
2007,486.0,60.75,338.99999999999994
2007,480.0,57.25,288.0
2007,528.0,66.0,333.5
2007,594.0,65.5,331.5
2007,522.0,63.25,323.5
2007,636.0,61.75,305.0
2007,690.0,62.75,271.25
2007,720.0,65.25,337.5
2007,702.0,67.0,6.0
2007,750.0,53.75,277.5
2007,750.0,54.75000000000001,325.0
2007,810.0,39.0,290.0
2007,792.0,64.0,310.75
2007,792.0,55.49999999999999,274.25
2007,804.0,65.0,320.5
2007,798.0,40.0,329.75
2007,876.0,45.75,278.25
2007,870.0,66.75,333.24999999999994
2007,924.0,63.25,298.0
2007,918.0,61.0,353.5
2007,1002.0,63.50000000000001,322.25
2007,990.0,52.75,10.0
2007,984.0,42.24999999999999,297.0
2007,1014.0,54.0,267.75
2007,1008.0,42.25,217.75
2007,1062.0,43.5,9.0
2007,1074.0,63.50000000000001,322.5
2007,1086.0,47.25,319.0
2007,1152.0,62.0,292.5
2007,1152.0,66.75,353.25
2007,1212.0,51.5,282.75
2007,1182.0,51.25,355.0
2007,1224.0,38.25,300.25
2007,1266.0,59.99999999999999,5.5
2007,1320.0,53.0,305.75
2007,1284.0,64.0,328.75
2007,1314.0,58.5,269.0
2007,1440.0,60.25000000000001,331.25
2007,1398.0,64.5,324.24999999999994
2007,1428.0,61.75,4.0
2007,1434.0,51.25,284.5
2007,1506.0,45.75000000000001,307.5
2007,1476.0,58.25,6.500000000000001
2007,1506.0,48.00000000000001,314.0
2007,1494.0,55.75000000000001,339.25
2007,1506.0,66.5,4.749999999999999
2007,1506.0,54.5,6.000000000000001
2007,1518.0,46.5,314.75
2007,1554.0,45.75,298.0
2007,1578.0,64.5,325.75
2007,1602.0,59.5,352.0
2007,1560.0,61.75,353.75
2007,1650.0,55.24999999999999,342.25
2007,1632.0,66.5,278.75
2007,1584.0,62.50000000000001,290.25
2007,1698.0,63.25,287.25
2007,1692.0,57.5,314.5
2007,1704.0,63.75000000000001,322.5
2007,1758.0,66.0,334.5
2007,1746.0,60.75,321.5
2007,1782.0,49.75000000000001,278.75
2007,1788.0,62.75,327.5
2007,1842.0,64.5,325.5
2007,1842.0,42.24999999999999,280.0
2007,1842.0,46.00000000000001,328.5
2007,1884.0,38.25,337.5
2007,1872.0,52.75,304.5
2007,1896.0,40.5,346.0
2007,1950.0,66.75,266.5
2007,1950.0,64.75,323.25
2007,2010.0,45.75,271.25
2007,2076.0,62.0,316.0
2007,2082.0,67.0,304.0
2007,2088.0,63.25,344.5
2007,2082.0,66.75,342.5
2007,2202.0,62.0,321.75
2007,2136.0,59.25000000000001,343.75
2007,2208.0,64.5,334.25
2007,2394.0,54.75000000000001,349.5
2007,2232.0,50.75,321.25
2007,2274.0,57.5,272.0
2007,2304.0,62.50000000000001,320.25
2007,2340.0,54.5,337.75
2007,2358.0,57.24999999999999,267.5
2007,2346.0,53.25,346.75
2007,2418.0,49.00000000000001,283.75
2007,2424.0,55.5,346.0
2007,2460.0,44.75,277.0
2007,2448.0,59.00000000000001,5.249999999999999
2007,2460.0,50.99999999999999,357.5
2007,2526.0,55.75,315.25
2007,2502.0,56.0,346.0
2007,2550.0,64.75,2.5
2007,2568.0,47.0,302.5
2007,2586.0,64.25,272.5
2007,2556.0,53.5,358.75
2007,2586.0,54.5,333.5
2007,2610.0,47.25,319.75
2007,2604.0,65.75,334.0
2007,2706.0,66.25,308.0
2007,2628.0,57.5,349.0
2007,2712.0,58.25,328.5
2007,2706.0,53.75,4.5
2007,2718.0,66.0,312.75
2007,2784.0,62.50000000000001,351.0
2007,2754.0,66.0,354.0
2007,2844.0,65.0,331.75
2007,2820.0,66.25,296.75
2007,2856.0,39.5,291.0
2007,2910.0,67.0,338.0
2007,2910.0,59.25000000000001,278.0
2007,2916.0,47.5,278.25
2007,2946.0,59.75,356.75
2007,3030.0,49.50000000000001,323.75
2007,3006.0,58.00000000000001,343.0
2007,3108.0,41.0,291.0
2007,3108.0,65.25,321.25
2007,3042.0,51.5,346.5
2007,3126.0,55.75,326.0
2007,3150.0,60.5,305.0
2007,3132.0,59.5,352.5
2007,3192.0,44.75,291.5
2007,3174.0,43.0,320.75
2007,3234.0,53.0,307.75
2007,3264.0,55.75,282.5
2007,3270.0,44.75,294.0
2007,3276.0,37.0,329.0
2007,3348.0,57.25,306.5
2007,3330.0,53.25,264.25
2007,3366.0,64.0,315.0
2007,3360.0,45.25,275.25
2007,3420.0,58.00000000000001,309.0
2007,3426.0,64.25,337.5
2007,3498.0,64.0,349.25
2007,3450.0,66.0,306.0
2007,3474.0,64.5,236.25
2007,3546.0,59.99999999999999,340.25
2007,3528.0,61.25000000000001,308.25
2007,3528.0,64.25,298.0
2007,3642.0,62.75,356.75
2007,3552.0,42.0,321.25
2007,3558.0,62.24999999999999,306.5
2007,3594.0,63.75000000000001,322.25
2007,3570.0,38.25000000000001,312.0
2007,3600.0,63.50000000000001,341.5
2007,3582.0,67.0,4.0
2007,3780.0,59.75,331.75
2007,3678.0,59.75,321.75
2007,3756.0,65.25,284.0
2007,3786.0,54.25,306.0
2007,3738.0,65.25,332.0
2007,3822.0,63.0,340.25
2007,3906.0,56.24999999999999,347.99999999999994
2007,3846.0,66.75,353.25
2007,3870.0,62.75,276.75
2007,3864.0,53.5,344.25
2007,3858.0,59.25000000000001,328.75
2007,3930.0,65.0,303.25
2007,3966.0,47.24999999999999,338.0
2007,4008.0,48.00000000000001,286.0
2007,3960.0,47.25,308.0
2007,4026.0,47.0,310.5
2007,4038.0,39.5,300.5
2007,4044.0,64.25,8.25
2007,4116.0,57.25,284.0
2007,4128.0,31.0,9.749999999999998
2007,4128.0,45.0,294.75
2007,4110.0,67.0,354.0
2007,4152.0,65.0,8.75
2007,4212.0,66.25,5.25
2007,4194.0,57.74999999999999,300.0
2007,4170.0,38.25,0.25
2007,4236.0,47.5,269.0
2007,4260.0,59.5,323.25
2007,4230.0,65.5,307.0
2007,4302.0,59.5,339.25
2007,4344.0,61.75,351.0
2007,4386.0,57.74999999999999,336.75
2007,4386.0,58.5,279.0
2007,4482.0,54.0,308.0
2007,4440.0,62.24999999999999,334.5
2007,4458.0,35.25,332.75
2007,4530.0,58.5,273.0
2007,4548.0,59.00000000000001,7.499999999999999
2007,4542.0,38.5,2.75
2007,4548.0,54.0,1.75
2007,4536.0,44.75,8.5
2007,4614.0,57.24999999999999,346.0
2007,4590.0,35.75,338.99999999999994
2007,4602.0,44.0,0.5
2007,4650.0,44.0,268.25
2007,4632.0,41.25000000000001,1.75
2007,4626.0,35.25,4.75
2007,4698.0,53.75,307.0
2007,4740.0,57.74999999999999,319.0
2007,4812.0,62.24999999999999,295.25
2007,4770.0,49.75,270.75
2007,4776.0,55.5,322.0
2007,4788.0,34.00000000000001,292.25
2007,4794.0,49.25,344.5
2007,4854.0,55.5,310.5
2007,4866.0,37.25,9.0
2007,4878.0,53.0,319.0
2007,4872.0,34.00000000000001,10.0
2007,5010.0,48.5,269.75
2007,4932.0,55.24999999999999,318.75
2007,5004.0,61.0,347.0
2007,5010.0,40.0,304.5
2007,5028.0,56.75,277.25
2008,6.0,58.25,3.0000000000000004
2008,12.0,34.5,292.0
2008,54.0,59.00000000000001,4.999999999999999
2008,84.0,57.5,302.5
2008,156.0,62.75,330.0
2008,102.0,62.24999999999999,10.0
2008,192.0,57.5,328.25
2008,168.0,61.25000000000001,357.75
2008,204.0,66.0,282.75
2008,222.0,55.5,277.0
2008,234.0,67.0,347.99999999999994
2008,300.0,60.25000000000001,320.5
2008,360.0,59.75,306.75
2008,444.0,57.00000000000001,330.5
2008,396.0,66.0,331.0
2008,456.0,62.0,347.0
2008,438.0,59.75,282.0
2008,456.0,36.25,291.5
2008,492.0,67.0,358.0
2008,546.0,66.5,338.75
2008,534.0,64.25,337.0
2008,576.0,65.5,278.0
2008,600.0,66.75,4.000000000000001
2008,624.0,57.74999999999999,275.0
2008,702.0,65.25,295.0
2008,654.0,62.24999999999999,358.25
2008,702.0,50.0,356.75
2008,738.0,57.74999999999999,285.0
2008,768.0,61.0,309.0
2008,726.0,40.25,351.0
2008,798.0,44.5,358.5
2008,792.0,65.25,327.0
2008,840.0,62.75,326.75
2008,834.0,56.00000000000001,272.25
2008,876.0,62.75,307.0
2008,852.0,34.75,285.5
2008,888.0,46.5,263.75
2008,906.0,61.25000000000001,319.75
2008,930.0,56.5,348.25
2008,996.0,59.75,308.74999999999994
2008,1086.0,66.5,338.0
2008,1008.0,61.0,326.25
2008,1080.0,56.0,278.25
2008,1146.0,64.5,337.0
2008,1140.0,37.5,319.0
2008,1146.0,60.75,297.75
2008,1236.0,59.00000000000001,300.5
2008,1188.0,63.50000000000001,8.5
2008,1266.0,48.25,296.5
2008,1254.0,64.75,324.5
2008,1290.0,57.00000000000001,298.0
2008,1302.0,43.75,9.000000000000002
2008,1428.0,38.75,316.5
2008,1374.0,65.25,349.0
2008,1392.0,40.5,5.5
2008,1350.0,46.25,285.25
2008,1386.0,64.0,6.0
2008,1464.0,58.00000000000001,304.5
2008,1434.0,45.25,356.75
2008,1476.0,44.5,278.0
2008,1482.0,61.25000000000001,352.0
2008,1506.0,52.75,269.0
2008,1458.0,42.25,3.2500000000000004
2008,1530.0,60.25000000000001,328.0
2008,1512.0,66.75,283.25
2008,1530.0,43.5,303.25
2008,1566.0,67.0,300.75
2008,1584.0,64.0,323.0
2008,1560.0,56.25,0.0
2008,1590.0,60.5,282.25
2008,1662.0,55.24999999999999,308.0
2008,1626.0,67.0,352.75
2008,1668.0,59.99999999999999,281.25
2008,1680.0,41.5,5.5
2008,1722.0,63.75000000000001,322.25
2008,1734.0,65.75,325.5
2008,1740.0,41.5,287.75
2008,1752.0,63.0,331.25
2008,1758.0,61.50000000000001,352.75
2008,1824.0,54.5,287.75
2008,1770.0,59.99999999999999,345.0
2008,1830.0,40.0,4.0
2008,1830.0,60.5,329.5
2008,1878.0,64.5,327.75
2008,1986.0,62.0,326.25
2008,1866.0,63.25,349.5
2008,1914.0,61.25000000000001,352.5
2008,1944.0,58.5,327.0
2008,1974.0,44.5,292.5
2008,1986.0,65.5,273.75
2008,2070.0,57.25,308.0
2008,2058.0,40.75,330.74999999999994
2008,2124.0,47.0,276.5
2008,2130.0,43.0,322.0
2008,2178.0,58.5,300.5
2008,2160.0,47.00000000000001,279.25
2008,2154.0,59.5,279.0
2008,2172.0,46.5,337.0
2008,2214.0,42.25,296.0
2008,2184.0,52.50000000000001,314.0
2008,2202.0,43.0,317.5
2008,2226.0,48.5,266.0
2008,2268.0,53.25,306.0
2008,2280.0,47.75,308.0
2008,2412.0,56.74999999999999,319.75
2008,2442.0,50.25000000000001,320.75
2008,2496.0,63.75000000000001,280.25
2008,2484.0,47.5,310.0
2008,2526.0,63.50000000000001,324.0
2008,2520.0,63.0,310.0
2008,2538.0,52.50000000000001,341.75
2008,2514.0,66.0,305.25
2008,2574.0,57.00000000000001,314.0
2008,2598.0,61.75,330.25
2008,2610.0,56.25000000000001,350.0
2008,2712.0,59.5,286.25
2008,2706.0,59.5,334.5
2008,2700.0,42.75,304.5
2008,2682.0,29.999999999999996,355.75
2008,2706.0,64.25,323.75
2008,2772.0,63.75000000000001,339.0
2008,2736.0,51.25,354.25
2008,2802.0,56.25,312.5
2008,2784.0,53.0,343.0
2008,2826.0,41.75,7.499999999999999
2008,2934.0,48.5,335.5
2008,2898.0,50.5,343.0
2008,2880.0,64.0,308.0
2008,2892.0,57.24999999999999,346.0
2008,2880.0,67.0,294.25
2008,2982.0,51.25,317.0
2008,2964.0,48.75,276.5
2008,3042.0,58.75,4.25
2008,3018.0,39.5,292.5
2008,3048.0,47.25,348.75
2008,3084.0,55.24999999999999,311.75
2008,3054.0,62.0,357.75
2008,3066.0,64.0,10.0
2008,3180.0,53.75,311.25
2008,3150.0,62.24999999999999,289.0
2008,3090.0,43.5,3.7499999999999996
2008,3126.0,60.25000000000001,320.0
2008,3162.0,62.75,284.0
2008,3132.0,59.99999999999999,341.5
2008,3186.0,48.0,266.5
2008,3210.0,66.0,9.25
2008,3162.0,49.75,354.25
2008,3228.0,61.0,319.0
2008,3246.0,46.5,300.0
2008,3264.0,65.25,328.75
2008,3264.0,50.5,317.5
2008,3324.0,48.25,316.0
2008,3330.0,64.75,336.75
2008,3372.0,64.75,322.5
2008,3324.0,65.75,299.25
2008,3354.0,37.0,302.0
2008,3390.0,43.75,282.75
2008,3408.0,44.25,292.5
2008,3492.0,57.25,313.5
2008,3474.0,57.74999999999999,323.0
2008,3486.0,43.5,291.25
2008,3540.0,61.75,349.75
2008,3558.0,54.25,314.25
2008,3654.0,63.50000000000001,324.0
2008,3576.0,63.0,332.25
2008,3600.0,66.25,302.0
2008,3618.0,64.5,358.75
2008,3684.0,66.25,341.25
2008,3642.0,63.75000000000001,1.2499999999999998
2008,3708.0,35.50000000000001,7.75
2008,3714.0,62.24999999999999,352.0
2008,3708.0,39.5,302.0
2008,3732.0,63.50000000000001,320.75
2008,3738.0,62.75,267.25
2008,3876.0,32.0,308.0
2008,3828.0,52.75,310.5
2008,3780.0,62.24999999999999,343.75
2008,3954.0,65.5,328.25
2008,3834.0,49.75,318.5
2008,3882.0,52.75,282.25
2008,3792.0,59.25000000000001,352.25
2008,3948.0,58.00000000000001,302.75
2008,3912.0,57.5,237.0
2008,4038.0,38.25,329.5
2008,4056.0,35.25,306.0
2008,4098.0,63.25,324.5
2008,4098.0,61.25000000000001,297.0
2008,4206.0,46.0,265.5
2008,4164.0,57.5,311.99999999999994
2008,4140.0,64.0,3.5
2008,4200.0,40.25000000000001,300.5
2008,4230.0,59.75,351.0
2008,4260.0,65.75,306.5
2008,4326.0,51.75000000000001,318.25
2008,4308.0,42.25,6.75
2008,4314.0,44.75,277.25
2008,4362.0,44.5,264.5
2008,4326.0,66.75,350.5
2008,4350.0,43.75000000000001,297.75
2008,4398.0,61.0,321.75
2008,4428.0,62.0,336.0
2008,4422.0,63.0,326.25
2008,4452.0,46.25,284.5
2008,4512.0,41.5,288.0
2008,4494.0,57.74999999999999,340.0
2008,4596.0,59.99999999999999,345.75
2008,4548.0,66.5,345.25
2008,4536.0,54.75000000000001,353.5
2008,4614.0,30.25,2.5
2008,4572.0,59.75,305.25
2008,4656.0,47.0,297.5
2008,4614.0,41.0,1.25
2008,4620.0,51.75000000000001,318.25
2008,4734.0,58.5,307.5
2008,4752.0,49.25,350.75
2008,4746.0,41.49999999999999,316.5
2008,4770.0,53.25,311.75
2008,4818.0,61.75,325.75
2008,4782.0,57.74999999999999,317.0
2008,4842.0,44.0,275.75
2008,4848.0,65.25,327.5
2008,4884.0,59.75,330.25
2008,4938.0,59.99999999999999,283.0
2008,4974.0,66.25,302.75
2008,4914.0,66.75,274.25
2008,5016.0,62.50000000000001,321.0
2008,4950.0,51.0,353.75
2008,4956.0,62.50000000000001,320.75
2008,5022.0,43.75,9.25
2009,42.0,43.75,266.75
2009,42.0,62.75,344.75
2009,132.0,61.75,330.74999999999994
2009,126.0,61.25000000000001,352.25
2009,96.0,41.75,296.25
2009,216.0,58.5,282.0
2009,126.0,56.0,282.75
2009,258.0,57.74999999999999,319.0
2009,204.0,61.25000000000001,333.0
2009,336.0,67.0,326.0
2009,324.0,62.0,324.5
2009,336.0,62.0,305.0
2009,342.0,51.5,310.75
2009,378.0,41.99999999999999,297.25
2009,396.0,63.75000000000001,323.25
2009,420.0,58.24999999999999,270.5
2009,408.0,66.75,345.5
2009,498.0,50.25000000000001,301.5
2009,552.0,44.50000000000001,273.0
2009,504.0,48.00000000000001,320.75
2009,528.0,41.25000000000001,6.5
2009,570.0,45.25,320.5
2009,576.0,57.00000000000001,354.5
2009,642.0,52.50000000000001,315.5
2009,726.0,51.25,273.0
2009,756.0,31.999999999999993,306.75
2009,714.0,62.24999999999999,320.75
2009,720.0,63.25,337.75
2009,744.0,57.5,285.5
2009,762.0,56.74999999999999,358.5
2009,810.0,56.5,287.75
2009,822.0,60.25000000000001,353.5
2009,876.0,60.25000000000001,336.5
2009,960.0,64.25,263.75
2009,984.0,64.75,316.25
2009,924.0,56.0,318.25
2009,930.0,43.75,9.75
2009,1032.0,34.75,284.0
2009,960.0,54.75000000000001,239.99999999999994
2009,996.0,59.5,312.0
2009,1044.0,52.0,330.25
2009,1062.0,64.0,277.75
2009,1104.0,53.0,284.0
2009,1050.0,60.5,339.25
2009,1056.0,49.5,346.75
2009,1086.0,63.50000000000001,300.75
2009,1116.0,51.50000000000001,237.0
2009,1206.0,63.25,340.25
2009,1242.0,54.5,339.75
2009,1320.0,57.5,347.5
2009,1284.0,60.75,269.5
2009,1248.0,63.25,319.75
2009,1470.0,64.5,355.5
2009,1404.0,44.75,293.0
2009,1416.0,50.5,353.75
2009,1446.0,66.75,6.0
2009,1512.0,54.75000000000001,304.75
2009,1452.0,54.25,308.0
2009,1470.0,43.75,9.25
2009,1482.0,53.75,338.0
2009,1476.0,58.5,286.5
2009,1488.0,61.25000000000001,342.5
2009,1560.0,48.5,334.75
2009,1566.0,59.75,327.0
2009,1578.0,65.5,331.75
2009,1620.0,51.75000000000001,321.75
2009,1674.0,44.5,324.75
2009,1680.0,46.0,278.25
2009,1758.0,58.75,307.0
2009,1722.0,55.75000000000001,280.25
2009,1818.0,41.75,333.75
2009,1848.0,50.5,300.25
2009,1878.0,39.5,338.0
2009,1854.0,53.5,5.000000000000001
2009,1848.0,39.0,304.75
2009,1932.0,39.75000000000001,291.75
2009,1896.0,41.5,317.5
2009,1908.0,62.50000000000001,3.25
2009,1938.0,41.25000000000001,337.5
2009,2034.0,67.0,344.0
2009,2028.0,32.25,265.75
2009,1986.0,43.0,3.7499999999999996
2009,2016.0,59.25000000000001,328.0
2009,2016.0,41.0,347.5
2009,2082.0,38.75,319.0
2009,2124.0,63.25,6.000000000000001
2009,2070.0,61.75,347.0
2009,2172.0,65.5,273.25
2009,2172.0,57.00000000000001,301.0
2009,2190.0,49.00000000000001,345.0
2009,2208.0,47.75,316.25
2009,2214.0,43.25,6.749999999999999
2009,2220.0,42.75,324.25
2009,2256.0,46.75000000000001,342.5
2009,2250.0,42.25,297.5
2009,2274.0,39.75000000000001,338.5
2009,2292.0,48.00000000000001,308.0
2009,2322.0,55.5,6.25
2009,2316.0,41.75,6.999999999999999
2009,2322.0,52.25,307.75
2009,2382.0,39.5,2.7500000000000004
2009,2352.0,48.00000000000001,313.75
2009,2412.0,46.5,325.0
2009,2430.0,48.75,314.0
2009,2460.0,52.0,333.24999999999994
2009,2514.0,43.0,346.25
2009,2478.0,51.49999999999999,343.75
2009,2520.0,54.5,267.25
2009,2538.0,41.25000000000001,316.25
2009,2568.0,59.99999999999999,287.0
2009,2550.0,60.5,341.25
2009,2586.0,58.75,308.75
2009,2592.0,61.0,347.0
2009,2610.0,51.75000000000001,273.0
2009,2706.0,61.50000000000001,319.0
2009,2718.0,64.0,325.0
2009,2688.0,66.75,311.99999999999994
2009,2670.0,37.25000000000001,262.25
2009,2748.0,61.0,319.5
2009,2694.0,35.0,265.0
2009,2736.0,37.25,292.25
2009,2778.0,57.5,326.0
2009,2826.0,65.0,289.0
2009,2826.0,51.25,290.75
2009,2844.0,32.25,326.0
2009,2904.0,56.25,301.75
2009,2916.0,64.0,4.749999999999999
2009,2898.0,46.5,297.25
2009,2886.0,57.25,9.0
2009,2976.0,56.5,316.0
2009,2946.0,62.24999999999999,300.25
2009,3000.0,58.75,2.5
2009,2988.0,57.00000000000001,6.000000000000001
2009,3042.0,39.5,309.75
2009,3096.0,36.74999999999999,288.0
2009,3042.0,58.00000000000001,313.5
2009,3042.0,51.5,337.25
2009,3054.0,63.50000000000001,4.000000000000001
2009,3090.0,54.0,320.0
2009,3162.0,40.75,6.25
2009,3198.0,40.75,292.75
2009,3252.0,33.0,286.0
2009,3240.0,30.750000000000004,355.0
2009,3234.0,43.75,313.75
2009,3294.0,62.0,351.5
2009,3270.0,39.75000000000001,338.0
2009,3336.0,42.0,292.75
2009,3300.0,53.5,304.25
2009,3390.0,62.75,349.25
2009,3306.0,31.750000000000004,356.0
2009,3372.0,33.75,347.5
2009,3342.0,43.75,298.5
2009,3354.0,42.5,3.0000000000000004
2009,3390.0,41.25000000000001,4.999999999999999
2009,3378.0,40.0,306.5
2009,3486.0,46.75,339.5
2009,3414.0,41.00000000000001,308.5
2009,3426.0,59.75,359.5
2009,3432.0,42.25,343.75
2009,3546.0,50.75,358.0
2009,3492.0,36.5,286.25
2009,3630.0,63.75000000000001,7.250000000000001
2009,3546.0,36.75,291.0
2009,3612.0,58.5,343.0
2009,3570.0,42.25,296.5
2009,3612.0,61.0,327.75
2009,3600.0,47.0,356.5
2009,3624.0,40.5,296.0
2009,3642.0,49.5,338.25
2009,3654.0,38.5,340.75
2009,3684.0,36.25,286.0
2009,3690.0,41.25000000000001,5.5
2009,3720.0,64.5,321.5
2009,3720.0,40.5,333.25
2009,3780.0,62.50000000000001,302.0
2009,3738.0,42.75,306.5
2009,3756.0,31.5,357.25
2009,3852.0,58.00000000000001,309.5
2009,3792.0,54.25,316.0
2009,3816.0,40.25,4.75
2009,3816.0,35.25,358.25
2009,3834.0,38.5,262.5
2009,3852.0,34.75,262.5
2009,3924.0,38.00000000000001,282.0
2009,3942.0,44.25,315.75
2009,3936.0,38.5,282.25
2009,4002.0,50.75,326.25
2009,4020.0,57.74999999999999,303.0
2009,4032.0,49.25,337.5
2009,4038.0,58.25,324.0
2009,4038.0,67.0,294.0
2009,4086.0,58.75,317.5
2009,4032.0,65.0,348.75
2009,4164.0,57.5,332.5
2009,4056.0,66.75,277.25
2009,4158.0,62.50000000000001,335.25
2009,4158.0,41.0,281.75
2009,4164.0,60.25000000000001,339.25
2009,4260.0,40.75,301.0
2009,4188.0,42.5,295.0
2009,4200.0,47.75,342.0
2009,4242.0,59.00000000000001,296.5
2009,4212.0,45.25,307.25
2009,4254.0,60.75,357.25
2009,4254.0,63.25,289.75
2009,4320.0,46.75,291.5
2009,4308.0,46.75,345.0
2009,4326.0,36.25,286.5
2009,4338.0,53.75,354.75
2009,4410.0,50.25000000000001,347.5
2009,4440.0,56.0,272.0
2009,4386.0,60.25000000000001,269.25
2009,4488.0,61.0,323.25
2009,4500.0,65.75,345.5
2009,4464.0,60.75,278.5
2009,4500.0,58.5,318.0
2009,4572.0,51.5,320.5
2009,4548.0,44.25,277.5
2009,4590.0,47.0,293.25
2009,4602.0,65.0,330.75
2009,4662.0,29.999999999999996,10.0
2009,4722.0,36.25,345.25
2009,4746.0,53.25,278.75
2009,4746.0,45.0,303.0
2009,4746.0,64.75,0.0
2009,4806.0,45.0,300.0
2009,4782.0,41.0,320.0
2009,4836.0,46.25000000000001,308.5
2009,4932.0,38.5,262.25
2009,4866.0,63.50000000000001,352.5
2009,4962.0,53.25,317.75
2009,4926.0,38.5,301.75
2009,4932.0,38.00000000000001,319.75
2009,4950.0,57.5,344.5
2009,4998.0,39.5,289.25
2009,4998.0,50.50000000000001,330.74999999999994
2009,5034.0,40.0,299.25
2010,0.0,36.25,282.5
2010,18.0,57.74999999999999,341.5
2010,72.0,44.25,355.5
2010,66.0,55.5,322.5
2010,78.0,66.25,280.0
2010,222.0,34.25,312.75
2010,162.0,49.75,335.0
2010,192.0,59.75,298.25
2010,174.0,52.75,298.5
2010,168.0,55.75,239.0
2010,228.0,51.75000000000001,303.25
2010,234.0,30.25,355.0
2010,348.0,53.75,317.25
2010,312.0,56.5,281.25
2010,354.0,43.5,289.5
2010,396.0,58.499999999999986,274.0
2010,402.0,67.0,353.25
2010,450.0,52.75,262.25
2010,486.0,66.0,355.25
2010,498.0,67.0,355.5
2010,552.0,54.5,6.500000000000001
2010,564.0,53.25,310.0
2010,558.0,41.5,262.5
2010,582.0,58.5,318.0
2010,594.0,42.24999999999999,7.999999999999998
2010,630.0,48.75,268.75
2010,654.0,65.75,6.500000000000001
2010,654.0,50.75,336.25
2010,708.0,50.75,344.0
2010,732.0,53.25,311.25
2010,720.0,49.00000000000001,352.0
2010,732.0,42.5,2.75
2010,756.0,46.75,314.75
2010,762.0,64.0,317.5
2010,810.0,65.0,278.0
2010,858.0,45.5,289.25
2010,840.0,64.75,232.00000000000003
2010,984.0,42.25000000000001,304.75
2010,912.0,60.25000000000001,344.5
2010,918.0,44.25,8.5
2010,1008.0,37.25,297.75
2010,990.0,57.5,344.0
2010,972.0,66.75,356.0
2010,996.0,64.25,8.75
2010,1062.0,64.0,301.25
2010,1008.0,66.0,282.0
2010,1014.0,59.00000000000001,355.0
2010,1056.0,44.5,268.5
2010,1062.0,54.25,346.0
2010,1050.0,53.5,340.25
2010,1068.0,67.0,10.0
2010,1080.0,55.0,8.5
2010,1152.0,63.50000000000001,272.25
2010,1092.0,59.5,323.75
2010,1134.0,55.24999999999999,344.5
2010,1110.0,59.75,291.25
2010,1230.0,59.99999999999999,305.25
2010,1152.0,62.75,325.0
2010,1236.0,59.00000000000001,308.5
2010,1212.0,45.25000000000001,355.5
2010,1248.0,47.75,316.0
2010,1206.0,62.24999999999999,290.25
2010,1260.0,44.0,7.250000000000001
2010,1296.0,54.0,320.5
2010,1296.0,54.25,284.5
2010,1338.0,37.0,338.75
2010,1368.0,57.00000000000001,300.0
2010,1350.0,44.25,9.25
2010,1362.0,52.0,278.0
2010,1374.0,49.25,357.5
2010,1386.0,34.5,325.0
2010,1404.0,42.0,8.25
2010,1452.0,47.5,270.0
2010,1452.0,44.0,348.75
2010,1422.0,34.5,349.0
2010,1566.0,41.75,339.5
2010,1482.0,45.25,284.25
2010,1590.0,52.0,283.75
2010,1548.0,58.24999999999999,359.5
2010,1584.0,56.74999999999999,349.0
2010,1572.0,42.25,333.75
2010,1590.0,42.74999999999999,297.0
2010,1590.0,45.0,355.0
2010,1638.0,55.75,285.5
2010,1680.0,37.25,341.0
2010,1656.0,65.75,8.0
2010,1710.0,56.0,281.75
2010,1650.0,63.75000000000001,288.75
2010,1764.0,46.25,288.0
2010,1704.0,55.5,311.99999999999994
2010,1698.0,65.75,4.749999999999999
2010,1776.0,48.75,321.25
2010,1782.0,48.25,291.25
2010,1848.0,32.25,339.0
2010,1818.0,37.75,332.0
2010,1854.0,35.0,280.75
2010,1860.0,66.75,348.75
2010,1884.0,55.75,278.25
2010,1842.0,41.25000000000001,304.5
2010,1866.0,42.0,299.0
2010,1860.0,43.75,7.75
2010,1944.0,39.0,294.0
2010,1902.0,53.75,346.0
2010,2028.0,46.5,310.25
2010,2022.0,43.5,7.250000000000001
2010,2088.0,39.25,287.75
2010,2082.0,65.5,331.25
2010,2136.0,59.75,262.5
2010,2106.0,50.99999999999999,341.75
2010,2136.0,41.5,342.0
2010,2196.0,65.75,1.7499999999999998
2010,2178.0,52.75,308.75
2010,2196.0,48.00000000000001,272.5
2010,2196.0,63.25,274.25
2010,2232.0,49.5,309.5
2010,2244.0,56.0,274.0
2010,2358.0,45.5,343.5
2010,2274.0,42.75,300.0
2010,2286.0,48.24999999999999,297.0
2010,2346.0,65.25,354.5
2010,2418.0,43.5,298.0
2010,2352.0,38.75,297.25
2010,2370.0,52.50000000000001,316.0
2010,2424.0,63.50000000000001,4.000000000000001
2010,2508.0,58.75,331.0
2010,2430.0,52.50000000000001,342.25
2010,2556.0,60.25000000000001,342.0
2010,2562.0,63.25,336.5
2010,2622.0,56.25,316.5
2010,2658.0,46.25,300.25
2010,2634.0,60.75,320.0
2010,2724.0,49.75,298.5
2010,2700.0,57.74999999999999,317.0
2010,2754.0,40.25,301.0
2010,2808.0,32.0,345.0
2010,2844.0,41.25000000000001,350.5
2010,2850.0,64.0,295.5
2010,2838.0,61.0,309.25
2010,2892.0,59.00000000000001,319.0
2010,2946.0,62.0,330.74999999999994
2010,2946.0,65.25,298.75
2010,2976.0,58.5,332.5
2010,3012.0,59.99999999999999,308.74999999999994
2010,3012.0,65.0,330.5
2010,3018.0,61.0,350.0
2010,3042.0,50.75,267.5
2010,3030.0,60.5,236.25
2010,3108.0,64.75,300.0
2010,3150.0,60.75,321.75
2010,3090.0,49.25,343.5
2010,3108.0,67.0,6.0
2010,3198.0,60.5,326.25
2010,3138.0,67.0,294.0
2010,3174.0,62.0,1.75
2010,3210.0,52.75,323.75
2010,3264.0,50.0,323.0
2010,3252.0,66.25,280.0
2010,3330.0,52.0,312.75
2010,3270.0,63.75000000000001,352.75
2010,3342.0,59.00000000000001,297.75
2010,3276.0,61.75,312.75
2010,3282.0,60.5,354.5
2010,3396.0,54.75000000000001,283.25
2010,3354.0,54.75000000000001,313.0
2010,3402.0,56.25,322.25
2010,3390.0,52.25,333.75
2010,3402.0,43.75,303.25
2010,3462.0,37.0,279.75
2010,3498.0,61.25000000000001,269.5
2010,3426.0,63.25,343.25
2010,3504.0,64.0,337.5
2010,3588.0,57.25,312.0
2010,3552.0,67.0,335.5
2010,3600.0,62.0,268.5
2010,3630.0,46.74999999999999,297.0
2010,3648.0,62.50000000000001,340.75
2010,3690.0,51.5,301.25
2010,3732.0,62.50000000000001,320.0
2010,3840.0,58.75,347.5
2010,3876.0,66.75,0.0
2010,3870.0,43.0,281.25
2010,3894.0,47.25,266.25
2010,3906.0,39.25,1.75
2010,3930.0,54.0,354.5
2010,3960.0,43.75,354.25
2010,3966.0,66.0,325.5
2010,3996.0,57.25,337.5
2010,3978.0,41.25000000000001,1.5000000000000002
2010,4002.0,55.5,283.5
2010,4056.0,48.00000000000001,300.0
2010,4116.0,63.0,329.25
2010,4038.0,55.24999999999999,316.75
2010,4062.0,59.25000000000001,318.5
2010,4176.0,53.0,314.25
2010,4164.0,41.75,270.75
2010,4206.0,42.25,304.25
2010,4254.0,65.0,9.499999999999998
2010,4368.0,62.75,331.75
2010,4266.0,50.75,313.75
2010,4332.0,58.25,236.5
2010,4386.0,42.75,291.25
2010,4410.0,64.0,306.0
2010,4494.0,54.49999999999999,295.0
2010,4410.0,50.25000000000001,306.25
2010,4416.0,55.5,269.25
2010,4482.0,63.25,320.75
2010,4470.0,62.50000000000001,347.5
2010,4506.0,67.0,294.75
2010,4536.0,36.25,337.0
2010,4512.0,43.24999999999999,307.25
2010,4686.0,65.5,328.25
2010,4596.0,61.25000000000001,333.5
2010,4602.0,64.0,279.0
2010,4596.0,60.5,299.5
2010,4596.0,60.75,320.75
2010,4632.0,46.25,324.5
2010,4674.0,56.25,292.25
2010,4752.0,45.75,275.75
2010,4722.0,32.0,333.75
2010,4746.0,65.0,323.25
2010,4788.0,65.0,341.25
2010,4812.0,45.75,343.25
2010,4842.0,44.0,284.25
2010,4848.0,56.0,324.0
2010,4866.0,66.5,275.25
2010,4836.0,66.5,331.25
2010,4872.0,62.50000000000001,326.5
2010,4920.0,62.24999999999999,333.0
2010,4926.0,50.75,290.5
2010,4944.0,61.50000000000001,271.5
2010,4986.0,63.50000000000001,288.0
2010,4950.0,59.25000000000001,303.5
2010,4956.0,35.25,8.75
2010,5028.0,45.50000000000001,281.0
2010,4974.0,59.25000000000001,302.0
2010,5022.0,41.25000000000001,275.25
2010,5034.0,63.75000000000001,324.0
2011,42.0,40.25,299.5
2011,60.0,63.50000000000001,337.5
2011,54.0,58.25,343.0
2011,126.0,47.25,301.25
2011,216.0,61.75,280.75
2011,294.0,64.25,325.75
2011,258.0,48.50000000000001,311.25
2011,324.0,58.00000000000001,267.5
2011,318.0,45.75000000000001,273.0
2011,342.0,48.75,280.75
2011,402.0,48.75,296.0
2011,420.0,65.75,6.75
2011,462.0,41.75,276.5
2011,504.0,63.0,325.25
2011,516.0,62.50000000000001,272.75
2011,594.0,56.0,341.75
2011,492.0,55.0,220.49999999999997
2011,612.0,43.5,345.5
2011,600.0,41.75,301.25
2011,618.0,64.5,330.5
2011,690.0,51.5,320.0
2011,720.0,62.24999999999999,335.25
2011,708.0,41.99999999999999,293.25
2011,810.0,62.0,315.75
2011,762.0,64.25,262.5
2011,744.0,66.5,349.5
2011,768.0,36.75,295.5
2011,828.0,53.75,311.0
2011,786.0,57.25,338.5
2011,882.0,56.74999999999999,302.5
2011,816.0,61.25000000000001,336.5
2011,846.0,31.750000000000004,284.75
2011,864.0,42.25,4.5
2011,900.0,55.0,275.0
2011,912.0,61.25000000000001,326.25
2011,1002.0,57.00000000000001,282.0
2011,930.0,49.75,333.25
2011,978.0,61.50000000000001,321.25
2011,996.0,51.5,343.0
2011,1038.0,63.0,296.0
2011,1032.0,45.5,343.0
2011,1152.0,62.50000000000001,274.0
2011,1080.0,43.0,282.25
2011,1044.0,40.75,342.0
2011,1074.0,48.00000000000001,331.75
2011,1170.0,60.5,302.25
2011,1164.0,61.75,324.0
2011,1134.0,51.75000000000001,324.75
2011,1182.0,58.00000000000001,314.5
2011,1254.0,59.75,333.0
2011,1302.0,34.5,328.5
2011,1284.0,61.75,309.75
2011,1254.0,51.75000000000001,230.0
2011,1380.0,61.0,9.25
2011,1320.0,64.25,351.25
2011,1368.0,55.24999999999999,314.25
2011,1470.0,61.25000000000001,356.5
2011,1332.0,61.25000000000001,319.5
2011,1422.0,65.5,270.0
2011,1482.0,60.5,310.0
2011,1410.0,66.75,342.75
2011,1434.0,63.25,1.25
2011,1458.0,66.25,330.0
2011,1446.0,66.25,298.75
2011,1518.0,56.25,269.5
2011,1494.0,61.50000000000001,329.75
2011,1548.0,63.0,339.75
2011,1650.0,66.0,355.25
2011,1602.0,58.75,344.5
2011,1590.0,60.75,1.2499999999999998
2011,1608.0,64.25,272.5
2011,1644.0,59.00000000000001,353.0
2011,1668.0,55.75,308.5
2011,1698.0,60.75,313.25
2011,1776.0,54.5,335.25
2011,1758.0,57.00000000000001,348.5
2011,1788.0,40.00000000000001,307.75
2011,1824.0,64.25,275.0
2011,1836.0,52.50000000000001,294.75
2011,1812.0,66.0,300.75
2011,1818.0,49.00000000000001,350.75
2011,1992.0,66.0,350.0
2011,1860.0,66.0,300.75
2011,1884.0,64.25,320.0
2011,1914.0,38.25,306.0
2011,1896.0,66.0,286.0
2011,2010.0,66.5,305.5
2011,1986.0,47.5,303.5
2011,1926.0,46.5,312.75
2011,2052.0,62.50000000000001,348.75
2011,2028.0,63.75000000000001,339.0
2011,2058.0,65.75,285.25
2011,2064.0,66.75,330.0
2011,2046.0,58.5,236.00000000000003
2011,2070.0,64.75,297.25
2011,2100.0,54.0,337.75
2011,2094.0,39.25,302.75
2011,2160.0,55.24999999999999,303.25
2011,2100.0,57.5,237.0
2011,2214.0,64.5,327.5
2011,2208.0,40.0,291.75
2011,2220.0,51.75000000000001,273.75
2011,2250.0,51.0,288.5
2011,2268.0,58.24999999999999,359.0
2011,2220.0,61.25000000000001,333.5
2011,2286.0,39.5,298.0
2011,2304.0,59.750000000000014,1.75
2011,2424.0,65.5,347.0
2011,2418.0,65.5,323.75
2011,2412.0,60.25000000000001,280.5
2011,2454.0,49.25000000000001,267.0
2011,2442.0,65.0,301.25
2011,2442.0,37.74999999999999,297.0
2011,2562.0,63.0,303.25
2011,2622.0,64.0,346.75
2011,2592.0,64.0,327.0
2011,2604.0,38.99999999999999,317.25
2011,2664.0,59.99999999999999,312.75
2011,2646.0,63.25,265.0
2011,2652.0,48.25,276.0
2011,2694.0,53.25,317.25
2011,2718.0,61.0,0.5
2011,2742.0,58.75,305.0
2011,2748.0,44.5,272.5
2011,2766.0,59.75,319.0
2011,2808.0,66.25,340.75
2011,2808.0,65.75,354.75
2011,2820.0,58.25,306.0
2011,2916.0,59.00000000000001,280.0
2011,2922.0,58.00000000000001,317.5
2011,2850.0,63.50000000000001,322.75
2011,2886.0,66.5,328.0
2011,3006.0,53.0,325.0
2011,2994.0,58.75,318.0
2011,3012.0,39.0,300.25
2011,3084.0,64.5,323.75
2011,3048.0,65.0,266.25
2011,3096.0,56.5,333.75
2011,3120.0,63.0,286.25
2011,3132.0,58.5,328.5
2011,3168.0,66.75,340.75
2011,3138.0,61.25000000000001,317.25
2011,3162.0,41.25000000000001,298.5
2011,3216.0,63.50000000000001,297.5
2011,3264.0,61.25000000000001,297.25
2011,3354.0,67.0,295.5
2011,3276.0,57.5,299.5
2011,3336.0,65.0,328.0
2011,3354.0,50.5,285.0
2011,3414.0,62.75,315.5
2011,3456.0,44.25,315.75
2011,3378.0,45.25,300.75
2011,3414.0,64.25,351.5
2011,3438.0,47.75,264.0
2011,3450.0,61.25000000000001,307.75
2011,3438.0,58.25,236.75
2011,3486.0,60.5,321.5
2011,3534.0,45.25,284.25
2011,3504.0,53.75,316.25
2011,3504.0,45.0,297.0
2011,3564.0,66.0,332.0
2011,3570.0,55.0,311.75
2011,3642.0,43.75,266.75
2011,3666.0,54.5,325.5
2011,3708.0,45.75,279.0
2011,3684.0,41.5,319.25
2011,3684.0,41.75,297.0
2011,3702.0,65.25,283.25
2011,3786.0,63.25,342.0
2011,3786.0,63.25,324.75
2011,3810.0,49.5,274.5
2011,3810.0,65.0,322.5
2011,3834.0,65.0,352.5
2011,3864.0,57.74999999999999,308.5
2011,3888.0,59.25000000000001,272.0
2011,3912.0,51.5,316.5
2011,3936.0,61.50000000000001,314.5
2011,3966.0,54.0,320.75
2011,3996.0,62.0,268.25
2011,3978.0,63.50000000000001,343.5
2011,4032.0,64.25,4.5
2011,4098.0,55.0,320.25
2011,4080.0,62.24999999999999,325.0
2011,4128.0,59.99999999999999,262.0
2011,4140.0,65.25,329.5
2011,4158.0,47.5,323.75
2011,4176.0,58.25,297.5
2011,4344.0,41.25000000000001,306.25
2011,4212.0,54.75000000000001,324.75
2011,4242.0,48.75,328.5
2011,4284.0,47.00000000000001,304.25
2011,4266.0,44.5,327.75
2011,4350.0,54.75000000000001,301.0
2011,4428.0,54.25,307.5
2011,4362.0,30.750000000000004,355.0
2011,4404.0,39.75000000000001,306.5
2011,4386.0,44.75,240.0
2011,4452.0,39.5,302.5
2011,4638.0,54.5,137.5
2011,4440.0,42.5,310.0
2011,4458.0,53.75,359.5
2011,4554.0,44.5,7.75
2011,4494.0,39.0,299.75
2011,4578.0,66.25,319.25
2011,4542.0,39.25,297.75
2011,4596.0,63.25,347.0
2011,4632.0,63.75000000000001,335.25
2011,4728.0,57.25,312.75
2011,4686.0,38.5,8.75
2011,4758.0,44.25,267.0
2011,4770.0,59.99999999999999,302.5
2011,4764.0,34.5,309.75
2011,4782.0,57.74999999999999,342.5
2011,4920.0,38.0,285.0
2011,4932.0,49.5,355.25
2011,5010.0,42.75,282.25
2011,4962.0,48.75,342.5
2011,5034.0,63.50000000000001,303.5
2011,5028.0,44.0,294.74999999999994
2012,30.0,65.5,284.25
2012,0.0,30.5,268.5
2012,0.0,46.0,290.25
2012,54.0,66.25,352.0
2012,72.0,62.24999999999999,1.5
2012,102.0,50.0,268.5
2012,132.0,39.25,326.0
2012,138.0,65.0,325.5
2012,102.0,67.0,4.749999999999999
2012,144.0,57.00000000000001,288.5
2012,258.0,60.25000000000001,283.75
2012,186.0,66.25,2.75
2012,186.0,66.25,328.0
2012,228.0,64.0,328.75
2012,282.0,57.00000000000001,358.0
2012,264.0,53.5,300.5
2012,318.0,46.75,357.5
2012,336.0,45.5,275.75
2012,318.0,54.0,4.500000000000001
2012,324.0,58.25,312.0
2012,390.0,33.75,298.25
2012,378.0,59.25000000000001,266.5
2012,384.0,57.5,6.0
2012,378.0,49.25,344.75
2012,414.0,56.25,308.0
2012,426.0,41.25000000000001,356.0
2012,414.0,44.0,272.0
2012,420.0,57.5,1.9999999999999996
2012,558.0,58.75,304.5
2012,708.0,35.75,326.5
2012,636.0,63.25,279.5
2012,690.0,38.24999999999999,287.25
2012,654.0,43.50000000000001,7.500000000000001
2012,654.0,60.75,357.75
2012,732.0,41.0,4.25
2012,750.0,60.5,350.25
2012,768.0,62.50000000000001,356.0
2012,858.0,64.75,336.75
2012,846.0,57.00000000000001,305.5
2012,948.0,61.50000000000001,341.25
2012,900.0,62.50000000000001,347.0
2012,906.0,37.5,288.75
2012,1044.0,64.0,296.5
2012,978.0,57.25,304.5
2012,1038.0,66.75,282.75
2012,1068.0,39.75000000000001,340.0
2012,1104.0,65.25,273.0
2012,1122.0,67.0,345.25
2012,1176.0,54.25,344.0
2012,1152.0,45.25,239.99999999999994
2012,1206.0,57.00000000000001,328.0
2012,1230.0,61.50000000000001,344.75
2012,1248.0,61.50000000000001,267.25
2012,1290.0,48.5,280.5
2012,1230.0,37.75000000000001,304.25
2012,1278.0,66.5,338.75
2012,1266.0,39.5,333.24999999999994
2012,1278.0,62.24999999999999,295.25
2012,1326.0,52.0,344.5
2012,1344.0,56.5,299.25
2012,1416.0,42.0,7.499999999999999
2012,1452.0,55.75,311.75
2012,1440.0,43.25,9.0
2012,1536.0,41.0,321.25
2012,1500.0,64.25,324.24999999999994
2012,1632.0,66.0,332.0
2012,1530.0,59.00000000000001,353.25
2012,1536.0,54.75000000000001,7.499999999999999
2012,1650.0,47.25,320.5
2012,1614.0,59.99999999999999,275.25
2012,1596.0,59.99999999999999,351.0
2012,1656.0,61.0,356.0
2012,1698.0,55.24999999999999,310.75
2012,1770.0,54.25,325.25
2012,1830.0,43.5,269.25
2012,1806.0,56.74999999999999,344.75
2012,1800.0,56.0,0.0
2012,1872.0,49.50000000000001,322.0
2012,1872.0,39.25,280.0
2012,1830.0,54.25,343.75
2012,1950.0,44.75,277.0
2012,1932.0,38.75,303.75
2012,1902.0,57.00000000000001,339.75
2012,1926.0,41.75,333.75
2012,1944.0,54.25,355.75
2012,1968.0,57.25,331.0
2012,1956.0,40.5,285.25
2012,1998.0,57.5,334.0
2012,1992.0,55.0,348.75
2012,2004.0,58.5,356.99999999999994
2012,2028.0,53.75,300.25
2012,2100.0,40.75,287.5
2012,2040.0,56.74999999999999,8.0
2012,2124.0,60.75,333.24999999999994
2012,2142.0,63.25,345.0
2012,2166.0,41.75,292.25
2012,2178.0,54.0,339.75
2012,2220.0,58.25,324.5
2012,2274.0,57.25,316.25
2012,2292.0,56.0,274.5
2012,2256.0,66.5,354.0
2012,2292.0,57.25,328.0
2012,2316.0,61.50000000000001,279.5
2012,2346.0,61.75,340.25
2012,2346.0,58.5,299.5
2012,2388.0,66.25,271.25
2012,2370.0,53.25,270.0
2012,2382.0,51.75000000000001,321.25
2012,2418.0,52.0,278.75
2012,2394.0,61.0,352.25
2012,2460.0,53.0,341.25
2012,2466.0,43.25,309.0
2012,2520.0,59.99999999999999,305.5
2012,2502.0,37.25,307.75
2012,2532.0,62.75,352.25
2012,2562.0,58.00000000000001,308.5
2012,2544.0,63.75000000000001,325.25
2012,2586.0,64.0,308.75
2012,2568.0,43.25,9.999999999999998
2012,2592.0,55.75,288.0
2012,2646.0,41.5,350.75
2012,2628.0,64.0,327.25
2012,2658.0,54.25,328.5
2012,2718.0,56.5,309.75
2012,2634.0,61.75,305.25
2012,2688.0,46.75,356.75
2012,2718.0,49.75,345.5
2012,2706.0,53.5,354.75
2012,2748.0,53.0,317.25
2012,2814.0,55.24999999999999,326.75
2012,2808.0,65.25,1.75
2012,2808.0,67.0,293.5
2012,2856.0,52.50000000000001,328.0
2012,2862.0,64.5,347.99999999999994
2012,2916.0,44.5,279.75
2012,2880.0,51.25,334.0
2012,2934.0,59.75,291.75
2012,2922.0,37.25,321.0
2012,2916.0,52.75,334.75
2012,2964.0,58.5,301.0
2012,3018.0,63.0,334.25
2012,2988.0,67.0,290.0
2012,3042.0,48.25,301.25
2012,3144.0,62.75,321.75
2012,3150.0,40.5,291.25
2012,3216.0,48.00000000000001,279.75
2012,3162.0,61.0,319.5
2012,3222.0,63.0,263.5
2012,3270.0,59.99999999999999,348.75
2012,3228.0,42.25,9.999999999999998
2012,3234.0,46.75,298.75
2012,3354.0,53.00000000000001,328.5
2012,3354.0,42.25,294.75
2012,3402.0,46.75,276.0
2012,3432.0,32.25,8.0
2012,3396.0,52.75,317.25
2012,3444.0,56.5,322.5
2012,3504.0,43.25,9.75
2012,3450.0,44.25,311.99999999999994
2012,3480.0,39.25,312.25
2012,3546.0,38.75,302.75
2012,3558.0,35.74999999999999,269.0
2012,3606.0,41.75,325.5
2012,3642.0,42.0,301.5
2012,3702.0,38.75,336.5
2012,3666.0,41.25000000000001,323.0
2012,3696.0,67.0,355.5
2012,3702.0,46.5,295.5
2012,3798.0,45.25,333.25
2012,3780.0,51.5,333.75
2012,3816.0,39.0,296.25
2012,3816.0,53.0,341.5
2012,3786.0,44.5,356.25
2012,3930.0,54.0,289.0
2012,3882.0,62.50000000000001,296.5
2012,3930.0,39.75000000000001,5.25
2012,3936.0,36.25,322.75
2012,3966.0,60.5,349.5
2012,3972.0,59.99999999999999,290.0
2012,4026.0,52.75,354.25
2012,4002.0,56.5,300.75
2012,4038.0,55.75,305.75
2012,4038.0,42.75,5.749999999999999
2012,4074.0,48.25,275.5
2012,4056.0,37.0,344.0
2012,4086.0,41.5,318.75
2012,4074.0,31.250000000000004,355.5
2012,4056.0,52.25,355.25
2012,4080.0,42.0,290.0
2012,4128.0,41.5,298.5
2012,4158.0,31.0,355.25
2012,4146.0,50.25000000000001,343.5
2012,4248.0,42.5,308.5
2012,4242.0,50.75,315.75
2012,4224.0,35.75,317.0
2012,4278.0,43.25,351.5
2012,4398.0,41.5,9.25
2012,4386.0,51.5,338.75
2012,4368.0,30.999999999999993,357.5
2012,4434.0,56.5,294.25
2012,4404.0,42.0,338.75
2012,4458.0,53.25,282.75
2012,4458.0,35.25,9.999999999999998
2012,4458.0,42.25,8.25
2012,4488.0,58.5,316.5
2012,4452.0,55.75,303.5
2012,4524.0,53.5,312.0
2012,4476.0,61.75,296.0
2012,4518.0,45.0,272.75
2012,4518.0,49.00000000000001,346.75
2012,4560.0,49.5,350.0
2012,4620.0,49.00000000000001,347.0
2012,4662.0,45.5,327.5
2012,4590.0,47.0,348.25
2012,4638.0,62.75,351.75
2012,4728.0,54.75000000000001,348.75
2012,4818.0,62.50000000000001,321.25
2012,4686.0,58.25,341.0
2012,4728.0,40.75,319.0
2012,4698.0,59.5,327.5
2012,4818.0,46.5,273.75
2012,4866.0,62.0,326.25
2012,4944.0,34.25,324.5
2012,4890.0,63.50000000000001,0.0
2012,4956.0,64.5,297.5
2012,4974.0,61.50000000000001,306.0
2012,5022.0,64.75,287.5
2012,4986.0,65.0,276.25
2012,5034.0,32.5,2.25
2012,5034.0,62.50000000000001,351.75
2013,36.0,64.5,323.75
2013,42.0,58.5,279.5
2013,90.0,50.5,308.0
2013,72.0,63.25,346.0
2013,102.0,55.0,327.5
2013,90.0,63.0,315.5
2013,180.0,43.75,319.75
2013,186.0,63.0,293.5
2013,312.0,58.499999999999986,274.0
2013,324.0,49.75,337.5
2013,468.0,49.00000000000001,324.75
2013,378.0,60.5,268.75
2013,390.0,55.24999999999999,4.25
2013,408.0,51.0,332.5
2013,426.0,50.5,285.5
2013,552.0,54.75000000000001,289.75
2013,504.0,49.00000000000001,308.0
2013,540.0,62.24999999999999,315.75
2013,552.0,63.0,359.25
2013,540.0,46.75,327.5
2013,594.0,55.0,321.5
2013,576.0,59.00000000000001,298.5
2013,552.0,65.0,335.0
2013,612.0,48.00000000000001,277.0
2013,618.0,67.0,284.0
2013,600.0,62.0,300.5
2013,636.0,56.5,308.74999999999994
2013,612.0,62.24999999999999,315.5
2013,636.0,58.5,277.5
2013,714.0,59.75,331.25
2013,660.0,55.5,6.25
2013,708.0,59.99999999999999,311.5
2013,732.0,58.75,272.5
2013,816.0,58.5,313.5
2013,726.0,43.75,328.25
2013,774.0,54.0,347.25
2013,780.0,48.24999999999999,234.5
2013,810.0,51.00000000000001,352.25
2013,870.0,42.75,268.25
2013,930.0,66.5,359.25
2013,990.0,64.5,333.25
2013,1014.0,51.5,313.0
2013,1056.0,57.74999999999999,305.5
2013,1056.0,64.0,284.0
2013,1050.0,54.0,271.25
2013,1122.0,66.75,6.0
2013,1074.0,66.75,237.5
2013,1110.0,65.5,329.0
2013,1236.0,39.75000000000001,323.5
2013,1176.0,51.5,282.5
2013,1176.0,41.0,4.25
2013,1200.0,63.0,358.0
2013,1224.0,59.25000000000001,278.0
2013,1236.0,46.75,306.0
2013,1260.0,41.75,8.25
2013,1398.0,50.0,294.25
2013,1440.0,67.0,330.0
2013,1476.0,66.5,330.75
2013,1500.0,64.0,296.0
2013,1536.0,33.5,331.75
2013,1530.0,66.25,333.0
2013,1584.0,55.0,311.75
2013,1596.0,55.24999999999999,279.0
2013,1572.0,60.25000000000001,8.0
2013,1602.0,34.00000000000001,315.75
2013,1608.0,66.5,2.5
2013,1620.0,66.25,262.0
2013,1620.0,59.99999999999999,303.5
2013,1638.0,61.25000000000001,322.5
2013,1680.0,52.50000000000001,279.0
2013,1710.0,65.5,327.75
2013,1680.0,61.25000000000001,341.5
2013,1734.0,57.00000000000001,316.0
2013,1740.0,64.25,3.7499999999999996
2013,1752.0,58.75,317.0
2013,1800.0,63.75000000000001,353.25
2013,1758.0,62.75,336.5
2013,1806.0,57.24999999999999,341.0
2013,1824.0,45.25,299.25
2013,1878.0,63.25,285.25
2013,1890.0,55.0,348.25
2013,1890.0,59.25000000000001,281.5
2013,2004.0,66.0,345.49999999999994
2013,2064.0,66.75,286.0
2013,2034.0,60.5,351.75
2013,2016.0,66.0,308.0
2013,2088.0,54.75000000000001,348.75
2013,2058.0,62.75,311.75
2013,2148.0,56.5,305.25
2013,2154.0,57.74999999999999,329.5
2013,2166.0,43.25,292.5
2013,2214.0,61.50000000000001,294.75
2013,2178.0,55.0,335.0
2013,2256.0,54.25,346.75
2013,2244.0,55.24999999999999,313.75
2013,2298.0,50.25000000000001,319.5
2013,2364.0,58.25,285.0
2013,2376.0,62.24999999999999,296.25
2013,2406.0,54.5,0.7500000000000001
2013,2448.0,51.5,218.74999999999997
2013,2442.0,65.25,329.25
2013,2508.0,53.25,314.5
2013,2460.0,49.75,330.75
2013,2430.0,62.50000000000001,9.499999999999998
2013,2472.0,59.5,7.499999999999999
2013,2574.0,50.25000000000001,266.25
2013,2544.0,44.25,273.0
2013,2580.0,54.75000000000001,330.5
2013,2658.0,60.25000000000001,347.25
2013,2646.0,63.75000000000001,283.25
2013,2646.0,39.25,275.0
2013,2646.0,61.50000000000001,332.5
2013,2682.0,57.25,331.0
2013,2712.0,60.25000000000001,306.75
2013,2640.0,59.99999999999999,305.75
2013,2652.0,37.0,359.25
2013,2724.0,37.5,289.5
2013,2772.0,60.25000000000001,272.5
2013,2814.0,56.74999999999999,344.5
2013,2880.0,60.75,300.0
2013,2838.0,57.74999999999999,298.5
2013,2838.0,43.75,9.25
2013,2850.0,59.99999999999999,289.75
2013,2922.0,33.75,8.5
2013,2874.0,46.25,358.0
2013,2964.0,62.75,301.0
2013,2946.0,56.24999999999999,340.5
2013,2934.0,43.25000000000001,7.000000000000001
2013,2970.0,61.75,281.75
2013,2904.0,64.25,328.75
2013,2964.0,58.00000000000001,338.0
2013,3036.0,50.0,344.0
2013,3012.0,59.25000000000001,340.5
2013,2988.0,61.50000000000001,318.5
2013,3072.0,42.5,339.25
2013,3102.0,50.5,330.25
2013,3114.0,64.0,310.75
2013,3114.0,66.0,286.75
2013,3162.0,43.49999999999999,351.75
2013,3180.0,59.00000000000001,319.5
2013,3198.0,58.25,336.5
2013,3228.0,53.75000000000001,349.75
2013,3240.0,61.0,339.75
2013,3282.0,62.75,320.0
2013,3252.0,41.74999999999999,325.25
2013,3270.0,42.25000000000001,290.5
2013,3276.0,63.25,297.5
2013,3324.0,43.24999999999999,296.25
2013,3294.0,57.5,237.5
2013,3318.0,56.5,330.25
2013,3396.0,59.5,333.75
2013,3372.0,53.0,262.0
2013,3450.0,52.75,321.0
2013,3438.0,45.0,271.0
2013,3432.0,62.75,351.5
2013,3468.0,47.75,296.25
2013,3498.0,65.5,354.25
2013,3510.0,52.50000000000001,333.5
2013,3558.0,55.5,320.5
2013,3582.0,41.25000000000001,301.75
2013,3624.0,50.5,300.5
2013,3594.0,52.0,347.5
2013,3624.0,43.25,8.5
2013,3636.0,53.25,317.75
2013,3672.0,57.25,302.5
2013,3684.0,59.75,349.5
2013,3738.0,62.0,321.25
2013,3678.0,46.25,320.25
2013,3678.0,43.0,5.25
2013,3732.0,63.50000000000001,345.0
2013,3786.0,50.25000000000001,328.0
2013,3864.0,67.0,332.5
2013,3816.0,66.75,284.5
2013,3822.0,63.75000000000001,321.0
2013,3912.0,66.5,347.99999999999994
2013,3936.0,48.25,300.75
2013,3852.0,51.75000000000001,327.5
2013,3954.0,59.99999999999999,309.5
2013,3954.0,61.75,4.5
2013,4026.0,56.74999999999999,306.75
2013,3966.0,64.5,327.0
2013,4002.0,49.00000000000001,319.25
2013,4008.0,63.75000000000001,9.0
2013,4062.0,33.75,292.0
2013,4098.0,48.00000000000001,284.5
2013,4062.0,63.0,0.25000000000000006
2013,4098.0,66.5,352.0
2013,4158.0,59.75,310.0
2013,4152.0,44.75,294.0
2013,4194.0,50.75,299.5
2013,4140.0,65.0,330.0
2013,4158.0,45.25,9.5
2013,4170.0,63.25,321.5
2013,4188.0,62.0,337.5
2013,4224.0,58.5,318.25
2013,4206.0,51.5,352.0
2013,4248.0,42.00000000000001,297.5
2013,4296.0,48.00000000000001,288.75
2013,4260.0,43.75,343.5
2013,4362.0,66.0,276.5
2013,4308.0,37.75,356.99999999999994
2013,4290.0,49.75,326.25
2013,4386.0,42.25,302.25
2013,4416.0,55.5,320.25
2013,4392.0,49.99999999999999,275.5
2013,4398.0,62.50000000000001,321.75
2013,4350.0,40.75,338.0
2013,4464.0,45.75,279.0
2013,4410.0,43.5,0.25
2013,4440.0,57.25,324.5
2013,4422.0,40.25,312.5
2013,4452.0,39.25,8.0
2013,4494.0,48.00000000000001,296.75
2013,4524.0,64.75,331.5
2013,4524.0,62.24999999999999,280.0
2013,4560.0,47.0,290.5
2013,4560.0,66.5,1.25
2013,4608.0,56.25,284.25
2013,4590.0,66.0,351.25
2013,4632.0,64.25,335.75
2013,4632.0,63.75000000000001,276.75
2013,4686.0,42.25,271.5
2013,4662.0,64.5,324.5
2013,4704.0,65.75,329.25
2013,4752.0,61.50000000000001,305.5
2013,4776.0,67.0,328.75
2013,4776.0,53.0,236.25
2013,4806.0,43.50000000000001,8.75
2013,4824.0,31.750000000000004,358.5
2013,4788.0,66.0,325.25
2013,4848.0,51.5,318.75
2013,4944.0,43.25,303.75
2013,4908.0,41.5,302.25
2013,4992.0,40.0,293.0
2014,48.0,60.25000000000001,269.5
2014,66.0,48.25,276.25
2014,42.0,63.0,336.5
2014,126.0,59.75,345.5
2014,228.0,61.25000000000001,293.0
2014,192.0,56.74999999999999,1.0
2014,300.0,34.50000000000001,307.0
2014,264.0,40.5,348.75
2014,294.0,43.0,345.0
2014,366.0,53.75,0.0
2014,342.0,65.5,299.25
2014,318.0,41.25000000000001,268.25
2014,306.0,50.25000000000001,324.75
2014,408.0,63.25,305.5
2014,366.0,48.00000000000001,319.75
2014,432.0,41.0,301.25
2014,384.0,48.25,266.0
2014,408.0,52.50000000000001,290.75
2014,462.0,34.00000000000001,338.75
2014,582.0,62.24999999999999,325.75
2014,474.0,66.25,348.5
2014,522.0,66.0,290.0
2014,528.0,37.75,288.0
2014,534.0,67.0,350.5
2014,564.0,65.0,350.0
2014,642.0,47.25,300.75
2014,636.0,61.50000000000001,280.25
2014,690.0,55.75,284.75
2014,750.0,62.0,339.25
2014,744.0,57.74999999999999,307.75
2014,780.0,38.99999999999999,290.74999999999994
2014,876.0,59.75,291.25
2014,780.0,64.25,1.25
2014,840.0,56.74999999999999,316.5
2014,840.0,43.25,6.749999999999999
2014,822.0,45.25,4.000000000000001
2014,858.0,51.25,224.25
2014,864.0,61.75,336.5
2014,942.0,53.25,311.5
2014,870.0,61.75,313.25
2014,930.0,63.75000000000001,351.5
2014,912.0,50.5,348.25
2014,1068.0,58.75,300.5
2014,1068.0,42.75,314.75
2014,1020.0,52.50000000000001,335.75
2014,1122.0,58.75,278.0
2014,1080.0,57.00000000000001,338.5
2014,1098.0,53.25,308.25
2014,1128.0,53.0,1.25
2014,1158.0,48.5,282.75
2014,1188.0,57.00000000000001,300.0
2014,1164.0,50.0,336.25
2014,1278.0,54.25,293.5
2014,1278.0,57.74999999999999,313.5
2014,1248.0,60.25000000000001,338.25
2014,1272.0,32.75,348.75
2014,1320.0,51.25,283.0
2014,1290.0,66.25,306.75
2014,1368.0,39.25,288.0
2014,1374.0,63.0,295.5
2014,1374.0,66.25,274.75
2014,1404.0,64.25,319.5
2014,1458.0,64.5,335.5
2014,1446.0,37.75,2.2500000000000004
2014,1488.0,64.25,306.25
2014,1500.0,64.5,273.0
2014,1530.0,64.5,325.0
2014,1560.0,60.5,305.0
2014,1578.0,63.50000000000001,320.0
2014,1638.0,62.50000000000001,299.25
2014,1596.0,67.0,346.5
2014,1656.0,62.50000000000001,324.0
2014,1662.0,65.0,344.25
2014,1710.0,43.0,289.5
2014,1800.0,66.75,354.0
2014,1812.0,65.25,306.25
2014,1782.0,41.75,300.25
2014,1824.0,42.25000000000001,304.75
2014,1860.0,66.5,338.75
2014,1914.0,50.5,306.25
2014,1890.0,64.0,348.5
2014,1938.0,64.5,325.25
2014,1914.0,58.25,235.5
2014,1968.0,41.50000000000001,322.75
2014,1956.0,66.25,344.25
2014,1980.0,44.5,262.0
2014,1986.0,64.0,4.5
2014,2034.0,37.75,319.0
2014,2088.0,58.749999999999986,297.0
2014,2094.0,36.75,323.5
2014,2232.0,62.50000000000001,337.5
2014,2148.0,67.0,294.0
2014,2166.0,54.5,334.5
2014,2232.0,57.25,283.0
2014,2226.0,63.0,322.0
2014,2280.0,61.0,303.5
2014,2286.0,56.25,318.75
2014,2358.0,62.75,332.5
2014,2298.0,62.0,323.0
2014,2400.0,59.25000000000001,351.5
2014,2418.0,63.50000000000001,324.0
2014,2442.0,58.00000000000001,311.5
2014,2412.0,63.50000000000001,283.25
2014,2436.0,61.25000000000001,4.0
2014,2478.0,61.25000000000001,350.5
2014,2514.0,66.25,281.25
2014,2544.0,56.25,349.0
2014,2568.0,66.5,347.5
2014,2616.0,62.75,300.5
2014,2574.0,64.5,320.75
2014,2556.0,62.75,303.75
2014,2556.0,40.5,301.0
2014,2634.0,58.00000000000001,322.5
2014,2604.0,49.75,264.0
2014,2688.0,55.24999999999999,303.75
2014,2676.0,51.5,353.25
2014,2694.0,62.0,224.0
2014,2748.0,66.0,328.25
2014,2796.0,65.25,335.0
2014,2832.0,60.75,311.75
2014,2856.0,61.0,275.75
2014,2844.0,39.75000000000001,290.75
2014,2904.0,60.25000000000001,3.25
2014,2952.0,43.25,296.0
2014,2898.0,38.5,300.5
2014,2940.0,44.0,9.0
2014,3006.0,43.75,295.5
2014,2994.0,63.50000000000001,301.0
2014,3054.0,40.75,6.999999999999999
2014,3000.0,67.0,287.5
2014,3090.0,64.25,297.5
2014,3078.0,42.75,298.5
2014,3174.0,66.0,328.0
2014,3222.0,52.75,326.75
2014,3144.0,66.0,308.25
2014,3330.0,66.0,333.25
2014,3204.0,62.0,306.5
2014,3210.0,66.75,338.99999999999994
2014,3258.0,44.50000000000001,301.75
2014,3252.0,64.75,325.0
2014,3246.0,54.25,347.0
2014,3318.0,47.50000000000001,297.75
2014,3318.0,65.5,327.0
2014,3360.0,40.5,295.75
2014,3366.0,62.0,328.5
2014,3450.0,64.5,327.0
2014,3438.0,55.75,300.75
2014,3420.0,48.75,357.25
2014,3456.0,43.25,9.75
2014,3486.0,58.25,346.5
2014,3510.0,56.25,273.0
2014,3510.0,43.5,9.0
2014,3498.0,64.75,2.5
2014,3582.0,57.00000000000001,316.0
2014,3570.0,37.25000000000001,290.5
2014,3558.0,63.25,337.75
2014,3552.0,59.75,300.75
2014,3618.0,67.0,294.75
2014,3624.0,64.75,273.75
2014,3666.0,60.5,332.25
2014,3708.0,53.75,282.75
2014,3696.0,55.75,312.5
2014,3672.0,67.0,324.0
2014,3744.0,58.25,324.0
2014,3822.0,54.5,341.75
2014,3792.0,67.0,294.75
2014,3930.0,60.75,323.25
2014,3858.0,63.50000000000001,327.5
2014,3894.0,55.75,338.25
2014,3936.0,55.0,331.0
2014,3990.0,62.50000000000001,272.75
2014,3990.0,64.5,331.25
2014,3990.0,44.25,298.5
2014,4050.0,44.5,300.5
2014,4080.0,31.5,356.99999999999994
2014,4212.0,41.0,9.749999999999998
2014,4134.0,65.25,324.75
2014,4140.0,46.0,300.25
2014,4182.0,63.50000000000001,351.5
2014,4164.0,64.5,6.75
2014,4266.0,55.0,315.0
2014,4194.0,61.75,317.75
2014,4188.0,30.750000000000004,355.25
2014,4230.0,57.25,353.0
2014,4368.0,66.5,346.5
2014,4302.0,45.25,302.5
2014,4332.0,64.5,322.5
2014,4332.0,53.75,285.5
2014,4350.0,63.25,354.5
2014,4386.0,42.0,300.25
2014,4392.0,52.25,300.0
2014,4434.0,56.74999999999999,286.25
2014,4398.0,59.5,320.75
2014,4488.0,63.75000000000001,324.5
2014,4506.0,59.5,313.75
2014,4500.0,31.250000000000004,357.25
2014,4518.0,64.75,322.5
2014,4662.0,62.75,324.5
2014,4548.0,66.0,216.75
2014,4578.0,65.0,350.0
2014,4620.0,65.75,347.25
2014,4620.0,65.0,307.0
2014,4656.0,60.75,269.5
2014,4680.0,65.75,303.25
2014,4794.0,48.00000000000001,316.25
2014,4710.0,62.0,305.5
2014,4740.0,42.0,308.0
2014,4764.0,64.0,315.0
2014,4836.0,44.5,274.5
2014,4848.0,44.5,317.0
2014,4878.0,42.0,298.0
2014,4950.0,61.75,358.25
2014,4884.0,44.5,327.25
2014,4950.0,38.75000000000001,262.25
2014,4962.0,48.00000000000001,304.0
2014,4992.0,65.0,357.5
2014,5028.0,47.0,303.25
2014,5016.0,42.0,8.25
2015,150.0,40.5,308.25
2015,60.0,67.0,352.75
2015,90.0,63.50000000000001,330.5
2015,66.0,49.50000000000001,323.75
2015,72.0,42.0,345.25
2015,114.0,59.99999999999999,326.5
2015,156.0,56.5,282.25
2015,144.0,52.25,0.9999999999999998
2015,246.0,54.0,307.5
2015,204.0,60.25000000000001,280.0
2015,222.0,39.0,8.250000000000002
2015,162.0,59.25000000000001,326.5
2015,204.0,59.99999999999999,304.0
2015,240.0,61.75,342.0
2015,276.0,51.75,267.5
2015,396.0,64.75,307.5
2015,324.0,61.75,302.75
2015,414.0,41.0,343.75
2015,408.0,54.5,305.25
2015,390.0,65.25,326.0
2015,462.0,56.74999999999999,280.5
2015,486.0,65.0,351.75
2015,456.0,39.25,306.75
2015,492.0,56.5,308.74999999999994
2015,588.0,51.5,332.5
2015,660.0,59.75,310.0
2015,720.0,55.5,301.25
2015,678.0,57.74999999999999,335.5
2015,762.0,48.75,281.5
2015,738.0,51.5,237.5
2015,750.0,61.25000000000001,336.25
2015,864.0,58.75,326.5
2015,906.0,57.00000000000001,299.0
2015,870.0,56.74999999999999,342.25
2015,936.0,60.25000000000001,271.0
2015,936.0,63.0,357.75
2015,912.0,58.00000000000001,9.999999999999998
2015,900.0,63.25,311.0
2015,984.0,62.24999999999999,331.5
2015,1002.0,37.5,301.0
2015,1032.0,61.25000000000001,347.75
2015,1032.0,46.75,282.5
2015,1080.0,45.25,307.5
2015,1116.0,59.99999999999999,346.75
2015,1134.0,50.75,319.75
2015,1200.0,56.5,273.0
2015,1140.0,53.75,347.5
2015,1158.0,56.25,345.25
2015,1200.0,31.750000000000004,307.0
2015,1224.0,54.25,9.0
2015,1278.0,66.5,333.5
2015,1254.0,44.25,281.25
2015,1254.0,64.75,301.25
2015,1284.0,37.5,292.0
2015,1428.0,59.99999999999999,300.25
2015,1368.0,66.25,347.99999999999994
2015,1374.0,66.0,347.25
2015,1434.0,66.25,347.5
2015,1416.0,61.50000000000001,351.0
2015,1524.0,61.0,308.75
2015,1482.0,60.75,320.0
2015,1494.0,65.0,347.99999999999994
2015,1536.0,44.75,297.75
2015,1524.0,59.00000000000001,265.5
2015,1542.0,58.5,7.0
2015,1566.0,64.0,349.0
2015,1530.0,49.00000000000001,233.75
2015,1650.0,65.0,331.75
2015,1608.0,49.25,230.99999999999997
2015,1656.0,39.75000000000001,295.0
2015,1644.0,54.25,269.25
2015,1662.0,60.25000000000001,339.75
2015,1686.0,65.0,358.75
2015,1710.0,47.0,274.0
2015,1782.0,37.0,330.0
2015,1788.0,43.0,267.5
2015,1788.0,66.5,330.75
2015,1728.0,51.25000000000001,344.0
2015,1848.0,47.5,269.75
2015,1818.0,44.50000000000001,326.5
2015,1866.0,42.0,321.75
2015,1860.0,59.75,336.0
2015,1938.0,55.0,313.25
2015,1914.0,62.0,315.5
2015,1956.0,65.25,7.0
2015,1938.0,67.0,294.75
2015,1968.0,62.24999999999999,324.5
2015,1974.0,60.5,345.5
2015,2058.0,62.0,296.5
2015,2010.0,56.0,346.0
2015,2088.0,57.5,0.0
2015,2106.0,58.25,318.5
2015,2154.0,57.74999999999999,343.0
2015,2136.0,40.0,270.5
2015,2202.0,44.25,334.25
2015,2238.0,58.75,289.5
2015,2184.0,65.25,321.0
2015,2196.0,60.25000000000001,0.5
2015,2256.0,53.0,337.5
2015,2310.0,59.00000000000001,307.0
2015,2328.0,56.74999999999999,323.5
2015,2346.0,59.25000000000001,282.0
2015,2304.0,62.50000000000001,315.0
2015,2310.0,43.75,7.499999999999999
2015,2346.0,59.00000000000001,325.5
2015,2424.0,34.5,305.5
2015,2352.0,61.50000000000001,337.25
2015,2448.0,46.5,282.75
2015,2442.0,56.5,352.75
2015,2460.0,67.0,276.0
2015,2472.0,54.5,4.000000000000001
2015,2490.0,59.99999999999999,290.25
2015,2550.0,60.25000000000001,0.9999999999999998
2015,2544.0,52.25,6.249999999999999
2015,2544.0,56.0,302.5
2015,2568.0,44.5,275.25
2015,2598.0,44.25,303.0
2015,2598.0,53.25,309.5
2015,2622.0,38.0,297.0
2015,2676.0,49.5,324.25
2015,2700.0,57.74999999999999,316.5
2015,2748.0,37.0,286.0
2015,2718.0,59.99999999999999,339.25
2015,2820.0,62.0,320.5
2015,2766.0,66.75,300.5
2015,2754.0,38.0,290.75
2015,2826.0,46.75,282.75
2015,2790.0,46.75,320.0
2015,2790.0,58.00000000000001,349.5
2015,2808.0,44.25000000000001,321.75
2015,2868.0,61.25000000000001,309.5
2015,2856.0,48.00000000000001,270.5
2015,2898.0,41.0,296.75
2015,2964.0,59.5,292.25
2015,2892.0,62.24999999999999,356.5
2015,2994.0,59.25000000000001,309.0
2015,2964.0,61.0,344.25
2015,3066.0,52.0,333.75
2015,3048.0,62.24999999999999,330.75
2015,3096.0,54.25,318.75
2015,3078.0,60.5,317.5
2015,3114.0,47.75,268.25
2015,3120.0,32.75,284.5
2015,3180.0,63.0,320.5
2015,3252.0,58.5,322.75
2015,3156.0,50.5,4.000000000000001
2015,3156.0,56.5,338.25
2015,3228.0,57.74999999999999,302.0
2015,3246.0,49.75,354.0
2015,3306.0,58.00000000000001,273.0
2015,3294.0,59.25000000000001,314.75
2015,3324.0,61.50000000000001,346.75
2015,3336.0,46.0,287.5
2015,3312.0,64.5,338.25
2015,3414.0,48.00000000000001,276.75
2015,3444.0,66.5,282.75
2015,3420.0,64.0,345.25
2015,3414.0,36.25,304.25
2015,3492.0,61.0,308.25
2015,3510.0,58.75,316.0
2015,3576.0,59.5,303.5
2015,3594.0,54.99999999999999,281.5
2015,3582.0,41.75,1.25
2015,3690.0,59.00000000000001,307.5
2015,3630.0,41.5,8.25
2015,3606.0,66.25,287.25
2015,3624.0,62.24999999999999,324.0
2015,3666.0,62.24999999999999,0.0
2015,3696.0,61.25000000000001,318.49999999999994
2015,3726.0,57.74999999999999,299.0
2015,3720.0,66.0,8.750000000000002
2015,3708.0,58.75,344.75
2015,3744.0,37.50000000000001,290.5
2015,3834.0,62.50000000000001,298.0
2015,3822.0,37.25,305.0
2015,3918.0,62.75,330.5
2015,3870.0,61.75,318.25
2015,3924.0,41.75,317.5
2015,3978.0,40.75,315.25
2015,3990.0,55.5,326.5
2015,4002.0,50.75,262.25
2015,3996.0,62.0,292.0
2015,4020.0,44.25,271.25
2015,4080.0,53.5,314.5
2015,4074.0,59.99999999999999,299.25
2015,4104.0,50.75,306.75
2015,4164.0,37.0,9.5
2015,4098.0,45.75,313.75
2015,4182.0,54.75000000000001,305.25
2015,4140.0,67.0,6.0
2015,4296.0,50.75,355.0
2015,4146.0,55.24999999999999,325.0
2015,4230.0,58.75,330.0
2015,4290.0,65.5,359.25
2015,4380.0,55.24999999999999,300.5
2015,4338.0,57.5,345.5
2015,4368.0,40.5,264.0
2015,4374.0,66.0,274.0
2015,4410.0,59.99999999999999,330.5
2015,4422.0,33.0,9.0
2015,4440.0,55.24999999999999,317.25
2015,4458.0,42.75,298.5
2015,4410.0,30.5,354.25
2015,4434.0,45.75,342.5
2015,4458.0,51.25,294.25
2015,4482.0,56.5,307.75
2015,4452.0,61.25000000000001,300.75
2015,4488.0,37.75,285.25
2015,4488.0,60.5,345.5
2015,4620.0,61.0,296.0
2015,4512.0,61.50000000000001,359.5
2015,4560.0,65.5,312.0
2015,4518.0,58.75,352.0
2015,4572.0,60.75,323.25
2015,4560.0,66.25,290.0
2015,4626.0,50.25000000000001,266.5
2015,4608.0,39.75000000000001,294.25
2015,4704.0,43.5,348.75
2015,4740.0,66.25,4.000000000000001
2015,4788.0,66.75,347.99999999999994
2015,4842.0,63.50000000000001,324.75
2015,4806.0,36.25,341.75
2015,4866.0,48.5,309.0
2015,4884.0,65.25,285.0
2015,4962.0,45.5,302.25
2015,5016.0,39.25,284.25
2015,5010.0,57.5,295.5
2015,4980.0,56.75,4.000000000000001
2015,5004.0,32.25,313.5
2015,5010.0,39.00000000000001,262.25
2015,5016.0,42.75,299.0
2016,24.0,51.75000000000001,328.75
2016,78.0,65.5,276.0
2016,96.0,58.25,328.0
2016,204.0,35.0,285.75
2016,162.0,56.74999999999999,327.5
2016,180.0,55.50000000000001,279.5
2016,210.0,47.25,330.75
2016,354.0,39.0,310.0
2016,174.0,61.25000000000001,321.75
2016,210.0,61.0,303.0
2016,264.0,63.25,322.75
2016,294.0,62.0,268.75
2016,288.0,64.5,330.0
2016,306.0,34.5,5.0
2016,318.0,42.5,3.2500000000000004
2016,336.0,63.75000000000001,306.5
2016,384.0,57.25,349.5
2016,378.0,61.75,319.0
2016,366.0,56.0,284.5
2016,474.0,56.25,321.5
2016,390.0,62.0,333.75
2016,516.0,38.25,292.25
2016,540.0,49.5,289.5
2016,534.0,44.0,341.5
2016,594.0,63.0,333.0
2016,624.0,66.0,334.0
2016,654.0,48.00000000000001,319.0
2016,696.0,67.0,289.0
2016,720.0,51.25,306.25
2016,702.0,62.75,282.5
2016,696.0,65.0,330.75
2016,786.0,59.00000000000001,273.0
2016,762.0,50.75,275.0
2016,840.0,59.00000000000001,308.5
2016,834.0,36.50000000000001,314.75
2016,870.0,54.75000000000001,7.499999999999999
2016,876.0,44.25,8.25
2016,942.0,56.25,305.25
2016,912.0,62.0,307.5
2016,906.0,61.25000000000001,330.25
2016,906.0,36.25,295.0
2016,936.0,51.25,356.25
2016,930.0,63.0,327.0
2016,990.0,54.75000000000001,290.75
2016,1044.0,59.5,305.0
2016,1038.0,63.25,296.5
2016,1086.0,65.5,2.5
2016,1092.0,64.5,332.5
2016,1176.0,56.25,322.75
2016,1128.0,60.5,273.0
2016,1140.0,34.25,294.0
2016,1176.0,46.5,271.5
2016,1206.0,51.0,359.5
2016,1248.0,50.5,357.25
2016,1206.0,41.0,287.25
2016,1290.0,62.24999999999999,316.75
2016,1296.0,44.0,357.25
2016,1296.0,53.5,310.25
2016,1302.0,66.25,329.25
2016,1350.0,54.75000000000001,320.0
2016,1386.0,44.5,299.25
2016,1482.0,62.24999999999999,321.75
2016,1506.0,48.00000000000001,287.0
2016,1482.0,43.0,323.0
2016,1542.0,55.75,316.75
2016,1494.0,45.5,298.75
2016,1506.0,35.50000000000001,337.75
2016,1596.0,53.75,315.0
2016,1626.0,51.5,279.25
2016,1620.0,53.0,335.0
2016,1644.0,46.75,333.25
2016,1644.0,63.50000000000001,337.75
2016,1680.0,52.75,312.25
2016,1674.0,58.75,304.5
2016,1710.0,47.75,332.75
2016,1746.0,54.25,328.0
2016,1776.0,59.25000000000001,273.0
2016,1788.0,50.00000000000001,326.5
2016,1794.0,66.75,341.25
2016,1806.0,44.75,305.0
2016,1800.0,60.75,276.5
2016,1836.0,60.75,293.75
2016,1866.0,58.00000000000001,313.0
2016,1932.0,65.0,335.0
2016,1932.0,64.5,306.25
2016,1938.0,49.99999999999999,274.0
2016,1938.0,63.75000000000001,324.25
2016,2004.0,62.50000000000001,343.75
2016,2064.0,63.25,306.75
2016,2052.0,64.0,347.5
2016,2064.0,53.0,313.5
2016,2160.0,66.75,331.0
2016,2112.0,65.0,320.75
2016,2112.0,36.75,325.75
2016,2136.0,62.0,267.75
2016,2172.0,46.25000000000001,292.5
2016,2214.0,46.5,283.5
2016,2244.0,42.0,344.75
2016,2304.0,50.75,284.25
2016,2346.0,59.25000000000001,301.0
2016,2316.0,65.75,328.0
2016,2406.0,61.0,343.25
2016,2382.0,42.5,296.5
2016,2436.0,59.99999999999999,309.5
2016,2448.0,46.0,274.5
2016,2484.0,64.0,3.7499999999999996
2016,2454.0,59.75,3.2500000000000004
2016,2484.0,62.50000000000001,289.0
2016,2538.0,60.25000000000001,311.0
2016,2682.0,61.75,325.75
2016,2574.0,41.75,326.25
2016,2604.0,40.75,319.0
2016,2574.0,65.5,305.0
2016,2610.0,64.0,268.0
2016,2712.0,47.75,315.5
2016,2808.0,44.5,299.25
2016,2658.0,56.5,265.25
2016,2700.0,42.74999999999999,264.0
2016,2784.0,38.75,264.5
2016,2820.0,67.0,342.75
2016,2850.0,58.5,347.0
2016,2856.0,55.0,306.5
2016,2886.0,50.25000000000001,321.5
2016,2934.0,58.75,319.0
2016,2946.0,63.0,326.5
2016,2958.0,47.75,325.5
2016,2952.0,48.74999999999999,343.25
2016,3006.0,48.25,352.0
2016,2994.0,65.75,334.5
2016,3066.0,50.5,326.25
2016,3108.0,53.5,317.74999999999994
2016,3066.0,44.0,9.5
2016,3150.0,57.5,293.75
2016,3162.0,40.0,289.0
2016,3174.0,43.50000000000001,345.75
2016,3210.0,66.75,311.99999999999994
2016,3216.0,59.99999999999999,216.49999999999997
2016,3240.0,39.0,308.75
2016,3282.0,47.75,326.75
2016,3264.0,41.5,296.25
2016,3312.0,40.75,292.5
2016,3372.0,54.5,268.5
2016,3342.0,57.25,327.5
2016,3348.0,41.5,308.25
2016,3432.0,61.25000000000001,9.0
2016,3450.0,56.25,273.75
2016,3468.0,35.0,303.5
2016,3474.0,63.0,326.5
2016,3522.0,51.0,312.0
2016,3492.0,55.0,0.4999999999999999
2016,3564.0,58.25,283.5
2016,3546.0,64.5,320.75
2016,3702.0,54.0,314.5
2016,3588.0,62.24999999999999,298.75
2016,3594.0,61.75,353.75
2016,3618.0,58.25,5.499999999999999
2016,3600.0,58.5,315.5
2016,3630.0,63.50000000000001,6.000000000000001
2016,3630.0,51.5,323.0
2016,3636.0,67.0,294.0
2016,3642.0,57.74999999999999,338.75
2016,3798.0,63.25,337.25
2016,3726.0,65.5,273.0
2016,3744.0,46.25,317.5
2016,3726.0,57.5,329.0
2016,3780.0,53.0,262.0
2016,3732.0,52.75000000000001,358.25
2016,3750.0,49.00000000000001,355.25
2016,3810.0,56.0,273.5
2016,3798.0,59.25000000000001,317.5
2016,3798.0,61.0,349.75
2016,3858.0,51.75000000000001,329.75
2016,3882.0,48.75,306.5
2016,3912.0,67.0,346.0
2016,3942.0,66.75,352.0
2016,3960.0,42.25,289.25
2016,3960.0,66.5,323.0
2016,3984.0,61.75,341.5
2016,3990.0,46.75,303.25
2016,4026.0,56.5,357.5
2016,4038.0,66.75,298.0
2016,4092.0,59.75,327.0
2016,4068.0,65.75,355.0
2016,4098.0,59.25000000000001,278.25
2016,4074.0,40.5,292.75
2016,4110.0,62.50000000000001,334.0
2016,4122.0,52.25,349.0
2016,4140.0,59.25000000000001,308.0
2016,4200.0,60.5,292.25
2016,4200.0,64.25,323.0
2016,4248.0,45.0,346.0
2016,4254.0,48.00000000000001,318.25
2016,4356.0,42.0,310.25
2016,4524.0,62.50000000000001,330.25
2016,4362.0,63.0,345.75
2016,4434.0,66.0,342.75
2016,4374.0,63.0,0.7500000000000001
2016,4428.0,56.0,268.75
2016,4422.0,61.50000000000001,322.75
2016,4458.0,44.25,279.75
2016,4506.0,39.25,282.75
2016,4482.0,62.50000000000001,325.25
2016,4482.0,58.00000000000001,236.5
2016,4554.0,49.25,338.0
2016,4596.0,46.0,275.25
2016,4542.0,66.5,346.75
2016,4566.0,59.00000000000001,303.5
2016,4620.0,64.75,273.75
2016,4602.0,61.25000000000001,292.75
2016,4698.0,61.25000000000001,350.0
2016,4746.0,34.00000000000001,312.0
2016,4764.0,62.75,319.5
2016,4860.0,34.00000000000001,311.5
2016,4962.0,62.24999999999999,298.75
2016,4920.0,59.00000000000001,304.0
2016,4926.0,59.00000000000001,9.000000000000002
2016,4962.0,36.0,262.0
2016,4986.0,45.0,269.75
2017,12.0,59.25000000000001,340.0
2017,72.0,45.5,315.0
2017,102.0,66.75,276.0
2017,102.0,54.5,5.25
2017,132.0,58.5,311.25
2017,186.0,62.50000000000001,324.5
2017,174.0,57.00000000000001,268.5
2017,174.0,30.5,271.0
2017,246.0,63.25,349.75
2017,366.0,49.5,347.5
2017,270.0,54.5,323.5
2017,324.0,60.25000000000001,282.75
2017,360.0,65.75,9.75
2017,390.0,62.50000000000001,319.0
2017,354.0,60.25000000000001,310.0
2017,390.0,53.0,321.0
2017,408.0,54.0,284.75
2017,426.0,55.5,263.0
2017,414.0,47.25,323.0
2017,456.0,48.25,334.0
2017,540.0,61.25000000000001,271.75
2017,498.0,50.5,322.0
2017,564.0,46.25000000000001,275.25
2017,612.0,43.0,330.74999999999994
2017,576.0,53.25,281.25
2017,624.0,46.75,268.25
2017,618.0,67.0,325.5
2017,612.0,40.75,288.0
2017,642.0,46.0,271.5
2017,696.0,50.5,267.5
2017,702.0,64.5,300.75
2017,702.0,42.75,285.5
2017,786.0,66.75,286.5
2017,798.0,64.0,328.25
2017,858.0,61.75,321.25
2017,864.0,64.75,264.5
2017,888.0,59.5,302.0
2017,846.0,58.75,9.5
2017,894.0,62.50000000000001,273.5
2017,1020.0,62.75,285.25
2017,918.0,59.25000000000001,275.0
2017,930.0,66.25,356.75
2017,1002.0,57.00000000000001,303.75
2017,1026.0,61.25000000000001,319.0
2017,1068.0,59.25000000000001,274.5
2017,1110.0,45.75,279.0
2017,1110.0,67.0,336.0
2017,1080.0,42.75,303.0
2017,1068.0,64.75,326.5
2017,1134.0,38.0,318.75
2017,1146.0,55.75,267.0
2017,1122.0,65.75,357.5
2017,1278.0,63.75000000000001,3.0000000000000004
2017,1224.0,60.25000000000001,281.25
2017,1200.0,48.5,321.0
2017,1236.0,32.0,336.0
2017,1260.0,54.25,355.75
2017,1272.0,40.5,293.0
2017,1266.0,64.0,272.25
2017,1278.0,37.75,323.75
2017,1314.0,50.25000000000001,275.5
2017,1296.0,67.0,293.5
2017,1296.0,66.5,7.999999999999998
2017,1392.0,60.5,298.0
2017,1386.0,56.5,2.5
2017,1422.0,58.00000000000001,282.5
2017,1440.0,39.25,320.5
2017,1422.0,63.75000000000001,312.0
2017,1440.0,50.75,263.25
2017,1590.0,52.25,276.25
2017,1548.0,39.00000000000001,322.25
2017,1560.0,36.75,304.25
2017,1614.0,60.25000000000001,353.25
2017,1614.0,59.75,288.0
2017,1656.0,58.5,313.0
2017,1728.0,62.0,323.5
2017,1710.0,47.75,358.75
2017,1764.0,45.0,292.75
2017,1818.0,58.5,308.25
2017,1776.0,61.25000000000001,350.0
2017,1848.0,47.5,308.74999999999994
2017,1926.0,57.74999999999999,282.5
2017,1962.0,58.00000000000001,313.0
2017,1974.0,63.0,323.5
2017,2052.0,55.75,313.5
2017,2028.0,63.25,350.25
2017,2082.0,60.75,4.5
2017,2088.0,55.24999999999999,307.0
2017,2082.0,51.0,353.0
2017,2220.0,50.0,359.75
2017,2190.0,56.25,352.25
2017,2220.0,52.25,320.0
2017,2268.0,49.00000000000001,330.0
2017,2256.0,55.5,356.75
2017,2292.0,36.49999999999999,287.75
2017,2364.0,43.0,1.25
2017,2334.0,56.0,299.5
2017,2412.0,63.50000000000001,273.0
2017,2370.0,61.0,324.0
2017,2412.0,62.75,329.0
2017,2514.0,44.99999999999999,293.0
2017,2580.0,67.0,348.75
2017,2532.0,64.25,288.25
2017,2646.0,60.25000000000001,301.0
2017,2580.0,64.25,323.75
2017,2634.0,62.50000000000001,343.75
2017,2604.0,53.74999999999999,337.75
2017,2640.0,66.0,356.5
2017,2718.0,60.25000000000001,300.0
2017,2634.0,36.0,290.75
2017,2676.0,67.0,344.5
2017,2724.0,56.5,319.75
2017,2700.0,66.5,354.0
2017,2754.0,45.75000000000001,282.0
2017,2736.0,63.25,356.75
2017,2760.0,44.75,290.75
2017,2772.0,59.00000000000001,356.5
2017,2838.0,51.25000000000001,272.75
2017,2844.0,67.0,335.5
2017,2838.0,60.5,341.25
2017,2922.0,60.75,342.5
2017,2994.0,63.0,300.5
2017,2910.0,37.5,290.25
2017,2952.0,59.25000000000001,1.5
2017,2976.0,62.50000000000001,318.5
2017,3024.0,67.0,277.0
2017,2994.0,41.75,8.25
2017,3036.0,61.75,269.5
2017,3066.0,66.75,328.75
2017,3090.0,63.25,306.0
2017,3096.0,64.25,320.75
2017,3102.0,67.0,280.0
2017,3144.0,64.5,296.75
2017,3204.0,66.75,339.5
2017,3132.0,62.75,306.0
2017,3162.0,59.99999999999999,273.5
2017,3204.0,64.5,305.75
2017,3210.0,57.00000000000001,6.5
2017,3258.0,57.74999999999999,324.0
2017,3258.0,60.75,272.25
2017,3342.0,50.25000000000001,308.0
2017,3270.0,57.00000000000001,337.0
2017,3342.0,64.5,282.5
2017,3324.0,62.50000000000001,320.0
2017,3372.0,61.75,279.0
2017,3396.0,62.75,331.5
2017,3396.0,42.0,313.25
2017,3390.0,63.50000000000001,298.25
2017,3444.0,64.5,330.0
2017,3480.0,52.0,327.25
2017,3480.0,61.0,268.75
2017,3486.0,31.250000000000004,352.25
2017,3546.0,50.0,275.75
2017,3534.0,55.0,335.75
2017,3546.0,42.0,321.5
2017,3570.0,43.75,297.5
2017,3630.0,41.25000000000001,317.5
2017,3672.0,38.0,290.25
2017,3660.0,44.5,342.75
2017,3684.0,43.49999999999999,9.5
2017,3678.0,47.75,333.24999999999994
2017,3792.0,39.75000000000001,288.0
2017,3708.0,37.0,8.5
2017,3714.0,44.0,349.5
2017,3756.0,59.00000000000001,339.0
2017,3750.0,34.00000000000001,299.0
2017,3810.0,45.25,349.0
2017,3858.0,64.75,325.5
2017,3804.0,54.25,1.0
2017,3834.0,43.0,298.5
2017,3846.0,49.25,341.25
2017,3888.0,50.0,312.5
2017,3852.0,42.75,342.0
2017,3894.0,59.5,341.5
2017,3942.0,50.5,344.0
2017,3936.0,42.25,295.25
2017,3960.0,31.5,355.25
2017,3966.0,42.75,299.0
2017,4032.0,40.25,6.5
2017,4068.0,53.0,310.0
2017,4104.0,33.5,280.5
2017,4098.0,39.5,8.75
2017,4086.0,50.25000000000001,319.5
2017,4242.0,64.75,321.25
2017,4164.0,49.00000000000001,347.25
2017,4182.0,67.0,338.75
2017,4176.0,62.75,0.5
2017,4314.0,51.25,340.0
2017,4248.0,36.5,298.75
2017,4290.0,63.50000000000001,275.25
2017,4314.0,60.5,285.0
2017,4278.0,49.75,357.5
2017,4284.0,57.74999999999999,359.5
2017,4338.0,52.50000000000001,322.75
2017,4386.0,56.74999999999999,304.5
2017,4398.0,51.25,302.25
2017,4344.0,49.25,331.75
2017,4428.0,65.25,351.5
2017,4398.0,52.25,332.5
2017,4404.0,51.0,330.5
2017,4404.0,61.25000000000001,292.75
2017,4464.0,47.0,286.0
2017,4428.0,57.74999999999999,1.9999999999999996
2017,4458.0,50.0,330.0
2017,4500.0,60.5,277.75
2017,4512.0,56.74999999999999,301.75
2017,4506.0,55.0,349.5
2017,4548.0,33.75,8.5
2017,4566.0,55.75000000000001,335.75
2017,4530.0,60.75,317.25
2017,4584.0,52.50000000000001,308.25
2017,4608.0,63.50000000000001,309.75
2017,4608.0,33.5,7.499999999999999
2017,4590.0,59.25000000000001,267.0
2017,4620.0,41.00000000000001,0.7500000000000001
2017,4668.0,46.25,294.75
2017,4674.0,46.75,326.0
2017,4644.0,50.5,8.25
2017,4740.0,38.75,283.0
2017,4644.0,42.75,347.75
2017,4698.0,59.99999999999999,339.0
2017,4692.0,34.00000000000001,6.249999999999999
2017,4680.0,64.5,322.5
2017,4728.0,49.99999999999999,325.0
2017,4896.0,55.24999999999999,317.5
2017,4776.0,46.75,296.0
2017,4806.0,63.75000000000001,350.5
2017,4800.0,49.75,306.5
2017,4854.0,57.25,337.0
2017,4938.0,66.5,7.999999999999998
2017,4914.0,67.0,302.0
2017,4962.0,60.75,350.5
2017,4956.0,31.0,4.5
2017,4938.0,34.25,278.5
2017,4992.0,48.5,349.0
2018,276.0,32.5,330.25
2018,42.0,65.25,7.499999999999999
2018,18.0,64.5,336.75
2018,72.0,61.25000000000001,270.25
2018,36.0,59.99999999999999,5.249999999999999
2018,84.0,64.5,347.0
2018,108.0,60.25000000000001,291.75
2018,132.0,62.75,322.5
2018,186.0,67.0,300.75
2018,318.0,48.75,333.75
2018,264.0,60.75,331.0
2018,234.0,44.75,268.5
2018,264.0,51.75000000000001,342.5
2018,264.0,54.75000000000001,228.74999999999997
2018,288.0,46.5,342.0
2018,360.0,57.25,337.5
2018,324.0,66.5,298.75
2018,408.0,51.25000000000001,291.75
2018,402.0,67.0,304.75
2018,372.0,50.25000000000001,296.75
2018,444.0,62.24999999999999,266.25
2018,474.0,52.50000000000001,288.0
2018,486.0,66.75,339.5
2018,516.0,53.25,270.75
2018,492.0,57.00000000000001,301.5
2018,564.0,44.5,293.75
2018,648.0,40.25,286.75
2018,744.0,40.5,311.25
2018,618.0,58.75,301.5
2018,684.0,42.75,6.5
2018,714.0,46.25,303.25
2018,648.0,66.75,330.74999999999994
2018,714.0,53.5,262.25
2018,720.0,62.50000000000001,339.25
2018,732.0,42.25,348.5
2018,684.0,53.25,347.0
2018,690.0,47.50000000000001,348.75
2018,894.0,55.24999999999999,333.24999999999994
2018,864.0,62.24999999999999,321.25
2018,888.0,47.25000000000001,281.25
2018,918.0,61.75,340.75
2018,942.0,54.75000000000001,341.25
2018,1056.0,53.25,324.0
2018,1068.0,67.0,358.0
2018,1098.0,49.25,318.25
2018,1086.0,62.50000000000001,289.75
2018,1092.0,64.5,347.0
2018,1140.0,55.0,287.75
2018,1158.0,50.25000000000001,316.75
2018,1122.0,52.0,324.25
2018,1170.0,40.25,346.25
2018,1200.0,40.25,7.250000000000001
2018,1206.0,62.0,302.25
2018,1212.0,66.75,307.25
2018,1260.0,58.25,303.5
2018,1362.0,39.75000000000001,8.5
2018,1296.0,54.25,302.5
2018,1326.0,47.75000000000001,277.0
2018,1356.0,41.25000000000001,276.75
2018,1302.0,47.0,324.0
2018,1356.0,41.75,302.0
2018,1380.0,43.0,328.5
2018,1332.0,43.0,4.500000000000001
2018,1356.0,52.75,327.0
2018,1422.0,41.0,231.5
2018,1416.0,43.5,301.5
2018,1452.0,67.0,355.25
2018,1458.0,62.75,337.5
2018,1524.0,59.00000000000001,5.499999999999999
2018,1512.0,64.5,325.75
2018,1524.0,39.5,329.25
2018,1596.0,66.25,307.0
2018,1560.0,56.25,309.75
2018,1584.0,59.75,336.0
2018,1596.0,39.75000000000001,299.5
2018,1614.0,57.74999999999999,349.5
2018,1632.0,53.25,310.0
2018,1680.0,50.5,318.25
2018,1722.0,47.25,326.0
2018,1770.0,50.0,324.0
2018,1722.0,63.50000000000001,324.0
2018,1812.0,67.0,270.75
2018,1848.0,51.75000000000001,330.0
2018,1926.0,51.75000000000001,309.5
2018,1890.0,57.25,266.0
2018,1938.0,45.25,273.0
2018,1902.0,58.75,346.0
2018,1938.0,32.5,275.75
2018,1938.0,52.50000000000001,340.75
2018,2004.0,61.50000000000001,302.5
2018,1944.0,52.50000000000001,348.75
2018,2070.0,64.75,328.25
2018,2034.0,58.00000000000001,302.5
2018,2094.0,58.75,325.5
2018,2124.0,46.75,275.0
2018,2136.0,42.5,320.0
2018,2214.0,53.5,317.0
2018,2160.0,62.24999999999999,285.75
2018,2184.0,64.5,336.75
2018,2262.0,49.25,313.0
2018,2262.0,63.50000000000001,324.5
2018,2250.0,63.75000000000001,301.75
2018,2328.0,64.25,297.0
2018,2316.0,67.0,279.5
2018,2286.0,38.75,306.0
2018,2370.0,51.75000000000001,306.75
2018,2358.0,61.50000000000001,349.25
2018,2388.0,53.0,271.25
2018,2376.0,59.5,307.25
2018,2418.0,49.25,315.75
2018,2424.0,44.75,292.5
2018,2472.0,58.25,312.0
2018,2520.0,56.74999999999999,317.25
2018,2574.0,49.00000000000001,310.75
2018,2562.0,65.25,302.0
2018,2580.0,64.75,0.0
2018,2628.0,58.75,308.0
2018,2574.0,60.25000000000001,0.9999999999999998
2018,2700.0,48.00000000000001,298.0
2018,2670.0,57.25,309.5
2018,2784.0,44.25,290.75
2018,2844.0,55.75000000000001,1.5000000000000002
2018,2736.0,61.25000000000001,359.0
2018,2772.0,39.25,10.0
2018,2820.0,56.5,349.5
2018,2868.0,41.75,269.5
2018,2856.0,62.75,320.0
2018,2886.0,57.5,302.0
2018,2886.0,64.75,6.25
2018,2874.0,32.75,287.75
2018,2868.0,63.25,345.49999999999994
2018,2952.0,47.25,350.0
2018,2916.0,62.24999999999999,1.5
2018,2952.0,58.5,290.0
2018,3084.0,63.50000000000001,351.0
2018,2982.0,62.0,318.5
2018,3012.0,55.75,329.25
2018,3036.0,58.00000000000001,1.5000000000000002
2018,3030.0,51.0,321.75
2018,3126.0,56.0,346.25
2018,3168.0,55.0,301.5
2018,3096.0,52.25,354.25
2018,3174.0,51.75000000000001,3.0000000000000004
2018,3234.0,66.75,338.75
2018,3258.0,47.25,281.75
2018,3258.0,63.50000000000001,343.5
2018,3336.0,59.25000000000001,336.0
2018,3270.0,62.50000000000001,331.25
2018,3312.0,48.75,283.5
2018,3306.0,66.25,356.99999999999994
2018,3360.0,59.25000000000001,304.5
2018,3402.0,44.75,317.25
2018,3384.0,66.75,1.25
2018,3402.0,61.25000000000001,308.0
2018,3420.0,65.0,329.25
2018,3474.0,39.75000000000001,316.5
2018,3492.0,66.25,341.25
2018,3462.0,57.74999999999999,338.5
2018,3462.0,66.75,313.25
2018,3540.0,49.25,285.0
2018,3552.0,61.75,334.25
2018,3564.0,49.5,314.25
2018,3612.0,56.5,321.75
2018,3666.0,57.24999999999999,346.0
2018,3648.0,64.25,307.0
2018,3654.0,66.75,294.0
2018,3684.0,43.49999999999999,302.5
2018,3678.0,49.00000000000001,346.25
2018,3774.0,60.25000000000001,303.5
2018,3816.0,60.5,321.75
2018,3846.0,43.5,272.75
2018,3828.0,61.75,346.0
2018,3852.0,52.25,5.0
2018,3888.0,61.25000000000001,342.0
2018,3960.0,65.75,328.75
2018,3960.0,45.75,271.0
2018,3912.0,65.0,0.5
2018,3966.0,62.24999999999999,356.0
2018,4044.0,56.74999999999999,311.0
2018,4014.0,58.75,6.000000000000001
2018,3996.0,62.24999999999999,316.0
2018,4062.0,66.25,327.5
2018,4164.0,64.0,326.5
2018,4140.0,66.0,346.0
2018,4146.0,43.25,290.25
2018,4200.0,62.75,285.75
2018,4206.0,63.50000000000001,300.0
2018,4248.0,62.24999999999999,321.75
2018,4272.0,61.50000000000001,280.0
2018,4308.0,62.75,290.75
2018,4284.0,64.75,327.5
2018,4410.0,62.0,301.5
2018,4362.0,63.75000000000001,322.25
2018,4428.0,60.75,287.75
2018,4434.0,31.5,355.5
2018,4428.0,56.00000000000001,357.75
2018,4416.0,35.25,285.75
2018,4428.0,40.25,359.5
2018,4464.0,46.5,350.75
2018,4524.0,48.00000000000001,333.5
2018,4584.0,55.5,313.0
2018,4578.0,42.75,285.5
2018,4608.0,53.0,328.25
2018,4632.0,43.0,263.0
2018,4650.0,61.0,322.75
2018,4662.0,52.50000000000001,333.75
2018,4722.0,46.0,293.25
2018,4800.0,62.50000000000001,284.0
2018,4722.0,54.25,343.75
2018,4722.0,45.5,329.75
2018,4812.0,49.25,292.5
2018,4830.0,38.5,277.75
2018,4794.0,58.00000000000001,320.0
2018,4842.0,57.74999999999999,274.0
2018,4878.0,38.74999999999999,4.25
2018,4836.0,56.0,312.5
2018,4878.0,64.75,350.75
2018,4884.0,65.0,302.5
2018,4914.0,30.750000000000004,355.0
2018,4926.0,64.0,327.5
2018,4968.0,67.0,284.75
2018,4926.0,52.0,338.25
2018,4974.0,52.25,339.25
2018,4992.0,57.25,347.99999999999994
2018,4938.0,59.99999999999999,321.0
2018,4998.0,47.75,282.5
2019,24.0,37.75,325.5
2019,96.0,59.25000000000001,322.75
2019,30.0,56.74999999999999,320.5
2019,90.0,52.0,8.25
2019,114.0,45.5,317.25
2019,114.0,62.75,263.25
2019,132.0,53.0,271.75
2019,264.0,48.74999999999999,264.0
2019,234.0,38.0,291.25
2019,234.0,57.00000000000001,343.5
2019,300.0,65.5,327.5
2019,354.0,58.25,329.5
2019,312.0,57.25,7.0
2019,384.0,45.0,279.25
2019,348.0,56.74999999999999,1.5000000000000002
2019,414.0,65.0,303.75
2019,390.0,41.25000000000001,288.5
2019,498.0,39.0,292.5
2019,468.0,62.50000000000001,267.75
2019,504.0,45.0,266.25
2019,480.0,62.0,312.75
2019,486.0,66.0,344.75
2019,522.0,59.99999999999999,342.0
2019,576.0,36.5,325.5
2019,576.0,61.75,279.5
2019,582.0,62.0,352.5
2019,660.0,39.5,296.75
2019,660.0,59.5,270.25
2019,588.0,51.75000000000001,354.0
2019,636.0,40.0,314.5
2019,726.0,59.99999999999999,305.0
2019,768.0,52.50000000000001,349.0
2019,762.0,51.0,294.0
2019,774.0,64.5,10.0
2019,834.0,58.5,311.0
2019,816.0,53.0,349.25
2019,870.0,44.0,8.5
2019,900.0,52.75,0.25
2019,966.0,59.00000000000001,316.0
2019,1014.0,60.25000000000001,313.0
2019,990.0,39.50000000000001,6.000000000000001
2019,978.0,62.75,311.75
2019,978.0,61.25000000000001,341.0
2019,1068.0,61.50000000000001,305.0
2019,1062.0,66.75,4.000000000000001
2019,1050.0,53.25,353.25
2019,1146.0,58.75,317.75
2019,1074.0,43.25,5.5
2019,1074.0,31.250000000000004,355.25
2019,1086.0,65.25,322.5
2019,1128.0,30.250000000000007,282.0
2019,1146.0,65.5,278.0
2019,1248.0,59.25000000000001,279.0
2019,1152.0,54.75000000000001,320.25
2019,1230.0,43.5,302.75
2019,1254.0,47.0,280.75
2019,1344.0,48.75,347.25
2019,1236.0,61.25000000000001,338.0
2019,1326.0,67.0,287.5
2019,1290.0,48.75,299.25
2019,1326.0,44.25,293.25
2019,1296.0,42.0,6.5
2019,1380.0,63.50000000000001,286.25
2019,1362.0,49.25,284.5
2019,1386.0,44.99999999999999,273.5
2019,1434.0,42.25,304.25
2019,1470.0,42.5,267.5
2019,1452.0,47.25,345.49999999999994
2019,1560.0,59.99999999999999,289.0
2019,1494.0,39.25,290.75
2019,1542.0,64.25,326.25
2019,1536.0,66.5,345.25
2019,1536.0,63.25,287.25
2019,1614.0,57.74999999999999,321.0
2019,1638.0,64.75,279.25
2019,1650.0,59.75,283.25
2019,1686.0,61.75,338.75
2019,1698.0,66.75,349.5
2019,1764.0,58.25,308.5
2019,1764.0,57.5,320.5
2019,1788.0,60.5,355.75
2019,1842.0,56.0,300.0
2019,1848.0,46.0,357.75
2019,1884.0,67.0,357.25
2019,1938.0,46.75,323.75
2019,1872.0,52.50000000000001,332.75
2019,1914.0,59.75,342.5
2019,1950.0,61.75,322.75
2019,1962.0,61.25000000000001,348.25
2019,1944.0,42.75,3.7500000000000004
2019,1986.0,44.25,326.25
2019,2070.0,49.75,318.5
2019,2016.0,51.5,320.25
2019,2088.0,59.5,263.75
2019,2106.0,65.75,345.5
2019,2178.0,51.25,316.5
2019,2172.0,43.50000000000001,276.75
2019,2202.0,43.25,291.5
2019,2190.0,64.0,324.5
2019,2214.0,46.5,325.5
2019,2232.0,47.75,262.0
2019,2274.0,60.75,280.5
2019,2262.0,66.25,296.75
2019,2280.0,57.74999999999999,308.0
2019,2298.0,63.0,325.25
2019,2328.0,44.25,302.25
2019,2334.0,60.75,341.5
2019,2358.0,52.50000000000001,270.25
2019,2454.0,65.25,334.5
2019,2400.0,51.5,351.24999999999994
2019,2514.0,64.75,306.75
2019,2490.0,44.25,294.0
2019,2508.0,57.25,339.5
2019,2514.0,58.25,347.5
2019,2598.0,60.25000000000001,352.5
2019,2562.0,62.75,338.75
2019,2592.0,45.25,323.25
2019,2622.0,48.75,310.75
2019,2676.0,50.5,308.0
2019,2652.0,64.25,287.5
2019,2676.0,64.5,305.5
2019,2772.0,66.0,304.0
2019,2700.0,64.5,305.0
2019,2796.0,59.99999999999999,319.0
2019,2802.0,63.50000000000001,328.75
2019,2784.0,41.0,275.0
2019,2862.0,52.24999999999999,314.25
2019,2826.0,63.25,334.75
2019,2916.0,49.00000000000001,323.75
2019,2856.0,58.499999999999986,343.25
2019,3054.0,63.25,328.0
2019,2946.0,66.25,5.25
2019,2922.0,56.74999999999999,224.5
2019,2964.0,65.75,283.25
2019,2946.0,41.5,318.0
2019,2982.0,41.75,297.75
2019,3042.0,42.25,285.5
2019,3084.0,55.24999999999999,289.25
2019,3072.0,62.50000000000001,323.0
2019,3108.0,39.5,282.75
2019,3144.0,64.5,284.25
2019,3156.0,59.99999999999999,321.25
2019,3144.0,65.0,352.0
2019,3156.0,58.00000000000001,352.75
2019,3174.0,63.75000000000001,306.0
2019,3258.0,60.75,298.75
2019,3264.0,56.0,311.0
2019,3234.0,53.5,341.0
2019,3240.0,62.75,321.75
2019,3276.0,61.50000000000001,332.5
2019,3294.0,57.00000000000001,340.25
2019,3348.0,62.0,296.0
2019,3342.0,64.75,276.25
2019,3396.0,61.75,324.75
2019,3378.0,46.5,279.75
2019,3342.0,66.25,0.0
2019,3402.0,62.24999999999999,342.5
2019,3450.0,60.25000000000001,273.25
2019,3450.0,61.0,333.75
2019,3468.0,38.5,309.5
2019,3486.0,66.25,332.0
2019,3480.0,62.50000000000001,307.25
2019,3636.0,64.25,330.0
2019,3546.0,63.0,339.5
2019,3546.0,38.5,277.25
2019,3534.0,66.5,348.75
2019,3570.0,63.75000000000001,351.75
2019,3582.0,50.0,357.75
2019,3570.0,63.25,327.0
2019,3600.0,47.75,283.5
2019,3630.0,55.24999999999999,346.0
2019,3588.0,41.50000000000001,287.0
2019,3666.0,52.0,265.5
2019,3738.0,47.5,297.0
2019,3648.0,59.99999999999999,346.25
2019,3708.0,45.0,357.75
2019,3702.0,62.24999999999999,322.25
2019,3684.0,40.75,314.0
2019,3702.0,50.75,265.5
2019,3720.0,43.0,8.5
2019,3708.0,48.75,322.75
2019,3750.0,61.75,312.25
2019,3798.0,38.75,292.25
2019,3852.0,63.50000000000001,308.5
2019,3816.0,63.50000000000001,356.99999999999994
2019,3858.0,58.5,311.0
2019,3912.0,56.74999999999999,342.5
2019,3912.0,49.5,312.25
2019,3912.0,63.0,352.75
2019,3882.0,57.5,237.25
2019,3900.0,65.0,6.25
2019,3954.0,50.25000000000001,281.5
2019,3966.0,58.75,321.5
2019,3978.0,56.0,346.5
2019,3966.0,48.75,297.25
2019,3990.0,66.5,335.5
2019,3990.0,63.50000000000001,3.5000000000000004
2019,4062.0,65.5,288.0
2019,4020.0,63.50000000000001,328.75
2019,4104.0,65.75,305.0
2019,4104.0,62.24999999999999,317.5
2019,4170.0,61.0,327.25
2019,4206.0,30.750000000000004,355.0
2019,4284.0,65.25,294.0
2019,4248.0,37.75,289.75
2019,4206.0,65.0,321.75
2019,4212.0,42.75,294.5
2019,4218.0,32.5,5.5
2019,4332.0,44.25,269.0
2019,4248.0,63.50000000000001,230.5
2019,4332.0,59.99999999999999,273.5
2019,4410.0,37.75,322.5
2019,4380.0,39.25,299.25
2019,4374.0,38.5,316.75
2019,4404.0,35.0,287.0
2019,4416.0,65.75,357.5
2019,4422.0,64.75,4.5
2019,4446.0,40.5,327.5
2019,4464.0,39.75000000000001,313.25
2019,4524.0,63.75000000000001,332.5
2019,4500.0,59.25000000000001,307.25
2019,4614.0,53.25,315.5
2019,4572.0,54.25,300.75
2019,4590.0,57.5,308.0
2019,4620.0,45.0,294.0
2019,4584.0,62.0,223.74999999999997
2019,4674.0,34.75,263.75
2019,4644.0,64.5,351.24999999999994
2019,4656.0,59.75,298.75
2019,4680.0,47.0,349.5
2019,4716.0,54.75000000000001,283.5
2019,4722.0,65.5,322.5
2019,4698.0,48.5,321.0
2019,4740.0,61.50000000000001,294.0
2019,4800.0,62.75,318.0
2019,4848.0,58.25,296.5
2019,4818.0,46.5,325.25
2019,4836.0,42.25,300.25
2019,4836.0,65.25,301.25
2019,4896.0,50.25000000000001,285.25
2019,4872.0,38.75,10.0
2019,4878.0,41.75,299.25
2019,4896.0,43.74999999999999,290.25
2019,4968.0,43.0,296.5
2019,5034.0,58.75,269.5
2020,12.0,58.75,300.25
2020,18.0,56.74999999999999,358.5
2020,48.0,46.00000000000001,358.25
2020,78.0,66.25,274.0
2020,90.0,57.00000000000001,325.0
2020,138.0,65.25,280.0
2020,156.0,61.75,294.25
2020,144.0,47.75,329.0
2020,204.0,54.75000000000001,305.75
2020,216.0,66.0,356.75
2020,216.0,29.999999999999996,267.25
2020,270.0,58.75,307.0
2020,312.0,60.5,263.0
2020,330.0,48.00000000000001,295.25
2020,384.0,62.50000000000001,290.25
2020,408.0,47.75,272.5
2020,426.0,45.75,335.0
2020,432.0,64.75,296.25
2020,630.0,56.0,333.24999999999994
2020,450.0,47.5,344.75
2020,480.0,45.25000000000001,355.5
2020,528.0,61.25000000000001,334.5
2020,552.0,56.74999999999999,342.5
2020,606.0,58.5,314.0
2020,582.0,62.75,5.249999999999999
2020,672.0,29.999999999999996,270.25
2020,678.0,58.25,282.5
2020,678.0,52.50000000000001,339.5
2020,744.0,65.5,279.5
2020,738.0,55.5,330.74999999999994
2020,750.0,46.0,329.75
2020,732.0,57.74999999999999,348.5
2020,798.0,57.00000000000001,302.99999999999994
2020,834.0,52.25,311.99999999999994
2020,786.0,54.75000000000001,239.99999999999994
2020,804.0,62.24999999999999,302.0
2020,858.0,59.99999999999999,280.5
2020,816.0,65.25,321.25
2020,948.0,61.0,319.5
2020,936.0,57.25,342.0
2020,900.0,64.5,324.5
2020,942.0,52.50000000000001,262.25
2020,984.0,44.25,269.25
2020,1002.0,30.25,327.0
2020,990.0,66.0,346.5
2020,1002.0,56.5,326.0
2020,1074.0,55.75,342.75
2020,1098.0,60.25000000000001,324.25
2020,1062.0,43.5,299.75
2020,1158.0,60.25000000000001,292.25
2020,1158.0,58.25,346.5
2020,1128.0,66.75,358.5
2020,1182.0,58.75,325.5
2020,1206.0,56.74999999999999,331.5
2020,1260.0,63.0,307.25
2020,1266.0,65.25,280.5
2020,1284.0,59.99999999999999,336.5
2020,1350.0,64.25,323.0
2020,1398.0,63.75000000000001,287.5
2020,1404.0,38.25,4.75
2020,1404.0,45.5,345.0
2020,1410.0,61.75,328.5
2020,1470.0,65.25,328.0
2020,1416.0,65.5,300.0
2020,1452.0,37.0,278.0
2020,1536.0,61.0,296.25
2020,1548.0,53.5,0.5
2020,1578.0,40.5,288.75
2020,1626.0,45.75,356.99999999999994
2020,1590.0,61.25000000000001,321.75
2020,1650.0,38.75,297.0
2020,1650.0,42.5,10.0
2020,1698.0,62.75,279.0
2020,1710.0,61.0,335.25
2020,1734.0,48.75,322.25
2020,1746.0,43.25,276.75
2020,1716.0,61.25000000000001,340.75
2020,1830.0,51.75000000000001,311.25
2020,1818.0,48.75,347.25
2020,1914.0,60.75,280.0
2020,1920.0,44.0,313.75
2020,1926.0,67.0,346.0
2020,1980.0,65.0,288.0
2020,2022.0,47.50000000000001,273.25
2020,2004.0,57.5,306.5
2020,1962.0,61.0,352.75
2020,2088.0,59.00000000000001,283.5
2020,2052.0,59.99999999999999,265.0
2020,2076.0,63.75000000000001,335.5
2020,2166.0,52.75,299.5
2020,2166.0,66.75,357.25
2020,2184.0,59.00000000000001,306.5
2020,2256.0,43.0,6.75
2020,2196.0,32.5,313.25
2020,2232.0,58.75,306.5
2020,2232.0,53.75,235.25000000000003
2020,2262.0,43.75,300.5
2020,2292.0,66.75,303.25
2020,2316.0,60.75,282.25
2020,2298.0,40.0,293.0
2020,2358.0,32.5,340.25
2020,2364.0,44.50000000000001,307.75
2020,2448.0,66.5,356.75
2020,2412.0,35.75,288.0
2020,2430.0,40.25,1.75
2020,2424.0,59.00000000000001,305.0
2020,2502.0,60.5,301.5
2020,2472.0,63.25,235.0
2020,2502.0,58.00000000000001,323.0
2020,2490.0,56.74999999999999,277.5
2020,2526.0,48.5,326.0
2020,2538.0,48.25,264.75
2020,2574.0,42.74999999999999,309.25
2020,2592.0,64.25,296.25
2020,2604.0,46.0,297.75
2020,2688.0,54.25,303.75
2020,2688.0,50.25000000000001,268.75
2020,2694.0,40.75,301.75
2020,2766.0,52.0,310.0
2020,2766.0,43.5,8.0
2020,2742.0,48.75,356.75
2020,2742.0,54.75000000000001,342.75
2020,2748.0,54.5,5.75
2020,2850.0,52.75,321.25
2020,2904.0,64.75,10.0
2020,2790.0,44.25,9.25
2020,2826.0,42.24999999999999,280.0
2020,2886.0,46.75,331.25
2020,2922.0,57.74999999999999,317.0
2020,2910.0,44.0,314.25
2020,2952.0,39.25,278.0
2020,2916.0,37.25,300.75
2020,3006.0,43.75000000000001,292.5
2020,2952.0,49.25,1.75
2020,2964.0,50.5,334.75
2020,3012.0,64.75,323.25
2020,3054.0,45.25,273.5
2020,3018.0,52.5,9.499999999999998
2020,3108.0,53.75,303.25
2020,3114.0,56.25,322.5
2020,3102.0,50.25000000000001,5.75
2020,3132.0,44.25,300.75
2020,3144.0,43.75,8.25
2020,3204.0,45.75,322.25
2020,3264.0,59.99999999999999,341.75
2020,3306.0,30.25,272.5
2020,3300.0,48.5,340.5
2020,3378.0,59.00000000000001,321.0
2020,3366.0,50.75,324.25
2020,3558.0,63.75000000000001,271.5
2020,3468.0,50.0,329.25
2020,3432.0,63.0,328.25
2020,3426.0,58.5,348.5
2020,3444.0,57.74999999999999,236.5
2020,3558.0,58.5,324.0
2020,3600.0,65.0,326.25
2020,3648.0,56.74999999999999,290.5
2020,3600.0,42.0,323.25
2020,3612.0,47.25,301.0
2020,3630.0,57.25,237.25
2020,3696.0,53.25,301.24999999999994
2020,3714.0,39.00000000000001,309.0
2020,3804.0,62.24999999999999,320.5
2020,3834.0,48.5,319.25
2020,3840.0,66.25,301.0
2020,3864.0,66.0,346.0
2020,3870.0,56.25,304.25
2020,3918.0,55.24999999999999,306.25
2020,3870.0,66.25,324.0
2020,3900.0,64.5,307.0
2020,3918.0,55.24999999999999,0.7500000000000001
2020,3972.0,58.5,316.5
2020,4068.0,38.0,291.0
2020,3996.0,41.50000000000001,313.5
2020,4002.0,61.75,272.75
2020,4026.0,60.5,228.25
2020,4074.0,57.74999999999999,305.5
2020,4062.0,29.999999999999996,354.25
2020,4146.0,61.0,303.75
2020,4086.0,53.75,310.5
2020,4134.0,58.75,267.75
2020,4128.0,64.75,321.75
2020,4230.0,52.50000000000001,296.75
2020,4134.0,66.0,307.25
2020,4170.0,62.0,349.75
2020,4212.0,61.25000000000001,335.25
2020,4188.0,66.25,335.25
2020,4284.0,46.25,321.5
2020,4248.0,55.5,264.5
2020,4290.0,66.75,342.5
2020,4314.0,50.0,298.5
2020,4272.0,61.50000000000001,328.0
2020,4380.0,64.75,301.25
2020,4410.0,36.75,317.5
2020,4428.0,62.50000000000001,264.25
2020,4434.0,38.25,298.75
2020,4428.0,39.0,324.0
2020,4494.0,56.74999999999999,268.0
2020,4518.0,36.25,262.0
2020,4560.0,61.0,2.75
2020,4596.0,50.25000000000001,274.5
2020,4590.0,37.25,267.5
2020,4662.0,36.25,304.75
2020,4692.0,53.25,321.25
2020,4668.0,43.75,307.5
2020,4728.0,32.0,8.25
2020,4734.0,63.50000000000001,323.5
2020,4722.0,43.5,312.75
2020,4746.0,42.24999999999999,289.5
2020,4770.0,61.25000000000001,342.0
2020,4818.0,49.75,313.5
2020,4812.0,47.75,273.0
2020,4872.0,42.75,328.5
2020,4854.0,65.75,284.25
2020,4872.0,53.5,323.0
2020,4878.0,44.5,291.75
2020,4914.0,51.75000000000001,278.5
2020,4914.0,63.25,275.5
2020,4974.0,43.0,295.0
2020,4986.0,41.0,5.75
2020,5016.0,62.24999999999999,265.5
2021,0.0,60.25000000000001,344.5
2021,30.0,32.25,299.0
2021,72.0,62.75,357.75
2021,102.0,63.75000000000001,272.5
2021,180.0,58.00000000000001,328.0
2021,198.0,46.5,310.5
2021,288.0,65.75,278.25
2021,246.0,36.25,263.5
2021,336.0,54.0,265.0
2021,318.0,66.0,4.749999999999999
2021,450.0,56.74999999999999,343.75
2021,408.0,57.5,283.5
2021,432.0,57.5,322.0
2021,414.0,50.0,293.25
2021,444.0,62.75,351.5
2021,516.0,54.75000000000001,317.0
2021,516.0,62.0,312.25
2021,576.0,63.25,323.0
2021,582.0,40.5,269.25
2021,552.0,66.25,354.0
2021,624.0,57.00000000000001,328.25
2021,672.0,36.5,269.5
2021,624.0,41.0,291.5
2021,636.0,66.5,2.0
2021,690.0,42.25000000000001,347.5
2021,672.0,61.0,315.5
2021,702.0,66.5,282.0
2021,702.0,64.5,355.5
2021,732.0,54.50000000000001,350.25
2021,732.0,44.0,289.5
2021,750.0,43.0,5.25
2021,792.0,60.5,299.0
2021,798.0,43.0,5.750000000000001
2021,876.0,63.50000000000001,300.0
2021,870.0,53.75,262.0
2021,882.0,62.24999999999999,354.25
2021,906.0,57.25,324.5
2021,858.0,54.0,234.25
2021,1014.0,50.25000000000001,323.25
2021,984.0,54.25,313.5
2021,978.0,50.0,326.25
2021,1026.0,50.0,322.75
2021,1008.0,48.00000000000001,268.0
2021,1098.0,43.49999999999999,296.25
2021,1038.0,53.0,279.75
2021,1074.0,54.0,318.25
2021,1128.0,63.25,311.25
2021,1182.0,64.0,357.5
2021,1140.0,60.25000000000001,321.0
2021,1236.0,59.00000000000001,275.5
2021,1206.0,37.0,325.25
2021,1290.0,62.75,288.0
2021,1308.0,63.50000000000001,355.0
2021,1290.0,41.0,297.5
2021,1308.0,61.75,271.25
2021,1368.0,44.0,8.5
2021,1314.0,40.25,304.0
2021,1368.0,64.5,8.0
2021,1416.0,60.25000000000001,296.0
2021,1368.0,53.25,0.25
2021,1434.0,63.0,323.25
2021,1440.0,59.99999999999999,4.749999999999999
2021,1488.0,64.5,10.0
2021,1452.0,50.25000000000001,301.25
2021,1494.0,60.5,275.5
2021,1476.0,55.75,6.75
2021,1536.0,50.5,301.75
2021,1488.0,64.0,321.0
2021,1506.0,43.75,9.5
2021,1650.0,59.25000000000001,312.5
2021,1548.0,57.24999999999999,359.5
2021,1548.0,59.75,306.5
2021,1566.0,63.50000000000001,323.0
2021,1614.0,53.5,288.0
2021,1614.0,52.50000000000001,347.5
2021,1638.0,57.74999999999999,306.0
2021,1638.0,42.75,6.750000000000001
2021,1692.0,53.5,318.5
2021,1686.0,58.75,268.0
2021,1728.0,49.5,283.0
2021,1758.0,61.75,356.99999999999994
2021,1830.0,60.5,322.75
2021,1764.0,56.74999999999999,308.25
2021,1782.0,61.50000000000001,325.0
2021,1788.0,65.75,347.99999999999994
2021,1884.0,62.0,291.25
2021,1848.0,41.75,327.5
2021,1926.0,41.99999999999999,336.25
2021,1944.0,55.25,311.25
2021,1884.0,66.5,284.0
2021,1950.0,44.25,320.75
2021,1956.0,56.74999999999999,282.5
2021,2040.0,52.25,305.75
2021,2040.0,51.50000000000001,268.25
2021,2070.0,55.24999999999999,308.0
2021,2118.0,46.75,276.75
2021,2106.0,41.25000000000001,318.25
2021,2088.0,62.0,309.25
2021,2106.0,51.25,353.25
2021,2214.0,56.74999999999999,329.5
2021,2166.0,37.25000000000001,277.0
2021,2184.0,58.75,278.5
2021,2220.0,58.75,336.5
2021,2226.0,61.50000000000001,288.5
2021,2274.0,63.50000000000001,297.25
2021,2262.0,66.75,354.75
2021,2292.0,58.75,313.5
2021,2322.0,57.74999999999999,326.5
2021,2316.0,45.25,273.75
2021,2370.0,59.99999999999999,326.0
2021,2424.0,61.0,322.75
2021,2376.0,63.25,359.5
2021,2454.0,58.00000000000001,304.5
2021,2484.0,65.25,325.5
2021,2508.0,62.50000000000001,297.75
2021,2598.0,39.25,282.5
2021,2556.0,42.75,298.75
2021,2580.0,62.50000000000001,274.5
2021,2586.0,63.50000000000001,321.75
2021,2688.0,53.25,308.25
2021,2652.0,65.0,300.0
2021,2706.0,61.75,273.25
2021,2790.0,64.75,333.75
2021,2772.0,63.50000000000001,301.75
2021,2862.0,66.75,333.24999999999994
2021,2874.0,61.75,292.0
2021,2838.0,60.5,8.5
2021,2880.0,58.75,340.25
2021,2868.0,62.50000000000001,301.5
2021,2874.0,65.0,325.0
2021,2898.0,41.5,292.75
2021,2916.0,66.75,335.25
2021,3006.0,65.25,288.0
2021,2934.0,59.99999999999999,319.5
2021,2994.0,65.25,329.5
2021,3024.0,66.0,356.75
2021,3084.0,63.50000000000001,286.0
2021,3108.0,63.0,326.5
2021,3120.0,66.75,280.0
2021,3192.0,61.0,290.75
2021,3180.0,53.0,315.0
2021,3150.0,65.25,297.5
2021,3210.0,47.0,277.0
2021,3216.0,61.75,302.0
2021,3282.0,58.25,7.000000000000001
2021,3252.0,65.5,304.75
2021,3288.0,62.24999999999999,320.99999999999994
2021,3354.0,64.0,8.0
2021,3300.0,53.75,336.75
2021,3330.0,67.0,294.75
2021,3366.0,59.25000000000001,313.25
2021,3468.0,65.25,334.75
2021,3366.0,51.75000000000001,350.75
2021,3426.0,61.0,347.0
2021,3420.0,47.25000000000001,265.5
2021,3546.0,61.0,328.0
2021,3480.0,59.75,325.25
2021,3594.0,57.5,337.5
2021,3594.0,52.75,298.0
2021,3636.0,66.25,307.5
2021,3654.0,60.5,319.0
2021,3696.0,57.00000000000001,307.5
2021,3684.0,45.25,319.5
2021,3684.0,63.50000000000001,349.25
2021,3726.0,60.25000000000001,319.0
2021,3774.0,46.5,296.5
2021,3738.0,62.24999999999999,317.25
2021,3810.0,51.75,267.5
2021,3774.0,43.75,336.5
2021,3828.0,66.75,340.75
2021,3882.0,67.0,294.75
2021,3828.0,54.25,319.25
2021,3810.0,49.00000000000001,344.25
2021,3828.0,66.25,279.25
2021,3936.0,64.75,283.75
2021,3882.0,57.5,237.0
2021,3942.0,58.25,317.0
2021,3900.0,49.5,347.25
2021,4020.0,66.75,288.0
2021,4008.0,60.5,333.0
2021,4038.0,43.25,327.75
2021,4092.0,49.25000000000001,324.75
2021,4170.0,41.5,270.75
2021,4140.0,52.0,304.5
2021,4206.0,55.0,267.0
2021,4194.0,49.00000000000001,317.0
2021,4224.0,62.0,276.0
2021,4248.0,47.75000000000001,286.75
2021,4224.0,47.0,295.25
2021,4254.0,33.75,334.75
2021,4260.0,58.5,320.0
2021,4374.0,44.0,8.5
2021,4356.0,44.75,276.0
2021,4308.0,41.74999999999999,304.0
2021,4350.0,43.0,314.5
2021,4368.0,40.75,323.75
2021,4452.0,54.5,309.75
2021,4452.0,65.25,7.999999999999998
2021,4464.0,31.750000000000004,355.25
2021,4464.0,35.25,350.75
2021,4446.0,59.5,5.249999999999999
2021,4470.0,45.75,302.25
2021,4464.0,57.25,321.0
2021,4506.0,56.0,351.5
2021,4470.0,33.5,0.0
2021,4548.0,41.75,323.0
2021,4506.0,45.75,268.0
2021,4566.0,63.0,326.5
2021,4554.0,44.25,289.75
2021,4548.0,48.00000000000001,280.75
2021,4620.0,47.5,269.75
2021,4596.0,41.25000000000001,296.5
2021,4692.0,34.75,5.75
2021,4692.0,48.75,272.0
2021,4656.0,53.25,323.5
2021,4674.0,41.0,311.0
2021,4710.0,65.5,327.75
2021,4794.0,65.0,315.75
2021,4782.0,60.25000000000001,348.25
2021,4818.0,58.25,324.5
2021,4812.0,41.75,287.5
2021,4836.0,39.5,1.5000000000000002
2021,4824.0,31.0,358.0
2021,4854.0,50.5,344.5
2021,4938.0,47.25,266.0
2021,4896.0,44.5,329.0
2021,4914.0,46.5,2.5
2021,4974.0,38.0,312.75
2021,5010.0,66.25,286.0
2021,5028.0,44.25,294.0
2021,5004.0,39.25,318.75
2022,18.0,65.0,311.75
2022,66.0,65.5,278.75
2022,36.0,64.5,322.5
2022,78.0,62.50000000000001,343.75
2022,144.0,57.00000000000001,307.0
2022,168.0,61.0,277.25
2022,186.0,54.75000000000001,337.5
2022,222.0,59.75,303.5
2022,216.0,64.5,350.0
2022,228.0,64.25,282.5
2022,246.0,64.75,323.0
2022,306.0,60.25000000000001,330.0
2022,288.0,58.749999999999986,264.0
2022,360.0,61.75,354.25
2022,306.0,54.0,265.5
2022,354.0,65.75,353.25
2022,342.0,56.25,264.0
2022,384.0,53.75,348.25
2022,414.0,46.75,334.0
2022,426.0,44.5,279.0
2022,438.0,45.5,337.75
2022,432.0,43.25,289.5
2022,516.0,43.49999999999999,343.25
2022,582.0,56.5,270.5
2022,564.0,64.0,322.75
2022,588.0,60.75,342.75
2022,594.0,55.75,331.5
2022,606.0,40.99999999999999,273.5
2022,618.0,57.74999999999999,344.0
2022,594.0,61.0,279.5
2022,624.0,59.75,215.49999999999997
2022,660.0,62.24999999999999,296.5
2022,738.0,63.75000000000001,335.5
2022,690.0,62.0,276.75
2022,810.0,50.25000000000001,320.75
2022,768.0,63.0,279.5
2022,762.0,59.75,344.0
2022,798.0,52.50000000000001,267.25
2022,900.0,57.25,283.0
2022,864.0,57.74999999999999,311.0
2022,1050.0,47.5,328.0
2022,888.0,58.00000000000001,5.0
2022,978.0,59.99999999999999,329.75
2022,972.0,62.50000000000001,340.5
2022,1026.0,54.25,330.74999999999994
2022,1074.0,48.25,299.0
2022,1140.0,53.25,2.25
2022,1176.0,57.75000000000001,272.75
2022,1170.0,57.25,320.5
2022,1236.0,64.5,272.0
2022,1206.0,62.0,325.0
2022,1254.0,51.75000000000001,320.75
2022,1230.0,55.24999999999999,347.0
2022,1260.0,57.00000000000001,280.5
2022,1350.0,57.74999999999999,292.0
2022,1278.0,54.75000000000001,330.0
2022,1338.0,56.0,325.0
2022,1368.0,43.0,307.0
2022,1398.0,63.25,298.75
2022,1470.0,63.0,326.25
2022,1380.0,62.50000000000001,345.49999999999994
2022,1440.0,59.99999999999999,306.5
2022,1506.0,65.0,300.0
2022,1512.0,41.75,341.25
2022,1566.0,61.25000000000001,275.0
2022,1530.0,56.0,284.25
2022,1566.0,50.0,278.25
2022,1686.0,39.75000000000001,322.75
2022,1620.0,39.0,336.75
2022,1590.0,60.5,274.5
2022,1656.0,59.75,3.7499999999999996
2022,1686.0,35.0,304.0
2022,1746.0,59.25000000000001,1.0
2022,1788.0,42.0,262.75
2022,1752.0,40.75,298.5
2022,1770.0,65.75,3.2500000000000004
2022,1812.0,39.5,303.0
2022,1812.0,44.50000000000001,267.25
2022,1866.0,42.75,293.0
2022,1878.0,66.5,7.499999999999999
2022,1890.0,54.75000000000001,333.75
2022,1878.0,41.75,307.75
2022,1920.0,56.5,342.5
2022,1938.0,46.0,325.5
2022,1974.0,48.24999999999999,325.25
2022,2022.0,48.5,283.25
2022,2064.0,62.75,351.0
2022,2070.0,59.75,287.0
2022,2118.0,66.5,356.75
2022,2142.0,62.0,345.0
2022,2094.0,59.25000000000001,318.0
2022,2130.0,51.0,317.0
2022,2130.0,56.0,353.25
2022,2166.0,48.00000000000001,271.75
2022,2166.0,65.75,356.5
2022,2196.0,65.0,331.75
2022,2190.0,48.5,338.25
2022,2316.0,61.0,301.0
2022,2250.0,59.75,339.75
2022,2196.0,36.0,230.99999999999997
2022,2250.0,65.5,329.5
2022,2226.0,46.5,301.0
2022,2274.0,59.99999999999999,281.5
2022,2214.0,66.0,352.25
2022,2280.0,63.25,349.0
2022,2340.0,54.5,333.25
2022,2316.0,56.0,345.5
2022,2430.0,55.5,328.25
2022,2424.0,59.00000000000001,299.5
2022,2448.0,48.00000000000001,314.75
2022,2460.0,62.24999999999999,1.0
2022,2532.0,51.5,310.5
2022,2472.0,55.5,337.5
2022,2514.0,59.5,326.5
2022,2538.0,59.00000000000001,0.0
2022,2544.0,36.5,288.0
2022,2616.0,45.75,278.5
2022,2568.0,50.25000000000001,357.25
2022,2598.0,51.25,348.75
2022,2598.0,60.75,359.5
2022,2658.0,43.50000000000001,273.25
2022,2664.0,54.25,314.5
2022,2670.0,40.5,7.999999999999998
2022,2676.0,66.0,331.0
2022,2718.0,66.0,288.0
2022,2682.0,42.25,296.0
2022,2760.0,54.0,283.0
2022,2718.0,66.25,302.0
2022,2832.0,50.25000000000001,296.25
2022,2790.0,59.00000000000001,306.5
2022,2796.0,66.5,283.25
2022,2910.0,57.5,310.0
2022,2880.0,63.25,324.5
2022,2868.0,66.0,282.0
2022,2892.0,66.5,301.25
2022,2904.0,65.0,8.75
2022,2940.0,61.50000000000001,276.75
2022,2916.0,60.75,332.25
2022,2928.0,61.50000000000001,321.5
2022,2994.0,64.25,333.75
2022,3024.0,65.75,326.25
2022,3030.0,54.25,303.25
2022,3120.0,59.00000000000001,282.5
2022,3102.0,39.75000000000001,295.5
2022,3174.0,46.0,281.25
2022,3204.0,66.0,330.75
2022,3234.0,58.5,319.5
2022,3234.0,58.75,295.5
2022,3258.0,67.0,294.75
2022,3246.0,60.5,265.75
2022,3270.0,43.75,300.0
2022,3354.0,59.00000000000001,302.5
2022,3270.0,61.0,318.75
2022,3294.0,41.5,313.0
2022,3306.0,62.75,345.0
2022,3312.0,67.0,302.0
2022,3312.0,62.24999999999999,316.75
2022,3366.0,43.5,299.75
2022,3348.0,59.99999999999999,4.749999999999999
2022,3360.0,55.24999999999999,274.75
2022,3402.0,65.25,346.75
2022,3438.0,64.75,297.0
2022,3444.0,46.00000000000001,277.0
2022,3462.0,66.5,356.0
2022,3414.0,63.0,274.25
2022,3438.0,66.75,335.5
2022,3480.0,51.0,312.0
2022,3492.0,42.0,271.25
2022,3474.0,64.25,327.5
2022,3498.0,64.5,5.0
2022,3522.0,40.5,319.75
2022,3540.0,35.75,10.0
2022,3546.0,41.0,316.75
2022,3528.0,60.75,313.25
2022,3582.0,41.75,7.75
2022,3612.0,40.0,315.75
2022,3606.0,44.0,324.5
2022,3642.0,57.5,277.0
2022,3606.0,39.75000000000001,4.5
2022,3594.0,42.25,270.75
2022,3666.0,42.5,322.25
2022,3654.0,43.0,274.5
2022,3690.0,42.0,305.75
2022,3786.0,46.0,324.25
2022,3828.0,42.5,313.25
2022,3762.0,46.0,300.0
2022,3768.0,56.25,5.5
2022,3786.0,65.0,8.0
2022,3912.0,52.0,340.5
2022,3900.0,37.5,297.75
2022,3912.0,62.24999999999999,0.5
2022,3954.0,42.25,293.0
2022,3954.0,49.25,323.75
2022,4020.0,44.5,276.75
2022,4002.0,59.75,359.0
2022,4110.0,57.74999999999999,324.0
2022,4044.0,58.25,352.0
2022,4092.0,53.25,304.75
2022,4134.0,59.00000000000001,350.25
2022,4194.0,45.25,302.5
2022,4224.0,45.75,278.75
2022,4230.0,67.0,7.250000000000001
2022,4272.0,53.75,323.5
2022,4326.0,46.0,336.0
2022,4374.0,44.25,273.0
2022,4350.0,65.0,335.5
2022,4338.0,61.0,316.25
2022,4374.0,44.5,316.25
2022,4416.0,49.00000000000001,262.5
2022,4398.0,48.5,298.5
2022,4446.0,64.0,330.5
2022,4476.0,30.750000000000004,353.25
2022,4476.0,44.0,269.25
2022,4482.0,63.0,311.75
2022,4530.0,59.75,326.0
2022,4578.0,60.5,325.25
2022,4596.0,63.25,280.5
2022,4590.0,60.25000000000001,237.25
2022,4632.0,64.25,330.25
2022,4698.0,54.0,315.0
2022,4638.0,43.5,309.0
2022,4680.0,56.5,304.75
2022,4704.0,46.25,316.5
2022,4830.0,58.00000000000001,283.0
2022,4788.0,32.5,353.25
2022,4824.0,46.0,337.25
2022,4902.0,58.75,9.5
2022,4902.0,57.5,1.25
2022,4938.0,58.00000000000001,9.999999999999998
2022,4986.0,51.75000000000001,324.75
2022,5028.0,35.75,306.0
2023,12.0,65.75,278.0
2023,126.0,44.75,324.75
2023,30.0,60.25000000000001,306.25
2023,48.0,56.74999999999999,316.5
2023,54.0,55.25,7.499999999999999
2023,60.0,43.0,316.75
2023,78.0,60.5,338.5
2023,156.0,34.75,292.0
2023,132.0,66.0,287.25
2023,138.0,50.25000000000001,275.0
2023,228.0,66.0,346.75
2023,348.0,38.75,290.25
2023,264.0,63.50000000000001,335.25
2023,324.0,40.25,276.25
2023,318.0,47.25,302.5
2023,372.0,40.0,341.25
2023,384.0,57.00000000000001,318.0
2023,354.0,65.75,335.5
2023,456.0,59.5,291.0
2023,414.0,64.25,321.75
2023,468.0,45.5,277.5
2023,486.0,37.75,339.25
2023,468.0,52.25,357.5
2023,510.0,45.25,295.5
2023,564.0,54.25,323.25
2023,528.0,66.5,263.25
2023,504.0,50.0,342.5
2023,534.0,67.0,279.25
2023,612.0,30.5,300.75
2023,582.0,49.5,1.9999999999999996
2023,600.0,64.0,304.75
2023,618.0,53.24999999999999,341.0
2023,624.0,44.75,9.75
2023,702.0,56.5,311.0
2023,684.0,55.5,2.5000000000000004
2023,768.0,49.75,354.25
2023,714.0,50.75,4.75
2023,768.0,54.0,335.0
2023,780.0,59.00000000000001,277.5
2023,792.0,50.0,316.25
2023,852.0,62.24999999999999,301.0
2023,858.0,64.75,8.750000000000002
2023,936.0,48.00000000000001,301.5
2023,888.0,56.5,314.75
2023,954.0,49.0,275.5
2023,936.0,41.99999999999999,317.5
2023,912.0,57.74999999999999,343.0
2023,972.0,55.5,4.999999999999999
2023,1002.0,53.5,324.24999999999994
2023,1074.0,60.75,320.0
2023,1098.0,60.25000000000001,273.5
2023,1050.0,65.0,262.5
2023,1044.0,55.25,355.25
2023,1050.0,55.75,341.0
2023,1116.0,49.00000000000001,0.0
2023,1110.0,43.75,314.75
2023,1110.0,56.0,336.0
2023,1170.0,63.75000000000001,295.0
2023,1170.0,39.5,293.75
2023,1260.0,62.0,275.0
2023,1290.0,47.5,320.0
2023,1260.0,66.0,334.75
2023,1284.0,39.75000000000001,295.25
2023,1350.0,37.25,328.0
2023,1350.0,52.50000000000001,263.5
2023,1434.0,61.25000000000001,296.0
2023,1404.0,57.00000000000001,3.0
2023,1440.0,48.00000000000001,352.75
2023,1452.0,58.25,302.5
2023,1464.0,59.00000000000001,280.25
2023,1494.0,44.75,9.75
2023,1506.0,46.75,334.0
2023,1548.0,54.25,316.25
2023,1542.0,44.75,284.75
2023,1614.0,55.24999999999999,317.25
2023,1578.0,49.5,329.0
2023,1590.0,43.5,321.0
2023,1656.0,49.25,266.75
2023,1614.0,40.5,305.75
2023,1632.0,63.75000000000001,271.25
2023,1716.0,66.25,300.75
2023,1674.0,50.0,334.0
2023,1740.0,56.5,274.5
2023,1770.0,65.0,330.5
2023,1806.0,62.75,284.25
2023,1818.0,60.25000000000001,304.0
2023,1830.0,60.75,318.5
2023,1866.0,31.5,279.75
2023,1890.0,65.25,358.25
2023,1926.0,55.75,281.25
2023,1914.0,64.75,355.75
2023,1884.0,42.5,286.0
2023,1968.0,46.5,302.0
2023,2082.0,51.0,326.25
2023,2016.0,60.75,341.75
2023,2022.0,55.24999999999999,329.25
2023,2094.0,61.75,300.0
2023,2046.0,64.0,9.75
2023,2106.0,56.5,314.25
2023,2106.0,57.74999999999999,350.0
2023,2178.0,49.25,309.25
2023,2112.0,59.25000000000001,358.5
2023,2160.0,51.75000000000001,338.25
2023,2208.0,51.75000000000001,315.0
2023,2202.0,64.0,294.5
2023,2238.0,62.50000000000001,334.75
2023,2244.0,61.0,293.25
2023,2244.0,56.74999999999999,351.0
2023,2334.0,58.00000000000001,314.5
2023,2250.0,53.5,1.75
2023,2286.0,61.75,291.25
2023,2298.0,50.0,357.25
2023,2388.0,40.5,302.0
2023,2322.0,42.0,305.75
2023,2334.0,43.5,10.0
2023,2424.0,42.0,276.75
2023,2394.0,43.0,313.5
2023,2454.0,37.25000000000001,329.75
2023,2436.0,43.24999999999999,288.0
2023,2514.0,46.25000000000001,279.25
2023,2514.0,37.0,318.25
2023,2592.0,63.25,6.000000000000001
2023,2580.0,57.74999999999999,305.0
2023,2634.0,56.0,303.75
2023,2598.0,58.5,9.499999999999998
2023,2610.0,65.5,330.74999999999994
2023,2688.0,47.5,319.5
2023,2664.0,61.75,324.75
2023,2694.0,66.5,355.25
2023,2724.0,47.0,317.25
2023,2898.0,63.25,321.75
2023,2802.0,63.75000000000001,307.25
2023,2826.0,67.0,294.75
2023,2880.0,42.75,318.75
2023,2922.0,53.75,329.5
2023,2934.0,65.25,302.5
2023,2934.0,41.25000000000001,310.25
2023,2964.0,49.5,283.25
2023,2976.0,31.5,298.25
2023,2988.0,66.75,328.0
2023,3012.0,67.0,7.499999999999999
2023,3054.0,31.750000000000004,274.5
2023,3042.0,30.25,267.25
2023,3036.0,43.0,300.5
2023,3078.0,60.75,354.25
2023,3090.0,29.999999999999996,285.0
2023,3144.0,36.75,305.25
2023,3246.0,57.00000000000001,304.0
2023,3156.0,52.0,345.0
2023,3168.0,66.75,309.25
2023,3270.0,42.5,300.25
2023,3186.0,43.25,7.499999999999999
2023,3228.0,61.75,343.0
2023,3366.0,54.0,322.75
2023,3336.0,57.25,319.0
2023,3384.0,53.25,312.75
2023,3486.0,52.50000000000001,282.5
2023,3462.0,63.0,332.5
2023,3516.0,54.25,331.75
2023,3444.0,64.25,308.25
2023,3492.0,37.25,280.0
2023,3462.0,66.5,349.25
2023,3486.0,57.74999999999999,8.500000000000002
2023,3504.0,64.25,302.5
2023,3528.0,59.5,272.25
2023,3576.0,65.5,323.75
2023,3636.0,62.50000000000001,355.0
2023,3642.0,58.25,287.0
2023,3600.0,61.50000000000001,308.74999999999994
2023,3558.0,62.24999999999999,316.75
2023,3630.0,61.25000000000001,332.5
2023,3624.0,52.25,237.75000000000003
2023,3654.0,63.0,295.75
2023,3648.0,55.24999999999999,349.25
2023,3732.0,64.75,331.25
2023,3726.0,50.25000000000001,263.25
2023,3738.0,52.75,348.25
2023,3750.0,55.0,324.24999999999994
2023,3768.0,56.5,334.25
2023,3858.0,42.0,307.25
2023,3804.0,44.00000000000001,348.25
2023,3846.0,46.25,349.75
2023,3888.0,45.0,291.25
2023,3876.0,43.5,321.0
2023,3894.0,50.25000000000001,339.25
2023,3882.0,51.0,6.25
2023,3876.0,47.75000000000001,10.0
2023,3954.0,47.25,320.25
2023,4020.0,66.0,345.49999999999994
2023,4038.0,43.75,317.0
2023,4014.0,51.75000000000001,270.75
2023,4014.0,58.75,9.5
2023,4080.0,64.0,344.5
2023,4068.0,48.49999999999999,296.0
2023,4110.0,47.75000000000001,280.25
2023,4080.0,64.0,332.5
2023,4086.0,63.50000000000001,351.0
2023,4140.0,65.0,346.25
2023,4110.0,60.5,325.5
2023,4146.0,65.0,320.0
2023,4236.0,59.00000000000001,311.0
2023,4188.0,54.5,307.0
2023,4218.0,34.25,356.75
2023,4236.0,36.5,293.0
2023,4266.0,46.5,270.75
2023,4296.0,50.0,347.75
2023,4308.0,52.75,346.0
2023,4338.0,41.0,293.0
2023,4404.0,39.0,262.0
2023,4338.0,43.0,2.2500000000000004
2023,4404.0,43.5,320.75
2023,4410.0,40.0,313.25
2023,4458.0,48.74999999999999,342.0
2023,4428.0,49.00000000000001,348.75
2023,4458.0,41.25000000000001,328.5
2023,4446.0,43.75,273.0
2023,4476.0,41.0,289.25
2023,4560.0,43.25,263.0
2023,4500.0,43.75,338.99999999999994
2023,4578.0,50.0,354.25
2023,4614.0,49.5,321.5
2023,4668.0,45.25,280.5
2023,4632.0,61.75,339.25
2023,4608.0,63.75000000000001,9.0
2023,4728.0,61.0,350.5
2023,4674.0,60.75,348.75
2023,4692.0,62.75,347.25
2023,4776.0,42.0,263.5
2023,4740.0,56.74999999999999,292.0
2023,4746.0,58.5,300.5
2023,4878.0,62.24999999999999,295.25
2023,4824.0,46.0,306.5
2023,4854.0,54.25,323.5
2023,4848.0,64.5,321.75
2023,4932.0,56.25,302.0
2023,4938.0,36.0,293.0
2023,4962.0,60.5,6.750000000000001
2023,4986.0,50.75,339.75
2023,5016.0,63.25,274.0
2024,108.0,51.0,337.0
2024,0.0,58.5,269.5
2024,126.0,32.5,310.5
2024,126.0,54.5,269.5
2024,270.0,29.999999999999996,300.25
2024,276.0,57.00000000000001,306.5
2024,156.0,40.75,305.5
2024,216.0,61.0,7.999999999999998
2024,234.0,64.0,262.75
2024,294.0,36.75,323.75
2024,258.0,55.25,301.75
2024,276.0,59.99999999999999,358.5
2024,288.0,55.24999999999999,308.0
2024,342.0,47.75,295.75
2024,336.0,63.75000000000001,316.75
2024,336.0,54.0,328.25
2024,390.0,55.0,319.25
2024,438.0,65.0,337.5
2024,462.0,54.25,342.75
2024,468.0,66.5,276.75
2024,516.0,65.5,303.25
2024,564.0,63.0,304.25
2024,564.0,37.25,294.0
2024,522.0,60.5,327.75
2024,540.0,54.99999999999999,338.0
2024,588.0,64.0,327.0
2024,582.0,50.0,352.0
2024,678.0,65.75,335.0
2024,612.0,61.75,315.75
2024,720.0,61.25000000000001,272.25
2024,726.0,44.0,324.24999999999994
2024,738.0,62.75,297.0
2024,744.0,61.25000000000001,10.0
2024,732.0,39.75000000000001,318.0
2024,810.0,61.75,320.5
2024,822.0,48.75,326.75
2024,858.0,60.25000000000001,277.5
2024,870.0,47.00000000000001,279.5
2024,906.0,66.75,334.0
2024,930.0,57.5,315.0
2024,954.0,50.0,308.25
2024,1020.0,66.25,281.25
2024,1020.0,45.5,293.75
2024,960.0,60.75,335.5
2024,978.0,51.0,312.0
2024,1002.0,46.25000000000001,279.25
2024,990.0,40.5,322.25
2024,1038.0,62.24999999999999,308.25
2024,1044.0,60.75,265.0
2024,1068.0,37.75000000000001,303.75
2024,1062.0,36.5,347.25
2024,1110.0,65.5,358.75
2024,1098.0,33.5,287.0
2024,1146.0,52.25,266.75
2024,1188.0,45.25,265.25
2024,1176.0,51.75000000000001,358.75
2024,1194.0,67.0,5.5
2024,1236.0,48.25,357.25
2024,1230.0,38.75,286.0
2024,1296.0,56.0,342.25
2024,1290.0,45.5,297.0
2024,1368.0,50.0,282.0
2024,1386.0,53.49999999999999,5.499999999999999
2024,1380.0,66.75,335.25
2024,1470.0,63.25,354.0
2024,1428.0,46.5,297.25
2024,1512.0,62.24999999999999,320.99999999999994
2024,1596.0,50.0,297.5
2024,1566.0,63.0,349.75
2024,1614.0,53.75,357.75
2024,1722.0,62.24999999999999,325.75
2024,1626.0,44.0,9.25
2024,1710.0,56.5,279.25
2024,1734.0,50.0,287.25
2024,1800.0,63.75000000000001,283.0
2024,1764.0,61.75,296.5
2024,1776.0,64.75,325.0
2024,1884.0,59.75,306.0
2024,1842.0,64.75,328.0
2024,1842.0,64.5,303.75
2024,1854.0,41.25000000000001,325.75
2024,1902.0,62.0,3.5000000000000004
2024,1902.0,63.25,322.25
2024,1956.0,60.5,354.0
2024,1986.0,57.5,310.0
2024,1998.0,63.75000000000001,325.25
2024,2028.0,64.75,322.5
2024,2058.0,64.0,307.0
2024,2106.0,62.24999999999999,269.75
2024,2100.0,65.75,329.99999999999994
2024,2340.0,56.50000000000001,3.2500000000000004
2024,2208.0,58.00000000000001,281.5
2024,2214.0,42.5,281.0
2024,2190.0,57.5,343.5
2024,2292.0,54.25,281.25
2024,2256.0,64.5,9.250000000000002
2024,2304.0,41.5,304.0
2024,2364.0,39.5,302.5
2024,2460.0,60.25000000000001,268.75
2024,2382.0,48.49999999999999,343.25
2024,2484.0,38.25,301.5
2024,2466.0,53.75,312.75
2024,2598.0,47.75,317.5
2024,2556.0,50.0,327.25
2024,2568.0,56.50000000000001,273.25
2024,2676.0,62.0,290.74999999999994
2024,2610.0,51.5,322.5
2024,2658.0,41.25000000000001,327.75
2024,2706.0,63.50000000000001,301.25
2024,2724.0,64.0,315.0
2024,2718.0,57.25,358.5
2024,2760.0,52.75,345.49999999999994
2024,2772.0,63.0,273.75
2024,2754.0,64.0,320.5
2024,2802.0,49.00000000000001,332.5
2024,2778.0,66.0,311.0
2024,2802.0,61.50000000000001,281.75
2024,2898.0,60.25000000000001,317.25
2024,2886.0,57.25,297.0
2024,2898.0,45.0,288.25
2024,2892.0,58.5,309.25
2024,2940.0,62.50000000000001,320.25
2024,2982.0,46.0,315.5
2024,2958.0,57.25,330.0
2024,2952.0,62.24999999999999,317.74999999999994
2024,3000.0,57.25,331.5
2024,2970.0,63.0,318.75
2024,3006.0,61.25000000000001,339.75
2024,3048.0,53.75,310.75
2024,3030.0,65.0,322.5
2024,3036.0,62.0,308.75
2024,3060.0,63.0,277.25
2024,3078.0,59.5,333.25
2024,3108.0,59.00000000000001,281.5
2024,3132.0,57.25,305.5
2024,3186.0,50.25000000000001,313.75
2024,3258.0,52.5,340.5
2024,3264.0,50.99999999999999,325.25
2024,3396.0,56.25,323.5
2024,3366.0,47.75,297.75
2024,3414.0,58.5,325.0
2024,3474.0,51.00000000000001,323.75
2024,3426.0,60.75,341.75
2024,3438.0,57.25,347.0
2024,3492.0,66.75,301.25
2024,3546.0,64.75,295.0
2024,3492.0,57.25,334.0
2024,3534.0,63.75000000000001,322.25
2024,3606.0,63.50000000000001,326.0
2024,3594.0,44.5,285.0
2024,3558.0,67.0,287.25
2024,3660.0,63.50000000000001,323.5
2024,3618.0,47.5,272.75
2024,3744.0,45.25,275.75
2024,3702.0,64.5,326.25
2024,3696.0,41.0,310.75
2024,3702.0,64.75,307.0
2024,3708.0,67.0,347.99999999999994
2024,3780.0,64.75,2.5
2024,3798.0,45.75,344.25
2024,3840.0,48.00000000000001,277.25
2024,3810.0,55.24999999999999,301.25
2024,3810.0,31.999999999999993,355.75
2024,3996.0,39.5,337.5
2024,3906.0,59.5,305.5
2024,3894.0,59.25000000000001,304.0
2024,3882.0,41.0,333.24999999999994
2024,3888.0,56.50000000000001,8.750000000000002
2024,3894.0,41.00000000000001,4.000000000000001
2024,3930.0,63.0,304.25
2024,3924.0,37.49999999999999,351.75
2024,3972.0,60.25000000000001,301.5
2024,3930.0,39.50000000000001,1.75
2024,3978.0,60.25000000000001,319.0
2024,3948.0,36.0,6.500000000000001
2024,3990.0,50.5,317.5
2024,4026.0,63.25,271.25
2024,4032.0,63.25,294.0
2024,4032.0,44.50000000000001,267.0
2024,4062.0,32.75,295.0
2024,4080.0,43.49999999999999,274.0
2024,4098.0,64.5,326.25
2024,4086.0,41.75,349.0
2024,4176.0,59.99999999999999,290.74999999999994
2024,4170.0,57.25,306.0
2024,4188.0,45.75000000000001,276.75
2024,4146.0,66.5,334.0
2024,4242.0,64.5,334.25
2024,4188.0,60.5,319.0
2024,4266.0,61.25000000000001,345.49999999999994
2024,4200.0,65.25,335.0
2024,4254.0,64.0,316.0
2024,4314.0,61.50000000000001,350.25
2024,4416.0,55.75,308.5
2024,4290.0,67.0,7.499999999999999
2024,4326.0,55.5,326.25
2024,4326.0,41.5,316.0
2024,4410.0,42.75,267.0
2024,4374.0,30.750000000000004,354.75
2024,4434.0,36.25,342.75
2024,4470.0,43.0,331.0
2024,4482.0,41.75,321.5
2024,4548.0,59.5,306.25
2024,4536.0,45.5,280.75
2024,4602.0,61.75,320.5
2024,4662.0,63.0,345.75
2024,4686.0,41.5,293.75
2024,4656.0,59.25000000000001,329.5
2024,4674.0,44.0,340.0
2024,4776.0,55.0,302.0
2024,4704.0,60.75,342.25
2024,4692.0,43.75,303.5
2024,4758.0,43.75,8.25
2024,4764.0,43.5,262.0
2024,4752.0,62.24999999999999,0.0
2024,4842.0,50.25000000000001,316.0
2024,4800.0,48.00000000000001,349.5
2024,4782.0,65.5,215.0
2024,4848.0,56.5,319.5
2024,4854.0,56.74999999999999,338.75
2024,4836.0,46.25,359.75
2024,4890.0,50.5,318.25
2024,4854.0,43.0,268.75
2024,4908.0,54.25,325.75
2024,5016.0,63.50000000000001,301.25
2025,36.0,33.25,299.25
2025,6.0,62.75,335.25
2025,60.0,66.5,298.75
2025,72.0,59.5,356.75
2025,90.0,52.75,270.0
2025,144.0,64.75,275.5
2025,156.0,65.0,306.25
2025,120.0,65.0,328.0
2025,246.0,58.00000000000001,315.5
2025,282.0,65.25,276.5
2025,276.0,33.5,283.0
2025,264.0,46.5,324.5
2025,324.0,61.0,281.25
2025,372.0,36.5,336.25
2025,372.0,36.74999999999999,305.75
2025,438.0,60.5,278.75
2025,402.0,37.0,296.25
2025,504.0,65.5,299.5
2025,522.0,46.75,282.0
2025,534.0,51.0,1.25
2025,516.0,61.50000000000001,350.0
2025,642.0,58.75,341.25
2025,642.0,64.5,10.0
2025,666.0,34.25,289.0
2025,738.0,60.75,341.0
2025,756.0,50.0,298.0
2025,720.0,31.5,291.5
2025,888.0,59.99999999999999,269.25
2025,756.0,66.5,237.25
2025,774.0,65.75,355.0
2025,834.0,45.75,303.25
2025,912.0,54.0,320.0
2025,852.0,45.25,345.0
2025,1008.0,48.75,339.25
2025,990.0,46.5,291.5
2025,954.0,56.74999999999999,283.0
2025,948.0,57.74999999999999,325.5
2025,1002.0,55.5,351.75
2025,1026.0,62.0,271.25
2025,1086.0,60.5,263.0
2025,1080.0,46.75,306.0
2025,1134.0,47.0,295.5
2025,1140.0,54.5,311.5
2025,1158.0,56.0,299.5
2025,1296.0,57.5,299.0
2025,1224.0,63.25,320.5
2025,1206.0,65.25,284.5
2025,1248.0,66.25,9.25
2025,1302.0,58.25,314.0
2025,1290.0,61.50000000000001,262.25
2025,1368.0,46.0,275.25
2025,1308.0,60.5,305.0
2025,1380.0,57.74999999999999,340.0
2025,1326.0,43.5,9.0
2025,1350.0,66.75,351.25
2025,1374.0,44.25,291.0
2025,1440.0,58.5,321.5
2025,1494.0,66.5,280.75
2025,1428.0,66.0,303.5
2025,1440.0,54.75000000000001,1.5000000000000002
2025,1518.0,58.25,322.0
2025,1494.0,65.0,294.5
2025,1506.0,64.5,3.0000000000000004
2025,1536.0,45.75,306.75
2025,1524.0,67.0,298.0
2025,1566.0,62.50000000000001,284.25
2025,1596.0,49.00000000000001,318.75
2025,1644.0,56.74999999999999,283.25
2025,1626.0,37.75,312.25
2025,1632.0,56.74999999999999,1.5000000000000002
2025,1674.0,53.0,316.25
2025,1680.0,59.25000000000001,351.75
2025,1650.0,61.50000000000001,3.7499999999999996
2025,1674.0,47.75,274.5
2025,1668.0,58.00000000000001,282.0
2025,1740.0,50.0,297.5
2025,1698.0,51.5,337.5
2025,1710.0,60.5,309.0
2025,1764.0,61.0,344.0
2025,1836.0,52.25,316.5
2025,1872.0,66.0,274.0
2025,1800.0,65.5,353.0
2025,1878.0,64.25,293.75
2025,1944.0,58.00000000000001,304.0
2025,1902.0,64.25,288.75
2025,1998.0,55.0,316.5
2025,1908.0,59.00000000000001,326.5
2025,2004.0,47.0,350.75
2025,1986.0,62.24999999999999,318.5
2025,2058.0,38.0,0.5
2025,2040.0,63.25,322.25
2025,2010.0,65.5,297.0
2025,2052.0,40.5,6.5
2025,2034.0,40.50000000000001,301.75
2025,2082.0,40.5,303.75
2025,2130.0,38.0,310.0
2025,2154.0,47.5,282.5
2025,2196.0,56.74999999999999,284.75
2025,2202.0,64.25,5.5
2025,2226.0,43.25,292.0
2025,2256.0,44.0,7.75
2025,2256.0,37.25,346.0
2025,2334.0,57.5,310.5
2025,2292.0,58.25,305.0
2025,2334.0,40.5,268.5
2025,2358.0,56.25,359.5
2025,2460.0,59.75,345.75
2025,2394.0,50.5,354.75
2025,2460.0,65.0,298.75
2025,2472.0,45.0,330.74999999999994
2025,2508.0,53.75,316.75
2025,2568.0,61.0,296.25
2025,2484.0,61.75,355.5
2025,2526.0,48.5,281.0
2025,2574.0,52.50000000000001,267.0
2025,2532.0,64.0,308.0
2025,2544.0,62.24999999999999,344.25
2025,2580.0,43.75,300.0
2025,2640.0,38.0,292.25
2025,2658.0,63.25,323.25
2025,2724.0,62.0,324.0
2025,2706.0,56.0,306.25
2025,2796.0,60.25000000000001,302.25
2025,2736.0,61.50000000000001,307.75
2025,2736.0,47.50000000000001,350.5
2025,2778.0,51.5,340.5
2025,2808.0,54.25,320.25
2025,2802.0,66.25,285.5
2025,2856.0,47.24999999999999,309.25
2025,2886.0,55.0,321.0
2025,2868.0,39.0,359.75
2025,2874.0,49.00000000000001,326.5
2025,2922.0,49.5,318.75
2025,2970.0,38.0,293.0
2025,3012.0,61.0,320.25
2025,2982.0,50.0,343.75
2025,3066.0,42.74999999999999,4.749999999999999
2025,3012.0,48.75000000000001,330.5
2025,3096.0,56.5,282.25
2025,3096.0,55.0,308.5
2025,3102.0,40.75,306.0
2025,3138.0,39.75000000000001,304.25
2025,3114.0,42.00000000000001,351.5
2025,3132.0,42.25,4.25
2025,3198.0,47.5,337.75
2025,3174.0,50.5,317.25
2025,3210.0,53.25,350.0
2025,3264.0,55.24999999999999,310.5
2025,3222.0,65.25,3.25
2025,3216.0,50.25000000000001,2.0
2025,3288.0,64.5,354.0
2025,3282.0,40.0,9.749999999999996
2025,3288.0,59.25000000000001,333.0
2025,3354.0,40.25000000000001,303.0
2025,3336.0,56.25,274.75
2025,3312.0,66.5,2.0
2025,3324.0,45.0,320.5
2025,3372.0,46.00000000000001,263.25
2025,3342.0,46.0,320.5
2025,3348.0,61.25000000000001,323.5
2025,3318.0,57.00000000000001,1.5000000000000002
2025,3426.0,44.25,276.75
2025,3414.0,66.5,9.25
2025,3432.0,53.75,321.25
2025,3426.0,62.75,3.7499999999999996
2025,3450.0,42.25,302.75
2025,3462.0,61.25000000000001,314.5
2025,3582.0,66.25,347.99999999999994
2025,3588.0,64.0,295.75
2025,3660.0,62.50000000000001,297.5
2025,3576.0,51.0,310.0
2025,3666.0,67.0,353.25
2025,3684.0,61.25000000000001,319.0
2025,3690.0,64.75,307.0
2025,3732.0,65.75,356.99999999999994
2025,3750.0,61.0,327.75
2025,3798.0,66.0,265.25
2025,3888.0,60.25000000000001,340.25
2025,3882.0,59.99999999999999,303.5
2025,3786.0,61.75,320.0
2025,3810.0,60.75,304.75
2025,3858.0,59.25000000000001,343.0
2025,3852.0,64.75,335.0
2025,3900.0,48.25,288.75
2025,3942.0,44.75,283.0
2025,3942.0,54.25,312.25
2025,3996.0,44.75,277.75
2025,4002.0,60.25000000000001,338.75
2025,4038.0,59.99999999999999,297.0
2025,4050.0,37.75,341.0
2025,4092.0,67.0,330.0
2025,4128.0,62.75,343.0
2025,4224.0,57.25,317.5
2025,4164.0,60.75,334.25
2025,4296.0,61.50000000000001,322.75
2025,4296.0,64.25,310.5
2025,4302.0,64.5,346.0
2025,4320.0,50.75,319.5
2025,4368.0,61.75,301.5
2025,4350.0,64.75,322.5
2025,4398.0,61.50000000000001,319.5
2025,4416.0,43.0,270.0
2025,4428.0,61.50000000000001,357.25
2025,4476.0,59.25000000000001,9.0
2025,4476.0,48.75,326.5
2025,4530.0,56.25,314.5
2025,4566.0,64.25,334.25
2025,4584.0,66.5,276.5
2025,4554.0,63.75000000000001,306.25
2025,4602.0,55.24999999999999,341.75
2025,4662.0,45.25,264.75
2025,4638.0,46.75,314.0
2025,4686.0,50.0,326.75
2025,4662.0,40.75,10.0
2025,4674.0,64.5,280.75
2025,4692.0,55.5,331.0
2025,4692.0,64.0,294.0
2025,4704.0,46.5,318.5
2025,4758.0,65.0,322.5
2025,4764.0,41.25000000000001,263.5
2025,4746.0,63.0,306.75
2025,4740.0,63.25,351.5
2025,4806.0,60.25000000000001,323.5
2025,4818.0,56.25000000000001,281.25
2025,4872.0,45.75,339.5
2025,4800.0,53.25,235.0
2025,4854.0,66.25,298.0
2025,4932.0,42.25,306.0
2025,4992.0,49.75,315.0
2025,5016.0,63.50000000000001,321.0
