basin,outcome,var,tag,x,lin,hinge,spl
atl,BOMB,jet250,main,54.808,0.0019604,0.00032774,0.000904
atl,BOMB,jet250,main,62.877,0.0026752,0.00056994,0.001082
atl,BOMB,jet250,main,68.121,0.0032727,0.00081636,0.0012478
atl,BOMB,jet250,main,72.364,0.0038509,0.0010914,0.0014305
atl,BOMB,jet250,main,75.873,0.0044045,0.0013874,0.00163
atl,BOMB,jet250,main,79.017,0.0049663,0.0017197,0.0018609
atl,BOMB,jet250,main,81.829,0.0055282,0.0020832,0.0021243
atl,BOMB,jet250,main,84.256,0.0060629,0.0024578,0.002409
atl,BOMB,jet250,main,86.522,0.0066078,0.0028675,0.0027371
atl,BOMB,jet250,main,88.711,0.0071793,0.0033272,0.0031274
atl,BOMB,jet250,main,90.779,0.0077631,0.0038279,0.0035807
atl,BOMB,jet250,main,92.648,0.0083306,0.0043441,0.004077
atl,BOMB,jet250,main,94.329,0.0088748,0.0048663,0.0046037
atl,BOMB,jet250,main,96.096,0.0094846,0.0054822,0.0052512
atl,BOMB,jet250,main,97.789,0.010106,0.0061434,0.0059713
atl,BOMB,jet250,main,99.587,0.01081,0.0069309,0.0068544
atl,BOMB,jet250,main,101.28,0.011517,0.0077649,0.0078101
atl,BOMB,jet250,main,102.91,0.012234,0.0086523,0.0088401
atl,BOMB,jet250,main,104.57,0.013014,0.0096645,0.01002
atl,BOMB,jet250,main,106.27,0.01386,0.010817,0.011355
atl,BOMB,jet250,main,107.91,0.014726,0.012054,0.012765
atl,BOMB,jet250,main,109.54,0.015634,0.01341,0.014269
atl,BOMB,jet250,main,111.07,0.016541,0.014828,0.015791
atl,BOMB,jet250,main,112.69,0.017552,0.016476,0.017499
atl,BOMB,jet250,main,114.27,0.018591,0.018246,0.019258
atl,BOMB,jet250,main,115.98,0.019784,0.020368,0.021273
atl,BOMB,jet250,main,117.73,0.021079,0.022779,0.023442
atl,BOMB,jet250,main,119.48,0.022447,0.02544,0.025703
atl,BOMB,jet250,main,121.35,0.024004,0.028609,0.028229
atl,BOMB,jet250,main,123.28,0.025719,0.032261,0.030936
atl,BOMB,jet250,main,125.4,0.027736,0.036761,0.034011
atl,BOMB,jet250,main,127.62,0.029993,0.04205,0.037304
atl,BOMB,jet250,main,129.8,0.032367,0.045564,0.040592
atl,BOMB,jet250,main,132.3,0.03531,0.047799,0.044425
atl,BOMB,jet250,main,134.87,0.038573,0.050188,0.04837
atl,BOMB,jet250,main,138.07,0.043009,0.053307,0.053261
atl,BOMB,jet250,main,141.45,0.048189,0.056789,0.058355
atl,BOMB,jet250,main,145.52,0.055129,0.061232,0.064295
atl,BOMB,jet250,main,150.58,0.064923,0.067158,0.071297
atl,BOMB,jet250,main,157.67,0.081057,0.076259,0.08031
atl,BOMB,jet250,main,169.45,0.11484,0.093586,0.09347
atl,BOMB,trough_up,main,-0.4376,0.020668,0.024692,0.023099
atl,BOMB,trough_up,main,20.601,0.021624,0.023416,0.022351
atl,BOMB,trough_up,main,34.368,0.022271,0.022613,0.022026
atl,BOMB,trough_up,main,45.07,0.022787,0.022006,0.021895
atl,BOMB,trough_up,main,53.894,0.02322,0.022144,0.021882
atl,BOMB,trough_up,main,62.454,0.023646,0.022608,0.021964
atl,BOMB,trough_up,main,70.516,0.024055,0.023053,0.022137
atl,BOMB,trough_up,main,77.477,0.024413,0.023443,0.022371
atl,BOMB,trough_up,main,84.58,0.024783,0.023848,0.022698
atl,BOMB,trough_up,main,90.854,0.025114,0.02421,0.023071
atl,BOMB,trough_up,main,97.28,0.025457,0.024587,0.023542
atl,BOMB,trough_up,main,103.3,0.025782,0.024944,0.024065
atl,BOMB,trough_up,main,108.93,0.02609,0.025282,0.024615
atl,BOMB,trough_up,main,114.71,0.026409,0.025634,0.025232
atl,BOMB,trough_up,main,119.9,0.026698,0.025953,0.025821
atl,BOMB,trough_up,main,125.16,0.026994,0.026281,0.026441
atl,BOMB,trough_up,main,130.67,0.027308,0.026628,0.027106
atl,BOMB,trough_up,main,136.14,0.027622,0.026976,0.027767
atl,BOMB,trough_up,main,141.61,0.02794,0.027328,0.028417
atl,BOMB,trough_up,main,146.97,0.028254,0.027678,0.029028
atl,BOMB,trough_up,main,152.38,0.028574,0.028034,0.029603
atl,BOMB,trough_up,main,157.79,0.028898,0.028395,0.030124
atl,BOMB,trough_up,main,163.66,0.029253,0.028791,0.030627
atl,BOMB,trough_up,main,169.32,0.029599,0.029177,0.031056
atl,BOMB,trough_up,main,174.91,0.029944,0.029563,0.031433
atl,BOMB,trough_up,main,180.85,0.030314,0.029978,0.031787
atl,BOMB,trough_up,main,187.29,0.03072,0.030434,0.032125
atl,BOMB,trough_up,main,193.39,0.031109,0.030871,0.03241
atl,BOMB,trough_up,main,200.14,0.031545,0.031362,0.032698
atl,BOMB,trough_up,main,206.88,0.031985,0.031858,0.032969
atl,BOMB,trough_up,main,213.96,0.032453,0.032387,0.033248
atl,BOMB,trough_up,main,221.81,0.032979,0.032982,0.03357
atl,BOMB,trough_up,main,229.7,0.033516,0.03359,0.033917
atl,BOMB,trough_up,main,238.13,0.034097,0.034251,0.034311
atl,BOMB,trough_up,main,247.24,0.034735,0.034977,0.034765
atl,BOMB,trough_up,main,257.76,0.035485,0.035831,0.035324
atl,BOMB,trough_up,main,269.44,0.036333,0.036802,0.035986
atl,BOMB,trough_up,main,283.05,0.037344,0.037961,0.036813
atl,BOMB,trough_up,main,298.65,0.038533,0.039328,0.037827
atl,BOMB,trough_up,main,318.76,0.040113,0.041153,0.039234
atl,BOMB,trough_up,main,350.91,0.042752,0.044218,0.041685
atl,HFON,jet250,main,53.908,0.014406,0.023625,0.022234
atl,HFON,jet250,main,61.73,0.015296,0.022738,0.022643
atl,HFON,jet250,main,66.859,0.015905,0.022171,0.02273
atl,HFON,jet250,main,70.958,0.016407,0.021727,0.022648
atl,HFON,jet250,main,74.584,0.016863,0.02134,0.022439
atl,HFON,jet250,main,77.574,0.017246,0.021026,0.022157
atl,HFON,jet250,main,80.332,0.017607,0.02074,0.021802
atl,HFON,jet250,main,82.746,0.017928,0.020492,0.021412
atl,HFON,jet250,main,85.029,0.018236,0.020259,0.020973
atl,HFON,jet250,main,87.081,0.018517,0.020052,0.020519
atl,HFON,jet250,main,89.164,0.018806,0.019844,0.020003
atl,HFON,jet250,main,91.133,0.019082,0.019649,0.019476
atl,HFON,jet250,main,92.956,0.019341,0.01947,0.018981
atl,HFON,jet250,main,94.739,0.019598,0.019297,0.018511
atl,HFON,jet250,main,96.483,0.019851,0.019128,0.018084
atl,HFON,jet250,main,98.14,0.020095,0.018969,0.017723
atl,HFON,jet250,main,99.871,0.020352,0.018804,0.017406
atl,HFON,jet250,main,101.5,0.020597,0.018649,0.017177
atl,HFON,jet250,main,103.08,0.020836,0.018501,0.017031
atl,HFON,jet250,main,104.71,0.021086,0.018365,0.01697
atl,HFON,jet250,main,106.35,0.021339,0.018698,0.017013
atl,HFON,jet250,main,107.99,0.021596,0.019037,0.017172
atl,HFON,jet250,main,109.59,0.021849,0.019372,0.017433
atl,HFON,jet250,main,111.24,0.022111,0.019722,0.0178
atl,HFON,jet250,main,112.9,0.022379,0.020082,0.018264
atl,HFON,jet250,main,114.56,0.022649,0.020446,0.01881
atl,HFON,jet250,main,116.34,0.022942,0.020843,0.019477
atl,HFON,jet250,main,118.23,0.023255,0.02127,0.020259
atl,HFON,jet250,main,120.08,0.023567,0.021697,0.021086
atl,HFON,jet250,main,122.05,0.023902,0.02216,0.022007
atl,HFON,jet250,main,124.1,0.024254,0.022648,0.022977
atl,HFON,jet250,main,126.22,0.024624,0.023164,0.023961
atl,HFON,jet250,main,128.44,0.025017,0.023716,0.024947
atl,HFON,jet250,main,131.06,0.025488,0.024382,0.026048
atl,HFON,jet250,main,133.64,0.025956,0.02505,0.027054
atl,HFON,jet250,main,136.64,0.026512,0.02585,0.028132
atl,HFON,jet250,main,140.33,0.027209,0.026861,0.029311
atl,HFON,jet250,main,144.35,0.027984,0.027997,0.030412
atl,HFON,jet250,main,149.21,0.028948,0.029429,0.031501
atl,HFON,jet250,main,156.47,0.030437,0.031678,0.032676
atl,HFON,jet250,main,168.15,0.032967,0.035593,0.033708
atl,HFON,trough_up,main,-2.0728,0.019132,0.028911,0.030629
atl,HFON,trough_up,main,19.296,0.019658,0.026453,0.025624
atl,HFON,trough_up,main,32.966,0.020001,0.024973,0.023128
atl,HFON,trough_up,main,43.632,0.020273,0.023868,0.021571
atl,HFON,trough_up,main,52.394,0.020498,0.022991,0.020546
atl,HFON,trough_up,main,60.664,0.020712,0.022188,0.019791
atl,HFON,trough_up,main,68.21,0.02091,0.021476,0.019282
atl,HFON,trough_up,main,75.333,0.021098,0.020822,0.018965
atl,HFON,trough_up,main,81.91,0.021272,0.020233,0.018816
atl,HFON,trough_up,main,88.69,0.021454,0.019641,0.018816
atl,HFON,trough_up,main,94.721,0.021616,0.019127,0.018954
atl,HFON,trough_up,main,100.74,0.021779,0.018903,0.019218
atl,HFON,trough_up,main,106.44,0.021935,0.019141,0.019566
atl,HFON,trough_up,main,112.21,0.022093,0.019386,0.019996
atl,HFON,trough_up,main,117.69,0.022244,0.01962,0.020461
atl,HFON,trough_up,main,122.9,0.022389,0.019845,0.020937
atl,HFON,trough_up,main,128.17,0.022536,0.020075,0.021436
atl,HFON,trough_up,main,133.77,0.022693,0.020322,0.021964
atl,HFON,trough_up,main,139.21,0.022847,0.020564,0.022453
atl,HFON,trough_up,main,144.71,0.023003,0.020811,0.0229
atl,HFON,trough_up,main,149.77,0.023147,0.021041,0.023247
atl,HFON,trough_up,main,155.14,0.023301,0.021287,0.023531
atl,HFON,trough_up,main,160.92,0.023468,0.021555,0.023743
atl,HFON,trough_up,main,166.51,0.02363,0.021817,0.023868
atl,HFON,trough_up,main,172.21,0.023797,0.022087,0.023926
atl,HFON,trough_up,main,178.03,0.023968,0.022365,0.023928
atl,HFON,trough_up,main,184.2,0.02415,0.022662,0.023882
atl,HFON,trough_up,main,190.51,0.024338,0.022971,0.023802
atl,HFON,trough_up,main,196.78,0.024526,0.023281,0.02371
atl,HFON,trough_up,main,203.64,0.024732,0.023624,0.023615
atl,HFON,trough_up,main,211.02,0.024957,0.023998,0.023546
atl,HFON,trough_up,main,218.42,0.025183,0.024377,0.023541
atl,HFON,trough_up,main,226.32,0.025427,0.024788,0.023616
atl,HFON,trough_up,main,234.98,0.025696,0.025246,0.02379
atl,HFON,trough_up,main,243.84,0.025974,0.02572,0.024064
atl,HFON,trough_up,main,254.24,0.026304,0.026288,0.024505
atl,HFON,trough_up,main,266.26,0.026689,0.026956,0.025169
atl,HFON,trough_up,main,279.23,0.02711,0.027693,0.026064
atl,HFON,trough_up,main,295.45,0.027644,0.028638,0.027436
atl,HFON,trough_up,main,316.4,0.028347,0.029899,0.029607
atl,HFON,trough_up,main,348.13,0.029439,0.031894,0.033673
pac,BOMB,jet250,main,46.262,0.0028261,0.00087851,0.00094035
pac,BOMB,jet250,main,54.266,0.0035354,0.0012369,0.0012215
pac,BOMB,jet250,main,60.1,0.0041601,0.0015866,0.0014858
pac,BOMB,jet250,main,64.348,0.0046815,0.0019013,0.0017204
pac,BOMB,jet250,main,68.523,0.0052559,0.0022706,0.0019955
pac,BOMB,jet250,main,72.084,0.0057997,0.0026411,0.0022733
pac,BOMB,jet250,main,75.72,0.0064112,0.0030809,0.0026078
pac,BOMB,jet250,main,78.818,0.0069809,0.0035117,0.002942
pac,BOMB,jet250,main,81.748,0.0075646,0.0039735,0.0033085
pac,BOMB,jet250,main,84.571,0.0081711,0.0044744,0.0037169
pac,BOMB,jet250,main,87.248,0.0087892,0.0050061,0.0041639
pac,BOMB,jet250,main,89.557,0.0093583,0.005514,0.0046039
pac,BOMB,jet250,main,92.116,0.01003,0.0061354,0.0051589
pac,BOMB,jet250,main,94.605,0.010727,0.0068045,0.005776
pac,BOMB,jet250,main,97.015,0.011445,0.0075195,0.0064569
pac,BOMB,jet250,main,99.465,0.012223,0.0083203,0.0072444
pac,BOMB,jet250,main,101.78,0.013,0.0091497,0.0080865
pac,BOMB,jet250,main,104.09,0.013825,0.010059,0.0090388
pac,BOMB,jet250,main,106.38,0.014693,0.011047,0.010106
pac,BOMB,jet250,main,108.87,0.01569,0.01222,0.011416
pac,BOMB,jet250,main,110.99,0.01659,0.013312,0.012674
pac,BOMB,jet250,main,113.16,0.017561,0.014526,0.014111
pac,BOMB,jet250,main,115.48,0.018653,0.015933,0.015818
pac,BOMB,jet250,main,117.71,0.019763,0.017407,0.017638
pac,BOMB,jet250,main,120.13,0.021039,0.019152,0.01982
pac,BOMB,jet250,main,122.41,0.022308,0.020941,0.022063
pac,BOMB,jet250,main,124.94,0.023795,0.023099,0.024754
pac,BOMB,jet250,main,127.31,0.025271,0.025306,0.027457
pac,BOMB,jet250,main,129.82,0.026917,0.027837,0.030467
pac,BOMB,jet250,main,132.29,0.028637,0.030559,0.033563
pac,BOMB,jet250,main,134.95,0.030591,0.03374,0.036959
pac,BOMB,jet250,main,137.68,0.032721,0.037308,0.040448
pac,BOMB,jet250,main,140.61,0.035155,0.041503,0.044126
pac,BOMB,jet250,main,143.52,0.037719,0.046048,0.047647
pac,BOMB,jet250,main,146.95,0.040954,0.051953,0.051596
pac,BOMB,jet250,main,150.73,0.04479,0.059173,0.055623
pac,BOMB,jet250,main,154.8,0.049251,0.064865,0.05952
pac,BOMB,jet250,main,159.62,0.055008,0.066247,0.063508
pac,BOMB,jet250,main,165.35,0.062563,0.067921,0.067357
pac,BOMB,jet250,main,172.63,0.073349,0.070096,0.070956
pac,BOMB,jet250,main,183.51,0.09212,0.073449,0.074282
pac,BOMB,trough_up,main,-8.2492,0.025057,0.034915,0.033945
pac,BOMB,trough_up,main,13.468,0.02628,0.030219,0.029056
pac,BOMB,trough_up,main,26.206,0.02702,0.027719,0.026932
pac,BOMB,trough_up,main,36.31,0.02762,0.025863,0.025666
pac,BOMB,trough_up,main,45.288,0.028163,0.025698,0.024866
pac,BOMB,trough_up,main,53.272,0.028653,0.026282,0.024424
pac,BOMB,trough_up,main,60.268,0.029088,0.026803,0.024258
pac,BOMB,trough_up,main,66.56,0.029485,0.02728,0.024296
pac,BOMB,trough_up,main,72.98,0.029893,0.027773,0.024533
pac,BOMB,trough_up,main,79.168,0.030292,0.028256,0.024968
pac,BOMB,trough_up,main,84.887,0.030665,0.028708,0.02557
pac,BOMB,trough_up,main,90.68,0.031046,0.029173,0.026378
pac,BOMB,trough_up,main,96.238,0.031415,0.029624,0.02732
pac,BOMB,trough_up,main,101.54,0.031771,0.030061,0.02835
pac,BOMB,trough_up,main,107.4,0.032168,0.030549,0.029609
pac,BOMB,trough_up,main,112.59,0.032523,0.030987,0.030804
pac,BOMB,trough_up,main,117.69,0.032876,0.031423,0.032024
pac,BOMB,trough_up,main,123.16,0.033257,0.031896,0.033345
pac,BOMB,trough_up,main,128.41,0.033626,0.032355,0.03459
pac,BOMB,trough_up,main,133.33,0.033975,0.03279,0.035696
pac,BOMB,trough_up,main,138.39,0.034338,0.033244,0.036734
pac,BOMB,trough_up,main,143.95,0.03474,0.033747,0.037717
pac,BOMB,trough_up,main,149.14,0.035118,0.034223,0.038485
pac,BOMB,trough_up,main,154.69,0.035527,0.034738,0.039156
pac,BOMB,trough_up,main,159.63,0.035894,0.035203,0.039635
pac,BOMB,trough_up,main,164.6,0.036266,0.035674,0.040016
pac,BOMB,trough_up,main,170.28,0.036696,0.03622,0.040346
pac,BOMB,trough_up,main,176.19,0.037147,0.036794,0.04059
pac,BOMB,trough_up,main,182.39,0.037625,0.037405,0.040763
pac,BOMB,trough_up,main,188.92,0.038134,0.038058,0.040888
pac,BOMB,trough_up,main,195.15,0.038626,0.03869,0.040983
pac,BOMB,trough_up,main,202.11,0.03918,0.039405,0.041097
pac,BOMB,trough_up,main,209.29,0.039759,0.040154,0.041243
pac,BOMB,trough_up,main,216.54,0.04035,0.040922,0.041418
pac,BOMB,trough_up,main,224.56,0.041013,0.041785,0.041643
pac,BOMB,trough_up,main,234.01,0.041805,0.042821,0.041948
pac,BOMB,trough_up,main,243.99,0.042655,0.043938,0.042315
pac,BOMB,trough_up,main,256.72,0.043759,0.045396,0.042843
pac,BOMB,trough_up,main,271.73,0.04509,0.047164,0.043547
pac,BOMB,trough_up,main,291.01,0.046847,0.049515,0.044562
pac,BOMB,trough_up,main,321.84,0.049769,0.053464,0.04639
pac,HFON,jet250,main,45.232,0.0074586,0.0046439,0.010485
pac,HFON,jet250,main,52.563,0.008001,0.0052251,0.010988
pac,HFON,jet250,main,58.121,0.0084349,0.0057084,0.011305
pac,HFON,jet250,main,62.56,0.008796,0.0061228,0.011493
pac,HFON,jet250,main,66.351,0.009115,0.0064977,0.011592
pac,HFON,jet250,main,70.014,0.0094327,0.0068791,0.011622
pac,HFON,jet250,main,73.224,0.009719,0.0072295,0.011587
pac,HFON,jet250,main,76.267,0.0099973,0.0075762,0.011497
pac,HFON,jet250,main,78.999,0.010253,0.0078997,0.011366
pac,HFON,jet250,main,81.644,0.010506,0.0082245,0.01119
pac,HFON,jet250,main,84.247,0.01076,0.0085554,0.010969
pac,HFON,jet250,main,86.758,0.01101,0.0088855,0.010722
pac,HFON,jet250,main,89.071,0.011245,0.0091994,0.010482
pac,HFON,jet250,main,91.4,0.011486,0.0095252,0.010244
pac,HFON,jet250,main,93.743,0.011732,0.0098629,0.010025
pac,HFON,jet250,main,95.994,0.011973,0.010197,0.0098455
pac,HFON,jet250,main,98.247,0.012219,0.010541,0.0097088
pac,HFON,jet250,main,100.49,0.012467,0.010894,0.0096267
pac,HFON,jet250,main,102.78,0.012726,0.011265,0.0096105
pac,HFON,jet250,main,105.08,0.012991,0.011648,0.0096767
pac,HFON,jet250,main,107.3,0.013249,0.012027,0.0098331
pac,HFON,jet250,main,109.57,0.013519,0.012427,0.0101
pac,HFON,jet250,main,111.76,0.013784,0.012823,0.010459
pac,HFON,jet250,main,114.05,0.014065,0.013249,0.010932
pac,HFON,jet250,main,116.43,0.014363,0.013704,0.011525
pac,HFON,jet250,main,118.73,0.014655,0.014156,0.012187
pac,HFON,jet250,main,121.09,0.014961,0.014633,0.012951
pac,HFON,jet250,main,123.66,0.015299,0.015167,0.013861
pac,HFON,jet250,main,126.24,0.015646,0.015722,0.014842
pac,HFON,jet250,main,128.88,0.016007,0.016305,0.015881
pac,HFON,jet250,main,131.66,0.016394,0.016938,0.016975
pac,HFON,jet250,main,134.49,0.016797,0.017604,0.018038
pac,HFON,jet250,main,137.34,0.017211,0.018298,0.019026
pac,HFON,jet250,main,140.48,0.017677,0.019087,0.020003
pac,HFON,jet250,main,143.72,0.018169,0.019932,0.020882
pac,HFON,jet250,main,147.64,0.018779,0.020994,0.021759
pac,HFON,jet250,main,151.71,0.019431,0.022147,0.022456
pac,HFON,jet250,main,156.5,0.020221,0.023049,0.023001
pac,HFON,jet250,main,162.29,0.021212,0.022841,0.023297
pac,HFON,jet250,main,169.84,0.022563,0.022572,0.023182
pac,HFON,jet250,main,182.01,0.024889,0.022143,0.022195
pac,HFON,trough_up,main,-9.4282,0.021268,0.030923,0.031417
pac,HFON,trough_up,main,12.447,0.020844,0.025806,0.025254
pac,HFON,trough_up,main,25.457,0.020596,0.0231,0.022395
pac,HFON,trough_up,main,35.43,0.020407,0.021185,0.020599
pac,HFON,trough_up,main,44.274,0.02024,0.019597,0.019282
pac,HFON,trough_up,main,52.02,0.020096,0.018287,0.018334
pac,HFON,trough_up,main,58.92,0.019967,0.017801,0.017649
pac,HFON,trough_up,main,65.336,0.019849,0.017784,0.017144
pac,HFON,trough_up,main,71.95,0.019727,0.017766,0.016757
pac,HFON,trough_up,main,78.091,0.019614,0.017749,0.01652
pac,HFON,trough_up,main,84.35,0.0195,0.017732,0.016402
pac,HFON,trough_up,main,89.99,0.019398,0.017717,0.016398
pac,HFON,trough_up,main,95.63,0.019296,0.017702,0.016475
pac,HFON,trough_up,main,100.96,0.0192,0.017687,0.01661
pac,HFON,trough_up,main,106.53,0.019101,0.017672,0.016801
pac,HFON,trough_up,main,111.86,0.019005,0.017658,0.01702
pac,HFON,trough_up,main,116.94,0.018915,0.017644,0.017249
pac,HFON,trough_up,main,122.31,0.01882,0.01763,0.017502
pac,HFON,trough_up,main,127.44,0.01873,0.017616,0.01774
pac,HFON,trough_up,main,132.47,0.018641,0.017602,0.017958
pac,HFON,trough_up,main,137.51,0.018553,0.017589,0.018149
pac,HFON,trough_up,main,143.23,0.018454,0.017573,0.018319
pac,HFON,trough_up,main,148.42,0.018363,0.01756,0.018432
pac,HFON,trough_up,main,153.89,0.018269,0.017545,0.018511
pac,HFON,trough_up,main,158.93,0.018182,0.017531,0.018551
pac,HFON,trough_up,main,163.84,0.018098,0.017518,0.018564
pac,HFON,trough_up,main,169.57,0.018,0.017503,0.018549
pac,HFON,trough_up,main,175.21,0.017905,0.017488,0.018509
pac,HFON,trough_up,main,181.45,0.017799,0.017471,0.01844
pac,HFON,trough_up,main,187.84,0.017692,0.017454,0.018351
pac,HFON,trough_up,main,194,0.017588,0.017437,0.018252
pac,HFON,trough_up,main,201.22,0.017468,0.017418,0.018131
pac,HFON,trough_up,main,208.09,0.017354,0.0174,0.018013
pac,HFON,trough_up,main,215.81,0.017227,0.017379,0.017878
pac,HFON,trough_up,main,223.95,0.017094,0.017357,0.017733
pac,HFON,trough_up,main,233.6,0.016937,0.017332,0.017557
pac,HFON,trough_up,main,244.19,0.016766,0.017304,0.017361
pac,HFON,trough_up,main,256.81,0.016565,0.01727,0.017123
pac,HFON,trough_up,main,271.73,0.016329,0.017231,0.016838
pac,HFON,trough_up,main,290.74,0.016032,0.01718,0.016471
pac,HFON,trough_up,main,321.84,0.015557,0.017098,0.015868
atl,BOMB,jet_up,secondary,52.388,0.0043878,0.0027247,0.0029755
atl,BOMB,jet_up,secondary,58.375,0.0053838,0.0035626,0.0038822
atl,BOMB,jet_up,secondary,62.843,0.006268,0.0043488,0.0047219
atl,BOMB,jet_up,secondary,65.84,0.006939,0.0049694,0.0053758
atl,BOMB,jet_up,secondary,68.31,0.007544,0.0055454,0.0059747
atl,BOMB,jet_up,secondary,70.635,0.0081599,0.0061468,0.0065917
atl,BOMB,jet_up,secondary,72.8,0.0087772,0.006764,0.0072158
atl,BOMB,jet_up,secondary,74.679,0.0093494,0.0073482,0.0077978
atl,BOMB,jet_up,secondary,76.39,0.0099013,0.0079224,0.0083617
atl,BOMB,jet_up,secondary,78.07,0.010474,0.0085285,0.008948
atl,BOMB,jet_up,secondary,79.801,0.011097,0.0092,0.0095872
atl,BOMB,jet_up,secondary,81.4,0.011703,0.009865,0.010211
atl,BOMB,jet_up,secondary,82.95,0.012322,0.010554,0.010849
atl,BOMB,jet_up,secondary,84.33,0.012899,0.011206,0.011448
atl,BOMB,jet_up,secondary,85.98,0.013622,0.012036,0.012207
atl,BOMB,jet_up,secondary,87.39,0.01427,0.012792,0.012897
atl,BOMB,jet_up,secondary,88.67,0.014884,0.013517,0.013558
atl,BOMB,jet_up,secondary,90.173,0.015637,0.014418,0.014384
atl,BOMB,jet_up,secondary,91.56,0.016363,0.0153,0.015197
atl,BOMB,jet_up,secondary,93.06,0.017184,0.016311,0.016139
atl,BOMB,jet_up,secondary,94.48,0.017996,0.017325,0.017097
atl,BOMB,jet_up,secondary,95.97,0.018888,0.018453,0.01818
atl,BOMB,jet_up,secondary,97.45,0.019814,0.019641,0.019335
atl,BOMB,jet_up,secondary,98.94,0.020788,0.020909,0.020579
atl,BOMB,jet_up,secondary,100.53,0.021877,0.022346,0.021997
atl,BOMB,jet_up,secondary,102.06,0.022975,0.023813,0.023449
atl,BOMB,jet_up,secondary,103.62,0.024145,0.0254,0.025013
atl,BOMB,jet_up,secondary,105.25,0.025424,0.027158,0.026732
atl,BOMB,jet_up,secondary,107.02,0.026889,0.0292,0.028699
atl,BOMB,jet_up,secondary,108.78,0.028419,0.031364,0.030736
atl,BOMB,jet_up,secondary,110.53,0.030016,0.033655,0.032826
atl,BOMB,jet_up,secondary,112.46,0.031872,0.036355,0.035188
atl,BOMB,jet_up,secondary,114.73,0.034187,0.039776,0.038021
atl,BOMB,jet_up,secondary,117.06,0.036717,0.042697,0.040978
atl,BOMB,jet_up,secondary,119.4,0.039423,0.044898,0.043986
atl,BOMB,jet_up,secondary,122.09,0.042749,0.04755,0.047477
atl,BOMB,jet_up,secondary,125.48,0.047287,0.051084,0.051906
atl,BOMB,jet_up,secondary,129.51,0.053216,0.055575,0.057185
atl,BOMB,jet_up,secondary,134.27,0.061028,0.06131,0.063414
atl,BOMB,jet_up,secondary,140.89,0.073437,0.070084,0.072023
atl,BOMB,jet_up,secondary,150.8,0.095775,0.085129,0.085025
atl,BOMB,trough_loc,secondary,-92.275,0.036018,0.033255,0.036359
atl,BOMB,trough_loc,secondary,-63.92,0.034742,0.032872,0.033234
atl,BOMB,trough_loc,secondary,-46.907,0.033995,0.032644,0.031801
atl,BOMB,trough_loc,secondary,-34.4,0.033454,0.032478,0.030997
atl,BOMB,trough_loc,secondary,-24.81,0.033045,0.03235,0.03054
atl,BOMB,trough_loc,secondary,-16.925,0.032712,0.032246,0.030273
atl,BOMB,trough_loc,secondary,-9.8002,0.032413,0.032152,0.030124
atl,BOMB,trough_loc,secondary,-3.3607,0.032146,0.032067,0.030068
atl,BOMB,trough_loc,secondary,2.79,0.031892,0.031986,0.030087
atl,BOMB,trough_loc,secondary,8.3481,0.031664,0.031913,0.03017
atl,BOMB,trough_loc,secondary,14.091,0.03143,0.031838,0.030325
atl,BOMB,trough_loc,secondary,18.66,0.031245,0.031779,0.030494
atl,BOMB,trough_loc,secondary,23.446,0.031052,0.031716,0.030704
atl,BOMB,trough_loc,secondary,28.17,0.030862,0.031655,0.030932
atl,BOMB,trough_loc,secondary,32.99,0.03067,0.031592,0.031175
atl,BOMB,trough_loc,secondary,37.56,0.030489,0.031533,0.031403
atl,BOMB,trough_loc,secondary,42.34,0.0303,0.031471,0.031627
atl,BOMB,trough_loc,secondary,46.963,0.030119,0.031411,0.031817
atl,BOMB,trough_loc,secondary,51.581,0.029939,0.031352,0.031969
atl,BOMB,trough_loc,secondary,56,0.029767,0.031295,0.032069
atl,BOMB,trough_loc,secondary,60.475,0.029594,0.031237,0.032112
atl,BOMB,trough_loc,secondary,65.09,0.029417,0.031178,0.032089
atl,BOMB,trough_loc,secondary,69.87,0.029234,0.031116,0.031994
atl,BOMB,trough_loc,secondary,74.65,0.029052,0.031055,0.031835
atl,BOMB,trough_loc,secondary,79.594,0.028865,0.030992,0.031609
atl,BOMB,trough_loc,secondary,84.772,0.028671,0.030926,0.031313
atl,BOMB,trough_loc,secondary,90.169,0.028469,0.030857,0.030952
atl,BOMB,trough_loc,secondary,95.473,0.028272,0.030432,0.030552
atl,BOMB,trough_loc,secondary,100.95,0.02807,0.02988,0.030104
atl,BOMB,trough_loc,secondary,106.79,0.027856,0.0293,0.029597
atl,BOMB,trough_loc,secondary,113.34,0.027618,0.028662,0.029008
atl,BOMB,trough_loc,secondary,119.84,0.027383,0.028041,0.028415
atl,BOMB,trough_loc,secondary,127.14,0.027121,0.027358,0.027748
atl,BOMB,trough_loc,secondary,134.75,0.026851,0.026662,0.027053
atl,BOMB,trough_loc,secondary,143.55,0.026541,0.025876,0.026253
atl,BOMB,trough_loc,secondary,152.91,0.026215,0.025063,0.025406
atl,BOMB,trough_loc,secondary,163.72,0.025843,0.024152,0.024438
atl,BOMB,trough_loc,secondary,175.4,0.025447,0.023202,0.023409
atl,BOMB,trough_loc,secondary,190.08,0.024956,0.022055,0.022143
atl,BOMB,trough_loc,secondary,212.59,0.02422,0.020396,0.020281
atl,BOMB,trough_loc,secondary,244.25,0.023218,0.018255,0.017847
atl,HFON,jet_up,secondary,51.72,0.017086,0.033494,0.033772
atl,HFON,jet_up,secondary,57.85,0.017765,0.029825,0.029609
atl,HFON,jet_up,secondary,62.02,0.01824,0.027525,0.027096
atl,HFON,jet_up,secondary,65.22,0.018612,0.025862,0.025342
atl,HFON,jet_up,secondary,67.764,0.018912,0.024601,0.024052
atl,HFON,jet_up,secondary,69.97,0.019176,0.023549,0.023008
atl,HFON,jet_up,secondary,72.07,0.01943,0.022584,0.022077
atl,HFON,jet_up,secondary,73.973,0.019663,0.021738,0.021284
atl,HFON,jet_up,secondary,75.77,0.019885,0.020964,0.02058
atl,HFON,jet_up,secondary,77.46,0.020095,0.020258,0.019956
atl,HFON,jet_up,secondary,79.1,0.020302,0.019592,0.019384
atl,HFON,jet_up,secondary,80.64,0.020497,0.018984,0.018883
atl,HFON,jet_up,secondary,82.28,0.020707,0.018354,0.018395
atl,HFON,jet_up,secondary,83.71,0.020891,0.017819,0.018016
atl,HFON,jet_up,secondary,85.19,0.021083,0.01728,0.017675
atl,HFON,jet_up,secondary,86.64,0.021273,0.016933,0.017398
atl,HFON,jet_up,secondary,88.038,0.021457,0.017225,0.017189
atl,HFON,jet_up,secondary,89.49,0.02165,0.017532,0.017039
atl,HFON,jet_up,secondary,90.94,0.021844,0.017844,0.016963
atl,HFON,jet_up,secondary,92.347,0.022034,0.018152,0.016967
atl,HFON,jet_up,secondary,93.79,0.02223,0.018471,0.017058
atl,HFON,jet_up,secondary,95.19,0.022422,0.018786,0.017235
atl,HFON,jet_up,secondary,96.61,0.022618,0.01911,0.017501
atl,HFON,jet_up,secondary,98.03,0.022815,0.019439,0.017845
atl,HFON,jet_up,secondary,99.59,0.023033,0.019806,0.018304
atl,HFON,jet_up,secondary,101.11,0.023248,0.020169,0.018825
atl,HFON,jet_up,secondary,102.69,0.023472,0.020552,0.019434
atl,HFON,jet_up,secondary,104.31,0.023705,0.020952,0.020117
atl,HFON,jet_up,secondary,105.93,0.023939,0.021359,0.020846
atl,HFON,jet_up,secondary,107.72,0.0242,0.021814,0.021683
atl,HFON,jet_up,secondary,109.54,0.024468,0.022287,0.022546
atl,HFON,jet_up,secondary,111.38,0.024741,0.022773,0.023402
atl,HFON,jet_up,secondary,113.45,0.025052,0.023331,0.024327
atl,HFON,jet_up,secondary,115.84,0.025414,0.02399,0.02534
atl,HFON,jet_up,secondary,118.31,0.025794,0.024687,0.026323
atl,HFON,jet_up,secondary,120.94,0.026203,0.025449,0.027295
atl,HFON,jet_up,secondary,124.15,0.026709,0.026402,0.028371
atl,HFON,jet_up,secondary,128.03,0.027333,0.027597,0.029519
atl,HFON,jet_up,secondary,132.7,0.028099,0.029094,0.030683
atl,HFON,jet_up,secondary,139.24,0.029204,0.031305,0.031958
atl,HFON,jet_up,secondary,149.09,0.030932,0.034892,0.033289
atl,HFON,trough_loc,secondary,-97.648,0.024647,0.015621,0.014246
atl,HFON,trough_loc,secondary,-68.044,0.024662,0.01846,0.018846
atl,HFON,trough_loc,secondary,-50.522,0.02467,0.02034,0.021656
atl,HFON,trough_loc,secondary,-38.379,0.024676,0.021736,0.023502
atl,HFON,trough_loc,secondary,-28.456,0.024681,0.022935,0.024877
atl,HFON,trough_loc,secondary,-20.27,0.024684,0.023966,0.025883
atl,HFON,trough_loc,secondary,-12.89,0.024688,0.024929,0.026662
atl,HFON,trough_loc,secondary,-6.5674,0.024691,0.025779,0.027218
atl,HFON,trough_loc,secondary,-0.58,0.024694,0.026606,0.027636
atl,HFON,trough_loc,secondary,4.87,0.024697,0.027378,0.027917
atl,HFON,trough_loc,secondary,10,0.024699,0.027751,0.028087
atl,HFON,trough_loc,secondary,15.24,0.024701,0.027621,0.028169
atl,HFON,trough_loc,secondary,19.637,0.024704,0.027511,0.028172
atl,HFON,trough_loc,secondary,24.38,0.024706,0.027394,0.028114
atl,HFON,trough_loc,secondary,29.12,0.024708,0.027277,0.028001
atl,HFON,trough_loc,secondary,33.716,0.02471,0.027164,0.027846
atl,HFON,trough_loc,secondary,38.21,0.024712,0.027054,0.027658
atl,HFON,trough_loc,secondary,42.96,0.024715,0.026938,0.027428
atl,HFON,trough_loc,secondary,47.554,0.024717,0.026827,0.027181
atl,HFON,trough_loc,secondary,51.99,0.024719,0.026719,0.026928
atl,HFON,trough_loc,secondary,56.56,0.024721,0.026609,0.026658
atl,HFON,trough_loc,secondary,60.85,0.024723,0.026506,0.026401
atl,HFON,trough_loc,secondary,65.426,0.024726,0.026396,0.026127
atl,HFON,trough_loc,secondary,70.2,0.024728,0.026282,0.025842
atl,HFON,trough_loc,secondary,74.802,0.02473,0.026172,0.025571
atl,HFON,trough_loc,secondary,79.704,0.024732,0.026056,0.02529
atl,HFON,trough_loc,secondary,85.03,0.024735,0.02593,0.024995
atl,HFON,trough_loc,secondary,90.72,0.024738,0.025796,0.024697
atl,HFON,trough_loc,secondary,96.233,0.02474,0.025667,0.024427
atl,HFON,trough_loc,secondary,101.9,0.024743,0.025535,0.024173
atl,HFON,trough_loc,secondary,108.14,0.024746,0.02539,0.023925
atl,HFON,trough_loc,secondary,114.67,0.024749,0.025239,0.023705
atl,HFON,trough_loc,secondary,121.85,0.024753,0.025074,0.023512
atl,HFON,trough_loc,secondary,129.63,0.024756,0.024896,0.023355
atl,HFON,trough_loc,secondary,138.25,0.024761,0.0247,0.02324
atl,HFON,trough_loc,secondary,147.48,0.024765,0.024492,0.023181
atl,HFON,trough_loc,secondary,157.67,0.02477,0.024263,0.023187
atl,HFON,trough_loc,secondary,169.72,0.024776,0.023995,0.02328
atl,HFON,trough_loc,secondary,184.14,0.024783,0.023678,0.023501
atl,HFON,trough_loc,secondary,204.78,0.024792,0.023231,0.023992
atl,HFON,trough_loc,secondary,236.79,0.024808,0.02255,0.025058
pac,BOMB,jet_up,secondary,48.424,0.005952,0.00022076,5.0582e-05
pac,BOMB,jet_up,secondary,56.108,0.0071418,0.00056686,0.00027513
pac,BOMB,jet_up,secondary,60.8,0.0079777,0.001007,0.00071559
pac,BOMB,jet_up,secondary,64.29,0.0086594,0.001542,0.0013773
pac,BOMB,jet_up,secondary,67.35,0.0093026,0.0022377,0.0023298
pac,BOMB,jet_up,secondary,69.941,0.0098824,0.0030627,0.003491
pac,BOMB,jet_up,secondary,72.34,0.01045,0.0040897,0.0048924
pac,BOMB,jet_up,secondary,74.72,0.011043,0.0054382,0.0065825
pac,BOMB,jet_up,secondary,76.84,0.011598,0.0069958,0.0082871
pac,BOMB,jet_up,secondary,78.86,0.012152,0.0088741,0.010002
pac,BOMB,jet_up,secondary,80.71,0.01268,0.011009,0.011557
pac,BOMB,jet_up,secondary,82.63,0.013251,0.013732,0.013066
pac,BOMB,jet_up,secondary,84.82,0.013932,0.016519,0.014594
pac,BOMB,jet_up,secondary,86.62,0.014516,0.017118,0.015668
pac,BOMB,jet_up,secondary,88.631,0.015194,0.01781,0.016666
pac,BOMB,jet_up,secondary,90.59,0.015884,0.01851,0.017447
pac,BOMB,jet_up,secondary,92.74,0.016675,0.019307,0.018123
pac,BOMB,jet_up,secondary,94.66,0.017411,0.020045,0.018614
pac,BOMB,jet_up,secondary,96.64,0.018201,0.020832,0.019062
pac,BOMB,jet_up,secondary,98.78,0.019092,0.021715,0.01955
pac,BOMB,jet_up,secondary,100.9,0.020014,0.022623,0.020119
pac,BOMB,jet_up,secondary,103.16,0.021041,0.023628,0.020901
pac,BOMB,jet_up,secondary,105.31,0.022062,0.024622,0.021826
pac,BOMB,jet_up,secondary,107.65,0.023224,0.025745,0.02303
pac,BOMB,jet_up,secondary,109.87,0.024377,0.026853,0.024357
pac,BOMB,jet_up,secondary,112.25,0.025668,0.028086,0.025971
pac,BOMB,jet_up,secondary,114.61,0.027011,0.029361,0.027764
pac,BOMB,jet_up,secondary,117.15,0.028525,0.030788,0.029881
pac,BOMB,jet_up,secondary,119.71,0.030125,0.032288,0.032185
pac,BOMB,jet_up,secondary,122.3,0.031823,0.033869,0.034649
pac,BOMB,jet_up,secondary,125.24,0.033854,0.035747,0.03754
pac,BOMB,jet_up,secondary,128.05,0.035895,0.037622,0.040296
pac,BOMB,jet_up,secondary,131.01,0.038161,0.039689,0.043142
pac,BOMB,jet_up,secondary,134.42,0.040922,0.042189,0.046316
pac,BOMB,jet_up,secondary,137.91,0.043921,0.044885,0.049424
pac,BOMB,jet_up,secondary,141.47,0.047168,0.047782,0.052428
pac,BOMB,jet_up,secondary,145.64,0.051228,0.051376,0.055718
pac,BOMB,jet_up,secondary,150.15,0.055928,0.055502,0.058982
pac,BOMB,jet_up,secondary,155.14,0.061534,0.06038,0.062256
pac,BOMB,jet_up,secondary,161.97,0.069929,0.067612,0.066227
pac,BOMB,jet_up,secondary,171.71,0.083426,0.079089,0.071155
pac,BOMB,trough_loc,secondary,-101.75,0.03855,0.03824,0.038166
pac,BOMB,trough_loc,secondary,-74.692,0.037802,0.037576,0.03808
pac,BOMB,trough_loc,secondary,-57.469,0.037333,0.037158,0.037895
pac,BOMB,trough_loc,secondary,-44.192,0.036974,0.036838,0.037655
pac,BOMB,trough_loc,secondary,-34.242,0.036707,0.0366,0.037409
pac,BOMB,trough_loc,secondary,-25.649,0.036478,0.036395,0.037145
pac,BOMB,trough_loc,secondary,-18.368,0.036284,0.036222,0.036881
pac,BOMB,trough_loc,secondary,-11.71,0.036108,0.036065,0.036605
pac,BOMB,trough_loc,secondary,-5.7487,0.035951,0.035925,0.036329
pac,BOMB,trough_loc,secondary,-0.25,0.035807,0.035796,0.036049
pac,BOMB,trough_loc,secondary,4.9344,0.035671,0.035674,0.035762
pac,BOMB,trough_loc,secondary,10.3,0.035531,0.035549,0.035447
pac,BOMB,trough_loc,secondary,14.93,0.035411,0.035441,0.035166
pac,BOMB,trough_loc,secondary,19.89,0.035282,0.035326,0.034866
pac,BOMB,trough_loc,secondary,24.69,0.035158,0.035215,0.034583
pac,BOMB,trough_loc,secondary,29.577,0.035032,0.035102,0.034309
pac,BOMB,trough_loc,secondary,33.987,0.034919,0.035001,0.034081
pac,BOMB,trough_loc,secondary,38.69,0.034798,0.034893,0.033863
pac,BOMB,trough_loc,secondary,43.25,0.034682,0.034788,0.033683
pac,BOMB,trough_loc,secondary,47.88,0.034564,0.034682,0.033538
pac,BOMB,trough_loc,secondary,52.55,0.034445,0.034576,0.033434
pac,BOMB,trough_loc,secondary,57.067,0.034331,0.034473,0.03338
pac,BOMB,trough_loc,secondary,61.53,0.034218,0.034372,0.033366
pac,BOMB,trough_loc,secondary,66.01,0.034105,0.034271,0.033386
pac,BOMB,trough_loc,secondary,70.672,0.033988,0.034165,0.033435
pac,BOMB,trough_loc,secondary,76.03,0.033854,0.034045,0.033519
pac,BOMB,trough_loc,secondary,80.95,0.033731,0.033934,0.033614
pac,BOMB,trough_loc,secondary,86.413,0.033595,0.033812,0.033729
pac,BOMB,trough_loc,secondary,91.816,0.033461,0.033691,0.033842
pac,BOMB,trough_loc,secondary,97.679,0.033316,0.033561,0.033951
pac,BOMB,trough_loc,secondary,103.74,0.033166,0.033426,0.034034
pac,BOMB,trough_loc,secondary,109.96,0.033014,0.033289,0.034072
pac,BOMB,trough_loc,secondary,116.38,0.032857,0.033148,0.034055
pac,BOMB,trough_loc,secondary,123.89,0.032674,0.032983,0.033967
pac,BOMB,trough_loc,secondary,131.38,0.032492,0.032819,0.033809
pac,BOMB,trough_loc,secondary,139.87,0.032288,0.032634,0.033552
pac,BOMB,trough_loc,secondary,150.17,0.032041,0.032412,0.033139
pac,BOMB,trough_loc,secondary,162.84,0.031739,0.031957,0.032499
pac,BOMB,trough_loc,secondary,178.3,0.031374,0.031004,0.031553
pac,BOMB,trough_loc,secondary,198.06,0.030913,0.02982,0.030153
pac,BOMB,trough_loc,secondary,230.28,0.030174,0.027971,0.027629
pac,HFON,jet_up,secondary,47.28,0.013937,0.010231,0.017083
pac,HFON,jet_up,secondary,54.47,0.01426,0.010852,0.015111
pac,HFON,jet_up,secondary,59.244,0.014477,0.011283,0.014051
pac,HFON,jet_up,secondary,62.74,0.014639,0.011607,0.013415
pac,HFON,jet_up,secondary,65.72,0.014777,0.01189,0.012972
pac,HFON,jet_up,secondary,68.22,0.014895,0.012131,0.012673
pac,HFON,jet_up,secondary,70.59,0.015006,0.012364,0.012455
pac,HFON,jet_up,secondary,72.85,0.015114,0.01259,0.012307
pac,HFON,jet_up,secondary,75.02,0.015217,0.01281,0.012223
pac,HFON,jet_up,secondary,76.971,0.015311,0.01301,0.012199
pac,HFON,jet_up,secondary,78.86,0.015402,0.013207,0.012224
pac,HFON,jet_up,secondary,80.721,0.015492,0.013403,0.012296
pac,HFON,jet_up,secondary,82.55,0.015581,0.013598,0.012409
pac,HFON,jet_up,secondary,84.61,0.015682,0.013821,0.012582
pac,HFON,jet_up,secondary,86.47,0.015774,0.014024,0.012777
pac,HFON,jet_up,secondary,88.381,0.015868,0.014236,0.013011
pac,HFON,jet_up,secondary,90.275,0.015962,0.014449,0.013276
pac,HFON,jet_up,secondary,92.22,0.016059,0.01467,0.013576
pac,HFON,jet_up,secondary,94.26,0.016162,0.014905,0.013919
pac,HFON,jet_up,secondary,96.19,0.016259,0.01513,0.014265
pac,HFON,jet_up,secondary,98.23,0.016363,0.015371,0.014649
pac,HFON,jet_up,secondary,100.29,0.016468,0.015618,0.01505
pac,HFON,jet_up,secondary,102.66,0.016589,0.015906,0.015525
pac,HFON,jet_up,secondary,104.77,0.016698,0.016166,0.015955
pac,HFON,jet_up,secondary,107.05,0.016816,0.016451,0.016424
pac,HFON,jet_up,secondary,109.29,0.016933,0.016735,0.016883
pac,HFON,jet_up,secondary,111.6,0.017054,0.017032,0.01735
pac,HFON,jet_up,secondary,114.04,0.017183,0.017351,0.017829
pac,HFON,jet_up,secondary,116.46,0.017312,0.017673,0.018283
pac,HFON,jet_up,secondary,119.01,0.017448,0.018015,0.018728
pac,HFON,jet_up,secondary,121.76,0.017596,0.018393,0.019159
pac,HFON,jet_up,secondary,124.63,0.017752,0.018792,0.019541
pac,HFON,jet_up,secondary,127.67,0.017918,0.019224,0.019867
pac,HFON,jet_up,secondary,130.89,0.018095,0.019689,0.020122
pac,HFON,jet_up,secondary,134.37,0.018289,0.020203,0.020299
pac,HFON,jet_up,secondary,138.2,0.018503,0.02078,0.020383
pac,HFON,jet_up,secondary,142.34,0.018737,0.021421,0.020353
pac,HFON,jet_up,secondary,147.07,0.019008,0.021589,0.020183
pac,HFON,jet_up,secondary,152.74,0.019337,0.020445,0.019821
pac,HFON,jet_up,secondary,159.32,0.019724,0.019181,0.019235
pac,HFON,jet_up,secondary,169.51,0.020337,0.017352,0.018122
pac,HFON,trough_loc,secondary,-105.29,0.021442,0.020337,0.02038
pac,HFON,trough_loc,secondary,-77.348,0.020851,0.02002,0.020341
pac,HFON,trough_loc,secondary,-59.81,0.020487,0.019823,0.020249
pac,HFON,trough_loc,secondary,-47.168,0.020228,0.019682,0.020137
pac,HFON,trough_loc,secondary,-36.993,0.020022,0.01957,0.020013
pac,HFON,trough_loc,secondary,-27.968,0.01984,0.01947,0.019875
pac,HFON,trough_loc,secondary,-20.753,0.019696,0.019391,0.019745
pac,HFON,trough_loc,secondary,-13.96,0.01956,0.019316,0.019604
pac,HFON,trough_loc,secondary,-8.05,0.019443,0.019251,0.019467
pac,HFON,trough_loc,secondary,-2.6287,0.019337,0.019192,0.019329
pac,HFON,trough_loc,secondary,2.6362,0.019233,0.019135,0.019183
pac,HFON,trough_loc,secondary,8.14,0.019126,0.019075,0.019021
pac,HFON,trough_loc,secondary,13.166,0.019028,0.019021,0.018869
pac,HFON,trough_loc,secondary,18.02,0.018934,0.018968,0.018723
pac,HFON,trough_loc,secondary,22.746,0.018843,0.018918,0.018586
pac,HFON,trough_loc,secondary,27.31,0.018756,0.018868,0.018461
pac,HFON,trough_loc,secondary,31.88,0.018668,0.018819,0.018348
pac,HFON,trough_loc,secondary,36.37,0.018583,0.018771,0.01825
pac,HFON,trough_loc,secondary,40.95,0.018496,0.018722,0.018167
pac,HFON,trough_loc,secondary,45.41,0.018412,0.018675,0.018105
pac,HFON,trough_loc,secondary,49.855,0.018328,0.018628,0.018067
pac,HFON,trough_loc,secondary,54.18,0.018247,0.018582,0.018052
pac,HFON,trough_loc,secondary,58.76,0.018161,0.018533,0.018058
pac,HFON,trough_loc,secondary,63.24,0.018078,0.018486,0.018081
pac,HFON,trough_loc,secondary,67.81,0.017993,0.018438,0.018118
pac,HFON,trough_loc,secondary,72.769,0.017901,0.018385,0.01817
pac,HFON,trough_loc,secondary,77.724,0.01781,0.018333,0.018227
pac,HFON,trough_loc,secondary,82.71,0.017719,0.018281,0.018284
pac,HFON,trough_loc,secondary,88.25,0.017617,0.018223,0.018342
pac,HFON,trough_loc,secondary,93.85,0.017516,0.018165,0.018385
pac,HFON,trough_loc,secondary,99.698,0.01741,0.018104,0.018406
pac,HFON,trough_loc,secondary,106.04,0.017296,0.018038,0.01839
pac,HFON,trough_loc,secondary,112.73,0.017176,0.017969,0.018325
pac,HFON,trough_loc,secondary,119.58,0.017055,0.017899,0.018211
pac,HFON,trough_loc,secondary,127.64,0.016912,0.017816,0.01802
pac,HFON,trough_loc,secondary,136.05,0.016765,0.01773,0.017759
pac,HFON,trough_loc,secondary,145.8,0.016595,0.017631,0.017388
pac,HFON,trough_loc,secondary,157.69,0.016391,0.017201,0.016851
pac,HFON,trough_loc,secondary,172.75,0.016134,0.016059,0.016066
pac,HFON,trough_loc,secondary,192.21,0.015808,0.014677,0.014937
pac,HFON,trough_loc,secondary,223.09,0.015301,0.012688,0.013051
atl,BOMB,jet250,lead24,57.288,0.0020745,0.0044365,0.0039366
atl,BOMB,jet250,lead24,65.259,0.0026467,0.0040504,0.0038192
atl,BOMB,jet250,lead24,71.442,0.003196,0.003774,0.0038137
atl,BOMB,jet250,lead24,75.651,0.003633,0.0035965,0.003871
atl,BOMB,jet250,lead24,79.334,0.0040634,0.003777,0.0039735
atl,BOMB,jet250,lead24,82.355,0.0044537,0.0041551,0.0041023
atl,BOMB,jet250,lead24,84.965,0.0048205,0.0045115,0.0042526
atl,BOMB,jet250,lead24,87.341,0.0051803,0.0048622,0.0044266
atl,BOMB,jet250,lead24,89.535,0.0055357,0.0052097,0.0046242
atl,BOMB,jet250,lead24,91.508,0.0058757,0.0055429,0.0048372
atl,BOMB,jet250,lead24,93.384,0.006218,0.0058792,0.0050758
atl,BOMB,jet250,lead24,95.148,0.0065576,0.0062136,0.0053357
atl,BOMB,jet250,lead24,96.803,0.0068927,0.0065442,0.0056125
atl,BOMB,jet250,lead24,98.592,0.0072738,0.0069209,0.0059496
atl,BOMB,jet250,lead24,100.43,0.0076859,0.0073293,0.0063382
atl,BOMB,jet250,lead24,102.13,0.0080896,0.0077301,0.0067409
atl,BOMB,jet250,lead24,103.71,0.0084812,0.0081198,0.0071501
atl,BOMB,jet250,lead24,105.27,0.0088859,0.0085232,0.0075903
atl,BOMB,jet250,lead24,106.95,0.0093426,0.0089793,0.008106
atl,BOMB,jet250,lead24,108.43,0.0097652,0.0094023,0.0085987
atl,BOMB,jet250,lead24,109.94,0.010214,0.0098525,0.0091366
atl,BOMB,jet250,lead24,111.45,0.010683,0.010324,0.0097115
atl,BOMB,jet250,lead24,112.98,0.01118,0.010823,0.010333
atl,BOMB,jet250,lead24,114.56,0.011718,0.011365,0.011019
atl,BOMB,jet250,lead24,116.13,0.012276,0.011929,0.011743
atl,BOMB,jet250,lead24,117.87,0.012921,0.012582,0.01259
atl,BOMB,jet250,lead24,119.52,0.013566,0.013236,0.013446
atl,BOMB,jet250,lead24,121.31,0.014302,0.013983,0.01443
atl,BOMB,jet250,lead24,123.2,0.015117,0.014814,0.015522
atl,BOMB,jet250,lead24,125.15,0.016005,0.015719,0.016707
atl,BOMB,jet250,lead24,127.27,0.017028,0.016765,0.018056
atl,BOMB,jet250,lead24,129.3,0.018062,0.017826,0.019395
atl,BOMB,jet250,lead24,131.59,0.0193,0.019097,0.020956
atl,BOMB,jet250,lead24,133.83,0.02059,0.020426,0.022535
atl,BOMB,jet250,lead24,136.45,0.022203,0.022093,0.024444
atl,BOMB,jet250,lead24,139.55,0.024259,0.024222,0.026771
atl,BOMB,jet250,lead24,143.05,0.026794,0.026858,0.02949
atl,BOMB,jet250,lead24,147.27,0.030182,0.030394,0.032891
atl,BOMB,jet250,lead24,152.25,0.034671,0.035101,0.037042
atl,BOMB,jet250,lead24,159.46,0.042233,0.043075,0.043317
atl,BOMB,jet250,lead24,171.57,0.058242,0.06009,0.054686
atl,BOMB,trough_up,lead24,-2.084,0.014898,0.016677,0.015915
atl,BOMB,trough_up,lead24,18.12,0.015009,0.016214,0.015837
atl,BOMB,trough_up,lead24,31.573,0.015083,0.015912,0.015764
atl,BOMB,trough_up,lead24,41.764,0.015139,0.015687,0.015693
atl,BOMB,trough_up,lead24,50.628,0.015188,0.015494,0.015619
atl,BOMB,trough_up,lead24,59.357,0.015237,0.015306,0.015532
atl,BOMB,trough_up,lead24,67.09,0.01528,0.015141,0.015442
atl,BOMB,trough_up,lead24,73.724,0.015317,0.015001,0.015355
atl,BOMB,trough_up,lead24,79.879,0.015352,0.014872,0.015265
atl,BOMB,trough_up,lead24,86.337,0.015388,0.014738,0.01516
atl,BOMB,trough_up,lead24,91.794,0.015419,0.014625,0.015064
atl,BOMB,trough_up,lead24,97.952,0.015453,0.014499,0.014949
atl,BOMB,trough_up,lead24,103.76,0.015486,0.014446,0.01484
atl,BOMB,trough_up,lead24,109.54,0.015519,0.014534,0.014737
atl,BOMB,trough_up,lead24,114.45,0.015547,0.014609,0.014658
atl,BOMB,trough_up,lead24,119.71,0.015577,0.014689,0.014586
atl,BOMB,trough_up,lead24,124.96,0.015607,0.014769,0.014531
atl,BOMB,trough_up,lead24,130.35,0.015637,0.014853,0.014497
atl,BOMB,trough_up,lead24,135.31,0.015666,0.01493,0.014489
atl,BOMB,trough_up,lead24,140.72,0.015697,0.015014,0.01451
atl,BOMB,trough_up,lead24,145.89,0.015726,0.015095,0.014563
atl,BOMB,trough_up,lead24,150.98,0.015756,0.015175,0.01465
atl,BOMB,trough_up,lead24,156.68,0.015788,0.015266,0.014785
atl,BOMB,trough_up,lead24,163.1,0.015825,0.015368,0.014979
atl,BOMB,trough_up,lead24,168.44,0.015856,0.015453,0.015168
atl,BOMB,trough_up,lead24,174.57,0.015892,0.015552,0.01541
atl,BOMB,trough_up,lead24,180.85,0.015928,0.015654,0.015679
atl,BOMB,trough_up,lead24,187.75,0.015968,0.015767,0.01599
atl,BOMB,trough_up,lead24,194.59,0.016008,0.015879,0.016301
atl,BOMB,trough_up,lead24,202.12,0.016052,0.016003,0.016635
atl,BOMB,trough_up,lead24,209.56,0.016096,0.016127,0.016938
atl,BOMB,trough_up,lead24,217.65,0.016143,0.016263,0.017218
atl,BOMB,trough_up,lead24,225.66,0.016191,0.016399,0.017436
atl,BOMB,trough_up,lead24,234.81,0.016245,0.016555,0.017613
atl,BOMB,trough_up,lead24,242.94,0.016293,0.016695,0.01771
atl,BOMB,trough_up,lead24,253.58,0.016356,0.016879,0.017753
atl,BOMB,trough_up,lead24,265.86,0.016429,0.017095,0.017696
atl,BOMB,trough_up,lead24,279.12,0.016509,0.01733,0.017519
atl,BOMB,trough_up,lead24,295.28,0.016606,0.017621,0.017168
atl,BOMB,trough_up,lead24,315.65,0.01673,0.017995,0.016565
atl,BOMB,trough_up,lead24,349.22,0.016935,0.018627,0.015349
atl,HFON,jet250,lead24,55.964,0.0048552,0.014869,0.014204
atl,HFON,jet250,lead24,63.704,0.0057464,0.012251,0.011193
atl,HFON,jet250,lead24,68.933,0.0064376,0.010739,0.0097388
atl,HFON,jet250,lead24,73.207,0.0070627,0.00964,0.0088606
atl,HFON,jet250,lead24,76.721,0.0076206,0.0088189,0.0083319
atl,HFON,jet250,lead24,79.756,0.0081371,0.0081646,0.008009
atl,HFON,jet250,lead24,82.361,0.0086077,0.0076411,0.0078297
atl,HFON,jet250,lead24,84.711,0.0090546,0.0076783,0.0077465
atl,HFON,jet250,lead24,87.027,0.0095174,0.0081253,0.0077402
atl,HFON,jet250,lead24,89.155,0.0099627,0.0085583,0.0078049
atl,HFON,jet250,lead24,91.08,0.010383,0.0089694,0.0079261
atl,HFON,jet250,lead24,92.917,0.0108,0.0093796,0.0081001
atl,HFON,jet250,lead24,94.606,0.011198,0.0097728,0.0083107
atl,HFON,jet250,lead24,96.374,0.011629,0.010202,0.0085839
atl,HFON,jet250,lead24,97.993,0.012039,0.01061,0.0088824
atl,HFON,jet250,lead24,99.784,0.012508,0.011081,0.0092686
atl,HFON,jet250,lead24,101.35,0.012932,0.011509,0.0096565
atl,HFON,jet250,lead24,102.94,0.013376,0.011958,0.010099
atl,HFON,jet250,lead24,104.53,0.013836,0.012427,0.010596
atl,HFON,jet250,lead24,106.12,0.014313,0.012913,0.011149
atl,HFON,jet250,lead24,107.77,0.014822,0.013437,0.011782
atl,HFON,jet250,lead24,109.34,0.015321,0.013951,0.012443
atl,HFON,jet250,lead24,110.86,0.015822,0.01447,0.013142
atl,HFON,jet250,lead24,112.37,0.016336,0.015004,0.013893
atl,HFON,jet250,lead24,113.94,0.016885,0.015579,0.014731
atl,HFON,jet250,lead24,115.55,0.017467,0.016189,0.01565
atl,HFON,jet250,lead24,117.23,0.018093,0.016849,0.016668
atl,HFON,jet250,lead24,118.85,0.018716,0.017509,0.017705
atl,HFON,jet250,lead24,120.62,0.019424,0.018262,0.018898
atl,HFON,jet250,lead24,122.48,0.020196,0.019087,0.020205
atl,HFON,jet250,lead24,124.49,0.021059,0.020015,0.021655
atl,HFON,jet250,lead24,126.66,0.022029,0.021064,0.02324
atl,HFON,jet250,lead24,128.74,0.023,0.022119,0.024767
atl,HFON,jet250,lead24,131.22,0.024209,0.023441,0.026579
atl,HFON,jet250,lead24,133.7,0.025482,0.024842,0.028382
atl,HFON,jet250,lead24,136.51,0.026991,0.026515,0.030379
atl,HFON,jet250,lead24,139.98,0.028979,0.028736,0.032787
atl,HFON,jet250,lead24,143.72,0.031262,0.031309,0.035262
atl,HFON,jet250,lead24,148.82,0.034653,0.035171,0.038438
atl,HFON,jet250,lead24,155.89,0.0399,0.041235,0.042418
atl,HFON,jet250,lead24,167.15,0.049741,0.052838,0.047919
atl,HFON,trough_up,lead24,-2.3668,0.015035,0.020606,0.020471
atl,HFON,trough_up,lead24,19.476,0.015712,0.019711,0.019292
atl,HFON,trough_up,lead24,32.978,0.016144,0.019176,0.01865
atl,HFON,trough_up,lead24,42.963,0.016472,0.018789,0.018225
atl,HFON,trough_up,lead24,52.105,0.016777,0.018441,0.017877
atl,HFON,trough_up,lead24,60.173,0.01705,0.018139,0.017605
atl,HFON,trough_up,lead24,67.868,0.017315,0.017855,0.017378
atl,HFON,trough_up,lead24,74.787,0.017556,0.017604,0.017203
atl,HFON,trough_up,lead24,81.299,0.017786,0.01737,0.017063
atl,HFON,trough_up,lead24,87.587,0.018011,0.017147,0.016953
atl,HFON,trough_up,lead24,93.399,0.018221,0.016944,0.016874
atl,HFON,trough_up,lead24,99.548,0.018446,0.016731,0.016816
atl,HFON,trough_up,lead24,104.76,0.018639,0.016552,0.016791
atl,HFON,trough_up,lead24,110.37,0.018848,0.016506,0.01679
atl,HFON,trough_up,lead24,115.63,0.019047,0.016772,0.016818
atl,HFON,trough_up,lead24,120.58,0.019235,0.017025,0.01687
atl,HFON,trough_up,lead24,125.41,0.019421,0.017276,0.01695
atl,HFON,trough_up,lead24,130.75,0.019628,0.017558,0.017072
atl,HFON,trough_up,lead24,136.16,0.01984,0.017847,0.017236
atl,HFON,trough_up,lead24,141.46,0.02005,0.018135,0.017441
atl,HFON,trough_up,lead24,146.61,0.020255,0.018419,0.017685
atl,HFON,trough_up,lead24,151.67,0.02046,0.018702,0.01797
atl,HFON,trough_up,lead24,157.06,0.020679,0.019008,0.018322
atl,HFON,trough_up,lead24,163.11,0.020928,0.019356,0.01877
atl,HFON,trough_up,lead24,168.4,0.021148,0.019667,0.019204
atl,HFON,trough_up,lead24,174.1,0.021387,0.020006,0.019709
atl,HFON,trough_up,lead24,180.15,0.021644,0.020372,0.020282
atl,HFON,trough_up,lead24,186.2,0.021904,0.020744,0.020882
atl,HFON,trough_up,lead24,192.38,0.022172,0.021131,0.021517
atl,HFON,trough_up,lead24,199.41,0.022481,0.021579,0.022248
atl,HFON,trough_up,lead24,206.37,0.022791,0.022032,0.022967
atl,HFON,trough_up,lead24,213.63,0.023118,0.022512,0.023686
atl,HFON,trough_up,lead24,221.8,0.023492,0.023066,0.024448
atl,HFON,trough_up,lead24,229.94,0.023869,0.023629,0.025152
atl,HFON,trough_up,lead24,238.82,0.024288,0.024258,0.025859
atl,HFON,trough_up,lead24,248.64,0.024758,0.024972,0.026565
atl,HFON,trough_up,lead24,260.07,0.025316,0.025827,0.027286
atl,HFON,trough_up,lead24,273.1,0.025967,0.026834,0.027983
atl,HFON,trough_up,lead24,288.95,0.026778,0.028108,0.028665
atl,HFON,trough_up,lead24,308.55,0.027814,0.029759,0.029288
atl,HFON,trough_up,lead24,340.96,0.029607,0.032683,0.029931
pac,BOMB,jet250,lead24,48.832,0.0016678,0.0010642,0.0027712
pac,BOMB,jet250,lead24,57.252,0.0020706,0.0013993,0.0026101
pac,BOMB,jet250,lead24,63.498,0.0024302,0.0017138,0.0025448
pac,BOMB,jet250,lead24,68.75,0.0027799,0.0020319,0.0025396
pac,BOMB,jet250,lead24,73.583,0.0031454,0.0023759,0.0025859
pac,BOMB,jet250,lead24,77.782,0.003501,0.0027211,0.0026761
pac,BOMB,jet250,lead24,81.181,0.0038176,0.0030364,0.0027911
pac,BOMB,jet250,lead24,84.555,0.0041597,0.003385,0.0029516
pac,BOMB,jet250,lead24,87.732,0.0045092,0.003749,0.0031549
pac,BOMB,jet250,lead24,90.473,0.0048337,0.0040939,0.0033807
pac,BOMB,jet250,lead24,93.276,0.0051891,0.0044787,0.0036716
pac,BOMB,jet250,lead24,96.046,0.0055654,0.0048937,0.0040285
pac,BOMB,jet250,lead24,98.548,0.005928,0.0053006,0.0044147
pac,BOMB,jet250,lead24,101.23,0.006343,0.0057743,0.0049017
pac,BOMB,jet250,lead24,103.56,0.0067241,0.0062166,0.0053859
pac,BOMB,jet250,lead24,105.84,0.00712,0.006683,0.0059205
pac,BOMB,jet250,lead24,108.36,0.0075851,0.0072396,0.0065815
pac,BOMB,jet250,lead24,110.36,0.007974,0.0077117,0.0071544
pac,BOMB,jet250,lead24,112.51,0.0084135,0.0082525,0.0078161
pac,BOMB,jet250,lead24,114.81,0.0089085,0.00887,0.0085679
pac,BOMB,jet250,lead24,117.24,0.0094643,0.0095737,0.0094053
pac,BOMB,jet250,lead24,119.41,0.0099867,0.010245,0.010173
pac,BOMB,jet250,lead24,121.67,0.01056,0.010991,0.01099
pac,BOMB,jet250,lead24,123.94,0.011169,0.011795,0.011829
pac,BOMB,jet250,lead24,126.19,0.011802,0.012643,0.012672
pac,BOMB,jet250,lead24,128.61,0.012527,0.013626,0.0136
pac,BOMB,jet250,lead24,130.93,0.013256,0.014629,0.014499
pac,BOMB,jet250,lead24,133.21,0.014015,0.015686,0.015401
pac,BOMB,jet250,lead24,135.54,0.014831,0.016559,0.016338
pac,BOMB,jet250,lead24,137.91,0.015707,0.017381,0.017311
pac,BOMB,jet250,lead24,140.42,0.016688,0.018293,0.01837
pac,BOMB,jet250,lead24,142.93,0.017723,0.019247,0.019457
pac,BOMB,jet250,lead24,145.66,0.018921,0.020341,0.020687
pac,BOMB,jet250,lead24,148.7,0.02034,0.021623,0.022104
pac,BOMB,jet250,lead24,152.1,0.02204,0.023143,0.023751
pac,BOMB,jet250,lead24,155.6,0.023929,0.024812,0.025522
pac,BOMB,jet250,lead24,159.61,0.026272,0.026856,0.027643
pac,BOMB,jet250,lead24,164.02,0.029087,0.02928,0.030093
pac,BOMB,jet250,lead24,169.41,0.032892,0.032507,0.033266
pac,BOMB,jet250,lead24,176.54,0.038598,0.037257,0.037782
pac,BOMB,jet250,lead24,186.17,0.047648,0.044619,0.044529
pac,BOMB,trough_up,lead24,-10.549,0.021539,0.028605,0.028233
pac,BOMB,trough_up,lead24,11.902,0.02034,0.021981,0.021792
pac,BOMB,trough_up,lead24,24.453,0.019696,0.018904,0.019127
pac,BOMB,trough_up,lead24,34.112,0.019213,0.016807,0.017492
pac,BOMB,trough_up,lead24,42.561,0.018799,0.016156,0.016336
pac,BOMB,trough_up,lead24,50.378,0.018423,0.015999,0.015483
pac,BOMB,trough_up,lead24,57.362,0.018094,0.01586,0.014888
pac,BOMB,trough_up,lead24,63.867,0.017791,0.015731,0.014473
pac,BOMB,trough_up,lead24,69.643,0.017526,0.015617,0.014217
pac,BOMB,trough_up,lead24,75.886,0.017244,0.015495,0.014059
pac,BOMB,trough_up,lead24,81.791,0.016981,0.01538,0.014027
pac,BOMB,trough_up,lead24,87.352,0.016737,0.015273,0.014096
pac,BOMB,trough_up,lead24,92.87,0.016498,0.015168,0.014242
pac,BOMB,trough_up,lead24,98.5,0.016257,0.01506,0.014454
pac,BOMB,trough_up,lead24,103.65,0.01604,0.014963,0.014688
pac,BOMB,trough_up,lead24,109.75,0.015785,0.014848,0.014993
pac,BOMB,trough_up,lead24,114.83,0.015577,0.014754,0.015255
pac,BOMB,trough_up,lead24,120.46,0.015348,0.014649,0.015531
pac,BOMB,trough_up,lead24,126.18,0.015119,0.014544,0.015775
pac,BOMB,trough_up,lead24,131.38,0.014913,0.014448,0.015943
pac,BOMB,trough_up,lead24,136.6,0.01471,0.014353,0.016041
pac,BOMB,trough_up,lead24,141.67,0.014514,0.014262,0.016054
pac,BOMB,trough_up,lead24,147.18,0.014305,0.014163,0.015982
pac,BOMB,trough_up,lead24,152.22,0.014115,0.014072,0.015847
pac,BOMB,trough_up,lead24,157.88,0.013905,0.013972,0.015628
pac,BOMB,trough_up,lead24,163.06,0.013716,0.01388,0.015379
pac,BOMB,trough_up,lead24,167.97,0.013538,0.013794,0.015108
pac,BOMB,trough_up,lead24,174.02,0.013323,0.013689,0.014743
pac,BOMB,trough_up,lead24,180.41,0.013098,0.013578,0.014335
pac,BOMB,trough_up,lead24,186.32,0.012894,0.013477,0.013953
pac,BOMB,trough_up,lead24,192.87,0.012671,0.013365,0.013538
pac,BOMB,trough_up,lead24,199.39,0.012452,0.013254,0.013148
pac,BOMB,trough_up,lead24,207.06,0.0122,0.013126,0.012727
pac,BOMB,trough_up,lead24,214.22,0.011968,0.013007,0.012366
pac,BOMB,trough_up,lead24,222.3,0.011712,0.012873,0.011991
pac,BOMB,trough_up,lead24,231.87,0.011415,0.012717,0.011588
pac,BOMB,trough_up,lead24,241.35,0.011128,0.012564,0.011227
pac,BOMB,trough_up,lead24,254.29,0.010747,0.012358,0.010789
pac,BOMB,trough_up,lead24,268.28,0.010348,0.012139,0.010372
pac,BOMB,trough_up,lead24,287.54,0.0098229,0.011843,0.0098763
pac,BOMB,trough_up,lead24,318.03,0.0090418,0.011388,0.0092179
pac,HFON,jet250,lead24,46.398,0.0025272,0.022616,0.021952
pac,HFON,jet250,lead24,54.595,0.0029351,0.014615,0.012977
pac,HFON,jet250,lead24,60.383,0.0032611,0.010625,0.0091045
pac,HFON,jet250,lead24,65.005,0.0035466,0.0081945,0.0070139
pac,HFON,jet250,lead24,69.206,0.0038271,0.0064503,0.0056687
pac,HFON,jet250,lead24,73.082,0.004105,0.0051607,0.0047781
pac,HFON,jet250,lead24,76.558,0.0043708,0.0042185,0.0042003
pac,HFON,jet250,lead24,79.587,0.004616,0.0035351,0.0038345
pac,HFON,jet250,lead24,82.534,0.0048672,0.0033393,0.0035834
pac,HFON,jet250,lead24,85.409,0.005125,0.0035683,0.0034272
pac,HFON,jet250,lead24,87.991,0.0053677,0.003787,0.0033571
pac,HFON,jet250,lead24,90.249,0.005589,0.0039888,0.0033471
pac,HFON,jet250,lead24,92.924,0.0058625,0.0042415,0.0033915
pac,HFON,jet250,lead24,95.27,0.006113,0.0044758,0.0034779
pac,HFON,jet250,lead24,97.672,0.0063799,0.0047287,0.003611
pac,HFON,jet250,lead24,99.985,0.0066475,0.0049852,0.0037818
pac,HFON,jet250,lead24,102.25,0.0069201,0.0052495,0.0039903
pac,HFON,jet250,lead24,104.5,0.0072007,0.0055248,0.0042382
pac,HFON,jet250,lead24,106.76,0.0074942,0.0058159,0.0045306
pac,HFON,jet250,lead24,109.15,0.0078168,0.0061397,0.0048876
pac,HFON,jet250,lead24,111.17,0.0081004,0.0064274,0.0052292
pac,HFON,jet250,lead24,113.28,0.0084059,0.0067406,0.0056235
pac,HFON,jet250,lead24,115.51,0.0087411,0.0070879,0.0060851
pac,HFON,jet250,lead24,117.68,0.0090778,0.0074406,0.0065773
pac,HFON,jet250,lead24,120.03,0.0094579,0.0078431,0.0071636
pac,HFON,jet250,lead24,122.3,0.0098398,0.0082521,0.0077809
pac,HFON,jet250,lead24,124.74,0.010265,0.0087125,0.0084957
pac,HFON,jet250,lead24,126.99,0.010674,0.0091602,0.0092036
pac,HFON,jet250,lead24,129.39,0.011123,0.0096583,0.0099973
pac,HFON,jet250,lead24,131.85,0.011605,0.010197,0.010853
pac,HFON,jet250,lead24,134.4,0.012124,0.010786,0.011769
pac,HFON,jet250,lead24,137.06,0.012689,0.011434,0.012741
pac,HFON,jet250,lead24,139.92,0.013323,0.01217,0.013789
pac,HFON,jet250,lead24,142.73,0.013975,0.012937,0.014815
pac,HFON,jet250,lead24,145.91,0.014747,0.013857,0.015961
pac,HFON,jet250,lead24,149.47,0.015655,0.014955,0.017216
pac,HFON,jet250,lead24,153.72,0.016811,0.016377,0.01867
pac,HFON,jet250,lead24,158.34,0.018149,0.018053,0.020172
pac,HFON,jet250,lead24,163.89,0.019885,0.020273,0.021868
pac,HFON,jet250,lead24,171.56,0.022529,0.023741,0.024019
pac,HFON,jet250,lead24,182.46,0.026817,0.029558,0.026797
pac,HFON,trough_up,lead24,-9.594,0.015435,0.019502,0.020276
pac,HFON,trough_up,lead24,13.079,0.015085,0.017457,0.016987
pac,HFON,trough_up,lead24,25.972,0.014889,0.016381,0.015526
pac,HFON,trough_up,lead24,36.02,0.014738,0.015584,0.014593
pac,HFON,trough_up,lead24,44.664,0.014609,0.014926,0.013933
pac,HFON,trough_up,lead24,52.442,0.014494,0.014355,0.013451
pac,HFON,trough_up,lead24,59.434,0.014391,0.013859,0.013108
pac,HFON,trough_up,lead24,65.44,0.014303,0.013446,0.012883
pac,HFON,trough_up,lead24,71.714,0.014212,0.013026,0.012717
pac,HFON,trough_up,lead24,77.88,0.014123,0.012625,0.012625
pac,HFON,trough_up,lead24,83.62,0.014041,0.012414,0.012606
pac,HFON,trough_up,lead24,89.15,0.013962,0.012427,0.012643
pac,HFON,trough_up,lead24,94.6,0.013884,0.012441,0.012723
pac,HFON,trough_up,lead24,99.68,0.013812,0.012453,0.012827
pac,HFON,trough_up,lead24,105.54,0.01373,0.012468,0.012971
pac,HFON,trough_up,lead24,110.79,0.013656,0.012481,0.01311
pac,HFON,trough_up,lead24,115.85,0.013586,0.012493,0.013243
pac,HFON,trough_up,lead24,121.01,0.013514,0.012506,0.013368
pac,HFON,trough_up,lead24,126.35,0.01344,0.01252,0.013476
pac,HFON,trough_up,lead24,131.48,0.01337,0.012532,0.013546
pac,HFON,trough_up,lead24,136.59,0.0133,0.012545,0.013575
pac,HFON,trough_up,lead24,141.98,0.013227,0.012559,0.013552
pac,HFON,trough_up,lead24,147.3,0.013155,0.012572,0.01348
pac,HFON,trough_up,lead24,152.57,0.013084,0.012585,0.01337
pac,HFON,trough_up,lead24,157.78,0.013014,0.012598,0.01323
pac,HFON,trough_up,lead24,162.71,0.012948,0.01261,0.013077
pac,HFON,trough_up,lead24,167.93,0.012879,0.012623,0.012902
pac,HFON,trough_up,lead24,173.83,0.012801,0.012638,0.012695
pac,HFON,trough_up,lead24,179.86,0.012722,0.012653,0.012484
pac,HFON,trough_up,lead24,186.14,0.01264,0.012669,0.012277
pac,HFON,trough_up,lead24,192.5,0.012557,0.012685,0.012091
pac,HFON,trough_up,lead24,199.08,0.012472,0.012702,0.011936
pac,HFON,trough_up,lead24,206.41,0.012378,0.01272,0.011811
pac,HFON,trough_up,lead24,213.62,0.012286,0.012738,0.011734
pac,HFON,trough_up,lead24,221.43,0.012188,0.012758,0.011697
pac,HFON,trough_up,lead24,230.91,0.012069,0.012782,0.011714
pac,HFON,trough_up,lead24,240.8,0.011946,0.012807,0.011798
pac,HFON,trough_up,lead24,253.42,0.011791,0.012839,0.011997
pac,HFON,trough_up,lead24,267.7,0.011617,0.012876,0.012335
pac,HFON,trough_up,lead24,287.85,0.011377,0.012927,0.012996
pac,HFON,trough_up,lead24,317.76,0.011028,0.013004,0.014314
atl,BOMB,jet250,octapr,55.142,0.0036495,0.00069996,0.0023264
atl,BOMB,jet250,octapr,63.411,0.004895,0.0011791,0.0025376
atl,BOMB,jet250,octapr,69.046,0.0059751,0.0016814,0.0027729
atl,BOMB,jet250,octapr,73.865,0.0070824,0.0022766,0.0030748
atl,BOMB,jet250,octapr,77.788,0.0081304,0.0029124,0.0034233
atl,BOMB,jet250,octapr,81.591,0.00929,0.0036958,0.0038878
atl,BOMB,jet250,octapr,84.764,0.010379,0.0045066,0.0044088
atl,BOMB,jet250,octapr,87.571,0.011446,0.0053689,0.0050085
atl,BOMB,jet250,octapr,90.015,0.01246,0.0062503,0.0056716
atl,BOMB,jet250,octapr,92.592,0.013624,0.0073341,0.0065592
atl,BOMB,jet250,octapr,94.825,0.014717,0.0084208,0.0075328
atl,BOMB,jet250,octapr,96.951,0.015834,0.0095999,0.0086775
atl,BOMB,jet250,octapr,99.032,0.017006,0.01091,0.010037
atl,BOMB,jet250,octapr,101.04,0.018218,0.012341,0.011604
atl,BOMB,jet250,octapr,102.98,0.019461,0.013887,0.01337
atl,BOMB,jet250,octapr,104.82,0.020719,0.015532,0.015306
atl,BOMB,jet250,octapr,106.77,0.022128,0.017466,0.017625
atl,BOMB,jet250,octapr,108.49,0.02345,0.019369,0.019916
atl,BOMB,jet250,octapr,110.37,0.024982,0.021678,0.02267
atl,BOMB,jet250,octapr,111.96,0.02635,0.02383,0.025176
atl,BOMB,jet250,octapr,113.57,0.027804,0.026209,0.027845
atl,BOMB,jet250,octapr,115.4,0.029543,0.029174,0.030989
atl,BOMB,jet250,octapr,117.19,0.031349,0.032388,0.034176
atl,BOMB,jet250,octapr,119.08,0.033361,0.036122,0.037612
atl,BOMB,jet250,octapr,120.84,0.035331,0.03993,0.040856
atl,BOMB,jet250,octapr,122.69,0.037533,0.044355,0.044331
atl,BOMB,jet250,octapr,124.62,0.039951,0.04941,0.04797
atl,BOMB,jet250,octapr,126.57,0.042539,0.055031,0.051666
atl,BOMB,jet250,octapr,128.56,0.045328,0.061321,0.055438
atl,BOMB,jet250,octapr,130.82,0.048701,0.065491,0.059739
atl,BOMB,jet250,octapr,133.04,0.05221,0.068213,0.06395
atl,BOMB,jet250,octapr,135.23,0.055897,0.071,0.068133
atl,BOMB,jet250,octapr,137.73,0.060389,0.074305,0.072937
atl,BOMB,jet250,octapr,140.36,0.065431,0.077909,0.077973
atl,BOMB,jet250,octapr,143.22,0.071307,0.081986,0.083416
atl,BOMB,jet250,octapr,146.35,0.078261,0.086663,0.08933
atl,BOMB,jet250,octapr,149.68,0.086243,0.091861,0.095508
atl,BOMB,jet250,octapr,154.04,0.097676,0.099043,0.10341
atl,BOMB,jet250,octapr,159.3,0.113,0.10828,0.11262
atl,BOMB,jet250,octapr,166.08,0.13532,0.12113,0.12399
atl,BOMB,jet250,octapr,177.08,0.17795,0.14435,0.1417
atl,BOMB,trough_up,octapr,-2.3248,0.032982,0.03653,0.034913
atl,BOMB,trough_up,octapr,25.801,0.034936,0.036471,0.035501
atl,BOMB,trough_up,octapr,42.967,0.03618,0.036436,0.036
atl,BOMB,trough_up,octapr,55.644,0.037123,0.03641,0.03647
atl,BOMB,trough_up,octapr,67.817,0.038049,0.037026,0.037021
atl,BOMB,trough_up,octapr,78.294,0.038862,0.037888,0.03759
atl,BOMB,trough_up,octapr,87.871,0.039619,0.038691,0.038196
atl,BOMB,trough_up,octapr,96.224,0.04029,0.039403,0.038802
atl,BOMB,trough_up,octapr,104.61,0.040973,0.04013,0.03949
atl,BOMB,trough_up,octapr,112.4,0.041616,0.040816,0.040208
atl,BOMB,trough_up,octapr,119.53,0.042214,0.041453,0.040939
atl,BOMB,trough_up,octapr,126.06,0.042767,0.042044,0.04167
atl,BOMB,trough_up,octapr,132.76,0.043341,0.042658,0.042472
atl,BOMB,trough_up,octapr,138.1,0.043804,0.043153,0.043141
atl,BOMB,trough_up,octapr,144.4,0.044355,0.043743,0.043957
atl,BOMB,trough_up,octapr,150.31,0.044878,0.044303,0.04474
atl,BOMB,trough_up,octapr,156.19,0.045403,0.044867,0.045527
atl,BOMB,trough_up,octapr,162.37,0.045961,0.045465,0.046352
atl,BOMB,trough_up,octapr,167.85,0.04646,0.046002,0.047073
atl,BOMB,trough_up,octapr,173.72,0.047001,0.046583,0.047824
atl,BOMB,trough_up,octapr,179.84,0.04757,0.047196,0.048574
atl,BOMB,trough_up,octapr,185.39,0.048091,0.047757,0.049215
atl,BOMB,trough_up,octapr,191.44,0.048665,0.048376,0.049873
atl,BOMB,trough_up,octapr,198.07,0.0493,0.049062,0.050549
atl,BOMB,trough_up,octapr,204.02,0.049877,0.049685,0.051123
atl,BOMB,trough_up,octapr,210.07,0.050469,0.050325,0.051676
atl,BOMB,trough_up,octapr,216.37,0.051091,0.050999,0.052228
atl,BOMB,trough_up,octapr,222.87,0.051741,0.051702,0.052776
atl,BOMB,trough_up,octapr,229.34,0.052394,0.05241,0.053308
atl,BOMB,trough_up,octapr,235.79,0.053052,0.053124,0.053832
atl,BOMB,trough_up,octapr,241.89,0.053681,0.053807,0.054327
atl,BOMB,trough_up,octapr,249.74,0.0545,0.054697,0.054976
atl,BOMB,trough_up,octapr,258.13,0.055387,0.055663,0.055688
atl,BOMB,trough_up,octapr,266.51,0.056285,0.05664,0.056416
atl,BOMB,trough_up,octapr,274.61,0.057165,0.0576,0.057139
atl,BOMB,trough_up,octapr,284.18,0.058219,0.058751,0.058013
atl,BOMB,trough_up,octapr,294.59,0.059383,0.060025,0.05899
atl,BOMB,trough_up,octapr,305.42,0.060615,0.061373,0.060035
atl,BOMB,trough_up,octapr,320.21,0.062334,0.063258,0.061507
atl,BOMB,trough_up,octapr,338.78,0.064548,0.06569,0.063424
atl,BOMB,trough_up,octapr,367.71,0.068124,0.069631,0.066551
atl,HFON,jet250,octapr,54.063,0.021045,0.028384,0.024307
atl,HFON,jet250,octapr,61.997,0.02263,0.028762,0.026863
atl,HFON,jet250,octapr,67.522,0.023796,0.029028,0.028525
atl,HFON,jet250,octapr,72.002,0.024778,0.029245,0.029705
atl,HFON,jet250,octapr,76.068,0.025701,0.029443,0.030579
atl,HFON,jet250,octapr,79.506,0.026504,0.029611,0.03113
atl,HFON,jet250,octapr,82.713,0.027273,0.029769,0.031457
atl,HFON,jet250,octapr,85.504,0.027957,0.029907,0.031575
atl,HFON,jet250,octapr,88.013,0.028586,0.030031,0.031537
atl,HFON,jet250,octapr,90.463,0.02921,0.030153,0.031359
atl,HFON,jet250,octapr,92.798,0.029817,0.03027,0.031054
atl,HFON,jet250,octapr,94.994,0.030397,0.03038,0.030667
atl,HFON,jet250,octapr,97.084,0.030959,0.030485,0.030253
atl,HFON,jet250,octapr,99.109,0.031511,0.030587,0.02985
atl,HFON,jet250,octapr,100.98,0.03203,0.030682,0.029507
atl,HFON,jet250,octapr,102.9,0.032567,0.030779,0.029217
atl,HFON,jet250,octapr,104.67,0.03307,0.030945,0.029026
atl,HFON,jet250,octapr,106.46,0.033586,0.031523,0.028933
atl,HFON,jet250,octapr,108.21,0.0341,0.032098,0.028962
atl,HFON,jet250,octapr,109.96,0.034617,0.03268,0.029133
atl,HFON,jet250,octapr,111.67,0.03513,0.033258,0.029462
atl,HFON,jet250,octapr,113.37,0.035644,0.033838,0.029965
atl,HFON,jet250,octapr,115.24,0.036218,0.03449,0.030716
atl,HFON,jet250,octapr,117.07,0.036788,0.035136,0.031632
atl,HFON,jet250,octapr,118.96,0.037384,0.035816,0.03275
atl,HFON,jet250,octapr,120.77,0.037964,0.036478,0.033969
atl,HFON,jet250,octapr,122.64,0.038572,0.037173,0.035358
atl,HFON,jet250,octapr,124.58,0.039209,0.037904,0.036907
atl,HFON,jet250,octapr,126.55,0.039863,0.038657,0.038559
atl,HFON,jet250,octapr,128.62,0.040564,0.039465,0.040352
atl,HFON,jet250,octapr,131.07,0.041404,0.040437,0.042459
atl,HFON,jet250,octapr,133.31,0.042187,0.041347,0.044307
atl,HFON,jet250,octapr,135.77,0.043059,0.042362,0.046185
atl,HFON,jet250,octapr,138.58,0.044076,0.04355,0.048134
atl,HFON,jet250,octapr,141.55,0.045172,0.044835,0.049953
atl,HFON,jet250,octapr,144.7,0.046358,0.046231,0.051601
atl,HFON,jet250,octapr,148.24,0.047721,0.047843,0.053115
atl,HFON,jet250,octapr,152.38,0.049358,0.049787,0.054443
atl,HFON,jet250,octapr,157.77,0.051557,0.052415,0.055515
atl,HFON,jet250,octapr,164.75,0.054523,0.055985,0.055962
atl,HFON,jet250,octapr,175.66,0.059445,0.061968,0.055189
atl,HFON,trough_up,octapr,-4.9948,0.028888,0.037521,0.03839
atl,HFON,trough_up,octapr,22.354,0.03018,0.035827,0.035008
atl,HFON,trough_up,octapr,40.578,0.031069,0.034735,0.033283
atl,HFON,trough_up,octapr,52.9,0.031682,0.034012,0.032406
atl,HFON,trough_up,octapr,64.567,0.032273,0.03334,0.031815
atl,HFON,trough_up,octapr,74.078,0.032761,0.0328,0.031523
atl,HFON,trough_up,octapr,83.677,0.03326,0.032263,0.031414
atl,HFON,trough_up,octapr,92.54,0.033726,0.031773,0.031495
atl,HFON,trough_up,octapr,100.44,0.034146,0.031848,0.031727
atl,HFON,trough_up,octapr,107.68,0.034535,0.032319,0.032083
atl,HFON,trough_up,octapr,115.29,0.034948,0.032819,0.032618
atl,HFON,trough_up,octapr,121.98,0.035315,0.033265,0.033221
atl,HFON,trough_up,octapr,128.26,0.035662,0.033688,0.033878
atl,HFON,trough_up,octapr,134.39,0.036004,0.034106,0.034586
atl,HFON,trough_up,octapr,140.23,0.036331,0.034507,0.035301
atl,HFON,trough_up,octapr,146.37,0.036679,0.034934,0.036076
atl,HFON,trough_up,octapr,151.84,0.036991,0.035318,0.036766
atl,HFON,trough_up,octapr,157.75,0.03733,0.035736,0.037491
atl,HFON,trough_up,octapr,163.54,0.037666,0.036151,0.038158
atl,HFON,trough_up,octapr,169.46,0.038011,0.036579,0.038772
atl,HFON,trough_up,octapr,174.87,0.038329,0.036973,0.039248
atl,HFON,trough_up,octapr,181.13,0.038699,0.037434,0.039681
atl,HFON,trough_up,octapr,187.13,0.039058,0.037881,0.039985
atl,HFON,trough_up,octapr,192.84,0.039401,0.03831,0.040188
atl,HFON,trough_up,octapr,199.07,0.039778,0.038783,0.040333
atl,HFON,trough_up,octapr,205.37,0.040163,0.039265,0.040415
atl,HFON,trough_up,octapr,211.63,0.040548,0.03975,0.040454
atl,HFON,trough_up,octapr,217.97,0.040942,0.040247,0.040472
atl,HFON,trough_up,octapr,224.58,0.041355,0.040769,0.040489
atl,HFON,trough_up,octapr,230.98,0.041759,0.041281,0.040529
atl,HFON,trough_up,octapr,238.17,0.042217,0.041862,0.040627
atl,HFON,trough_up,octapr,245.21,0.042669,0.042438,0.040806
atl,HFON,trough_up,octapr,253.26,0.04319,0.043104,0.041127
atl,HFON,trough_up,octapr,261.95,0.04376,0.043834,0.041606
atl,HFON,trough_up,octapr,270.32,0.044314,0.044546,0.042195
atl,HFON,trough_up,octapr,279.89,0.044955,0.045371,0.043015
atl,HFON,trough_up,octapr,290.42,0.045668,0.046294,0.044093
atl,HFON,trough_up,octapr,301.73,0.046446,0.047303,0.045448
atl,HFON,trough_up,octapr,317.17,0.047524,0.048709,0.047616
atl,HFON,trough_up,octapr,335.45,0.048828,0.050419,0.050629
atl,HFON,trough_up,octapr,366.27,0.051092,0.053412,0.056686
pac,BOMB,jet250,octapr,45.825,0.005658,0.0019841,0.0024665
pac,BOMB,jet250,octapr,53.942,0.0069147,0.0026922,0.0031125
pac,BOMB,jet250,octapr,60.807,0.0081864,0.0034824,0.0038023
pac,BOMB,jet250,octapr,66.04,0.0093052,0.0042348,0.0044435
pac,BOMB,jet250,octapr,71.543,0.01064,0.0051983,0.0052553
pac,BOMB,jet250,octapr,76.411,0.011973,0.0062278,0.006121
pac,BOMB,jet250,octapr,80.362,0.013171,0.0072072,0.0069492
pac,BOMB,jet250,octapr,84.479,0.01454,0.0083871,0.0079583
pac,BOMB,jet250,octapr,88.15,0.015873,0.0095953,0.0090089
pac,BOMB,jet250,octapr,91.461,0.017173,0.010828,0.010102
pac,BOMB,jet250,octapr,94.855,0.01861,0.012248,0.011391
pac,BOMB,jet250,octapr,98.064,0.02007,0.013753,0.012793
pac,BOMB,jet250,octapr,100.97,0.021485,0.015268,0.014238
pac,BOMB,jet250,octapr,103.98,0.023045,0.017,0.01593
pac,BOMB,jet250,octapr,106.82,0.024612,0.018802,0.017732
pac,BOMB,jet250,octapr,109.54,0.026203,0.020693,0.019665
pac,BOMB,jet250,octapr,112.13,0.027806,0.022658,0.021716
pac,BOMB,jet250,octapr,114.51,0.029355,0.024611,0.023795
pac,BOMB,jet250,octapr,116.99,0.031054,0.026813,0.026183
pac,BOMB,jet250,octapr,119.22,0.032655,0.028944,0.028535
pac,BOMB,jet250,octapr,121.62,0.034467,0.031417,0.031309
pac,BOMB,jet250,octapr,124.15,0.036467,0.034216,0.034501
pac,BOMB,jet250,octapr,126.58,0.038478,0.037106,0.037827
pac,BOMB,jet250,octapr,128.98,0.040568,0.040181,0.04137
pac,BOMB,jet250,octapr,131.38,0.042743,0.043458,0.045118
pac,BOMB,jet250,octapr,133.66,0.044917,0.046804,0.048884
pac,BOMB,jet250,octapr,136.12,0.047353,0.050636,0.053081
pac,BOMB,jet250,octapr,138.43,0.049756,0.054494,0.057151
pac,BOMB,jet250,octapr,140.74,0.052248,0.058573,0.061249
pac,BOMB,jet250,octapr,143,0.054794,0.062819,0.06526
pac,BOMB,jet250,octapr,145.48,0.057714,0.067777,0.069583
pac,BOMB,jet250,octapr,148.21,0.061058,0.073562,0.074105
pac,BOMB,jet250,octapr,151.15,0.064851,0.080254,0.078664
pac,BOMB,jet250,octapr,154.21,0.068988,0.087692,0.082987
pac,BOMB,jet250,octapr,157.14,0.073158,0.091974,0.086718
pac,BOMB,jet250,octapr,160.91,0.078805,0.093235,0.090882
pac,BOMB,jet250,octapr,164.5,0.084477,0.094444,0.094179
pac,BOMB,jet250,octapr,168.7,0.091537,0.095879,0.097261
pac,BOMB,jet250,octapr,174.21,0.10143,0.097782,0.1001
pac,BOMB,jet250,octapr,180.72,0.11412,0.10007,0.10197
pac,BOMB,jet250,octapr,189.72,0.13346,0.10329,0.10266
pac,BOMB,trough_up,octapr,-4.7332,0.045014,0.058035,0.057325
pac,BOMB,trough_up,octapr,22.826,0.046864,0.05157,0.049798
pac,BOMB,trough_up,octapr,38.2,0.047923,0.048225,0.046783
pac,BOMB,trough_up,octapr,51.008,0.04882,0.045576,0.045006
pac,BOMB,trough_up,octapr,60.938,0.049525,0.045372,0.044125
pac,BOMB,trough_up,octapr,69.107,0.050111,0.046163,0.04375
pac,BOMB,trough_up,octapr,77.561,0.050724,0.046993,0.043721
pac,BOMB,trough_up,octapr,84.68,0.051244,0.047702,0.044001
pac,BOMB,trough_up,octapr,92.073,0.051789,0.048447,0.044615
pac,BOMB,trough_up,octapr,98.863,0.052294,0.04914,0.045497
pac,BOMB,trough_up,octapr,105.48,0.05279,0.049823,0.046681
pac,BOMB,trough_up,octapr,111.41,0.053237,0.050441,0.048008
pac,BOMB,trough_up,octapr,117.63,0.05371,0.051097,0.049625
pac,BOMB,trough_up,octapr,123.82,0.054184,0.051756,0.051413
pac,BOMB,trough_up,octapr,129.3,0.054606,0.052345,0.053097
pac,BOMB,trough_up,octapr,134.65,0.055021,0.052926,0.054787
pac,BOMB,trough_up,octapr,139.99,0.055438,0.053511,0.056472
pac,BOMB,trough_up,octapr,145.18,0.055845,0.054084,0.058056
pac,BOMB,trough_up,octapr,150.48,0.056263,0.054675,0.059571
pac,BOMB,trough_up,octapr,155.85,0.05669,0.055278,0.060939
pac,BOMB,trough_up,octapr,160.48,0.05706,0.055803,0.061935
pac,BOMB,trough_up,octapr,165.27,0.057444,0.05635,0.062751
pac,BOMB,trough_up,octapr,170.5,0.057866,0.056952,0.063404
pac,BOMB,trough_up,octapr,175.86,0.058302,0.057575,0.063842
pac,BOMB,trough_up,octapr,181.27,0.058743,0.058208,0.064077
pac,BOMB,trough_up,octapr,187.02,0.059216,0.058888,0.064138
pac,BOMB,trough_up,octapr,192.7,0.059687,0.059566,0.064047
pac,BOMB,trough_up,octapr,198.56,0.060174,0.060272,0.063842
pac,BOMB,trough_up,octapr,204.54,0.060675,0.060998,0.063563
pac,BOMB,trough_up,octapr,210.42,0.061171,0.061719,0.063267
pac,BOMB,trough_up,octapr,216.67,0.061702,0.062493,0.06298
pac,BOMB,trough_up,octapr,222.61,0.062209,0.063236,0.062782
pac,BOMB,trough_up,octapr,229.07,0.062765,0.064051,0.062667
pac,BOMB,trough_up,octapr,236.09,0.063374,0.064946,0.062655
pac,BOMB,trough_up,octapr,243.91,0.064057,0.065956,0.062774
pac,BOMB,trough_up,octapr,253.21,0.064877,0.067171,0.063086
pac,BOMB,trough_up,octapr,263.03,0.065752,0.068473,0.063603
pac,BOMB,trough_up,octapr,274.95,0.066826,0.07008,0.064469
pac,BOMB,trough_up,octapr,289.23,0.06813,0.072043,0.06582
pac,BOMB,trough_up,octapr,308.74,0.069944,0.074793,0.06815
pac,BOMB,trough_up,octapr,336.7,0.072608,0.07887,0.072263
pac,HFON,jet250,octapr,43.937,0.011327,0.0059136,0.0018189
pac,HFON,jet250,octapr,51.36,0.012231,0.0067977,0.002696
pac,HFON,jet250,octapr,57.553,0.013033,0.0076253,0.0036872
pac,HFON,jet250,octapr,62.572,0.013717,0.0083617,0.0046873
pac,HFON,jet250,octapr,67.236,0.01438,0.0091026,0.0057809
pac,HFON,jet250,octapr,71.714,0.015043,0.0098687,0.0069746
pac,HFON,jet250,octapr,75.968,0.015696,0.010649,0.0082238
pac,HFON,jet250,octapr,79.497,0.016257,0.011337,0.009327
pac,HFON,jet250,octapr,83.088,0.016845,0.012078,0.010491
pac,HFON,jet250,octapr,86.347,0.017395,0.012786,0.01156
pac,HFON,jet250,octapr,89.481,0.017938,0.013501,0.012578
pac,HFON,jet250,octapr,92.659,0.018503,0.014262,0.013586
pac,HFON,jet250,octapr,95.527,0.019026,0.01498,0.014475
pac,HFON,jet250,octapr,98.409,0.019564,0.015733,0.015354
pac,HFON,jet250,octapr,101.04,0.020067,0.016449,0.01615
pac,HFON,jet250,octapr,103.9,0.020625,0.017257,0.017014
pac,HFON,jet250,octapr,106.61,0.021167,0.018056,0.017847
pac,HFON,jet250,octapr,109.23,0.021702,0.018859,0.018677
pac,HFON,jet250,octapr,111.79,0.022236,0.019672,0.019523
pac,HFON,jet250,octapr,114.19,0.022746,0.02046,0.02036
pac,HFON,jet250,octapr,116.66,0.023281,0.021299,0.02128
pac,HFON,jet250,octapr,118.94,0.023786,0.022103,0.022198
pac,HFON,jet250,octapr,121.33,0.024322,0.022966,0.023217
pac,HFON,jet250,octapr,123.91,0.024916,0.023936,0.02439
pac,HFON,jet250,octapr,126.53,0.025528,0.024951,0.02563
pac,HFON,jet250,octapr,128.99,0.026116,0.02594,0.026836
pac,HFON,jet250,octapr,131.6,0.02675,0.027021,0.028134
pac,HFON,jet250,octapr,134.07,0.027363,0.02808,0.029366
pac,HFON,jet250,octapr,136.57,0.027995,0.029188,0.030598
pac,HFON,jet250,octapr,139.03,0.02863,0.030314,0.031769
pac,HFON,jet250,octapr,141.7,0.029332,0.031575,0.032967
pac,HFON,jet250,octapr,144.26,0.030017,0.032822,0.034014
pac,HFON,jet250,octapr,147.37,0.030868,0.034393,0.035136
pac,HFON,jet250,octapr,150.45,0.031728,0.036005,0.03608
pac,HFON,jet250,octapr,153.85,0.032702,0.03786,0.036932
pac,HFON,jet250,octapr,157.4,0.033745,0.039875,0.037613
pac,HFON,jet250,octapr,161.37,0.034943,0.04105,0.038135
pac,HFON,jet250,octapr,166.04,0.036398,0.040134,0.03845
pac,HFON,jet250,octapr,171.34,0.038107,0.039116,0.038466
pac,HFON,jet250,octapr,178.31,0.040449,0.03781,0.038041
pac,HFON,jet250,octapr,188.41,0.04405,0.035978,0.03684
pac,HFON,trough_up,octapr,-5.6608,0.035825,0.050664,0.050231
pac,HFON,trough_up,octapr,21.581,0.034938,0.040294,0.039529
pac,HFON,trough_up,octapr,38.091,0.034409,0.034881,0.034705
pac,HFON,trough_up,octapr,50.6,0.034013,0.031183,0.031859
pac,HFON,trough_up,octapr,60.547,0.0337,0.030103,0.030077
pac,HFON,trough_up,octapr,68.969,0.033437,0.030061,0.028893
pac,HFON,trough_up,octapr,77.605,0.033169,0.030019,0.027986
pac,HFON,trough_up,octapr,85.226,0.032935,0.029981,0.027446
pac,HFON,trough_up,octapr,92.398,0.032715,0.029945,0.027166
pac,HFON,trough_up,octapr,98.97,0.032514,0.029913,0.027109
pac,HFON,trough_up,octapr,105.25,0.032324,0.029881,0.027243
pac,HFON,trough_up,octapr,111.32,0.032141,0.029851,0.027538
pac,HFON,trough_up,octapr,117.28,0.031961,0.029822,0.027959
pac,HFON,trough_up,octapr,123.59,0.031773,0.029791,0.028513
pac,HFON,trough_up,octapr,128.83,0.031617,0.029765,0.029034
pac,HFON,trough_up,octapr,134.27,0.031455,0.029738,0.029609
pac,HFON,trough_up,octapr,139.65,0.031296,0.029711,0.030187
pac,HFON,trough_up,octapr,145.1,0.031136,0.029685,0.030756
pac,HFON,trough_up,octapr,150.26,0.030985,0.029659,0.031253
pac,HFON,trough_up,octapr,155.85,0.030822,0.029632,0.031716
pac,HFON,trough_up,octapr,160.44,0.030688,0.029609,0.032014
pac,HFON,trough_up,octapr,165.14,0.030552,0.029586,0.032228
pac,HFON,trough_up,octapr,170.65,0.030393,0.029559,0.032362
pac,HFON,trough_up,octapr,175.58,0.030252,0.029535,0.032388
pac,HFON,trough_up,octapr,181.04,0.030095,0.029508,0.032325
pac,HFON,trough_up,octapr,186.85,0.02993,0.02948,0.032167
pac,HFON,trough_up,octapr,192.24,0.029777,0.029453,0.031952
pac,HFON,trough_up,octapr,198.06,0.029613,0.029425,0.031663
pac,HFON,trough_up,octapr,203.85,0.02945,0.029396,0.031335
pac,HFON,trough_up,octapr,209.67,0.029287,0.029368,0.030981
pac,HFON,trough_up,octapr,216.03,0.02911,0.029337,0.030586
pac,HFON,trough_up,octapr,222.11,0.028941,0.029307,0.03022
pac,HFON,trough_up,octapr,229.23,0.028745,0.029273,0.029814
pac,HFON,trough_up,octapr,236.46,0.028547,0.029237,0.029427
pac,HFON,trough_up,octapr,244.54,0.028326,0.029198,0.029021
pac,HFON,trough_up,octapr,253.77,0.028076,0.029153,0.028588
pac,HFON,trough_up,octapr,264.01,0.027801,0.029104,0.028145
pac,HFON,trough_up,octapr,275.23,0.027502,0.029049,0.027698
pac,HFON,trough_up,octapr,289.2,0.027134,0.028982,0.02719
pac,HFON,trough_up,octapr,308.86,0.026622,0.028887,0.026551
pac,HFON,trough_up,octapr,337.16,0.0259,0.028751,0.025741
atl,BOMB,jet250,unadjusted,54.808,0.0011879,0.00016342,0.00055242
atl,BOMB,jet250,unadjusted,62.877,0.0017343,0.00031043,0.00070794
atl,BOMB,jet250,unadjusted,68.121,0.0022176,0.00047106,0.00085122
atl,BOMB,jet250,unadjusted,72.364,0.0027052,0.00066001,0.0010071
atl,BOMB,jet250,unadjusted,75.873,0.0031884,0.00087236,0.0011759
atl,BOMB,jet250,unadjusted,79.017,0.0036937,0.0011199,0.00137
atl,BOMB,jet250,unadjusted,81.829,0.0042129,0.0014002,0.0015904
atl,BOMB,jet250,unadjusted,84.256,0.0047192,0.0016978,0.0018278
atl,BOMB,jet250,unadjusted,86.522,0.0052465,0.0020326,0.0021009
atl,BOMB,jet250,unadjusted,88.711,0.0058112,0.0024183,0.0024253
atl,BOMB,jet250,unadjusted,90.779,0.0064,0.0028493,0.0028016
atl,BOMB,jet250,unadjusted,92.648,0.0069832,0.0033046,0.0032141
atl,BOMB,jet250,unadjusted,94.329,0.0075523,0.0037753,0.0036541
atl,BOMB,jet250,unadjusted,96.096,0.0082006,0.0043428,0.0041993
atl,BOMB,jet250,unadjusted,97.789,0.0088732,0.0049657,0.0048127
atl,BOMB,jet250,unadjusted,99.587,0.0096473,0.0057246,0.0055764
atl,BOMB,jet250,unadjusted,101.28,0.01044,0.0065471,0.0064192
atl,BOMB,jet250,unadjusted,102.91,0.011257,0.0074421,0.0073482
atl,BOMB,jet250,unadjusted,104.57,0.012161,0.0084862,0.0084413
atl,BOMB,jet250,unadjusted,106.27,0.013158,0.009703,0.0097194
atl,BOMB,jet250,unadjusted,107.91,0.014197,0.011041,0.011121
atl,BOMB,jet250,unadjusted,109.54,0.015305,0.012543,0.012681
atl,BOMB,jet250,unadjusted,111.07,0.016431,0.014151,0.01433
atl,BOMB,jet250,unadjusted,112.69,0.017708,0.016067,0.016262
atl,BOMB,jet250,unadjusted,114.27,0.019043,0.018174,0.018344
atl,BOMB,jet250,unadjusted,115.98,0.020603,0.020769,0.020842
atl,BOMB,jet250,unadjusted,117.73,0.02233,0.0238,0.023664
atl,BOMB,jet250,unadjusted,119.48,0.02419,0.027245,0.026749
atl,BOMB,jet250,unadjusted,121.35,0.026352,0.031476,0.030361
atl,BOMB,jet250,unadjusted,123.28,0.028784,0.036517,0.034422
atl,BOMB,jet250,unadjusted,125.4,0.031711,0.042957,0.039252
atl,BOMB,jet250,unadjusted,127.62,0.035072,0.05083,0.044656
atl,BOMB,jet250,unadjusted,129.8,0.038698,0.056571,0.050271
atl,BOMB,jet250,unadjusted,132.3,0.043321,0.060835,0.057084
atl,BOMB,jet250,unadjusted,134.87,0.048602,0.065514,0.064391
atl,BOMB,jet250,unadjusted,138.07,0.056033,0.071807,0.073841
atl,BOMB,jet250,unadjusted,141.45,0.065059,0.079075,0.084137
atl,BOMB,jet250,unadjusted,145.52,0.077701,0.088705,0.096697
atl,BOMB,jet250,unadjusted,150.58,0.096523,0.10213,0.11224
atl,BOMB,jet250,unadjusted,157.67,0.12971,0.12397,0.13338
atl,BOMB,jet250,unadjusted,169.45,0.20582,0.16904,0.16637
atl,BOMB,trough_up,unadjusted,-0.4376,0.018062,0.027952,0.02677
atl,BOMB,trough_up,unadjusted,20.601,0.019272,0.023716,0.023353
atl,BOMB,trough_up,unadjusted,34.368,0.020106,0.021291,0.021663
atl,BOMB,trough_up,unadjusted,45.07,0.020779,0.019574,0.020664
atl,BOMB,trough_up,unadjusted,53.894,0.021351,0.019512,0.020055
atl,BOMB,trough_up,unadjusted,62.454,0.02192,0.020122,0.019657
atl,BOMB,trough_up,unadjusted,70.516,0.022469,0.020714,0.019466
atl,BOMB,trough_up,unadjusted,77.477,0.022954,0.021239,0.019452
atl,BOMB,trough_up,unadjusted,84.58,0.02346,0.021787,0.019596
atl,BOMB,trough_up,unadjusted,90.854,0.023916,0.022284,0.019867
atl,BOMB,trough_up,unadjusted,97.28,0.024391,0.022803,0.020299
atl,BOMB,trough_up,unadjusted,103.3,0.024845,0.023301,0.02085
atl,BOMB,trough_up,unadjusted,108.93,0.025277,0.023776,0.021482
atl,BOMB,trough_up,unadjusted,114.71,0.025729,0.024273,0.022239
atl,BOMB,trough_up,unadjusted,119.9,0.02614,0.024728,0.023001
atl,BOMB,trough_up,unadjusted,125.16,0.026564,0.025198,0.023843
atl,BOMB,trough_up,unadjusted,130.67,0.027015,0.0257,0.024789
atl,BOMB,trough_up,unadjusted,136.14,0.02747,0.026207,0.025776
atl,BOMB,trough_up,unadjusted,141.61,0.027933,0.026724,0.026794
atl,BOMB,trough_up,unadjusted,146.97,0.028394,0.027241,0.027799
atl,BOMB,trough_up,unadjusted,152.38,0.028866,0.027771,0.028797
atl,BOMB,trough_up,unadjusted,157.79,0.029346,0.028313,0.029761
atl,BOMB,trough_up,unadjusted,163.66,0.029876,0.028911,0.030756
atl,BOMB,trough_up,unadjusted,169.32,0.030395,0.0295,0.031668
atl,BOMB,trough_up,unadjusted,174.91,0.030917,0.030094,0.032524
atl,BOMB,trough_up,unadjusted,180.85,0.031481,0.030737,0.033384
atl,BOMB,trough_up,unadjusted,187.29,0.032103,0.031448,0.034263
atl,BOMB,trough_up,unadjusted,193.39,0.032704,0.032137,0.035048
atl,BOMB,trough_up,unadjusted,200.14,0.033381,0.032917,0.03587
atl,BOMB,trough_up,unadjusted,206.88,0.034071,0.033713,0.036647
atl,BOMB,trough_up,unadjusted,213.96,0.03481,0.03457,0.037426
atl,BOMB,trough_up,unadjusted,221.81,0.035648,0.035544,0.038259
atl,BOMB,trough_up,unadjusted,229.7,0.03651,0.036551,0.03907
atl,BOMB,trough_up,unadjusted,238.13,0.037453,0.037656,0.039907
atl,BOMB,trough_up,unadjusted,247.24,0.038497,0.038886,0.040778
atl,BOMB,trough_up,unadjusted,257.76,0.039739,0.040355,0.041742
atl,BOMB,trough_up,unadjusted,269.44,0.041162,0.042048,0.042761
atl,BOMB,trough_up,unadjusted,283.05,0.042883,0.044107,0.043885
atl,BOMB,trough_up,unadjusted,298.65,0.044939,0.046584,0.045096
atl,BOMB,trough_up,unadjusted,318.76,0.04773,0.049975,0.046558
atl,BOMB,trough_up,unadjusted,350.91,0.052534,0.055883,0.048733
atl,HFON,jet250,unadjusted,53.908,0.0025417,0.0061869,0.0064962
atl,HFON,jet250,unadjusted,61.73,0.0033411,0.0068016,0.0071256
atl,HFON,jet250,unadjusted,66.859,0.0039967,0.0072371,0.0075429
atl,HFON,jet250,unadjusted,70.958,0.0046117,0.0076051,0.0078699
atl,HFON,jet250,unadjusted,74.584,0.0052337,0.0079461,0.0081482
atl,HFON,jet250,unadjusted,77.574,0.0058087,0.0082385,0.008366
atl,HFON,jet250,unadjusted,80.332,0.0063948,0.0085178,0.0085548
atl,HFON,jet250,unadjusted,82.746,0.0069556,0.0087698,0.0087081
atl,HFON,jet250,unadjusted,85.029,0.0075311,0.0090151,0.0088415
atl,HFON,jet250,unadjusted,87.081,0.0080884,0.0092413,0.0089502
atl,HFON,jet250,unadjusted,89.164,0.008696,0.0094767,0.0090489
atl,HFON,jet250,unadjusted,91.133,0.0093118,0.0097047,0.009137
atl,HFON,jet250,unadjusted,92.956,0.0099203,0.0099206,0.0092262
atl,HFON,jet250,unadjusted,94.739,0.010553,0.010136,0.0093323
atl,HFON,jet250,unadjusted,96.483,0.011212,0.010352,0.0094653
atl,HFON,jet250,unadjusted,98.14,0.011874,0.010561,0.0096293
atl,HFON,jet250,unadjusted,99.871,0.012608,0.010784,0.0098519
atl,HFON,jet250,unadjusted,101.5,0.013341,0.011063,0.010122
atl,HFON,jet250,unadjusted,103.08,0.014089,0.011764,0.010453
atl,HFON,jet250,unadjusted,104.71,0.014906,0.012534,0.010883
atl,HFON,jet250,unadjusted,106.35,0.015773,0.013358,0.011423
atl,HFON,jet250,unadjusted,107.99,0.016693,0.014238,0.012097
atl,HFON,jet250,unadjusted,109.59,0.017639,0.01515,0.01289
atl,HFON,jet250,unadjusted,111.24,0.018667,0.016147,0.013854
atl,HFON,jet250,unadjusted,112.9,0.019766,0.017222,0.014989
atl,HFON,jet250,unadjusted,114.56,0.020926,0.018363,0.016293
atl,HFON,jet250,unadjusted,116.34,0.022246,0.019673,0.017893
atl,HFON,jet250,unadjusted,118.23,0.023728,0.021155,0.019814
atl,HFON,jet250,unadjusted,120.08,0.025281,0.02272,0.021939
atl,HFON,jet250,unadjusted,122.05,0.027041,0.024508,0.024448
atl,HFON,jet250,unadjusted,124.1,0.028992,0.026508,0.0273
atl,HFON,jet250,unadjusted,126.22,0.03116,0.028749,0.030481
atl,HFON,jet250,unadjusted,128.44,0.033599,0.031296,0.034027
atl,HFON,jet250,unadjusted,131.06,0.036722,0.034587,0.038488
atl,HFON,jet250,unadjusted,133.64,0.04005,0.038136,0.043128
atl,HFON,jet250,unadjusted,136.64,0.044305,0.042723,0.048862
atl,HFON,jet250,unadjusted,140.33,0.050118,0.049076,0.056323
atl,HFON,jet250,unadjusted,144.35,0.057257,0.056998,0.064907
atl,HFON,jet250,unadjusted,149.21,0.067192,0.068212,0.075885
atl,HFON,jet250,unadjusted,156.47,0.085014,0.08878,0.093274
atl,HFON,jet250,unadjusted,168.15,0.12276,0.1337,0.12379
atl,HFON,trough_up,unadjusted,-2.0728,0.0058229,0.016587,0.018192
atl,HFON,trough_up,unadjusted,19.296,0.0068826,0.014599,0.013912
atl,HFON,trough_up,unadjusted,32.966,0.0076589,0.013452,0.011992
atl,HFON,trough_up,unadjusted,43.632,0.0083243,0.01262,0.010877
atl,HFON,trough_up,unadjusted,52.394,0.0089136,0.011974,0.010187
atl,HFON,trough_up,unadjusted,60.664,0.0095077,0.011394,0.0097109
atl,HFON,trough_up,unadjusted,68.21,0.010084,0.01089,0.0094202
atl,HFON,trough_up,unadjusted,75.333,0.010659,0.010434,0.0092713
atl,HFON,trough_up,unadjusted,81.91,0.01122,0.01003,0.0092454
atl,HFON,trough_up,unadjusted,88.69,0.011828,0.0096293,0.0093379
atl,HFON,trough_up,unadjusted,94.721,0.012396,0.0096473,0.0095314
atl,HFON,trough_up,unadjusted,100.74,0.012989,0.010204,0.0098332
atl,HFON,trough_up,unadjusted,106.44,0.013578,0.01076,0.010217
atl,HFON,trough_up,unadjusted,112.21,0.0142,0.011354,0.0107
atl,HFON,trough_up,unadjusted,117.69,0.014817,0.011948,0.011245
atl,HFON,trough_up,unadjusted,122.9,0.015427,0.012541,0.011841
atl,HFON,trough_up,unadjusted,128.17,0.016071,0.013171,0.01252
atl,HFON,trough_up,unadjusted,133.77,0.016783,0.013874,0.01332
atl,HFON,trough_up,unadjusted,139.21,0.017506,0.014593,0.014172
atl,HFON,trough_up,unadjusted,144.71,0.018266,0.015356,0.015099
atl,HFON,trough_up,unadjusted,149.77,0.018994,0.016093,0.016003
atl,HFON,trough_up,unadjusted,155.14,0.019798,0.016913,0.017004
atl,HFON,trough_up,unadjusted,160.92,0.020701,0.017842,0.018131
atl,HFON,trough_up,unadjusted,166.51,0.021612,0.018788,0.019268
atl,HFON,trough_up,unadjusted,172.21,0.022583,0.019804,0.020479
atl,HFON,trough_up,unadjusted,178.03,0.023617,0.020896,0.021767
atl,HFON,trough_up,unadjusted,184.2,0.024762,0.022116,0.02319
atl,HFON,trough_up,unadjusted,190.51,0.025992,0.023439,0.024713
atl,HFON,trough_up,unadjusted,196.78,0.027272,0.024829,0.026293
atl,HFON,trough_up,unadjusted,203.64,0.028741,0.02644,0.028096
atl,HFON,trough_up,unadjusted,211.02,0.030409,0.02829,0.030132
atl,HFON,trough_up,unadjusted,218.42,0.032174,0.030267,0.032269
atl,HFON,trough_up,unadjusted,226.32,0.034169,0.03253,0.034667
atl,HFON,trough_up,unadjusted,234.98,0.036494,0.035197,0.037433
atl,HFON,trough_up,unadjusted,243.84,0.039027,0.03814,0.040412
atl,HFON,trough_up,unadjusted,254.24,0.042218,0.0419,0.044117
atl,HFON,trough_up,unadjusted,266.26,0.046215,0.046685,0.048685
atl,HFON,trough_up,unadjusted,279.23,0.050929,0.052427,0.053974
atl,HFON,trough_up,unadjusted,295.45,0.057468,0.060551,0.061156
atl,HFON,trough_up,unadjusted,316.4,0.067088,0.072797,0.071453
atl,HFON,trough_up,unadjusted,348.13,0.084516,0.095706,0.089537
pac,BOMB,jet250,unadjusted,46.262,0.00093415,0.00025863,0.00030744
pac,BOMB,jet250,unadjusted,54.266,0.0013108,0.00041174,0.00042907
pac,BOMB,jet250,unadjusted,60.1,0.0016779,0.00057786,0.000552
pac,BOMB,jet250,unadjusted,64.348,0.0020081,0.00073954,0.0006678
pac,BOMB,jet250,unadjusted,68.523,0.0023957,0.00094242,0.00081111
pac,BOMB,jet250,unadjusted,72.084,0.0027848,0.0011589,0.00096384
pac,BOMB,jet250,unadjusted,75.72,0.0032473,0.0014312,0.0011579
pac,BOMB,jet250,unadjusted,78.818,0.0037011,0.001713,0.0013623
pac,BOMB,jet250,unadjusted,81.748,0.0041883,0.0020304,0.0015982
pac,BOMB,jet250,unadjusted,84.571,0.0047179,0.0023915,0.001875
pac,BOMB,jet250,unadjusted,87.248,0.0052817,0.002793,0.0021941
pac,BOMB,jet250,unadjusted,89.557,0.0058215,0.0031929,0.0025237
pac,BOMB,jet250,unadjusted,92.116,0.006484,0.0037031,0.0029599
pac,BOMB,jet250,unadjusted,94.605,0.0071999,0.0042768,0.0034696
pac,BOMB,jet250,unadjusted,97.015,0.007968,0.0049168,0.0040597
pac,BOMB,jet250,unadjusted,99.465,0.008832,0.005665,0.0047754
pac,BOMB,jet250,unadjusted,101.78,0.0097313,0.0064736,0.0055769
pac,BOMB,jet250,unadjusted,104.09,0.010722,0.0073977,0.0065245
pac,BOMB,jet250,unadjusted,106.38,0.011805,0.0084451,0.0076342
pac,BOMB,jet250,unadjusted,108.87,0.0131,0.0097453,0.0090574
pac,BOMB,jet250,unadjusted,110.99,0.014314,0.01101,0.010483
pac,BOMB,jet250,unadjusted,113.16,0.015672,0.012473,0.012175
pac,BOMB,jet250,unadjusted,115.48,0.01726,0.014243,0.01427
pac,BOMB,jet250,unadjusted,117.71,0.018937,0.016181,0.016605
pac,BOMB,jet250,unadjusted,120.13,0.020943,0.018584,0.019537
pac,BOMB,jet250,unadjusted,122.41,0.02302,0.021165,0.022705
pac,BOMB,jet250,unadjusted,124.94,0.025557,0.024433,0.026708
pac,BOMB,jet250,unadjusted,127.31,0.028184,0.027944,0.030959
pac,BOMB,jet250,unadjusted,129.82,0.031238,0.032178,0.035972
pac,BOMB,jet250,unadjusted,132.29,0.034571,0.036969,0.04145
pac,BOMB,jet250,unadjusted,134.95,0.03853,0.042875,0.047867
pac,BOMB,jet250,unadjusted,137.68,0.043051,0.049877,0.054959
pac,BOMB,jet250,unadjusted,140.61,0.048474,0.058607,0.063049
pac,BOMB,jet250,unadjusted,143.52,0.054479,0.068648,0.071458
pac,BOMB,jet250,unadjusted,146.95,0.062476,0.082554,0.081786
pac,BOMB,jet250,unadjusted,150.73,0.072547,0.1008,0.093493
pac,BOMB,jet250,unadjusted,154.8,0.085035,0.11792,0.10626
pac,BOMB,jet250,unadjusted,159.62,0.10232,0.12783,0.12135
pac,BOMB,jet250,unadjusted,165.35,0.12688,0.14052,0.13893
pac,BOMB,jet250,unadjusted,172.63,0.16517,0.15816,0.16034
pac,BOMB,jet250,unadjusted,183.51,0.23879,0.18781,0.19067
pac,BOMB,trough_up,unadjusted,-8.2492,0.030841,0.042794,0.042483
pac,BOMB,trough_up,unadjusted,13.468,0.031504,0.036223,0.035387
pac,BOMB,trough_up,unadjusted,26.206,0.031899,0.032832,0.032286
pac,BOMB,trough_up,unadjusted,36.31,0.032216,0.030362,0.030374
pac,BOMB,trough_up,unadjusted,45.288,0.0325,0.029866,0.029074
pac,BOMB,trough_up,unadjusted,53.272,0.032754,0.030238,0.028234
pac,BOMB,trough_up,unadjusted,60.268,0.032979,0.030567,0.027746
pac,BOMB,trough_up,unadjusted,66.56,0.033182,0.030866,0.027511
pac,BOMB,trough_up,unadjusted,72.98,0.033391,0.031175,0.027481
pac,BOMB,trough_up,unadjusted,79.168,0.033594,0.031474,0.027664
pac,BOMB,trough_up,unadjusted,84.887,0.033782,0.031754,0.028033
pac,BOMB,trough_up,unadjusted,90.68,0.033973,0.03204,0.028603
pac,BOMB,trough_up,unadjusted,96.238,0.034158,0.032316,0.029313
pac,BOMB,trough_up,unadjusted,101.54,0.034335,0.032582,0.03012
pac,BOMB,trough_up,unadjusted,107.4,0.034532,0.032878,0.031132
pac,BOMB,trough_up,unadjusted,112.59,0.034707,0.033143,0.032111
pac,BOMB,trough_up,unadjusted,117.69,0.034881,0.033405,0.033126
pac,BOMB,trough_up,unadjusted,123.16,0.035067,0.033688,0.034239
pac,BOMB,trough_up,unadjusted,128.41,0.035247,0.033962,0.035302
pac,BOMB,trough_up,unadjusted,133.33,0.035416,0.03422,0.036258
pac,BOMB,trough_up,unadjusted,138.39,0.035591,0.034489,0.03717
pac,BOMB,trough_up,unadjusted,143.95,0.035785,0.034786,0.038049
pac,BOMB,trough_up,unadjusted,149.14,0.035966,0.035065,0.03875
pac,BOMB,trough_up,unadjusted,154.69,0.036161,0.035366,0.039378
pac,BOMB,trough_up,unadjusted,159.63,0.036336,0.035636,0.039837
pac,BOMB,trough_up,unadjusted,164.6,0.036512,0.03591,0.04021
pac,BOMB,trough_up,unadjusted,170.28,0.036714,0.036225,0.040537
pac,BOMB,trough_up,unadjusted,176.19,0.036926,0.036556,0.040778
pac,BOMB,trough_up,unadjusted,182.39,0.037149,0.036906,0.04094
pac,BOMB,trough_up,unadjusted,188.92,0.037386,0.037279,0.041028
pac,BOMB,trough_up,unadjusted,195.15,0.037613,0.037638,0.041054
pac,BOMB,trough_up,unadjusted,202.11,0.037869,0.038042,0.041041
pac,BOMB,trough_up,unadjusted,209.29,0.038134,0.038464,0.040993
pac,BOMB,trough_up,unadjusted,216.54,0.038404,0.038895,0.040911
pac,BOMB,trough_up,unadjusted,224.56,0.038704,0.039376,0.040783
pac,BOMB,trough_up,unadjusted,234.01,0.039061,0.039951,0.040587
pac,BOMB,trough_up,unadjusted,243.99,0.039441,0.040567,0.040331
pac,BOMB,trough_up,unadjusted,256.72,0.039931,0.041366,0.03994
pac,BOMB,trough_up,unadjusted,271.73,0.040517,0.042327,0.0394
pac,BOMB,trough_up,unadjusted,291.01,0.041281,0.043593,0.03861
pac,BOMB,trough_up,unadjusted,321.84,0.042532,0.045692,0.037209
pac,HFON,jet250,unadjusted,45.232,0.00071418,0.00032578,0.0017303
pac,HFON,jet250,unadjusted,52.563,0.0009478,0.00046511,0.0014769
pac,HFON,jet250,unadjusted,58.121,0.0011746,0.0006092,0.0013435
pac,HFON,jet250,unadjusted,62.56,0.001394,0.00075572,0.0012752
pac,HFON,jet250,unadjusted,66.351,0.0016135,0.00090842,0.0012453
pac,HFON,jet250,unadjusted,70.014,0.0018583,0.0010851,0.0012435
pac,HFON,jet250,unadjusted,73.224,0.0021032,0.0012681,0.0012666
pac,HFON,jet250,unadjusted,76.267,0.002365,0.0014698,0.0013134
pac,HFON,jet250,unadjusted,78.999,0.0026275,0.0016781,0.0013803
pac,HFON,jet250,unadjusted,81.644,0.0029094,0.0019078,0.0014725
pac,HFON,jet250,unadjusted,84.247,0.0032162,0.0021644,0.0015961
pac,HFON,jet250,unadjusted,86.758,0.0035427,0.0024445,0.0017527
pac,HFON,jet250,unadjusted,89.071,0.0038725,0.0027344,0.0019342
pac,HFON,jet250,unadjusted,91.4,0.0042356,0.003061,0.002159
pac,HFON,jet250,unadjusted,93.743,0.004635,0.0034287,0.0024344
pac,HFON,jet250,unadjusted,95.994,0.005054,0.0038235,0.0027534
pac,HFON,jet250,unadjusted,98.247,0.0055112,0.004264,0.0031343
pac,HFON,jet250,unadjusted,100.49,0.0060063,0.0047518,0.0035836
pac,HFON,jet250,unadjusted,102.78,0.0065597,0.0053095,0.004128
pac,HFON,jet250,unadjusted,105.08,0.007165,0.0059336,0.0047703
pac,HFON,jet250,unadjusted,107.3,0.0078005,0.0066036,0.005492
pac,HFON,jet250,unadjusted,109.57,0.0085094,0.0073679,0.0063479
pac,HFON,jet250,unadjusted,111.76,0.0092544,0.0081891,0.0072997
pac,HFON,jet250,unadjusted,114.05,0.010102,0.009144,0.0084403
pac,HFON,jet250,unadjusted,116.43,0.011065,0.010254,0.0098019
pac,HFON,jet250,unadjusted,118.73,0.012079,0.011451,0.011299
pac,HFON,jet250,unadjusted,121.09,0.013219,0.012827,0.013044
pac,HFON,jet250,unadjusted,123.66,0.014576,0.014504,0.015181
pac,HFON,jet250,unadjusted,126.24,0.016083,0.016414,0.017604
pac,HFON,jet250,unadjusted,128.88,0.017778,0.018617,0.020352
pac,HFON,jet250,unadjusted,131.66,0.019752,0.021249,0.02353
pac,HFON,jet250,unadjusted,134.49,0.021981,0.024301,0.027029
pac,HFON,jet250,unadjusted,137.34,0.024479,0.027813,0.030798
pac,HFON,jet250,unadjusted,140.48,0.027548,0.032247,0.035188
pac,HFON,jet250,unadjusted,143.72,0.031112,0.037545,0.039955
pac,HFON,jet250,unadjusted,147.64,0.036012,0.045061,0.045958
pac,HFON,jet250,unadjusted,151.71,0.041895,0.05439,0.052406
pac,HFON,jet250,unadjusted,156.5,0.04998,0.06483,0.060135
pac,HFON,jet250,unadjusted,162.29,0.061743,0.071704,0.069561
pac,HFON,jet250,unadjusted,169.84,0.080953,0.081668,0.081782
pac,HFON,jet250,unadjusted,182.01,0.12356,0.10042,0.10143
pac,HFON,trough_up,unadjusted,-9.4282,0.012611,0.019679,0.020292
pac,HFON,trough_up,unadjusted,12.447,0.013282,0.018026,0.017384
pac,HFON,trough_up,unadjusted,25.457,0.013698,0.017109,0.016034
pac,HFON,trough_up,unadjusted,35.43,0.014025,0.016437,0.015192
pac,HFON,trough_up,unadjusted,44.274,0.014322,0.015863,0.014585
pac,HFON,trough_up,unadjusted,52.02,0.014587,0.015376,0.01416
pac,HFON,trough_up,unadjusted,58.92,0.014827,0.014955,0.013868
pac,HFON,trough_up,unadjusted,65.336,0.015054,0.014574,0.013671
pac,HFON,trough_up,unadjusted,71.95,0.015291,0.014191,0.013543
pac,HFON,trough_up,unadjusted,78.091,0.015515,0.013844,0.013497
pac,HFON,trough_up,unadjusted,84.35,0.015746,0.013499,0.013526
pac,HFON,trough_up,unadjusted,89.99,0.015957,0.013424,0.013616
pac,HFON,trough_up,unadjusted,95.63,0.016171,0.013714,0.013764
pac,HFON,trough_up,unadjusted,100.96,0.016376,0.013994,0.013951
pac,HFON,trough_up,unadjusted,106.53,0.016593,0.014291,0.014192
pac,HFON,trough_up,unadjusted,111.86,0.016803,0.014583,0.014464
pac,HFON,trough_up,unadjusted,116.94,0.017006,0.014866,0.014757
pac,HFON,trough_up,unadjusted,122.31,0.017223,0.015171,0.015097
pac,HFON,trough_up,unadjusted,127.44,0.017432,0.015468,0.01545
pac,HFON,trough_up,unadjusted,132.47,0.01764,0.015765,0.015818
pac,HFON,trough_up,unadjusted,137.51,0.017851,0.016068,0.016203
pac,HFON,trough_up,unadjusted,143.23,0.018094,0.016419,0.016658
pac,HFON,trough_up,unadjusted,148.42,0.018317,0.016745,0.017084
pac,HFON,trough_up,unadjusted,153.89,0.018554,0.017094,0.017543
pac,HFON,trough_up,unadjusted,158.93,0.018776,0.017422,0.017976
pac,HFON,trough_up,unadjusted,163.84,0.018994,0.017748,0.018405
pac,HFON,trough_up,unadjusted,169.57,0.019252,0.018135,0.018912
pac,HFON,trough_up,unadjusted,175.21,0.01951,0.018525,0.019414
pac,HFON,trough_up,unadjusted,181.45,0.019799,0.018966,0.01997
pac,HFON,trough_up,unadjusted,187.84,0.020098,0.019428,0.020535
pac,HFON,trough_up,unadjusted,194,0.020392,0.019884,0.021071
pac,HFON,trough_up,unadjusted,201.22,0.020741,0.020431,0.02168
pac,HFON,trough_up,unadjusted,208.09,0.021079,0.020966,0.022239
pac,HFON,trough_up,unadjusted,215.81,0.021464,0.021583,0.022839
pac,HFON,trough_up,unadjusted,223.95,0.021879,0.022254,0.023441
pac,HFON,trough_up,unadjusted,233.6,0.02238,0.023074,0.024113
pac,HFON,trough_up,unadjusted,244.19,0.022943,0.024009,0.024799
pac,HFON,trough_up,unadjusted,256.81,0.023632,0.025171,0.02555
pac,HFON,trough_up,unadjusted,271.73,0.024473,0.026616,0.026349
pac,HFON,trough_up,unadjusted,290.74,0.025587,0.028574,0.027245
pac,HFON,trough_up,unadjusted,321.84,0.027516,0.032083,0.028497
atl,BOMB,trough_up_eddy,eddy,-4.7642,0.010417,0.0078685,0.0095821
atl,BOMB,trough_up_eddy,eddy,16.69,0.011822,0.0094076,0.010287
atl,BOMB,trough_up_eddy,eddy,29.533,0.012747,0.010462,0.010814
atl,BOMB,trough_up_eddy,eddy,40.77,0.013611,0.011475,0.011371
atl,BOMB,trough_up_eddy,eddy,50.094,0.01437,0.012385,0.011922
atl,BOMB,trough_up_eddy,eddy,59.645,0.015187,0.013388,0.01259
atl,BOMB,trough_up_eddy,eddy,67.982,0.015936,0.014324,0.013278
atl,BOMB,trough_up_eddy,eddy,75.64,0.016654,0.015237,0.014014
atl,BOMB,trough_up_eddy,eddy,82.553,0.017327,0.016108,0.014778
atl,BOMB,trough_up_eddy,eddy,89.08,0.017986,0.016972,0.015602
atl,BOMB,trough_up_eddy,eddy,95.091,0.018613,0.017805,0.016462
atl,BOMB,trough_up_eddy,eddy,100.39,0.019182,0.018571,0.017307
atl,BOMB,trough_up_eddy,eddy,106.23,0.019827,0.019449,0.018329
atl,BOMB,trough_up_eddy,eddy,111.84,0.020467,0.020329,0.019397
atl,BOMB,trough_up_eddy,eddy,117.58,0.021139,0.021266,0.020567
atl,BOMB,trough_up_eddy,eddy,123.56,0.021862,0.022284,0.021862
atl,BOMB,trough_up_eddy,eddy,129.25,0.022569,0.023292,0.023148
atl,BOMB,trough_up_eddy,eddy,134.31,0.023216,0.024224,0.024326
atl,BOMB,trough_up_eddy,eddy,139.8,0.023936,0.025271,0.025622
atl,BOMB,trough_up_eddy,eddy,145.78,0.024743,0.026459,0.027032
atl,BOMB,trough_up_eddy,eddy,151.06,0.025476,0.027547,0.02825
atl,BOMB,trough_up_eddy,eddy,156.79,0.026294,0.028775,0.029524
atl,BOMB,trough_up_eddy,eddy,162.51,0.027133,0.030047,0.030736
atl,BOMB,trough_up_eddy,eddy,168.78,0.02808,0.031498,0.031997
atl,BOMB,trough_up_eddy,eddy,174.5,0.02897,0.032877,0.03309
atl,BOMB,trough_up_eddy,eddy,180.31,0.029898,0.034328,0.034145
atl,BOMB,trough_up_eddy,eddy,186.4,0.0309,0.035285,0.035199
atl,BOMB,trough_up_eddy,eddy,192.59,0.031947,0.036139,0.036223
atl,BOMB,trough_up_eddy,eddy,198.81,0.033031,0.037016,0.037216
atl,BOMB,trough_up_eddy,eddy,206.36,0.034391,0.038105,0.038387
atl,BOMB,trough_up_eddy,eddy,214.06,0.035825,0.039243,0.039565
atl,BOMB,trough_up_eddy,eddy,222.32,0.037422,0.040496,0.040842
atl,BOMB,trough_up_eddy,eddy,231.02,0.03917,0.041853,0.042219
atl,BOMB,trough_up_eddy,eddy,240.85,0.041229,0.043433,0.043815
atl,BOMB,trough_up_eddy,eddy,250.54,0.043347,0.045039,0.04543
atl,BOMB,trough_up_eddy,eddy,261.16,0.045773,0.046856,0.04725
atl,BOMB,trough_up_eddy,eddy,274.85,0.049067,0.049287,0.049672
atl,BOMB,trough_up_eddy,eddy,289.8,0.052888,0.052062,0.052421
atl,BOMB,trough_up_eddy,eddy,309.4,0.058266,0.055895,0.056193
atl,BOMB,trough_up_eddy,eddy,336.67,0.066475,0.061604,0.061769
atl,BOMB,trough_up_eddy,eddy,378.16,0.080706,0.071184,0.071038
atl,HFON,trough_up_eddy,eddy,-6.804,0.013478,0.023835,0.024427
atl,HFON,trough_up_eddy,eddy,15.362,0.014362,0.021806,0.021148
atl,HFON,trough_up_eddy,eddy,28.658,0.014916,0.020661,0.019541
atl,HFON,trough_up_eddy,eddy,39.56,0.015384,0.01976,0.018435
atl,HFON,trough_up_eddy,eddy,49.408,0.015818,0.018976,0.017602
atl,HFON,trough_up_eddy,eddy,58.517,0.016229,0.018274,0.016975
atl,HFON,trough_up_eddy,eddy,66.8,0.01661,0.017655,0.016525
atl,HFON,trough_up_eddy,eddy,74.373,0.016965,0.017106,0.016217
atl,HFON,trough_up_eddy,eddy,81.41,0.017302,0.016608,0.016022
atl,HFON,trough_up_eddy,eddy,87.978,0.017621,0.016155,0.015921
atl,HFON,trough_up_eddy,eddy,93.94,0.017914,0.015753,0.015901
atl,HFON,trough_up_eddy,eddy,99.56,0.018195,0.015633,0.015944
atl,HFON,trough_up_eddy,eddy,105.36,0.018489,0.01597,0.016047
atl,HFON,trough_up_eddy,eddy,110.84,0.01877,0.016294,0.016195
atl,HFON,trough_up_eddy,eddy,116.61,0.019071,0.016641,0.0164
atl,HFON,trough_up_eddy,eddy,122.3,0.01937,0.016989,0.016646
atl,HFON,trough_up_eddy,eddy,128.1,0.01968,0.017352,0.016941
atl,HFON,trough_up_eddy,eddy,133.35,0.019965,0.017685,0.017242
atl,HFON,trough_up_eddy,eddy,138.72,0.020259,0.018032,0.017579
atl,HFON,trough_up_eddy,eddy,144.57,0.020584,0.018416,0.017977
atl,HFON,trough_up_eddy,eddy,149.95,0.020886,0.018775,0.018367
atl,HFON,trough_up_eddy,eddy,155.38,0.021195,0.019144,0.018781
atl,HFON,trough_up_eddy,eddy,161.17,0.021529,0.019544,0.019242
atl,HFON,trough_up_eddy,eddy,167.27,0.021886,0.019974,0.01975
atl,HFON,trough_up_eddy,eddy,173.3,0.022244,0.020406,0.020271
atl,HFON,trough_up_eddy,eddy,179.04,0.022589,0.020826,0.020784
atl,HFON,trough_up_eddy,eddy,185.32,0.022971,0.021292,0.02136
atl,HFON,trough_up_eddy,eddy,191.71,0.023366,0.021776,0.021962
atl,HFON,trough_up_eddy,eddy,197.93,0.023756,0.022256,0.022558
atl,HFON,trough_up_eddy,eddy,205.52,0.024239,0.022854,0.023297
atl,HFON,trough_up_eddy,eddy,212.97,0.024721,0.023454,0.024026
atl,HFON,trough_up_eddy,eddy,220.77,0.025235,0.024096,0.024789
atl,HFON,trough_up_eddy,eddy,229.48,0.025819,0.024831,0.025634
atl,HFON,trough_up_eddy,eddy,238.98,0.026469,0.025654,0.026548
atl,HFON,trough_up_eddy,eddy,249.23,0.027185,0.026567,0.027523
atl,HFON,trough_up_eddy,eddy,259.76,0.027938,0.027534,0.028513
atl,HFON,trough_up_eddy,eddy,273,0.028909,0.02879,0.029742
atl,HFON,trough_up_eddy,eddy,288.11,0.030051,0.030282,0.031122
atl,HFON,trough_up_eddy,eddy,307.45,0.031567,0.032285,0.032857
atl,HFON,trough_up_eddy,eddy,333.19,0.033683,0.035118,0.035127
atl,HFON,trough_up_eddy,eddy,371.86,0.037078,0.039755,0.038513
pac,BOMB,trough_up_eddy,eddy,20.784,0.013585,0.0078791,0.0095643
pac,BOMB,trough_up_eddy,eddy,42.408,0.015041,0.0096706,0.010598
pac,BOMB,trough_up_eddy,eddy,56.09,0.016035,0.010994,0.011387
pac,BOMB,trough_up_eddy,eddy,67.524,0.01691,0.012227,0.012164
pac,BOMB,trough_up_eddy,eddy,77.24,0.017688,0.013373,0.012933
pac,BOMB,trough_up_eddy,eddy,86.7,0.018475,0.014582,0.0138
pac,BOMB,trough_up_eddy,eddy,95.25,0.019214,0.01576,0.014707
pac,BOMB,trough_up_eddy,eddy,103.24,0.019928,0.016939,0.015681
pac,BOMB,trough_up_eddy,eddy,110.55,0.020601,0.018085,0.016698
pac,BOMB,trough_up_eddy,eddy,117.49,0.021258,0.019236,0.017795
pac,BOMB,trough_up_eddy,eddy,124.32,0.021924,0.020433,0.01902
pac,BOMB,trough_up_eddy,eddy,131.65,0.022659,0.021791,0.020505
pac,BOMB,trough_up_eddy,eddy,138.46,0.02336,0.023122,0.022036
pac,BOMB,trough_up_eddy,eddy,145.59,0.024114,0.024592,0.02378
pac,BOMB,trough_up_eddy,eddy,152.55,0.024872,0.026105,0.025604
pac,BOMB,trough_up_eddy,eddy,159.26,0.025621,0.027638,0.027448
pac,BOMB,trough_up_eddy,eddy,166.23,0.02642,0.029311,0.029418
pac,BOMB,trough_up_eddy,eddy,173.02,0.027219,0.031025,0.031351
pac,BOMB,trough_up_eddy,eddy,180.02,0.028064,0.032878,0.033303
pac,BOMB,trough_up_eddy,eddy,186.67,0.028887,0.034725,0.035065
pac,BOMB,trough_up_eddy,eddy,193.95,0.029813,0.036846,0.036821
pac,BOMB,trough_up_eddy,eddy,201.29,0.030772,0.037526,0.038342
pac,BOMB,trough_up_eddy,eddy,208.29,0.031709,0.038183,0.039552
pac,BOMB,trough_up_eddy,eddy,215.23,0.032663,0.038845,0.040539
pac,BOMB,trough_up_eddy,eddy,222.42,0.033677,0.03954,0.041357
pac,BOMB,trough_up_eddy,eddy,230.28,0.034815,0.040312,0.042049
pac,BOMB,trough_up_eddy,eddy,237.57,0.035899,0.041039,0.042537
pac,BOMB,trough_up_eddy,eddy,244.69,0.036985,0.041759,0.042911
pac,BOMB,trough_up_eddy,eddy,251.84,0.038101,0.042492,0.04322
pac,BOMB,trough_up_eddy,eddy,259.05,0.039257,0.043243,0.043504
pac,BOMB,trough_up_eddy,eddy,267.07,0.040575,0.04409,0.043839
pac,BOMB,trough_up_eddy,eddy,274.75,0.04187,0.044914,0.044227
pac,BOMB,trough_up_eddy,eddy,283.29,0.043352,0.045845,0.044762
pac,BOMB,trough_up_eddy,eddy,292.86,0.045061,0.046906,0.045487
pac,BOMB,trough_up_eddy,eddy,302.62,0.04686,0.048008,0.04636
pac,BOMB,trough_up_eddy,eddy,314.18,0.049066,0.049342,0.047564
pac,BOMB,trough_up_eddy,eddy,326.56,0.051518,0.050801,0.049052
pac,BOMB,trough_up_eddy,eddy,340.23,0.054338,0.052452,0.050927
pac,BOMB,trough_up_eddy,eddy,356.55,0.057861,0.054479,0.053472
pac,BOMB,trough_up_eddy,eddy,376.86,0.062491,0.057087,0.05708
pac,BOMB,trough_up_eddy,eddy,407.62,0.070038,0.06122,0.063376
pac,HFON,trough_up_eddy,eddy,19.847,0.013751,0.013032,0.013332
pac,HFON,trough_up_eddy,eddy,41.457,0.014116,0.013557,0.013927
pac,HFON,trough_up_eddy,eddy,54.977,0.014348,0.013895,0.014294
pac,HFON,trough_up_eddy,eddy,66.26,0.014545,0.014182,0.014593
pac,HFON,trough_up_eddy,eddy,75.684,0.014711,0.014426,0.014835
pac,HFON,trough_up_eddy,eddy,84.752,0.014872,0.014663,0.015058
pac,HFON,trough_up_eddy,eddy,92.807,0.015016,0.014877,0.015248
pac,HFON,trough_up_eddy,eddy,100.59,0.015156,0.015087,0.015422
pac,HFON,trough_up_eddy,eddy,108.06,0.015292,0.01529,0.015578
pac,HFON,trough_up_eddy,eddy,114.98,0.015419,0.01548,0.015714
pac,HFON,trough_up_eddy,eddy,121.8,0.015545,0.015669,0.015838
pac,HFON,trough_up_eddy,eddy,128.68,0.015673,0.015862,0.015953
pac,HFON,trough_up_eddy,eddy,135.82,0.015806,0.016041,0.016063
pac,HFON,trough_up_eddy,eddy,142.33,0.015929,0.016156,0.016158
pac,HFON,trough_up_eddy,eddy,149.25,0.01606,0.01628,0.016253
pac,HFON,trough_up_eddy,eddy,155.97,0.016188,0.0164,0.016343
pac,HFON,trough_up_eddy,eddy,162.46,0.016313,0.016517,0.016428
pac,HFON,trough_up_eddy,eddy,169.11,0.016442,0.016638,0.016516
pac,HFON,trough_up_eddy,eddy,175.89,0.016574,0.016762,0.016607
pac,HFON,trough_up_eddy,eddy,182.3,0.016699,0.01688,0.016697
pac,HFON,trough_up_eddy,eddy,189.05,0.016832,0.017005,0.016796
pac,HFON,trough_up_eddy,eddy,196.34,0.016977,0.017141,0.016912
pac,HFON,trough_up_eddy,eddy,203.28,0.017116,0.017271,0.017029
pac,HFON,trough_up_eddy,eddy,210.48,0.017261,0.017406,0.017158
pac,HFON,trough_up_eddy,eddy,217.65,0.017406,0.017542,0.017292
pac,HFON,trough_up_eddy,eddy,225.42,0.017564,0.017691,0.017444
pac,HFON,trough_up_eddy,eddy,233.24,0.017725,0.017841,0.017604
pac,HFON,trough_up_eddy,eddy,240.43,0.017874,0.01798,0.017755
pac,HFON,trough_up_eddy,eddy,247.61,0.018024,0.01812,0.017909
pac,HFON,trough_up_eddy,eddy,255.11,0.018182,0.018267,0.018074
pac,HFON,trough_up_eddy,eddy,262.7,0.018342,0.018417,0.018243
pac,HFON,trough_up_eddy,eddy,270.49,0.018508,0.018572,0.018418
pac,HFON,trough_up_eddy,eddy,279.12,0.018694,0.018745,0.018613
pac,HFON,trough_up_eddy,eddy,288.23,0.018891,0.018929,0.018821
pac,HFON,trough_up_eddy,eddy,298.35,0.019112,0.019135,0.019054
pac,HFON,trough_up_eddy,eddy,309.26,0.019353,0.019359,0.019308
pac,HFON,trough_up_eddy,eddy,322.66,0.019652,0.019637,0.019623
pac,HFON,trough_up_eddy,eddy,336.94,0.019976,0.019938,0.019963
pac,HFON,trough_up_eddy,eddy,353,0.020344,0.02028,0.020351
pac,HFON,trough_up_eddy,eddy,374.17,0.020838,0.020738,0.020872
pac,HFON,trough_up_eddy,eddy,404.27,0.021558,0.021404,0.02163
