time,G_T,max_lat,max_lon,max_dlow,n_elig,n_ok,n_lows,GH,GRAD,gmax_all_elig,bytes,track,ref_lat,ref_lon,ref_msl,ref_speed,ref_heading,ref_dp12,season,case,tip,barrier,half,w
2004122312,81.4,72.0,343.25,510.5,2453,1871,20,1020.36,9.98,81.4,5361160,242850,64.25,-28.25,990.6,66.892,55.902,-12.8,2004,True,False,True,discovery,1.0
2004122400,71.7,71.5,342.5,659.7,2453,2410,17,1020.85,12.46,71.7,5366194,242850,63.0,-22.75,985.6,27.954,110.961,-5.0,2004,True,False,True,discovery,1.0
2004122712,78.1,65.5,321.0,447.8,2453,1086,25,987.14,-1.7,78.1,5364412,242907,65.75,-29.25,958.9,11.123,132.397,-6.8,2004,True,False,True,discovery,1.0
2005010312,90.9,65.75,324.5,404.5,2453,1378,27,1007.96,4.03,90.9,5355136,243015,62.5,-39.25,955.9,8.261,204.785,-18.5,2004,True,False,True,discovery,1.0
2005010400,100.3,65.25,323.25,400.5,2453,1787,27,1001.49,4.97,100.3,5370415,243015,62.0,-33.25,951.0,18.779,90.0,-4.9,2004,True,False,True,discovery,1.0
2005010412,84.0,70.5,339.0,446.6,2453,1532,24,1000.89,8.2,107.6,5363271,243040,66.5,-22.0,950.6,9.413,237.914,-8.0,2004,True,False,True,discovery,1.0
2005010500,82.0,69.0,338.25,453.1,2453,963,22,997.98,7.1,82.0,5367457,243040,65.0,-23.75,956.1,6.547,139.794,5.5,2004,True,False,True,discovery,1.0
2005011612,80.4,60.0,321.0,558.7,2453,1671,16,985.59,-4.07,80.4,5366745,243235,64.25,-33.25,944.0,5.451,23.482,-13.6,2004,True,True,False,discovery,1.0
2005011700,87.7,59.5,321.75,468.0,2453,956,11,986.9,-2.39,87.7,5363658,243235,63.5,-35.5,945.5,7.825,196.566,1.5,2004,True,True,False,discovery,1.0
2005011712,88.8,58.5,319.5,731.2,2453,1576,17,995.53,5.42,88.8,5353138,243253,66.75,-22.0,949.6,10.197,222.647,-2.8,2004,True,False,True,discovery,1.0
2005020700,76.6,59.0,318.5,748.8,2453,1702,13,1005.19,-9.08,76.6,5374400,243619,64.5,-33.25,954.4,7.577,351.834,-27.6,2004,True,True,False,discovery,1.0
2005020900,73.5,65.0,320.0,600.2,2453,1596,11,997.68,2.42,73.5,5378254,243619,66.25,-27.25,962.2,5.842,211.137,1.5,2004,True,False,True,discovery,1.0
2005020912,84.5,65.5,321.0,590.4,2453,1640,14,1005.11,7.57,84.5,5376346,243619,65.25,-26.25,964.7,5.421,157.283,2.5,2004,True,False,True,discovery,1.0
2005031800,72.5,65.75,327.75,449.5,2453,2314,25,1034.93,14.52,72.5,5383240,244421,62.75,-26.0,977.8,10.998,24.602,1.8,2004,True,False,True,discovery,1.0
2006120112,72.6,68.75,337.75,456.3,2453,2224,17,1002.08,12.32,72.6,5359629,261609,65.25,-16.75,962.2,13.551,22.717,12.9,2006,True,False,True,discovery,1.0
2006121000,86.8,65.5,324.0,444.8,2453,1832,16,987.37,5.52,86.8,5352165,261751,61.5,-36.0,937.0,8.731,55.063,-14.2,2006,True,False,True,discovery,1.0
2006121012,80.7,65.5,325.0,405.6,2453,1718,22,983.2,12.33,84.1,5345946,261751,62.75,-29.5,933.0,17.883,73.764,-4.0,2006,True,False,True,discovery,1.0
2006121100,77.1,68.75,337.75,781.4,2453,2012,22,985.92,14.93,77.1,5348639,261751,62.25,-28.75,941.1,12.554,174.68,8.1,2006,True,False,True,discovery,1.0
2006122300,77.9,67.75,331.25,469.2,2453,1233,21,1006.96,-0.85,90.0,5360633,261903,64.0,-33.5,959.5,25.096,354.989,-11.9,2006,True,False,True,discovery,1.0
2006122400,82.5,65.5,323.75,681.8,2453,1917,24,1010.63,-1.37,82.5,5367502,261916,59.5,-39.0,968.9,9.108,56.704,-9.2,2006,True,False,True,discovery,1.0
2006123012,73.6,68.75,337.25,738.7,2453,2095,12,980.86,6.54,73.6,5365863,261969,62.75,-29.75,950.0,5.0,0.0,-0.6,2006,True,False,True,discovery,1.0
2007011700,87.0,65.0,322.5,472.7,2453,1729,13,1007.9,4.15,87.0,5353710,262204,60.5,-27.25,970.0,18.871,121.999,-4.9,2006,True,False,True,discovery,1.0
2007021600,73.8,68.0,336.0,629.8,2453,2453,17,1011.13,11.23,73.8,5357272,262803,62.5,-20.75,952.7,10.583,19.102,2.1,2006,True,False,True,discovery,1.0
2007030312,72.5,65.25,325.5,557.0,2453,1867,16,1010.98,6.37,72.5,5390242,263113,60.5,-38.0,972.9,20.597,193.832,-1.1,2006,True,False,True,discovery,1.0
2007030600,75.8,68.0,337.0,624.7,2453,2453,14,1005.25,14.25,75.8,5375710,263125,62.5,-20.25,961.3,23.06,244.3,5.8,2006,True,False,True,discovery,1.0
2007030700,76.8,68.75,337.25,516.6,2453,2347,18,1004.97,13.06,76.8,5377899,263150,64.5,-18.0,966.7,20.602,276.97,11.3,2006,True,False,True,discovery,1.0
2008121212,78.5,59.0,319.0,618.4,2453,1757,21,1003.17,-3.13,78.5,5362973,281367,64.5,-39.25,957.6,23.967,238.564,11.0,2008,True,True,False,discovery,1.0
2008121312,72.1,69.0,337.5,580.7,2453,1885,18,1014.29,5.43,72.1,5359724,281388,64.25,-28.0,986.7,6.98,290.988,11.0,2008,True,False,True,discovery,1.0
2008121800,72.2,59.25,317.5,791.3,2453,1490,20,994.42,1.34,72.2,5364740,281441,65.5,-30.75,962.8,12.452,246.325,-3.1,2008,True,True,False,discovery,1.0
2008122300,87.8,67.75,330.5,433.8,2453,1716,24,999.99,-9.46,91.1,5365923,281454,64.25,-33.75,954.8,22.5,0.0,-8.3,2008,True,False,True,discovery,1.0
2009011612,78.0,68.5,337.75,420.9,2453,1845,13,997.51,9.72,78.0,5356758,281820,56.75,-45.5,953.1,3.71,132.362,8.8,2008,True,False,True,discovery,1.0
2009011700,76.8,68.25,337.25,417.1,2453,1638,16,993.06,7.86,76.8,5365448,281851,61.5,-29.75,956.3,5.0,0.0,-7.0,2008,True,False,True,discovery,1.0
2009011900,72.5,58.0,319.0,1092.6,2453,1998,18,994.0,11.38,72.5,5365549,281861,66.75,-16.75,947.1,22.535,303.69,3.2,2008,True,False,True,discovery,1.0
2009012400,71.9,68.5,337.0,735.2,2453,2283,16,1001.79,13.11,71.9,5364344,281931,62.5,-16.25,948.8,5.251,298.432,5.6,2008,True,False,True,discovery,1.0
2009012412,73.2,67.5,334.0,475.6,2453,2358,23,1003.41,12.02,73.2,5355272,281931,63.75,-21.0,958.5,16.213,297.554,9.7,2008,True,False,True,discovery,1.0
2009012700,74.4,65.25,323.5,913.9,2453,1970,15,990.37,-2.34,74.4,5362888,281949,59.5,-49.25,960.0,33.367,261.382,5.5,2008,True,False,True,discovery,1.0
2009030200,78.6,59.75,321.0,422.2,2453,1265,23,1004.5,-2.22,80.3,5380593,282638,63.5,-37.75,970.4,10.052,138.254,-1.4,2008,True,True,False,discovery,1.0
2009030212,79.8,59.5,321.0,479.6,2453,1701,22,1009.33,5.24,79.8,5370003,282638,63.0,-33.75,972.2,11.373,116.081,1.8,2008,True,True,False,discovery,1.0
2009031500,75.2,67.5,331.75,473.5,2453,1682,25,1006.69,-0.63,80.6,5369789,282865,64.25,-35.0,973.9,18.858,228.481,4.0,2008,True,False,True,discovery,1.0
2009031800,72.6,65.25,323.5,673.0,2453,1795,28,1014.56,-1.96,72.6,5370141,283078,59.75,-42.0,986.2,2.799,26.738,0.0,2008,True,False,True,discovery,1.0
2009032012,76.1,65.5,323.75,495.5,2453,1896,28,1014.6,0.71,76.1,5374393,283098,61.25,-33.25,981.9,21.774,69.852,-5.9,2008,True,False,True,discovery,1.0
2009032912,73.9,69.25,339.0,588.0,2453,1773,29,1025.57,16.95,73.9,5369526,283364,63.5,-26.25,986.6,19.493,120.864,6.5,2008,True,False,True,discovery,1.0
2010122612,93.8,67.75,333.25,405.2,2453,1964,24,1019.22,7.59,95.7,5362436,301059,64.25,-24.25,970.2,61.639,13.242,-2.1,2010,True,False,True,discovery,1.0
2010122700,78.7,68.5,335.5,421.9,2453,1583,25,1010.63,-4.37,85.6,5361998,301059,65.25,-29.5,965.2,4.014,231.473,-5.0,2010,True,False,True,discovery,1.0
2011020900,96.2,65.5,323.75,560.6,2453,1783,24,998.54,0.18,96.2,5373565,301743,60.75,-40.0,946.9,2.5,0.0,-7.1,2010,True,False,True,discovery,1.0
2011020912,78.4,65.75,323.75,444.9,2453,1653,29,994.09,-7.11,78.4,5367633,301743,61.75,-36.0,950.9,14.609,46.802,4.0,2010,True,False,True,discovery,1.0
2011021100,80.1,65.75,324.5,763.7,2453,2369,21,997.84,-3.59,80.1,5363868,301799,59.0,-32.75,942.8,24.507,324.695,-14.0,2010,True,False,True,discovery,1.0
2011021112,84.3,65.5,322.5,466.6,2453,1734,24,989.63,-11.51,84.3,5363949,301799,61.75,-41.75,936.3,39.875,288.269,-6.5,2010,True,False,True,discovery,1.0
2011021300,83.4,58.25,319.5,494.6,2453,1745,24,998.29,-2.92,83.4,5371103,301848,61.75,-35.0,935.8,18.185,294.358,3.3,2010,True,False,True,discovery,1.0
2011022400,83.5,69.0,338.25,557.0,2453,1680,18,994.77,8.69,83.5,5374183,302119,64.0,-22.5,960.8,15.159,8.313,3.7,2010,True,False,True,discovery,1.0
2011030512,76.6,65.75,324.5,422.0,2453,1757,18,1015.91,-7.27,78.3,5373563,302353,62.5,-40.0,989.0,46.185,29.993,-0.7,2010,True,False,True,discovery,1.0
2011031512,73.6,65.75,333.0,403.1,2453,1805,23,987.01,-12.26,79.0,5374176,302551,67.0,-35.5,964.4,10.736,338.658,10.4,2010,True,False,True,discovery,1.0
2012111200,72.4,62.75,319.5,680.8,2453,2222,17,1003.67,0.33,72.4,5374693,320063,56.25,-42.25,969.2,18.228,97.883,9.3,2012,True,False,True,discovery,1.0
2012111700,76.4,69.0,338.25,426.0,2453,1522,26,1016.88,9.55,76.4,5359473,320176,62.0,-39.5,1000.6,,,,2012,True,False,True,discovery,1.0
2012112012,74.4,59.25,317.0,610.7,2453,2442,21,1015.5,10.48,74.4,5367862,320207,57.0,-33.5,974.1,8.17,270.0,-2.5,2012,True,True,False,discovery,1.0
2012112300,73.4,69.0,338.25,661.0,2453,2085,19,1010.81,13.83,73.4,5376674,320244,63.25,-18.0,972.3,11.294,296.276,-1.8,2012,True,False,True,discovery,1.0
2012113012,83.8,59.25,315.0,434.8,2453,2314,20,1023.87,3.06,83.8,5365254,320381,55.75,-48.25,951.6,38.86,25.753,-19.6,2012,True,True,False,discovery,1.0
2012122600,74.6,65.25,323.25,706.9,2453,1624,19,1018.52,7.16,74.6,5377733,320822,59.75,-47.5,984.9,7.912,18.565,-5.4,2012,True,False,True,discovery,1.0
2012122812,74.2,67.25,334.75,726.4,2453,2453,16,1015.78,17.09,74.2,5363438,320827,60.75,-26.75,966.2,12.398,143.761,-8.3,2012,True,False,True,discovery,1.0
2012122900,85.7,67.5,334.0,556.1,2453,2344,15,1017.44,22.01,85.7,5368174,320868,62.5,-15.75,948.2,40.808,11.421,-13.7,2012,True,False,True,discovery,1.0
2012122912,88.1,69.0,338.25,612.5,2453,2396,13,1017.11,25.99,88.1,5365672,320882,63.5,-21.0,953.1,,,,2012,True,False,True,discovery,1.0
2012123000,80.6,69.25,339.0,500.9,2453,2353,15,1014.59,19.38,80.6,5370451,320882,60.75,-15.5,959.9,24.391,107.908,6.8,2012,True,False,True,discovery,1.0
2013010912,72.7,65.75,324.5,636.3,2453,1851,26,1001.89,-6.17,72.7,5369616,321010,60.25,-39.0,957.0,7.9,18.305,6.8,2012,True,False,True,discovery,1.0
2013012100,72.4,58.25,313.0,626.8,2453,1843,20,1013.55,0.48,72.4,5370937,321210,61.0,-37.25,958.5,21.075,53.622,,2012,True,False,True,discovery,1.0
2013012400,72.1,65.0,322.5,803.0,2453,2003,20,1013.65,1.48,72.1,5367319,321223,58.0,-41.25,949.6,18.285,343.153,-5.2,2012,True,False,True,discovery,1.0
2013012412,77.8,65.0,322.5,779.0,2453,1818,22,1008.88,3.26,77.8,5370168,321223,59.0,-45.25,954.9,10.307,299.019,5.3,2012,True,False,True,discovery,1.0
2013012500,76.1,65.75,325.25,404.0,2453,1400,23,1004.54,-0.0,79.9,5372465,321264,63.0,-40.25,979.4,26.072,253.281,,2012,True,False,True,discovery,1.0
2013012712,73.6,66.25,332.75,685.7,2453,2402,23,998.94,13.97,73.6,5358020,321262,60.5,-22.25,942.7,8.972,326.713,6.0,2012,True,False,True,discovery,1.0
2013030812,79.5,66.0,324.75,424.2,2453,1766,30,1032.53,0.72,84.4,5372744,322065,62.5,-38.75,989.1,6.29,246.581,-1.4,2012,True,False,True,discovery,1.0
2013030900,82.4,65.0,323.0,426.6,2453,1747,28,1031.06,1.66,82.4,5376962,322065,61.5,-40.5,998.9,3.456,223.661,9.8,2012,True,False,True,discovery,1.0
2014111912,71.9,61.25,309.5,717.9,2453,1778,17,1003.73,-7.92,71.9,5365096,339583,67.0,-35.0,998.1,10.114,119.628,0.2,2014,True,False,True,discovery,1.0
2014120900,89.2,66.0,326.0,400.9,2453,1750,10,996.74,-2.35,94.5,5371843,339893,62.5,-36.0,943.9,14.748,59.432,-23.9,2014,True,False,True,discovery,1.0
2014120912,86.6,67.25,332.0,400.4,2453,1517,15,999.21,17.29,87.1,5357433,339893,62.5,-29.75,945.9,13.852,90.0,2.0,2014,True,False,True,discovery,1.0
2014121000,84.5,66.75,338.0,467.7,2453,1747,14,1008.36,15.87,84.5,5363186,339893,63.0,-17.5,951.5,25.465,78.677,5.6,2014,True,False,True,discovery,1.0
2014121712,78.7,70.25,339.0,417.1,2453,1812,20,1000.31,1.97,82.4,5358900,339995,66.5,-21.25,953.9,15.988,38.572,3.5,2014,True,False,True,discovery,1.0
2014121800,72.0,59.0,318.25,776.1,2453,1199,20,999.59,5.97,72.0,5354490,339995,66.5,-22.0,957.8,7.06,224.91,3.9,2014,True,True,False,discovery,1.0
2014121900,74.8,69.0,338.25,860.0,2453,1618,13,1004.64,8.23,74.8,5355751,340025,64.75,-39.25,986.9,6.399,270.0,,2014,True,False,True,discovery,1.0
2014122100,81.4,65.75,324.75,415.6,2453,1751,11,1003.04,-6.52,81.4,5354164,340025,62.25,-38.25,959.6,27.782,215.915,-10.6,2014,True,False,True,discovery,1.0
2015010500,75.6,68.75,337.0,414.9,2453,1209,17,1007.71,-3.48,93.3,5371008,340284,65.75,-28.75,960.2,39.58,332.163,-27.4,2014,True,False,True,discovery,1.0
2015010700,71.9,64.75,323.5,536.9,2453,2005,15,979.97,-2.76,71.9,5378597,340259,60.5,-31.5,937.7,30.96,61.02,-9.7,2014,True,False,True,discovery,1.0
2015010912,73.2,60.0,320.5,406.7,2453,1576,15,984.29,-7.53,73.2,5365791,340322,63.5,-37.25,959.3,9.272,57.367,4.0,2014,True,True,False,discovery,1.0
2015011900,75.7,65.0,322.5,463.2,2453,2055,25,1002.51,-3.15,75.7,5373238,340419,59.75,-35.25,961.9,20.85,32.932,-4.6,2014,True,False,True,discovery,1.0
2015012312,73.9,65.0,319.75,407.1,2453,1019,19,999.05,-1.85,74.5,5367942,340485,66.0,-31.75,971.2,23.579,64.906,-3.4,2014,True,False,True,discovery,1.0
2015012800,73.8,59.0,320.5,1010.9,2453,1593,17,1003.1,4.8,73.8,5368819,340570,65.75,-26.25,970.1,5.134,90.0,-4.4,2014,True,True,False,discovery,1.0
2015021600,72.7,59.75,322.0,603.7,2453,1288,20,992.18,-3.24,76.5,5377860,340893,65.0,-35.0,965.2,24.427,157.09,1.2,2014,True,True,False,discovery,1.0
2015021612,81.7,65.0,320.0,436.2,2453,1127,20,1002.53,-3.96,81.7,5372248,340893,65.75,-30.75,968.6,9.573,74.862,3.4,2014,True,False,True,discovery,1.0
2015021812,73.5,67.5,334.0,462.4,2453,1545,32,998.2,10.52,76.8,5373807,340933,63.5,-28.75,961.3,19.379,39.284,1.5,2014,True,False,True,discovery,1.0
2015022600,84.5,67.25,333.25,418.4,2453,2089,23,1005.27,16.96,86.1,5372962,341120,63.5,-27.5,946.2,13.25,247.83,-17.2,2014,True,False,True,discovery,1.0
2015022612,82.1,69.25,339.0,653.0,2453,2451,20,1009.16,16.14,82.1,5378584,341120,63.5,-18.0,951.1,19.127,82.49,4.9,2014,True,False,True,discovery,1.0
2015022700,75.1,69.25,339.0,668.5,2453,2122,22,1003.17,5.81,75.1,5380569,341113,57.0,-48.5,966.0,24.195,34.247,-15.7,2014,True,False,True,discovery,1.0
2015030400,73.0,59.25,315.75,434.8,2453,2153,25,1002.92,-0.11,74.3,5375793,341220,55.75,-47.5,952.7,40.568,22.427,-3.7,2014,True,True,False,discovery,1.0
2015031100,77.7,67.5,330.25,470.2,2453,1715,11,996.45,-13.31,83.2,5366916,341334,63.75,-34.5,946.8,9.192,285.781,-16.6,2014,True,False,True,discovery,1.0
2016122012,79.5,69.0,338.25,466.5,2453,1802,12,986.91,6.31,79.5,5364212,359093,65.0,-25.0,942.8,11.84,32.372,-10.4,2016,True,False,True,discovery,1.0
2016122800,81.0,60.0,322.25,561.2,2453,1367,18,980.72,-15.24,81.0,5365420,359231,65.0,-39.25,958.4,36.332,231.736,5.1,2016,True,True,False,discovery,1.0
2017013112,77.3,65.0,323.75,406.9,2453,1539,17,1002.97,11.55,77.6,5367697,359775,63.0,-29.25,959.8,19.647,292.441,-0.1,2016,True,False,True,discovery,1.0
2017020312,72.0,68.75,337.75,932.0,2453,2411,18,998.24,9.54,72.0,5363480,359777,60.5,-18.75,959.7,5.523,63.083,-0.3,2016,True,False,True,discovery,1.0
2017020400,77.9,69.0,337.5,642.9,2453,2308,21,993.56,7.68,77.9,5372756,359777,63.25,-24.0,962.6,24.766,300.313,2.9,2016,True,False,True,discovery,1.0
2017022300,72.0,67.75,332.75,498.9,2453,1805,24,1008.05,0.9,72.0,5371602,360162,63.5,-30.75,975.4,13.25,67.83,1.8,2016,True,False,True,discovery,1.0
2017022512,81.7,59.5,316.25,860.6,2453,1172,16,988.22,-6.66,81.7,5356210,360196,65.75,-33.75,944.0,14.254,249.465,0.1,2016,True,True,False,discovery,1.0
2017022600,85.1,59.0,315.25,700.9,2453,1979,25,996.47,-3.99,85.1,5365272,360196,61.75,-33.25,959.0,39.532,134.078,15.0,2016,True,True,False,discovery,1.0
2019011012,71.7,72.0,346.0,477.5,2453,2184,15,1026.98,2.06,71.7,5359127,378629,56.5,-47.75,996.0,,,,2018,True,False,True,discovery,1.0
2019020512,73.1,60.75,318.5,750.1,2453,2453,17,1019.51,7.46,73.1,5370257,379020,56.75,-31.0,965.1,12.179,51.987,7.3,2018,True,True,False,discovery,1.0
2020112600,73.0,59.75,322.0,417.8,2453,1747,14,980.79,-15.63,73.7,5364407,397194,63.5,-38.5,956.0,22.033,37.413,0.6,2020,True,True,False,discovery,1.0
2020112612,75.8,59.5,319.75,614.1,2453,1017,16,981.84,-10.8,75.8,5353925,397194,64.25,-34.25,959.5,11.947,90.0,3.5,2020,True,True,False,discovery,1.0
2020120112,72.1,69.0,337.5,586.7,2453,1733,10,1008.2,1.16,72.1,5365541,397262,64.75,-30.5,968.2,8.12,128.005,-4.6,2020,True,False,True,discovery,1.0
2020122612,77.5,65.0,319.75,767.9,2453,2196,16,1007.53,5.41,77.5,5360903,397670,63.75,-24.5,964.6,18.001,146.438,-1.4,2020,True,False,True,discovery,1.0
2021011000,79.2,72.0,346.0,651.8,2453,1793,28,1018.61,8.71,79.2,5370559,397916,59.0,-38.0,999.2,,,,2020,True,False,True,discovery,1.0
2021021312,72.3,65.0,322.5,1034.3,2453,2352,17,1012.83,0.3,72.3,5360933,398460,55.75,-39.5,963.3,16.821,222.003,6.7,2020,True,False,True,discovery,1.0
2021031100,76.4,69.0,338.25,468.4,2453,1032,27,999.07,15.32,76.4,5375064,398998,67.0,-34.75,987.0,72.198,149.96,-12.0,2020,True,False,True,discovery,1.0
2021031112,75.6,68.5,338.25,839.3,2453,1663,27,997.01,11.54,75.6,5368428,399011,61.0,-39.75,987.4,25.374,287.192,-0.8,2020,True,False,True,discovery,1.0
2021031512,73.3,64.75,322.0,752.6,2453,1868,38,1005.03,-0.98,73.3,5382345,399076,58.5,-43.5,963.8,22.566,27.587,-1.8,2020,True,False,True,discovery,1.0
2021032800,72.1,59.25,319.0,553.7,2453,2028,37,1008.14,12.69,72.1,5379917,399446,61.5,-32.0,951.7,18.067,262.046,,2020,True,True,False,discovery,1.0
2022111400,72.1,65.75,324.5,889.9,2453,2270,21,1014.41,1.37,72.1,5372565,416180,57.75,-36.0,960.2,5.667,151.915,-1.4,2022,True,False,True,discovery,1.0
2023020312,79.4,65.0,322.5,559.7,2453,2305,20,1006.75,2.37,79.4,5351834,417425,61.0,-30.75,957.0,48.48,11.537,-9.0,2022,True,False,True,discovery,1.0
2023020400,72.5,60.0,321.0,692.0,2453,1696,15,999.31,-13.81,87.8,5355127,417425,65.75,-33.75,947.5,16.177,320.599,-9.5,2022,True,True,False,discovery,1.0
2023032100,73.3,59.5,317.5,480.0,2453,2310,30,1016.93,6.71,73.3,5380082,418302,58.25,-34.5,973.4,7.893,270.0,-11.8,2022,True,True,False,discovery,1.0
2023032112,71.8,59.75,317.5,447.4,2453,2297,31,1017.3,11.88,71.8,5372597,418408,58.25,-28.0,970.3,7.948,19.331,,2022,True,True,False,discovery,1.0
2024121112,72.6,65.5,325.5,530.5,2453,1930,16,1028.92,1.12,72.6,5355171,436418,60.75,-35.5,994.0,26.617,55.699,3.0,2024,True,False,True,discovery,1.0
2024121200,74.1,68.0,334.0,521.8,2453,1975,15,1027.9,5.18,74.1,5358581,436418,63.5,-29.25,994.5,25.573,60.739,0.5,2024,True,False,True,discovery,1.0
2025013112,80.6,65.75,324.5,415.9,2453,1183,16,995.4,-9.84,86.7,5356540,437130,62.5,-39.75,955.2,35.171,5.651,-7.1,2024,True,False,True,discovery,1.0
2025020412,71.8,59.75,322.0,587.3,2453,1335,17,975.33,-10.47,71.8,5371061,437209,65.0,-36.75,964.1,3.17,90.0,4.5,2024,True,True,False,discovery,1.0
2025021912,77.1,60.75,318.25,585.6,2453,2390,14,1004.24,2.57,77.1,5368758,437351,56.25,-36.5,947.9,7.474,311.986,-11.4,2024,True,True,False,discovery,1.0
2025022712,76.9,59.0,315.75,430.1,2453,2121,27,1000.73,-2.56,76.9,5369645,437547,55.25,-46.0,946.4,33.974,35.959,-24.4,2024,True,True,False,discovery,1.0
2025022800,79.6,65.5,323.75,461.7,2453,1782,22,992.1,-7.19,82.9,5369070,437547,61.5,-38.75,946.0,42.916,7.989,-0.4,2024,True,False,True,discovery,1.0
2025022812,86.2,60.0,321.75,516.7,2453,1696,22,989.4,-16.4,86.2,5368044,437547,64.5,-35.75,948.9,12.52,323.006,2.9,2024,True,True,False,discovery,1.0
2025030200,79.9,60.25,322.5,402.9,2453,1781,29,990.8,-12.12,83.6,5372144,437572,63.75,-39.5,946.5,15.162,8.387,-17.1,2024,True,True,False,discovery,1.0
2025030400,78.2,65.75,324.5,404.5,2453,1665,21,993.13,-3.11,86.0,5375580,437669,62.5,-39.25,948.9,5.132,347.0,-21.8,2024,True,False,True,discovery,1.0
2010111612,45.1,67.75,332.75,403.6,2453,961,26,1013.15,3.53,46.7,5369423,300291,57.0,-25.5,984.9,16.529,98.699,5.6,2010,False,False,False,discovery,5.530183727034121
2006123100,66.4,69.0,337.5,725.9,2453,1754,18,982.2,6.34,66.4,5376228,261969,63.75,-32.25,956.9,11.137,296.677,6.9,2006,False,False,False,discovery,5.530183727034121
2015033012,48.0,71.0,343.0,405.8,2453,1623,32,998.82,1.67,59.9,5374130,341735,64.5,-37.5,975.7,4.084,307.75,-4.6,2014,False,False,False,discovery,5.530183727034121
2017030900,53.5,69.0,338.25,562.9,2453,2016,21,1017.39,7.14,53.5,5372726,360463,56.0,-41.25,999.7,10.844,157.247,4.8,2016,False,False,False,discovery,5.530183727034121
2008111412,38.9,66.0,334.0,445.5,2453,2432,19,1012.02,4.72,38.9,5367632,280886,62.5,-21.5,993.1,14.748,59.432,-0.7,2008,False,False,False,discovery,5.530183727034121
2014121612,53.8,59.5,320.0,620.9,2453,1634,20,995.26,0.08,71.2,5354245,339995,64.25,-33.75,962.4,12.562,37.245,-24.0,2014,False,False,False,discovery,5.530183727034121
2022122912,31.3,67.0,336.5,777.7,2453,1477,23,1005.2,6.63,31.3,5344733,416827,58.0,-40.5,995.5,5.859,244.743,-0.7,2022,False,False,False,discovery,5.530183727034121
2009032112,55.6,59.5,319.5,426.5,2453,491,33,1010.13,-4.64,56.5,5371356,283098,64.0,-39.5,994.7,1.096,270.0,7.3,2008,False,False,False,discovery,5.530183727034121
2021022012,57.2,69.0,337.5,523.2,2453,2333,23,998.34,9.25,57.2,5369333,398632,62.25,-24.75,964.6,,,,2020,False,False,False,discovery,5.530183727034121
2015031000,40.1,64.0,324.25,401.8,2453,638,24,992.24,-5.82,56.1,5365412,341260,62.25,-42.75,976.3,22.391,218.597,2.8,2014,False,False,False,discovery,5.530183727034121
2014112912,53.1,59.75,318.25,547.1,2453,1630,22,998.79,-8.93,53.1,5374023,339747,64.25,-37.5,980.6,6.624,40.987,-2.2,2014,False,False,False,discovery,5.530183727034121
2009033112,51.5,59.0,317.5,976.0,2453,2453,37,1031.66,13.63,51.5,5364591,283446,56.75,-26.5,991.9,37.762,78.544,-1.9,2008,False,False,False,discovery,5.530183727034121
2012112500,38.7,71.5,340.75,523.0,2453,1438,24,1011.67,6.01,38.7,5371288,320314,58.0,-15.0,997.5,,,,2012,False,False,False,discovery,5.530183727034121
2022111700,54.6,59.25,317.0,1190.3,2453,2453,16,999.31,3.07,54.6,5368624,416107,60.25,-21.75,962.0,10.303,13.934,4.7,2022,False,False,False,discovery,5.530183727034121
2017030112,32.1,61.0,310.5,602.1,2453,1362,28,1003.25,1.27,32.1,5366482,360299,60.25,-28.0,992.4,5.152,346.066,2.0,2016,False,False,False,discovery,5.530183727034121
2010121112,45.1,63.0,308.5,685.8,2453,2058,25,1013.4,-3.71,46.0,5368910,300734,57.25,-47.0,991.8,7.621,10.222,1.7,2010,False,False,False,discovery,5.530183727034121
2022123100,53.5,72.0,346.75,494.6,2453,1686,19,1007.89,7.7,53.5,5361051,416868,65.75,-29.25,979.2,5.873,31.636,-10.1,2022,False,False,False,discovery,5.530183727034121
2011031400,56.1,59.25,312.75,401.8,2453,1292,21,990.1,-16.39,62.9,5375212,302544,62.5,-44.0,972.6,1.154,90.0,-12.4,2010,False,False,False,discovery,5.530183727034121
2016121400,44.7,68.25,333.0,431.5,2453,1665,20,995.9,-7.38,54.7,5378631,359017,65.25,-33.25,967.7,18.593,340.259,6.3,2016,False,False,False,discovery,5.530183727034121
2006112512,51.2,69.0,340.5,1220.1,2453,1924,17,1007.06,11.04,58.0,5365221,261566,59.75,-37.25,980.4,11.575,229.611,-5.5,2006,False,False,False,discovery,5.530183727034121
2025012012,59.6,61.75,309.75,605.2,2453,2445,22,1026.47,11.75,59.6,5369487,436924,61.5,-15.25,1000.1,7.581,70.746,3.0,2024,False,False,False,discovery,5.530183727034121
2024121900,43.9,60.75,310.0,545.7,2453,1729,14,999.49,0.97,44.1,5368026,436528,66.75,-49.25,984.3,44.119,15.57,0.1,2024,False,False,False,discovery,5.530183727034121
2018111812,35.0,66.25,336.0,610.9,2453,1561,18,1002.49,-10.29,48.7,5374334,377832,64.25,-36.25,995.1,21.035,18.047,18.4,2018,False,False,False,discovery,5.530183727034121
2006113000,60.0,68.5,337.75,416.3,2453,1400,21,1009.41,12.84,62.1,5350945,261550,60.75,-36.75,972.0,17.745,235.699,4.7,2006,False,False,False,discovery,5.530183727034121
2009020512,42.2,58.0,316.75,402.1,2453,2025,31,1014.39,2.17,53.1,5362471,282157,58.75,-50.0,977.6,20.662,14.541,1.4,2008,False,False,False,discovery,5.530183727034121
2024120212,48.1,63.5,325.25,407.0,2453,1695,12,1011.43,-1.22,56.0,5365916,436332,61.0,-40.5,983.4,7.882,17.911,-11.4,2024,False,False,False,discovery,5.530183727034121
2007021100,66.6,59.5,316.75,558.4,2453,2412,22,1018.55,5.59,66.6,5356572,262687,55.75,-37.0,981.8,2.5,0.0,2.2,2006,False,False,False,discovery,5.530183727034121
2023010200,40.8,59.25,316.75,601.7,2453,1262,18,999.34,-2.01,40.8,5354598,416896,64.75,-31.25,981.7,20.425,42.745,-6.0,2022,False,False,False,discovery,5.530183727034121
2021031200,57.0,68.0,337.0,689.0,2453,1670,20,997.54,13.68,57.0,5365971,399011,60.75,-39.5,987.0,0.0,0.0,-0.4,2020,False,False,False,discovery,5.530183727034121
2006122512,40.1,58.75,308.75,573.9,2453,1734,15,1004.44,-5.05,40.1,5369020,261979,62.5,-43.75,997.4,2.754,335.215,,2006,False,False,False,discovery,5.530183727034121
2007031612,36.7,71.75,346.5,439.3,2453,1715,25,1006.07,6.0,36.9,5368047,263362,65.0,-29.25,991.7,25.845,281.155,5.8,2006,False,False,False,discovery,5.530183727034121
2007031500,54.0,60.0,319.5,769.6,2453,992,26,1001.53,-3.6,61.8,5377153,263285,65.75,-32.0,975.1,0.0,0.0,13.9,2006,False,False,False,discovery,5.530183727034121
2024120512,45.4,69.0,339.0,484.4,2453,1498,28,1007.34,9.26,45.4,5367669,436332,62.75,-33.75,990.9,10.302,90.0,5.5,2024,False,False,False,discovery,5.530183727034121
2021021712,42.2,60.25,311.75,400.6,2453,1669,24,1002.65,6.39,42.8,5374282,398553,60.75,-41.0,983.3,2.443,270.0,0.7,2020,False,False,False,discovery,5.530183727034121
2019030212,48.9,66.25,331.5,405.3,2453,1362,30,1000.36,8.06,51.4,5365546,379505,56.0,-17.75,962.3,32.968,62.936,-9.6,2018,False,False,False,discovery,5.530183727034121
2015022012,49.6,59.25,321.5,607.9,2453,1713,26,1017.61,8.61,52.5,5376702,340966,64.5,-35.25,998.3,4.084,127.75,3.0,2014,False,False,False,discovery,5.530183727034121
2007033100,38.3,60.0,314.0,423.6,2453,692,29,1003.09,-4.31,38.3,5380877,263807,66.75,-48.75,992.0,27.659,6.145,,2006,False,False,False,discovery,5.530183727034121
2021032612,56.3,69.0,339.75,401.3,2453,1501,39,1010.62,12.55,57.0,5359687,399405,55.75,-48.25,990.5,31.85,76.38,,2020,False,False,False,discovery,5.530183727034121
2004112000,53.7,59.0,316.5,673.7,2453,2453,20,1031.37,1.26,53.7,5359005,242321,57.25,-32.5,993.8,3.683,47.254,8.4,2004,False,False,False,discovery,5.530183727034121
2004123000,49.2,61.0,323.0,722.9,2453,1194,17,990.9,5.66,49.9,5369545,242883,66.25,-27.5,977.0,44.097,253.533,23.3,2004,False,False,False,discovery,5.530183727034121
2007030100,40.7,72.0,344.75,591.0,2453,1225,20,1013.04,7.8,40.7,5377468,263088,61.75,-47.25,994.1,10.65,270.0,-1.5,2006,False,False,False,discovery,5.530183727034121
2011030912,67.6,72.0,343.25,683.1,2453,2426,23,1019.24,7.04,67.6,5380779,302390,58.0,-27.0,991.0,46.745,74.49,-10.5,2010,False,False,False,discovery,5.530183727034121
2022111100,62.0,66.75,335.5,403.2,2453,2351,21,1003.05,11.91,63.9,5366610,416146,63.25,-22.25,975.6,17.063,278.425,8.6,2022,False,False,False,discovery,5.530183727034121
2007012700,29.5,59.75,308.0,491.9,2453,1517,26,1008.33,-5.47,40.3,5382309,262422,59.75,-42.25,997.5,11.818,32.199,,2006,False,False,False,discovery,5.530183727034121
2010121212,38.4,58.0,312.5,550.9,2453,2155,29,1013.13,-2.16,38.4,5364422,300761,55.25,-40.0,991.1,43.391,313.74,-5.3,2010,False,False,False,discovery,5.530183727034121
2023012700,60.3,61.0,323.0,682.8,2453,1210,19,1001.55,-10.05,60.3,5370402,417307,67.0,-34.0,984.3,25.995,39.703,,2022,False,False,False,discovery,5.530183727034121
2008111200,52.9,63.25,319.75,420.1,2453,1645,17,1011.29,1.02,52.9,5357749,280893,61.0,-33.75,1000.0,17.65,55.489,,2008,False,False,False,discovery,5.530183727034121
2019012312,43.9,71.0,342.25,812.0,2453,1802,22,1012.92,3.23,44.5,5359727,378807,57.5,-41.5,991.8,24.866,36.457,-3.8,2018,False,False,False,discovery,5.530183727034121
2024121312,49.9,64.0,308.0,566.8,2453,1731,30,1011.67,4.1,49.9,5361669,436507,61.25,-39.75,1003.9,,,,2024,False,False,False,discovery,5.530183727034121
2018111612,68.4,60.0,318.0,527.7,2453,2299,15,1011.0,7.95,68.4,5366417,377838,60.0,-32.5,960.1,33.634,311.987,,2018,False,False,False,discovery,5.530183727034121
2008121700,41.3,59.5,318.0,593.6,2453,934,21,988.96,-1.14,43.9,5364309,281441,64.5,-38.0,969.0,7.577,188.166,-5.8,2008,False,False,False,discovery,5.530183727034121
2017031100,61.9,61.75,319.0,404.7,2453,1940,18,1010.62,7.4,70.8,5376379,360236,58.25,-39.0,971.8,10.524,270.0,0.0,2016,False,False,False,discovery,5.530183727034121
2021011612,35.7,69.0,337.5,792.8,2453,1776,24,1014.61,2.48,37.7,5367971,397954,63.0,-39.0,1004.8,16.473,204.418,0.9,2020,False,False,False,discovery,5.530183727034121
2024122100,66.0,69.0,338.25,889.6,2453,2039,20,999.69,7.55,66.0,5368200,436586,61.0,-21.5,965.7,29.544,59.488,-19.3,2024,False,False,False,discovery,5.530183727034121
2012122012,65.7,59.25,317.5,404.5,2453,2195,15,1023.41,3.0,65.7,5354014,320726,58.75,-35.5,967.7,11.937,257.911,3.4,2012,False,False,False,discovery,5.530183727034121
2025022000,58.4,68.5,337.0,1204.5,2453,2349,15,997.86,5.4,58.4,5371850,437351,55.5,-39.25,951.8,10.865,203.016,3.9,2024,False,False,False,discovery,5.530183727034121
2009012800,43.1,59.0,308.0,457.9,2453,391,21,992.15,-3.09,48.3,5360061,281949,59.0,-44.0,968.4,5.15,90.0,5.8,2008,False,False,False,discovery,5.530183727034121
2017021700,55.1,59.75,316.75,406.6,2453,2198,14,1018.37,2.81,55.1,5368759,360042,55.75,-33.0,986.2,10.098,8.009,-2.4,2016,False,False,False,discovery,5.530183727034121
2023031812,43.3,60.0,310.75,1072.9,2453,2358,34,1023.74,6.48,43.3,5371729,418321,64.75,-16.75,1006.6,,,,2022,False,False,False,discovery,5.530183727034121
2022112412,60.9,65.25,327.25,838.9,2453,2453,22,1016.1,12.92,60.9,5350719,416306,59.75,-21.5,967.4,9.061,303.492,3.0,2022,False,False,False,discovery,5.530183727034121
2025032000,57.5,59.25,316.5,602.4,2453,1817,23,1003.06,-3.97,57.5,5375304,438049,62.25,-34.25,986.9,18.745,48.175,-6.9,2024,False,False,False,discovery,5.530183727034121
2015020100,36.4,58.25,317.5,413.5,2453,1446,18,1012.13,1.94,39.5,5370510,340612,59.0,-35.5,996.6,35.735,69.525,5.6,2014,False,False,False,discovery,5.530183727034121
2013011300,39.9,64.5,319.75,465.0,2453,1236,18,1022.58,1.06,39.9,5376670,321098,64.75,-30.5,1000.9,5.936,32.613,,2012,False,False,False,discovery,5.530183727034121
2017031012,69.1,59.75,317.25,538.8,2453,2360,26,1015.19,6.24,69.1,5368365,360236,58.0,-34.0,971.8,18.214,313.336,-7.7,2016,False,False,False,discovery,5.530183727034121
2019012300,40.1,72.0,346.25,405.7,2453,786,24,1013.62,2.01,48.4,5366454,378757,65.0,-23.25,993.9,6.547,139.794,6.7,2018,False,False,False,discovery,5.530183727034121
2020111400,49.3,69.0,339.0,591.6,2453,1222,16,1000.26,5.63,49.3,5356910,397042,55.75,-39.25,983.3,17.068,81.578,,2020,False,False,False,discovery,5.530183727034121
2007010612,58.9,68.25,336.0,407.9,2453,1108,26,995.56,6.15,67.2,5349393,262136,64.75,-30.5,966.0,7.872,251.484,0.4,2006,False,False,False,discovery,5.530183727034121
2013010212,57.3,59.75,317.0,678.3,2453,1786,20,999.4,6.24,57.3,5369292,320922,63.25,-32.5,975.1,7.5,0.0,2.7,2012,False,False,False,discovery,5.530183727034121
2020112812,40.9,66.25,336.0,688.4,2453,1238,18,1001.61,-5.63,41.2,5353397,397257,61.25,-39.5,991.7,61.53,94.661,5.3,2020,False,False,False,discovery,5.530183727034121
2005030112,56.5,61.25,309.75,555.5,2453,2174,35,1025.06,2.66,56.5,5356246,244068,56.5,-47.25,1008.2,31.517,342.153,0.6,2004,False,False,False,discovery,5.530183727034121
2009031000,49.1,58.25,314.0,815.9,2453,2453,24,1015.19,7.49,49.1,5371371,282897,55.0,-17.25,999.9,24.505,95.856,11.8,2008,False,False,False,discovery,5.530183727034121
2012120100,64.8,65.0,322.5,1088.3,2453,2144,20,1018.08,2.36,64.8,5360769,320381,57.25,-50.0,954.8,2.842,28.412,3.2,2012,False,False,False,discovery,5.530183727034121
2006121712,48.5,58.0,313.0,713.6,2453,2432,16,1012.25,-0.66,48.5,5361662,261842,57.5,-21.5,1007.0,22.763,109.237,6.6,2006,False,False,False,discovery,5.530183727034121
2014112400,47.4,66.0,324.25,472.3,2453,1163,26,993.19,-3.35,47.4,5377909,339611,60.75,-41.75,973.5,17.478,44.341,8.8,2014,False,False,False,discovery,5.530183727034121
2015032712,48.2,60.0,320.5,697.8,2453,1680,36,994.87,-2.02,48.2,5368352,341645,65.0,-31.25,978.1,15.332,49.29,3.4,2014,False,False,False,discovery,5.530183727034121
2004121700,53.7,59.5,321.75,625.0,2453,1723,14,1001.32,1.2,61.3,5369230,242749,65.0,-35.75,982.5,10.056,6.031,-7.9,2004,False,False,False,discovery,5.530183727034121
2021031400,47.8,58.5,312.75,584.9,2453,1867,22,1001.62,5.48,47.8,5371603,399071,60.25,-37.5,987.4,17.611,44.782,,2020,False,False,False,discovery,5.530183727034121
2021012612,65.7,59.5,317.5,812.2,2453,2453,17,1029.65,15.07,65.7,5353104,398214,58.0,-25.0,985.2,15.518,14.84,,2020,False,False,False,discovery,5.530183727034121
2007030212,56.3,60.0,312.0,904.4,2453,1824,17,1016.49,9.79,65.8,5384676,263113,63.25,-32.25,977.3,15.042,4.29,,2006,False,False,False,discovery,5.530183727034121
2024122300,49.4,64.5,329.5,401.7,2453,605,14,1001.11,-3.47,63.7,5364025,436631,62.5,-37.25,966.5,,,,2024,False,False,False,discovery,5.530183727034121
2019011500,55.7,64.25,327.5,420.0,2453,1132,21,1005.08,11.36,58.1,5368922,378653,60.0,-34.25,980.7,16.771,116.565,0.2,2018,False,False,False,discovery,5.530183727034121
2021030900,42.5,65.25,324.75,442.4,2453,1063,23,1003.84,-1.1,44.3,5380179,398901,61.75,-39.5,990.1,7.593,188.966,-1.5,2020,False,False,False,discovery,5.530183727034121
2004120200,46.3,59.75,310.5,406.7,2453,1080,26,994.79,-8.48,56.6,5369638,242554,65.75,-31.25,977.3,15.869,50.938,-6.0,2004,False,False,False,discovery,5.530183727034121
2025032100,60.0,59.25,318.5,754.2,2453,817,31,1003.59,-3.93,60.0,5372607,438049,64.75,-33.0,979.4,4.06,51.995,-1.1,2024,False,False,False,discovery,5.530183727034121
2013012812,66.9,60.25,317.0,521.3,2453,2324,24,1001.18,13.75,66.9,5356442,321322,57.0,-36.5,965.3,14.787,132.553,,2012,False,False,False,discovery,5.530183727034121
2020110512,52.7,59.25,316.5,777.6,2453,1684,15,998.39,-9.79,52.7,5358437,396862,64.75,-34.25,966.6,45.842,29.243,-14.3,2020,False,False,False,discovery,5.530183727034121
2019031000,45.9,62.5,319.5,414.3,2453,1106,26,1003.45,2.04,47.2,5359729,379601,60.0,-34.75,975.0,5.59,116.565,7.8,2018,False,False,False,discovery,5.530183727034121
2022112400,53.9,65.25,330.0,904.7,2453,2316,19,1017.5,13.43,53.9,5350597,416306,58.75,-19.5,964.4,20.345,329.337,0.5,2022,False,False,False,discovery,5.530183727034121
2005011112,42.4,65.25,331.5,764.9,2453,1596,37,1006.78,9.73,42.4,5365798,243197,64.25,-44.5,997.3,,,,2004,False,False,False,discovery,5.530183727034121
2009022800,45.5,68.5,336.25,634.4,2453,2343,26,1008.39,5.5,45.5,5361927,282656,62.25,-27.0,992.3,11.608,115.514,1.8,2008,False,False,False,discovery,5.530183727034121
2007020712,65.3,61.0,311.75,529.9,2453,1761,21,1007.38,2.12,65.3,5366519,262607,56.25,-47.5,949.7,15.481,279.293,2.4,2006,False,False,False,discovery,5.530183727034121
2006121112,55.4,68.25,337.5,718.1,2453,1402,23,988.6,13.28,55.4,5347007,261751,62.25,-16.75,952.9,31.824,80.961,11.8,2006,False,False,False,discovery,5.530183727034121
2015030112,58.1,58.5,318.5,585.7,2453,1494,21,997.45,8.99,60.3,5369989,341203,62.75,-20.75,973.7,,,,2014,False,False,False,discovery,5.530183727034121
2005020312,56.3,59.25,317.75,699.6,2453,1747,17,1019.0,2.85,56.3,5359731,243580,63.75,-33.0,995.3,13.361,124.149,6.2,2004,False,False,False,discovery,5.530183727034121
2024110412,38.1,64.0,326.5,410.1,2453,1122,29,997.04,-5.96,43.0,5360410,435894,62.75,-41.25,990.9,20.0,180.0,20.8,2024,False,False,False,discovery,5.530183727034121
2014120600,52.0,58.0,312.5,678.0,2453,1521,13,997.88,-4.5,65.5,5361600,339860,64.0,-49.75,978.2,16.521,52.751,18.3,2014,False,False,False,discovery,5.530183727034121
2019011212,47.7,68.75,337.25,971.7,2453,1220,21,1015.4,9.4,49.0,5357887,378640,58.75,-46.0,997.0,5.188,90.0,12.1,2018,False,False,False,discovery,5.530183727034121
2023010400,35.5,59.5,318.0,407.3,2453,506,38,1006.9,-0.14,42.0,5348866,416897,55.0,-16.75,993.5,48.943,75.203,6.1,2022,False,False,False,discovery,5.530183727034121
2005032512,57.8,66.25,326.0,420.0,2453,1733,40,1004.44,-2.58,57.8,5366030,244628,63.0,-38.5,990.5,5.127,12.789,3.2,2004,False,False,False,discovery,5.530183727034121
2022110500,63.7,60.25,318.0,645.2,2453,2451,22,1007.15,4.82,63.7,5357411,415987,56.0,-34.5,950.1,8.753,106.597,14.0,2022,False,False,False,discovery,5.530183727034121
2020120800,39.1,59.25,314.5,472.8,2453,2391,21,1019.02,0.26,39.1,5359198,397412,55.0,-45.25,993.1,12.53,53.233,,2020,False,False,False,discovery,5.530183727034121
2016120800,48.7,69.0,337.5,579.4,2453,1725,24,999.95,8.19,48.7,5363641,358934,62.75,-22.0,988.3,0.0,0.0,2.7,2016,False,False,False,discovery,5.530183727034121
2009022212,46.8,59.5,316.5,561.6,2453,1730,29,1025.94,8.46,55.8,5358823,282572,55.0,-39.25,1003.9,28.82,29.838,,2008,False,False,False,discovery,5.530183727034121
2020121100,67.4,67.5,335.5,668.1,2453,1876,17,1012.74,14.52,67.4,5360393,397412,61.5,-23.75,968.7,7.581,250.746,2.1,2020,False,False,False,discovery,5.530183727034121
2016112400,54.5,61.25,308.0,872.1,2453,1487,22,1019.85,-3.29,54.5,5369084,358738,65.5,-30.75,1001.1,32.038,134.61,1.0,2016,False,False,False,discovery,5.530183727034121
2015012100,45.2,59.0,308.0,489.3,2453,1435,19,1009.95,-0.28,45.2,5355949,340419,65.5,-25.75,990.6,5.755,115.747,13.0,2014,False,False,False,discovery,5.530183727034121
2025012712,56.0,72.0,340.0,411.2,2453,1402,20,1000.71,6.88,56.2,5353252,437071,63.25,-30.0,981.2,4.201,53.477,0.1,2024,False,False,False,discovery,5.530183727034121
2014111700,38.3,64.0,324.0,715.3,2453,846,16,1004.99,-3.82,47.1,5367235,339513,59.5,-45.75,978.9,6.284,37.282,10.2,2014,False,False,False,discovery,5.530183727034121
2009022412,56.6,65.75,330.0,552.7,2453,2453,21,1025.8,9.59,56.6,5362574,282609,61.25,-25.25,993.9,22.532,3.059,,2008,False,False,False,discovery,5.530183727034121
2024110712,40.0,68.75,337.25,400.4,2453,1732,18,998.71,-1.01,51.8,5359497,435965,65.5,-26.75,968.6,20.107,354.081,-3.7,2024,False,False,False,discovery,5.530183727034121
2007012012,38.4,66.25,336.0,838.9,2453,2453,23,1021.13,10.74,38.4,5361941,262329,59.75,-15.5,987.3,15.296,144.805,2.4,2006,False,False,False,discovery,5.530183727034121
2021011500,36.6,60.0,318.5,659.7,2453,1374,23,1010.49,-6.75,44.5,5376988,397976,56.0,-24.5,992.8,23.628,32.174,3.0,2020,False,False,False,discovery,5.530183727034121
2018110400,50.9,70.75,340.0,561.8,2453,1666,18,1013.55,5.5,53.5,5371113,377532,59.5,-15.0,965.7,12.621,53.541,8.1,2018,False,False,False,discovery,5.530183727034121
2008111312,42.4,69.5,339.75,409.7,2453,1291,27,1009.15,8.95,49.5,5361939,280886,57.0,-37.0,993.3,25.34,53.705,-0.2,2008,False,False,False,discovery,5.530183727034121
2012121912,56.4,61.0,318.75,823.0,2453,2453,21,1024.04,7.69,56.4,5355869,320726,58.5,-24.0,969.7,24.676,307.436,-13.3,2012,False,False,False,discovery,5.530183727034121
2022110300,51.1,69.0,338.25,839.0,2453,1789,20,1010.3,9.1,51.1,5354934,416003,61.5,-19.75,982.3,0.0,0.0,7.2,2022,False,False,False,discovery,5.530183727034121
2011011112,58.5,59.75,316.75,728.7,2453,2453,19,1034.49,13.08,58.5,5363192,301287,55.25,-28.0,978.3,63.09,217.578,-17.5,2010,False,False,False,discovery,5.530183727034121
2019032800,52.3,60.0,319.0,550.2,2453,1053,17,996.07,-9.22,53.9,5375292,380071,64.75,-38.0,978.7,5.936,147.387,-17.1,2018,False,False,False,discovery,5.530183727034121
2025032212,54.8,72.0,342.5,451.9,2453,989,38,1003.57,1.32,54.8,5356357,438152,63.75,-43.75,992.1,8.201,23.859,-5.6,2024,False,False,False,discovery,5.530183727034121
2009021500,64.0,65.0,322.5,566.9,2453,2257,23,1013.59,3.34,64.0,5352209,282419,60.5,-32.25,981.6,,,,2008,False,False,False,discovery,5.530183727034121
2007031400,70.5,60.0,321.5,602.4,2453,1711,21,996.97,-8.72,81.5,5369372,263285,64.5,-32.0,955.9,30.98,36.199,-6.2,2006,False,False,False,discovery,5.530183727034121
2009021812,62.3,60.0,322.25,528.3,2453,1161,19,1004.14,-9.33,68.6,5366797,282419,64.75,-37.5,980.0,22.601,174.585,6.0,2008,False,False,False,discovery,5.530183727034121
2006110500,55.7,67.5,332.5,402.7,2453,1705,15,995.07,-4.7,61.0,5368996,261232,64.5,-32.5,962.4,21.261,45.129,-16.9,2006,False,False,False,discovery,5.530183727034121
2015010112,62.5,65.5,324.0,492.0,2453,2130,16,993.29,5.54,62.5,5374312,340151,61.5,-31.75,972.5,17.226,64.19,10.8,2014,False,False,False,discovery,5.530183727034121
2023031712,26.0,62.0,308.0,1129.3,2453,1767,28,1023.49,4.39,36.9,5369923,418289,64.5,-30.0,1005.7,2.5,0.0,,2022,False,False,False,discovery,5.530183727034121
2025011400,50.6,68.0,335.0,434.1,2453,1682,15,1004.49,-2.08,59.8,5352424,436839,65.25,-32.0,978.5,12.397,36.229,2.5,2024,False,False,False,discovery,5.530183727034121
2016122212,50.0,65.0,319.75,633.6,2453,1651,21,992.68,-2.76,50.0,5362679,359140,66.25,-26.75,972.9,18.688,66.339,3.1,2016,False,False,False,discovery,5.530183727034121
2005032100,54.3,59.25,317.0,864.5,2453,2402,29,1009.17,2.2,54.3,5378951,244527,55.25,-29.5,968.2,18.84,322.765,-5.8,2004,False,False,False,discovery,5.530183727034121
2016112700,67.2,65.0,322.5,730.3,2453,2008,16,1014.19,-5.7,67.2,5368188,358757,58.5,-39.5,978.7,16.451,52.564,-1.6,2016,False,False,False,discovery,5.530183727034121
2009022200,40.3,59.5,316.5,538.9,2453,1472,18,1025.29,2.79,66.8,5361855,282553,63.5,-49.25,1006.3,16.425,335.954,2.3,2008,False,False,False,discovery,5.530183727034121
2015010300,37.0,72.0,346.75,909.7,2453,1051,28,1007.34,-2.13,48.4,5372103,340216,63.5,-38.25,992.3,5.123,12.577,4.7,2014,False,False,False,discovery,5.530183727034121
2016121200,45.4,58.75,308.5,402.8,2453,1656,18,995.89,-4.37,45.4,5377082,358936,60.75,-45.5,971.7,18.973,337.275,8.0,2016,False,False,False,discovery,5.530183727034121
2023012812,56.2,67.5,331.5,627.2,2453,1757,18,995.44,-4.14,59.7,5370236,417307,63.75,-38.75,982.5,1.106,270.0,-5.0,2022,False,False,False,discovery,5.530183727034121
2019022112,64.6,65.5,323.75,528.8,2453,1867,18,988.21,-8.4,64.6,5363085,379265,60.75,-36.75,946.5,20.667,327.862,8.5,2018,False,False,False,discovery,5.530183727034121
2015030512,50.8,61.75,323.5,549.6,2453,1135,22,988.43,-8.47,50.8,5358581,341220,66.0,-30.75,971.5,3.944,50.664,6.3,2014,False,False,False,discovery,5.530183727034121
2017030200,34.3,65.0,322.5,464.3,2453,1145,29,1006.44,2.08,35.2,5370474,360317,57.75,-22.0,993.1,4.002,270.0,0.2,2016,False,False,False,discovery,5.530183727034121
2013011712,46.4,59.25,317.5,503.1,2453,1496,19,998.53,0.34,48.3,5371008,321159,58.0,-24.5,975.4,22.655,6.716,-16.7,2012,False,False,False,discovery,5.530183727034121
2011031600,71.2,66.5,336.5,842.5,2453,2175,22,993.9,-9.26,71.2,5382847,302555,55.25,-29.5,979.4,22.568,39.155,-9.2,2010,False,False,False,discovery,5.530183727034121
2017010812,42.0,58.0,320.0,411.8,2453,1186,23,1009.77,2.49,48.4,5370815,359379,58.25,-33.0,978.5,25.705,67.105,-12.1,2016,False,False,False,discovery,5.530183727034121
2022121612,42.2,60.0,312.0,1109.2,2453,1805,17,1022.07,0.96,42.2,5359289,416703,64.5,-28.75,1007.2,,,,2022,False,False,False,discovery,5.530183727034121
2012122312,45.1,69.0,338.25,1194.5,2453,2453,22,1026.81,10.75,45.1,5365327,320757,56.25,-26.0,972.6,12.5,180.0,6.0,2012,False,False,False,discovery,5.530183727034121
2019011712,36.4,65.0,323.25,590.6,2453,2198,25,1014.04,4.78,36.4,5368163,378682,59.0,-31.75,989.3,30.921,60.981,5.9,2018,False,False,False,discovery,5.530183727034121
2009031012,52.2,58.75,319.5,402.6,2453,2418,20,1015.16,6.09,58.9,5367635,282869,55.75,-36.75,963.8,13.193,18.659,0.7,2008,False,False,False,discovery,5.530183727034121
2013020300,49.2,69.25,338.25,488.5,2453,1454,17,986.0,-4.13,52.9,5369903,321397,64.25,-38.0,976.8,14.106,57.881,12.3,2012,False,False,False,discovery,5.530183727034121
2025020600,52.1,69.0,344.0,542.4,2453,1002,20,978.05,-11.47,66.0,5370560,437234,62.75,-40.0,969.4,,,,2024,False,False,False,discovery,5.530183727034121
2011022112,47.2,68.25,335.75,628.3,2453,2137,32,1006.95,8.21,47.2,5358934,302065,60.75,-29.25,985.0,8.951,326.916,3.7,2010,False,False,False,discovery,5.530183727034121
2017030712,54.0,69.0,338.25,584.7,2453,1693,28,1013.51,5.14,54.0,5383530,360444,55.5,-29.25,987.8,15.953,38.413,-6.0,2016,False,False,False,discovery,5.530183727034121
2022110612,50.3,59.75,318.5,516.4,2453,2295,23,1010.57,3.99,50.3,5364214,416095,57.25,-34.0,976.4,7.973,199.832,-2.1,2022,False,False,False,discovery,5.530183727034121
2024111500,67.8,63.75,324.5,491.7,2453,1183,19,1026.44,2.5,67.8,5351011,436097,66.5,-27.25,981.5,16.715,107.405,-6.2,2024,False,False,False,discovery,5.530183727034121
2008110412,53.3,60.25,322.5,477.6,2453,2389,27,1013.47,1.45,53.3,5365860,280752,56.5,-33.5,967.0,34.324,18.76,-15.5,2008,False,False,False,discovery,5.530183727034121
2007032312,50.4,60.5,322.25,479.5,2453,1599,25,993.04,-8.7,50.4,5363889,263567,64.5,-34.25,979.7,34.591,209.856,9.0,2006,False,False,False,discovery,5.530183727034121
2022113012,60.1,60.5,310.0,805.6,2453,2113,9,1002.45,-3.18,60.1,5368749,416414,59.25,-35.75,964.6,23.39,15.857,-3.6,2022,False,False,False,discovery,5.530183727034121
2009011600,62.2,68.25,337.5,652.0,2453,2081,9,1000.01,7.07,78.8,5363505,281820,57.0,-46.5,944.3,7.393,312.553,-5.4,2008,False,False,False,discovery,5.530183727034121
2021012812,63.4,59.75,317.25,742.9,2453,2453,21,1020.62,3.05,63.4,5357902,398225,56.5,-18.0,978.4,6.491,320.378,1.6,2020,False,False,False,discovery,5.530183727034121
2008110912,52.0,69.0,338.25,477.6,2453,1688,21,1011.31,11.12,52.0,5356499,280858,62.0,-46.0,1004.6,,,,2008,False,False,False,discovery,5.530183727034121
2013020900,67.3,66.0,325.5,403.7,2453,1758,20,1003.96,-7.36,73.2,5354277,321474,62.75,-38.25,969.3,12.963,344.638,-11.3,2012,False,False,False,discovery,5.530183727034121
2016112812,54.2,59.75,318.25,673.0,2453,882,23,1015.29,-7.58,54.2,5354548,358757,65.25,-36.25,999.1,1.047,90.0,5.0,2016,False,False,False,discovery,5.530183727034121
2018110600,55.5,59.0,313.5,555.5,2453,1768,16,1014.69,4.54,55.5,5376398,377634,57.5,-23.25,972.0,25.644,84.405,-1.2,2018,False,False,False,discovery,5.530183727034121
2004111000,59.4,58.75,315.0,731.9,2453,1756,24,995.93,-9.71,62.7,5360914,242253,64.75,-39.25,973.9,28.495,15.187,,2004,False,False,False,discovery,5.530183727034121
2017031612,39.2,65.0,330.5,401.9,2453,1319,30,1013.42,9.84,39.2,5383958,360600,62.5,-45.0,1005.0,3.403,317.278,10.6,2016,False,False,False,discovery,5.530183727034121
2021020700,51.5,60.5,319.5,765.3,2453,2453,18,1043.12,5.71,51.5,5366213,398368,56.5,-29.75,985.1,10.876,297.369,-5.2,2020,False,False,False,discovery,5.530183727034121
2007031100,65.0,63.75,324.5,405.5,2453,2325,26,996.06,7.1,65.0,5366969,263227,61.5,-29.25,945.8,18.489,18.821,-1.8,2006,False,False,False,discovery,5.530183727034121
2024122812,47.3,71.5,340.0,402.1,2453,1434,22,1025.13,11.4,57.9,5363557,436697,67.0,-18.5,991.6,10.048,174.421,6.0,2024,False,False,False,discovery,5.530183727034121
2012121100,66.6,65.0,322.5,1008.1,2453,2318,17,1020.63,-0.85,66.6,5356820,320531,56.0,-39.75,984.1,53.65,81.964,-0.5,2012,False,False,False,discovery,5.530183727034121
2008111100,46.3,64.75,322.5,496.7,2453,1749,23,1019.74,8.95,46.3,5350741,280872,60.5,-34.5,1007.5,16.767,107.35,6.7,2008,False,False,False,discovery,5.530183727034121
2025030612,58.0,65.0,323.0,661.1,2453,1718,28,1008.52,2.96,58.0,5373833,437669,59.25,-40.25,981.7,12.565,174.161,10.1,2024,False,False,False,discovery,5.530183727034121
2013011412,52.8,65.25,324.75,442.8,2453,1386,25,1014.72,1.99,52.8,5371519,321121,61.5,-38.25,993.1,16.478,40.659,,2012,False,False,False,discovery,5.530183727034121
2014112800,41.1,59.5,318.75,571.0,2453,1785,18,1006.75,-3.3,45.2,5379113,339747,64.5,-38.75,986.5,30.932,345.903,,2014,False,False,False,discovery,5.530183727034121
2024122800,54.8,59.5,318.0,979.7,2453,1135,19,1020.64,2.51,63.6,5362347,436669,65.25,-27.5,988.1,5.8,115.535,9.0,2024,False,False,False,discovery,5.530183727034121
2007010400,48.6,60.0,317.25,429.4,2453,1370,20,995.56,2.48,54.7,5359999,262075,56.25,-44.5,966.5,21.506,35.538,-1.5,2006,False,False,False,discovery,5.530183727034121
2013020700,59.1,63.25,308.0,424.2,2453,1654,23,1006.71,-5.21,59.1,5366107,321479,66.75,-32.0,1003.3,5.375,21.541,,2012,False,False,False,discovery,5.530183727034121
2016111812,59.0,70.0,340.0,897.0,2453,2200,18,1021.91,9.26,59.0,5368959,358598,56.25,-45.75,996.3,24.369,65.773,-11.7,2016,False,False,False,discovery,5.530183727034121
2011022600,47.4,63.5,325.5,424.7,2453,731,24,986.23,-2.8,54.7,5387079,302163,67.0,-24.5,961.2,17.136,43.16,1.6,2010,False,False,False,discovery,5.530183727034121
2005010812,57.4,69.0,338.25,480.6,2453,1516,20,995.94,10.34,57.4,5359727,243125,60.25,-31.0,982.2,10.234,75.861,,2004,False,False,False,discovery,5.530183727034121
2012122612,63.5,61.25,318.5,413.9,2453,1954,20,1012.47,8.16,67.4,5371933,320827,57.25,-22.5,980.3,10.091,7.702,-5.7,2012,False,False,False,discovery,5.530183727034121
2021032512,55.3,59.0,318.25,953.7,2453,1400,31,1010.05,12.8,55.3,5375821,399310,61.25,-24.75,977.5,16.412,72.263,-5.9,2020,False,False,False,discovery,5.530183727034121
2004112512,39.2,65.5,326.5,405.8,2453,2212,26,1021.14,5.22,42.4,5365249,242434,62.5,-28.75,997.8,4.617,90.0,2.4,2004,False,False,False,discovery,5.530183727034121
2005032600,37.0,59.0,308.0,874.1,2453,1757,32,1008.89,-0.32,41.6,5366813,244670,62.0,-26.5,996.9,32.585,355.869,,2004,False,False,False,discovery,5.530183727034121
2012120300,54.4,59.5,318.0,472.3,2453,1779,22,1006.29,-2.62,54.4,5361003,320381,59.5,-27.75,986.2,19.678,75.281,4.0,2012,False,False,False,discovery,5.530183727034121
2015030200,63.7,58.75,318.0,1101.9,2453,2161,20,998.15,10.43,63.7,5374163,341203,63.0,-23.5,973.7,9.08,270.0,0.0,2014,False,False,False,discovery,5.530183727034121
2022111800,49.3,59.25,319.5,409.5,2453,1233,24,999.87,-1.33,56.1,5369133,416107,63.25,-32.25,972.2,12.378,270.0,6.5,2022,False,False,False,discovery,5.530183727034121
2025022300,44.7,60.5,311.75,979.2,2453,1871,15,985.43,2.04,44.7,5372815,437449,56.25,-30.75,950.6,60.745,30.201,-3.9,2024,False,False,False,discovery,5.530183727034121
2019021400,58.8,68.75,338.5,515.9,2453,1661,22,1002.61,8.57,58.8,5368177,379179,62.0,-30.25,990.5,,,,2018,False,False,False,discovery,5.530183727034121
2019020212,54.5,65.0,321.75,434.2,2453,1675,17,1009.78,1.54,54.5,5369391,378997,62.25,-44.5,987.6,14.19,280.147,-3.9,2018,False,False,False,discovery,5.530183727034121
2016112200,30.2,71.5,344.25,577.2,2453,1587,21,1014.35,-0.19,37.4,5371689,358699,62.25,-44.5,1003.9,15.401,193.105,-2.1,2016,False,False,False,discovery,5.530183727034121
2007022800,45.9,58.5,315.0,750.5,2453,1205,26,1012.55,3.84,45.9,5375172,263071,67.0,-35.5,996.4,0.977,90.0,,2006,False,False,False,discovery,5.530183727034121
2005011012,52.1,58.75,319.5,642.5,2453,2059,27,998.95,9.16,52.1,5367193,243133,63.0,-24.0,971.9,28.215,37.113,-1.0,2004,False,False,False,discovery,5.530183727034121
2022110200,36.2,66.0,334.75,764.6,2453,1689,17,1005.92,7.32,38.1,5357435,416030,61.5,-47.25,997.1,,,,2022,False,False,False,discovery,5.530183727034121
2009020900,49.2,64.75,322.0,636.2,2453,1488,29,1008.98,4.99,49.2,5375723,282248,58.25,-38.0,984.5,9.344,122.352,10.6,2008,False,False,False,discovery,5.530183727034121
2021030812,50.8,68.0,333.25,871.1,2453,1747,30,1005.43,-4.06,50.8,5384370,398901,62.25,-39.5,991.6,6.832,42.961,-1.2,2020,False,False,False,discovery,5.530183727034121
2019022100,63.5,58.75,320.5,430.2,2453,2452,14,995.06,0.08,63.5,5365846,379265,56.25,-34.0,938.0,25.947,344.475,0.2,2018,False,False,False,discovery,5.530183727034121
2013022312,56.5,65.25,323.0,401.6,2453,1771,23,1015.06,-1.9,56.5,5376063,321716,61.75,-39.0,993.7,10.276,13.315,4.3,2012,False,False,False,discovery,5.530183727034121
2006110600,52.1,63.5,320.75,407.1,2453,1356,20,1012.44,3.33,59.8,5366593,261252,65.75,-32.5,986.6,9.616,58.672,2.8,2006,False,False,False,discovery,5.530183727034121
2017021912,44.8,65.75,325.25,842.3,2453,2314,35,999.74,4.48,44.8,5351164,360071,64.75,-16.75,993.6,40.375,71.965,-6.0,2016,False,False,False,discovery,5.530183727034121
2021032700,60.8,60.0,312.5,575.3,2453,1771,31,1008.21,5.62,64.3,5366569,399405,58.25,-38.0,972.6,25.847,54.525,-17.9,2020,False,False,False,discovery,5.530183727034121
2019020712,49.7,60.5,317.75,1078.3,2453,1990,28,1015.78,9.05,49.7,5366706,379020,57.75,-21.0,982.6,16.008,90.0,2.6,2018,False,False,False,discovery,5.530183727034121
2008121512,47.1,58.0,314.5,677.6,2453,802,19,999.41,4.94,55.3,5365911,281388,64.25,-26.25,973.1,11.957,65.281,-4.9,2008,False,False,False,discovery,5.530183727034121
2008110512,68.2,67.75,330.5,414.3,2453,911,21,1005.97,-11.69,68.2,5375076,280752,64.75,-35.0,977.8,8.154,336.898,15.0,2008,False,False,False,discovery,5.530183727034121
2016122312,60.9,59.5,321.75,660.7,2453,1689,21,996.34,0.56,60.9,5368123,359162,62.5,-16.25,952.5,35.637,45.45,-11.1,2016,False,False,False,discovery,5.530183727034121
2005011512,55.4,65.25,322.0,701.4,2453,1012,17,997.26,3.43,56.3,5368129,243235,59.25,-42.75,982.3,46.873,216.866,,2004,False,False,False,discovery,5.530183727034121
2015011200,48.7,66.25,330.5,537.1,2453,2406,11,997.39,8.32,48.7,5349716,340371,59.25,-15.5,960.6,51.838,223.664,,2014,False,False,False,discovery,5.530183727034121
2021010812,58.3,65.5,321.0,651.7,2453,1270,23,1030.52,4.06,70.6,5362687,397871,66.0,-24.75,993.9,28.402,128.035,-4.5,2020,False,False,False,discovery,5.530183727034121
2012120200,68.4,65.75,325.75,936.8,2453,1917,21,1012.17,0.44,68.4,5363050,320381,58.25,-42.5,975.3,12.923,54.525,8.5,2012,False,False,False,discovery,5.530183727034121
2011033112,55.9,65.75,325.5,465.1,2453,2028,39,993.22,5.04,55.9,5367368,302860,60.5,-30.0,965.6,2.787,26.217,1.2,2010,False,False,False,discovery,5.530183727034121
2021020400,49.1,65.25,330.0,433.2,2453,1842,24,1023.01,-7.57,49.1,5361486,398337,65.0,-39.25,999.1,5.283,270.0,5.6,2020,False,False,False,discovery,5.530183727034121
2004112412,60.4,64.75,325.5,421.7,2453,2052,25,1018.35,8.05,60.4,5366465,242434,61.0,-33.25,989.4,4.848,90.0,8.8,2004,False,False,False,discovery,5.530183727034121
2021021812,64.1,60.0,311.5,506.8,2453,1133,17,996.19,-1.05,64.1,5369187,398553,59.5,-39.5,973.2,7.5,180.0,-3.6,2020,False,False,False,discovery,5.530183727034121
2020120812,51.6,59.0,315.75,654.8,2453,1694,24,1016.05,1.11,51.6,5349767,397412,56.75,-34.0,985.5,40.453,79.315,-7.6,2020,False,False,False,discovery,5.530183727034121
2006112912,70.0,67.25,334.0,599.5,2453,2112,17,1010.42,13.16,70.0,5346230,261550,62.25,-30.75,967.3,19.003,246.755,4.1,2006,False,False,False,discovery,5.530183727034121
2008122400,65.1,65.25,322.25,504.3,2453,1814,23,988.4,-13.68,78.3,5378434,281492,60.75,-39.0,946.9,24.797,36.239,-4.8,2008,False,False,False,discovery,5.530183727034121
2022111212,57.9,65.0,322.5,623.2,2453,1803,20,1013.4,0.95,57.9,5369507,416146,59.75,-41.75,988.1,1.259,90.0,3.6,2022,False,False,False,discovery,5.530183727034121
2020111512,56.7,65.25,323.25,500.4,2453,1878,15,1012.48,6.27,56.7,5367059,397028,60.75,-36.75,989.0,4.886,90.0,0.4,2020,False,False,False,discovery,5.530183727034121
2014110712,49.7,67.75,341.75,720.3,2453,1820,26,1006.45,13.52,49.7,5368747,339364,60.5,-15.0,972.7,3.509,44.563,1.9,2014,False,False,False,discovery,5.530183727034121
2024121600,48.3,71.5,341.5,770.8,2453,1346,22,1003.99,3.95,48.3,5371468,436529,64.5,-32.5,988.6,5.381,90.0,6.1,2024,False,False,False,discovery,5.530183727034121
2007030200,58.0,65.5,326.25,731.4,2453,1660,21,1016.23,8.15,58.0,5381295,263000,57.5,-28.5,982.8,11.009,47.059,-2.2,2006,False,False,False,discovery,5.530183727034121
2019031800,42.0,61.5,310.25,688.4,2453,1737,20,994.59,-1.85,42.0,5376251,379856,64.5,-30.5,993.2,14.595,31.078,2.1,2018,False,False,False,discovery,5.530183727034121
2004120612,67.8,69.0,338.25,628.4,2453,1822,24,1000.51,9.62,67.8,5369006,242592,63.5,-18.5,967.2,22.45,83.606,8.6,2004,False,False,False,discovery,5.530183727034121
2020110100,52.0,69.0,338.25,687.6,2453,1253,18,995.67,4.23,54.4,5373594,396790,56.5,-18.25,957.6,34.954,30.877,-15.9,2020,False,False,False,discovery,5.530183727034121
2020122012,59.5,69.5,338.5,404.3,2453,2099,21,1013.63,14.47,66.1,5331416,397586,66.5,-16.0,983.2,9.413,237.914,4.5,2020,False,False,False,discovery,5.530183727034121
2025031712,41.2,69.5,343.0,403.5,2453,1205,28,1017.13,-6.67,43.9,5368667,438026,59.5,-34.25,1001.1,,,,2024,False,False,False,discovery,5.530183727034121
2005021112,41.2,60.25,313.5,1384.5,2453,1630,25,1009.42,-0.93,41.2,5374089,243670,56.25,-19.5,1005.1,25.496,78.69,0.0,2004,False,False,False,discovery,5.530183727034121
2024110212,24.2,60.25,322.5,440.7,2453,875,23,1006.89,-1.13,35.5,5363506,435902,62.75,-20.25,1002.9,11.451,64.111,1.3,2024,False,False,False,discovery,5.530183727034121
2009032212,43.7,59.75,320.0,736.4,2453,1702,30,1017.78,1.14,43.7,5375649,283098,65.0,-31.25,1005.1,16.618,72.49,1.8,2008,False,False,False,discovery,5.530183727034121
2007031700,42.2,59.5,318.0,964.4,2453,1752,17,1007.58,3.71,42.2,5368022,263362,65.0,-27.5,991.7,0.0,0.0,0.0,2006,False,False,False,discovery,5.530183727034121
2022121900,50.7,66.0,334.0,980.9,2453,2453,14,1037.83,13.21,50.7,5366799,416727,58.0,-18.0,968.8,11.719,295.257,-8.5,2022,False,False,False,discovery,5.530183727034121
2013011600,58.4,68.75,337.75,552.1,2453,1352,22,1000.33,2.59,58.4,5367983,321102,58.75,-49.25,971.3,13.874,57.278,0.7,2012,False,False,False,discovery,5.530183727034121
2008121900,56.8,59.25,317.75,585.5,2453,1397,16,1001.81,1.9,66.2,5370646,281441,63.75,-36.5,971.0,9.215,237.138,2.3,2008,False,False,False,discovery,5.530183727034121
2013010412,51.9,66.0,326.0,797.0,2453,1779,19,995.48,-0.44,51.9,5366078,320950,57.25,-32.0,966.8,40.568,9.595,-9.9,2012,False,False,False,discovery,5.530183727034121
2007010912,46.9,72.0,344.25,972.9,2453,1194,12,1006.12,9.52,46.9,5366802,262174,61.5,-30.25,986.5,11.929,90.0,0.6,2006,False,False,False,discovery,5.530183727034121
2007011000,48.1,59.25,315.0,540.0,2453,1769,9,1002.33,2.77,48.1,5365853,262174,62.0,-22.5,989.2,22.418,70.455,2.7,2006,False,False,False,discovery,5.530183727034121
2014110100,69.0,67.0,336.0,685.5,2453,2190,23,1018.84,16.43,69.0,5360740,339227,61.0,-20.75,973.5,15.764,17.911,-0.2,2014,False,False,False,discovery,5.530183727034121
2023020500,54.3,61.75,308.0,417.9,2453,1480,16,995.17,-11.16,59.5,5352406,417425,62.75,-41.0,974.1,65.975,223.948,-5.5,2022,False,False,False,discovery,5.530183727034121
2013012112,57.1,65.0,322.5,749.6,2453,1683,20,1016.5,3.31,57.1,5366487,321210,58.25,-43.0,983.4,15.058,185.012,24.9,2012,False,False,False,discovery,5.530183727034121
2004121112,30.6,58.0,312.0,554.8,2453,830,21,1014.73,2.17,54.1,5354620,242697,56.75,-27.5,996.8,5.184,344.669,2.9,2004,False,False,False,discovery,5.530183727034121
2021021612,41.9,59.0,308.5,747.5,2453,1770,27,991.72,-4.96,43.8,5368220,398553,62.75,-40.0,978.1,2.5,0.0,-12.7,2020,False,False,False,discovery,5.530183727034121
2017032612,36.3,68.75,337.0,437.0,2453,1168,26,1017.78,-0.86,36.3,5367426,360891,57.0,-47.5,1000.7,,,,2016,False,False,False,discovery,5.530183727034121
2008121012,46.2,58.25,318.5,727.1,2453,1863,24,990.9,-4.03,46.2,5365142,281342,64.75,-40.0,989.1,0.0,0.0,2.6,2008,False,False,False,discovery,5.530183727034121
2017031712,48.6,60.5,317.75,427.8,2453,1663,25,1005.83,3.68,52.9,5375353,360626,57.75,-47.5,985.4,27.734,25.653,2.3,2016,False,False,False,discovery,5.530183727034121
2013022712,41.8,65.0,319.75,567.3,2453,1669,26,1022.34,-3.48,43.0,5362993,321847,66.75,-28.5,1001.0,45.711,53.015,7.2,2012,False,False,False,discovery,5.530183727034121
2007020612,52.4,63.0,322.0,724.8,2453,2034,26,1017.27,-1.53,55.8,5368744,262606,55.25,-27.0,994.9,22.348,304.01,-1.2,2006,False,False,False,discovery,5.530183727034121
2004122212,51.8,65.5,321.0,945.5,2453,2236,18,1016.49,6.99,51.8,5354685,242797,57.0,-38.5,986.5,79.697,53.416,-0.3,2004,False,False,False,discovery,5.530183727034121
2006112812,60.8,66.0,334.75,574.2,2453,2453,20,1012.71,15.83,60.8,5349994,261550,61.5,-19.5,962.7,12.557,354.549,3.8,2006,False,False,False,discovery,5.530183727034121
2021022100,50.9,70.75,338.5,968.1,2453,1892,15,999.23,6.22,60.2,5369272,398632,63.0,-31.75,966.3,18.331,262.161,1.7,2020,False,False,False,discovery,5.530183727034121
2008120500,30.6,62.25,309.25,534.1,2453,1440,15,1001.44,4.24,30.6,5365847,281252,62.5,-38.75,995.6,12.857,38.94,-6.0,2008,False,False,False,discovery,5.530183727034121
2020110500,52.1,67.5,340.75,755.9,2453,1883,19,999.48,-5.17,52.1,5368898,396862,57.0,-44.0,980.9,52.258,24.638,-12.4,2020,False,False,False,discovery,5.530183727034121
2004122912,55.6,58.75,319.5,417.9,2453,721,28,982.39,5.3,59.7,5362337,242883,67.0,-20.25,953.7,39.268,50.458,-0.2,2004,False,False,False,discovery,5.530183727034121
2012111812,47.2,69.0,343.5,491.3,2453,1693,19,1011.66,9.08,47.2,5362890,320191,59.5,-41.0,990.4,3.562,225.429,-7.9,2012,False,False,False,discovery,5.530183727034121
2013032100,60.6,64.75,324.25,530.7,2453,2402,35,1049.5,12.42,60.6,5371010,322385,61.5,-28.0,1006.1,19.73,284.68,2.7,2012,False,False,False,discovery,5.530183727034121
2011020800,50.9,64.75,322.5,945.3,2453,2315,30,1000.94,0.53,50.9,5365614,301743,56.25,-37.25,962.7,18.667,36.53,-0.9,2010,False,False,False,discovery,5.530183727034121
2017032512,55.4,66.5,336.25,593.6,2453,1297,23,998.52,-9.34,55.4,5362790,360852,65.0,-36.25,987.7,32.062,38.764,,2016,False,False,False,discovery,5.530183727034121
2015032812,43.5,69.0,339.0,423.3,2453,1285,33,994.75,2.53,54.9,5368840,341735,62.0,-36.75,983.8,10.855,76.685,-2.7,2014,False,False,False,discovery,5.530183727034121
2021020412,50.1,65.75,333.0,500.7,2453,1760,28,1023.87,-7.0,50.1,5354476,398337,64.75,-37.5,1007.7,5.332,90.0,8.6,2020,False,False,False,discovery,5.530183727034121
2006111912,52.8,65.0,319.75,464.3,2453,1684,17,1010.37,3.75,52.8,5373884,261402,58.75,-18.5,960.4,30.234,70.686,-17.1,2006,False,False,False,discovery,5.530183727034121
2021022700,47.7,65.25,323.25,809.4,2453,1184,31,997.02,-3.05,47.7,5370633,398686,58.25,-41.0,973.7,31.075,27.754,1.9,2020,False,False,False,discovery,5.530183727034121
2022110412,64.3,59.25,318.0,468.0,2453,2395,19,1011.0,5.39,64.3,5356457,415987,56.0,-37.0,936.1,12.578,6.381,-9.9,2022,False,False,False,discovery,5.530183727034121
2009021212,58.7,64.75,322.5,453.0,2453,1746,28,1022.02,1.61,71.7,5360963,282331,61.0,-41.0,990.6,16.531,252.394,-7.1,2008,False,False,False,discovery,5.530183727034121
2016110712,51.3,59.0,317.25,633.7,2453,1318,26,996.79,-7.53,51.3,5370488,358488,58.0,-32.0,987.6,44.44,32.452,-14.3,2016,False,False,False,discovery,5.530183727034121
2004122300,68.6,71.75,343.5,963.3,2453,1722,15,1019.19,9.86,68.6,5361660,242850,62.0,-44.25,1003.4,,,,2004,False,False,False,discovery,5.530183727034121
2023032012,66.5,59.5,316.5,838.1,2453,2453,31,1018.65,4.14,66.5,5374540,418302,57.25,-29.75,985.2,15.0,0.0,-2.2,2022,False,False,False,discovery,5.530183727034121
2004121012,51.9,67.75,333.5,402.2,2453,1615,18,1012.65,3.27,54.6,5355157,242667,64.25,-28.75,990.6,31.079,36.448,6.1,2004,False,False,False,discovery,5.530183727034121
2015010612,53.0,60.0,309.75,626.9,2453,1290,15,986.31,-6.36,55.2,5373550,340259,58.0,-40.0,947.4,25.549,38.48,-19.5,2014,False,False,False,discovery,5.530183727034121
2025030700,44.8,65.25,324.5,647.9,2453,2257,28,1011.54,4.38,44.8,5376571,437733,57.75,-20.0,989.8,2.5,0.0,-1.9,2024,False,False,False,discovery,5.530183727034121
2020121900,57.7,68.75,337.25,954.0,2453,1894,21,1012.94,16.92,57.7,5348883,397514,56.5,-18.25,974.0,10.374,15.428,-2.3,2020,False,False,False,discovery,5.530183727034121
2009030312,61.7,66.0,332.25,405.6,2453,1977,32,1016.91,15.63,71.3,5369296,282687,66.25,-18.75,969.3,16.868,252.757,-2.1,2008,False,False,False,discovery,5.530183727034121
2017012000,58.0,60.75,319.0,414.6,2453,2187,22,1011.38,1.85,59.8,5372888,359563,57.25,-38.5,981.5,7.973,199.832,-1.0,2016,False,False,False,discovery,5.530183727034121
2007011212,50.0,59.25,319.0,643.4,2453,1211,21,999.37,5.65,50.0,5362094,262201,66.0,-24.0,971.6,6.445,39.127,1.2,2006,False,False,False,discovery,5.530183727034121
2007020212,56.2,65.75,324.5,421.4,2453,1707,18,1011.14,-1.12,57.7,5359810,262491,62.0,-36.75,972.2,22.5,0.0,-13.6,2006,False,False,False,discovery,5.530183727034121
2022111600,36.2,64.0,328.25,745.7,2453,2453,13,1006.0,4.17,36.2,5364992,416107,58.75,-23.0,957.7,5.759,244.27,-1.9,2022,False,False,False,discovery,5.530183727034121
2011020300,60.5,72.0,338.25,631.5,2453,1365,30,994.14,5.74,60.5,5363295,301686,62.0,-41.75,973.0,4.695,90.0,-6.1,2010,False,False,False,discovery,5.530183727034121
2011011700,53.3,69.25,339.0,566.2,2453,1745,18,1005.42,8.68,53.3,5366368,301368,65.0,-28.25,981.0,6.339,270.0,3.1,2010,False,False,False,discovery,5.530183727034121
2019020612,60.6,65.0,324.25,804.3,2453,2432,20,1016.2,11.36,60.6,5370875,379020,58.5,-29.0,972.6,13.987,110.946,5.0,2018,False,False,False,discovery,5.530183727034121
2018111312,63.4,59.0,317.0,585.5,2453,2412,21,1010.94,7.61,63.4,5364874,377792,60.0,-24.25,984.9,,,,2018,False,False,False,discovery,5.530183727034121
2013010812,41.7,67.5,340.5,408.2,2453,1284,27,1003.78,-3.79,56.5,5376433,321010,55.0,-37.5,955.8,33.281,12.441,-21.2,2012,False,False,False,discovery,5.530183727034121
2012111600,65.6,59.0,320.5,519.9,2453,1166,16,1013.48,8.22,72.6,5368237,320155,62.75,-33.75,980.7,17.743,134.791,-0.2,2012,False,False,False,discovery,5.530183727034121
2015032212,45.9,59.5,318.0,783.1,2453,1689,29,1011.05,-0.44,50.4,5370784,341564,65.0,-32.5,990.9,11.888,102.14,0.3,2014,False,False,False,discovery,5.530183727034121
2017031600,44.6,59.0,320.25,750.5,2453,1906,18,1013.13,6.35,44.6,5377616,360621,61.75,-18.5,983.5,21.486,45.722,-15.6,2016,False,False,False,discovery,5.530183727034121
2024120312,39.2,59.0,321.25,437.4,2453,406,17,1004.06,-4.51,55.9,5367371,436332,63.25,-37.0,982.1,6.727,41.993,0.6,2024,False,False,False,discovery,5.530183727034121
2017012700,58.3,69.0,338.0,404.5,2453,1360,24,1012.01,12.3,59.8,5369519,359604,61.25,-27.0,979.8,10.285,346.477,3.1,2016,False,False,False,discovery,5.530183727034121
2006110100,49.4,62.5,319.0,588.0,2453,2002,22,1026.19,-1.47,57.0,5361410,261165,59.5,-50.0,988.7,19.7,309.384,-2.7,2006,False,False,False,discovery,5.530183727034121
2014112812,55.2,68.0,330.75,654.3,2453,1869,23,1000.47,-8.18,55.2,5375267,339747,64.25,-40.5,982.2,5.451,203.482,-4.3,2014,False,False,False,discovery,5.530183727034121
2006122412,59.1,67.75,330.5,588.6,2453,1615,21,998.56,-12.66,59.1,5371675,261916,63.25,-36.25,974.1,23.491,16.703,5.2,2006,False,False,False,discovery,5.530183727034121
2013012900,58.2,66.5,334.75,452.6,2453,2162,20,1001.58,12.89,62.9,5366021,321322,57.5,-38.5,967.6,11.033,256.903,2.3,2012,False,False,False,discovery,5.530183727034121
2006122812,40.1,68.0,331.0,642.5,2453,2055,16,990.3,-3.93,40.1,5380870,261981,57.5,-50.0,967.1,11.852,114.952,5.1,2006,False,False,False,discovery,5.530183727034121
2011012912,52.9,60.5,311.75,438.7,2453,1341,27,995.58,-10.46,65.4,5355814,301599,64.0,-38.25,979.0,,,,2010,False,False,False,discovery,5.530183727034121
2012122500,48.1,69.0,338.25,1268.1,2453,1766,17,1022.82,9.05,48.1,5371789,320807,62.25,-44.5,998.6,,,,2012,False,False,False,discovery,5.530183727034121
2023011100,41.1,66.0,334.0,889.0,2453,1993,29,1010.04,12.09,41.7,5371231,416995,58.5,-20.0,972.2,12.863,54.333,1.1,2022,False,False,False,discovery,5.530183727034121
2017012200,38.9,70.25,340.25,421.5,2453,345,21,1013.3,0.66,52.7,5376072,359561,66.0,-32.0,999.5,2.699,22.133,9.3,2016,False,False,False,discovery,5.530183727034121
2011022500,54.6,60.25,313.5,761.9,2453,1457,23,985.34,4.06,58.8,5376819,302163,64.5,-32.0,955.7,5.444,23.292,-2.8,2010,False,False,False,discovery,5.530183727034121
2006120200,53.0,70.75,338.5,509.9,2453,1647,15,999.11,9.81,65.5,5355275,261609,66.5,-16.75,968.2,2.5,0.0,6.0,2006,False,False,False,discovery,5.530183727034121
2005021500,44.1,61.0,319.5,417.7,2453,1322,22,997.7,-9.63,47.2,5364306,243750,64.75,-40.0,997.6,0.0,0.0,15.0,2004,False,False,False,discovery,5.530183727034121
2009031600,46.5,58.75,321.0,600.3,2453,952,32,1008.06,-0.19,54.2,5367344,282865,63.75,-34.75,988.2,2.211,90.0,7.9,2008,False,False,False,discovery,5.530183727034121
2005032400,53.2,60.0,312.0,1111.2,2453,2180,28,1003.82,7.56,53.2,5375531,244537,55.25,-31.5,978.2,10.345,43.531,2.8,2004,False,False,False,discovery,5.530183727034121
2006112112,39.8,72.0,344.25,1551.8,2453,2131,26,1011.96,3.95,50.0,5364859,261478,56.75,-43.25,976.3,27.0,49.598,-7.1,2006,False,False,False,discovery,5.530183727034121
2024121712,43.5,69.0,337.5,520.2,2453,1773,19,1007.91,3.22,43.5,5371727,436529,64.75,-27.5,994.3,12.797,90.0,0.2,2024,False,False,False,discovery,5.530183727034121
2019022812,54.6,62.25,318.5,665.1,2453,2306,24,1014.6,-0.19,54.6,5359930,379462,56.5,-38.25,965.4,24.486,336.767,-12.6,2018,False,False,False,discovery,5.530183727034121
2009030600,62.1,65.0,322.5,518.7,2453,1861,21,1011.15,9.34,62.1,5370062,282798,59.0,-25.5,984.9,21.924,69.996,-4.6,2008,False,False,False,discovery,5.530183727034121
2023021512,51.9,59.25,317.5,909.4,2453,1818,20,1001.58,-0.86,51.9,5370187,417652,64.25,-28.75,982.0,16.428,52.502,2.0,2022,False,False,False,discovery,5.530183727034121
2006111900,40.7,71.0,345.5,444.9,2453,1820,17,1004.99,3.07,40.7,5377789,261402,57.0,-30.25,977.5,55.881,87.436,-10.0,2006,False,False,False,discovery,5.530183727034121
2007011912,54.4,60.25,319.0,420.4,2453,2230,26,1012.86,11.31,54.4,5361056,262289,59.75,-33.5,982.9,5.038,270.0,0.7,2006,False,False,False,discovery,5.530183727034121
2022122900,33.0,72.0,346.75,954.7,2453,1041,21,1007.62,4.49,33.0,5357828,416827,58.5,-39.0,996.2,0.0,0.0,-3.4,2022,False,False,False,discovery,5.530183727034121
2025022100,54.7,68.75,338.5,631.5,2453,1860,19,988.12,8.97,54.7,5371497,437453,63.25,-18.0,959.3,25.025,2.577,4.8,2024,False,False,False,discovery,5.530183727034121
2016123100,54.9,71.75,342.5,943.0,2453,2331,25,1028.2,12.29,54.9,5350054,359212,63.5,-22.75,1004.0,13.442,123.915,14.7,2016,False,False,False,discovery,5.530183727034121
2010121100,46.4,58.0,318.5,483.7,2453,2347,25,1012.66,-1.8,46.4,5372352,300734,55.5,-48.0,990.1,25.0,0.0,-10.7,2010,False,False,False,discovery,5.530183727034121
2004111112,67.3,72.0,342.25,401.5,2453,1793,24,1017.2,6.02,67.7,5372374,242253,66.0,-21.25,993.6,12.252,114.085,3.7,2004,False,False,False,discovery,5.530183727034121
2025012800,48.7,70.5,339.0,463.2,2453,1519,23,1000.52,6.0,48.7,5360719,437071,63.5,-24.0,983.7,16.398,72.247,2.5,2024,False,False,False,discovery,5.530183727034121
2007021012,70.4,59.25,317.0,591.0,2453,2394,26,1020.23,8.6,70.4,5364280,262687,55.5,-36.0,979.6,9.858,239.523,-3.7,2006,False,False,False,discovery,5.530183727034121
2017010900,56.5,66.25,334.25,651.3,2453,2120,21,1011.43,14.13,56.5,5375312,359379,60.5,-23.25,971.8,22.3,96.437,-6.7,2016,False,False,False,discovery,5.530183727034121
2011032112,49.1,59.5,318.25,704.0,2453,1297,26,1010.28,4.31,49.1,5365501,302658,66.5,-24.0,991.9,10.766,21.74,2.3,2010,False,False,False,discovery,5.530183727034121
2009032312,46.1,60.5,319.5,543.3,2453,2051,30,1024.98,1.32,56.8,5377383,283188,57.5,-48.0,993.9,17.028,28.249,0.3,2008,False,False,False,discovery,5.530183727034121
2005011912,53.4,59.25,318.0,570.0,2453,1493,25,1000.31,10.71,54.4,5363990,243265,63.0,-25.75,969.7,23.965,84.012,-8.5,2004,False,False,False,discovery,5.530183727034121
2018121700,67.4,69.0,338.25,1161.6,2453,2432,20,1006.72,6.19,67.4,5362867,378182,59.25,-30.5,971.3,10.25,240.803,1.4,2018,False,False,False,discovery,5.530183727034121
2007032212,54.5,64.0,328.25,544.4,2453,1866,27,998.31,-7.55,58.1,5363228,263447,60.25,-38.5,973.9,11.113,63.26,-8.3,2006,False,False,False,discovery,5.530183727034121
2008110800,58.8,69.0,337.5,640.2,2453,1716,19,1007.39,2.13,63.4,5337619,280804,60.5,-39.5,976.5,8.36,153.783,-4.0,2008,False,False,False,discovery,5.530183727034121
2008111812,49.0,62.0,320.75,768.6,2453,1707,22,992.81,-4.92,62.2,5358828,280997,66.5,-21.5,998.8,33.431,72.595,-2.4,2008,False,False,False,discovery,5.530183727034121
2022122012,57.9,66.25,336.0,951.3,2453,2453,13,1034.61,17.86,57.9,5366105,416727,58.75,-15.0,967.5,7.936,19.078,2.9,2022,False,False,False,discovery,5.530183727034121
2023012600,43.2,66.0,325.5,447.5,2453,1759,14,1002.83,-9.82,46.0,5382755,417291,62.75,-40.0,1000.0,,,,2022,False,False,False,discovery,5.530183727034121
2009033100,48.3,58.75,316.5,714.0,2453,2453,30,1030.4,13.31,48.3,5368850,283446,56.5,-32.25,993.8,,,,2008,False,False,False,discovery,5.530183727034121
2023010300,56.8,68.75,335.75,420.8,2453,1713,21,1005.55,-4.08,58.5,5347796,416896,66.75,-32.75,982.5,15.334,324.605,1.9,2022,False,False,False,discovery,5.530183727034121
2009021600,42.7,68.0,334.25,405.9,2453,1666,19,1002.29,-3.75,59.7,5355254,282419,65.5,-32.5,984.5,7.5,0.0,6.5,2008,False,False,False,discovery,5.530183727034121
2012121812,54.1,68.75,337.75,1487.2,2453,2453,24,1022.06,6.43,54.1,5365715,320711,55.5,-26.25,981.1,30.53,349.308,,2012,False,False,False,discovery,5.530183727034121
2007021612,56.6,69.0,337.5,417.0,2453,1976,18,1006.4,5.53,59.4,5364001,262803,65.25,-22.5,964.5,19.4,334.43,11.8,2006,False,False,False,discovery,5.530183727034121
2010111212,61.3,69.25,339.0,1525.5,2453,2453,24,1020.1,13.5,61.3,5354507,300252,55.5,-29.5,990.9,17.851,225.554,-7.9,2010,False,False,False,discovery,5.530183727034121
2015022400,44.1,66.25,336.0,680.2,2453,1621,23,1003.31,6.53,63.7,5382138,341072,63.75,-37.25,978.7,2.5,0.0,-5.2,2014,False,False,False,discovery,5.530183727034121
2011022800,58.5,66.0,325.5,685.6,2453,1699,17,989.52,-10.12,75.6,5382973,302144,60.75,-41.75,960.7,22.064,37.518,11.3,2010,False,False,False,discovery,5.530183727034121
2020120700,26.7,59.5,317.5,540.5,2453,1796,22,1014.04,1.36,30.8,5351469,397366,62.25,-34.25,1003.8,5.82,90.0,4.6,2020,False,False,False,discovery,5.530183727034121
2009011012,57.2,68.25,337.75,402.6,2453,2045,15,990.37,15.78,57.2,5363642,281743,63.75,-23.5,962.3,9.215,57.138,6.6,2008,False,False,False,discovery,5.530183727034121
2017020512,50.8,68.0,335.5,523.6,2453,1268,21,997.64,1.65,50.8,5367229,359777,62.25,-47.75,975.1,29.101,270.0,4.3,2016,False,False,False,discovery,5.530183727034121
2021012700,69.6,65.0,324.25,666.1,2453,2074,16,1027.14,9.86,69.6,5359841,398214,59.75,-29.5,987.6,14.728,289.845,2.4,2020,False,False,False,discovery,5.530183727034121
2014111200,57.9,59.5,317.5,996.0,2453,2434,24,1017.87,10.48,57.9,5367411,339384,56.25,-26.75,977.6,29.39,306.544,-2.7,2014,False,False,False,discovery,5.530183727034121
2016112900,42.0,60.0,318.5,919.4,2453,1647,20,1020.06,-1.63,42.0,5360789,358757,66.75,-30.75,1001.5,5.531,63.131,2.4,2016,False,False,False,discovery,5.530183727034121
2011020212,64.3,70.75,338.5,865.1,2453,1791,33,997.1,8.45,64.3,5353767,301634,63.0,-23.25,956.2,8.767,31.187,-7.8,2010,False,False,False,discovery,5.530183727034121
2011030800,63.9,60.0,322.25,671.0,2453,1468,19,1004.81,0.81,63.9,5370140,302353,65.25,-31.25,975.9,15.145,172.055,0.4,2010,False,False,False,discovery,5.530183727034121
2007022000,60.9,61.25,318.0,405.2,2453,2077,20,1018.41,4.61,67.9,5366929,262864,57.75,-40.0,974.6,20.311,232.016,5.6,2006,False,False,False,discovery,5.530183727034121
2012110412,34.5,60.75,319.5,402.5,2453,868,25,1006.48,-4.31,47.3,5371352,319952,64.25,-42.5,1003.7,2.726,23.482,-3.9,2012,False,False,False,discovery,5.530183727034121
2010121200,29.4,58.5,318.25,422.7,2453,1938,21,1014.37,-4.98,40.8,5369574,300734,59.75,-48.75,998.2,16.796,333.262,6.4,2010,False,False,False,discovery,5.530183727034121
2020111800,62.8,60.75,310.0,1038.4,2453,2453,11,1017.15,5.75,62.8,5364320,397071,57.75,-17.0,993.5,3.656,226.863,0.0,2020,False,False,False,discovery,5.530183727034121
2020111500,50.6,59.75,312.5,495.0,2453,1821,16,1011.9,3.41,50.6,5359825,396991,55.25,-17.75,974.8,5.755,209.683,-4.7,2020,False,False,False,discovery,5.530183727034121
2022111912,53.8,60.75,318.25,577.2,2453,2073,20,1002.37,2.87,53.8,5370776,416276,62.0,-29.75,968.4,44.927,38.827,4.0,2022,False,False,False,discovery,5.530183727034121
2008121412,46.9,58.0,316.5,666.7,2453,1317,20,1006.66,-0.94,48.5,5366368,281388,61.0,-33.25,984.8,21.819,62.721,-9.1,2008,False,False,False,discovery,5.530183727034121
2021032300,43.5,59.5,319.0,661.7,2453,1272,26,992.91,-1.94,44.1,5365005,399308,66.75,-50.0,992.5,76.445,141.709,-3.6,2020,False,False,False,discovery,5.530183727034121
2009010912,34.7,60.75,317.75,459.4,2453,1549,14,982.56,-0.38,55.6,5361042,281743,56.75,-40.25,959.2,39.171,50.341,-14.1,2008,False,False,False,discovery,5.530183727034121
2011020200,59.6,70.75,338.5,502.7,2453,1343,44,998.67,7.54,59.6,5354023,301634,58.5,-27.5,964.0,31.338,66.492,-8.9,2010,False,False,False,discovery,5.530183727034121
2019013012,56.7,59.0,318.0,513.9,2453,2329,21,1015.67,12.55,56.7,5367101,378954,55.5,-32.25,982.2,,,,2018,False,False,False,discovery,5.530183727034121
2016113012,51.4,72.0,341.75,405.6,2453,1568,23,1025.48,5.74,51.4,5367421,358847,63.0,-37.25,1006.1,2.746,204.418,2.5,2016,False,False,False,discovery,5.530183727034121
2017030800,63.1,69.0,338.25,613.2,2453,1681,22,1012.36,7.24,63.1,5379188,360347,63.5,-22.75,988.7,7.583,188.46,-1.9,2016,False,False,False,discovery,5.530183727034121
2011030200,46.2,60.25,322.25,1012.9,2453,2453,21,1010.91,0.12,46.2,5384408,302262,62.5,-19.25,984.5,45.948,35.299,-12.7,2010,False,False,False,discovery,5.530183727034121
2021011400,53.5,65.0,322.5,483.2,2453,1748,30,1007.27,-3.29,53.5,5368002,397954,61.0,-33.75,978.0,12.365,36.025,7.8,2020,False,False,False,discovery,5.530183727034121
2015021412,54.4,69.0,337.5,990.2,2453,1765,28,1000.85,2.23,54.4,5366310,340790,60.75,-30.5,961.4,21.342,34.916,-2.5,2014,False,False,False,discovery,5.530183727034121
2013012800,66.9,64.75,322.25,981.2,2453,2402,27,1000.47,13.65,66.9,5356115,321262,60.25,-18.75,957.6,12.405,90.0,14.9,2012,False,False,False,discovery,5.530183727034121
2024122412,71.1,58.75,320.75,673.4,2453,1208,15,990.98,-7.99,71.1,5344893,436642,64.75,-37.5,966.1,2.5,180.0,-8.2,2024,False,False,False,discovery,5.530183727034121
2020111200,42.5,58.0,319.5,734.3,2453,2453,16,996.98,-0.67,42.5,5359135,396982,56.25,-28.75,959.6,29.274,94.899,-5.4,2020,False,False,False,discovery,5.530183727034121
2007020812,55.1,62.75,319.5,418.9,2453,1544,22,1001.34,3.75,55.1,5370273,262663,56.0,-21.5,979.2,7.501,311.801,,2006,False,False,False,discovery,5.530183727034121
2019021300,39.2,71.0,341.5,424.4,2453,1067,21,1003.22,5.69,64.9,5376156,379140,59.5,-41.0,983.9,9.056,214.087,1.1,2018,False,False,False,discovery,5.530183727034121
2004112300,54.3,62.0,323.0,487.4,2453,2124,17,1019.86,4.62,54.3,5364916,242414,55.25,-37.0,983.4,8.55,90.0,-0.8,2004,False,False,False,discovery,5.530183727034121
2020111412,52.4,60.75,311.25,474.6,2453,1687,20,1007.9,5.42,52.4,5356423,397042,55.75,-30.75,983.1,38.072,86.235,-0.2,2020,False,False,False,discovery,5.530183727034121
2013030800,70.1,67.0,330.0,520.0,2453,1741,24,1034.21,3.35,87.3,5379857,322065,63.0,-35.75,990.5,,,,2012,False,False,False,discovery,5.530183727034121
2013012012,59.2,64.75,320.75,941.5,2453,2453,22,1009.4,1.4,59.2,5367879,321167,58.0,-28.5,946.9,13.117,17.638,7.6,2012,False,False,False,discovery,5.530183727034121
2009031112,65.8,65.5,326.5,858.1,2453,2453,22,1013.3,10.34,65.8,5367978,282869,59.0,-24.5,977.0,29.042,52.945,6.3,2008,False,False,False,discovery,5.530183727034121
2024120900,40.5,58.0,317.5,541.3,2453,1092,23,1009.79,-7.5,49.5,5355647,436444,62.5,-46.25,996.2,,,,2024,False,False,False,discovery,5.530183727034121
2015012700,47.5,58.0,316.5,407.1,2453,1254,16,987.84,-7.67,78.1,5374682,340517,60.75,-48.25,963.3,10.977,62.904,16.1,2014,False,False,False,discovery,5.530183727034121
2016122912,65.9,58.75,318.0,918.8,2453,1683,18,998.84,-2.82,65.9,5351582,359212,65.0,-28.0,962.7,29.098,19.074,-20.9,2016,False,False,False,discovery,5.530183727034121
2025030312,41.4,60.5,311.75,410.5,2453,1938,26,998.16,-1.56,47.9,5372168,437669,58.25,-42.5,970.7,35.629,50.839,-16.5,2024,False,False,False,discovery,5.530183727034121
2012120400,35.2,68.5,335.5,406.4,2453,1178,21,1012.04,-3.41,48.1,5374804,320443,63.75,-38.25,1004.8,5.121,12.47,7.6,2012,False,False,False,discovery,5.530183727034121
2004110900,41.7,60.25,319.0,828.3,2453,2183,19,1008.86,5.86,41.7,5358736,242222,63.75,-22.0,984.8,10.161,60.523,-13.5,2004,False,False,False,discovery,5.530183727034121
2013010400,61.4,63.0,319.75,651.3,2453,1901,16,998.91,-1.63,61.5,5368905,320934,57.25,-42.5,962.3,6.762,90.0,-1.3,2012,False,False,False,discovery,5.530183727034121
2004121612,39.9,60.5,308.0,836.7,2453,997,15,997.73,6.35,39.9,5369620,242749,63.5,-37.25,990.4,7.583,8.46,,2004,False,False,False,discovery,5.530183727034121
2017020412,63.6,69.0,338.25,847.0,2453,1584,20,991.93,-1.25,63.6,5364000,359777,62.75,-32.5,967.9,13.962,259.685,5.3,2016,False,False,False,discovery,5.530183727034121
2016111300,47.6,60.25,319.5,430.8,2453,895,13,984.51,-6.13,51.8,5358606,358570,62.5,-49.5,962.9,25.0,0.0,,2016,False,False,False,discovery,5.530183727034121
2023021500,60.9,59.25,317.5,563.3,2453,1722,16,998.6,-5.26,60.9,5387587,417652,62.5,-34.5,980.0,10.502,61.568,3.7,2022,False,False,False,discovery,5.530183727034121
2004110800,39.8,71.25,339.25,631.9,2453,1020,14,999.36,-7.04,39.8,5366054,242209,56.75,-48.25,986.5,,,,2004,False,False,False,discovery,5.530183727034121
2004113000,47.3,72.0,343.25,859.8,2453,2453,15,1019.11,12.57,47.3,5364917,242513,61.25,-24.25,987.8,16.534,139.115,4.8,2004,False,False,False,discovery,5.530183727034121
2025032700,50.6,68.0,336.75,411.6,2453,1237,30,1005.73,12.13,55.0,5377230,438209,64.5,-26.25,985.2,2.153,270.0,-0.1,2024,False,False,False,discovery,5.530183727034121
2012112312,70.8,69.0,338.25,485.6,2453,1215,26,1008.22,10.49,72.0,5368025,320244,65.0,-26.25,971.5,25.914,234.631,-0.8,2012,False,False,False,discovery,5.530183727034121
2014111000,62.0,59.5,317.5,582.8,2453,2412,20,1015.0,5.86,62.0,5361359,339384,58.5,-32.5,980.6,17.702,73.593,2.9,2014,False,False,False,discovery,5.530183727034121
2024112112,44.4,66.0,325.5,403.7,2453,2018,18,1033.81,6.69,46.3,5373229,436203,62.75,-30.75,1006.7,,,,2024,False,False,False,discovery,5.530183727034121
2014120212,57.0,59.75,319.0,795.7,2453,1589,17,984.5,-9.71,57.0,5365129,339811,65.75,-31.75,974.2,24.14,78.046,-1.8,2014,False,False,False,discovery,5.530183727034121
2019012112,55.6,60.0,322.25,1228.8,2453,1915,22,1005.73,4.16,71.0,5354455,378757,66.75,-18.0,972.8,57.971,64.453,5.8,2018,False,False,False,discovery,5.530183727034121
2009020912,44.8,62.5,319.0,659.0,2453,2348,33,1013.93,6.58,44.8,5369906,282286,59.5,-26.0,990.3,10.687,225.429,0.6,2008,False,False,False,discovery,5.530183727034121
2004122900,54.9,58.0,317.5,675.9,2453,1849,21,981.99,-2.5,54.9,5368928,242883,62.25,-33.75,953.9,69.278,52.159,-9.8,2004,False,False,False,discovery,5.530183727034121
2013011900,47.8,60.25,312.5,463.5,2453,1925,17,994.95,-6.67,47.8,5363256,321159,65.25,-42.5,976.5,21.082,276.811,18.7,2012,False,False,False,discovery,5.530183727034121
2018110900,54.7,64.75,323.25,516.7,2453,1712,12,1009.2,3.17,54.7,5372220,377634,58.25,-20.5,973.5,12.774,348.114,-2.4,2018,False,False,False,discovery,5.530183727034121
2005121812,72.9,70.75,338.5,506.2,2453,1657,20,1004.35,-0.91,73.6,5360010,252326,66.5,-26.0,973.3,10.277,75.921,-3.1,2005,True,False,True,heldout,1.0
2006010200,74.4,65.75,325.75,507.8,2453,1812,17,1005.16,0.1,74.4,5366132,252533,61.25,-36.0,966.7,11.274,48.298,-4.0,2005,True,False,True,heldout,1.0
2006021612,75.9,69.0,338.25,658.1,2453,1250,28,1005.65,16.18,75.9,5368582,253373,61.75,-44.5,997.3,,,,2005,True,False,True,heldout,1.0
2006021700,73.3,69.0,338.25,668.9,2453,1312,23,1009.07,13.82,73.3,5371008,253373,61.5,-47.0,995.5,12.934,247.259,-1.8,2005,True,False,True,heldout,1.0
2007112600,82.4,65.75,324.5,532.9,2453,1374,21,1004.68,-5.35,82.4,5376256,271306,59.5,-48.0,974.7,14.636,31.343,-1.7,2007,True,False,True,heldout,1.0
2007112612,76.3,67.75,331.0,658.1,2453,1824,15,994.15,-12.8,76.3,5369665,271321,64.0,-40.25,981.6,15.04,4.179,3.3,2007,True,False,True,heldout,1.0
2007112912,74.1,65.5,324.0,918.9,2453,2276,19,1004.99,4.71,74.1,5365414,271322,57.25,-37.0,957.6,32.458,90.0,-11.2,2007,True,False,True,heldout,1.0
2007113000,83.1,65.5,324.0,688.9,2453,2436,17,1007.09,11.74,83.1,5365217,271322,60.25,-28.75,955.2,34.324,102.621,-2.4,2007,True,False,True,heldout,1.0
2007121012,72.3,65.25,323.25,836.4,2453,1991,20,1007.21,-0.03,72.3,5352096,271524,57.5,-45.5,959.6,16.312,81.184,-11.4,2007,True,False,True,heldout,1.0
2007121100,73.4,66.75,328.75,442.2,2453,1745,22,999.99,-10.15,107.3,5352779,271541,63.75,-37.5,950.4,27.952,323.604,-12.3,2007,True,False,True,heldout,1.0
2007121412,81.9,67.25,329.0,505.3,2453,1851,20,997.33,-6.43,89.2,5352548,271598,62.75,-32.5,942.9,43.475,347.84,2.4,2007,True,False,True,heldout,1.0
2007121500,79.4,61.0,323.0,459.0,2453,1295,15,984.49,-19.66,79.4,5357165,271598,65.0,-39.25,951.8,15.001,279.593,8.9,2007,True,True,False,heldout,1.0
2007122700,76.7,69.0,338.25,616.6,2453,929,19,1000.66,11.59,76.7,5358776,271764,63.25,-15.5,963.8,20.11,51.569,-7.4,2007,True,False,True,heldout,1.0
2007123012,71.7,67.75,330.5,593.8,2453,1756,25,1003.85,-6.57,75.5,5351538,271798,62.75,-34.0,960.7,32.581,4.029,-10.6,2007,True,False,True,heldout,1.0
2007123100,74.9,59.75,321.75,653.4,2453,1691,15,992.1,-18.6,74.9,5360168,271798,65.25,-33.75,953.2,8.589,29.171,-7.5,2007,True,True,False,heldout,1.0
2007123112,76.7,59.5,317.25,593.6,2453,1431,13,989.71,-14.02,76.7,5361028,271798,64.5,-38.75,966.1,20.418,232.25,12.9,2007,True,True,False,heldout,1.0
2008010100,73.5,59.0,318.5,580.0,2453,1411,12,998.05,-8.39,73.5,5368464,271798,63.5,-36.0,973.1,18.05,33.794,7.0,2007,True,True,False,heldout,1.0
2008012200,79.9,65.5,323.75,530.7,2453,1987,19,998.08,-1.82,79.9,5361953,272160,58.25,-31.5,946.3,34.532,29.686,-4.1,2007,True,False,True,heldout,1.0
2008012212,75.0,66.25,325.5,402.3,2453,1452,20,991.28,-1.26,82.6,5354231,272160,63.75,-28.25,952.5,25.098,5.055,6.2,2007,True,False,True,heldout,1.0
2008020812,72.6,58.75,317.5,660.1,2453,1969,20,994.04,-3.86,72.6,5372472,272411,59.25,-31.0,951.2,38.214,23.665,-14.0,2007,True,False,True,heldout,1.0
2008020900,77.1,59.0,319.25,776.0,2453,1817,18,992.93,-13.34,77.1,5372472,272411,64.0,-30.5,930.4,20.475,12.363,-20.8,2007,True,True,False,heldout,1.0
2008020912,78.4,61.0,323.0,533.4,2453,1388,16,987.53,-9.89,78.4,5358858,272411,65.75,-35.5,952.3,9.573,254.862,21.9,2007,True,True,False,heldout,1.0
2008021312,80.7,65.0,323.0,1132.7,2453,2359,18,1028.31,-1.49,80.7,5359446,272497,55.25,-43.0,986.5,24.354,84.108,9.1,2007,True,False,True,heldout,1.0
2009112012,75.0,69.0,338.25,537.6,2453,2374,20,1001.49,11.39,75.0,5354653,290555,64.5,-17.25,969.4,16.495,40.729,8.9,2009,True,False,True,heldout,1.0
2009121112,71.9,65.5,323.75,587.1,2453,1801,19,1017.72,-2.21,71.9,5356779,290872,60.5,-40.0,980.8,14.435,249.734,0.2,2009,True,False,True,heldout,1.0
2009122412,72.2,69.25,338.25,485.6,2453,2234,14,1036.74,18.65,72.2,5361799,291096,55.5,-28.25,979.9,21.649,143.937,-4.9,2009,True,False,True,heldout,1.0
2010012200,76.1,67.5,331.75,469.2,2453,1824,22,1000.38,1.03,81.0,5366400,291485,63.5,-31.5,955.4,25.573,299.261,-6.7,2009,True,False,True,heldout,1.0
2011110800,87.0,65.75,325.25,502.8,2453,2015,19,1006.05,-2.04,87.0,5368971,310274,61.25,-33.75,950.0,35.513,350.253,-8.3,2011,True,False,True,heldout,1.0
2011120912,79.7,59.75,312.5,503.9,2453,2379,15,1020.8,9.76,79.7,5348400,310715,58.5,-16.0,1007.5,17.16,136.756,9.3,2011,True,True,False,heldout,1.0
2012010100,74.8,59.0,317.25,957.5,2453,1274,18,992.88,5.18,74.8,5363838,310980,65.0,-29.5,951.7,1.057,270.0,-0.5,2011,True,True,False,heldout,1.0
2012010112,78.2,58.75,318.5,692.5,2453,1032,15,995.19,5.72,78.2,5368757,310980,63.75,-33.75,950.9,9.317,216.396,-0.8,2011,True,False,True,heldout,1.0
2012012400,75.8,65.0,324.25,431.7,2453,1524,16,1018.39,6.79,75.8,5363336,311367,61.75,-40.5,978.4,25.347,258.623,-11.5,2011,True,False,True,heldout,1.0
2012012412,75.4,62.0,319.0,425.1,2453,1451,17,1016.81,4.9,76.0,5362506,311367,58.25,-39.5,982.1,16.95,152.246,3.7,2011,True,False,True,heldout,1.0
2012030600,74.8,59.75,318.25,511.1,2453,1834,17,991.01,-15.14,74.8,5381429,312123,64.25,-39.75,961.9,8.177,336.518,-9.4,2011,True,True,False,heldout,1.0
2012030612,85.5,59.25,319.0,487.7,2453,1744,18,989.17,-7.0,85.5,5370838,312123,63.25,-37.25,958.0,9.33,122.407,-3.9,2011,True,True,False,heldout,1.0
2012030700,85.6,59.5,317.25,1055.1,2453,1386,17,994.92,3.17,85.6,5377969,312123,66.5,-28.5,958.5,42.198,39.631,0.5,2011,True,True,False,heldout,1.0
2012031212,81.7,59.75,316.75,423.5,2453,2248,23,1025.66,3.61,81.7,5381212,312237,56.0,-42.0,965.1,20.049,3.998,-7.9,2011,True,True,False,heldout,1.0
2012031300,73.8,65.25,325.0,667.7,2453,1582,17,1017.54,1.01,77.3,5383955,312237,59.0,-38.5,973.9,21.726,36.344,8.8,2011,True,False,True,heldout,1.0
2013111100,74.7,67.75,333.25,459.1,2453,1919,17,998.61,4.36,74.7,5366035,329567,63.75,-29.25,948.1,16.879,27.294,-3.3,2013,True,False,True,heldout,1.0
2013111112,77.0,69.0,337.5,490.3,2453,1894,19,1001.6,10.87,77.0,5363987,329567,64.75,-25.5,955.5,5.889,64.88,7.4,2013,True,False,True,heldout,1.0
2013121300,84.2,65.0,322.5,751.7,2453,1872,17,1003.54,-1.85,84.2,5353446,330123,58.75,-43.0,946.1,10.808,46.056,-0.6,2013,True,False,True,heldout,1.0
2013121312,73.6,64.75,321.25,793.9,2453,1944,20,995.8,-5.34,73.6,5352504,330123,59.25,-48.5,951.5,7.151,45.64,5.4,2013,True,False,True,heldout,1.0
2013121900,73.9,59.0,319.25,773.7,2453,1058,19,988.2,-2.68,73.9,5365035,330173,66.0,-30.0,956.9,8.51,252.917,10.5,2013,True,True,False,heldout,1.0
2013123000,75.2,59.75,317.5,753.4,2453,1710,19,1010.78,12.65,75.2,5358866,330314,58.5,-29.5,956.0,9.141,34.864,-4.4,2013,True,True,False,heldout,1.0
2014011312,73.3,65.0,323.0,752.3,2453,2453,22,1017.3,6.94,73.3,5362638,330518,59.75,-27.75,974.1,2.799,206.738,12.9,2013,True,False,True,heldout,1.0
2014021900,75.1,65.25,323.0,973.3,2453,2369,18,1008.33,0.95,75.1,5373002,331167,55.0,-30.25,967.7,35.32,31.856,-17.6,2013,True,False,True,heldout,1.0
2014022700,72.7,61.25,318.25,423.4,2453,2159,21,1012.99,12.31,72.7,5377849,331277,58.75,-36.0,965.3,10.331,14.541,9.2,2013,True,True,False,heldout,1.0
2015120100,73.8,65.25,323.25,485.4,2453,1684,17,1004.12,1.5,73.8,5352345,349312,60.75,-30.5,974.9,35.339,7.947,-16.7,2015,True,False,True,heldout,1.0
2015120112,83.7,65.75,324.5,426.2,2453,1804,18,1002.83,-2.48,84.1,5351830,349312,62.75,-41.0,957.3,32.439,261.133,-17.6,2015,True,False,True,heldout,1.0
2015120200,74.8,67.75,332.0,716.6,2453,1761,18,1000.24,-2.93,74.8,5355984,349312,62.25,-36.0,966.7,23.914,51.152,9.4,2015,True,False,True,heldout,1.0
2015120800,73.7,66.25,335.5,544.9,2453,2432,19,1009.81,11.97,73.7,5351899,349387,61.5,-21.75,948.1,21.673,22.661,-12.1,2015,True,False,True,heldout,1.0
2015120812,82.2,68.0,332.5,411.6,2453,2032,13,1007.95,9.58,89.3,5353939,349387,64.5,-24.5,955.6,13.609,336.708,7.5,2015,True,False,True,heldout,1.0
2015120900,76.7,67.75,332.5,401.5,2453,1091,17,1005.19,-0.82,82.1,5368585,349387,64.75,-32.5,964.1,18.301,262.148,8.5,2015,True,False,True,heldout,1.0
2015123100,75.7,59.0,317.25,721.5,2453,811,17,979.9,-6.56,75.7,5364997,349764,63.75,-30.75,952.2,14.702,31.766,,2015,True,True,False,heldout,1.0
2016010612,73.2,62.25,324.0,413.4,2453,2422,19,1013.14,10.79,73.2,5365068,349849,59.25,-31.5,949.4,5.113,270.0,-14.6,2015,True,False,True,heldout,1.0
2016010700,72.9,60.5,317.75,473.5,2453,2274,22,1014.7,10.79,72.9,5372737,349849,58.0,-35.5,949.3,11.317,207.92,-0.1,2015,True,True,False,heldout,1.0
2016010712,72.6,59.5,319.5,589.0,2453,2453,19,1016.71,6.29,72.6,5373178,349849,55.75,-33.5,955.7,15.084,145.966,6.4,2015,True,True,False,heldout,1.0
2016012612,78.3,58.5,318.75,400.9,2453,1684,25,984.58,-5.56,90.1,5367944,350101,62.0,-39.5,950.9,5.319,118.036,-5.1,2015,True,False,True,heldout,1.0
2016020412,73.0,65.25,325.0,593.5,2453,1946,16,1016.19,7.51,73.0,5356673,350313,61.5,-26.5,977.6,27.911,9.844,-22.8,2015,True,False,True,heldout,1.0
2016020500,84.2,66.0,331.0,417.2,2453,1900,15,1013.61,15.82,86.7,5363430,350313,62.25,-29.25,951.2,6.832,222.961,-26.4,2015,True,False,True,heldout,1.0
2016020512,78.6,66.5,335.25,628.9,2453,2448,15,1011.61,19.49,78.6,5362596,350313,61.0,-27.75,953.5,12.365,143.975,2.3,2015,True,False,True,heldout,1.0
2017110500,76.4,59.25,316.0,457.0,2453,2220,20,1013.37,1.02,76.4,5368349,367974,56.5,-49.75,959.1,11.318,102.761,-24.7,2017,True,True,False,heldout,1.0
2017110512,81.8,65.0,322.0,443.3,2453,1739,20,1003.28,-3.82,81.8,5368152,367974,61.25,-41.0,960.8,44.511,17.288,1.7,2017,True,False,True,heldout,1.0
2017110600,81.6,65.75,324.5,431.2,2453,1767,17,998.37,-3.12,81.6,5370074,367974,62.0,-37.75,965.0,5.319,61.964,4.2,2017,True,False,True,heldout,1.0
2017110612,71.9,68.0,332.75,478.9,2453,1698,14,1003.99,2.8,72.3,5376710,367974,64.25,-32.5,969.0,11.145,257.038,4.0,2017,True,False,True,heldout,1.0
2017121200,72.1,65.5,325.5,401.4,2453,1651,19,990.28,-1.86,76.3,5384084,368537,62.0,-36.5,958.2,22.559,56.351,-1.2,2017,True,False,True,heldout,1.0
2017122812,72.8,62.0,319.0,439.3,2453,2055,17,1011.92,4.44,72.8,5351136,368807,58.25,-38.5,970.4,8.28,287.574,,2017,True,False,True,heldout,1.0
2018010712,80.9,65.0,323.0,639.9,2453,1767,25,1004.17,2.69,80.9,5360604,368973,59.25,-37.5,962.8,21.42,20.98,,2017,True,False,True,heldout,1.0
2018010800,81.2,65.0,323.0,418.7,2453,1813,26,997.18,-3.31,81.2,5375651,368973,61.25,-37.75,957.1,8.781,286.542,-5.7,2017,True,False,True,heldout,1.0
2018011512,82.4,59.25,321.5,586.1,2453,1167,23,993.71,4.69,82.4,5346841,369041,66.5,-18.0,948.2,8.494,152.002,9.8,2017,True,True,False,heldout,1.0
2018011600,87.2,59.0,320.0,545.0,2453,1798,21,997.25,7.97,87.2,5347728,369102,62.75,-33.5,965.0,20.033,176.724,3.4,2017,True,True,False,heldout,1.0
2018011612,72.7,59.25,317.5,645.3,2453,1584,24,1006.11,8.87,72.7,5343955,369125,64.25,-36.25,972.6,,,,2017,True,True,False,heldout,1.0
2018011700,72.8,70.75,338.5,472.5,2453,1279,20,1008.64,4.56,72.8,5347845,369125,63.75,-34.0,977.1,6.634,90.0,4.5,2017,True,False,True,heldout,1.0
2018012300,72.7,65.25,324.75,811.4,2453,2184,21,1010.64,6.79,72.7,5360216,369238,58.0,-37.0,961.0,20.391,191.239,,2017,True,False,True,heldout,1.0
2018020200,85.0,65.75,324.5,463.7,2453,1788,14,999.89,-7.63,85.0,5373751,369366,62.5,-41.5,975.4,12.164,214.707,-8.3,2017,True,False,True,heldout,1.0
2018021100,76.6,68.5,337.0,477.3,2453,1528,24,1003.17,8.84,76.6,5376496,369495,65.75,-31.5,981.9,19.233,58.672,1.3,2017,True,False,True,heldout,1.0
2018021112,73.1,70.5,339.0,417.5,2453,1727,21,1001.08,5.27,81.7,5371136,369469,66.75,-20.5,963.9,23.242,257.577,1.2,2017,True,False,True,heldout,1.0
2018021900,76.3,65.75,324.5,871.5,2453,2404,17,1014.96,0.12,76.3,5371043,369619,58.0,-33.0,959.7,21.779,76.727,3.8,2017,True,False,True,heldout,1.0
2018021912,81.0,67.75,331.25,556.1,2453,2159,15,1006.34,-2.27,81.0,5369635,369619,62.75,-28.5,967.5,25.647,12.895,7.8,2017,True,False,True,heldout,1.0
2018022400,75.0,67.5,328.5,606.5,2453,1780,28,996.18,-11.5,75.0,5366447,369712,62.25,-35.0,942.1,22.391,321.403,-4.4,2017,True,False,True,heldout,1.0
2018031100,74.4,65.25,323.5,417.0,2453,1820,29,1027.03,6.38,74.4,5374731,370050,61.5,-36.5,996.8,33.872,196.364,-2.3,2017,True,False,True,heldout,1.0
2019111012,71.8,58.25,315.25,406.0,2453,1890,26,1004.07,-3.06,79.5,5379655,387273,60.0,-38.5,961.0,29.262,70.017,10.9,2019,True,False,True,heldout,1.0
2019111100,73.6,59.75,318.0,573.9,2453,1720,29,1003.81,-1.01,73.6,5374866,387273,62.75,-33.25,972.7,12.5,0.0,11.7,2019,True,True,False,heldout,1.0
2019122800,73.8,68.75,338.0,400.8,2453,2052,18,1006.21,10.79,76.6,5373596,387948,55.5,-36.5,978.6,15.265,10.692,4.2,2019,True,False,True,heldout,1.0
2020010112,72.5,65.5,321.0,417.1,2453,1080,20,1000.1,0.38,72.5,5361639,388120,66.25,-30.0,972.4,19.824,59.706,,2019,True,False,True,heldout,1.0
2020010712,72.8,59.75,322.0,702.2,2453,1375,19,977.08,3.35,76.1,5369572,388212,64.0,-22.5,942.9,22.3,26.251,-2.8,2019,True,True,False,heldout,1.0
2020011100,76.8,68.75,337.25,419.2,2453,1869,14,997.93,12.86,85.1,5365676,388227,65.0,-23.75,945.8,10.856,337.09,0.5,2019,True,False,True,heldout,1.0
2020011200,73.2,68.75,337.75,588.9,2453,1726,19,996.84,9.33,73.2,5364659,388227,63.5,-29.0,963.1,13.272,160.356,10.0,2019,True,False,True,heldout,1.0
2020012700,79.9,67.0,332.5,474.9,2453,2273,18,1003.87,9.96,79.9,5364054,388494,62.75,-26.5,959.9,7.6,228.859,-2.9,2019,True,False,True,heldout,1.0
2020021400,75.6,64.5,325.0,894.5,2453,2292,21,1000.08,6.64,75.6,5365834,388807,57.0,-29.0,936.1,31.988,30.717,-5.4,2019,True,False,True,heldout,1.0
2020021412,95.6,65.0,323.75,585.0,2453,2419,13,995.91,13.59,95.6,5367276,388807,61.5,-27.5,936.2,20.561,346.581,0.1,2019,True,False,True,heldout,1.0
2020021500,92.3,66.25,331.25,408.4,2453,1493,15,990.61,9.58,92.8,5368605,388856,57.75,-39.0,931.7,14.843,147.367,,2019,True,False,True,heldout,1.0
2020022912,72.8,69.0,337.5,622.3,2453,1802,23,1006.43,4.79,72.8,5360842,388982,64.25,-30.0,977.3,5.431,270.0,-3.0,2019,True,False,True,heldout,1.0
2020031612,81.1,67.75,334.0,414.7,2453,1461,18,1006.59,14.24,81.1,5380218,389428,63.5,-31.25,956.7,7.491,228.125,-5.1,2019,True,False,True,heldout,1.0
2020031700,79.9,68.5,336.25,475.8,2453,1755,19,1008.52,19.25,79.9,5381213,389428,62.25,-32.0,965.9,5.0,180.0,9.2,2019,True,False,True,heldout,1.0
2020032000,72.0,65.5,323.75,473.1,2453,1723,29,1015.2,-7.76,72.0,5379652,389523,62.25,-42.5,996.3,5.82,270.0,,2019,True,False,True,heldout,1.0
2020032212,72.3,62.75,319.5,447.4,2453,2037,33,995.16,-3.63,72.3,5370770,389539,59.0,-37.5,955.6,34.197,48.856,1.6,2019,True,False,True,heldout,1.0
2022010612,78.8,59.0,321.0,693.1,2453,1924,19,985.19,-1.75,78.8,5364327,407537,63.5,-30.0,936.6,14.179,28.166,2.7,2021,True,True,False,heldout,1.0
2022011000,74.5,65.75,324.5,535.3,2453,1822,14,995.12,-1.53,76.0,5359827,407600,61.0,-37.25,948.1,3.482,135.884,-5.0,2021,True,False,True,heldout,1.0
2022020500,72.2,58.75,318.25,400.8,2453,1677,29,1003.76,5.15,86.1,5374774,408062,62.25,-40.0,970.8,4.295,125.599,-8.6,2021,True,False,True,heldout,1.0
2022020700,78.4,65.0,323.25,423.7,2453,1803,16,1000.1,1.32,79.2,5363016,408074,61.25,-38.25,934.8,33.051,10.481,-34.9,2021,True,False,True,heldout,1.0
2022020712,89.2,67.25,330.5,508.0,2453,1781,19,993.95,-1.68,112.9,5365499,408074,63.0,-33.5,930.6,16.884,42.239,-4.2,2021,True,False,True,heldout,1.0
2022020800,75.8,59.25,318.25,899.2,2453,1401,16,997.6,12.87,78.1,5362320,408074,64.25,-28.25,943.7,16.428,52.502,13.1,2021,True,True,False,heldout,1.0
2022020812,73.9,59.0,317.5,914.1,2453,1576,19,1004.63,17.68,77.9,5367601,408074,64.0,-28.75,950.7,7.418,227.621,7.0,2021,True,True,False,heldout,1.0
2022021500,73.4,65.75,324.5,424.8,2453,1769,13,992.93,-4.96,76.2,5358727,408194,62.25,-39.0,961.0,3.416,137.039,-6.2,2021,True,False,True,heldout,1.0
2022021912,72.4,64.75,322.0,462.5,2453,1691,21,999.43,6.1,72.4,5360466,408263,57.25,-36.0,964.3,59.668,56.997,-8.7,2021,True,False,True,heldout,1.0
2022022200,81.7,67.75,334.0,444.8,2453,2096,20,997.59,6.79,81.7,5366234,408251,63.75,-26.0,947.3,19.135,23.859,-14.1,2021,True,False,True,heldout,1.0
2022022212,88.4,68.75,337.25,404.0,2453,1132,19,996.61,4.54,98.1,5360786,408251,65.25,-25.25,953.7,15.7,270.0,6.4,2021,True,False,True,heldout,1.0
2022022300,88.5,68.75,337.25,571.9,2453,1415,15,999.47,1.85,89.5,5358942,408251,65.0,-31.75,954.3,17.089,261.588,0.6,2021,True,False,True,heldout,1.0
2022022312,80.2,58.25,319.5,415.2,2453,1805,16,1005.63,14.07,80.2,5359618,408342,60.25,-21.25,964.3,35.093,81.809,5.2,2021,True,False,True,heldout,1.0
2022022512,89.1,64.75,322.5,679.9,2453,2210,18,999.03,2.26,89.1,5361303,408339,58.75,-35.0,947.4,31.126,90.0,-8.0,2021,True,False,True,heldout,1.0
2022022600,86.2,67.0,330.0,477.8,2453,1934,22,991.48,1.76,91.6,5369012,408339,62.75,-31.5,947.4,17.649,7.453,0.0,2021,True,False,True,heldout,1.0
2022022612,74.9,69.25,339.0,670.2,2453,1717,23,990.55,0.58,87.5,5374587,408339,63.25,-36.75,951.9,17.604,253.499,4.5,2021,True,False,True,heldout,1.0
2022030212,85.3,65.5,323.75,671.6,2453,1969,25,1007.15,-3.61,85.3,5374232,408438,59.5,-37.75,959.7,19.29,121.226,3.8,2021,True,False,True,heldout,1.0
2022031412,72.7,58.5,317.0,404.5,2453,1782,27,968.97,-15.78,73.8,5376303,408685,61.25,-38.25,935.0,37.709,37.292,4.6,2021,True,False,True,heldout,1.0
2022031500,79.9,60.0,320.0,580.3,2453,1743,18,968.36,-17.79,79.9,5377487,408685,65.0,-36.75,941.7,15.037,355.971,6.7,2021,True,True,False,heldout,1.0
2022031512,76.8,60.0,320.0,583.8,2453,1895,29,970.9,-13.89,76.8,5374041,408685,65.25,-40.0,950.0,6.28,270.0,8.3,2021,True,True,False,heldout,1.0
2022031600,71.8,60.0,320.0,624.6,2453,1758,22,975.34,-12.32,71.8,5375180,408685,65.5,-37.5,963.1,10.473,342.723,13.1,2021,True,True,False,heldout,1.0
2023110712,78.6,60.75,317.75,423.1,2453,2145,26,1010.54,3.39,81.0,5367329,425909,57.0,-41.0,956.8,13.844,100.404,-1.3,2023,True,True,False,heldout,1.0
2023120600,75.5,60.25,318.25,499.3,2453,2339,25,1024.43,4.73,75.5,5363148,426358,56.0,-39.0,968.4,16.961,261.524,-5.2,2023,True,True,False,heldout,1.0
2023120712,74.5,59.0,316.0,422.8,2453,2334,21,1018.26,7.68,74.5,5362782,426358,55.5,-46.75,975.6,22.794,276.297,4.7,2023,True,True,False,heldout,1.0
2023120800,72.7,59.0,315.5,674.8,2453,2453,18,1016.74,5.8,72.7,5361917,426383,55.75,-16.0,969.0,2.5,0.0,7.3,2023,True,True,False,heldout,1.0
2024020212,72.4,60.25,322.5,771.9,2453,1699,22,991.33,-4.15,72.4,5368676,427294,66.75,-32.0,960.0,35.244,60.229,-8.3,2023,True,True,False,heldout,1.0
2024022200,73.5,68.75,336.5,530.6,2453,1892,23,991.98,8.88,73.5,5371952,427632,64.25,-27.5,954.8,36.398,236.669,0.5,2023,True,False,True,heldout,1.0
2024022212,72.3,59.25,317.5,968.2,2453,2257,24,995.38,13.84,72.3,5372661,427632,61.75,-25.5,960.5,15.68,142.863,5.7,2023,True,True,False,heldout,1.0
2024031812,74.6,68.5,337.0,494.1,2453,1264,21,1018.8,16.83,74.6,5376132,428162,64.25,-26.25,977.2,6.624,319.013,-2.8,2023,True,False,True,heldout,1.0
2024031900,81.7,67.75,334.75,429.3,2453,1240,17,1018.07,14.3,82.3,5368697,428162,64.0,-27.5,971.9,5.0,180.0,-5.3,2023,True,False,True,heldout,1.0
2024031912,81.1,68.5,337.75,434.2,2453,947,24,1015.47,10.76,81.1,5360237,428162,64.75,-25.0,978.7,5.936,32.613,6.8,2023,True,False,True,heldout,1.0
2024032200,73.0,68.75,337.75,586.9,2453,1766,33,1017.55,15.74,73.0,5371252,428191,63.25,-39.0,1002.6,18.07,165.576,-5.9,2023,True,False,True,heldout,1.0
2025110800,78.9,59.75,316.25,678.5,2453,2453,27,1021.54,5.73,78.9,5360356,445647,55.5,-16.0,993.2,8.668,54.77,8.6,2025,True,True,False,heldout,1.0
2025110812,76.8,59.75,316.75,460.3,2453,2315,19,1021.9,6.96,76.8,5357578,445596,55.75,-41.25,970.7,11.292,311.618,10.9,2025,True,True,False,heldout,1.0
2025121100,73.7,58.75,317.5,590.5,2453,2453,16,1006.58,8.56,73.7,5368264,446098,55.5,-34.75,958.7,15.576,90.0,3.0,2025,True,False,True,heldout,1.0
2025121712,72.6,60.0,318.5,715.3,2453,2208,17,994.36,10.63,72.6,5361025,446180,59.5,-28.75,946.6,11.843,32.392,2.5,2025,True,True,False,heldout,1.0
2026011800,74.7,65.75,323.5,810.5,2453,1858,13,992.42,-7.96,74.7,5382841,446728,60.5,-47.75,956.0,11.743,328.386,9.3,2025,True,False,True,heldout,1.0
2026012900,71.9,59.25,316.75,682.8,2453,2453,16,1015.2,6.57,71.9,5363612,446912,56.0,-33.5,968.0,19.731,262.721,0.7,2025,True,True,False,heldout,1.0
2026021500,71.9,65.0,323.0,644.9,2453,1911,31,1010.34,5.46,71.9,5362412,447227,59.25,-27.0,966.7,9.155,303.102,-6.2,2025,True,False,True,heldout,1.0
2026022700,76.1,68.75,337.25,539.9,2453,1811,32,1017.46,3.04,76.1,5379808,447396,64.75,-15.75,974.2,21.907,103.194,5.2,2025,True,False,True,heldout,1.0
2026030312,80.1,65.75,323.5,547.6,2453,1540,24,998.84,-1.42,80.1,4432128,447622,61.25,-41.0,958.2,18.504,18.961,-1.1,2025,True,False,True,heldout,1.0
2026032012,79.1,65.5,321.0,435.7,2453,1110,39,993.73,-9.82,79.1,4439637,447985,67.0,-30.0,967.1,10.083,104.356,-1.7,2025,True,False,True,heldout,1.0
2026032612,80.9,64.75,325.5,405.4,2453,1923,32,1011.86,8.41,80.9,4436959,448039,61.25,-32.25,968.0,30.364,48.801,2.1,2025,True,False,True,heldout,1.0
2026032700,73.0,66.0,330.0,403.5,2453,2082,32,1011.65,17.54,73.4,4436643,448039,63.0,-25.25,970.2,11.622,77.578,2.2,2025,True,False,True,heldout,1.0
2026032900,84.8,65.25,323.0,417.2,2453,1643,32,998.02,0.79,84.8,4441420,448318,61.5,-37.25,965.4,16.294,72.13,3.4,2025,True,False,True,heldout,1.0
2015111400,40.1,60.5,318.75,425.7,2453,1933,18,1017.85,7.99,45.5,5357656,348971,61.75,-33.75,999.2,18.473,198.68,5.1,2015,False,False,False,heldout,5.124413145539906
2007111112,60.2,65.25,323.25,573.2,2453,1634,32,1021.68,-3.49,67.9,5363873,271003,60.25,-39.5,993.8,28.177,44.782,4.8,2007,False,False,False,heldout,5.124413145539906
2026021312,42.5,59.25,316.0,767.0,2453,1747,33,1017.78,6.4,45.2,5365742,447189,62.5,-17.5,1003.9,5.132,167.0,0.1,2025,False,False,False,heldout,5.124413145539906
2008031100,60.1,69.0,337.5,821.4,2453,1795,33,995.75,5.94,60.1,5367933,273049,62.0,-28.25,964.8,7.71,49.568,-0.6,2007,False,False,False,heldout,5.124413145539906
2012031812,57.3,63.25,319.75,403.3,2453,1909,29,1005.63,2.53,57.3,5371411,312384,59.75,-38.25,977.5,15.296,35.195,-12.8,2011,False,False,False,heldout,5.124413145539906
2018031200,48.4,59.25,317.5,615.7,2453,2453,36,1021.14,5.48,48.4,5375728,370146,59.5,-16.0,980.1,16.026,288.179,-18.9,2017,False,False,False,heldout,5.124413145539906
2017121600,47.9,58.0,312.0,428.9,2453,1530,20,1005.59,-2.67,56.8,5369226,368637,60.5,-42.25,984.6,,,,2017,False,False,False,heldout,5.124413145539906
2014010412,62.8,68.75,337.75,709.8,2453,2453,18,1009.72,13.02,62.8,5356889,330362,58.5,-21.5,973.0,7.837,90.0,6.1,2013,False,False,False,heldout,5.124413145539906
2009122300,38.0,72.0,344.25,1004.4,2453,1230,24,1023.7,7.06,38.0,5360281,291096,63.75,-33.0,1002.1,5.467,23.859,,2009,False,False,False,heldout,5.124413145539906
2010022800,58.2,66.0,330.0,494.7,2453,2389,38,1017.13,12.42,58.2,5365503,292265,61.75,-27.0,983.3,8.652,286.795,-2.4,2009,False,False,False,heldout,5.124413145539906
2017111700,45.4,69.0,337.5,618.6,2453,1747,28,1018.14,4.42,45.4,5367946,368119,66.25,-35.25,1004.9,57.118,252.159,13.6,2017,False,False,False,heldout,5.124413145539906
2008032700,55.4,62.75,319.5,413.5,2453,2000,49,1010.34,6.34,57.0,5372458,273417,59.5,-36.75,991.3,2.5,0.0,0.0,2007,False,False,False,heldout,5.124413145539906
2016021400,55.0,62.25,319.0,417.0,2453,1953,20,1016.46,4.61,63.2,5380357,350412,58.5,-41.0,992.2,5.225,270.0,9.0,2015,False,False,False,heldout,5.124413145539906
2005122400,43.4,60.0,313.0,465.9,2453,1573,25,1015.35,-2.28,54.6,5361859,252415,62.0,-36.75,985.6,27.618,334.851,-15.4,2005,False,False,False,heldout,5.124413145539906
2024022012,57.4,68.25,335.5,445.1,2453,1444,22,996.74,1.35,57.4,5371311,427565,60.25,-40.0,959.2,3.522,315.218,3.4,2023,False,False,False,heldout,5.124413145539906
2012022212,37.3,68.25,337.75,407.7,2453,934,29,1000.01,8.64,46.4,5371573,311871,64.75,-25.0,985.1,2.133,270.0,5.6,2011,False,False,False,heldout,5.124413145539906
2024031212,41.9,68.0,337.75,1084.2,2453,2453,23,1023.79,8.94,41.9,5372887,427893,58.25,-22.0,995.7,18.147,46.463,-2.6,2023,False,False,False,heldout,5.124413145539906
2024012700,61.1,59.75,319.5,630.9,2453,1204,16,986.75,1.76,61.1,5369333,427125,64.0,-32.5,962.8,5.984,146.673,-0.9,2023,False,False,False,heldout,5.124413145539906
2014021100,50.3,65.0,322.5,777.9,2453,1733,24,996.55,9.87,51.2,5367027,331022,58.75,-24.5,970.1,12.802,54.138,-0.3,2013,False,False,False,heldout,5.124413145539906
2011120212,45.0,59.75,319.5,862.8,2453,1839,20,993.01,7.84,45.0,5355193,310621,62.5,-21.5,964.5,41.622,76.098,-3.5,2011,False,False,False,heldout,5.124413145539906
2008022300,46.8,72.0,339.75,730.3,2453,1384,33,991.04,-0.05,46.8,5373599,272661,57.0,-28.5,974.7,43.288,41.341,-16.4,2007,False,False,False,heldout,5.124413145539906
2011112812,60.0,69.0,337.75,404.7,2453,2112,22,1007.45,13.77,61.9,5353757,310584,66.5,-15.25,966.6,,,,2011,False,False,False,heldout,5.124413145539906
2024030100,51.0,72.0,343.5,706.2,2453,1776,18,1015.59,6.96,51.0,5372709,427754,65.25,-26.25,998.1,36.972,82.228,4.3,2023,False,False,False,heldout,5.124413145539906
2016010200,41.9,59.5,317.75,550.0,2453,1589,19,998.16,-3.24,48.6,5379571,349768,63.25,-35.5,971.6,4.201,306.523,6.9,2015,False,False,False,heldout,5.124413145539906
2011123112,65.3,59.0,311.0,400.3,2453,303,22,992.2,2.68,70.2,5355986,310980,64.5,-30.0,952.2,5.934,65.082,-7.7,2011,False,False,False,heldout,5.124413145539906
2023110800,62.9,62.25,319.0,673.6,2453,2318,22,1010.36,4.99,62.9,5373760,425909,57.0,-35.0,967.2,19.226,97.472,10.4,2023,False,False,False,heldout,5.124413145539906
2014032500,52.3,69.75,339.0,401.8,2453,1135,33,1001.43,-2.67,64.3,5360346,331890,66.5,-25.25,980.9,23.281,345.113,6.1,2013,False,False,False,heldout,5.124413145539906
2011113012,63.8,72.0,344.25,755.2,2453,1139,17,999.76,3.44,63.8,5354109,310588,61.0,-21.0,985.8,8.335,154.135,4.3,2011,False,False,False,heldout,5.124413145539906
2018011400,59.1,59.75,322.0,800.7,2453,1699,10,985.83,-4.81,59.1,5371345,369041,65.75,-29.25,962.6,40.279,75.625,-3.0,2017,False,False,False,heldout,5.124413145539906
2009120200,66.8,68.75,337.75,862.7,2453,2453,24,1020.47,8.89,66.8,5362698,290771,61.25,-17.5,977.4,10.407,43.89,5.4,2009,False,False,False,heldout,5.124413145539906
2018021512,59.4,67.75,334.75,628.0,2453,2071,17,998.66,9.0,59.4,5359023,369583,63.75,-15.5,961.2,9.317,36.396,11.2,2017,False,False,False,heldout,5.124413145539906
2026022500,46.6,64.5,329.75,571.2,2453,1409,22,1005.76,3.04,47.1,5374611,447456,60.5,-37.25,1001.1,0.0,0.0,-1.2,2025,False,False,False,heldout,5.124413145539906
2020021200,48.3,72.0,344.25,1123.3,2453,1779,23,999.82,2.06,48.3,5371265,388795,63.5,-40.0,985.0,1.115,270.0,-2.4,2019,False,False,False,heldout,5.124413145539906
2013122300,67.4,58.75,312.0,401.5,2453,1275,12,999.35,5.81,79.3,5353778,330263,60.5,-41.75,958.2,11.743,211.614,,2013,False,False,False,heldout,5.124413145539906
2006010212,71.1,69.0,337.5,586.7,2453,1462,23,1002.6,0.87,71.1,5363920,252533,64.75,-30.5,966.0,17.667,64.88,-0.7,2005,False,False,False,heldout,5.124413145539906
2008021000,64.4,66.25,336.0,623.2,2453,1884,16,991.89,-12.88,64.4,5365840,272411,66.5,-38.0,975.0,15.033,3.802,22.7,2007,False,False,False,heldout,5.124413145539906
2019120912,51.9,65.5,331.25,465.1,2453,2172,17,1008.39,8.14,51.9,5362013,387708,61.5,-31.5,978.3,9.733,59.088,-6.9,2019,False,False,False,heldout,5.124413145539906
2022021812,46.1,66.0,324.75,410.3,2453,1789,23,1002.79,0.89,57.2,5348254,408194,63.0,-40.25,976.9,9.08,270.0,-3.6,2021,False,False,False,heldout,5.124413145539906
2006013100,41.3,59.25,317.5,457.2,2453,1663,19,1001.56,-7.02,41.3,5379934,253040,63.0,-39.0,993.4,14.235,28.581,6.2,2005,False,False,False,heldout,5.124413145539906
2012020112,37.9,60.75,318.75,402.5,2453,1338,29,1009.27,-3.71,59.1,5369739,311412,64.25,-39.25,990.7,5.968,326.909,13.4,2011,False,False,False,heldout,5.124413145539906
2009110200,37.5,58.25,310.0,488.4,2453,678,21,987.87,-2.51,41.4,5373089,290198,60.5,-35.5,974.8,26.574,67.895,-22.4,2009,False,False,False,heldout,5.124413145539906
2018031612,42.7,69.0,338.25,534.7,2453,2147,40,1019.84,5.1,42.7,5378369,370161,57.75,-21.5,982.9,13.044,305.098,10.9,2017,False,False,False,heldout,5.124413145539906
2007122400,49.2,59.5,318.0,483.4,2453,1390,21,996.84,1.39,49.2,5363741,271765,62.5,-35.5,985.2,,,,2007,False,False,False,heldout,5.124413145539906
2010022612,53.8,64.75,330.0,400.6,2453,2352,32,1024.12,14.88,55.0,5364896,292230,63.5,-22.25,998.8,28.332,280.165,-2.8,2009,False,False,False,heldout,5.124413145539906
2021110800,62.4,58.0,320.0,472.6,2453,2324,23,1016.73,8.16,66.4,5366582,406588,59.75,-32.5,966.0,29.213,31.154,-0.7,2021,False,False,False,heldout,5.124413145539906
2013110400,55.8,62.25,319.0,514.7,2453,1905,23,997.54,1.5,69.5,5361902,329449,58.5,-46.5,968.2,17.377,115.57,1.8,2013,False,False,False,heldout,5.124413145539906
2021120800,62.8,59.5,310.5,514.8,2453,1670,22,1003.05,0.11,62.8,5353539,407079,61.75,-24.75,985.8,13.254,100.872,9.4,2021,False,False,False,heldout,5.124413145539906
2021111512,66.1,59.25,318.5,725.3,2453,1336,26,1000.34,-4.82,66.1,5370668,406693,64.5,-33.25,968.0,10.058,186.143,1.2,2021,False,False,False,heldout,5.124413145539906
2012031712,34.0,68.25,341.0,404.1,2453,583,36,1012.21,3.89,37.2,5370627,312351,62.5,-44.0,1001.8,2.754,335.215,-2.6,2011,False,False,False,heldout,5.124413145539906
2008012912,43.6,59.0,320.5,819.2,2453,1272,24,1013.94,0.28,54.1,5358752,272280,65.5,-47.0,1003.8,29.904,41.201,-2.9,2007,False,False,False,heldout,5.124413145539906
2010011312,45.5,60.0,317.25,418.0,2453,2223,23,1003.09,4.6,53.6,5367566,291397,58.5,-23.0,968.1,20.772,316.231,1.4,2009,False,False,False,heldout,5.124413145539906
2025122312,44.7,65.5,331.75,543.5,2453,1030,21,1000.0,-7.95,44.7,5369393,446290,64.75,-39.75,989.1,8.154,336.898,7.4,2025,False,False,False,heldout,5.124413145539906
2015122312,62.9,69.0,338.25,697.3,2453,1381,21,1006.53,14.86,62.9,5365480,349646,62.25,-29.75,974.7,0.0,0.0,6.7,2015,False,False,False,heldout,5.124413145539906
2007112212,37.9,60.0,322.25,545.5,2453,2181,18,1012.31,-2.7,44.2,5377603,271265,56.25,-43.75,990.7,31.672,37.876,-13.3,2007,False,False,False,heldout,5.124413145539906
2015121400,47.1,59.5,316.5,466.7,2453,712,22,1016.54,-2.1,50.8,5360173,349524,56.25,-48.5,983.1,15.064,354.71,-6.0,2015,False,False,False,heldout,5.124413145539906
2007120512,65.2,67.5,331.5,415.0,2453,1253,17,993.42,5.12,79.4,5363832,271448,64.25,-33.0,961.4,8.003,288.202,5.2,2007,False,False,False,heldout,5.124413145539906
2007111512,38.0,62.5,320.5,426.2,2453,1890,20,1014.18,1.62,38.0,5375191,271131,63.25,-31.25,999.9,30.918,71.129,-4.4,2007,False,False,False,heldout,5.124413145539906
2025122212,56.3,60.75,320.0,436.0,2453,1991,20,995.35,-7.51,56.3,5363745,446290,64.5,-42.5,972.6,8.165,336.708,-7.2,2025,False,False,False,heldout,5.124413145539906
2018010200,45.1,60.0,312.0,1093.3,2453,2432,20,1010.73,2.33,45.1,5368485,368851,55.75,-31.25,961.9,29.637,53.81,-2.2,2017,False,False,False,heldout,5.124413145539906
2008021812,43.4,66.25,326.25,632.9,2453,1720,14,1007.55,-6.59,48.1,5360894,272580,66.75,-48.0,994.3,29.941,336.702,-5.7,2007,False,False,False,heldout,5.124413145539906
2026011600,35.9,70.0,339.75,851.7,2453,1268,20,1010.88,7.13,36.3,5369049,446710,62.25,-16.75,986.8,3.416,222.961,6.7,2025,False,False,False,heldout,5.124413145539906
2007122800,54.5,58.0,316.0,616.3,2453,2220,13,1003.57,6.28,54.5,5350010,271801,58.5,-33.5,986.4,34.328,98.375,-1.9,2007,False,False,False,heldout,5.124413145539906
2022013000,47.3,60.75,321.25,418.4,2453,956,21,1010.55,-6.42,48.0,5367329,407972,64.25,-35.75,1007.5,,,,2021,False,False,False,heldout,5.124413145539906
2022032400,40.7,62.5,308.75,804.4,2453,1373,31,1030.12,4.62,41.2,5367734,408944,64.5,-28.25,1006.6,38.249,11.36,-0.5,2021,False,False,False,heldout,5.124413145539906
2022012212,67.7,66.5,336.75,1393.0,2453,1884,19,992.92,-9.75,67.7,5361144,407838,58.5,-46.5,994.0,21.998,117.038,1.1,2021,False,False,False,heldout,5.124413145539906
2022012500,42.9,60.25,322.5,412.6,2453,1846,19,1007.61,4.12,61.5,5378721,407858,63.0,-32.25,980.7,29.029,30.549,2.4,2021,False,False,False,heldout,5.124413145539906
2023121212,32.3,62.0,308.75,454.0,2453,1093,20,994.58,-3.86,34.5,5359884,426463,58.25,-48.0,983.8,66.217,40.966,-2.6,2023,False,False,False,heldout,5.124413145539906
2008022500,56.3,68.25,338.5,1529.0,2453,2098,24,1003.21,7.56,56.3,5371093,272692,55.25,-31.25,964.7,28.249,44.928,-6.6,2007,False,False,False,heldout,5.124413145539906
2014020500,64.9,69.0,338.25,656.6,2453,2448,22,1001.69,8.75,64.9,5377331,330891,59.75,-28.25,956.3,3.549,225.215,5.6,2013,False,False,False,heldout,5.124413145539906
2008011612,51.6,66.5,332.25,406.9,2453,1426,20,1009.8,4.3,58.0,5358199,272092,63.75,-33.5,980.0,2.5,180.0,-5.8,2007,False,False,False,heldout,5.124413145539906
2011111300,71.2,61.75,309.75,667.8,2453,2177,21,1011.16,6.61,71.2,5355483,310364,59.25,-22.5,1006.0,5.0,0.0,12.2,2011,False,False,False,heldout,5.124413145539906
2024012412,46.4,60.25,308.0,473.3,2453,1662,20,986.39,-5.71,46.4,5366940,427125,63.0,-39.0,975.4,20.263,210.272,3.3,2023,False,False,False,heldout,5.124413145539906
2018031412,46.6,67.5,335.5,509.8,2453,1941,35,1016.2,8.81,46.6,5378035,370212,59.5,-18.5,974.1,20.231,329.884,-1.0,2017,False,False,False,heldout,5.124413145539906
2024010312,49.6,67.75,332.0,621.4,2453,2214,16,1008.78,5.97,49.6,5368395,426767,62.0,-29.25,988.4,6.859,316.804,4.9,2023,False,False,False,heldout,5.124413145539906
2020021512,70.9,65.0,323.0,868.3,2453,2349,15,988.07,11.03,70.9,5367083,388835,60.0,-18.75,923.6,30.414,9.462,-14.9,2019,False,False,False,heldout,5.124413145539906
2018032400,53.3,71.0,340.75,417.4,2453,1113,28,1008.87,2.33,55.8,5368168,370389,65.25,-38.5,992.2,72.736,281.901,8.3,2017,False,False,False,heldout,5.124413145539906
2008031112,56.5,68.75,337.75,823.1,2453,1193,32,997.19,6.39,56.5,5373763,272991,56.25,-17.75,959.4,19.445,90.0,-7.4,2007,False,False,False,heldout,5.124413145539906
2021112100,37.3,66.0,325.5,953.0,2453,1988,16,1009.91,-6.55,37.3,5365608,406852,57.0,-47.5,1008.6,,,,2021,False,False,False,heldout,5.124413145539906
2006010312,49.3,64.5,319.75,490.6,2453,1101,22,1001.72,-8.7,51.2,5366189,252533,66.5,-30.75,974.9,3.198,38.572,7.9,2005,False,False,False,heldout,5.124413145539906
2026031900,53.2,62.0,308.0,615.7,2453,1931,29,981.14,-14.49,53.2,4461521,447985,64.75,-41.25,975.8,14.042,332.893,,2025,False,False,False,heldout,5.124413145539906
2014011700,47.5,67.5,333.25,913.7,2453,2400,20,1007.24,6.3,47.5,5376670,330596,59.5,-19.75,980.3,11.214,153.09,0.9,2013,False,False,False,heldout,5.124413145539906
2007121312,43.3,64.0,327.5,402.5,2453,981,32,997.72,-12.11,69.6,5347982,271586,62.25,-40.5,967.5,5.515,24.967,2.9,2007,False,False,False,heldout,5.124413145539906
2015110312,40.8,60.0,312.0,431.8,2453,388,27,1010.63,0.69,49.0,5351505,348885,61.25,-40.5,993.4,8.417,270.0,1.8,2015,False,False,False,heldout,5.124413145539906
2016011900,44.1,59.75,321.0,401.9,2453,1961,26,1013.69,0.84,62.5,5381503,349992,57.25,-44.0,982.9,24.807,314.867,4.9,2015,False,False,False,heldout,5.124413145539906
2022011700,63.0,65.25,323.25,778.0,2453,2011,19,995.49,-5.08,63.0,5382602,407717,55.5,-47.0,979.0,22.251,55.822,18.2,2021,False,False,False,heldout,5.124413145539906
2006030712,62.3,67.75,332.5,447.1,2453,1319,31,996.29,2.49,62.3,5375290,253706,63.75,-26.5,976.4,15.313,35.286,-0.6,2005,False,False,False,heldout,5.124413145539906
2006030700,69.9,65.25,323.5,544.1,2453,1641,28,997.06,-1.75,69.9,5375130,253706,60.75,-32.25,977.0,30.638,49.248,4.4,2005,False,False,False,heldout,5.124413145539906
2020010600,47.7,63.0,308.5,403.5,2453,1255,18,981.64,-1.49,47.8,5352863,388178,57.75,-23.0,961.9,32.872,40.49,-9.7,2019,False,False,False,heldout,5.124413145539906
2006010812,49.1,67.0,338.5,766.7,2453,1368,15,997.89,-7.56,59.6,5358423,252635,57.75,-46.0,974.2,27.715,74.299,0.9,2005,False,False,False,heldout,5.124413145539906
2010012500,42.7,59.0,316.75,584.8,2453,2298,20,1006.98,-0.86,44.2,5386103,291596,59.5,-33.0,976.1,20.634,14.239,-3.3,2009,False,False,False,heldout,5.124413145539906
2023122700,63.6,69.0,337.5,463.3,2453,1969,20,1016.55,5.1,63.6,5355143,426698,56.0,-22.75,980.1,31.729,61.787,,2023,False,False,False,heldout,5.124413145539906
2005111300,35.2,58.25,320.5,807.1,2453,1663,19,1004.43,-2.71,36.6,5363094,251830,64.5,-31.75,1002.7,24.501,52.25,-4.9,2005,False,False,False,heldout,5.124413145539906
2019120800,61.1,66.25,336.0,773.7,2453,1932,26,1007.23,14.8,61.1,5372846,387705,59.25,-29.0,967.1,19.107,203.665,1.3,2019,False,False,False,heldout,5.124413145539906
2018012212,64.6,60.25,317.75,432.9,2453,1960,28,1013.73,8.99,65.1,5363383,369154,61.25,-32.0,967.0,15.831,279.086,-11.8,2017,False,False,False,heldout,5.124413145539906
2024031112,44.8,61.25,318.0,551.7,2453,2302,21,1021.86,5.84,44.8,5382924,427893,57.0,-37.0,996.9,12.913,140.753,1.7,2023,False,False,False,heldout,5.124413145539906
2005110800,63.8,70.5,339.0,434.2,2453,1627,17,1005.96,5.14,68.0,5370475,251717,66.75,-18.0,977.6,5.0,0.0,5.7,2005,False,False,False,heldout,5.124413145539906
2008010812,52.8,68.25,337.25,658.0,2453,2440,25,1010.81,7.44,52.8,5370121,271945,60.25,-25.75,968.5,7.9,161.695,-2.4,2007,False,False,False,heldout,5.124413145539906
2006030800,56.4,59.75,319.0,451.7,2453,1093,27,997.34,-2.69,65.4,5376108,253785,63.75,-39.5,971.4,11.336,257.26,-7.4,2005,False,False,False,heldout,5.124413145539906
2006010500,43.6,58.0,315.0,592.0,2453,972,13,998.45,-4.58,43.6,5362128,252533,67.0,-27.25,981.6,30.016,358.135,0.6,2005,False,False,False,heldout,5.124413145539906
2016020400,61.3,65.0,323.25,592.0,2453,1627,11,1016.58,4.38,61.3,5363459,350310,60.25,-42.0,987.6,7.9,198.305,-0.5,2015,False,False,False,heldout,5.124413145539906
2005122712,46.5,59.5,314.0,999.1,2453,1641,20,1013.32,-4.64,60.2,5357995,252451,66.75,-26.5,984.5,36.365,344.254,-11.3,2005,False,False,False,heldout,5.124413145539906
2014010400,63.3,68.75,337.75,626.5,2453,2355,16,1011.44,15.15,63.3,5360703,330362,59.0,-24.0,966.9,5.624,152.75,5.0,2013,False,False,False,heldout,5.124413145539906
2022030200,70.1,62.5,318.5,580.3,2453,2169,18,1010.59,1.23,70.8,5374503,408438,57.5,-38.5,955.9,12.843,38.867,-2.1,2021,False,False,False,heldout,5.124413145539906
2014011912,52.5,66.5,334.75,586.9,2453,1490,22,1009.78,6.17,56.6,5356093,330615,61.25,-26.5,988.1,5.421,117.464,3.2,2013,False,False,False,heldout,5.124413145539906
2009112612,39.7,71.0,346.5,1011.8,2453,1930,20,1014.32,10.6,39.7,5366269,290703,60.5,-22.75,991.1,,,,2009,False,False,False,heldout,5.124413145539906
2014030812,39.2,65.25,325.0,522.6,2453,1750,26,995.35,3.65,41.1,5377977,331500,58.75,-24.0,950.6,32.683,23.379,-1.8,2013,False,False,False,heldout,5.124413145539906
2014030312,48.9,66.75,335.25,449.9,2453,1030,29,1005.81,6.01,49.7,5369841,331395,63.75,-31.25,989.8,114.315,121.659,-17.5,2013,False,False,False,heldout,5.124413145539906
2017112600,56.2,65.0,321.75,439.2,2453,1739,20,1016.85,1.17,56.3,5364976,368332,61.25,-41.0,990.5,15.192,9.109,1.3,2017,False,False,False,heldout,5.124413145539906
2013122012,41.7,59.75,312.25,400.6,2453,1023,18,983.85,-1.37,42.7,5355940,330221,60.0,-28.25,953.1,61.033,55.008,-4.4,2013,False,False,False,heldout,5.124413145539906
2016032500,54.1,69.0,338.25,477.3,2453,1728,26,997.43,5.99,54.1,5368919,351333,58.0,-32.5,960.0,16.976,27.92,-13.8,2015,False,False,False,heldout,5.124413145539906
2022031312,45.8,58.25,310.0,610.5,2453,1610,26,994.42,-3.86,45.8,5369800,408596,62.75,-36.75,986.0,14.357,314.147,12.6,2021,False,False,False,heldout,5.124413145539906
2020020112,35.4,60.25,310.5,570.4,2453,1620,19,998.41,1.33,41.8,5362545,388548,62.0,-39.5,987.4,10.602,160.603,3.1,2019,False,False,False,heldout,5.124413145539906
2014012300,52.4,58.0,317.75,401.3,2453,1276,31,999.94,-0.77,69.5,5371959,330685,61.5,-40.5,981.8,8.35,90.0,3.3,2013,False,False,False,heldout,5.124413145539906
2009110912,49.8,68.0,333.75,692.9,2453,1942,32,1000.73,-0.1,52.2,5368894,290359,62.25,-32.0,976.2,8.148,90.0,5.4,2009,False,False,False,heldout,5.124413145539906
2024022600,47.1,64.5,329.75,405.7,2453,1418,18,988.6,-11.38,47.1,5364125,427684,64.75,-38.75,978.9,43.168,54.61,-1.4,2023,False,False,False,heldout,5.124413145539906
2018020212,60.6,59.75,322.0,782.8,2453,1688,18,999.26,-7.3,63.5,5374057,369366,66.25,-32.0,974.6,0.0,0.0,-0.8,2017,False,False,False,heldout,5.124413145539906
2020020300,36.2,62.75,321.0,410.1,2453,1722,13,1005.31,3.9,43.2,5381182,388590,59.25,-15.5,979.3,7.151,45.64,-0.1,2019,False,False,False,heldout,5.124413145539906
2024013000,67.0,59.75,319.5,407.0,2453,1748,18,991.33,-9.0,68.7,5374753,427125,63.25,-38.25,969.5,0.0,0.0,1.0,2023,False,False,False,heldout,5.124413145539906
2006011300,42.9,59.0,320.25,785.9,2453,805,21,992.59,0.12,73.5,5358962,252763,65.5,-33.75,974.1,,,,2005,False,False,False,heldout,5.124413145539906
2011111512,29.2,59.25,317.0,428.2,2453,415,24,1013.34,-4.96,37.4,5363237,310434,62.5,-38.75,998.2,,,,2011,False,False,False,heldout,5.124413145539906
2016021100,48.8,65.75,325.75,418.6,2453,1811,21,1017.57,1.85,53.4,5373975,350404,62.0,-35.0,993.2,13.15,100.959,0.6,2015,False,False,False,heldout,5.124413145539906
2006033112,41.2,61.25,308.25,963.4,2453,2453,36,1028.31,11.17,41.2,5349523,254326,56.5,-16.5,973.4,9.977,284.511,-9.0,2005,False,False,False,heldout,5.124413145539906
2016032012,42.4,58.0,315.0,405.1,2453,894,32,1010.66,-2.22,43.8,5368721,351225,55.0,-48.75,973.8,27.34,317.014,-13.8,2015,False,False,False,heldout,5.124413145539906
2011110612,44.9,58.5,314.25,404.5,2453,247,34,992.28,1.64,48.2,5362364,310253,66.25,-26.0,978.1,10.051,5.75,-1.9,2011,False,False,False,heldout,5.124413145539906
2017121212,61.8,59.5,321.5,509.2,2453,1741,18,990.14,1.97,70.1,5371992,368537,63.25,-33.0,961.7,9.33,57.593,3.5,2017,False,False,False,heldout,5.124413145539906
2014032312,45.7,65.0,328.75,401.7,2453,632,28,999.59,-0.54,70.5,5374228,331875,63.25,-38.5,973.1,21.933,24.232,-9.3,2013,False,False,False,heldout,5.124413145539906
2014032012,67.4,66.75,335.25,401.5,2453,2377,25,1004.61,17.8,68.9,5376646,331793,63.5,-21.0,959.5,8.354,233.238,-0.4,2013,False,False,False,heldout,5.124413145539906
2007112400,53.6,67.75,338.25,417.6,2453,2125,17,1014.97,15.79,57.9,5365559,271265,64.0,-22.25,981.1,23.15,96.2,8.2,2007,False,False,False,heldout,5.124413145539906
2018031312,50.5,69.0,337.5,955.5,2453,2453,32,1020.43,7.24,50.5,5376681,370146,60.5,-19.5,982.8,7.6,9.321,4.9,2017,False,False,False,heldout,5.124413145539906
2022010800,67.2,59.25,319.0,531.0,2453,2149,19,994.45,5.26,67.2,5363708,407620,60.0,-25.0,956.1,,,,2021,False,False,False,heldout,5.124413145539906
2022032812,55.1,62.75,319.5,645.7,2453,2325,26,1027.36,7.06,55.1,5378185,409034,57.5,-35.5,1004.3,8.514,331.751,4.3,2021,False,False,False,heldout,5.124413145539906
2024020100,48.1,61.0,319.0,403.1,2453,1301,19,993.86,-3.27,49.5,5381148,427294,64.25,-37.5,987.1,,,,2023,False,False,False,heldout,5.124413145539906
2020020200,41.1,59.0,316.75,402.4,2453,1432,18,998.99,-1.6,41.5,5378846,388548,62.25,-40.0,985.4,7.853,197.245,-2.0,2019,False,False,False,heldout,5.124413145539906
2021121400,49.5,65.75,324.5,444.9,2453,1418,12,993.35,2.56,49.5,5359534,407183,57.5,-47.5,964.2,10.649,61.998,7.0,2021,False,False,False,heldout,5.124413145539906
2007111612,44.8,69.25,337.5,408.3,2453,1521,22,1013.13,4.69,52.5,5369167,271131,66.0,-27.5,992.6,2.034,90.0,-2.8,2007,False,False,False,heldout,5.124413145539906
2007122012,45.5,61.75,309.75,401.9,2453,1482,26,1005.18,-1.86,51.1,5365752,271663,59.0,-45.5,986.6,3.589,134.151,1.2,2007,False,False,False,heldout,5.124413145539906
2025120700,70.8,58.75,316.0,1067.3,2453,2453,17,1022.0,8.05,70.8,5358414,446017,55.75,-24.5,979.4,49.445,255.356,-2.9,2025,False,False,False,heldout,5.124413145539906
2011111000,56.1,58.5,317.0,423.2,2453,1793,17,1008.25,2.07,56.1,5356495,310291,56.0,-18.25,982.2,27.642,5.805,3.4,2011,False,False,False,heldout,5.124413145539906
2025120312,57.2,64.25,324.25,696.1,2453,2214,23,1011.9,6.39,57.2,5365612,445982,58.0,-36.5,972.1,8.333,107.459,-0.6,2025,False,False,False,heldout,5.124413145539906
2016030200,50.8,59.5,311.5,503.4,2453,1764,22,1012.35,6.83,50.8,5376182,350760,67.0,-36.0,1004.3,28.555,218.006,5.3,2015,False,False,False,heldout,5.124413145539906
2006022212,34.6,58.0,319.5,872.1,2453,1715,27,1021.62,1.18,49.2,5366754,253456,64.0,-28.25,1003.1,27.587,4.557,2.4,2005,False,False,False,heldout,5.124413145539906
2017123000,57.8,61.0,318.25,488.9,2453,2054,20,1000.96,6.35,57.8,5360315,368833,56.5,-23.5,967.7,25.107,37.195,,2017,False,False,False,heldout,5.124413145539906
2021120312,58.2,59.0,321.25,693.7,2453,1453,20,1002.81,0.22,58.2,5359860,407037,64.5,-32.5,980.4,7.5,180.0,-0.4,2021,False,False,False,heldout,5.124413145539906
2025120112,53.1,65.75,332.5,969.6,2453,2432,20,1012.02,10.95,53.1,5370362,445964,57.5,-21.5,965.3,16.119,90.0,4.9,2025,False,False,False,heldout,5.124413145539906
2023111612,38.8,63.25,319.75,422.2,2453,1917,25,1017.97,3.74,38.8,5359431,426032,56.25,-18.75,1000.6,29.274,85.101,6.6,2023,False,False,False,heldout,5.124413145539906
2024012012,55.6,60.0,312.0,558.2,2453,1443,16,985.33,3.87,55.6,5369466,427097,59.75,-38.0,962.9,10.079,187.178,-0.9,2023,False,False,False,heldout,5.124413145539906
2009111012,28.1,60.75,308.5,401.6,2453,699,36,1003.09,-2.39,39.2,5367544,290343,63.0,-45.5,989.8,4.54,270.0,-5.9,2009,False,False,False,heldout,5.124413145539906
2024032500,50.1,62.75,320.0,411.8,2453,1987,39,1024.17,8.83,50.4,5378942,428327,59.25,-37.5,1008.6,10.081,187.284,13.7,2023,False,False,False,heldout,5.124413145539906
2024030800,61.7,60.75,311.0,411.6,2453,1795,17,1016.19,0.86,65.8,5374317,427893,59.5,-42.0,990.9,10.08,187.231,18.6,2023,False,False,False,heldout,5.124413145539906
2008030612,58.7,64.0,327.0,533.8,2453,2358,24,1005.96,9.32,58.7,5357268,272798,59.75,-28.25,978.2,26.566,95.4,0.8,2007,False,False,False,heldout,5.124413145539906
2023123012,34.0,67.75,334.0,631.3,2453,1479,19,1020.25,4.75,50.9,5356567,426741,63.0,-33.5,998.6,7.5,180.0,,2023,False,False,False,heldout,5.124413145539906
2009122312,46.6,66.0,331.0,427.3,2453,1787,22,1027.19,12.08,54.6,5348884,291096,62.75,-33.75,990.1,9.434,217.348,-12.0,2009,False,False,False,heldout,5.124413145539906
2018012700,59.5,64.75,322.5,479.0,2453,1183,19,1002.48,1.8,61.3,5364956,369290,58.5,-25.5,976.1,44.723,52.055,,2017,False,False,False,heldout,5.124413145539906
2005111700,54.5,60.25,318.5,445.3,2453,1767,19,1014.63,2.33,55.0,5361408,251859,57.0,-37.0,985.8,6.456,140.753,-0.2,2005,False,False,False,heldout,5.124413145539906
2005120700,61.5,62.0,319.0,523.1,2453,1948,11,1010.48,1.85,61.5,5371560,252135,57.25,-48.0,970.1,5.959,294.803,8.3,2005,False,False,False,heldout,5.124413145539906
2006031012,46.8,65.75,329.0,411.6,2453,1744,31,1017.39,4.46,58.8,5374028,253785,62.75,-36.0,985.1,14.357,314.147,1.1,2005,False,False,False,heldout,5.124413145539906
2022021112,45.0,62.25,308.25,652.8,2453,2420,15,1012.34,5.05,45.0,5364265,408122,56.5,-27.5,988.5,23.317,71.237,0.4,2021,False,False,False,heldout,5.124413145539906
2014011400,70.7,65.0,323.25,1062.0,2453,2453,17,1019.05,8.84,70.7,5371780,330515,55.5,-34.75,971.3,33.305,63.232,-6.9,2013,False,False,False,heldout,5.124413145539906
2022022800,61.7,65.25,324.25,578.0,2453,1743,22,1007.26,7.57,61.7,5367676,408386,60.0,-20.75,957.2,26.487,19.29,2.6,2021,False,False,False,heldout,5.124413145539906
2013110500,58.9,59.5,314.0,976.3,2453,2453,15,1000.14,5.13,58.9,5351620,329449,60.5,-28.5,966.5,17.945,73.822,-3.4,2013,False,False,False,heldout,5.124413145539906
2022031400,62.1,62.25,308.25,408.2,2453,1988,22,987.03,-10.1,74.4,5375709,408685,58.75,-49.5,930.4,48.392,34.251,-17.7,2021,False,False,False,heldout,5.124413145539906
2024030912,50.0,60.25,312.5,835.3,2453,2387,25,1019.62,-2.13,50.0,5372736,427893,58.0,-33.5,997.3,9.183,35.243,-2.2,2023,False,False,False,heldout,5.124413145539906
2008021912,43.4,68.0,331.25,547.2,2453,1737,19,994.0,-7.44,43.4,5359735,272617,64.75,-38.0,988.3,,,,2007,False,False,False,heldout,5.124413145539906
2018012900,42.8,69.5,338.0,412.2,2453,1500,16,1008.28,-1.12,45.9,5368282,369275,66.25,-26.75,993.8,6.42,38.851,5.4,2017,False,False,False,heldout,5.124413145539906
2016021900,51.7,60.25,322.25,459.7,2453,1524,14,992.59,-1.96,59.5,5361365,350524,64.25,-35.5,966.6,5.451,23.482,-12.7,2015,False,False,False,heldout,5.124413145539906
2015112412,59.9,71.0,344.0,497.3,2453,1560,15,1007.09,5.67,59.9,5365057,349221,66.0,-29.5,992.3,5.666,116.184,7.1,2015,False,False,False,heldout,5.124413145539906
2026032112,50.3,59.5,319.0,748.1,2453,1871,39,999.67,-4.32,55.1,4515580,448036,57.75,-28.5,981.7,44.264,51.591,-14.1,2025,False,False,False,heldout,5.124413145539906
2024030900,39.5,59.0,310.0,404.0,2453,1541,27,1017.5,-2.46,52.1,5367236,427893,57.75,-34.5,999.5,8.004,270.0,-1.0,2023,False,False,False,heldout,5.124413145539906
2016010212,38.9,68.0,335.5,400.5,2453,830,24,1002.58,-3.71,45.4,5374440,349768,63.25,-37.75,981.3,3.376,270.0,9.7,2015,False,False,False,heldout,5.124413145539906
2014032612,69.3,59.5,319.5,476.9,2453,1743,36,1001.38,-12.25,69.3,5360571,331893,63.5,-37.25,973.5,28.303,13.679,11.1,2013,False,False,False,heldout,5.124413145539906
2012021112,37.4,62.0,318.5,417.9,2453,1950,18,1019.17,-3.81,50.9,5359322,311636,58.25,-42.0,995.8,24.686,35.887,4.0,2011,False,False,False,heldout,5.124413145539906
2026022012,60.3,59.25,316.75,945.7,2453,2453,21,1016.29,7.88,60.3,5382608,447267,58.25,-15.0,989.1,52.807,256.307,-7.0,2025,False,False,False,heldout,5.124413145539906
2026011500,49.7,58.5,320.75,469.7,2453,1863,19,1004.18,7.26,49.7,5363332,446640,57.5,-31.5,976.9,7.967,160.292,6.5,2025,False,False,False,heldout,5.124413145539906
2025112000,47.6,62.75,319.5,507.0,2453,1939,23,1014.93,-4.75,47.6,5362927,445837,58.25,-42.0,1001.0,23.442,16.296,,2025,False,False,False,heldout,5.124413145539906
2022011412,32.0,63.0,309.0,402.3,2453,2434,17,1017.25,-0.99,36.9,5374413,407683,55.75,-29.75,1006.4,26.87,21.503,0.5,2021,False,False,False,heldout,5.124413145539906
2008011500,41.1,66.5,336.5,1113.2,2453,1756,15,1009.67,6.78,41.1,5364410,272055,56.5,-24.5,976.3,74.679,273.839,-4.2,2007,False,False,False,heldout,5.124413145539906
2016013112,52.8,70.0,345.75,663.6,2453,2420,24,1007.46,7.93,52.8,5348417,350232,55.75,-36.0,971.6,16.136,51.702,-17.0,2015,False,False,False,heldout,5.124413145539906
2005121900,64.1,71.0,339.25,489.5,2453,861,15,999.28,1.37,64.1,5362679,252292,58.75,-43.5,980.4,35.914,56.159,-10.5,2005,False,False,False,heldout,5.124413145539906
2007121800,33.6,68.0,342.25,453.8,2453,1072,20,1012.57,-5.29,52.0,5365027,271658,66.25,-27.25,989.7,40.013,358.558,,2007,False,False,False,heldout,5.124413145539906
2019111200,47.9,67.25,328.5,427.8,2453,1179,17,1007.24,-3.44,55.3,5355232,387293,59.5,-48.0,984.5,20.231,30.116,-12.5,2019,False,False,False,heldout,5.124413145539906
2006020400,36.2,60.5,311.5,879.9,2453,1969,21,1014.23,-0.31,46.4,5395726,253107,57.25,-34.5,994.6,3.683,47.254,5.8,2005,False,False,False,heldout,5.124413145539906
2022022000,71.5,58.25,320.0,835.6,2453,2358,22,997.86,9.96,71.5,5363041,408263,60.75,-26.0,953.6,26.617,55.699,-10.7,2021,False,False,False,heldout,5.124413145539906
2020011000,47.9,64.5,319.75,543.5,2453,1378,14,995.03,-6.05,47.9,5361035,388227,56.25,-39.5,970.7,48.771,55.677,-1.7,2019,False,False,False,heldout,5.124413145539906
2017120900,50.5,60.0,322.25,551.2,2453,1924,20,1016.27,0.26,62.7,5363630,368531,58.5,-47.0,984.0,23.429,343.813,-8.3,2017,False,False,False,heldout,5.124413145539906
2017110212,48.2,59.5,311.75,1089.9,2453,1061,22,998.07,-2.01,52.2,5370774,367948,66.75,-33.5,987.3,26.762,264.64,-5.9,2017,False,False,False,heldout,5.124413145539906
2024030512,58.0,65.5,323.75,473.0,2453,1766,23,1013.77,1.02,58.0,5355321,427888,61.5,-39.5,986.9,20.433,262.972,-0.6,2023,False,False,False,heldout,5.124413145539906
2022010712,52.9,59.0,316.0,403.5,2453,1490,19,989.3,-6.4,78.8,5361348,407590,57.75,-37.5,954.0,59.426,53.916,-22.7,2021,False,False,False,heldout,5.124413145539906
2023121800,52.0,62.75,308.25,516.7,2453,1003,16,1001.25,2.72,52.0,5353289,426557,62.75,-32.5,991.7,19.791,67.731,3.9,2023,False,False,False,heldout,5.124413145539906
2022011500,33.4,64.5,322.0,711.9,2453,1371,20,1017.71,3.51,33.4,5371347,407724,67.0,-15.5,1000.1,40.187,46.82,,2021,False,False,False,heldout,5.124413145539906
2019121412,48.9,60.0,312.75,905.0,2453,1752,23,1008.77,6.05,57.7,5361108,387791,59.75,-31.0,979.7,18.009,245.388,4.7,2019,False,False,False,heldout,5.124413145539906
2020012600,70.1,66.25,328.0,410.7,2453,1680,22,1005.2,5.46,84.0,5365277,388459,62.75,-34.75,953.2,17.694,244.92,-7.7,2019,False,False,False,heldout,5.124413145539906
2005122312,40.4,62.75,308.75,413.7,2453,1378,24,1012.82,0.53,42.5,5366019,252415,58.0,-37.0,1001.0,10.345,345.16,-3.2,2005,False,False,False,heldout,5.124413145539906
2006011112,46.7,68.75,337.5,403.2,2453,1157,21,992.17,-2.01,52.2,5361385,252711,55.75,-33.0,969.7,45.17,48.382,-13.7,2005,False,False,False,heldout,5.124413145539906
2021122612,69.4,59.25,316.5,842.1,2453,2453,24,1015.48,10.26,69.4,5355646,407276,57.5,-19.0,989.4,38.22,306.065,1.2,2021,False,False,False,heldout,5.124413145539906
2026032212,48.9,64.5,319.75,500.9,2453,1681,42,1007.59,3.61,49.1,4515723,447985,66.5,-30.5,988.1,2.691,338.26,7.8,2025,False,False,False,heldout,5.124413145539906
2012030900,63.7,60.0,322.25,672.0,2453,1509,16,992.76,-5.76,63.7,5375925,312186,65.5,-32.25,968.3,7.981,51.207,0.3,2011,False,False,False,heldout,5.124413145539906
2018032612,53.9,68.0,333.0,402.8,2453,1722,29,1018.76,-2.19,64.6,5373996,370420,64.75,-31.0,987.2,40.717,322.958,-13.5,2017,False,False,False,heldout,5.124413145539906
2020031312,46.0,62.75,319.5,425.2,2453,2083,27,1018.15,6.5,46.0,5377204,389353,61.25,-33.0,1001.4,2.774,205.687,1.9,2019,False,False,False,heldout,5.124413145539906
2008021600,32.5,67.5,340.75,1286.3,2453,1498,22,1011.29,-4.68,44.5,5375373,272565,60.25,-40.0,994.8,,,,2007,False,False,False,heldout,5.124413145539906
2026012200,58.0,65.75,324.5,988.2,2453,1909,17,1015.77,3.59,58.0,5362993,446790,58.5,-22.0,975.6,8.227,287.692,-1.9,2025,False,False,False,heldout,5.124413145539906
2022020300,56.6,69.5,339.0,528.4,2453,925,20,1016.98,7.84,56.6,5379225,408037,60.0,-16.0,988.3,35.532,50.711,-18.0,2021,False,False,False,heldout,5.124413145539906
2026031312,57.6,67.25,338.25,470.2,2453,1222,20,999.76,5.58,64.8,4432105,447846,61.75,-38.25,980.6,27.728,187.355,4.6,2025,False,False,False,heldout,5.124413145539906
2025110100,65.9,65.5,331.25,632.2,2453,2033,14,1014.8,16.35,65.9,5355259,445489,61.0,-21.0,959.3,10.013,284.458,1.3,2025,False,False,False,heldout,5.124413145539906
2016010512,62.7,65.25,322.5,687.0,2453,2050,27,1014.26,4.04,62.7,5360547,349788,56.25,-37.5,984.6,12.805,12.529,-13.7,2015,False,False,False,heldout,5.124413145539906
2013122600,63.0,69.25,339.75,664.4,2453,2140,17,1004.46,16.57,63.0,5369881,330292,62.25,-20.25,973.9,,,,2013,False,False,False,heldout,5.124413145539906
2009112000,71.2,69.0,338.25,698.3,2453,2432,21,1000.97,14.94,71.2,5363984,290555,62.75,-20.25,960.5,2.5,0.0,2.8,2009,False,False,False,heldout,5.124413145539906
2013122612,62.5,70.5,346.25,751.5,2453,1894,20,1003.88,16.14,62.5,5363670,330292,61.25,-26.0,974.5,16.262,242.536,0.6,2013,False,False,False,heldout,5.124413145539906
2009110612,54.1,66.75,331.25,767.6,2453,2453,17,1012.32,12.23,54.1,5377455,290283,60.25,-23.5,970.8,27.109,73.939,0.3,2009,False,False,False,heldout,5.124413145539906
2024011100,43.7,64.0,328.25,553.2,2453,1739,20,1013.78,-8.12,44.4,5366922,426919,61.75,-41.5,998.4,5.138,346.685,3.7,2023,False,False,False,heldout,5.124413145539906
2019111000,62.3,60.5,321.75,520.5,2453,1944,25,1009.15,-4.65,63.6,5382695,387273,58.0,-46.0,950.1,21.071,61.668,-21.5,2019,False,False,False,heldout,5.124413145539906
2012030312,69.4,59.5,319.0,568.2,2453,1720,22,996.28,-7.42,69.4,5362079,312022,64.5,-38.75,977.3,14.213,259.869,4.2,2011,False,False,False,heldout,5.124413145539906
2013121112,60.7,65.75,324.5,434.5,2453,1767,19,1004.53,-0.93,60.7,5363617,330043,62.0,-38.0,988.4,4.318,234.625,6.2,2013,False,False,False,heldout,5.124413145539906
2015123000,60.3,59.25,315.75,561.0,2453,2044,10,986.87,2.0,60.3,5360438,349723,61.25,-16.75,932.2,35.021,1.968,-12.1,2015,False,False,False,heldout,5.124413145539906
2011111900,46.9,65.5,324.5,879.0,2453,1959,19,1006.61,3.46,55.9,5364773,310447,56.75,-47.25,966.8,23.158,13.695,-23.2,2011,False,False,False,heldout,5.124413145539906
2010032412,56.2,65.25,325.5,1020.8,2453,2453,24,1020.2,12.82,56.2,5369137,292871,56.25,-30.75,980.0,20.048,176.027,1.5,2009,False,False,False,heldout,5.124413145539906
2024022900,61.2,58.75,320.75,597.4,2453,2230,12,1005.77,4.63,61.2,5367310,427754,61.75,-30.25,983.4,14.2,90.0,-4.3,2023,False,False,False,heldout,5.124413145539906
2008030800,67.9,69.0,338.25,612.5,2453,2396,22,1008.42,10.6,67.9,5361160,272980,63.5,-21.0,971.6,8.213,155.954,-4.8,2007,False,False,False,heldout,5.124413145539906
2010031412,41.2,65.0,322.5,572.5,2453,2311,32,1019.24,-0.49,41.2,5378200,292622,64.0,-49.25,1007.3,23.158,346.313,1.2,2009,False,False,False,heldout,5.124413145539906
2016032000,28.4,58.25,320.5,420.6,2453,844,30,1009.64,-3.26,46.3,5374547,351128,62.0,-40.5,1001.7,30.577,35.153,14.8,2015,False,False,False,heldout,5.124413145539906
2015122812,55.9,69.0,337.5,401.1,2453,1237,13,987.9,-10.68,72.0,5350093,349711,58.75,-38.75,953.2,5.633,27.419,-1.9,2015,False,False,False,heldout,5.124413145539906
2020030412,47.1,71.5,340.25,419.8,2453,930,28,1007.42,1.53,63.9,5369756,389124,63.25,-35.0,977.4,20.805,212.741,0.3,2019,False,False,False,heldout,5.124413145539906
2006031512,48.3,66.0,325.5,1155.1,2453,2117,32,1023.76,-3.75,48.3,5371825,253927,56.75,-44.5,996.1,7.624,349.643,8.1,2005,False,False,False,heldout,5.124413145539906
2026030812,32.8,66.0,334.0,487.6,2453,1595,26,995.86,-7.33,40.3,4440301,447737,64.0,-35.25,985.0,10.527,18.2,3.7,2025,False,False,False,heldout,5.124413145539906
2013122000,47.4,72.0,338.25,503.7,2453,1624,14,988.8,-0.37,56.8,5359276,330221,55.25,-41.25,957.5,47.521,178.282,,2013,False,False,False,heldout,5.124413145539906
2023120700,62.8,60.0,317.25,418.0,2453,2223,22,1021.7,6.07,67.6,5367355,426358,56.25,-42.25,970.9,24.296,300.963,0.9,2023,False,False,False,heldout,5.124413145539906
2020012200,52.8,67.75,331.5,611.5,2453,1648,24,1003.01,-8.24,59.2,5371866,388367,64.5,-39.5,992.3,4.084,307.75,-3.3,2019,False,False,False,heldout,5.124413145539906
2020010500,45.1,70.0,345.75,787.6,2453,1697,20,984.29,-8.0,58.4,5357909,388158,64.5,-32.0,957.4,19.109,38.283,-5.0,2019,False,False,False,heldout,5.124413145539906
2014020312,54.9,65.75,332.0,842.7,2453,2432,18,1010.81,12.1,54.9,5379433,330891,59.25,-19.5,951.1,25.804,345.66,-7.1,2013,False,False,False,heldout,5.124413145539906
2016012500,59.1,59.25,317.0,983.2,2453,1898,18,988.01,-0.61,59.1,5381627,350101,64.25,-27.5,957.9,25.094,4.966,-0.8,2015,False,False,False,heldout,5.124413145539906
2024012800,62.4,59.0,319.0,697.3,2453,1118,17,991.14,-2.16,62.4,5374947,427125,64.25,-33.75,967.8,2.5,180.0,-2.9,2023,False,False,False,heldout,5.124413145539906
2022010212,53.7,72.0,344.25,521.6,2453,1596,23,1018.99,10.63,53.7,5361872,407486,55.75,-23.0,975.4,10.283,136.832,11.8,2021,False,False,False,heldout,5.124413145539906
2016030800,54.9,59.5,320.0,718.3,2453,1729,23,1002.73,4.07,61.0,5365571,350817,64.5,-31.25,972.1,11.419,48.942,-0.8,2015,False,False,False,heldout,5.124413145539906
2008011800,62.7,69.25,339.0,489.1,2453,1029,21,1003.64,5.38,62.7,5368032,272111,65.25,-25.75,974.9,3.261,140.06,4.4,2007,False,False,False,heldout,5.124413145539906
2019120612,49.2,72.0,345.0,851.3,2453,2159,12,1003.49,3.89,49.2,5365398,387671,56.5,-44.0,976.2,27.141,34.003,-7.4,2019,False,False,False,heldout,5.124413145539906
2025120800,63.2,59.25,317.0,671.8,2453,2453,15,1020.39,9.77,63.2,5365081,446097,58.25,-31.5,975.4,,,,2025,False,False,False,heldout,5.124413145539906
2014011812,54.1,59.25,317.75,674.7,2453,2166,20,1011.87,3.82,54.1,5364428,330615,61.75,-31.0,984.1,9.675,121.117,2.5,2013,False,False,False,heldout,5.124413145539906
2015111512,44.5,66.0,333.25,779.3,2453,2453,22,1023.66,8.14,44.5,5369872,349089,59.75,-19.75,983.1,15.053,4.799,,2015,False,False,False,heldout,5.124413145539906
2008021800,42.7,58.0,312.75,409.1,2453,1430,14,1008.26,-4.0,58.7,5368604,272580,61.25,-40.5,1000.0,27.605,4.998,-1.8,2007,False,False,False,heldout,5.124413145539906
2012011800,46.5,58.25,320.5,420.6,2453,1738,19,991.15,3.37,50.1,5356724,311258,62.75,-19.75,955.3,22.529,2.912,-24.3,2011,False,False,False,heldout,5.124413145539906
2019111812,65.9,60.5,318.0,738.0,2453,2432,19,1011.12,3.24,65.9,5373079,387436,56.25,-32.25,969.1,20.64,61.021,3.6,2019,False,False,False,heldout,5.124413145539906
2012031900,65.1,66.0,325.75,418.6,2453,1767,26,1001.19,-2.01,71.4,5369994,312384,62.25,-35.0,970.8,12.899,39.174,-6.7,2011,False,False,False,heldout,5.124413145539906
2026022400,48.1,59.0,316.25,1119.2,2453,1686,33,1006.74,3.88,48.1,5378178,447433,58.0,-23.0,976.4,27.276,42.842,,2025,False,False,False,heldout,5.124413145539906
2013120112,45.6,69.25,337.0,402.1,2453,1161,22,1008.21,-8.24,66.2,5358064,329935,66.5,-29.25,984.8,29.131,30.885,-12.6,2013,False,False,False,heldout,5.124413145539906
2021111500,63.0,59.5,316.5,785.9,2453,1133,21,997.12,-9.28,63.0,5372754,406693,65.25,-32.0,966.8,10.485,44.33,8.5,2021,False,False,False,heldout,5.124413145539906
2019121300,54.3,72.0,344.25,573.8,2453,1349,16,996.69,10.16,54.3,5361912,387770,58.5,-41.0,975.2,3.616,133.739,-0.2,2019,False,False,False,heldout,5.124413145539906
2013122800,46.2,66.25,336.0,870.8,2453,1615,20,1009.26,12.15,46.2,5363165,330316,63.75,-48.0,997.9,7.5,0.0,-3.7,2013,False,False,False,heldout,5.124413145539906
2006012400,57.5,59.0,308.0,428.2,2453,2040,17,1009.98,-3.63,57.9,5374918,252901,57.25,-45.5,963.5,22.739,331.588,7.0,2005,False,False,False,heldout,5.124413145539906
2011112400,43.3,59.5,318.5,411.4,2453,1755,19,996.18,-2.38,46.7,5355928,310447,63.0,-39.0,983.1,21.732,242.603,2.0,2011,False,False,False,heldout,5.124413145539906
2010022512,49.5,72.0,343.5,849.0,2453,2352,39,1031.14,11.69,49.5,5367470,292230,63.5,-22.25,1004.6,,,,2009,False,False,False,heldout,5.124413145539906
2018032712,53.8,67.5,329.0,723.2,2453,2209,33,1014.24,-1.77,53.8,5373959,370420,59.5,-33.75,995.3,21.57,90.0,6.1,2017,False,False,False,heldout,5.124413145539906
2023122012,50.1,58.0,320.0,911.3,2453,1206,24,1003.99,5.29,50.1,5348823,426573,64.25,-23.0,985.6,55.448,87.416,6.7,2023,False,False,False,heldout,5.124413145539906
2012022712,50.8,71.75,343.25,424.5,2453,1166,26,995.7,5.58,50.8,5365743,311977,66.0,-25.25,978.0,19.748,332.393,3.5,2011,False,False,False,heldout,5.124413145539906
2019121512,58.7,68.75,337.75,1232.8,2453,1738,25,1020.96,8.73,58.7,5363836,387826,58.75,-39.0,1003.0,15.449,144.01,5.8,2019,False,False,False,heldout,5.124413145539906
2007111500,35.5,59.5,316.5,495.6,2453,887,20,1012.76,-1.32,52.2,5381263,271131,63.0,-37.75,1004.3,5.127,192.789,2.3,2007,False,False,False,heldout,5.124413145539906
2013121200,54.0,65.25,323.25,1016.5,2453,2184,12,1007.0,-0.12,62.6,5365297,330087,56.5,-42.25,953.2,12.982,320.378,-20.1,2013,False,False,False,heldout,5.124413145539906
2024011712,39.9,70.5,346.25,1687.6,2453,2203,23,1017.71,3.49,39.9,5357617,427037,56.25,-46.0,1003.9,2.86,29.055,2.2,2023,False,False,False,heldout,5.124413145539906
2006022100,48.7,60.0,320.0,450.3,2453,1966,19,995.42,-14.85,55.1,5367660,253439,63.75,-43.25,975.4,29.405,328.234,-7.6,2005,False,False,False,heldout,5.124413145539906
2008021512,44.5,59.0,321.25,708.3,2453,1848,23,1015.78,-6.23,44.5,5367949,272520,56.25,-49.5,991.6,11.44,29.055,-0.8,2007,False,False,False,heldout,5.124413145539906
2014012200,46.9,67.75,334.0,883.8,2453,2119,21,1004.34,2.44,46.9,5383447,330619,60.75,-17.25,983.8,7.599,350.749,9.1,2013,False,False,False,heldout,5.124413145539906
2012012800,42.7,68.0,332.25,594.3,2453,1109,9,1007.01,-7.94,52.4,5372773,311415,64.0,-36.5,991.2,5.984,33.327,7.9,2011,False,False,False,heldout,5.124413145539906
2009111412,47.9,67.75,337.75,1162.2,2453,2453,21,1021.1,11.47,47.9,5380969,290485,57.75,-29.0,982.5,14.843,212.633,5.3,2009,False,False,False,heldout,5.124413145539906
2018021000,50.1,58.5,309.5,1140.1,2453,1565,18,993.97,1.7,50.1,5370058,369469,62.0,-20.25,968.8,19.235,58.676,-6.4,2017,False,False,False,heldout,5.124413145539906
2012010912,53.4,60.0,321.0,583.9,2453,1275,17,987.38,-9.66,59.9,5361976,311112,65.25,-38.75,969.6,3.261,219.94,-1.9,2011,False,False,False,heldout,5.124413145539906
2013120400,43.1,60.25,322.5,928.8,2453,1756,21,1019.14,7.05,53.3,5360526,329966,66.0,-24.0,996.0,12.456,101.579,4.6,2013,False,False,False,heldout,5.124413145539906
2020020512,57.9,65.5,324.25,880.9,2453,1943,31,1000.77,0.23,57.9,5369157,388679,57.25,-35.0,981.1,45.081,3.44,,2019,False,False,False,heldout,5.124413145539906
2019110512,60.6,65.0,323.0,703.4,2453,1782,20,1016.48,1.73,60.6,5367406,387186,60.5,-46.75,993.3,6.644,67.895,8.6,2019,False,False,False,heldout,5.124413145539906
2006012700,38.3,61.0,320.0,421.7,2453,1340,20,1010.25,-8.71,42.2,5379641,252937,64.75,-38.75,1009.2,7.31,46.841,15.8,2005,False,False,False,heldout,5.124413145539906
2022022112,57.3,66.0,326.5,403.5,2453,1663,24,1003.05,-1.59,67.7,5366738,408251,58.0,-32.5,961.4,34.549,43.647,-21.4,2021,False,False,False,heldout,5.124413145539906
2015120700,48.9,72.0,342.5,461.1,2453,1724,13,1009.31,-3.32,51.1,5357845,349392,62.75,-40.5,988.6,6.246,293.596,-0.3,2015,False,False,False,heldout,5.124413145539906
2026033000,41.8,67.75,337.5,523.8,2453,1790,35,1006.03,7.47,41.8,4451806,448318,64.0,-29.5,993.9,22.061,263.493,14.6,2025,False,False,False,heldout,5.124413145539906
2017112000,56.4,59.0,315.75,1216.6,2453,2453,23,1038.62,9.24,56.4,5365907,368183,57.25,-16.0,998.3,20.894,76.154,6.4,2017,False,False,False,heldout,5.124413145539906
2011121100,51.3,58.0,318.25,681.0,2453,1663,9,1002.88,6.46,51.3,5353750,310694,62.75,-30.25,977.1,35.782,39.777,3.4,2011,False,False,False,heldout,5.124413145539906
2009110900,61.6,66.0,325.5,417.7,2453,1780,30,1004.56,-2.32,64.2,5369806,290359,62.25,-35.0,970.8,7.5,0.0,-4.5,2009,False,False,False,heldout,5.124413145539906
2006012512,42.4,71.25,342.75,1641.8,2453,1993,17,1011.73,-5.7,42.4,5370815,252901,62.25,-47.75,1004.9,55.197,175.161,11.0,2005,False,False,False,heldout,5.124413145539906
2023112600,41.1,65.25,322.0,409.9,2453,2311,14,999.91,-2.12,42.0,5366317,426223,65.0,-46.75,987.5,,,,2023,False,False,False,heldout,5.124413145539906
2021121700,44.3,60.5,318.75,829.9,2453,1085,23,1002.96,-11.59,50.7,5363125,407180,66.75,-32.0,989.8,28.066,36.709,19.0,2021,False,False,False,heldout,5.124413145539906
2007112300,47.9,64.0,328.25,403.4,2453,885,17,1009.48,-5.79,59.2,5378709,271265,61.5,-37.5,976.7,28.021,36.585,-14.0,2007,False,False,False,heldout,5.124413145539906
2017110700,62.6,69.0,337.5,751.9,2453,1799,17,1008.3,6.85,62.6,5372617,367974,62.25,-21.5,977.6,50.612,98.522,8.6,2017,False,False,False,heldout,5.124413145539906
2008032800,51.7,59.75,318.0,1005.3,2453,2347,30,1011.45,10.87,51.7,5370786,273474,58.75,-18.0,965.7,20.042,356.29,-14.0,2007,False,False,False,heldout,5.124413145539906
2026031100,57.3,67.75,336.25,417.1,2453,1078,23,997.9,7.89,57.3,4441360,447758,64.0,-23.5,970.9,8.261,127.249,1.2,2025,False,False,False,heldout,5.124413145539906
2018010400,58.2,58.0,314.5,445.7,2453,1880,20,1020.97,4.81,60.4,5371828,368911,59.5,-29.25,982.5,9.056,325.913,-5.2,2017,False,False,False,heldout,5.124413145539906
2008011312,51.6,67.5,333.0,1572.8,2453,2372,16,1019.22,6.17,51.6,5356883,272050,55.5,-49.75,988.8,26.003,54.77,-13.4,2007,False,False,False,heldout,5.124413145539906
2006021100,55.4,69.75,339.75,405.1,2453,1589,31,999.49,-3.51,65.5,5358724,253195,67.0,-26.75,976.6,12.114,34.364,-0.8,2005,False,False,False,heldout,5.124413145539906
2015120512,56.7,68.75,340.0,711.7,2453,1625,15,998.43,15.07,56.7,5362219,349383,61.25,-39.75,986.1,,,,2015,False,False,False,heldout,5.124413145539906
2020030712,48.9,60.5,311.75,696.3,2453,1988,26,1001.08,5.85,57.3,5365708,389240,59.75,-35.75,967.6,16.055,218.87,-2.9,2019,False,False,False,heldout,5.124413145539906
2014022812,48.3,65.25,331.0,588.7,2453,2401,28,1017.11,11.88,48.3,5371220,331277,60.0,-30.5,992.4,10.308,75.964,3.1,2013,False,False,False,heldout,5.124413145539906
2012011312,49.8,59.0,312.25,400.7,2453,1176,25,998.13,-6.52,62.6,5366211,311178,61.0,-41.75,984.4,12.365,36.025,13.8,2011,False,False,False,heldout,5.124413145539906
2014030712,31.1,58.5,315.0,403.6,2453,1242,25,991.16,1.28,44.8,5375191,331407,63.75,-30.0,975.8,14.179,69.352,7.9,2013,False,False,False,heldout,5.124413145539906
2012022600,47.9,71.0,339.25,947.5,2453,1422,22,1010.16,2.71,47.9,5378704,311921,63.25,-30.0,985.2,78.357,217.095,-18.9,2011,False,False,False,heldout,5.124413145539906
2016012212,38.5,67.0,339.25,612.6,2453,1644,16,992.78,3.81,46.0,5372298,350099,61.5,-21.5,966.6,15.421,346.581,-5.5,2015,False,False,False,heldout,5.124413145539906
2022031900,34.4,68.5,343.25,762.5,2453,1719,25,1005.16,-2.02,34.4,5370662,408841,65.25,-37.5,1001.8,0.0,0.0,10.0,2021,False,False,False,heldout,5.124413145539906
2019123100,43.8,59.75,312.5,405.0,2453,1028,14,1001.59,-5.82,43.8,5374428,388098,59.0,-40.5,992.7,12.763,11.641,,2019,False,False,False,heldout,5.124413145539906
2008030600,57.1,64.75,325.5,492.9,2453,1781,23,1005.21,5.91,63.7,5361214,272798,60.5,-37.25,977.4,22.127,37.733,-4.8,2007,False,False,False,heldout,5.124413145539906
2016032312,59.1,60.0,308.25,530.1,2453,2440,25,1005.42,4.09,59.1,5364600,351272,61.25,-17.75,993.8,14.433,29.993,0.3,2015,False,False,False,heldout,5.124413145539906
2012011112,45.7,69.5,340.5,534.9,2453,1584,21,1012.27,4.27,45.7,5356941,311169,59.5,-19.0,1000.0,44.214,66.684,-5.4,2011,False,False,False,heldout,5.124413145539906
2006030612,67.8,65.25,323.5,591.8,2453,1787,34,1003.17,-0.4,68.4,5371740,253706,60.25,-40.5,972.6,46.906,25.034,6.9,2005,False,False,False,heldout,5.124413145539906
2010030300,55.4,59.75,320.5,437.3,2453,1714,30,1015.94,-6.61,55.4,5377551,292265,63.5,-37.0,994.5,13.442,56.085,5.1,2009,False,False,False,heldout,5.124413145539906
2005121712,56.1,66.75,330.0,464.4,2453,1680,21,1008.79,-2.17,66.7,5363524,252326,63.5,-36.25,992.1,3.351,221.746,-12.5,2005,False,False,False,heldout,5.124413145539906
2016031012,61.1,67.75,329.5,816.5,2453,1687,27,985.09,-11.7,65.1,5359594,350958,61.75,-40.5,958.3,5.916,90.0,10.6,2015,False,False,False,heldout,5.124413145539906
2022030900,64.8,67.5,334.0,887.7,2453,1725,29,1004.59,5.51,64.8,5369845,408577,60.0,-19.75,958.4,13.975,26.565,-3.2,2021,False,False,False,heldout,5.124413145539906
2005122000,41.5,59.5,319.25,420.2,2453,1191,19,996.51,-4.68,55.7,5373625,252292,62.75,-36.75,975.0,9.434,142.652,-0.1,2005,False,False,False,heldout,5.124413145539906
2025122000,64.9,65.25,325.0,616.4,2453,2451,17,1004.66,5.97,64.9,5368974,446251,60.25,-29.75,967.6,7.852,71.434,6.3,2025,False,False,False,heldout,5.124413145539906
2016011212,48.7,64.75,327.5,692.2,2453,2453,22,1039.58,13.34,48.7,5372236,349930,59.75,-24.5,1007.7,7.959,108.306,-0.5,2015,False,False,False,heldout,5.124413145539906
2013110612,48.4,66.5,336.5,567.2,2453,1944,17,1003.51,10.22,48.4,5362679,329449,61.25,-27.0,968.8,2.774,205.687,-0.9,2013,False,False,False,heldout,5.124413145539906
2005110712,63.1,69.5,338.25,402.6,2453,2034,17,1006.21,8.72,68.5,5364723,251717,66.25,-17.5,971.9,28.219,332.365,4.1,2005,False,False,False,heldout,5.124413145539906
2009111700,48.6,59.25,317.0,934.0,2453,1846,22,1011.44,12.58,48.6,5369224,290518,57.75,-26.5,986.8,8.386,107.345,-3.2,2009,False,False,False,heldout,5.124413145539906
2011122112,34.1,65.25,324.75,513.2,2453,1298,25,999.63,4.56,36.7,5371847,310871,61.25,-29.75,966.3,37.709,37.292,-5.6,2011,False,False,False,heldout,5.124413145539906
2010030200,49.3,59.75,319.0,567.4,2453,1737,26,1011.79,-3.32,49.3,5374618,292265,64.5,-37.0,996.2,35.139,328.621,0.3,2009,False,False,False,heldout,5.124413145539906
2010031712,63.0,59.75,317.25,784.6,2453,2364,27,1005.69,10.9,63.0,5359116,292711,58.0,-29.5,975.5,5.659,27.92,-0.5,2009,False,False,False,heldout,5.124413145539906
2024020200,53.4,58.75,315.25,790.9,2453,1672,22,991.34,-4.06,53.4,5378808,427294,65.0,-37.5,968.3,17.627,6.885,-18.1,2023,False,False,False,heldout,5.124413145539906
2022011100,52.1,58.0,317.0,597.3,2453,738,17,985.34,-0.63,62.5,5360880,407600,64.25,-23.0,968.3,21.407,54.272,10.8,2021,False,False,False,heldout,5.124413145539906
2015120400,64.7,65.25,323.25,467.4,2453,1737,18,998.08,0.52,64.7,5374854,349312,61.5,-41.0,966.5,3.456,223.661,-5.2,2015,False,False,False,heldout,5.124413145539906
2021110912,65.9,69.0,337.5,583.3,2453,2378,19,1004.49,9.12,65.9,5376148,406588,64.0,-18.5,972.7,16.137,71.95,6.4,2021,False,False,False,heldout,5.124413145539906
2016030612,44.0,60.25,320.5,811.6,2453,1684,27,1004.17,-4.65,44.0,5362505,350871,66.75,-32.0,995.0,3.185,321.709,-2.1,2015,False,False,False,heldout,5.124413145539906
2026032600,64.7,61.0,318.25,419.2,2453,2075,30,1019.37,3.47,82.8,4456312,448039,57.25,-42.5,965.9,22.688,56.568,-2.6,2025,False,False,False,heldout,5.124413145539906
2008011100,41.4,66.0,333.75,624.1,2453,2451,20,1017.26,10.45,41.4,5358764,271945,60.5,-28.75,989.7,7.6,189.321,10.7,2007,False,False,False,heldout,5.124413145539906
2015112612,58.8,59.25,317.75,638.8,2453,1653,24,1003.82,6.16,58.8,5349322,349258,64.25,-36.25,985.5,10.68,134.61,,2015,False,False,False,heldout,5.124413145539906
2026012412,57.2,64.5,322.5,757.8,2453,1894,21,1015.78,2.97,57.2,5367259,446823,59.75,-48.0,980.3,15.919,288.306,0.0,2025,False,False,False,heldout,5.124413145539906
2019121312,58.6,72.0,344.25,451.0,2453,1766,16,1000.43,8.92,58.6,5348296,387770,57.5,-39.5,968.4,7.967,160.292,-6.8,2019,False,False,False,heldout,5.124413145539906
2016021812,39.7,62.75,308.75,458.3,2453,673,17,992.82,-2.26,44.2,5363579,350507,66.5,-47.25,974.9,73.772,208.226,-24.3,2015,False,False,False,heldout,5.124413145539906
2016032812,45.7,60.25,312.75,1032.4,2453,2422,36,1004.13,5.83,45.7,5373855,351421,58.75,-16.0,985.4,9.079,270.0,1.8,2015,False,False,False,heldout,5.124413145539906
2007110200,64.0,65.5,326.0,416.8,2453,2169,15,1018.84,7.54,64.4,5354768,270855,62.25,-29.75,984.2,19.823,28.019,5.9,2007,False,False,False,heldout,5.124413145539906
2008012312,61.1,58.75,318.75,400.8,2453,1268,20,985.24,-5.39,73.3,5356013,272179,62.25,-39.5,960.3,2.328,90.0,5.0,2007,False,False,False,heldout,5.124413145539906
2014031112,30.0,65.5,330.0,402.3,2453,499,29,1001.77,-4.27,63.8,5380551,331590,60.0,-37.25,997.2,19.566,26.565,3.8,2013,False,False,False,heldout,5.124413145539906
2024022612,66.2,59.5,318.0,939.8,2453,1612,21,989.01,-8.36,66.2,5358579,427684,66.75,-31.25,970.3,17.955,33.341,-8.6,2023,False,False,False,heldout,5.124413145539906
2015113000,48.6,69.0,339.0,608.3,2453,990,28,1002.99,6.5,48.9,5347152,349301,63.5,-39.5,982.3,6.112,294.143,,2015,False,False,False,heldout,5.124413145539906
2020020312,47.5,58.0,312.0,713.1,2453,2009,11,1010.07,7.2,47.5,5382149,388548,63.5,-28.75,995.1,10.827,226.154,5.4,2019,False,False,False,heldout,5.124413145539906
2009110812,52.4,65.0,321.75,1018.5,2453,2272,29,1011.76,-0.65,52.4,5375327,290359,56.0,-41.75,975.3,14.847,109.68,-3.1,2009,False,False,False,heldout,5.124413145539906
2018030612,49.2,68.0,337.5,1003.4,2453,2453,24,1028.82,10.25,49.2,5365370,370029,59.0,-21.0,985.6,18.199,262.104,,2017,False,False,False,heldout,5.124413145539906
2020012412,42.5,69.25,342.75,400.4,2453,1459,16,1002.72,-0.04,60.0,5348775,388459,56.25,-32.75,982.9,44.684,38.438,-6.5,2019,False,False,False,heldout,5.124413145539906
2012022400,47.7,60.25,322.5,431.3,2453,1581,22,1004.98,7.66,49.9,5382984,311921,63.5,-33.0,988.6,25.965,54.712,,2011,False,False,False,heldout,5.124413145539906
2017122600,61.0,59.75,316.75,503.9,2453,2358,15,1027.57,11.7,61.0,5377008,368749,55.75,-39.25,994.4,19.856,97.233,15.1,2017,False,False,False,heldout,5.124413145539906
2025120912,60.3,60.5,317.75,469.4,2453,2039,21,1014.16,7.79,60.8,5365789,446048,58.0,-27.5,971.3,9.183,324.757,0.8,2025,False,False,False,heldout,5.124413145539906
2026033100,49.4,60.75,322.5,402.5,2453,1224,37,1005.2,-4.98,53.9,4455800,448353,62.5,-22.5,991.2,33.784,35.512,-11.8,2025,False,False,False,heldout,5.124413145539906
2022032712,55.5,62.5,321.75,454.9,2453,1712,26,1027.96,7.58,67.1,5363549,409034,58.5,-40.0,993.3,21.039,18.085,-3.3,2021,False,False,False,heldout,5.124413145539906
2022020100,34.9,58.5,320.75,404.5,2453,747,25,1004.12,5.66,54.7,5371265,407985,62.0,-37.25,1002.5,21.396,45.488,21.2,2021,False,False,False,heldout,5.124413145539906
2015111312,42.6,60.0,312.5,491.4,2453,1274,19,1012.34,9.01,43.5,5348086,348971,64.25,-31.0,994.1,8.667,210.082,8.4,2015,False,False,False,heldout,5.124413145539906
2016021700,66.3,59.5,318.0,1115.7,2453,1603,19,995.01,1.85,66.3,5375129,350529,66.5,-26.0,965.3,9.593,218.572,4.3,2015,False,False,False,heldout,5.124413145539906
2022010112,60.2,59.75,317.5,1082.1,2453,2453,16,1017.04,14.73,60.2,5357564,407486,58.75,-23.5,958.6,19.829,319.153,-6.4,2021,False,False,False,heldout,5.124413145539906
2014031000,33.3,66.25,325.5,430.5,2453,1685,24,996.6,-1.07,35.8,5383197,331556,63.25,-40.25,986.1,15.042,184.29,4.2,2013,False,False,False,heldout,5.124413145539906
2014032700,65.6,59.75,320.5,558.4,2453,1047,32,1011.43,-8.77,65.6,5369014,331893,64.75,-38.5,988.5,2.133,270.0,15.0,2013,False,False,False,heldout,5.124413145539906
2023120312,45.9,59.25,315.75,604.2,2453,2438,24,1030.82,8.89,45.9,5349393,426349,55.0,-38.0,1004.1,9.951,300.163,-2.0,2023,False,False,False,heldout,5.124413145539906
2024021112,52.8,65.75,329.75,418.8,2453,1734,29,1010.56,5.28,65.4,5372524,427447,62.75,-35.5,984.7,24.091,251.861,-3.5,2023,False,False,False,heldout,5.124413145539906
2020022112,53.4,66.25,336.0,456.6,2453,2340,15,986.49,14.21,53.4,5362382,388939,62.75,-19.0,958.2,0.0,0.0,-1.7,2019,False,False,False,heldout,5.124413145539906
2011110212,56.9,68.5,337.75,549.1,2453,1626,28,1019.08,14.85,56.9,5367096,310176,57.25,-21.0,966.2,7.973,340.168,-2.9,2011,False,False,False,heldout,5.124413145539906
2006012500,40.1,59.5,312.5,506.5,2453,1519,16,1008.5,-8.6,43.0,5375387,252901,64.0,-49.0,993.9,53.751,338.469,16.3,2005,False,False,False,heldout,5.124413145539906
2006020912,41.3,66.5,326.75,400.1,2453,1475,28,999.94,-4.61,48.2,5352824,253202,64.25,-40.0,993.2,5.431,270.0,-2.0,2005,False,False,False,heldout,5.124413145539906
2012022500,28.6,60.0,312.75,885.5,2453,1104,27,1013.33,-1.05,48.3,5383440,311864,65.0,-33.75,996.7,11.689,64.675,0.5,2011,False,False,False,heldout,5.124413145539906
2012032512,41.1,59.75,316.75,402.6,2453,2193,33,1003.75,-4.88,43.6,5366106,312527,56.25,-45.0,969.2,7.998,200.324,9.0,2011,False,False,False,heldout,5.124413145539906
2017112612,39.9,64.25,320.0,401.3,2453,1875,26,1017.24,5.34,52.8,5354489,368332,62.0,-33.75,999.5,15.258,90.0,9.0,2017,False,False,False,heldout,5.124413145539906
2012012512,52.4,69.5,338.25,402.6,2453,1787,22,1015.45,16.98,63.5,5360783,311387,66.25,-17.5,980.0,16.573,334.833,-7.3,2011,False,False,False,heldout,5.124413145539906
2026011612,44.0,58.0,316.75,404.2,2453,2109,23,1011.18,6.07,46.7,5356715,446729,57.5,-50.0,980.0,32.968,40.685,-6.7,2025,False,False,False,heldout,5.124413145539906
2013120800,65.9,65.25,324.0,653.4,2453,1548,23,1001.7,3.0,72.2,5370714,330043,59.75,-40.5,971.1,23.929,90.0,,2013,False,False,False,heldout,5.124413145539906
2008030700,46.6,68.0,335.25,401.9,2453,944,24,1007.43,10.08,55.9,5351046,272980,64.5,-22.5,979.6,15.875,61.807,,2007,False,False,False,heldout,5.124413145539906
2017121712,53.0,59.25,315.75,429.9,2453,1353,20,996.28,-1.28,53.0,5352539,368631,55.5,-46.0,954.7,45.355,7.174,-6.6,2017,False,False,False,heldout,5.124413145539906
2020021600,69.7,69.0,338.25,836.8,2453,2432,12,986.2,16.52,69.7,5373778,388835,61.5,-20.25,920.5,3.456,316.339,-3.1,2019,False,False,False,heldout,5.124413145539906
2014011300,68.2,65.0,325.0,736.4,2453,2453,22,1017.6,8.72,68.2,5364604,330518,59.75,-26.25,961.2,13.331,318.6,2.3,2013,False,False,False,heldout,5.124413145539906
2018022212,46.4,58.5,311.5,400.9,2453,248,32,990.71,-7.86,53.9,5368154,369742,62.5,-35.0,969.9,16.254,39.732,,2017,False,False,False,heldout,5.124413145539906
2015112812,64.6,72.0,340.75,523.4,2453,1959,13,1000.68,10.57,64.6,5341506,349278,61.5,-18.0,972.5,26.716,79.213,-7.0,2015,False,False,False,heldout,5.124413145539906
2011122812,48.4,58.75,320.0,625.7,2453,1682,19,1003.79,-4.2,57.5,5359868,310980,64.25,-37.5,988.7,33.633,26.878,,2011,False,False,False,heldout,5.124413145539906
2006012412,49.3,59.25,321.5,412.6,2453,1947,16,1006.41,-5.92,55.0,5367040,252901,57.75,-45.0,977.6,8.386,107.345,14.1,2005,False,False,False,heldout,5.124413145539906
2016012412,53.0,60.0,313.25,937.4,2453,2383,25,989.95,-0.55,53.0,5367628,350101,59.5,-30.0,958.7,18.221,16.173,-0.2,2015,False,False,False,heldout,5.124413145539906
2021123000,45.6,69.25,339.0,671.9,2453,1610,30,1013.8,11.15,45.6,5357707,407394,59.75,-16.0,972.9,13.477,21.95,3.5,2021,False,False,False,heldout,5.124413145539906
2013121812,70.7,70.75,338.5,566.1,2453,1223,18,986.84,0.08,70.7,5366154,330173,66.0,-26.5,946.4,4.774,301.577,-1.4,2013,False,False,False,heldout,5.124413145539906
2009111300,51.8,65.5,325.0,1185.2,2453,2453,19,1016.49,7.8,51.8,5381882,290443,55.0,-31.25,969.7,16.966,222.543,0.3,2009,False,False,False,heldout,5.124413145539906
2010012000,66.7,61.5,308.75,1091.5,2453,2420,21,1004.5,-3.58,66.7,5362108,291479,57.5,-33.5,962.0,9.226,35.618,4.4,2009,False,False,False,heldout,5.124413145539906
2008031600,48.0,60.0,311.75,402.4,2453,2162,31,1022.69,0.73,48.8,5363868,273128,56.5,-46.5,994.4,17.716,351.038,8.4,2007,False,False,False,heldout,5.124413145539906
2009110212,52.7,59.25,312.0,722.8,2453,1745,25,990.3,3.42,52.7,5365967,290198,61.75,-31.0,970.5,7.527,70.602,-4.3,2009,False,False,False,heldout,5.124413145539906
2014022400,48.9,63.25,324.5,417.2,2453,2077,17,997.16,12.78,55.3,5363999,331270,59.5,-35.75,968.7,11.843,212.392,,2013,False,False,False,heldout,5.124413145539906
2017121312,56.5,59.0,321.25,852.3,2453,2453,17,1005.1,9.51,56.5,5370682,368537,61.25,-24.0,973.3,18.717,105.494,7.9,2017,False,False,False,heldout,5.124413145539906
2021121100,59.9,58.5,319.0,406.5,2453,2322,13,1004.54,4.13,61.3,5364716,407135,58.5,-34.0,948.0,23.888,33.149,-4.7,2021,False,False,False,heldout,5.124413145539906
2017121912,51.6,61.75,323.5,404.8,2453,1321,17,988.94,-10.46,51.6,5373849,368631,65.25,-38.75,979.2,4.876,59.157,6.5,2017,False,False,False,heldout,5.124413145539906
2008012112,54.3,65.25,322.0,404.4,2453,1966,24,1005.44,-2.67,58.9,5357925,272179,63.25,-45.0,975.7,9.002,90.0,-11.4,2007,False,False,False,heldout,5.124413145539906
2021122712,40.3,58.0,318.5,668.6,2453,1606,28,1015.02,9.05,40.3,5358454,407276,58.5,-16.0,984.9,9.479,254.708,-1.1,2021,False,False,False,heldout,5.124413145539906
2019110600,57.3,65.25,324.25,401.6,2453,1760,20,1015.11,3.32,61.2,5364216,387186,61.75,-37.75,996.3,7.1,90.0,3.0,2019,False,False,False,heldout,5.124413145539906
2012031600,43.1,72.0,344.25,917.6,2453,1774,25,1017.21,7.46,46.2,5367930,312237,64.0,-31.5,995.9,5.119,192.363,1.8,2011,False,False,False,heldout,5.124413145539906
2026021300,33.1,68.0,342.25,556.0,2453,1896,25,1020.69,5.88,33.1,5364205,447189,63.0,-17.75,1003.8,,,,2025,False,False,False,heldout,5.124413145539906
2018011800,69.3,70.75,338.5,528.3,2453,1159,23,1011.84,5.14,69.3,5343211,369125,61.5,-38.0,980.4,10.621,199.691,0.4,2017,False,False,False,heldout,5.124413145539906
2009120512,67.8,65.5,325.5,446.6,2453,1774,19,1011.01,7.92,67.8,5363605,290815,64.25,-25.5,973.5,13.984,315.652,-4.1,2009,False,False,False,heldout,5.124413145539906
2006020612,38.6,72.0,343.25,897.4,2453,1682,12,1024.16,2.91,38.6,5360011,253139,63.25,-17.25,1008.9,7.584,171.467,8.5,2005,False,False,False,heldout,5.124413145539906
2005110500,63.8,65.5,324.25,889.4,2453,1785,19,997.1,-2.46,63.8,5370130,251652,58.75,-45.0,962.2,0.0,0.0,12.0,2005,False,False,False,heldout,5.124413145539906
2013122512,68.5,68.5,337.75,862.2,2453,1270,15,1006.72,15.93,68.5,5370195,330275,63.75,-37.5,991.9,5.0,180.0,-7.8,2013,False,False,False,heldout,5.124413145539906
2017122212,60.6,67.25,333.25,440.5,2453,1363,17,1011.49,0.38,65.7,5373029,368728,64.0,-32.25,983.2,21.145,61.775,4.5,2017,False,False,False,heldout,5.124413145539906
2008011812,61.5,69.25,339.75,480.9,2453,2131,17,999.9,10.42,61.5,5363596,272111,64.0,-23.25,976.4,11.538,130.545,1.5,2007,False,False,False,heldout,5.124413145539906
2007122912,30.1,68.0,334.0,402.8,2453,1416,30,1011.81,1.64,56.2,5353319,271845,64.75,-30.0,997.0,30.276,99.506,3.2,2007,False,False,False,heldout,5.124413145539906
2014011512,46.0,62.5,308.25,600.6,2453,2453,22,1010.3,10.57,46.0,5370199,330515,55.5,-18.25,969.9,21.196,110.723,5.2,2013,False,False,False,heldout,5.124413145539906
2022033000,54.5,62.75,319.5,541.9,2453,2324,28,1026.33,2.59,54.5,5372243,409034,59.75,-32.5,1005.7,8.398,333.262,0.0,2021,False,False,False,heldout,5.124413145539906
2011122312,38.8,65.25,328.75,778.4,2453,1863,17,993.27,-0.78,38.8,5364360,310923,57.75,-43.0,989.7,,,,2011,False,False,False,heldout,5.124413145539906
2016010600,65.2,64.5,321.25,870.3,2453,2065,24,1013.47,5.73,65.2,5362416,349849,58.0,-29.5,964.0,16.976,27.92,-30.3,2015,False,False,False,heldout,5.124413145539906
2014032712,49.0,59.75,318.25,837.2,2453,1682,42,1025.92,-5.99,49.0,5370138,331893,65.75,-31.75,1006.8,24.924,59.899,18.3,2013,False,False,False,heldout,5.124413145539906
2026031600,60.9,58.25,316.5,890.5,2453,2453,29,1009.07,13.51,60.9,4527361,447849,61.75,-16.25,973.2,10.65,90.0,9.3,2025,False,False,False,heldout,5.124413145539906
2016020112,69.2,68.75,337.75,913.6,2453,2453,12,1014.81,14.9,69.2,5360468,350232,61.0,-15.75,950.5,8.825,55.489,3.1,2015,False,False,False,heldout,5.124413145539906
2022011012,70.1,64.75,322.5,474.3,2453,2041,14,990.69,1.41,70.1,5360188,407600,61.75,-30.75,957.5,22.581,70.602,9.4,2021,False,False,False,heldout,5.124413145539906
2018032300,57.1,69.0,337.5,403.3,2453,1636,33,1006.64,10.78,61.1,5368546,370389,65.25,-23.5,982.2,4.014,51.473,-0.4,2017,False,False,False,heldout,5.124413145539906
2022011200,60.2,59.0,321.0,402.4,2453,901,20,980.01,-10.04,64.6,5372281,407651,62.25,-42.25,967.8,19.823,208.019,3.8,2021,False,False,False,heldout,5.124413145539906
2014020112,56.5,64.75,322.0,924.8,2453,2006,19,1010.58,8.0,56.5,5378709,330866,58.0,-22.0,973.0,,,,2013,False,False,False,heldout,5.124413145539906
2005121000,34.6,58.25,316.5,435.1,2453,1178,26,999.62,-6.61,51.0,5371598,252233,62.0,-41.25,981.6,,,,2005,False,False,False,heldout,5.124413145539906
2014011412,58.7,60.25,318.75,826.6,2453,2393,15,1018.55,11.02,58.7,5362959,330515,56.75,-28.5,967.7,15.885,71.654,-3.6,2013,False,False,False,heldout,5.124413145539906
2006031100,54.1,66.0,325.5,418.6,2453,1772,32,1015.91,1.22,60.4,5376697,253785,62.25,-35.25,986.9,1.164,90.0,1.8,2005,False,False,False,heldout,5.124413145539906
2011121212,64.9,64.75,321.75,645.9,2453,1608,15,1000.49,5.77,64.9,5344835,310755,56.0,-19.75,963.8,42.236,96.799,,2011,False,False,False,heldout,5.124413145539906
2014021000,52.3,69.0,338.25,681.1,2453,1760,22,996.6,5.99,65.2,5378949,331010,62.5,-38.25,970.8,26.668,264.621,-1.8,2013,False,False,False,heldout,5.124413145539906
2013122112,57.9,59.25,318.0,1091.8,2453,2331,12,994.21,12.26,57.9,5363354,330234,63.25,-23.25,955.1,16.439,242.855,3.4,2013,False,False,False,heldout,5.124413145539906
2009112700,38.4,58.25,320.5,1008.6,2453,1930,17,1015.36,8.39,38.4,5374872,290703,60.0,-21.25,992.6,7.071,135.0,1.5,2009,False,False,False,heldout,5.124413145539906
2025112612,41.1,66.25,331.5,449.5,2453,1655,21,1004.33,7.04,42.3,5368938,445885,62.5,-32.0,993.0,8.458,107.191,1.1,2025,False,False,False,heldout,5.124413145539906
2012012112,44.1,60.25,313.0,925.4,2453,2453,22,1023.37,7.87,44.1,5357917,311309,56.75,-32.5,1002.1,66.208,58.086,4.1,2011,False,False,False,heldout,5.124413145539906
2023111312,52.6,65.0,322.5,549.0,2453,1918,14,1011.2,4.31,52.6,5367754,426004,57.5,-26.0,972.9,5.0,0.0,0.3,2023,False,False,False,heldout,5.124413145539906
2009120600,61.5,65.75,325.0,556.0,2453,1811,23,1004.89,-0.55,61.5,5365872,290804,61.0,-38.5,972.0,21.927,290.001,-2.0,2009,False,False,False,heldout,5.124413145539906
2026012800,59.3,59.25,317.0,455.6,2453,2274,21,1017.04,8.11,59.3,5362414,446912,56.0,-18.75,964.0,22.271,289.68,,2025,False,False,False,heldout,5.124413145539906
2009120300,68.9,59.25,314.5,772.6,2453,2453,21,1024.0,15.24,68.9,5370164,290771,62.0,-17.5,979.3,8.588,253.075,1.1,2009,False,False,False,heldout,5.124413145539906
2024022700,58.2,59.75,322.0,645.5,2453,1616,19,1000.31,3.32,67.5,5364488,427738,64.75,-17.5,966.6,,,,2023,False,False,False,heldout,5.124413145539906
2012021912,35.0,63.0,308.0,400.5,2453,1612,28,1006.55,-0.77,37.4,5368032,311841,59.0,-39.0,992.0,,,,2011,False,False,False,heldout,5.124413145539906
2024012200,51.3,59.0,319.25,1096.8,2453,2221,16,988.9,6.48,51.3,5368609,427097,61.75,-21.5,962.1,7.1,90.0,0.2,2023,False,False,False,heldout,5.124413145539906
2012021700,58.6,59.0,321.0,759.7,2453,1691,22,1007.94,0.79,58.6,5372116,311734,65.0,-32.0,984.8,30.18,65.533,1.3,2011,False,False,False,heldout,5.124413145539906
2008012812,57.9,69.25,343.5,544.9,2453,1649,19,1006.51,2.51,57.9,5362693,272273,64.75,-35.75,988.5,15.151,171.907,,2007,False,False,False,heldout,5.124413145539906
2026032812,64.1,64.75,322.5,443.7,2453,1377,32,1004.97,-2.03,79.4,4435628,448279,58.25,-48.5,960.8,3.629,133.537,-7.3,2025,False,False,False,heldout,5.124413145539906
2016030600,54.6,59.75,321.0,418.9,2453,1149,24,1002.8,-4.77,56.8,5361786,350841,63.5,-39.75,994.5,7.583,171.54,0.5,2015,False,False,False,heldout,5.124413145539906
2015122400,52.4,60.25,311.0,1062.8,2453,2453,23,1013.38,13.72,52.4,5372983,349646,60.0,-29.75,979.6,12.748,168.69,4.9,2015,False,False,False,heldout,5.124413145539906
2026013012,55.9,59.25,316.0,850.7,2453,1704,20,1011.49,5.31,55.9,5370501,446946,67.0,-37.25,1002.3,,,,2025,False,False,False,heldout,5.124413145539906
2013123012,60.3,69.0,338.25,1313.4,2453,2247,23,1011.57,12.64,60.3,5347115,330362,55.5,-27.0,964.9,,,,2013,False,False,False,heldout,5.124413145539906
2008011012,49.5,68.75,336.5,767.6,2453,2047,19,1017.01,11.79,49.5,5355122,271945,62.0,-27.0,979.0,10.855,256.685,6.4,2007,False,False,False,heldout,5.124413145539906
2022020600,53.4,68.75,338.5,1217.8,2453,1749,21,1008.96,14.48,53.4,5366756,408077,61.0,-40.0,995.9,58.898,244.883,21.1,2021,False,False,False,heldout,5.124413145539906
2014011800,52.3,62.75,323.5,632.4,2453,2300,15,1009.6,4.4,52.3,5374898,330596,55.75,-15.75,978.9,38.86,154.247,2.2,2013,False,False,False,heldout,5.124413145539906
2017122900,66.4,62.75,319.5,562.1,2453,1878,16,1005.5,6.04,67.4,5350097,368817,59.75,-31.5,970.0,12.56,306.663,,2017,False,False,False,heldout,5.124413145539906
2018021200,58.2,67.75,334.75,444.6,2453,1424,24,1000.82,1.09,58.6,5370315,369469,66.25,-15.75,972.4,22.151,90.0,8.5,2017,False,False,False,heldout,5.124413145539906
2026010800,45.3,60.0,319.5,414.1,2453,1728,25,1014.18,5.23,57.1,5363390,446577,60.5,-16.0,994.7,3.509,44.563,-3.9,2025,False,False,False,heldout,5.124413145539906
2016010812,65.5,59.75,316.75,926.7,2453,2453,17,1019.02,11.01,65.5,5368109,349849,55.0,-30.5,966.0,7.5,180.0,3.5,2015,False,False,False,heldout,5.124413145539906
